"pcp-dstat 6.2.0 CSV Output"
"Author:","PCP team <pcp@groups.io> and Dag Wieers <dag@wieers.com>",,,,"URL:","https://pcp.io/ and http://dag.wieers.com/home-made/dstat/"
"Host:","ubuntu",,,,"User:","ubuntu"
"Cmdline:","dstat -tcmndrylpg --tcp --output /tmp/devstack_logs/dstat-csv.log",,,,"Date:","10 Mar 2026 22:50:07 UTC"
"system","total usage",,,,,"memory usage",,,,"net/total",,"dsk/total",,"io/total",,"system",,"load avg",,,"procs",,,"paging",,"tcp sockets",,,,
"time","total usage:usr","total usage:sys","total usage:idl","total usage:wai","total usage:stl","used","free","buf","cach","net/total:recv","net/total:send","dsk/total:read","dsk/total:writ","read","writ","int","csw","1m","5m","15m","run","blk","new","in","out","lis","act","syn","tim","clo"
10-03 22:50:07,,1008212,1447884,161720,5198172,,,,,,,1.260,1.070,0.680,2,0,,,,10,6,0,18,0
10-03 22:50:08,20.239,20.989,51.972,5.997,0,999036,1456552,161836,5198436,23212.455,9205.025,0,2366.721,0,88.952,6791,6217,1.260,1.070,0.680,3,0,589.681,0,0,10,6,0,18,0
10-03 22:50:09,21.746,18.497,53.740,4.749,0,1001840,1452992,161980,5198912,40273.531,11297.905,0,1959.637,0,65.988,6219,6173,1.260,1.070,0.680,2,0,386.928,0,0,10,5,0,17,1
10-03 22:50:10,25.942,10.476,58.868,3.742,0,1118048,1328748,162108,5331248,23098.185,10878.596,0,1313.054,0,38.913,5796,8579,1.260,1.070,0.680,0,0,150.662,0,0,11,4,0,17,2
10-03 22:50:11,31.746,8.999,54.492,4.749,0,1139320,1289312,162684,5347196,168299.795,2207.696,0,2107.709,0,79.989,3914,2653,1.260,1.070,0.680,2,0,116.984,0,0,11,6,0,17,2
10-03 22:50:12,35.002,10.001,47.753,6.250,0,1186456,1221460,163472,5364628,5082.270,540.029,0,2564.136,0,49.003,4234,3302,1.320,1.090,0.690,2,0,170.009,0,0,11,6,0,19,2
10-03 22:50:13,38.247,4.000,46.496,10.749,0,1244304,1154804,163804,5371700,8688.244,485.958,0,5895.487,0,54.995,2744,1583,1.320,1.090,0.690,1,1,0,0,0,11,6,0,19,2
10-03 22:50:14,29.750,3.750,49.250,16.250,0,1267344,1109308,164636,5391304,6246.000,540.000,0,5276.000,0,283.000,4157,4999,1.320,1.090,0.690,0,2,4.000,0,0,11,8,0,19,2
10-03 22:50:15,16.000,3.250,39.251,39.001,0,1262236,1104168,165384,5399384,4188.112,540.015,0,11160.300,0,620.017,5299,8431,1.320,1.090,0.690,2,0,7.000,0,0,11,8,0,19,2
10-03 22:50:16,13.487,2.747,43.459,36.965,0,1265032,1079288,166072,5419356,7379.026,539.490,0,7760.666,0,378.642,4212,6488,1.320,1.090,0.690,1,2,0,0,0,11,8,0,19,2
10-03 22:50:17,17.017,3.754,45.547,31.532,0.250,1266600,1067808,166760,5427308,6157.319,540.555,0,9601.855,0,543.558,4958,7942,1.450,1.120,0.700,2,1,3.003,0,0,11,8,0,19,2
10-03 22:50:18,11.512,3.253,37.788,45.045,0,1266808,1062584,167224,5431088,7583.628,540.544,0,13289.368,0,875.881,4726,7837,1.450,1.120,0.700,0,2,15.015,0,0,11,8,0,19,2
10-03 22:50:19,14.514,4.254,39.787,40.037,0,1249460,1096220,167368,5414956,12878.046,3270.059,0,13096.250,0,955.894,4796,7724,1.450,1.120,0.700,1,3,2.002,0,0,11,6,0,19,0
10-03 22:50:20,20.455,3.742,44.651,28.187,0,1261380,1083580,167456,5415592,4837.255,1612.418,0,7323.731,0,576.719,5589,8597,1.450,1.120,0.700,0,1,44.900,0,0,11,7,0,19,0
10-03 22:50:21,15.760,3.752,46.530,32.271,0,1255076,1082896,167736,5421680,22847.627,1761.127,0,8209.255,0,570.365,4557,6888,1.450,1.120,0.700,1,1,10.006,0,0,11,6,0,19,0
10-03 22:50:22,18.240,4.747,48.722,25.985,0,1280792,1055772,167884,5422868,13380.426,2575.542,0,9254.762,0,698.605,5300,8394,1.500,1.130,0.710,0,1,23.986,0,0,11,7,0,19,0
10-03 22:50:23,18.023,5.006,42.054,33.293,0,1280268,1048316,168540,5428944,9399.013,1662.124,0,11951.275,0,801.024,8151,14418,1.500,1.130,0.710,2,1,6.008,0,0,11,6,0,19,0
10-03 22:50:24,17.233,5.495,40.960,33.717,0,1276392,1050944,168696,5429844,10661.704,539.479,0,13395.064,0,636.385,9626,17285,1.500,1.130,0.710,2,1,17.983,0,0,11,6,0,19,0
10-03 22:50:25,18.533,7.012,33.560,39.570,0,1274292,1052684,168764,5430100,8733.546,540.963,0,14049.008,0,361.644,11612,21253,1.500,1.130,0.710,1,1,23.041,0,0,11,6,0,19,0
10-03 22:50:26,12.723,4.990,35.925,42.910,0,1242516,1097040,168868,5418908,9192.701,538.869,0,13978.653,0,1097.695,4737,7095,1.500,1.130,0.710,1,1,9.979,0,0,11,6,0,19,0
10-03 22:50:27,35.258,7.502,43.010,12.753,0,1135220,1204012,168928,5419164,4801.109,540.125,0,3104.717,0,354.082,5012,5611,1.540,1.150,0.720,2,0,106.024,0,0,11,4,0,19,0
10-03 22:50:28,23.503,4.251,68.260,3.250,0,1184176,1155044,168940,5419168,5106.742,540.079,0,2520.366,0,151.022,2481,2212,1.540,1.150,0.720,1,0,50.007,0,0,11,4,0,19,0
10-03 22:50:29,23.549,2.756,72.150,1.754,0,1180972,1158236,168944,5419176,7985.629,487.014,0,725.511,0,38.079,2021,1361,1.540,1.150,0.720,1,0,10.021,0,0,11,4,0,13,0
10-03 22:50:30,22.940,3.242,57.600,14.462,0,1202172,1136936,169044,5419176,8061.063,538.601,0,6774.405,0,408.938,2534,2971,1.540,1.150,0.720,1,0,0,0,0,11,4,0,13,0
10-03 22:50:31,16.784,11.774,69.643,1.754,0,1159080,1180000,169044,5419200,7167.672,541.108,0,18169.193,0,137.281,4296,3445,1.540,1.150,0.720,1,0,211.433,0,0,11,4,0,13,0
10-03 22:50:32,7.006,16.265,59.554,16.015,0,1122884,1216152,169056,5419236,6727.118,540.492,0,18064.428,0,304.277,4909,4190,1.580,1.160,0.720,2,0,280.255,0,0,11,4,0,13,0
10-03 22:50:33,15.254,18.505,62.765,2.251,0,1082252,1256608,169056,5419724,8480.072,540.132,0,8706.127,0,173.042,7452,8511,1.580,1.160,0.720,1,0,352.086,0,0,11,4,0,13,0
10-03 22:50:34,38.156,10.225,49.129,1.247,0,1190572,1148276,169056,5419856,7620.262,538.675,0,1232.968,0,142.649,3862,2789,1.580,1.160,0.720,2,0,130.679,0,0,11,5,0,13,0
10-03 22:50:35,47.982,2.749,48.732,0,0,1244580,1093744,169056,5420384,6700.468,539.796,0,371.860,0,36.986,2802,1242,1.580,1.160,0.720,3,0,1.000,0,0,11,5,0,13,0
10-03 22:50:36,41.060,8.763,42.812,6.009,0,1265016,1071008,169056,5422708,9300.524,540.786,0,4646.757,0,122.178,4108,4442,1.580,1.160,0.720,3,0,33.048,0,0,11,4,0,13,0
10-03 22:50:37,7.487,6.739,82.111,2.995,0,1292808,1043200,169076,5422724,9149.460,485.176,0,1373.667,0,28.951,2377,2207,1.530,1.160,0.730,1,0,108.815,0,0,11,4,0,12,0
10-03 22:50:38,23.000,3.000,71.498,2.000,0,1362296,973712,169076,5422728,5276.886,539.988,0,359.992,0,6.000,1769,1350,1.530,1.160,0.730,2,0,0,0,0,11,4,0,12,0
10-03 22:50:39,23.037,1.753,73.119,1.252,0,1377416,958368,169088,5422936,7056.440,540.877,0,496.805,0,40.065,2216,2068,1.530,1.160,0.730,2,1,1.002,0,0,11,10,0,12,0
10-03 22:50:40,18.732,5.245,67.185,7.243,0,1336236,999444,169156,5422972,7265.929,539.475,0,2909.169,0,251.755,3798,4788,1.530,1.160,0.730,1,0,42.958,0,0,11,4,0,14,0
10-03 22:50:41,17.992,2.249,77.215,2.749,0,1375128,959908,169424,5423280,8358.244,2504.874,387.826,471.788,11.995,7.996,1521,1045,1.530,1.160,0.730,1,0,0,0,0,11,5,0,13,0
10-03 22:50:42,13.745,1.749,79.221,3.749,0,1371124,963580,169472,5423512,7545.244,3235.818,267.902,799.708,65.976,21.992,2061,2295,1.490,1.160,0.730,0,0,1.000,0,0,11,17,0,13,0
10-03 22:50:43,15.544,4.262,78.221,1.504,0,1375360,959308,169484,5423532,9421.665,4382.403,0,2466.982,0,44.125,2510,2280,1.490,1.160,0.730,1,0,45.128,0,0,11,28,0,14,0
10-03 22:50:44,17.945,3.489,68.788,8.474,0,1402256,932408,169484,5423536,8783.943,2444.470,0,22650.232,0,227.300,2130,2053,1.490,1.160,0.730,3,0,0,0,0,11,29,0,14,0
10-03 22:50:45,15.051,7.776,70.741,5.268,0,1353848,980668,169484,5423684,11157.945,5445.519,0,20919.140,0,173.590,3377,2991,1.490,1.160,0.730,2,0,123.420,0,0,11,28,0,15,0
10-03 22:50:46,40.413,7.983,48.646,1.996,0,1461132,873368,169488,5423692,6888.212,2649.312,0,32111.063,0,313.327,3224,2558,1.490,1.160,0.730,0,0,33.927,0,0,11,30,0,15,0
10-03 22:50:47,22.227,2.497,74.172,0.499,0,1461180,873248,169492,5423760,19628.435,11637.807,0,207.782,0,5.994,3773,4790,1.370,1.140,0.720,0,0,0,0,0,11,30,0,15,0
10-03 22:50:48,39.114,18.053,35.353,6.770,0,1392696,941680,169520,5423784,13383.926,5989.420,0,5078.771,0,263.767,7045,8826,1.370,1.140,0.720,5,0,452.316,0,0,11,28,0,16,0
10-03 22:50:49,85.779,14.005,0.250,0,0,1670016,664312,169524,5423828,13499.531,4960.665,0,224.075,0,14.005,5188,3040,1.370,1.140,0.720,4,0,127.043,0,0,11,30,1,16,0
10-03 22:50:50,69.729,7.248,20.744,1.500,0,1745292,588808,169524,5424048,37525.834,30369.964,0,2723.190,0,91.973,7387,9023,1.370,1.140,0.720,3,0,0,0,0,11,34,0,16,0
10-03 22:50:51,44.580,12.453,40.098,1.992,0,1493252,840648,169536,5424236,16274.106,11716.440,0,717.272,0,67.742,6025,9343,1.370,1.140,0.720,1,0,308.825,0,0,11,28,0,22,0
10-03 22:50:52,18.004,3.251,77.268,0,0,1473780,860108,169544,5424240,9258.153,2452.570,0,10750.500,0,122.028,1709,1500,1.340,1.130,0.730,0,0,0,0,0,11,29,0,22,0
10-03 22:50:53,15.009,1.751,81.550,1.001,0,1459184,874684,169552,5424252,10187.204,5517.360,0,540.329,0,21.013,2564,3232,1.340,1.130,0.730,2,0,0,0,0,11,28,0,23,0
10-03 22:50:54,20.253,6.251,72.509,0.500,0,1446016,887840,169560,5424256,10016.285,540.069,0,628.081,0,40.005,2556,1893,1.340,1.130,0.730,2,0,68.009,0,0,11,28,0,22,0
10-03 22:50:55,12.754,1.500,84.023,0.250,0,1442644,891188,169560,5424280,15739.346,6649.836,0,104.029,0,10.003,2535,3024,1.340,1.130,0.730,4,0,1.000,0,0,11,29,0,22,0
10-03 22:50:56,10.779,19.052,68.937,1.003,0,1411876,921928,169580,5424288,9475.704,1400.800,0,826.241,0,52.141,5869,4942,1.340,1.130,0.730,2,0,514.395,0,0,11,28,0,23,0
10-03 22:50:57,67.514,24.255,7.752,0,0,1554536,779236,169588,5424312,8560.758,540.111,0,304.062,0,20.004,5807,4490,1.630,1.200,0.750,5,0,525.108,0,0,11,28,0,23,0
10-03 22:50:58,65.481,7.498,26.492,0,0,1683920,649796,169588,5424364,28828.646,23045.322,0,347.899,0,7.998,5397,5267,1.630,1.200,0.750,5,0,0,0,0,11,33,0,19,0
10-03 22:50:59,61.767,9.753,27.258,0.500,0,1573760,759732,169608,5424564,33431.201,27365.531,0,536.148,0,68.019,10044,15996,1.630,1.200,0.750,6,0,136.037,0,0,11,28,1,20,0
10-03 22:51:00,83.996,15.749,0,0,0,1617708,715724,169608,5424608,7582.647,485.977,0,287.987,0,14.999,5202,3371,1.630,1.200,0.750,6,0,179.992,0,0,11,28,0,20,0
10-03 22:51:01,75.708,7.746,16.241,0,0,1739616,593624,169612,5424712,34616.914,29788.576,0,195.892,0,11.993,5883,6587,1.630,1.200,0.750,6,0,0,0,0,11,34,0,20,0
10-03 22:51:02,64.396,8.985,24.960,0.250,0,1742868,589996,169624,5425076,40405.689,33379.047,0,902.541,0,52.914,10149,15871,1.820,1.250,0.770,3,0,167.729,0,0,11,29,0,23,0
10-03 22:51:03,38.306,9.013,53.077,0,0,1538260,794568,169636,5425100,8430.240,3501.083,0,332.483,0,22.032,3666,3263,1.820,1.250,0.770,2,0,130.189,0,0,11,29,0,23,0
10-03 22:51:04,27.264,6.003,64.783,0,0,1549972,782700,169644,5425248,18015.148,9710.931,0,328.167,0,34.017,4177,4553,1.820,1.250,0.770,4,0,112.057,0,0,11,29,0,24,0
10-03 22:51:05,67.331,16.209,15.461,0,0,1596500,736148,169644,5425288,12984.471,7604.948,0,247.380,0,13.965,5760,5649,1.820,1.250,0.770,2,0,266.333,0,0,11,28,1,25,0
10-03 22:51:06,39.566,6.010,54.341,0,0,1613496,719080,169644,5425344,24707.158,21660.082,0,188.314,0,6.010,5610,15408,1.820,1.250,0.770,1,0,36.060,0,0,11,31,0,25,0
10-03 22:51:07,58.812,14.766,24.776,0.250,0,1489024,843380,169668,5425492,12407.087,7365.769,0,516.545,0,49.052,6359,7269,2,1.290,0.790,4,0,258.272,0,0,11,28,0,26,0
10-03 22:51:08,58.169,6.491,34.952,0,0,1604976,727396,169672,5425536,24439.132,16145.625,0,4841.291,0,399.446,4746,3210,2,1.290,0.790,4,0,0,0,0,11,32,0,26,0
10-03 22:51:09,51.220,6.496,39.227,1.999,0,1588948,743276,169684,5425748,33632.316,25299.193,0,315.815,0,40.976,9325,13206,2,1.290,0.790,5,0,65.961,0,0,11,28,0,28,1
10-03 22:51:10,67.811,14.513,18.016,0,0,1539048,793152,169684,5425772,9026.112,606.545,0,716.644,0,20.018,4359,2789,2,1.290,0.790,3,0,258.232,0,0,11,28,0,28,0
10-03 22:51:11,38.438,3.744,51.666,4.992,0,1571216,760952,169684,5425804,24831.653,17787.099,0,2743.542,0,79.870,4994,5346,2,1.290,0.790,1,0,0,0,0,11,31,0,28,0
10-03 22:51:12,50.372,14.786,33.080,0.752,0,1488600,843488,169716,5425852,21374.728,12198.521,0,1142.766,0,82.199,7599,9090,2.160,1.340,0.800,3,0,299.725,0,0,11,28,0,30,0
10-03 22:51:13,48.864,4.986,45.373,0,0,1569412,762656,169716,5425872,14163.504,10363.102,0,546.476,0,9.972,3601,2378,2.160,1.340,0.800,2,0,0,0,0,11,31,0,30,0
10-03 22:51:14,42.125,7.522,49.397,0.251,0,1540580,791376,169720,5425980,19780.928,15780.009,0,236.705,0,21.063,5959,8051,2.160,1.340,0.800,3,0,140.418,0,0,11,29,0,30,0
10-03 22:51:15,67.754,13.001,19.001,0,0,1560096,771616,169724,5426220,12272.739,5354.323,0,192.012,0,8.000,4541,3307,2.160,1.340,0.800,2,0,148.009,0,0,11,29,0,31,0
10-03 22:51:16,34.228,3.248,61.211,0.250,0,1560320,771220,169728,5426388,24787.035,19399.505,0,187.879,0,7.995,5435,6776,2.160,1.340,0.800,3,0,0,0,0,11,31,0,31,0
10-03 22:51:17,54.786,10.257,33.522,0.750,0,1452840,878504,169748,5426564,9204.038,5184.401,0,340.223,0,40.026,5607,5421,2.230,1.360,0.810,4,0,112.074,0,0,11,28,0,33,0
10-03 22:51:18,45.728,4.998,48.477,0,0,1543408,787924,169752,5426572,21948.596,12132.249,0,207.901,0,10.995,3730,2794,2.230,1.360,0.810,3,0,0,0,0,11,31,0,33,0
10-03 22:51:19,40.740,6.748,51.237,0.500,0,1447020,884232,169772,5426636,24012.028,14597.369,0,375.907,0,34.991,6462,8526,2.230,1.360,0.810,3,0,118.970,0,0,11,28,0,35,0
10-03 22:51:20,72.792,23.514,4.002,0.250,0,1571524,759696,169772,5426668,8630.971,540.311,0,284.164,0,26.015,5790,5189,2.230,1.360,0.810,7,0,590.340,0,0,11,28,0,35,0
10-03 22:51:21,80.949,16.989,1.249,0,0,1746044,585132,169780,5426704,28439.214,19975.507,0,1970.767,0,127.920,6398,6053,2.230,1.360,0.810,7,0,482.698,0,0,11,33,0,35,0
10-03 22:51:22,67.303,18.765,13.511,0,0,1713040,617832,169804,5426984,45917.980,40975.107,0,1224.960,0,89.070,8960,12277,2.450,1.430,0.840,4,0,434.340,0,0,11,30,0,36,0
10-03 22:51:23,82.630,15.727,1.248,0,0,1663896,666788,169808,5427168,12784.363,5547.912,0,307.552,0,24.964,5762,4442,2.450,1.430,0.840,3,0,227.668,0,0,11,30,0,36,0
10-03 22:51:24,65.046,7.005,27.019,0,0,1733456,597172,169812,5427236,33083.499,27519.547,0,140.100,0,8.006,6626,8163,2.450,1.430,0.840,2,0,0,0,0,11,33,0,36,0
10-03 22:51:25,48.504,16.501,34.003,0.250,0,1530468,799920,169812,5427468,34275.669,27311.126,0,132.010,0,13.001,10660,14836,2.450,1.430,0.840,1,0,514.040,0,0,11,29,0,40,0
10-03 22:51:26,18.257,22.759,58.273,0,0,1505164,825204,169820,5427476,9280.653,1795.707,0,212.083,0,18.007,6147,5740,2.450,1.430,0.840,6,0,649.256,0,0,11,28,0,41,0
10-03 22:51:27,71.256,19.002,9.251,0.250,0,1591112,739172,169828,5427552,5748.468,3438.280,0,288.023,0,18.001,5041,3752,2.490,1.450,0.850,2,0,440.036,0,0,11,30,0,41,0
10-03 22:51:28,48.681,5.243,45.686,0,0,1619360,710864,169836,5427604,30301.338,22552.248,0,91.871,0,5.992,5261,6674,2.490,1.450,0.850,3,0,0,0,0,11,32,0,41,0
10-03 22:51:29,64.084,16.021,18.274,0.751,0,1507092,822968,169840,5427764,15192.981,8531.220,0,1590.091,0,60.079,6610,7698,2.490,1.450,0.850,4,0,270.356,0,0,11,28,0,45,0
10-03 22:51:30,60.846,6.982,32.169,0,0,1591032,738980,169848,5427768,16159.201,12889.457,0,191.516,0,8.977,3960,2467,2.490,1.450,0.850,4,0,0,0,0,11,32,0,45,0
10-03 22:51:31,45.862,5.012,47.365,0,0,1600620,729152,169852,5428000,39175.478,30554.467,0,152.371,0,10.024,10108,15026,2.490,1.450,0.850,2,0,0,0,0,11,32,0,45,0
10-03 22:51:32,46.221,6.746,45.722,0.250,0,1600348,729156,169876,5428236,40422.032,30701.037,0,435.731,0,46.971,11073,17197,2.450,1.460,0.860,5,0,29.981,0,0,11,30,0,45,0
10-03 22:51:33,77.997,12.250,9.750,0,0,1561268,768204,169892,5428252,11641.529,3669.852,0,227.991,0,20.999,5158,3373,2.450,1.460,0.860,5,0,89.996,0,0,11,29,0,45,0
10-03 22:51:34,53.280,4.753,41.023,0.500,0.250,1610256,719156,169896,5428304,28363.236,24516.034,0,384.220,0,11.006,6605,8057,2.450,1.460,0.860,1,0,0,0,0,11,32,0,45,0
10-03 22:51:35,37.636,5.234,55.581,0.249,0,1610000,719156,169896,5428552,42462.155,33029.776,0,195.407,0,10.967,10865,17234,2.450,1.460,0.860,5,0,0.997,0,0,11,31,0,46,0
10-03 22:51:36,56.885,11.277,31.325,0.251,0,1577968,750980,169900,5428752,26261.530,18014.894,0,120.286,0,7.017,8375,10418,2.450,1.460,0.860,4,0,192.458,0,0,11,28,0,49,0
10-03 22:51:37,71.505,10.464,17.939,0.498,0,1592164,736764,169900,5428772,14560.098,10737.200,0,3145.220,0,149.488,4605,3129,2.420,1.470,0.860,3,0,67.768,0,0,11,31,0,49,0
10-03 22:51:38,44.675,5.271,49.193,0.251,0,1602016,726696,169900,5428984,30057.813,27111.263,0,124.488,0,6.024,8325,11909,2.420,1.470,0.860,3,0,0,0,0,11,32,0,49,0
10-03 22:51:39,61.228,11.246,23.991,2.499,0,1542144,786532,169912,5429020,25079.899,16009.190,0,627.772,0,81.970,8182,10637,2.420,1.470,0.860,4,0,97.964,0,0,11,28,1,51,0
10-03 22:51:40,68.878,7.986,22.211,0,0,1585408,743208,169920,5429068,14728.962,11568.549,0,135.760,0,9.982,4168,2570,2.420,1.470,0.860,1,0,29.947,0,0,11,31,0,51,0
10-03 22:51:41,58.795,11.259,28.272,1.501,0,1585212,743228,169940,5429224,25652.710,16303.527,0,384.295,0,45.035,6203,7816,2.420,1.470,0.860,4,0,120.092,0,0,11,30,0,53,0
10-03 22:51:42,49.201,5.495,40.210,3.996,0,1594616,733684,169984,5429316,30714.266,24575.409,0,2193.805,0,142.857,7042,10093,2.380,1.480,0.870,3,0,0.999,0,0,11,33,0,53,1
10-03 22:51:43,55.410,9.778,34.600,0,0,1569288,758808,169988,5429512,29358.546,20560.209,0,144.416,0,14.040,7278,10350,2.380,1.480,0.870,4,0,118.341,0,0,11,32,0,54,1
10-03 22:51:44,75.938,11.740,11.990,0,0,1589812,738256,169988,5429536,11318.761,5585.441,0,11.990,0,0.999,4666,2801,2.380,1.480,0.870,3,0,109.910,0,0,11,33,1,55,0
10-03 22:51:45,51.445,7.242,40.706,0,0,1566540,761464,169988,5429596,26388.652,22868.434,0,0,0,0,5992,7837,2.380,1.480,0.870,2,0,34.962,0,0,11,35,0,56,0
10-03 22:51:46,54.830,10.515,34.551,0.751,0,1514876,813064,170000,5429644,24645.070,15543.750,0,264.387,0,29.043,6171,7515,2.380,1.480,0.870,5,0,132.193,0,0,11,33,0,59,0
10-03 22:51:47,47.624,9.226,41.889,0,0,1513600,814320,170004,5429660,14579.293,9103.830,0,311.174,0,24.934,4492,3698,2.430,1.500,0.880,3,0,99.735,0,0,11,34,0,58,0
10-03 22:51:48,45.227,7.496,45.977,1.249,0,1555116,772544,170008,5429916,15862.902,9456.172,0,295.849,0,26.986,4259,4686,2.430,1.500,0.880,3,0,59.969,0,0,11,34,0,59,0
10-03 22:51:49,45.372,8.272,46.375,0,0,1553476,774016,170016,5430072,24144.076,14341.656,0,240.649,0,16.043,5887,6324,2.430,1.500,0.880,3,0,96.259,0,0,11,34,0,60,0
10-03 22:51:50,45.787,7.756,45.537,0,0,1522796,804656,170016,5430112,21212.228,13235.750,0,140.114,0,8.007,5529,5957,2.430,1.500,0.880,4,0,86.070,0,0,11,33,0,62,0
10-03 22:51:51,45.192,7.740,45.692,0,0,1614696,712684,170020,5430176,18582.289,11610.185,0,159.796,0,11.985,4039,4278,2.430,1.500,0.880,3,0,68.912,0,0,11,34,0,57,0
10-03 22:51:52,24.475,3.247,69.927,0.999,0,1606436,720880,170020,5430232,22320.751,14854.528,0,287.700,0,19.979,5743,7832,2.560,1.550,0.900,2,0,16.982,0,0,11,33,0,58,0
10-03 22:51:53,37.235,9.996,52.478,0,0,1471460,855844,170028,5430236,8906.315,2398.008,0,263.891,0,24.990,3986,3316,2.560,1.550,0.900,2,0,134.944,0,0,11,32,0,59,0
10-03 22:51:54,29.580,3.760,66.180,0,0,1506496,820780,170036,5430248,21603.623,11525.275,0,228.620,0,15.041,2849,3009,2.560,1.550,0.900,1,0,0,0,0,11,34,0,59,0
10-03 22:51:55,32.732,8.745,56.969,0,0,1410248,916756,170040,5430516,13743.487,7077.131,0,167.908,0,12.993,4870,5482,2.560,1.550,0.900,2,0,138.924,0,0,11,32,0,59,0
10-03 22:51:56,30.916,2.992,64.325,0.499,0,1458364,868596,170064,5430532,16387.339,10016.701,0,259.293,0,19.946,2868,2461,2.560,1.550,0.900,2,0,0,0,0,11,34,0,59,0
10-03 22:51:57,31.003,5.500,61.505,1.500,0,1410928,915876,170072,5430680,19836.680,7867.666,0,3388.287,0,175.015,5052,5557,2.590,1.570,0.910,2,0,60.005,0,0,11,32,0,61,0
10-03 22:51:58,37.552,5.508,56.579,0,0,1491696,835100,170072,5430688,8401.667,4216.856,0,156.217,0,10.014,2602,1436,2.590,1.570,0.910,0,0,5.007,0,0,11,34,0,61,0
10-03 22:51:59,24.709,2.995,70.382,0.250,0,1487336,839420,170076,5430724,25691.950,15294.373,0,1517.457,0,14.975,4793,5966,2.590,1.570,0.910,0,0,0,0,0,11,34,0,60,0
10-03 22:52:00,36.598,7.270,54.396,1.003,0,1464104,862604,170080,5430752,10612.506,4051.884,0,292.786,0,24.065,4116,3863,2.590,1.570,0.910,2,0,54.145,0,0,11,32,0,62,0
10-03 22:52:01,32.654,3.988,62.317,0,0,1516556,810140,170080,5430764,13098.526,10747.431,0,155.543,0,9.971,2858,2213,2.590,1.570,0.910,1,0,0,0,0,11,34,0,62,0
10-03 22:52:02,24.254,2.750,72.262,0.500,0,1510280,816236,170092,5430932,21093.399,12598.030,0,292.047,0,30.005,5047,7044,2.470,1.560,0.910,3,0,0,0,0,11,32,0,64,0
10-03 22:52:03,23.260,10.755,65.029,0,0,1515404,811048,170096,5430992,6413.890,1153.520,0,148.067,0,7.003,3643,2975,2.470,1.560,0.910,1,0,282.127,0,0,11,33,0,58,0
10-03 22:52:04,11.249,1.750,84.992,0.250,0,1499704,826732,170096,5431008,13840.769,7514.332,0,223.980,0,9.999,2256,2780,2.470,1.560,0.910,0,0,0,0,0,11,33,0,58,0
10-03 22:52:05,11.780,10.026,76.698,1.504,0,1411832,914568,170116,5431024,9661.888,3604.284,0,693.787,0,54.139,4352,4345,2.470,1.560,0.910,1,0,251.648,0,0,11,32,0,59,0
10-03 22:52:06,24.003,6.251,69.009,0,0,1455432,870956,170120,5433808,7869.008,1153.148,0,156.020,0,9.001,2701,6214,2.470,1.560,0.910,1,0,68.009,0,0,11,33,0,59,0
10-03 22:52:07,13.711,2.244,82.014,0.249,0,1455400,870956,170124,5431056,15977.082,9072.924,0,115.668,0,7.977,3208,8359,2.430,1.570,0.920,0,0,1.994,0,0,11,33,0,56,0
10-03 22:52:08,18.257,4.752,75.530,0.250,0,1404424,921924,170128,5431060,7258.928,2080.839,0,180.073,0,15.006,2499,2206,2.430,1.570,0.920,2,0,46.019,0,0,11,32,0,57,0
10-03 22:52:09,16.748,2.000,81.242,0,0,1425076,901264,170132,5431064,9368.067,6225.380,0,279.972,0,43.996,1767,1600,2.430,1.570,0.920,1,0,0,0,0,11,33,0,57,0
10-03 22:52:10,13.751,1.500,83.005,0.250,0,1419784,906520,170136,5431096,16837.107,8846.582,0,176.012,0,20.001,4158,5975,2.430,1.570,0.920,0,0,0,0,0,11,33,0,57,0
10-03 22:52:11,11.787,19.811,67.710,0.251,0,1376876,949276,170136,5431244,9463.358,674.091,0,164.510,0,15.047,5891,5004,2.430,1.570,0.920,2,0,562.746,0,0,11,34,0,57,0
10-03 22:52:12,42.378,7.728,48.610,0,0,1475056,850720,170164,5431588,8382.845,484.604,0,414.805,0,24.928,3439,2308,2.390,1.580,0.920,2,0,64.813,0,0,11,32,0,56,0
10-03 22:52:13,32.752,4.750,43.003,17.751,0,1534280,787984,170520,5434232,6621.486,540.040,0,7524.552,0,525.039,5120,6686,2.390,1.580,0.920,1,1,23.002,0,0,11,36,0,56,0
10-03 22:52:14,27.498,5.250,34.497,30.998,0,1551368,769736,170728,5435120,7887.369,581.953,0,11119.111,0,840.933,5957,9694,2.390,1.580,0.920,1,1,24.998,0,0,11,36,0,56,0
10-03 22:52:15,26.809,4.510,40.089,26.809,0,1554976,765048,170900,5436000,5115.324,541.198,0,7492.586,0,612.356,5675,8582,2.390,1.580,0.920,1,1,22.049,0,0,11,36,0,56,0
10-03 22:52:16,25.444,4.989,35.173,31.681,0,1561908,757236,171036,5436724,4578.990,538.822,0,10820.346,0,717.432,5306,8642,2.390,1.580,0.920,1,2,8.980,0,0,11,36,0,51,0
10-03 22:52:17,27.300,5.009,45.334,21.540,0,1558836,759000,171244,5437792,3865.134,540.998,0,7477.801,0,720.329,5184,8825,2.520,1.620,0.940,4,3,36.067,0,0,11,36,0,51,0
10-03 22:52:18,26.221,4.994,41.204,26.720,0,1601452,715696,171380,5438324,8358.662,539.397,0,9709.153,0,715.201,4951,7831,2.520,1.620,0.940,1,1,16.981,0,0,11,36,0,51,0
10-03 22:52:19,25.952,5.989,39.677,26.202,0,1579440,737120,171452,5438824,5810.264,485.104,0,14073.994,0,1011.132,6721,11794,2.520,1.620,0.940,1,1,15.970,0,0,11,36,0,51,0
10-03 22:52:20,26.052,5.010,38.828,28.056,0,1624628,691464,171524,5439216,6601.225,541.084,0,12537.118,0,837.678,6098,9380,2.520,1.620,0.940,1,2,11.022,0,0,11,36,0,47,0
10-03 22:52:21,26.407,5.232,44.344,22.172,0,1608908,706612,171620,5439664,8328.777,538.112,0,8023.847,0,777.273,5645,9493,2.520,1.620,0.940,3,0,18.934,0,0,11,36,0,47,0
10-03 22:52:22,28.072,5.264,37.095,29.075,0,1650100,664580,171776,5440332,8240.183,541.392,0,11722.134,0,808.077,5196,8565,2.480,1.620,0.940,1,1,5.013,0,0,11,36,0,47,0
10-03 22:52:23,27.227,4.746,37.968,27.727,0,1599740,715452,171968,5439616,6932.198,539.548,0,6626.454,0,686.426,5724,9064,2.480,1.620,0.940,2,0,3.997,0,0,11,36,0,47,0
10-03 22:52:24,45.044,5.756,35.034,13.263,0,1534644,780464,172132,5439536,3263.166,540.524,0,10546.231,0,650.631,4528,5528,2.480,1.620,0.940,2,0,8.008,0,0,11,32,0,46,0
10-03 22:52:25,35.057,5.759,46.076,12.521,0,1510088,804680,172200,5439808,9494.569,540.887,0,2407.949,0,344.565,5025,6533,2.480,1.620,0.940,1,1,4.007,0,0,11,34,0,46,0
10-03 22:52:26,28.503,5.501,39.504,23.753,0,1552224,762192,172376,5439972,9357.064,540.061,0,10673.213,0,1010.115,7872,12513,2.480,1.620,0.940,2,0,2.000,0,0,11,34,0,46,0
10-03 22:52:27,29.250,5.000,47.000,17.500,0,1540836,773184,172572,5440164,4493.028,486.003,0,5896.037,0,1023.006,8410,13966,2.520,1.650,0.950,3,0,1.000,0,0,11,34,0,46,0
10-03 22:52:28,30.758,8.002,51.013,9.252,0,1459680,853956,172768,5440332,9572.520,540.142,0,3316.873,0,472.124,5712,7471,2.520,1.650,0.950,1,0,99.026,0,0,11,32,0,41,0
10-03 22:52:29,21.939,3.490,71.302,2.493,0,1527524,786088,172792,5440332,8210.224,538.506,0,861.610,0,53.851,1920,1563,2.520,1.650,0.950,1,0,0,0,0,11,32,0,41,0
10-03 22:52:30,20.301,6.516,72.180,0.501,0,1502428,811092,172800,5440416,7751.300,541.348,0,902.246,0,38.095,3022,2440,2.520,1.650,0.950,2,0,129.322,0,0,11,32,0,41,0
10-03 22:52:31,8.754,20.760,55.528,13.757,0,1484340,828992,172860,5440520,5853.934,540.271,0,8756.388,0,393.197,7201,7127,2.520,1.650,0.950,1,1,591.296,0,0,11,32,0,41,0
10-03 22:52:32,8.748,20.745,67.485,2.250,0,1468568,844716,172860,5440568,8127.196,581.871,0,363.919,0,5.999,6157,4927,2.400,1.640,0.960,1,0,488.891,0,0,11,32,0,37,0
10-03 22:52:33,17.208,8.978,72.574,0,0,1474912,838364,172860,5440576,7716.327,538.696,0,0,0,0,3234,2533,2.400,1.640,0.960,1,0,161.609,0,0,11,32,0,37,0
10-03 22:52:34,23.248,2.750,71.744,2.000,0,1506340,806952,172860,5440560,9413.209,539.955,0,467.961,0,81.993,1851,1143,2.400,1.640,0.960,1,0,2.000,0,0,11,32,0,37,0
10-03 22:52:35,21.946,3.491,73.321,0,0,1472844,840452,172860,5440556,7136.600,484.818,0,179.562,0,4.988,1853,1371,2.400,1.640,0.960,2,0,3.990,0,0,11,32,0,37,0
10-03 22:52:36,22.850,3.013,74.324,0,0.251,1457560,855716,172860,5440576,8654.726,542.364,0,20.088,0,1.004,1751,1193,2.400,1.640,0.960,2,0,1.004,0,0,11,32,0,35,0
10-03 22:52:37,22.254,3.501,73.765,0.250,0,1518740,794548,172860,5440564,6323.244,540.106,0,204.040,0,15.003,1892,1551,2.290,1.620,0.960,1,0,2.000,0,0,11,32,0,35,0
10-03 22:52:38,22.497,2.500,73.741,0,0,1477212,836064,172860,5440576,10577.716,539.934,0,303.963,0,18.998,1768,1217,2.290,1.620,0.960,1,0,1.000,0,0,11,32,0,35,0
10-03 22:52:39,22.753,3.250,74.261,0,0,1510180,803116,172860,5440556,9873.449,540.079,0,180.026,0,31.005,1797,1156,2.290,1.620,0.960,1,0,2.000,0,0,11,32,0,35,0
10-03 22:52:40,21.955,3.742,72.600,1.497,0,1477648,835628,172860,5440576,5788.070,538.889,0,1940.001,0,230.525,2013,1268,2.290,1.620,0.960,1,0,0.998,0,0,11,32,0,31,0
10-03 22:52:41,22.500,2.750,73.501,0,0,1463696,849592,172860,5440564,7620.126,540.009,0,16.000,0,2.000,1806,1142,2.290,1.620,0.960,1,0,3.000,0,0,11,32,0,31,0
10-03 22:52:42,22.001,3.750,73.755,0,0,1457940,855364,172860,5440548,5379.355,540.036,0,0,0,0,1783,1294,2.180,1.610,0.960,1,0,2.000,0,0,11,32,0,31,0
10-03 22:52:43,23.000,2.500,74.000,0,0,1443472,869832,172860,5440548,7311.965,485.998,0,32.000,0,2.000,1749,1172,2.180,1.610,0.960,1,0,1.000,0,0,11,32,0,31,0
10-03 22:52:44,22.501,3.750,73.252,0.250,0,1467672,845712,172864,5440488,7388.208,540.015,0,52.001,0,3.000,1812,1233,2.180,1.610,0.960,1,0,2.000,0,0,11,32,0,25,0
10-03 22:52:45,22.498,3.500,73.493,0,0,1465564,847728,172864,5440576,8768.117,539.946,0,2279.770,0,46.995,1894,1327,2.180,1.610,0.960,1,0,2.000,0,0,11,32,0,25,0
10-03 22:52:46,22.003,3.500,73.759,0,0,1466904,846388,172864,5440576,10370.324,540.069,0,12.002,0,1.000,1826,1254,2.180,1.610,0.960,1,0,1.000,0,0,11,32,0,25,0
10-03 22:52:47,23.497,2.750,72.990,0.500,0,1513856,799444,172872,5440564,5212.281,539.925,0,243.966,0,14.998,1919,1524,2.090,1.600,0.960,1,0,2.000,0,0,11,32,0,25,0
10-03 22:52:48,22.005,3.751,66.765,6.501,0,1505280,807988,172904,5440564,5842.298,540.120,0,3284.730,0,163.036,2162,2043,2.090,1.600,0.960,1,0,1.000,0,0,11,32,0,19,0
10-03 22:52:49,21.997,3.750,73.491,0,0,1487492,825748,172908,5440588,7702.043,539.933,0,75.991,0,5.999,1730,1184,2.090,1.600,0.960,1,0,1.000,0,0,11,32,0,19,0
10-03 22:52:50,20.803,5.765,72.936,0,0,1477356,835868,172908,5440604,7154.252,487.243,0,152.389,0,28.072,2306,1522,2.090,1.600,0.960,2,0,56.143,0,0,11,32,0,19,0
10-03 22:52:51,12.960,15.701,70.531,0,0,1471004,842056,172908,5440768,7581.488,538.331,0,215.332,0,8.972,4947,4149,2.090,1.600,0.960,2,0,404.745,0,0,11,32,0,19,0
10-03 22:52:52,23.263,2.251,73.791,0,0,1510964,801912,172908,5440952,7367.069,540.298,0,0,0,0,1729,1106,2,1.590,0.960,1,0,0,0,0,11,32,0,15,0
10-03 22:52:53,22.238,3.998,73.710,0,0,1478376,834420,172908,5441024,8537.331,581.682,0,7.996,0,0.999,1916,1287,2,1.590,0.960,1,0,8.995,0,0,11,32,0,15,0
10-03 22:52:54,18.793,9.522,70.161,0.501,0,1475232,837400,172908,5441156,7393.925,541.239,40.092,180.413,2.005,3.007,3347,2528,2,1.590,0.960,2,0,223.512,0,0,11,32,0,15,0
10-03 22:52:55,8.757,21.266,69.052,0,0,1458900,853684,172908,5441188,5754.340,540.408,0,172.130,0,7.005,6402,5244,2,1.590,0.960,1,0,541.408,0,0,11,32,0,15,0
10-03 22:52:56,8.247,22.493,68.478,0,0,1442336,870192,172908,5441228,8834.185,539.828,0,683.782,0,35.989,6657,5432,2,1.590,0.960,2,0,597.810,0,0,11,32,0,15,0
10-03 22:52:57,8.499,21.747,67.992,0.500,0,1426896,885568,172912,5441268,8030.015,539.934,0,1659.796,0,26.997,6818,5853,1.840,1.570,0.950,1,0,596.927,0,0,11,32,0,11,0
10-03 22:52:58,8.244,22.732,67.448,0.500,0,1410108,902308,172928,5441300,4805.296,539.584,0,1930.512,0,39.969,6630,5512,1.840,1.570,0.950,1,0,603.535,0,0,11,32,0,11,0
10-03 22:52:59,8.512,20.529,70.098,0,0,1401216,911164,172932,5441332,6969.724,486.679,0,248.346,0,11.015,6007,4731,1.840,1.570,0.950,1,0,443.619,0,0,11,32,0,11,0
10-03 22:53:00,8.499,21.498,68.492,0,0,1392060,920252,172932,5441364,6293.291,539.939,0,335.962,0,9.999,6226,4944,1.840,1.570,0.950,1,0,495.944,0,0,11,32,0,11,0
10-03 22:53:01,8.251,22.003,68.511,0,0,1387328,924940,172932,5441404,6870.069,540.084,0,364.057,0,76.012,6629,5534,1.840,1.570,0.950,1,0,601.094,0,0,11,32,0,7,0
10-03 22:53:02,19.726,25.719,52.685,0.749,0,1365116,946984,172952,5441572,7372.970,539.339,0,615.246,0,25.968,7177,6652,1.850,1.570,0.960,4,0,756.074,0,0,11,32,0,10,0
10-03 22:53:03,63.415,13.482,22.719,0,0,1555756,755536,173028,5442304,3481.323,539.276,0,627.157,0,44.940,4338,3166,1.850,1.570,0.960,3,0,182.754,0,0,11,32,0,13,0
10-03 22:53:04,39.255,6.751,27.753,24.253,0,1640608,664396,173324,5447336,7341.847,540.062,372.043,9273.070,3.000,458.053,5862,7702,1.850,1.570,0.960,4,0,28.003,0,0,11,38,0,13,0
10-03 22:53:05,9.745,3.748,44.979,39.482,0,1638944,663904,173496,5449128,7501.500,539.748,0,12901.980,0,848.604,6088,10793,1.850,1.570,0.960,2,1,16.992,0,0,11,38,0,12,0
10-03 22:53:06,7.248,3.499,49.487,37.241,0,1632696,668876,173620,5450252,7670.059,485.877,0,11273.147,0,786.801,5566,10154,1.850,1.570,0.960,0,1,17.995,0,0,11,38,0,12,0
10-03 22:53:07,12.006,5.753,45.772,33.516,0,1647360,652552,173752,5451744,8760.160,540.257,0,12565.967,0,949.451,6923,18187,2.030,1.610,0.970,2,3,60.029,0,0,11,38,0,13,0
10-03 22:53:08,6.503,3.001,51.021,37.015,0,1646080,652300,173984,5452980,7095.876,540.219,0,11040.475,0,735.298,5274,9493,2.030,1.610,0.970,0,2,9.004,0,0,11,38,0,13,0
10-03 22:53:09,7.238,2.745,46.173,40.932,0,1645212,652048,174048,5454000,11124.557,632.951,0,12299.609,0,784.699,5674,10115,2.030,1.610,0.970,4,1,14.975,0,0,11,38,0,10,0
10-03 22:53:10,5.506,3.754,51.557,36.540,0,1644432,651796,174116,5454924,7805.575,540.594,0,11304.419,0,791.870,5787,10478,2.030,1.610,0.970,0,1,9.010,0,0,11,38,0,10,0
10-03 22:53:11,7.013,3.256,52.094,35.313,0,1643828,651292,174196,5455912,4948.886,540.971,0,12967.285,0,895.608,5304,9885,2.030,1.610,0.970,0,3,6.011,0,0,11,38,0,10,0
10-03 22:53:12,21.511,6.753,36.518,33.267,0,1630088,663892,174264,5456956,8282.186,540.273,0,10397.255,0,720.364,6868,10575,2.260,1.670,1,1,3,60.030,0,0,11,36,0,10,0
10-03 22:53:13,20.222,3.495,37.947,36.199,0,1662528,630532,174300,5457820,10353.461,5564.186,0,13357.243,0,845.812,6002,9353,2.260,1.670,1,1,1,14.979,0,0,11,37,0,8,0
10-03 22:53:14,15.484,3.746,47.949,29.469,0,1656216,635764,174324,5458860,10961.424,4517.230,0,9893.552,0,678.284,6249,10713,2.260,1.670,1,1,1,15.983,0,0,11,37,0,8,0
10-03 22:53:15,25.579,6.771,33.353,33.604,0,1606668,683744,174344,5460324,8432.091,740.291,0,8646.755,0,650.011,6170,9243,2.260,1.670,1,2,3,83.258,0,0,11,38,0,9,0
10-03 22:53:16,17.454,3.990,32.665,43.137,0,1625972,663596,174364,5461140,12066.507,5557.495,0,13053.930,0,924.587,6952,11700,2.260,1.670,1,1,2,2.992,0,0,11,39,0,9,0
10-03 22:53:17,17.257,3.501,43.767,32.763,0,1623212,665092,174412,5462304,16935.678,9074.578,0,13417.291,0,881.348,8075,13500,2.400,1.710,1.010,2,3,12.005,0,0,11,39,0,9,0
10-03 22:53:18,15.489,3.747,42.471,36.225,0,1620316,666700,174448,5463524,13047.052,6567.496,0,13466.765,0,946.351,7206,11848,2.400,1.710,1.010,1,3,8.994,0,0,11,38,0,9,0
10-03 22:53:19,26.753,6.001,32.753,32.253,0,1593108,692216,174496,5465128,3471.325,540.051,0,11233.051,0,757.071,6294,9518,2.400,1.710,1.010,1,1,39.004,0,0,11,38,0,9,0
10-03 22:53:20,19.261,4.252,42.274,31.768,0,1606284,677864,174588,5466184,15143.523,6671.755,0,11254.334,0,824.464,6321,10627,2.400,1.710,1.010,0,3,18.010,0,0,11,39,0,9,0
10-03 22:53:21,15.779,4.508,46.836,30.806,0,1606472,676604,174612,5467180,12458.827,7293.363,0,12567.025,0,812.489,7353,12794,2.400,1.710,1.010,0,1,0,0,0,11,39,0,9,0
10-03 22:53:22,15.482,3.246,44.697,33.461,0,1605936,676100,174664,5468140,14520.884,6547.283,0,12740.982,0,841.009,7517,13170,2.530,1.750,1.030,2,2,0,0,0,11,39,0,9,0
10-03 22:53:23,24.230,7.993,35.471,30.475,0,1592416,688184,174704,5469468,6469.720,1724.593,0,11586.544,0,882.280,7356,11401,2.530,1.750,1.030,1,1,79.935,0,0,11,38,0,10,0
10-03 22:53:24,19.982,3.497,42.962,31.222,0,1623300,656196,174760,5470476,11454.770,5567.028,0,8536.377,0,623.443,5288,8528,2.530,1.750,1.030,2,1,11.989,0,0,11,39,0,10,0
10-03 22:53:25,17.762,4.753,42.028,33.773,0,1621988,655468,174836,5472384,10545.031,6278.186,0,14009.341,0,876.584,6699,11272,2.530,1.750,1.030,1,3,4.003,0,0,11,39,0,10,0
10-03 22:53:26,24.303,5.011,40.337,28.562,0,1622628,653704,174944,5473348,9733.092,6332.723,0,14270.925,0,958.076,8284,13903,2.530,1.750,1.030,2,0,6.013,0,0,11,39,0,10,0
10-03 22:53:27,30.752,18.251,29.502,20.501,0,1544020,731096,175052,5474760,6764.445,3364.221,372.024,8308.547,6.000,554.036,9445,14326,2.650,1.790,1.050,6,0,391.026,0,0,11,36,0,10,0
10-03 22:53:28,27.249,12.250,21.499,37.499,0,1587436,686592,175164,5475320,13741.532,5637.808,1123.962,9652.672,21.999,676.977,6262,9039,2.650,1.790,1.050,4,1,113.996,0,0,11,37,0,10,0
10-03 22:53:29,19.457,7.483,42.157,28.437,0,1586528,686448,175272,5476204,14264.510,7471.506,666.529,8620.969,11.974,575.729,6905,10663,2.650,1.790,1.050,1,1,97.784,0,0,11,37,0,10,0
10-03 22:53:30,18.281,3.506,50.585,24.791,0,1565152,706680,175312,5477280,18397.773,8633.441,0,6286.515,0,498.834,6966,11083,2.650,1.790,1.050,1,1,11.018,0,0,11,36,0,11,0
10-03 22:53:31,23.432,7.229,32.156,35.148,0,1605688,665396,175336,5477984,7562.990,538.433,0,11781.712,0,719.905,5446,8230,2.650,1.790,1.050,2,2,49.855,0,0,11,36,0,11,0
10-03 22:53:32,15.041,4.262,50.389,28.579,0,1596948,672768,175460,5479160,15530.715,7414.392,0,9486.090,0,662.823,5843,9505,2.600,1.790,1.050,2,1,0,0,0,11,37,0,11,0
10-03 22:53:33,22.697,6.236,44.148,24.443,0,1604864,663796,175528,5480112,11172.139,2500.213,0,9226.642,0,668.453,6181,9242,2.600,1.790,1.050,1,2,36.915,0,0,11,36,0,12,0
10-03 22:53:34,17.754,4.251,49.261,26.756,0,1613560,654112,175556,5481040,11224.542,5909.339,0,8161.849,0,592.134,6357,10733,2.600,1.790,1.050,1,1,0,0,0,11,37,0,12,0
10-03 22:53:35,20.504,6.001,46.259,25.255,0,1582184,684572,175612,5481872,10985.092,2470.471,0,9193.751,0,675.129,5868,8974,2.600,1.790,1.050,1,1,67.013,0,0,11,36,0,13,0
10-03 22:53:36,16.744,4.998,46.484,29.990,0,1606916,658716,175648,5482940,9624.783,5541.148,0,9772.734,0,689.769,5589,9236,2.600,1.790,1.050,4,1,0,0,0,11,37,0,13,0
10-03 22:53:37,17.267,3.754,41.291,36.035,0,1595524,669528,175668,5483476,14774.511,5961.855,0,12764.537,0,532.523,5462,8346,2.870,1.860,1.080,2,0,3.003,0,0,11,36,0,14,0
10-03 22:53:38,23.800,6.514,44.344,24.051,0,1608072,655592,175696,5484804,7598.100,541.147,0,5812.316,0,487.032,5645,8054,2.870,1.860,1.080,4,1,43.091,0,0,11,36,0,14,0
10-03 22:53:39,16.507,4.002,45.769,31.013,0,1611192,651592,175720,5485640,11780.946,6825.865,0,11913.001,0,919.386,5746,9299,2.870,1.860,1.080,3,1,0,0,0,11,37,0,14,0
10-03 22:53:40,13.754,4.501,52.013,26.507,0,1576680,683976,175744,5487624,12238.155,5112.318,0,11699.016,0,743.192,6563,10706,2.870,1.860,1.080,2,1,59.015,0,0,11,36,0,15,0
10-03 22:53:41,5.233,3.239,64.036,24.917,0.249,1563620,695896,175756,5488728,5181.694,580.063,0,7100.287,0,624.913,4780,8468,2.870,1.860,1.080,0,2,21.927,0,0,11,36,0,15,0
10-03 22:53:42,3.749,3.249,56.739,32.994,0,1550368,709108,175784,5488736,4923.058,539.897,0,14597.207,0,1002.808,5316,9694,2.960,1.900,1.090,0,2,8.998,0,0,11,36,0,15,0
10-03 22:53:43,6.000,2.750,65.002,24.501,0,1536952,721276,175804,5489924,8337.302,540.020,0,5616.204,0,530.019,4543,7907,2.960,1.900,1.090,0,1,6.000,0,0,11,36,0,15,0
10-03 22:53:44,4.500,2.750,59.746,29.998,0,1529228,728900,175836,5489988,3979.751,485.970,0,13447.159,0,869.946,4588,8421,2.960,1.900,1.090,0,3,6.000,0,0,11,36,0,15,0
10-03 22:53:45,7.512,2.754,64.353,22.786,0,1518932,738616,175888,5490472,5052.055,540.862,0,7884.571,0,735.172,5369,9367,2.960,1.900,1.090,1,0,16.026,0,0,11,36,0,15,0
10-03 22:53:46,5.242,2.995,59.910,29.206,0,1511260,746064,175944,5490636,9254.048,539.187,0,13403.791,0,912.624,4948,8816,2.960,1.900,1.090,1,1,5.991,0,0,11,36,0,15,0
10-03 22:53:47,5.001,3.001,59.764,29.007,0,1503460,753592,175972,5490856,6307.484,540.127,0,10238.409,0,793.187,4967,8803,3.200,1.960,1.120,0,1,12.003,0,0,11,36,0,15,0
10-03 22:53:48,4.498,2.999,56.481,32.739,0,1494856,761540,175976,5491492,8427.114,539.815,0,11588.032,0,848.709,4605,8306,3.200,1.960,1.120,0,2,2.999,0,0,11,36,0,15,0
10-03 22:53:49,4.753,3.502,59.032,32.017,0,1489184,766572,176028,5492064,6381.444,582.314,0,8412.540,0,666.360,4365,7921,3.200,1.960,1.120,1,0,9.005,0,0,11,36,0,15,0
10-03 22:53:50,4.998,2.749,57.474,31.736,0,1482596,772320,176112,5492808,4383.011,539.755,0,11090.966,0,811.632,5158,9599,3.200,1.960,1.120,0,2,5.997,0,0,11,36,0,15,0
10-03 22:53:51,3.749,3.249,55.735,33.991,0,1478752,775820,176176,5493072,8395.714,581.842,0,12244.666,0,844.770,4890,8892,3.200,1.960,1.120,0,1,8.998,0,0,11,36,0,15,0
10-03 22:53:52,6.003,2.501,64.031,25.012,0,1475412,778424,176224,5493740,7744.722,486.234,0,5942.856,0,564.271,4514,7884,3.110,1.960,1.120,0,2,12.006,0,0,11,36,0,15,0
10-03 22:53:53,7.015,3.758,56.625,30.567,0,1474028,779820,176308,5493632,7784.149,583.285,0,12287.069,0,901.987,5126,9144,3.110,1.960,1.120,0,2,6.013,0,0,11,36,0,15,0
10-03 22:53:54,5.238,2.993,58.621,30.184,0,1474012,780208,176352,5493212,5109.756,538.814,0,13350.621,0,1054.679,6304,11998,3.110,1.960,1.120,0,2,0,0,0,11,36,0,15,0
10-03 22:53:55,4.251,3.000,61.258,28.254,0,1474324,779956,176380,5493124,10396.374,540.071,0,10893.440,0,784.104,4928,8720,3.110,1.960,1.120,1,0,4.001,0,0,11,36,0,15,0
10-03 22:53:56,7.242,2.747,66.425,21.226,0,1473676,781432,176432,5492240,11245.250,539.388,0,7523.470,0,703.203,5193,9196,3.110,1.960,1.120,0,1,2.997,0,0,11,36,0,15,0
10-03 22:53:57,7.503,2.751,54.024,32.514,0,1472880,781684,176520,5492688,4851.134,540.238,0,14254.271,0,958.422,5100,9213,3.180,2,1.140,0,1,6.003,0,0,11,36,0,15,0
10-03 22:53:58,7.503,2.501,60.770,25.509,0,1472368,781684,176552,5493168,4156.401,540.182,0,9947.353,0,753.254,5020,8924,3.180,2,1.140,0,1,6.002,0,0,11,36,0,15,0
10-03 22:53:59,6.247,2.998,62.468,25.987,0,1472252,781432,176588,5493500,7266.261,485.750,0,10314.692,0,844.565,5353,9484,3.180,2,1.140,2,0,8.995,0,0,11,36,0,15,0
10-03 22:54:00,5.752,4.001,58.269,29.760,0,1471824,781396,176612,5493892,6730.223,540.178,0,11259.720,0,855.283,5190,9154,3.180,2,1.140,3,0,15.005,0,0,11,36,0,15,0
10-03 22:54:01,6.264,3.007,64.395,24.555,0.251,1471372,781456,176640,5494252,8745.695,541.219,0,9445.270,0,787.774,4856,8813,3.180,2,1.140,0,2,6.014,0,0,11,36,0,15,0
10-03 22:54:02,5.491,3.494,56.909,31.200,0,1471348,781204,176668,5494492,6019.357,581.069,0,15758.755,0,1042.330,5291,9553,3,1.980,1.140,2,2,5.990,0,0,11,36,0,13,0
10-03 22:54:03,5.747,2.999,58.473,28.987,0,1472216,781204,176684,5493600,6822.864,539.752,0,10303.264,0,885.593,5466,9968,3,1.980,1.140,0,1,5.997,0,0,11,36,0,13,0
10-03 22:54:04,6.248,3.249,64.230,23.493,0,1471868,781456,176712,5493668,7744.539,539.828,0,11360.390,0,890.717,5517,9843,3,1.980,1.140,3,1,5.998,0,0,11,36,0,13,0
10-03 22:54:05,5.753,3.001,57.027,30.264,0,1471332,781456,176728,5494188,3243.540,540.256,0,13558.437,0,997.474,5425,9837,3,1.980,1.140,0,1,4.002,0,0,11,38,0,13,0
10-03 22:54:06,6.245,2.248,57.952,30.974,0,1471112,781456,176768,5494364,8780.754,485.599,0,12533.657,0,786.351,4302,7599,3,1.980,1.140,3,1,2.998,0,0,11,38,0,8,0
10-03 22:54:07,10.006,4.002,60.535,23.263,0,1454308,797576,176804,5495000,8572.909,540.309,0,7228.139,0,686.393,6016,15607,2.840,1.970,1.140,2,1,48.028,0,0,11,38,0,9,0
10-03 22:54:08,7.505,3.252,58.288,28.269,0,1454604,797072,176828,5495180,5698.764,540.357,0,12748.420,0,883.584,5333,9636,2.840,1.970,1.140,2,1,6.004,0,0,11,38,0,9,0
10-03 22:54:09,10.995,2.249,61.224,22.240,0,1453848,797128,176836,5495852,8277.448,633.728,0,6597.169,0,599.743,4846,8349,2.840,1.970,1.140,1,1,11.995,0,0,11,38,0,9,0
10-03 22:54:10,5.750,2.750,57.997,29.999,0,1454624,796120,176852,5496064,5569.755,539.976,0,14475.363,0,968.957,6054,11186,2.840,1.970,1.140,2,2,6.000,0,0,11,38,0,8,0
10-03 22:54:11,8.497,2.499,65.477,21.742,0,1453516,796764,176856,5496516,9376.709,539.811,0,3758.681,0,463.837,4405,7608,2.840,1.970,1.140,0,1,11.996,0,0,11,38,0,8,0
10-03 22:54:12,8.522,2.757,62.913,22.308,0,1452756,796764,176900,5497212,7989.757,541.407,0,11642.247,0,1015.639,6373,11573,2.700,1.950,1.140,1,1,15.039,0,0,11,38,0,8,0
10-03 22:54:13,4.740,2.744,56.384,33.182,0,1452596,796764,176932,5497324,3587.598,538.888,0,14749.568,0,1022.890,5288,9807,2.700,1.950,1.140,0,1,8.981,0,0,11,38,0,8,0
10-03 22:54:14,4.002,2.751,56.279,34.268,0,1452180,796764,176972,5497692,7270.726,486.249,0,10929.601,0,748.384,4693,8562,2.700,1.950,1.140,1,0,6.003,0,0,11,38,0,8,0
10-03 22:54:15,4.246,2.997,66.190,24.728,0,1451556,796764,177016,5498260,9902.059,539.513,0,7433.288,0,678.387,4764,8574,2.700,1.950,1.140,2,1,15.986,0,0,11,38,0,8,0
10-03 22:54:16,6.257,2.753,60.068,27.281,0,1451340,796512,177060,5498672,7372.291,540.608,0,15153.041,0,1061.193,5427,9821,2.700,1.950,1.140,3,0,6.007,0,0,11,38,0,8,0
10-03 22:54:17,4.252,3.001,58.521,31.762,0,1450996,796512,177076,5498988,7002.570,540.198,0,11884.361,0,810.297,4645,8344,2.720,1.970,1.150,0,1,0,0,0,11,38,0,8,0
10-03 22:54:18,5.002,2.501,62.776,28.012,0,1450960,795504,177100,5499984,8272.443,540.225,0,7291.034,0,687.286,4717,8453,2.720,1.970,1.150,3,1,9.004,0,0,11,38,0,7,0
10-03 22:54:19,4.243,3.245,60.150,28.952,0,1450884,795400,177108,5500152,6744.770,539.102,0,12331.468,0,861.565,4825,8663,2.720,1.970,1.150,1,1,8.985,0,0,11,38,0,7,0
10-03 22:54:20,6.018,2.257,64.695,24.073,0,1450532,794896,177136,5500956,5110.423,541.635,0,6547.761,0,661.998,5262,9395,2.720,1.970,1.150,0,2,15.045,0,0,11,38,0,7,0
10-03 22:54:21,4.487,3.240,57.082,33.152,0,1450444,794896,177148,5501024,3041.056,484.575,0,12818.298,0,884.399,4602,8506,2.720,1.970,1.150,0,2,5.982,0,0,11,38,0,7,0
10-03 22:54:22,4.751,2.750,55.007,35.254,0,1450352,794392,177152,5501612,8930.069,540.065,0,9933.189,0,689.082,4370,7891,2.900,2.020,1.170,1,0,6.001,0,0,11,38,0,7,0
10-03 22:54:23,6.250,2.500,62.249,26.499,0,1449920,794140,177180,5502264,8035.807,539.987,0,11263.730,0,865.979,5166,9391,2.900,2.020,1.170,0,1,6.000,0,0,11,38,0,7,0
10-03 22:54:24,4.256,2.253,58.077,32.543,0,1450048,793636,177192,5502620,6628.796,540.718,0,8371.108,0,659.876,4933,8996,2.900,2.020,1.170,0,1,6.008,0,0,11,38,0,7,0
10-03 22:54:25,3.745,2.746,62.659,27.710,0,1450136,793384,177196,5502772,6636.373,539.218,0,7988.412,0,627.090,4274,7666,2.900,2.020,1.170,1,1,9.986,0,0,11,38,0,7,0
10-03 22:54:26,4.503,3.002,54.040,35.527,0,1450060,793212,177208,5502988,8813.586,540.404,0,12797.564,0,841.629,4711,8404,2.900,2.020,1.170,0,2,3.002,0,0,11,38,0,7,0
10-03 22:54:27,4.755,3.504,65.820,23.775,0,1449764,792960,177224,5503512,9073.592,540.571,0,7708.148,0,728.770,4994,8937,2.830,2.020,1.170,1,1,9.010,0,0,11,38,0,6,0
10-03 22:54:28,5.745,2.498,60.700,27.727,0,1449712,792456,177236,5504044,4933.970,539.559,0,11770.386,0,877.283,5171,9331,2.830,2.020,1.170,2,1,11.990,0,0,11,38,0,6,0
10-03 22:54:29,5.493,2.247,60.669,28.961,0,1449548,792204,177244,5504444,4365.175,485.352,0,7342.203,0,582.223,4259,7431,2.830,2.020,1.170,0,2,23.968,0,0,11,38,0,6,0
10-03 22:54:30,5.254,2.752,55.787,33.522,0,1449372,791952,177260,5504840,7928.311,582.390,0,12988.701,0,868.582,4964,9048,2.830,2.020,1.170,1,2,12.008,0,0,11,38,0,6,0
10-03 22:54:31,6.497,2.749,59.470,28.736,0,1449648,790944,177264,5505548,7008.468,539.728,0,8147.894,0,656.669,5514,9843,2.830,2.020,1.170,0,1,14.992,0,0,11,38,0,5,0
10-03 22:54:32,5.251,2.751,63.262,25.005,0,1449632,790440,177280,5506028,8480.542,540.098,0,11338.062,0,855.156,5505,10104,2.840,2.030,1.180,0,1,12.002,0,0,11,38,0,5,0
10-03 22:54:33,7.250,4.500,53.750,32.250,0,1448988,790440,177284,5506656,6936.996,540.000,0,15391.990,0,1095.999,6712,12212,2.840,2.030,1.180,0,3,15.000,0,0,11,38,0,5,0
10-03 22:54:34,4.501,2.250,63.764,26.506,0,1449748,789180,177296,5507124,6952.523,540.118,0,8029.760,0,644.141,4502,8008,2.840,2.030,1.180,0,1,9.002,0,0,11,38,0,5,0
10-03 22:54:35,3.750,3.000,61.246,29.248,0,1450188,788676,177304,5507176,6111.566,539.962,0,11727.168,0,833.941,4794,8928,2.840,2.030,1.180,0,2,9.999,0,0,11,38,0,3,0
10-03 22:54:36,5.250,2.500,61.006,28.753,0,1448856,788424,177316,5508708,5358.490,486.044,0,7800.713,0,625.057,4484,8089,2.840,2.030,1.180,0,1,12.001,0,0,11,38,0,3,0
10-03 22:54:37,3.748,2.249,62.216,28.984,0,1448812,788172,177336,5508980,8295.484,539.706,0,8571.334,0,647.647,4164,7584,3.020,2.080,1.200,1,2,0,0,0,11,38,0,3,0
10-03 22:54:38,7.004,3.502,52.026,35.018,0,1449676,786992,177344,5509260,9426.770,540.273,0,13078.617,0,925.468,5454,9550,3.020,2.080,1.200,0,1,9.005,0,0,11,38,0,3,0
10-03 22:54:39,5.499,2.499,65.235,24.244,0.500,1449784,786488,177376,5509616,4994.854,539.876,0,5818.665,0,586.865,4592,8130,3.020,2.080,1.200,0,1,5.999,0,0,11,38,0,2,0
10-03 22:54:40,6.001,2.751,54.011,34.507,0,1450384,785732,177396,5509748,7991.653,540.112,0,10950.265,0,737.152,4797,8690,3.020,2.080,1.200,1,3,3.001,0,0,11,38,0,2,0
10-03 22:54:41,5.001,2.500,64.012,25.005,0,1451564,784724,177400,5509560,9886.862,540.102,0,6717.265,0,608.115,4739,8434,3.020,2.080,1.200,1,0,6.001,0,0,11,38,0,2,0
10-03 22:54:42,5.001,3.001,57.766,31.009,0,1452412,784724,177412,5508696,8634.416,540.151,0,12807.583,0,864.242,7107,13414,2.860,2.070,1.200,0,1,0,0,0,11,38,0,2,0
10-03 22:54:43,5.746,2.998,56.210,32.727,0,1453324,785020,177428,5507468,5489.093,485.654,0,9980.896,0,813.421,6578,12078,2.860,2.070,1.200,0,1,0,0,0,11,38,0,1,0
10-03 22:54:44,5.251,3.251,62.014,26.506,0,1455240,784796,177448,5505760,5242.171,540.121,0,8245.842,0,745.166,5131,9320,2.860,2.070,1.200,0,1,0,0,0,11,38,0,1,0
10-03 22:54:45,4.500,2.500,56.749,33.250,0,1455508,785492,177452,5504804,7598.911,539.994,0,11779.862,0,779.991,4631,8448,2.860,2.070,1.200,0,2,1.000,0,0,11,38,0,1,0
10-03 22:54:46,5.760,2.755,59.103,29.301,0,1456028,785492,177460,5504272,8020.036,540.947,0,8883.547,0,760.331,4983,9012,2.860,2.070,1.200,0,1,3.005,0,0,11,38,0,1,0
10-03 22:54:47,4.991,2.745,65.626,23.206,0,1455748,785492,177476,5504536,4768.996,538.982,0,11254.750,0,816.458,4640,8549,2.870,2.080,1.210,0,1,2.994,0,0,11,38,0,1,0
10-03 22:54:48,5.251,2.751,57.264,32.008,0,1455516,785492,177476,5504768,9041.185,540.131,0,10486.535,0,715.173,5134,9086,2.870,2.080,1.210,0,1,12.003,0,0,11,38,0,1,0
10-03 22:54:49,4.748,2.499,65.229,25.242,0,1455372,785492,177480,5504908,8273.384,539.829,0,7333.682,0,638.798,4385,7646,2.870,2.080,1.210,1,3,5.998,0,0,11,38,0,1,0
10-03 22:54:50,5.002,2.751,59.520,29.260,0,1455320,785240,177480,5505212,9656.308,540.185,0,10567.620,0,828.284,5187,9158,2.870,2.080,1.210,1,0,12.004,0,0,11,38,0,1,0
10-03 22:54:51,15.043,11.533,62.178,10.279,0,1329452,911360,177480,5504960,8294.693,487.392,0,6955.869,0,476.361,5501,6469,2.870,2.080,1.210,1,2,260.745,0,0,11,32,0,3,0
10-03 22:54:52,17.467,23.705,45.663,12.726,0,1369088,871384,177504,5505272,5794.954,580.893,0,8491.813,0,455.132,7850,8185,2.880,2.100,1.220,3,0,675.712,0,0,11,34,0,8,0
10-03 22:54:53,65.624,8.767,23.795,1.252,0,1576276,663332,177524,5506116,7626.390,541.021,0,2083.932,0,104.197,4016,2285,2.880,2.100,1.220,3,0,12.023,0,0,11,32,0,9,0
10-03 22:54:54,68.246,6.000,23.249,2.750,0,1773508,463052,177644,5508748,5467.689,539.969,0,3643.793,0,130.993,3910,1719,2.880,2.100,1.220,3,0,0,0,0,11,32,0,9,0
10-03 22:54:55,28.650,3.239,40.608,24.913,0,1784492,447960,177748,5512344,11261.697,538.122,0,11874.558,0,597.913,5149,6856,2.880,2.100,1.220,3,1,15.944,0,0,11,38,0,9,0
10-03 22:54:56,11.506,3.252,53.779,29.516,0,1783200,447708,177764,5513816,8562.687,540.296,0,7047.858,0,560.307,5408,9038,2.880,2.100,1.220,0,2,39.021,0,0,11,38,0,9,0
10-03 22:54:57,9.495,2.998,49.472,35.480,0,1782324,447204,177772,5515156,7409.732,539.689,0,12260.939,0,812.532,7281,13376,2.890,2.110,1.230,0,2,26.984,0,0,11,38,0,9,0
10-03 22:54:58,10.008,3.002,48.787,36.027,0,1782284,445440,177780,5516888,7149.388,540.407,0,12017.057,0,815.615,5589,9838,2.890,2.110,1.230,1,2,24.018,0,0,11,38,0,9,0
10-03 22:54:59,5.253,2.751,53.277,35.518,0,1781852,444684,177784,5518036,4270.164,486.246,0,10741.443,0,689.349,5227,9690,2.890,2.110,1.230,0,1,6.003,0,0,11,38,0,9,0
10-03 22:55:00,5.992,3.995,50.184,37.700,0,1782572,442920,177792,5519020,4063.622,539.286,0,11237.127,0,784.961,5691,10293,2.890,2.110,1.230,0,3,23.968,0,0,11,38,0,9,0
10-03 22:55:01,7.254,4.002,52.777,34.017,0,1782548,441912,177808,5520008,9090.644,540.276,0,13266.777,0,895.457,5423,9411,2.890,2.110,1.230,0,1,27.014,0,0,11,38,0,9,0
10-03 22:55:02,9.752,3.251,49.009,35.507,0,1782200,441156,177840,5521044,7269.394,540.104,0,12142.328,0,897.172,6837,11856,2.900,2.130,1.240,2,2,41.008,0,0,11,38,0,9,0
10-03 22:55:03,9.279,12.288,40.876,36.111,0,1784564,437408,177856,5522308,8627.551,541.667,0,11098.155,0,719.213,7561,11501,2.900,2.130,1.240,1,1,327.006,0,0,11,38,0,9,0
10-03 22:55:04,6.977,4.485,51.830,34.138,0,1784324,436652,177868,5523240,5390.302,538.233,0,12837.850,0,851.205,6561,11604,2.900,2.130,1.240,1,1,44.853,0,0,11,38,0,9,0
10-03 22:55:05,6.251,3.001,48.761,39.509,0,1783252,436652,177888,5524268,6859.586,540.125,0,12630.921,0,824.191,4972,8790,2.900,2.130,1.240,0,1,22.005,0,0,11,38,0,9,0
10-03 22:55:06,6.984,3.741,52.129,34.919,0,1781864,436652,177908,5525600,4315.998,484.876,0,14254.966,0,915.878,5305,9559,2.900,2.130,1.240,1,1,17.958,0,0,11,38,0,9,0
10-03 22:55:07,10.522,4.760,42.338,39.081,0,1815508,401624,177916,5526924,3750.811,541.127,0,13564.248,0,892.859,6355,17155,2.990,2.160,1.260,0,1,54.113,0,0,11,38,0,10,0
10-03 22:55:08,6.501,2.750,58.257,29.504,0,1814720,401624,177932,5527680,10551.276,540.065,0,11861.434,0,822.099,5507,9794,2.990,2.160,1.260,0,2,24.003,0,0,11,38,0,9,0
10-03 22:55:09,7.751,2.500,55.504,32.002,0,1812196,403236,177932,5528564,17336.213,634.044,0,7228.506,0,596.042,4964,8378,2.990,2.160,1.260,1,0,39.003,0,0,11,38,0,9,0
10-03 22:55:10,5.750,3.500,51.748,36.248,0,1808228,406188,177936,5529536,6279.711,539.975,0,12707.414,0,871.960,5241,9499,2.990,2.160,1.260,0,1,14.999,0,0,11,38,0,9,0
10-03 22:55:11,8.266,3.006,50.100,36.573,0,1804884,408484,177956,5530536,9296.474,541.075,0,14380.577,0,957.904,6734,12113,2.990,2.160,1.260,0,2,27.054,0,0,11,38,0,9,0
10-03 22:55:12,5.740,3.744,47.421,40.183,0,1801652,410748,177972,5531460,7387.742,539.105,0,12479.294,0,1032.287,5583,9804,2.990,2.170,1.270,0,4,26.955,0,0,11,38,0,9,0
10-03 22:55:13,6.502,3.001,53.766,34.510,0,1798840,412544,177980,5532448,7944.395,486.147,0,13472.061,0,907.273,5732,10361,2.990,2.170,1.270,3,2,9.003,0,0,11,38,0,9,0
10-03 22:55:14,4.248,2.499,52.221,38.728,0,1795280,415468,177984,5533048,7312.913,539.698,0,10114.347,0,685.617,4304,7768,2.990,2.170,1.270,0,1,11.993,0,0,11,38,0,9,0
10-03 22:55:15,4.750,3.000,51.250,37.750,0,1793636,416388,177984,5533756,3107.991,539.998,0,12607.963,0,829.998,5177,9601,2.990,2.170,1.270,0,1,13.000,0,0,11,38,0,9,0
10-03 22:55:16,4.756,3.004,52.315,37.797,0,1791024,418128,177984,5534572,7953.903,540.673,0,14125.586,0,930.158,5290,9560,2.990,2.170,1.270,1,2,15.019,0,0,11,38,0,9,0
10-03 22:55:17,5.992,3.246,51.681,37.201,0,1789404,418972,177984,5535332,7019.687,539.285,0,12139.894,0,789.952,5039,8930,2.990,2.190,1.280,0,2,8.988,0,0,11,38,0,9,0
10-03 22:55:18,5.249,2.499,57.235,32.492,0,1788560,419176,177988,5535908,3804.010,539.859,0,9421.547,0,765.801,5026,9042,2.990,2.190,1.280,0,2,23.994,0,0,11,38,0,9,0
10-03 22:55:19,6.001,2.500,50.259,39.007,0.250,1788184,418672,178004,5536760,7096.270,540.097,0,11826.116,0,796.142,4914,8899,2.990,2.190,1.280,0,2,9.002,0,0,11,38,0,9,0
10-03 22:55:20,21.530,5.758,42.309,29.040,0,1657604,547824,178012,5538144,5300.348,486.675,0,8583.901,0,709.984,6101,9505,2.990,2.190,1.280,1,1,93.129,0,0,11,36,0,9,0
10-03 22:55:21,27.663,5.483,37.383,26.916,0,1731156,473260,178020,5539124,9452.369,538.312,0,12046.237,0,798.497,7107,11873,2.990,2.190,1.280,2,1,24.922,0,0,11,36,0,9,0
10-03 22:55:22,26.868,4.269,36.913,30.384,0,1773224,430420,178028,5539864,5499.212,542.388,0,13989.594,0,921.055,6945,11761,3.230,2.250,1.300,4,2,29.128,0,0,11,38,0,9,0
10-03 22:55:23,11.965,5.235,48.610,31.659,0,1635540,567260,178028,5540688,4146.032,538.446,0,11115.913,0,737.870,5742,9306,3.230,2.250,1.300,2,0,89.741,0,0,11,36,0,9,0
10-03 22:55:24,5.262,2.255,49.612,38.837,0,1634732,567036,178040,5541684,7073.933,541.219,0,8166.394,0,606.366,5963,10894,3.230,2.250,1.300,1,1,18.041,0,0,11,36,0,9,0
10-03 22:55:25,4.742,2.995,45.424,44.177,0,1633776,567036,178040,5542608,4574.397,539.104,0,14751.481,0,815.644,4874,8795,3.230,2.250,1.300,0,2,12.978,0,0,11,36,0,9,0
10-03 22:55:26,6.748,3.499,51.482,35.987,0,1632088,566784,178052,5544488,6871.610,539.812,0,13827.191,0,858.701,5348,9411,3.230,2.250,1.300,0,1,23.992,0,0,11,36,0,9,0
10-03 22:55:27,6.508,3.004,50.064,38.048,0,1631744,566280,178068,5545300,7295.256,540.686,0,11782.950,0,820.040,6252,11273,3.210,2.260,1.310,1,3,24.030,0,0,11,36,0,9,0
10-03 22:55:28,5.491,2.746,53.417,35.695,0,1630856,565776,178080,5546628,7142.923,485.248,0,9413.402,0,674.953,4632,8288,3.210,2.260,1.310,0,3,8.986,0,0,11,36,0,9,0
10-03 22:55:29,6.001,2.751,44.759,44.009,0,1630988,564292,178088,5547888,7586.494,540.106,0,11454.256,0,781.154,5264,9779,3.210,2.260,1.310,0,3,9.002,0,0,11,36,0,9,0
10-03 22:55:30,5.750,3.000,54.995,33.497,0,1630536,563284,178096,5549304,4323.627,539.953,0,8667.252,0,666.942,4876,8487,3.210,2.260,1.310,0,2,20.998,0,0,11,36,0,9,0
10-03 22:55:31,6.017,3.009,54.656,32.844,0,1631380,561520,178108,5550156,4079.629,541.544,0,12832.579,0,886.527,5990,11165,3.210,2.260,1.310,1,2,21.060,0,0,11,36,0,9,0
10-03 22:55:32,6.480,3.489,53.586,33.398,0,1631128,561016,178112,5550888,9357.389,538.354,0,15089.861,0,953.086,6020,10821,3.350,2.310,1.330,1,2,14.954,0,0,11,36,0,9,0
10-03 22:55:33,10.006,2.752,48.779,35.771,0.250,1633372,557992,178116,5551640,7740.606,540.321,0,14108.394,0,919.547,5890,10309,3.350,2.310,1.330,0,1,3.002,0,0,11,36,0,9,0
10-03 22:55:34,8.011,3.505,51.573,35.050,0,1636348,553960,178120,5552668,7978.273,540.764,0,12289.364,0,804.136,5038,8756,3.350,2.310,1.330,0,2,0,0,0,11,36,0,9,0
10-03 22:55:35,4.743,2.746,51.171,38.191,0,1636584,551944,178120,5554372,7344.700,485.253,0,10136.405,0,636.021,4383,7757,3.350,2.310,1.330,0,1,0.998,0,0,11,36,0,9,0
10-03 22:55:36,4.749,2.500,51.242,37.994,0,1636680,550684,178124,5555504,7632.865,539.920,0,14485.846,0,847.874,4808,8829,3.350,2.310,1.330,1,2,0,0,0,11,36,0,9,0
10-03 22:55:37,4.501,3.751,52.260,36.257,0,1636916,548920,178124,5556992,7369.344,540.099,0,13562.474,0,817.149,5986,11188,3.490,2.350,1.350,1,3,0,0,0,11,36,0,9,0
10-03 22:55:38,5.750,2.500,55.998,32.749,0,1636872,546904,178128,5558964,4097.824,539.977,0,10115.566,0,707.970,4893,8867,3.490,2.350,1.350,1,1,0,0,0,11,36,0,9,0
10-03 22:55:39,4.750,3.000,46.001,43.751,0,1636880,545656,178132,5560116,3856.097,540.014,0,13156.331,0,811.020,4695,8649,3.490,2.350,1.350,4,1,0,0,0,11,36,0,9,0
10-03 22:55:40,6.747,4.498,45.731,39.984,0,1640480,540392,178140,5561648,7977.760,539.781,0,10503.734,0,707.713,5497,9416,3.490,2.350,1.350,1,2,86.965,0,0,11,36,0,9,0
10-03 22:55:41,4.251,3.251,51.014,39.260,0,1639468,540140,178140,5562860,7029.872,540.144,0,11535.072,0,733.195,4536,8343,3.490,2.350,1.350,0,1,0,0,0,11,36,0,9,0
10-03 22:55:42,4.001,3.001,52.010,38.507,0,1638708,539664,178144,5564064,8149.531,540.101,0,13074.456,0,804.151,5380,9942,3.370,2.350,1.360,0,3,0,0,0,11,36,0,9,0
10-03 22:55:43,5.749,2.749,49.487,38.740,0,1638260,538404,178144,5565724,8959.713,485.876,0,9289.629,0,622.841,4950,8894,3.370,2.350,1.360,1,1,5.998,0,0,11,36,0,9,0
10-03 22:55:44,6.768,3.259,55.901,31.836,0,1638788,537396,178148,5566184,10778.208,541.467,0,11916.293,0,821.225,5305,9389,3.370,2.350,1.360,0,5,6.016,0,0,11,36,0,9,0
10-03 22:55:45,5.486,3.242,53.866,33.916,0,1639308,536388,178148,5566656,10869.024,538.663,0,15050.646,0,1010.492,6345,11638,3.370,2.350,1.360,1,2,9.975,0,0,11,36,0,9,0
10-03 22:55:46,4.250,3.250,60.494,29.997,0,1640968,534372,178156,5567000,6691.381,539.950,0,13554.746,0,883.918,4823,8842,3.370,2.350,1.360,0,2,8.999,0,0,11,36,0,9,0
10-03 22:55:47,5.507,2.754,55.071,34.795,0,1640868,534372,178156,5567092,8522.024,540.699,0,9195.896,0,756.979,5111,9103,3.260,2.340,1.360,0,1,9.012,0,0,11,36,0,9,0
10-03 22:55:48,4.245,3.496,60.675,28.715,0,1641488,533364,178164,5567468,7048.343,539.338,0,9951.777,0,758.069,5065,9093,3.260,2.340,1.360,0,1,17.978,0,0,11,36,0,9,0
10-03 22:55:49,5.758,2.754,50.071,38.805,0,1641632,533112,178164,5567568,5350.614,540.770,0,11552.440,0,828.179,6260,11746,3.260,2.340,1.360,0,2,9.013,0,0,11,36,0,9,0
10-03 22:55:50,9.488,2.747,55.182,29.713,0,1643136,530844,178164,5568300,7697.491,485.400,0,11509.781,0,809.001,5749,10248,3.260,2.340,1.360,3,0,2.996,0,0,11,36,0,9,0
10-03 22:55:51,7.498,2.999,57.731,29.490,0,1642584,530340,178168,5569332,5918.039,539.821,0,8129.306,0,673.777,4870,8452,3.260,2.340,1.360,0,1,14.995,0,0,11,36,0,9,0
10-03 22:55:52,7.001,3.751,54.010,33.256,0,1642784,529836,178172,5569620,7758.422,540.099,0,15778.891,0,1048.192,5553,9836,3.320,2.370,1.370,0,1,15.003,0,0,11,36,0,9,0
10-03 22:55:53,6.249,3.500,53.243,34.245,0,1642828,529332,178176,5570064,5318.273,539.926,0,13106.208,0,849.884,5849,10377,3.320,2.370,1.370,2,3,14.998,0,0,11,36,0,1,0
10-03 22:55:54,6.751,2.750,54.004,33.753,0,1642512,528828,178188,5570852,5754.473,582.048,0,9552.786,0,730.060,5833,10524,3.320,2.370,1.370,0,1,15.001,0,0,11,36,0,1,0
10-03 22:55:55,26.828,8.023,44.630,18.805,0,1359896,811712,178188,5570584,9284.014,541.576,0,10915.762,0,720.095,5527,7135,3.320,2.370,1.370,1,1,170.496,0,0,11,32,0,1,0
10-03 22:55:56,20.434,5.981,70.770,2.492,0,1425040,746556,178188,5570608,7752.784,538.249,0,1311.734,0,75.754,2595,2189,3.320,2.370,1.370,1,1,83.728,0,0,11,32,0,1,0
10-03 22:55:57,22.989,2.749,71.465,1.999,0,1488040,683556,178188,5570608,9313.438,539.736,0,891.563,0,44.978,2068,1625,3.130,2.350,1.370,1,2,1.999,0,0,11,36,0,1,0
10-03 22:55:58,21.525,4.005,67.330,5.757,0,1393236,778352,178188,5570616,4445.265,486.576,0,1722.040,0,128.152,2560,2255,3.130,2.350,1.370,1,0,27.032,0,0,11,32,0,1,0
10-03 22:55:59,22.743,2.749,73.726,0,0,1463292,708296,178188,5570616,5444.259,539.827,0,0,0,0,1742,1226,3.130,2.350,1.370,1,0,1.000,0,0,11,32,0,1,0
10-03 22:56:00,21.317,6.270,70.724,1.505,0,1444728,726840,178188,5570628,9164.991,541.714,0,509.612,0,35.111,2789,2374,3.130,2.350,1.370,2,1,105.333,0,0,11,32,0,1,0
10-03 22:56:01,12.746,36.489,49.735,0.250,0,1437100,734396,178188,5570700,6328.120,539.840,0,327.903,0,35.989,8482,8351,3.130,2.350,1.370,1,0,1262.625,0,0,11,32,0,1,0
10-03 22:56:02,8.748,21.246,67.986,1.250,0,1436380,735028,178188,5570772,3530.259,539.887,0,323.932,0,20.996,6287,5190,2.880,2.310,1.360,1,0,546.885,0,0,11,32,0,1,0
10-03 22:56:03,9.999,19.998,69.244,0,0,1408076,763288,178188,5570812,7103.408,539.955,0,751.937,0,133.989,6112,4703,2.880,2.310,1.360,2,0,433.964,0,0,11,32,0,1,0
10-03 22:56:04,16.502,16.252,65.758,0,0,1406856,764456,178188,5571264,6264.809,540.070,0,20.003,0,5.001,6502,7540,2.880,2.310,1.360,1,0,311.040,0,0,11,32,0,1,0
10-03 22:56:05,41.137,10.222,47.370,0,0,1518372,652792,178192,5571448,9214.627,538.517,0,107.703,0,6.981,4352,3427,2.880,2.310,1.360,2,0,131.638,0,0,11,33,0,1,0
10-03 22:56:06,45.124,6.267,49.135,0,0,1611176,559860,178192,5571576,6488.857,487.341,0,16.044,0,1.003,3443,2573,2.880,2.310,1.360,3,0,17.047,0,0,11,49,0,1,0
10-03 22:56:07,45.143,5.736,45.642,2.494,0,1677136,491976,178268,5573060,8026.999,538.725,0,1995.277,0,174.587,4032,12620,2.810,2.300,1.370,4,0,37.910,0,0,11,49,0,2,0
10-03 22:56:08,16.245,18.995,63.732,0,0,1685772,480736,178272,5575924,8606.602,539.850,0,0,0,0,9887,12441,2.810,2.300,1.370,2,0,403.887,0,0,11,48,0,2,0
10-03 22:56:09,11.739,5.994,79.674,1.499,0,1691804,474676,178272,5575576,4209.990,633.397,0,167.840,0,8.991,3425,4482,2.810,2.300,1.370,0,1,90.913,0,0,11,48,0,1,0
10-03 22:56:10,1.251,1.001,95.071,1.751,0,1691796,474676,178272,5575584,4865.638,540.404,0,848.635,0,55.041,1038,1588,2.810,2.300,1.370,0,2,3.002,0,0,11,48,0,1,0
10-03 22:56:11,1.000,0.750,80.989,15.998,0,1691796,474676,178272,5575584,9614.644,539.924,0,8002.872,0,359.949,1526,2391,2.810,2.300,1.370,0,1,3.000,0,0,11,48,0,1,0
10-03 22:56:12,0.250,0.750,96.513,1.750,0,1691796,474676,178272,5575584,5877.785,540.072,0,688.092,0,39.005,727,1052,2.580,2.260,1.360,0,0,1.000,0,0,11,48,0,1,0
10-03 22:56:13,3.508,4.009,91.710,0,0,1644884,521636,178272,5575576,7066.191,487.116,0,40.092,0,6.014,1976,2009,2.580,2.260,1.360,1,0,86.198,0,0,11,48,0,1,0
10-03 22:56:14,18.212,12.973,67.110,0,0,1637108,529368,178272,5575588,5976.575,538.880,0,3780.141,0,246.488,5635,7962,2.580,2.260,1.360,0,0,256.467,0,0,11,48,0,1,0
10-03 22:56:15,13.526,20.039,66.378,0,0,1676112,490296,178272,5576088,7653.754,779.503,0,0,0,0,6980,7660,2.580,2.260,1.360,1,0,448.865,0,0,12,48,0,1,0
10-03 22:56:16,16.259,11.756,67.787,2.751,0,1666728,499708,178272,5575588,7696.152,540.291,0,204.110,0,16.009,5112,6021,2.580,2.260,1.360,4,1,201.108,0,0,12,60,0,1,0
10-03 22:56:17,4.503,8.505,85.801,0,0,1661364,504868,178272,5575796,3547.105,540.321,0,312.185,0,27.016,3074,3099,2.460,2.240,1.360,1,0,204.121,0,0,14,66,0,1,0
10-03 22:56:18,18.202,12.717,68.072,0,0,1657024,509092,178272,5575844,7422.588,538.591,0,43.885,0,5.984,5915,7369,2.460,2.240,1.360,3,0,237.379,0,0,14,66,0,2,0
10-03 22:56:19,8.019,21.550,68.659,0.501,0,1645996,520080,178272,5575880,7072.424,541.257,0,1395.240,0,118.275,6310,5067,2.460,2.240,1.360,2,0,478.110,0,0,14,66,0,2,0
10-03 22:56:20,17.495,15.496,65.233,1.000,0,1645884,520100,178272,5575904,3471.095,623.837,0,639.833,0,46.988,6805,9098,2.460,2.240,1.360,1,0,268.930,0,0,14,66,0,2,0
10-03 22:56:21,29.224,23.729,45.959,0,0,1735468,430488,178280,5575936,16235.554,485.568,0,439.609,0,11.989,7150,6454,2.460,2.240,1.360,2,0,614.453,0,0,14,66,0,2,0
10-03 22:56:22,29.278,25.274,44.543,0,0,1883812,280568,178360,5577352,4950.761,540.520,0,536.516,0,77.074,7535,9445,2.500,2.250,1.370,2,0,664.639,0,0,14,70,0,4,0
10-03 22:56:23,35.627,20.928,42.104,0,0,1965008,199196,178360,5577728,8231.498,538.137,0,39.862,0,9.965,7931,9004,2.500,2.250,1.370,2,0,408.585,0,0,14,70,0,4,0
10-03 22:56:24,59.860,21.289,18.534,0,0,2027852,148192,176100,5568216,6299.559,540.993,0,16.029,0,4.007,5052,4810,2.500,2.250,1.370,6,0,462.849,0,0,14,70,0,4,0
10-03 22:56:25,62.942,19.982,17.484,0,0,2147424,144804,172248,5458652,3221.025,629.419,207.808,555.487,6.994,27.974,6138,7402,2.500,2.250,1.370,4,0,328.696,0,0,14,70,0,4,0
10-03 22:56:26,69.175,25.200,2.471,2.471,0,2285976,152692,171740,5316268,8411.721,533.638,419.005,3711.751,67.199,116.610,6492,7637,2.500,2.250,1.370,6,0,577.120,0,0,14,74,0,4,0
10-03 22:56:27,71.539,19.026,3.298,6.849,0,2455580,140384,171176,5162724,8391.890,547.959,170.476,4359.318,18.265,192.800,7474,9196,2.780,2.320,1.390,6,1,327.761,0,0,14,74,0,4,0
10-03 22:56:28,54.952,22.480,10.491,11.240,0,2563080,182352,170808,5017516,4700.893,485.576,11.990,8056.960,2.997,505.558,8838,13749,2.780,2.320,1.390,4,1,413.639,0,0,14,76,0,4,0
10-03 22:56:29,60.285,14.508,12.507,12.507,0,2665260,138216,170808,4960628,7434.296,540.312,0,14128.165,0,238.138,8711,13413,2.780,2.320,1.390,3,2,200.116,0,0,14,79,0,4,0
10-03 22:56:30,59.651,7.488,19.717,11.980,0,2792772,149236,170904,4825072,5141.487,539.107,63.894,5446.981,5.990,259.570,6436,9142,2.780,2.320,1.390,5,1,12.979,0,0,14,82,0,7,0
10-03 22:56:31,59.138,21.049,15.787,3.007,0,2870228,138860,170912,4759736,7629.765,541.260,24.056,1623.781,5.012,89.208,10796,16011,2.780,2.320,1.390,3,2,542.263,0,0,14,95,0,13,0
10-03 22:56:32,24.432,20.194,51.856,2.493,0,2897524,180096,170920,4693208,8163.346,538.506,0,1041.111,0,45.873,8834,13651,2.800,2.330,1.400,2,1,430.804,0,0,14,97,0,16,0
10-03 22:56:33,36.952,9.737,43.943,8.988,0,2996320,143540,170924,4632132,3688.203,539.299,3207.827,1170.478,34.955,58.923,3864,2920,2.800,2.330,1.400,2,2,126.835,0,0,14,98,0,16,0
10-03 22:56:34,31.621,8.784,50.193,8.533,0,3060992,142280,170940,4569968,6946.688,542.083,0,6115.495,0,402.547,4097,3640,2.800,2.330,1.400,2,1,81.312,0,0,14,101,0,16,0
10-03 22:56:35,8.249,19.998,63.745,7.249,0,3075996,126716,170944,4570524,3593.692,539.954,0,4195.640,0,225.981,6390,5587,2.800,2.330,1.400,2,0,410.965,0,0,14,101,0,16,0
10-03 22:56:36,7.725,19.686,70.772,0.249,0,3081400,121276,170944,4570560,7578.542,574.147,3.987,3086.041,0.997,24.920,5886,4568,2.800,2.330,1.400,1,0,373.794,0,0,14,101,0,16,0
10-03 22:56:37,18.301,8.524,71.951,0.251,0,3141648,126904,170948,4506056,7764.700,541.513,12.034,100.280,2.006,7.020,2967,2239,2.650,2.310,1.400,1,0,125.350,0,0,14,101,0,16,0
10-03 22:56:38,12.962,1.246,84.006,0.748,0,3148284,120224,170948,4506100,14588.605,6894.963,31.907,0,1.994,0,1735,1633,2.650,2.310,1.400,1,0,0,0,0,14,105,0,16,0
10-03 22:56:39,18.499,7.000,69.247,4.500,0,3114928,221392,170948,4440600,24168.103,16767.378,8.000,3479.871,2.000,253.991,3147,2741,2.650,2.310,1.400,1,1,62.998,0,0,14,103,0,17,0
10-03 22:56:40,16.507,2.751,76.780,3.251,0,3154724,181576,170948,4440620,9678.815,6194.442,8.003,5053.992,2.001,116.046,2144,2254,2.650,2.310,1.400,2,1,2.001,0,0,14,108,0,17,0
10-03 22:56:41,19.768,3.253,76.070,0.500,0,3158912,177068,170960,4440900,4709.306,1363.246,48.044,508.465,3.003,36.033,2210,2160,2.650,2.310,1.400,1,0,1.001,0,0,14,112,0,17,0
10-03 22:56:42,34.829,7.517,51.868,5.011,0,3237560,162420,170960,4378376,8684.708,583.324,392.892,2313.249,23.052,250.569,7136,10310,2.520,2.280,1.400,2,4,8.018,0,0,14,121,0,18,0
10-03 22:56:43,20.177,6.975,69.997,1.495,0,3236536,163432,170960,4378388,9373.076,1623.125,0,924.653,0,60.780,3182,2976,2.520,2.280,1.400,3,0,110.600,0,0,14,120,0,19,0
10-03 22:56:44,14.002,2.250,82.259,0.750,0,3254936,144928,170960,4378492,13390.526,6251.712,64.007,844.096,4.000,57.006,1929,1910,2.520,2.280,1.400,2,0,1.000,0,0,14,123,0,19,0
10-03 22:56:45,17.505,2.751,77.021,1.500,0,3258696,141148,170964,4378508,8880.415,3208.873,32.009,1084.295,2.001,98.027,2859,3437,2.520,2.280,1.400,4,0,3.001,0,0,14,125,0,19,0
10-03 22:56:46,33.046,10.264,53.575,1.752,0,3304928,158008,171032,4316504,10815.115,1826.553,76.106,1221.707,9.013,115.161,5340,6285,2.520,2.280,1.400,2,1,99.139,0,0,14,126,0,20,2
10-03 22:56:47,37.944,5.492,55.668,0.499,0,3391104,135576,171032,4254312,8014.150,2780.888,0,882.695,0,52.922,2717,1730,2.400,2.260,1.390,0,0,3.994,0,0,14,127,0,20,2
10-03 22:56:48,15.981,4.994,77.659,0.999,0,3390292,136372,171032,4254328,25590.984,20807.594,0,563.339,0,25.970,2492,2033,2.400,2.260,1.390,2,0,54.936,0,0,14,126,0,21,2
10-03 22:56:49,18.015,3.253,77.064,0.500,0,3421592,168268,171032,4192648,7561.256,2927.422,8.007,564.467,2.002,47.039,1795,1564,2.400,2.260,1.390,1,0,0,0,0,14,127,0,21,2
10-03 22:56:50,18.001,4.250,76.003,0,0,3404264,185576,171032,4192668,27597.048,20758.788,0,0,0,0,2476,1870,2.400,2.260,1.390,1,0,51.002,0,0,14,126,0,22,2
10-03 22:56:51,17.000,2.750,80.999,0,0,3444120,145716,171032,4192672,11253.875,6137.932,0,0,0,0,1583,1227,2.400,2.260,1.390,1,0,0,0,0,14,127,0,22,2
10-03 22:56:52,21.311,5.766,68.194,3.510,0,3428300,161404,171032,4192804,9953.377,2515.171,32.091,1556.437,4.011,120.343,7483,12876,2.290,2.240,1.390,1,1,83.237,0,0,14,134,0,26,2
10-03 22:56:53,20.184,3.987,71.019,3.489,0,3443480,146200,171032,4192812,8216.298,1223.025,0,2456.018,0,141.540,2410,2436,2.290,2.240,1.390,0,0,28.906,0,0,14,135,0,26,2
10-03 22:56:54,14.795,3.511,81.247,0,0,3411860,177664,171032,4192968,31905.824,22458.154,4.012,457.388,1.003,28.085,2289,2077,2.290,2.240,1.390,1,0,47.143,0,0,14,134,0,27,2
10-03 22:56:55,20.453,2.993,74.829,0.998,0,3424492,165028,171032,4192972,8653.261,1995.448,0,470.926,0,21.950,1880,1414,2.290,2.240,1.390,0,0,8.980,0,0,14,135,0,27,2
10-03 22:56:56,13.034,2.005,81.463,3.008,0,3421380,168060,171032,4193052,10800.284,5747.051,32.084,814.132,2.005,76.200,2404,3156,2.290,2.240,1.390,4,0,0,0,0,14,137,0,27,2
10-03 22:56:57,21.231,5.495,60.196,11.240,0,3389608,199692,171032,4193192,11290.937,1778.415,31.972,3281.076,1.998,305.728,6762,10727,2.180,2.220,1.390,1,1,17.984,0,0,14,137,0,29,2
10-03 22:56:58,20.454,4.241,68.597,5.737,0,3441836,147480,171032,4193192,8269.574,1096.557,0,3133.019,0,325.275,2418,1727,2.180,2.220,1.390,0,2,36.918,0,0,14,138,0,29,2
10-03 22:56:59,12.753,1.750,82.021,2.251,0,3436508,152792,171032,4193208,17066.318,8063.040,0,1124.284,0,57.014,1859,1859,2.180,2.220,1.390,4,0,0,0,0,14,138,0,29,2
10-03 22:57:00,14.792,4.011,65.186,15.043,0,3431476,157660,171036,4193368,9946.318,2444.961,0,5411.406,0,438.248,4038,5326,2.180,2.220,1.390,2,4,7.020,0,0,14,138,0,29,2
10-03 22:57:01,31.767,5.753,58.282,3.752,0,3350516,238544,171036,4193444,6078.337,1406.772,0,2137.173,0,167.092,6545,9316,2.180,2.220,1.390,4,0,23.013,0,0,14,139,0,30,2
10-03 22:57:02,20.423,4.234,70.484,2.989,0,3410444,178604,171036,4193456,7588.328,1222.381,0,326.765,0,19.925,2289,2093,2.090,2.200,1.390,0,1,46.823,0,0,14,142,0,30,2
10-03 22:57:03,13.756,2.251,78.784,4.252,0,3412176,176816,171036,4193512,18368.861,9455.046,0,1328.569,0,139.060,3012,3966,2.090,2.200,1.390,1,1,0,0,0,14,141,0,30,3
10-03 22:57:04,19.050,8.522,71.188,0.501,0,3445108,143876,171036,4193520,3141.283,649.713,0,649.713,0,39.103,3211,2782,2.090,2.200,1.390,1,1,147.389,0,0,14,141,0,31,2
10-03 22:57:05,14.206,2.243,82.244,0.498,0,3456480,132488,171040,4193532,15430.936,6912.469,0,717.764,0,44.860,1809,1756,2.090,2.200,1.390,2,0,0.997,0,0,14,142,0,31,2
10-03 22:57:06,14.300,3.010,79.275,2.007,0,3451124,137832,171040,4193544,12463.291,5599.450,0,1023.555,0,120.418,3763,5194,2.090,2.200,1.390,2,1,0,0,0,14,142,0,31,2
10-03 22:57:07,33.762,10.004,53.019,1.250,0,3422908,165712,171040,4193880,13276.752,1930.691,56.020,2160.773,4.001,165.059,10458,22181,2.560,2.300,1.420,1,1,39.014,0,0,14,142,0,32,2
10-03 22:57:08,33.123,12.452,43.832,9.962,0,3386864,201652,171040,4193948,32000.686,1237.271,0,5590.631,0,350.660,9552,13363,2.560,2.300,1.420,1,2,284.911,0,0,14,141,0,33,2
10-03 22:57:09,15.000,2.250,80.250,1.250,0,3428944,159568,171040,4193952,15013.993,6596.997,0,680.000,0,33.000,1740,1476,2.560,2.300,1.420,1,1,0,0,0,14,142,0,33,2
10-03 22:57:10,15.053,11.290,71.753,1.254,0,3429908,158572,171040,4193984,9489.437,2083.341,4.014,373.315,1.004,18.064,4344,3666,2.560,2.300,1.420,1,2,233.824,0,0,14,143,0,34,0
10-03 22:57:11,8.990,19.229,66.176,3.496,0,3387164,201280,171040,4194364,6819.426,539.401,0,2701.000,0,318.646,6430,5409,2.560,2.300,1.420,2,0,411.543,0,0,14,143,0,33,0
10-03 22:57:12,23.994,15.496,58.736,0.500,0,3398120,190300,171048,4194036,4697.876,539.871,0,751.820,0,38.991,6999,8994,2.520,2.290,1.420,2,1,328.921,0,0,14,143,0,33,0
10-03 22:57:13,32.011,21.757,44.515,0.750,0,3464168,124052,171048,4194240,7055.358,540.181,16.005,520.174,1.000,45.015,6885,5981,2.520,2.290,1.420,2,0,547.183,0,0,14,143,0,33,0
10-03 22:57:14,36.694,16.475,44.432,1.747,0,3517824,193112,171064,4074852,5150.124,555.151,55.914,495.243,7.988,26.959,6869,9812,2.520,2.290,1.420,3,0,316.516,0,0,16,149,0,33,0
10-03 22:57:15,56.130,28.566,14.283,0.752,0,3684836,139192,171072,3963608,6765.695,541.256,104.242,825.916,7.016,58.135,8088,11918,2.520,2.290,1.420,5,0,609.414,0,0,16,155,0,33,0
10-03 22:57:16,59.020,17.756,21.007,0.750,0,3770108,179212,171072,3839744,7522.526,540.181,8.003,1000.336,2.001,55.018,7513,14459,2.520,2.290,1.420,4,0,310.104,0,0,16,171,0,33,0
10-03 22:57:17,36.494,22.246,40.243,0.750,0,3850032,146080,171072,3793456,8648.550,539.910,3.999,2331.609,1.000,20.996,7781,6205,2.470,2.290,1.430,3,0,635.893,0,0,16,171,0,33,0
10-03 22:57:18,21.490,19.241,57.224,1.000,0,3858120,190872,171076,3741712,6889.916,629.718,7.996,559.749,1.999,21.990,6721,7316,2.470,2.290,1.430,2,0,399.821,0,0,17,171,0,33,0
10-03 22:57:19,26.719,18.478,53.687,0,0,3920128,128816,171076,3741764,3863.463,539.367,7.991,183.784,1.998,12.985,7098,7104,2.470,2.290,1.430,2,0,429.496,0,0,17,171,0,32,0
10-03 22:57:20,37.325,21.543,39.830,0.251,0,3977368,167312,171080,3648680,3110.261,541.089,8.016,497.000,2.004,33.067,7981,8956,2.470,2.290,1.430,3,0,432.871,0,0,17,174,0,32,0
10-03 22:57:21,37.745,22.247,36.995,1.750,0,4088132,147656,171088,3559280,7467.939,539.923,135.981,615.912,3.000,39.994,7907,9578,2.470,2.290,1.430,4,0,532.924,0,0,17,185,0,32,0
10-03 22:57:22,33.002,24.752,41.003,0.750,0,4175516,178080,171088,3444632,6605.459,486.034,28.002,624.043,4.000,36.003,9185,11003,2.440,2.280,1.430,4,0,721.050,0,0,17,191,0,32,0
10-03 22:57:23,12.951,18.181,66.747,0,0,4187656,165880,171092,3444788,6992.483,607.695,3.985,294.882,0.996,22.913,6940,7404,2.440,2.280,1.430,1,0,370.595,0,0,17,191,0,30,0
10-03 22:57:24,32.231,13.492,50.969,2.249,0,4269832,123544,171092,3405868,7985.199,539.676,315.810,519.688,6.996,26.984,5777,6527,2.440,2.280,1.430,3,0,195.882,0,0,17,199,0,30,0
10-03 22:57:25,45.498,7.250,44.248,2.750,0,4399288,152728,171092,3249956,7693.581,539.971,539.971,431.976,10.999,37.998,3529,2429,2.440,2.280,1.430,4,0,2.000,0,0,17,199,0,30,0
10-03 22:57:26,36.016,7.503,48.772,6.253,0,4325208,272352,171096,3205912,6233.759,540.239,128.057,1764.781,11.005,237.105,4339,3873,2.440,2.280,1.430,1,3,74.033,0,0,17,220,0,30,0
10-03 22:57:27,32.602,24.076,35.361,8.025,0,4403368,192316,171104,3207764,5789.167,541.700,918.883,4197.171,9.028,470.476,7743,9879,2.560,2.310,1.450,3,1,572.797,0,0,17,221,0,31,0
10-03 22:57:28,31.967,24.974,41.457,0.749,0,4477668,116648,171108,3209608,15329.960,8451.157,523.452,375.607,10.989,22.976,8497,10610,2.560,2.310,1.450,3,0,496.481,0,0,17,226,0,33,0
10-03 22:57:29,60.834,14.959,19.447,4.488,0,4536732,162988,171124,3107860,8640.396,1391.200,263.281,1970.617,6.981,119.673,5618,5341,2.560,2.310,1.450,3,0,151.586,0,0,17,226,0,34,0
10-03 22:57:30,57.510,10.799,21.346,9.794,0,4639760,216044,171136,2955248,10970.507,6611.838,1631.362,1297.857,48.218,56.254,5085,4673,2.560,2.310,1.450,3,1,30.136,0,0,17,235,0,34,0
10-03 22:57:31,41.422,8.234,27.199,21.460,0,4594776,252424,171208,2963780,13425.709,5334.950,5809.057,2838.653,418.212,167.684,6190,7165,2.560,2.310,1.450,6,0,32.938,0,0,17,242,0,30,0
10-03 22:57:32,46.250,17.750,26.000,10.000,0,4693916,149364,171224,2967692,7485.052,1269.009,320.002,11196.078,44.000,682.005,7677,9800,2.840,2.370,1.470,3,0,327.002,0,0,17,244,0,34,0
10-03 22:57:33,27.541,21.532,47.572,2.003,0,4693876,174508,171228,2943572,17500.321,9829.784,84.127,10688.075,4.006,51.077,8413,11221,2.840,2.370,1.470,2,1,449.676,0,0,17,244,0,34,0
10-03 22:57:34,52.989,21.995,22.745,2.000,0,4731688,134540,171232,2945440,7550.384,1472.685,143.969,603.871,9.998,33.993,6770,7752,2.840,2.370,1.470,2,4,479.897,0,0,17,243,0,35,0
10-03 22:57:35,54.091,19.194,23.182,1.994,0,4788756,170172,171252,2855120,12811.376,8314.582,1112.732,861.470,51.848,36.892,6182,10423,2.840,2.370,1.470,2,1,340.999,0,0,17,246,0,30,0
10-03 22:57:36,52.645,25.320,19.805,1.253,0.251,4812176,165868,171252,2835836,11130.654,3646.041,60.166,1078.971,5.014,80.221,9116,13571,2.840,2.370,1.470,4,2,582.604,0,0,17,251,0,31,0
10-03 22:57:37,55.475,18.492,21.990,3.249,0,4903956,126036,171260,2785072,15531.057,6250.206,539.759,1327.407,32.985,71.968,8897,13549,2.850,2.380,1.480,4,3,303.864,0,0,17,260,0,32,0
10-03 22:57:38,58.453,13.739,23.731,3.497,0,4983736,184104,171260,2650000,11110.157,5663.492,159.873,2837.741,10.991,168.866,6057,6199,2.850,2.380,1.480,3,0,137.890,0,0,17,259,0,33,0
10-03 22:57:39,60.985,12.497,19.995,5.499,0,5095180,147488,171272,2577452,16837.723,9120.683,1919.512,1131.713,97.975,52.987,9757,21079,2.850,2.380,1.480,4,0,13.996,0,0,17,265,0,37,0
10-03 22:57:40,43.497,7.250,42.247,5.500,0,5150544,125360,171300,2545032,18184.861,10966.313,1223.923,679.957,31.998,63.996,4708,4706,2.850,2.380,1.480,3,2,10.999,0,0,17,270,0,38,0
10-03 22:57:41,47.305,25.029,24.779,2.753,0,5088688,194880,171560,2537504,10982.795,1470.713,4349.067,2141.495,65.076,107.125,8091,8823,2.850,2.380,1.480,4,0,588.686,0,0,17,269,0,39,0
10-03 22:57:42,47.234,21.243,30.490,0.250,0,5104220,178844,171560,2538440,15758.677,8317.191,863.708,467.842,8.997,28.990,8328,12314,2.940,2.410,1.490,3,0,373.874,0,0,17,270,0,39,0
10-03 22:57:43,75.325,15.766,8.509,0.501,0,5158752,143060,171564,2520768,9485.477,3617.614,916.916,1013.012,17.017,39.039,5644,4400,2.940,2.410,1.490,5,0,173.173,0,0,18,272,0,38,0
10-03 22:57:44,68.700,11.242,9.993,9.743,0,5276792,132720,171576,2417144,16402.052,8332.930,3093.746,775.435,139.898,35.974,5260,3502,2.940,2.410,1.490,3,0,14.989,0,0,18,275,0,38,0
10-03 22:57:45,65.299,14.511,16.262,3.002,0,5283696,145872,171604,2397700,12294.249,3635.735,1409.060,1777.337,46.035,132.099,8291,13061,2.940,2.410,1.490,3,0,230.173,0,0,18,281,0,40,0
10-03 22:57:46,38.337,8.713,47.796,3.983,0,5329060,128636,171620,2370512,14333.953,4102.528,1091.352,1230.758,24.894,124.470,4626,5222,2.940,2.410,1.490,2,0,10.953,0,0,18,285,0,40,0
10-03 22:57:47,32.373,7.027,57.719,2.259,0,5363972,119548,171620,2345512,25901.129,11214.487,867.286,851.225,11.042,74.281,4960,5472,2.950,2.420,1.500,3,0,8.030,0,0,18,291,1,40,1
10-03 22:57:48,40.506,8.751,49.757,0.500,0,5307432,181896,171620,2340468,16552957.961,145886.235,512.071,2996.416,4.001,24.003,9653,5383,2.950,2.420,1.500,3,1,72.010,0,0,18,290,0,40,0
10-03 22:57:49,25.007,11.253,61.017,2.001,0,5351812,135108,171620,2342876,15878.458,8769.462,2288.643,960.270,26.007,61.017,4786,4390,2.950,2.420,1.500,1,1,197.055,0,0,18,293,0,40,0
10-03 22:57:50,31.880,4.483,60.522,1.245,0,5354468,155924,171620,2320100,14122.819,8934.357,0,601.734,0,57.782,3257,3137,2.950,2.420,1.500,2,0,6.974,0,0,18,297,0,41,0
10-03 22:57:51,30.371,4.016,60.491,4.769,0,5383884,125936,171620,2320676,13718.742,10963.749,562.244,417.667,32.128,55.220,4924,6423,2.950,2.420,1.500,2,2,1.004,0,0,18,301,0,41,0
10-03 22:57:52,10.951,1.991,83.874,0.498,0,5377580,159808,171624,2293848,186649.353,6989053.323,0,1031.382,0,82.630,4127,3624,2.790,2.400,1.500,1,0,0,0,0,18,300,0,42,0
10-03 22:57:53,21.571,4.264,67.722,4.515,0,5436896,148044,171624,2248920,257807.057,9457406.416,0,5305.370,0,740.424,3827,1972,2.790,2.400,1.500,0,0,5.016,0,0,18,301,0,42,0
10-03 22:57:54,9.969,1.745,85.735,0.997,0,5429992,154932,171628,2248932,16710.417,8035.196,0,10256.340,0,23.926,1987,2240,2.790,2.400,1.500,0,4,0,0,0,18,301,0,42,1
10-03 22:57:55,9.251,3.500,80.008,5.751,0,5370716,214260,171628,2248944,378896.171,7051.673,0,1476.141,0,98.009,2975,3558,2.790,2.400,1.500,1,0,39.004,0,0,18,307,0,44,0
10-03 22:57:56,21.999,3.750,70.748,1.250,0,5240912,327680,171640,2265284,16151388.148,113030.999,95.997,839.978,5.000,74.998,9705,10564,2.790,2.400,1.500,1,0,2.000,0,0,18,304,0,42,0
10-03 22:57:57,13.270,16.775,67.852,0.501,0,5281528,286972,171640,2265376,7215.835,540.812,28.042,536.806,2.003,40.060,5924,5715,2.650,2.370,1.500,2,0,466.701,0,0,18,308,0,42,0
10-03 22:57:58,20.226,7.241,67.918,3.745,0,5329204,239280,171640,2265392,3804.409,539.349,0,17027.451,0,88.893,3370,3122,2.650,2.370,1.500,1,0,99.879,0,0,18,308,0,42,0
10-03 22:57:59,8.534,19.830,64.509,6.275,0,5293768,274672,171640,2265436,3605.503,542.181,4.016,10462.084,1.004,534.149,6707,5532,2.650,2.370,1.500,1,0,423.704,0,0,18,308,0,42,0
10-03 22:58:00,4.232,7.220,83.149,2.987,0,5287468,280964,171640,2265460,7405.781,537.733,0,2310.261,0,215.093,3555,3529,2.650,2.370,1.500,0,0,154.349,0,0,18,308,0,40,0
10-03 22:58:01,16.493,4.248,77.468,1.000,0,5338544,229888,171640,2265460,8415.534,539.778,0,651.732,0,39.984,2356,2490,2.650,2.370,1.500,1,1,9.996,0,0,18,308,0,40,0
10-03 22:58:02,14.995,1.999,79.224,2.749,0.250,5352920,215360,171640,2265612,15338.888,8417.195,0,1859.380,0,112.962,2219,2470,2.440,2.330,1.490,1,0,0,0,0,18,310,0,40,0
10-03 22:58:03,13.561,13.059,71.320,1.256,0,5316048,252124,171644,2265684,7062.704,1546.944,76.343,241.082,7.032,13.059,4964,4253,2.440,2.330,1.490,2,0,196.884,0,0,18,312,0,41,0
10-03 22:58:04,11.206,16.933,70.221,0,0,5312152,255624,171644,2266048,8096.883,537.866,0,179.289,0,8.964,5697,4595,2.440,2.330,1.490,2,0,247.020,0,0,18,312,0,39,0
10-03 22:58:05,17.255,11.003,70.272,0.750,0,5346000,221696,171644,2266120,5157.621,540.170,4.001,16417.160,1.000,40.013,4262,3665,2.440,2.330,1.490,1,0,158.050,0,0,18,312,0,39,0
10-03 22:58:06,23.996,3.000,69.739,1.500,0,5415132,152392,171644,2266292,5860.036,539.911,167.972,431.929,3.999,37.994,2470,2433,2.440,2.330,1.490,1,1,2.000,0,0,18,314,0,39,0
10-03 22:58:07,23.589,3.262,70.265,2.008,0,5375308,191920,171644,2266588,8766.031,542.042,285.074,606.285,11.042,60.227,3085,3150,2.320,2.310,1.480,2,2,12.045,0,0,18,314,0,39,0
10-03 22:58:08,28.365,4.479,64.443,1.742,0,5440028,126992,171644,2266780,8302.424,537.438,195.070,258.767,12.938,19.905,3337,12408,2.320,2.310,1.480,1,0,32.843,0,0,18,314,0,38,0
10-03 22:58:09,15.507,4.252,78.536,0.500,0,5448508,140432,171644,2245804,10137.638,6908.161,0,120.055,0,8.004,2287,2248,2.320,2.310,1.480,0,0,3.001,0,0,18,317,0,38,0
10-03 22:58:10,23.805,4.009,71.916,0,0,5353228,235572,171644,2245944,11460.409,1368.153,0,88.203,0,6.014,2637,2220,2.320,2.310,1.480,1,0,16.037,0,0,18,314,0,39,0
10-03 22:58:11,24.437,1.995,71.815,0.249,0,5380436,208232,171644,2246076,11035.558,538.612,0,175.548,0,21.943,2295,1952,2.320,2.310,1.480,2,0,0,0,0,18,314,0,39,0
10-03 22:58:12,10.275,18.795,70.169,0.251,0,5352144,236436,171648,2246144,7810.786,541.302,425.022,380.916,7.017,13.031,6139,5300,2.130,2.270,1.480,1,0,449.080,0,0,18,314,0,38,0
10-03 22:58:13,20.777,6.759,71.342,0.751,0,5381784,206656,171672,2246260,7234.310,540.696,8.010,192.247,2.003,19.024,3456,3087,2.130,2.270,1.480,1,0,152.196,0,0,18,314,0,38,0
10-03 22:58:14,18.249,2.500,77.496,0.750,0,5357932,225604,172108,2250680,9060.522,2889.848,0,747.961,0,9.000,2089,1947,2.130,2.270,1.480,1,0,16.999,0,0,18,314,0,38,0
10-03 22:58:15,20.432,2.990,74.503,1.246,0,5355304,226832,172184,2251988,12427.746,1871.787,0,518.280,0,21.927,2657,2720,2.130,2.270,1.480,0,1,19.934,0,0,18,315,0,38,0
10-03 22:58:16,19.086,3.265,74.836,2.009,0,5319352,256976,172688,2257160,10301.224,2327.444,80.361,1546.941,5.023,60.270,4574,6944,2.130,2.270,1.480,3,0,7.032,0,0,18,314,0,38,0
10-03 22:58:17,18.174,3.485,74.686,1.494,0,5310008,265796,172720,2257652,13816.844,2646.859,35.849,573.586,6.971,14.937,9108,16145,2.120,2.270,1.480,3,2,7.966,0,0,18,317,0,38,0
10-03 22:58:18,20.739,6.497,69.713,0.750,0,5332968,242360,172812,2258032,6339.678,1416.258,27.985,831.564,3.998,45.976,10947,19855,2.120,2.270,1.480,1,0,19.990,0,0,18,317,0,38,0
10-03 22:58:19,18.323,7.781,70.780,2.008,0,5281384,303800,172904,2248032,7481.633,716.839,8.032,1357.376,2.008,34.135,3545,3046,2.120,2.270,1.480,1,0,122.485,0,0,18,316,0,38,0
10-03 22:58:20,19.427,7.970,71.731,0,0,5342668,242604,172904,2248044,8861.780,607.722,0,0,0,0,3356,2926,2.120,2.270,1.480,1,0,146.451,0,0,18,316,0,38,0
10-03 22:58:21,19.256,2.001,78.276,0,0,5361396,223684,172904,2248236,9069.998,6557.167,0,0,0,0,1999,1861,2.120,2.270,1.480,0,0,0,0,0,18,317,0,38,0
10-03 22:58:22,16.996,7.498,74.234,0,0,5369112,215812,172904,2248392,8008.239,4790.946,15.996,0,1.000,0,3537,3356,2.030,2.250,1.480,1,0,117.974,0,0,18,316,0,42,0
10-03 22:58:23,16.245,2.249,79.976,0,0,5406800,178116,172904,2248400,12699.141,6251.100,0,0,0,0,1919,2008,2.030,2.250,1.480,1,0,0,0,0,18,317,0,42,0
10-03 22:58:24,19.334,5.524,73.822,0,0,5408964,175944,172904,2248408,8082.300,3466.139,0,56.246,0,2.009,2941,2676,2.030,2.250,1.480,1,0,70.307,0,0,18,316,0,43,0
10-03 22:58:25,16.183,2.988,78.924,1.245,0,5396064,188836,172904,2248416,14142.605,6173.509,0,306.733,0,37.844,2177,2021,2.030,2.250,1.480,1,0,0.996,0,0,18,317,0,43,0
10-03 22:58:26,18.764,4.753,74.554,0.250,0,5337392,247424,172904,2248500,16547.952,7858.676,32.023,292.211,2.001,26.019,3293,3236,2.030,2.250,1.480,2,0,56.040,0,0,18,316,0,44,0
10-03 22:58:27,20.297,3.508,74.925,0,0,5382608,202080,172904,2248628,10490.542,2931.859,0,148.347,0,9.021,4245,5559,1.870,2.210,1.470,5,1,1.002,0,0,18,317,0,44,0
10-03 22:58:28,20.190,4.487,73.033,0.997,0,5359236,225404,172904,2248680,15005.362,8351.157,15.953,378.873,0.997,33.899,3603,3617,1.870,2.210,1.470,1,0,31.905,0,0,18,316,0,46,0
10-03 22:58:29,18.502,3.250,77.510,0,0,5379344,205288,172904,2248688,5752.739,2785.358,0,148.019,0,9.001,2097,1954,1.870,2.210,1.470,0,0,0,0,0,18,317,0,46,0
10-03 22:58:30,10.500,1.250,82.254,4.000,0,5360596,224028,172904,2248696,11373.540,8333.395,0,3600.171,0,461.022,2659,3062,1.870,2.210,1.470,1,0,1.000,0,0,18,317,0,46,0
10-03 22:58:31,21.004,5.251,70.763,1.250,0,5366512,218100,172904,2248708,9659.835,1399.266,0,1468.279,0,127.024,3286,3312,1.870,2.210,1.470,1,0,49.009,0,0,18,318,0,47,0
10-03 22:58:32,15.250,1.750,82.250,0.250,0,5385408,199200,172904,2248712,13203.074,6199.035,0,164.001,0,11.000,2013,1983,1.800,2.190,1.460,1,0,0,0,0,18,319,0,39,0
10-03 22:58:33,18.490,4.498,76.460,0,0,5355812,228784,172904,2248724,11902.731,5045.343,0,123.935,0,7.996,2634,2376,1.800,2.190,1.460,1,0,31.983,0,0,18,318,0,42,0
10-03 22:58:34,17.999,2.000,78.746,0.250,0,5381168,203416,172904,2248736,11830.438,6603.686,0,155.993,0,15.999,2174,2150,1.800,2.190,1.460,0,0,0,0,0,18,319,0,42,0
10-03 22:58:35,10.048,7.285,80.383,0.754,0,5358816,225616,172904,2248888,12319.771,5442.965,0,422.013,0,31.149,3739,3941,1.800,2.190,1.460,2,0,156.748,0,0,18,318,0,43,0
10-03 22:58:36,4.230,2.239,87.578,4.727,0,5365260,217948,173456,2249560,13189.425,3434.445,1118.608,533.429,249.796,27.866,2217,2952,1.800,2.190,1.460,0,0,24.880,0,0,18,320,0,43,0
10-03 22:58:37,5.498,7.497,85.216,0.500,0,5355484,227668,173456,2249616,18037.896,2637.961,0,339.866,0,18.993,3292,3136,1.660,2.150,1.460,3,2,124.951,0,0,18,320,0,40,0
10-03 22:58:38,5.268,7.274,85.537,0.502,0,5334628,248504,173456,2249636,10453.091,2821.472,0,288.970,0,30.101,3132,3265,1.660,2.150,1.460,1,2,132.445,0,0,18,318,0,41,0
10-03 22:58:39,13.469,5.487,70.836,8.730,0,5345036,232068,173492,2255628,8025.422,538.753,3048.942,431.002,277.358,25.940,3137,3139,1.660,2.150,1.460,0,1,80.813,0,0,18,318,0,41,0
10-03 22:58:40,20.315,3.762,70.979,4.515,0,5359140,206588,173492,2266892,7523.237,529.707,3607.623,1452.680,203.656,18.058,2666,2791,1.660,2.150,1.460,2,1,13.042,0,0,18,318,0,41,0
10-03 22:58:41,11.952,1.245,83.911,0.996,0,5346952,215120,173552,2270456,18488.200,5016.703,3.984,633.437,0.996,32.867,1826,1963,1.660,2.150,1.460,1,0,4.980,0,0,18,320,0,32,0
10-03 22:58:42,13.302,7.530,72.285,5.773,0,5326440,232796,173684,2273128,6906.193,542.135,1108.364,3240.760,20.079,98.387,4211,4170,1.600,2.130,1.450,1,0,108.427,0,0,18,320,0,32,0
10-03 22:58:43,17.423,9.458,68.446,3.733,0,5361432,197696,173684,2273236,7912.867,537.613,83.629,226.992,5.973,14.934,3844,3590,1.600,2.130,1.450,1,1,194.138,0,0,18,320,0,32,0
10-03 22:58:44,14.762,1.751,81.565,0.500,0,5374376,184748,173684,2273240,11898.490,6780.408,0,100.080,0,11.009,1917,1870,1.600,2.130,1.450,0,0,0,0,0,18,321,0,32,0
10-03 22:58:45,20.745,5.249,70.233,2.499,0,5348220,210880,173684,2273264,21624.840,16837.982,0,387.907,0,43.990,3175,3148,1.600,2.130,1.450,2,0,48.988,0,0,18,320,0,33,0
10-03 22:58:46,17.506,2.251,77.027,2.251,0,5339672,219396,173684,2273296,14557.100,6843.398,16.006,1868.655,1.000,316.111,2773,2940,1.600,2.130,1.450,0,1,1.000,0,0,18,321,0,33,0
10-03 22:58:47,17.555,3.762,73.731,4.263,0,5288776,269868,173684,2273720,10268.235,3048.570,417.310,425.335,25.079,27.085,2714,2745,1.550,2.110,1.450,2,2,14.044,0,0,18,320,0,35,0
10-03 22:58:48,17.945,2.492,78.261,0.498,0,5326960,231684,173684,2273720,11605.538,6233.952,0,239.269,0,17.945,2152,2159,1.550,2.110,1.450,1,0,0,0,0,18,321,0,35,0
10-03 22:58:49,13.502,3.001,69.262,11.502,0,5318916,237528,173684,2275920,8682.558,1377.247,2144.385,1136.204,88.016,142.025,4436,6510,1.550,2.110,1.450,1,1,2.000,0,0,18,323,0,32,0
10-03 22:58:50,20.507,4.251,67.524,6.002,0,5334736,221684,173684,2275944,7426.589,1780.621,0,3793.322,0,244.085,4154,5639,1.550,2.110,1.450,2,2,5.002,0,0,18,322,0,33,0
10-03 22:58:51,16.754,2.751,77.767,1.750,0,5363440,192968,173684,2275956,14255.052,6768.449,0,2316.496,0,35.007,2183,2135,1.550,2.110,1.450,0,1,0,0,0,18,323,0,33,0
10-03 22:58:52,14.733,3.746,77.660,1.998,0,5360600,195712,173684,2276052,9539.984,4934.302,79.908,978.870,2.997,111.871,4727,6625,1.510,2.090,1.450,0,1,0,0,0,18,323,0,33,0
10-03 22:58:53,12.558,19.088,67.310,1.005,0,5334956,221164,173684,2276244,5254.225,741.418,0,659.039,0,52.241,6664,6319,1.510,2.090,1.450,1,1,600.770,0,0,18,322,0,30,0
10-03 22:58:54,8.254,21.510,67.533,0.250,0,5331032,225044,173684,2276288,7420.618,540.263,0,376.183,0,32.016,7594,7226,1.510,2.090,1.450,1,1,759.370,0,0,18,322,0,30,0
10-03 22:58:55,8.738,22.969,64.661,3.246,0,5333960,222084,173684,2276320,9120.510,485.335,0,2169.030,0,134.815,7728,7678,1.510,2.090,1.450,1,0,717.018,0,0,18,322,0,30,0
10-03 22:58:56,8.503,22.757,67.521,0,0,5325788,230224,173684,2276352,8646.704,540.169,0,132.041,0,18.006,7289,6727,1.510,2.090,1.450,2,0,697.218,0,0,18,322,0,30,0
10-03 22:58:57,9.006,22.016,67.548,0,0,5323144,232816,173684,2276404,6352.519,540.384,0,324.231,0,18.013,7333,6813,1.550,2.090,1.450,1,1,677.482,0,0,18,322,0,25,0
10-03 22:58:58,12.947,15.188,69.714,0.996,0,5334732,273532,173684,2228044,9188.327,537.795,3.984,171.298,0.996,16.931,5555,5231,1.550,2.090,1.450,0,2,386.416,0,0,18,322,0,25,0
10-03 22:58:59,20.832,4.518,70.026,3.514,0,5364256,280436,174152,2197436,5697.449,542.136,8.032,3397.386,2.008,21.083,2397,2101,1.550,2.090,1.450,1,0,4.016,0,0,18,322,0,25,0
10-03 22:59:00,15.475,1.997,79.873,2.246,0,5363860,279432,174236,2198760,11566.572,3410.566,43.930,1078.282,5.990,28.954,2205,2419,1.550,2.090,1.450,3,0,19.968,0,0,18,323,0,25,0
10-03 22:59:01,11.469,1.496,81.277,3.740,0,5375572,266880,174308,2199568,13304.527,7721.831,678.141,1081.036,42.882,48.866,2191,2527,1.550,2.090,1.450,0,0,3.989,0,0,18,323,0,25,0
10-03 22:59:02,7.495,1.999,66.455,23.484,0,5371484,270412,174380,2200088,19280.891,7482.912,279.810,6235.760,27.981,440.700,2181,2461,1.430,2.060,1.440,0,1,0,0,0,18,323,0,25,0
10-03 22:59:03,8.754,1.251,83.039,5.753,0,5374704,266632,174452,2200576,17995.541,7568.592,260.123,1088.517,32.015,45.021,1657,1963,1.430,2.060,1.440,1,0,0,0,0,18,323,0,25,0
10-03 22:59:04,14.250,0.750,81.251,2.750,0,5392976,247160,174516,2201712,15739.251,6171.098,1040.017,820.013,43.001,33.001,1870,1880,1.430,2.060,1.440,2,0,0,0,0,18,323,0,25,0
10-03 22:59:05,10.755,1.501,84.290,2.251,0,5388568,250808,174596,2202388,16776.927,8524.028,508.240,944.446,36.017,34.016,1796,1973,1.430,2.060,1.440,1,0,1.000,0,0,18,323,0,24,0
10-03 22:59:06,10.999,1.000,83.740,2.750,0,5400080,238392,174668,2203216,19298.581,8409.946,491.938,995.875,26.997,27.996,1785,1903,1.430,2.060,1.440,0,0,0,0,0,18,323,0,24,0
10-03 22:59:07,9.502,1.750,77.267,10.252,0,5401824,208932,174712,2230884,17374.799,3766.824,11802.580,1144.250,132.029,46.010,2061,2158,1.390,2.040,1.440,3,1,0,0,0,18,323,0,24,0
10-03 22:59:08,26.494,4.749,64.236,3.749,0,5396016,202428,175308,2242596,5309.811,539.879,0,1439.678,0,82.981,3620,11823,1.390,2.040,1.440,2,0,36.992,0,0,18,323,0,25,0
10-03 22:59:09,22.750,2.000,70.250,3.500,0,5403892,178500,175512,2258300,9102.053,634.004,0,1760.010,0,50.000,2437,2256,1.390,2.040,1.440,1,0,0,0,0,18,323,0,24,0
10-03 22:59:10,19.497,2.250,71.487,5.749,0,5421920,141176,175860,2276872,6902.793,539.906,0,2303.597,0,93.984,2423,2548,1.390,2.040,1.440,0,1,0,0,0,18,323,0,24,0
10-03 22:59:11,20.007,2.001,71.276,5.002,0,5408784,142544,176324,2288000,5129.847,486.175,0,2272.818,0,103.037,2536,2631,1.390,2.040,1.440,1,0,0,0,0,18,323,0,24,0
10-03 22:59:12,17.748,3.000,69.741,8.499,0,5395776,144240,176908,2298528,8750.814,539.927,31.996,5243.289,1.000,100.986,2587,2799,1.520,2.060,1.450,0,2,0,0,0,18,323,0,24,0
10-03 22:59:13,18.501,3.750,69.004,8.250,0,5343380,208784,177232,2285928,5629.310,714.039,0,13116.722,0,172.009,2545,2536,1.520,2.060,1.450,1,0,2.000,0,0,18,322,0,23,0
10-03 22:59:14,16.487,3.247,78.687,0.749,0,5376600,175528,177252,2285944,11787.541,2581.928,0,515.586,0,3.997,2239,2023,1.520,2.060,1.450,0,0,32.974,0,0,18,323,0,23,0
10-03 22:59:15,22.509,3.001,71.279,1.501,0,5374436,171856,177332,2291668,6765.714,780.313,0,1488.597,0,32.013,2628,2544,1.520,2.060,1.450,3,0,5.002,0,0,18,322,0,23,0
10-03 22:59:16,16.017,3.253,76.833,2.753,0,5347712,193036,177704,2296720,10528.322,3658.935,0,1325.425,0,37.040,2488,2722,1.520,2.060,1.450,2,1,19.020,0,0,18,322,0,23,0
10-03 22:59:17,24.117,5.221,67.875,0.249,0,5362912,177248,177768,2297224,7373.316,537.037,0,262.551,0,29.835,12034,22149,1.560,2.050,1.450,6,2,16.907,0,0,18,322,0,23,0
10-03 22:59:18,21.844,6.779,66.788,3.766,0,5358476,192828,177812,2286032,5531.866,488.106,0,2538.954,0,128.555,9558,16891,1.560,2.050,1.450,1,1,15.065,0,0,18,322,0,23,0
10-03 22:59:19,23.608,4.018,71.830,0,0,5328340,222964,177812,2286064,4943.695,542.490,0,667.062,0,17.078,4297,5467,1.560,2.050,1.450,1,0,55.254,0,0,18,322,0,23,0
10-03 22:59:20,22.665,5.230,69.241,0.996,0,5387660,163632,177812,2286076,7154.205,1005.235,0,561.896,0,20.922,9722,17267,1.560,2.050,1.450,0,1,35.866,0,0,18,323,0,23,0
10-03 22:59:21,17.997,2.250,76.489,2.250,0,5382176,163484,177812,2291708,13799.045,2396.660,0,683.903,0,10.998,2083,1958,1.560,2.050,1.450,2,0,2.000,0,0,18,322,0,23,0
10-03 22:59:22,22.846,4.268,71.049,0.753,0,5389132,155364,177812,2292872,14094.267,3429.421,273.149,879.699,3.013,35.148,2952,2796,1.670,2.070,1.460,1,1,22.093,0,0,18,323,0,21,0
10-03 22:59:23,41.428,9.733,45.920,1.248,0,5389812,150120,177812,2297372,9424.576,712.758,511.109,874.476,3.993,18.967,11792,19712,1.670,2.070,1.460,2,0,22.960,0,0,18,322,0,21,0
10-03 22:59:24,23.768,7.256,67.302,0,0,5391432,148236,177824,2297624,6912.348,540.418,256.198,508.393,2.002,7.005,11529,20111,1.670,2.070,1.460,1,0,20.015,0,0,18,322,0,21,0
10-03 22:59:25,22.417,3.985,70.240,2.242,0,5382492,168684,177844,2286128,9274.729,538.012,0,916.613,0,20.923,2602,2311,1.670,2.070,1.460,1,0,22.915,0,0,18,322,0,21,0
10-03 22:59:26,22.769,6.505,68.808,1.001,0,5351364,193248,177844,2292692,7126.981,486.408,0,380.319,0,22.018,3750,3635,1.670,2.070,1.460,1,2,97.081,0,0,18,322,0,18,0
10-03 22:59:27,26.359,3.481,67.389,0.995,0,5370072,170156,177844,2297068,7314.798,578.898,3.979,795.735,0.995,11.936,3929,5341,1.620,2.050,1.460,3,0,16.909,0,0,18,322,1,18,0
10-03 22:59:28,14.067,2.261,78.622,4.521,0,5382972,157092,177844,2297232,21373.053,8852.857,0,6482.650,0,272.287,2957,3124,1.620,2.050,1.460,2,1,0,0,0,18,323,0,20,0
10-03 22:59:29,9.496,1.000,80.218,7.247,0,5377560,162140,177844,2297596,23990.544,12030.258,0,1583.376,0,58.977,1923,2246,1.620,2.050,1.460,0,0,0,0,0,18,323,0,20,0
10-03 22:59:30,5.501,1.000,88.772,3.251,0,5373944,165684,177844,2297668,59901.704,4355.069,0,684.168,0,44.011,1831,2381,1.620,2.050,1.460,2,0,1.000,0,0,18,324,0,16,0
10-03 22:59:31,8.993,1.499,85.435,3.497,0,5369312,170104,177844,2297864,105314.130,8898.252,0,1486.872,0,75.942,1996,2475,1.620,2.050,1.460,0,1,0.999,0,0,18,324,0,16,0
10-03 22:59:32,14.511,1.501,74.308,7.256,0,5385540,153660,177844,2298076,14923.730,8546.718,32.025,3442.706,1.001,173.136,2379,2912,1.570,2.040,1.460,0,1,0,0,0,18,324,0,16,0
10-03 22:59:33,12.500,1.500,80.750,4.250,0,5396924,141972,177844,2298364,23263.931,10085.970,0,1483.996,0,48.000,1787,1925,1.570,2.040,1.460,1,1,0,0,0,18,324,0,16,0
10-03 22:59:34,8.001,2.250,80.256,8.501,0,5393896,144724,177844,2298640,280828.447,8624.659,0,20325.552,0,321.025,2333,2347,1.570,2.040,1.460,0,2,0,0,0,18,324,0,12,0
10-03 22:59:35,3.249,2.749,65.483,26.993,0,5391860,146648,177844,2298740,36072.832,4805.779,0,32575.721,0,272.931,2074,2737,1.570,2.040,1.460,1,1,1.000,0,0,18,324,0,12,0
10-03 22:59:36,3.502,2.502,71.795,21.013,0,5390088,148356,177844,2298800,24223.246,4595.893,0,17803.205,0,173.109,1953,2428,1.570,2.040,1.460,0,1,0,0,0,18,324,0,12,0
10-03 22:59:37,3.499,2.250,70.987,21.746,0,5388852,149540,177844,2298852,18838.596,3101.440,3.999,24319.605,1.000,165.970,1942,2479,1.520,2.020,1.450,3,1,0,0,0,18,324,0,12,0
10-03 22:59:38,3.748,1.749,67.959,24.735,0,5380580,157740,177844,2298924,31058.335,4298.417,23.986,13048.159,2.998,288.826,2112,2660,1.520,2.020,1.450,0,2,0,0,0,18,324,0,10,0
10-03 22:59:39,5.012,1.754,75.179,17.542,0,5380592,157740,177852,2298920,52286.526,7473.800,0,10192.274,0,189.451,1838,2266,1.520,2.020,1.450,0,0,0,0,0,18,324,0,10,0
10-03 22:59:40,11.974,1.247,80.078,4.989,0,5386396,151440,177864,2299404,15301.066,9270.047,103.777,1109.612,5.987,38.916,1818,2077,1.520,2.020,1.450,0,0,0,0,0,18,324,0,10,0
10-03 22:59:41,5.750,1.750,81.751,8.000,0,5386428,131896,177876,2318872,5654026.312,48453.714,0,6172.091,0,37.001,3437,2705,1.520,2.020,1.450,0,0,3.000,0,0,18,324,0,10,0
10-03 22:59:42,6.751,2.750,81.760,7.001,0,5379364,130004,177896,2327808,11852389.137,82409.826,164.020,12657.509,4.000,73.009,5458,3693,1.400,1.980,1.450,0,1,2.000,0,0,18,324,0,9,0
10-03 22:59:43,15.751,2.250,75.507,5.250,0,5381300,121468,178184,2334120,299827.533,3019.277,0,2168.199,0,94.009,2170,2252,1.400,1.980,1.450,1,0,1.000,0,0,18,324,0,9,0
10-03 22:59:44,20.251,3.500,71.753,3.750,0,5387356,137720,179700,2310292,8091.374,540.025,0,3756.174,0,64.003,2393,2323,1.400,1.980,1.450,1,0,0,0,0,18,324,0,9,0
10-03 22:59:45,22.251,2.250,68.754,5.500,0,5393056,133996,180076,2307564,8160.494,540.033,4.000,1816.110,1.000,44.003,2615,2675,1.400,1.980,1.450,1,1,2.000,0,0,18,324,0,9,0
10-03 22:59:46,20.508,2.501,70.778,4.252,0,5405848,126908,180804,2301412,6619.632,540.215,0,2757.096,0,115.046,2989,3323,1.400,1.980,1.450,1,1,1.000,0,0,18,324,0,7,0
10-03 22:59:47,19.488,3.498,69.707,5.996,0,5397396,127944,181480,2308020,4513.206,539.666,0,2074.716,0,67.958,2502,2464,1.450,1.980,1.450,3,1,0,0,0,18,324,0,7,0
10-03 22:59:48,20.754,2.500,68.513,7.001,0,5393652,135960,182032,2303184,8222.506,486.089,0,2400.440,0,112.021,3037,3703,1.450,1.980,1.450,1,2,0,0,0,18,324,0,7,0
10-03 22:59:49,22.089,2.259,71.289,3.514,0,5391672,127632,183360,2312008,8193.160,542.194,0,2433.850,0,145.589,2459,2151,1.450,1.980,1.450,1,0,0,0,0,18,324,0,7,0
10-03 22:59:50,20.251,3.250,72.002,3.250,0,5394820,125828,184220,2309844,4139.131,540.017,8.000,2184.069,2.000,77.002,2443,2475,1.450,1.980,1.450,1,0,0,0,0,18,324,0,4,0
10-03 22:59:51,15.439,1.992,76.449,4.233,0,5427716,145036,184804,2256964,13066.638,3015.148,0,1649.516,0,54.785,2190,2263,1.450,1.980,1.450,1,0,0,0,0,18,322,0,4,1
10-03 22:59:52,24.600,3.765,70.536,0.502,0,5371580,201436,184804,2256716,3832.533,650.637,0,1096.444,0,37.151,3156,3149,1.410,1.970,1.450,3,1,28.114,0,0,18,322,0,4,0
10-03 22:59:53,17.748,2.000,77.742,1.250,0,5367108,200236,184860,2262332,16554.274,2823.706,0,1415.852,0,31.997,2212,2092,1.410,1.970,1.450,1,0,8.999,0,0,18,322,0,4,0
10-03 22:59:54,15.751,2.750,79.753,0.750,0,5368652,198472,184860,2262456,16717.586,3481.122,0,824.029,0,76.003,2187,2003,1.410,1.970,1.450,1,0,17.001,0,0,18,323,0,3,0
10-03 22:59:55,21.897,5.474,68.676,2.239,0,5360548,199888,185268,2267828,4944.699,710.651,0,1966.732,0,15.925,10758,19686,1.410,1.970,1.450,1,1,14.930,0,0,18,322,0,3,0
10-03 22:59:56,23.496,5.999,67.738,1.250,0.250,5361840,198264,185300,2268080,8156.534,527.905,0,1543.723,0,12.998,11198,19751,1.410,1.970,1.450,1,0,12.998,0,0,18,322,0,3,0
10-03 22:59:57,19.833,6.527,72.053,0.251,0,5358232,203532,185340,2266348,6673.028,542.278,0,441.856,0,11.046,2421,1929,1.380,1.950,1.440,5,0,7.030,0,0,18,322,0,3,0
10-03 22:59:58,22.425,3.737,69.517,3.239,0,5318924,251392,185340,2258628,7507.798,538.193,247.170,1869.724,3.987,33.886,2641,2699,1.380,1.950,1.440,0,2,6.977,0,0,18,324,0,3,0
10-03 22:59:59,21.499,3.250,68.498,5.250,0,5328972,239800,185340,2260176,7595.763,539.983,459.986,2391.925,16.999,86.997,4937,6524,1.380,1.950,1.440,0,2,0,0,0,18,327,0,8,0
10-03 23:00:00,19.506,4.501,63.269,10.753,0,5329540,238540,185340,2260864,4731.415,540.162,608.182,1824.546,36.011,229.069,6537,10125,1.380,1.950,1.440,1,1,2.001,0,0,18,326,0,9,0
10-03 23:00:01,10.498,18.996,65.987,3.999,0,5283044,284504,185340,2261396,8487.336,539.894,271.947,1711.664,2.999,98.981,6394,5984,1.380,1.950,1.440,0,3,434.915,0,0,18,326,0,9,0
10-03 23:00:02,10.531,4.513,67.452,15.797,0,5260976,296888,185416,2271000,6492.404,541.619,9829.377,3037.077,1088.252,155.465,3724,4946,1.350,1.940,1.440,1,1,21.063,0,0,18,326,0,11,0
10-03 23:00:03,5.482,2.492,68.032,21.680,0,5239416,287524,185420,2301904,5862.181,538.272,30801.119,2232.832,2079.325,316.982,4365,6202,1.350,1.940,1.440,0,2,3.987,0,0,18,326,0,11,0
10-03 23:00:04,5.999,2.499,85.730,4.749,0,5248860,275684,185420,2304300,10074.665,1500.652,2387.447,2903.327,317.926,109.975,2136,2967,1.350,1.940,1.440,0,0,5.999,0,0,18,327,0,11,0
10-03 23:00:05,2.999,0.500,95.480,0.250,0,5247880,276668,185420,2304296,48381.111,3682.247,0,59.988,0,6.999,1360,1865,1.350,1.940,1.440,0,0,1.000,0,0,18,327,0,11,0
10-03 23:00:06,17.080,5.777,75.854,0,0,5236280,288104,185444,2304436,22957.207,1717.018,96.450,482.252,2.009,5.023,2695,2304,1.350,1.940,1.440,3,0,29.136,0,0,18,322,0,14,0
10-03 23:00:07,38.429,7.486,51.654,1.248,0,4951008,573396,185444,2304284,8128.914,539.000,7.985,243.548,1.996,11.978,3567,2806,1.560,1.970,1.460,3,1,5.989,0,0,18,297,0,17,0
10-03 23:00:08,71.296,9.473,18.946,0,0,5133972,390424,185448,2304460,9673.329,538.460,0,275.213,0,13.960,4756,11432,1.560,1.970,1.460,3,1,36.894,0,0,18,299,0,19,0
10-03 23:00:09,76.647,8.544,13.319,1.759,0,5272884,249136,185460,2306804,123711.079,59019.845,478.480,788.084,13.068,51.266,8477,9947,1.560,1.970,1.460,3,1,6.031,0,0,18,303,0,26,0
10-03 23:00:10,32.691,2.995,39.179,23.208,0,5308580,213160,185460,2307084,114703.883,52616.991,0,12729.016,0,532.039,4918,5664,1.560,1.970,1.460,2,4,0,0,0,18,309,0,28,0
10-03 23:00:11,34.122,4.234,53.300,6.227,0,5202540,319548,185460,2307128,43285.416,17181.465,0,4961.365,0,686.422,4170,3380,1.560,1.970,1.460,3,1,5.978,0,0,18,291,0,28,0
10-03 23:00:12,43.456,6.244,47.702,2.248,0,5308768,213320,185460,2307116,9005.965,485.513,0,835.162,0,15.984,3384,2435,1.680,1.990,1.460,2,0,1.998,0,0,18,293,0,30,0
10-03 23:00:13,23.042,3.256,72.882,0,0,5316684,203524,185460,2308996,44951.654,18732.027,32.058,400.728,2.004,38.069,6215,13696,1.680,1.990,1.460,1,0,0,0,0,18,299,0,31,0
10-03 23:00:14,1.500,0.250,96.468,0,0,5313884,206324,185460,2308996,8637.145,539.822,0,411.864,0,10.996,1188,1719,1.680,1.990,1.460,1,1,0,0,0,18,299,0,31,0
10-03 23:00:15,2.002,1.251,91.839,3.754,0,5314136,206072,185460,2308996,5940.771,540.525,0,1737.688,0,35.034,1545,2335,1.680,1.990,1.460,0,1,2.002,0,0,18,299,0,31,0
10-03 23:00:16,1.749,1.998,66.193,27.477,0,5293784,226400,185464,2309016,7779.352,539.539,3.997,29926.425,0.999,977.165,2709,3227,1.680,1.990,1.460,0,0,0.999,0,0,18,299,0,31,0
10-03 23:00:17,2.252,2.502,93.574,0.751,0,5293964,226208,185468,2309024,7505.918,540.426,4.003,24619.411,1.001,236.186,2052,2678,1.700,1.990,1.470,1,4,0,0,0,18,299,0,31,0
10-03 23:00:18,2.249,2.498,80.948,12.992,0,5282236,237928,185468,2309028,4334.232,539.655,0,23281.130,0,313.800,2208,3151,1.700,1.990,1.470,0,1,0,0,0,18,299,0,31,0
10-03 23:00:19,1.250,1.250,61.980,33.989,0,5282896,237228,185468,2309068,7478.571,485.842,31.990,18362.036,1.000,221.928,1710,2562,1.700,1.990,1.470,0,1,0,0,0,18,299,0,31,0
10-03 23:00:20,2.251,2.001,88.022,7.002,0,5272868,247248,185468,2309068,7357.880,540.138,0,21073.384,0,248.063,1869,2520,1.700,1.990,1.470,0,1,0,0,0,18,299,0,31,0
10-03 23:00:21,2.750,2.000,75.761,18.253,0,5272868,247248,185468,2309068,3412.508,540.080,0,16646.477,0,260.039,2143,3018,1.700,1.990,1.470,0,1,0,0,0,18,299,0,31,0
10-03 23:00:22,1.749,1.999,81.220,13.745,0,5273080,246996,185476,2309088,8456.912,539.803,7.997,26486.329,1.999,171.937,1804,2290,1.810,2.010,1.480,0,0,1.999,0,0,18,299,0,31,0
10-03 23:00:23,1.501,1.501,95.790,0,0,5273076,246996,185476,2309088,6449.711,540.227,0,9127.836,0,101.042,1427,1987,1.810,2.010,1.480,0,0,0,0,0,18,299,0,31,0
10-03 23:00:24,1.499,0.500,96.967,0,0,5273076,246996,185476,2309088,8116.278,539.819,0,0,0,0,1130,1579,1.810,2.010,1.480,1,0,0,0,0,18,299,0,31,0
10-03 23:00:25,1.750,1.000,94.003,2.250,0,5273576,246496,185476,2309088,7216.204,540.015,0,428.012,0,10.000,1287,1733,1.810,2.010,1.480,0,0,1.000,0,0,18,299,0,31,0
10-03 23:00:26,2.001,1.000,95.529,0,0,5273176,246856,185480,2309124,4730.427,540.163,0,84.025,0,9.003,1260,1838,1.810,2.010,1.480,1,0,0,0,0,18,299,0,31,0
10-03 23:00:27,1.999,0.750,95.948,0,0,5273172,246856,185480,2309128,6978.211,485.736,0,39.978,0,1.999,1230,1735,1.660,1.970,1.470,2,0,0,0,0,18,299,0,31,0
10-03 23:00:28,2.501,0.750,95.550,0.250,0,5273400,246616,185480,2309140,5861.057,540.282,0,496.259,0,24.013,1494,2064,1.660,1.970,1.470,0,0,0,0,0,18,299,0,31,0
10-03 23:00:29,5.249,2.500,90.740,0.500,0,5277492,242360,185484,2309300,5150.408,539.938,31.996,279.968,1.000,9.999,3239,5453,1.660,1.970,1.470,0,0,1.000,0,0,18,299,0,31,0
10-03 23:00:30,5.250,1.000,92.247,0.250,0,5277488,242360,185484,2309304,10250.687,539.984,0,279.991,0,32.999,2142,2744,1.660,1.970,1.470,0,0,1.000,0,0,18,299,0,33,0
10-03 23:00:31,4.762,4.010,88.218,1.754,0,5272828,246792,185484,2309532,6096.085,541.340,180.447,352.873,9.022,42.104,2751,3389,1.660,1.970,1.470,1,0,54.134,0,0,18,299,0,31,0
10-03 23:00:32,7.756,20.766,69.805,0.250,0,5302344,217136,185484,2309672,8223.496,540.427,0,132.104,0,10.008,7065,6683,1.530,1.940,1.460,2,0,649.513,0,0,18,299,0,31,0
10-03 23:00:33,9.001,19.501,70.254,0,0,5300280,219160,185488,2309704,7602.484,540.034,0,2536.162,0,23.001,7086,6651,1.530,1.940,1.460,1,0,611.039,0,0,18,299,0,31,0
10-03 23:00:34,8.506,21.515,67.296,1.501,0,5309408,209980,185488,2309756,3248.240,486.335,20.014,1104.762,1.001,58.040,7615,7862,1.530,1.940,1.460,2,0,737.509,0,0,18,299,0,31,0
10-03 23:00:35,11.499,6.999,71.495,7.999,0,5325620,153940,185640,2349432,12433.044,539.958,39796.939,4.000,340.974,1.000,3630,3511,1.530,1.940,1.460,2,0,145.989,0,0,18,299,0,31,0
10-03 23:00:36,9.217,2.740,85.693,1.246,0,5340368,139140,185644,2349476,8632.040,1187.740,51.814,3.986,5.979,0.996,2488,2617,1.530,1.940,1.460,0,0,25.907,0,0,18,300,0,31,0
10-03 23:00:37,2.000,0.500,93.747,2.250,0,5337608,141820,185644,2349556,88604.765,2849.896,0,1383.949,0,250.991,1483,1853,1.410,1.910,1.450,2,0,0,0,0,18,300,0,31,0
10-03 23:00:38,1.999,1.250,95.213,0.250,0,5333140,146028,185644,2349816,277223.334,7599.076,0,267.897,0,19.992,1620,2094,1.410,1.910,1.450,0,0,0,0,0,18,300,0,31,0
10-03 23:00:39,2.500,1.000,94.000,0.250,0,5329768,148900,185644,2350316,508799.715,13014.018,16.000,156.000,1.000,12.000,1968,2239,1.410,1.910,1.450,0,0,0,0,0,18,300,0,31,0
10-03 23:00:40,2.500,1.750,92.005,1.750,0,5329088,148976,185644,2350920,648496.898,16644.844,0,448.023,0,34.002,2354,2560,1.410,1.910,1.450,0,0,1.000,0,0,18,300,0,31,0
10-03 23:00:41,3.250,1.750,91.746,2.000,0,5327276,149988,185776,2351588,699014.969,19794.206,131.995,2347.906,3.000,31.999,2408,2788,1.410,1.910,1.450,0,0,0,0,0,18,300,0,31,0
10-03 23:00:42,1.250,0.500,94.762,1.750,0,5324752,152460,185776,2351640,54186.582,1606.195,0,368.045,0,22.003,1259,1845,1.290,1.870,1.440,0,0,0,0,0,18,300,0,31,0
10-03 23:00:43,2.000,1.000,95.494,0,0,5322212,154788,185776,2351852,231459.654,5489.660,0,8.000,0,2.000,1480,1885,1.290,1.870,1.440,0,0,0,0,0,18,300,0,31,0
10-03 23:00:44,1.751,1.000,95.535,0,0,5320468,156148,185776,2352236,415777.072,9849.603,0,3025.106,0,80.029,1753,1915,1.290,1.870,1.440,0,0,0,0,0,18,300,0,31,0
10-03 23:00:45,3.249,1.250,92.719,1.250,0,5319816,156260,185776,2352812,616487.205,14664.057,0,1335.550,0,12.996,2073,2490,1.290,1.870,1.440,0,0,1.999,0,0,18,300,0,31,0
10-03 23:00:46,2.250,1.250,95.005,0.250,0,5320156,155784,185776,2352948,140705.694,2322.127,0,420.023,0,26.001,1526,2225,1.290,1.870,1.440,0,0,1.000,0,0,18,300,0,31,0
10-03 23:00:47,1.752,0.751,95.840,0.250,0,5319636,156292,185776,2352960,101079.151,2995.820,0,168.158,0,12.011,1370,1865,1.190,1.840,1.430,0,0,0,0,0,18,300,0,31,0
10-03 23:00:48,1.997,0.999,95.609,0.250,0,5319576,156068,185776,2353244,201918.633,3175.308,0,399.410,0,14.978,1406,1957,1.190,1.840,1.430,0,0,0,0,0,18,300,0,31,0
10-03 23:00:49,2.251,0.750,91.036,4.252,0,5319856,155368,185780,2353660,424885.888,2797.092,32.012,3165.236,1.000,165.064,1671,2504,1.190,1.840,1.430,0,0,0,0,0,18,300,0,31,0
10-03 23:00:50,7.761,3.255,86.121,1.752,0,5326436,169988,185660,2332780,196240.597,3316.641,2491.486,548.768,24.034,24.034,2063,2312,1.190,1.840,1.430,1,0,15.021,0,0,18,299,0,32,0
10-03 23:00:51,7.740,5.992,68.909,14.980,0,5348736,126020,185760,2354348,8276.120,539.291,3043.998,19650.167,31.958,250.670,3925,5103,1.190,1.840,1.430,0,1,37.950,0,0,18,299,0,32,0
10-03 23:00:52,4.506,7.510,70.598,15.522,0,5347816,125560,185760,2355728,6964.649,540.749,36.050,5355.419,2.003,598.830,4177,5263,1.170,1.830,1.430,1,0,54.075,0,0,18,299,0,32,0
10-03 23:00:53,4.493,6.490,70.393,17.224,0,5346768,123844,186016,2357900,7467.608,539.177,0,5982.873,0,850.702,4122,5450,1.170,1.830,1.430,0,1,41.936,0,0,18,299,0,32,0
10-03 23:00:54,4.001,6.502,72.517,14.753,0,5342268,124000,186356,2361408,6321.474,540.126,0,5801.352,0,539.126,3810,4949,1.170,1.830,1.430,0,1,39.009,0,0,18,299,0,32,0
10-03 23:00:55,16.011,6.755,67.796,8.506,0,5341528,152340,186352,2334260,10447.070,540.366,156.106,3122.113,5.003,226.153,3371,3339,1.170,1.830,1.430,2,0,28.019,0,0,18,299,0,32,0
10-03 23:00:56,19.807,5.767,67.444,6.268,0,5347432,145580,186376,2335060,7731.221,487.401,4.012,1255.609,1.003,80.231,3291,3018,1.170,1.830,1.430,2,0,33.095,0,0,18,299,0,32,0
10-03 23:00:57,20.759,6.503,68.028,3.752,0,5353560,138788,186436,2335648,4741.970,540.224,0,1324.550,0,79.033,3419,2984,1.160,1.810,1.430,4,1,29.012,0,0,18,299,0,32,0
10-03 23:00:58,21.674,5.232,68.511,3.239,0,5349488,139816,186568,2338440,7337.431,538.125,0,1303.458,0,66.767,3558,3475,1.160,1.810,1.430,2,0,19.931,0,0,18,299,0,32,0
10-03 23:00:59,21.564,4.513,70.209,3.260,0,5343072,142648,186600,2341048,7784.141,541.610,84.250,850.528,14.042,43.128,2844,2723,1.160,1.810,1.430,2,0,12.036,0,0,18,299,0,32,0
10-03 23:01:00,11.245,6.247,69.470,11.495,0,5375652,138568,186448,2314772,2873.775,539.770,111.952,5637.597,27.988,128.945,3710,5535,1.160,1.810,1.430,1,0,15.993,0,0,18,299,0,26,0
10-03 23:01:01,16.774,8.512,67.348,5.758,0,5406828,125868,186484,2293352,6176.955,540.784,620.900,388.563,25.036,44.064,3589,3692,1.160,1.810,1.430,1,0,53.077,0,0,18,299,0,26,0
10-03 23:01:02,20.004,5.751,70.513,2.000,0,5433308,211068,186180,2184088,6229.130,540.098,256.046,2720.494,17.003,16.003,2675,2280,1.150,1.800,1.430,1,0,31.006,0,0,18,299,0,26,0
10-03 23:01:03,9.457,1.742,87.101,0.995,0,5328564,376436,186188,2123900,9371.055,537.537,31.854,840.150,3.982,165.243,2092,2078,1.150,1.800,1.430,0,0,15.927,0,0,18,299,0,26,0
10-03 23:01:04,2.000,1.000,95.742,0.750,0,5316508,388468,186188,2123924,7003.430,485.960,0,675.945,0,30.997,1247,1780,1.150,1.800,1.430,0,0,0,0,0,18,299,0,24,0
10-03 23:01:05,1.999,0.500,96.225,0,0,5316732,388244,186188,2123924,6317.366,539.860,0,0,0,0,1203,1754,1.150,1.800,1.430,0,0,1.000,0,0,18,299,0,24,0
10-03 23:01:06,2.000,1.250,96.518,0,0,5316476,388500,186188,2123924,8122.553,540.103,0,0,0,0,1140,1600,1.150,1.800,1.430,1,0,0,0,0,18,299,0,24,0
10-03 23:01:07,2.007,0.502,96.323,0,0,5315672,389304,186188,2123924,7229.278,541.820,0,76.256,0,8.027,1254,1731,1.050,1.770,1.420,1,1,0,0,0,18,299,0,24,0
10-03 23:01:08,6.978,2.990,88.217,0.249,0,5314052,390912,186188,2123936,5175.404,538.274,11.962,63.795,1.994,11.962,2436,8750,1.050,1.770,1.420,0,0,35.885,0,0,18,299,0,19,0
10-03 23:01:09,1.250,0.750,97.008,0,0,5305444,399520,186188,2123936,10707.880,634.052,32.003,12.001,1.000,1.000,1114,1582,1.050,1.770,1.420,1,0,0,0,0,18,299,0,19,0
10-03 23:01:10,1.999,1.000,94.473,0.750,0,5304152,400764,186188,2123984,7115.947,539.844,0,719.792,0,51.985,1539,2364,1.050,1.770,1.420,0,0,0,0,0,18,299,0,19,0
10-03 23:01:11,2.501,0.500,93.533,1.751,0,5301516,403396,186188,2123988,8270.879,486.169,0,200.070,0,27.009,1447,2174,1.050,1.770,1.420,0,0,0,0,0,18,299,0,19,0
10-03 23:01:12,1.750,0.750,96.989,0,0,5300340,404568,186188,2123992,6354.287,539.939,0,0,0,0,1180,1669,0.970,1.740,1.410,0,0,0,0,0,18,299,0,7,0
10-03 23:01:13,1.500,0.750,96.509,0,0,5299824,405084,186188,2123992,4147.367,540.048,0,4.000,0,1.000,1077,1610,0.970,1.740,1.410,0,0,0,0,0,18,299,0,7,0
10-03 23:01:14,1.750,0.750,96.510,0.250,0,5299824,405084,186188,2123992,7032.749,540.058,0,688.073,0,107.011,1208,1687,0.970,1.740,1.410,0,0,0,0,0,18,299,0,7,0
10-03 23:01:15,1.750,1.000,95.489,0.250,0,5299824,405084,186188,2123992,4999.410,539.936,0,107.987,0,14.998,1378,2070,0.970,1.740,1.410,0,0,2.000,0,0,18,299,0,7,0
10-03 23:01:16,2.003,1.001,96.132,0.501,0,5299624,405336,186188,2124004,7832.720,540.740,0,272.373,0,26.036,1477,2173,0.970,1.740,1.410,0,0,1.001,0,0,18,299,0,4,0
10-03 23:01:17,1.501,1.251,96.558,0,0,5299624,405336,186188,2124004,5511.303,540.324,0,68.041,0,9.005,1213,1752,0.890,1.710,1.400,2,0,0,0,0,18,299,0,4,0
10-03 23:01:18,1.498,0.499,96.113,0,0,5299624,405336,186188,2124004,8827.372,485.306,0,43.937,0,5.991,1338,1995,0.890,1.710,1.400,0,0,0,0,0,18,299,0,4,0
10-03 23:01:19,1.504,0.752,96.234,1.002,0,5299624,405336,186188,2124004,7229.550,541.314,0,1664.040,0,263.640,1342,1701,0.890,1.710,1.400,1,0,0,0,0,18,299,0,4,0
10-03 23:01:20,2.496,0.749,95.083,0.749,0,5299640,405336,186188,2124004,3755.396,539.052,0,1385.564,0,83.853,1649,2549,0.890,1.710,1.400,0,0,0,0,0,18,299,0,4,0
10-03 23:01:21,2.496,0.999,92.869,2.496,0,5299640,405336,186188,2124004,3406.180,539.237,0,671.050,0,57.918,1478,2364,0.890,1.710,1.400,1,0,0,0,0,18,299,0,4,0
10-03 23:01:22,1.750,0.750,96.484,0,0.250,5299632,405336,186188,2124012,7377.756,539.909,0,0,0,0,1198,1706,0.820,1.680,1.400,1,0,2.000,0,0,18,299,0,4,0
10-03 23:01:23,2.000,0.750,96.017,0.500,0,5299632,405336,186188,2124012,5365.932,540.094,0,92.016,0,14.002,1332,2039,0.820,1.680,1.400,0,0,0,0,0,18,299,0,4,0
10-03 23:01:24,1.250,0.750,95.746,0.750,0,5299632,405336,186188,2124012,7536.669,539.976,0,411.982,0,26.999,1177,1697,0.820,1.680,1.400,0,0,0,0,0,18,299,0,4,0
10-03 23:01:25,2.000,1.000,96.009,0.250,0,5299632,405336,186188,2124012,8834.832,540.051,0,436.041,0,73.007,1306,1788,0.820,1.680,1.400,0,0,1.000,0,0,18,299,0,4,0
10-03 23:01:26,2.001,1.250,94.528,0.250,0,5299596,405336,186188,2124048,9968.995,486.146,0,128.038,0,18.005,1601,2229,0.820,1.680,1.400,0,0,0,0,0,18,299,0,4,0
10-03 23:01:27,2.249,0.750,95.962,0,0,5299596,405336,186188,2124048,6582.379,539.785,0,223.911,0,17.993,1275,1775,0.750,1.650,1.390,2,1,0,0,0,18,299,0,4,0
10-03 23:01:28,2.496,3.744,92.600,0.499,0,5287968,416956,186188,2124056,4835.176,539.128,0,99.838,0,13.977,1457,2005,0.750,1.650,1.390,0,0,0,0,0,18,299,0,4,0
10-03 23:01:29,3.257,1.002,95.192,0,0,5288708,416212,186188,2124060,3386.848,541.094,0,0,0,0,1277,1754,0.750,1.650,1.390,2,0,0,0,0,18,299,0,4,0
10-03 23:01:30,5.749,2.250,87.485,2.500,0,5292244,412548,186188,2124188,7881.608,539.905,0,6586.837,0,109.981,3865,5897,0.750,1.650,1.390,0,0,2.000,0,0,18,299,0,4,0
10-03 23:01:31,4.750,1.250,90.494,1.250,0,5292244,412548,186188,2124188,6020.619,539.966,4.000,367.977,1.000,51.997,2508,3555,0.750,1.650,1.390,0,0,1.000,0,0,18,299,0,7,0
10-03 23:01:32,2.000,1.000,95.992,0,0,5292216,412548,186188,2124216,7502.398,539.957,0,107.991,0,7.999,1325,1823,0.690,1.630,1.380,0,0,0,0,0,18,299,0,7,0
10-03 23:01:33,9.002,3.751,78.022,8.252,0,5306428,395920,186672,2126148,8328.295,486.134,2384.657,2724.751,502.138,179.049,2988,4260,0.690,1.630,1.380,1,1,5.001,0,0,18,299,0,5,0
10-03 23:01:34,7.747,1.999,86.970,1.499,0,5309428,392644,186692,2126404,16202.421,8728.994,115.960,1163.599,13.995,14.995,2462,3172,0.690,1.630,1.380,3,0,0,0,0,18,300,0,5,0
10-03 23:01:35,20.006,4.001,71.520,3.001,0,5341224,360704,186692,2126556,8558.401,2857.802,64.018,26735.500,6.002,239.067,3387,3652,0.690,1.630,1.380,0,0,6.002,0,0,18,306,0,6,0
10-03 23:01:36,11.732,1.747,85.367,0.250,0,5342596,359260,186692,2126628,14265.699,8686.421,15.975,30707.996,0.998,53.916,2166,2390,0.690,1.630,1.380,2,0,0,0,0,18,310,0,6,0
10-03 23:01:37,17.536,3.006,78.409,0,0,5344964,356724,186692,2126796,37466.954,18351.202,16.033,172.349,1.002,19.039,2941,3020,0.640,1.600,1.370,2,0,5.010,0,0,18,310,0,7,0
10-03 23:01:38,13.487,3.247,80.922,0.500,0,5348524,352944,186692,2127016,10303.105,4643.541,0,243.766,0,28.972,2680,3140,0.640,1.600,1.370,0,0,4.995,0,0,18,310,0,8,0
10-03 23:01:39,13.503,2.751,79.765,2.500,0,5347040,354416,186692,2127028,12553.378,8364.584,0,264.050,0,25.005,2505,2891,0.640,1.600,1.370,0,0,5.001,0,0,18,309,1,9,0
10-03 23:01:40,5.500,1.500,90.758,1.250,0,5346900,354416,186692,2127168,16210.458,10391.935,0,220.020,0,23.002,2116,2641,0.640,1.600,1.370,0,0,0,0,0,18,310,0,9,0
10-03 23:01:41,12.757,3.502,81.544,0.750,0,5344636,356532,186692,2127316,13843.473,8745.721,0,360.194,0,44.024,2710,3290,0.640,1.600,1.370,1,0,5.003,0,0,18,310,0,10,0
10-03 23:01:42,35.475,6.246,56.960,0.250,0,5118392,582760,186692,2127332,9642.171,3011.867,7.994,215.847,0.999,20.985,3375,2498,0.750,1.610,1.380,1,0,18.987,0,0,18,301,0,13,0
10-03 23:01:43,41.703,9.546,43.461,4.773,0,5154308,546836,186692,2127340,5440.433,542.636,152.742,204.996,10.049,21.103,3339,2263,0.750,1.610,1.380,4,0,5.024,0,0,18,301,0,13,0
10-03 23:01:44,63.414,10.445,24.122,0.995,0,5236024,464800,186692,2127764,3598.956,537.158,91.516,290.463,5.968,8.953,3808,1818,0.750,1.610,1.380,5,0,1.989,0,0,18,301,0,13,0
10-03 23:01:45,61.742,11.545,12.047,14.557,0.251,5242568,451612,186692,2134408,27189.382,9756.172,6533.564,393.540,504.976,39.153,6207,6613,0.750,1.610,1.380,5,2,3.012,0,0,18,295,0,13,0
10-03 23:01:46,52.075,8.012,33.548,5.508,0,5146588,547404,186692,2134756,6816.812,540.778,20.029,5199.484,3.004,617.889,4980,4704,0.750,1.610,1.380,2,0,4.006,0,0,18,287,0,17,0
10-03 23:01:47,54.528,7.470,32.866,5.229,0,5202736,489380,186692,2136708,4313.414,537.807,1924.155,330.652,63.740,12.947,3872,2638,0.930,1.630,1.390,5,0,8.963,0,0,18,287,0,18,0
10-03 23:01:48,58.354,7.012,30.304,3.005,0,5312608,376064,186696,2140152,140664.715,66663.819,400.714,577.028,21.037,60.107,8603,17366,0.930,1.630,1.390,3,1,3.005,0,0,18,292,0,27,0
10-03 23:01:49,31.149,3.239,63.793,0.997,0,5317256,371024,186696,2140544,123624.581,56568.318,167.456,199.353,10.964,15.948,4903,5325,0.930,1.630,1.390,1,0,0,0,0,18,303,0,27,0
10-03 23:01:50,4.003,0.250,93.818,0,0,5318480,369792,186696,2140552,20395.821,6071.412,0,216.157,0,16.012,1693,2174,0.930,1.630,1.390,0,0,0,0,0,18,301,0,27,0
10-03 23:01:51,1.750,0.750,95.513,0.750,0,5318720,369552,186696,2140552,5117.670,540.071,0,2688.352,0,130.017,1493,2128,0.930,1.630,1.390,1,0,0,0,0,18,301,0,27,0
10-03 23:01:52,7.250,1.750,87.747,1.500,0,5318112,370128,186696,2140584,3967.862,539.981,0,451.984,0,52.998,2853,4204,0.850,1.600,1.380,0,0,0,0,0,18,301,0,27,0
10-03 23:01:53,1.999,0.750,93.720,2.499,0,5318112,370128,186696,2140584,10831.554,539.828,0,1067.660,0,68.978,1358,1956,0.850,1.600,1.380,1,1,0,0,0,18,301,0,26,0
10-03 23:01:54,1.500,0.750,96.250,0.250,0,5313648,374592,186696,2140584,6963.991,539.999,0,12.000,0,3.000,1219,1813,0.850,1.600,1.380,0,0,0,0,0,18,301,0,26,0
10-03 23:01:55,2.250,0.500,95.002,1.250,0,5314652,373588,186696,2140584,8784.214,486.012,0,80.002,0,7.000,1223,1757,0.850,1.600,1.380,1,0,1.000,0,0,18,301,0,26,0
10-03 23:01:56,1.500,0.750,96.005,0,0,5314876,373364,186696,2140584,6545.357,540.029,0,68.004,0,7.000,1272,1780,0.850,1.600,1.380,0,0,0,0,0,18,301,0,26,0
10-03 23:01:57,2.250,1.000,96.268,0.250,0,5314472,373768,186696,2140584,9600.789,540.101,0,116.022,0,7.001,1296,1781,0.790,1.580,1.370,1,1,0,0,0,18,301,0,26,0
10-03 23:01:58,2.000,0.250,96.004,0,0,5314472,373768,186696,2140584,8814.404,540.025,0,184.008,0,19.001,1340,2033,0.790,1.580,1.370,0,0,0,0,0,18,301,0,26,0
10-03 23:01:59,1.500,1.250,96.480,0,0,5313848,374392,186696,2140584,7093.542,539.889,0,0,0,0,1152,1667,0.790,1.580,1.370,0,0,0,0,0,18,301,0,26,0
10-03 23:02:00,4.001,0.500,93.769,0.750,0,5313784,374444,186700,2140592,6410.276,540.107,0,484.096,0,51.010,1968,2980,0.790,1.580,1.370,0,1,0,0,0,18,301,0,26,0
10-03 23:02:01,2.749,1.499,93.714,0.750,0,5312472,375756,186700,2140592,9508.352,539.793,0,535.794,0,44.983,1764,2494,0.790,1.580,1.370,1,0,5.998,0,0,18,301,0,26,0
10-03 23:02:02,1.500,0.750,95.987,0,0,5312208,376020,186700,2140592,5170.316,539.929,0,71.990,0,8.999,1270,1832,0.720,1.550,1.360,0,0,0,0,0,18,301,0,26,0
10-03 23:02:03,1.750,1.000,96.762,0,0,5312208,376020,186700,2140592,9981.194,486.058,0,0,0,0,1185,1669,0.720,1.550,1.360,0,0,0,0,0,18,301,0,26,0
10-03 23:02:04,1.750,0.750,95.516,0.750,0,5312216,376020,186700,2140584,4559.753,540.089,0,336.055,0,20.003,1360,2076,0.720,1.550,1.360,0,0,0,0,0,18,301,0,26,0
10-03 23:02:05,1.500,0.750,96.257,0,0,5312464,375772,186700,2140584,7554.548,540.039,0,64.005,0,4.000,1298,1814,0.720,1.550,1.360,0,0,1.000,0,0,18,301,0,26,0
10-03 23:02:06,2.500,0.500,96.019,0,0,5312460,375772,186700,2140588,5811.136,540.106,0,20.004,0,2.000,1132,1642,0.720,1.550,1.360,1,0,0,0,0,18,301,0,26,0
10-03 23:02:07,24.833,7.023,58.696,8.779,0,5034928,652460,186844,2141240,5990.036,780.611,1055.531,4238.176,140.470,758.537,4294,3435,0.900,1.570,1.370,2,1,71.238,0,0,18,297,0,28,0
10-03 23:02:08,26.892,6.723,64.741,0.498,0,4975856,711312,186844,2141572,9009.955,1215.139,55.777,131.474,0.996,12.948,3628,13172,0.900,1.570,1.370,1,0,44.821,0,0,18,297,0,29,0
10-03 23:02:09,23.293,4.258,71.130,0.751,0,5050624,635780,186844,2142356,6883.619,635.164,72.132,0,6.011,0,3169,4932,0.900,1.570,1.370,1,0,10.018,0,0,18,299,0,30,0
10-03 23:02:10,23.205,5.739,68.617,0.749,0,5174920,511332,186848,2142504,5070.182,485.061,0,574.887,0,56.890,3318,3383,0.900,1.570,1.370,2,0,12.975,0,0,18,301,0,30,0
10-03 23:02:11,23.018,3.002,67.802,5.004,0,5217484,468572,186848,2142700,9191.071,540.416,0,2573.980,0,129.099,2588,2623,0.900,1.570,1.370,0,0,1.001,0,0,18,301,0,30,0
10-03 23:02:12,1.749,1.000,96.468,0,0,5217484,468572,186848,2142700,5508.201,763.751,0,51.983,0,3.999,1175,1628,0.830,1.550,1.360,0,0,0,0,0,18,301,0,30,0
10-03 23:02:13,1.750,0.500,89.736,6.499,0,5214912,471136,186852,2142704,7914.786,539.917,0,7182.898,0,687.894,1639,1709,0.830,1.550,1.360,0,0,1.000,0,0,18,301,0,30,0
10-03 23:02:14,1.501,0.750,96.539,0,0,5212056,473992,186852,2142704,5508.251,610.249,0,0,0,0,1106,1590,0.830,1.550,1.360,0,0,0,0,0,18,301,0,30,0
10-03 23:02:15,2.250,1.000,95.507,0.250,0,5204016,482028,186852,2142708,3797.296,540.042,0,336.026,0,13.001,1417,2074,0.830,1.550,1.360,0,0,1.000,0,0,18,301,0,30,0
10-03 23:02:16,2.499,0.500,95.230,0.250,0,5194604,491440,186852,2142708,6758.586,539.887,0,279.941,0,25.995,1483,2196,0.830,1.550,1.360,0,0,0,0,0,18,301,0,30,0
10-03 23:02:17,1.500,0.750,96.259,0,0,5186620,499420,186852,2142712,7242.679,630.059,0,48.005,0,2.000,1270,1762,0.770,1.520,1.360,2,0,0,0,0,18,301,0,30,0
10-03 23:02:18,2.250,0.250,96.234,0.500,0,5179884,506152,186852,2142716,5318.119,485.920,0,67.989,0,9.998,1331,1967,0.770,1.520,1.360,1,0,0,0,0,18,301,0,30,0
10-03 23:02:19,1.500,1.000,96.527,0,0,5173772,512264,186852,2142716,7564.107,540.150,0,8.002,0,2.001,1230,1746,0.770,1.520,1.360,1,0,0,0,0,18,301,0,30,0
10-03 23:02:20,2.749,0.500,94.462,0.500,0,5168424,517612,186852,2142716,4946.029,679.729,0,503.799,0,54.978,1842,2822,0.770,1.520,1.360,0,0,0,0,0,18,301,0,30,0
10-03 23:02:21,1.500,0.750,95.998,0.750,0,5163748,522288,186852,2142716,9421.850,539.991,0,603.990,0,80.999,1182,1727,0.770,1.520,1.360,0,0,0,0,0,18,301,0,30,0
10-03 23:02:22,1.500,1.000,96.498,0,0,5160564,525472,186852,2142716,7069.887,539.991,0,403.994,0,5.000,1146,1641,0.700,1.500,1.350,0,0,0,0,0,18,301,0,30,0
10-03 23:02:23,1.500,0.500,96.504,0,0,5158292,527744,186852,2142716,3517.135,540.021,0,0,0,0,1080,1655,0.700,1.500,1.350,0,0,0,0,0,18,301,0,30,0
10-03 23:02:24,2.251,0.750,96.784,0,0,5156716,529320,186852,2142716,8177.849,540.188,0,0,0,0,1235,1673,0.700,1.500,1.350,1,0,0,0,0,18,301,0,30,0
10-03 23:02:25,1.499,1.000,95.960,0,0,5156108,529928,186852,2142716,7067.035,485.796,0,83.965,0,6.997,1244,1766,0.700,1.500,1.350,0,0,1.000,0,0,18,301,0,30,0
10-03 23:02:26,2.752,0.751,95.076,0.250,0,5154768,531256,186852,2142728,8446.756,540.432,0,68.054,0,7.006,1504,1908,0.700,1.500,1.350,1,0,0,0,0,18,301,0,30,0
10-03 23:02:27,4.006,0.751,93.898,0.250,0,5154392,531596,186852,2142764,9306.667,630.994,32.051,52.082,2.003,6.009,1758,2109,0.650,1.470,1.340,1,0,0,0,0,18,301,0,30,0
10-03 23:02:28,2.245,0.748,96.051,0.249,0,5154140,531816,186852,2142796,7606.233,538.883,0,107.777,0,11.975,1353,2022,0.650,1.470,1.340,0,0,0,0,0,18,301,0,30,0
10-03 23:02:29,1.749,0.750,96.452,0,0,5154364,531592,186852,2142796,8074.965,539.730,0,0,0,0,1138,1653,0.650,1.470,1.340,0,0,0,0,0,18,301,0,30,0
10-03 23:02:30,3.502,1.501,89.797,3.752,0,5154532,531336,186856,2142880,4379.308,540.285,76.040,524.276,5.003,62.033,2161,3353,0.650,1.470,1.340,2,0,0,0,0,18,303,0,30,0
10-03 23:02:31,2.750,0.750,92.008,2.250,0,5154280,531588,186856,2142880,4741.423,540.048,0,688.061,0,51.005,1879,2751,0.650,1.470,1.340,0,0,0,0,0,18,303,0,30,0
10-03 23:02:32,5.000,2.500,91.002,0,0,5152836,532900,186856,2143012,9958.186,486.009,0,0,0,0,3748,5916,0.590,1.450,1.330,0,0,1.000,0,0,18,303,0,30,0
10-03 23:02:33,4.749,1.500,92.736,0.500,0,5152836,532900,186856,2143012,10039.466,539.918,0,143.978,0,12.998,1949,2453,0.590,1.450,1.330,0,0,0,0,0,18,303,0,32,0
10-03 23:02:34,2.250,1.000,96.241,0,0,5140064,545532,186856,2143152,7272.288,539.947,0,911.911,0,184.982,1472,1800,0.590,1.450,1.330,0,0,0,0,0,18,303,0,29,0
10-03 23:02:35,1.750,0.750,96.236,0,0,5141044,544552,186856,2143152,8744.768,539.924,0,0,0,0,1284,1793,0.590,1.450,1.330,0,0,1.000,0,0,18,303,0,29,0
10-03 23:02:36,1.750,1.250,96.013,0,0,5140804,544792,186856,2143152,6932.964,680.095,0,292.041,0,19.003,1225,1748,0.590,1.450,1.330,0,0,0,0,0,18,303,0,29,0
10-03 23:02:37,1.998,0.250,95.923,0,0,5140800,544792,186856,2143156,10303.723,581.533,0,35.971,0,4.996,1249,1694,0.550,1.420,1.330,1,0,0,0,0,18,303,0,29,0
10-03 23:02:38,10.763,13.266,73.339,1.001,0,5169128,516428,186856,2143192,3710.480,700.846,8.010,208.251,2.002,21.025,5244,4829,0.550,1.420,1.330,1,0,311.376,0,0,18,303,0,26,0
10-03 23:02:39,19.048,2.256,77.696,0.501,0,5223988,461564,186856,2143196,11982.269,6214.699,0,172.436,0,9.023,2182,1944,0.550,1.420,1.330,1,0,0,0,0,18,304,0,26,0
10-03 23:02:40,16.716,2.744,73.350,4.990,0.249,5223684,461600,186856,2143464,11551.422,4511.791,255.479,634.704,14.969,80.835,3937,5366,0.550,1.420,1.330,2,0,0,0,0,18,304,0,28,0
10-03 23:02:41,36.373,7.275,52.678,4.014,0,5304180,380972,186856,2143596,6197.990,1749.926,100.340,810.746,7.024,98.333,5631,6980,0.550,1.420,1.330,2,0,27.092,0,0,18,303,0,29,0
10-03 23:02:42,33.029,4.718,59.601,0.497,0,5364116,320872,186856,2143760,28811.896,20690.329,111.254,150.988,4.967,9.933,3510,3144,0.580,1.410,1.320,2,0,3.973,0,0,18,306,0,30,0
10-03 23:02:43,10.300,8.290,80.638,0.502,0,5304996,379940,186856,2143812,24352.165,17822.750,16.077,297.431,1.005,16.077,3827,3715,0.580,1.410,1.320,2,0,147.711,0,0,18,303,0,35,0
10-03 23:02:44,6.982,13.964,77.299,0,0,5278600,406300,186856,2143848,21682.535,2204.260,0,263.314,0,18.951,5136,4741,0.580,1.410,1.320,1,0,311.190,0,0,18,303,0,36,1
10-03 23:02:45,19.517,3.503,70.312,5.505,0,5323104,361000,186860,2144640,7397.546,606.537,780.691,700.620,59.052,22.019,2479,2503,0.580,1.410,1.320,1,0,14.012,0,0,18,303,0,37,0
10-03 23:02:46,22.490,3.498,67.470,5.248,0,5368656,315128,186860,2144960,5875.426,539.764,95.958,2518.897,5.997,149.934,2818,3122,0.580,1.410,1.320,1,0,1.999,0,0,18,303,0,32,0
10-03 23:02:47,20.738,2.249,71.708,4.497,0,5398656,278448,186952,2151496,9523.394,485.714,3014.226,0,309.818,0,2720,2752,0.620,1.410,1.320,3,0,0,0,0,18,303,0,32,0
10-03 23:02:48,23.565,4.512,68.941,1.253,0,5453360,223460,186956,2151724,8919.701,541.500,0,713.977,0,20.056,3329,3785,0.620,1.410,1.320,3,0,3.008,0,0,18,304,0,32,0
10-03 23:02:49,24.691,4.489,66.591,3.242,0,5447172,229284,186956,2152092,3973.492,538.711,31.924,1755.799,1.995,161.613,6931,10469,0.620,1.410,1.320,3,1,0,0,0,18,307,0,33,0
10-03 23:02:50,21.594,3.515,53.483,20.088,0,5441244,233996,186956,2153308,9915.214,3107.544,867.782,6584.699,55.241,711.099,5229,7339,0.620,1.410,1.320,1,0,1.004,0,0,18,311,0,25,0
10-03 23:02:51,16.683,2.490,71.713,6.225,0,5437348,237496,186956,2153708,11791.769,3367.512,175.298,1314.734,9.960,158.366,4550,6513,0.620,1.410,1.320,1,0,1.992,0,0,18,311,0,28,0
10-03 23:02:52,6.999,1.500,84.489,4.999,0,5434788,239984,186956,2153780,12778.283,2750.630,31.996,2795.624,2.000,270.964,2840,3860,0.570,1.380,1.320,0,0,0,0,0,18,311,0,28,0
10-03 23:02:53,7.258,1.502,89.102,1.001,0,5429200,245504,186956,2153848,9198.565,2754.163,32.037,384.442,2.002,48.055,2302,3238,0.570,1.380,1.320,3,1,0,0,0,18,311,0,28,0
10-03 23:02:54,8.519,1.503,85.940,2.756,0,5423984,250500,186956,2154068,22798.527,9685.466,32.071,653.448,2.004,61.135,2711,3579,0.570,1.380,1.320,1,0,0,0,0,18,312,0,28,0
10-03 23:02:55,19.206,3.741,63.104,11.972,0,5419080,255208,186956,2154264,8743.781,538.754,63.852,1664.152,3.991,252.416,6700,10110,0.570,1.380,1.320,1,1,0.998,0,0,18,314,0,29,0
10-03 23:02:56,19.501,4.500,60.502,13.000,0,5415712,258252,186956,2154588,8216.221,540.015,48.001,6996.189,2.000,479.013,7355,11513,0.570,1.380,1.320,1,0,0,0,0,18,315,0,29,0
10-03 23:02:57,11.984,2.497,80.394,3.495,0,5414164,259616,186956,2154772,12991.884,3389.535,47.937,1601.890,1.997,208.725,4421,6919,0.520,1.360,1.310,1,0,0,0,0,18,313,0,30,0
10-03 23:02:58,12.501,2.250,76.759,7.251,0,5412968,260620,186956,2154964,28352.316,11624.359,0,1940.227,0,171.020,3485,4832,0.520,1.360,1.310,0,0,0,0,0,18,314,0,31,0
10-03 23:02:59,10.790,2.007,82.052,3.011,0,5410628,262908,186956,2155016,8512.328,782.881,32.118,991.650,1.004,104.384,4233,6343,0.520,1.360,1.310,1,0,0,0,0,18,314,0,31,0
10-03 23:03:00,24.508,4.502,63.522,5.752,0,5408372,264744,186956,2155436,7058.425,540.186,0,3425.177,0,322.111,8480,13065,0.520,1.360,1.310,1,0,0,0,0,18,314,0,34,0
10-03 23:03:01,15.938,3.985,61.013,17.183,0,5408540,264368,186956,2155644,11594.909,3245.379,0,7558.606,0,532.928,6103,9438,0.520,1.360,1.310,0,0,5.977,0,0,18,313,0,35,0
10-03 23:03:02,9.749,2.000,81.990,4.000,0,5407216,265600,186956,2155736,6178.237,3095.618,0,743.908,0,88.989,3126,4456,0.480,1.340,1.300,0,0,0,0,0,18,314,0,36,0
10-03 23:03:03,5.508,1.001,88.372,3.755,0,5405620,267168,186956,2155764,9558.202,781.079,0,793.095,0,66.091,2162,3023,0.480,1.340,1.300,1,0,0,0,0,18,314,0,36,0
10-03 23:03:04,7.985,1.996,85.843,2.495,0,5404156,268444,186956,2155952,9157.301,3253.068,0,886.384,0,123.774,3088,4659,0.480,1.340,1.300,0,0,0,0,0,18,313,0,39,0
10-03 23:03:05,18.258,2.251,68.529,10.504,0,5403908,268452,186956,2156192,11241.782,2752.171,148.063,3865.644,8.003,237.101,4229,5022,0.480,1.340,1.300,0,1,1.000,0,0,18,313,0,41,0
10-03 23:03:06,12.502,1.750,74.262,9.001,0,5401756,270432,186956,2156364,33882.395,13852.206,0,4336.691,0,712.113,4035,5025,0.480,1.340,1.300,2,0,0,0,0,18,314,0,41,0
10-03 23:03:07,9.272,1.253,84.204,4.010,0,5401112,271020,186956,2156420,25302.238,7757.776,0,986.387,0,82.199,2756,3648,0.600,1.350,1.300,2,1,0,0,0,18,314,0,41,0
10-03 23:03:08,9.211,1.992,85.142,1.743,0,5411300,260792,186956,2156632,29403.536,11747.672,0,1067.518,0,109.540,2957,3916,0.600,1.350,1.300,5,0,13.941,0,0,18,314,0,41,0
10-03 23:03:09,25.054,6.765,60.631,6.264,0,5414168,257684,186956,2156668,5107.040,635.373,0,2361.104,0,291.630,8608,19338,0.600,1.350,1.300,1,0,24.052,0,0,18,314,0,42,0
10-03 23:03:10,21.226,4.245,59.931,11.487,0,5414744,256676,186960,2157096,5266.954,485.443,0,7854.984,0,495.431,7968,12067,0.600,1.350,1.300,4,0,0,0,0,18,314,0,43,0
10-03 23:03:11,22.278,4.255,65.584,5.757,0,5413988,257168,186960,2157360,9162.712,540.691,0,2194.806,0,274.351,8014,12461,0.600,1.350,1.300,2,0,0,0,0,18,314,0,38,0
10-03 23:03:12,14.718,2.495,79.327,1.497,0,5413704,257336,186960,2157476,9683.928,538.828,0,1313.143,0,108.763,5462,8138,0.550,1.330,1.300,1,0,0.998,0,0,18,315,0,39,0
10-03 23:03:13,4.755,1.251,92.854,0.501,0,5413364,257656,186960,2157496,9008.110,540.607,0,488.548,0,28.031,1894,2445,0.550,1.330,1.300,0,0,1.001,0,0,18,316,0,39,0
10-03 23:03:14,4.250,1.250,93.497,0,0,5412380,258600,186960,2157536,5854.839,539.985,0,16.000,0,3.000,1637,2050,0.550,1.330,1.300,1,0,0,0,0,18,316,0,39,0
10-03 23:03:15,17.498,3.500,69.241,7.749,0,5412704,258088,186960,2157724,7378.010,539.928,0,1311.824,0,193.974,6260,9519,0.550,1.330,1.300,4,0,1.000,0,0,18,316,0,39,0
10-03 23:03:16,20.793,4.259,63.882,8.768,0,5412592,258012,186964,2157908,5949.282,541.117,0,2324.799,0,285.590,7758,11971,0.550,1.330,1.300,0,1,0,0,0,18,316,0,40,0
10-03 23:03:17,22.207,4.491,65.623,6.238,0,5413956,256408,186964,2158148,3838.565,485.060,127.753,1704.698,7.985,164.681,7397,10751,0.510,1.300,1.290,2,0,0,0,0,18,316,0,41,0
10-03 23:03:18,6.499,2.000,68.236,19.246,0,5415728,254304,186964,2158476,9427.102,539.891,143.971,11829.618,6.999,509.897,3932,6311,0.510,1.300,1.290,0,0,0,0,0,18,315,0,41,0
10-03 23:03:19,12.006,2.501,80.041,5.003,0,5423000,246976,186964,2158532,9222.759,3113.607,0,1032.533,0,135.070,3589,5174,0.510,1.300,1.290,0,0,0,0,0,18,316,0,44,0
10-03 23:03:20,7.003,1.251,84.289,5.503,0,5423740,245968,186964,2158800,4811.213,714.329,64.029,1996.918,4.002,161.074,3166,4710,0.510,1.300,1.290,4,0,0,0,0,18,316,0,45,0
10-03 23:03:21,4.997,0.999,86.452,5.497,0,5420996,248688,186964,2158824,11476.639,3187.233,0,4489.512,0,506.719,2661,3434,0.510,1.300,1.290,0,0,0,0,0,18,315,0,45,0
10-03 23:03:22,11.745,2.249,82.715,1.999,0,5422276,247344,186964,2158888,5357.731,539.771,0,591.749,0,79.966,3215,4425,0.630,1.320,1.290,3,0,0,0,0,18,316,0,45,0
10-03 23:03:23,7.000,1.500,89.244,2.000,0,5428244,241212,186964,2159052,11380.203,3102.783,0,1367.904,0,137.990,2316,3515,0.630,1.320,1.290,0,0,0,0,0,18,315,0,50,0
10-03 23:03:24,15.261,2.252,75.304,5.254,0,5433148,236236,186964,2159124,31165.266,12135.670,0,1212.867,0,133.095,4183,5584,0.630,1.320,1.290,0,0,0,0,0,18,315,0,55,0
10-03 23:03:25,8.000,1.500,86.003,2.750,0,5433128,236208,186964,2159172,8574.287,2697.090,0,1088.036,0,116.004,2994,4414,0.630,1.320,1.290,0,0,1.000,0,0,18,315,0,59,0
10-03 23:03:26,11.537,2.508,80.758,4.013,0,5433268,235832,186964,2159408,14432.155,4753.201,0,1464.684,0,176.565,3757,5519,0.630,1.320,1.290,0,0,0,0,0,18,316,0,62,0
10-03 23:03:27,10.723,2.494,73.067,12.219,0,5433212,235764,186964,2159532,24514.752,7580.062,15.960,8805.999,0.998,904.740,4253,5602,0.660,1.310,1.290,1,1,0,0,0,18,316,0,62,0
10-03 23:03:28,3.996,0.749,93.150,0.999,0,5432964,235984,186964,2159560,6997.453,539.418,0,623.328,0,58.936,1985,3028,0.660,1.310,1.290,0,0,0,0,0,18,315,0,62,0
10-03 23:03:29,14.248,2.500,75.489,6.249,0,5434648,234220,186964,2159640,10436.535,3285.539,0,907.873,0,132.981,4074,5795,0.660,1.310,1.290,0,0,0,0,0,18,315,0,66,0
10-03 23:03:30,12.002,2.500,79.264,4.251,0,5435692,233032,186964,2159784,9373.673,3111.555,0,1268.226,0,158.028,4119,6125,0.660,1.310,1.290,0,0,0,0,0,18,316,0,70,0
10-03 23:03:31,6.277,1.758,88.381,2.009,0,5436192,232428,186964,2159888,9135.408,717.093,0,807.483,0,85.368,2645,3754,0.660,1.310,1.290,0,1,0,0,0,18,315,0,71,0
10-03 23:03:32,2.488,0.995,94.558,1.244,0,5435796,232816,186964,2159896,5987.997,483.738,0,772.388,0,55.739,1582,2397,0.610,1.290,1.280,3,0,0,0,0,18,316,0,71,0
10-03 23:03:33,10.507,1.001,85.056,1.751,0,5436280,232288,186964,2159940,25097.544,9790.454,0,676.446,0,59.039,2766,3420,0.610,1.290,1.280,0,0,0,0,0,18,315,0,71,0
10-03 23:03:34,7.495,2.498,86.947,1.499,0,5440884,227404,186964,2160220,7431.443,539.669,0,647.603,0,53.967,4369,7067,0.610,1.290,1.280,1,0,0.999,0,0,18,315,0,72,0
10-03 23:03:35,11.247,2.249,82.974,2.749,0,5439532,228480,186964,2160496,7523.683,539.834,231.929,531.836,14.995,46.986,3546,4722,0.610,1.290,1.280,0,0,1.000,0,0,18,315,0,75,0
10-03 23:03:36,11.755,2.501,80.787,3.001,0,5439040,228936,186964,2160532,17985.273,6010.765,0,1360.626,0,173.080,4097,5784,0.610,1.290,1.280,0,0,0,0,0,18,315,0,76,0
10-03 23:03:37,16.001,1.750,77.006,4.000,0,5438920,228780,186964,2160808,34796.653,14051.071,0,1708.130,0,204.016,4230,5704,0.560,1.270,1.280,0,0,0,0,0,18,315,0,80,0
10-03 23:03:38,9.248,2.000,77.234,9.498,0,5439996,227688,186964,2160824,12009.477,2576.459,0,5378.870,0,334.930,3452,5094,0.560,1.270,1.280,0,0,0,0,0,18,316,0,83,0
10-03 23:03:39,11.534,1.755,81.487,3.761,0,5439720,227880,186964,2160908,33772.373,11951.814,0,1175.424,0,154.450,3594,4866,0.560,1.270,1.280,2,0,0,0,0,18,316,0,83,0
10-03 23:03:40,8.722,1.495,80.246,7.227,0,5440048,227428,186964,2161032,3234.780,538.299,0,1184.258,0,144.543,3442,5242,0.560,1.270,1.280,0,0,0,0,0,18,317,0,85,0
10-03 23:03:41,12.255,2.501,77.282,6.503,0,5440312,226924,186964,2161272,8022.367,3417.435,16.007,1188.499,1.000,143.060,3910,5740,0.560,1.270,1.280,0,0,0,0,0,18,315,0,89,0
10-03 23:03:42,8.246,1.499,83.956,5.497,0,5440752,226448,186964,2161308,7801.943,1982.969,0,1431.256,0,124.935,2785,3996,0.670,1.280,1.280,2,0,0,0,0,18,316,0,92,0
10-03 23:03:43,3.504,1.251,87.352,6.508,0,5439812,227336,186964,2161360,9715.354,1747.042,0,4925.757,0,567.663,2376,2882,0.670,1.280,1.280,1,0,0,0,0,18,316,0,92,0
10-03 23:03:44,7.739,1.748,86.877,1.748,0,5439812,227148,186964,2161548,11971.074,2747.116,0,1178.334,0,119.831,2819,4218,0.670,1.280,1.280,0,0,0,0,0,18,315,0,82,0
10-03 23:03:45,15.070,1.758,76.356,5.777,0,5440028,226876,186964,2161604,31835.245,11852.191,0,1494.962,0,176.823,4010,5548,0.670,1.280,1.280,0,0,1.005,0,0,18,315,0,84,0
10-03 23:03:46,14.474,2.995,74.615,5.740,0,5440136,226624,186964,2161748,8319.904,485.120,0,1904.544,0,226.589,5320,8540,0.670,1.280,1.280,0,2,0,0,0,18,316,0,84,0
10-03 23:03:47,21.509,4.002,61.777,10.505,0,5440488,226120,186964,2161900,6920.989,540.233,0,3537.528,0,369.159,7859,12196,0.620,1.260,1.270,1,0,1.000,0,0,18,316,0,84,0
10-03 23:03:48,17.439,4.235,55.555,20.179,0,5441760,224404,186964,2162340,5195.741,538.109,15.944,9821.485,0.996,891.866,7228,10799,0.620,1.260,1.270,3,1,0,0,0,18,316,0,84,0
10-03 23:03:49,11.505,2.251,79.281,5.252,0,5442700,223396,186964,2162408,7202.839,540.213,0,3125.232,0,236.093,4340,6380,0.620,1.260,1.270,0,0,0,0,0,18,315,0,84,0
10-03 23:03:50,12.265,2.503,74.841,8.761,0,5444432,221632,186968,2162436,7038.552,1986.414,0,2022.457,0,198.241,4305,6370,0.620,1.260,1.270,0,0,0,0,0,18,316,0,89,0
10-03 23:03:51,5.739,1.248,87.831,3.244,0,5444212,221632,186968,2162656,10069.636,1842.457,0,2798.618,0,123.762,2296,3510,0.620,1.260,1.270,4,0,0,0,0,18,316,0,90,0
10-03 23:03:52,6.508,1.502,87.355,3.504,0,5444396,221380,186968,2162724,11626.028,3214.879,32.039,1053.271,1.001,120.145,2795,4090,0.570,1.240,1.270,0,0,0,0,0,18,315,0,84,0
10-03 23:03:53,11.000,2.750,81.002,3.500,0,5444424,221128,186968,2162948,11458.234,2751.056,0,1424.029,0,159.003,4135,6175,0.570,1.240,1.270,0,0,0,0,0,18,315,0,86,0
10-03 23:03:54,12.502,2.250,71.011,11.752,0,5444372,221128,186968,2163000,22425.540,7429.173,0,6733.063,0,493.078,4321,6270,0.570,1.240,1.270,2,0,0,0,0,18,316,0,88,0
10-03 23:03:55,11.995,2.499,81.967,2.749,0,5444848,220636,186968,2163016,15842.662,4985.006,0,1011.595,0,108.956,4246,6067,0.570,1.240,1.270,2,0,1.000,0,0,18,316,0,88,0
10-03 23:03:56,19.601,4.272,60.814,12.565,0,5444720,220384,186972,2163376,6770.999,542.806,32.166,3067.857,1.005,329.704,7071,10746,0.570,1.240,1.270,1,2,0,0,0,18,316,0,87,0
10-03 23:03:57,21.977,4.495,66.929,5.994,0,5446160,218620,186976,2163696,9507.897,539.427,0,2469.376,0,251.733,8518,12882,0.600,1.230,1.270,2,0,0,0,0,18,317,0,89,0
10-03 23:03:58,20.405,4.728,62.709,8.710,0,5446464,218128,186976,2163884,8313.363,537.502,31.852,2866.677,0.995,325.487,8092,12618,0.600,1.230,1.270,1,1,0,0,0,18,316,0,90,0
10-03 23:03:59,12.782,3.008,56.141,26.066,0,5445392,219000,186976,2164084,4028.129,541.361,0,11745.534,0,1110.793,5735,8938,0.600,1.230,1.270,1,0,0,0,0,18,316,0,90,0
10-03 23:04:00,23.821,4.012,67.701,3.510,0,5446752,217488,186976,2164236,8502.191,541.605,0,1785.290,0,209.621,7505,11561,0.600,1.230,1.270,1,0,0,0,0,18,316,0,87,0
10-03 23:04:01,22.681,5.483,62.559,5.733,0,5448220,215772,186976,2164484,7296.760,484.523,0,2795.480,0,305.070,8078,12382,0.600,1.230,1.270,1,0,5.982,0,0,18,316,0,91,0
10-03 23:04:02,22.467,4.743,65.654,6.491,0,5448636,215016,186976,2164824,6559.420,539.213,0,2871.806,0,299.563,7745,11886,0.640,1.230,1.260,3,0,0,0,0,18,316,0,91,0
10-03 23:04:03,17.242,3.249,72.718,3.748,0,5448724,214804,186976,2164948,6549.116,539.762,0,2035.104,0,203.910,6233,9593,0.640,1.230,1.260,0,0,0,0,0,18,315,0,92,0
10-03 23:04:04,6.504,2.502,76.048,14.009,0,5449008,214300,186980,2165164,2753.722,540.338,32.020,7600.754,1.001,477.299,3365,5489,0.640,1.230,1.260,0,0,0,0,0,18,315,0,85,0
10-03 23:04:05,4.753,1.501,90.308,2.001,0,5448984,214300,186980,2165188,8737.638,582.376,0,464.300,0,36.023,1963,2714,0.640,1.230,1.260,0,2,1.001,0,0,18,316,0,85,0
10-03 23:04:06,8.242,1.249,82.419,5.245,0,5448904,214300,186980,2165268,11588.587,3275.774,0,1222.796,0,142.859,3264,4968,0.640,1.230,1.260,1,0,0,0,0,18,315,0,89,0
10-03 23:04:07,16.026,2.504,75.623,4.507,0,5450428,212536,186980,2165508,29999.752,11641.919,0,2159.509,0,156.254,4230,5769,0.660,1.220,1.260,0,0,0,0,0,18,316,0,93,0
10-03 23:04:08,10.236,1.248,83.134,3.245,0,5450420,212536,186980,2165516,28836.653,10009.994,0,902.737,0,93.869,3101,4068,0.660,1.220,1.260,0,0,0,0,0,18,315,0,91,0
10-03 23:04:09,13.254,4.751,76.523,3.751,0,5471964,190868,186980,2165640,8487.581,580.176,0,956.291,0,94.029,4468,12085,0.660,1.220,1.260,2,0,38.012,0,0,18,316,0,93,0
10-03 23:04:10,5.994,0.999,88.904,2.747,0,5471288,191396,186980,2165796,8239.118,539.419,0,1006.915,0,105.886,2735,4078,0.660,1.220,1.260,0,0,0,0,0,18,315,0,93,0
10-03 23:04:11,12.254,3.001,78.275,5.502,0,5471716,190892,186980,2165872,9778.106,3411.083,0,1516.482,0,173.055,3904,5868,0.660,1.220,1.260,1,0,0,0,0,18,315,0,96,0
10-03 23:04:12,11.501,2.000,82.755,2.500,0,5469700,192832,186980,2165948,8200.479,3418.200,0,1800.105,0,188.011,3839,5568,0.850,1.250,1.270,0,0,0,0,0,18,315,0,97,0
10-03 23:04:13,5.995,0.999,89.174,2.248,0,5468020,194472,186980,2165988,7212.887,539.543,0,1222.964,0,102.913,2259,3250,0.850,1.250,1.270,0,0,0,0,0,18,315,0,98,0
10-03 23:04:14,7.259,1.502,89.105,1.502,0,5465740,196604,186980,2166136,7098.397,540.640,0,752.891,0,64.076,2134,2979,0.850,1.250,1.270,1,1,0,0,0,18,315,0,100,0
10-03 23:04:15,3.257,1.253,92.952,1.002,0,5464400,197904,186980,2166176,8906.373,541.177,0,645.404,0,51.111,1899,2755,0.850,1.250,1.270,1,0,1.002,0,0,18,316,0,100,0
10-03 23:04:16,18.449,2.493,73.298,4.737,0,5462948,199264,186980,2166268,34781.158,14047.292,0,1731.229,0,213.412,4791,6755,0.850,1.250,1.270,0,0,0,0,0,18,315,0,105,0
10-03 23:04:17,15.255,3.751,61.019,16.255,0,5461352,200680,186980,2166448,7152.250,540.170,0,8414.647,0,594.187,6635,10461,1.020,1.280,1.280,2,0,0,0,0,18,316,0,106,0
10-03 23:04:18,24.864,4.270,61.532,9.293,0,5459872,201896,186984,2166708,5457.034,542.489,0,2652.167,0,338.553,8249,12948,1.020,1.280,1.280,2,0,0,0,0,18,316,0,107,0
10-03 23:04:19,21.164,4.233,66.230,5.478,0,5459672,201408,186984,2167396,3653.129,537.811,0,2226.935,0,223.092,7368,11092,1.020,1.280,1.280,0,0,0,0,0,18,315,0,111,0
10-03 23:04:20,5.016,1.505,85.015,7.774,0.251,5450900,210176,186984,2167400,6374.874,541.689,0,6351.802,0,720.245,2717,3489,1.020,1.280,1.280,1,0,0,0,0,18,316,0,111,0
10-03 23:04:21,10.717,2.742,71.780,12.960,0,5450796,209924,186984,2167756,11432.036,3271.993,0,5734.461,0,406.756,4425,6909,1.020,1.280,1.280,0,0,0,0,0,18,315,0,109,0
10-03 23:04:22,5.997,1.249,90.461,2.249,0,5450796,209924,186984,2167756,7648.683,539.766,0,807.650,0,70.969,2176,3114,0.940,1.260,1.270,1,0,0,0,0,18,316,0,110,0
10-03 23:04:23,11.503,2.001,81.771,2.251,0,5451464,209168,186984,2167844,21292.529,8148.116,0,1056.274,0,109.028,3564,4923,0.940,1.260,1.270,0,0,0,0,0,18,315,0,114,0
10-03 23:04:24,8.498,1.500,84.477,3.999,0,5452472,208160,186984,2167844,8363.689,2522.303,0,731.798,0,54.985,2682,3712,0.940,1.260,1.270,0,0,0,0,0,18,316,0,118,0
10-03 23:04:25,4.517,1.506,92.091,1.255,0,5453112,207408,186984,2167956,10182.754,716.657,0,911.379,0,102.380,2007,2791,0.940,1.260,1.270,0,1,1.004,0,0,18,315,0,109,0
10-03 23:04:26,14.449,2.242,74.240,7.972,0,5454320,205996,186984,2168160,35088.260,13682.139,239.163,5508.730,3.986,687.595,4209,4809,0.940,1.260,1.270,0,0,0,0,0,18,317,0,111,0
10-03 23:04:27,5.997,0.999,91.950,0.500,0,5454176,205996,186984,2168304,16938.773,5025.263,0,479.739,0,27.985,1729,2221,0.870,1.240,1.270,0,0,0,0,0,18,317,0,112,0
10-03 23:04:28,10.749,2.000,77.241,7.499,0,5454392,205772,186984,2168312,29080.530,9998.807,0,1371.836,0,169.980,3630,5100,0.870,1.240,1.270,5,1,0,0,0,18,316,0,112,0
10-03 23:04:29,20.793,5.511,63.131,8.267,0,5454208,205772,186984,2168496,8516.694,541.124,0,2529.255,0,313.652,8299,12756,0.870,1.240,1.270,2,0,0,0,0,18,316,0,105,0
10-03 23:04:30,22.717,4.743,62.907,8.737,0,5455476,204260,186984,2168740,3646.626,539.205,0,3670.590,0,353.479,7901,12284,0.870,1.240,1.270,0,1,0,0,0,18,316,0,105,0
10-03 23:04:31,15.996,2.999,64.982,13.496,0,5455796,203556,186984,2169124,8670.648,485.868,0,6234.309,0,428.884,6231,9798,0.870,1.240,1.270,1,0,0,0,0,18,315,0,105,0
10-03 23:04:32,10.300,2.010,79.382,8.290,0,5456048,203304,186984,2169124,8895.791,542.610,0,3601.323,0,170.822,3418,4859,0.880,1.240,1.270,0,1,0,0,0,18,315,0,109,0
10-03 23:04:33,10.190,0.994,83.510,2.982,0,5455824,203304,186984,2169348,47354.953,18797.629,0,775.447,0,53.685,2508,3016,0.880,1.240,1.270,1,0,0,0,0,18,316,0,100,0
10-03 23:04:34,20.826,3.513,64.485,8.782,0,5456264,202812,186984,2169400,6315.031,541.977,0,2288.346,0,285.040,7311,11228,0.880,1.240,1.270,3,0,0,0,0,18,316,0,100,0
10-03 23:04:35,23.798,6.012,58.869,8.768,0,5462800,195768,186984,2169908,3906.905,541.095,0,3947.988,0,349.708,9991,16091,0.880,1.240,1.270,1,0,3.006,0,0,18,316,0,101,0
10-03 23:04:36,20.184,4.236,55.568,18.689,0,5462972,195516,186984,2169988,6749.855,538.234,0,6705.999,0,480.424,7029,10646,0.880,1.240,1.270,2,0,0,0,0,18,316,0,103,0
10-03 23:04:37,11.735,1.748,81.146,3.496,0,5462216,196028,186984,2170232,29857.792,12642.821,0,1685.843,0,162.792,3451,4851,0.810,1.220,1.260,0,0,0,0,0,18,315,0,98,0
10-03 23:04:38,13.744,2.249,77.965,4.248,0,5462808,195272,186984,2170396,8577.097,3304.496,0,1679.236,0,206.906,4224,6494,0.810,1.220,1.260,0,0,0,0,0,18,315,0,100,0
10-03 23:04:39,11.756,2.501,79.540,5.253,0,5463132,194768,186984,2170576,12254.138,3079.542,32.016,1600.802,1.001,154.077,3830,5320,0.810,1.220,1.260,2,0,0,0,0,18,316,0,101,0
10-03 23:04:40,6.756,2.002,86.322,3.253,0.250,5463216,194516,186984,2170744,8153.795,714.595,0,1213.011,0,111.093,2891,4125,0.810,1.220,1.260,1,0,0,0,0,18,318,0,101,0
10-03 23:04:41,8.241,1.998,83.164,4.995,0,5463372,194292,186984,2170812,11736.824,3302.574,0,1682.255,0,178.814,3398,5109,0.810,1.220,1.260,0,0,0,0,0,18,317,0,94,0
10-03 23:04:42,17.497,4.249,63.238,13.497,0,5457460,192764,186984,2178252,24720.157,7348.560,0,7658.500,0,965.811,4810,5306,0.740,1.190,1.250,1,0,2.000,0,0,18,318,0,95,0
10-03 23:04:43,10.753,1.500,83.523,3.001,0,5457564,192512,186984,2178384,16056.507,7406.079,0,1504.422,0,143.040,3264,4696,0.740,1.190,1.250,2,0,0,0,0,18,318,0,96,0
10-03 23:04:44,10.502,2.000,82.267,3.501,0,5457752,192260,186984,2178448,30118.219,11090.290,0,1360.281,0,116.024,3175,4180,0.740,1.190,1.250,3,0,0,0,0,18,318,0,96,0
10-03 23:04:45,9.256,2.251,83.300,3.752,0,5457976,192012,186984,2178472,26736.895,10491.237,0,1212.721,0,129.077,3069,4251,0.740,1.190,1.250,1,0,1.001,0,0,18,317,0,85,0
10-03 23:04:46,13.239,1.499,72.691,9.992,0,5457760,192012,186984,2178688,30785.906,11997.221,0,6846.419,0,469.617,4541,6694,0.740,1.190,1.250,0,0,0,0,0,18,317,0,85,0
10-03 23:04:47,17.040,3.759,68.410,8.019,0,5457960,191760,186984,2178740,8207.152,541.263,0,1491.480,0,181.423,6046,9160,0.760,1.190,1.250,1,0,0,0,0,18,318,0,87,0
10-03 23:04:48,21.979,4.246,59.943,11.489,0,5457764,191508,186984,2179188,8332.121,539.490,0,2865.291,0,311.705,7778,11968,0.760,1.190,1.250,1,0,0.999,0,0,18,318,0,88,0
10-03 23:04:49,21.972,4.744,63.919,7.740,0,5459444,189744,186984,2179272,8633.082,539.318,95.879,2556.767,4.994,255.677,8056,11950,0.760,1.190,1.250,2,0,0,0,0,18,318,0,90,0
10-03 23:04:50,22.091,4.268,64.265,8.033,0,5459312,189240,186984,2179908,3440.183,542.236,0,3004.387,0,321.325,8046,12536,0.760,1.190,1.250,1,0,0,0,0,18,318,0,91,0
10-03 23:04:51,18.655,4.726,58.454,14.924,0,5459628,188764,186984,2180068,6259.263,537.276,0,8341.705,0,644.731,7446,12258,0.760,1.190,1.250,0,0,0,0,0,18,318,0,91,0
10-03 23:04:52,22.095,4.268,66.033,6.026,0,5460376,187504,186984,2180580,7726.136,542.326,0,1779.633,0,182.784,8212,12372,0.700,1.170,1.240,1,0,0,0,0,18,319,0,92,0
10-03 23:04:53,11.955,2.989,74.965,8.219,0,5460796,187000,186984,2180664,8783.596,3383.134,0,1697.544,0,169.356,4333,6410,0.700,1.170,1.240,1,0,0,0,0,18,317,0,85,0
10-03 23:04:54,8.502,1.750,73.265,15.003,0,5461048,186748,186984,2180664,12196.525,3150.652,0,1592.330,0,141.029,3302,4648,0.700,1.170,1.240,0,0,0,0,0,18,317,0,85,0
10-03 23:04:55,6.769,1.504,86.748,3.009,0,5461848,185744,186984,2180868,8342.830,541.547,0,1716.904,0,105.301,2754,3926,0.700,1.170,1.240,2,0,1.003,0,0,18,318,0,85,0
10-03 23:04:56,5.235,0.997,88.241,3.988,0,5462040,185492,186984,2180928,15332.930,3193.613,0,1200.471,0,98.710,2401,3548,0.700,1.170,1.240,0,0,0,0,0,18,317,0,85,0
10-03 23:04:57,8.000,1.750,86.749,1.750,0,5462256,185240,186984,2180964,14315.812,2816.963,0,1399.982,0,112.999,2789,4012,0.640,1.150,1.240,0,0,0,0,0,18,317,0,81,0
10-03 23:04:58,10.756,2.251,69.540,15.259,0,5462200,185240,186988,2181016,8217.747,3204.851,0,15020.677,0,386.223,4062,6074,0.640,1.150,1.240,0,0,0,0,0,18,317,0,82,0
10-03 23:04:59,7.245,1.249,85.690,3.248,0,5462676,184736,186988,2181044,9353.442,2749.073,0,987.308,0,92.935,2660,3704,0.640,1.150,1.240,0,0,0,0,0,18,317,0,83,0
10-03 23:05:00,8.794,2.010,82.919,6.030,0,5462480,184736,186992,2181236,7056.682,542.744,0,1282.485,0,141.717,3255,4860,0.640,1.150,1.240,0,1,0,0,0,18,317,0,84,0
10-03 23:05:01,4.477,2.238,90.780,1.244,0,5464196,182972,186992,2181284,13994.534,3133.773,0,1058.519,0,122.366,2403,3205,0.640,1.150,1.240,1,0,8.954,0,0,18,318,0,84,0
10-03 23:05:02,7.255,1.501,84.059,5.754,0,5464400,182720,186992,2181332,10801.520,2752.916,0,1244.867,0,115.080,2886,4204,0.590,1.130,1.230,0,0,0,0,0,18,317,0,80,0
10-03 23:05:03,9.749,1.750,76.990,9.749,0,5463212,183712,186992,2181528,9890.779,3203.605,0,3099.617,0,414.949,3687,4899,0.590,1.130,1.230,0,0,2.000,0,0,18,317,0,80,0
10-03 23:05:04,7.251,1.500,86.010,4.000,0,5463448,183460,186992,2181544,12196.379,2817.319,0,1156.131,0,110.012,2725,3992,0.590,1.130,1.230,1,0,0,0,0,18,317,0,80,0
10-03 23:05:05,10.794,1.757,80.582,4.519,0,5463580,183208,186992,2181664,9126.590,2762.377,0,1305.376,0,126.521,3611,5015,0.590,1.130,1.230,1,1,1.004,0,0,18,317,0,80,0
10-03 23:05:06,4.495,1.498,80.412,11.487,0,5463420,183208,186992,2181824,3631.015,581.362,0,5110.392,0,342.624,2662,4318,0.590,1.130,1.230,1,1,0,0,0,18,318,0,79,0
10-03 23:05:07,10.964,1.994,85.223,0.997,0,5463360,183208,186992,2181884,31545.298,11956.075,0,893.092,0,100.672,3079,4160,0.550,1.110,1.220,0,0,0,0,0,18,317,0,79,0
10-03 23:05:08,23.098,5.021,65.276,5.272,0,5463616,182704,186992,2182132,7413.354,488.064,0,2759.672,0,365.546,8309,13112,0.550,1.110,1.220,1,0,0,0,0,18,318,0,80,0
10-03 23:05:09,26.663,5.482,61.301,4.735,0,5466244,179756,186992,2182320,4361.831,631.947,0,2240.721,0,213.307,8381,23780,0.550,1.110,1.220,1,0,37.877,0,0,18,318,0,84,0
10-03 23:05:10,14.738,3.247,72.439,8.243,0.250,5466732,179128,186992,2182576,8510.829,539.545,15.987,2326.040,0.999,249.790,5442,8379,0.550,1.110,1.220,0,0,0,0,0,18,317,0,76,0
10-03 23:05:11,9.761,1.752,81.346,5.256,0,5466688,179128,186992,2182620,8673.216,540.637,0,2298.708,0,175.206,3416,4760,0.550,1.110,1.220,2,0,0,0,0,18,318,0,78,0
10-03 23:05:12,6.489,2.246,85.105,4.992,0,5466332,179128,186992,2182976,8513.536,539.084,0,1848.859,0,186.683,3046,4688,0.500,1.090,1.220,0,0,0,0,0,18,317,0,80,0
10-03 23:05:13,13.023,3.757,66.619,13.775,0,5466232,179128,186992,2183076,5680.133,540.965,0,6158.988,0,456.815,5629,8808,0.500,1.090,1.220,1,0,0,0,0,18,318,0,81,0
10-03 23:05:14,21.270,4.254,60.807,10.760,0,5466060,178876,186992,2183500,4259.995,540.507,0,3951.706,0,405.380,8130,12827,0.500,1.090,1.220,2,0,0,0,0,18,318,0,73,0
10-03 23:05:15,21.227,4.495,65.178,7.741,0,5467040,177616,186996,2183776,8616.536,539.408,0,2461.297,0,213.765,7341,11003,0.500,1.090,1.220,1,0,0.999,0,0,18,319,0,76,0
10-03 23:05:16,21.227,4.745,63.433,8.990,0,5467316,177112,186996,2184004,4918.778,485.485,0,2821.005,0,306.674,7883,12107,0.500,1.090,1.220,1,0,0,0,0,18,318,0,76,0
10-03 23:05:17,21.852,3.768,63.798,8.289,0,5467600,176636,187000,2184192,7784.312,542.531,0,2576.016,0,281.312,7476,11594,0.540,1.090,1.210,1,0,0,0,0,18,318,0,77,0
10-03 23:05:18,13.932,3.981,63.688,15.673,0,5468776,175376,187000,2184276,8254.620,537.371,0,10838.978,0,564.240,5766,8754,0.540,1.090,1.210,0,0,0,0,0,18,318,0,67,0
10-03 23:05:19,9.253,2.001,82.777,4.752,0,5468564,175376,187000,2184488,7694.474,540.174,0,712.229,0,80.026,3549,5040,0.540,1.090,1.210,2,0,0,0,0,18,318,0,67,0
10-03 23:05:20,25.076,4.514,62.440,5.768,0,5468488,175124,187000,2184816,8070.552,541.648,0,2932.923,0,384.169,8528,13686,0.540,1.090,1.210,1,0,0,0,0,18,318,0,67,0
10-03 23:05:21,21.688,4.238,64.315,7.728,0,5469356,174116,187000,2184956,4009.490,538.454,0,2608.512,0,228.344,7169,11223,0.540,1.090,1.210,1,1,0,0,0,18,318,0,68,0
10-03 23:05:22,21.492,4.748,66.225,5.748,0,5469468,173612,187000,2185348,4842.146,539.793,0,2982.858,0,359.862,8290,12808,0.580,1.090,1.210,3,0,0,0,0,18,318,0,63,0
10-03 23:05:23,23.490,4.498,59.724,10.745,0,5469536,173388,187000,2185504,8246.473,539.769,0,6477.230,0,676.711,8258,12333,0.580,1.090,1.210,1,0,0,0,0,18,318,0,65,0
10-03 23:05:24,21.278,5.007,56.323,14.519,0,5471472,171120,187000,2185836,3990.197,486.634,0,7790.146,0,528.689,8560,13239,0.580,1.090,1.210,1,0,0,0,0,18,319,0,66,0
10-03 23:05:25,18.982,3.247,70.435,5.745,0,5472156,170364,187000,2185908,12016.838,3264.967,0,2481.695,0,280.739,6286,9243,0.580,1.090,1.210,0,0,0.999,0,0,18,317,0,68,0
10-03 23:05:26,8.760,2.253,84.345,4.005,0,5471916,170364,187000,2186148,12308.907,2754.112,0,2230.520,0,148.167,3086,4389,0.580,1.090,1.210,0,1,0,0,0,18,317,0,59,0
10-03 23:05:27,8.495,0.999,85.947,2.498,0,5472080,170112,187000,2186236,29192.143,9580.140,0,923.435,0,65.960,2616,3360,0.610,1.090,1.210,2,0,0,0,0,18,318,0,59,0
10-03 23:05:28,9.743,1.999,79.196,7.745,0,5472388,169608,187000,2186432,10406.907,3266.773,0,3885.352,0,449.694,3606,5058,0.610,1.090,1.210,0,0,0,0,0,18,317,0,60,0
10-03 23:05:29,10.000,2.250,80.750,4.750,0,5472596,169356,187000,2186476,4388.005,540.001,16.000,2848.003,1.000,152.000,3764,5525,0.610,1.090,1.210,0,0,0,0,0,18,318,0,60,0
10-03 23:05:30,15.750,3.000,69.502,9.750,0,5472756,169104,187000,2186568,22742.503,9545.211,0,2312.051,0,260.006,4911,7076,0.610,1.090,1.210,1,0,0,0,0,18,318,0,58,0
10-03 23:05:31,10.521,2.505,68.638,16.032,0,5472708,169104,187000,2186616,12386.911,2797.626,0,6573.219,0,499.004,4559,6844,0.610,1.090,1.210,2,0,0,0,0,18,318,0,58,0
10-03 23:05:32,19.970,4.493,63.405,9.985,0,5472948,168600,187000,2186880,7227.199,485.275,31.952,2504.257,0.999,310.536,7354,11785,0.880,1.140,1.230,1,1,0,0,0,18,318,0,59,0
10-03 23:05:33,21.254,3.751,56.761,15.753,0,5472736,168600,187000,2187092,27816.147,9587.774,0,3300.611,0,347.064,6732,10391,0.880,1.140,1.230,3,0,0,0,0,18,318,0,59,0
10-03 23:05:34,24.005,4.251,64.264,5.501,0,5473820,167352,187000,2187256,8795.974,582.131,0,2252.506,0,217.049,7869,11658,0.880,1.140,1.230,2,0,0,0,0,18,318,0,55,0
10-03 23:05:35,20.000,5.500,61.250,11.250,0,5478356,162328,187000,2187760,12091.008,3272.002,0,6568.005,0,483.000,8477,13237,0.880,1.140,1.230,0,0,2.000,0,0,18,317,0,56,0
10-03 23:05:36,10.777,1.754,81.204,4.762,0,5479964,160564,187000,2187916,6255.683,541.357,60.151,1640.112,4.010,131.329,3480,4729,0.880,1.140,1.230,1,0,0,0,0,18,318,0,57,0
10-03 23:05:37,19.425,2.241,73.218,3.487,0.249,5480300,160060,187000,2188084,48422.224,20894.406,0,1554.006,0,146.435,4533,6204,0.810,1.120,1.220,0,0,0,0,0,18,317,0,59,0
10-03 23:05:38,17.015,3.253,73.314,4.254,0,5480296,160060,187000,2188088,7262.321,540.470,0,2181.899,0,273.238,6191,9665,0.810,1.120,1.220,3,0,0,0,0,18,318,0,52,0
10-03 23:05:39,22.000,4.250,64.249,7.750,0,5480292,159556,187000,2188596,5830.900,485.992,0,3207.945,0,348.994,7991,12551,0.810,1.120,1.220,1,0,0,0,0,18,318,0,53,0
10-03 23:05:40,21.255,4.001,62.764,10.002,0,5480980,158800,187000,2188664,3112.704,540.122,0,2768.626,0,262.059,7298,11148,0.810,1.120,1.220,1,2,0,0,0,18,318,0,55,0
10-03 23:05:41,8.741,2.497,74.922,11.988,0,5481012,158548,187000,2188884,12502.000,3319.548,0,8235.437,0,520.459,4282,6860,0.810,1.120,1.220,1,0,0,0,0,18,317,0,57,0
10-03 23:05:42,15.252,1.750,78.761,2.000,0,5481248,158296,187000,2188900,45090.165,20250.769,0,872.119,0,92.013,3337,4294,0.830,1.120,1.220,1,0,0,0,0,18,318,0,57,0
10-03 23:05:43,21.514,1.751,71.297,4.253,0,5481272,158044,187000,2189128,69012.162,31344.512,0,1080.707,0,100.065,4282,5146,0.830,1.120,1.220,0,0,0,0,0,18,318,0,54,0
10-03 23:05:44,19.531,2.003,69.359,7.261,0,5482368,156784,187000,2189292,61803.912,26298.237,0,5825.134,0,293.460,3977,4569,0.830,1.120,1.220,2,0,0,0,0,18,317,0,55,0
10-03 23:05:45,12.287,2.257,79.488,5.015,0,5482416,156532,187000,2189496,23387.984,9614.770,0,974.917,0,112.336,3738,5155,0.830,1.120,1.220,1,1,1.003,0,0,18,318,0,56,0
10-03 23:05:46,20.692,4.986,62.075,10.471,0,5480624,158056,187004,2189744,8313.614,538.485,0,3115.237,0,380.928,7924,12727,0.830,1.120,1.220,3,0,0,0,0,18,318,0,57,0
10-03 23:05:47,22.309,4.261,64.920,6.517,0,5479156,159084,187004,2190184,6767.750,487.278,32.084,3745.825,1.003,330.868,8121,12817,0.840,1.110,1.220,3,0,0,0,0,18,318,0,56,0
10-03 23:05:48,17.173,3.236,63.218,13.938,0,5479932,158164,187004,2190328,9900.896,3267.445,0,7064.531,0,531.632,6394,10008,0.840,1.110,1.220,0,0,0,0,0,18,317,0,57,0
10-03 23:05:49,8.753,2.001,76.022,11.503,0,5480336,157688,187004,2190400,9218.658,680.196,0,5697.643,0,480.138,3411,4731,0.840,1.110,1.220,1,0,0,0,0,18,318,0,57,0
10-03 23:05:50,8.272,1.755,86.482,2.507,0,5480180,157688,187004,2190556,24621.966,9471.375,0,814.181,0,73.196,2646,3545,0.840,1.110,1.220,1,0,0,0,0,18,317,0,58,0
10-03 23:05:51,11.470,1.496,83.033,2.743,0,5480612,157196,187004,2190616,30554.127,11766.241,0,1260.704,0,125.671,3474,4799,0.840,1.110,1.220,0,0,0,0,0,18,317,0,51,0
10-03 23:05:52,23.327,4.515,66.720,4.013,0,5480612,156944,187004,2190868,7446.535,541.785,0,2532.344,0,278.919,7989,12167,0.930,1.130,1.220,1,0,1.003,0,0,18,318,0,51,0
10-03 23:05:53,20.433,4.984,62.296,9.967,0,5481488,155936,187004,2191000,3562.312,538.234,0,3081.888,0,307.989,7596,11901,0.930,1.130,1.220,1,0,0,0,0,18,318,0,51,0
10-03 23:05:54,20.781,4.256,64.097,8.513,0,5482368,154704,187004,2191352,8717.210,626.950,0,2980.517,0,239.363,6688,10128,0.930,1.130,1.220,1,0,0,0,0,18,318,0,52,0
10-03 23:05:55,5.514,2.005,78.449,11.780,0,5482352,154704,187004,2191368,10200.897,3133.956,0,6247.861,0,383.975,3134,4850,0.930,1.130,1.220,1,0,1.003,0,0,18,318,0,50,0
10-03 23:05:56,10.953,1.743,83.147,2.489,0,5482160,154704,187004,2191560,31573.950,11812.848,0,1270.606,0,126.463,3461,4716,0.930,1.130,1.220,0,0,0,0,0,18,317,0,50,0
10-03 23:05:57,19.803,4.261,66.679,8.523,0,5482100,154704,187004,2191620,9102.401,541.451,0,2659.128,0,250.672,6843,10524,1.100,1.160,1.230,1,0,0,0,0,18,318,0,51,0
10-03 23:05:58,21.219,4.244,61.660,10.485,0,5482012,154456,187004,2191956,4643.252,581.155,0,4006.178,0,380.447,7807,12020,1.100,1.160,1.230,1,0,0,0,0,18,318,0,51,0
10-03 23:05:59,23.055,4.511,65.907,5.012,0,5483884,152468,187004,2192072,11130.524,541.290,0,2088.978,0,206.492,8266,12364,1.100,1.160,1.230,1,0,0,0,0,18,318,0,52,0
10-03 23:06:00,16.939,3.986,59.536,16.690,0,5483260,152760,187004,2192404,5274.995,538.061,0,7010.741,0,651.652,6624,10153,1.100,1.160,1.230,1,0,0,0,0,18,318,0,52,0
10-03 23:06:01,20.504,5.251,58.262,13.503,0,5485236,150000,187004,2193188,4684.946,540.109,0,7873.590,0,540.109,7765,12136,1.100,1.160,1.230,2,0,6.001,0,0,18,318,0,52,0
10-03 23:06:02,20.995,4.999,66.235,6.499,0,5485760,148992,187004,2193672,10500.675,3050.325,0,2363.477,0,268.940,6823,9985,1.010,1.140,1.220,0,0,0,0,0,18,318,0,53,0
10-03 23:06:03,6.000,1.000,84.497,7.250,0,5485084,149468,187004,2193872,8295.723,713.976,0,1603.946,0,118.996,2461,3695,1.010,1.140,1.220,3,0,0,0,0,18,318,0,50,0
10-03 23:06:04,6.251,1.500,86.767,3.751,0,5485040,149468,187004,2193916,11239.234,3220.640,0,1188.236,0,123.024,2623,3873,1.010,1.140,1.220,0,0,0,0,0,18,317,0,50,0
10-03 23:06:05,11.246,2.249,79.473,5.748,0,5485464,148996,187004,2193964,12847.565,2816.028,0,1615.442,0,151.948,3906,5591,1.010,1.140,1.220,0,0,1.000,0,0,18,317,0,55,0
10-03 23:06:06,10.543,2.008,80.833,5.272,0,5485140,149172,187004,2194152,24155.528,7512.956,0,1313.412,0,118.488,3245,4448,1.010,1.140,1.220,1,0,2.008,0,0,18,318,0,56,0
10-03 23:06:07,11.503,2.251,81.024,4.001,0,5485308,148920,187004,2194232,16091.849,4988.503,0,1672.504,0,197.059,4345,6527,1.090,1.160,1.230,1,0,0,0,0,18,318,0,56,0
10-03 23:06:08,22.250,4.500,61.000,10.250,0,5485364,148696,187004,2194400,4772.012,540.001,0,3012.007,0,358.001,7877,12441,1.090,1.160,1.230,1,0,0,0,0,18,318,0,56,0
10-03 23:06:09,24.931,6.731,55.098,11.219,0,5507228,196108,186160,2125928,6746.363,578.402,0,8105.608,0,511.587,8856,20017,1.090,1.160,1.230,0,1,37.895,0,0,18,318,0,58,0
10-03 23:06:10,21.465,5.241,66.641,4.992,0,5506496,196528,186160,2126440,11875.658,3132.897,15.974,2236.358,0.998,277.548,7570,11266,1.090,1.160,1.230,1,0,0,0,0,18,318,0,61,0
10-03 23:06:11,5.740,1.497,84.097,7.237,0,5501576,201416,186160,2126472,11579.918,712.703,0,1633.027,0,125.771,2520,3702,1.090,1.160,1.230,3,0,0,0,0,18,318,0,54,0
10-03 23:06:12,9.522,1.253,82.436,4.510,0,5501528,201416,186160,2126520,31465.056,11956.000,16.036,1339.024,1.002,134.303,3017,4272,1,1.140,1.220,1,0,0,0,0,18,317,0,54,0
10-03 23:06:13,21.984,4.747,66.202,6.245,0,5500880,201752,186160,2126832,4863.476,539.609,31.977,2638.089,0.999,319.768,7876,11955,1,1.140,1.220,1,0,0,0,0,18,318,0,55,0
10-03 23:06:14,19.760,3.752,58.279,15.258,0,5499724,202636,186160,2127104,7311.660,540.270,0,3633.819,0,403.202,7675,12032,1,1.140,1.220,1,0,0,0,0,18,318,0,56,0
10-03 23:06:15,20.837,4.770,60.503,12.050,0,5499852,202392,186160,2127220,5271.073,542.271,0,6977.218,0,492.061,8508,13795,1,1.140,1.220,1,0,1.004,0,0,18,318,0,48,0
10-03 23:06:16,17.168,3.235,65.438,12.192,0,5500044,201916,186160,2127504,7270.350,3284.347,0,6783.669,0,547.391,6061,9398,1,1.140,1.220,0,0,0,0,0,18,317,0,50,0
10-03 23:06:17,9.033,1.506,80.294,8.029,0,5500004,201916,186160,2127544,7228.489,487.788,0,2284.371,0,150.552,2605,3813,1.080,1.150,1.230,2,0,0,0,0,18,318,0,50,0
10-03 23:06:18,7.973,0.997,85.958,3.488,0,5500088,201664,186160,2127712,27591.207,9738.894,0,1387.284,0,112.617,2529,3457,1.080,1.150,1.230,0,0,0,0,0,18,317,0,50,0
10-03 23:06:19,12.503,1.750,80.771,3.751,0,5500292,201412,186160,2127760,27177.135,12064.167,0,1372.360,0,133.035,3558,4886,1.080,1.150,1.230,0,0,0,0,0,18,317,0,50,0
10-03 23:06:20,18.057,3.009,70.221,7.022,0,5500444,201160,186160,2127860,7388.270,662.085,0,1926.066,0,206.651,5789,8140,1.080,1.150,1.230,2,0,0,0,0,18,318,0,51,0
10-03 23:06:21,14.927,3.483,52.742,25.873,0,5497404,204068,186160,2127992,7723.183,656.784,0,9700.501,0,785.155,6425,10043,1.080,1.150,1.230,1,0,0,0,0,18,318,0,52,0
10-03 23:06:22,24.403,4.528,65.157,5.283,0,5490336,210764,186160,2128364,7203.038,543.398,0,2519.755,0,308.932,8365,12829,1.080,1.150,1.220,1,0,0,0,0,18,318,0,53,0
10-03 23:06:23,22.703,4.241,66.113,3.992,0,5492460,208244,186160,2128760,5728.125,622.709,0,2111.622,0,201.582,7408,10521,1.080,1.150,1.220,3,0,0,0,0,18,318,0,47,0
10-03 23:06:24,19.705,4.240,63.106,10.975,0,5492020,208244,186160,2129200,6145.025,538.775,0,2777.683,0,314.285,7544,11919,1.080,1.150,1.220,2,1,0,0,0,18,318,0,47,0
10-03 23:06:25,22.762,4.752,62.282,8.504,0,5493176,206984,186160,2129304,7869.091,486.253,0,4358.266,0,284.148,8049,12415,1.080,1.150,1.220,1,2,1.001,0,0,18,318,0,47,0
10-03 23:06:26,22.241,4.748,58.976,11.995,0,5493852,205976,186160,2129636,6453.367,539.780,0,8264.627,0,545.777,8152,12671,1.080,1.150,1.220,2,0,0,0,0,18,318,0,47,0
10-03 23:06:27,21.834,4.015,60.733,12.297,0,5494048,205472,186160,2129944,3986.262,542.075,0,3356.852,0,387.484,7660,12227,1.070,1.140,1.220,4,0,0,0,0,18,318,0,47,0
10-03 23:06:28,20.962,4.492,64.882,7.237,0,5494664,204716,186160,2130084,7802.823,678.767,0,2786.937,0,191.652,7737,11566,1.070,1.140,1.220,1,0,0,0,0,18,318,0,46,0
10-03 23:06:29,21.236,3.748,62.709,10.743,0,5494664,204464,186160,2130336,4839.850,539.649,0,2554.337,0,263.828,7137,10839,1.070,1.140,1.220,2,0,0,0,0,18,318,0,47,0
10-03 23:06:30,23.782,3.755,63.085,7.260,0,5494644,204212,186160,2130608,9398.593,540.725,0,3244.347,0,361.484,7910,11852,1.070,1.140,1.220,1,0,0,0,0,18,318,0,48,0
10-03 23:06:31,21.206,4.740,63.617,8.233,0,5495012,203708,186160,2130744,5669.107,538.869,0,2822.080,0,274.424,7944,11988,1.070,1.140,1.220,3,0,0,0,0,18,318,0,50,0
10-03 23:06:32,7.494,2.748,64.203,23.233,0,5494984,203484,186160,2130996,9619.895,3265.588,0,13725.863,0,832.385,4181,6532,0.980,1.130,1.220,0,0,0,0,0,18,317,0,50,0
10-03 23:06:33,16.248,2.500,76.739,3.500,0,5495460,202980,186160,2131024,31917.449,12300.246,0,1503.786,0,187.973,4179,5579,0.980,1.130,1.220,0,0,0,0,0,18,317,0,52,0
10-03 23:06:34,11.755,2.501,72.281,11.505,0,5495208,202980,186160,2131276,4847.083,680.292,0,1304.561,0,134.058,3519,5021,0.980,1.130,1.220,1,0,0,0,0,18,318,0,53,0
10-03 23:06:35,9.990,2.997,82.669,3.497,0,5496768,201216,186160,2131480,11517.692,3124.932,47.953,847.168,0.999,65.935,4686,7295,0.980,1.130,1.220,1,0,1.998,0,0,18,318,0,53,0
10-03 23:06:36,11.514,2.753,77.091,6.758,0,5496680,201216,186160,2131568,11350.448,3197.789,0,1734.055,0,183.217,4361,6398,0.980,1.130,1.220,0,0,0,0,0,18,317,0,53,0
10-03 23:06:37,22.489,1.999,67.217,6.247,0,5496712,200964,186160,2131788,72089.811,29827.441,0,1723.159,0,182.911,4592,5960,0.910,1.110,1.210,2,0,0,0,0,18,319,0,53,0
10-03 23:06:38,12.491,1.998,81.438,2.748,0,5496496,200964,186160,2132004,31145.386,12132.801,0,1574.806,0,164.875,3649,5201,0.910,1.110,1.210,0,0,0,0,0,18,318,0,54,0
10-03 23:06:39,9.280,1.505,78.501,9.280,0,5496464,200964,186160,2132036,12555.187,5019.065,0,1215.892,0,106.340,3068,4200,0.910,1.110,1.210,0,1,0,0,0,18,317,0,55,0
10-03 23:06:40,11.975,2.495,69.105,14.220,0,5496420,200964,186160,2132080,23077.427,9511.979,0,7288.659,0,432.091,4541,6740,0.910,1.110,1.210,1,0,0,0,0,18,318,0,49,0
10-03 23:06:41,23.855,5.022,59.764,10.044,0,5496348,200964,186160,2132152,9877.666,542.398,0,2949.037,0,366.621,8514,13232,0.910,1.110,1.210,2,0,0,0,0,18,318,0,49,0
10-03 23:06:42,21.891,4.478,62.936,7.960,0,5496216,200712,186160,2132536,8470.678,537.315,0,1918.415,0,200.996,7837,11649,1.150,1.150,1.220,2,0,0,0,0,18,318,0,50,0
10-03 23:06:43,23.863,4.270,65.057,5.275,0,5497000,199704,186160,2132760,9880.696,542.564,0,2688.707,0,275.301,7906,11805,1.150,1.150,1.220,2,1,0,0,0,18,318,0,54,0
10-03 23:06:44,22.408,4.482,63.489,6.722,0,5497160,199200,186160,2133104,5841.993,537.790,0,2796.508,0,308.731,7834,11939,1.150,1.150,1.220,1,0,0,0,0,18,318,0,51,0
10-03 23:06:45,14.243,2.998,66.715,13.993,0,5497380,198948,186160,2133136,11671.899,3266.293,0,8419.599,0,568.703,5476,8599,1.150,1.150,1.220,0,0,0.999,0,0,18,317,0,52,0
10-03 23:06:46,8.748,2.000,86.231,2.000,0,5497392,198696,186160,2133376,12106.285,3206.281,0,1395.687,0,148.967,2986,4427,1.150,1.150,1.220,1,0,0,0,0,18,317,0,52,0
10-03 23:06:47,6.019,1.254,88.531,2.508,0,5497616,198444,186160,2133404,6042.199,541.721,0,1147.647,0,106.338,2598,3787,1.140,1.150,1.220,1,1,0,0,0,18,318,0,52,0
10-03 23:06:48,9.719,1.994,75.260,11.463,0,5497760,198192,186160,2133512,9360.111,2688.415,0,6024.761,0,420.657,3688,5218,1.140,1.150,1.220,1,0,0,0,0,18,317,0,50,0
10-03 23:06:49,10.502,1.750,80.014,6.001,0,5497760,198192,186160,2133512,23209.130,7351.308,0,1296.231,0,128.023,3194,4367,1.140,1.150,1.220,1,0,0,0,0,18,318,0,50,0
10-03 23:06:50,13.003,3.001,77.271,4.751,0,5497640,198192,186160,2133632,14067.735,5054.342,0,1608.427,0,165.044,4560,6849,1.140,1.150,1.220,0,1,0,0,0,18,318,0,50,0
10-03 23:06:51,22.055,4.261,64.660,6.516,0.251,5500204,195420,186160,2133840,8049.945,541.341,0,3083.640,0,309.767,7835,11852,1.140,1.150,1.220,1,0,0,0,0,18,318,0,51,0
10-03 23:06:52,21.686,4.487,61.569,10.220,0,5499788,195420,186160,2134256,6017.346,538.420,0,3090.931,0,316.073,7590,11292,1.130,1.150,1.220,4,0,0,0,0,18,318,0,49,0
10-03 23:06:53,22.108,4.773,59.541,12.561,0,5500352,194664,186160,2134448,7343.920,542.654,16.079,7368.038,1.005,519.541,7992,12260,1.130,1.150,1.220,2,0,0,0,0,18,318,0,51,0
10-03 23:06:54,4.975,1.244,86.067,5.970,0,5500468,194412,186160,2134584,13841.370,3378.007,0,1950.189,0,145.269,2543,3879,1.130,1.150,1.220,1,0,0,0,0,18,317,0,51,0
10-03 23:06:55,14.499,2.000,74.746,7.250,0,5500416,194412,186160,2134636,28032.565,11874.392,0,1407.928,0,124.994,3810,4979,1.130,1.150,1.220,0,0,1.000,0,0,18,317,0,52,0
10-03 23:06:56,16.806,4.013,69.230,8.278,0,5500200,194412,186160,2134852,7621.374,541.804,0,2821.393,0,221.738,6182,9097,1.130,1.150,1.220,3,0,0,0,0,18,318,0,51,0
10-03 23:06:57,24.171,4.734,62.545,6.230,0,5501152,193152,186160,2135160,6914.336,538.236,0,3432.748,0,361.814,8705,13648,1.120,1.150,1.220,2,0,0.997,0,0,18,318,0,52,0
10-03 23:06:58,12.999,3.000,72.243,10.749,0,5501060,193152,186160,2135252,8050.273,3436.689,0,3043.725,0,252.977,4621,7248,1.120,1.150,1.220,0,0,0,0,0,18,317,0,55,0
10-03 23:06:59,9.750,2.750,69.498,15.750,0,5500996,193152,186164,2135312,13341.599,3203.904,0,8507.744,0,575.983,4436,6972,1.120,1.150,1.220,0,0,0,0,0,18,317,0,56,0
10-03 23:07:00,8.259,2.002,85.596,2.503,0,5500968,193152,186164,2135340,12451.952,3207.594,0,1249.400,0,141.158,3337,4782,1.120,1.150,1.220,2,1,0,0,0,18,317,0,53,0
10-03 23:07:01,3.997,2.248,90.187,2.248,0,5502212,191640,186164,2135608,7511.756,539.623,95.933,903.369,6.995,91.936,2402,3419,1.120,1.150,1.220,0,1,5.996,0,0,18,318,0,53,0
10-03 23:07:02,9.497,1.750,84.476,2.999,0,5502176,191640,186164,2135644,21325.013,6997.036,0,1523.572,0,155.956,3199,4849,1.030,1.130,1.210,1,0,0,0,0,18,318,0,53,0
10-03 23:07:03,8.539,1.507,83.634,5.274,0,5502344,191416,186164,2135700,28611.284,9750.742,0,2173.975,0,287.318,2816,3638,1.030,1.130,1.210,1,1,0,0,0,18,317,0,53,0
10-03 23:07:04,11.452,1.992,77.924,5.726,0,5502356,191164,186164,2135940,10735.023,3250.382,0,4911.423,0,330.615,3969,5577,1.030,1.130,1.210,3,0,0,0,0,18,317,0,54,0
10-03 23:07:05,7.996,1.499,87.211,2.499,0,5502340,191164,186164,2135956,14468.580,3202.579,0,1215.461,0,123.945,2887,4020,1.030,1.130,1.210,0,0,1.000,0,0,18,317,0,54,0
10-03 23:07:06,10.006,2.501,82.546,2.752,0,5502180,191232,186164,2136048,12998.297,2051.151,0,1680.944,0,143.080,3434,4811,1.030,1.130,1.210,1,0,0,0,0,18,318,0,56,0
10-03 23:07:07,6.243,1.498,89.646,1.998,0,5502092,191260,186164,2136108,7553.255,1661.077,0,1166.649,0,108.874,2429,3409,1.030,1.120,1.210,2,1,0,0,0,18,318,0,56,0
10-03 23:07:08,11.756,2.001,70.036,14.257,0,5501908,191260,186164,2136292,47409.539,19013.842,0,7011.629,0,453.235,3702,5342,1.030,1.120,1.210,3,0,0,0,0,18,318,0,56,0
10-03 23:07:09,9.005,3.502,86.545,0,0,5535988,157172,186164,2136300,11480.926,2865.479,0,184.095,0,10.005,2586,12138,1.030,1.120,1.210,0,0,38.020,0,0,18,318,0,51,0
10-03 23:07:10,6.247,1.249,90.212,0.750,0,5535816,157328,186164,2136316,15786.319,5022.874,0,315.866,0,44.981,2126,2988,1.030,1.120,1.210,1,0,0,0,0,18,318,0,51,0
10-03 23:07:11,10.250,1.750,85.500,2.250,0,5534648,158476,186164,2136336,27059.151,12086.067,0,724.004,0,75.000,2508,3201,1.030,1.120,1.210,0,0,0,0,0,18,318,0,51,0
10-03 23:07:12,6.502,1.250,86.272,3.751,0,5531724,161384,186164,2136352,17815.597,4934.273,0,772.199,0,78.020,2253,2990,0.940,1.110,1.210,0,0,0,0,0,18,318,0,51,0
10-03 23:07:13,15.500,1.750,77.251,4.000,0,5529152,163928,186164,2136416,40274.544,16690.225,0,1324.018,0,145.002,4009,5349,0.940,1.110,1.210,0,0,0,0,0,18,317,0,46,0
10-03 23:07:14,14.788,2.757,75.692,5.263,0,5526820,166152,186164,2136524,7612.347,541.376,0,1319.353,0,140.357,4854,7130,0.940,1.110,1.210,2,0,0,0,0,18,318,0,46,0
10-03 23:07:15,21.799,4.260,65.145,7.016,0,5524780,167848,186164,2136868,5125.438,541.208,0,2245.010,0,259.579,7319,11073,0.940,1.110,1.210,1,1,1.002,0,0,18,317,0,51,0
10-03 23:07:16,5.230,1.245,88.412,3.238,0,5522944,169552,186164,2137000,13237.384,3249.575,0,1490.302,0,120.539,2469,3841,0.940,1.110,1.210,2,0,0,0,0,18,318,0,51,0
10-03 23:07:17,20.224,2.996,68.412,7.490,0,5521364,171044,186164,2137088,32396.445,11979.634,0,2724.505,0,223.713,5250,7219,0.870,1.090,1.200,1,0,0,0,0,18,317,0,49,0
10-03 23:07:18,12.533,3.008,69.686,12.032,0.251,5519828,172348,186164,2137320,3776.057,487.298,0,6332.867,0,449.196,5165,8120,0.870,1.090,1.200,3,1,0,0,0,18,318,0,49,0
10-03 23:07:19,20.787,4.007,60.106,14.526,0,5518864,173264,186164,2137368,3562.290,540.955,0,6523.519,0,610.077,7492,11114,0.870,1.090,1.200,1,1,0,0,0,18,318,0,49,0
10-03 23:07:20,24.750,4.500,65.500,3.250,0,5518364,173312,186164,2137820,8022.997,540.000,0,2259.999,0,259.000,7711,11837,0.870,1.090,1.200,0,1,0,0,0,18,317,0,52,0
10-03 23:07:21,4.983,1.744,87.453,4.485,0,5518224,173312,186164,2137960,11518.931,3252.967,0,1586.619,0,115.608,2232,3419,0.870,1.090,1.200,3,0,0,0,0,18,318,0,50,0
10-03 23:07:22,11.747,2.499,77.483,6.998,0,5518312,173060,186168,2138120,7595.344,539.882,15.997,2523.450,1.000,268.941,4332,6563,0.960,1.100,1.200,0,2,0,0,0,18,318,0,50,0
10-03 23:07:23,14.245,1.999,75.476,6.248,0,5518284,173060,186168,2138148,29619.392,11859.153,0,1979.358,0,175.943,4056,5504,0.960,1.100,1.200,0,0,0,0,0,18,317,0,50,0
10-03 23:07:24,11.503,2.250,76.517,8.752,0,5518004,173060,186168,2138428,13084.879,3263.718,0,1720.379,0,170.037,3936,5625,0.960,1.100,1.200,1,0,0,0,0,18,317,0,52,0
10-03 23:07:25,10.505,2.251,75.284,11.005,0,5509288,181724,186172,2138476,12010.393,2752.236,0,6026.706,0,390.175,3787,5583,0.960,1.100,1.200,2,0,1.000,0,0,18,317,0,52,0
10-03 23:07:26,9.269,1.754,83.669,2.756,0,5509668,181272,186172,2138548,22499.324,9551.241,4.008,1098.212,1.002,103.208,3048,4228,0.960,1.100,1.200,1,0,0,0,0,18,318,0,52,0
10-03 23:07:27,21.940,4.488,64.323,7.479,0,5509328,181256,186172,2138904,9165.849,538.522,15.956,2959.878,0.997,370.982,8376,13230,1.120,1.130,1.210,1,1,0,0,0,18,318,0,53,0
10-03 23:07:28,24.022,4.504,60.054,9.509,0,5509984,180304,186172,2139200,10445.476,540.490,0,4127.745,0,424.385,8376,13330,1.120,1.130,1.210,0,1,0,0,0,18,318,0,53,0
10-03 23:07:29,22.979,4.996,64.192,5.995,0,5510880,179296,186172,2139312,6058.554,539.515,0,3253.076,0,238.785,8256,12553,1.120,1.130,1.210,1,0,0,0,0,18,319,0,51,0
10-03 23:07:30,11.755,2.251,78.030,5.752,0,5511080,178792,186172,2139616,12930.025,3401.322,0,2957.149,0,280.109,4340,6631,1.120,1.130,1.210,0,0,0,0,0,18,319,0,52,0
10-03 23:07:31,11.244,2.249,73.212,11.244,0,5511320,178552,186172,2139616,5643.103,539.723,0,7795.998,0,532.727,4617,7382,1.120,1.130,1.210,1,0,0,0,0,18,320,0,52,0
10-03 23:07:32,13.505,2.501,75.028,8.003,0,5511156,178552,186172,2139780,24437.068,7352.729,0,1756.652,0,184.068,4180,5888,1.030,1.120,1.210,1,0,0,0,0,18,320,0,52,0
10-03 23:07:33,15.544,2.006,74.710,5.515,0,5511652,178048,186172,2139788,34371.528,14457.602,0,1331.740,0,124.349,3888,4995,1.030,1.120,1.210,1,0,0,0,0,18,317,0,46,0
10-03 23:07:34,4.978,1.245,90.606,2.240,0,5511556,177796,186172,2140136,8936.166,3253.860,0,1131.085,0,113.507,2144,3109,1.030,1.120,1.210,1,0,0,0,0,18,318,0,46,0
10-03 23:07:35,17.762,3.502,68.795,8.756,0,5514700,174404,186172,2140384,31159.334,11804.703,0,6304.114,0,482.315,6648,9715,1.030,1.120,1.210,0,0,2.001,0,0,18,317,0,47,0
10-03 23:07:36,17.315,4.266,71.267,4.517,0,5514348,174404,186172,2140736,7618.516,542.029,0,2079.785,0,241.905,6703,10086,1.030,1.120,1.210,1,0,0,0,0,18,318,0,50,0
10-03 23:07:37,24.379,4.727,52.988,15.672,0,5506720,181992,186172,2140776,25458.929,9538.765,0,4625.097,0,346.285,7382,11217,1.110,1.130,1.210,1,0,0,0,0,18,318,0,48,0
10-03 23:07:38,19.812,3.511,57.680,16.301,0,5506168,181992,186172,2141328,9393.309,541.690,0,8004.977,0,564.762,7315,11409,1.110,1.130,1.210,3,0,0,0,0,18,318,0,48,0
10-03 23:07:39,22.478,4.995,65.437,4.995,0,5504384,183636,186172,2141468,5682.555,539.483,0,1710.361,0,151.854,7915,11772,1.110,1.130,1.210,1,0,0,0,0,18,319,0,48,0
10-03 23:07:40,11.496,1.749,80.220,5.248,0,5504300,183496,186172,2141692,11680.691,3265.795,0,1551.428,0,172.936,3944,5835,1.110,1.130,1.210,1,0,0,0,0,18,319,0,51,0
10-03 23:07:41,11.000,2.250,78.748,6.750,0,5504300,183496,186172,2141692,6286.870,485.990,0,1407.971,0,139.997,3898,5691,1.110,1.130,1.210,0,0,0,0,0,18,320,0,49,0
10-03 23:07:42,13.754,2.251,78.024,3.751,0,5504180,183496,186172,2141812,19772.045,7352.248,0,1808.553,0,201.061,4035,5805,1.100,1.130,1.210,2,0,0,0,0,18,320,0,49,0
10-03 23:07:43,11.499,1.750,79.744,5.250,0,5504384,183244,186172,2141860,18775.577,7540.429,0,1723.869,0,153.988,3626,5049,1.100,1.130,1.210,1,0,0,0,0,18,318,0,53,0
10-03 23:07:44,6.274,1.255,86.080,5.019,0,5504148,183244,186172,2142096,11574.419,716.751,0,1204.623,0,94.362,2587,3649,1.100,1.130,1.210,1,0,0,0,0,18,318,0,53,0
10-03 23:07:45,12.200,2.241,78.679,4.980,0,5504572,182744,186172,2142172,33763.172,12077.696,0,1513.820,0,154.370,4009,5473,1.100,1.130,1.210,0,0,0.996,0,0,18,317,0,47,0
10-03 23:07:46,19.011,4.252,62.035,13.257,0,5504472,182744,186172,2142272,6851.859,540.304,0,6695.771,0,509.287,7320,11467,1.100,1.130,1.210,1,0,0,0,0,18,318,0,48,0
10-03 23:07:47,24.330,4.766,58.693,10.785,0,5504476,182492,186172,2142520,9875.427,541.779,0,3467.386,0,384.262,8105,12422,1.090,1.130,1.210,1,0,0,0,0,18,318,0,48,0
10-03 23:07:48,20.948,4.738,62.094,9.975,0,5504900,181736,186172,2142852,6678.270,538.651,15.960,2940.633,0.998,309.225,7366,11410,1.090,1.130,1.210,2,0,0,0,0,18,317,0,51,0
10-03 23:07:49,4.993,1.498,83.885,7.240,0,5504784,181736,186172,2142968,9889.462,3332.438,0,2939.975,0,199.727,2592,3881,1.090,1.130,1.210,2,0,0,0,0,18,317,0,49,0
10-03 23:07:50,13.250,2.500,72.502,10.750,0,5504836,181484,186172,2143168,18887.627,8059.268,0,1932.064,0,199.007,3991,5917,1.090,1.130,1.210,0,0,0,0,0,18,317,0,50,0
10-03 23:07:51,13.256,2.251,68.530,14.006,0,5504804,181484,186172,2143200,31089.580,12000.242,0,6618.891,0,485.212,3833,4738,1.090,1.130,1.210,0,0,0,0,0,18,317,0,50,0
10-03 23:07:52,11.740,2.498,67.195,16.986,0,5504696,181484,186172,2143308,18281.144,5113.844,0,6650.596,0,434.647,4096,5990,1.160,1.140,1.210,1,0,0,0,0,18,318,0,50,0
10-03 23:07:53,10.049,1.759,81.649,5.276,0,5504560,181484,186172,2143444,21589.384,7453.382,0,1816.869,0,88.432,3474,4782,1.160,1.140,1.210,1,0,0,0,0,18,319,0,50,0
10-03 23:07:54,23.411,4.483,63.507,6.226,0,5505360,180476,186172,2143652,4796.683,537.946,0,2880.999,0,285.908,7984,12066,1.160,1.140,1.210,1,0,0,0,0,18,318,0,46,0
10-03 23:07:55,9.744,2.499,74.706,10.744,0,5505196,180476,186172,2143816,12390.712,3266.079,0,2302.646,0,231.864,4031,6039,1.160,1.140,1.210,0,0,0.999,0,0,18,317,0,47,0
10-03 23:07:56,12.002,2.250,79.266,5.751,0,5505136,180476,186172,2143876,24688.886,9484.877,0,1656.328,0,137.027,3245,4470,1.160,1.140,1.210,2,0,0,0,0,18,318,0,48,0
10-03 23:07:57,12.299,3.263,77.307,6.275,0,5505052,180476,186172,2143960,11345.036,2985.853,16.064,1931.668,1.004,168.670,4551,6601,1.160,1.140,1.210,0,1,0,0,0,18,318,0,48,0
10-03 23:07:58,21.936,3.739,63.067,7.977,0,5505816,179468,186172,2144204,7880.099,538.435,0,3222.634,0,309.102,7570,11679,1.470,1.200,1.230,0,2,0.997,0,0,18,318,0,48,0
10-03 23:07:59,9.987,2.497,79.644,7.240,0,5505800,179216,186172,2144472,11596.604,3252.682,0,2280.972,0,207.724,3648,5385,1.470,1.200,1.230,0,0,0,0,0,18,317,0,49,0
10-03 23:08:00,15.751,2.750,71.006,8.501,0,5505688,179216,186172,2144584,8550.684,3257.261,0,3388.271,0,292.023,5178,7438,1.470,1.200,1.230,0,0,0,0,0,18,317,0,50,0
10-03 23:08:01,8.752,3.501,69.515,16.003,0,5506944,177956,186172,2144588,12113.545,2643.555,0,7437.563,0,472.099,3775,5628,1.470,1.200,1.230,3,0,6.001,0,0,18,317,0,51,0
10-03 23:08:02,9.254,1.501,85.038,2.501,0,5507024,177820,186172,2144644,27333.190,9962.443,0,952.425,0,86.038,2642,3578,1.470,1.200,1.230,3,0,0,0,0,18,318,0,47,0
10-03 23:08:03,10.740,1.499,79.178,6.744,0,5506852,177820,186176,2144812,32274.734,11852.253,3.996,1738.424,0.999,122.889,3356,4632,1.350,1.180,1.230,0,0,0,0,0,18,317,0,47,0
10-03 23:08:04,20.593,4.520,68.307,5.023,0,5506680,177820,186176,2144984,4509.277,488.195,0,2113.504,0,253.138,7133,10856,1.350,1.180,1.230,2,0,0,0,0,18,318,0,47,0
10-03 23:08:05,21.894,3.981,61.453,10.698,0,5507452,176812,186180,2145216,4638.614,537.406,0,2854.225,0,302.540,7204,10892,1.350,1.180,1.230,2,0,0.995,0,0,18,318,0,48,0
10-03 23:08:06,22.062,4.011,62.926,8.273,0,5508544,175580,186180,2145356,9105.401,611.706,0,5587.588,0,473.320,7124,10136,1.350,1.180,1.230,2,2,0,0,0,18,318,0,48,0
10-03 23:08:07,9.478,2.245,77.320,8.979,0,5508344,175580,186180,2145556,13160.324,3255.412,0,3491.861,0,268.374,3767,5904,1.350,1.180,1.230,0,0,0,0,0,18,317,0,50,0
10-03 23:08:08,13.249,3.250,68.247,13.249,0,5508184,175580,186180,2145716,8557.623,3394.850,0,6647.707,0,483.979,4974,7677,1.250,1.160,1.220,0,0,0,0,0,18,317,0,51,0
10-03 23:08:09,12.304,3.264,77.086,6.277,0,5555388,128204,186180,2148468,8462.933,636.779,0,2221.696,0,158.693,4096,9184,1.250,1.160,1.220,2,0,36.158,0,0,18,317,0,53,0
10-03 23:08:10,7.470,1.992,86.896,1.245,0,5532124,151416,186180,2145940,10586.887,3249.766,0,1151.312,0,111.546,3155,5996,1.250,1.160,1.220,1,0,1.992,0,0,18,318,0,51,0
10-03 23:08:11,26.525,2.753,66.812,2.753,0,5529504,153712,186180,2146264,10867.127,540.504,0,720.672,0,40.037,4389,4830,1.250,1.160,1.220,1,0,0,0,0,18,318,0,52,0
10-03 23:08:12,14.234,1.748,78.413,3.996,0,5530160,152984,186180,2146336,32049.445,11927.768,0,1374.475,0,135.849,3882,5282,1.250,1.160,1.220,1,0,0,0,0,18,317,0,52,0
10-03 23:08:13,11.501,2.000,81.507,3.000,0,5530368,152732,186180,2146380,27771.249,11797.956,0,1316.107,0,127.010,3417,4641,1.140,1.140,1.210,2,0,0,0,0,18,317,0,52,0
10-03 23:08:14,12.292,1.505,80.522,3.763,0,5530236,152732,186180,2146512,30914.561,12035.708,0,1256.249,0,121.411,3272,4419,1.140,1.140,1.210,2,0,0,0,0,18,317,0,52,0
10-03 23:08:15,15.229,3.246,74.899,5.493,0,5530408,152480,186180,2146592,8168.959,539.271,0,1917.408,0,217.706,5684,8774,1.140,1.140,1.210,1,1,0.999,0,0,18,318,0,53,0
10-03 23:08:16,22.020,4.004,62.557,8.758,0,5530932,151472,186180,2147076,9177.301,680.616,0,3775.415,0,370.335,7693,11710,1.140,1.140,1.210,1,0,0,0,0,18,318,0,56,0
10-03 23:08:17,4.750,1.750,79.756,12.251,0,5530904,151472,186180,2147104,10809.769,3122.222,0,5708.406,0,341.024,2765,4329,1.140,1.140,1.210,1,0,0,0,0,18,317,0,56,0
10-03 23:08:18,23.759,3.751,66.524,4.502,0,5530816,151220,186184,2147440,9009.314,540.199,132.049,2084.767,8.003,119.044,7517,10708,1.130,1.140,1.210,1,0,0,0,0,18,320,0,54,0
10-03 23:08:19,23.762,3.002,67.035,4.252,0,5532224,149708,186184,2147544,6282.261,486.252,4.002,1620.841,1.001,139.072,6783,9434,1.130,1.140,1.210,1,0,3.002,0,0,18,324,0,72,0
10-03 23:08:20,27.998,3.750,63.496,3.750,0,5532204,149204,186184,2148068,3430.805,539.969,0,1779.899,0,173.990,7338,10201,1.130,1.140,1.210,2,0,0,0,0,18,321,0,85,0
10-03 23:08:21,8.712,0.747,86.376,1.494,0,5531536,149788,186184,2148152,32793.080,12009.028,0,975.777,0,84.634,2706,3806,1.130,1.140,1.210,0,0,0,0,0,18,320,0,85,0
10-03 23:08:22,20.798,4.510,60.388,12.278,0,5530956,150132,186184,2148388,8433.336,541.241,4.009,7994.329,1.002,633.452,7459,10877,1.130,1.140,1.210,1,0,0,0,0,18,321,0,82,0
10-03 23:08:23,16.463,3.741,70.590,6.485,0.249,5531416,149376,186184,2148684,10906.214,3263.583,0,4242.359,0,370.159,6200,9497,1.120,1.140,1.210,0,0,0,0,0,18,320,0,83,0
10-03 23:08:24,9.000,2.000,67.004,20.001,0,5531344,149376,186184,2148756,10877.578,3277.174,0,7644.406,0,505.027,3905,6165,1.120,1.140,1.210,3,0,0,0,0,18,320,0,84,0
10-03 23:08:25,6.005,1.501,87.580,3.753,0,5531848,148872,186184,2148756,4935.499,680.620,0,1209.102,0,112.102,2570,3821,1.120,1.140,1.210,1,0,1.001,0,0,18,321,0,84,0
10-03 23:08:26,3.765,1.506,90.361,2.510,0,5531760,148872,186184,2148844,10857.353,3028.091,0,750.999,0,60.241,2185,2853,1.120,1.140,1.210,1,0,0,0,0,18,321,0,80,0
10-03 23:08:27,6.715,1.492,87.301,3.233,0,5531712,148872,186184,2148892,11833.148,3194.572,0,1201.820,0,115.407,2734,4071,1.120,1.140,1.210,0,0,0,0,0,18,320,0,80,0
10-03 23:08:28,16.501,2.500,77.006,2.500,0,5534056,146220,186184,2149200,8331.637,2751.210,0,1172.090,0,110.008,4389,5816,1.030,1.120,1.200,0,0,0,0,0,18,320,0,82,0
10-03 23:08:29,9.267,1.002,85.653,2.504,0,5533816,146444,186184,2149216,12128.639,2755.917,0,897.601,0,76.136,2367,3132,1.030,1.120,1.200,0,1,0,0,0,18,320,0,82,0
10-03 23:08:30,6.997,1.749,86.958,3.498,0,5533768,146444,186184,2149264,10324.995,2575.751,0,1631.209,0,124.939,3016,4584,1.030,1.120,1.200,0,0,0,0,0,18,321,0,79,0
10-03 23:08:31,4.766,1.003,90.046,2.257,0,5533752,146444,186184,2149280,5457.913,782.568,0,1123.688,0,107.352,2397,3768,1.030,1.120,1.200,1,0,0,0,0,18,321,0,79,0
10-03 23:08:32,10.207,1.494,81.658,4.481,0,5533816,146192,186184,2149468,31058.953,11694.036,0,1183.046,0,112.529,3241,4550,1.030,1.120,1.200,0,0,0,0,0,18,320,0,79,0
10-03 23:08:33,25.849,4.517,62.489,5.521,0,5534248,145688,186184,2149540,28755.848,9622.759,0,2361.019,0,281.074,8200,12151,0.950,1.100,1.200,2,0,0,0,0,18,321,0,79,0
10-03 23:08:34,21.183,3.489,56.821,15.451,0,5534648,144932,186184,2149896,11518.777,3304.608,0,9095.398,0,609.085,6304,9382,0.950,1.100,1.200,2,0,0,0,0,18,320,0,80,0
10-03 23:08:35,4.744,1.748,86.891,4.744,0,5534872,144680,186184,2149924,5643.934,539.325,0,914.855,0,88.889,2288,3442,0.950,1.100,1.200,3,0,0.999,0,0,18,321,0,77,0
10-03 23:08:36,6.002,1.501,88.786,3.251,0,5535064,144440,186184,2149972,7714.104,3216.294,0,1092.440,0,122.049,2432,3416,0.950,1.100,1.200,0,0,0,0,0,18,320,0,78,0
10-03 23:08:37,14.002,2.500,80.260,2.000,0,5538268,140912,186184,2150296,33088.007,11864.437,0,1064.129,0,89.011,4622,7639,0.950,1.100,1.200,0,0,1.000,0,0,18,320,0,78,0
10-03 23:08:38,17.565,2.509,74.524,4.015,0,5538508,140660,186184,2150308,31026.149,11840.563,0,1465.391,0,140.517,4615,6375,0.950,1.100,1.190,2,1,0,0,0,18,320,0,81,0
10-03 23:08:39,17.764,3.002,70.806,7.006,0,5538192,140660,186184,2150624,4597.636,540.427,0,1949.542,0,224.177,6127,9391,0.950,1.100,1.190,1,0,0,0,0,18,320,0,79,0
10-03 23:08:40,15.686,2.988,74.695,4.731,0,5357084,322048,186184,2150360,15940.902,256430.815,19.919,1924.142,2.988,142.418,3302,3723,0.950,1.100,1.190,0,0,13.943,0,0,18,320,0,79,0
10-03 23:08:41,2.996,1.748,83.143,10.736,0,5357308,321824,186184,2150360,6613.471,0,0,4981.575,0,267.655,1958,2980,0.950,1.100,1.190,0,0,0,0,0,18,320,0,79,0
10-03 23:08:42,9.757,3.002,86.063,0,0,5371892,307208,186200,2150376,282595.426,9863.205,20.015,460.336,2.001,24.018,2590,2530,0.950,1.100,1.190,0,0,20.015,0,0,18,320,0,79,0
10-03 23:08:43,10.753,4.251,76.275,7.002,0,5370904,307976,186204,2150592,288426.226,12772.128,204.066,6326.045,13.004,461.149,3560,3360,0.960,1.100,1.190,0,0,24.008,0,0,18,320,0,76,0
10-03 23:08:44,17.248,6.249,76.493,0,0,5376840,294784,186204,2157848,149129.430,3991.637,99.991,335.969,4.000,23.998,2829,2549,0.960,1.100,1.190,2,0,22.998,0,0,18,320,0,76,0
10-03 23:08:45,17.239,5.497,71.456,3.998,0,5366380,288720,186256,2174288,7501.419,485.703,2186.665,323.802,61.962,15.990,2724,2496,0.960,1.100,1.190,0,1,19.988,0,0,18,320,0,76,0
