"pcp-dstat 6.2.0 CSV Output"
"Author:","PCP team <pcp@groups.io> and Dag Wieers <dag@wieers.com>",,,,"URL:","https://pcp.io/ and http://dag.wieers.com/home-made/dstat/"
"Host:","ubuntu",,,,"User:","ubuntu"
"Cmdline:","dstat -tcmndrylpg --tcp --output /tmp/devstack_logs/dstat-csv.log",,,,"Date:","11 May 2026 16:10:40 UTC"
"system","total usage",,,,,"memory usage",,,,"net/total",,"dsk/total",,"io/total",,"system",,"load avg",,,"procs",,,"paging",,"tcp sockets",,,,
"time","total usage:usr","total usage:sys","total usage:idl","total usage:wai","total usage:stl","used","free","buf","cach","net/total:recv","net/total:send","dsk/total:read","dsk/total:writ","read","writ","int","csw","1m","5m","15m","run","blk","new","in","out","lis","act","syn","tim","clo"
11-05 16:10:40,,1036668,1606440,160928,5019320,,,,,,,1.400,1.120,0.650,1,0,,,,10,4,0,17,0
11-05 16:10:41,12.496,19.993,59.730,5.498,0,1010680,1632584,160984,5019104,15794.582,3557.780,0,1743.402,0,88.969,6451,5432,1.400,1.120,0.650,1,0,495.830,0,0,10,4,0,17,0
11-05 16:10:42,17.227,18.475,63.166,0.250,0,1010940,1632244,161000,5019136,18689.053,1768.639,0,359.520,0,23.968,6501,6291,1.370,1.120,0.650,2,0,372.503,0,0,10,4,0,17,0
11-05 16:10:43,26.201,12.976,55.645,4.242,0,1126736,1515600,161108,5144520,25070.852,8704.630,0,2714.894,0,164.690,6928,9232,1.370,1.120,0.650,1,0,218.589,0,0,11,5,0,17,0
11-05 16:10:44,19.535,9.267,68.623,2.004,0,1138824,1503288,161164,5144700,31885.382,4395.911,0,3931.074,0,54.097,3567,2631,1.370,1.120,0.650,2,1,111.200,0,0,11,8,0,17,0
11-05 16:10:45,23.974,8.241,56.939,9.490,0,1171712,1469172,161360,5145484,23874.267,12737.271,255.724,2753.033,10.988,80.913,3875,3264,1.370,1.120,0.650,4,0,169.817,0,0,11,8,0,19,0
11-05 16:10:46,30.242,3.749,57.234,8.248,0,1225836,1410956,161628,5148556,15599.728,6964.093,1723.528,2159.409,114.969,33.991,2574,1926,1.370,1.120,0.650,1,2,0,0,0,11,7,0,19,1
11-05 16:10:47,25.474,2.497,58.939,11.988,0,1240496,1394992,161896,5149384,46721.493,11942.601,15.983,3592.270,0.999,178.814,3216,3561,1.340,1.120,0.650,3,0,0.999,0,0,11,8,0,19,2
11-05 16:10:48,14.256,2.251,47.771,33.515,0.250,1249216,1384968,162164,5150300,23708.391,9997.382,0,7123.122,0,472.207,4166,6659,1.340,1.120,0.650,3,3,9.004,0,0,11,8,0,19,2
11-05 16:10:49,11.498,2.500,41.243,42.993,0,1245052,1370696,162320,5167840,173070.713,3601.411,0,6270.975,0,394.935,3048,4257,1.340,1.120,0.650,3,2,1.000,0,0,11,8,0,19,2
11-05 16:10:50,5.005,1.001,40.041,53.055,0,1250724,1361984,162472,5170648,5658.856,486.503,0,11311.705,0,603.625,2763,3706,1.340,1.120,0.650,2,1,0,0,0,11,8,0,19,2
11-05 16:10:51,17.993,3.749,46.232,30.488,0,1248124,1351852,163368,5180664,7969.834,539.786,0,7944.844,0,424.831,4642,7087,1.340,1.120,0.650,5,1,0,0,0,11,8,0,19,2
11-05 16:10:52,16.019,3.754,42.050,35.542,0,1254776,1335336,163776,5189232,6548.821,486.581,0,9799.704,0,566.677,5181,8155,1.390,1.130,0.660,1,4,10.012,0,0,11,8,0,19,2
11-05 16:10:53,19.491,3.498,34.733,39.981,0,1249124,1330412,164176,5198152,4349.908,485.766,0,12174.145,0,627.698,6119,10435,1.390,1.130,0.660,1,2,8.996,0,0,11,8,0,19,2
11-05 16:10:54,15.767,3.754,37.289,42.044,0,1273604,1291168,164444,5211708,4071.309,540.572,0,13766.571,0,770.816,5135,8516,1.390,1.130,0.660,0,2,18.019,0,0,11,8,0,19,2
11-05 16:10:55,13.994,2.999,45.231,34.986,0,1282548,1274620,164688,5218184,10212.773,539.777,0,7792.775,0,443.816,4488,6949,1.390,1.130,0.660,4,1,5.998,0,0,11,8,0,19,2
11-05 16:10:56,5.994,2.248,52.944,37.211,0,1279248,1274172,164768,5221324,6782.874,485.490,0,15791.409,0,245.742,2869,4304,1.390,1.130,0.660,1,3,0,0,0,11,8,0,19,2
11-05 16:10:57,14.001,3.500,46.254,34.503,0,1274560,1272492,165204,5226216,7400.608,540.044,0,11616.954,0,563.046,4679,7293,1.600,1.180,0.680,1,2,9.001,0,0,11,8,0,19,2
11-05 16:10:58,16.499,3.500,40.498,37.748,0,1275612,1256460,165736,5239460,5658.713,539.973,0,12763.353,0,795.960,4939,7753,1.600,1.180,0.680,2,2,0,0,0,11,8,0,19,2
11-05 16:10:59,19.503,3.751,44.757,29.754,0.250,1279396,1234380,166424,5255332,7703.137,556.082,0,10005.477,0,592.087,5194,8220,1.600,1.180,0.680,1,3,6.001,0,0,11,8,0,19,2
11-05 16:11:00,16.278,3.005,38.816,39.317,0,1295752,1229172,167068,5242892,6338.766,967.643,0,12777.702,0,641.089,4778,7921,1.600,1.180,0.680,2,2,9.015,0,0,11,6,0,19,0
11-05 16:11:01,25.719,4.245,41.700,27.218,0,1275580,1249000,167204,5243088,4403.764,539.359,0,6640.105,0,615.268,5126,7350,1.600,1.180,0.680,2,0,30.963,0,0,11,4,0,19,0
11-05 16:11:02,24.001,8.000,54.252,12.751,0,1257760,1266768,167244,5243092,6185.253,654.027,0,13328.544,0,268.011,3435,3144,1.550,1.180,0.680,2,0,92.004,0,0,11,4,0,19,0
11-05 16:11:03,23.683,1.994,61.325,11.966,0,1274932,1249584,167252,5243100,8411.064,538.468,0,1053.003,0,52.850,1872,1415,1.550,1.180,0.680,2,0,0,0,0,11,4,0,13,0
11-05 16:11:04,22.294,5.010,55.861,16.533,0,1249148,1275272,167340,5243108,5946.862,486.971,0,6857.679,0,423.845,2902,3295,1.550,1.180,0.680,3,0,10.020,0,0,11,4,0,13,0
11-05 16:11:05,22.766,3.002,73.552,0,0,1235644,1288752,167352,5243120,8399.943,486.344,0,136.096,0,10.007,2001,1427,1.550,1.180,0.680,3,0,22.016,0,0,11,4,0,13,0
11-05 16:11:06,9.516,20.034,69.868,0,0,1198680,1325676,167352,5243160,9680.393,540.916,0,20.034,0,5.008,5864,4512,1.550,1.180,0.680,1,0,409.694,0,0,11,4,0,13,0
11-05 16:11:07,25.237,17.491,52.473,3.248,0,1191548,1327280,167440,5248404,13276.274,2896.532,0,1367.307,0,80.959,6701,7577,1.590,1.190,0.680,8,0,344.825,0,0,11,4,0,13,0
11-05 16:11:08,54.911,13.417,31.059,0.497,0,1282476,1227640,167500,5256968,13516.663,2622.829,7402.360,16144.461,74.540,91.436,4628,3484,1.590,1.190,0.680,4,1,174.922,0,0,11,6,0,13,0
11-05 16:11:09,44.840,4.509,14.028,36.072,0,1335628,1166316,168040,5263348,4270.532,1388.774,20.040,14993.955,4.008,309.619,3155,1898,1.590,1.190,0.680,1,5,1.002,0,0,11,6,0,13,0
11-05 16:11:10,46.650,8.778,32.103,11.035,0,1358796,1142744,168120,5263540,8350.832,716.302,493.586,9325.965,8.026,108.348,11788,19510,1.590,1.190,0.680,4,0,13.042,0,0,11,5,0,13,0
11-05 16:11:11,57.819,13.766,22.277,5.256,0,1375080,1123144,168300,5266172,8319.959,486.582,0,3612.324,0,161.193,12114,19747,1.590,1.190,0.680,2,0,124.149,0,0,11,4,0,13,0
11-05 16:11:12,31.694,8.485,56.649,2.745,0,1400140,1110828,168328,5254844,6324.760,539.042,0,1796.807,0,33.940,2957,2206,1.540,1.190,0.690,3,0,45.918,0,0,11,4,0,12,0
11-05 16:11:13,38.979,6.497,53.971,0,0,1455328,1055640,168328,5254844,9538.890,539.711,0,3.998,0,0.999,3036,1863,1.540,1.190,0.690,2,0,66.964,0,0,11,4,0,12,0
11-05 16:11:14,19.237,2.498,70.704,6.246,0,1478928,1031700,168428,5255084,7725.934,581.619,0,1507.012,0,196.871,3303,4718,1.540,1.190,0.690,4,1,0.999,0,0,11,10,0,12,0
11-05 16:11:15,21.724,4.495,70.167,2.996,0,1426376,1084164,168468,5255132,9287.047,539.364,43.948,3272.141,2.996,225.734,2524,2339,1.540,1.190,0.690,2,0,41.951,0,0,11,4,0,14,0
11-05 16:11:16,17.236,1.249,78.434,2.248,0,1447900,1061832,168732,5255624,8466.916,2934.545,567.525,23.980,14.987,7.993,1593,1248,1.540,1.190,0.690,3,2,0,0,0,11,11,0,13,0
11-05 16:11:17,18.763,1.751,75.554,3.252,0,1447188,1062168,168784,5255864,10857.709,5665.022,268.190,1885.339,66.047,58.041,2787,3008,1.500,1.180,0.690,2,0,3.002,0,0,11,29,0,13,0
11-05 16:11:18,20.803,4.762,73.939,0,0,1446888,1062452,168784,5255880,9251.657,1464.745,0,0,0,0,2325,1685,1.500,1.180,0.690,3,0,43.110,0,0,11,28,0,14,0
11-05 16:11:19,16.730,1.998,77.909,1.998,0,1458080,1051248,168784,5255892,12119.867,7318.466,0,1046.779,0,18.978,1983,1707,1.500,1.180,0.690,1,0,0,0,0,11,28,0,15,0
11-05 16:11:20,35.632,10.539,49.935,3.011,0,1482536,1026772,168784,5255908,7967.475,554.050,0,4006.823,0,184.683,3814,2515,1.500,1.180,0.690,3,1,156.579,0,0,11,28,0,15,0
11-05 16:11:21,31.748,4.750,51.997,11.499,0,1483176,1026104,168784,5255932,21688.735,12477.272,0,14475.156,0,412.976,4650,4722,1.500,1.180,0.690,0,1,0,0,0,11,30,0,15,0
11-05 16:11:22,40.503,18.251,25.502,14.501,0,1409924,1099268,168808,5256140,20594.405,7319.499,0,8368.571,0,277.019,7358,9431,1.380,1.160,0.680,5,0,463.032,0,0,11,28,0,16,0
11-05 16:11:23,86.497,13.750,0,0,0,1665364,843804,168808,5256164,11901.608,2451.919,0,651.979,0,14.000,5172,2991,1.380,1.160,0.680,5,0,115.996,0,0,11,29,0,16,0
11-05 16:11:24,78.041,9.973,11.220,0.249,0,1793320,715644,168816,5256340,38921.810,32215.762,0,263.295,0,17.952,7993,19845,1.380,1.160,0.680,6,0,35.904,0,0,11,34,0,16,0
11-05 16:11:25,50.728,12.994,35.734,0,0,1567028,941808,168832,5256452,18258.982,12363.571,0,3218.587,0,95.958,7132,9516,1.380,1.160,0.680,2,0,309.864,0,0,11,28,0,22,0
11-05 16:11:26,18.749,2.750,77.494,0.500,0,1567808,941024,168836,5256452,10363.182,2493.803,0,151.988,0,7.999,1717,1268,1.380,1.160,0.680,1,0,0,0,0,11,29,0,22,0
11-05 16:11:27,15.249,2.000,72.744,8.999,0,1550692,958120,168844,5256464,12553.041,5513.579,0,10855.171,0,82.994,2418,3206,1.350,1.160,0.690,3,0,0,0,0,11,28,0,23,0
11-05 16:11:28,19.266,7.506,64.802,7.006,0,1513668,995136,168844,5256472,53296.157,486.394,0,21553.453,0,201.163,3074,2495,1.350,1.160,0.690,2,0,68.055,0,0,11,28,0,22,0
11-05 16:11:29,15.033,3.508,74.663,6.013,0,1518612,990048,168844,5256616,13505.431,6728.663,0,24721.874,0,197.430,2755,3339,1.350,1.160,0.690,2,1,0,0,0,11,29,0,22,0
11-05 16:11:30,6.247,3.498,61.222,28.487,0,1461176,1047476,168844,5256624,9692.573,1342.387,0,17304.097,0,132.939,2119,2489,1.350,1.160,0.690,1,5,43.980,0,0,11,28,0,23,0
11-05 16:11:31,16.511,26.268,54.537,1.501,0,1463116,1045508,168852,5256644,7124.842,486.330,0,1861.265,0,57.039,6885,6337,1.350,1.160,0.690,4,0,850.578,0,0,11,28,0,23,0
11-05 16:11:32,83.449,14.741,0.999,0,0,1643652,864928,168860,5256680,5598.594,3157.080,0,187.886,0,15.990,5025,2926,1.640,1.230,0.710,4,0,144.912,0,0,11,30,0,19,0
11-05 16:11:33,69.193,6.994,22.731,0,0,1702396,806028,168864,5256832,41555.973,38214.709,0,87.928,0,9.992,8434,12372,1.640,1.230,0.710,6,0,0,0,0,11,32,1,19,0
11-05 16:11:34,78.343,17.271,3.754,0.501,0,1609144,898916,168904,5257156,19262.947,9488.303,0,624.744,0,68.081,7422,8916,1.640,1.230,0.710,6,0,304.363,0,0,11,28,0,20,0
11-05 16:11:35,81.136,10.985,8.488,0,0,1767196,740860,168904,5257160,12769.017,6790.437,0,207.707,0,10.985,4657,2583,1.640,1.230,0.710,2,0,5.992,0,0,11,30,0,20,0
11-05 16:11:36,60.034,8.505,29.767,1.001,0,1767292,740684,168916,5257228,35547.264,28785.409,0,328.187,0,26.015,7380,10845,1.640,1.230,0.710,4,0,89.051,0,0,11,30,0,19,0
11-05 16:11:37,50.784,10.257,37.525,1.001,0,1741496,766300,168920,5257400,14431.642,6721.491,0,324.217,0,24.016,5130,5352,1.670,1.240,0.720,2,0,109.073,0,0,11,28,0,20,0
11-05 16:11:38,5.986,0.998,92.541,0,0,1735056,772740,168920,5257400,6613.031,652.523,0,183.584,0,7.982,849,965,1.670,1.240,0.720,1,0,0,0,0,11,28,0,20,0
11-05 16:11:39,0.500,0.500,98.245,0.250,0,1728212,779584,168920,5257400,8385.552,485.974,0,175.991,0,16.999,711,1105,1.670,1.240,0.720,2,0,0,0,0,11,28,0,20,0
11-05 16:11:40,3.500,1.000,93.007,1.500,0,1716584,791200,168924,5257408,8857.703,6541.519,0,460.037,0,29.002,1322,1735,1.670,1.240,0.720,2,0,0,0,0,11,30,0,20,0
11-05 16:11:41,35.085,4.761,59.894,0,0,1654044,853688,168924,5257460,25978.596,17109.225,0,96.232,0,2.005,6643,8579,1.670,1.240,0.720,1,0,50.121,0,0,11,28,0,22,0
11-05 16:11:42,2.493,3.242,93.755,0,0,1569408,938316,168924,5257468,8906.678,1169.937,0,3.990,0,0.997,1420,1406,1.540,1.220,0.710,1,0,50.867,0,0,11,29,0,22,0
11-05 16:11:43,25.050,3.257,70.392,0.251,0,1498704,1008992,168928,5257492,20897.033,12693.532,0,184.371,0,16.032,4365,5197,1.540,1.220,0.710,2,0,9.018,0,0,11,29,0,23,0
11-05 16:11:44,58.978,18.493,21.492,0,0,1517124,990380,168928,5257684,15549.151,6069.717,0,407.847,0,27.989,6261,6021,1.540,1.220,0.710,5,0,368.861,0,0,11,28,0,24,0
11-05 16:11:45,26.021,3.253,69.555,0,0,1567944,939552,168928,5257692,18328.517,6075.812,0,2173.722,0,102.081,2807,2377,1.540,1.220,0.710,1,0,0,0,0,11,29,0,24,0
11-05 16:11:46,22.671,11.460,64.526,1.246,0,1589572,917812,168928,5257752,9412.339,2238.233,0,621.842,0,28.900,4113,3821,1.540,1.220,0.710,4,0,197.315,0,0,11,28,0,25,0
11-05 16:11:47,36.196,3.994,57.663,1.248,0,1645576,861796,168932,5257760,14065.862,8359.438,0,279.580,0,8.986,3106,2401,1.570,1.230,0.720,2,0,0,0,0,11,30,0,25,0
11-05 16:11:48,35.634,11.794,50.691,1.255,0,1636676,870636,168944,5257808,14904.136,10426.270,0,887.342,0,57.215,5863,7360,1.570,1.230,0.720,4,0,224.847,0,0,11,28,0,24,0
11-05 16:11:49,56.150,6.488,36.934,0.250,0,1717556,789740,168944,5257824,14576.138,7320.012,0,147.738,0,7.986,3431,1631,1.570,1.230,0.720,2,0,0,0,0,11,31,0,24,0
11-05 16:11:50,66.904,8.269,23.304,0.251,0,1684276,822804,168948,5258036,45987.749,35701.095,0,360.830,0,35.081,7642,12949,1.570,1.230,0.720,8,0,85.196,0,0,11,30,0,26,0
11-05 16:11:51,79.592,18.271,2.503,0,0,1550664,956336,168960,5258104,15185.523,8688.025,0,652.753,0,41.047,7131,7729,1.570,1.230,0.720,5,0,274.317,0,0,11,28,0,26,0
11-05 16:11:52,73.254,7.973,18.687,0,0,1705964,800868,168968,5258264,18270.728,17542.171,0,151.492,0,7.973,5507,4935,1.770,1.280,0.740,3,0,0.997,0,0,11,31,0,26,0
11-05 16:11:53,52.071,14.019,32.545,0,0,1668392,838380,168972,5258320,18807.755,13355.288,0,252.346,0,24.033,6453,8371,1.770,1.280,0.740,3,0,282.387,0,0,11,28,0,29,0
11-05 16:11:54,30.255,4.712,64.726,0.248,0,1688484,818264,168972,5258344,10016.881,4527.337,0,289.654,0,19.839,2777,2351,1.770,1.280,0.740,4,0,39.679,0,0,11,29,0,29,0
11-05 16:11:55,15.321,6.028,75.853,1.507,0,1653544,853128,168984,5258360,9283.191,3484.211,0,289.346,0,25.117,3488,3606,1.770,1.280,0.740,2,0,67.313,0,0,11,28,0,30,0
11-05 16:11:56,16.010,2.752,79.298,1.751,0,1662296,844376,168984,5258360,4962.986,654.394,0,1953.175,0,69.042,1524,1142,1.770,1.280,0.740,1,0,0,0,0,11,28,0,30,0
11-05 16:11:57,7.494,0.999,89.926,0,0,1664060,842632,168984,5258368,7744.648,5078.835,0,155.872,0,8.993,1379,1523,1.630,1.260,0.730,2,0,0,0,0,11,30,0,30,0
11-05 16:11:58,33.290,5.757,60.822,0.250,0,1640864,865428,168992,5258768,21354.451,15607.602,0,548.654,0,34.041,5345,7035,1.630,1.260,0.730,3,0,18.021,0,0,11,29,0,31,0
11-05 16:11:59,26.046,4.258,68.872,0,0,1596976,909304,168996,5258780,11501.381,5826.324,0,789.399,0,16.028,2807,2274,1.630,1.260,0.730,2,0,50.089,0,0,11,29,0,32,0
11-05 16:12:00,18.718,3.494,77.366,0,0,1515532,990600,168996,5258928,12270.696,6067.466,0,0,0,0,3417,3909,1.630,1.260,0.730,2,0,17.969,0,0,11,28,0,33,0
11-05 16:12:01,18.778,3.255,75.612,1.753,0,1563812,942312,168996,5258936,13883.610,6690.932,0,1950.896,0,115.171,2196,1971,1.630,1.260,0.730,3,0,0,0,0,11,30,0,33,0
11-05 16:12:02,34.852,10.280,53.155,0.251,0,1415248,1090828,169004,5258976,14593.560,10412.366,0,336.983,0,41.120,5810,6968,1.660,1.270,0.740,4,0,232.679,0,0,11,28,0,34,0
11-05 16:12:03,78.254,21.251,0.750,0,0,1685096,820912,169004,5259044,9305.420,540.024,0,256.012,0,20.001,5696,4850,1.660,1.270,0.740,7,0,479.022,0,0,11,28,0,34,0
11-05 16:12:04,81.747,16.200,1.994,0,0,1846304,659664,169008,5259084,45652.719,26252.756,0,259.198,0,13.957,7246,7147,1.660,1.270,0.740,6,0,421.695,0,0,11,34,0,34,0
11-05 16:12:05,78.985,18.806,2.507,0,0,1806480,699212,169036,5259316,61150.126,39968.039,0,1396.158,0,92.275,9758,14273,1.660,1.270,0.740,4,1,387.153,0,0,11,30,0,35,0
11-05 16:12:06,85.755,13.751,0,0,0,1696672,808796,169056,5259520,20871.177,10277.580,0,364.021,0,34.002,6044,4997,1.660,1.270,0.740,6,0,120.007,0,0,11,29,0,35,0
11-05 16:12:07,85.249,8.750,5.750,0,0,1791596,713832,169064,5259552,24712.827,17656.877,0,131.999,0,8.000,5914,5153,1.920,1.330,0.760,4,0,0,0,0,11,32,0,35,0
11-05 16:12:08,62.561,10.468,25.673,0,0,1756468,748748,169064,5259764,44686.212,33840.925,0,131.603,0,10.967,9383,14607,1.920,1.330,0.760,4,0,189.429,0,0,11,29,0,38,1
11-05 16:12:09,14.712,12.717,71.813,0.249,0,1628188,876968,169072,5259820,12488.476,3314.368,0,171.553,0,10.971,4206,4738,1.920,1.330,0.760,1,0,421.901,0,0,11,28,0,40,0
11-05 16:12:10,0.754,0.754,97.747,0.754,0,1600064,905092,169072,5259820,4676.768,488.483,0,317.614,0,36.184,644,986,1.920,1.330,0.760,0,0,0,0,0,11,28,0,40,0
11-05 16:12:11,0.249,0.249,98.571,0,0,1572372,932784,169072,5259820,3417.132,483.895,0,179.220,0,4.978,591,947,1.920,1.330,0.760,1,0,0,0,0,11,28,0,40,0
11-05 16:12:12,4.771,0.753,93.402,0.251,0,1548128,957016,169072,5259832,14394.952,4415.001,0,108.467,0,10.043,1409,1872,1.770,1.310,0.760,1,0,1.004,0,0,11,29,0,40,0
11-05 16:12:13,17.498,3.500,78.490,0.250,0,1418400,1086712,169080,5259856,13951.193,7832.985,0,431.944,0,21.997,3513,4357,1.770,1.310,0.760,2,0,12.998,0,0,11,28,0,41,0
11-05 16:12:14,16.731,27.468,54.687,0,0,1435980,1069108,169080,5259880,8361.303,485.437,0,39.954,0,9.988,6762,5998,1.770,1.310,0.760,8,0,817.052,0,0,11,28,0,41,0
11-05 16:12:15,72.977,18.994,7.997,0,0,1571912,933132,169080,5259924,7434.652,2113.332,0,107.966,0,8.997,4873,3457,1.770,1.310,0.760,3,0,404.872,0,0,11,29,0,41,0
11-05 16:12:16,45.966,5.746,48.214,0,0,1615944,889044,169092,5259968,29596.030,17479.025,0,2198.368,0,118.912,4486,5191,1.770,1.310,0.760,4,0,0,0,0,11,30,0,41,1
11-05 16:12:17,52.027,13.507,32.267,0.500,0,1600160,904640,169112,5260136,13078.726,6745.469,0,612.315,0,57.029,6319,6945,1.790,1.320,0.770,4,0,202.104,0,0,11,30,0,42,0
11-05 16:12:18,48.084,4.758,46.331,1.002,0,1666228,838560,169112,5260148,12131.285,8417.769,0,204.359,0,15.026,3960,3217,1.790,1.320,0.770,2,0,1.002,0,0,11,34,0,42,0
11-05 16:12:19,31.700,3.744,62.901,0,0.250,1661632,843080,169116,5260220,30611.750,21581.982,0,139.780,0,5.991,6947,10259,1.790,1.320,0.770,3,0,0,0,0,11,34,0,42,0
11-05 16:12:20,39.054,8.011,51.071,1.252,0,1570424,934092,169136,5260396,17646.618,12275.125,0,416.581,0,37.052,5996,7464,1.790,1.320,0.770,2,0,60.084,0,0,11,33,0,42,0
11-05 16:12:21,51.924,6.740,37.695,2.996,0,1584568,919900,169148,5260432,23231.850,12704.325,0,1945.141,0,119.824,5468,5712,1.790,1.320,0.770,2,0,0,0,0,11,34,0,41,0
11-05 16:12:22,48.570,8.262,42.311,0,0,1645692,858576,169148,5260632,31477.125,21615.989,0,204.293,0,11.016,7891,10834,1.890,1.350,0.780,3,0,68.098,0,0,11,34,0,41,0
11-05 16:12:23,57.205,11.241,30.975,0,0,1666364,837840,169156,5260688,27977.841,21312.121,0,127.899,0,5.995,6353,8568,1.890,1.350,0.780,3,0,125.900,0,0,11,34,0,43,0
11-05 16:12:24,63.076,7.509,28.785,0.501,0,1693764,810192,169180,5260912,39791.226,28815.924,0,216.262,0,19.023,8606,23015,1.890,1.350,0.780,4,0,36.044,0,0,11,35,1,44,0
11-05 16:12:25,71.282,10.755,16.757,0,0,1586264,917480,169196,5261108,28230.635,22147.912,0,260.116,0,23.010,6952,11742,1.890,1.350,0.780,3,0,94.042,0,0,11,33,0,37,0
11-05 16:12:26,61.292,8.222,30.397,0,0,1590200,913512,169200,5261136,7231.454,2265.311,0,223.242,0,20.929,3907,2542,1.890,1.350,0.780,2,0,29.899,0,0,11,32,0,37,0
11-05 16:12:27,16.726,1.997,80.636,0,0,1610092,893604,169208,5261144,11395.857,6254.141,0,291.587,0,42.939,2258,2423,1.810,1.340,0.780,2,0,0,0,0,11,33,0,37,0
11-05 16:12:28,16.019,2.503,76.089,4.005,0,1610252,893380,169232,5261184,24747.892,10969.807,0,1253.463,0,85.099,4689,6732,1.810,1.340,0.780,2,2,2.002,0,0,11,33,0,37,0
11-05 16:12:29,18.560,6.020,71.985,2.508,0,1621940,881676,169240,5261192,9129.745,3332.859,0,1825.949,0,71.232,3131,2789,1.810,1.340,0.780,2,0,82.268,0,0,11,32,0,37,0
11-05 16:12:30,10.718,1.246,87.987,0,0,1643068,860544,169244,5261192,7012.048,652.052,0,953.152,0,0.997,1103,984,1.810,1.340,0.780,1,0,0,0,0,11,32,0,37,0
11-05 16:12:31,13.499,2.000,83.996,0.500,0,1639272,864324,169248,5261204,14032.312,9765.521,0,351.983,0,58.997,1802,1977,1.810,1.340,0.780,3,0,0,0,0,11,35,0,37,0
11-05 16:12:32,42.586,6.764,49.349,0.251,0,1613672,889704,169256,5261416,29880.048,23769.768,0,140.282,0,17.034,7802,11822,1.990,1.390,0.800,4,0,61.123,0,0,11,34,0,38,0
11-05 16:12:33,55.568,11.014,33.041,0,0,1543840,959480,169260,5261468,16483.299,12048.838,0,128.158,0,9.011,5827,6475,1.990,1.390,0.800,3,0,134.165,0,0,11,32,0,39,0
11-05 16:12:34,38.192,4.743,56.913,0,0,1629716,873596,169264,5261472,11681.152,6385.244,0,115.823,0,7.988,2787,1848,1.990,1.390,0.800,3,0,0,0,0,11,34,0,39,0
11-05 16:12:35,42.220,5.996,50.714,0,0,1619176,883976,169264,5261632,22565.160,16909.130,0,115.919,0,7.994,6015,7394,1.990,1.390,0.800,4,0,33.976,0,0,11,34,0,40,0
11-05 16:12:36,51.829,7.261,39.310,0.501,0,1533932,969160,169268,5261688,24784.685,16402.941,0,156.238,0,16.024,6802,8712,1.990,1.390,0.800,6,0,53.081,0,0,11,33,0,41,0
11-05 16:12:37,57.301,9.759,32.779,0,0,1616672,886392,169268,5261716,14875.120,6787.987,0,196.173,0,17.015,4518,3318,2.070,1.410,0.810,3,0,71.063,0,0,11,33,1,42,0
11-05 16:12:38,48.565,7.970,42.588,0.249,0,1635608,867276,169280,5261884,23915.139,16582.996,0,231.122,0,20.921,4719,5675,2.070,1.410,0.810,3,0,59.773,0,0,11,35,0,39,0
11-05 16:12:39,61.951,7.524,30.098,0,0,1573456,929332,169288,5261972,56444.948,30207.909,0,124.403,0,9.029,8310,12129,2.070,1.410,0.810,4,0,35.114,0,0,11,34,0,41,0
11-05 16:12:40,76.274,14.254,9.253,0,0,1551476,951144,169288,5262140,13272.142,7790.431,0,0,0,0,5832,5452,2.070,1.410,0.810,4,0,153.048,0,0,11,32,0,43,0
11-05 16:12:41,64.134,7.237,27.700,0,0,1614440,888128,169288,5262192,33263.033,24366.073,0,0,0,0,5405,6645,2.070,1.410,0.810,3,0,0,0,0,11,35,0,44,0
11-05 16:12:42,60.203,11.991,26.729,0.999,0,1553956,948412,169292,5262388,25143.295,16991.684,0,303.762,0,32.974,6372,9179,2.150,1.440,0.820,3,0,172.865,0,0,11,33,0,44,0
11-05 16:12:43,53.880,8.270,37.090,0.251,0,1533340,968992,169304,5262412,15851.322,11363.472,0,280.679,0,21.051,4315,3873,2.150,1.440,0.820,3,0,68.165,0,0,11,34,0,45,0
11-05 16:12:44,48.645,10.228,39.914,0.249,0.249,1510948,991164,169328,5262608,16207.896,11417.272,0,299.352,0,30.933,5926,6336,2.150,1.440,0.820,3,0,155.663,0,0,11,33,0,47,0
11-05 16:12:45,45.482,9.746,45.232,0.250,0,1552364,949684,169336,5262664,11605.390,6096.578,0,279.889,0,17.993,4557,4462,2.150,1.440,0.820,2,0,103.959,0,0,11,33,0,48,0
11-05 16:12:46,30.498,4.000,61.495,2.250,0,1588524,913424,169344,5262756,12738.990,7595.398,0,3023.760,0,134.989,3766,4290,2.150,1.440,0.820,2,0,0,0,0,11,32,0,47,0
11-05 16:12:47,3.244,4.242,90.321,1.248,0,1570396,931568,169344,5262756,6363.362,538.930,0,315.374,0,10.978,1749,1672,2.050,1.430,0.820,1,0,85.830,0,0,11,32,0,47,0
11-05 16:12:48,0.250,0.501,98.660,0,0,1558748,943216,169344,5262756,7997.964,486.789,0,148.240,0,10.016,675,1008,2.050,1.430,0.820,1,0,0,0,0,11,32,0,47,0
11-05 16:12:49,0.499,0.499,98.372,0.499,0,1547704,954256,169348,5262756,4940.580,485.369,0,475.382,0,25.966,674,1059,2.050,1.430,0.820,1,0,0,0,0,11,32,0,47,0
11-05 16:12:50,9.001,1.500,87.511,1.250,0,1540728,961224,169348,5262764,15388.945,5902.746,0,104.013,0,13.002,1678,1871,2.050,1.430,0.820,2,0,0,0,0,11,33,0,45,0
11-05 16:12:51,19.828,4.769,75.046,0,0,1471444,1030480,169348,5262792,19958.728,11350.773,0,4.016,0,1.004,4301,5117,2.050,1.430,0.820,4,0,43.170,0,0,11,33,0,46,0
11-05 16:12:52,34.669,4.240,60.110,0.249,0,1459060,1042840,169352,5262812,17573.076,8540.112,0,267.377,0,21.949,3997,4522,2.050,1.440,0.830,3,0,4.988,0,0,11,33,0,47,0
11-05 16:12:53,36.848,4.763,57.152,0.251,0,1512464,989336,169356,5262908,20619.842,10678.401,0,240.640,0,20.053,4907,5418,2.050,1.440,0.830,4,0,1.003,0,0,11,33,0,48,0
11-05 16:12:54,33.435,6.986,58.886,0.250,0,1480092,1021560,169356,5263056,16306.439,9372.859,0,143.722,0,9.981,4175,4277,2.050,1.440,0.830,3,0,66.871,0,0,11,33,0,43,0
11-05 16:12:55,37.258,5.751,55.262,0.500,0,1491540,1009948,169364,5263212,16499.529,8695.860,0,264.056,0,25.005,3946,3915,2.050,1.440,0.830,3,0,11.002,0,0,11,33,0,44,0
11-05 16:12:56,36.306,6.510,56.587,0,0,1503612,997856,169364,5263232,19133.510,9796.109,0,148.229,0,10.015,4099,3871,2.050,1.440,0.830,1,0,34.053,0,0,11,33,0,45,0
11-05 16:12:57,33.476,4.247,60.707,0.250,0,1534160,967292,169364,5263248,28577.754,8660.864,0,279.802,0,25.982,4007,4248,2.040,1.450,0.840,3,0,4.996,0,0,11,33,0,46,0
11-05 16:12:58,37.546,7.259,53.816,1.001,0,1538988,962444,169368,5263264,23910.140,6748.224,0,244.298,0,21.026,3615,2685,2.040,1.450,0.840,3,0,60.073,0,0,11,33,0,45,0
11-05 16:12:59,30.222,8.492,60.944,0.250,0,1531912,969480,169380,5263292,32269.190,12341.599,0,279.742,0,27.974,5526,6421,2.040,1.450,0.840,5,0,233.784,0,0,11,33,0,46,0
11-05 16:13:00,38.531,8.257,52.041,0.500,0,1511800,989568,169380,5263316,21270.915,5259.182,0,196.156,0,11.009,4472,4259,2.040,1.450,0.840,4,0,93.074,0,0,11,32,0,47,0
11-05 16:13:01,29.960,2.746,65.661,0,0,1508056,993164,169380,5263464,25614.429,10441.907,0,982.674,0,7.989,3703,3748,2.040,1.450,0.840,2,0,0,0,0,11,33,0,47,0
11-05 16:13:02,21.424,4.733,71.745,1.744,0,1537324,963884,169384,5263472,15583.600,1300.377,0,1817.539,0,143.490,2602,1995,1.880,1.430,0.830,2,0,46.834,0,0,11,32,0,46,0
11-05 16:13:03,6.261,0.751,92.661,0,0,1538572,962640,169384,5263472,14896.872,655.138,0,324.564,0,48.084,1027,967,1.880,1.430,0.830,2,0,0,0,0,11,32,0,46,0
11-05 16:13:04,0.750,0.750,97.991,0.750,0,1526872,974336,169388,5263472,13076.829,485.956,0,323.971,0,22.998,864,1232,1.880,1.430,0.830,1,0,0,0,0,11,32,0,46,0
11-05 16:13:05,0.250,0.500,97.720,0.500,0,1518364,982820,169400,5263484,4878.508,485.851,0,583.821,0,42.987,811,1395,1.880,1.430,0.830,1,0,0,0,0,11,32,0,46,0
11-05 16:13:06,3.002,0.750,96.057,0,0,1509976,991200,169400,5263492,8828.214,5406.193,0,32.019,0,4.002,1072,1477,1.880,1.430,0.830,2,0,0,0,0,11,33,0,44,0
11-05 16:13:07,16.749,1.750,79.993,0,0,1506440,994700,169408,5263520,11745.006,7505.365,0,115.990,0,11.999,3633,4684,1.730,1.400,0.830,2,0,0,0,0,11,32,0,45,0
11-05 16:13:08,16.291,10.527,72.434,0,0,1480608,1020444,169408,5263608,12319.287,7340.643,0,4.010,0,1.003,4937,4826,1.730,1.400,0.830,2,0,277.705,0,0,11,33,0,45,0
11-05 16:13:09,15.000,7.250,76.249,0.250,0,1377512,1123420,169412,5263724,14523.795,7811.890,0,155.998,0,15.000,4732,5559,1.730,1.400,0.830,2,0,123.998,0,0,11,32,0,45,0
11-05 16:13:10,19.748,20.248,58.495,0.250,0,1396576,1104236,169424,5263832,7828.314,539.953,0,395.965,0,25.998,6004,5087,1.730,1.400,0.830,2,0,501.956,0,0,11,32,0,42,0
11-05 16:13:11,43.836,6.476,47.323,1.993,0,1485884,1013724,169432,5264996,8893.752,484.190,338.734,390.540,12.952,6.974,2796,1485,1.730,1.400,0.830,4,0,1.993,0,0,11,32,0,42,0
11-05 16:13:12,27.744,4.499,46.490,18.996,0,1494992,1001908,169608,5267240,11378.518,485.894,131.971,5934.705,4.999,400.913,5169,7270,1.750,1.410,0.830,3,1,25.994,0,0,11,36,0,42,0
11-05 16:13:13,25.742,5.248,38.738,28.491,0,1574452,921560,169740,5267976,13089.922,527.836,0,11080.548,0,777.758,5477,9082,1.750,1.410,0.830,5,0,19.994,0,0,11,36,0,42,0
11-05 16:13:14,27.626,5.023,42.946,22.603,0,1560856,934068,169868,5268912,8261.785,488.233,0,5850.758,0,554.536,5384,8494,1.750,1.410,0.830,1,3,22.101,0,0,11,36,0,41,0
11-05 16:13:15,26.847,5.220,40.768,26.101,0,1564652,929320,169964,5269712,8669.664,483.250,0,8889.414,0,709.960,5279,8497,1.750,1.410,0.830,5,1,13.921,0,0,11,36,0,41,0
11-05 16:13:16,26.356,4.518,42.672,24.348,0,1553108,940004,170044,5270468,5659.832,487.968,0,10124.844,0,736.973,5633,9028,1.750,1.410,0.830,2,1,25.101,0,0,11,36,0,41,0
11-05 16:13:17,25.924,5.235,37.639,29.414,0,1616664,875884,170124,5270940,5728.164,484.576,0,9460.196,0,694.957,5138,7853,1.770,1.420,0.840,2,2,13.959,0,0,11,36,0,41,0
11-05 16:13:18,28.222,5.245,41.209,24.476,0,1585784,905844,170244,5271716,5870.183,485.519,0,8563.513,0,753.254,6569,9980,1.770,1.420,0.840,2,1,21.978,0,0,11,36,0,38,0
11-05 16:13:19,26.874,4.772,41.441,24.865,0,1596172,894852,170352,5272192,3826.667,488.254,0,10500.479,0,820.789,6038,9541,1.770,1.420,0.840,2,2,11.051,0,0,11,36,0,38,0
11-05 16:13:20,26.204,4.243,42.925,25.456,0,1611568,879040,170492,5272452,4004.034,485.156,0,7790.446,0,609.939,5054,7882,1.770,1.420,0.840,1,2,9.983,0,0,11,36,0,38,0
11-05 16:13:21,24.684,5.485,41.888,26.429,0,1614708,875572,170624,5272604,5730.634,484.700,0,7635.526,0,616.347,5339,8405,1.770,1.420,0.840,3,1,13.963,0,0,11,36,0,38,0
11-05 16:13:22,28.146,4.775,42.470,22.868,0,1579828,909492,170796,5273372,5125.514,488.527,0,10265.100,0,710.676,5316,8500,1.790,1.430,0.850,4,0,6.031,0,0,11,38,0,38,0
11-05 16:13:23,27.891,4.732,38.848,26.895,0,1616380,873684,170932,5272500,8951.082,484.111,0,9463.085,0,760.035,5844,9147,1.790,1.430,0.850,6,1,4.981,0,0,11,38,0,36,0
11-05 16:13:24,45.199,8.287,38.419,7.282,0,1484624,1005256,170980,5272648,8646.122,488.152,0,3431.128,0,254.120,4687,19647,1.790,1.430,0.850,2,0,42.186,0,0,11,32,0,37,0
11-05 16:13:25,38.621,4.734,46.844,9.219,0,1549064,940696,171020,5272712,5240.494,538.202,0,2204.636,0,287.041,4637,5685,1.790,1.430,0.850,4,0,1.993,0,0,11,34,0,37,0
11-05 16:13:26,29.048,6.010,37.812,26.293,0,1542120,947084,171340,5272936,5425.909,486.799,0,9671.880,0,1096.801,7101,12507,1.790,1.430,0.850,2,1,3.005,0,0,11,34,0,37,0
11-05 16:13:27,29.971,5.994,38.463,23.977,0,1535940,952672,171736,5273120,8074.136,485.527,0,8851.379,0,1180.850,8512,14493,1.890,1.460,0.860,4,0,0,0,0,11,34,0,34,0
11-05 16:13:28,32.494,7.499,43.992,14.997,0,1468420,1020032,171816,5273200,8899.449,485.915,0,4615.196,0,529.908,6001,8151,1.890,1.460,0.860,2,0,98.983,0,0,11,32,0,34,0
11-05 16:13:29,23.743,3.499,60.731,11.746,0,1503624,984784,171856,5273200,5560.280,485.850,0,4398.639,0,250.922,2394,2575,1.890,1.460,0.860,3,1,1.999,0,0,11,32,0,34,0
11-05 16:13:30,7.770,22.559,59.406,8.522,0,1452924,1035212,171952,5273364,8388.039,487.280,0,7090.630,0,306.806,7244,7171,1.890,1.460,0.860,1,0,595.565,0,0,11,32,0,34,0
11-05 16:13:31,8.753,19.507,58.270,11.504,0,1421104,1066944,171976,5273420,6372.139,486.163,0,3969.332,0,204.068,6460,5604,1.890,1.460,0.860,1,0,485.163,0,0,11,32,0,33,0
11-05 16:13:32,14.213,13.715,71.566,0,0,1444620,1043404,171976,5273440,7663.249,578.509,0,43.887,0,3.990,4558,3610,1.820,1.450,0.860,3,0,290.252,0,0,11,32,0,33,0
11-05 16:13:33,22.249,3.500,73.998,0,0,1504228,983812,171976,5273424,5788.829,485.986,0,2487.927,0,334.990,2093,1307,1.820,1.450,0.860,2,0,3.000,0,0,11,32,0,33,0
11-05 16:13:34,21.805,3.509,73.685,0,0,1512692,975340,171976,5273428,3205.029,487.221,0,16.040,0,1.003,1740,1256,1.820,1.450,0.860,2,0,1.003,0,0,11,32,0,33,0
11-05 16:13:35,22.467,3.245,73.891,0,0,1557408,930620,171976,5273432,5013.600,485.284,0,19.971,0,0.999,1764,1192,1.820,1.450,0.860,1,0,1.997,0,0,11,32,0,30,0
11-05 16:13:36,22.471,3.246,72.157,0.999,0,1502400,985628,171988,5273448,4025.814,485.375,0,355.542,0,21.972,2015,1786,1.820,1.450,0.860,1,0,0.999,0,0,11,32,0,30,0
11-05 16:13:37,22.500,3.250,73.751,0,0,1492848,995168,171988,5273460,6288.058,486.004,0,12.000,0,1.000,1763,1184,1.750,1.440,0.860,2,0,3.000,0,0,11,32,0,30,0
11-05 16:13:38,22.248,4.250,73.245,0,0,1524056,963980,171988,5273440,4775.651,485.965,0,0,0,0,1839,1298,1.750,1.440,0.860,3,0,2.000,0,0,11,32,0,30,0
11-05 16:13:39,22.519,3.003,73.812,0.500,0,1513716,974300,171988,5273460,6504.494,486.411,0,244.206,0,15.013,1829,1313,1.750,1.440,0.860,2,0,1.001,0,0,11,32,0,26,0
11-05 16:13:40,22.248,3.250,73.243,0,0,1538652,949372,171992,5273448,6908.299,485.951,0,43.996,0,4.000,1869,1329,1.750,1.440,0.860,3,0,2.000,0,0,11,32,0,26,0
11-05 16:13:41,22.486,3.248,73.705,0,0,1509508,978532,171992,5273432,5093.924,485.707,0,11.993,0,0.999,1773,1261,1.750,1.440,0.860,2,0,0.999,0,0,11,32,0,26,0
11-05 16:13:42,22.244,3.999,73.480,0,0,1532600,955440,171992,5273432,6909.081,539.850,0,27.992,0,1.000,1858,1305,1.690,1.440,0.860,3,0,2.999,0,0,11,32,0,26,0
11-05 16:13:43,22.252,3.000,73.506,0,0,1498560,989540,171992,5273372,10057.831,486.040,0,0,0,0,1852,1240,1.690,1.440,0.860,3,0,1.000,0,0,11,32,0,18,0
11-05 16:13:44,22.754,3.251,70.261,3.000,0,1541296,946804,171992,5273372,4852.758,486.076,0,2376.371,0,46.007,1845,1195,1.690,1.440,0.860,4,0,2.000,0,0,11,32,0,18,0
11-05 16:13:45,22.990,3.249,73.718,0,0,1491804,996216,171992,5273452,5347.646,485.786,0,19.991,0,2.999,1795,1321,1.690,1.440,0.860,3,0,1.000,0,0,11,32,0,18,0
11-05 16:13:46,22.477,3.746,72.178,0.499,0,1491036,996948,171996,5273476,9253.711,485.513,0,367.631,0,10.989,2101,1776,1.690,1.440,0.860,3,0,0.999,0,0,11,32,0,18,0
11-05 16:13:47,22.256,4.001,73.269,0.250,0,1474832,1013168,172000,5273492,8300.205,486.129,0,428.114,0,24.006,1971,1450,1.630,1.430,0.860,2,0,4.001,0,0,11,32,0,14,0
11-05 16:13:48,22.047,3.507,73.405,0,0,1480512,1007488,172000,5273492,5052.690,487.030,0,72.153,0,5.011,1841,1380,1.630,1.430,0.860,3,0,1.002,0,0,11,32,0,14,0
11-05 16:13:49,22.291,3.506,73.636,0,0,1485568,1002440,172000,5273484,8183.156,486.902,0,0,0,0,1919,1370,1.630,1.430,0.860,1,0,2.004,0,0,11,32,0,14,0
11-05 16:13:50,18.755,8.252,71.519,0.500,0,1462056,1025912,172000,5273524,7219.908,486.128,0,460.122,0,66.017,3167,2274,1.630,1.430,0.860,3,0,167.044,0,0,11,32,0,14,0
11-05 16:13:51,15.705,11.966,71.296,0,0,1456464,1031484,172000,5273544,3673.502,484.615,0,151.567,0,7.977,4002,3389,1.630,1.430,0.860,2,0,292.165,0,0,11,32,0,13,0
11-05 16:13:52,23.999,2.250,73.747,0,0,1484992,1002756,172000,5273744,6931.683,485.978,0,0,0,0,1676,1105,1.580,1.420,0.860,2,0,1.000,0,0,11,32,0,13,0
11-05 16:13:53,21.755,4.001,73.767,0,0,1521680,965964,172000,5273808,3885.896,486.112,0,0,0,0,1839,1341,1.580,1.420,0.860,2,0,9.002,0,0,11,32,0,13,0
11-05 16:13:54,17.540,11.276,70.410,0.251,0,1504408,983104,172000,5273940,5777.124,487.107,40.091,180.410,2.005,3.007,3592,2719,1.580,1.420,0.860,2,0,243.553,0,0,11,32,0,13,0
11-05 16:13:55,8.000,21.999,68.746,0,0,1495196,992284,172000,5273968,5555.674,485.972,0,383.977,0,34.998,6475,5381,1.580,1.420,0.860,2,0,550.968,0,0,11,32,0,10,0
11-05 16:13:56,8.247,22.241,67.224,0.500,0,1488808,998616,172004,5274020,4247.375,539.793,0,471.819,0,13.995,6629,5932,1.580,1.420,0.860,1,0,567.783,0,0,11,32,0,10,0
11-05 16:13:57,8.255,22.014,68.043,0.750,0,1476288,1011096,172004,5274056,6056.822,486.307,0,1817.147,0,37.023,6617,5651,1.540,1.410,0.860,2,0,614.388,0,0,11,32,0,10,0
11-05 16:13:58,9.002,22.006,68.267,0,0,1445788,1041568,172004,5274084,6465.644,486.124,0,1540.392,0,20.005,6542,5540,1.540,1.410,0.860,1,0,606.154,0,0,11,32,0,10,0
11-05 16:13:59,7.500,20.249,70.247,0,0,1424656,1062664,172004,5274120,5578.762,485.979,0,167.993,0,6.000,5883,4518,1.540,1.410,0.860,2,0,429.982,0,0,11,32,0,6,0
11-05 16:14:00,8.499,21.247,69.991,0,0,1391756,1095532,172004,5274152,4109.466,485.937,0,339.956,0,8.999,6069,4803,1.540,1.410,0.860,1,0,472.939,0,0,11,32,0,6,0
11-05 16:14:01,9.492,21.732,67.944,0,0,1375524,1111740,172004,5274176,7679.660,485.599,0,355.706,0,74.938,6628,5419,1.540,1.410,0.860,2,0,602.503,0,0,11,32,0,6,0
11-05 16:14:02,17.263,23.018,57.545,0.751,0,1362916,1124280,172016,5274228,7984.197,486.378,0,496.385,0,23.018,6975,6534,1.490,1.410,0.860,3,0,692.538,0,0,11,32,0,8,0
11-05 16:14:03,60.646,15.723,22.212,1.497,0,1519712,967072,172024,5274600,27024.829,485.171,0,878.499,0,51.911,5023,3979,1.490,1.410,0.860,4,0,295.495,0,0,11,32,0,12,0
11-05 16:14:04,45.198,6.742,28.966,17.480,0,1643184,838568,172144,5278884,9862.547,485.436,443.485,6096.920,9.988,298.653,5149,6067,1.490,1.410,0.860,1,1,17.979,0,0,11,38,0,10,0
11-05 16:14:05,11.238,3.496,47.699,35.962,0,1641584,837588,172332,5280924,8420.014,485.482,0,8115.339,0,537.426,4678,7780,1.490,1.410,0.860,2,2,15.983,0,0,11,38,0,11,0
11-05 16:14:06,6.257,3.504,51.556,35.789,0,1640660,837112,172472,5282120,7686.341,540.587,0,13286.417,0,870.945,5341,10104,1.490,1.410,0.860,1,2,21.023,0,0,11,38,0,11,0
11-05 16:14:07,7.506,2.002,55.795,31.025,0,1639856,836356,172656,5283436,9201.477,486.395,0,10668.669,0,816.664,5000,8835,1.930,1.500,0.900,5,1,21.017,0,0,11,38,0,11,0
11-05 16:14:08,8.248,3.499,50.987,36.241,0,1639432,835348,172764,5284720,5226.646,485.874,0,12088.867,0,792.795,5175,9386,1.930,1.500,0.900,1,2,11.997,0,0,11,38,0,10,0
11-05 16:14:09,6.749,2.750,53.246,33.997,0,1638476,834844,172824,5286052,4844.597,485.960,0,13626.867,0,864.928,6601,12467,1.930,1.500,0.900,5,2,14.999,0,0,11,38,0,10,0
11-05 16:14:10,5.493,2.746,51.183,39.448,0,1646460,826036,172868,5286808,5714.537,485.366,0,11500.979,0,866.868,5139,9322,1.930,1.500,0.900,1,3,5.992,0,0,11,38,0,10,0
11-05 16:14:11,7.772,2.758,52.396,34.847,0.251,1646144,825028,172928,5288036,4914.693,487.358,0,12214.031,0,906.526,5524,10132,1.930,1.500,0.900,3,1,15.042,0,0,11,38,0,10,0
11-05 16:14:12,17.433,5.977,43.084,30.383,0,1592172,877696,172956,5289244,4392.033,484.130,0,9387.734,0,624.587,5686,8968,2.020,1.530,0.910,4,0,60.765,0,0,11,36,0,8,0
11-05 16:14:13,22.052,4.260,39.343,32.828,0,1637540,831340,173012,5290116,6486.411,2909.914,0,11587.531,0,754.793,5968,9785,2.020,1.530,0.910,2,2,9.021,0,0,11,37,0,8,0
11-05 16:14:14,18.011,4.002,45.277,30.518,0,1640556,827056,173060,5291288,10525.188,6637.902,0,13904.174,0,903.531,7769,13417,2.020,1.530,0.910,1,2,9.005,0,0,11,37,0,8,0
11-05 16:14:15,24.777,7.508,34.537,31.784,0,1636888,829620,173148,5292280,6053.487,1386.486,0,11047.840,0,794.852,6729,10946,2.020,1.530,0.910,4,0,88.094,0,0,11,38,0,9,0
11-05 16:14:16,22.257,3.751,40.262,31.759,0,1657028,807960,173224,5293688,10339.079,6266.866,0,9926.956,0,667.199,5663,9503,2.020,1.530,0.910,2,3,6.002,0,0,11,39,0,9,0
11-05 16:14:17,17.711,3.991,42.158,33.427,0,1656148,807512,173308,5294896,13825.704,10886.145,0,12664.249,0,883.065,8547,14330,2.020,1.530,0.910,1,3,5.987,0,0,11,39,0,9,0
11-05 16:14:18,20.559,6.519,37.107,34.098,0,1648300,813948,173436,5296132,10134.182,4075.736,0,14144.730,0,924.663,7371,12178,2.020,1.530,0.910,2,1,48.139,0,0,11,38,0,9,0
11-05 16:14:19,21.168,4.234,37.604,34.366,0,1686776,774204,173516,5297276,8896.363,2867.834,0,8973.065,0,618.592,5281,8162,2.020,1.530,0.910,2,4,5.977,0,0,11,39,0,9,0
11-05 16:14:20,20.501,4.250,45.252,28.251,0,1681112,779096,173548,5298000,14795.535,7576.274,0,12104.438,0,749.027,7428,12518,2.020,1.530,0.910,1,1,6.000,0,0,11,39,0,9,0
11-05 16:14:21,17.712,3.742,49.395,26.943,0,1675240,783932,173604,5298952,15994.881,10026.612,0,10026.612,0,655.602,7753,12512,2.020,1.530,0.910,2,1,11.974,0,0,11,39,0,9,0
11-05 16:14:22,27.832,7.272,36.608,27.582,0,1652284,805552,173692,5300160,10267.378,1731.122,0,9933.390,0,687.033,7092,10849,2.180,1.570,0.930,2,1,75.223,0,0,11,38,0,10,0
11-05 16:14:23,23.563,3.760,40.858,29.077,0,1665508,791356,173784,5301016,12656.602,6225.528,0,12870.169,0,879.335,6344,10684,2.180,1.570,0.930,2,1,0,0,0,11,39,0,10,0
11-05 16:14:24,20.720,4.244,46.683,26.462,0,1662048,793776,173856,5301952,13131.052,9486.311,0,13772.127,0,914.680,8438,14618,2.180,1.570,0.930,5,0,5.991,0,0,11,39,0,10,0
11-05 16:14:25,29.484,6.746,34.731,26.736,0,1666552,787696,173944,5303368,10489.401,5181.234,0,7380.060,0,544.709,7358,20207,2.180,1.570,0.930,1,2,80.957,0,0,11,38,0,11,0
11-05 16:14:26,23.722,4.495,39.204,30.464,0,1680356,771760,174060,5305332,11022.990,5511.495,0,13256.353,0,807.047,6943,11520,2.180,1.570,0.930,2,3,2.996,0,0,11,39,0,11,0
11-05 16:14:27,27.760,3.751,39.015,27.260,0,1676156,775044,174192,5306088,10140.810,7556.839,0,15421.794,0,1002.377,8127,13268,2.400,1.630,0.950,3,1,6.002,0,0,11,39,0,11,0
11-05 16:14:28,28.584,17.050,29.586,23.318,0,1531252,918812,174312,5307348,23501.674,8632.224,373.090,14586.624,6.018,980.866,11509,17080,2.400,1.630,0.950,4,1,385.125,0,0,11,36,0,11,0
11-05 16:14:29,38.259,15.254,21.005,24.756,0,1592140,856228,174368,5308500,5359.278,486.116,1520.363,8078.927,28.007,549.131,7477,12100,2.400,1.630,0.950,2,3,154.037,0,0,11,36,0,11,0
11-05 16:14:30,19.453,8.230,45.141,25.189,0,1587416,859596,174436,5309760,12188.521,9241.648,666.388,9429.195,11.971,657.410,7550,11854,2.400,1.630,0.950,3,1,92.776,0,0,11,36,0,12,0
11-05 16:14:31,23.811,6.266,38.348,29.074,0.501,1612148,833764,174508,5310724,2723.935,487.241,0,9139.269,0,634.616,5323,7907,2.400,1.630,0.950,3,2,37.094,0,0,11,36,0,12,0
11-05 16:14:32,8.964,3.237,55.775,30.378,0,1617560,827568,174548,5311444,4550.668,744.999,0,7035.658,0,508.950,3883,6668,2.290,1.620,0.950,1,2,0.996,0,0,11,36,0,12,0
11-05 16:14:33,3.000,3.000,57.749,33.499,0,1607712,836768,174588,5312040,5721.891,485.991,0,11075.788,0,721.986,4407,8159,2.290,1.620,0.950,2,1,0,0,0,11,36,0,12,0
11-05 16:14:34,4.505,1.752,66.068,25.526,0,1599336,844012,174624,5313104,6268.440,486.500,0,7767.981,0,607.624,4037,7638,2.290,1.620,0.950,1,1,3.003,0,0,11,36,0,12,0
11-05 16:14:35,3.999,2.249,62.978,28.490,0,1592316,850028,174648,5314060,4194.532,485.830,0,8912.881,0,652.772,4056,7836,2.290,1.620,0.950,2,2,0,0,0,11,36,0,12,0
11-05 16:14:36,3.251,2.001,63.271,28.759,0,1585784,855976,174680,5314600,7965.614,486.160,0,8914.926,0,464.152,3640,6334,2.290,1.620,0.950,1,3,6.002,0,0,11,36,0,12,0
11-05 16:14:37,11.997,3.499,54.237,27.993,0,1581516,859260,174700,5315532,14243.559,6486.433,0,11725.168,0,724.825,5169,9128,2.430,1.660,0.970,2,1,0,0,0,11,37,0,12,0
11-05 16:14:38,24.022,7.007,42.790,24.773,0,1546152,893736,174732,5316372,9687.060,1315.230,0,8748.182,0,627.587,5869,8941,2.430,1.660,0.970,2,2,63.059,0,0,11,36,0,13,0
11-05 16:14:39,20.748,3.750,46.246,26.498,0,1563108,875588,174760,5317504,15973.680,6252.484,0,11531.047,0,783.935,5962,9606,2.430,1.660,0.970,2,1,0,0,0,11,37,0,13,0
11-05 16:14:40,20.480,6.494,49.203,21.729,0,1567972,869708,174780,5318476,14002.566,5252.960,0,7484.819,0,552.470,6362,9647,2.430,1.660,0.970,3,1,42.959,0,0,11,36,0,14,0
11-05 16:14:41,22.070,3.762,48.153,24.327,0,1598632,838028,174824,5319376,12862.919,5693.111,0,10970.900,0,773.461,5829,9726,2.430,1.660,0.970,2,1,6.019,0,0,11,37,0,14,0
11-05 16:14:42,18.737,4.747,48.466,25.732,0,1572944,862668,174860,5320364,11718.848,6278.632,0,8757.908,0,669.534,6673,10360,2.390,1.670,0.980,3,1,34.976,0,0,11,36,0,15,0
11-05 16:14:43,3.989,3.740,60.082,29.916,0,1566296,868788,174960,5320764,6860.810,484.644,0,11428.035,0,984.247,5060,8704,2.390,1.670,0.980,1,2,49.861,0,0,11,36,0,15,0
11-05 16:14:44,4.247,2.498,53.208,37.220,0,1553000,881520,175012,5321260,7949.674,539.571,0,10939.294,0,717.429,4384,8164,2.390,1.670,0.980,2,2,2.998,0,0,11,36,0,15,0
11-05 16:14:45,7.012,3.005,66.611,21.285,0,1543668,890004,175044,5322056,5394.977,540.900,0,7396.308,0,707.177,5090,9131,2.390,1.670,0.980,3,1,9.015,0,0,11,36,0,15,0
11-05 16:14:46,6.232,2.493,52.846,34.649,0,1534600,898696,175084,5322380,7849.168,538.434,0,14848.808,0,1026.016,5368,9723,2.390,1.670,0.980,3,1,8.974,0,0,11,36,0,15,0
11-05 16:14:47,5.766,2.507,67.939,21.309,0,1527336,904592,175132,5323668,9394.201,487.359,0,8198.867,0,667.863,4840,8747,2.360,1.670,0.980,1,1,12.034,0,0,11,36,0,15,0
11-05 16:14:48,5.747,3.498,60.722,28.737,0,1520308,911424,175176,5323812,9967.324,539.747,0,11350.675,0,765.641,4486,7901,2.360,1.670,0.980,2,1,5.997,0,0,11,36,0,15,0
11-05 16:14:49,3.251,2.001,52.023,39.267,0,1513648,918000,175200,5323868,5931.601,540.237,0,11865.202,0,765.336,4235,7718,2.360,1.670,0.980,1,1,6.003,0,0,11,36,0,15,0
11-05 16:14:50,3.750,2.250,66.751,24.250,0,1508912,921972,175264,5324544,3569.032,540.005,0,4776.043,0,475.004,3925,7109,2.360,1.670,0.980,1,2,9.000,0,0,11,36,0,15,0
11-05 16:14:51,4.251,2.501,65.016,26.256,0,1504112,925840,175332,5325388,7957.963,486.120,0,9226.276,0,689.170,4402,8157,2.360,1.670,0.980,1,2,3.001,0,0,11,36,0,15,0
11-05 16:14:52,5.251,3.000,63.257,26.253,0,1497424,931944,175460,5325828,8099.927,540.062,0,11669.336,0,865.099,5130,9409,2.410,1.690,0.990,3,1,16.002,0,0,11,36,0,15,0
11-05 16:14:53,6.256,3.003,59.803,28.525,0,1494092,934532,175484,5326528,6157.423,540.476,0,11998.567,0,848.747,5054,9186,2.410,1.690,0.990,1,4,6.005,0,0,11,36,0,15,0
11-05 16:14:54,4.498,2.749,61.472,29.237,0,1492560,935780,175528,5326740,3974.166,539.751,0,12710.133,0,831.616,4400,8199,2.410,1.690,0.990,2,1,8.996,0,0,11,36,0,15,0
11-05 16:14:55,6.250,3.250,64.755,23.252,0,1491224,937696,175592,5326076,8469.634,486.036,0,4884.365,0,534.040,4615,8024,2.410,1.690,0.990,7,1,9.001,0,0,11,36,0,15,0
11-05 16:14:56,4.497,2.998,53.966,34.978,0,1489688,939020,175632,5326248,7470.333,539.663,0,12544.163,0,890.444,5657,10443,2.410,1.690,0.990,1,1,0,0,0,11,36,0,15,0
11-05 16:14:57,5.745,2.248,64.197,25.479,0,1488372,941192,175648,5325380,8783.691,539.551,0,5991.015,0,632.474,4922,8945,2.460,1.720,1,4,1,2.998,0,0,11,36,0,15,0
11-05 16:14:58,6.254,2.752,57.783,29.016,0,1488648,941192,175668,5325084,7778.422,582.331,0,13067.429,0,872.496,5508,9996,2.460,1.720,1,2,1,3.002,0,0,11,36,0,15,0
11-05 16:14:59,7.496,2.499,59.715,27.734,0,1488132,941192,175696,5325572,3888.725,485.716,0,12392.749,0,854.500,5414,9858,2.460,1.720,1,2,0,5.996,0,0,11,36,0,15,0
11-05 16:15:00,6.997,2.749,61.223,26.738,0,1487568,941192,175704,5326128,7522.687,539.762,0,8032.462,0,664.707,4763,8486,2.460,1.720,1,2,1,6.997,0,0,11,36,0,15,0
11-05 16:15:01,5.499,3.499,55.740,32.994,0,1487456,941072,175724,5326336,6571.825,539.903,0,12017.852,0,836.850,5146,9289,2.460,1.720,1,3,0,8.998,0,0,11,36,0,15,0
11-05 16:15:02,6.007,3.254,57.313,30.784,0,1487104,941072,175756,5326656,4871.375,540.596,0,14656.170,0,1004.108,6180,11467,2.500,1.740,1.020,2,2,10.011,0,0,11,36,0,15,0
11-05 16:15:03,5.995,2.498,63.194,26.227,0,1486632,941072,175784,5327088,6934.891,485.572,0,6510.265,0,650.427,4828,8782,2.500,1.740,1.020,1,1,8.992,0,0,11,36,0,15,0
11-05 16:15:04,5.249,2.500,58.240,31.994,0,1486604,940848,175816,5327304,3748.338,539.905,0,11905.896,0,841.851,4382,7739,2.500,1.740,1.020,1,2,5.999,0,0,11,36,0,15,0
11-05 16:15:05,5.509,2.504,66.111,23.039,0,1487112,940960,175824,5326672,5220.776,540.909,0,4110.910,0,510.859,4323,7881,2.500,1.740,1.020,3,1,3.005,0,0,11,38,0,8,0
11-05 16:15:06,4.498,2.499,56.471,34.233,0,1487224,940960,175848,5326536,3599.162,485.752,0,10554.609,0,729.627,4441,8077,2.500,1.740,1.020,2,2,5.997,0,0,11,38,0,8,0
11-05 16:15:07,4.749,2.999,53.238,36.742,0,1487088,940960,175876,5326644,6557.501,539.877,0,12773.080,0,823.812,4851,9048,2.380,1.730,1.020,2,1,0,0,0,11,38,0,8,0
11-05 16:15:08,4.744,2.497,67.416,24.469,0,1487040,940644,175920,5326964,6821.458,539.325,0,5728.826,0,543.320,3971,7365,2.380,1.730,1.020,2,1,2.996,0,0,11,38,0,8,0
11-05 16:15:09,5.006,2.253,60.825,28.285,0,1486572,940672,175936,5327380,7387.150,540.670,0,9627.925,0,722.895,4642,8294,2.380,1.730,1.020,1,2,6.007,0,0,11,38,0,8,0
11-05 16:15:10,5.248,3.249,54.982,34.239,0,1485972,940924,175976,5327680,6559.863,539.824,0,12959.779,0,873.715,5421,10039,2.380,1.730,1.020,1,3,5.998,0,0,11,38,0,8,0
11-05 16:15:11,5.515,2.507,58.156,30.582,0,1486464,940168,175984,5327924,7814.948,487.306,0,12333.060,0,882.365,5656,10301,2.380,1.730,1.020,1,1,9.024,0,0,11,38,0,8,0
11-05 16:15:12,9.505,2.501,65.535,21.011,0.250,1485676,940236,175996,5328612,5806.124,540.291,0,5699.067,0,572.308,5069,8719,2.350,1.730,1.020,3,0,13.007,0,0,11,38,0,8,0
11-05 16:15:13,7.492,1.748,55.690,32.964,0,1485304,940236,176004,5328968,9662.507,539.414,0,9405.786,0,650.294,4003,7158,2.350,1.730,1.020,1,2,2.997,0,0,11,38,0,8,0
11-05 16:15:14,6.502,2.501,67.024,22.258,0,1485316,939836,176016,5329336,6657.350,540.191,0,7338.591,0,598.211,4481,8065,2.350,1.730,1.020,1,1,9.003,0,0,11,38,0,8,0
11-05 16:15:15,8.723,2.741,60.561,25.171,0,1484708,939836,176032,5329916,8610.147,538.321,0,10774.398,0,870.286,6667,12377,2.350,1.730,1.020,2,1,14.953,0,0,11,38,0,8,0
11-05 16:15:16,5.757,2.753,55.567,34.041,0,1485552,938724,176064,5330144,7303.819,486.588,0,12130.648,0,830.002,5110,9265,2.350,1.730,1.020,2,3,9.011,0,0,11,38,0,8,0
11-05 16:15:17,6.011,2.755,56.853,31.557,0,1484192,939624,176112,5330540,3934.105,540.977,0,14598.365,0,952.721,5262,9371,2.320,1.740,1.030,2,1,9.016,0,0,11,38,0,7,0
11-05 16:15:18,6.237,2.994,66.366,22.205,0,1483900,939372,176148,5331040,8325.220,538.914,0,7700.479,0,709.570,5328,9505,2.320,1.740,1.030,1,1,8.982,0,0,11,38,0,7,0
11-05 16:15:19,4.747,2.249,58.717,31.483,0,1483776,939120,176184,5331368,7679.732,539.700,0,11401.663,0,793.559,4764,8752,2.320,1.740,1.030,1,4,11.993,0,0,11,38,0,7,0
11-05 16:15:20,5.498,2.499,58.475,30.987,0,1483212,939120,176216,5331880,7345.891,485.794,0,7160.970,0,599.746,4271,7547,2.320,1.740,1.030,2,1,5.997,0,0,11,38,0,7,0
11-05 16:15:21,4.006,2.504,65.849,25.538,0,1483128,939120,176228,5331944,7961.922,540.810,0,9337.983,0,699.047,4442,8396,2.320,1.740,1.030,1,2,0,0,0,11,38,0,7,0
11-05 16:15:22,4.745,2.498,59.192,30.970,0,1483188,938364,176236,5332604,8787.384,539.471,0,12391.850,0,772.243,4649,8566,2.300,1.740,1.030,1,2,3.996,0,0,11,38,0,7,0
11-05 16:15:23,4.752,1.751,66.277,25.010,0,1483212,937860,176244,5333060,7519.114,540.224,0,5442.254,0,471.195,3827,6873,2.300,1.740,1.030,2,1,6.002,0,0,11,38,0,7,0
11-05 16:15:24,5.500,3.000,59.246,29.498,0,1483340,937480,176252,5333304,9164.319,539.960,0,12743.053,0,882.934,5407,9699,2.300,1.740,1.030,2,3,11.999,0,0,11,38,0,7,0
11-05 16:15:25,9.256,4.753,61.538,22.014,0,1475572,944524,176268,5333988,6995.336,528.327,0,9637.973,0,711.441,5929,16801,2.300,1.740,1.030,1,1,48.030,0,0,11,38,0,6,0
11-05 16:15:26,3.736,2.491,61.769,28.643,0,1475472,944524,176284,5334064,9462.559,537.985,0,12604.791,0,878.709,4661,8565,2.300,1.740,1.030,2,0,5.978,0,0,11,38,0,6,0
11-05 16:15:27,6.521,2.257,67.469,21.068,0,1474724,944524,176296,5334788,8910.890,541.756,0,7167.237,0,638.069,4815,8721,2.270,1.740,1.040,1,1,9.029,0,0,11,38,0,6,0
11-05 16:15:28,5.002,3.251,61.025,28.512,0,1474512,944272,176300,5335236,9332.815,540.221,0,11052.518,0,859.351,5121,9163,2.270,1.740,1.040,1,2,6.002,0,0,11,38,0,6,0
11-05 16:15:29,4.510,3.007,63.391,27.060,0,1474092,944272,176308,5335632,34738.399,541.206,0,10603.625,0,782.744,4788,8620,2.270,1.740,1.040,0,1,9.020,0,0,11,38,0,6,0
11-05 16:15:30,3.992,2.994,62.617,27.442,0,1473980,944272,176328,5335720,5853.600,484.973,0,12593.323,0,829.243,4775,8692,2.270,1.740,1.040,2,1,2.994,0,0,11,38,0,5,0
11-05 16:15:31,5.249,2.000,65.485,24.994,0,1473596,944272,176332,5336092,8289.122,539.878,0,7434.316,0,599.864,6036,11368,2.270,1.740,1.040,2,1,8.998,0,0,11,38,0,5,0
11-05 16:15:32,4.252,2.751,59.531,30.766,0,1473148,944272,176352,5336508,8890.681,634.334,0,9412.956,0,771.406,5034,9062,2.330,1.770,1.050,1,1,7.004,0,0,11,38,0,5,0
11-05 16:15:33,5.005,2.502,65.312,24.273,0,1472764,944020,176376,5337108,4913.695,540.517,0,8736.348,0,718.687,5192,9599,2.330,1.770,1.050,2,1,21.020,0,0,11,38,0,5,0
11-05 16:15:34,4.744,2.497,58.183,31.464,0,1473080,943264,176388,5337528,10379.959,485.437,0,12217.828,0,886.971,5313,9803,2.330,1.770,1.050,2,2,23.972,0,0,11,38,0,4,0
11-05 16:15:35,4.489,2.245,58.108,33.169,0,1472612,943264,176404,5337968,11919.937,538.687,0,9644.485,0,668.370,4267,7776,2.330,1.770,1.050,6,1,2.993,0,0,11,38,0,4,0
11-05 16:15:36,6.765,2.756,62.889,25.306,0,1472612,942760,176428,5338436,9514.963,487.073,0,8542.822,0,769.696,5250,9803,2.330,1.770,1.050,2,3,18.040,0,0,11,38,0,4,0
11-05 16:15:37,5.763,2.756,59.880,29.564,0,1472468,942508,176432,5338816,7882.154,541.178,0,10126.038,0,839.828,6049,11185,2.310,1.770,1.050,2,1,18.039,0,0,11,38,0,4,0
11-05 16:15:38,5.228,2.241,60.003,29.130,0,1472052,942508,176444,5339208,5334.012,537.783,0,12783.304,0,820.617,4457,8493,2.310,1.770,1.050,1,1,2.988,0,0,11,38,0,3,0
11-05 16:15:39,4.264,3.261,65.467,23.829,0,1472344,941752,176460,5339640,8591.414,541.792,0,7689.431,0,722.389,5987,10665,2.310,1.770,1.050,1,1,18.060,0,0,11,38,0,3,0
11-05 16:15:40,5.994,2.248,57.943,32.218,0,1472960,940996,176472,5339764,9757.362,539.467,0,8659.447,0,618.389,4964,9117,2.310,1.770,1.050,1,2,2.997,0,0,11,38,0,3,0
11-05 16:15:41,4.249,2.500,62.242,28.246,0,1471436,940996,176480,5341244,10135.631,485.934,0,9162.762,0,696.906,4713,8656,2.310,1.770,1.050,1,1,8.999,0,0,11,38,0,3,0
11-05 16:15:42,6.755,2.752,59.796,29.523,0,1474880,937216,176508,5341544,8279.364,540.415,0,16232.478,0,1096.843,5380,10132,2.440,1.810,1.070,1,2,7.005,0,0,11,38,0,2,0
11-05 16:15:43,5.234,1.994,67.293,22.680,0,1474460,937216,176512,5341956,9100.013,538.344,0,6834.979,0,616.105,4130,7484,2.440,1.810,1.070,2,0,2.991,0,0,11,38,0,2,0
11-05 16:15:44,5.259,2.254,60.105,29.301,0.250,1474208,937216,176524,5342188,9008.752,540.946,0,9937.376,0,740.294,4554,8327,2.440,1.810,1.070,2,0,6.011,0,0,11,38,0,2,0
11-05 16:15:45,7.510,3.004,56.329,31.043,0,1478612,932428,176528,5342552,8544.935,540.755,0,10710.960,0,760.062,5884,11098,2.440,1.810,1.070,2,2,3.004,0,0,11,38,0,2,0
11-05 16:15:46,5.995,2.498,65.198,23.232,0,1479632,932428,176544,5341512,10216.896,485.615,0,7010.439,0,706.440,5090,9312,2.440,1.810,1.070,1,1,5.995,0,0,11,38,0,1,0
11-05 16:15:47,4.747,2.748,60.713,29.732,0,1480392,932428,176556,5340748,4996.958,539.671,0,9430.258,0,657.600,6720,12980,2.410,1.810,1.070,2,0,0,0,0,11,38,0,1,0
11-05 16:15:48,5.253,3.502,56.277,31.765,0,1481544,932428,176564,5339588,8588.176,540.263,0,13870.744,0,951.463,6277,11393,2.410,1.810,1.070,4,1,0,0,0,11,38,0,1,0
11-05 16:15:49,4.749,2.000,65.742,24.497,0,1482812,932428,176572,5338312,27264.543,539.932,0,5547.297,0,564.928,4439,8099,2.410,1.810,1.070,2,1,0,0,0,11,38,0,1,0
11-05 16:15:50,4.496,2.498,57.698,32.970,0,1483624,932428,176576,5337500,9471.415,539.511,0,10866.150,0,722.345,4679,8548,2.410,1.810,1.070,1,2,0,0,0,11,38,0,1,0
11-05 16:15:51,5.506,2.503,61.818,27.781,0,1484260,932428,176584,5336852,7111.850,486.537,0,11953.194,0,879.971,5397,9937,2.410,1.810,1.070,3,0,3.003,0,0,11,38,0,1,0
11-05 16:15:52,6.248,2.749,65.983,23.244,0,1484292,932176,176584,5337072,8965.625,539.857,0,8361.785,0,706.813,4813,8904,2.450,1.830,1.080,1,1,9.997,0,0,11,38,0,1,0
11-05 16:15:53,4.754,2.252,58.799,32.027,0,1484004,932176,176588,5337356,6244.190,540.449,0,11077.207,0,696.579,4279,7884,2.450,1.830,1.080,2,2,9.007,0,0,11,38,0,1,0
11-05 16:15:54,4.996,1.998,61.201,28.228,0,1484068,931924,176592,5337540,3927.875,539.571,0,8761.030,0,685.455,4618,8312,2.450,1.830,1.080,2,1,5.995,0,0,11,38,0,1,0
11-05 16:15:55,5.253,3.502,58.782,31.767,0,1484432,931420,176596,5337644,4359.363,540.293,0,8216.453,0,643.349,4291,7408,2.450,1.830,1.080,1,1,12.007,0,0,11,38,0,1,0
11-05 16:15:56,9.498,2.499,57.737,26.994,0,1484592,931420,176596,5337480,10535.571,485.888,0,11617.321,0,811.813,5296,9476,2.450,1.830,1.080,2,1,5.999,0,0,11,36,0,2,0
11-05 16:15:57,10.769,17.280,63.111,7.764,0,1357760,1058108,176596,5337632,5652.974,540.954,0,6158.867,0,330.583,5778,5302,2.500,1.850,1.100,1,0,429.758,0,0,11,32,0,2,0
11-05 16:15:58,30.211,20.224,46.191,2.996,0,1404968,1010620,176616,5337892,5664.737,539.309,0,1550.013,0,96.876,6580,5988,2.500,1.850,1.100,3,0,513.342,0,0,11,32,0,8,0
11-05 16:15:59,66.127,8.767,20.539,3.757,0,1614712,799412,176648,5339288,9478.206,486.935,0,1695.256,0,90.173,3876,1944,2.500,1.850,1.100,3,0,3.006,0,0,11,32,0,8,0
11-05 16:16:00,58.429,4.744,25.219,10.987,0,1773344,636912,176744,5342696,7218.191,539.342,0,3431.812,0,128.843,3671,1811,2.500,1.850,1.100,2,1,0,0,0,11,32,0,8,0
11-05 16:16:01,27.020,4.253,43.281,24.518,0,1788128,619552,176820,5344876,10954.942,540.392,0,8105.876,0,392.284,4378,5530,2.500,1.850,1.100,0,2,15.011,0,0,11,38,0,8,0
11-05 16:16:02,10.497,2.999,55.734,28.492,0,1788252,618040,176836,5346220,59234.724,539.843,0,9989.087,0,671.804,5005,8334,2.460,1.850,1.100,5,0,30.991,0,0,11,38,0,8,0
11-05 16:16:03,11.470,2.992,52.112,30.669,0,1788180,616528,176848,5347744,35931.947,538.575,0,12223.664,0,855.736,6244,11164,2.460,1.850,1.100,1,2,32.913,0,0,11,38,0,8,0
11-05 16:16:04,8.755,3.002,52.032,33.020,0,1786852,616276,176860,5349268,4457.762,486.301,0,12167.538,0,832.516,5153,9392,2.460,1.850,1.100,2,2,21.013,0,0,11,38,0,8,0
11-05 16:16:05,5.509,2.003,57.088,33.552,0,1786780,615520,176868,5350072,3542.478,540.836,0,8212.701,0,548.849,4654,8689,2.460,1.850,1.100,1,1,12.019,0,0,11,38,0,8,0
11-05 16:16:06,6.734,2.993,49.134,37.911,0,1786420,614512,176876,5351380,15749.899,538.731,0,13983.061,0,895.890,5783,10491,2.460,1.850,1.100,2,1,17.958,0,0,11,38,0,8,0
11-05 16:16:07,6.252,3.251,55.021,32.513,0,1786508,613504,176896,5352240,10207.973,486.189,0,12288.783,0,788.307,5285,9479,2.340,1.840,1.100,1,2,18.007,0,0,11,38,0,8,0
11-05 16:16:08,9.531,3.010,53.673,32.104,0.251,1786096,613000,176908,5353092,7500.196,541.748,0,12813.336,0,898.900,5686,10241,2.340,1.840,1.100,0,3,30.097,0,0,11,38,0,8,0
11-05 16:16:09,7.718,2.738,53.276,33.360,0,1785472,612244,176924,5354416,6726.681,537.736,0,12336.065,0,862.369,5314,9692,2.340,1.840,1.100,1,1,20.912,0,0,11,38,0,8,0
11-05 16:16:10,6.507,3.003,52.303,35.286,0,1785328,611236,176952,5355460,7693.831,486.495,0,11924.137,0,805.820,6304,11614,2.340,1.840,1.100,1,2,21.021,0,0,11,38,0,8,0
11-05 16:16:11,5.489,2.994,60.631,28.444,0,1785192,610480,176964,5356320,10933.472,538.939,0,12431.523,0,811.402,5149,9384,2.340,1.840,1.100,5,2,20.959,0,0,11,38,0,8,0
11-05 16:16:12,7.027,3.012,53.706,34.131,0,1784868,609976,176988,5357100,7911.395,487.874,0,10713.160,0,729.804,5985,10830,2.630,1.910,1.130,0,3,22.085,0,0,11,38,0,8,0
11-05 16:16:13,6.736,2.495,52.641,35.427,0,1784856,608744,176992,5358264,9830.691,538.887,0,11580.077,0,773.402,5532,10368,2.630,1.910,1.130,8,0,11.975,0,0,11,38,0,8,0
11-05 16:16:14,6.253,2.751,57.529,31.766,0,1784080,608240,176996,5359500,8161.048,486.241,0,9576.750,0,687.341,4740,8298,2.630,1.910,1.130,4,0,15.007,0,0,11,38,0,8,0
11-05 16:16:15,7.256,3.503,50.793,35.530,0.250,1784416,606980,177016,5360380,5162.347,486.410,0,12198.271,0,850.716,6773,12610,2.630,1.910,1.130,1,2,33.028,0,0,11,38,0,8,0
11-05 16:16:16,6.502,2.751,50.764,38.011,0,1784688,605972,177024,5361088,7528.088,582.161,0,9914.750,0,672.186,5564,10242,2.630,1.910,1.130,3,2,21.006,0,0,11,38,0,8,0
11-05 16:16:17,7.741,2.997,53.441,33.213,0,1784784,604712,177024,5362220,8081.036,485.461,0,12741.865,0,816.095,5429,9899,2.500,1.890,1.120,3,2,17.980,0,0,11,38,0,8,0
11-05 16:16:18,6.260,2.254,52.336,35.558,0,1784216,604460,177040,5363008,8408.809,486.799,0,11883.515,0,777.276,5339,9734,2.500,1.890,1.120,1,3,27.044,0,0,11,38,0,8,0
11-05 16:16:19,8.235,3.743,52.154,34.686,0,1783776,603704,177048,5364168,9202.057,539.008,0,12796.439,0,875.388,5608,10049,2.500,1.890,1.120,2,4,26.950,0,0,11,38,0,8,0
11-05 16:16:20,5.999,2.999,52.737,34.991,0,1783332,602948,177056,5365324,20895.835,485.880,0,10441.419,0,724.821,4894,8776,2.500,1.890,1.120,4,1,11.997,0,0,11,38,0,8,0
11-05 16:16:21,5.751,3.250,52.007,37.005,0,1782708,602948,177056,5365932,9554.224,486.062,0,13029.669,0,898.115,5333,10112,2.500,1.890,1.120,5,1,15.002,0,0,11,38,0,8,0
11-05 16:16:22,6.255,3.503,50.792,36.780,0,1782664,602192,177056,5366700,8026.587,540.443,0,13975.468,0,893.733,5490,9924,2.780,1.960,1.150,2,1,16.013,0,0,11,38,0,8,0
11-05 16:16:23,5.500,2.500,51.253,37.752,0,1783040,600944,177060,5367536,4512.240,486.026,0,12768.679,0,831.044,5117,9401,2.780,1.960,1.150,3,2,6.000,0,0,11,38,0,8,0
11-05 16:16:24,4.758,3.005,55.839,33.804,0,1783064,600188,177068,5368236,12424.752,486.774,0,11474.241,0,800.272,5270,9587,2.780,1.960,1.150,2,2,15.024,0,0,11,38,0,8,0
11-05 16:16:25,11.731,4.743,52.916,29.454,0,1790024,592264,177084,5369144,8503.579,539.149,0,10806.943,0,817.709,6330,15902,2.780,1.960,1.150,4,0,62.901,0,0,11,38,0,9,0
11-05 16:16:26,4.754,2.252,57.551,32.028,0,1789788,591760,177088,5369808,7144.336,486.431,0,9412.347,0,690.612,4716,8644,2.780,1.960,1.150,1,1,12.011,0,0,11,38,0,9,0
11-05 16:16:27,19.528,6.009,42.811,29.292,0,1675720,705080,177096,5370532,5995.559,486.695,0,12898.413,0,890.271,7673,13223,2.960,2.010,1.170,2,1,87.124,0,0,11,36,0,8,0
11-05 16:16:28,28.449,4.991,29.447,35.935,0,1743000,636844,177104,5371456,16528.276,539.031,0,11104.031,0,704.733,5946,8947,2.960,2.010,1.170,1,2,18.966,0,0,11,36,0,8,0
11-05 16:16:29,27.974,4.246,36.466,29.223,0,1782008,596804,177116,5372444,8802.739,485.544,0,15513.441,0,1027.036,6590,10209,2.960,2.010,1.170,3,3,31.970,0,0,11,38,0,8,0
11-05 16:16:30,12.500,4.500,51.998,28.999,0,1669408,707184,177124,5374600,7126.746,485.983,0,9203.673,0,538.981,5676,9377,2.960,2.010,1.170,3,3,98.996,0,0,11,36,0,8,0
11-05 16:16:31,4.751,2.500,57.507,32.754,0,1667640,708148,177132,5375372,10604.236,540.063,0,10825.262,0,748.087,4748,8931,2.960,2.010,1.170,1,4,12.001,0,0,11,36,0,8,0
11-05 16:16:32,5.240,2.745,51.905,37.681,0,1663748,711184,177136,5376192,7022.106,578.937,0,11730.460,0,760.603,4570,8281,3.120,2.060,1.190,5,1,14.973,0,0,11,36,0,8,0
11-05 16:16:33,7.019,2.507,54.397,34.092,0,1660372,713340,177152,5377368,6485.582,541.468,0,9293.193,0,665.805,5375,9375,3.120,2.060,1.190,1,1,31.084,0,0,11,36,0,8,0
11-05 16:16:34,5.744,2.497,58.936,30.217,0,1657500,715172,177160,5378372,5913.548,485.470,0,8418.814,0,632.310,5071,9086,3.120,2.060,1.190,2,1,20.977,0,0,11,36,0,8,0
11-05 16:16:35,4.237,2.493,53.342,36.392,0,1654744,717048,177164,5379196,15934.763,484.564,0,13611.649,0,868.426,4901,9304,3.120,2.060,1.190,4,1,2.991,0,0,11,36,0,8,0
11-05 16:16:36,6.026,4.017,48.712,38.919,0,1652852,717716,177180,5380344,12599.809,542.359,0,15358.811,0,985.286,6727,12624,3.120,2.060,1.190,4,1,6.026,0,0,11,36,0,8,0
11-05 16:16:37,4.994,2.497,55.435,34.210,0,1650328,718872,177188,5381664,8854.593,485.429,0,9624.687,0,661.223,4509,8222,3.190,2.090,1.210,6,0,11.986,0,0,11,36,0,8,0
11-05 16:16:38,8.261,2.503,56.576,29.790,0,1649188,718944,177204,5382692,13744.356,540.722,0,6612.832,0,553.740,4948,8369,3.190,2.090,1.210,5,2,30.040,0,0,11,36,0,8,0
11-05 16:16:39,6.255,2.752,55.042,33.275,0,1647492,719944,177204,5383368,7223.459,486.368,0,14090.648,0,941.712,5528,10374,3.190,2.090,1.210,3,2,18.014,0,0,11,36,0,8,0
11-05 16:16:40,8.999,3.499,52.741,31.745,0,1646596,720472,177204,5383720,8843.569,539.913,0,12945.906,0,891.856,5809,10218,3.190,2.090,1.210,3,1,3.000,0,0,11,36,0,8,0
11-05 16:16:41,8.236,2.496,49.164,37.185,0,1646240,719716,177208,5384804,6179.230,485.154,0,12677.903,0,751.690,4899,8651,3.190,2.090,1.210,2,2,0,0,0,11,36,0,8,0
11-05 16:16:42,5.497,2.499,53.221,35.730,0,1646580,717700,177212,5386436,7225.003,539.701,0,10578.148,0,691.617,5083,9165,3.180,2.110,1.220,1,1,0,0,0,11,36,0,8,0
11-05 16:16:43,5.252,2.001,56.525,34.765,0,1645844,717196,177216,5387584,7153.178,486.216,0,7923.521,0,541.240,3983,7333,3.180,2.110,1.220,2,0,1.000,0,0,11,36,0,8,0
11-05 16:16:44,4.499,2.249,53.736,36.491,0,1645572,715936,177216,5389060,8238.928,539.864,0,14140.444,0,829.791,4698,9049,3.180,2.110,1.220,1,5,0,0,0,11,36,0,8,0
11-05 16:16:45,5.004,2.002,55.049,35.532,0,1644896,715180,177220,5390404,7028.294,486.436,0,8427.547,0,591.530,4141,7483,3.180,2.110,1.220,3,2,0,0,0,11,36,0,8,0
11-05 16:16:46,4.754,2.752,51.038,37.528,0,1644752,714172,177224,5391524,8058.029,540.404,0,13077.784,0,831.622,5644,10663,3.180,2.110,1.220,2,2,0,0,0,11,36,0,8,0
11-05 16:16:47,5.986,3.242,49.630,38.657,0,1644788,712660,177232,5392944,7040.994,484.829,0,13431.560,0,793.085,5444,10106,3.160,2.120,1.230,2,1,0,0,0,11,36,0,8,0
11-05 16:16:48,5.005,3.003,52.047,38.285,0,1644864,711148,177236,5394328,6208.623,486.441,0,9953.015,0,665.603,4709,8889,3.160,2.120,1.230,3,1,0,0,0,11,36,0,8,0
11-05 16:16:49,4.251,2.751,50.016,40.262,0,1644940,709384,177248,5395928,6020.866,486.151,0,11899.689,0,764.237,5039,9437,3.160,2.120,1.230,1,2,0,0,0,11,36,0,8,0
11-05 16:16:50,5.250,2.500,51.745,38.496,0,1645244,707648,177252,5397284,6472.393,539.949,0,9667.094,0,645.939,4176,7828,3.160,2.120,1.230,1,2,0,0,0,11,36,0,8,0
11-05 16:16:51,4.486,2.991,48.601,41.373,0,1645332,706640,177252,5398176,2503.304,484.510,0,11887.453,0,753.683,4523,8749,3.160,2.120,1.230,3,1,0,0,0,11,36,0,8,0
11-05 16:16:52,4.763,2.256,60.159,29.328,0,1645236,706136,177260,5398752,7700.373,487.289,0,11951.620,0,789.088,6508,12341,3.150,2.140,1.240,2,1,12.032,0,0,11,36,0,8,0
11-05 16:16:53,6.009,2.504,62.595,26.791,0,1646600,704372,177260,5399140,54200.361,486.740,0,7074.751,0,604.919,4855,8451,3.150,2.140,1.240,2,1,10.015,0,0,11,36,0,8,0
11-05 16:16:54,4.249,3.999,57.985,30.992,0,1646720,704120,177260,5399264,8725.790,539.863,0,14812.248,0,971.754,5123,9272,3.150,2.140,1.240,6,1,5.998,0,0,11,36,0,8,0
11-05 16:16:55,4.247,2.998,59.709,30.729,0,1647176,703112,177260,5399780,7980.468,485.663,0,7946.491,0,669.536,4506,7860,3.150,2.140,1.240,3,1,17.988,0,0,11,36,0,8,0
11-05 16:16:56,5.496,2.998,60.957,27.980,0,1647236,702860,177264,5399960,13621.399,485.658,0,10088.889,0,739.479,4997,8718,3.150,2.140,1.240,1,1,14.989,0,0,11,36,0,8,0
11-05 16:16:57,5.002,3.001,55.777,33.766,0,1647616,702356,177264,5400076,44671.632,486.235,0,12650.126,0,882.427,5147,9363,3.220,2.170,1.250,1,2,12.006,0,0,11,36,0,8,0
11-05 16:16:58,7.250,2.750,52.999,34.749,0,1649780,699332,177264,5400916,7021.841,485.989,0,12907.707,0,769.983,4476,7826,3.220,2.170,1.250,3,1,3.000,0,0,11,36,0,8,0
11-05 16:16:59,8.235,1.996,58.647,28.450,0,1649392,698828,177268,5401764,3465.894,485.145,0,8728.624,0,672.815,4673,8305,3.220,2.170,1.250,3,1,14.974,0,0,11,36,0,8,0
11-05 16:17:00,6.763,3.006,56.356,31.309,0,1650412,697568,177268,5401984,7673.496,541.022,0,13056.665,0,898.698,5473,10016,3.220,2.170,1.250,1,1,12.023,0,0,11,36,0,1,0
11-05 16:17:01,5.245,2.747,54.450,35.218,0,1651356,696308,177272,5402284,5460.988,485.554,3.996,8939.795,0.999,600.449,4665,8299,3.220,2.170,1.250,1,2,9.991,0,0,11,40,0,1,0
11-05 16:17:02,5.754,3.002,54.533,34.521,0.250,1650696,695552,177272,5403664,5798.559,486.298,0,10590.499,0,665.408,4502,7947,3.040,2.150,1.250,2,2,12.007,0,0,11,40,0,1,0
11-05 16:17:03,6.249,2.750,54.991,33.994,0,1649976,695552,177276,5404364,5520.087,485.920,0,11986.018,0,845.860,4894,8567,3.040,2.150,1.250,2,1,21.996,0,0,11,40,0,1,0
11-05 16:17:04,28.063,10.023,48.108,12.528,0.251,1341656,1003552,177276,5404680,5010.273,487.096,0,8695.566,0,606.364,6243,7753,3.040,2.150,1.250,1,1,242.546,0,0,11,32,0,1,0
11-05 16:17:05,21.462,4.492,69.376,3.993,0,1416640,928552,177276,5404696,6064.181,485.134,0,2479.576,0,157.719,2235,2006,3.040,2.150,1.250,3,0,16.970,0,0,11,32,0,1,0
11-05 16:17:06,23.293,3.006,67.876,5.510,0,1486412,858776,177276,5404700,6597.265,486.905,0,3390.303,0,211.393,2298,2295,3.040,2.150,1.250,2,0,2.004,0,0,11,36,0,1,0
11-05 16:17:07,22.201,3.991,72.589,0.249,0,1386660,958520,177276,5404708,8183.850,484.925,0,143.681,0,11.973,2323,1783,2.880,2.130,1.250,2,0,26.940,0,0,11,32,0,1,0
11-05 16:17:08,22.994,3.749,72.481,1.000,0,1459740,885440,177276,5404708,6111.420,539.860,0,103.973,0,14.996,1966,1759,2.880,2.130,1.250,2,0,1.000,0,0,11,32,0,1,0
11-05 16:17:09,20.793,6.764,68.891,2.756,0,1418856,926316,177276,5404716,6588.481,486.996,0,1006.059,0,94.193,3072,2782,2.880,2.130,1.250,3,0,130.267,0,0,11,32,0,1,0
11-05 16:17:10,12.764,33.787,49.555,1.502,0,1426184,918912,177276,5404788,8045.929,486.540,0,276.307,0,29.032,8336,8355,2.880,2.130,1.250,2,0,1160.288,0,0,11,32,0,1,0
11-05 16:17:11,7.987,21.966,69.142,0,0,1427916,917100,177276,5404864,6285.153,485.240,0,159.750,0,15.975,6294,5060,2.880,2.130,1.250,2,0,557.127,0,0,11,32,0,1,0
11-05 16:17:12,8.990,20.228,69.175,0,0,1404892,940092,177276,5404896,10464.716,723.220,0,19.978,0,4.995,5913,4539,2.730,2.110,1.250,2,0,393.576,0,0,11,32,0,1,0
11-05 16:17:13,13.998,17.998,67.741,0,0,1383880,960920,177276,5405392,6451.184,485.939,0,27.996,0,6.999,6299,6864,2.730,2.110,1.250,4,0,317.960,0,0,11,32,0,1,0
11-05 16:17:14,37.431,11.229,49.409,0,0,1483168,861548,177284,5405548,20912.424,539.006,0,0,0,0,5039,5068,2.730,2.110,1.250,3,0,181.665,0,0,11,33,0,1,0
11-05 16:17:15,43.951,6.742,46.947,2.247,0,1580652,763980,177284,5405632,7092.044,485.455,0,1174.682,0,158.822,2760,1448,2.730,2.110,1.250,4,0,0,0,0,11,33,0,1,0
11-05 16:17:16,42.585,5.010,47.595,5.010,0,1627628,716092,177332,5406488,9169.286,529.055,104.208,1206.406,1.002,106.212,3628,2954,2.730,2.110,1.250,3,0,18.036,0,0,11,49,0,1,0
11-05 16:17:17,33.828,10.524,49.865,4.510,0,1650688,689320,177368,5409764,5949.705,571.316,0,1335.075,0,111.256,7234,10070,2.670,2.110,1.250,1,0,184.425,0,0,11,48,0,1,0
11-05 16:17:18,17.979,15.482,65.923,0,0,1656696,683276,177368,5409780,10006.237,485.429,0,79.906,0,3.995,6549,7798,2.670,2.110,1.250,4,0,287.662,0,0,11,48,0,1,0
11-05 16:17:19,1.250,1.000,96.717,0.250,0,1659496,680444,177368,5409796,14349.137,485.835,0,375.873,0,31.989,1190,1733,2.670,2.110,1.250,1,0,21.993,0,0,11,48,0,1,0
11-05 16:17:20,0.249,0.748,94.493,2.992,0,1657384,682556,177368,5409796,11332.222,484.684,0,458.754,0,82.775,832,1000,2.670,2.110,1.250,0,0,2.992,0,0,11,48,0,1,0
11-05 16:17:21,0.752,0,98.456,0,0,1654340,685600,177368,5409796,22485.957,541.130,0,4.008,0,1.002,879,947,2.670,2.110,1.250,1,0,3.006,0,0,11,48,0,1,0
11-05 16:17:22,1.001,1.001,97.552,0,0,1652344,687596,177368,5409796,22805.248,576.310,0,840.451,0,6.003,992,1121,2.450,2.070,1.250,2,0,1.001,0,0,11,48,0,1,0
11-05 16:17:23,12.004,12.254,66.271,9.003,0,1684704,655228,177368,5410136,19190.018,486.152,0,6153.930,0,295.093,5162,6787,2.450,2.070,1.250,3,0,219.069,0,0,11,48,0,1,0
11-05 16:17:24,14.535,13.533,70.421,0,0,1673524,666316,177368,5409808,15891.513,487.181,0,76.185,0,5.012,5951,7446,2.450,2.070,1.250,1,0,338.821,0,0,12,48,0,1,0
11-05 16:17:25,19.953,19.953,58.863,0,0,1710584,628928,177368,5410456,19702.045,484.869,0,3.991,0,0.998,8100,18682,2.450,2.070,1.250,1,0,345.195,0,0,12,48,0,2,0
11-05 16:17:26,11.216,9.471,68.293,10.219,0,1699724,639748,177372,5410116,56882.654,484.532,0,558.308,0,44.864,4048,4205,2.450,2.070,1.250,1,0,194.411,0,0,12,64,0,2,0
11-05 16:17:27,12.063,12.566,74.641,0,0,1705112,634284,177372,5410508,20552.551,488.557,0,4.021,0,1.005,5046,5959,2.340,2.060,1.240,3,0,212.110,0,0,14,66,0,2,0
11-05 16:17:28,12.714,16.204,69.804,0,0,1701768,637604,177372,5410184,27041.978,538.486,0,183.484,0,18.947,6396,6201,2.340,2.060,1.240,2,1,354.005,0,0,14,66,0,2,0
11-05 16:17:29,8.768,19.539,59.871,10.521,0,1673388,665948,177372,5410220,9027.184,486.981,0,5442.964,0,367.741,6219,4815,2.340,2.060,1.240,2,0,418.844,0,0,14,66,0,2,0
11-05 16:17:30,21.513,15.759,60.286,1.501,0,1688008,651312,177372,5410244,6023.554,486.287,0,140.083,0,7.004,6573,7829,2.340,2.060,1.240,3,0,275.162,0,0,14,66,0,2,0
11-05 16:17:31,29.511,24.509,44.767,0,0,1777752,561504,177380,5410296,34901.876,486.179,0,416.154,0,10.004,7123,6126,2.340,2.060,1.240,2,0,702.259,0,0,14,66,0,2,0
11-05 16:17:32,30.996,23.747,44.744,0,0,1847564,490044,177432,5411772,36510.879,669.906,7.999,35.995,1.000,8.999,7912,9128,2.310,2.060,1.250,3,0,595.916,0,0,14,70,0,4,0
11-05 16:17:33,39.856,18.184,41.101,0,0,1952076,385332,177432,5412384,3500.352,484.250,0,31.885,0,7.971,6750,8623,2.310,2.060,1.250,5,0,262.053,0,0,14,70,0,4,0
11-05 16:17:34,68.776,25.352,6.024,0,0,2123760,213372,177432,5412992,6049.263,487.957,0,32.129,0,8.032,6180,7317,2.310,2.060,1.250,11,0,614.465,0,0,14,70,0,4,0
11-05 16:17:35,67.236,19.424,11.704,1.494,0,2191560,160752,174764,5400212,8843.301,537.889,7.969,832.733,1.992,21.914,5557,6771,2.310,2.060,1.250,6,0,351.620,0,0,14,70,0,4,0
11-05 16:17:36,69.026,22.509,2.501,5.002,0,2275000,189412,171812,5293708,5943.254,486.184,392.149,2829.073,69.026,105.040,7102,9103,2.310,2.060,1.250,8,0,403.153,0,0,14,74,0,4,0
11-05 16:17:37,64.414,21.721,4.993,8.239,0,2445916,174100,170160,5143148,6180.791,485.355,1058.594,4925.458,61.918,247.671,7937,8708,2.530,2.100,1.270,8,1,413.451,0,0,14,74,0,4,0
11-05 16:17:38,57.237,19.746,11.497,10.998,0,2572300,119456,169888,5073592,7734.303,485.893,7.998,8610.111,2.000,431.905,9285,13437,2.530,2.100,1.270,2,2,343.925,0,0,14,76,0,4,0
11-05 16:17:39,59.091,12.770,15.274,13.020,0,2674596,147788,169256,4946268,7833.121,486.753,548.849,13456.824,37.057,207.321,8064,10824,2.530,2.100,1.270,5,1,138.214,0,0,14,79,0,4,0
11-05 16:17:40,60.404,9.524,22.557,5.765,0,2752676,140268,169356,4877200,10612.991,487.239,60.153,4010.199,5.013,208.530,6852,8939,2.530,2.100,1.270,5,0,95.242,0,0,14,82,0,7,0
11-05 16:17:41,58.444,22.479,16.484,2.248,0,2843192,188040,169364,4742184,9929.507,539.484,23.977,1742.334,4.995,91.912,10008,15896,2.530,2.100,1.270,4,0,543.480,0,0,14,95,0,13,0
11-05 16:17:42,26.636,17.425,54.019,1.494,0,2875736,153840,169372,4743876,10618.558,483.929,15.932,1182.938,0.996,61.736,8859,13581,2.640,2.140,1.280,2,0,343.530,0,0,14,97,0,16,0
11-05 16:17:43,44.055,11.264,40.301,4.255,0,2991740,164168,169376,4620228,8507.671,576.723,997.251,4457.591,12.015,60.075,4396,3135,2.640,2.140,1.280,3,0,128.161,0,0,14,98,0,16,0
11-05 16:17:44,23.851,13.808,53.224,6.779,0,3039764,181332,169392,4556492,5381.686,488.057,0,5884.807,0,322.359,5749,6082,2.640,2.140,1.280,2,0,239.008,0,0,14,101,0,16,0
11-05 16:17:45,8.225,19.441,70.786,0.498,0,3048428,172528,169392,4556632,8654.811,484.534,7.976,83.747,1.994,10.967,5772,4493,2.640,2.140,1.280,2,0,366.890,0,0,14,101,0,16,0
11-05 16:17:46,10.760,17.516,61.057,10.260,0,3062456,158428,169392,4556704,10083.410,540.504,4.004,13280.394,1.001,719.672,6120,4456,2.640,2.140,1.280,2,0,385.360,0,0,14,101,0,16,0
11-05 16:17:47,18.544,3.007,77.434,0,0,3111456,177108,169392,4490660,13091.149,2877.848,0,56.134,0,1.002,1848,1446,2.510,2.120,1.280,3,0,0,0,0,14,102,0,16,0
11-05 16:17:48,18.955,5.237,74.322,0.499,0,3053580,234968,169392,4490692,26605.329,20721.410,7.981,315.246,1.995,22.945,3394,3228,2.510,2.120,1.280,2,0,62.850,0,0,14,103,0,17,0
11-05 16:17:49,20.479,3.247,75.424,0,0,3123112,165428,169392,4490700,10030.857,2449.523,3.996,47.952,0.999,3.996,1758,1225,2.510,2.120,1.280,2,0,0,0,0,14,104,0,17,0
11-05 16:17:50,17.971,3.245,77.124,0.499,0,3127552,160668,169404,4491012,38010.919,4985.857,3.993,662.917,0.998,52.914,2838,3195,2.510,2.120,1.280,3,0,1.997,0,0,14,110,0,17,0
11-05 16:17:51,22.607,4.270,62.294,9.294,0,3135508,152392,169404,4491332,6338.892,488.303,144.682,2905.702,9.043,345.630,5311,7557,2.510,2.120,1.280,3,0,4.019,0,0,14,115,0,17,0
11-05 16:17:52,35.652,9.225,51.109,2.742,0,3171020,182044,169404,4427696,5943.606,1678.371,35.901,1352.270,2.992,115.681,5837,7057,2.470,2.120,1.290,2,0,114.684,0,0,14,118,0,19,0
11-05 16:17:53,19.225,2.996,76.400,0.749,0,3212036,140980,169404,4427744,14285.262,6188.882,0,651.146,0,35.953,2180,1911,2.470,2.120,1.290,3,0,0.999,0,0,14,119,0,19,0
11-05 16:17:54,19.518,3.503,73.319,3.003,0,3219540,133448,169404,4427772,12082.421,3156.984,4.004,1921.817,1.001,89.084,3272,3987,2.470,2.120,1.290,2,1,1.001,0,0,14,121,0,19,0
11-05 16:17:55,37.527,10.758,47.034,4.753,0,3282796,134568,169412,4364960,10389.475,1681.210,12.009,2197.581,3.002,133.096,4992,5407,2.470,2.120,1.290,3,0,103.074,0,0,14,122,0,20,0
11-05 16:17:56,38.738,5.998,54.233,0.250,0,3351888,130320,169412,4302008,12761.026,6197.070,7.998,727.773,1.999,45.986,3086,2211,2.470,2.120,1.290,2,0,4.998,0,0,14,123,0,20,0
11-05 16:17:57,19.486,5.996,72.447,1.249,0,3321804,160372,169416,4302036,25931.947,17729.973,3.997,583.571,0.999,34.974,2649,1974,2.430,2.110,1.290,3,0,54.960,0,0,14,122,0,21,0
11-05 16:17:58,17.551,2.507,78.728,0.501,0,3352468,129700,169416,4302044,12900.352,22802.021,4.012,529.533,1.003,34.099,1957,1644,2.430,2.110,1.290,0,0,0,0,0,14,123,0,21,0
11-05 16:17:59,20.698,5.486,73.815,0,0,3332156,149996,169416,4302060,20855.600,1089.263,0,87.779,0,6.982,2377,1778,2.430,2.110,1.290,2,1,50.872,0,0,14,122,0,22,0
11-05 16:18:00,16.255,1.751,80.025,1.000,0,3350032,132104,169416,4302076,12942.052,6960.179,0,180.056,0,23.007,1886,1739,2.430,2.110,1.290,2,0,0,0,0,14,123,0,22,0
11-05 16:18:01,17.984,6.494,70.939,3.497,0,3319984,162096,169416,4302132,10274.126,1632.590,23.979,963.168,1.998,85.926,3529,3890,2.430,2.110,1.290,2,0,82.928,0,0,14,124,0,23,0
11-05 16:18:02,24.763,3.752,67.786,2.251,0,3362272,119564,169416,4302376,14895.994,6202.328,0,1056.567,0,88.047,4042,5703,2.320,2.090,1.290,2,0,7.004,0,0,14,127,0,23,0
11-05 16:18:03,19.984,5.745,70.193,3.497,0,3334968,146844,169416,4302400,24383.230,17350.932,0,1890.467,0,110.910,2743,2341,2.320,2.090,1.290,2,0,55.955,0,0,14,126,0,24,0
11-05 16:18:04,16.747,3.249,78.986,0.750,0,3360316,185044,169416,4240452,13032.745,6758.831,0,611.894,0,28.995,1832,1412,2.320,2.090,1.290,1,0,0,0,0,14,127,0,24,0
11-05 16:18:05,19.302,4.763,57.153,16.294,0,3363736,181320,169424,4240748,13273.621,866.325,40.108,6032.188,4.011,484.300,6603,10195,2.320,2.090,1.290,2,0,1.003,0,0,14,128,0,25,0
11-05 16:18:06,23.443,5.237,68.582,2.494,0,3321940,223092,169424,4240772,6459.169,1721.780,0,1013.516,0,77.809,4161,5180,2.320,2.090,1.290,3,0,53.868,0,0,14,129,0,26,0
11-05 16:18:07,18.234,2.748,77.933,0.500,0,3362472,182548,169424,4240784,69099.263,6776.142,0,883.236,0,34.970,1826,1417,2.210,2.080,1.290,1,0,0,0,0,14,130,0,26,0
11-05 16:18:08,19.258,3.752,71.781,3.502,0,3366416,178544,169428,4240840,14594.319,4265.847,0,2661.152,0,166.072,4824,6734,2.210,2.080,1.290,3,0,0,0,0,14,130,0,26,0
11-05 16:18:09,32.315,6.764,58.118,1.754,0,3346260,198600,169428,4240940,8991.184,1354.740,0,1330.691,0,134.272,8505,13437,2.210,2.080,1.290,2,0,34.069,0,0,14,131,0,27,0
11-05 16:18:10,22.482,4.746,71.192,0.500,0,3417004,127848,169428,4240948,7529.855,781.362,0,531.566,0,40.967,2473,2445,2.210,2.080,1.290,1,0,43.964,0,0,14,131,1,27,0
11-05 16:18:11,13.236,2.248,77.418,5.494,0.250,3414484,130332,169428,4240984,17879.024,8655.813,0,827.122,0,81.913,2896,3675,2.210,2.080,1.290,2,0,0,0,0,14,132,0,27,0
11-05 16:18:12,20.587,8.285,68.037,2.762,0,3353920,190868,169432,4241008,8438.615,1736.328,0,3952.682,0,380.606,4113,3779,2.110,2.060,1.280,2,0,148.627,0,0,14,133,0,28,0
11-05 16:18:13,17.992,2.499,78.714,0.500,0,3383776,160872,169436,4241144,16304.590,6918.856,0,583.735,0,34.984,1964,1747,2.110,2.060,1.280,2,0,1.000,0,0,14,134,0,28,0
11-05 16:18:14,20.509,4.252,67.779,5.502,0,3384244,160368,169440,4241176,12615.327,5582.357,0,2240.946,0,184.078,5144,7561,2.110,2.060,1.280,4,0,0,0,0,14,134,0,28,0
11-05 16:18:15,28.161,6.729,56.572,6.978,0,3387556,156892,169440,4241324,7605.087,538.307,31.900,5698.083,1.994,332.953,9645,15204,2.110,2.060,1.280,6,1,2.991,0,0,14,134,0,28,0
11-05 16:18:16,41.940,12.981,38.445,4.743,0,3341584,202592,169440,4241564,9548.331,2576.312,15.977,2017.112,0.999,166.761,13619,21899,2.110,2.060,1.280,3,0,285.591,0,0,14,133,0,29,0
11-05 16:18:17,19.288,2.505,77.905,0,0,3395732,148440,169440,4241568,11778.408,6371.663,0,901.792,0,74.147,1885,1535,2.030,2.040,1.280,1,0,0,0,0,14,134,0,29,0
11-05 16:18:18,16.532,10.020,71.641,0.501,0,3390788,153348,169440,4241604,5279.376,2117.161,4.008,513.008,1.002,29.057,4121,3616,2.030,2.040,1.280,2,0,239.471,0,0,14,133,0,30,0
11-05 16:18:19,9.254,20.008,69.529,0.250,0,3340340,203740,169440,4241644,7493.167,486.205,0,864.365,0,35.015,5965,4771,2.030,2.040,1.280,2,0,400.169,0,0,14,133,0,30,0
11-05 16:18:20,23.489,16.242,58.473,0.250,0,3365452,178612,169440,4241664,9312.691,539.750,0,431.800,0,24.988,7216,9477,2.030,2.040,1.280,2,0,310.856,0,0,14,133,0,30,0
11-05 16:18:21,31.228,22.234,42.720,3.498,0,3413772,130220,169440,4241736,9468.301,555.607,19.986,283.799,1.999,27.980,6473,5573,2.030,2.040,1.280,3,0,503.644,0,0,14,133,0,30,0
11-05 16:18:22,31.309,15.028,51.096,1.753,0,3467464,138276,169452,4181800,7144.401,486.913,100.188,516.970,8.015,30.056,7139,9328,2.020,2.040,1.290,4,0,270.507,0,0,16,139,0,31,0
11-05 16:18:23,56.669,26.712,15.977,0.250,0,3638824,124748,169460,4027296,4026.227,485.304,107.845,399.427,7.989,28.958,7673,13675,2.020,2.040,1.290,3,0,667.044,0,0,16,145,0,31,2
11-05 16:18:24,61.418,19.224,17.976,0.250,0,3766016,144604,169460,3881664,9897.789,485.352,47.936,1701.729,3.995,42.943,7558,13399,2.020,2.040,1.290,5,0,308.588,0,0,16,163,0,31,0
11-05 16:18:25,44.351,22.551,31.321,1.002,0,3831780,178128,169460,3784148,7176.307,541.230,204.465,709.612,13.030,43.098,8482,21803,2.020,2.040,1.290,2,0,645.467,0,0,16,163,0,32,0
11-05 16:18:26,23.850,21.117,52.918,0.994,0,3873412,136388,169464,3784704,12349.482,572.407,3.975,993.762,0.994,46.707,6954,7855,2.020,2.040,1.290,3,0,472.037,0,0,17,163,0,31,0
11-05 16:18:27,26.145,17.095,55.559,0.503,0,3901396,162652,169464,3731284,7343.837,488.718,4.022,257.432,1.006,15.084,6400,6644,1.940,2.020,1.280,2,0,364.024,0,0,17,163,0,31,0
11-05 16:18:28,33.702,20.172,43.296,0,0,3985412,119076,169468,3691816,20285.209,478.225,15.744,377.857,3.936,34.440,7040,7197,1.940,2.020,1.280,3,0,417.217,0,0,17,164,0,32,0
11-05 16:18:29,31.264,20.334,49.819,0.508,0,4016048,156660,169468,3625172,8023.964,565.297,0,276.548,0,15.251,6746,7543,1.940,2.020,1.280,4,0,491.076,0,0,17,169,0,32,0
11-05 16:18:30,38.237,25.741,33.988,0.750,0,4136464,140364,169476,3523596,7396.414,485.830,23.992,719.748,2.999,43.985,8499,14689,1.940,2.020,1.280,2,0,712.751,0,0,17,177,0,31,0
11-05 16:18:31,18.258,23.760,55.523,1.501,0,4191868,135796,169476,3473788,5262.193,540.225,20.008,720.300,5.002,45.019,9543,14752,1.940,2.020,1.280,3,0,504.210,0,0,17,181,0,31,0
11-05 16:18:32,26.637,13.443,58.003,0.498,0,4223036,132992,169476,3445636,9016.584,577.539,75.678,342.541,1.992,13.941,5408,5929,2.270,2.090,1.310,3,0,221.058,0,0,17,187,0,31,0
11-05 16:18:33,42.255,7.251,41.505,8.501,0,4355776,152672,169476,3296164,9325.108,486.058,860.102,5000.594,15.002,156.019,3424,2345,2.270,2.090,1.310,3,0,2.000,0,0,17,187,0,31,0
11-05 16:18:34,40.955,7.741,46.698,3.996,0,4447252,171904,169480,3188332,8009.159,485.464,151.832,687.241,11.987,56.937,3597,2891,2.270,2.090,1.310,2,0,18.979,0,0,17,210,0,29,0
11-05 16:18:35,27.353,19.825,50.942,1.757,0,4380592,237548,169488,3189324,9189.621,542.042,923.479,481.815,10.038,42.159,6113,6188,2.270,2.090,1.310,5,0,501.891,0,0,17,211,0,30,0
11-05 16:18:36,32.828,23.626,39.791,1.492,0,4435080,182756,169488,3189600,17408.741,6547.676,87.541,620.746,2.984,45.760,7551,8348,2.270,2.090,1.310,5,0,512.314,0,0,17,214,0,30,0
11-05 16:18:37,58.471,18.068,20.076,3.513,0,4498184,161264,169508,3149432,9582.248,3177.018,646.445,851.220,21.080,14.053,6729,8349,2.240,2.090,1.310,5,0,235.892,0,0,17,216,0,31,0
11-05 16:18:38,58.887,10.979,20.710,8.983,0,4598580,177640,169516,3036208,12981.981,6635.213,1560.992,1493.122,37.927,26.948,4595,3832,2.240,2.090,1.310,4,1,23.954,0,0,17,225,0,31,0
11-05 16:18:39,33.189,7.040,24.389,33.943,0,4574932,239720,169540,2998852,11219.938,5254.946,2341.342,12917.612,139.797,908.175,5671,5400,2.240,2.090,1.310,1,2,32.183,0,0,17,232,0,33,0
11-05 16:18:40,56.266,10.954,13.693,18.672,0,4683620,150644,169604,2979912,10760.155,724.979,4015.266,4923.480,338.589,128.465,6230,7174,2.240,2.090,1.310,3,0,28.880,0,0,17,232,1,37,0
11-05 16:18:41,26.108,22.092,43.682,6.778,0,4684200,156700,169608,2973480,17962.641,11083.054,132.551,9752.525,10.042,81.338,8042,9794,2.240,2.090,1.310,4,0,516.145,0,0,17,234,0,37,0
11-05 16:18:42,44.954,19.480,33.715,0,0,4690780,147916,169608,2975652,9439.302,683.298,3.996,499.487,0.999,24.974,5828,8996,2.140,2.070,1.310,7,0,323.667,0,0,17,233,0,26,0
11-05 16:18:43,48.008,25.004,26.004,0.500,0,4751264,133984,169612,2930784,20704.281,10340.639,16.003,1084.172,4.001,51.008,8160,8841,2.140,2.070,1.310,4,0,597.095,0,0,17,236,0,26,0
11-05 16:18:44,61.940,19.481,16.234,1.748,0,4770620,141256,169632,2904500,9242.109,1526.531,1174.870,839.193,56.945,43.958,8593,14326,2.140,2.070,1.310,7,0,307.704,0,0,17,238,0,29,0
11-05 16:18:45,52.683,26.838,18.141,1.491,0,4870032,157332,169636,2791448,14747.157,8304.967,143.138,719.664,2.982,48.707,7416,9933,2.140,2.070,1.310,2,0,583.485,0,0,17,244,0,29,0
11-05 16:18:46,55.449,17.814,22.330,4.014,0,4904808,120204,169652,2793288,22497.910,3594.929,598.151,3364.098,35.126,202.729,8369,13100,2.140,2.070,1.310,6,0,273.985,0,0,17,251,0,31,0
11-05 16:18:47,66.024,12.552,20.083,0.753,0,5059696,125760,169656,2636976,12337.145,8289.365,903.747,461.915,13.054,21.087,8727,18565,2.370,2.120,1.330,3,0,5.021,0,0,17,253,0,31,0
11-05 16:18:48,51.558,8.180,33.959,5.453,0,5076352,134272,169656,2612496,19898.241,11488.411,1296.871,2792.040,91.217,282.575,5939,8021,2.370,2.120,1.330,3,0,20.821,0,0,17,258,0,38,0
11-05 16:18:49,52.626,14.101,31.727,1.259,0,5056040,203008,169656,2565200,13362.447,7304.173,1265.036,668.777,18.129,56.403,5644,5348,2.370,2.120,1.330,6,0,214.532,0,0,17,262,0,39,0
11-05 16:18:50,39.710,27.472,27.722,4.246,0,5046292,208856,169924,2568748,15527.190,5621.276,3872.057,1753.215,60.938,77.921,8231,9507,2.370,2.120,1.330,4,0,585.404,0,0,17,261,0,39,0
11-05 16:18:51,57.704,17.986,21.982,1.249,0,5127744,127296,169928,2569188,17663.901,8278.392,1071.145,1059.155,12.990,45.963,5975,8554,2.370,2.120,1.330,5,0,264.789,0,0,18,262,0,39,0
11-05 16:18:52,74.001,14.500,7.250,3.750,0,5169552,149444,169928,2507656,18577.177,3579.034,1368.013,620.006,43.000,45.000,5557,4058,2.420,2.130,1.340,5,0,81.001,0,0,18,264,0,40,0
11-05 16:18:53,74.481,10.783,5.266,9.530,0,5306116,145692,169944,2379664,14939.335,6218.286,2744.512,1348.181,130.404,78.243,6099,5329,2.420,2.130,1.340,3,1,11.034,0,0,18,269,0,40,0
11-05 16:18:54,56.962,14.990,23.235,3.997,0,5290088,159812,169968,2381564,10849.770,6218.856,1427.049,1886.743,43.971,151.899,7340,12048,2.420,2.130,1.340,3,0,232.845,0,0,18,274,0,40,0
11-05 16:18:55,38.250,8.445,51.662,0.745,0,5322048,151316,169976,2358844,20893.305,8210.284,802.748,1752.534,9.935,42.721,3839,3021,2.420,2.130,1.340,4,0,15.896,0,0,18,278,0,40,0
11-05 16:18:56,35.960,8.298,52.305,2.515,0,5279296,182124,169976,2370772,12547679.462,126503.723,563.285,2776.190,7.041,88.516,9332,6636,2.420,2.130,1.340,3,0,13.076,0,0,18,281,0,41,0
11-05 16:18:57,52.177,15.728,29.709,1.748,0,5364272,149528,169976,2320248,4093556.882,41259.648,3051.758,475.339,32.954,27.961,6812,4677,2.550,2.160,1.360,4,0,264.632,0,0,18,281,0,41,0
11-05 16:18:58,34.582,4.511,58.389,1.253,0.251,5327840,185928,169976,2320280,26554.301,15306.488,256.612,1146.734,2.005,80.191,3830,3711,2.550,2.160,1.360,2,0,8.019,0,0,18,285,0,40,0
11-05 16:18:59,35.450,5.243,52.925,5.492,0,5392960,148956,169976,2292916,27270.214,637782.894,479.318,2061.069,25.963,256.635,4869,6692,2.550,2.160,1.360,1,1,2.996,0,0,18,291,0,43,0
11-05 16:19:00,13.689,2.489,76.658,4.978,0,5386436,155468,169976,2292928,412975.208,15704873.218,0,4320.730,0,550.545,4392,2878,2.550,2.160,1.360,2,0,0,0,0,18,290,0,44,0
11-05 16:19:01,25.011,5.252,64.529,3.502,0,5354284,171452,169984,2309084,16525902.332,117908.479,144.064,860.383,7.003,68.030,11514,11556,2.550,2.160,1.360,2,0,38.017,0,0,18,295,0,46,0
11-05 16:19:02,10.035,13.045,55.443,20.572,0,5304232,221336,169984,2309220,7082.657,2157.511,44.154,25328.176,3.010,77.269,4346,3710,2.830,2.230,1.380,2,0,286.999,0,0,18,292,0,48,0
11-05 16:19:03,20.156,6.967,70.918,0.498,0,5372996,152556,169984,2309236,9310.444,483.737,0,418.044,0,25.879,3303,3121,2.830,2.230,1.380,2,0,179.162,0,0,18,292,0,46,0
11-05 16:19:04,13.554,14.809,66.765,4.518,0,5359944,165576,169984,2309268,10329.008,487.937,0,6365.271,0,190.757,5030,4053,2.830,2.230,1.380,2,0,263.044,0,0,18,292,0,46,0
11-05 16:19:05,7.990,19.226,57.927,13.733,0,5324696,200776,169984,2309316,4979.710,485.387,0,9120.480,0,381.518,6279,5070,2.830,2.230,1.380,2,2,406.487,0,0,18,292,0,46,0
11-05 16:19:06,2.496,1.747,86.604,7.987,0,5309936,215532,169984,2309320,11547.507,539.090,0,2911.086,0,317.464,1767,2127,2.830,2.230,1.380,2,0,9.983,0,0,18,294,0,46,0
11-05 16:19:07,22.304,3.508,74.430,0,0,5336384,189076,169984,2309328,7115.234,2083.045,0,1591.856,0,2.005,1893,1472,2.680,2.210,1.380,2,0,0,0,0,18,295,0,43,0
11-05 16:19:08,15.523,6.009,76.363,0.501,0,5318408,206948,169984,2309416,15964.727,7839.651,64.095,120.179,4.006,12.018,3371,3047,2.680,2.210,1.380,1,0,90.134,0,0,18,302,0,44,0
11-05 16:19:09,11.518,16.526,70.862,0.501,0,5320984,204144,169988,2309608,6003.520,486.772,12.019,11882.843,3.005,16.025,5317,4050,2.680,2.210,1.380,1,0,218.346,0,0,18,302,0,44,0
11-05 16:19:10,11.998,16.497,68.239,1.750,0,5311904,212848,169988,2309952,3308.485,485.924,0,339.947,0,31.995,5518,4548,2.680,2.210,1.380,1,0,225.965,0,0,18,302,0,44,0
11-05 16:19:11,21.381,6.215,68.618,2.983,0,5321004,203628,169988,2310056,78110.068,483.309,83.535,688.168,5.967,59.668,3216,3021,2.680,2.210,1.380,3,0,70.607,0,0,18,304,0,43,0
11-05 16:19:12,22.782,2.754,73.102,1.001,0,5384368,139988,169988,2310332,8070.219,486.677,292.407,44.061,6.008,6.008,2026,1579,2.550,2.190,1.380,3,0,3.004,0,0,18,306,0,43,0
11-05 16:19:13,22.255,3.001,71.516,1.500,0,5347436,176780,169988,2310472,7416.638,556.123,96.021,616.136,6.001,54.012,2591,2533,2.550,2.190,1.380,2,0,8.002,0,0,18,306,0,43,0
11-05 16:19:14,23.713,2.995,69.142,3.245,0,5363512,160680,169988,2310496,6866.287,539.159,23.963,1913.015,3.994,100.843,2210,2002,2.550,2.190,1.380,2,0,0,0,0,18,306,0,43,0
11-05 16:19:15,13.520,3.756,81.122,0.250,0,5388956,135228,169988,2310504,15844.804,9432.170,0,965.450,0,53.080,2319,2267,2.550,2.190,1.380,2,0,3.005,0,0,18,309,0,43,0
11-05 16:19:16,19.239,3.498,74.957,1.499,0,5326896,197144,169988,2310648,21340.623,10452.938,0,559.675,0,24.986,2869,2596,2.550,2.190,1.380,3,0,15.991,0,0,18,306,0,44,0
11-05 16:19:17,23.279,3.254,73.090,0,0,5355372,168668,169988,2310648,4865.999,486.600,0,156.193,0,8.010,1815,1254,2.420,2.170,1.370,2,0,0,0,0,18,306,0,44,0
11-05 16:19:18,15.807,10.036,72.008,1.004,0,5288012,235860,169996,2310808,3428.269,487.746,393.408,449.609,5.018,25.090,3883,3223,2.420,2.170,1.370,1,0,195.700,0,0,18,306,0,44,0
11-05 16:19:19,11.694,17.416,69.665,0.249,0,5305092,218648,169996,2310944,9314.233,483.675,23.885,0,2.986,0,5617,4511,2.420,2.170,1.370,3,0,386.144,0,0,18,306,0,42,0
11-05 16:19:20,20.725,3.246,74.160,0.749,0,5353368,170316,170028,2310968,12479.926,1875.734,15.981,183.778,1.998,6.992,2210,1702,2.420,2.170,1.370,0,0,32.960,0,0,18,307,0,42,0
11-05 16:19:21,19.778,2.253,72.103,5.508,0,5355764,161552,170516,2316728,12928.533,1500.150,176.253,1293.855,9.013,48.069,2163,2136,2.420,2.170,1.370,2,0,2.003,0,0,18,306,0,42,0
11-05 16:19:22,17.725,2.746,77.641,0.499,0,5368900,147188,170536,2317916,15285.604,3422.210,0,459.357,0,11.983,2024,1710,2.310,2.150,1.370,3,0,16.976,0,0,18,307,0,42,0
11-05 16:19:23,20.995,5.249,69.733,2.499,0,5365320,145720,171072,2322268,10084.491,659.836,0,783.805,0,15.996,10528,19038,2.310,2.150,1.370,2,0,14.996,0,0,18,306,0,41,0
11-05 16:19:24,20.023,3.754,74.837,0.250,0,5365148,145496,171112,2322620,13997.334,3431.004,0,468.547,0,7.008,9807,17774,2.310,2.150,1.370,2,0,6.007,0,0,18,307,0,41,0
11-05 16:19:25,22.291,5.761,69.628,1.503,0,5364512,144500,171236,2325252,4175.701,540.998,8.015,741.367,2.004,22.041,2753,5066,2.310,2.150,1.370,4,1,49.091,0,0,18,307,0,41,0
11-05 16:19:26,17.485,14.238,63.445,3.497,0,5347404,172960,171252,2312808,12178.449,701.392,0,1402.785,0,77.932,5494,12031,2.310,2.150,1.370,2,0,269.766,0,0,18,306,0,42,0
11-05 16:19:27,21.454,1.746,76.085,0,0,5387240,132804,171252,2313128,11007.191,2446.708,0,15.965,0,1.996,1829,1316,2.200,2.130,1.370,1,0,0,0,0,18,307,0,41,0
11-05 16:19:28,16.765,6.756,75.068,0.500,0,5355024,164988,171252,2313160,12843.637,8794.969,20.018,0,2.002,0,3295,2730,2.200,2.130,1.370,2,0,116.105,0,0,18,306,0,45,0
11-05 16:19:29,21.769,3.753,74.065,0,0,5387888,162484,171252,2283732,10240.009,2454.159,0,0,0,0,2074,1647,2.200,2.130,1.370,1,0,1.001,0,0,18,307,0,45,0
11-05 16:19:30,17.753,5.501,75.264,0.250,0,5344228,206136,171252,2283740,15446.957,7145.368,0,108.021,0,4.001,2672,2358,2.200,2.130,1.370,2,0,70.013,0,0,18,306,0,46,0
11-05 16:19:31,19.714,3.244,70.870,5.240,0,5363192,187136,171252,2283776,14625.235,2726.011,31.942,3150.235,1.996,472.136,2614,2121,2.200,2.130,1.370,1,0,0,0,0,18,307,0,45,0
11-05 16:19:32,18.276,5.257,74.604,0.751,0,5339180,211108,171252,2283816,23443.778,11497.075,16.022,304.426,1.001,19.027,2792,2340,2.110,2.110,1.370,2,0,58.081,0,0,18,306,0,46,0
11-05 16:19:33,19.514,2.252,77.054,0,0,5353492,196792,171252,2283820,10201.199,2873.028,0,56.040,0,4.003,1927,1619,2.110,2.110,1.370,2,0,1.001,0,0,18,307,0,46,0
11-05 16:19:34,20.205,5.488,70.344,3.243,0,5334444,215812,171256,2283844,17939.247,8303.599,0,1448.790,0,104.768,2938,2433,2.110,2.110,1.370,2,0,32.927,0,0,18,308,0,49,0
11-05 16:19:35,21.535,3.255,73.369,1.502,0,5349808,200424,171256,2283868,16457.630,6209.047,0,116.188,0,7.011,2420,2170,2.110,2.110,1.370,2,0,3.005,0,0,18,309,0,48,0
11-05 16:19:36,16.226,4.993,74.640,2.996,0,5267180,282976,171256,2283944,12441.659,5727.556,47.929,734.917,2.996,70.895,3391,4019,2.110,2.110,1.370,2,0,48.928,0,0,18,308,0,49,0
11-05 16:19:37,19.738,3.248,74.455,1.249,0,5330020,220128,171256,2283952,11796.906,2504.494,0,267.839,0,21.987,2075,1863,2.020,2.090,1.360,1,0,0,0,0,18,309,0,49,0
11-05 16:19:38,19.790,4.008,74.900,0.251,0,5320320,229508,171256,2284272,17601.214,8758.523,48.096,184.369,2.004,9.018,2676,2319,2.020,2.090,1.360,2,0,32.064,0,0,18,308,0,52,0
11-05 16:19:39,19.309,3.260,76.985,0.752,0,5329900,219920,171256,2284280,15217.500,6218.000,0,216.662,0,13.040,2088,1779,2.020,2.090,1.360,2,0,0,0,0,18,309,0,49,0
11-05 16:19:40,15.024,4.257,77.873,1.252,0,5272060,277736,171256,2284304,11439.073,5680.976,0,500.791,0,52.082,3102,3382,2.020,2.090,1.360,2,0,70.111,0,0,18,308,0,50,0
11-05 16:19:41,4.967,5.961,81.711,5.712,0,5288076,260496,171796,2284988,13118.545,2928.699,1116.641,520.569,249.357,43.712,3168,3802,2.020,2.090,1.360,1,0,110.273,0,0,18,312,0,50,0
11-05 16:19:42,4.012,7.273,87.521,0.251,0,5292012,256512,171796,2285036,22622.127,2713.411,0,329.020,0,24.075,2802,2526,1.850,2.060,1.360,1,0,125.389,0,0,18,311,0,51,0
11-05 16:19:43,4.247,4.996,90.432,0,0,5304312,244200,171796,2285048,34334.024,3324.485,0,0,0,0,2136,2080,1.850,2.060,1.360,2,0,74.943,0,0,18,310,0,49,0
11-05 16:19:44,13.052,8.283,70.783,6.275,0,5322628,224904,171796,2286028,16356.417,487.952,919.678,626.506,84.337,29.116,3441,2947,1.850,2.060,1.360,1,1,137.550,0,0,18,310,0,47,0
11-05 16:19:45,8.211,2.737,72.162,16.174,0,5341452,192144,171796,2299956,42386.264,483.732,6923.538,525.536,495.676,17.916,2097,2539,1.850,2.060,1.360,2,0,2.986,0,0,18,310,0,47,0
11-05 16:19:46,20.250,2.500,72.751,3.000,0,5340164,189384,171796,2303924,22912.441,1758.034,4.000,1124.022,1.000,28.001,2540,2353,1.850,2.060,1.360,1,0,16.000,0,0,18,311,0,47,0
11-05 16:19:47,16.328,2.010,76.617,4.773,0,5353552,172492,171796,2307396,26266.723,3883.588,4.019,2600.447,1.005,363.741,2013,1566,1.710,2.020,1.350,1,0,3.014,0,0,18,310,0,47,0
11-05 16:19:48,10.425,11.914,70.245,5.213,0,5324108,199096,171832,2310184,12924.106,482.532,988.892,3256.593,20.850,108.222,5325,5213,1.710,2.020,1.350,2,0,297.859,0,0,18,310,0,42,0
11-05 16:19:49,18.550,3.259,77.209,0.501,0,5388852,134344,171832,2310192,11035.945,2812.632,0,112.305,0,5.014,1791,1462,1.710,2.020,1.350,2,0,0,0,0,18,311,0,42,0
11-05 16:19:50,20.814,4.765,71.469,2.006,0,5383300,139788,171832,2310300,33059.455,20834.939,80.246,537.650,5.015,45.139,2906,2779,1.710,2.020,1.350,2,0,47.145,0,0,18,310,0,44,0
11-05 16:19:51,18.907,3.732,76.126,0.498,0,5330732,223108,171832,2280368,14392.318,6168.705,15.922,151.257,0.995,20.897,2261,2067,1.710,2.020,1.350,2,0,0,0,0,18,313,0,44,0
11-05 16:19:52,20.285,3.506,74.379,1.002,0,5282504,271216,171832,2280488,12182.122,3633.300,112.195,384.667,6.010,21.036,2452,2053,1.890,2.050,1.360,3,0,14.024,0,0,18,312,0,37,0
11-05 16:19:53,18.993,2.749,77.471,0,0,5315776,237940,171832,2280492,14975.306,6196.644,0,0,0,0,1989,1708,1.890,2.050,1.360,4,0,1.000,0,0,18,313,0,37,0
11-05 16:19:54,13.212,2.991,69.799,12.464,0,5315756,236060,171836,2282388,13771.362,1438.859,1818.765,2125.881,71.793,186.463,4115,6106,1.890,2.050,1.360,1,1,1.994,0,0,18,315,0,37,0
11-05 16:19:55,22.090,4.770,65.769,5.523,0,5304940,246632,171836,2282652,10016.969,1733.088,240.986,2096.575,14.057,156.641,4329,5893,1.890,2.050,1.360,1,0,11.045,0,0,18,314,0,38,0
11-05 16:19:56,20.491,2.749,75.467,1.000,0,5314708,236852,171836,2282664,14438.610,6196.258,0,575.745,0,53.976,2425,2524,1.890,2.050,1.360,2,0,0,0,0,18,315,0,35,0
11-05 16:19:57,17.000,4.250,69.749,7.250,0,5316468,234836,171836,2282920,17512.824,5531.944,79.999,2031.980,3.000,182.998,4901,7107,1.740,2.020,1.360,2,1,0,0,0,18,314,0,35,1
11-05 16:19:58,11.047,19.834,67.536,0.753,0,5292092,259172,171836,2282960,7253.766,554.351,0,546.317,0,37.158,6465,6017,1.740,2.020,1.360,1,0,618.624,0,0,18,314,0,36,0
11-05 16:19:59,8.229,22.942,67.330,0.249,0,5301720,249508,171840,2282992,4512.601,538.639,0,506.720,0,45.884,7199,6763,1.740,2.020,1.360,3,0,726.166,0,0,18,314,0,36,0
11-05 16:20:00,8.228,21.940,66.320,1.745,0,5296016,255148,171840,2283036,7604.308,484.681,0,4013.080,0,138.623,7200,6753,1.740,2.020,1.360,2,0,687.130,0,0,18,314,0,31,0
11-05 16:20:01,8.795,22.867,67.848,0,0,5283976,267156,171840,2283068,8549.876,488.507,0,341.754,0,28.144,7224,6754,1.740,2.020,1.360,1,0,701.600,0,0,18,314,0,31,0
11-05 16:20:02,7.756,22.767,68.051,0.250,0,5276740,274360,171840,2283100,9491.059,486.362,0,124.092,0,16.012,7155,6606,1.840,2.040,1.370,1,0,718.534,0,0,18,314,0,31,0
11-05 16:20:03,12.676,14.167,69.841,1.988,0,5261796,388736,171856,2194000,9436.688,483.168,15.907,1948.579,3.977,330.065,5314,4738,1.840,2.040,1.370,2,0,385.739,0,0,18,314,0,31,0
11-05 16:20:04,21.529,3.004,71.095,3.755,0,5295584,344676,172116,2204004,3978.339,540.726,0,2347.150,0,7.009,2092,1745,1.840,2.040,1.370,2,0,3.004,0,0,18,314,0,26,0
11-05 16:20:05,14.730,1.748,78.645,3.246,0,5305988,332872,172208,2205308,17531.497,5755.284,131.823,790.940,16.977,11.984,1805,1576,1.840,2.040,1.370,1,0,15.979,0,0,18,315,0,26,0
11-05 16:20:06,10.998,1.500,77.486,8.998,0,5318968,319012,172288,2206144,20845.108,8460.420,687.872,5279.014,37.993,234.956,2039,2190,1.840,2.040,1.370,2,0,0,0,0,18,315,0,26,0
11-05 16:20:07,11.253,1.750,79.021,7.252,0,5317664,319012,172412,2207324,22623.967,12159.207,676.178,1852.489,47.012,98.026,2031,2375,1.690,2,1.360,2,0,0,0,0,18,315,0,26,0
11-05 16:20:08,14.247,1.000,77.235,5.249,0,5334284,301372,172500,2208256,19309.373,9110.289,835.843,1047.803,40.992,38.993,1795,1686,1.690,2,1.360,1,0,0,0,0,18,315,0,26,0
11-05 16:20:09,14.270,1.001,79.611,5.007,0,5340832,293560,172588,2209432,24526.342,9119.769,917.284,1073.503,36.050,40.056,1741,1628,1.690,2,1.360,1,0,0,0,0,18,315,0,26,0
11-05 16:20:10,10.510,2.002,76.826,8.759,0,5353292,253240,172664,2237212,20262.127,6818.773,11823.745,1033.026,134.133,43.043,1905,2002,1.690,2,1.360,2,0,0,0,0,18,315,0,26,0
11-05 16:20:11,20.541,2.505,72.145,4.008,0,5347364,247456,172772,2248816,9506.146,486.981,0,1943.915,0,93.188,2533,2505,1.690,2,1.360,3,0,1.002,0,0,18,315,0,26,0
11-05 16:20:12,20.674,2.491,73.232,3.238,0,5351992,227560,172772,2263828,2894.421,553.975,0,1315.193,0,29.891,2094,1880,1.720,2,1.360,2,0,0,0,0,18,315,0,25,0
11-05 16:20:13,22.018,2.252,72.559,2.502,0,5373688,186748,172772,2282708,7799.323,486.394,0,1977.603,0,76.062,2380,2179,1.720,2,1.360,2,0,1.001,0,0,18,315,0,25,0
11-05 16:20:14,17.753,2.751,72.513,6.001,0,5362404,186508,172780,2293988,11263.081,486.090,0,2232.413,0,90.017,2351,2242,1.720,2,1.360,2,0,0,0,0,18,315,0,25,0
11-05 16:20:15,19.494,1.749,72.727,4.749,0,5363164,161852,172780,2317556,8751.255,485.848,0,1879.411,0,60.981,2223,2077,1.720,2,1.360,2,0,0,0,0,18,315,0,25,0
11-05 16:20:16,12.743,2.998,64.463,18.739,0,5380608,156308,172792,2305532,8420.110,713.586,0,13192.338,0,156.909,2435,2662,1.720,2,1.360,3,0,0,0,0,18,314,0,23,0
11-05 16:20:17,21.008,3.501,71.028,2.751,0,5384932,151916,172792,2305560,8115.253,979.393,32.013,752.302,1.000,19.008,2473,2156,1.660,1.980,1.360,3,0,35.014,0,0,18,315,0,23,0
11-05 16:20:18,18.748,2.250,76.990,2.000,0,5383348,147672,172868,2311288,11798.512,2338.705,0,1215.847,0,15.998,1830,1617,1.660,1.980,1.360,2,0,2.000,0,0,18,314,0,23,0
11-05 16:20:19,17.969,2.745,76.368,1.747,0,5391044,134316,173348,2316324,10463.907,3586.798,0,2232.140,0,200.653,2200,1793,1.660,1.980,1.360,2,0,17.969,0,0,18,314,0,23,0
11-05 16:20:20,21.798,5.011,68.652,2.756,0,5375096,149720,173384,2316832,30885.374,487.078,0,1334.955,0,11.024,9773,18565,1.660,1.980,1.360,3,0,13.029,0,0,18,314,0,23,0
11-05 16:20:21,22.241,6.497,68.971,0.750,0,5369892,154668,173452,2317004,9665.959,485.797,0,4242.226,0,18.992,10449,18520,1.660,1.980,1.360,2,0,19.992,0,0,18,314,0,23,0
11-05 16:20:22,20.752,4.501,73.258,0.500,0,5308192,227716,173460,2305680,6417.739,540.062,0,380.044,0,13.001,2868,2594,1.610,1.970,1.360,2,0,51.006,0,0,18,314,0,23,0
11-05 16:20:23,24.823,4.513,69.455,0,0,5354520,181368,173460,2305700,12029.481,487.438,0,0,0,0,10354,18222,1.610,1.970,1.360,1,0,25.074,0,0,18,314,0,23,0
11-05 16:20:24,18.001,2.500,76.755,1.250,0,5352144,178044,173460,2311400,16741.022,2766.169,0,1516.093,0,12.001,2148,1838,1.610,1.970,1.360,2,0,18.001,0,0,18,314,0,23,0
11-05 16:20:25,18.910,2.986,76.385,0.995,0,5356920,169964,173460,2314704,15021.202,3337.050,0,632.975,0,20.900,2211,2038,1.610,1.970,1.360,2,0,17.914,0,0,18,315,0,23,0
11-05 16:20:26,43.676,11.730,40.930,1.997,0,5386028,138520,173464,2317020,12508.726,658.879,559.049,1729.059,10.981,64.890,12918,35154,1.610,1.970,1.360,3,0,59.898,0,0,18,314,0,24,0
11-05 16:20:27,31.571,10.022,56.376,1.002,0,5342872,202036,173464,2297908,3997.938,487.089,545.219,733.640,5.011,26.058,12244,20860,1.640,1.970,1.360,2,0,23.052,0,0,18,314,0,24,0
11-05 16:20:28,22.527,4.505,71.334,1.251,0,5333160,223316,173464,2286372,17818.975,540.636,0,1065.254,0,33.039,2634,2338,1.640,1.970,1.360,4,0,22.026,0,0,18,314,0,24,0
11-05 16:20:29,21.039,5.009,71.381,1.002,0,5341500,207664,173464,2293684,8281.240,486.896,0,212.391,0,11.020,3086,2784,1.640,1.970,1.360,2,0,97.179,0,0,18,314,0,19,0
11-05 16:20:30,19.208,1.996,74.090,3.991,0,5341112,204472,173464,2297264,12362.260,2723.110,0,2267.096,0,236.488,2166,1762,1.640,1.970,1.360,3,0,15.965,0,0,18,314,0,19,0
11-05 16:20:31,15.006,1.251,80.783,1.751,0,5348552,196708,173464,2297588,23075.318,8183.304,0,884.357,0,32.013,1763,1604,1.640,1.970,1.360,2,0,0,0,0,18,315,0,19,0
11-05 16:20:32,8.979,0.998,85.553,3.741,0,5344832,200052,173464,2297964,26534.033,12593.065,0,1344.910,0,49.885,1528,1635,1.590,1.950,1.360,1,0,1.995,0,0,18,315,0,19,0
11-05 16:20:33,4.760,1.253,91.185,2.756,0,5341832,202956,173464,2298060,69010.338,5873.945,0,605.231,0,26.053,1387,1611,1.590,1.950,1.360,1,0,1.002,0,0,18,316,0,17,0
11-05 16:20:34,9.032,0.753,87.307,1.505,0,5343084,201456,173464,2298304,113549.038,11479.341,0,1184.161,0,45.159,1708,1680,1.590,1.950,1.360,2,0,0,0,0,18,316,0,17,0
11-05 16:20:35,16.624,1.241,75.676,5.210,0,5355508,188796,173464,2298540,20950.949,11102.713,0,1599.855,0,73.442,2037,2131,1.590,1.950,1.360,5,0,0,0,0,18,316,0,17,0
11-05 16:20:36,11.837,1.511,84.367,1.511,0,5360868,182916,173464,2299060,304067.407,12593.125,0,1079.900,0,50.368,2175,2207,1.590,1.950,1.360,2,0,0,0,0,18,316,0,17,0
11-05 16:20:37,5.722,2.488,68.171,21.894,0,5361416,182300,173464,2299128,39904.152,6760.329,31.846,9912.097,0.995,127.384,2239,2960,1.700,1.970,1.370,1,1,2.986,0,0,18,316,0,13,0
11-05 16:20:38,7.022,2.006,67.716,22.572,0,5359968,183712,173468,2299304,56352.612,10187.470,28.090,11781.551,4.013,495.580,2457,2851,1.700,1.970,1.370,2,0,2.006,0,0,18,316,0,15,0
11-05 16:20:39,9.973,1.745,76.790,10.222,0,5358532,184608,173648,2299664,66119.583,13295.721,103.717,4168.625,5.984,214.415,2409,2970,1.700,1.970,1.370,1,1,0.997,0,0,18,316,0,15,0
11-05 16:20:40,8.240,1.498,86.894,1.498,0,5347956,184384,173704,2310376,1255386.518,33495.138,0,715.128,0,32.960,2971,2615,1.700,1.970,1.370,1,0,0.999,0,0,18,316,0,15,0
11-05 16:20:41,4.493,2.247,82.375,8.237,0,5350280,172608,173752,2319764,4443810.955,46705.918,0,5843.107,0,61.906,3871,3318,1.700,1.970,1.370,2,1,1.997,0,0,18,316,0,11,0
11-05 16:20:42,6.268,2.507,86.748,2.507,0,5346724,157488,173776,2338368,10081481.953,79845.500,0,918.629,0,16.046,4764,3066,1.560,1.940,1.360,1,0,1.003,0,0,18,316,0,11,0
11-05 16:20:43,4.256,2.504,73.356,18.777,0,5348252,145656,173836,2348552,1869482.501,17498.192,164.236,20914.110,4.006,114.164,2145,2347,1.560,1.940,1.360,1,0,2.003,0,0,18,316,0,11,0
11-05 16:20:44,2.248,1.998,70.429,24.475,0.250,5347528,145656,173888,2349200,325591.557,3789.201,0,18221.731,0,145.854,1637,1969,1.560,1.940,1.360,1,1,0,0,0,18,316,0,11,0
11-05 16:20:45,8.758,2.252,69.316,18.518,0,5347512,143892,173916,2350944,192601.763,2595.463,0,22889.720,0,189.180,1911,2027,1.560,1.940,1.360,2,0,1.001,0,0,18,316,0,9,0
11-05 16:20:46,5.240,2.995,53.153,36.933,0,5347680,141932,174004,2352612,10002.838,539.021,0,27286.455,0,332.396,2225,2576,1.560,1.940,1.360,2,1,0.998,0,0,18,316,0,9,0
11-05 16:20:47,12.548,3.513,64.746,18.570,0,5348296,132608,176636,2358524,9525.141,542.057,0,16695.346,0,194.739,2428,2638,1.600,1.940,1.360,1,1,0,0,0,18,316,0,9,0
11-05 16:20:48,20.645,2.239,69.147,6.218,0,5348504,135856,177300,2354716,9239.873,483.534,0,2204.755,0,50.741,2401,2391,1.600,1.940,1.360,2,1,0,0,0,18,316,0,9,0
11-05 16:20:49,20.787,2.504,72.379,3.005,0,5353224,133388,177684,2351620,7025.530,540.965,0,841.501,0,33.059,2153,1895,1.600,1.940,1.360,2,1,0,0,0,18,316,0,9,0
11-05 16:20:50,17.517,3.253,72.070,6.506,0,5370084,135248,178384,2332088,5107.976,540.527,4.004,2082.028,1.001,92.090,2270,2191,1.600,1.940,1.360,2,0,0,0,0,18,316,0,9,0
11-05 16:20:51,17.701,3.490,71.801,6.233,0,5358608,124576,178980,2352320,6272.598,538.506,0,1667.374,0,46.870,2091,1890,1.600,1.940,1.360,2,0,0,0,0,18,316,0,9,0
11-05 16:20:52,22.000,2.500,72.000,2.750,0,5363848,128664,179572,2341564,10499.959,539.998,0,1555.994,0,63.000,2446,2144,1.550,1.920,1.360,2,0,0,0,0,18,316,0,9,0
11-05 16:20:53,21.863,2.513,72.626,2.262,0,5363404,125268,180868,2343964,7992.393,542.811,0,478.478,0,19.099,2194,1851,1.550,1.920,1.360,1,1,1.005,0,0,18,316,0,5,0
11-05 16:20:54,17.535,2.505,73.144,6.012,0,5368908,122276,181580,2340332,10426.562,486.960,0,3033.983,0,61.121,2139,2023,1.550,1.920,1.360,0,1,0,0,0,18,316,0,5,0
11-05 16:20:55,20.239,4.248,70.710,3.998,0,5375440,161484,182400,2293756,6678.232,887.499,0,2322.689,0,77.956,2641,2448,1.550,1.920,1.360,3,0,5.997,0,0,18,314,0,5,0
11-05 16:20:56,20.896,4.229,69.901,2.985,0,5348008,188880,182400,2293740,10103.546,1607.970,3.980,1938.321,0.995,192.041,2979,2729,1.550,1.920,1.360,3,0,34.826,0,0,18,315,0,5,0
11-05 16:20:57,19.611,3.017,75.176,2.514,0,5367944,163024,182460,2299332,12038.170,1753.932,0,1601.067,0,26.148,2207,2079,1.510,1.910,1.360,2,1,3.017,0,0,18,314,0,4,0
11-05 16:20:58,16.899,2.734,75.549,3.479,0,5389792,133548,182960,2305548,11038.050,3398.693,0,1109.372,0,38.768,2080,2187,1.510,1.910,1.360,2,0,16.899,0,0,18,315,0,4,0
11-05 16:20:59,21.495,5.249,67.485,3.749,0,5386552,137400,183000,2304864,4761.928,713.839,0,2171.511,0,23.995,10018,18189,1.510,1.910,1.360,2,0,13.997,0,0,18,314,0,4,0
11-05 16:21:00,22.296,6.012,68.391,2.004,0,5350056,173572,183032,2305116,12986.797,487.005,0,1370.829,0,35.072,10603,19509,1.510,1.910,1.360,2,0,13.027,0,0,18,314,0,4,0
11-05 16:21:01,19.818,5.268,72.248,2.007,0,5316244,219348,183068,2293836,12614.249,541.858,0,553.899,0,20.069,2237,1802,1.510,1.910,1.360,2,0,8.028,0,0,18,314,0,3,0
11-05 16:21:02,22.130,4.973,71.363,1.243,0,5339704,193136,183080,2296712,8760.551,525.156,541.069,3282.223,10.941,25.860,2364,1914,1.630,1.930,1.370,2,0,4.973,0,0,18,314,0,3,0
11-05 16:21:03,18.258,4.002,67.531,8.254,0,5339752,192380,183084,2297416,6803.093,540.246,324.147,12313.598,19.009,266.121,5234,7433,1.630,1.930,1.370,2,0,1.000,0,0,18,317,0,6,0
11-05 16:21:04,18.777,3.755,66.096,9.764,0,5287540,243952,183084,2298052,9139.260,486.706,528.767,1818.639,24.035,222.323,6140,9201,1.630,1.930,1.370,3,0,1.001,0,0,18,316,0,7,0
11-05 16:21:05,9.012,19.025,69.339,0.751,0,5284108,247172,183084,2298264,6461.328,540.697,152.196,444.573,4.005,26.034,5976,5026,1.630,1.930,1.370,2,0,428.552,0,0,18,316,0,7,0
11-05 16:21:06,10.219,4.736,68.792,15.204,0,5280844,236324,183084,2312368,5472.433,484.533,14109.287,1547.316,1262.179,180.454,3711,4770,1.630,1.930,1.370,1,2,20.937,0,0,18,316,0,9,0
11-05 16:21:07,5.749,2.499,69.234,21.245,0.250,5280588,207224,183084,2341704,8026.152,539.876,29137.290,2067.524,2220.489,213.951,4082,6031,1.580,1.910,1.370,2,0,0,0,0,18,316,0,9,0
11-05 16:21:08,5.011,2.004,73.164,18.541,0,5280028,207908,183084,2341576,9648.576,2113.727,0,6638.846,0,306.686,1709,1648,1.580,1.910,1.370,1,2,6.013,0,0,18,317,0,9,0
11-05 16:21:09,1.749,0.999,87.455,8.246,0,5280336,207964,183084,2341576,45826.456,3121.396,0,10742.481,0,415.786,1520,2298,1.580,1.910,1.370,2,0,0,0,0,18,317,0,9,0
11-05 16:21:10,8.540,14.317,71.335,5.275,0,5275500,212416,183096,2341948,20764.519,1596.498,305.434,803.775,13.061,25.118,5391,5058,1.580,1.910,1.370,1,0,419.972,0,0,18,316,0,10,0
11-05 16:21:11,7.747,20.242,63.973,6.497,0,5273384,214472,183096,2342008,9393.060,539.774,0,3522.523,0,179.925,8298,9127,1.580,1.910,1.370,1,0,823.655,0,0,18,316,0,10,0
11-05 16:21:12,8.491,21.728,68.929,0,0,5278208,209600,183096,2342056,7484.297,485.500,0,35.963,0,3.996,7543,7423,1.450,1.880,1.360,1,0,771.206,0,0,18,316,0,10,0
11-05 16:21:13,9.715,10.463,71.495,7.473,0,5290076,139828,183248,2399808,9169.244,538.078,57554.392,298.932,482.277,22.918,4367,4244,1.450,1.880,1.360,3,0,207.260,0,0,18,316,0,10,0
11-05 16:21:14,13.720,3.742,73.092,7.733,0,5301420,145884,183520,2382484,3832465.245,35863.594,482.958,3779.842,13.970,38.916,4053,2913,1.450,1.880,1.360,3,3,25.944,0,0,18,317,0,10,0
11-05 16:21:15,11.282,5.767,69.700,12.536,0,5331880,126204,183884,2371812,624169.901,3321.514,4496.881,5912.937,136.391,74.213,3356,3723,1.450,1.880,1.360,1,1,34.098,0,0,18,316,0,11,0
11-05 16:21:16,4.497,6.246,68.960,18.739,0,5324304,128220,183888,2377368,7791.523,539.690,3.998,17585.895,0.999,530.695,4006,5301,1.450,1.880,1.360,2,1,33.980,0,0,18,316,0,11,0
11-05 16:21:17,3.745,7.489,72.646,13.481,0,5323452,126320,183972,2380020,5335.356,485.305,0,6922.083,0,859.768,4684,6163,1.410,1.860,1.360,3,1,62.910,0,0,18,316,0,11,0
11-05 16:21:18,4.259,6.514,70.146,17.787,0,5320740,126228,184136,2382588,11225.418,541.129,0,6301.145,0,574.198,3764,4866,1.410,1.860,1.360,4,0,55.115,0,0,18,316,0,11,0
11-05 16:21:19,10.511,6.257,65.820,16.517,0,5313756,130248,184228,2385132,7422.862,486.515,16.017,26371.934,1.001,461.489,3491,3936,1.410,1.860,1.360,2,0,21.022,0,0,18,316,0,11,0
11-05 16:21:20,5.993,3.246,66.172,24.222,0,5306968,136736,184232,2385424,10080.191,539.368,0,22469.676,0,172.798,1895,2052,1.410,1.860,1.360,1,3,5.993,0,0,18,316,0,11,0
11-05 16:21:21,14.199,5.978,67.257,11.209,0,5310292,132808,184264,2385912,8723.434,538.053,0,14419.821,0,168.391,2969,2650,1.410,1.860,1.360,2,0,25.906,0,0,18,316,0,11,0
11-05 16:21:22,17.543,5.263,69.168,6.516,0,5300120,142104,184288,2386600,8900.603,541.314,0,2161.246,0,283.689,3086,2449,1.460,1.870,1.360,3,0,24.058,0,0,18,316,0,11,0
11-05 16:21:23,21.815,7.272,65.445,5.266,0,5315064,126124,184436,2387368,9423.035,541.611,0,1219.629,0,72.215,3552,3126,1.460,1.870,1.360,2,0,30.090,0,0,18,318,0,11,0
11-05 16:21:24,18.760,5.003,71.038,4.502,0,5311432,153048,184580,2364068,6653.559,486.260,64.034,1168.625,15.008,40.021,2718,2430,1.460,1.870,1.360,2,0,14.007,0,0,18,318,0,11,0
11-05 16:21:25,20.659,4.231,70.689,3.485,0,5315008,149664,184580,2363504,10426.170,537.637,155.317,1760.262,30.864,52.768,4022,5270,1.460,1.870,1.360,2,0,15.930,0,0,18,318,0,11,0
11-05 16:21:26,26.392,15.835,43.483,13.824,0,5319772,286944,163532,2260876,9320.981,542.911,3937.111,6615.473,127.685,166.895,4824,16176,1.460,1.870,1.360,2,1,70.377,0,0,18,318,0,11,0
11-05 16:21:27,27.894,10.211,45.328,14.943,0,5315192,285536,163624,2263456,11133.647,537.954,653.514,20693.281,14.943,246.064,3641,2720,1.580,1.890,1.370,1,3,33.871,0,0,18,318,0,11,0
11-05 16:21:28,17.015,3.753,53.796,24.521,0,5326452,273972,163656,2263728,6491.584,540.465,292.251,19256.566,13.011,240.207,2625,2300,1.580,1.890,1.370,1,2,19.016,0,0,18,318,0,11,0
11-05 16:21:29,12.254,3.751,56.517,26.508,0,5326084,277108,163720,2260892,4446.342,540.163,2572.777,25211.610,75.023,326.098,2623,2667,1.580,1.890,1.370,3,0,12.004,0,0,18,318,0,11,0
11-05 16:21:30,1.748,2.247,94.381,0,0,5279244,381476,163720,2203428,3784.238,485.389,0,28839.707,0,194.755,1775,2108,1.580,1.890,1.370,1,0,5.992,0,0,18,318,0,11,0
11-05 16:21:31,0.998,1.248,96.326,0,0,5276164,384552,163720,2203428,11256.612,539.024,0,11746.725,0,89.837,1328,1649,1.580,1.890,1.370,2,0,0,0,0,18,318,0,11,0
11-05 16:21:32,1.002,0.251,97.698,0,0,5272996,387720,163720,2203428,6447.078,635.289,0,4.008,0,1.002,914,1296,1.460,1.850,1.360,1,0,2.004,0,0,18,318,0,11,0
11-05 16:21:33,1.997,0.998,91.344,5.241,0,5270496,390208,163724,2203436,8844.899,539.080,3.993,1840.857,0.998,187.680,1244,1547,1.460,1.850,1.360,1,0,1.997,0,0,18,320,0,11,0
11-05 16:21:34,1.002,1.002,97.668,0,0,5268064,392636,163724,2203440,8094.951,540.932,0,16.028,0,2.003,958,1341,1.460,1.850,1.360,1,0,0,0,0,18,320,0,11,0
11-05 16:21:35,1.505,2.759,93.059,1.254,0,5262540,398092,163748,2203484,8234.381,487.621,32.107,429.428,1.003,33.110,1314,1854,1.460,1.850,1.360,2,0,0,0,0,18,320,0,11,0
11-05 16:21:36,1.742,1.245,93.591,2.489,0,5262748,397868,163752,2203488,9470.580,537.649,0,2883.389,0,39.826,1434,2032,1.460,1.850,1.360,2,0,0,0,0,18,320,0,11,0
11-05 16:21:37,1.001,0.500,97.579,0,0,5262748,397868,163752,2203488,5905.787,486.394,0,0,0,0,839,1250,1.340,1.820,1.360,2,0,0,0,0,18,320,0,11,0
11-05 16:21:38,1.251,0.500,96.071,1.001,0,5262740,397868,163760,2203488,4091.031,540.400,0,820.608,0,74.055,988,1388,1.340,1.820,1.360,1,0,0,0,0,18,320,0,11,0
11-05 16:21:39,2.255,0.752,96.696,0,0,5262976,397628,163760,2203492,9644.540,486.987,0,40.081,0,4.008,1080,1459,1.340,1.820,1.360,1,1,1.002,0,0,18,320,0,11,0
11-05 16:21:40,2.738,1.245,93.589,0.996,0,5263148,397380,163776,2203552,7972.987,537.639,31.860,167.265,2.987,18.917,1515,2205,1.340,1.820,1.360,1,0,1.991,0,0,18,320,0,11,0
11-05 16:21:41,4.508,0.751,91.408,2.504,0,5263096,397380,163784,2203596,9251.040,486.844,40.069,212.368,4.007,22.038,1760,2373,1.340,1.820,1.360,1,0,2.003,0,0,18,320,0,15,0
11-05 16:21:42,4.750,2.000,76.755,15.001,0,5298952,361596,163788,2203608,7206.429,540.032,0,5332.318,0,250.015,1736,2082,1.390,1.830,1.360,1,0,1.000,0,0,18,320,0,13,0
11-05 16:21:43,1.250,0.500,97.220,0,0,5298952,361596,163788,2203608,8585.327,485.849,0,0,0,0,995,1398,1.390,1.830,1.360,1,0,1.000,0,0,18,320,0,13,0
11-05 16:21:44,1.500,0.750,97.501,0.250,0,5298952,361596,163788,2203608,5741.079,540.007,0,304.004,0,22.000,1034,1475,1.390,1.830,1.360,1,0,0,0,0,18,320,0,13,0
11-05 16:21:45,1.248,0.499,95.367,0.999,0,5298760,361596,163796,2203792,6910.362,485.323,175.755,427.404,8.987,30.957,1142,1806,1.390,1.830,1.360,1,0,0,0,0,18,320,0,13,0
11-05 16:21:46,1.998,1.248,94.635,1.248,0,5298700,361596,163804,2203844,10211.587,539.344,15.981,115.859,3.995,12.984,1395,1937,1.390,1.830,1.360,1,0,0,0,0,18,320,0,13,0
11-05 16:21:47,0.751,0.250,97.374,0,0,5298700,361596,163804,2203844,5946.587,486.621,0,64.082,0,7.009,852,1213,1.280,1.800,1.350,1,0,0,0,0,18,320,0,13,0
11-05 16:21:48,1.752,0.501,97.600,0.501,0,5298920,361372,163808,2203844,4236.335,540.553,0,1037.061,0,174.178,1068,1440,1.280,1.800,1.350,1,0,0,0,0,18,320,0,13,0
11-05 16:21:49,1.000,0.500,97.502,0,0,5298920,361372,163808,2203844,8378.207,486.012,0,0,0,0,862,1236,1.280,1.800,1.350,2,0,0,0,0,18,320,0,13,0
11-05 16:21:50,1.251,1.000,97.290,0,0,5298916,361372,163808,2203848,10061.156,540.223,0,56.023,0,7.003,907,1289,1.280,1.800,1.350,3,0,0,0,0,18,320,0,13,0
11-05 16:21:51,1.497,0.499,95.291,1.497,0,5298908,361372,163812,2203852,12095.505,484.938,0,231.493,0,18.958,1132,1499,1.280,1.800,1.350,1,0,0,0,0,18,320,0,13,0
11-05 16:21:52,0.501,0.501,97.616,0,0,5298908,361372,163812,2203852,10004.854,540.641,0,0,0,0,938,1281,1.180,1.770,1.340,1,0,0,0,0,18,320,0,13,0
11-05 16:21:53,1.248,0.999,97.125,0,0,5298908,361372,163812,2203852,4733.884,539.303,0,1765.719,0,19.974,968,1374,1.180,1.770,1.340,2,0,0.999,0,0,18,320,0,13,0
11-05 16:21:54,1.253,0.251,97.517,0,0,5298908,361372,163812,2203852,11265.802,541.480,0,0,0,0,949,1273,1.180,1.770,1.340,2,0,0,0,0,18,320,0,13,0
11-05 16:21:55,1.998,1.748,92.167,2.748,0,5299032,361120,163820,2203972,6688.992,485.564,107.903,519.533,5.995,38.965,1553,2293,1.180,1.770,1.340,1,0,5.995,0,0,18,320,0,13,0
11-05 16:21:56,1.749,1.000,94.467,1.499,0,5299020,361120,163832,2203972,6156.823,539.809,0,283.900,0,33.988,1429,2191,1.180,1.770,1.340,1,0,0,0,0,18,320,0,13,0
11-05 16:21:57,1.001,0.250,98.052,0,0,5299020,361120,163832,2203972,8917.692,486.256,0,0,0,0,883,1210,1.080,1.740,1.340,1,0,0,0,0,18,320,0,13,0
11-05 16:21:58,1.251,1.751,84.819,11.259,0,5291288,368848,163836,2203972,8314.813,540.443,0,62214.975,0,118.097,1111,1445,1.080,1.740,1.340,1,1,0,0,0,18,320,0,13,0
11-05 16:21:59,0.748,0.499,94.310,2.744,0,5291396,368736,163844,2203968,9729.406,485.023,0,654.682,0,133.731,1022,1347,1.080,1.740,1.340,2,0,0,0,0,18,320,0,13,0
11-05 16:22:00,10.005,3.752,77.291,8.254,0,5311924,344824,164332,2206864,9819.208,2491.321,3361.783,0,570.302,0,2257,2634,1.080,1.740,1.340,1,0,5.003,0,0,18,321,0,13,0
11-05 16:22:01,15.252,4.001,72.261,7.501,0,5310804,345836,164344,2206960,14774.178,7528.110,80.012,2948.435,5.001,110.016,3182,3869,1.080,1.740,1.340,2,0,5.001,0,0,18,320,0,14,0
11-05 16:22:02,12.820,2.514,82.702,1.257,0,5314100,342144,164360,2207340,19511.625,10944.810,80.440,209.143,5.027,20.110,2463,2595,1,1.710,1.330,3,0,6.033,0,0,18,322,0,16,0
11-05 16:22:03,12.944,3.485,81.648,0,0,5306476,349616,164368,2207484,19330.683,10915.951,0,211.090,0,19.914,2559,2679,1,1.710,1.330,2,0,5.974,0,0,18,322,0,17,0
11-05 16:22:04,14.010,3.002,80.555,1.751,0,5308220,347736,164372,2207616,18667.719,10216.961,112.076,284.194,6.004,28.019,2486,2583,1,1.710,1.330,2,0,5.003,0,0,18,323,0,18,0
11-05 16:22:05,13.440,2.987,81.886,0.249,0,5314052,341752,164376,2207764,17251.262,12090.220,0,274.778,0,24.889,2528,2553,1,1.710,1.330,2,0,4.978,0,0,18,323,0,19,0
11-05 16:22:06,30.804,5.259,60.857,2.254,0,5175728,480096,164396,2207812,21784.358,9125.067,32.056,484.854,4.007,54.095,4181,4196,1,1.710,1.330,5,0,22.039,0,0,18,301,0,23,0
11-05 16:22:07,39.581,5.261,53.109,1.002,0,5047304,608524,164404,2207964,8105.581,486.996,148.303,212.435,10.020,9.018,2965,2155,1,1.690,1.330,2,2,6.012,0,0,18,293,0,19,0
11-05 16:22:08,64.624,6.487,23.454,5.240,0,5188896,465388,164428,2209484,3393.376,538.948,850.340,942.161,30.940,51.899,3956,2029,1,1.690,1.330,4,0,0.998,0,0,18,295,0,20,0
11-05 16:22:09,69.427,8.301,18.111,3.773,0.252,5308652,343892,164464,2211188,116860.601,58819.695,611.762,845.197,36.223,62.384,7624,10492,1,1.690,1.330,5,0,6.037,0,0,18,295,0,29,0
11-05 16:22:10,17.725,1.498,74.147,5.992,0,5320860,331388,164472,2211476,75743.133,32552.930,0,4222.154,0,577.201,2969,3137,1,1.690,1.330,4,0,0,0,0,18,296,0,29,0
11-05 16:22:11,45.756,5.501,46.256,1.250,0,5208620,443388,164512,2211788,64309.564,25671.419,136.018,308.041,10.001,31.004,5375,5468,1,1.690,1.330,3,0,9.001,0,0,18,289,0,29,0
11-05 16:22:12,48.784,5.974,42.561,1.991,0,5343192,308588,164524,2212004,33560.321,12058.578,59.735,633.195,0.996,34.846,3877,2656,1.080,1.700,1.330,3,0,1.991,0,0,18,291,0,29,0
11-05 16:22:13,24.212,3.245,70.140,1.248,0,5344264,305500,164536,2214008,48392.134,19064.113,199.687,1270.009,9.984,51.919,9020,13150,1.080,1.700,1.330,2,0,0.998,0,0,18,297,0,34,0
11-05 16:22:14,1.253,0.501,93.477,3.509,0,5344268,305500,164544,2214012,9835.887,541.315,0,1359.301,0,131.319,1266,1603,1.080,1.700,1.330,1,0,0,0,0,18,297,0,34,0
11-05 16:22:15,1.499,0.750,95.942,0.750,0,5344480,305276,164564,2214004,6665.974,609.632,0,459.722,0,32.980,1090,1559,1.080,1.700,1.330,1,0,0,0,0,18,297,0,33,0
11-05 16:22:16,1.750,0.750,80.243,15.999,0,5337060,312652,164604,2214008,8881.234,485.958,0,8719.248,0,976.916,2097,2331,1.080,1.700,1.330,2,0,0,0,0,18,297,0,33,0
11-05 16:22:17,1.001,0.750,97.052,0,0,5337060,312652,164608,2214004,3594.924,540.289,0,32.017,0,4.002,893,1309,0.990,1.670,1.320,1,0,0,0,0,18,297,0,33,0
11-05 16:22:18,1.250,0.500,98.005,0,0,5337052,312652,164608,2214012,9697.520,540.029,0,0,0,0,880,1265,0.990,1.670,1.320,1,0,0,0,0,18,297,0,33,0
11-05 16:22:19,1.246,0.498,95.941,0.997,0,5336964,312652,164632,2214076,3982.185,538.268,47.846,562.191,2.990,40.868,1194,1863,0.990,1.670,1.320,1,0,0,0,0,18,297,0,33,0
11-05 16:22:20,1.251,0.250,96.836,0.751,0,5337200,312412,164636,2214076,9396.314,540.478,0,68.060,0,11.010,931,1321,0.990,1.670,1.320,1,0,0,0,0,18,297,0,33,0
11-05 16:22:21,1.503,1.002,96.926,0.250,0,5337192,312412,164644,2214076,7571.786,540.985,0,48.088,0,6.011,985,1415,0.990,1.670,1.320,1,0,0,0,0,18,297,0,33,0
11-05 16:22:22,1.251,0.750,93.807,3.002,0,5337408,312160,164672,2214084,7937.850,486.297,0,396.242,0,40.024,1318,2014,0.910,1.640,1.320,1,0,0,0,0,18,297,0,33,0
11-05 16:22:23,1.247,0.997,96.982,0,0,5337408,312160,164672,2214084,7309.784,538.511,0,31.912,0,3.989,878,1315,0.910,1.640,1.320,1,0,0.997,0,0,18,297,0,33,0
11-05 16:22:24,1.500,0.250,97.238,0,0,5337404,312160,164672,2214088,3496.586,539.936,0,0,0,0,928,1291,0.910,1.640,1.320,1,0,0,0,0,18,297,0,33,0
11-05 16:22:25,1.253,0.752,96.997,0,0,5337384,312160,164688,2214092,7660.538,541.381,0,104.266,0,12.031,1088,1621,0.910,1.640,1.320,2,0,0,0,0,18,297,0,33,0
11-05 16:22:26,6.498,3.249,88.476,1.000,0,5341620,307888,164712,2214104,13678.364,539.856,7.998,551.853,1.000,52.986,2383,8526,0.910,1.640,1.320,1,0,35.990,0,0,18,297,0,34,0
11-05 16:22:27,1.000,0.250,97.222,0,0,5340876,308624,164716,2214108,7083.968,539.845,0,31.991,0,3.999,867,1229,0.840,1.620,1.310,1,0,0,0,0,18,297,0,33,0
11-05 16:22:28,1.499,0.500,96.670,0.250,0,5340864,308624,164728,2214108,22500.266,539.551,0,819.318,0,12.989,1252,1707,0.840,1.620,1.310,1,0,0,0,0,18,297,0,33,0
11-05 16:22:29,0.751,0.751,96.323,0.751,0,5339604,309852,164744,2214124,5902.496,486.370,16.012,1236.942,1.001,201.153,1468,1936,0.840,1.620,1.310,1,0,2.002,0,0,18,297,0,33,0
11-05 16:22:30,1.000,0.500,97.538,0,0,5339604,309852,164744,2214124,10109.892,540.208,0,28.011,0,2.001,878,1269,0.840,1.620,1.310,1,1,0,0,0,18,297,0,33,0
11-05 16:22:31,1.250,0.750,97.028,0.250,0,5339604,309852,164744,2214124,10607.070,540.156,0,172.050,0,33.010,995,1384,0.840,1.620,1.310,1,0,0,0,0,18,297,0,33,0
11-05 16:22:32,2.000,1.000,96.235,0.250,0,5339832,309600,164764,2214128,4891.227,633.900,0,407.936,0,41.993,1237,1999,0.770,1.590,1.300,1,0,2.000,0,0,18,297,0,33,0
11-05 16:22:33,0.750,0.500,97.518,0,0,5340080,309352,164764,2214128,7261.368,540.102,0,0,0,0,902,1250,0.770,1.590,1.300,1,0,1.000,0,0,18,297,0,33,0
11-05 16:22:34,1.497,0.499,97.057,0,0,5340076,309352,164764,2214132,7474.147,485.036,0,63.873,0,6.986,924,1296,0.770,1.590,1.300,3,0,0,0,0,18,297,0,33,0
11-05 16:22:35,1.754,0.752,95.441,1.503,0,5340044,309352,164792,2214136,3905.833,541.085,0,332.667,0,29.058,1109,1725,0.770,1.590,1.300,1,0,0,0,0,18,297,0,33,0
11-05 16:22:36,1.749,0.750,94.460,1.749,0,5340532,308848,164804,2214144,11162.310,539.773,0,123.948,0,14.994,1253,1773,0.770,1.590,1.300,1,0,0,0,0,18,297,0,33,0
11-05 16:22:37,0.500,0.751,97.817,0,0,5340532,308848,164804,2214144,8921.152,540.373,0,0,0,0,957,1267,0.710,1.560,1.300,1,0,0,0,0,18,297,0,33,0
11-05 16:22:38,2.247,0.999,94.616,1.248,0,5340976,308384,164816,2214152,9256.873,539.235,0,263.626,0,23.966,1206,1665,0.710,1.560,1.300,1,0,0.999,0,0,18,297,0,33,0
11-05 16:22:39,2.998,1.749,91.175,2.998,0,5343416,305888,164840,2214184,8755.764,539.554,15.987,2661.800,0.999,143.881,1884,2838,0.710,1.560,1.300,1,0,2.998,0,0,18,297,0,33,0
11-05 16:22:40,4.513,0.752,92.274,1.504,0,5343620,305664,164852,2214192,7447.104,487.447,0,200.595,0,28.083,1712,2427,0.710,1.560,1.300,2,0,2.006,0,0,18,297,0,33,0
11-05 16:22:41,11.967,5.734,76.536,4.238,0,5336312,311956,164888,2215092,11890.722,775.829,1021.142,175.509,148.584,20.941,3192,3516,0.710,1.560,1.300,4,0,71.799,0,0,18,293,0,35,0
11-05 16:22:42,31.839,4.262,60.419,2.256,0,5063032,585152,164904,2215268,9110.480,713.997,56.157,1853.183,1.003,317.889,3255,2564,0.810,1.570,1.300,2,0,9.025,0,0,18,293,0,35,0
11-05 16:22:43,23.196,3.492,72.082,0.748,0,5128600,519524,164908,2215340,11992.125,1037.588,75.824,0,6.984,0,2243,1678,0.810,1.570,1.300,2,0,2.993,0,0,18,293,0,35,0
11-05 16:22:44,22.507,6.002,70.272,0.500,0,5236804,410468,164912,2216208,5487.699,540.167,4.001,528.164,1.000,37.011,3174,4896,0.810,1.570,1.300,3,0,17.005,0,0,18,297,0,33,0
11-05 16:22:45,23.079,3.763,71.746,1.505,0,5288880,358240,164916,2216388,9423.314,541.858,0,650.230,0,42.145,2111,1826,0.810,1.570,1.300,2,0,4.014,0,0,18,297,0,33,0
11-05 16:22:46,5.727,0.747,90.888,0.996,0,5294752,352284,164928,2216460,12081.924,484.074,0,334.668,0,28.885,1394,1933,0.810,1.570,1.300,1,0,0.996,0,0,18,297,0,33,0
11-05 16:22:47,0.751,0.501,97.902,0,0,5292048,354988,164928,2216460,4979.707,681.054,0,16.025,0,4.006,767,1211,0.750,1.540,1.290,2,0,0,0,0,18,297,0,33,0
11-05 16:22:48,1.246,0.499,97.475,0,0,5289312,357724,164928,2216460,6717.038,484.632,0,55.842,0,3.989,771,1217,0.750,1.540,1.290,1,0,0,0,0,18,297,0,33,0
11-05 16:22:49,1.003,0.752,96.755,0.752,0,5287388,359620,164940,2216476,8197.579,487.283,16.042,585.541,1.003,31.082,1129,1673,0.750,1.540,1.290,1,0,0,0,0,18,297,0,33,0
11-05 16:22:50,1.250,1.000,96.524,0.250,0,5282404,364600,164940,2216480,6381.605,486.122,0,124.031,0,14.004,994,1392,0.750,1.540,1.290,1,0,0,0,0,18,297,0,33,0
11-05 16:22:51,1.000,0.250,97.281,0.250,0,5276000,371004,164940,2216480,11298.611,630.201,0,152.049,0,13.004,1021,1423,0.750,1.540,1.290,1,0,0,0,0,18,297,0,33,0
11-05 16:22:52,2.000,0.750,94.230,2.000,0,5270236,376732,164964,2216492,8030.285,485.896,0,611.869,0,51.989,1335,2484,0.690,1.520,1.280,1,0,0,0,0,18,297,0,33,0
11-05 16:22:53,0.999,0.749,97.124,0,0,5264036,382928,164964,2216496,8363.192,485.373,0,75.902,0,2.996,1041,1411,0.690,1.520,1.280,1,0,0.999,0,0,18,297,0,33,0
11-05 16:22:54,1.001,0.501,97.382,0,0,5260052,386912,164964,2216496,5971.100,486.660,0,32.043,0,4.005,946,1362,0.690,1.520,1.280,1,0,0,0,0,18,297,0,33,0
11-05 16:22:55,2.498,1.249,95.691,0.250,0,5256828,390120,164980,2216496,6683.874,625.614,0,83.948,0,11.993,1221,1723,0.690,1.520,1.280,1,0,5.996,0,0,18,297,0,33,0
11-05 16:22:56,1.752,0.501,95.111,1.251,0,5254184,392732,165008,2216500,6807.957,486.569,0,548.641,0,56.066,1384,2247,0.690,1.520,1.280,2,0,0,0,0,18,297,0,33,0
11-05 16:22:57,0.749,0.500,93.437,4.247,0,5251072,395844,165008,2216500,11333.383,485.674,0,4093.249,0,506.659,1297,1302,0.630,1.490,1.280,1,0,0,0,0,18,297,0,33,0
11-05 16:22:58,1.251,0.500,97.585,0.250,0,5249420,397492,165012,2216500,8856.707,486.423,0,64.056,0,6.005,908,1309,0.630,1.490,1.280,1,0,0,0,0,18,297,0,33,0
11-05 16:22:59,1.499,1.000,96.203,0.250,0,5247636,399276,165012,2216500,20116.162,539.736,0,83.959,0,12.994,1327,1818,0.630,1.490,1.280,1,0,1.000,0,0,18,297,0,33,0
11-05 16:23:00,0.999,0.750,97.191,0,0,5246988,399920,165016,2216500,5578.616,485.705,0,175.893,0,10.993,939,1431,0.630,1.490,1.280,1,0,0,0,0,18,297,0,33,0
11-05 16:23:01,1.249,0.499,97.143,0,0,5245624,401280,165020,2216500,11218.633,485.465,0,31.965,0,3.996,1016,1382,0.630,1.490,1.280,1,0,0,0,0,18,297,0,33,0
11-05 16:23:02,8.510,1.752,85.846,3.754,0,5243220,403504,165100,2216600,7754.671,618.692,96.107,716.801,6.007,81.091,2905,4321,0.580,1.470,1.270,1,0,0,0,0,18,297,0,33,0
11-05 16:23:03,0.750,0.500,95.054,1.751,0,5242496,404196,165104,2216628,8816.990,486.275,0,1036.587,0,199.113,1129,1493,0.580,1.470,1.270,1,0,1.001,0,0,18,297,0,33,0
11-05 16:23:04,1.500,0.250,97.232,0.250,0,5242164,404520,165112,2216628,7705.540,485.908,0,103.980,0,6.999,987,1384,0.580,1.470,1.270,1,0,0,0,0,18,297,0,28,0
11-05 16:23:05,1.247,0.748,97.254,0.249,0,5241932,404748,165116,2216628,7402.245,484.772,0,315.201,0,18.952,940,1378,0.580,1.470,1.270,1,0,0,0,0,18,297,0,28,0
11-05 16:23:06,1.503,0.501,94.659,1.503,0,5241920,404748,165128,2216628,5731.625,486.817,0,304.511,0,34.057,1227,1935,0.580,1.470,1.270,1,0,0,0,0,18,297,0,28,0
11-05 16:23:07,1.001,0.751,97.855,0,0,5241920,404748,165128,2216628,10096.807,486.521,0,4.004,0,1.001,892,1279,0.530,1.440,1.260,1,0,0,0,0,18,297,0,28,0
11-05 16:23:08,1.000,0.250,97.707,0.250,0,5241920,404748,165128,2216628,5642.532,485.787,0,35.984,0,4.998,867,1304,0.530,1.440,1.260,1,0,0,0,0,18,297,0,20,0
11-05 16:23:09,1.498,0.499,97.399,0,0,5241916,404748,165128,2216632,7556.174,485.497,0,0,0,0,924,1278,0.530,1.440,1.260,2,0,0,0,0,18,297,0,20,0
11-05 16:23:10,1.251,0.500,96.808,0,0,5241880,404776,165136,2216632,5994.596,540.324,0,84.050,0,12.007,1047,1622,0.530,1.440,1.260,1,0,0,0,0,18,297,0,20,0
11-05 16:23:11,1.752,0.751,94.114,2.002,0,5241860,404776,165152,2216636,8542.325,486.588,0,336.407,0,29.035,1305,1937,0.530,1.440,1.260,1,0,0,0,0,18,297,0,20,0
11-05 16:23:12,8.251,11.251,79.007,0.500,0,5252524,394072,165176,2216652,10698.893,716.060,0,256.021,0,33.003,4684,4788,0.730,1.470,1.270,2,0,311.026,0,0,18,297,0,10,0
11-05 16:23:13,20.462,3.494,75.610,0,0,5326844,319732,165176,2216672,8009.215,2447.482,7.985,0,0.998,0,1992,1611,0.730,1.470,1.270,1,0,0.998,0,0,18,298,0,10,0
11-05 16:23:14,14.266,3.003,76.335,5.006,0,5326968,319228,165216,2217012,13979.554,8223.149,400.446,664.740,21.023,65.072,3141,4068,0.730,1.470,1.270,1,1,0,0,0,18,298,0,12,0
11-05 16:23:15,24.321,5.015,61.931,8.525,0,5353976,291268,165276,2217904,11812.466,1694.945,661.931,1367.991,40.117,181.530,5462,7212,0.730,1.470,1.270,2,0,5.015,0,0,18,297,0,13,0
11-05 16:23:16,37.784,7.507,47.793,6.756,0,5402608,242388,165324,2218104,18222.567,9196.361,148.135,2910.646,8.007,180.164,3779,3388,0.730,1.470,1.270,2,0,26.024,0,0,18,298,0,9,0
11-05 16:23:17,21.430,4.236,72.263,0.748,0,5411908,232936,165324,2218256,40546.979,29240.073,107.647,0,8.971,0,3201,3149,0.750,1.460,1.270,1,0,34.886,0,0,18,297,0,19,0
11-05 16:23:18,1.250,0.500,96.002,1.250,0,5409188,235656,165324,2218256,8295.154,528.010,0,1904.035,0,354.007,1084,1325,0.750,1.460,1.270,1,0,0,0,0,18,297,0,19,0
11-05 16:23:19,0.998,0.749,97.559,0,0,5402188,242656,165324,2218256,4720.745,526.967,0,7.984,0,0.998,830,1310,0.750,1.460,1.270,3,0,0,0,0,18,297,0,19,0
11-05 16:23:20,1.251,0.250,97.065,0,0,5392124,252716,165324,2218260,10137.792,486.326,0,88.059,0,6.004,945,1481,0.750,1.460,1.270,1,0,0,0,0,18,297,0,19,0
11-05 16:23:21,1.000,0.750,97.451,0,0,5385096,259744,165324,2218260,10334.849,485.758,0,0,0,0,904,1293,0.750,1.460,1.270,1,0,0,0,0,18,297,0,19,0
11-05 16:23:22,2.512,1.507,90.949,5.025,0,5379148,265636,165372,2218268,8706.004,488.413,0,2283.278,0,129.640,1577,2492,0.690,1.440,1.260,1,0,0,0,0,18,297,0,19,0
11-05 16:23:23,1.742,0.747,95.826,0.249,0,5373388,271308,165380,2218348,7581.421,483.857,79.647,143.365,4.978,19.912,1313,2020,0.690,1.440,1.260,1,0,0.996,0,0,18,299,0,19,0
11-05 16:23:24,1.251,0.500,97.329,0,0,5369944,274752,165380,2218348,8442.830,486.393,0,0,0,0,934,1290,0.690,1.440,1.260,1,0,0,0,0,18,299,0,19,0
11-05 16:23:25,2.002,0.751,95.578,1.001,0,5367040,277632,165400,2218352,10093.214,486.396,32.026,540.440,1.001,54.044,1403,2139,0.690,1.440,1.260,1,0,1.001,0,0,18,299,0,19,0
11-05 16:23:26,6.747,3.498,85.456,2.749,0,5355816,288788,165432,2218388,7750.019,485.750,0,779.600,0,68.965,2494,9486,0.690,1.440,1.260,2,0,35.982,0,0,18,299,0,20,0
11-05 16:23:27,1.247,0.998,96.800,0,0,5354852,289740,165440,2218392,5733.136,484.996,0,79.835,0,8.981,932,1320,0.640,1.410,1.260,1,0,0,0,0,18,299,0,20,0
11-05 16:23:28,1.751,0.500,97.547,0.250,0,5353432,291160,165440,2218392,9589.608,486.234,0,32.015,0,4.002,946,1304,0.640,1.410,1.260,2,0,0,0,0,18,299,0,20,0
11-05 16:23:29,0.750,0.500,97.265,0,0,5352624,291964,165440,2218396,6253.945,486.073,0,48.007,0,3.000,930,1324,0.640,1.410,1.260,1,0,0,0,0,18,299,0,19,0
11-05 16:23:30,1.252,0.501,97.405,0,0,5351700,292888,165440,2218396,7030.158,486.773,0,36.057,0,4.006,926,1338,0.640,1.410,1.260,1,0,0,0,0,18,299,0,19,0
11-05 16:23:31,1.251,1.000,97.291,0,0,5351308,293280,165440,2218396,10202.323,486.206,0,8.003,0,1.000,944,1310,0.640,1.410,1.260,3,0,0,0,0,18,299,0,19,0
11-05 16:23:32,1.997,0.749,96.093,0.499,0,5351292,293280,165456,2218396,9102.125,579.054,0,411.328,0,40.933,1309,2034,0.590,1.390,1.250,2,0,0,0,0,18,299,0,19,0
11-05 16:23:33,1.501,0.750,96.286,0.250,0,5351268,293288,165464,2218404,5255.944,486.180,0,92.034,0,13.005,1179,1735,0.590,1.390,1.250,2,0,1.000,0,0,18,299,0,19,0
11-05 16:23:34,1.751,0.500,95.286,1.250,0,5351012,293540,165464,2218408,4612.744,486.184,0,856.324,0,190.072,1131,1443,0.590,1.390,1.250,1,0,1.000,0,0,18,299,0,19,0
11-05 16:23:35,2.747,0.999,93.382,1.748,0,5351448,293036,165476,2218464,3416.697,485.389,47.940,315.603,2.996,28.964,1424,2197,0.590,1.390,1.250,1,0,1.997,0,0,18,299,0,19,0
11-05 16:23:36,1.502,0.751,95.633,0.501,0,5350856,293612,165484,2218472,11662.222,486.677,0,176.245,0,21.029,1360,2086,0.590,1.390,1.250,1,0,0,0,0,18,299,0,19,0
11-05 16:23:37,1.001,0.500,97.820,0,0,5350160,294308,165484,2218472,6521.694,486.350,0,12.009,0,1.001,874,1315,0.540,1.360,1.240,1,0,0,0,0,18,299,0,19,0
11-05 16:23:38,1.497,0.249,97.299,0.249,0,5350160,294308,165484,2218472,7877.703,484.997,0,483.001,0,30.936,939,1386,0.540,1.360,1.240,1,0,0,0,0,18,299,0,19,0
11-05 16:23:39,0.751,0.501,97.387,0,0,5349908,294560,165484,2218472,9203.962,486.685,0,28.039,0,4.006,908,1331,0.540,1.360,1.240,1,0,0,0,0,18,299,0,19,0
11-05 16:23:40,2.750,1.000,95.247,0.250,0,5350128,294320,165500,2218476,8989.740,485.986,0,95.997,0,12.000,1309,1953,0.540,1.360,1.240,1,0,1.000,0,0,18,299,0,19,0
11-05 16:23:41,3.496,1.748,88.886,4.744,0,5350852,293564,165512,2218500,15092.668,485.378,0,351.550,0,33.957,1926,2619,0.540,1.360,1.240,1,0,2.996,0,0,18,299,0,19,0
11-05 16:23:42,4.506,1.502,92.869,1.001,0,5350816,293564,165532,2218516,5727.311,486.621,0,284.363,0,35.045,1905,2798,0.500,1.340,1.240,1,0,2.003,0,0,18,299,0,21,0
11-05 16:23:43,1.999,0.500,95.966,0.250,0,5350800,293564,165544,2218520,11176.040,485.828,0,203.928,0,20.993,1382,1983,0.500,1.340,1.240,1,0,1.000,0,0,18,299,0,21,0
11-05 16:23:44,1.498,0.250,96.897,0,0,5350792,293564,165548,2218524,5904.706,625.333,0,123.868,0,9.989,1039,1461,0.500,1.340,1.240,1,0,1.998,0,0,18,299,0,21,0
11-05 16:23:45,1.752,0.751,95.842,1.001,0,5350784,293564,165552,2218528,4226.051,486.466,0,1101.056,0,177.170,1188,1693,0.500,1.340,1.240,1,0,0,0,0,18,299,0,17,0
11-05 16:23:46,1.751,1.251,95.061,0.500,0,5350968,293340,165556,2218564,20900.431,486.313,0,780.502,0,96.062,1469,2144,0.500,1.340,1.240,1,0,0,0,0,18,299,0,17,0
11-05 16:23:47,1.997,1.997,95.603,0,0,5351472,292836,165556,2218564,8158.463,485.254,0,35.945,0,4.992,1272,1506,0.460,1.320,1.230,1,0,17.972,0,0,18,299,0,17,0
11-05 16:23:48,1.001,0.250,97.804,0,0,5351472,292836,165556,2218564,9492.264,486.270,0,0,0,0,830,1204,0.460,1.320,1.230,2,0,0,0,0,18,299,0,17,0
11-05 16:23:49,0.751,0.500,97.346,0,0,5351472,292836,165556,2218564,7660.578,486.481,0,0,0,0,893,1245,0.460,1.320,1.230,1,0,0,0,0,18,299,0,17,0
11-05 16:23:50,1.250,0.500,97.493,0.250,0,5351464,292836,165560,2218568,4645.660,485.964,0,71.995,0,8.999,922,1375,0.460,1.320,1.230,1,0,1.000,0,0,18,299,0,17,0
11-05 16:23:51,1.250,1.250,96.274,0.750,0,5351460,292836,165564,2218568,9663.418,486.122,0,148.037,0,11.003,1035,1441,0.460,1.320,1.230,1,0,0,0,0,18,299,0,17,0
11-05 16:23:52,1.997,0.749,91.101,4.493,0.250,5351408,292836,165612,2218572,9417.586,485.206,0,2483.934,0,144.763,1497,2374,0.420,1.300,1.220,2,0,0,0,0,18,299,0,17,0
11-05 16:23:53,1.252,0.751,95.870,1.001,0,5351400,292836,165620,2218572,4426.534,486.608,0,140.175,0,18.023,1161,1765,0.420,1.300,1.220,1,0,1.001,0,0,18,299,0,17,0
11-05 16:23:54,1.250,0.500,97.489,0,0,5351400,292836,165620,2218572,10595.793,485.945,0,0,0,0,937,1262,0.420,1.300,1.220,1,0,0,0,0,18,299,0,17,0
11-05 16:23:55,1.249,1.998,94.643,0.499,0,5346020,298156,165644,2218608,5504.766,485.450,31.964,886.995,0.999,159.819,1457,2037,0.420,1.300,1.220,1,0,5.993,0,0,18,299,0,17,0
11-05 16:23:56,2.002,0.751,94.351,1.502,0,5345972,298156,165692,2218608,9699.389,486.521,0,752.806,0,64.069,1560,2420,0.420,1.300,1.220,1,0,0,0,0,18,299,0,17,0
11-05 16:23:57,1.501,0.751,97.095,0,0,5345964,298156,165696,2218612,7778.636,486.478,0,32.031,0,4.004,954,1361,0.390,1.280,1.220,1,0,0,0,0,18,299,0,17,0
11-05 16:23:58,0.999,0.499,97.398,0,0,5345964,298156,165696,2218612,4932.834,485.492,0,0,0,0,858,1266,0.390,1.280,1.220,1,0,0,0,0,18,299,0,17,0
11-05 16:23:59,1.252,0.751,97.620,0,0,5345964,298156,165696,2218612,10171.467,486.596,0,0,0,0,969,1310,0.390,1.280,1.220,1,0,0,0,0,18,299,0,17,0
11-05 16:24:00,0.998,0.499,97.040,0,0,5345964,298156,165696,2218612,9824.779,484.953,0,0,0,0,976,1333,0.390,1.280,1.220,1,0,0,0,0,18,299,0,17,0
11-05 16:24:01,1.001,0.751,97.641,0,0,5345964,298156,165696,2218612,9942.347,486.702,0,0,0,0,969,1344,0.390,1.280,1.220,2,0,0,0,0,18,299,0,17,0
11-05 16:24:02,2.000,0.750,95.495,0.250,0,5345936,298156,165712,2218624,9469.505,527.972,0,491.974,0,42.998,1414,2116,0.350,1.250,1.210,1,0,0,0,0,18,299,0,17,0
11-05 16:24:03,11.001,1.500,86.754,0.250,0,5346268,297656,165728,2218776,45512.277,18578.929,0,84.004,0,12.001,2120,2193,0.350,1.250,1.210,1,0,1.000,0,0,18,299,0,17,0
11-05 16:24:04,0.998,0.749,97.067,0,0,5346268,297656,165728,2218776,8869.292,485.086,0,0,0,0,992,1305,0.350,1.250,1.210,3,0,0,0,0,18,299,0,17,0
11-05 16:24:05,1.253,0.752,97.196,0,0,5346268,297656,165728,2218776,5733.577,486.983,0,216.437,0,17.034,955,1399,0.350,1.250,1.210,2,0,0,0,0,18,299,0,17,0
11-05 16:24:06,1.750,0.500,93.502,3.250,0,5346260,297656,165736,2218776,5338.142,486.013,0,1168.031,0,207.005,1316,1855,0.350,1.250,1.210,1,0,0,0,0,18,299,0,17,0
11-05 16:24:07,1.503,1.503,96.417,0,0.250,5346760,297152,165736,2218780,11276.574,486.845,0,32.056,0,3.005,1036,1371,0.330,1.230,1.200,2,0,10.017,0,0,18,299,0,17,0
11-05 16:24:08,7.982,19.206,71.338,0,0,5353932,289944,165736,2218816,7451.074,1047.620,0,47.891,0,4.989,6153,5130,0.330,1.230,1.200,2,0,444.989,0,0,18,300,0,17,0
11-05 16:24:09,16.236,6.245,75.685,0.999,0,5403468,240176,165736,2219048,20164.720,1572.652,243.791,15.986,4.996,1.998,2493,2020,0.330,1.230,1.200,2,0,37.967,0,0,18,299,0,19,0
11-05 16:24:10,22.530,3.505,71.847,1.252,0,5453536,190028,165748,2219116,7400.984,486.656,20.027,556.751,2.003,12.016,2244,2038,0.330,1.230,1.200,3,0,2.003,0,0,18,299,0,19,0
11-05 16:24:11,23.101,2.260,70.809,3.515,0,5472092,167360,165936,2223008,8872.703,488.129,40.175,903.943,7.031,32.140,2373,2285,0.330,1.230,1.200,2,0,0,0,0,18,299,0,19,0
11-05 16:24:12,23.440,4.987,70.321,0,0,5507692,174756,163880,2182364,11547.604,484.766,27.929,335.147,1.995,23.939,3172,3758,0.380,1.230,1.200,3,0,2.992,0,0,18,300,0,19,0
11-05 16:24:13,23.925,3.489,68.783,1.994,0,5506400,175648,163940,2182708,4147.943,526.343,0,1108.511,0,114.639,6462,9676,0.380,1.230,1.200,2,0,0.997,0,0,18,303,0,21,0
11-05 16:24:14,23.545,4.008,63.120,8.767,0,5521912,158956,164028,2183804,6856.001,3087.855,933.771,1222.318,60.114,125.237,4351,5707,0.380,1.230,1.200,2,0,1.002,0,0,18,309,0,24,0
11-05 16:24:15,5.974,0.996,90.104,0.996,0,5518380,162400,164056,2183864,8911.804,657.110,31.860,354.441,1.991,37.834,2156,2889,0.380,1.230,1.200,2,0,0,0,0,18,306,0,25,0
11-05 16:24:16,11.795,2.008,80.811,4.015,0,5525276,155168,164132,2184124,12533.300,3166.202,176.681,2252.681,9.035,258.998,3534,4895,0.380,1.230,1.200,1,0,0,0,0,18,306,0,25,0
11-05 16:24:17,8.229,1.746,80.295,8.977,0,5523480,156780,164200,2184240,81986.866,2690.138,15.959,3858.159,0.997,230.412,2803,3889,0.430,1.220,1.200,2,1,0.997,0,0,18,307,0,25,0
11-05 16:24:18,7.004,1.751,84.543,4.752,0,5521032,158936,164304,2184428,12581.394,2524.283,32.016,1560.793,2.001,125.064,2629,3874,0.430,1.220,1.200,1,0,0,0,0,18,308,0,11,0
11-05 16:24:19,9.302,1.257,86.229,1.760,0,5518440,161276,164332,2184652,29026.352,9826.624,32.179,772.293,2.011,66.369,2637,3440,0.430,1.220,1.200,3,0,0,0,0,18,308,0,12,0
11-05 16:24:20,18.114,3.722,65.012,11.662,0,5516524,162336,164516,2185324,7097.698,482.377,539.945,1953.331,32.754,221.338,5937,9808,0.430,1.220,1.200,2,1,0.993,0,0,18,310,0,14,0
11-05 16:24:21,17.392,2.773,60.997,17.896,0,5514852,163388,164660,2185800,3775.767,489.993,225.840,6101.721,12.099,712.808,6426,9626,0.430,1.220,1.200,3,0,0,0,0,18,310,0,15,0
11-05 16:24:22,16.907,3.730,70.612,7.210,0,5516320,161624,164820,2185936,13453.077,3189.474,15.913,2518.163,0.995,268.524,5578,8535,0.560,1.240,1.200,1,0,0,0,0,18,309,0,16,0
11-05 16:24:23,8.502,1.500,84.271,4.001,0,5515468,162244,164892,2186096,12999.205,2751.679,0,1044.257,0,89.022,2764,3786,0.560,1.240,1.200,3,0,1.000,0,0,18,309,0,16,0
11-05 16:24:24,9.503,2.001,78.524,8.002,0,5514104,163372,165064,2186160,23153.025,9534.893,16.005,4769.447,1.000,304.092,3379,4841,0.560,1.240,1.200,2,1,0,0,0,18,310,0,16,0
11-05 16:24:25,19.025,4.005,62.833,12.016,0,5513388,163696,165356,2186260,6304.353,486.645,0,2639.497,0,266.353,6669,10355,0.560,1.240,1.200,5,0,0,0,0,18,310,0,16,0
11-05 16:24:26,22.558,5.264,63.163,7.519,0,5545560,130828,165500,2187936,10482.100,487.260,68.176,2117.474,1.003,194.503,7429,13631,0.560,1.240,1.200,3,0,34.088,0,0,18,310,0,19,0
11-05 16:24:27,11.692,2.985,66.173,17.165,0,5528840,147276,165660,2186908,14970.958,3188.232,15.921,5568.460,0.995,680.634,4665,11480,0.590,1.230,1.200,1,0,1.990,0,0,18,309,0,21,0
11-05 16:24:28,10.769,1.753,84.398,2.004,0,5527924,148032,165764,2186964,25780.198,3036.323,0,1089.911,0,110.193,3343,4540,0.590,1.230,1.200,1,0,0,0,0,18,310,0,24,0
11-05 16:24:29,6.233,1.496,84.525,5.485,0,5526380,149464,165824,2187016,4765.295,658.245,0,1081.118,0,88.763,2263,3189,0.590,1.230,1.200,2,0,0,0,0,18,310,0,24,0
11-05 16:24:30,6.757,2.002,88.335,2.252,0,5523608,151948,165924,2187204,12680.232,3207.094,0,1465.414,0,125.121,2683,4018,0.590,1.230,1.200,2,0,0,0,0,18,309,0,25,0
11-05 16:24:31,15.009,2.251,73.794,7.504,0,5523756,151548,165952,2187428,12970.726,2698.607,148.088,708.422,8.005,59.035,3642,4314,0.590,1.230,1.200,3,0,0,0,0,18,309,0,26,0
11-05 16:24:32,10.526,1.504,80.447,6.265,0,5523500,151548,166048,2187588,29109.293,9649.633,0,1166.858,0,136.334,3156,4489,0.540,1.210,1.200,4,0,0,0,0,18,310,0,26,0
11-05 16:24:33,9.730,2.245,77.342,8.982,0,5522756,152040,166220,2187668,32036.714,11719.118,0,5225.352,0,364.258,3539,5215,0.540,1.210,1.200,2,0,0.998,0,0,18,309,0,27,0
11-05 16:24:34,8.978,1.496,85.292,2.993,0,5522920,151788,166272,2187704,18761.158,7030.821,0,905.787,0,98.759,2680,3691,0.540,1.210,1.200,1,0,0,0,0,18,310,0,28,0
11-05 16:24:35,21.543,3.758,65.131,8.016,0,5522564,151788,166484,2187848,20784.797,5323.706,16.032,3394.827,1.002,315.635,6426,10238,0.540,1.210,1.200,2,0,0,0,0,18,310,0,28,0
11-05 16:24:36,20.106,4.021,64.591,9.299,0,5522376,151540,166664,2188104,6974.863,488.582,0,2219.732,0,212.121,7255,10863,0.540,1.210,1.200,1,0,0,0,0,18,311,0,29,0
11-05 16:24:37,22.886,3.731,64.679,7.960,0,5522140,151288,166860,2188396,7431.123,483.600,0,2141.374,0,256.726,7690,11852,0.580,1.210,1.190,2,0,0,0,0,18,310,0,31,0
11-05 16:24:38,19.224,4.744,70.405,3.745,0,5521944,151036,167052,2188652,12403.317,485.347,0,1905.437,0,178.760,7014,11156,0.580,1.210,1.190,2,0,0.999,0,0,18,311,0,32,0
11-05 16:24:39,4.756,1.001,93.360,0.250,0,5522108,150784,167072,2188720,7292.570,486.572,0,500.588,0,27.032,1823,2290,0.580,1.210,1.190,1,0,1.001,0,0,18,312,0,32,0
11-05 16:24:40,6.492,2.497,87.643,2.497,0,5568884,136776,165248,2157908,10949.644,485.408,0,535.347,0,41.949,2098,2580,0.580,1.210,1.190,2,0,0.999,0,0,18,312,0,32,0
11-05 16:24:41,13.082,4.277,77.236,4.025,0,5581788,123676,165400,2157952,6754.463,489.075,0,1513.515,0,173.088,5012,7682,0.580,1.210,1.190,2,1,3.019,0,0,18,312,0,32,0
11-05 16:24:42,20.205,4.989,52.632,19.456,0,5581496,123200,165748,2158372,11673.791,484.911,107.758,9626.388,7.982,472.938,7341,11557,0.770,1.240,1.200,1,1,0.998,0,0,18,312,0,33,0
11-05 16:24:43,17.205,3.740,61.840,15.460,0,5580568,123632,165984,2158632,26805.650,484.746,0,9008.693,0,762.029,6455,9313,0.770,1.240,1.200,2,0,1.995,0,0,18,312,0,31,0
11-05 16:24:44,19.506,3.501,67.022,9.253,0,5579972,123632,166200,2159012,12833.230,486.160,288.095,2204.727,17.006,224.074,6375,9829,0.770,1.240,1.200,2,0,2.001,0,0,18,311,0,32,0
11-05 16:24:45,5.493,1.498,89.392,2.247,0,5579852,123632,166264,2159068,11610.970,485.413,0,1294.436,0,90.890,2026,2896,0.770,1.240,1.200,2,0,0,0,0,18,312,0,32,0
11-05 16:24:46,10.747,2.499,78.727,6.748,0,5578620,124484,166392,2159320,21861.734,3231.074,15.995,2403.311,1.000,169.951,3409,5120,0.770,1.240,1.200,1,0,0,0,0,18,311,0,35,0
11-05 16:24:47,11.751,2.500,80.010,4.501,0,5578660,124232,166492,2159432,24150.011,3135.391,64.008,1472.184,4.000,152.019,3361,4790,0.790,1.230,1.200,1,0,0,0,0,18,311,0,36,0
11-05 16:24:48,4.995,0.999,77.171,14.985,0,5580792,122020,166520,2159484,17565.080,485.505,15.984,5070.827,0.999,723.262,2832,3239,0.790,1.230,1.200,3,0,0,0,0,18,312,0,36,0
11-05 16:24:49,10.021,2.505,83.926,1.503,0,5594336,139048,164988,2130904,15698.910,3055.405,0,1294.714,0,131.275,3380,4998,0.790,1.230,1.200,1,0,0,0,0,18,311,0,41,0
11-05 16:24:50,8.042,1.759,86.701,3.518,0,5597644,135640,165008,2130984,7574.387,488.540,0,780.056,0,62.324,2110,2903,0.790,1.230,1.200,3,0,0,0,0,18,312,0,46,0
11-05 16:24:51,10.428,1.738,72.996,13.159,0,5601268,131860,165132,2131016,31054.406,11801.449,0,4119.533,0,302.907,3508,5103,0.790,1.230,1.200,1,2,0,0,0,18,311,0,46,0
11-05 16:24:52,8.503,1.751,78.781,8.503,0,5603092,129592,165232,2131360,42184.471,2698.053,132.052,2484.970,4.002,211.082,3319,4908,0.890,1.250,1.210,1,0,0,0,0,18,313,0,48,0
11-05 16:24:53,13.051,2.510,79.813,3.765,0,5603672,128836,165344,2131424,22670.005,9528.410,0,1546.070,0,167.658,3487,4822,0.890,1.250,1.210,2,0,1.004,0,0,18,314,0,53,0
11-05 16:24:54,10.436,1.739,82.991,3.479,0,5604452,127828,165428,2131568,12303.467,2721.294,15.902,1510.725,0.994,151.073,3637,5112,0.890,1.250,1.210,1,0,0,0,0,18,313,0,57,0
11-05 16:24:55,7.033,2.763,84.900,4.019,0,5604908,127080,165512,2131776,8392.547,488.301,20.095,1016.791,3.014,123.582,2845,4071,0.890,1.250,1.210,3,1,6.028,0,0,18,312,0,59,0
11-05 16:24:56,6.492,1.248,86.140,4.994,0,5605316,126576,165564,2131820,15003.827,3227.875,0,1202.463,0,118.848,2587,3915,0.890,1.250,1.210,2,0,0,0,0,18,313,0,60,0
11-05 16:24:57,9.998,2.000,78.988,6.999,0,5605416,126324,165624,2131912,12518.023,3231.490,0,1395.780,0,152.976,3340,5184,0.820,1.230,1.200,1,0,0,0,0,18,313,0,66,0
11-05 16:24:58,5.741,0.998,89.610,2.995,0,5606004,125568,165648,2132056,8567.585,485.240,0,798.749,0,65.897,1992,2735,0.820,1.230,1.200,3,0,0,0,0,18,313,0,67,0
11-05 16:24:59,6.501,1.750,72.011,18.253,0,5606260,125128,165804,2132084,8450.240,486.071,0,7829.149,0,762.112,3160,4427,0.820,1.230,1.200,2,1,1.000,0,0,18,313,0,68,0
11-05 16:25:00,4.999,1.750,88.480,3.749,0,5606416,124876,165924,2132060,5251.833,485.892,0,2639.413,0,164.963,2149,3182,0.820,1.230,1.200,2,0,0,0,0,18,313,0,68,0
11-05 16:25:01,5.011,1.253,90.452,2.506,0,5607076,124120,165948,2132164,11971.758,529.183,32.072,424.950,4.009,41.092,1935,2586,0.820,1.230,1.200,1,0,4.009,0,0,18,313,0,68,0
11-05 16:25:02,4.511,0.752,92.220,0.752,0,5607296,123868,165980,2132164,12015.696,487.163,0,433.034,0,46.110,1876,2707,0.750,1.210,1.190,3,0,0,0,0,18,314,0,70,0
11-05 16:25:03,16.943,2.242,71.509,7.973,0,5607820,123112,166128,2132248,52141.030,24160.461,0,1275.695,0,162.452,3992,5275,0.750,1.210,1.190,2,0,0.997,0,0,18,313,0,71,0
11-05 16:25:04,12.006,2.251,78.287,5.753,0,5607836,122860,166272,2132340,16668.773,4910.290,0,1320.616,0,172.080,3995,5764,0.750,1.210,1.190,1,0,0,0,0,18,313,0,74,0
11-05 16:25:05,8.953,1.492,86.293,2.238,0,5607740,122860,166308,2132400,17314.298,4709.059,0,604.797,0,51.726,2562,3441,0.750,1.210,1.190,6,0,0,0,0,18,314,0,78,0
11-05 16:25:06,16.638,2.521,72.601,7.311,0,5608380,121852,166516,2132560,28646.253,9787.058,0,1915.868,0,250.071,4909,7228,0.750,1.210,1.190,1,0,0,0,0,18,313,0,78,0
11-05 16:25:07,1.995,0.249,95.283,0.998,0,5608060,121852,166544,2132852,7825.187,484.896,0,594.646,0,33.923,1344,1910,0.690,1.190,1.190,2,0,0,0,0,18,314,0,78,0
11-05 16:25:08,8.990,2.248,80.161,6.493,0,5608660,120844,166696,2133108,8635.435,3227.425,15.982,1530.305,0.999,163.819,3495,5347,0.690,1.190,1.190,1,0,0,0,0,18,313,0,83,0
11-05 16:25:09,8.256,2.001,83.557,5.003,0,5608528,120844,166780,2133156,12314.458,3137.155,0,1264.869,0,140.096,2920,4209,0.690,1.190,1.190,1,0,0,0,0,18,313,0,84,0
11-05 16:25:10,8.754,1.251,85.286,3.752,0,5609456,119836,166896,2133120,9783.077,2698.124,0,1284.535,0,141.059,3005,4397,0.690,1.190,1.190,2,0,0,0,0,18,313,0,87,0
11-05 16:25:11,6.775,1.757,82.058,7.528,0,5609304,119584,167020,2133400,6303.685,487.833,0,4617.349,0,294.105,2804,4298,0.690,1.190,1.190,1,1,0,0,0,18,314,0,86,0
11-05 16:25:12,10.691,1.492,78.570,7.459,0,5609348,119332,167184,2133444,39244.082,11810.321,0,3584.370,0,272.508,3222,4713,0.800,1.200,1.190,1,0,0,0,0,18,313,0,87,0
11-05 16:25:13,18.064,4.265,67.488,8.781,0,5609792,118576,167360,2133580,8782.010,487.722,0,2834.007,0,251.889,6144,9517,0.800,1.200,1.190,2,0,1.004,0,0,18,314,0,87,0
11-05 16:25:14,21.263,5.003,63.038,8.755,0,5601140,147004,166008,2115936,8092.916,486.295,16.010,2961.799,1.001,334.203,7600,12013,0.800,1.200,1.190,1,0,0,0,0,18,314,0,87,0
11-05 16:25:15,18.531,4.257,61.605,14.024,0,5601448,146272,166160,2116208,6546.122,486.827,0,6066.306,0,798.356,7176,10350,0.800,1.200,1.190,2,0,0,0,0,18,313,0,83,0
11-05 16:25:16,2.239,0.995,92.300,2.737,0,5601540,146048,166212,2116288,3908.948,483.643,0,2420.204,0,101.505,1724,2674,0.800,1.200,1.190,2,0,0,0,0,18,314,0,83,0
11-05 16:25:17,10.999,2.750,72.741,12.249,0,5601728,145592,166376,2116392,14826.265,3232.622,0,5071.407,0,370.957,3833,6149,0.730,1.180,1.180,2,1,0,0,0,18,313,0,86,0
11-05 16:25:18,7.999,2.000,83.742,5.249,0,5601844,145340,166472,2116432,13430.711,3155.697,0,1715.835,0,196.981,2837,4165,0.730,1.180,1.180,1,0,0,0,0,18,313,0,87,0
11-05 16:25:19,10.489,1.748,80.666,5.744,0,5602072,144840,166532,2116644,11988.540,2520.380,0,1058.899,0,91.904,3374,4778,0.730,1.180,1.180,2,0,0,0,0,18,314,0,89,0
11-05 16:25:20,3.756,1.002,91.393,3.255,0,5602440,144348,166624,2116676,10582.522,715.116,0,2187.415,0,216.338,2037,2996,0.730,1.180,1.180,4,1,0,0,0,18,314,0,89,0
11-05 16:25:21,12.486,1.498,80.412,3.246,0,5595828,150660,166728,2116872,32092.752,11730.117,0,3396.270,0,419.539,3852,4669,0.730,1.180,1.180,1,0,0,0,0,18,313,0,91,0
11-05 16:25:22,18.269,4.004,69.322,7.007,0,5596268,149944,166828,2117032,12077.607,486.508,0,2690.809,0,252.263,6469,9908,0.910,1.210,1.190,2,0,1.001,0,0,18,314,0,91,0
11-05 16:25:23,20.302,4.261,64.665,8.522,0.251,5596824,148940,166996,2117312,5756.655,487.240,0,3901.934,0,396.008,7385,11701,0.910,1.210,1.190,5,0,1.003,0,0,18,314,0,87,0
11-05 16:25:24,22.976,4.246,67.680,3.996,0.250,5597696,147680,167116,2117580,7835.916,485.499,31.967,2109.823,0.999,212.780,7750,11470,0.910,1.210,1.190,2,0,0,0,0,18,314,0,89,0
11-05 16:25:25,18.222,4.493,60.156,14.727,0,5597600,147428,167288,2117756,9557.129,485.245,0,4888.394,0,459.285,7262,11759,0.910,1.210,1.190,1,3,0,0,0,18,314,0,90,0
11-05 16:25:26,21.266,4.754,62.547,9.757,0,5597652,146924,167480,2118016,37007.555,486.362,0,6156.584,0,442.329,7418,11513,0.910,1.210,1.190,3,0,0,0,0,18,314,0,92,0
11-05 16:25:27,28.209,15.228,47.680,7.489,0,5609848,167664,166068,2087460,10516.639,485.291,443.352,2640.144,25.962,232.660,9731,28196,1.080,1.240,1.200,3,0,453.338,0,0,18,314,0,96,0
11-05 16:25:28,16.560,4.266,62.979,13.047,0,5609836,167412,166212,2087580,5612.414,487.774,0,2673.725,0,284.033,6181,9782,1.080,1.240,1.200,2,0,0,0,0,18,314,0,92,0
11-05 16:25:29,19.282,3.506,61.853,13.523,0,5609680,167160,166372,2087828,7900.172,486.812,0,3846.413,0,306.511,6463,10293,1.080,1.240,1.200,2,1,0,0,0,18,314,0,94,0
11-05 16:25:30,13.932,2.985,74.386,7.215,0,5610092,166404,166468,2088076,5744.874,483.632,0,5035.348,0,355.261,5647,8791,1.080,1.240,1.200,1,0,0,0,0,18,313,0,96,0
11-05 16:25:31,2.752,1.001,80.806,13.259,0,5604668,171792,166480,2088100,5117.528,528.364,16.011,5924.084,1.001,745.514,2278,2827,1.080,1.240,1.200,3,0,0,0,0,18,314,0,96,0
11-05 16:25:32,4.493,1.248,92.102,1.498,0,5605128,171288,166484,2088140,7263.360,579.072,0,914.534,0,84.864,2310,3436,1,1.220,1.200,1,0,0,0,0,18,313,0,90,0
11-05 16:25:33,11.241,2.498,79.436,5.246,0,5605016,171288,166516,2088220,13818.940,3222.421,0,1838.529,0,195.843,3731,5654,1,1.220,1.200,1,0,0.999,0,0,18,315,0,93,0
11-05 16:25:34,10.988,1.249,83.905,2.497,0,5605484,170784,166520,2088252,10114.541,2693.948,0,627.289,0,47.946,2843,3763,1,1.220,1.200,2,0,0,0,0,18,315,0,97,0
11-05 16:25:35,12.544,2.007,75.261,9.282,0,5605192,170784,166580,2088484,29161.174,9651.486,0,1340.651,0,170.592,3578,5042,1,1.220,1.200,4,0,0,0,0,18,316,0,97,0
11-05 16:25:36,7.786,1.256,87.403,2.009,0,5605164,170784,166592,2088500,26207.856,9435.511,0,872.021,0,62.287,2270,2928,1,1.220,1.200,3,0,0,0,0,18,316,0,95,0
11-05 16:25:37,8.440,1.241,84.148,4.964,0,5604972,170784,166644,2088640,10557.486,536.165,15.886,1386.086,0.993,138.013,3202,4658,1,1.210,1.200,1,0,0,0,0,18,315,0,96,0
11-05 16:25:38,12.250,3.000,72.252,12.000,0,5605180,170280,166744,2088836,12211.352,3224.093,0,4588.132,0,333.010,4048,6049,1,1.210,1.200,3,1,0,0,0,18,315,0,101,0
11-05 16:25:39,5.514,2.256,83.718,7.520,0,5605076,170280,166796,2088888,6710.509,487.271,0,2438.362,0,173.453,2492,3724,1,1.210,1.200,2,2,0,0,0,18,316,0,102,0
11-05 16:25:40,7.740,0.999,83.640,5.493,0,5605428,169776,166884,2088952,13094.744,3219.757,0,1306.279,0,154.796,3065,4842,1,1.210,1.200,1,0,0,0,0,18,315,0,103,0
11-05 16:25:41,5.489,1.747,87.079,3.992,0,5605236,169776,166924,2089104,9686.949,485.046,0,726.571,0,74.853,2250,3344,1,1.210,1.200,2,0,0,0,0,18,315,0,104,0
11-05 16:25:42,7.270,1.755,88.489,1.504,0,5605904,169032,166960,2089144,8890.013,487.316,0,834.253,0,80.217,2681,3937,1.160,1.240,1.200,2,0,1.003,0,0,18,315,0,105,0
11-05 16:25:43,11.751,2.250,83.507,1.000,0,5613816,161020,166996,2089208,16237.279,4734.373,0,708.056,0,64.005,3358,4538,1.160,1.240,1.200,1,0,4.000,0,0,18,316,0,111,0
11-05 16:25:44,16.577,2.763,73.594,6.531,0,5613552,161020,167112,2089356,28786.533,9751.574,0,2290.706,0,217.014,5025,7111,1.160,1.240,1.200,3,0,4.019,0,0,18,316,0,114,0
11-05 16:25:45,21.714,4.492,63.893,7.487,0,5613384,160768,167308,2089580,9082.782,485.187,0,4680.159,0,466.219,8126,13039,1.160,1.240,1.200,1,1,0,0,0,18,316,0,114,0
11-05 16:25:46,18.443,4.984,63.552,11.464,0,5613436,160264,167424,2089916,7532.551,484.492,0,3808.145,0,317.013,6548,10543,1.160,1.240,1.200,2,1,0,0,0,18,316,0,115,0
11-05 16:25:47,14.260,2.752,58.041,23.016,0,5612224,161248,167508,2090060,7203.059,486.342,32.022,10331.257,1.001,1054.741,5942,8527,1.140,1.240,1.200,2,0,0,0,0,18,315,0,116,0
11-05 16:25:48,10.242,2.498,82.188,3.497,0,5611200,162064,167564,2090212,11159.599,3051.703,0,1330.998,0,143.892,3331,4807,1.140,1.240,1.200,1,0,0,0,0,18,316,0,115,0
11-05 16:25:49,4.766,0.753,92.566,0.753,0,5611340,161812,167600,2090288,9441.266,662.263,0,874.990,0,73.250,2031,2926,1.140,1.240,1.200,3,1,0,0,0,18,316,0,116,0
11-05 16:25:50,10.459,2.241,81.929,3.735,0,5611248,161812,167624,2090356,13104.576,5054.167,0,1087.732,0,112.558,3135,4641,1.140,1.240,1.200,2,0,0.996,0,0,18,316,0,119,0
11-05 16:25:51,6.280,1.256,89.425,2.512,0,5611200,161812,167656,2090372,14994.278,3215.284,0,799.802,0,72.344,2239,3007,1.140,1.240,1.200,2,0,0,0,0,18,316,0,122,0
11-05 16:25:52,5.717,0.994,88.733,2.486,0,5611612,161336,167684,2090408,13066.882,2508.388,0,811.274,0,75.560,2219,3279,1.050,1.220,1.200,3,0,0,0,0,18,316,0,112,0
11-05 16:25:53,9.020,1.754,81.430,6.264,0,5611608,161128,167736,2090568,30780.005,9486.960,0,3776.343,0,394.872,3153,3906,1.050,1.220,1.200,1,0,1.002,0,0,18,316,0,113,0
11-05 16:25:54,11.703,1.245,84.410,1.494,0,5612140,160532,167752,2090616,25199.410,9320.425,0,956.145,0,104.578,2692,3254,1.050,1.220,1.200,1,0,0,0,0,18,317,0,115,0
11-05 16:25:55,3.756,1.502,93.899,0.250,0,5612588,160060,167768,2090624,5281.377,486.772,0,584.928,0,41.065,1562,2092,1.050,1.220,1.200,1,0,6.010,0,0,18,317,0,116,0
11-05 16:25:56,17.541,3.258,65.404,11.778,0,5612640,159556,167964,2090880,30202.957,9957.393,0,2345.510,0,278.655,5598,8722,1.050,1.220,1.200,4,0,0,0,0,18,316,0,104,0
11-05 16:25:57,20.103,4.021,59.053,14.324,0,5612436,159304,168308,2090992,12418.786,542.788,0,6863.251,0,577.969,7571,12288,1.050,1.220,1.200,2,1,0,0,0,18,316,0,106,0
11-05 16:25:58,22.979,4.995,66.939,3.996,0,5613180,158044,168496,2091320,9023.838,539.512,0,4487.940,0,330.701,8244,12736,1.050,1.220,1.200,1,0,0,0,0,18,317,0,106,0
11-05 16:25:59,5.211,1.241,88.096,3.971,0,5613064,158044,168560,2091372,8264.653,482.419,0,1004.544,0,94.300,2505,3697,1.050,1.220,1.200,1,0,0,0,0,18,315,0,106,0
11-05 16:26:00,13.518,2.503,78.853,4.256,0,5613024,157804,168640,2091572,26862.181,9424.343,0,1285.684,0,125.164,3663,4938,1.050,1.220,1.200,1,0,0,0,0,18,316,0,99,0
11-05 16:26:01,11.073,2.013,82.794,2.265,0,5613048,157552,168788,2091652,11216.739,827.440,0,1175.729,0,120.794,4105,6128,1.050,1.220,1.200,3,0,0,0,0,18,316,0,102,0
11-05 16:26:02,20.907,4.729,59.733,12.444,0,5612160,157552,169112,2092216,7233.666,537.597,0,5587.027,0,508.726,7858,12657,1.280,1.260,1.210,3,1,0,0,0,18,316,0,102,0
11-05 16:26:03,27.235,4.248,54.970,11.744,0,5613616,155564,169292,2092568,45146.658,18621.960,0,6408.545,0,454.755,7133,11467,1.280,1.260,1.210,2,2,0.999,0,0,18,316,0,105,0
11-05 16:26:04,12.713,3.490,62.569,18.945,0,5613172,155828,169400,2092640,11988.291,3121.961,15.954,5508.053,0.997,730.884,5045,7190,1.280,1.260,1.210,2,0,0,0,0,18,316,0,100,0
11-05 16:26:05,7.799,1.258,84.526,6.289,0,5613188,155628,169452,2092772,8986.972,664.136,48.301,1283.997,2.013,95.595,2513,3667,1.280,1.260,1.210,2,0,0,0,0,18,316,0,101,0
11-05 16:26:06,7.228,2.243,84.494,3.988,0,5613216,155376,169532,2092916,12611.846,3296.029,0,1830.462,0,200.394,3165,4932,1.280,1.260,1.210,1,0,0,0,0,18,315,0,102,0
11-05 16:26:07,11.472,2.993,79.553,4.489,0,5613192,154980,169612,2093256,15828.728,3296.820,0,1851.407,0,205.490,3803,5720,1.260,1.260,1.210,3,0,0,0,0,18,315,0,103,0
11-05 16:26:08,10.260,1.752,80.575,5.755,0,5613760,154252,169696,2093332,8851.266,680.636,0,1337.249,0,146.136,3314,4768,1.260,1.260,1.210,4,0,0,0,0,18,316,0,104,0
11-05 16:26:09,5.000,1.250,89.755,3.000,0,5613700,154252,169724,2093364,12052.687,3166.180,0,940.054,0,73.004,2049,2918,1.260,1.260,1.210,3,0,0,0,0,18,316,0,97,0
11-05 16:26:10,14.520,2.504,66.844,13.769,0,5613328,154300,169856,2093556,27460.755,11705.520,0,3557.020,0,255.360,3968,5769,1.260,1.260,1.210,2,1,0,0,0,18,316,0,98,0
11-05 16:26:11,11.526,2.005,78.428,7.016,0,5614064,153320,169996,2093660,21214.134,7685.438,0,3519.987,0,263.598,3722,5379,1.260,1.260,1.210,2,0,0,0,0,18,316,0,99,0
11-05 16:26:12,13.181,1.990,78.339,5.471,0,5614132,153068,170136,2093704,25498.076,7430.970,0,1468.288,0,159.164,3877,5281,1.160,1.240,1.200,3,0,0,0,0,18,316,0,99,0
11-05 16:26:13,11.276,1.503,83.945,2.005,0.251,5614152,152816,170204,2093868,32753.055,11684.132,0,1110.579,0,105.244,3340,4396,1.160,1.240,1.200,2,0,1.002,0,0,18,315,0,94,0
11-05 16:26:14,10.517,1.753,82.136,4.507,0,5614236,152564,170308,2093932,28143.433,9601.842,0,1238.043,0,132.218,3065,4099,1.160,1.240,1.200,2,0,0,0,0,18,316,0,94,0
11-05 16:26:15,21.649,4.479,63.455,8.461,0,5614376,152060,170524,2094080,7138.763,537.497,0,3798.315,0,383.216,7732,12358,1.160,1.240,1.200,1,1,0,0,0,18,316,0,95,0
11-05 16:26:16,20.162,3.528,61.494,12.097,0,5615524,150548,170680,2094288,8474.050,544.372,0,5157.416,0,396.182,7215,11189,1.160,1.240,1.200,2,1,0,0,0,18,316,0,97,0
11-05 16:26:17,18.716,3.494,65.632,10.481,0,5615976,149540,170820,2094704,8580.601,485.129,95.828,3629.486,3.993,278.500,6293,9754,1.230,1.250,1.210,3,0,0,0,0,18,316,0,97,0
11-05 16:26:18,21.169,3.487,67.991,5.977,0,5616012,149036,170948,2095044,4391.252,537.948,0,3151.978,0,215.179,7366,10867,1.230,1.250,1.210,2,1,0,0,0,18,316,0,99,0
11-05 16:26:19,15.842,3.269,60.855,17.603,0,5615488,149116,171124,2095312,8932.105,543.169,0,5765.634,0,889.187,6436,9881,1.230,1.250,1.210,0,3,0,0,0,18,316,0,99,0
11-05 16:26:20,15.439,3.486,55.779,23.407,0,5616276,148112,171224,2095428,7095.925,537.872,0,5665.584,0,522.931,6205,9477,1.230,1.250,1.210,1,1,0,0,0,18,316,0,100,0
11-05 16:26:21,19.475,3.495,65.415,8.988,0,5616740,147356,171296,2095648,8012.620,3085.004,0,4362.349,0,355.539,6588,9675,1.230,1.250,1.210,1,0,0,0,0,18,316,0,94,0
11-05 16:26:22,5.498,1.749,87.961,3.498,0,5616884,147104,171344,2095708,14921.340,783.650,0,1327.408,0,120.946,2626,3908,1.130,1.230,1.200,3,1,0,0,0,18,316,0,94,0
11-05 16:26:23,6.242,1.748,85.388,5.992,0,5617548,146352,171392,2095748,11095.410,3143.866,0,1122.524,0,122.838,2680,4080,1.130,1.230,1.200,3,0,0.999,0,0,18,315,0,94,0
11-05 16:26:24,9.008,2.252,78.821,8.508,0,5617888,145848,171468,2095836,13275.036,3271.967,0,1329.205,0,140.127,3606,5174,1.130,1.230,1.200,1,0,0,0,0,18,315,0,96,0
11-05 16:26:25,8.014,1.503,79.141,9.267,0,5618480,145092,171508,2095960,14872.497,2826.035,0,4716.403,0,460.821,3100,4072,1.130,1.230,1.200,1,0,0,0,0,18,315,0,92,0
11-05 16:26:26,6.523,1.505,85.806,4.767,0,5618344,145092,171552,2096052,7876.110,541.934,0,1111.969,0,114.408,2721,4099,1.130,1.230,1.200,1,6,0,0,0,18,315,0,92,1
11-05 16:26:27,7.954,3.977,80.782,5.468,0,5620692,173092,170036,2067332,16372.163,3185.547,0,874.932,0,74.568,3052,15912,1.120,1.220,1.200,1,0,35.793,0,0,18,315,0,94,0
11-05 16:26:28,7.751,1.500,83.758,5.751,0,5621112,172588,170084,2067368,25093.412,2697.259,0,1080.104,0,105.010,2908,3930,1.120,1.220,1.200,1,0,0,0,0,18,315,0,95,0
11-05 16:26:29,8.508,2.002,77.321,10.510,0,5620948,172588,170172,2067444,9339.568,3205.941,0,3839.522,0,285.262,3422,5404,1.120,1.220,1.200,1,1,0,0,0,18,315,0,89,0
11-05 16:26:30,7.499,1.750,83.734,5.249,0,5620744,172588,170208,2067612,11787.719,2750.468,0,2907.437,0,230.955,2704,3896,1.120,1.220,1.200,1,0,0,0,0,18,315,0,91,0
11-05 16:26:31,7.752,2.001,86.277,3.001,0,5621740,171584,170224,2067644,12848.968,3071.949,0,892.276,0,100.031,2853,4060,1.120,1.220,1.200,1,0,2.001,0,0,18,316,0,91,0
11-05 16:26:32,5.020,1.506,90.608,1.757,0,5621672,171584,170240,2067692,12982.267,811.203,0,811.203,0,86.341,2327,3484,1.030,1.200,1.190,3,1,0,0,0,18,316,0,92,0
11-05 16:26:33,4.236,1.246,89.711,3.240,0,5621592,171584,170268,2067744,10205.083,2688.329,0,948.939,0,93.698,2137,3271,1.030,1.200,1.190,1,0,0.997,0,0,18,315,0,85,0
11-05 16:26:34,10.475,1.995,80.810,4.739,0,5621272,171584,170336,2067996,9256.287,2744.562,0,2059.170,0,158.628,3630,5329,1.030,1.200,1.190,3,0,0,0,0,18,315,0,85,0
11-05 16:26:35,9.250,1.750,82.499,5.750,0,5621696,171080,170372,2068040,16979.727,4737.924,0,1223.980,0,131.998,3050,4315,1.030,1.200,1.190,1,0,0,0,0,18,316,0,85,0
11-05 16:26:36,14.568,3.014,69.575,11.052,0,5621348,171288,170412,2068140,24812.756,7634.617,32.150,4770.254,1.005,604.822,4741,6659,1.030,1.200,1.190,2,1,0,0,0,18,316,0,85,0
11-05 16:26:37,18.502,3.750,57.255,17.752,0,5621268,171036,170492,2068392,9778.918,540.051,0,4260.400,0,406.038,6649,10824,1.110,1.220,1.200,3,1,1.000,0,0,18,316,0,82,0
11-05 16:26:38,19.556,3.761,63.682,10.781,0,5622076,170028,170560,2068524,8267.616,541.547,0,5896.844,0,409.169,6903,10643,1.110,1.220,1.200,0,1,0,0,0,18,316,0,83,0
11-05 16:26:39,16.125,3.721,73.926,5.210,0,5622212,169524,170612,2068840,10518.259,482.252,47.630,1976.639,1.985,219.296,5820,8636,1.110,1.220,1.200,1,0,0,0,0,18,315,0,86,0
11-05 16:26:40,7.256,1.751,85.818,3.503,0,5622616,169048,170656,2068868,10611.405,540.428,0,1208.958,0,100.079,2656,3698,1.110,1.220,1.200,2,0,0,0,0,18,316,0,86,0
11-05 16:26:41,10.254,2.251,72.776,13.505,0,5623172,168292,170740,2068984,5284.899,540.194,0,1696.610,0,200.072,3924,5911,1.110,1.220,1.200,1,0,0,0,0,18,315,0,77,0
11-05 16:26:42,12.009,2.002,78.559,5.754,0,5623028,168292,170792,2069076,11025.288,540.406,0,1693.273,0,190.143,4693,7068,1.020,1.200,1.190,2,1,0,0,0,18,316,0,78,0
11-05 16:26:43,18.099,4.022,59.323,16.590,0,5622776,168292,170872,2069248,9065.435,542.961,0,3551.366,0,337.842,6563,9981,1.020,1.200,1.190,0,2,1.005,0,0,18,316,0,78,0
11-05 16:26:44,18.183,3.985,59.032,16.688,0,5623836,166792,170968,2069592,6013.761,538.010,0,6484.022,0,476.239,6621,10186,1.020,1.200,1.190,2,1,2.989,0,0,18,316,0,79,0
11-05 16:26:45,22.702,4.989,63.864,6.985,0,5630668,159748,170992,2069780,7551.959,484.970,0,2095.549,0,164.650,7380,11030,1.020,1.200,1.190,2,0,2.994,0,0,18,316,0,71,0
11-05 16:26:46,20.499,4.750,62.746,10.249,0,5630352,159748,171052,2070036,8229.449,539.964,0,2847.809,0,324.978,7292,11514,1.020,1.200,1.190,2,0,2.000,0,0,18,316,0,73,0
11-05 16:26:47,21.769,3.753,64.806,7.757,0,5631228,158488,171108,2070364,9699.384,540.467,0,2269.962,0,238.206,7133,10939,1.100,1.210,1.190,4,1,0,0,0,18,316,0,73,0
11-05 16:26:48,10.000,5.000,66.502,17.000,0,5627516,154720,171120,2077816,9131.231,540.014,0,7352.186,0,918.023,4335,5506,1.100,1.210,1.190,3,0,2.000,0,0,18,315,0,74,0
11-05 16:26:49,11.007,2.251,81.548,3.502,0,5627440,154720,171152,2077860,3943.340,540.321,0,2145.273,0,128.076,3627,5491,1.100,1.210,1.190,6,0,0,0,0,18,316,0,67,0
11-05 16:26:50,20.984,3.997,61.953,11.491,0,5627244,154720,171220,2077988,5679.719,539.593,3.997,2917.801,0.999,338.745,6031,9327,1.100,1.210,1.190,3,0,0,0,0,18,316,0,68,0
11-05 16:26:51,17.837,4.271,64.061,12.310,0,5628140,153460,171336,2078236,9620.742,488.373,0,5032.450,0,377.836,6147,9969,1.100,1.210,1.190,2,2,0,0,0,18,316,0,68,0
11-05 16:26:52,19.749,3.250,61.997,12.249,0,5628696,152452,171544,2078480,8282.606,539.974,31.998,5311.747,1.000,417.980,7131,11293,1.090,1.210,1.190,3,0,0,0,0,18,316,0,69,0
11-05 16:26:53,19.475,3.495,63.169,11.735,0,5629536,151192,171684,2078760,8419.139,539.304,0,2676.547,0,317.590,7378,11510,1.090,1.210,1.190,1,1,0.999,0,0,18,316,0,69,0
11-05 16:26:54,18.949,3.740,64.576,10.721,0,5629712,150688,171860,2078908,7706.283,538.552,0,2565.104,0,279.249,7078,11027,1.090,1.210,1.190,2,0,0,0,0,18,316,0,60,0
11-05 16:26:55,23.750,6.000,66.500,3.000,0,5632576,147416,171964,2079212,9149.965,539.998,0,1999.992,0,190.999,7617,11621,1.090,1.210,1.190,2,0,6.000,0,0,18,316,0,60,0
11-05 16:26:56,16.432,2.739,66.225,11.701,0,5632616,146912,172164,2079476,10235.421,3254.462,0,4345.921,0,395.355,5723,8880,1.090,1.210,1.190,9,1,0,0,0,18,315,0,61,0
11-05 16:26:57,7.759,2.002,77.843,11.263,0,5632720,146660,172272,2079516,10430.415,2832.371,0,5883.002,0,371.442,2959,5064,1,1.190,1.180,3,0,0,0,0,18,315,0,61,0
11-05 16:26:58,12.338,2.014,78.311,6.043,0,5633824,145400,172356,2079588,28305.606,9687.340,0,1301.315,0,147.053,3492,4930,1,1.190,1.180,1,0,0,0,0,18,316,0,59,0
11-05 16:26:59,6.004,1.001,89.804,1.751,0,5633532,145400,172404,2079832,14323.594,3511.107,0,892.535,0,90.054,2498,3740,1,1.190,1.180,2,0,1.001,0,0,18,318,0,59,0
11-05 16:27:00,10.452,1.991,80.382,5.475,0,5633512,145148,172468,2080040,3715.007,537.541,15.927,1692.259,0.995,210.039,3814,6033,1,1.190,1.180,3,0,0,0,0,18,318,0,59,0
11-05 16:27:01,13.216,1.745,80.292,3.242,0,5635148,143384,172512,2080124,33819.596,12005.972,0,1488.154,0,178.539,3505,4713,1,1.190,1.180,1,0,0,0,0,18,317,0,60,0
11-05 16:27:02,16.266,3.754,68.567,10.260,0,5635176,143132,172628,2080232,8715.546,540.530,0,2422.375,0,292.287,5972,9409,1.080,1.200,1.190,2,0,0,0,0,18,319,0,56,0
11-05 16:27:03,29.329,4.261,50.134,14.790,0,5634728,143132,172804,2080504,48774.743,18627.933,0,5330.288,0,506.357,8039,12673,1.080,1.200,1.190,3,1,1.003,0,0,18,318,0,56,0
11-05 16:27:04,17.306,4.765,61.448,15.049,0,5635028,142376,172984,2080780,6514.036,487.575,0,8330.903,0,557.801,6667,10818,1.080,1.200,1.190,1,0,0,0,0,18,318,0,56,0
11-05 16:27:05,21.088,4.218,66.986,4.714,0,5636724,140360,173024,2081060,3975.502,482.300,0,1262.316,0,138.934,6884,10635,1.080,1.200,1.190,4,1,0,0,0,18,318,0,56,0
11-05 16:27:06,8.260,2.002,84.848,3.504,0,5637056,139856,173112,2081144,11988.891,3275.796,16.019,1998.315,1.001,190.220,3277,5091,1.080,1.200,1.190,2,0,0,0,0,18,317,0,51,0
11-05 16:27:07,15.263,2.502,72.811,8.007,0,5638936,137588,173232,2081412,14761.354,2525.113,60.050,9628.058,4.003,177.148,4513,6534,1.070,1.200,1.190,4,0,0,0,0,18,318,0,51,0
11-05 16:27:08,9.036,1.506,84.081,4.518,0,5638888,137588,173276,2081416,24216.194,9876.826,0,1465.762,0,115.454,2487,3502,1.070,1.200,1.190,2,0,0,0,0,18,318,0,51,0
11-05 16:27:09,18.035,4.008,61.872,13.026,0,5638860,137336,173412,2081560,6923.606,541.063,0,5759.318,0,527.036,7299,12097,1.070,1.200,1.190,4,1,0,0,0,18,318,0,51,0
11-05 16:27:10,21.218,4.493,58.910,13.230,0.250,5639268,136580,173524,2081796,10367.161,485.259,0,5587.464,0,435.335,7589,12164,1.070,1.200,1.190,3,0,0,0,0,18,318,0,46,0
11-05 16:27:11,17.654,3.978,64.647,11.935,0,5639744,135824,173576,2082024,10557.398,537.070,0,1973.234,0,183.002,6232,9184,1.070,1.200,1.190,3,0,0,0,0,18,318,0,46,0
11-05 16:27:12,8.009,1.251,79.589,9.010,0,5639716,135600,173620,2082232,16473.342,3273.645,0,5141.725,0,425.474,3439,5072,0.990,1.180,1.180,3,0,0,0,0,18,317,0,48,0
11-05 16:27:13,14.236,2.248,81.673,0.999,0,5640224,134844,173660,2082440,33765.979,16064.766,0,1414.658,0,121.884,3294,4144,0.990,1.180,1.180,1,0,1.998,0,0,18,320,0,48,0
11-05 16:27:14,9.518,1.002,87.167,1.002,0,5640176,134844,173680,2082468,37826.458,14711.180,0,813.558,0,75.144,2272,2727,0.990,1.180,1.180,1,0,0,0,0,18,320,0,46,0
11-05 16:27:15,14.221,1.746,79.588,2.744,0,5640888,133836,173700,2082744,40510.637,18445.498,0,838.296,0,71.854,3146,3942,0.990,1.180,1.180,1,0,0,0,0,18,321,0,46,0
11-05 16:27:16,10.763,0.751,86.352,0.751,0,5640844,133836,173708,2082780,39179.374,14711.413,0,1109.313,0,52.062,2363,2891,0.990,1.180,1.180,1,0,0,0,0,18,320,0,46,0
11-05 16:27:17,14.562,1.758,79.591,3.264,0,5641996,132324,173772,2083076,33216.392,11943.198,0,1012.340,0,101.435,3022,3930,0.910,1.160,1.170,2,0,0,0,0,18,321,0,48,0
11-05 16:27:18,8.750,1.750,76.254,11.751,0,5642124,132072,173880,2083092,27419.492,8766.477,0,5096.277,0,335.018,3074,4538,0.910,1.160,1.170,2,1,0,0,0,18,321,0,42,0
11-05 16:27:19,20.953,4.240,62.858,10.726,0,5642332,131568,173988,2083280,14548.075,3554.954,0,3851.284,0,367.169,7188,11351,0.910,1.160,1.170,2,0,0,0,0,18,320,0,42,0
11-05 16:27:20,20.457,4.241,64.364,7.983,0,5642448,131064,174056,2083600,4675.146,484.978,31.933,3488.646,0.998,298.371,7330,11394,0.910,1.160,1.170,3,0,0,0,0,18,320,0,42,0
11-05 16:27:21,22.262,4.753,64.785,6.003,0,5643604,129552,174112,2083900,6685.577,626.335,0,2529.353,0,275.147,7694,11764,0.910,1.160,1.170,3,0,0,0,0,18,318,0,48,0
11-05 16:27:22,4.496,1.499,86.171,6.244,0,5643828,129300,174124,2083916,16555.762,3140.110,0,1474.643,0,130.880,2386,3560,0.840,1.140,1.170,3,0,0,0,0,18,318,0,44,0
11-05 16:27:23,10.748,1.750,71.485,14.247,0,5643748,129300,174156,2083964,29791.822,9661.996,0,3403.294,0,271.944,3395,4958,0.840,1.140,1.170,1,1,1.000,0,0,18,317,0,44,0
11-05 16:27:24,12.226,1.996,75.600,8.733,0,5644000,128796,174208,2084164,26333.719,9472.195,0,3732.590,0,273.457,3599,5060,0.840,1.140,1.170,2,0,0,0,0,18,318,0,45,0
11-05 16:27:25,16.128,3.780,74.842,4.788,0,5644116,128544,174248,2084260,12145.053,2814.257,0,1862.732,0,188.491,5498,8232,0.840,1.140,1.170,2,1,0,0,0,18,318,0,45,0
11-05 16:27:26,22.151,4.231,64.961,6.720,0,5644284,128040,174308,2084536,11130.419,537.605,0,3795.095,0,392.253,7826,12459,0.840,1.140,1.170,4,0,0,0,0,18,318,0,43,0
11-05 16:27:27,24.989,6.497,63.971,3.498,0,5656864,140132,173044,2061212,9400.695,539.753,0,1971.097,0,179.918,7572,22822,0.850,1.130,1.170,1,2,35.984,0,0,18,318,0,44,0
11-05 16:27:28,8.756,1.751,75.804,11.758,0,5657784,138972,173088,2061408,8211.822,3401.411,0,1901.348,0,181.128,3256,4988,0.850,1.130,1.170,1,0,0,0,0,18,317,0,45,0
11-05 16:27:29,9.700,2.239,80.338,6.467,0,5649552,147148,173104,2061448,14411.050,5169.473,0,5933.552,0,373.086,3257,4286,0.850,1.130,1.170,3,0,1.990,0,0,18,318,0,46,0
11-05 16:27:30,14.880,2.018,75.156,7.062,0,5649544,146908,173144,2061656,23816.813,7324.913,0,4882.603,0,303.649,4704,6992,0.850,1.130,1.170,2,1,0,0,0,18,318,0,40,0
11-05 16:27:31,21.941,4.239,61.086,11.220,0,5649792,146404,173244,2061812,5527.196,538.558,0,5904.187,0,554.515,8139,13303,0.850,1.130,1.170,2,0,0,0,0,18,318,0,40,0
11-05 16:27:32,23.587,4.266,65.240,6.022,0,5649520,146404,173272,2062056,13226.677,582.142,0,2131.846,0,191.706,7331,11091,0.860,1.130,1.170,3,0,0,0,0,18,318,0,43,0
11-05 16:27:33,20.910,4.730,63.974,7.219,0,5649348,146152,173356,2062396,6671.172,537.677,0,3277.836,0,394.296,7970,12734,0.860,1.130,1.170,2,0,0.996,0,0,18,318,0,44,0
11-05 16:27:34,20.457,4.241,62.368,10.977,0,5649540,145648,173420,2062644,10586.640,484.976,0,6011.303,0,456.037,7573,12007,0.860,1.130,1.170,1,2,0,0,0,18,318,0,44,0
11-05 16:27:35,20.042,4.259,62.130,11.524,0,5650228,144640,173448,2062936,6711.049,681.427,0,5062.598,0,409.858,6547,10286,0.860,1.130,1.170,2,0,0,0,0,18,318,0,44,0
11-05 16:27:36,5.985,1.496,87.039,3.990,0,5642604,152228,173464,2062956,7754.162,3077.524,0,1053.441,0,115.719,2552,3931,0.860,1.130,1.170,2,0,0,0,0,18,318,0,44,0
11-05 16:27:37,8.489,1.248,88.884,0.999,0,5642540,152228,173488,2062996,14937.567,3215.816,0,950.763,0,97.873,2361,3430,0.790,1.110,1.160,2,0,0,0,0,18,317,0,44,0
11-05 16:27:38,9.532,1.505,82.776,4.013,0,5642400,152228,173528,2063096,10525.142,2760.216,0,1448.838,0,144.482,3542,5124,0.790,1.110,1.160,1,0,0,0,0,18,317,0,45,0
11-05 16:27:39,8.744,1.749,86.695,1.749,0,5642600,151976,173548,2063128,11378.796,4800.961,0,1195.243,0,113.928,2811,4139,0.790,1.110,1.160,2,0,0,0,0,18,318,0,41,0
11-05 16:27:40,11.256,2.001,82.796,2.001,0,5642812,151724,173572,2063144,25477.221,7735.318,0,1544.862,0,187.104,4080,6130,0.790,1.110,1.160,2,0,0,0,0,18,318,0,41,0
11-05 16:27:41,24.194,4.739,58.615,10.476,0,5642324,151724,173728,2063476,8825.707,484.885,0,4541.558,0,470.917,8559,13818,0.790,1.110,1.160,2,0,0.998,0,0,18,318,0,42,0
11-05 16:27:42,20.783,4.507,63.851,9.765,0,5643168,150468,173856,2063760,13681.558,540.852,0,4250.698,0,325.513,7461,11360,1.050,1.160,1.180,2,1,0,0,0,18,318,0,44,0
11-05 16:27:43,19.020,3.754,63.818,11.262,0,5643516,149740,173968,2064028,10247.990,3085.309,16.017,9918.636,1.001,591.634,6689,9960,1.050,1.160,1.180,1,0,1.001,0,0,18,318,0,40,0
11-05 16:27:44,7.987,1.498,83.365,4.742,0,5643552,149500,174012,2064188,8593.116,2746.562,0,1194.071,0,113.816,3032,4536,1.050,1.160,1.180,3,0,2.995,0,0,18,318,0,40,0
11-05 16:27:45,11.067,2.515,79.735,6.540,0,5649448,143508,174064,2064232,30868.849,9898.234,0,1935.780,0,108.661,3203,4387,1.050,1.160,1.180,1,4,3.018,0,0,18,318,0,40,0
11-05 16:27:46,19.407,4.727,61.454,11.694,0,5648336,144340,174156,2064420,8816.549,537.412,0,3527.018,0,357.280,7442,11660,1.050,1.160,1.180,3,0,1.990,0,0,18,318,0,43,0
11-05 16:27:47,19.845,4.522,62.549,11.304,0,5648192,144100,174276,2064668,7844.488,542.593,0,4103.611,0,406.945,7331,11548,1.040,1.160,1.170,3,1,0,0,0,18,318,0,37,0
11-05 16:27:48,18.618,3.972,61.315,13.901,0,5648128,143876,174340,2064892,7646.697,536.192,0,3991.653,0,327.673,6374,9675,1.040,1.160,1.170,1,1,0,0,0,18,318,0,37,0
11-05 16:27:49,21.145,5.286,62.175,9.817,0,5647712,143876,174456,2065192,6878.045,543.719,32.220,4808.892,1.007,376.576,7533,11507,1.040,1.160,1.170,3,1,0,0,0,18,317,0,38,0
11-05 16:27:50,4.977,0.995,84.119,7.964,0,5647500,143876,174480,2065380,13663.111,3229.372,0,1604.731,0,125.432,2279,3537,1.040,1.160,1.170,3,0,0,0,0,18,317,0,38,0
11-05 16:27:51,11.247,2.249,79.728,4.999,0,5647408,143876,174516,2065436,26477.608,9583.325,0,1631.545,0,153.957,3351,4553,1.040,1.160,1.170,1,0,0,0,0,18,317,0,37,0
11-05 16:27:52,11.978,1.747,81.847,2.745,0,5647320,143876,174556,2065484,28488.839,11667.228,0,1573.065,0,146.726,3196,4462,1.040,1.160,1.170,1,0,0,0,0,18,318,0,37,0
11-05 16:27:53,16.567,2.259,76.809,3.263,0,5647764,143124,174596,2065752,11801.460,783.149,0,1743.010,0,182.735,4870,6749,1.040,1.160,1.170,2,0,1.004,0,0,18,318,0,40,0
11-05 16:27:54,21.956,4.740,62.623,9.481,0,5646784,143852,174756,2065844,7508.829,538.911,0,4830.241,0,466.058,7978,12774,1.040,1.160,1.170,1,1,0,0,0,18,318,0,41,0
11-05 16:27:55,19.954,4.988,61.857,11.224,0,5647960,142268,174864,2066144,8439.475,538.754,0,6050.003,0,431.003,6922,11047,1.040,1.160,1.170,3,0,5.986,0,0,18,318,0,40,0
11-05 16:27:56,21.310,3.761,65.685,6.268,0,5648388,141540,174900,2066408,6643.716,487.373,0,2125.989,0,237.670,7189,10967,1.040,1.160,1.170,3,0,0,0,0,18,318,0,40,0
11-05 16:27:57,20.252,4.750,63.006,10.751,0,5648580,141036,174980,2066640,9927.880,540.048,0,3192.283,0,374.033,7622,11897,1.280,1.200,1.190,2,0,0,0,0,18,318,0,40,0
11-05 16:27:58,20.772,5.005,62.317,9.010,0,5648684,140532,175052,2066968,6093.547,540.581,0,5069.447,0,374.402,7815,12829,1.280,1.200,1.190,5,0,0,0,0,18,318,0,41,0
11-05 16:27:59,20.200,4.489,57.109,17.706,0,5648828,139988,175112,2067308,4114.850,538.671,0,8259.626,0,507.748,6716,10313,1.280,1.200,1.190,1,1,0,0,0,18,318,0,38,0
11-05 16:28:00,19.278,4.506,60.587,12.768,0,5648652,139988,175196,2067400,3568.112,540.775,0,3372.833,0,367.527,7082,11277,1.280,1.200,1.190,2,0,0,0,0,18,318,0,38,0
11-05 16:28:01,24.091,3.513,65.497,5.772,0,5649784,138476,175232,2067744,8326.399,542.044,0,2071.813,0,189.715,8183,12173,1.280,1.200,1.190,3,0,0,0,0,18,318,0,39,0
11-05 16:28:02,22.125,3.729,60.160,12.430,0,5649736,138224,175264,2068012,9472.520,483.272,47.731,2871.786,1.989,311.243,6351,10102,1.260,1.200,1.190,4,0,0,0,0,18,318,0,39,0
11-05 16:28:03,27.037,4.256,52.321,14.019,0,5649792,137972,175336,2068136,47599.337,18855.486,0,6172.343,0,498.674,7459,11268,1.260,1.200,1.190,3,1,1.001,0,0,18,318,0,38,0
11-05 16:28:04,19.540,4.259,64.382,10.021,0,5650732,136712,175380,2068412,7887.191,541.111,0,7483.362,0,541.111,7313,10890,1.260,1.200,1.190,2,0,0,0,0,18,319,0,38,0
11-05 16:28:05,11.446,2.488,76.640,7.714,0,5650988,136208,175400,2068640,11153.625,3144.235,0,1922.970,0,192.098,4004,6191,1.260,1.200,1.190,2,0,0,0,0,18,317,0,39,0
11-05 16:28:06,11.044,2.259,80.825,3.765,0,5651128,135200,175436,2069472,10447.030,3226.983,0,2819.343,0,160.646,3602,5465,1.260,1.200,1.190,3,0,0,0,0,18,317,0,41,0
11-05 16:28:07,5.745,1.998,85.671,6.244,0,5650952,135200,175460,2069624,7991.624,485.552,0,1023.056,0,91.915,2351,3560,1.320,1.210,1.190,3,1,0,0,0,18,318,0,40,0
11-05 16:28:08,6.745,1.499,82.435,7.494,0,5651228,134696,175504,2069808,8209.529,3210.469,0,1159.086,0,122.903,2580,4016,1.320,1.210,1.190,1,0,0,0,0,18,317,0,41,0
11-05 16:28:09,12.004,2.501,76.275,7.502,0,5651196,134444,175564,2070032,12324.034,3141.028,16.005,1704.558,1.000,191.063,4047,5873,1.320,1.210,1.190,1,0,0,0,0,18,317,0,42,0
11-05 16:28:10,10.484,1.747,81.129,4.743,0,5652608,132932,175580,2070116,13063.544,4726.960,0,1318.037,0,124.814,3147,4348,1.320,1.210,1.190,4,0,0,0,0,18,318,0,42,0
11-05 16:28:11,14.994,1.999,72.972,8.747,0,5652508,132932,175620,2070176,48174.692,19338.651,0,3762.570,0,281.893,4093,5736,1.320,1.210,1.190,3,2,0,0,0,18,318,0,42,0
11-05 16:28:12,10.270,2.004,79.152,6.513,0,5652688,132680,175660,2070208,35148.549,11711.507,0,3723.155,0,263.506,3483,4875,1.210,1.190,1.190,1,0,0,0,0,18,317,0,42,0
11-05 16:28:13,12.551,1.506,82.837,2.510,0,5652720,132428,175692,2070396,33758.394,12031.969,0,1224.986,0,129.527,3317,4314,1.210,1.190,1.190,2,0,1.004,0,0,18,317,0,42,0
11-05 16:28:14,13.207,2.492,70.769,10.964,0,5653136,131952,175708,2070440,7526.380,484.415,0,4425.523,0,459.497,4181,5629,1.210,1.190,1.190,2,0,0,0,0,18,318,0,43,0
11-05 16:28:15,20.984,4.497,61.205,11.492,0,5653456,131448,175764,2070568,5459.965,485.641,0,3537.386,0,391.711,7430,11947,1.210,1.190,1.190,4,0,0,0,0,18,318,0,42,0
11-05 16:28:16,21.734,3.747,63.702,8.494,0,5653668,130944,175780,2070844,8298.748,485.634,0,2262.296,0,219.834,7156,10935,1.210,1.190,1.190,2,0,0,0,0,18,318,0,41,0
11-05 16:28:17,22.372,4.273,66.109,6.033,0,5654100,130188,175816,2071132,10311.022,488.655,0,2409.089,0,231.256,7840,12021,1.190,1.190,1.180,5,0,0,0,0,18,318,0,44,0
11-05 16:28:18,20.899,3.732,62.199,10.947,0,5655176,128928,175840,2071292,6092.510,483.659,31.846,6002.944,0.995,450.818,7277,11545,1.190,1.190,1.180,1,1,0,0,0,18,318,0,47,0
11-05 16:28:19,12.492,3.498,74.455,9.244,0.250,5655140,128676,175876,2071544,12267.563,3343.973,0,4717.140,0,352.786,4590,7072,1.190,1.190,1.180,1,0,0,0,0,18,317,0,49,0
11-05 16:28:20,7.504,1.251,84.541,4.502,0,5655080,128676,175880,2071600,11576.659,3100.516,0,1548.757,0,147.072,3072,4477,1.190,1.190,1.180,1,0,0,0,0,18,317,0,47,0
11-05 16:28:21,9.502,2.501,84.019,3.001,0,5655352,128172,175888,2071824,10756.383,486.108,0,1352.300,0,142.031,3636,5267,1.190,1.190,1.180,2,2,0,0,0,18,318,0,47,0
11-05 16:28:22,4.746,0.999,85.930,6.994,0,5655324,128172,175896,2071844,16523.616,2694.817,0,1942.427,0,103.916,2485,3728,1.100,1.170,1.180,3,0,0,0,0,18,317,0,47,0
11-05 16:28:23,12.482,1.498,80.385,4.743,0.250,5655240,128172,175908,2071916,28374.254,11726.161,0,1625.665,0,144.792,3319,4448,1.100,1.170,1.180,1,1,0.999,0,0,18,317,0,47,0
11-05 16:28:24,17.845,4.273,70.625,6.032,0,5657004,126156,175944,2072132,8601.621,488.591,0,2991.868,0,326.733,6541,10454,1.100,1.170,1.180,1,0,0,0,0,18,317,0,41,0
11-05 16:28:25,22.483,4.247,62.702,9.742,0,5656812,126156,175960,2072308,8672.314,485.626,0,4524.512,0,372.713,7451,11760,1.100,1.170,1.180,1,1,0,0,0,18,318,0,43,0
11-05 16:28:26,20.153,4.479,62.451,11.445,0,5657796,124896,175996,2072548,5744.484,483.683,0,5461.837,0,405.060,7432,11638,1.100,1.170,1.180,2,0,0,0,0,18,318,0,44,0
11-05 16:28:27,17.744,5.998,68.478,5.748,0,5666380,171732,173720,2019856,15424.099,3285.956,0,2319.263,0,241.923,5733,17377,1.250,1.200,1.190,1,0,35.989,0,0,18,317,0,48,0
11-05 16:28:28,8.511,2.253,80.854,6.759,0,5659780,178236,173784,2019888,23174.711,2832.632,0,1481.900,0,134.172,3258,4434,1.250,1.200,1.190,4,0,0,0,0,18,317,0,46,0
11-05 16:28:29,11.234,1.997,83.884,1.248,0,5659680,178236,173844,2019928,30035.464,9716.563,0,1274.238,0,119.834,3455,4960,1.250,1.200,1.190,2,0,0,0,0,18,318,0,46,0
11-05 16:28:30,15.804,3.512,63.469,14.801,0,5659252,178364,173936,2020136,5592.259,487.680,0,7702.527,0,525.811,5919,9083,1.250,1.200,1.190,3,0,0,0,0,18,318,0,46,0
11-05 16:28:31,20.002,4.250,62.505,11.251,0,5660408,176632,174008,2020640,2905.226,486.038,0,5400.420,0,425.033,7198,11283,1.250,1.200,1.190,5,1,0,0,0,18,318,0,47,0
11-05 16:28:32,11.230,2.496,75.365,8.734,0,5660220,176632,174108,2020728,14281.370,3428.846,0,4715.537,0,379.319,4603,7052,1.150,1.180,1.180,2,0,0,0,0,18,317,0,45,0
11-05 16:28:33,7.751,2.250,84.514,4.501,0,5660652,176128,174128,2020780,12932.076,3149.506,0,1508.242,0,185.030,3112,4634,1.150,1.180,1.180,1,0,1.000,0,0,18,317,0,45,0
11-05 16:28:34,7.016,1.002,85.940,4.009,0,5660484,176128,174136,2020940,11663.852,3156.997,0,1058.346,0,102.227,2814,4176,1.150,1.180,1.180,2,0,0,0,0,18,317,0,45,0
11-05 16:28:35,4.502,1.251,86.546,6.503,0,5660404,176128,174180,2020976,7364.882,486.256,0,1124.593,0,120.063,2330,3693,1.150,1.180,1.180,5,1,0,0,0,18,318,0,45,0
11-05 16:28:36,8.483,0.998,83.586,4.741,0,5660544,175876,174248,2021020,19327.162,6931.430,0,1457.147,0,149.707,2914,4436,1.150,1.180,1.180,1,0,0,0,0,18,318,0,41,0
11-05 16:28:37,4.743,1.248,90.620,2.247,0,5660488,175876,174280,2021044,14704.824,2643.194,0,1517.814,0,75.891,1831,2585,1.060,1.160,1.170,2,0,0.999,0,0,18,318,0,41,0
11-05 16:28:38,15.268,2.503,74.836,6.257,0,5660956,175120,174320,2021292,25714.580,10411.977,0,1605.847,0,176.203,4036,5753,1.060,1.160,1.170,2,0,0,0,0,18,317,0,44,0
11-05 16:28:39,7.234,1.497,87.309,2.495,0,5660872,175120,174324,2021372,7903.681,3142.115,0,1612.467,0,149.672,2678,3828,1.060,1.160,1.170,2,0,0,0,0,18,317,0,44,0
11-05 16:28:40,12.020,2.504,78.129,6.511,0,5661060,174868,174336,2021424,9125.025,627.032,0,1366.250,0,137.226,3379,4719,1.060,1.160,1.170,2,0,1.002,0,0,18,318,0,44,0
11-05 16:28:41,5.779,1.508,82.414,8.794,0,5661492,174364,174384,2021448,9548.961,2993.033,0,3746.819,0,246.237,2740,4113,1.060,1.160,1.170,1,1,0,0,0,18,318,0,44,0
11-05 16:28:42,13.441,1.742,73.679,9.957,0,5661732,173860,174432,2021664,42512.534,16342.703,0,4018.469,0,277.788,3398,4639,0.970,1.140,1.170,1,0,0,0,0,18,319,0,44,0
11-05 16:28:43,4.496,0.999,88.917,4.246,0,5661972,173608,174436,2021672,18897.373,3020.183,0,543.493,0,49.953,1955,2729,0.970,1.140,1.170,1,0,1.998,0,0,18,318,0,44,0
11-05 16:28:44,3.495,0.999,94.123,0.250,0,5661964,173608,174436,2021680,16366.954,2713.345,0,327.559,0,20.972,1430,1756,0.970,1.140,1.170,1,0,1.997,0,0,18,318,0,39,0
11-05 16:28:45,8.761,1.502,87.613,1.752,0,5662416,173132,174436,2021704,27924.131,12002.530,0,3624.690,0,353.457,2058,2060,0.970,1.140,1.170,1,0,1.001,0,0,18,319,0,39,0
11-05 16:28:46,9.002,1.750,84.773,3.001,0,5665956,169492,174456,2021784,24003.392,5083.354,0,916.244,0,90.024,2579,3539,0.970,1.140,1.170,1,0,3.001,0,0,18,318,0,39,0
11-05 16:28:47,6.756,1.501,87.575,2.252,0,5666540,168736,174464,2021948,12412.670,2649.277,0,844.726,0,86.074,2467,3454,1.060,1.160,1.170,1,0,2.002,0,0,18,318,0,41,0
11-05 16:28:48,12.257,2.001,80.544,3.752,0,5666456,168736,174496,2022000,31212.047,11749.417,0,1428.780,0,115.063,3375,4507,1.060,1.160,1.170,1,0,0,0,0,18,318,0,38,0
11-05 16:28:49,13.309,2.511,80.104,2.762,0,5666348,168736,174532,2022072,22306.603,7578.500,0,1120.955,0,113.502,4038,5590,1.060,1.160,1.170,3,1,0,0,0,18,318,0,38,0
11-05 16:28:50,21.893,3.732,63.441,8.210,0,5668768,165964,174576,2022380,7165.050,483.641,0,2774.467,0,265.704,7281,11411,1.060,1.160,1.170,2,0,0.995,0,0,18,318,0,41,0
11-05 16:28:51,7.998,2.249,84.229,5.249,0,5668528,165964,174608,2022588,10614.391,3207.212,0,1979.513,0,189.953,3151,4831,1.060,1.160,1.170,1,0,0,0,0,18,317,0,42,0
11-05 16:28:52,17.267,2.753,74.323,4.254,0,5667716,166636,174648,2022688,16334.029,4688.601,0,2386.342,0,230.226,5199,7179,1.210,1.190,1.180,2,0,0,0,0,18,318,0,41,0
11-05 16:28:53,9.236,1.747,79.632,7.988,0,5668408,165864,174668,2022748,23910.587,7533.842,0,2727.960,0,183.728,2832,3843,1.210,1.190,1.180,4,0,0.999,0,0,18,318,0,41,0
11-05 16:28:54,20.095,4.019,63.551,9.796,0,5668552,165360,174740,2023036,4414.878,488.309,0,5108.157,0,389.844,7197,10986,1.210,1.190,1.180,4,0,0,0,0,18,318,0,44,0
11-05 16:28:55,21.266,4.754,66.301,6.005,0,5669924,163600,174808,2023356,11308.653,486.372,32.025,2129.629,1.001,199.152,7753,11551,1.210,1.190,1.180,2,0,6.005,0,0,18,318,0,46,0
11-05 16:28:56,11.686,2.238,76.579,7.210,0,5668820,164440,174832,2023596,11887.646,3192.449,0,2227.753,0,214.819,4366,6567,1.210,1.190,1.180,1,0,0,0,0,18,317,0,44,0
11-05 16:28:57,9.984,1.997,79.121,7.488,0,5668904,164216,174864,2023704,7905.095,485.208,15.974,1864.955,0.998,175.713,3574,5530,1.270,1.200,1.190,2,0,0,0,0,18,318,0,44,0
11-05 16:28:58,10.778,2.256,74.695,10.277,0,5668808,164216,174892,2023772,12008.303,2704.049,0,2650.910,0,187.489,3656,5463,1.270,1.200,1.190,2,0,0,0,0,18,317,0,44,0
11-05 16:28:59,11.023,1.503,83.925,2.255,0,5668716,164216,174908,2023848,27368.954,9551.877,0,1198.494,0,105.219,3133,4202,1.270,1.200,1.190,2,0,1.002,0,0,18,318,0,44,0
11-05 16:29:00,7.721,1.743,76.708,10.709,0,5668472,164216,174956,2024044,13214.752,3197.841,0,5849.757,0,421.398,3724,6000,1.270,1.200,1.190,1,0,0,0,0,18,317,0,46,0
11-05 16:29:01,14.026,2.755,77.141,5.510,0,5668840,163740,174968,2024140,29490.857,11524.045,0,6051.050,0,472.864,4032,5206,1.270,1.200,1.190,1,0,0,0,0,18,318,0,44,0
11-05 16:29:02,14.758,3.752,75.543,4.252,0,5668716,163740,174996,2024236,10216.820,672.383,0,1813.033,0,193.110,5762,8777,1.250,1.200,1.190,1,1,0,0,0,18,318,0,44,0
11-05 16:29:03,28.333,4.263,55.413,10.531,0,5668852,163240,175060,2024536,48492.548,18632.773,0,4364.831,0,477.403,8318,12687,1.250,1.200,1.190,3,1,1.003,0,0,18,318,0,45,0
11-05 16:29:04,19.620,3.725,65.814,8.196,0,5669320,162484,175096,2024788,8266.212,482.800,0,2662.354,0,289.084,6961,10384,1.250,1.200,1.190,3,0,0,0,0,18,318,0,45,0
11-05 16:29:05,21.584,4.267,66.259,6.024,0,5669272,162232,175120,2025064,5111.004,487.910,0,1915.497,0,174.684,6956,10434,1.250,1.200,1.190,2,0,0,0,0,18,319,0,44,0
11-05 16:29:06,11.477,2.744,73.602,10.479,0,5670160,161224,175164,2025140,13464.008,3207.570,0,4391.197,0,337.324,4232,6724,1.250,1.200,1.190,1,1,0,0,0,18,317,0,45,0
11-05 16:29:07,10.265,2.003,77.115,9.264,0,5670528,160720,175196,2025244,8159.196,486.728,0,3288.916,0,256.383,4001,5857,1.390,1.230,1.200,1,0,0,0,0,18,318,0,47,0
11-05 16:29:08,11.221,2.244,79.545,5.486,0,5670320,160720,175224,2025424,15497.999,4671.941,0,1703.603,0,208.462,3843,5785,1.390,1.230,1.200,2,0,0,0,0,18,318,0,47,0
11-05 16:29:09,11.520,2.504,80.638,4.007,0,5670224,160720,175224,2025520,27674.270,7557.910,0,921.574,0,94.161,3332,4434,1.390,1.230,1.200,3,1,0,0,0,18,317,0,45,0
11-05 16:29:10,5.501,1.250,89.523,2.251,0,5670424,160468,175228,2025568,7812.994,3213.820,0,1360.347,0,117.030,2294,3525,1.390,1.230,1.200,2,0,0,0,0,18,317,0,45,1
11-05 16:29:11,13.209,2.243,79.007,3.240,0,5670448,160216,175244,2025780,33485.924,11706.964,0,1674.845,0,167.484,4155,5699,1.390,1.230,1.200,2,0,0,0,0,18,317,0,47,0
11-05 16:29:12,15.814,3.765,71.288,7.279,0,5670320,160216,175272,2025880,12396.146,487.974,0,2333.439,0,258.044,6370,10057,1.360,1.220,1.190,2,0,0,0,0,18,318,0,47,0
11-05 16:29:13,21.262,4.503,61.535,10.756,0,5670244,159964,175308,2026172,10600.044,528.301,0,6435.669,0,576.329,7993,13346,1.360,1.220,1.190,2,2,1.001,0,0,18,318,0,46,0
11-05 16:29:14,22.179,4.236,61.552,9.469,0,5670088,159920,175344,2026336,23336431.204,484.438,0,5167.343,0,408.683,11130,12668,1.360,1.220,1.190,3,0,0,0,0,18,318,0,49,0
11-05 16:29:15,18.290,4.009,69.654,6.013,0,5670296,159416,175356,2026620,108364565.695,3111.873,0,2208.878,0,221.489,22536,10162,1.360,1.220,1.190,1,0,0,0,0,18,318,0,52,0
11-05 16:29:16,7.251,1.250,81.007,8.001,0,5670240,159416,175356,2026676,108041973.095,672.054,0,6304.506,0,414.033,19703,5164,1.360,1.220,1.190,3,0,0,0,0,18,318,0,52,0
11-05 16:29:17,11.291,1.506,81.297,5.018,0,5669992,159416,175396,2026884,108448002.665,2839.380,0,2400.777,0,256.939,20301,6372,1.250,1.200,1.190,3,1,0,0,0,18,317,0,49,0
11-05 16:29:18,9.504,1.251,85.284,2.001,0,5669936,159416,175408,2026928,108297771.615,9998.005,0,1040.417,0,91.036,19103,4006,1.250,1.200,1.190,3,0,0,0,0,18,318,0,50,0
11-05 16:29:19,8.495,1.499,78.454,9.994,0,5670100,159164,175412,2027012,108215825.809,3344.048,0,1850.919,0,149.912,19417,4964,1.250,1.200,1.190,0,0,0,0,0,18,317,0,51,0
11-05 16:29:20,13.008,1.751,72.543,11.007,0,5670096,158912,175456,2027224,108286892.556,9001.348,0,5355.182,0,380.226,20255,6032,1.250,1.200,1.190,0,1,0,0,0,18,318,0,51,0
11-05 16:29:21,12.248,2.500,79.237,3.749,0,5669444,159468,175472,2027304,108178183.606,3826.366,0,1715.716,0,161.973,20823,6940,1.250,1.200,1.190,2,0,0,0,0,18,319,0,46,0
11-05 16:29:22,20.751,4.000,60.754,12.251,0,5669332,159292,175508,2027556,108225823.550,432.026,0,3916.239,0,415.025,23839,12464,1.310,1.220,1.190,1,0,0,0,0,18,318,0,46,0
11-05 16:29:23,21.741,3.499,63.473,8.746,0,5670336,158068,175544,2027740,108196107.341,485.792,0,2614.881,0,277.881,23595,11690,1.310,1.220,1.190,3,0,1.000,0,0,18,318,0,47,0
11-05 16:29:24,10.933,2.236,74.046,10.436,0,5670072,158100,175596,2027920,89864573.006,3317.641,15.902,3081.092,0.994,274.317,17714,6387,1.310,1.220,1.190,2,0,0,0,0,18,317,0,50,0
11-05 16:29:25,12.751,2.750,79.753,3.250,0,5670140,157848,175616,2028084,18982.790,7634.318,0,1800.075,0,173.007,3571,5041,1.310,1.220,1.190,1,0,0,0,0,18,318,0,50,0
11-05 16:29:26,10.999,1.750,75.742,10.249,0,5670168,157596,175664,2028260,13093.585,2936.683,0,4491.514,0,325.965,3823,5791,1.310,1.220,1.190,2,1,0,0,0,18,317,0,51,0
11-05 16:29:27,14.094,3.523,77.012,4.278,0,5699156,128388,175716,2030764,30375.000,12020.942,0,4111.341,0,274.828,3834,9625,1.370,1.230,1.200,2,0,34.228,0,0,18,317,0,51,0
11-05 16:29:28,10.223,1.995,84.524,1.745,0,5669764,157532,175756,2028620,162738.148,9506.539,0,1073.126,0,105.717,3309,9843,1.370,1.230,1.200,4,0,1.995,0,0,18,318,0,53,0
11-05 16:29:29,21.554,4.261,65.165,8.020,0,5669544,157532,175820,2028776,8047.332,487.231,0,4310.892,0,284.719,7273,11312,1.370,1.230,1.200,1,1,1.003,0,0,18,318,0,51,0
11-05 16:29:30,14.184,3.484,75.649,5.226,0,5670200,156536,175864,2029072,12722.046,3330.566,0,2460.597,0,233.916,4931,7648,1.370,1.230,1.200,2,0,0,0,0,18,317,0,54,0
11-05 16:29:31,9.250,1.250,83.247,4.250,0,5669972,156536,175916,2029248,14189.516,4881.833,0,1611.945,0,137.995,3025,4390,1.370,1.230,1.200,1,0,0,0,0,18,318,0,54,0
11-05 16:29:32,12.980,2.496,64.403,19.221,0,5670108,156312,175948,2029304,18992.429,8022.931,0,6126.783,0,507.237,4583,6492,1.500,1.260,1.210,6,0,0,0,0,18,318,0,55,0
11-05 16:29:33,22.600,5.022,62.277,9.291,0,5671024,155052,176008,2029588,4632.586,433.928,0,3415.176,0,352.567,7495,11647,1.500,1.260,1.210,5,0,1.004,0,0,18,317,0,53,0
11-05 16:29:34,5.479,1.494,81.930,8.716,0,5671136,154800,176068,2029668,9071.567,3323.021,0,3406.694,0,269.946,2678,4329,1.500,1.260,1.210,2,1,0,0,0,18,317,0,55,0
11-05 16:29:35,14.253,3.251,65.763,15.753,0,5670828,154800,176140,2029904,9362.862,3335.663,0,5901.174,0,420.084,4821,7192,1.500,1.260,1.210,1,0,0,0,0,18,317,0,58,0
11-05 16:29:36,9.257,0.751,85.067,2.752,0,5671032,154548,176160,2029932,9268.295,2971.339,0,1285.011,0,121.095,3060,4514,1.500,1.260,1.210,2,0,0,0,0,18,318,0,58,0
11-05 16:29:37,10.211,1.494,85.920,1.245,0,5670840,154548,176168,2030116,27967.582,11911.251,0,1032.036,0,82.682,2663,3761,1.380,1.240,1.200,1,0,0,0,0,18,318,0,59,0
11-05 16:29:38,10.527,1.253,81.963,4.261,0,5670812,154548,176176,2030136,25447.219,10260.701,0,1175.058,0,115.300,3219,4627,1.380,1.240,1.200,4,0,0,0,0,18,318,0,59,0
11-05 16:29:39,20.289,5.010,64.373,9.268,0,5670856,154296,176192,2030328,4163.987,432.830,0,3358.442,0,290.557,6792,10917,1.380,1.240,1.200,3,0,0,0,0,18,318,0,59,0
11-05 16:29:40,22.247,4.249,63.492,8.249,0,5671604,153288,176252,2030528,4888.420,485.942,0,2935.652,0,324.961,7508,11863,1.380,1.240,1.200,2,0,0,0,0,18,318,0,59,0
11-05 16:29:41,20.482,3.747,65.193,8.992,0,5671900,152784,176320,2030668,7316.639,3030.365,0,5095.570,0,401.651,6776,10438,1.380,1.240,1.200,2,1,0,0,0,18,318,0,60,0
11-05 16:29:42,6.985,2.245,78.332,9.729,0,5672048,152532,176364,2030728,9625.333,658.586,0,3971.473,0,265.430,3335,5027,1.270,1.220,1.190,4,1,0,0,0,18,318,0,56,0
11-05 16:29:43,7.756,1.751,80.307,9.257,0,5672132,152284,176384,2030872,37219.445,3211.282,0,1332.947,0,125.089,2927,4189,1.270,1.220,1.190,1,0,1.001,0,0,18,317,0,57,0
11-05 16:29:44,12.271,2.755,76.383,6.762,0,5672456,151528,176412,2031276,31096.052,3212.584,0,2115.678,0,191.333,4055,5867,1.270,1.220,1.190,1,0,2.003,0,0,18,317,0,58,0
11-05 16:29:45,14.314,1.758,80.861,2.009,0,5675900,148000,176416,2031356,17379.553,488.178,0,582.600,0,32.143,2791,3184,1.270,1.220,1.190,2,0,0,0,0,18,318,0,59,0
11-05 16:29:46,24.158,2.989,69.733,1.494,0,5683592,139936,176432,2031712,42728.484,2957.681,0,1303.014,0,128.508,5083,6419,1.270,1.220,1.190,2,0,0,0,0,18,318,0,62,0
11-05 16:29:47,10.247,1.500,84.723,2.249,0,5684024,139432,176444,2031772,38968.767,11557.372,0,955.700,0,87.972,2983,3751,1.160,1.200,1.190,1,0,1.000,0,0,18,318,0,62,0
11-05 16:29:48,11.299,2.260,77.590,8.286,0,5689420,133956,176472,2031824,32756.478,10212.733,0,6195.136,0,437.918,3423,4334,1.160,1.200,1.190,4,0,3.013,0,0,18,318,0,62,0
11-05 16:29:49,15.433,2.738,73.927,6.472,0,5689580,133452,176496,2032144,26629.763,12229.619,107.531,1326.211,7.965,129.435,4242,5767,1.160,1.200,1.190,1,0,0.996,0,0,18,317,0,65,0
11-05 16:29:50,18.224,3.994,63.908,11.983,0,5689440,133452,176528,2032252,4970.847,485.302,0,3746.609,0,317.543,6555,10182,1.160,1.200,1.190,1,1,1.997,0,0,18,318,0,64,0
11-05 16:29:51,21.525,4.005,58.567,13.766,0,5689880,132696,176572,2032524,9434.808,3038.481,0,6887.891,0,466.534,7087,10831,1.160,1.200,1.190,1,0,0,0,0,18,318,0,67,0
11-05 16:29:52,5.250,1.250,87.994,3.750,0.250,5689856,132696,176572,2032548,5493.648,791.949,0,1055.932,0,99.994,2424,3611,1.070,1.180,1.180,2,0,0,0,0,18,321,0,68,0
11-05 16:29:53,22.849,3.264,68.046,5.273,0,5690264,131940,176592,2032876,5180.513,488.121,220.960,1369.953,15.065,132.576,6992,10110,1.070,1.180,1.180,2,0,2.009,0,0,18,321,0,74,0
11-05 16:29:54,24.244,2.999,68.233,2.499,0,5691596,130176,176616,2033284,6199.438,431.891,19.995,1479.627,1.999,136.965,7025,10085,1.070,1.180,1.180,2,0,1.999,0,0,18,324,0,85,0
11-05 16:29:55,22.279,4.256,64.584,7.009,0,5693436,127908,176636,2033692,2593.391,486.636,12.016,2443.195,1.001,161.211,6339,8833,1.070,1.180,1.180,1,1,6.008,0,0,18,320,0,104,0
11-05 16:29:56,8.748,1.250,83.482,5.249,0,5693376,127908,176644,2033744,27363.999,11962.376,3.999,1759.614,1.000,154.966,2883,4246,1.070,1.180,1.180,2,0,0,0,0,18,321,0,104,0
11-05 16:29:57,21.914,3.984,61.010,11.206,0.249,5693100,127908,176684,2033980,10996.705,854.635,0,4797.113,0,413.373,7543,11559,1.230,1.210,1.190,2,1,0,0,0,18,321,0,105,0
11-05 16:29:58,15.238,2.998,69.694,9.742,0,5693680,127152,176700,2034140,12738.770,3346.313,0,6566.726,0,473.620,5781,9195,1.230,1.210,1.190,1,0,0,0,0,18,320,0,99,0
11-05 16:29:59,8.479,1.746,84.289,4.738,0,5693504,127152,176712,2034304,12346.036,3148.104,0,1488.267,0,146.632,2990,4359,1.230,1.210,1.190,2,0,0,0,0,18,320,0,99,0
11-05 16:30:00,4.784,0.755,90.644,2.266,0,5693472,127152,176716,2034332,92372.006,435.090,0,1176.354,0,95.679,2242,3184,1.230,1.210,1.190,3,0,0,0,0,18,320,0,99,0
11-05 16:30:01,3.229,0.994,91.900,2.732,0,5693420,127152,176724,2034376,36083.323,3189.170,0,850.445,0,76.500,1935,2768,1.230,1.210,1.190,3,0,0,0,0,18,321,0,99,0
11-05 16:30:02,6.746,1.999,83.450,6.246,0,5693360,127152,176732,2034428,27378.714,3101.155,0,1435.146,0,163.903,2964,4354,1.210,1.200,1.190,1,0,0,0,0,18,320,0,98,0
11-05 16:30:03,23.263,2.251,71.290,1.751,0,5695548,124632,176732,2034760,50945.852,20800.780,0,1112.630,0,90.051,4734,5898,1.210,1.200,1.190,1,0,1.001,0,0,18,320,0,100,0
11-05 16:30:04,5.741,1.248,88.116,3.744,0,5695780,124380,176736,2034776,9776.187,2824.720,0,1018.457,0,92.859,2226,3201,1.210,1.200,1.190,1,0,0,0,0,18,320,0,101,0
11-05 16:30:05,7.002,0.750,87.528,3.501,0,5695732,124380,176744,2034816,9878.152,2829.903,0,1664.531,0,143.046,2127,2958,1.210,1.200,1.190,5,1,0,0,0,18,320,0,101,0
11-05 16:30:06,6.798,1.762,89.375,1.259,0,5695964,124128,176748,2034832,3713.968,630.408,0,1131.914,0,111.782,2461,3703,1.210,1.200,1.190,2,0,0,0,0,18,321,0,99,0
11-05 16:30:07,8.484,2.246,79.099,8.983,0,5695768,124128,176764,2035012,28398.653,12173.703,0,4375.626,0,318.391,3089,4580,1.190,1.200,1.190,3,1,0,0,0,18,321,0,99,0
11-05 16:30:08,20.431,4.236,62.538,10.215,0,5695636,124128,176776,2035132,6352.463,484.358,15.946,3966.552,0.997,357.787,7321,11218,1.190,1.200,1.190,2,0,0,0,0,18,321,0,100,0
11-05 16:30:09,17.752,4.001,63.009,14.252,0,5696856,122616,176788,2035412,4456.612,486.067,0,7361.011,0,488.067,5526,7416,1.190,1.200,1.190,3,0,1.000,0,0,18,320,0,101,0
11-05 16:30:10,6.001,1.000,86.021,4.751,0,5696804,122616,176792,2035460,10787.588,3299.792,0,2012.483,0,176.042,2820,4498,1.190,1.200,1.190,3,0,0,0,0,18,320,0,99,0
11-05 16:30:11,11.233,1.997,78.633,6.490,0,5696608,122616,176808,2035640,9852.353,3276.130,0,1777.358,0,176.737,3168,4588,1.190,1.200,1.190,1,0,0,0,0,18,320,0,101,0
11-05 16:30:12,7.514,1.002,85.910,4.258,0,5696544,122616,176820,2035692,10171.920,2954.496,0,1374.557,0,129.240,2851,4293,1.170,1.200,1.180,1,0,0,0,0,18,320,0,101,0
11-05 16:30:13,8.976,1.496,85.022,2.743,0,5696728,122364,176836,2035744,15961.277,4910.855,0,1392.273,0,142.618,3139,4587,1.170,1.200,1.180,1,0,0.997,0,0,18,321,0,102,0
11-05 16:30:14,11.340,2.268,82.155,2.520,0,5696684,122364,176840,2035784,23281.500,8071.310,0,1116.899,0,93.747,3657,5124,1.170,1.200,1.180,3,1,0,0,0,18,321,0,98,0
11-05 16:30:15,21.647,3.732,60.712,12.441,0,5592596,226156,176868,2036052,6639.487,537.449,11.943,5740.752,0.995,402.092,5135,7650,1.170,1.200,1.180,2,1,0,0,0,18,320,0,99,0
11-05 16:30:16,3.983,1.992,87.637,5.477,0,5508680,310184,176872,2035940,41856.389,262535.063,3.983,2151.078,0.996,134.442,1998,2567,1.170,1.200,1.180,2,0,13.942,0,0,18,320,0,99,0
11-05 16:30:17,5.269,1.255,92.081,0.502,0,5523448,295320,176880,2036028,138318.838,3558.783,24.087,533.918,3.011,24.087,1577,1781,1.080,1.180,1.180,1,0,4.014,0,0,18,320,0,99,0
11-05 16:30:18,10.754,3.751,81.779,3.001,0,5539768,278700,176908,2036300,310792.609,11794.197,308.110,1432.510,12.004,73.026,2811,2466,1.080,1.180,1.180,2,0,26.009,0,0,18,320,0,95,0
11-05 16:30:19,8.001,3.000,84.259,3.000,0,5552192,266204,176908,2036372,295257.676,8856.920,32.003,904.094,1.000,103.011,2402,2247,1.080,1.180,1.180,2,1,17.002,0,0,18,320,0,95,0
11-05 16:30:20,21.000,5.750,68.001,4.250,0,5538388,267316,176908,2049032,8031.118,486.007,100.001,2328.034,4.000,328.005,2920,2475,1.080,1.180,1.180,2,0,21.000,0,0,18,320,0,95,0
