"pcp-dstat 6.2.0 CSV Output"
"Author:","PCP team <pcp@groups.io> and Dag Wieers <dag@wieers.com>",,,,"URL:","https://pcp.io/ and http://dag.wieers.com/home-made/dstat/"
"Host:","ubuntu",,,,"User:","ubuntu"
"Cmdline:","dstat -tcmndrylpg --tcp --output /tmp/devstack_logs/dstat-csv.log",,,,"Date:","06 May 2026 22:07:01 UTC"
"system","total usage",,,,,"memory usage",,,,"net/total",,"dsk/total",,"io/total",,"system",,"load avg",,,"procs",,,"paging",,"tcp sockets",,,,
"time","total usage:usr","total usage:sys","total usage:idl","total usage:wai","total usage:stl","used","free","buf","cach","net/total:recv","net/total:send","dsk/total:read","dsk/total:writ","read","writ","int","csw","1m","5m","15m","run","blk","new","in","out","lis","act","syn","tim","clo"
06-05 22:07:01,,1029748,1615108,161516,5016740,,,,,,,1.320,1.200,0.690,1,0,,,,10,6,0,18,0
06-05 22:07:02,21.203,20.704,51.635,5.987,0,1030188,1614212,161636,5016976,19435.661,8595.832,0,2143.221,0,82.815,6892,6374,1.370,1.210,0.690,2,0,578.710,0,0,10,5,0,17,1
06-05 22:07:03,24.046,18.285,53.853,2.755,0,1044548,1599284,161800,5017668,39643.480,11835.535,0,1719.273,0,56.107,6268,6517,1.370,1.210,0.690,4,0,380.725,0,0,10,4,0,17,2
06-05 22:07:04,30.164,11.716,50.605,5.484,0,1174640,1459096,161972,5151648,139189.426,11370.440,31.909,5049.540,2.991,60.826,4973,6633,1.370,1.210,0.690,1,0,156.552,0,0,11,4,1,17,2
06-05 22:07:05,28.763,8.754,55.776,6.003,0,1163404,1450380,162816,5168488,49006.986,1634.767,0,2064.969,0,82.038,3529,2522,1.370,1.210,0.690,2,0,102.048,0,0,11,6,1,17,2
06-05 22:07:06,36.242,11.248,47.740,4.499,0,1196128,1398924,163356,5184736,6614.573,485.895,191.959,1727.627,7.998,48.989,4398,3368,1.370,1.210,0.690,4,0,179.961,0,0,11,6,1,19,2
06-05 22:07:07,36.238,4.499,46.985,11.996,0,1250732,1321892,163852,5204536,6715.841,559.820,1675.461,2879.075,112.964,44.986,2818,1819,1.420,1.220,0.700,0,2,0,0,0,11,6,1,19,2
06-05 22:07:08,33.507,4.251,49.010,11.752,0,1282240,1278704,164488,5213776,7609.478,560.109,128.025,3400.660,6.001,117.023,3092,2443,1.420,1.220,0.700,0,1,2.000,0,0,11,8,1,19,2
06-05 22:07:09,18.507,4.002,46.268,29.511,0,1283892,1262852,165380,5225316,9788.797,560.217,0,9835.816,0,552.214,4984,7551,1.420,1.220,0.700,0,1,9.003,0,0,11,8,1,19,2
06-05 22:07:10,14.243,2.249,46.226,34.982,0,1289368,1238320,166060,5242344,4831.512,559.712,0,9527.093,0,581.700,4101,6432,1.420,1.220,0.700,1,3,0,0,0,11,8,1,19,2
06-05 22:07:11,16.487,3.747,43.967,33.724,0,1288956,1228180,166832,5250688,3589.271,485.631,0,9652.660,0,537.591,4912,7839,1.420,1.220,0.700,0,2,0,0,0,11,8,1,19,2
06-05 22:07:12,19.537,3.507,48.092,27.302,0,1241752,1291360,166984,5234816,9861.768,3293.268,0,9441.969,0,641.220,4788,7840,1.470,1.240,0.710,0,3,11.021,0,0,11,6,1,19,0
06-05 22:07:13,20.477,5.244,40.955,31.465,0,1262772,1269248,167196,5235688,13825.762,2593.142,0,15223.222,0,961.940,6353,10576,1.470,1.240,0.710,3,1,41.954,0,0,11,7,1,19,0
06-05 22:07:14,23.253,4.250,44.005,26.503,0,1245760,1278392,167524,5242472,8080.876,660.072,0,10141.099,0,618.067,5384,8402,1.470,1.240,0.710,1,1,18.002,0,0,11,6,1,19,0
06-05 22:07:15,17.792,3.759,44.606,32.327,0,1239324,1277492,168008,5248316,13914.068,3435.164,0,8820.963,0,571.358,4769,7573,1.470,1.240,0.710,5,1,26.062,0,0,11,7,1,19,0
06-05 22:07:16,20.452,6.485,40.654,28.932,0,1224228,1290884,168280,5249352,7394.620,732.279,0,11161.767,0,761.211,14013,26115,1.470,1.240,0.710,0,2,15.962,0,0,11,6,1,19,0
06-05 22:07:17,20.756,7.002,42.263,27.008,0,1226080,1287608,168508,5250472,7415.287,486.150,0,11307.488,0,823.254,14378,27042,1.590,1.270,0.720,2,1,10.003,0,0,11,6,1,19,0
06-05 22:07:18,19.744,6.248,41.487,31.490,0,1218496,1306764,168716,5240004,8220.496,485.852,0,11516.492,0,889.729,5381,8570,1.590,1.270,0.720,1,2,28.991,0,0,11,6,1,19,0
06-05 22:07:19,25.004,5.001,39.756,28.504,0,1201828,1323184,168936,5240088,5171.736,486.069,0,12061.716,0,1004.143,5934,9221,1.590,1.270,0.720,4,0,35.005,0,0,11,6,1,19,0
06-05 22:07:20,23.995,8.248,61.237,5.749,0,1127000,1398068,168940,5240096,10896.732,485.899,0,13273.237,0,181.962,3652,2923,1.590,1.270,0.720,1,2,124.974,0,0,11,4,1,19,0
06-05 22:07:21,23.502,4.000,64.507,7.251,0.250,1173696,1351368,168952,5240096,5315.540,486.049,0,13565.378,0,223.023,2344,1802,1.590,1.270,0.720,1,0,0,0,0,11,4,1,19,0
06-05 22:07:22,21.756,3.751,69.518,4.251,0,1188968,1336072,168956,5240116,3646.925,486.123,0,1236.314,0,81.021,2021,1516,1.540,1.260,0.720,1,1,10.003,0,0,11,4,1,19,0
06-05 22:07:23,23.494,3.249,60.234,11.997,0,1220196,1304796,169008,5240116,8042.877,485.872,0,5642.510,0,362.904,2628,2872,1.540,1.260,0.720,1,0,0,0,0,11,4,1,17,0
06-05 22:07:24,12.777,14.781,71.151,0,0,1166872,1358084,169008,5240152,5457.548,561.188,0,116.246,0,12.025,4674,3571,1.540,1.260,0.720,2,0,294.623,0,0,11,4,1,17,0
06-05 22:07:25,8.248,20.495,68.234,2.000,0,1131576,1393224,169008,5240316,7090.344,485.887,0,875.795,0,113.973,5873,4566,1.540,1.260,0.720,2,0,398.907,0,0,11,4,1,17,0
06-05 22:07:26,26.741,16.244,55.731,0.250,0,1147740,1369516,169008,5248148,6135.865,485.831,7445.409,647.775,74.974,5.998,6679,7940,1.540,1.260,0.720,3,0,263.908,0,0,11,4,1,17,0
06-05 22:07:27,45.932,6.490,47.180,0.250,0,1219920,1297248,169016,5248340,5380.037,539.202,19.970,20753.281,3.994,291.568,3207,2504,1.660,1.290,0.740,2,0,18.972,0,0,11,5,1,13,0
06-05 22:07:28,38.744,7.999,46.743,5.499,0,1250516,1265708,169028,5249280,8532.780,485.930,491.930,12750.176,3.999,339.951,3458,3653,1.660,1.290,0.740,2,0,1.000,0,0,11,5,1,13,0
06-05 22:07:29,34.004,8.001,57.007,0,0,1287588,1226144,169048,5251724,6843.832,486.059,0,1468.179,0,107.013,3884,4513,1.660,1.290,0.740,1,0,118.014,0,0,11,4,1,13,0
06-05 22:07:30,11.756,3.752,81.794,2.501,0,1306996,1206740,169064,5251732,4410.375,486.262,0,3277.765,0,74.040,1576,1566,1.660,1.290,0.740,1,0,22.012,0,0,11,4,1,13,0
06-05 22:07:31,22.490,3.499,73.469,0,0,1360420,1153316,169064,5251732,7486.816,485.793,0,0,0,0,1768,1435,1.660,1.290,0.740,2,0,0,0,0,11,4,1,13,0
06-05 22:07:32,22.245,2.000,72.734,2.999,0,1380824,1132652,169092,5251964,7156.469,485.896,0,1519.675,0,146.969,2536,3200,1.610,1.290,0.740,2,3,1.000,0,0,11,10,1,13,0
06-05 22:07:33,19.797,4.761,70.669,3.007,0,1365484,1147948,169124,5251980,8633.668,487.166,0,8339.965,0,400.960,3423,3470,1.610,1.290,0.740,1,0,42.101,0,0,11,4,1,15,0
06-05 22:07:34,18.208,1.746,72.832,6.734,0,1405780,1106956,169396,5252512,7845.855,2798.528,610.588,1229.157,17.958,18.956,1599,1196,1.610,1.290,0.740,0,0,0,0,0,11,5,1,15,0
06-05 22:07:35,16.999,2.500,70.744,8.249,0,1412292,1100024,169464,5252748,7198.378,2895.750,267.977,3123.730,65.994,133.988,2660,3173,1.610,1.290,0.740,2,0,2.000,0,0,11,27,1,13,0
06-05 22:07:36,19.994,4.499,72.229,2.999,0,1399396,1112896,169464,5252768,11684.588,4182.778,0,2527.262,0,113.967,2624,2115,1.610,1.290,0.740,3,0,43.987,0,0,11,28,1,14,0
06-05 22:07:37,19.231,1.998,77.923,0.250,0,1405148,1107136,169464,5252772,9542.610,5067.014,0,155.847,0,12.987,1878,1565,1.560,1.280,0.740,1,0,0,0,0,11,29,1,14,0
06-05 22:07:38,28.621,10.042,60.255,0,0,1392880,1119372,169464,5252800,12451.602,2885.188,0,7089.951,0,83.352,4036,3203,1.560,1.280,0.740,2,0,157.666,0,0,11,28,1,15,0
06-05 22:07:39,37.000,6.000,52.000,4.500,0,1441984,1070260,169464,5252808,13907.112,8348.067,0,22360.179,0,208.002,3656,2918,1.560,1.280,0.740,2,0,0,0,0,11,30,1,15,0
06-05 22:07:40,26.722,4.995,52.444,14.485,0,1427856,1084168,169468,5253024,20258.509,11277.037,0,22020.639,0,174.815,6681,9108,1.560,1.280,0.740,1,1,54.942,0,0,11,28,1,16,0
06-05 22:07:41,66.818,24.024,8.509,0.250,0,1525656,986336,169468,5253056,6925.013,486.493,0,30546.936,0,311.315,6066,5592,1.560,1.280,0.740,6,3,523.530,0,0,11,28,1,16,0
06-05 22:07:42,87.240,11.499,1.000,0.250,0,1741660,770308,169472,5253072,18459.905,14712.330,0,7219.181,0,75.991,5673,3891,1.990,1.380,0.770,4,0,0,0,0,11,32,1,16,0
06-05 22:07:43,79.184,10.242,9.742,0,0,1766704,745004,169492,5253304,32909.698,28589.282,0,591.509,0,57.952,8563,13027,1.990,1.380,0.770,5,0,107.910,0,0,11,29,1,21,0
06-05 22:07:44,19.500,9.750,68.250,1.750,0,1583840,927820,169504,5253340,14136.960,3543.990,0,295.999,0,22.000,4103,4450,1.990,1.380,0.770,1,0,201.999,0,0,11,28,1,22,0
06-05 22:07:45,18.457,2.744,77.318,0.499,0,1567612,944040,169508,5253344,10346.678,2830.347,0,355.165,0,9.977,1703,1254,1.990,1.380,0.770,2,0,0,0,0,11,29,1,22,0
06-05 22:07:46,16.553,5.016,74.488,2.759,0,1510696,1000928,169524,5253356,12406.567,5091.237,0,1681.362,0,92.294,3543,4113,1.990,1.380,0.770,2,1,68.218,0,0,11,28,1,23,0
06-05 22:07:47,21.478,3.496,67.931,6.493,0,1519164,992412,169556,5253368,7456.415,1944.022,0,3752.183,0,184.812,2096,1975,2.160,1.420,0.790,1,0,0,0,0,11,29,1,23,0
06-05 22:07:48,15.733,2.497,78.417,1.998,0,1480100,1031276,169576,5253548,13206.955,5984.635,0,895.048,0,59.936,3070,3706,2.160,1.420,0.790,2,0,8.990,0,0,11,28,1,24,0
06-05 22:07:49,13.028,26.056,60.129,0,0,1458024,1053332,169576,5253564,4515.657,487.042,0,148.317,0,14.030,6842,6022,2.160,1.420,0.790,4,0,796.704,0,0,11,28,1,24,0
06-05 22:07:50,80.757,18.502,0.500,0,0.250,1627312,883996,169588,5253600,4536.421,1946.181,0,200.019,0,18.002,5097,3289,2.160,1.420,0.790,4,0,235.022,0,0,11,29,1,24,0
06-05 22:07:51,69.490,6.999,21.997,0.750,0,1696484,814760,169588,5253660,32087.588,29699.917,0,1771.756,0,81.989,6071,7789,2.160,1.420,0.790,3,0,0,0,0,11,33,1,24,0
06-05 22:07:52,68.759,14.502,14.502,1.250,0,1546636,964176,169600,5254080,29059.832,19074.515,0,816.108,0,71.009,8950,13005,2.300,1.460,0.810,6,0,310.041,0,0,11,28,1,20,0
06-05 22:07:53,87.000,12.750,0.250,0,0,1701972,808828,169612,5254080,13458.949,6361.976,0,235.999,0,15.000,5066,3105,2.300,1.460,0.810,5,0,0,0,0,11,30,1,20,0
06-05 22:07:54,81.096,8.983,10.730,0,0,1772232,738492,169624,5254140,45321.913,34693.102,0,291.446,0,17.966,6977,10021,2.300,1.460,0.810,6,0,0,0,0,11,33,1,21,0
06-05 22:07:55,62.369,14.778,21.291,0,0,1554680,955792,169628,5254388,33462.982,23408.758,0,436.835,0,30.057,8885,12944,2.300,1.460,0.810,3,0,298.571,0,0,11,28,1,25,0
06-05 22:07:56,35.642,3.739,59.319,0.249,0,1566460,944000,169628,5254400,16980.311,8546.983,0,490.507,0,13.958,3186,2605,2.300,1.460,0.810,1,0,0,0,0,11,30,1,22,0
06-05 22:07:57,48.307,17.771,33.790,0.250,0,1604588,905656,169628,5254584,21255.993,10798.697,0,356.419,0,29.034,6305,7410,2.280,1.470,0.810,5,0,328.386,0,0,11,28,1,24,0
06-05 22:07:58,56.005,6.751,36.003,0.250,0,1594028,916196,169628,5254604,15894.399,12283.081,0,228.020,0,11.001,4262,3178,2.280,1.470,0.810,3,0,51.004,0,0,11,31,1,24,0
06-05 22:07:59,51.588,13.022,33.558,0.250,0,1456292,1053840,169640,5254684,25507.727,16929.021,0,484.831,0,45.077,8381,11044,2.280,1.470,0.810,4,0,258.443,0,0,11,28,1,25,0
06-05 22:08:00,81.254,11.465,7.228,0,0,1599960,910164,169640,5254692,10776.335,6545.160,0,3.988,0,0.997,5233,9235,2.280,1.470,0.810,0,0,35.891,0,0,11,32,1,26,0
06-05 22:08:01,55.861,6.012,35.821,1.002,0,1609100,900780,169664,5254912,38118.954,32171.102,0,997.989,0,63.126,8722,13031,2.280,1.470,0.810,3,0,8.016,0,0,11,30,1,27,0
06-05 22:08:02,67.561,16.265,16.014,0,0,1556612,953200,169672,5254944,10866.795,3000.705,0,564.509,0,26.023,5131,4489,2.500,1.530,0.840,3,0,322.291,0,0,11,28,1,29,0
06-05 22:08:03,46.168,4.991,47.665,0,0,1590436,919204,169672,5255116,27029.869,20872.833,0,143.744,0,8.984,5414,6224,2.500,1.530,0.840,1,0,0,0,0,11,31,1,29,0
06-05 22:08:04,53.458,15.987,28.977,0.250,0,1531456,978108,169688,5255176,17433.237,9099.816,0,479.621,0,43.965,6611,7580,2.500,1.530,0.840,3,0,298.764,0,0,11,28,1,30,0
06-05 22:08:05,53.804,5.756,40.040,0,0,1556084,953464,169696,5255184,19660.615,12228.200,0,156.156,0,8.008,3856,2679,2.500,1.530,0.840,3,0,0,0,0,11,31,1,30,0
06-05 22:08:06,53.495,13.749,32.247,0.500,0,1467328,1041808,169708,5255580,20245.016,16841.350,0,2887.717,0,113.989,7498,9741,2.500,1.530,0.840,4,0,286.972,0,0,11,28,1,33,0
06-05 22:08:07,54.146,6.238,35.182,2.745,0,1571608,937380,169708,5255728,16086.114,9220.297,0,2183.807,0,311.402,4004,2315,2.540,1.560,0.850,3,1,0,0,0,11,31,1,33,0
06-05 22:08:08,50.835,8.264,38.565,1.753,0,1440844,1068092,169720,5255788,25502.746,17576.460,0,3197.359,0,118.198,7997,9900,2.540,1.560,0.850,3,0,113.190,0,0,11,28,1,33,0
06-05 22:08:09,62.245,9.249,27.998,0,0,1594560,914348,169728,5255808,11245.025,4804.583,0,119.990,0,12.999,3799,1708,2.540,1.560,0.850,1,0,0,0,0,11,31,1,33,0
06-05 22:08:10,44.091,4.509,48.851,2.255,0,1595236,913596,169752,5255860,29503.140,21887.357,0,733.520,0,60.125,6055,8980,2.540,1.560,0.850,3,0,0,0,0,11,28,1,35,0
06-05 22:08:11,69.506,24.752,5.250,0,0,1574344,934292,169752,5256052,10444.975,552.052,0,248.023,0,27.003,5879,5250,2.540,1.560,0.850,7,0,648.060,0,0,11,28,1,35,0
06-05 22:08:12,82.250,16.750,0.750,0,0,1733216,775336,169756,5256100,16967.972,11075.982,0,124.000,0,8.000,6032,5383,2.890,1.650,0.880,6,0,422.999,0,0,11,31,1,35,0
06-05 22:08:13,76.248,19.499,3.750,0,0,1697488,810932,169768,5256228,43174.781,39665.880,0,487.986,0,33.999,9048,11387,2.890,1.650,0.880,5,0,573.984,0,0,11,31,1,36,0
06-05 22:08:14,80.500,15.750,2.750,0.750,0,1615536,892656,169792,5256436,18769.885,14070.914,0,435.997,0,42.000,6788,6488,2.890,1.650,0.880,6,0,208.999,0,0,11,28,1,36,0
06-05 22:08:15,80.497,8.750,10.250,0.250,0,1708676,799464,169796,5256480,30481.921,22786.193,0,111.996,0,8.000,6474,6208,2.890,1.650,0.880,5,0,0,0,0,11,33,1,36,0
06-05 22:08:16,63.254,13.251,23.001,0,0,1520264,987636,169800,5256716,42995.757,33518.149,0,180.012,0,11.001,9042,14972,2.890,1.650,0.880,3,0,318.020,0,0,11,29,1,40,0
06-05 22:08:17,23.499,31.499,44.748,0.250,0,1494532,1013316,169804,5256760,8555.699,1674.941,0,167.994,0,16.999,7194,7135,2.740,1.640,0.880,4,0,953.966,0,0,11,28,1,41,0
06-05 22:08:18,74.913,16.231,7.991,0,0,1604000,903800,169808,5256796,12696.330,6354.657,0,87.898,0,7.991,4976,3573,2.740,1.640,0.880,3,0,330.618,0,0,11,30,1,41,0
06-05 22:08:19,60.548,7.756,30.524,0,0,1621952,885644,169812,5256996,33170.128,23011.125,0,772.609,0,60.047,6829,9005,2.740,1.640,0.880,5,0,67.053,0,0,11,30,1,43,0
06-05 22:08:20,74.772,15.505,9.253,1.250,0,1600452,907108,169824,5257020,13462.998,6951.064,0,428.127,0,40.012,5871,5169,2.740,1.640,0.880,3,0,201.060,0,0,11,29,1,45,0
06-05 22:08:21,61.685,6.493,30.718,0,0,1636172,871324,169824,5257080,26668.007,25024.732,0,147.845,0,8.991,6857,7985,2.740,1.640,0.880,2,0,0,0,0,11,32,1,45,0
06-05 22:08:22,53.301,5.005,40.289,1.001,0,1643844,863260,169824,5257464,41090.412,34033.644,0,216.207,0,17.016,11765,18630,2.520,1.610,0.880,4,0,0,0,0,11,31,1,45,0
06-05 22:08:23,73.760,13.752,12.002,0,0,1499760,1007268,169836,5257528,24059.328,13920.925,0,496.069,0,50.007,7157,9064,2.520,1.610,0.880,4,0,120.017,0,0,11,28,1,45,0
06-05 22:08:24,68.987,7.999,22.996,0,0,1614432,892556,169836,5257564,23635.659,19354.446,0,147.973,0,8.998,5278,4944,2.520,1.610,0.880,3,0,0,0,0,11,32,1,45,0
06-05 22:08:25,54.842,5.983,38.140,0,0.249,1614032,892556,169840,5257956,50963.797,41591.867,0,139.597,0,8.974,11634,20173,2.520,1.610,0.880,4,0,0,0,0,11,31,1,46,0
06-05 22:08:26,68.209,15.297,14.545,0,0,1536192,970304,169840,5258004,25343.742,17023.219,0,124.382,0,8.025,7237,9207,2.520,1.610,0.880,4,0,262.806,0,0,11,28,1,49,0
06-05 22:08:27,70.745,8.499,20.748,0.500,0,1613732,892740,169844,5258020,24294.239,17866.705,0,1419.897,0,9.999,4979,4860,2.560,1.630,0.890,3,0,0,0,0,11,32,1,49,0
06-05 22:08:28,60.209,8.459,30.105,0,0,1576520,929688,169848,5258276,40787.035,31828.298,0,242.827,0,20.899,10533,16742,2.560,1.630,0.890,4,0,68.668,0,0,11,29,1,51,0
06-05 22:08:29,79.893,11.306,7.537,0.502,0,1605316,900736,169852,5258428,9941.901,6163.315,0,213.048,0,20.099,5222,4396,2.560,1.630,0.890,4,0,60.297,0,0,11,29,1,51,0
06-05 22:08:30,63.236,8.748,26.994,0.250,0,1577848,928152,169856,5258468,24993.487,20939.381,0,475.895,0,47.989,6093,7500,2.560,1.630,0.890,4,0,91.980,0,0,11,30,1,53,0
06-05 22:08:31,68.112,8.483,22.704,0,0,1613040,892728,169860,5258692,35677.972,25718.080,0,171.653,0,10.978,6087,10877,2.560,1.630,0.890,5,0,27.944,0,0,11,30,1,54,0
06-05 22:08:32,69.212,11.993,18.990,0,0,1621244,884452,169860,5258760,28344.424,21439.219,0,147.919,0,9.995,6128,9370,2.600,1.650,0.900,4,0,140.923,0,0,11,29,1,56,0
06-05 22:08:33,72.339,11.264,16.020,0,0,1642104,863572,169860,5258776,22441.509,13880.014,0,240.295,0,11.014,5818,5077,2.600,1.650,0.900,4,0,86.106,0,0,11,30,1,57,0
06-05 22:08:34,70.048,10.719,18.198,0.499,0,1607952,897548,169860,5258952,27366.139,18162.661,0,135.609,0,7.977,6016,6914,2.600,1.650,0.900,4,0,67.805,0,0,11,30,1,59,0
06-05 22:08:35,62.191,10.532,23.823,2.758,0,1584344,921056,169892,5259016,24530.487,16627.167,0,2331.174,0,162.500,6412,8096,2.600,1.650,0.900,2,0,139.429,0,0,11,32,1,61,0
06-05 22:08:36,53.677,9.237,32.955,3.246,0,1576488,928856,169916,5259048,16796.120,10010.363,0,4521.840,0,212.710,4854,4965,2.600,1.650,0.900,3,0,120.835,0,0,11,33,1,63,0
06-05 22:08:37,53.049,9.008,37.535,0,0,1541064,964064,169928,5259248,18235.777,13237.179,0,200.184,0,15.014,4592,4978,2.550,1.660,0.910,3,0,96.088,0,0,11,34,1,61,0
06-05 22:08:38,54.583,8.263,37.307,0.250,0,1565960,939128,169928,5259284,25077.049,16445.953,0,156.237,0,8.012,5267,6669,2.550,1.660,0.910,2,0,44.067,0,0,11,33,1,63,0
06-05 22:08:39,53.007,7.751,37.255,1.250,0,1553932,951012,169932,5259420,20626.882,11974.673,0,632.088,0,54.008,5089,5362,2.550,1.660,0.910,3,0,43.006,0,0,11,33,1,64,0
06-05 22:08:40,35.104,5.975,57.013,0.747,0,1547140,957624,169940,5259588,18809.907,13924.191,0,266.892,0,19.917,4925,6557,2.550,1.660,0.910,3,0,85.644,0,0,11,33,1,65,0
06-05 22:08:41,34.872,10.286,54.441,0,0,1474520,1030088,169948,5259736,14379.367,5557.466,0,204.717,0,20.070,4596,4448,2.550,1.660,0.910,2,0,135.475,0,0,11,32,1,64,0
06-05 22:08:42,35.004,3.750,60.506,0.250,0,1522084,982508,169948,5259752,18315.880,10770.106,0,120.012,0,9.001,3163,3245,2.420,1.650,0.910,2,0,0,0,0,11,34,1,64,0
06-05 22:08:43,38.006,7.251,54.008,0,0,1482528,1022000,169948,5259816,16219.379,7777.141,0,176.026,0,13.002,4015,4496,2.420,1.650,0.910,3,0,65.010,0,0,11,32,1,66,0
06-05 22:08:44,36.458,6.742,55.936,0,0,1526256,978264,169948,5259824,11748.621,6104.049,0,187.786,0,10.987,3046,2216,2.420,1.650,0.910,1,0,72.917,0,0,11,33,1,66,0
06-05 22:08:45,35.446,6.490,56.164,1.248,0,1531584,972884,169960,5259860,15468.444,10613.837,0,347.471,0,35.945,3999,5265,2.420,1.650,0.910,1,0,59.909,0,0,11,33,1,61,0
06-05 22:08:46,36.234,5.248,56.224,1.499,0,1531824,972500,169968,5259996,15134.122,7265.698,0,259.882,0,21.990,2920,2774,2.420,1.650,0.910,2,0,4.998,0,0,11,33,1,62,0
06-05 22:08:47,36.111,5.266,58.180,0,0,1513884,990404,169968,5260032,17482.975,12412.321,0,144.446,0,8.025,4336,5639,2.390,1.650,0.920,1,0,43.133,0,0,11,33,1,63,0
06-05 22:08:48,34.720,5.495,58.450,0.500,0,1505636,998568,169976,5260104,16237.028,9845.528,0,283.756,0,26.977,3440,3868,2.390,1.650,0.920,2,0,5.995,0,0,11,33,1,64,0
06-05 22:08:49,34.425,3.492,59.371,0.998,0,1527328,976844,169976,5260132,20335.854,12288.324,0,339.264,0,22.950,3959,4882,2.390,1.650,0.920,2,0,0,0,0,11,33,1,63,0
06-05 22:08:50,23.069,11.033,65.697,0.251,0,1417560,1086500,169984,5260232,15609.689,6203.555,0,280.840,0,22.066,5136,5659,2.390,1.650,0.920,1,0,282.846,0,0,11,32,1,64,0
06-05 22:08:51,18.945,1.994,77.774,0,0,1456380,1047552,169984,5260360,6858.089,2828.787,0,143.583,0,8.974,1630,1247,2.390,1.650,0.920,2,0,0,0,0,11,33,1,64,0
06-05 22:08:52,15.796,2.507,79.482,1.755,0,1450200,1053692,170000,5260384,13058.115,8857.855,0,621.815,0,45.132,2881,4095,2.280,1.640,0.920,1,0,0,0,0,11,32,1,65,0
06-05 22:08:53,15.707,12.216,70.555,0.249,0,1421908,1081968,170004,5260392,16447.636,484.663,0,231.362,0,17.950,4095,3192,2.280,1.640,0.920,1,0,283.219,0,0,11,32,1,64,0
06-05 22:08:54,18.993,2.499,77.721,0.750,0,1438336,1065524,170008,5260404,13465.048,5515.971,0,127.953,0,6.997,1921,1692,2.280,1.640,0.920,2,0,0,0,0,11,33,1,64,0
06-05 22:08:55,18.505,4.251,76.272,0,0,1402016,1101820,170008,5260424,12220.501,6167.767,0,120.034,0,7.002,3699,4196,2.280,1.640,0.920,3,0,46.013,0,0,11,32,1,65,0
06-05 22:08:56,19.794,2.004,77.922,0.251,0,1398756,1105072,170012,5260428,11267.812,2937.468,0,120.265,0,13.029,1805,1432,2.280,1.640,0.920,1,0,0,0,0,11,33,1,65,0
06-05 22:08:57,17.219,2.496,77.111,0.998,0,1395312,1108488,170012,5260456,19631.636,10200.625,0,2471.548,0,122.779,4470,5802,2.180,1.630,0.920,1,0,0,0,0,11,33,1,59,0
06-05 22:08:58,12.537,17.803,68.955,0.501,0,1364500,1139096,170020,5260648,9889.470,2493.430,0,1440.292,0,36.108,6229,6330,2.180,1.630,0.920,2,0,545.626,0,0,11,34,1,59,0
06-05 22:08:59,42.127,7.977,47.610,1.246,0,1481712,1021452,170044,5261044,6088.156,484.580,35.895,721.884,0.997,22.933,3588,2569,2.180,1.630,0.920,2,0,82.757,0,0,11,32,1,61,0
06-05 22:09:00,38.444,6.740,42.189,11.983,0,1552692,946916,170200,5263860,4163.970,485.297,435.370,5184.492,16.975,330.521,5154,19179,2.180,1.630,0.920,2,1,55.919,0,0,11,36,1,62,0
06-05 22:09:01,25.526,5.506,45.296,22.023,0,1585272,913188,170364,5264808,3035.111,486.499,0,5401.536,0,522.536,5501,8712,2.180,1.630,0.920,3,1,25.026,0,0,11,36,1,59,0
06-05 22:09:02,25.507,4.501,42.262,25.757,0,1560464,936820,170600,5265688,9677.661,486.134,0,8682.387,0,659.181,4971,8136,2.400,1.690,0.940,1,1,27.007,0,0,11,36,1,59,0
06-05 22:09:03,26.240,5.248,46.982,21.242,0,1583192,913024,170808,5266524,7983.021,485.819,0,10280.164,0,788.706,5050,8861,2.400,1.690,0.940,2,2,14.994,0,0,11,36,1,59,0
06-05 22:09:04,26.014,4.502,44.274,24.013,0,1559368,936300,170896,5266968,8675.760,560.307,0,10333.670,0,640.351,4384,6997,2.400,1.690,0.940,1,4,15.008,0,0,11,36,1,59,0
06-05 22:09:05,26.210,4.992,46.678,20.968,0,1575256,919400,170992,5267828,7063.117,559.138,0,6837.465,0,635.022,5392,8618,2.400,1.690,0.940,4,1,28.955,0,0,11,36,1,54,0
06-05 22:09:06,26.516,5.503,40.524,26.016,0,1562252,931748,171120,5268340,11446.826,486.290,0,12355.368,0,875.522,6188,10427,2.400,1.690,0.940,1,1,16.010,0,0,11,36,1,54,0
06-05 22:09:07,26.259,5.002,41.265,24.759,0,1594800,898376,171312,5268952,5679.036,560.201,0,9147.280,0,815.292,5903,9395,2.610,1.740,0.960,2,1,14.005,0,0,11,36,1,54,0
06-05 22:09:08,27.547,5.259,37.814,27.296,0,1568536,924404,171396,5269092,3255.503,560.948,0,11399.269,0,833.409,5957,9535,2.610,1.740,0.960,2,1,11.019,0,0,11,36,1,54,0
06-05 22:09:09,24.713,5.492,36.445,31.702,0,1573816,918660,171480,5269468,9450.766,559.158,0,12245.557,0,918.616,5703,8618,2.610,1.740,0.960,1,2,10.983,0,0,11,36,1,49,0
06-05 22:09:10,28.324,4.010,41.608,23.561,0,1585772,906016,171580,5270068,6994.166,561.458,0,6725.469,0,544.414,5438,8147,2.610,1.740,0.960,2,1,5.013,0,0,11,38,1,49,0
06-05 22:09:11,26.185,4.988,40.150,26.933,0,1595152,897044,171668,5269560,4741.176,484.791,0,7832.467,0,673.321,5713,8925,2.610,1.740,0.960,2,2,7.980,0,0,11,38,1,49,0
06-05 22:09:12,39.107,5.766,43.118,10.278,0,1443276,1049048,171704,5269396,10257.126,561.540,0,4853.308,0,387.061,4411,5400,2.880,1.810,0.990,2,0,6.016,0,0,11,32,1,49,0
06-05 22:09:13,38.983,5.747,44.980,9.496,0,1524064,968156,171724,5269476,8834.083,485.785,0,1451.356,0,142.937,3570,3706,2.880,1.810,0.990,2,0,1.999,0,0,11,34,1,46,0
06-05 22:09:14,28.001,5.750,37.501,26.751,0,1600180,891800,171888,5269552,10341.226,486.011,0,8320.182,0,865.019,6527,10473,2.880,1.810,0.990,1,1,4.000,0,0,11,34,1,46,0
06-05 22:09:15,29.276,5.755,42.788,20.518,0,1604140,887228,172224,5269828,6281.581,486.432,0,10537.362,0,1175.044,7931,13766,2.880,1.810,0.990,2,1,1.001,0,0,11,34,1,46,0
06-05 22:09:16,29.501,4.750,47.001,16.500,0,1612468,878512,172436,5269992,5531.158,560.016,0,7908.226,0,1017.029,6431,12073,2.880,1.810,0.990,3,0,1.000,0,0,11,34,1,46,0
06-05 22:09:17,27.415,6.729,62.557,2.742,0,1593864,897092,172452,5269992,9594.333,484.502,0,821.460,0,50.843,2981,2475,2.810,1.820,0.990,1,0,99.692,0,0,11,32,1,46,0
06-05 22:09:18,12.783,15.791,68.929,2.005,0,1534528,956232,172460,5270144,6514.955,541.409,0,1439.747,0,48.125,5046,4248,2.810,1.820,0.990,1,0,373.973,0,0,11,32,1,41,0
06-05 22:09:19,8.500,21.001,57.753,11.251,0,1496420,994192,172548,5270192,4863.249,486.025,0,8712.446,0,400.020,6973,6856,2.810,1.820,0.990,1,0,508.026,0,0,11,32,1,41,0
06-05 22:09:20,9.225,20.444,69.558,0,0,1473392,1017180,172548,5270228,7489.370,484.665,0,179.506,0,6.981,6132,4976,2.810,1.820,0.990,2,0,487.657,0,0,11,32,1,41,0
06-05 22:09:21,22.242,3.249,73.472,0,0,1500764,989820,172548,5270216,9019.599,485.817,0,0,0,0,1841,1334,2.810,1.820,0.990,1,0,1.999,0,0,11,32,1,41,0
06-05 22:09:22,22.269,3.753,73.562,0,0,1485696,1004872,172548,5270232,7441.242,486.408,0,16.013,0,1.001,1892,1345,2.670,1.800,0.990,1,0,1.001,0,0,11,32,1,37,0
06-05 22:09:23,21.987,3.748,73.957,0,0,1539532,951056,172548,5270212,7549.615,485.718,0,0,0,0,1821,1305,2.670,1.800,0.990,2,0,1.999,0,0,11,32,1,37,0
06-05 22:09:24,22.250,3.250,73.750,0,0,1514324,976256,172548,5270220,2943.994,559.999,0,36.000,0,4.000,1777,1362,2.670,1.800,0.990,1,0,1.000,0,0,11,32,1,37,0
06-05 22:09:25,22.753,3.500,73.009,0.500,0,1548472,942104,172548,5270224,8112.958,486.057,0,136.016,0,11.001,1978,1717,2.670,1.800,0.990,2,0,2.000,0,0,11,32,1,37,0
06-05 22:09:26,22.750,2.750,73.251,0.250,0,1507924,982648,172552,5270224,9882.168,486.008,0,344.006,0,23.000,1888,1413,2.670,1.800,0.990,1,0,1.000,0,0,11,32,1,36,0
06-05 22:09:27,23.250,2.750,73.749,0,0,1531460,959092,172552,5270244,9517.859,485.993,0,20.000,0,1.000,1779,1173,2.610,1.810,1,1,0,2.000,0,0,11,32,1,36,0
06-05 22:09:28,22.252,3.750,73.757,0,0,1505216,985348,172552,5270232,7457.699,486.046,0,488.046,0,93.009,2001,1484,2.610,1.810,1,1,0,2.000,0,0,11,32,1,36,0
06-05 22:09:29,22.810,3.008,73.444,0,0,1492744,997808,172552,5270244,8336.039,487.288,0,12.032,0,1.003,1853,1246,2.610,1.810,1,1,0,3.008,0,0,11,32,1,36,0
06-05 22:09:30,21.694,4.239,73.310,0,0,1551504,939076,172552,5270216,6864.189,484.742,0,2074.617,0,17.953,1936,1363,2.610,1.810,1,2,0,1.995,0,0,11,32,1,31,0
06-05 22:09:31,23.251,2.500,73.502,0,0,1524964,965672,172552,5270160,3104.103,486.016,0,28.001,0,1.000,1736,1289,2.610,1.810,1,2,0,1.000,0,0,11,32,1,31,0
06-05 22:09:32,21.751,3.750,73.753,0,0,1537816,952820,172552,5270160,2623.095,528.019,0,168.006,0,2.000,1759,1293,2.480,1.790,1,1,0,2.000,0,0,11,32,1,31,0
06-05 22:09:33,23.002,2.250,73.505,0,0,1500212,990348,172552,5270236,7780.580,486.036,0,88.007,0,1.000,1747,1209,2.480,1.790,1,1,0,1.000,0,0,11,32,1,31,0
06-05 22:09:34,22.500,3.750,73.999,0,0,1497480,993088,172552,5270228,6526.885,485.991,0,139.998,0,29.999,1852,1347,2.480,1.790,1,1,0,1.000,0,0,11,32,1,24,0
06-05 22:09:35,22.749,3.000,72.997,0,0,1518760,971800,172552,5270236,7864.687,485.981,0,131.995,0,10.000,1885,1549,2.480,1.790,1,1,0,2.000,0,0,11,32,1,24,0
06-05 22:09:36,22.751,3.250,72.503,1.000,0,1498720,991840,172556,5270232,7144.250,486.017,0,460.016,0,32.001,1906,1471,2.480,1.790,1,2,0,1.000,0,0,11,32,1,24,0
06-05 22:09:37,22.250,3.500,73.500,0,0,1494432,996116,172556,5270244,7359.048,486.003,0,24.000,0,1.000,1801,1346,2.360,1.780,1,3,0,1.000,0,0,11,32,1,24,0
06-05 22:09:38,22.501,3.750,73.752,0,0,1515600,974948,172556,5270244,6587.182,486.013,0,12.000,0,1.000,1883,1364,2.360,1.780,1,2,0,3.000,0,0,11,32,1,17,0
06-05 22:09:39,11.776,18.040,69.405,0,0,1462496,1027988,172556,5270308,4417.897,487.091,0,240.539,0,10.022,5480,4494,2.360,1.780,1,2,0,453.015,0,0,11,32,1,17,0
06-05 22:09:40,21.449,4.240,73.825,0,0,1511712,978760,172556,5270320,7337.579,484.849,0,123.706,0,25.938,1893,1401,2.360,1.780,1,2,0,7.981,0,0,11,32,1,17,0
06-05 22:09:41,23.013,2.752,72.040,1.251,0,1490360,999860,172556,5270564,9747.399,560.310,0,576.319,0,75.042,1945,1170,2.360,1.780,1,2,0,9.005,0,0,11,32,1,17,0
06-05 22:09:42,23.241,2.999,73.470,0.250,0,1508048,982160,172560,5270568,6471.380,485.803,0,167.932,0,3.998,1736,1237,2.250,1.770,1,2,0,0,0,0,11,32,1,13,0
06-05 22:09:43,12.505,17.006,69.025,0,0,1480952,1009116,172560,5270708,7453.710,486.177,40.015,84.031,2.001,3.001,5065,3940,2.250,1.770,1,1,0,379.138,0,0,11,32,1,13,0
06-05 22:09:44,8.268,22.297,69.147,0,0.251,1456792,1033244,172560,5270740,7192.282,487.035,0,316.673,0,7.015,6409,5250,2.250,1.770,1,2,0,557.184,0,0,11,32,1,13,0
06-05 22:09:45,8.481,21.701,68.096,0.249,0,1432360,1057624,172560,5270788,10139.031,554.743,0,650.526,0,41.905,6677,5795,2.250,1.770,1,2,0,557.736,0,0,11,32,1,13,0
06-05 22:09:46,8.271,22.305,67.919,0.501,0,1420212,1069728,172564,5270824,5868.592,487.211,0,1956.866,0,40.100,6496,5470,2.250,1.770,1,1,0,589.466,0,0,11,32,1,9,0
06-05 22:09:47,8.742,21.231,69.438,0,0,1417880,1072032,172564,5270852,4797.739,485.569,0,1286.857,0,13.988,6414,5370,2.150,1.750,1,2,0,565.498,0,0,11,32,1,9,0
06-05 22:09:48,7.738,20.718,69.394,0,0,1396540,1093308,172564,5270916,6942.399,539.177,0,235.640,0,9.985,6159,5107,2.150,1.750,1,2,0,505.228,0,0,11,32,1,9,0
06-05 22:09:49,8.020,22.305,69.169,0,0,1382692,1107104,172564,5270960,6480.878,487.194,0,300.737,0,13.032,6494,5544,2.150,1.750,1,1,0,582.427,0,0,11,32,1,9,0
06-05 22:09:50,9.225,20.196,68.566,0.499,0,1342968,1146780,172580,5270988,34042.528,484.698,0,179.518,0,11.968,6537,5311,2.150,1.750,1,2,0,524.590,0,0,11,32,1,5,0
06-05 22:09:51,34.099,27.329,37.609,1.003,0,1417220,1072440,172616,5271040,7775.611,487.417,0,1075.126,0,66.192,7129,7051,2.150,1.750,1,3,1,808.351,0,0,11,32,1,11,0
06-05 22:09:52,66.502,8.750,23.251,1.000,0,1642752,844984,172720,5272596,5775.138,486.012,16.000,328.008,1.000,11.000,3698,1847,2.220,1.780,1.010,2,1,3.000,0,0,11,34,1,11,0
06-05 22:09:53,25.181,4.488,33.408,35.153,0,1666456,816316,173016,5276608,6794.255,484.663,426.822,12266.158,8.975,649.209,5245,8205,2.220,1.780,1.010,3,1,18.948,0,0,11,38,1,11,0
06-05 22:09:54,8.749,3.250,50.996,34.747,0,1665176,815812,173232,5277952,7058.487,485.965,0,8475.384,0,563.959,4534,7859,2.220,1.780,1.010,1,1,17.999,0,0,11,38,1,11,0
06-05 22:09:55,5.747,3.498,48.970,39.976,0,1664876,814804,173408,5279056,5479.671,485.705,0,9106.467,0,611.628,5106,9517,2.220,1.780,1.010,2,1,14.991,0,0,11,38,1,11,0
06-05 22:09:56,8.244,2.748,52.209,33.224,0,1663856,814076,173516,5280644,8921.075,579.550,0,11575.015,0,903.299,6584,12067,2.220,1.780,1.010,0,2,23.981,0,0,11,38,1,11,0
06-05 22:09:57,6.505,3.753,54.795,33.278,0,1663144,813520,173672,5281728,9942.228,486.403,0,12049.972,0,780.646,4802,8663,2.200,1.780,1.020,1,3,12.010,0,0,11,38,1,11,0
06-05 22:09:58,9.222,3.240,50.097,34.146,0,1662848,812412,173828,5282936,12673.354,484.522,0,13566.630,0,897.264,5610,10153,2.200,1.780,1.020,3,1,12.960,0,0,11,38,1,10,0
06-05 22:09:59,7.027,3.012,53.455,35.135,0,1661140,812972,173912,5283968,6703.703,487.871,0,13515.822,0,840.222,6120,11543,2.200,1.780,1.020,1,1,12.046,0,0,11,38,1,10,0
06-05 22:10:00,10.970,6.233,52.608,27.426,0,1692456,780744,174052,5284656,9303.828,484.689,0,12031.449,0,790.860,7356,22458,2.200,1.780,1.020,1,1,46.873,0,0,11,38,1,11,0
06-05 22:10:01,12.309,4.270,47.477,33.661,0,1627980,843688,174120,5286084,5052.185,488.338,0,11229.757,0,803.848,5348,9279,2.200,1.780,1.020,1,2,51.245,0,0,11,36,1,11,0
06-05 22:10:02,25.931,6.233,39.146,26.430,0,1677852,792532,174152,5287232,3545.605,484.716,0,10536.080,0,738.044,5331,8630,2.350,1.820,1.030,1,1,29.921,0,0,11,36,1,11,0
06-05 22:10:03,18.257,4.252,42.516,32.512,0,1680916,788260,174224,5288340,11680.350,9042.367,0,14969.574,0,987.368,7516,13226,2.350,1.820,1.030,2,1,18.007,0,0,11,37,1,8,0
06-05 22:10:04,21.742,6.748,40.735,27.990,0.250,1688244,779776,174284,5289404,10740.129,1458.474,0,12747.405,0,811.707,6286,9958,2.350,1.820,1.030,3,3,72.974,0,0,11,38,1,9,0
06-05 22:10:05,22.288,4.508,42.322,28.799,0,1715608,751504,174316,5290256,13295.675,5527.427,0,11307.284,0,708.208,5084,8248,2.350,1.820,1.030,1,3,6.010,0,0,11,39,1,9,0
06-05 22:10:06,21.470,4.244,47.933,24.965,0,1707728,757296,174364,5292232,18197.446,11508.839,0,8020.737,0,609.145,8454,13761,2.350,1.820,1.030,0,3,14.979,0,0,11,39,1,9,0
06-05 22:10:07,15.282,5.512,40.585,35.324,0,1656860,807172,174420,5293112,9998.983,4178.769,0,13311.936,0,941.977,6861,11188,2.480,1.850,1.050,3,0,42.088,0,0,11,38,1,9,0
06-05 22:10:08,26.683,5.985,36.657,28.428,0,1706492,756372,174464,5294204,11024.176,2188.477,0,14168.241,0,924.666,6368,10608,2.480,1.850,1.050,2,1,3.990,0,0,11,39,1,9,0
06-05 22:10:09,17.251,3.500,40.752,36.752,0,1698240,763680,174484,5295116,15676.772,7279.359,0,14120.696,0,1051.052,6511,10609,2.480,1.850,1.050,0,1,9.000,0,0,11,39,1,9,0
06-05 22:10:10,23.059,3.760,46.620,23.561,0,1690192,769976,174540,5296740,15152.026,11401.365,0,9271.881,0,804.071,8427,14469,2.480,1.850,1.050,1,3,12.031,0,0,11,39,1,9,0
06-05 22:10:11,25.189,6.983,35.165,30.925,0,1667340,791784,174620,5297676,4758.511,1667.973,0,14389.259,0,994.599,6605,10361,2.480,1.850,1.050,2,2,70.829,0,0,11,38,1,10,0
06-05 22:10:12,22.756,4.501,39.510,30.758,0,1691244,766700,174676,5298748,13241.518,6206.649,0,9838.614,0,725.193,5738,8976,2.680,1.910,1.070,0,2,3.001,0,0,11,39,1,10,0
06-05 22:10:13,22.551,4.009,43.349,28.816,0,1686328,770656,174732,5299636,17847.574,10277.364,0,9910.530,0,703.600,7812,13393,2.680,1.910,1.070,0,2,9.021,0,0,11,39,1,10,0
06-05 22:10:14,22.007,5.502,38.012,32.260,0,1679084,775796,174844,5301568,12474.014,4497.447,0,12908.153,0,782.252,6786,10751,2.680,1.910,1.070,1,2,40.013,0,0,11,38,1,10,0
06-05 22:10:15,22.988,3.998,36.231,35.482,0,1719768,734236,174980,5302308,9939.905,2889.519,0,11893.903,0,771.604,5353,8389,2.680,1.910,1.070,2,1,2.998,0,0,11,39,1,10,0
06-05 22:10:16,30.514,10.755,36.017,20.259,0,1605148,847928,175128,5303076,20553.618,9582.484,0,11285.281,0,887.415,9763,14734,2.680,1.910,1.070,2,2,221.103,0,0,11,37,1,10,0
06-05 22:10:17,34.005,15.752,29.755,19.503,0,1505168,946344,175260,5304364,16944.659,9231.449,948.149,11044.733,11.002,825.130,11220,18770,2.790,1.940,1.090,4,2,240.038,0,0,11,36,1,11,0
06-05 22:10:18,30.179,12.470,34.917,20.701,0,1577584,872544,175332,5305612,3465.793,538.724,1452.560,9032.612,26.936,586.611,6444,9148,2.790,1.940,1.090,1,3,175.584,0,0,11,36,1,11,0
06-05 22:10:19,17.532,4.007,46.334,30.054,0,1581620,867608,175400,5306420,15503.048,9082.432,0,13536.490,0,828.499,7140,11991,2.790,1.940,1.090,0,2,3.005,0,0,11,37,1,11,0
06-05 22:10:20,26.182,5.735,42.640,23.439,0,1562292,885712,175488,5307524,10264.486,682.238,0,5657.386,0,499.709,5349,7963,2.790,1.940,1.090,1,1,36.905,0,0,11,36,1,12,0
06-05 22:10:21,17.748,3.500,48.743,27.746,0,1575624,871344,175528,5308468,10932.472,6367.110,0,9334.695,0,630.912,5304,8840,2.790,1.940,1.090,2,1,0,0,0,11,37,1,12,0
06-05 22:10:22,22.504,7.001,44.758,22.504,0,1543296,902464,175612,5309564,8505.614,1368.260,0,9673.835,0,694.132,6210,9465,3.050,2.010,1.110,1,2,63.012,0,0,11,36,1,13,0
06-05 22:10:23,21.255,4.501,49.261,23.505,0,1560256,884076,175700,5310868,13398.087,7576.746,0,9162.111,0,702.162,6261,10031,3.050,2.010,1.110,2,2,0,0,0,11,37,1,13,0
06-05 22:10:24,21.251,5.500,41.002,28.752,0,1584080,859604,175768,5311432,11360.632,4076.227,0,12784.712,0,821.046,6604,10393,3.050,2.010,1.110,2,2,49.003,0,0,11,36,1,14,0
06-05 22:10:25,21.494,4.749,47.487,24.244,0,1610176,832264,175796,5312600,10462.238,5673.502,0,6678.237,0,550.855,5279,8159,3.050,2.010,1.110,1,1,0,0,0,11,37,1,14,0
06-05 22:10:26,17.296,5.765,46.625,27.824,0,1511596,929852,175840,5313512,9322.914,6179.514,0,12537.504,0,804.149,7008,11462,3.050,2.010,1.110,1,2,63.169,0,0,11,36,1,15,0
06-05 22:10:27,2.493,2.244,66.311,26.923,0,1505364,935460,175848,5314112,9286.522,484.618,0,9784.104,0,502.567,3082,5176,3.040,2.020,1.120,0,1,5.983,0,0,11,36,1,15,0
06-05 22:10:28,4.005,2.253,66.576,24.028,0,1499036,940476,175908,5315296,5411.197,540.619,0,6879.879,0,571.655,4266,7834,3.040,2.020,1.120,0,1,1.001,0,0,11,36,1,15,0
06-05 22:10:29,3.497,2.748,56.449,34.719,0,1493856,945012,175936,5315892,3981.418,485.563,0,11149.968,0,744.330,4127,7967,3.040,2.020,1.120,1,2,0,0,0,11,36,1,15,0
06-05 22:10:30,4.749,2.749,58.985,30.992,0,1485716,952292,175956,5316712,6652.336,485.878,0,9061.733,0,689.827,4606,8260,3.040,2.020,1.120,0,1,8.998,0,0,11,36,1,15,0
06-05 22:10:31,3.748,2.249,59.972,31.485,0,1482284,955144,175972,5317260,8608.034,539.751,0,7880.369,0,549.747,3855,6972,3.040,2.020,1.120,1,1,8.996,0,0,11,36,1,15,0
06-05 22:10:32,4.251,2.751,61.262,29.256,0,1479472,956608,175992,5318548,7793.522,486.095,0,10774.104,0,733.143,4679,8465,3.040,2.040,1.130,0,3,9.002,0,0,11,36,1,15,0
06-05 22:10:33,4.750,3.000,59.753,30.252,0,1477148,958192,176000,5319260,7334.392,540.029,0,10268.549,0,682.036,4562,8697,3.040,2.040,1.130,0,4,0,0,0,11,36,1,15,0
06-05 22:10:34,5.003,2.501,63.532,26.513,0,1476856,958192,176052,5319492,3041.528,486.244,0,10133.091,0,690.347,4490,8144,3.040,2.040,1.130,2,0,9.005,0,0,11,36,1,15,0
06-05 22:10:35,6.750,2.750,63.499,24.750,0,1475332,959300,176076,5319856,7525.901,485.994,0,8547.887,0,666.991,4556,8046,3.040,2.040,1.130,0,1,6.000,0,0,11,36,1,15,0
06-05 22:10:36,4.498,3.749,61.476,27.239,0,1472396,962080,176144,5319940,5696.762,539.788,0,12263.182,0,925.636,5620,9888,3.040,2.040,1.130,1,1,11.995,0,0,11,36,1,15,0
06-05 22:10:37,7.002,3.001,59.515,28.257,0,1470860,963236,176212,5320244,7132.781,486.121,0,12443.107,0,954.238,5486,10037,2.870,2.020,1.130,2,1,12.003,0,0,11,36,1,15,0
06-05 22:10:38,4.747,2.498,56.960,32.227,0,1470248,963296,176256,5320740,5211.342,539.621,0,12315.355,0,828.418,4944,9150,2.870,2.020,1.130,3,1,6.995,0,0,11,36,1,15,0
06-05 22:10:39,4.252,2.751,62.283,28.265,0,1469300,963296,176340,5321588,10552.537,486.255,0,9801.143,0,714.375,4788,8565,2.870,2.020,1.130,0,1,9.005,0,0,11,36,1,15,0
06-05 22:10:40,5.000,2.750,60.247,28.998,0,1468660,963296,176464,5322080,5803.666,559.968,0,11571.335,0,829.952,4810,8799,2.870,2.020,1.130,2,1,6.000,0,0,11,36,1,15,0
06-05 22:10:41,5.251,3.000,61.508,28.003,0.250,1468372,962792,176544,5322776,5644.689,540.066,0,9197.122,0,776.095,5024,9197,2.870,2.020,1.130,2,1,12.001,0,0,11,36,1,15,0
06-05 22:10:42,5.250,2.250,59.000,30.750,0,1469872,960776,176600,5323224,4570.974,485.997,0,9127.947,0,620.996,4364,8096,2.880,2.040,1.140,0,2,6.000,0,0,11,36,1,15,0
06-05 22:10:43,4.764,2.006,57.675,33.100,0,1469644,960776,176648,5323396,8293.142,541.642,0,13468.833,0,969.941,4469,8078,2.880,2.040,1.140,0,2,6.018,0,0,11,36,1,15,0
06-05 22:10:44,4.737,2.742,60.329,28.918,0,1470296,960776,176692,5322680,6355.948,484.624,0,9516.970,0,789.757,5727,10763,2.880,2.040,1.140,0,2,2.992,0,0,11,36,1,15,0
06-05 22:10:45,4.000,2.000,59.995,31.247,0,1469920,960776,176756,5322992,9426.213,485.959,0,9235.228,0,737.938,4559,8343,2.880,2.040,1.140,0,1,3.000,0,0,11,36,1,15,0
06-05 22:10:46,6.749,3.000,64.244,23.998,0,1471364,960776,176792,5321508,6357.432,539.952,0,9331.167,0,850.924,5721,10477,2.880,2.040,1.140,2,1,0,0,0,11,36,1,15,0
06-05 22:10:47,6.250,2.750,53.750,33.750,0,1470796,960776,176824,5322044,7473.958,485.997,0,15859.910,0,1006.994,4924,9012,2.810,2.040,1.150,0,3,3.000,0,0,11,36,1,15,0
06-05 22:10:48,7.998,2.499,67.235,20.245,0,1470452,960776,176864,5322340,7118.372,539.877,0,4558.957,0,462.894,4337,7207,2.810,2.040,1.150,0,2,5.999,0,0,11,36,1,15,0
06-05 22:10:49,4.998,2.249,63.969,25.987,0,1470036,960776,176884,5322736,3270.415,485.765,0,8667.799,0,643.688,4685,8578,2.810,2.040,1.150,1,2,6.997,0,0,11,36,1,15,0
06-05 22:10:50,5.752,3.001,62.271,26.509,0,1469832,960776,176904,5322920,3586.236,540.186,0,8538.944,0,698.241,4618,8195,2.810,2.040,1.150,0,2,9.003,0,0,11,36,1,15,0
06-05 22:10:51,3.501,2.500,61.010,30.005,0,1469564,960776,176908,5323184,9957.676,486.082,0,11169.880,0,765.129,4424,8464,2.810,2.040,1.150,0,1,3.001,0,0,11,36,1,15,0
06-05 22:10:52,5.006,2.753,61.068,29.033,0,1469208,960776,176940,5323504,8736.793,540.606,0,10928.249,0,772.866,5187,9344,2.910,2.070,1.160,0,1,6.007,0,0,11,36,1,9,0
06-05 22:10:53,7.244,2.248,60.454,26.980,0,1468832,960776,176964,5323848,23445.186,485.631,0,9240.979,0,755.426,5157,9014,2.910,2.070,1.160,0,2,8.993,0,0,11,36,1,9,0
06-05 22:10:54,5.497,3.498,61.220,27.486,0,1468704,960776,176992,5323936,6519.789,539.734,0,9803.172,0,770.620,5314,9539,2.910,2.070,1.160,1,0,5.997,0,0,11,38,1,9,0
06-05 22:10:55,5.253,2.501,62.282,26.764,0,1469388,960776,176996,5323248,7908.074,486.251,0,7487.858,0,673.347,4944,8996,2.910,2.070,1.160,0,2,6.003,0,0,11,38,1,9,0
06-05 22:10:56,5.001,2.501,56.513,32.757,0,1469660,960524,177020,5323204,7859.761,634.142,0,13867.107,0,904.203,4703,8654,2.910,2.070,1.160,1,2,0,0,0,11,38,1,8,0
06-05 22:10:57,5.247,2.748,63.713,26.484,0,1469104,960524,177032,5323748,7892.356,485.714,0,7303.702,0,620.635,4279,7807,2.840,2.070,1.170,0,2,2.998,0,0,11,38,1,8,0
06-05 22:10:58,5.250,2.500,63.502,25.751,0,1468732,960524,177052,5324088,11467.394,540.019,0,8396.288,0,656.023,4612,8140,2.840,2.070,1.170,0,1,6.000,0,0,11,38,1,8,0
06-05 22:10:59,5.002,2.501,61.269,27.758,0.250,1468832,960020,177060,5324476,8532.594,540.164,0,10983.339,0,813.247,5396,9701,2.840,2.070,1.170,4,0,10.003,0,0,11,38,1,8,0
06-05 22:11:00,7.515,4.509,57.361,28.305,0,1497632,931040,177084,5327144,4905.515,486.944,0,11967.212,0,758.471,4939,12941,2.840,2.070,1.170,1,2,37.072,0,0,11,38,1,8,0
06-05 22:11:01,9.981,2.994,59.139,25.203,0,1467076,961104,177104,5325088,6972.912,538.988,0,10208.839,0,792.513,6177,13851,2.840,2.070,1.170,0,1,16.968,0,0,11,38,1,9,0
06-05 22:11:02,9.499,3.500,61.743,23.747,0,1466692,960852,177116,5325676,5667.332,485.943,0,7647.099,0,674.920,4970,8945,2.690,2.050,1.170,0,1,14.998,0,0,11,38,1,9,0
06-05 22:11:03,7.251,2.750,56.256,30.003,0,1466324,960852,177148,5326004,8925.971,540.059,0,14185.543,0,979.107,5676,10411,2.690,2.050,1.170,1,2,6.001,0,0,11,38,1,9,0
06-05 22:11:04,7.997,2.999,60.475,25.739,0,1465868,960852,177192,5326404,6071.523,559.772,0,8468.545,0,718.707,5590,10083,2.690,2.050,1.170,1,1,11.995,0,0,11,38,1,7,0
06-05 22:11:05,5.005,2.252,64.069,26.529,0,1465604,960852,177224,5326628,3487.780,560.608,0,6006.509,0,514.558,4031,7250,2.690,2.050,1.170,2,1,3.003,0,0,11,38,1,7,0
06-05 22:11:06,5.244,2.497,63.932,23.975,0,1465128,960852,177284,5327028,8471.990,485.484,0,10309.037,0,793.156,5133,9447,2.690,2.050,1.170,0,1,11.987,0,0,11,38,1,7,0
06-05 22:11:07,4.501,2.751,60.516,29.758,0,1464764,960852,177336,5327328,5530.471,614.163,0,13707.646,0,903.240,5078,9516,2.550,2.040,1.170,0,1,9.002,0,0,11,38,1,7,0
06-05 22:11:08,5.746,2.498,66.958,22.486,0,1464176,960852,177360,5327880,4522.143,559.646,0,6451.924,0,634.599,4811,8746,2.550,2.040,1.170,1,1,14.991,0,0,11,38,1,7,0
06-05 22:11:09,6.761,2.755,57.095,29.549,0,1464048,960600,177384,5328228,7398.348,560.936,0,13738.930,0,932.556,5145,9292,2.550,2.040,1.170,0,1,1.002,0,0,11,38,1,7,0
06-05 22:11:10,5.503,2.751,64.280,26.012,0,1463488,960600,177424,5328736,4924.328,614.290,0,5998.836,0,592.280,4745,8568,2.550,2.040,1.170,0,3,6.003,0,0,11,38,1,7,0
06-05 22:11:11,3.993,3.244,57.398,32.193,0,1463444,960348,177432,5329016,7580.553,485.139,0,15392.696,0,926.357,4633,8398,2.550,2.040,1.170,1,0,2.995,0,0,11,38,1,7,0
06-05 22:11:12,5.000,2.750,65.252,24.751,0,1463628,959592,177456,5329548,5255.153,560.016,0,5472.159,0,557.016,4437,7925,2.510,2.030,1.170,0,3,12.000,0,0,11,38,1,6,0
06-05 22:11:13,5.752,2.001,60.268,28.509,0,1463140,959592,177468,5330008,3002.901,540.162,0,9906.972,0,727.218,4608,8308,2.510,2.030,1.170,0,2,9.003,0,0,11,38,1,6,0
06-05 22:11:14,3.999,2.750,60.489,30.245,0,1462768,959340,177504,5330552,8099.555,485.913,0,9598.287,0,705.874,4458,8008,2.510,2.030,1.170,3,1,8.998,0,0,11,38,1,6,0
06-05 22:11:15,4.501,3.251,57.512,31.507,0,1463192,958836,177516,5330616,8824.911,486.105,0,15119.274,0,1025.222,5221,9691,2.510,2.030,1.170,0,1,6.001,0,0,11,38,1,6,0
06-05 22:11:16,5.999,2.000,66.741,22.997,0,1462708,958584,177520,5331332,7892.899,559.922,0,5423.244,0,536.925,4594,8358,2.510,2.030,1.170,1,1,8.999,0,0,11,38,1,6,0
06-05 22:11:17,4.495,2.997,61.184,28.220,0,1462432,958584,177520,5331604,5122.464,539.417,0,10704.432,0,808.127,4750,8890,2.630,2.070,1.190,0,3,2.997,0,0,11,38,1,6,0
06-05 22:11:18,4.001,3.251,59.762,31.006,0,1462284,958332,177532,5331984,7000.412,486.098,0,10526.123,0,779.157,5971,11010,2.630,2.070,1.190,1,1,9.002,0,0,11,38,1,6,0
06-05 22:11:19,3.997,2.998,59.953,29.477,0,1462180,958080,177548,5332312,6253.073,485.617,0,13992.975,0,947.254,5314,9919,2.630,2.070,1.190,1,3,6.994,0,0,11,38,1,6,0
06-05 22:11:20,4.259,2.004,59.875,31.065,0,1462200,957828,177556,5332532,4466.354,541.133,0,7138.952,0,566.186,4151,7438,2.630,2.070,1.190,2,1,3.006,0,0,11,38,1,4,0
06-05 22:11:21,5.247,2.748,61.714,28.234,0,1462280,957336,177564,5332908,3108.193,485.718,0,7639.559,0,656.618,4785,8358,2.630,2.070,1.190,0,1,11.993,0,0,11,38,1,4,0
06-05 22:11:22,3.500,2.250,58.998,31.499,0.250,1462088,957084,177568,5333336,8179.688,485.981,0,10199.611,0,723.972,5154,9536,2.820,2.120,1.210,0,2,3.000,0,0,11,38,1,4,0
06-05 22:11:23,6.000,3.000,62.250,27.000,0,1463296,955320,177580,5333864,5466.023,540.002,0,7200.031,0,651.003,5084,9092,2.820,2.120,1.210,1,1,30.000,0,0,11,38,1,4,0
06-05 22:11:24,4.252,2.001,64.774,25.509,0,1462912,955320,177592,5334228,7544.777,560.206,0,9179.378,0,637.235,4051,7378,2.820,2.120,1.210,1,1,12.004,0,0,11,38,1,2,0
06-05 22:11:25,6.499,3.000,57.992,29.246,0,1462928,954816,177600,5334696,8305.887,539.928,0,12122.376,0,856.885,5589,10026,2.820,2.120,1.210,0,1,11.998,0,0,11,38,1,2,0
06-05 22:11:26,8.748,3.249,65.488,20.996,0,1463556,953556,177624,5335292,10081.212,485.914,0,7826.612,0,816.855,5677,10319,2.820,2.120,1.210,0,3,23.996,0,0,11,38,1,2,0
06-05 22:11:27,4.751,2.251,61.267,28.508,0,1463224,953556,177628,5335612,5206.449,540.150,0,12851.576,0,881.245,4341,8291,2.830,2.130,1.220,2,2,6.002,0,0,11,38,1,2,0
06-05 22:11:28,3.749,1.749,62.227,30.489,0,1463368,953052,177636,5335936,3298.764,485.818,0,7297.266,0,557.791,3806,7069,2.830,2.130,1.220,2,1,8.997,0,0,11,38,1,2,0
06-05 22:11:29,4.500,2.750,63.248,26.249,0,1463444,952800,177636,5336104,6537.795,539.983,0,9635.697,0,734.977,5022,9086,2.830,2.130,1.220,1,3,10.000,0,0,11,38,1,1,0
06-05 22:11:30,5.001,2.751,61.266,28.757,0,1462684,952044,177652,5337572,4899.265,486.126,0,9594.478,0,674.174,4560,8376,2.830,2.130,1.220,1,1,12.003,0,0,11,38,1,1,0
06-05 22:11:31,4.000,3.000,63.996,26.499,0,1462628,951792,177672,5337852,3552.804,581.968,0,9899.454,0,726.960,4386,8132,2.830,2.130,1.220,0,2,0,0,0,11,38,1,1,0
06-05 22:11:32,7.749,2.999,58.490,28.245,0,1464280,949804,177696,5338156,6867.780,485.914,0,13137.667,0,985.825,5928,10671,2.770,2.130,1.220,2,1,8.998,0,0,11,38,1,1,0
06-05 22:11:33,5.500,2.000,62.253,28.751,0,1464072,949552,177720,5338580,6226.320,540.028,0,5700.293,0,488.025,3775,6779,2.770,2.130,1.220,0,2,6.000,0,0,11,38,1,1,0
06-05 22:11:34,5.751,2.250,59.259,29.504,0,1464596,948796,177740,5338792,8623.290,486.073,0,11145.668,0,757.113,4903,9215,2.770,2.130,1.220,0,3,3.000,0,0,11,38,1,1,0
06-05 22:11:35,5.500,3.000,61.745,27.498,0,1466000,947788,177752,5338380,7979.415,485.964,0,8787.355,0,744.945,5027,9206,2.770,2.130,1.220,0,1,6.000,0,0,11,38,1,1,0
06-05 22:11:36,4.500,2.750,59.247,29.248,0,1467180,947788,177760,5337192,4445.758,539.971,0,14375.219,0,966.947,6308,11999,2.770,2.130,1.220,0,1,0,0,0,11,38,1,1,0
06-05 22:11:37,6.752,3.251,62.019,25.758,0,1468736,947788,177780,5335628,9138.824,486.150,0,9190.840,0,816.252,5505,9572,2.870,2.160,1.240,0,1,0,0,0,11,38,1,1,0
06-05 22:11:38,4.750,2.750,62.003,27.501,0,1469964,947788,177792,5334388,5807.314,540.029,0,9624.521,0,799.043,5202,9695,2.870,2.160,1.240,1,1,0,0,0,11,38,1,1,0
06-05 22:11:39,5.249,2.999,59.237,30.244,0,1471296,947788,177812,5333040,4413.056,485.896,0,12321.365,0,835.821,5640,10416,2.870,2.160,1.240,0,1,1.000,0,0,11,38,1,1,0
06-05 22:11:40,4.750,2.000,61.755,27.752,0,1470956,947788,177816,5333372,11258.965,614.053,0,6880.590,0,547.047,3936,7094,2.870,2.160,1.240,0,1,6.001,0,0,11,38,1,1,0
06-05 22:11:41,4.500,3.250,57.495,32.497,0,1470832,947788,177820,5333492,8631.222,485.956,0,13038.825,0,855.923,4955,8881,2.870,2.160,1.240,0,2,3.000,0,0,11,38,1,1,0
06-05 22:11:42,8.000,3.000,64.253,22.251,0,1470452,947788,177828,5333864,11202.515,540.025,0,7684.353,0,704.032,5505,9325,2.720,2.140,1.230,0,1,12.001,0,0,11,38,1,1,0
06-05 22:11:43,4.501,3.000,58.508,32.004,0,1470304,947788,177832,5334008,9296.287,486.067,0,10977.519,0,798.110,4606,8153,2.720,2.140,1.230,4,0,9.001,0,0,11,38,1,1,0
06-05 22:11:44,5.256,2.002,64.067,25.527,0,1470428,947788,177832,5333884,5275.552,540.569,0,5649.946,0,535.564,4376,7652,2.720,2.140,1.230,1,0,9.009,0,0,11,36,1,3,0
06-05 22:11:45,14.777,14.026,54.100,16.280,0,1343124,1074996,177832,5333980,8931.516,486.900,0,13032.099,0,752.391,5975,6782,2.720,2.140,1.230,1,1,286.530,0,0,11,32,1,3,0
06-05 22:11:46,16.002,24.503,57.006,1.500,0,1353176,1064628,177840,5334288,8646.980,540.061,0,1356.154,0,70.008,6880,6163,2.720,2.140,1.230,3,0,647.073,0,0,11,36,1,7,0
06-05 22:11:47,66.253,8.750,20.751,3.500,0,1563748,853300,177868,5335016,7634.394,486.025,0,1088.056,0,74.004,4080,2314,2.820,2.170,1.250,3,0,13.001,0,0,11,32,1,9,0
06-05 22:11:48,60.462,5.996,27.733,5.497,0,1690732,723324,177980,5337596,7218.481,539.662,0,4812.987,0,216.864,4075,2108,2.820,2.170,1.250,3,0,0,0,0,11,32,1,9,0
06-05 22:11:49,46.091,5.232,35.876,11.710,0,1791384,619248,178088,5340524,7984.466,484.330,0,7231.064,0,350.790,4267,3378,2.820,2.170,1.250,3,1,6.976,0,0,11,38,1,9,0
06-05 22:11:50,8.993,2.248,47.711,37.969,0,1789560,619248,178096,5342264,6426.738,539.558,0,8437.092,0,574.530,5514,9756,2.820,2.170,1.250,1,1,26.978,0,0,11,38,1,9,0
06-05 22:11:51,12.294,3.513,55.700,26.094,0,1787824,618996,178104,5344180,2993.751,487.752,0,10822.868,0,756.718,6351,11176,2.820,2.170,1.250,1,1,45.162,0,0,11,38,1,9,0
06-05 22:11:52,6.995,2.248,50.962,36.723,0,1787456,617988,178104,5345520,3366.498,539.599,0,9468.964,0,629.532,5549,10338,3.070,2.240,1.280,3,1,14.989,0,0,11,38,1,9,0
06-05 22:11:53,6.491,3.745,47.186,40.195,0,1787688,616476,178108,5346760,6913.587,485.339,0,12990.313,0,833.865,5289,9395,3.070,2.240,1.280,0,3,20.971,0,0,11,38,1,9,0
06-05 22:11:54,6.250,2.750,51.251,35.751,0,1787740,615216,178128,5347916,7531.216,540.015,0,13276.380,0,851.024,5172,9356,3.070,2.240,1.280,0,1,15.000,0,0,11,38,1,9,0
06-05 22:11:55,6.501,3.251,50.760,37.008,0,1788348,613452,178136,5349032,6928.425,486.100,0,12202.509,0,783.161,4824,8814,3.070,2.240,1.280,0,1,21.004,0,0,11,38,1,9,0
06-05 22:11:56,8.270,2.757,55.634,29.822,0,1787788,612948,178156,5350052,7662.511,635.535,0,11892.730,0,846.044,6109,11185,3.070,2.240,1.280,1,2,30.073,0,0,11,38,1,9,0
06-05 22:11:57,7.234,2.495,53.634,33.677,0,1787152,612192,178168,5351384,9655.161,484.953,0,11922.268,0,811.249,5369,9654,3.070,2.250,1.290,0,1,20.955,0,0,11,38,1,9,0
06-05 22:11:58,7.498,2.999,56.485,31.242,0.250,1787656,610428,178180,5352584,9978.368,539.858,0,8181.842,0,603.841,4949,8639,3.070,2.250,1.290,3,1,26.993,0,0,11,38,1,9,0
06-05 22:11:59,6.750,3.000,54.998,31.499,0,1787852,609168,178192,5353604,5663.814,485.984,0,13463.558,0,900.970,5658,10317,3.070,2.250,1.290,0,3,27.999,0,0,11,38,1,9,0
06-05 22:12:00,6.751,2.750,49.254,38.753,0,1788088,607908,178192,5354608,4496.354,540.043,0,12584.991,0,804.063,5181,9446,3.070,2.250,1.290,2,4,12.001,0,0,11,38,1,9,0
06-05 22:12:01,10.743,5.247,48.468,33.728,0,1808812,586248,178204,5355452,7761.907,485.681,0,10509.104,0,712.532,5920,19870,3.070,2.250,1.290,1,1,47.969,0,0,11,38,1,9,0
06-05 22:12:02,6.260,4.257,50.327,36.806,0,1808720,585240,178220,5356480,3371.149,540.826,0,11377.379,0,772.180,5448,9963,3.220,2.290,1.310,0,2,27.041,0,0,11,38,1,9,0
06-05 22:12:03,8.517,3.006,55.358,30.059,0,1806776,586264,178224,5357372,7819.315,486.954,0,14063.545,0,959.880,7033,12780,3.220,2.290,1.310,0,3,33.065,0,0,11,38,1,9,0
06-05 22:12:04,7.978,3.241,53.104,32.660,0,1804136,587960,178224,5358284,6719.518,538.519,0,13311.388,0,850.660,5384,9365,3.220,2.290,1.310,0,1,28.920,0,0,11,38,0,9,0
06-05 22:12:05,6.998,2.999,52.738,33.992,0.250,1801892,588972,178224,5359484,8897.980,485.890,0,12005.275,0,848.807,5637,9895,3.220,2.290,1.310,0,1,26.994,0,0,11,38,0,9,0
06-05 22:12:06,8.750,3.500,54.003,31.502,0,1799496,589952,178236,5360856,5324.300,540.030,0,11540.651,0,822.046,5664,10074,3.220,2.290,1.310,0,1,27.002,0,0,11,38,0,9,0
06-05 22:12:07,4.251,3.000,56.008,33.755,0,1798820,589952,178236,5361484,4028.590,486.071,0,11021.613,0,826.121,4996,9465,3.440,2.360,1.330,1,1,12.002,0,0,11,38,0,9,0
06-05 22:12:08,6.000,3.000,52.246,35.997,0,1797904,589952,178240,5362340,9320.227,539.955,0,13406.889,0,839.930,5336,9889,3.440,2.360,1.330,2,2,8.999,0,0,11,38,0,9,0
06-05 22:12:09,6.749,2.749,51.239,36.492,0,1797228,589952,178240,5363000,7596.380,485.896,0,14796.845,0,962.795,5408,9683,3.440,2.360,1.330,0,1,15.997,0,0,11,38,0,9,0
06-05 22:12:10,6.249,3.250,47.495,39.996,0,1796860,589448,178244,5363820,6553.326,485.950,0,14250.535,0,926.905,5708,10413,3.440,2.360,1.330,6,0,14.998,0,0,11,38,0,9,0
06-05 22:12:11,5.001,3.251,54.012,35.008,0,1796464,588956,178248,5364672,8998.986,486.107,0,11866.619,0,813.179,4878,8689,3.440,2.360,1.330,0,3,9.002,0,0,11,38,0,9,0
06-05 22:12:12,7.252,3.001,47.514,40.012,0,1795752,588704,178248,5365612,6592.898,540.155,0,8110.334,0,631.182,4949,8509,3.330,2.350,1.330,5,2,21.006,0,0,11,38,0,9,0
06-05 22:12:13,6.498,2.999,56.485,31.491,0,1794996,588704,178252,5366340,8608.651,485.867,0,12656.546,0,898.755,6569,11999,3.330,2.350,1.330,0,1,17.995,0,0,11,38,0,9,0
06-05 22:12:14,4.749,3.249,55.737,33.742,0,1794828,588452,178252,5366752,7234.307,485.886,0,11353.343,0,775.818,5165,9519,3.330,2.350,1.330,2,0,14.996,0,0,11,38,0,9,0
06-05 22:12:15,22.077,5.770,36.628,34.119,0,1668856,713664,178252,5367492,3206.190,487.702,0,11439.928,0,725.532,6024,9293,3.330,2.350,1.330,1,2,78.273,0,0,11,36,0,9,0
06-05 22:12:16,28.429,5.486,34.913,28.928,0,1736712,643384,178252,5369852,8394.051,538.656,0,13466.392,0,887.784,7358,13050,3.330,2.350,1.330,1,2,39.900,0,0,11,36,0,9,0
06-05 22:12:17,28.262,3.501,36.015,30.263,0,1781108,598036,178252,5370768,8991.762,486.203,0,10388.346,0,771.323,5306,8844,3.540,2.410,1.360,6,1,29.012,0,0,11,38,0,9,0
06-05 22:12:18,11.989,5.994,45.706,34.467,0,1708000,670008,178256,5371864,3293.848,485.535,0,14761.876,0,944.097,6150,10431,3.540,2.410,1.360,1,1,89.914,0,0,11,36,0,9,0
06-05 22:12:19,5.249,2.999,51.735,37.240,0,1691212,685912,178256,5372728,7256.961,485.863,0,10948.924,0,723.797,4913,8601,3.540,2.410,1.360,0,1,18.995,0,0,11,36,0,9,0
06-05 22:12:20,6.254,2.502,59.038,30.520,0,1683188,692752,178260,5373844,7487.837,540.349,0,8637.580,0,567.367,4270,7424,3.540,2.410,1.360,0,2,18.012,0,0,11,36,0,9,0
06-05 22:12:21,5.498,2.749,54.232,34.739,0,1676568,698836,178260,5374372,11558.243,485.842,0,11260.339,0,799.740,5534,10170,3.540,2.410,1.360,0,2,20.993,0,0,11,36,0,9,0
06-05 22:12:22,4.749,3.749,53.984,34.740,0,1670724,703592,178272,5375420,8060.569,485.853,0,11096.654,0,766.769,5131,9242,3.580,2.440,1.370,1,1,11.996,0,0,11,36,0,9,0
06-05 22:12:23,6.501,3.000,54.507,32.754,0,1665156,707644,178276,5376872,3636.446,486.060,0,12753.564,0,875.107,5629,10312,3.580,2.440,1.370,1,3,6.001,0,0,11,36,0,9,0
06-05 22:12:24,5.250,2.750,51.496,38.247,0,1661104,710628,178288,5377900,7436.430,485.963,0,12139.069,0,746.943,4770,8532,3.580,2.440,1.370,0,1,8.999,0,0,11,36,0,9,0
06-05 22:12:25,7.251,3.000,52.504,34.503,0,1657240,713168,178300,5379144,8210.632,540.042,0,10012.771,0,710.055,5139,8929,3.580,2.440,1.370,0,1,28.002,0,0,11,36,0,9,0
06-05 22:12:26,6.999,2.750,56.994,29.497,0,1654248,715196,178300,5380084,7345.216,485.948,0,13886.517,0,986.895,5586,10307,3.580,2.440,1.370,0,2,17.998,0,0,11,36,0,9,0
06-05 22:12:27,9.500,3.750,48.500,35.500,0,1650940,717748,178308,5380808,7812.980,485.999,0,15879.959,0,1108.997,6144,11105,3.450,2.430,1.380,0,2,9.000,0,0,11,36,0,9,0
06-05 22:12:28,7.751,3.500,51.006,35.254,0,1651396,716792,178320,5381280,9698.214,486.061,0,13117.642,0,830.104,5111,8756,3.450,2.430,1.380,1,1,0,0,0,11,36,0,9,0
06-05 22:12:29,4.251,2.500,49.508,41.006,0,1648584,718420,178328,5382416,6137.955,486.076,0,11237.748,0,658.102,4285,7726,3.450,2.430,1.380,2,1,1.000,0,0,11,36,0,9,0
06-05 22:12:30,6.501,3.000,56.006,31.753,0,1646632,718564,178336,5384168,5515.569,540.056,0,8644.892,0,619.064,4646,8525,3.450,2.430,1.380,2,1,0,0,0,11,36,0,9,0
06-05 22:12:31,5.489,2.745,48.654,40.171,0,1644872,718880,178336,5385540,4676.803,485.046,0,14243.988,0,871.287,5010,9367,3.450,2.430,1.380,2,1,0,0,0,11,36,0,9,0
06-05 22:12:32,5.509,2.504,57.342,31.801,0,1643448,718336,178340,5387420,8787.025,486.777,0,7800.450,0,564.902,4706,8474,3.420,2.440,1.390,0,3,0,0,0,11,36,0,9,0
06-05 22:12:33,4.758,3.506,52.333,36.558,0,1641992,718704,178344,5388480,5004.961,486.774,0,14142.497,0,884.407,4975,9579,3.420,2.440,1.390,1,2,0,0,0,11,36,0,9,0
06-05 22:12:34,3.743,3.244,51.908,39.181,0,1640804,719132,178344,5389204,8101.685,485.143,0,9810.665,0,625.894,5195,9733,3.420,2.440,1.390,0,4,0,0,0,11,36,0,9,0
06-05 22:12:35,4.753,2.001,48.782,40.777,0,1640116,718628,178348,5390344,8606.664,486.320,0,12840.451,0,752.495,4266,7894,3.420,2.440,1.390,4,0,0,0,0,11,36,0,9,0
06-05 22:12:36,6.246,2.498,60.462,28.982,0.250,1639764,717116,178348,5392128,8832.481,539.663,0,6931.669,0,505.684,4397,7882,3.420,2.440,1.390,0,3,0,0,0,11,36,0,9,0
06-05 22:12:37,5.001,3.501,51.258,38.006,0,1639172,716612,178352,5393176,3936.597,486.074,0,13478.045,0,839.127,5409,10198,3.300,2.430,1.390,0,3,0,0,0,11,36,0,9,0
06-05 22:12:38,5.499,2.750,50.242,37.744,0,1638240,715856,178356,5394784,3520.451,485.924,0,10414.376,0,750.883,5391,9677,3.300,2.430,1.390,0,2,5.999,0,0,11,36,0,9,0
06-05 22:12:39,6.765,3.257,60.388,27.563,0,1638652,714848,178356,5395344,5241.004,487.116,0,10103.139,0,724.660,4846,8759,3.300,2.430,1.390,1,1,10.023,0,0,11,36,0,9,0
06-05 22:12:40,3.493,2.495,53.397,37.927,0,1638748,714344,178356,5395736,11057.762,485.068,0,11398.108,0,759.541,4309,7815,3.300,2.430,1.390,1,1,5.988,0,0,11,36,0,9,0
06-05 22:12:41,6.014,3.508,54.879,33.329,0,1638448,714344,178356,5396024,7843.490,487.148,0,15167.756,0,1045.465,5553,10056,3.300,2.430,1.390,0,2,9.021,0,0,11,36,0,9,0
06-05 22:12:42,5.237,2.743,62.342,25.934,0,1638072,714344,178360,5396392,8325.880,538.634,0,7923.900,0,755.085,5706,9817,3.200,2.430,1.390,3,0,17.954,0,0,11,36,0,9,0
06-05 22:12:43,7.000,3.500,55.501,31.250,0,1638496,713840,178360,5396468,6172.068,528.006,0,15760.174,0,1117.012,6224,11765,3.200,2.430,1.390,0,2,9.000,0,0,11,36,0,9,0
06-05 22:12:44,9.002,3.501,55.010,30.756,0,1640032,711572,178364,5397176,9958.787,486.087,0,14050.521,0,1015.182,5804,10178,3.200,2.430,1.390,2,0,15.003,0,0,11,36,0,9,0
06-05 22:12:45,6.498,2.999,53.236,34.491,0,1639712,711068,178368,5397980,9824.475,485.875,0,10605.275,0,784.798,5046,8957,3.200,2.430,1.390,2,2,8.998,0,0,11,36,0,9,0
06-05 22:12:46,6.997,2.249,53.724,34.483,0,1640624,708548,178372,5399540,5429.345,539.736,0,12917.682,0,727.644,4917,9120,3.200,2.430,1.390,0,2,8.996,0,0,11,36,0,5,0
06-05 22:12:47,5.259,2.755,50.837,37.815,0,1640628,708296,178372,5399776,8606.734,486.833,0,12517.428,0,814.394,5432,9668,3.180,2.430,1.400,0,3,15.026,0,0,11,36,0,5,0
06-05 22:12:48,5.738,3.493,48.403,40.169,0,1640380,708044,178376,5400260,5196.558,485.025,0,10862.174,0,743.506,4962,8945,3.180,2.430,1.400,0,2,11.976,0,0,11,36,0,5,0
06-05 22:12:49,14.553,3.011,54.450,26.347,0,1640124,707540,178376,5401000,4515.586,487.792,0,7880.948,0,667.452,5121,8533,3.180,2.430,1.400,1,3,19.070,0,0,11,38,0,5,0
06-05 22:12:50,12.971,7.483,50.137,27.688,0,1501840,845672,178384,5401140,10233.020,484.911,0,12408.135,0,852.086,6429,10299,3.180,2.430,1.400,1,1,163.633,0,0,11,36,0,5,0
06-05 22:12:51,21.252,6.251,59.755,11.501,0,1389740,957752,178384,5401156,7370.675,540.049,0,7928.726,0,480.044,3355,3657,3.180,2.430,1.400,1,0,94.009,0,0,11,32,0,1,0
06-05 22:12:52,22.489,3.248,67.967,5.497,0,1458284,889208,178384,5401156,7823.253,485.767,0,907.565,0,51.975,2002,1665,3.010,2.410,1.400,1,0,1.000,0,0,11,32,0,1,0
06-05 22:12:53,23.279,2.753,70.336,2.503,0,1421132,926356,178384,5401160,24710.291,486.596,0,1409.728,0,87.107,2530,2207,3.010,2.410,1.400,1,0,10.012,0,0,11,32,0,1,0
06-05 22:12:54,21.483,4.247,73.444,0,0.250,1483200,864288,178384,5401160,5136.050,485.627,0,107.917,0,6.995,1922,1402,3.010,2.410,1.400,1,0,19.985,0,0,11,32,0,1,0
06-05 22:12:55,22.989,2.999,72.215,1.000,0,1530448,817032,178384,5401168,10938.773,485.768,0,671.679,0,62.970,2048,1762,3.010,2.410,1.400,0,1,1.999,0,0,11,34,0,1,0
06-05 22:12:56,16.796,22.562,58.159,2.005,0,1402856,944588,178388,5401200,9349.527,635.736,0,858.344,0,60.164,6081,5988,3.010,2.410,1.400,4,0,719.966,0,0,11,32,0,1,0
06-05 22:12:57,9.744,26.984,58.964,2.498,0,1424532,922840,178388,5401252,9836.030,485.705,0,295.820,0,25.984,7032,6309,2.770,2.370,1.390,1,0,815.505,0,0,11,32,0,1,0
06-05 22:12:58,8.243,20.482,68.189,1.748,0,1425524,921768,178388,5401332,9099.850,485.565,0,115.896,0,7.993,6118,4802,2.770,2.370,1.390,1,0,473.576,0,0,11,32,0,1,0
06-05 22:12:59,9.761,20.022,68.824,0,0,1372312,974936,178388,5401364,5556.989,486.524,0,36.039,0,9.010,5878,4661,2.770,2.370,1.390,2,0,411.443,0,0,11,32,0,1,0
06-05 22:13:00,18.718,14.475,66.137,0,0,1354796,992296,178388,5401680,7499.212,485.173,0,1245.875,0,181.690,6222,7353,2.770,2.370,1.390,1,0,241.588,0,0,11,32,0,1,0
06-05 22:13:01,48.974,11.994,37.980,0,0,1511112,835844,178396,5402092,5065.359,539.719,0,0,0,0,4508,17720,2.770,2.370,1.390,2,0,158.917,0,0,11,33,0,2,0
06-05 22:13:02,42.248,5.500,49.497,2.250,0,1603328,743388,178412,5402284,3330.812,485.973,103.994,231.987,1.000,11.999,3417,2846,2.700,2.360,1.400,2,0,22.999,0,0,11,49,0,2,0
06-05 22:13:03,47.269,5.002,47.269,0.250,0,1655476,688104,178472,5404920,6917.763,486.194,0,1668.667,0,160.064,3469,3859,2.700,2.360,1.400,2,0,2.001,0,0,11,49,0,1,0
06-05 22:13:04,13.780,20.544,63.386,2.004,0,1673188,669040,178476,5406652,3813.189,487.046,0,184.396,0,11.024,7085,9371,2.700,2.360,1.400,1,0,404.870,0,0,11,48,0,1,0
06-05 22:13:05,11.964,5.982,80.262,0,0,1666764,675472,178476,5406220,8541.647,484.562,0,43.870,0,3.988,3401,4490,2.700,2.360,1.400,1,0,90.731,0,0,11,48,0,1,0
06-05 22:13:06,0.750,0.750,97.004,0.500,0,1665828,676396,178476,5406232,5976.254,486.021,0,376.016,0,32.001,980,1499,2.700,2.360,1.400,0,0,3.000,0,0,11,48,0,1,0
06-05 22:13:07,0.750,0.250,98.491,0.250,0,1663896,678324,178476,5406236,8413.238,539.951,0,35.997,0,4.000,759,1015,2.490,2.330,1.390,0,0,3.000,0,0,11,48,0,1,0
06-05 22:13:08,0.250,0.750,98.254,0,0,1663896,678324,178476,5406236,6907.261,486.018,0,0,0,0,675,997,2.490,2.330,1.390,0,0,1.000,0,0,11,48,0,1,0
06-05 22:13:09,2.251,3.501,93.271,0,0,1614760,727468,178476,5406220,4103.931,486.110,0,0,0,0,1683,1924,2.490,2.330,1.390,0,0,53.012,0,0,11,48,0,1,0
06-05 22:13:10,19.001,14.501,66.002,0,0,1599820,742380,178476,5406244,3020.107,486.017,0,0,0,0,5744,7658,2.490,2.330,1.390,0,0,289.010,0,0,11,48,0,1,0
06-05 22:13:11,10.778,17.044,70.683,0,0,1656324,685588,178476,5406548,8300.508,725.881,0,4.010,0,1.003,5838,5353,2.490,2.330,1.390,1,0,417.081,0,0,12,48,0,1,0
06-05 22:13:12,17.999,11.999,66.747,1.500,0,1660324,681552,178480,5406532,8013.616,485.977,0,383.982,0,37.998,6176,8476,2.290,2.290,1.380,2,0,221.989,0,0,12,64,0,1,0
06-05 22:13:13,5.000,8.251,86.007,0.250,0,1661152,680696,178480,5406568,8844.725,486.040,0,208.017,0,10.001,2750,2834,2.290,2.290,1.380,1,0,184.015,0,0,13,64,0,1,0
06-05 22:13:14,17.465,13.224,67.865,0,0,1659212,682556,178480,5406608,7004.089,485.037,0,0,0,0,5801,6519,2.290,2.290,1.380,1,0,214.574,0,0,14,64,0,2,0
06-05 22:13:15,9.257,20.265,69.301,0,0,1648320,693424,178480,5406648,8765.388,540.394,0,60.044,0,10.007,6191,5005,2.290,2.290,1.380,2,0,468.341,0,0,14,66,0,2,0
06-05 22:13:16,14.526,19.035,63.365,2.004,0,1654720,686996,178480,5407016,8511.482,528.962,0,5341.716,0,379.691,7776,8676,2.290,2.290,1.380,1,0,358.652,0,0,14,66,0,2,0
06-05 22:13:17,26.998,20.248,51.745,0,0,1726928,614724,178488,5406724,3391.698,527.953,0,303.973,0,6.999,5937,5405,2.180,2.260,1.380,2,0,497.956,0,0,14,66,0,2,0
06-05 22:13:18,31.750,22.250,45.000,0,0,1796848,544020,178528,5407432,3486.036,486.005,0,324.003,0,10.000,7145,7727,2.180,2.260,1.380,4,0,673.007,0,0,14,66,0,2,0
06-05 22:13:19,33.921,22.532,43.330,0,0,1921464,418452,178532,5408248,10119.917,481.335,7.923,39.616,0.990,9.904,6758,8135,2.180,2.260,1.380,5,0,451.623,0,0,14,70,0,4,0
06-05 22:13:20,59.146,20.387,19.631,0,0,2009628,329916,178532,5409052,7433.785,489.277,0,8.054,0,2.013,5664,5846,2.180,2.260,1.380,4,0,440.953,0,0,14,70,0,4,0
06-05 22:13:21,61.011,19.004,19.254,0,0,2111020,227968,178536,5409996,9333.751,630.118,0,24.005,0,6.001,6079,7527,2.180,2.260,1.380,3,0,345.065,0,0,14,70,0,4,0
06-05 22:13:22,63.182,24.069,5.516,7.522,0,2210768,145252,173168,5397880,6190.845,487.405,20.058,6879.831,3.009,351.012,5532,5238,2.330,2.290,1.390,5,0,522.506,0,0,14,70,0,4,0
06-05 22:13:23,70.226,16.994,2.999,8.997,0,2301468,178648,165796,5283820,7049.606,485.835,1803.387,3314.874,127.957,60.979,6248,8430,2.330,2.290,1.390,7,0,275.906,0,0,14,74,0,4,0
06-05 22:13:24,58.195,24.124,10.445,5.471,0,2510720,197968,164408,5062220,7245.053,483.468,3728.471,5817.530,175.083,322.312,8284,9888,2.330,2.290,1.390,8,1,487.447,0,0,14,76,0,4,0
06-05 22:13:25,49.463,18.329,16.320,16.320,0,2562328,150072,164412,5058668,3766.253,488.106,992.282,13658.943,48.208,426.842,9138,13304,2.330,2.290,1.390,6,1,299.292,0,0,14,76,0,4,0
06-05 22:13:26,62.577,8.010,16.270,13.266,0,2708104,124604,164296,4941300,8766.817,486.600,28.035,10216.606,2.002,348.430,6798,10609,2.330,2.290,1.390,3,2,13.016,0,0,14,79,0,4,0
06-05 22:13:27,65.907,14.480,15.728,2.247,0,2793408,182460,164404,4801352,6441.949,539.242,75.893,1817.447,9.986,79.888,7435,12156,2.540,2.340,1.410,7,0,233.672,0,0,14,82,0,8,0
06-05 22:13:28,47.816,24.033,26.536,0.501,0,2854556,187772,164408,4736440,2953.050,486.667,12.016,2371.252,3.004,209.287,10927,19390,2.540,2.340,1.410,3,0,573.787,0,0,14,93,0,15,0
06-05 22:13:29,27.242,15.745,53.734,1.749,0,2918064,121724,164408,4739460,6839.990,485.857,2063.394,1171.656,94.972,52.984,6467,8599,2.540,2.340,1.410,3,0,305.910,0,0,14,97,0,16,0
06-05 22:13:30,44.150,7.234,38.413,9.728,0,3031328,137792,164408,4612460,6958.209,484.900,1524.540,3723.550,41.905,187.574,3415,2368,2.540,2.340,1.410,2,1,0,0,0,14,98,0,16,0
06-05 22:13:31,17.007,15.756,64.025,2.251,0,3056676,178608,164416,4547704,7224.821,486.190,0,1864.728,0,125.049,5926,5689,2.540,2.340,1.410,1,0,296.116,0,0,14,101,0,16,0
06-05 22:13:32,8.512,19.278,70.102,1.001,0,3067388,167856,164416,4547744,5560.077,576.838,4.006,308.448,1.001,25.036,5752,4521,2.420,2.320,1.410,1,0,356.518,0,0,14,101,0,16,0
06-05 22:13:33,9.224,18.198,70.798,0.748,0,3077652,156936,164420,4548396,4921.936,538.461,757.835,103.704,37.892,9.972,5334,4157,2.420,2.320,1.410,1,0,338.034,0,0,14,101,0,16,0
06-05 22:13:34,19.254,3.001,77.016,0,0,3132164,169940,164420,4482512,10458.150,2731.562,20.004,64.013,2.000,3.001,1695,1235,2.420,2.320,1.410,0,0,0,0,0,14,102,0,16,0
06-05 22:13:35,18.782,4.257,75.127,0.751,0,3094852,207224,164424,4482536,28692.564,20880.341,4.007,300.509,1.002,24.041,3066,3043,2.420,2.320,1.410,2,0,39.066,0,0,14,103,0,17,0
06-05 22:13:36,20.936,4.486,73.773,0,0,3127024,175052,164424,4482536,6473.084,1095.629,0,43.865,0,3.988,2048,1535,2.420,2.320,1.410,0,0,23.926,0,0,14,104,0,17,0
06-05 22:13:37,17.268,2.252,78.832,0.501,0,3134076,167800,164444,4482720,15628.302,6407.684,4.004,544.568,1.001,48.050,2674,3179,2.310,2.290,1.410,1,0,2.002,0,0,14,110,0,17,0
06-05 22:13:38,23.262,4.502,62.033,8.254,0,3143092,158516,164448,4482952,7541.963,486.256,48.025,3954.078,3.002,340.179,5335,8264,2.310,2.290,1.410,1,1,4.002,0,0,14,115,0,17,0
06-05 22:13:39,34.237,9.247,49.482,5.998,0,3194100,172780,164448,4419168,9496.454,1628.392,31.988,3506.691,1.999,227.915,4954,5887,2.310,2.290,1.410,2,0,114.957,0,0,14,116,0,19,0
06-05 22:13:40,19.251,2.250,78.256,0.250,0,3229328,137496,164448,4419224,12671.966,6197.472,0,492.038,0,28.002,1959,1712,2.310,2.290,1.410,3,0,0,0,0,14,117,0,19,0
06-05 22:13:41,18.505,3.751,73.271,2.501,0,3236348,130440,164452,4419256,7621.198,3153.909,16.005,1096.316,1.000,107.031,3498,4571,2.310,2.290,1.410,0,1,2.001,0,0,14,121,0,19,0
06-05 22:13:42,37.997,10.249,49.746,1.750,0,3296808,133568,164456,4357104,9190.242,1823.850,15.999,1055.913,2.000,90.992,4768,5106,2.280,2.290,1.410,2,0,100.992,0,0,14,122,0,20,0
06-05 22:13:43,37.735,5.748,49.231,6.497,0,3380892,176664,164456,4233396,12869.033,6792.378,183.929,5817.755,1.999,390.849,3192,2233,2.280,2.290,1.410,1,0,1.000,0,0,14,123,0,20,0
06-05 22:13:44,20.308,5.265,73.210,0,0,3394648,162888,164456,4233416,26829.991,16763.103,8.023,501.439,2.006,34.098,2716,2212,2.280,2.290,1.410,1,0,55.158,0,0,14,122,0,21,0
06-05 22:13:45,17.499,1.750,79.496,0.250,0,3415616,141904,164456,4233432,28282.716,23022.954,0,75.997,0,6.000,1884,1616,2.280,2.290,1.410,1,0,0,0,0,14,122,0,22,0
06-05 22:13:46,20.453,4.988,73.081,0,0,3363968,193532,164456,4233452,8508.301,484.877,0,51.880,0,4.988,2372,1675,2.280,2.290,1.410,1,0,50.882,0,0,14,122,0,22,0
06-05 22:13:47,16.028,2.254,80.389,1.503,0,3377780,179700,164456,4233472,12222.114,7024.134,8.014,156.270,2.003,19.033,1859,1791,2.100,2.250,1.400,1,0,0,0,0,14,123,0,22,0
06-05 22:13:48,19.214,7.486,69.868,1.996,0,3368640,188712,164456,4233600,4651.191,1630.911,47.909,902.291,4.991,80.847,3424,3532,2.100,2.250,1.400,1,0,81.845,0,0,14,122,0,23,0
06-05 22:13:49,24.489,4.248,62.722,7.497,0,3401124,155992,164456,4233836,12114.547,6196.211,0,8876.005,0,434.804,4292,5848,2.100,2.250,1.400,1,0,7.996,0,0,14,125,0,23,0
06-05 22:13:50,19.500,5.750,73.500,0.250,0,3373468,183624,164456,4233860,25472.099,17311.067,0,476.002,0,29.000,2609,2037,2.100,2.250,1.400,1,0,55.000,0,0,14,124,0,24,0
06-05 22:13:51,16.999,1.250,80.995,0,0,3389552,167536,164456,4233864,15476.099,6997.593,0,83.995,0,6.000,1634,1290,2.100,2.250,1.400,0,0,0,0,0,14,125,0,24,0
06-05 22:13:52,23.559,5.012,62.907,7.017,0,3394308,162596,164460,4234044,10363.801,681.697,48.120,3420.515,3.007,354.883,6115,9804,2.090,2.250,1.410,3,0,1.002,0,0,14,126,0,25,0
06-05 22:13:53,20.702,5.737,65.098,7.732,0,3431092,125788,164464,4234064,11183.917,1721.984,3.991,3787.167,0.998,381.111,3326,3251,2.090,2.250,1.410,2,0,52.877,0,0,14,125,0,26,0
06-05 22:13:54,16.303,2.759,74.992,5.016,0,3411508,207244,164464,4173684,15622.465,8647.935,20.065,6075.626,2.006,176.570,2278,2449,2.090,2.250,1.410,0,1,0,0,0,14,126,0,26,0
06-05 22:13:55,18.934,4.484,63.529,11.211,0.249,3409416,209200,164468,4173816,8136.692,2441.506,75.737,4683.705,5.979,432.495,5006,7324,2.090,2.250,1.410,2,0,0.997,0,0,14,128,0,26,0
06-05 22:13:56,31.768,6.504,55.032,6.504,0,3347552,270708,164472,4174152,6372.685,1446.837,0,1252.724,0,111.064,6650,9367,2.090,2.250,1.410,1,0,78.045,0,0,14,129,0,27,0
06-05 22:13:57,19.736,1.999,76.947,0.250,0,3382572,235680,164472,4174160,15099.567,6248.682,0,563.611,0,35.975,2041,1853,2,2.230,1.400,2,0,0,0,0,14,130,0,27,0
06-05 22:13:58,17.307,5.017,70.735,6.271,0,3356776,261448,164472,4174188,14282.419,4409.640,0,1212.024,0,116.386,3898,4797,2,2.230,1.400,1,0,75.250,0,0,14,129,0,28,0
06-05 22:13:59,20.691,5.983,71.547,1.246,0,3434108,184084,164472,4174220,4052.504,484.625,15.955,678.076,0.997,43.876,2445,2144,2,2.230,1.400,1,0,73.791,0,0,14,131,0,28,0
06-05 22:14:00,13.509,1.751,82.806,0.500,0.250,3433816,184364,164472,4174232,21011.255,12048.174,0,612.416,0,35.024,2264,2405,2,2.230,1.400,1,0,0,0,0,14,132,0,28,0
06-05 22:14:01,29.214,7.241,57.929,3.995,0,3413192,204916,164476,4174300,5493.221,485.401,23.970,1737.855,1.998,178.779,7381,20112,2,2.230,1.400,4,0,35.956,0,0,14,132,0,29,0
06-05 22:14:02,38.642,13.801,44.162,1.756,0,3402648,215208,164476,4174504,10383.091,2485.117,36.133,1850.790,3.011,173.637,11857,18924,2.240,2.270,1.420,2,0,246.906,0,0,14,133,0,30,0
06-05 22:14:03,29.165,4.986,63.067,1.745,0,3473988,143676,164476,4174664,5471.140,991.127,0,833.584,0,51.850,3339,4330,2.240,2.270,1.420,0,0,49.855,0,0,14,133,1,30,0
06-05 22:14:04,15.032,6.514,76.164,1.754,0,3455544,162104,164476,4174680,11177.073,7760.715,0,685.476,0,39.084,3094,2708,2.240,2.270,1.420,1,0,103.222,0,0,14,133,0,30,0
06-05 22:14:05,8.505,20.763,68.544,1.001,0,3383532,234076,164476,4174720,7175.587,486.311,0,788.504,0,41.026,6005,4823,2.240,2.270,1.420,2,0,400.256,0,0,14,133,0,30,0
06-05 22:14:06,19.006,14.755,62.271,2.501,0,3369700,247872,164476,4174740,6128.046,486.162,0,572.191,0,33.011,6044,6934,2.240,2.270,1.420,2,0,278.093,0,0,14,133,0,30,0
06-05 22:14:07,30.710,23.220,44.442,0.999,0,3452532,164984,164476,4174800,3839.960,539.292,3.995,1370.202,0.999,78.896,6948,6291,2.220,2.270,1.430,2,0,548.280,0,0,14,133,0,30,0
06-05 22:14:08,31.927,16.462,50.385,0.748,0,3480124,137028,164484,4175160,7575.669,596.635,59.863,510.831,4.989,32.925,7750,10113,2.220,2.270,1.430,1,0,330.245,0,0,14,139,0,30,0
06-05 22:14:09,54.153,25.071,19.806,1.003,0,3578624,155580,164484,4061220,7411.982,487.380,104.295,136.386,7.020,8.023,7568,12120,2.220,2.270,1.430,6,0,605.715,0,0,16,141,0,30,0
06-05 22:14:10,59.098,21.694,18.453,0.249,0,3706948,159676,164484,3930348,8337.543,484.752,51.867,865.772,7.979,54.859,6908,10098,2.220,2.270,1.430,4,0,370.048,0,0,16,149,0,30,0
06-05 22:14:11,47.892,21.815,29.588,0.251,0,3800248,162528,164484,3835056,6043.982,487.450,32.095,645.922,3.009,33.098,8364,12475,2.220,2.270,1.430,3,0,538.602,0,0,16,161,0,30,0
06-05 22:14:12,24.246,22.996,50.742,0.250,0,3849728,165048,164488,3784196,3013.497,539.910,7.999,851.858,2.000,34.994,6808,6509,2.210,2.260,1.430,2,0,544.909,0,0,17,161,0,30,0
06-05 22:14:13,24.762,16.258,54.277,4.502,0,3890016,124728,164488,3784236,9107.515,576.286,4.002,3149.561,1.000,178.088,6603,8384,2.210,2.260,1.430,3,1,316.157,0,0,17,163,0,30,0
06-05 22:14:14,32.937,22.956,41.671,1.497,0,3941408,175532,164488,3684828,5137.243,485.079,3.992,1297.536,0.998,75.856,7480,7620,2.210,2.260,1.430,3,0,541.971,0,0,17,163,0,30,0
06-05 22:14:15,35.058,17.779,45.575,0.501,0,4002740,145868,164492,3653592,8907.686,486.803,8.013,1574.596,2.003,156.258,7404,8434,2.210,2.260,1.430,2,0,359.593,0,0,17,169,0,30,0
06-05 22:14:16,37.009,27.007,34.509,0.750,0,4115244,138452,164496,3551068,5882.510,610.157,36.009,804.206,6.002,52.013,10212,14259,2.210,2.260,1.430,5,0,728.187,0,0,17,175,0,30,0
06-05 22:14:17,21.206,22.952,54.387,0.748,0,4176616,144836,164496,3484636,7993.416,484.994,11.975,734.476,2.994,49.896,9770,13550,2.430,2.310,1.450,2,0,526.907,0,0,17,181,0,29,2
06-05 22:14:18,21.278,16.021,61.081,0,0,4192996,128436,164496,3484660,6214.256,486.647,4.005,240.319,1.001,18.024,7034,8713,2.430,2.310,1.450,2,0,293.390,0,0,17,187,0,29,2
06-05 22:14:19,41.755,8.501,46.756,2.250,0,4327568,156216,164496,3325096,5420.660,486.059,836.102,340.041,13.002,15.002,3264,2021,2.430,2.310,1.450,3,0,22.003,0,0,17,187,0,29,2
06-05 22:14:20,43.092,7.971,46.330,2.242,0,4443628,144084,164612,3224140,5040.509,484.224,346.728,438.392,15.942,30.887,3373,2401,2.430,2.310,1.450,3,0,6.974,0,0,17,190,0,29,2
06-05 22:14:21,26.846,16.810,52.689,2.258,0,4375408,211972,164616,3224980,9102.658,487.750,843.025,726.607,9.032,66.238,6141,6440,2.430,2.310,1.450,1,1,433.555,0,0,17,207,0,27,2
06-05 22:14:22,30.325,25.602,43.250,0.746,0,4420672,166348,164624,3225660,16857.733,6217.128,103.403,620.420,1.989,47.725,7401,8498,2.390,2.300,1.450,10,0,601.529,0,0,17,210,0,27,2
06-05 22:14:23,52.159,19.058,25.578,1.505,0,4448160,136584,164636,3227972,9456.742,3558.816,609.854,433.317,14.043,18.055,6418,7262,2.390,2.300,1.450,3,0,232.707,0,0,17,212,0,28,2
06-05 22:14:24,61.950,12.039,17.808,8.528,0,4602848,141624,164652,3072352,9248.897,6219.103,192.623,5770.654,11.036,110.357,4264,3546,2.390,2.300,1.450,2,2,26.084,0,0,17,213,0,28,2
06-05 22:14:25,45.721,8.994,17.739,25.984,0,4584224,242628,164676,2992212,12879.941,5670.452,2250.592,11584.751,87.945,388.757,5426,5015,2.390,2.300,1.450,1,1,28.982,0,0,17,228,0,29,2
06-05 22:14:26,44.165,9.482,19.213,26.449,0,4667476,150788,164744,3000716,7433.634,2725.732,5369.623,7437.626,403.221,658.727,6383,5964,2.390,2.300,1.450,0,3,23.954,0,0,17,229,0,29,2
06-05 22:14:27,36.797,17.773,35.545,8.261,0,4664016,178404,164760,2977348,13489.148,9147.629,164.209,11022.012,15.019,136.173,7738,10163,2.360,2.300,1.460,3,0,345.439,0,0,17,231,0,35,2
06-05 22:14:28,39.790,22.773,37.038,0,0,4702464,138508,164760,2979240,4162.228,540.549,0,656.667,0,39.040,7350,8844,2.360,2.300,1.460,7,0,444.452,0,0,17,231,0,35,2
06-05 22:14:29,41.973,21.608,33.281,2.235,0,4732156,146868,164764,2941220,17587.039,10518.645,19.869,456.987,4.967,35.764,7056,7705,2.360,2.300,1.460,4,1,444.072,0,0,17,232,0,24,2
06-05 22:14:30,57.382,21.644,18.121,2.517,0,4757720,165932,165128,2898256,9313.059,1287.580,1381.204,724.830,62.416,35.235,6748,8605,2.360,2.300,1.460,4,0,379.529,0,0,17,233,0,25,2
06-05 22:14:31,55.435,23.473,17.480,1.998,0,4829120,153920,165128,2839060,15253.168,8726.798,291.659,1210.585,17.979,71.916,8561,11907,2.360,2.300,1.460,8,1,510.403,0,0,17,240,0,28,2
06-05 22:14:32,56.655,20.715,18.219,3.993,0,4850640,166780,165140,2805800,9402.184,3194.626,579.026,1186.005,31.946,71.879,8767,14867,2.890,2.410,1.500,5,0,324.454,0,0,17,245,0,30,2
06-05 22:14:33,63.897,18.292,16.287,0.752,0,4996520,143760,165144,2686308,13700.487,6667.323,549.262,545.253,11.025,25.058,12025,19258,2.890,2.410,1.500,2,0,176.405,0,0,17,248,0,30,2
06-05 22:14:34,50.266,7.963,38.570,2.488,0,5024808,170772,165152,2632228,19436.366,11896.525,720.640,1206.375,45.786,53.749,4781,4247,2.890,2.410,1.500,3,1,14.930,0,0,17,253,0,32,2
06-05 22:14:35,56.985,9.288,28.869,4.770,0,5143168,141580,165152,2545396,11211.227,7916.642,1743.188,795.279,60.248,78.323,6371,7763,2.890,2.410,1.500,2,2,14.058,0,0,17,259,0,36,2
06-05 22:14:36,46.521,23.761,25.262,3.502,0,5057524,225292,165304,2547120,9597.376,6433.933,2273.036,1695.773,36.016,74.034,7801,8654,2.890,2.410,1.500,3,1,503.229,0,0,17,257,0,38,2
06-05 22:14:37,48.930,22.717,26.462,0.749,0,5107700,173004,165416,2549416,16323.519,8273.099,2696.122,838.793,34.950,58.915,7020,9533,2.900,2.420,1.500,3,0,455.345,0,0,17,258,0,37,2
06-05 22:14:38,66.643,16.786,15.533,1.002,0,5113296,189836,165424,2527748,9568.500,3640.800,817.752,1210.594,12.026,56.120,5636,5006,2.900,2.420,1.500,3,0,172.369,0,0,18,260,0,38,2
06-05 22:14:39,73.392,11.982,5.242,8.238,0,5271012,141808,165424,2422468,16328872.544,6255.834,3351.090,1122.355,170.750,62.908,8570,5535,2.900,2.420,1.500,6,0,16.975,0,0,18,267,0,39,0
06-05 22:14:40,71.199,10.243,9.243,8.994,0,5276016,184892,165460,2376000,68195099.516,5666.943,1706.778,4372.870,67.951,282.798,16487,6530,2.900,2.420,1.500,4,2,20.985,0,0,18,270,0,40,0
06-05 22:14:41,46.324,13.772,35.557,3.506,0,5334232,172164,165464,2331492,11472.444,3914.293,649.043,1538.473,12.019,98.158,6059,9436,2.900,2.420,1.500,2,0,221.356,0,0,18,275,0,39,0
06-05 22:14:42,33.655,7.230,54.846,2.742,0,5273384,233488,165472,2331496,25541.190,11005.059,841.634,737.925,12.964,73.793,4064,3909,2.830,2.410,1.510,2,0,13.961,0,0,18,275,0,40,0
06-05 22:14:43,45.356,11.527,41.096,2.255,0,5356568,158700,165476,2323788,16612553.521,163865.286,837.950,557.297,11.026,41.096,10636,6701,2.830,2.410,1.510,1,1,96.224,0,0,18,279,0,40,0
06-05 22:14:44,43.779,12.759,40.527,2.001,0,5317940,226216,165476,2295828,18454.340,9424.302,2785.863,600.401,30.020,51.034,5258,4630,2.830,2.410,1.510,2,0,180.120,0,0,18,278,0,42,0
06-05 22:14:45,36.295,6.464,52.703,2.735,0,5379828,186812,165476,2274084,18579.268,10239.281,0,3567.888,0,45.742,3279,2597,2.830,2.410,1.510,1,0,1.989,0,0,18,289,0,42,0
06-05 22:14:46,23.375,3.267,62.333,10.305,0,5394552,171440,165476,2274736,204684.872,7819755.728,466.488,5107.244,28.150,716.824,6439,7435,2.830,2.410,1.510,1,0,3.016,0,0,18,288,0,43,1
06-05 22:14:47,12.969,3.242,82.055,0,0,5324308,241664,165476,2274756,7954685.262,8663794.758,0,411.023,0,22.945,6124,4525,2.680,2.390,1.500,1,0,36.912,0,0,18,293,0,44,0
06-05 22:14:48,20.223,5.243,61.917,11.235,0,5240508,309308,165488,2290868,8776720.529,77068.468,63.914,19885.287,2.996,80.891,7949,7747,2.680,2.390,1.500,0,3,30.958,0,0,18,290,0,48,0
06-05 22:14:49,11.747,16.246,66.235,4.999,0,5279536,270164,165488,2290984,8054.226,485.893,43.990,6054.667,2.999,53.988,5490,5149,2.680,2.390,1.500,1,0,435.904,0,0,18,290,0,46,0
06-05 22:14:50,22.557,4.511,66.166,6.015,0,5274744,274964,165492,2290988,6669.753,487.224,4.010,2927.353,1.003,257.647,2700,2229,2.680,2.390,1.500,2,0,26.065,0,0,18,290,0,46,0
06-05 22:14:51,7.965,19.414,70.439,0.498,0,5280080,269580,165492,2291036,3000.769,483.867,3.982,175.227,0.996,13.939,5911,4846,2.680,2.390,1.500,1,0,367.380,0,0,18,290,0,46,0
06-05 22:14:52,5.252,13.005,58.774,21.759,0,5271124,278484,165492,2291088,7273.932,486.196,16.006,12437.013,1.000,764.308,5048,4414,2.550,2.360,1.500,0,0,275.111,0,0,18,290,0,46,0
06-05 22:14:53,9.525,2.757,86.724,0,0,5286904,262704,165492,2291088,19893.301,487.257,0,1704.395,0,14.036,1712,1714,2.550,2.360,1.500,2,0,9.023,0,0,18,290,0,43,0
06-05 22:14:54,20.228,2.747,76.416,0.749,0,5329444,220100,165492,2291152,12876.895,6258.145,47.947,183.799,1.998,16.981,2098,1825,2.550,2.360,1.500,1,0,1.998,0,0,18,295,0,43,0
06-05 22:14:55,14.295,9.781,73.481,0.752,0,5298988,250432,165496,2291256,12031.882,3772.879,76.240,1031.247,7.022,2.006,3979,3283,2.550,2.360,1.500,1,0,129.407,0,0,18,298,0,44,0
06-05 22:14:56,11.490,16.486,69.941,0.500,0,5294684,254376,165496,2291600,4602.131,579.513,0,15071.331,0,31.973,5249,4036,2.550,2.360,1.500,1,0,217.817,0,0,18,298,0,44,0
06-05 22:14:57,12.240,16.237,69.945,0,0,5275080,273684,165496,2291896,9365.629,485.618,3.997,291.770,0.999,22.982,5774,4595,2.500,2.360,1.500,1,0,253.800,0,0,18,298,0,43,0
06-05 22:14:58,23.209,3.494,71.375,0.749,0,5347904,200816,165496,2291940,7102.601,485.153,31.944,495.136,0.998,49.913,2655,2733,2.500,2.360,1.500,2,0,2.995,0,0,18,302,0,43,0
06-05 22:14:59,21.495,3.749,71.984,2.499,0,5376520,187068,165496,2277244,6467.540,485.890,403.909,307.930,10.998,26.994,2226,2038,2.500,2.360,1.500,1,0,5.999,0,0,18,308,0,43,0
06-05 22:15:00,22.353,3.767,71.830,1.256,0,5358440,205116,165500,2277272,8016.874,655.013,24.111,614.828,4.018,43.199,2472,2257,2.500,2.360,1.500,1,0,5.023,0,0,18,304,0,43,0
06-05 22:15:01,27.587,6.462,63.376,1.491,0,5421580,160552,165500,2259288,5351.402,483.147,170.990,111.343,9.941,12.924,3397,15214,2.500,2.360,1.500,2,0,37.777,0,0,18,304,0,44,0
06-05 22:15:02,13.263,3.253,80.832,2.002,0,5407356,174768,165500,2259316,20563.787,14038.190,4.004,468.474,1.001,47.048,2990,3236,2.380,2.340,1.500,1,0,11.011,0,0,18,311,0,43,0
06-05 22:15:03,21.771,3.754,72.821,0,0,5327852,254264,165500,2259324,12358.056,5858.716,0,0,0,0,2417,1952,2.380,2.340,1.500,1,0,17.017,0,0,18,308,0,44,0
06-05 22:15:04,24.495,2.500,72.737,0,0,5327168,254948,165500,2259324,7717.581,485.911,0,71.987,0,3.999,1951,1334,2.380,2.340,1.500,2,0,0,0,0,18,308,0,44,0
06-05 22:15:05,10.499,16.748,69.993,1.500,0,5279656,302320,165504,2259492,6830.280,539.943,391.959,443.953,4.999,24.997,5231,4333,2.380,2.340,1.500,2,0,313.967,0,0,18,308,0,44,0
06-05 22:15:06,15.007,12.756,71.285,0,0,5313456,268276,165624,2259616,4474.201,486.239,140.069,0,7.003,0,4497,3660,2.380,2.340,1.500,1,0,285.140,0,0,18,308,0,42,0
06-05 22:15:07,19.501,2.000,77.004,0,0,5353104,227732,165656,2260480,10598.527,2662.132,0,240.012,0,10.000,1967,1592,2.270,2.310,1.500,1,0,17.001,0,0,18,309,0,42,0
06-05 22:15:08,22.333,3.513,71.265,3.262,0,5330396,244644,166276,2265528,9890.771,662.463,289.075,1397.194,6.022,42.157,2416,2344,2.270,2.310,1.500,1,0,3.011,0,0,18,308,0,42,0
06-05 22:15:09,12.946,1.494,83.900,0.249,0,5341912,231300,166324,2267308,11670.282,3412.753,0,219.085,0,9.958,1672,1615,2.270,2.310,1.500,1,0,17.925,0,0,18,309,0,42,0
06-05 22:15:10,21.756,5.502,70.020,1.250,0,5328124,240668,166836,2271088,6880.955,1087.309,24.007,1056.300,1.000,16.005,10666,19481,2.270,2.310,1.500,0,0,13.004,0,0,18,309,0,42,0
06-05 22:15:11,18.503,4.251,74.762,1.000,0,5353444,214976,166860,2271404,12448.074,3066.511,20.003,412.069,4.001,6.001,10431,19473,2.270,2.310,1.500,1,0,13.002,0,0,18,309,0,42,0
06-05 22:15:12,21.451,5.487,70.090,2.744,0,5295120,283160,166984,2261464,8882.707,712.373,0,1472.636,0,63.854,2716,2481,2.170,2.290,1.500,1,1,15.964,0,0,18,308,0,42,0
06-05 22:15:13,16.281,12.023,67.378,3.006,0,5350436,227816,166984,2261492,5050.632,486.929,0,761.452,0,29.055,4479,4237,2.170,2.290,1.500,1,0,261.499,0,0,18,308,0,42,0
06-05 22:15:14,20.001,1.750,77.503,0,0,5378432,199632,166984,2261680,10051.429,6199.265,0,0,0,0,1890,1521,2.170,2.290,1.500,2,0,0,0,0,18,309,0,42,0
06-05 22:15:15,17.244,7.997,73.725,0.500,0,5352456,225572,166984,2261716,14537.080,5092.277,19.993,0,1.999,0,3279,2679,2.170,2.290,1.500,2,0,115.961,0,0,18,308,0,45,0
06-05 22:15:16,19.750,2.750,76.999,0,0,5391988,186032,166984,2261724,13941.843,6198.930,0,91.999,0,5.000,2040,1663,2.170,2.290,1.500,1,0,0,0,0,18,309,0,45,0
06-05 22:15:17,20.249,5.750,72.745,0,0,5359660,218348,166984,2261736,7617.466,3450.758,0,0,0,0,2822,2333,2.080,2.270,1.490,1,0,69.995,0,0,18,308,0,46,0
06-05 22:15:18,19.498,2.750,75.491,1.750,0,5374840,203140,166984,2261764,13324.328,6647.166,15.998,495.938,1.000,54.993,2363,2191,2.080,2.270,1.490,0,1,0,0,0,18,309,0,46,0
06-05 22:15:19,20.250,5.750,70.251,3.000,0,5339056,238904,166984,2261784,14132.291,7416.153,0,2992.062,0,396.008,3059,2422,2.080,2.270,1.490,1,0,59.001,0,0,18,308,0,47,0
06-05 22:15:20,18.506,2.501,78.528,0,0,5357980,219960,166984,2261804,19332.783,10866.813,0,40.014,0,5.002,2443,2260,2.080,2.270,1.490,2,0,1.000,0,0,18,308,0,49,1
06-05 22:15:21,23.358,5.274,68.317,2.009,0,5387352,190548,166984,2261844,6103.316,849.943,12.056,1318.115,1.005,84.392,2831,2396,2.080,2.270,1.490,1,0,35.163,0,0,18,308,0,50,0
06-05 22:15:22,16.416,2.487,77.854,2.239,0,5383712,194120,166984,2261924,15506.112,10599.077,0,469.611,0,39.798,2594,2870,1.910,2.230,1.480,1,0,0.995,0,0,18,309,0,51,0
06-05 22:15:23,21.257,5.252,69.523,3.001,0,5336184,241624,166988,2261944,8666.880,1570.522,0,2572.855,0,174.058,3389,3653,1.910,2.230,1.480,1,0,48.016,0,0,18,308,0,52,0
06-05 22:15:24,18.337,2.010,76.865,2.763,0,5357872,219924,166988,2261956,14238.683,9273.079,0,1547.355,0,277.318,2263,1836,1.910,2.230,1.480,1,0,0,0,0,18,311,0,53,0
06-05 22:15:25,21.746,4.999,72.738,0,0,5386700,191088,166988,2261964,4591.239,2017.666,0,115.981,0,6.999,2471,2030,1.910,2.230,1.480,1,0,31.995,0,0,18,308,0,55,0
06-05 22:15:26,15.490,1.749,80.948,0.250,0,5383464,194184,166988,2262104,17003.023,8717.372,0,191.876,0,17.988,2227,2156,1.910,2.230,1.480,0,1,0,0,0,18,309,0,53,0
06-05 22:15:27,9.461,7.967,76.681,4.232,0,5301272,275396,167436,2262636,8364.217,4307.089,884.322,573.615,191.205,46.805,4065,4475,2.080,2.260,1.500,1,0,179.255,0,0,18,310,0,54,0
06-05 22:15:28,3.761,2.006,92.260,1.504,0,5300192,276196,167528,2262824,22624.658,3313.323,268.756,469.321,61.172,43.121,1878,2434,2.080,2.260,1.500,1,0,9.025,0,0,18,310,0,55,0
06-05 22:15:29,4.239,6.233,87.515,0.748,0,5297392,278944,167528,2262876,10557.680,3463.709,0,259.304,0,10.971,2562,2437,2.080,2.260,1.500,0,0,117.684,0,0,18,312,0,55,0
06-05 22:15:30,11.753,12.503,71.766,2.501,0,5299336,276684,167532,2263188,3963.897,948.215,240.054,484.110,15.003,27.006,4264,3450,2.080,2.260,1.500,1,0,211.048,0,0,18,310,0,48,0
06-05 22:15:31,21.502,3.500,71.007,3.750,0.250,5315380,250488,167540,2273248,8716.816,486.045,12.001,1024.096,3.000,17.002,2318,2071,2.080,2.260,1.500,1,0,3.000,0,0,18,310,0,48,0
06-05 22:15:32,13.999,2.250,79.743,2.750,0,5315772,245956,167540,2277332,18150.396,5036.555,4.000,1035.908,1.000,42.996,2187,2195,1.910,2.220,1.490,1,0,16.998,0,0,18,310,0,48,0
06-05 22:15:33,12.534,8.022,71.947,6.267,0,5270620,288276,167576,2280112,7461.459,529.452,998.739,3272.975,21.058,104.286,3976,3790,1.910,2.220,1.490,2,0,106.291,0,0,18,310,0,48,0
06-05 22:15:34,17.203,10.222,70.308,0.997,0,5326564,232224,167576,2280220,4871.723,538.532,83.772,239.348,5.984,17.951,3801,3359,1.910,2.220,1.490,2,0,196.465,0,0,18,310,0,41,0
06-05 22:15:35,18.749,2.500,76.494,1.750,0,5348212,210564,167576,2280232,32154.520,23022.224,0,47.996,0,6.999,2244,1982,1.910,2.220,1.490,1,0,0,0,0,18,310,0,43,0
06-05 22:15:36,21.228,5.494,72.423,0,0,5337204,221432,167576,2280372,11960.354,539.430,0,143.848,0,2.997,2497,1920,1.910,2.220,1.490,1,0,46.950,0,0,18,310,0,43,0
06-05 22:15:37,17.264,1.501,77.561,2.002,0,5347932,210608,167576,2280468,12975.208,9347.353,80.063,280.220,5.004,30.024,2253,2161,1.840,2.200,1.490,1,0,0,0,0,18,310,0,45,0
06-05 22:15:38,23.009,5.002,71.777,0.250,0,5392956,165544,167576,2280508,4415.635,582.216,32.012,256.095,2.001,21.008,2542,2288,1.840,2.200,1.490,1,0,14.005,0,0,18,312,0,38,0
06-05 22:15:39,13.048,2.258,77.784,5.520,0,5390816,166256,167576,2281936,16991.027,7061.780,1413.159,606.213,44.161,76.278,2860,3482,1.840,2.200,1.490,1,1,1.004,0,0,18,313,0,38,0
06-05 22:15:40,20.920,5.230,62.759,9.215,0,5364848,191932,167576,2282228,8078.988,1772.197,207.205,3104.085,9.962,473.184,5522,7807,1.840,2.200,1.490,1,0,5.977,0,0,18,314,0,39,0
06-05 22:15:41,19.501,2.750,77.002,0.250,0,5381308,175468,167576,2282232,14050.367,6199.162,0,416.011,0,26.001,2143,1843,1.840,2.200,1.490,1,0,0,0,0,18,315,0,39,0
06-05 22:15:42,17.810,3.512,72.994,4.264,0,5371928,184644,167576,2282436,10333.574,4481.996,160.537,1432.794,6.020,131.440,4566,6339,1.690,2.170,1.480,3,1,0,0,0,18,315,0,39,0
06-05 22:15:43,13.239,17.236,64.197,4.246,0,5332848,223692,167576,2282468,8353.047,1710.576,0,979.185,0,91.923,6692,6823,1.690,2.170,1.480,1,0,527.561,0,0,18,314,0,36,0
06-05 22:15:44,8.012,22.533,66.598,1.502,0,5327076,229428,167576,2282504,6454.516,540.797,0,624.921,0,49.072,7150,6708,1.690,2.170,1.480,1,0,698.029,0,0,18,314,0,36,0
06-05 22:15:45,8.504,22.762,64.034,3.002,0,5330460,226012,167576,2282536,5663.984,486.256,0,2765.457,0,166.087,7375,7152,1.690,2.170,1.480,1,2,711.375,0,0,18,314,0,36,0
06-05 22:15:46,8.241,22.724,67.424,0.749,0,5321312,235120,167576,2282576,5652.632,539.392,0,539.392,0,61.930,7265,6799,1.690,2.170,1.480,1,0,698.213,0,0,18,314,0,36,0
06-05 22:15:47,8.761,21.527,68.336,1.001,0,5301532,254868,167576,2282608,8910.275,486.616,0,1922.433,0,29.037,6714,5924,1.550,2.130,1.470,2,0,596.755,0,0,18,314,0,30,0
06-05 22:15:48,8.213,21.155,69.191,0,0,5310764,245532,167576,2282712,5755.265,537.596,15.929,43.804,0.996,8.960,6599,5687,1.550,2.130,1.470,1,0,558.503,0,0,18,314,0,30,0
06-05 22:15:49,17.504,7.502,72.518,1.750,0,5324480,330936,167872,2193524,8724.197,486.122,68.017,8.002,17.004,2.001,2570,2215,1.550,2.130,1.470,1,0,48.012,0,0,18,314,0,30,0
06-05 22:15:50,22.231,2.498,71.439,2.498,0,5349196,302212,167876,2197524,6329.584,781.331,11.990,2441.911,2.997,4.996,2254,1756,1.550,2.130,1.470,1,0,15.986,0,0,18,315,0,30,0
06-05 22:15:51,11.749,1.500,81.493,5.000,0,5361944,288632,167876,2198352,23558.094,9584.225,719.942,1583.872,42.997,32.997,1757,1678,1.550,2.130,1.470,3,0,0,0,0,18,315,0,26,0
06-05 22:15:52,12.011,1.251,79.826,5.755,0,5369048,280596,167908,2199244,27718.374,13619.959,448.427,2458.339,49.047,106.101,2159,2686,1.510,2.110,1.470,0,0,0,0,0,18,315,0,26,0
06-05 22:15:53,14.990,1.249,78.197,4.997,0,5391180,257124,167924,2200564,20351.272,9775.406,1139.232,1331.102,59.960,61.958,1967,1949,1.510,2.110,1.470,1,1,0,0,0,18,315,0,26,0
06-05 22:15:54,15.002,1.250,80.010,3.250,0,5403244,243576,167988,2201976,24734.061,10687.323,1048.130,1276.158,54.007,45.006,1816,1705,1.510,2.110,1.470,2,0,0,0,0,18,315,0,26,0
06-05 22:15:55,12.754,2.001,76.776,7.252,0,5388644,230372,168056,2229704,15567.245,6882.319,11795.974,736.248,134.045,24.008,1815,1741,1.510,2.110,1.470,1,0,0,0,0,18,315,0,26,0
06-05 22:15:56,19.238,1.999,72.454,5.247,0,5390416,215984,168672,2241692,5365.559,675.567,0,1527.021,0,65.958,2170,2048,1.510,2.110,1.470,1,0,0.999,0,0,18,315,0,26,0
06-05 22:15:57,17.014,1.751,67.554,13.010,0,5393640,198960,168872,2255384,7868.309,486.390,0,7093.688,0,342.274,2428,2460,1.470,2.090,1.460,1,0,0,0,0,18,315,0,26,0
06-05 22:15:58,20.748,2.250,71.992,3.750,0,5398096,175748,169120,2273732,7352.187,539.940,0,1751.806,0,67.992,2435,2512,1.470,2.090,1.460,1,0,0,0,0,18,315,0,26,0
06-05 22:15:59,17.998,2.500,72.494,5.500,0,5373604,208564,169552,2265656,7271.361,555.951,4.000,2811.753,1.000,113.990,2464,2445,1.470,2.090,1.460,1,0,1.000,0,0,18,315,0,25,0
06-05 22:16:00,21.995,2.249,72.732,2.499,0,5370376,186944,169600,2290144,5430.693,539.870,0,1847.555,0,61.985,2224,2036,1.470,2.090,1.460,1,0,0,0,0,18,315,0,25,0
06-05 22:16:01,20.344,4.270,62.286,12.055,0,5423028,158920,169648,2269044,3876.829,663.049,0,2652.197,0,251.155,2877,9425,1.470,2.090,1.460,5,0,36.166,0,0,18,314,0,25,0
06-05 22:16:02,23.646,4.480,64.467,5.476,0,5335220,246872,169652,2266024,7680.242,1608.928,31.860,3305.471,0.996,153.326,3302,7172,1.430,2.070,1.460,1,1,40.821,0,0,18,315,0,26,0
06-05 22:16:03,13.506,3.001,72.282,10.255,0,5332496,244128,169744,2271368,12547.607,1694.757,4.002,16203.240,1.000,155.069,2077,2088,1.430,2.070,1.460,1,0,1.000,0,0,18,314,0,23,0
06-05 22:16:04,17.732,2.747,76.173,2.747,0,5369092,207084,169772,2271772,10089.757,3477.470,0,531.460,0,10.989,1963,1600,1.430,2.070,1.460,1,0,17.982,0,0,18,315,0,23,0
06-05 22:16:05,21.513,5.503,69.792,0.500,0,5365136,204832,170328,2277296,7159.287,660.395,0,872.523,0,13.008,10908,19620,1.430,2.070,1.460,1,0,14.008,0,0,18,314,0,23,0
06-05 22:16:06,20.752,6.251,70.006,1.750,0,5365852,203836,170408,2277468,7234.624,540.047,0,84.007,0,1.000,11180,19873,1.430,2.070,1.460,1,0,20.002,0,0,18,314,0,23,0
06-05 22:16:07,21.011,4.002,73.038,1.751,0,5317828,263260,170416,2266140,7739.014,486.252,0,2321.204,0,45.023,2176,1702,1.480,2.070,1.460,1,0,10.005,0,0,18,314,0,23,0
06-05 22:16:08,24.745,4.499,68.987,0.500,0,5324972,256104,170416,2266152,7533.626,539.902,0,191.965,0,10.998,10626,19090,1.480,2.070,1.460,1,0,56.990,0,0,18,314,0,23,0
06-05 22:16:09,17.265,2.502,78.069,1.501,0,5356916,219596,170416,2270716,9172.056,2838.493,0,964.847,0,9.008,1910,1752,1.480,2.070,1.460,1,0,25.022,0,0,18,314,0,23,0
06-05 22:16:10,19.471,3.495,75.386,0,0,5373896,201448,170416,2271884,11642.381,1875.162,0,3.994,0,0.998,2231,1893,1.480,2.070,1.460,0,0,18.971,0,0,18,315,0,23,0
06-05 22:16:11,20.332,4.016,72.542,2.008,0,5371216,198824,170432,2277140,8019.307,2338.421,0,1240.999,0,18.073,10674,19531,1.480,2.070,1.460,1,0,11.044,0,0,18,314,0,23,0
06-05 22:16:12,22.447,6.485,66.094,3.492,0,5365564,204064,170440,2277528,7729.711,538.725,0,2071.100,0,192.544,11851,21136,1.440,2.050,1.460,2,0,19.953,0,0,18,314,0,23,0
06-05 22:16:13,20.222,4.993,69.903,3.994,0,5336496,244416,170440,2266308,7555.468,485.324,0,1194.335,0,31.955,2503,2298,1.440,2.050,1.460,1,0,8.987,0,0,18,314,0,23,0
06-05 22:16:14,22.092,4.519,70.545,1.757,0,5335980,244920,170440,2266320,7679.072,542.265,0,216.906,0,9.038,3024,2546,1.440,2.050,1.460,1,0,104.436,0,0,18,314,0,23,0
06-05 22:16:15,22.401,4.231,71.433,1.991,0,5323640,247576,170440,2275972,7900.986,483.856,0,1154.882,0,25.885,2478,2315,1.440,2.050,1.460,2,0,8.960,0,0,18,314,0,20,0
06-05 22:16:16,16.755,1.500,80.025,0.500,0,5337008,232936,170440,2277196,17298.345,6318.952,4.001,972.300,1.000,23.007,1893,1642,1.440,2.050,1.460,2,0,16.005,0,0,18,315,0,20,0
06-05 22:16:17,16.495,2.499,76.478,3.999,0,5356140,213420,170440,2277556,25796.730,12885.369,0,1367.615,0,47.986,1867,1747,1.320,2.020,1.450,3,0,1.999,0,0,18,315,0,20,0
06-05 22:16:18,27.244,6.249,62.987,2.999,0,5387000,182268,170440,2277840,163987.180,12680.308,767.837,1415.699,5.999,57.988,3207,2350,1.320,2.020,1.450,2,0,8.998,0,0,18,316,0,20,0
06-05 22:16:19,20.007,2.251,72.776,3.751,0,5386416,182580,170496,2278032,20512.368,9226.314,256.092,952.342,2.001,33.012,2140,1775,1.320,2.020,1.450,1,0,4.001,0,0,18,316,0,18,0
06-05 22:16:20,14.996,1.750,80.229,2.249,0,5402532,166040,170600,2278344,24891.489,11561.976,0,1119.707,0,39.990,1737,1576,1.320,2.020,1.450,0,0,0,0,0,18,316,0,18,0
06-05 22:16:21,6.749,1.250,86.238,4.499,0,5402820,165312,170684,2278676,311386.775,12071.324,0,1199.833,0,50.993,1788,2151,1.320,2.020,1.450,0,0,0,0,0,18,316,0,18,0
06-05 22:16:22,5.774,1.255,85.110,6.779,0,5400000,167752,170860,2278868,66267.084,10700.225,28.119,2976.581,4.017,295.248,2017,2689,1.380,2.020,1.460,0,0,0,0,0,18,316,0,18,0
06-05 22:16:23,7.221,1.743,84.907,4.980,0.249,5397536,169800,171036,2279100,64306.484,10551.419,15.936,1701.135,0.996,77.686,1781,2094,1.380,2.020,1.460,2,0,0.996,0,0,18,316,0,13,0
06-05 22:16:24,10.252,3.251,71.261,15.252,0,5402612,164360,171096,2279380,10235.589,6199.962,104.016,12037.868,6.001,158.025,2125,2511,1.380,2.020,1.460,0,0,3.000,0,0,18,316,0,13,0
06-05 22:16:25,8.498,1.750,81.479,4.749,0,5393904,158904,171144,2293464,3013432.292,46280.902,0,2423.367,0,53.986,3904,3757,1.380,2.020,1.460,0,0,3.999,0,0,18,316,0,15,0
06-05 22:16:26,4.500,2.000,86.505,4.500,0,5386272,158832,171200,2301100,3794558.487,39312.129,0,4660.252,0,36.002,3071,2586,1.380,2.020,1.460,1,0,2.000,0,0,18,316,0,15,0
06-05 22:16:27,5.250,2.500,85.497,3.250,0,5371932,165032,171212,2309248,9217526.686,72951.053,0,1391.944,0,30.999,4740,3613,1.270,1.990,1.450,1,1,0,0,0,18,316,0,15,0
06-05 22:16:28,5.000,2.500,77.257,14.251,0,5372316,164024,171332,2309732,2052796.438,20956.862,164.015,12345.097,4.000,84.007,2567,2691,1.270,1.990,1.450,0,1,1.000,0,0,18,316,0,11,0
06-05 22:16:29,18.502,2.250,72.758,6.001,0,5374164,154196,172200,2316684,7806.868,486.054,0,2008.223,0,63.007,2164,1948,1.270,1.990,1.450,1,0,2.000,0,0,18,316,0,11,0
06-05 22:16:30,8.978,2.494,66.340,19.952,0,5376128,162964,174128,2303960,7177.657,538.698,3.990,18128.197,0.998,149.638,2069,2164,1.270,1.990,1.450,1,0,0.998,0,0,18,316,0,11,0
06-05 22:16:31,10.767,3.506,54.336,30.799,0,5376836,154692,174668,2310824,9052.276,486.768,4.006,36946.268,1.002,446.704,2523,2366,1.270,1.990,1.450,2,0,0,0,0,18,316,0,11,0
06-05 22:16:32,8.506,2.752,62.294,25.018,0,5395724,178668,174768,2268020,4176.956,540.382,20.014,26062.442,2.001,313.222,1933,2474,1.490,2.020,1.460,0,3,0,0,0,18,316,0,9,0
06-05 22:16:33,7.502,2.251,52.513,36.009,0,5389312,176680,174968,2276304,6661.682,486.123,4.001,21933.538,1.000,404.102,2355,2705,1.490,2.020,1.460,1,0,0,0,0,18,316,0,9,0
06-05 22:16:34,21.752,2.250,72.507,2.500,0,5398120,166440,175316,2277232,6280.608,540.052,0,892.086,0,32.003,2163,1901,1.490,2.020,1.460,1,0,0,0,0,18,316,0,9,0
06-05 22:16:35,15.790,2.757,68.926,11.780,0,5386844,167980,175900,2286196,3670.393,487.247,0,1969.039,0,80.205,2262,2237,1.490,2.020,1.460,1,0,0,0,0,18,316,0,9,0
06-05 22:16:36,15.708,3.491,72.056,7.230,0,5391304,177344,176536,2272204,8939.874,538.547,0,1862.972,0,63.828,2088,1873,1.490,2.020,1.460,1,0,0,0,0,18,316,0,7,0
06-05 22:16:37,21.248,1.750,71.993,3.750,0,5394736,159968,177048,2285412,5777.453,485.954,0,1299.877,0,50.995,2097,1953,1.450,2,1.460,0,1,0,0,0,18,316,0,7,0
06-05 22:16:38,20.746,2.749,71.236,4.749,0,5407364,153684,177876,2277972,8574.340,539.895,0,2095.594,0,51.990,2244,1911,1.450,2,1.460,0,1,0,0,0,18,316,0,7,0
06-05 22:16:39,19.752,3.000,72.508,4.000,0,5401116,161300,178552,2275300,9284.051,486.055,0,2088.236,0,69.008,2301,2108,1.450,2,1.460,2,0,1.000,0,0,18,316,0,7,0
06-05 22:16:40,16.997,2.000,76.486,3.499,0,5408064,169072,179080,2260040,9311.297,2546.534,0,1859.660,0,61.989,2165,2179,1.450,2,1.460,1,0,0,0,0,18,317,0,5,0
06-05 22:16:41,23.092,3.012,73.042,0.251,0,5334112,277920,179080,2225208,9951.841,1078.317,0,100.402,0,5.020,2200,1610,1.450,2,1.460,1,0,19.076,0,0,18,314,0,5,0
06-05 22:16:42,18.178,2.490,75.452,2.241,0,5354400,252524,179124,2230140,16085.364,2812.872,0,2123.599,0,48.807,2383,2365,1.330,1.970,1.450,1,0,16.933,0,0,18,314,0,5,0
06-05 22:16:43,19.254,3.001,74.765,2.751,0,5376048,229932,179136,2230992,16469.228,3295.646,32.006,1020.200,1.000,48.009,2787,3014,1.330,1.970,1.450,0,0,18.004,0,0,18,315,0,5,0
06-05 22:16:44,21.252,5.251,69.258,2.500,0,5366020,233184,179592,2236368,8182.939,780.089,0,1440.165,0,35.004,11143,20019,1.330,1.970,1.450,1,0,14.002,0,0,18,314,0,3,0
06-05 22:16:45,22.504,6.001,68.513,1.250,0,5366144,232692,179652,2236620,11174.190,486.095,0,2220.435,0,10.002,10841,19320,1.330,1.970,1.450,1,0,13.003,0,0,18,314,0,3,0
06-05 22:16:46,21.769,5.505,70.061,2.252,0,5365268,233460,179684,2236692,6256.405,582.503,0,564.488,0,23.020,2385,2038,1.330,1.970,1.450,3,0,8.007,0,0,18,314,0,3,0
06-05 22:16:47,21.484,3.997,72.697,1.499,0,5354620,254868,179712,2226780,3531.414,485.644,247.819,1454.935,3.997,19.985,2115,1887,1.300,1.950,1.450,1,0,5.996,0,0,18,314,0,3,0
06-05 22:16:48,19.007,3.501,67.275,8.003,0,5361460,246352,179716,2228452,3326.256,540.204,304.115,3629.371,9.003,295.111,3967,5054,1.300,1.950,1.450,3,0,0,0,0,18,316,0,4,0
06-05 22:16:49,10.725,2.993,61.604,23.195,0,5356672,250620,179716,2228972,7296.739,484.853,335.207,12183.179,19.953,181.570,4109,6091,1.300,1.950,1.450,3,0,0.998,0,0,18,317,0,7,0
06-05 22:16:50,16.349,7.042,62.628,11.821,0,5288464,318184,179720,2229612,7589.783,543.277,499.010,3557.459,23.140,287.736,6067,8836,1.300,1.950,1.450,2,1,144.874,0,0,18,316,0,7,0
06-05 22:16:51,10.947,13.434,68.167,6.220,0,5297828,307836,179720,2230596,6499.282,483.640,863.785,2794.363,10.947,150.267,5022,4607,1.300,1.950,1.450,0,1,294.562,0,0,18,316,0,9,0
06-05 22:16:52,7.000,3.500,66.001,22.250,0,5275520,308740,179720,2251996,6867.121,540.010,21616.382,1856.033,1422.025,84.001,3710,5367,1.280,1.940,1.450,0,1,10.000,0,0,18,316,0,9,0
06-05 22:16:53,6.999,2.999,77.734,9.748,0,5268836,294376,179728,2273080,20782.852,1500.700,20931.822,1195.761,2057.589,17.996,4102,6000,1.280,1.940,1.450,0,0,5.999,0,0,18,317,0,9,0
06-05 22:16:54,1.501,0.751,96.829,0.500,0,5268836,294376,179728,2273080,11936.775,2048.678,0,184.151,0,12.010,1038,1436,1.280,1.940,1.450,0,0,0,0,0,18,317,0,9,0
06-05 22:16:55,7.029,14.058,76.566,2.008,0,5246996,316012,179728,2273284,45467.477,1943.012,180.745,164.679,9.037,14.058,4725,4204,1.280,1.940,1.450,1,0,333.375,0,0,18,316,0,10,0
06-05 22:16:56,7.488,19.469,70.637,0,0,5258524,304452,179728,2273316,4901.141,539.135,0,0,0,0,6545,5756,1.280,1.940,1.450,1,0,520.166,0,0,18,316,0,10,0
06-05 22:16:57,7.760,20.277,70.342,0,0,5274216,288716,179728,2273360,9368.293,540.710,0,276.363,0,23.030,7202,7005,1.180,1.900,1.440,2,0,661.869,0,0,18,316,0,10,0
06-05 22:16:58,8.989,19.477,68.917,0.999,0,5279680,283184,179732,2273424,8470.831,485.417,27.966,119.856,2.996,12.984,7166,6913,1.180,1.900,1.440,2,0,640.231,0,0,18,316,0,10,0
06-05 22:16:59,12.446,4.481,71.938,9.708,0,5294404,226956,179884,2314776,8407.563,483.903,41320.921,6388.314,353.468,349.485,2695,2501,1.180,1.900,1.440,2,0,54.763,0,0,18,316,0,10,0
06-05 22:17:00,8.511,3.505,80.355,5.507,0,5302616,216640,180024,2316740,1948591.996,24522.141,236.310,3031.974,11.014,72.094,3844,3642,1.180,1.900,1.440,0,0,27.035,0,0,18,317,0,10,0
06-05 22:17:01,3.249,1.250,93.221,0.250,0,5300208,216640,180156,2319016,2337278.808,25117.132,131.959,4134.705,2.999,16.995,2256,2026,1.180,1.900,1.440,0,0,0,0,0,18,317,0,10,0
06-05 22:17:02,16.010,8.756,61.040,13.759,0,5341660,159400,180192,2334704,197846.239,2137.385,2065.339,13136.515,112.073,65.042,4322,14355,1.160,1.890,1.440,1,1,79.051,0,0,18,316,0,12,0
06-05 22:17:03,3.999,5.749,71.482,15.996,0,5335692,159428,180288,2340252,3127.201,485.876,3.999,9789.498,1.000,570.854,3930,5153,1.160,1.890,1.440,1,1,36.991,0,0,18,316,0,12,0
06-05 22:17:04,3.500,7.751,71.508,15.252,0,5332696,159484,180340,2342684,8003.843,540.057,0,5728.603,0,731.077,4220,5370,1.160,1.890,1.440,1,1,51.005,0,0,18,316,0,11,0
06-05 22:17:05,3.499,5.499,74.484,14.747,0,5330552,159544,180384,2344488,5519.792,485.894,3.999,13525.040,1.000,362.921,3153,3866,1.160,1.890,1.440,1,0,29.993,0,0,18,316,0,11,0
06-05 22:17:06,1.751,2.251,64.269,31.509,0,5330468,159544,180388,2344532,3894.153,486.144,4.001,19309.716,1.000,542.160,1799,1987,1.160,1.890,1.440,0,1,0,0,0,18,316,0,11,0
06-05 22:17:07,1.252,2.253,60.839,33.799,0,5322808,167136,180408,2344580,8149.902,540.790,12.018,18478.986,3.004,161.235,1454,1805,1.230,1.890,1.440,1,2,6.009,0,0,18,316,0,11,0
06-05 22:17:08,1.248,2.746,76.630,17.473,0,5322624,166736,180456,2345036,6216.278,485.241,0,20248.333,0,310.514,2010,2669,1.230,1.890,1.440,0,1,2.995,0,0,18,316,0,11,0
06-05 22:17:09,1.250,1.250,70.752,25.501,0,5321500,167860,180456,2345036,8202.248,486.015,0,16204.491,0,244.007,1430,1835,1.230,1.890,1.440,0,1,1.000,0,0,18,316,0,11,0
06-05 22:17:10,1.750,2.000,65.747,29.749,0.250,5320292,169028,180456,2345076,6402.713,485.978,15.999,16339.268,1.000,218.990,1787,2474,1.230,1.890,1.440,0,4,1.000,0,0,18,316,0,11,0
06-05 22:17:11,1.750,2.750,63.756,30.503,0,5319408,169660,180480,2345244,4565.435,486.046,0,18005.715,0,281.027,1963,2491,1.230,1.890,1.440,1,2,8.001,0,0,18,316,0,11,0
06-05 22:17:12,2.500,1.750,58.253,36.002,0,5316452,172740,180480,2345252,8994.425,486.023,0,16664.788,0,270.013,2001,2686,1.290,1.890,1.440,2,1,0,0,0,18,316,0,11,0
06-05 22:17:13,1.750,3.000,60.000,34.250,0,5314348,174804,180488,2345284,6973.018,540.001,4.000,28372.073,1.000,174.000,1894,2584,1.290,1.890,1.440,0,2,6.000,0,0,18,316,0,11,0
06-05 22:17:14,6.748,5.998,66.230,19.494,0,5310760,175388,180596,2347924,5816.212,485.851,15.995,14235.625,1.000,625.808,3348,4002,1.290,1.890,1.440,0,1,24.992,0,0,18,316,0,11,0
06-05 22:17:15,20.818,7.023,67.722,4.264,0,5304244,180984,180640,2348752,7699.202,487.596,0,1324.335,0,77.253,3244,2707,1.290,1.890,1.440,1,0,32.105,0,0,18,316,0,11,0
06-05 22:17:16,18.928,6.226,67.741,5.479,0,5308548,175748,180704,2349524,6123.582,484.148,0,1227.306,0,80.691,3144,2664,1.290,1.890,1.440,0,1,27.893,0,0,18,316,0,11,0
06-05 22:17:17,21.800,7.016,62.895,7.267,0,5323712,159580,180780,2350288,8171.889,487.126,0,1290.984,0,73.169,3193,2588,1.350,1.900,1.450,1,1,26.060,0,0,18,316,0,11,0
06-05 22:17:18,35.948,9.736,48.430,5.492,0.250,5348180,157616,180904,2327996,5787.679,485.302,766.897,886.725,5.991,32.953,3894,2974,1.350,1.900,1.450,4,0,26.961,0,0,18,316,0,11,0
06-05 22:17:19,24.503,6.251,65.759,2.250,0,5320280,182564,180928,2330204,3066.418,486.066,308.042,1980.270,15.002,99.014,4590,5764,1.350,1.900,1.450,3,0,22.003,0,0,18,316,0,11,0
06-05 22:17:20,9.478,6.984,71.337,10.975,0,5352916,152864,180948,2327640,7705.341,484.889,191.561,6768.488,35.918,110.746,2811,2978,1.350,1.900,1.450,2,0,21.950,0,0,18,316,0,11,0
06-05 22:17:21,15.533,8.017,69.898,5.011,0,5343800,162556,181088,2323848,5084.741,541.143,248.525,452.957,10.021,27.057,2620,2334,1.350,1.900,1.450,0,1,34.072,0,0,18,316,0,11,0
06-05 22:17:22,20.530,5.759,70.104,3.505,0,5373220,208060,180328,2251168,6662.851,486.720,224.332,2848.211,18.027,32.047,2746,2438,1.320,1.880,1.440,1,0,22.033,0,0,18,316,0,11,0
06-05 22:17:23,9.231,2.495,85.077,2.744,0,5251564,390620,180444,2190636,9123.495,485.016,2399.134,163.668,57.883,6.986,1931,1871,1.320,1.880,1.440,0,0,15.968,0,0,18,316,0,11,0
06-05 22:17:24,1.000,0.250,97.244,0.250,0,5251564,390620,180444,2190636,9272.385,485.968,0,175.988,0,10.999,932,1314,1.320,1.880,1.440,0,0,0,0,0,18,316,0,11,0
06-05 22:17:25,1.500,1.000,89.768,6.501,0,5251384,390792,180444,2190644,5519.101,486.097,4.001,1404.280,1.000,240.048,1186,1460,1.320,1.880,1.440,1,0,0,0,0,18,316,0,9,0
06-05 22:17:26,3.750,1.500,94.502,0.250,0,5253796,388292,180444,2190732,3486.079,486.011,64.001,0,3.000,0,1356,1911,1.320,1.880,1.440,0,0,3.000,0,0,18,316,0,9,0
06-05 22:17:27,3.000,0.750,93.986,0.500,0,5253784,388292,180444,2190744,3384.495,485.927,0,111.983,0,11.998,1483,2095,1.220,1.850,1.440,0,0,2.000,0,0,18,316,0,11,0
06-05 22:17:28,5.251,2.000,91.522,0.500,0,5300896,341168,180444,2190756,9292.267,486.119,0,300.073,0,33.008,1863,2477,1.220,1.850,1.440,0,0,1.000,0,0,18,316,0,11,0
06-05 22:17:29,1.250,0.500,97.764,0,0,5300896,341168,180444,2190756,8325.164,486.068,0,0,0,0,938,1332,1.220,1.850,1.440,1,0,1.000,0,0,18,316,0,11,0
06-05 22:17:30,1.250,0.250,97.261,0.250,0,5297584,344472,180444,2190764,6928.792,486.056,0,388.044,0,24.003,972,1400,1.220,1.850,1.440,1,0,0,0,0,18,316,0,11,0
06-05 22:17:31,1.250,1.250,95.487,1.250,0,5297792,344248,180444,2190780,5008.301,539.925,15.998,391.945,1.000,27.996,1104,1764,1.220,1.850,1.440,0,0,0,0,0,18,316,0,11,0
06-05 22:17:32,1.500,0.500,96.501,0.250,0,5291704,350336,180444,2190780,7433.110,486.007,0,112.002,0,15.000,1177,1771,1.120,1.820,1.430,0,0,0,0,0,18,316,0,11,0
06-05 22:17:33,1.250,0.250,97.467,0,0,5291956,350084,180444,2190780,5321.179,485.834,0,3.999,0,1.000,918,1335,1.120,1.820,1.430,0,0,0,0,0,18,316,0,11,0
06-05 22:17:34,1.251,1.001,91.314,5.754,0,5291948,350084,180444,2190788,3328.346,486.343,0,1725.216,0,87.061,1128,1773,1.120,1.820,1.430,1,1,0,0,0,18,316,0,11,0
06-05 22:17:35,1.250,0.750,94.465,2.749,0,5292172,349860,180444,2190788,8059.997,485.819,0,1367.491,0,70.974,1136,1659,1.120,1.820,1.430,0,0,0,0,0,18,316,0,11,0
06-05 22:17:36,1.250,0.500,97.519,0,0,5292172,349860,180444,2190788,5274.006,486.093,0,0,0,0,880,1271,1.120,1.820,1.430,0,0,0,0,0,18,316,0,11,0
06-05 22:17:37,1.250,0.500,97.231,0.250,0,5292164,349860,180444,2190796,3681.290,485.906,0,147.971,0,11.998,965,1415,1.110,1.800,1.430,0,0,0,0,0,18,316,0,11,0
06-05 22:17:38,2.000,1.000,96.729,0,0,5292416,349608,180444,2190796,8274.233,485.896,0,67.985,0,8.998,1066,1408,1.110,1.800,1.430,0,0,0,0,0,18,316,0,11,0
06-05 22:17:39,1.000,0.500,97.531,0,0,5292664,349360,180444,2190796,7022.203,486.153,0,0,0,0,926,1357,1.110,1.800,1.430,0,0,1.000,0,0,18,316,0,11,0
06-05 22:17:40,1.000,0.750,97.241,0,0,5292660,349360,180444,2190800,11666.865,485.953,0,39.996,0,2.000,1031,1395,1.110,1.800,1.430,0,0,0,0,0,18,316,0,11,0
06-05 22:17:41,1.500,0.500,96.250,1.000,0,5292612,349360,180444,2190848,9483.952,539.997,32.000,551.997,1.000,41.000,1157,1787,1.110,1.800,1.430,0,0,0,0,0,18,316,0,11,0
06-05 22:17:42,1.500,0.750,94.498,2.000,0,5292612,349360,180444,2190848,4688.911,485.991,0,271.995,0,31.999,1259,2028,1.020,1.770,1.420,0,0,0,0,0,18,316,0,11,0
06-05 22:17:43,1.501,1.251,96.045,0.500,0,5292612,349360,180444,2190848,8172.868,486.230,0,68.032,0,10.005,1160,1706,1.020,1.770,1.420,0,0,0,0,0,18,316,0,11,0
06-05 22:17:44,1.250,0.500,97.493,0,0,5292608,349360,180444,2190852,5619.601,485.965,0,0,0,0,938,1328,1.020,1.770,1.420,0,0,0,0,0,18,316,0,11,0
06-05 22:17:45,1.003,0.501,95.999,1.755,0,5292608,349360,180444,2190852,4238.976,487.262,0,1680.351,0,198.514,1001,1304,1.020,1.770,1.420,0,1,0,0,0,18,316,0,11,0
06-05 22:17:46,1.246,0.748,94.467,2.742,0,5292616,349360,180444,2190852,7266.219,526.422,0,2664.015,0,42.871,1035,1435,1.020,1.770,1.420,0,0,0,0,0,18,316,0,11,0
06-05 22:17:47,0.751,0.751,97.366,0,0,5292736,349360,180444,2190852,5723.809,486.579,0,32.038,0,4.005,929,1378,0.940,1.740,1.410,0,0,0,0,0,18,316,0,11,0
06-05 22:17:48,1.498,0.749,96.145,0.749,0,5292692,349360,180444,2190896,8890.319,485.471,7.991,0,1.998,0,1041,1404,0.940,1.740,1.410,0,0,0,0,0,18,316,0,11,0
06-05 22:17:49,0.750,0.500,97.731,0,0,5292692,349360,180444,2190896,4954.043,485.906,0,0,0,0,920,1359,0.940,1.740,1.410,0,0,1.000,0,0,18,316,0,11,0
06-05 22:17:50,1.500,0.500,97.513,0,0,5292692,349360,180444,2190896,2746.379,486.067,0,0,0,0,988,1473,0.940,1.740,1.410,0,0,0,0,0,18,316,0,7,0
06-05 22:17:51,1.000,2.250,90.011,6.001,0,5292912,349136,180448,2190896,8262.979,486.058,0,31187.693,0,82.010,1319,1851,0.940,1.740,1.410,0,1,0,0,0,18,316,0,7,0
06-05 22:17:52,1.000,0.750,84.510,12.001,0,5292908,349136,180448,2190900,5392.650,486.059,0,32003.860,0,86.010,1297,1954,1.100,1.770,1.420,0,0,0,0,0,18,316,0,7,0
06-05 22:17:53,8.018,2.756,84.685,4.259,0,5306896,332000,180844,2193652,7949.395,487.066,3142.877,108.237,541.184,8.018,2101,2628,1.100,1.770,1.420,0,1,5.011,0,0,18,316,0,7,0
06-05 22:17:54,11.975,2.744,79.086,4.740,0,5313700,324932,180980,2193780,16146.479,9527.221,271.436,1209.489,31.934,32.932,2890,3470,1.100,1.770,1.420,1,0,4.990,0,0,18,316,0,7,0
06-05 22:17:55,13.269,2.754,81.865,1.001,0,5328680,309592,180980,2194140,19233.959,10846.202,80.112,156.219,5.007,16.022,2557,2727,1.100,1.770,1.420,2,0,5.007,0,0,18,318,0,9,0
06-05 22:17:56,13.229,2.995,79.876,2.246,0,5338348,299760,180980,2194304,17805.253,10973.899,0,2068.776,0,376.413,2809,2676,1.100,1.770,1.420,1,0,4.992,0,0,18,318,0,10,0
06-05 22:17:57,14.252,3.501,79.263,2.250,0,5349712,288356,180980,2194344,13983.232,9478.513,16.003,408.065,1.000,38.006,2660,3124,1.010,1.740,1.410,3,0,5.001,0,0,18,318,0,11,0
06-05 22:17:58,13.748,3.250,81.491,0.250,0,5347908,290020,180980,2194484,16814.132,11003.778,0,307.966,0,33.996,2749,3106,1.010,1.740,1.410,2,0,4.999,0,0,18,318,0,11,0
06-05 22:17:59,14.024,4.508,79.635,1.252,0,5332464,305364,180980,2194584,20851.461,11011.727,152.259,232.395,10.017,20.034,2912,3019,1.010,1.740,1.410,4,0,20.034,0,0,18,314,0,14,0
06-05 22:18:00,37.259,7.252,54.513,0.250,0,5096672,540908,180980,2194488,5384.267,486.114,212.050,116.027,3.001,7.002,2689,1452,1.010,1.740,1.410,1,1,2.000,0,0,18,302,0,16,0
06-05 22:18:01,75.234,13.247,8.248,3.249,0,5127568,509936,180980,2195044,6913.567,485.899,167.965,807.833,12.997,51.989,4715,2421,1.010,1.740,1.410,4,0,3.999,0,0,18,296,0,16,0
06-05 22:18:02,82.733,12.034,0.501,4.262,0,5244264,392480,180984,2195800,8631.345,433.222,509.437,730.059,31.088,37.105,5427,13926,2.210,1.970,1.490,5,0,44.124,0,0,18,296,0,15,0
06-05 22:18:03,66.464,9.745,22.238,1.499,0,5191636,443500,180984,2197488,7237.123,485.740,307.835,339.818,26.986,27.985,6324,10247,2.210,1.970,1.490,2,0,4.997,0,0,18,279,0,23,0
06-05 22:18:04,43.067,6.970,48.046,0.747,0,5242928,392084,180984,2197676,4840.413,537.713,183.221,7.966,7.966,1.992,3183,2016,2.210,1.970,1.490,2,0,9.958,0,0,18,279,0,24,0
06-05 22:18:05,42.536,5.505,48.291,2.752,0,5316096,316188,180992,2200396,86869.305,41301.328,648.555,872.747,23.020,67.057,7306,11405,2.210,1.970,1.490,2,0,2.002,0,0,18,285,0,29,0
06-05 22:18:06,21.748,1.500,74.744,0.750,0,5312552,319444,180992,2200684,105491.894,51637.543,31.997,47.996,2.000,6.999,2940,2525,2.210,1.970,1.490,1,0,0,0,0,18,286,0,29,1
06-05 22:18:07,20.236,2.748,70.700,4.996,0,5328936,302868,180992,2200876,84608.628,35399.160,0,4568.794,0,718.496,4489,4188,2.360,2.010,1.500,0,0,0,0,0,18,294,0,29,0
06-05 22:18:08,2.249,0.750,95.476,0.500,0,5329692,302112,180992,2200876,8249.924,725.817,0,127.968,0,17.995,1305,1857,2.360,2.010,1.500,0,0,0,0,0,18,293,0,29,0
06-05 22:18:09,2.000,0.500,96.748,0.250,0,5329692,302112,180992,2200876,9128.819,485.990,0,79.998,0,9.000,1142,1482,2.360,2.010,1.500,1,0,1.000,0,0,18,293,0,29,0
06-05 22:18:10,1.004,0.753,97.379,0.502,0,5329692,302112,180992,2200876,7233.116,487.897,0,670.607,0,23.090,1002,1406,2.360,2.010,1.500,0,0,0,0,0,18,293,0,29,0
06-05 22:18:11,2.242,0.747,96.169,0,0,5346068,285732,180992,2200880,8659.170,484.332,0,0,0,0,1060,1389,2.360,2.010,1.500,0,0,0.997,0,0,18,295,0,29,0
06-05 22:18:12,1.749,0.750,96.220,0.250,0,5346060,285732,180992,2200888,10297.790,485.849,0,167.948,0,23.993,1220,1876,2.170,1.970,1.500,0,0,0,0,0,18,295,0,29,0
06-05 22:18:13,1.500,1.000,80.494,15.749,0,5344844,286948,180992,2200888,3670.736,485.965,0,7743.442,0,581.958,1638,1928,2.170,1.970,1.500,0,0,0,0,0,18,295,0,29,0
06-05 22:18:14,0.750,0.750,97.753,0,0,5345092,286696,180992,2200892,10827.350,486.016,0,0,0,0,930,1265,2.170,1.970,1.500,0,0,0,0,0,18,295,0,29,0
06-05 22:18:15,2.250,0.750,94.750,1.000,0,5345056,286696,180992,2200928,8996.956,485.998,32.000,871.996,2.000,66.000,1556,2421,2.170,1.970,1.500,0,0,0,0,0,18,295,0,29,0
06-05 22:18:16,1.500,0.250,97.752,0,0,5345056,286696,180992,2200928,5340.102,486.009,0,36.001,0,5.000,907,1294,2.170,1.970,1.500,0,0,0,0,0,18,295,0,29,0
06-05 22:18:17,2.003,0.751,93.619,2.754,0,5345336,286444,180992,2200928,8490.793,486.619,0,1517.930,0,152.193,1406,1983,1.990,1.940,1.490,1,0,0,0,0,18,295,0,29,0
06-05 22:18:18,1.500,0.500,96.736,0.250,0,5345336,286444,180992,2200928,5329.219,485.929,0,79.988,0,11.998,1186,1760,1.990,1.940,1.490,0,0,0,0,0,18,295,0,29,0
06-05 22:18:19,1.249,0.749,97.391,0,0,5345332,286444,180992,2200932,7670.411,485.456,0,0,0,0,1010,1413,1.990,1.940,1.490,0,0,2.997,0,0,18,295,0,29,0
06-05 22:18:20,1.500,0.250,96.996,0,0,5345328,286444,180992,2200936,6735.739,485.981,0,255.990,0,15.999,1017,1443,1.990,1.940,1.490,0,0,0,0,0,18,295,0,29,0
06-05 22:18:21,1.999,1.250,91.224,4.499,0,5345324,286444,180992,2200940,2896.181,485.863,0,2391.324,0,128.964,1447,2307,1.990,1.940,1.490,1,0,0,0,0,18,297,0,29,0
06-05 22:18:22,1.751,1.000,94.288,2.001,0,5345320,286444,180992,2200944,6880.766,486.195,0,408.164,0,45.018,1273,1898,1.830,1.910,1.480,0,0,0,0,0,18,297,0,29,0
06-05 22:18:23,1.250,0.750,97.244,0,0,5345824,285940,180992,2200944,6157.592,485.968,0,47.997,0,6.000,934,1317,1.830,1.910,1.480,0,0,0,0,0,18,297,0,29,0
06-05 22:18:24,1.004,0.251,97.859,0.251,0,5345824,285940,180992,2200944,9378.428,487.791,0,112.413,0,8.029,907,1265,1.830,1.910,1.480,0,0,0,0,0,18,297,0,29,0
06-05 22:18:25,1.743,0.747,93.147,2.989,0,5345804,285940,180992,2200964,5079.758,484.166,0,462.249,0,41.842,1290,1969,1.830,1.910,1.480,1,0,0,0,0,18,297,0,29,0
06-05 22:18:26,1.249,0.500,97.452,0,0,5345804,285940,180992,2200964,7793.152,485.760,0,31.984,0,3.998,932,1277,1.830,1.910,1.480,0,0,0,0,0,18,297,0,29,0
06-05 22:18:27,2.751,1.001,94.548,0.750,0,5346072,285700,180992,2200968,6074.084,486.247,0,568.289,0,55.028,1634,2487,1.690,1.880,1.470,1,0,1.001,0,0,18,297,0,29,0
06-05 22:18:28,2.750,1.750,92.244,1.500,0,5349580,282172,180992,2200988,3687.770,485.970,0,1043.935,0,193.988,2021,2810,1.690,1.880,1.470,0,0,3.000,0,0,18,297,0,29,0
06-05 22:18:29,3.250,1.000,94.013,0.250,0,5349820,281920,180992,2201000,4039.562,528.073,0,208.029,0,21.003,1553,2158,1.690,1.880,1.470,0,0,3.000,0,0,18,297,0,31,0
06-05 22:18:30,1.500,0.500,97.223,0,0,5349820,281920,180992,2201000,7786.823,485.864,0,0,0,0,1015,1326,1.690,1.880,1.470,0,0,0,0,0,18,297,0,29,0
06-05 22:18:31,1.500,0.750,96.255,0.750,0,5349812,281920,180996,2201004,10142.524,486.025,0,416.022,0,34.002,1060,1453,1.690,1.880,1.470,1,0,0,0,0,18,297,0,29,0
06-05 22:18:32,1.500,0.750,96.254,0.500,0,5349812,281920,180996,2201004,7626.332,540.024,0,264.012,0,23.001,1173,1758,1.550,1.840,1.460,0,0,0,0,0,18,297,0,29,0
06-05 22:18:33,1.500,0.500,97.489,0,0,5349808,281920,181000,2201004,35925.896,485.944,0,75.991,0,4.999,976,1338,1.550,1.840,1.460,0,0,0,0,0,18,297,0,29,0
06-05 22:18:34,32.478,8.744,54.463,3.248,0,5033188,598108,181012,2201484,9010.918,723.512,475.679,7.995,36.975,1.999,4087,3086,1.550,1.840,1.460,1,0,79.946,0,0,18,293,0,31,0
06-05 22:18:35,22.021,4.254,72.067,0.250,0,5101456,529792,181012,2201564,7669.146,806.752,72.067,4.004,5.005,1.001,2234,1795,1.550,1.840,1.460,1,0,0,0,0,18,293,0,31,0
06-05 22:18:36,22.750,5.250,70.000,1.500,0,5184108,445952,181012,2202772,6528.035,666.004,352.002,0,33.000,0,3820,5354,1.550,1.840,1.460,1,0,17.000,0,0,18,297,0,33,0
06-05 22:18:37,22.483,5.246,70.947,0.749,0,5274796,355260,181012,2202792,6805.917,485.637,0,363.728,0,26.980,2723,2422,1.510,1.830,1.460,1,0,5.996,0,0,18,297,0,33,0
06-05 22:18:38,18.019,2.002,79.083,0.250,0,5310600,319268,181012,2202980,11865.499,486.512,0,172.181,0,22.023,2121,2137,1.510,1.830,1.460,0,0,1.001,0,0,18,297,0,33,0
06-05 22:18:39,1.000,1.000,92.508,4.250,0,5308132,321732,181012,2202984,6604.573,668.058,0,4772.414,0,646.056,1506,1507,1.510,1.830,1.460,0,0,1.000,0,0,18,297,0,33,0
06-05 22:18:40,1.000,0.750,96.229,0.750,0,5304944,324920,181012,2202984,10058.805,485.894,0,355.922,0,20.995,1013,1370,1.510,1.830,1.460,0,0,0,0,0,18,297,0,33,0
06-05 22:18:41,1.500,0.500,97.246,0.250,0,5302240,327624,181012,2202984,11834.472,485.978,0,31.999,0,4.000,986,1340,1.510,1.830,1.460,0,0,0,0,0,18,297,0,33,0
06-05 22:18:42,1.750,0.750,94.228,2.000,0,5299820,330040,181012,2202988,7953.121,485.885,0,627.852,0,39.991,1359,2001,1.390,1.800,1.450,1,0,0,0,0,18,297,0,33,0
06-05 22:18:43,1.500,1.000,96.993,0,0,5295368,334488,181012,2202992,3801.718,485.964,0,79.994,0,11.999,1111,1742,1.390,1.800,1.450,0,0,0,0,0,18,297,0,33,0
06-05 22:18:44,1.250,0.500,97.268,0,0,5289432,340424,181012,2202992,3590.657,576.105,0,944.173,0,83.015,890,1260,1.390,1.800,1.450,0,0,0,0,0,18,297,0,33,0
06-05 22:18:45,1.500,0.250,97.242,0.250,0,5284236,345620,181012,2202992,10771.166,485.962,0,271.979,0,14.999,936,1304,1.390,1.800,1.450,0,0,0,0,0,18,297,0,33,0
06-05 22:18:46,1.500,1.000,96.018,0.250,0,5280052,349800,181012,2202996,10663.003,486.091,0,304.057,0,28.005,1294,1801,1.390,1.800,1.450,0,0,1.000,0,0,18,297,0,33,0
06-05 22:18:47,2.000,0.750,95.756,0.750,0,5276164,353688,181012,2202996,4415.275,486.030,0,152.009,0,25.002,1223,1811,1.280,1.770,1.440,1,0,0,0,0,18,297,0,33,0
06-05 22:18:48,2.000,1.500,94.491,0.500,0,5272540,357176,181012,2203132,7508.260,625.938,83.992,399.961,5.999,71.993,1566,2173,1.280,1.770,1.440,0,0,0,0,0,18,297,0,33,0
06-05 22:18:49,7.249,1.250,88.989,2.500,0,5269820,359860,181012,2203168,7217.104,485.940,15.998,375.953,1.000,42.995,2377,3512,1.280,1.770,1.440,0,0,1.000,0,0,18,297,0,33,0
06-05 22:18:50,1.000,0.500,97.260,0,0,5267084,362596,181012,2203168,8717.897,486.050,0,108.011,0,8.001,980,1306,1.280,1.770,1.440,0,0,0,0,0,18,297,0,33,0
06-05 22:18:51,1.250,0.250,96.988,0.250,0,5265660,364020,181012,2203168,10870.621,485.938,0,515.935,0,32.996,1020,1413,1.280,1.770,1.440,0,0,0,0,0,18,297,0,33,0
06-05 22:18:52,1.250,0.750,96.498,0.500,0,5264636,365044,181012,2203168,3260.937,485.991,0,263.995,0,24.000,1158,1762,1.170,1.740,1.430,0,0,0,0,0,18,297,0,33,0
06-05 22:18:53,1.500,0.500,97.487,0,0,5263740,365940,181012,2203168,20661.344,485.938,0,31.996,0,3.999,1036,1327,1.170,1.740,1.430,0,0,0,0,0,18,297,0,33,0
06-05 22:18:54,0.750,0.750,97.770,0,0,5262932,366748,181012,2203168,4994.026,576.118,0,60.012,0,4.001,906,1289,1.170,1.740,1.430,0,0,0,0,0,18,297,0,33,0
06-05 22:18:55,1.250,0.500,97.254,0,0,5262252,367428,181012,2203168,3945.144,486.018,0,0,0,0,950,1349,1.170,1.740,1.430,0,0,0,0,0,18,297,0,31,0
06-05 22:18:56,2.000,0.250,97.765,0,0,5261764,367916,181012,2203168,11221.743,580.090,0,0,0,0,977,1327,1.170,1.740,1.430,0,0,0,0,0,18,297,0,31,0
06-05 22:18:57,1.250,0.750,94.509,1.250,0,5261760,367908,181012,2203180,9920.990,486.048,0,532.053,0,55.005,1549,2414,1.080,1.710,1.430,0,0,0,0,0,18,297,0,31,0
06-05 22:18:58,2.500,0.750,94.744,1.750,0,5261760,367908,181012,2203180,9631.375,485.968,0,263.983,0,32.998,1446,2148,1.080,1.710,1.430,0,0,0,0,0,18,297,0,31,0
06-05 22:18:59,1.250,1.000,96.739,0,0,5261756,367908,181012,2203184,7619.159,485.946,0,87.990,0,8.999,1006,1408,1.080,1.710,1.430,0,0,1.000,0,0,18,297,0,26,0
06-05 22:19:00,1.000,0.250,95.504,2.000,0,5261752,367908,181012,2203188,5749.211,486.018,0,1300.048,0,232.009,1104,1367,1.080,1.710,1.430,0,0,0,0,0,18,297,0,26,0
06-05 22:19:01,1.000,0.750,96.486,0.500,0,5261752,367908,181012,2203188,7441.958,485.932,0,31.996,0,3.999,964,1334,1.080,1.710,1.430,0,0,0,0,0,18,297,0,26,0
06-05 22:19:02,6.778,3.766,87.617,1.757,0,5255496,374164,181012,2203108,8245.519,488.043,0,2377.955,0,123.517,2474,13768,0.990,1.680,1.420,0,0,36.151,0,0,18,297,0,27,0
06-05 22:19:03,1.494,1.245,95.871,0,0,5255868,373792,181012,2203188,6597.895,484.085,0,31.874,0,3.984,1089,1382,0.990,1.680,1.420,0,0,5.976,0,0,18,297,0,14,0
06-05 22:19:04,2.757,4.010,92.474,0,0,5259652,370020,181012,2203192,9143.123,717.737,0,12.029,0,2.005,1952,2005,0.990,1.680,1.420,2,0,82.199,0,0,18,297,0,14,0
06-05 22:19:05,16.472,10.233,71.877,0.499,0,5321960,307596,181108,2203212,7596.010,485.170,99.829,0,4.991,0,4056,3520,0.990,1.680,1.420,1,0,228.609,0,0,18,297,0,14,0
06-05 22:19:06,18.493,2.249,78.219,0,0,5349916,279624,181108,2203228,15866.763,7389.096,0,0,0,0,2371,2146,0.990,1.680,1.420,1,0,0,0,0,18,298,0,15,0
06-05 22:19:07,20.061,4.263,69.212,5.266,0,5355460,273576,181112,2203728,9010.560,3284.045,320.982,1191.645,19.058,141.433,5322,8067,0.990,1.670,1.420,2,2,4.012,0,0,18,298,0,9,0
06-05 22:19:08,40.111,7.225,48.582,3.239,0,5456444,172404,181112,2203916,6943.948,3683.242,163.434,386.661,8.969,33.883,3633,3079,0.990,1.670,1.420,3,0,26.907,0,0,18,298,0,10,0
06-05 22:19:09,25.076,5.266,69.209,0.251,0,5418260,262472,180604,2153296,44200.607,36195.410,16.049,160.485,1.003,8.024,3696,3568,0.990,1.670,1.420,1,0,18.055,0,0,18,297,0,20,0
06-05 22:19:10,0.997,0.997,95.961,0,0,5388768,291964,180604,2153296,11527.269,526.414,0,115.652,0,6.979,1184,1508,0.990,1.670,1.420,0,0,17.946,0,0,18,297,0,20,0
06-05 22:19:11,1.250,1.000,93.779,3.501,0,5386504,294224,180604,2153300,7607.384,528.166,0,2500.784,0,153.048,1280,1996,0.990,1.670,1.420,0,0,0,0,0,18,297,0,20,0
06-05 22:19:12,1.750,1.000,93.233,2.750,0,5382508,298216,180604,2153304,8642.452,485.913,0,535.904,0,49.991,1386,2077,0.910,1.640,1.410,0,0,0,0,0,18,297,0,20,0
06-05 22:19:13,1.500,0.500,96.514,0.250,0,5379016,301708,180604,2153304,7922.163,486.071,0,80.012,0,12.002,1211,1751,0.910,1.640,1.410,0,0,0,0,0,18,297,0,20,0
06-05 22:19:14,1.000,0.250,97.754,0,0,5373284,307440,180604,2153304,9532.371,486.019,0,0,0,0,883,1231,0.910,1.640,1.410,0,0,0,0,0,18,297,0,20,0
06-05 22:19:15,1.250,1.250,92.734,3.999,0,5370944,309780,180604,2153304,4192.283,485.917,0,2259.614,0,363.938,1384,1507,0.910,1.640,1.410,0,0,2.000,0,0,18,297,0,20,0
06-05 22:19:16,1.250,0.500,97.742,0.250,0,5368896,311828,180604,2153304,3888.679,485.960,0,127.989,0,14.999,1009,1510,0.910,1.640,1.410,0,0,0,0,0,18,297,0,20,0
06-05 22:19:17,1.750,1.000,95.496,0.250,0,5367092,313620,180604,2153316,7269.730,485.982,0,363.986,0,38.999,1408,2045,0.840,1.610,1.400,0,0,1.000,0,0,18,297,0,20,0
06-05 22:19:18,1.250,0.750,95.997,0.250,0,5365508,315188,180604,2153332,6396.833,485.987,16.000,231.994,1.000,27.999,1339,2094,0.840,1.610,1.400,0,0,0,0,0,18,297,0,20,0
06-05 22:19:19,1.250,0.500,96.255,0.750,0,5364132,316560,180604,2153336,8602.445,486.025,0,464.024,0,75.004,1093,1469,0.840,1.610,1.400,1,0,1.000,0,0,18,297,0,20,0
06-05 22:19:20,2.000,0.750,96.500,0,0,5362932,317760,180604,2153336,4937.996,486.000,0,404.000,0,27.000,1013,1447,0.840,1.610,1.400,1,0,1.000,0,0,18,297,0,20,0
06-05 22:19:21,2.000,0.500,95.268,1.250,0,5362328,318332,180604,2153368,10618.969,486.090,32.006,36.007,2.000,3.001,1182,1630,0.840,1.610,1.400,0,0,2.000,0,0,18,297,0,20,0
06-05 22:19:22,2.000,1.000,96.019,0,0,5362324,318332,180604,2153372,6572.322,486.098,0,116.023,0,18.004,1297,1922,0.770,1.590,1.390,0,0,0,0,0,18,297,0,20,0
06-05 22:19:23,1.750,0.750,96.981,0.500,0,5362316,318332,180604,2153380,4934.018,485.903,0,151.970,0,19.996,1030,1478,0.770,1.590,1.390,0,0,0,0,0,18,297,0,20,0
06-05 22:19:24,2.000,0.750,96.269,0,0,5354728,325920,180604,2153380,8807.743,486.096,0,224.044,0,17.003,1100,1511,0.770,1.590,1.390,0,0,1.000,0,0,18,297,0,20,0
06-05 22:19:25,3.249,1.749,94.212,0.250,0,5356220,324396,180604,2153412,4857.032,485.803,11.995,67.972,1.000,8.996,1462,1953,0.770,1.590,1.390,0,0,2.999,0,0,18,297,0,20,0
06-05 22:19:26,2.500,1.000,95.748,0,0,5355660,324948,180604,2153420,4699.910,485.991,0,0,0,0,1192,1593,0.770,1.590,1.390,0,0,1.000,0,0,18,297,0,20,0
06-05 22:19:27,3.500,1.250,92.993,1.500,0,5355648,324948,180604,2153432,6490.504,485.963,0,371.972,0,44.997,1753,2700,0.710,1.560,1.390,1,1,1.000,0,0,18,297,0,20,0
06-05 22:19:28,2.250,1.500,94.271,1.250,0,5355604,324948,180612,2153468,4660.023,486.107,20.004,556.122,2.000,68.015,2008,3253,0.710,1.560,1.390,0,0,0,0,0,18,297,0,20,0
06-05 22:19:29,1.500,0.500,97.238,0,0,5355604,324948,180612,2153468,7241.080,485.938,0,31.996,0,3.999,984,1396,0.710,1.560,1.390,0,0,1.000,0,0,18,297,0,20,0
06-05 22:19:30,1.000,0.250,96.007,1.250,0,5355600,324948,180616,2153468,5839.409,486.034,0,748.052,0,45.003,917,1404,0.710,1.560,1.390,0,0,0,0,0,18,297,0,20,0
06-05 22:19:31,1.500,1.000,96.995,0.250,0,5355792,324756,180616,2153468,2708.861,485.975,0,1031.947,0,210.989,943,1314,0.710,1.560,1.390,1,0,0,0,0,18,297,0,20,0
06-05 22:19:32,1.750,0.250,96.246,0.250,0,5355784,324756,180616,2153476,7426.675,485.979,0,431.981,0,32.999,1278,1974,0.650,1.530,1.380,0,0,0,0,0,18,297,0,18,0
06-05 22:19:33,0.750,0.500,97.535,0,0,5355780,324756,180616,2153480,8140.948,486.176,0,48.017,0,8.003,920,1331,0.650,1.530,1.380,0,0,0,0,0,18,297,0,18,0
06-05 22:19:34,1.500,0.750,96.980,0,0,5355780,324756,180616,2153480,4274.128,485.901,0,3.999,0,1.000,975,1431,0.650,1.530,1.380,0,0,0,0,0,18,297,0,18,0
06-05 22:19:35,2.000,0.500,97.234,0,0,5355780,324756,180616,2153480,7677.732,485.920,0,0,0,0,993,1388,0.650,1.530,1.380,1,0,0,0,0,18,297,0,18,0
06-05 22:19:36,6.000,1.000,91.005,0.750,0,5356016,324504,180616,2153496,25573.539,9598.578,0,188.011,0,28.002,1627,1776,0.650,1.530,1.380,0,0,2.000,0,0,18,297,0,16,0
06-05 22:19:37,2.249,1.000,95.472,0.500,0,5356008,324504,180616,2153504,7834.712,485.858,0,307.910,0,35.989,1487,2103,0.600,1.510,1.370,0,0,0,0,0,18,297,0,16,0
06-05 22:19:38,1.750,0.500,95.508,1.000,0,5356004,324504,180616,2153508,6303.524,486.040,0,324.027,0,40.003,1425,2161,0.600,1.510,1.370,0,0,0,0,0,18,297,0,16,0
06-05 22:19:39,1.755,1.003,97.046,0,0,5356000,324504,180616,2153512,5242.990,670.043,0,16.049,0,1.003,987,1354,0.600,1.510,1.370,1,0,1.003,0,0,18,298,0,16,0
06-05 22:19:40,5.235,1.745,90.737,0.748,0,5356748,323748,180616,2153520,30286.156,9701.860,0,442.716,0,27.919,1731,1789,0.600,1.510,1.370,0,0,17.948,0,0,18,297,0,14,0
06-05 22:19:41,1.000,0.250,97.486,0,0,5356748,323748,180616,2153520,10091.507,485.928,0,31.995,0,3.999,1003,1381,0.600,1.510,1.370,0,0,0,0,0,18,297,0,14,0
06-05 22:19:42,3.751,1.750,87.764,4.501,0,5413120,267364,180616,2153532,10282.625,486.077,0,2280.360,0,136.021,1952,2747,0.550,1.480,1.360,0,1,0,0,0,18,297,0,14,0
06-05 22:19:43,1.749,0.999,94.700,1.999,0,5413372,267112,180616,2153532,4163.817,485.745,0,1575.174,0,86.954,1315,2082,0.550,1.480,1.360,2,0,0,0,0,18,297,0,14,0
06-05 22:19:44,1.000,0.750,97.549,0,0,5410436,270048,180616,2153532,8546.262,486.243,0,8.004,0,2.001,926,1268,0.550,1.480,1.360,1,0,0,0,0,18,297,0,14,0
06-05 22:19:45,1.250,0.500,97.033,0.250,0,5410688,269796,180616,2153532,5582.883,486.164,0,220.074,0,12.004,953,1365,0.550,1.480,1.360,0,0,0,0,0,18,297,0,14,0
06-05 22:19:46,1.756,0.502,97.604,0.251,0,5411132,269348,180616,2153536,3924.251,487.771,0,1051.820,0,208.758,1063,1329,0.550,1.480,1.360,1,0,0,0,0,18,297,0,14,0
06-05 22:19:47,1.993,0.747,95.405,0.747,0,5411132,269348,180616,2153536,5167.333,484.251,0,286.963,0,34.874,1332,2013,0.510,1.460,1.350,0,0,0,0,0,18,297,0,14,0
06-05 22:19:48,2.249,0.750,95.201,0.500,0,5411096,269348,180616,2153572,9450.093,485.748,0,255.867,0,31.983,1500,2182,0.510,1.460,1.350,0,0,0,0,0,18,297,0,14,0
06-05 22:19:49,1.000,0.750,97.003,0.500,0,5411096,269348,180616,2153572,8806.272,486.015,0,276.009,0,43.001,1056,1395,0.510,1.460,1.350,0,0,1.000,0,0,18,297,0,14,0
06-05 22:19:50,1.500,0.500,96.728,0,0,5411096,269348,180616,2153572,8368.107,485.890,0,311.929,0,18.996,1022,1428,0.510,1.460,1.350,0,0,0,0,0,18,297,0,14,0
06-05 22:19:51,1.000,0.250,97.245,0,0,5411096,269348,180616,2153572,6876.634,485.974,0,31.998,0,4.000,978,1360,0.510,1.460,1.350,0,0,0,0,0,18,297,0,14,0
06-05 22:19:52,1.750,1.000,95.520,1.250,0,5411092,269348,180616,2153576,7800.597,486.100,0,300.061,0,29.006,1278,1838,0.470,1.430,1.350,0,0,0,0,0,18,297,0,14,0
06-05 22:19:53,0.750,0.500,97.235,0,0,5410908,269528,180616,2153580,5242.196,485.926,0,107.983,0,10.998,985,1414,0.470,1.430,1.350,0,0,0,0,0,18,297,0,14,0
06-05 22:19:54,1.250,0.250,97.783,0,0,5410544,269892,180616,2153580,6266.146,486.167,0,0,0,0,842,1215,0.470,1.430,1.350,0,0,0,0,0,18,297,0,14,0
06-05 22:19:55,1.000,0.750,97.506,0,0,5410556,269880,180616,2153580,4531.286,486.031,0,0,0,0,908,1283,0.470,1.430,1.350,0,0,0,0,0,18,297,0,14,0
06-05 22:19:56,1.250,0.500,97.755,0,0,5410304,270132,180616,2153580,8781.406,580.027,0,0,0,0,937,1258,0.470,1.430,1.350,0,0,0,0,0,18,297,0,14,0
06-05 22:19:57,2.001,0.750,93.527,2.251,0,5410304,270132,180616,2153580,9050.652,540.158,0,1016.298,0,165.048,1673,2472,0.430,1.410,1.340,1,0,0,0,0,18,297,0,14,0
06-05 22:19:58,1.750,1.000,95.485,0.250,0,5410300,270132,180616,2153584,9736.494,485.925,0,295.954,0,36.994,1516,2307,0.430,1.410,1.340,0,0,0,0,0,18,297,0,14,0
06-05 22:19:59,1.250,1.000,97.498,0,0,5410672,269632,180616,2153712,5591.889,485.990,0,0,0,0,967,1348,0.430,1.410,1.340,0,0,1.000,0,0,18,297,0,14,0
06-05 22:20:00,7.532,17.826,73.063,0,0,5417404,262868,180616,2153744,7112.497,488.093,0,333.430,0,19.082,5806,4967,0.430,1.410,1.340,1,0,409.757,0,0,18,297,0,14,0
06-05 22:20:01,14.198,7.722,72.734,3.736,0,5453000,226752,180620,2154260,21255.407,2130.224,490.210,139.491,19.927,5.978,3103,2603,0.430,1.410,1.340,1,0,87.680,0,0,18,297,0,16,0
06-05 22:20:02,17.760,4.753,71.541,5.253,0,5505676,173356,180620,2154980,4464.566,540.311,708.407,692.398,50.029,23.013,2180,2236,0.480,1.400,1.340,2,0,8.005,0,0,18,297,0,16,0
06-05 22:20:03,24.222,4.245,65.424,5.244,0,5514244,194028,180336,2127196,8668.976,485.439,1718.013,199.769,175.797,3.995,3148,14985,0.480,1.400,1.340,1,0,35.958,0,0,18,297,0,17,0
06-05 22:20:04,22.003,3.500,72.759,1.250,0,5507372,197708,180416,2130300,5297.651,486.060,1412.173,8.001,143.018,2.000,2278,1985,0.480,1.400,1.340,1,0,3.000,0,0,18,297,0,17,0
06-05 22:20:05,23.239,3.998,68.469,2.749,0,5520192,184688,180416,2130500,5915.307,527.760,43.980,2051.066,2.999,128.941,4950,7072,0.480,1.400,1.340,2,0,0,0,0,18,298,0,17,0
06-05 22:20:06,19.557,2.507,71.708,5.265,0,5528244,175644,180416,2131496,7031.363,529.534,698.021,461.336,63.183,48.139,4648,6271,0.480,1.400,1.340,0,1,0,0,0,18,303,0,19,0
06-05 22:20:07,24.938,3.741,61.597,6.983,0,5540156,162792,180420,2132436,11167.188,3205.018,622.450,1695.777,36.908,238.406,5774,8175,0.680,1.430,1.350,1,0,0.998,0,0,18,308,0,22,0
06-05 22:20:08,7.743,1.748,77.932,11.490,0,5542040,160816,180420,2132528,12713.882,3151.244,31.972,5459.226,1.998,592.482,3165,4419,0.680,1.430,1.350,0,1,0.999,0,0,18,307,0,23,0
06-05 22:20:09,7.255,1.751,83.307,5.754,0,5544128,158548,180420,2132716,10535.216,2830.939,16.011,3286.251,1.001,212.145,2742,4186,0.680,1.430,1.350,0,0,1.001,0,0,18,307,0,18,0
06-05 22:20:10,10.230,1.747,83.091,4.242,0,5545780,156784,180424,2132824,18210.135,7599.450,67.870,774.517,4.990,98.811,2890,4049,0.680,1.430,1.350,1,0,0,0,0,18,308,0,18,0
06-05 22:20:11,14.775,2.504,77.379,3.756,0.250,5546900,155552,180428,2132932,15739.154,4941.211,16.027,1290.144,1.002,140.233,4726,7005,0.680,1.430,1.350,3,0,0,0,0,18,310,0,19,0
06-05 22:20:12,21.766,4.253,61.795,9.757,0,5547856,154292,180428,2133236,5622.100,486.355,0,3246.367,0,320.234,7456,11909,0.700,1.420,1.350,2,1,1.001,0,0,18,310,0,21,0
06-05 22:20:13,17.240,3.748,71.458,6.496,0,5549588,152276,180428,2133520,11446.299,3206.123,15.991,2586.486,0.999,294.827,5866,8941,0.700,1.420,1.350,1,1,0,0,0,18,309,0,15,0
06-05 22:20:14,8.770,1.754,81.936,5.513,0,5549780,152024,180428,2133580,10209.170,2703.135,0,3155.161,0,219.498,3193,4709,0.700,1.420,1.350,1,1,0,0,0,18,309,0,15,0
06-05 22:20:15,11.730,1.747,74.621,9.484,0,5549732,152024,180428,2133628,27601.133,9635.290,0,3769.463,0,257.553,3838,5770,0.700,1.420,1.350,1,0,0,0,0,18,310,0,15,0
06-05 22:20:16,20.247,4.249,63.240,10.248,0,5549932,151520,180428,2133928,7932.726,485.922,0,1967.684,0,249.960,6515,10820,0.700,1.420,1.350,0,1,0,0,0,18,310,0,15,0
06-05 22:20:17,20.315,4.264,61.696,11.787,0,5550252,192416,180012,2094004,4957.750,487.549,0,4923.642,0,352.119,7072,10742,0.730,1.420,1.340,5,1,0,0,0,18,309,0,16,0
06-05 22:20:18,4.483,0.996,89.911,2.989,0,5550216,192416,180012,2094040,7957.976,3191.957,0,888.647,0,92.650,2090,3385,0.730,1.420,1.340,1,0,0,0,0,18,310,0,16,0
06-05 22:20:19,10.501,2.000,80.508,6.001,0.250,5550276,192272,180016,2094120,11857.194,3205.323,0,1628.164,0,174.018,3618,5428,0.730,1.420,1.340,0,0,1.000,0,0,18,309,0,17,0
06-05 22:20:20,10.744,1.999,80.702,4.247,0,5550324,192020,180020,2094336,13368.039,3203.093,0,2466.531,0,251.850,3591,5095,0.730,1.420,1.340,0,0,0,0,0,18,309,0,18,0
06-05 22:20:21,8.514,1.753,87.894,1.502,0,5550144,192020,180020,2094516,6347.377,486.796,148.242,568.930,8.013,42.069,2348,3078,0.730,1.420,1.340,1,0,0,0,0,18,310,0,18,0
06-05 22:20:22,14.934,2.240,74.917,6.222,0,5550056,192020,180024,2094600,29641.167,11691.003,0,2301.763,0,192.145,3791,5342,0.670,1.390,1.340,6,0,0,0,0,18,309,0,18,0
06-05 22:20:23,11.537,1.756,80.005,6.270,0,5549876,192020,180024,2094780,25850.290,9575.482,0,3298.500,0,252.805,3282,4693,0.670,1.390,1.340,1,0,0,0,0,18,310,0,18,0
06-05 22:20:24,10.242,1.998,76.687,8.993,0,5550252,191604,180024,2094820,31206.304,11733.339,0,4812.038,0,507.582,3275,4036,0.670,1.390,1.340,1,0,0,0,0,18,310,0,19,0
06-05 22:20:25,12.274,2.505,79.653,5.010,0,5550196,191604,180024,2094876,8541.436,2743.279,0,1823.509,0,153.295,3809,5891,0.670,1.390,1.340,2,1,0,0,0,18,310,0,19,0
06-05 22:20:26,20.746,4.749,64.736,7.248,0,5551376,190104,180024,2095196,3698.224,485.898,0,3199.329,0,307.935,7049,10872,0.670,1.390,1.340,5,2,1.000,0,0,18,310,0,21,0
06-05 22:20:27,24.034,4.506,63.340,6.760,0,5556828,184324,180024,2095524,10195.542,486.694,0,2010.868,0,206.294,7937,11964,0.860,1.420,1.350,2,2,3.004,0,0,18,310,0,22,0
06-05 22:20:28,24.465,4.743,60.413,8.488,0,5557432,183316,180024,2095928,5516.040,485.300,95.862,2548.323,5.991,284.589,7989,12790,0.860,1.420,1.350,0,2,0.999,0,0,18,310,0,28,0
06-05 22:20:29,13.043,2.508,72.989,9.782,0,5555460,185076,180024,2096140,7934.954,487.595,0,6946.721,0,841.753,5266,7023,0.860,1.420,1.350,0,1,4.013,0,0,18,312,0,31,0
06-05 22:20:30,2.987,1.494,85.639,8.464,0,5555440,185076,180028,2096156,7080.185,537.736,0,5385.322,0,323.637,1988,3035,0.860,1.420,1.350,0,0,0,0,0,18,312,0,31,0
06-05 22:20:31,4.001,0.750,93.272,0.750,0,5555648,184824,180028,2096200,7725.836,528.126,0,284.068,0,22.005,1593,1928,0.860,1.420,1.350,0,0,0,0,0,18,312,0,31,0
06-05 22:20:32,18.982,3.247,63.690,11.989,0,5555512,184824,180032,2096332,7111.260,485.540,0,3792.406,0,302.713,6447,10129,0.870,1.410,1.340,3,1,0,0,0,18,312,0,32,0
06-05 22:20:33,21.878,4.275,64.125,7.796,0,5556264,183816,180032,2096588,5689.275,488.859,0,2253.178,0,258.512,7530,11840,0.870,1.410,1.340,2,0,0,0,0,18,312,0,33,0
06-05 22:20:34,21.650,3.733,61.715,10.203,0,5559704,179812,180040,2097144,7943.319,483.766,270.750,2233.685,14.931,218.989,6650,10052,0.870,1.410,1.340,0,1,0,0,0,18,311,0,33,0
06-05 22:20:35,2.750,0.750,92.991,2.750,0,5559692,179812,180040,2097156,5770.427,485.952,0,1107.890,0,41.996,1338,1885,0.870,1.410,1.340,1,1,0,0,0,18,312,0,33,0
06-05 22:20:36,15.531,3.006,67.135,13.026,0,5566932,172472,180040,2097256,28089.603,12489.167,0,6356.809,0,218.440,4226,5874,0.870,1.410,1.340,1,2,2.004,0,0,18,311,0,36,0
06-05 22:20:37,9.477,2.494,80.803,5.237,0,5571604,167684,180040,2097372,13053.097,3127.356,63.844,1528.265,3.990,182.554,3473,5010,0.880,1.400,1.340,0,0,0,0,0,18,311,0,37,0
06-05 22:20:38,7.252,1.500,86.524,4.251,0,5571952,167180,180040,2097528,7899.172,486.134,0,3152.867,0,232.064,2882,4426,0.880,1.400,1.340,1,1,0,0,0,18,312,0,37,0
06-05 22:20:39,10.746,1.999,76.470,8.247,0,5573108,165948,180040,2097604,14387.425,3187.765,0,3326.711,0,249.903,3686,5395,0.880,1.400,1.340,1,0,1.000,0,0,18,312,0,40,0
06-05 22:20:40,13.515,1.752,78.585,4.255,0,5579676,159200,180040,2097784,30660.352,11879.923,0,4460.853,0,630.686,3568,3981,0.880,1.400,1.340,1,0,0,0,0,18,311,0,45,0
06-05 22:20:41,11.993,1.499,82.453,2.748,0,5579648,159200,180040,2097812,23738.605,9918.403,0,863.513,0,110.937,2912,3898,0.880,1.400,1.340,4,0,0,0,0,18,313,0,45,0
06-05 22:20:42,6.740,1.498,87.367,3.245,0,5579812,158948,180044,2097896,11806.018,2553.111,0,1681.439,0,129.802,2590,3989,0.810,1.380,1.330,0,0,0,0,0,18,311,0,46,0
06-05 22:20:43,14.265,2.252,78.084,4.505,0,5580124,158444,180044,2098088,28484.602,11515.371,0,1609.729,0,171.184,3790,5174,0.810,1.380,1.330,0,0,0,0,0,18,312,0,49,0
06-05 22:20:44,9.998,1.750,81.232,5.499,0,5580224,158192,180044,2098240,5698.709,725.836,15.996,1855.580,1.000,182.959,3654,5223,0.810,1.380,1.330,0,0,0,0,0,18,311,0,50,0
06-05 22:20:45,5.000,2.000,88.742,3.000,0,5581448,156932,180044,2098276,9868.115,485.956,0,919.917,0,84.992,2113,3056,0.810,1.380,1.330,1,1,0,0,0,18,312,0,50,0
06-05 22:20:46,6.998,1.749,83.225,6.748,0,5581740,156456,180044,2098460,10553.883,3232.045,0,4126.781,0,532.843,3181,4671,0.810,1.380,1.330,0,1,1.000,0,0,18,311,0,52,0
06-05 22:20:47,13.258,2.752,67.038,14.258,0,5582656,155448,180052,2098544,13071.451,3234.844,0,6863.912,0,488.278,4733,7249,0.980,1.410,1.340,0,0,0,0,0,18,311,0,56,0
06-05 22:20:48,5.750,1.250,90.496,0.750,0,5582844,155196,180052,2098608,6679.679,485.977,0,631.970,0,65.997,2278,3368,0.980,1.410,1.340,0,0,0,0,0,18,311,0,57,0
06-05 22:20:49,6.001,1.250,91.259,1.750,0,5583064,154948,180052,2098636,4187.423,486.049,0,496.050,0,46.005,1955,2670,0.980,1.410,1.340,0,0,1.000,0,0,18,311,0,58,0
06-05 22:20:50,4.500,1.250,90.758,2.750,0,5583064,154948,180052,2098636,8709.798,680.062,0,404.037,0,37.003,1714,2343,0.980,1.410,1.340,0,1,0,0,0,18,311,0,58,0
06-05 22:20:51,2.500,0.500,94.988,0.500,0,5583540,154444,180052,2098664,7080.081,485.937,0,579.925,0,57.992,1413,1845,0.980,1.410,1.340,1,0,0,0,0,18,312,0,58,0
06-05 22:20:52,3.750,1.000,93.504,0.750,0,5583776,154192,180052,2098680,7819.362,486.022,0,648.030,0,67.003,1724,2607,0.990,1.400,1.340,0,0,0,0,0,18,311,0,58,0
06-05 22:20:53,9.500,2.000,84.502,2.250,0,5583580,154192,180052,2098876,15558.443,5822.166,0,1352.039,0,169.005,3432,5144,0.990,1.400,1.340,0,0,0,0,0,18,311,0,60,0
06-05 22:20:54,10.751,2.000,82.008,4.500,0,5583732,153940,180056,2098972,29279.706,4908.454,0,1304.121,0,173.016,3911,5743,0.990,1.400,1.340,0,0,0,0,0,18,311,0,62,0
06-05 22:20:55,9.502,1.000,86.267,1.500,0,5583680,153940,180056,2099024,16273.297,4734.959,0,468.095,0,36.007,2485,3172,0.990,1.400,1.340,0,0,0,0,0,18,312,0,67,0
06-05 22:20:56,15.056,2.760,75.530,5.771,0,5584028,153436,180056,2099180,27014.096,9836.447,0,2011.453,0,249.926,4524,6461,0.990,1.400,1.340,2,0,0,0,0,18,312,0,67,0
06-05 22:20:57,4.478,0.746,88.072,4.727,0,5584000,153436,180060,2099204,6705.417,537.389,0,907.590,0,83.594,2264,3471,0.910,1.380,1.330,0,3,0,0,0,18,311,0,67,0
06-05 22:20:58,11.504,2.501,71.525,11.754,0,5584028,152932,180060,2099680,13421.734,3232.140,16.006,3389.195,1.000,285.101,4454,6708,0.910,1.380,1.330,0,1,0,0,0,18,311,0,70,0
06-05 22:20:59,9.007,2.252,74.811,12.260,0,5578376,196836,178212,2064512,16391.387,3136.562,0,6032.927,0,423.346,3456,5527,0.910,1.380,1.330,0,0,1.001,0,0,18,311,0,71,0
06-05 22:21:00,8.250,1.000,88.747,1.250,0,5577692,197452,178212,2064580,11926.653,2696.921,0,543.984,0,58.998,2393,3651,0.910,1.380,1.330,0,1,0,0,0,18,311,0,73,0
06-05 22:21:01,4.016,1.255,92.874,1.506,0.251,5577912,197228,178212,2064584,7027.285,487.964,0,445.794,0,54.218,1899,2697,0.910,1.380,1.330,3,0,0,0,0,18,312,0,74,0
06-05 22:21:02,11.946,1.742,74.913,9.209,0,5578620,196304,178220,2064792,31798.093,11690.461,0,4973.647,0,627.181,3708,4849,0.990,1.390,1.340,1,0,0,0,0,18,311,0,73,0
06-05 22:21:03,19.264,6.255,66.799,7.005,0,5599700,175148,178220,2064932,7903.820,486.358,16.012,2013.483,1.001,219.161,6739,17345,0.990,1.390,1.340,2,0,42.031,0,0,18,312,0,74,0
06-05 22:21:04,23.097,3.515,64.019,7.281,0,5599600,174924,178236,2065240,5740.140,488.052,4.017,2683.284,1.004,333.402,7668,12653,0.990,1.390,1.340,1,2,0,0,0,18,312,0,74,0
06-05 22:21:05,19.659,4.479,58.728,15.926,0,5599176,175064,178268,2065492,3632.176,537.510,0,8229.879,0,538.506,7382,11662,0.990,1.390,1.340,1,2,0,0,0,18,312,0,75,0
06-05 22:21:06,3.499,1.000,91.976,1.750,0,5599368,174840,178268,2065524,10625.205,485.872,0,1951.487,0,114.970,2020,2956,0.990,1.390,1.340,0,0,0,0,0,18,311,0,71,0
06-05 22:21:07,11.254,2.751,77.776,6.002,0,5599512,174588,178288,2065612,10818.657,3237.094,0,1984.671,0,217.073,4244,6630,1.150,1.420,1.350,0,0,0,0,0,18,311,0,74,0
06-05 22:21:08,9.001,2.000,81.011,7.751,0,5599560,174364,178288,2065788,11268.545,3158.433,0,1464.201,0,153.021,3186,4723,1.150,1.420,1.350,0,0,0,0,0,18,311,0,75,0
06-05 22:21:09,7.744,1.749,86.186,2.248,0,5599748,174116,178292,2065844,7532.425,539.601,0,927.314,0,82.939,2830,3875,1.150,1.420,1.350,2,0,0.999,0,0,18,312,0,75,0
06-05 22:21:10,5.751,1.500,88.760,2.500,0,5599696,174116,178292,2065896,11709.346,2697.310,0,1236.142,0,129.015,2520,3758,1.150,1.420,1.350,0,0,0,0,0,18,311,0,72,0
06-05 22:21:11,13.503,1.750,77.768,6.001,0,5599504,174116,178292,2066088,27478.472,11571.725,0,1420.335,0,148.035,3565,4829,1.150,1.420,1.350,0,0,0,0,0,18,312,0,75,0
06-05 22:21:12,16.251,3.250,70.756,7.751,0,5599612,173864,178300,2066224,5191.415,726.058,0,1908.153,0,211.017,5534,8385,1.140,1.410,1.350,2,3,0,0,0,18,312,0,77,0
06-05 22:21:13,21.797,4.009,62.384,10.523,0,5599540,173612,178328,2066520,7408.914,541.162,32.069,4060.722,1.002,371.799,7379,11501,1.140,1.410,1.350,1,1,1.002,0,0,18,312,0,78,0
06-05 22:21:14,20.459,5.239,60.878,11.477,0,5599472,173360,178380,2066788,6055.825,485.025,0,7764.390,0,510.973,7654,12020,1.140,1.410,1.350,0,2,0.998,0,0,18,312,0,73,0
06-05 22:21:15,20.469,3.744,65.402,7.239,0,5599996,172604,178428,2066968,3976.059,485.275,0,3566.671,0,391.415,8052,12557,1.140,1.410,1.350,4,0,0,0,0,18,312,0,77,0
06-05 22:21:16,20.786,3.506,66.616,7.263,0,5599992,172352,178428,2067224,10263.806,486.845,0,2203.823,0,253.440,6745,10162,1.140,1.410,1.350,1,0,0,0,0,18,311,0,77,0
06-05 22:21:17,15.735,3.497,58.194,21.479,0,5601048,171176,178460,2067312,7771.535,485.534,15.985,7640.660,0.999,925.111,6081,8430,1.290,1.430,1.350,5,2,0,0,0,18,311,0,77,0
06-05 22:21:18,20.344,3.767,65.051,8.539,0,5600980,170924,178468,2067624,7963.789,542.506,0,2893.366,0,310.434,7315,11212,1.290,1.430,1.350,4,1,0,0,0,18,312,0,79,0
06-05 22:21:19,14.989,3.497,59.706,19.236,0,5601236,170420,178500,2067840,6791.960,485.640,0,7866.163,0,601.554,6217,10127,1.290,1.430,1.350,2,0,0.999,0,0,18,312,0,79,0
06-05 22:21:20,20.932,3.738,65.786,7.974,0,5601056,170420,178516,2068004,5700.481,484.426,0,1834.042,0,167.456,7377,11324,1.290,1.430,1.350,2,0,0,0,0,18,312,0,82,0
06-05 22:21:21,7.001,1.500,85.508,5.251,0,5601124,170168,178520,2068184,8664.828,486.046,0,1176.112,0,120.011,3134,4700,1.290,1.430,1.350,0,0,0,0,0,18,311,0,82,0
06-05 22:21:22,5.748,1.499,83.467,6.997,0,5601056,170168,178528,2068244,4758.107,539.785,15.994,1403.442,1.000,144.942,2644,3914,1.350,1.440,1.360,0,1,0,0,0,18,311,0,82,0
06-05 22:21:23,10.742,2.248,80.689,5.246,0,5601952,169160,178552,2068332,13049.159,3221.570,0,2074.436,0,199.849,3467,5011,1.350,1.440,1.360,2,0,0,0,0,18,311,0,83,0
06-05 22:21:24,6.765,1.002,87.690,3.508,0,5602132,168908,178552,2068404,5445.800,487.055,32.069,1098.380,1.002,40.087,2204,3057,1.350,1.440,1.360,1,1,0,0,0,18,312,0,87,0
06-05 22:21:25,12.235,1.498,76.904,7.990,0,5587284,183556,178552,2068604,33079.759,12057.967,0,1637.958,0,166.792,3480,4902,1.350,1.440,1.360,1,1,0,0,0,18,311,0,88,0
06-05 22:21:26,10.498,2.250,78.735,7.249,0,5587432,183348,178568,2068648,23154.504,9638.129,0,2147.583,0,160.969,2969,3987,1.350,1.440,1.360,0,1,1.000,0,0,18,311,0,88,0
06-05 22:21:27,10.001,3.000,76.006,8.251,0,5591412,179072,178584,2068928,5343.420,486.038,0,5568.438,0,396.031,4545,7226,1.400,1.450,1.360,0,1,3.000,0,0,18,311,0,85,0
06-05 22:21:28,13.001,2.500,77.006,5.500,0,5591324,179072,178584,2069016,6131.500,3103.253,0,1544.126,0,171.014,4189,6224,1.400,1.450,1.360,1,0,1.000,0,0,18,312,0,88,0
06-05 22:21:29,5.502,1.751,88.538,2.501,0,5591528,178848,178584,2069036,9249.932,660.281,0,948.403,0,86.037,2334,3361,1.400,1.450,1.360,1,0,2.001,0,0,18,312,0,89,0
06-05 22:21:30,8.496,1.249,81.707,6.996,0,5591320,178848,178584,2069244,10351.596,3221.318,0,1399.269,0,160.916,3223,4849,1.400,1.450,1.360,1,1,0,0,0,18,311,0,92,0
06-05 22:21:31,5.250,1.250,89.748,2.250,0,5591280,178848,178588,2069280,7156.804,485.987,0,843.977,0,82.998,2136,3015,1.400,1.450,1.360,0,0,0,0,0,18,311,0,83,0
06-05 22:21:32,6.748,1.250,87.227,3.499,0,5591492,178596,178592,2069316,6756.225,485.872,0,775.796,0,67.982,2319,3286,1.370,1.450,1.360,0,0,0,0,0,18,311,0,85,0
06-05 22:21:33,9.754,1.751,85.783,1.501,0,5593724,176328,178596,2069348,14733.741,4789.866,0,692.270,0,56.022,2639,3541,1.370,1.450,1.360,0,0,0,0,0,18,312,0,90,0
06-05 22:21:34,14.550,2.258,76.765,5.268,0,5593428,176328,178628,2069612,25864.409,9872.126,0,2087.215,0,226.784,4386,6698,1.370,1.450,1.360,2,0,0,0,0,18,312,0,91,0
06-05 22:21:35,20.264,4.503,63.793,9.757,0,5593272,176328,178664,2069732,4302.868,486.324,0,4130.753,0,440.293,7572,12149,1.370,1.450,1.360,1,1,0,0,0,18,312,0,90,0
06-05 22:21:36,24.005,3.751,57.012,13.003,0.250,5593688,175572,178712,2070024,23093.818,9588.000,0,6509.358,0,446.093,7154,11348,1.370,1.450,1.360,1,0,2.000,0,0,18,312,0,92,0
06-05 22:21:37,13.692,2.738,72.690,8.464,0,5594076,175068,178724,2070128,8773.600,483.937,0,2314.135,0,184.215,5268,7988,1.500,1.470,1.370,1,1,0,0,0,18,311,0,93,0
06-05 22:21:38,10.500,2.500,73.501,11.750,0,5593084,175836,178744,2070332,10122.101,3054.030,0,6200.062,0,996.010,4385,5643,1.500,1.470,1.370,0,0,0,0,0,18,312,0,97,0
06-05 22:21:39,5.760,1.502,89.399,2.504,0,5593320,175584,178752,2070340,12137.192,801.333,0,1029.713,0,105.175,2372,3456,1.500,1.470,1.370,2,0,1.002,0,0,18,313,0,94,0
06-05 22:21:40,15.277,1.503,74.633,6.512,0,5593440,175360,178760,2070436,40007.482,15944.488,0,805.439,0,74.132,3618,4489,1.500,1.470,1.370,1,1,0,0,0,18,312,0,97,0
06-05 22:21:41,7.991,1.249,84.653,4.745,0,5593424,175360,178764,2070448,11317.036,1448.341,0,1206.618,0,113.870,2853,4078,1.500,1.470,1.370,3,1,0,0,0,18,312,0,101,0
06-05 22:21:42,3.493,0.748,92.303,1.996,0,5593236,175360,178776,2070624,11937.526,2517.628,0,662.586,0,53.885,1618,2368,1.380,1.450,1.360,0,0,0,0,0,18,312,0,101,0
06-05 22:21:43,9.245,1.749,82.460,4.498,0,5593188,175360,178788,2070660,24208.172,9965.131,0,1215.406,0,137.933,2783,3884,1.380,1.450,1.360,2,0,0,0,0,18,311,0,91,0
06-05 22:21:44,10.021,1.754,84.180,4.259,0,5593640,174604,178792,2070960,27859.437,9191.610,244.522,4722.074,5.011,412.881,2831,3257,1.380,1.450,1.360,0,0,0,0,0,18,313,0,94,0
06-05 22:21:45,4.741,1.248,87.830,3.743,0,5593628,174604,178800,2070964,11101.490,832.387,0,2447.258,0,156.696,2386,3578,1.380,1.450,1.360,0,1,0,0,0,18,311,0,95,0
06-05 22:21:46,19.010,4.002,60.283,14.258,0,5593956,174100,178812,2071128,25829.006,9537.172,0,6671.618,0,475.258,6548,10232,1.380,1.450,1.360,1,2,0,0,0,18,312,0,97,0
06-05 22:21:47,21.240,4.498,62.471,10.245,0,5593972,173848,178828,2071348,7895.383,485.777,0,3742.286,0,410.812,7575,12521,1.510,1.470,1.370,3,0,0,0,0,18,312,0,89,0
06-05 22:21:48,22.582,4.015,66.992,4.265,0,5594764,172588,178840,2071804,4899.730,541.961,0,2505.065,0,250.908,7635,11588,1.510,1.470,1.370,1,1,0,0,0,18,311,0,89,0
06-05 22:21:49,1.743,1.494,90.395,4.980,0,5594748,172584,178840,2071824,6961.653,484.098,0,3657.632,0,455.212,1828,2365,1.510,1.470,1.370,2,0,0.996,0,0,18,312,0,89,0
06-05 22:21:50,12.501,1.500,80.754,3.250,0,5595012,172108,178848,2072028,26637.283,9664.465,0,1360.065,0,127.006,3288,4644,1.510,1.470,1.370,0,0,0,0,0,18,311,0,89,0
06-05 22:21:51,15.006,3.751,71.528,7.753,0,5594892,172108,178856,2072140,3991.582,556.220,0,2320.920,0,242.096,5594,8681,1.510,1.470,1.370,2,0,0,0,0,18,312,0,87,0
06-05 22:21:52,22.834,4.015,58.465,13.299,0,5595472,170848,178892,2072784,7375.064,541.989,0,7009.723,0,546.004,8209,13283,1.470,1.460,1.370,1,1,0,0,0,18,312,0,87,0
06-05 22:21:53,21.147,3.981,64.686,8.459,0,5596284,169724,178912,2073076,8399.239,483.653,0,2953.666,0,255.759,7248,11291,1.470,1.460,1.370,0,1,0,0,0,18,312,0,88,0
06-05 22:21:54,7.757,1.752,81.576,7.757,0,5596460,169472,178924,2073140,7099.651,3255.049,0,2442.288,0,199.187,2990,4704,1.470,1.460,1.370,0,2,0,0,0,18,311,0,89,0
06-05 22:21:55,12.003,2.000,78.018,6.251,0,5597120,168716,178932,2073228,11559.738,3293.780,0,2324.551,0,227.054,3880,6004,1.470,1.460,1.370,0,0,0,0,0,18,311,0,81,0
06-05 22:21:56,10.281,1.755,81.743,5.767,0,5598532,167244,178940,2073280,8188.337,635.890,0,1588.722,0,157.468,3164,4602,1.470,1.460,1.370,1,0,0,0,0,18,311,0,82,0
06-05 22:21:57,4.734,1.246,86.958,4.734,0,5598920,166740,178940,2073396,12765.155,3240.125,0,1191.999,0,116.609,2531,3908,1.350,1.440,1.360,3,1,0,0,0,18,312,0,82,0
06-05 22:21:58,11.249,2.250,79.495,5.000,0,5599072,166236,178940,2073748,12098.273,3250.805,0,2623.842,0,265.984,4007,6427,1.350,1.440,1.360,0,1,0,0,0,18,311,0,84,0
06-05 22:21:59,15.262,3.002,69.806,10.759,0,5599468,165732,178944,2073852,11265.029,4687.757,0,5136.117,0,353.283,4409,6308,1.350,1.440,1.360,0,0,1.001,0,0,18,312,0,80,0
06-05 22:22:00,11.256,1.751,83.293,2.251,0,5599852,165228,178944,2073972,29303.066,9761.019,72.037,1796.924,1.001,91.047,3051,4112,1.350,1.440,1.360,0,1,0,0,0,18,311,0,80,0
06-05 22:22:01,9.748,1.500,85.736,1.750,0,5599820,165228,178944,2074004,28157.532,9596.477,0,979.845,0,102.984,2843,3879,1.350,1.440,1.360,3,0,0,0,0,18,312,0,80,0
06-05 22:22:02,9.742,1.249,82.186,4.497,0,5599760,165228,178944,2074064,28925.574,11853.810,0,1091.154,0,107.916,3094,4312,1.240,1.420,1.350,0,0,0,0,0,18,311,0,80,0
06-05 22:22:03,18.000,5.000,69.748,6.500,0,5610332,182708,177168,2047820,30475.343,11808.745,0,1203.974,0,141.997,4898,10246,1.240,1.420,1.350,0,2,41.999,0,0,18,311,0,76,0
06-05 22:22:04,16.749,3.250,70.747,7.250,0,5610428,182456,177176,2047968,8708.613,485.978,0,2551.887,0,253.989,5599,8824,1.240,1.420,1.350,2,0,0,0,0,18,312,0,77,0
06-05 22:22:05,16.492,2.999,55.473,22.739,0,5610460,182008,177220,2048340,9193.550,539.739,0,6948.637,0,715.654,5834,9037,1.240,1.420,1.350,3,0,0,0,0,18,312,0,77,0
06-05 22:22:06,21.230,4.246,61.943,10.490,0,5611312,181000,177220,2048496,6482.035,485.553,0,6641.888,0,451.584,7465,12177,1.240,1.420,1.350,1,0,0,0,0,18,312,0,79,0
06-05 22:22:07,19.344,4.522,63.560,12.059,0,5611484,180244,177228,2049072,3317.176,488.382,96.470,2484.114,4.020,265.294,6577,10251,1.220,1.410,1.350,3,0,0,0,0,18,312,0,81,0
06-05 22:22:08,20.225,3.745,65.420,8.490,0,5611580,179992,177228,2049228,8872.097,485.403,0,3259.994,0,342.579,7574,12155,1.220,1.410,1.350,1,2,0,0,0,18,312,0,77,0
06-05 22:22:09,20.701,4.489,64.596,8.480,0,5612724,178512,177240,2049552,6398.756,538.717,31.924,1975.294,0.998,251.401,7630,11900,1.220,1.410,1.350,0,2,0.998,0,0,18,312,0,77,0
06-05 22:22:10,19.235,3.747,62.702,13.240,0,5613232,177760,177240,2049796,10452.036,3032.689,0,4632.470,0,372.716,6723,10323,1.220,1.410,1.350,3,0,0,0,0,18,312,0,78,0
06-05 22:22:11,6.518,2.006,59.417,29.583,0,5612968,177988,177248,2049824,8713.545,802.260,0,11532.486,0,1195.367,4216,6034,1.220,1.410,1.350,1,0,0,0,0,18,312,0,79,0
06-05 22:22:12,3.994,1.248,87.615,5.991,0,5612900,177988,177268,2049872,11926.577,3005.358,0,1014.433,0,80.875,2019,2913,1.120,1.390,1.340,1,0,0,0,0,18,311,0,74,0
06-05 22:22:13,9.994,1.249,80.952,6.746,0,5612808,177988,177284,2049948,11435.235,3202.106,0,1966.836,0,155.908,3639,5367,1.120,1.390,1.340,0,0,0,0,0,18,311,0,76,0
06-05 22:22:14,7.252,1.500,86.276,3.251,0,5613136,177484,177284,2050124,10945.295,2697.812,0,1076.324,0,107.032,2682,3894,1.120,1.390,1.340,0,0,0,0,0,18,311,0,77,0
06-05 22:22:15,9.249,1.750,83.238,5.249,0,5613564,176980,177284,2050200,10287.485,3215.526,0,1395.794,0,149.978,3322,4876,1.120,1.390,1.340,0,0,0,0,0,18,311,0,78,0
06-05 22:22:16,6.254,1.251,89.306,1.751,0,5613520,176980,177288,2050240,12241.692,2884.813,0,964.606,0,89.056,2244,3187,1.120,1.390,1.340,1,0,0,0,0,18,311,0,72,0
06-05 22:22:17,5.745,1.249,89.914,2.248,0,5613520,176980,177288,2050240,7268.059,485.536,0,999.046,0,85.918,2102,3078,1.030,1.360,1.340,2,1,0,0,0,18,312,0,73,0
06-05 22:22:18,5.500,1.250,86.757,4.750,0,5613312,176980,177292,2050444,11116.897,3204.259,0,2092.169,0,165.013,2621,3873,1.030,1.360,1.340,0,1,0,0,0,18,311,0,73,0
06-05 22:22:19,8.002,2.000,79.268,9.752,0,5613228,176980,177336,2050484,9486.207,2697.628,0,4553.060,0,302.070,3052,4546,1.030,1.360,1.340,0,0,1.000,0,0,18,311,0,73,0
06-05 22:22:20,9.001,1.750,83.510,4.250,0,5614116,175972,177376,2050564,11506.350,3149.370,0,1196.140,0,144.017,3128,4382,1.030,1.360,1.340,1,0,0,0,0,18,311,0,70,0
06-05 22:22:21,7.498,1.750,87.481,2.499,0,5614316,175720,177388,2050604,9935.868,2750.410,0,1967.578,0,118.974,2881,4129,1.030,1.360,1.340,0,0,0,0,0,18,311,0,72,0
06-05 22:22:22,7.278,1.757,87.081,3.011,0,5614088,175720,177400,2050820,5595.256,487.853,0,927.524,0,86.328,2737,3853,0.950,1.340,1.330,1,0,0,0,0,18,312,0,72,0
06-05 22:22:23,4.732,1.245,90.166,2.740,0,5614032,175720,177420,2050856,12609.298,2687.048,0,1291.218,0,150.443,2115,3216,0.950,1.340,1.330,0,0,0,0,0,18,311,0,72,0
06-05 22:22:24,12.028,1.504,80.689,5.012,0,5614212,175468,177444,2050904,27028.335,11584.145,0,982.302,0,98.230,3099,4095,0.950,1.340,1.330,0,0,0,0,0,18,312,0,66,0
06-05 22:22:25,17.964,3.493,68.364,6.986,0,5610216,179168,177496,2051144,8291.498,766.475,0,2742.542,0,293.416,6989,11266,0.950,1.340,1.330,1,2,2.994,0,0,18,312,0,66,0
06-05 22:22:26,22.549,4.009,63.136,8.268,0,5611412,177792,177540,2051296,9716.960,487.051,0,2653.724,0,290.627,7771,11596,0.950,1.340,1.330,3,2,0,0,0,18,312,0,66,0
06-05 22:22:27,18.209,3.243,63.108,13.470,0,5612420,176532,177548,2051540,5885.784,538.790,0,2003.501,0,206.536,5695,8779,1.040,1.350,1.330,2,1,0,0,0,18,312,0,67,0
06-05 22:22:28,6.000,2.250,73.503,16.001,0,5612576,176292,177568,2051604,7145.254,486.017,16.001,6064.215,1.000,386.014,3201,5049,1.040,1.350,1.330,0,0,1.000,0,0,18,311,0,64,0
06-05 22:22:29,13.739,3.747,69.943,11.241,0,5617028,171528,177584,2051900,5644.414,485.605,0,2497.971,0,263.786,5153,8023,1.040,1.350,1.330,0,0,3.997,0,0,18,311,0,66,0
06-05 22:22:30,8.521,1.253,86.965,2.256,0,5616980,171528,177592,2051940,3681.081,541.335,0,898.216,0,79.195,2579,3488,1.040,1.350,1.330,1,0,1.002,0,0,18,312,0,71,0
06-05 22:22:31,20.978,4.495,61.187,10.989,0,5616588,171528,177684,2052240,8661.064,485.499,0,2629.287,0,322.667,7735,11881,1.040,1.350,1.330,2,1,0.999,0,0,18,312,0,72,0
06-05 22:22:32,14.531,3.257,58.122,22.046,0,5616972,171052,177696,2052320,5019.558,541.138,0,8028.888,0,890.874,5948,8604,1.190,1.380,1.340,1,0,0,0,0,18,312,0,62,0
06-05 22:22:33,21.034,4.006,66.607,7.011,0,5616928,170800,177712,2052600,4197.750,486.783,0,2736.400,0,220.354,6852,10272,1.190,1.380,1.340,1,1,0,0,0,18,312,0,64,0
06-05 22:22:34,21.430,4.236,59.555,12.708,0,5618004,169540,177788,2052708,7262.237,484.415,0,6458.866,0,504.350,7805,12256,1.190,1.380,1.340,1,1,0,0,0,18,312,0,65,0
06-05 22:22:35,22.540,5.259,63.112,7.764,0,5617624,169540,177860,2053016,5289.376,540.959,0,3381.995,0,299.531,7646,11871,1.190,1.380,1.340,1,3,0,0,0,18,312,0,65,0
06-05 22:22:36,15.204,2.243,78.011,2.492,0,5617900,169036,177880,2053224,27257.634,9766.131,0,1096.646,0,85.738,4556,6177,1.190,1.380,1.340,1,0,1.994,0,0,18,312,0,57,0
06-05 22:22:37,8.540,4.772,62.792,23.359,0,5617128,162448,177904,2060560,8243.310,488.269,24.112,5469.419,5.023,682.170,4202,4727,1.100,1.360,1.340,1,5,2.009,0,0,18,312,0,57,0
06-05 22:22:38,21.689,4.487,53.599,18.199,0,5617188,162064,177976,2060812,3607.860,538.487,0,5229.303,0,487.629,7535,12057,1.100,1.360,1.340,2,0,0,0,0,18,312,0,58,0
06-05 22:22:39,24.483,4.247,66.204,3.248,0,5618856,160052,177996,2061136,10443.707,625.563,0,2254.426,0,215.849,7802,12351,1.100,1.360,1.340,3,0,0.999,0,0,18,313,0,60,0
06-05 22:22:40,20.233,3.747,64.195,9.991,0,5618796,159800,178032,2061412,29311.059,9449.959,0,1978.317,0,268.771,6765,10669,1.100,1.360,1.340,4,1,0,0,0,18,312,0,51,0
06-05 22:22:41,17.744,3.999,56.730,18.743,0,5618772,159548,178092,2061628,10126.418,539.809,0,9720.562,0,680.759,7146,11647,1.100,1.360,1.340,2,1,0,0,0,18,312,0,51,0
06-05 22:22:42,23.016,3.252,66.295,5.254,0,5619404,158792,178104,2061740,5915.055,486.333,0,2201.509,0,210.144,6679,10132,1.250,1.380,1.350,2,1,0,0,0,18,312,0,51,0
06-05 22:22:43,22.757,4.251,64.521,7.002,0,5620596,157280,178124,2062040,7583.462,486.158,0,1832.595,0,178.058,7473,11057,1.250,1.380,1.350,5,0,0,0,0,18,311,0,55,0
06-05 22:22:44,17.293,3.007,69.423,8.772,0,5620936,156524,178144,2062436,12583.361,3276.165,0,3107.745,0,283.707,5427,8216,1.250,1.380,1.350,0,2,0,0,0,18,311,0,48,0
06-05 22:22:45,5.979,1.495,86.194,4.484,0,5620884,156524,178152,2062480,7179.481,2514.064,0,1235.608,0,106.621,2498,3682,1.250,1.380,1.350,0,1,0,0,0,18,312,0,48,0
06-05 22:22:46,12.514,2.503,70.330,13.265,0.250,5621096,156272,178172,2062500,24661.158,9717.095,0,6207.087,0,405.463,3864,5705,1.250,1.380,1.350,4,0,1.001,0,0,18,312,0,48,0
06-05 22:22:47,7.990,0.749,85.895,3.246,0,5621348,155768,178184,2062740,12225.073,3265.013,0,1386.307,0,155.810,3097,4888,1.150,1.360,1.340,1,0,0,0,0,18,311,0,49,0
06-05 22:22:48,10.251,2.500,79.004,8.000,0,5621748,155264,178188,2062840,7950.447,486.027,16.001,1468.083,1.000,167.009,3915,5975,1.150,1.360,1.340,0,0,0,0,0,18,312,0,49,0
06-05 22:22:49,13.998,2.000,74.237,7.499,0,5622160,154760,178192,2062928,28620.898,11566.938,0,1279.772,0,171.969,4013,5731,1.150,1.360,1.340,0,1,1.000,0,0,18,312,0,46,0
06-05 22:22:50,11.758,2.252,74.052,10.007,0,5621964,154760,178192,2063124,9415.576,780.545,0,2297.605,0,252.176,4788,7348,1.150,1.360,1.340,0,2,0,0,0,18,312,0,47,0
06-05 22:22:51,21.493,4.499,61.981,10.747,0,5622052,154508,178196,2063284,7430.725,485.851,0,2887.116,0,358.890,7297,11680,1.150,1.360,1.340,0,2,0,0,0,18,312,0,47,0
06-05 22:22:52,17.249,4.500,51.747,23.749,0,5622316,154004,178200,2063520,5429.668,539.967,0,8163.501,0,583.964,7220,11589,1.460,1.420,1.360,1,1,0,0,0,18,312,0,47,0
06-05 22:22:53,19.285,4.508,68.376,8.015,0,5623192,152996,178212,2063640,5193.540,540.994,0,9228.952,0,160.294,7209,11263,1.460,1.420,1.360,1,0,0,0,0,18,312,0,47,0
06-05 22:22:54,13.225,2.994,73.861,7.236,0,5624432,151484,178236,2063888,21130.362,3210.977,0,2694.945,0,272.489,5191,7827,1.460,1.420,1.360,0,2,0,0,0,18,311,0,48,0
06-05 22:22:55,12.294,3.011,78.534,5.771,0,5621256,182928,176700,2037156,8411.371,529.913,60.217,1637.914,4.014,149.540,3926,5788,1.460,1.420,1.360,1,0,0,0,0,18,312,0,48,0
06-05 22:22:56,9.471,1.495,83.740,3.489,0,5617672,186304,176736,2037328,30917.941,11854.170,0,1367.751,0,125.610,3024,4192,1.460,1.420,1.360,0,0,0,0,0,18,311,0,48,0
06-05 22:22:57,19.588,4.018,65.797,8.790,0,5617824,186052,176772,2037392,11085.009,488.202,0,2218.006,0,303.369,7049,10559,1.420,1.410,1.360,0,4,0,0,0,18,312,0,44,0
06-05 22:22:58,19.160,3.981,60.216,15.676,0,5617496,186056,176792,2037696,8858.195,483.717,0,5685.169,0,551.398,7079,10958,1.420,1.410,1.360,2,1,0,0,0,18,312,0,45,0
06-05 22:22:59,21.496,4.999,58.988,12.248,0,5617468,185808,176804,2037960,8787.267,539.894,0,8138.395,0,559.890,8119,12575,1.420,1.410,1.360,0,4,1.000,0,0,18,312,0,46,0
06-05 22:23:00,8.002,1.500,83.768,6.501,0,5617560,185556,176808,2038116,14388.030,3269.688,0,1800.379,0,154.032,2821,4519,1.420,1.410,1.360,0,1,0,0,0,18,311,0,47,0
06-05 22:23:01,14.501,1.250,78.755,3.250,0,5618320,184548,176820,2038352,36563.242,16725.026,0,1060.065,0,103.006,3458,4462,1.420,1.410,1.360,2,0,0,0,0,18,312,0,45,0
06-05 22:23:02,12.751,1.500,83.504,2.000,0,5618284,184548,176828,2038380,46297.155,20557.957,0,888.041,0,79.004,2781,3442,1.470,1.420,1.360,0,0,0,0,0,18,312,0,45,0
06-05 22:23:03,17.314,4.015,74.025,3.262,0,5644616,186780,175556,2011088,31770.039,14204.777,0,726.700,0,65.242,3825,15292,1.470,1.420,1.360,0,1,42.157,0,0,18,312,0,47,0
06-05 22:23:04,10.707,1.245,83.417,2.490,0,5643752,187408,175560,2011320,40264.410,17553.988,0,713.156,0,64.742,2432,2888,1.470,1.420,1.360,0,0,0,0,0,18,312,0,47,0
06-05 22:23:05,11.513,1.251,84.345,1.251,0,5644008,186904,175564,2011564,24957.108,7899.897,0,664.749,0,59.067,2797,3352,1.470,1.420,1.360,2,0,0,0,0,18,312,0,46,0
06-05 22:23:06,9.019,1.503,85.680,2.505,0,5643960,186904,175584,2011592,32223.846,11880.013,0,789.663,0,84.177,2733,3666,1.470,1.420,1.360,3,0,0,0,0,18,311,0,46,0
06-05 22:23:07,20.917,3.735,64.743,8.217,0,5643888,186652,175612,2011884,8031.089,484.077,0,2772.982,0,308.773,7081,11173,1.430,1.410,1.360,2,1,0,0,0,18,312,0,46,0
06-05 22:23:08,17.261,3.502,58.539,18.012,0,5642660,187716,175688,2011972,5363.530,486.320,0,8645.691,0,536.353,6824,10920,1.430,1.410,1.360,0,2,0,0,0,18,312,0,48,0
06-05 22:23:09,17.802,4.262,62.182,14.543,0,5642668,187440,175700,2012228,5595.400,487.429,0,5664.603,0,489.435,6620,9519,1.430,1.410,1.360,3,1,1.003,0,0,18,312,0,44,0
06-05 22:23:10,12.957,2.492,74.754,7.974,0,5641132,188724,175708,2012472,14917.832,3219.389,0,2475.840,0,242.202,4608,7187,1.430,1.410,1.360,0,1,0,0,0,18,311,0,46,0
06-05 22:23:11,12.251,1.250,80.005,5.500,0,5641084,188724,175712,2012516,10762.701,4157.271,0,1976.129,0,182.012,3153,4443,1.430,1.410,1.360,1,0,0,0,0,18,312,0,47,0
06-05 22:23:12,9.792,1.507,85.369,1.758,0,5641304,188472,175712,2012548,24509.936,7932.285,0,1104.775,0,98.425,2828,3902,1.320,1.390,1.350,1,0,0,0,0,18,312,0,47,0
06-05 22:23:13,8.962,1.743,85.634,2.489,0,5640812,188792,175712,2012720,23731.446,9796.080,0,1174.972,0,107.540,2614,3540,1.320,1.390,1.350,1,0,0,0,0,18,312,0,43,0
06-05 22:23:14,19.270,3.754,66.069,9.260,0,5640636,188792,175772,2012836,8422.766,540.563,0,2983.105,0,292.304,6675,10313,1.320,1.390,1.350,2,1,0,0,0,18,312,0,45,0
06-05 22:23:15,19.321,4.266,64.488,10.037,0,5640740,188540,175788,2012968,6146.722,487.803,0,2858.567,0,272.005,6679,10550,1.320,1.390,1.350,3,1,0,0,0,18,312,0,47,0
06-05 22:23:16,19.675,3.985,60.271,13.698,0,5640468,188540,175796,2013232,5533.967,484.160,0,7077.102,0,454.273,6938,10751,1.320,1.390,1.350,2,0,0,0,0,18,313,0,48,0
06-05 22:23:17,10.024,2.506,79.188,6.014,0,5640452,188288,175840,2013520,9158.751,3219.646,0,2217.266,0,223.531,3974,6083,1.210,1.370,1.340,0,0,0,0,0,18,311,0,46,0
06-05 22:23:18,11.465,1.495,82.498,2.991,0,5640632,188036,175852,2013580,22181.284,7397.417,0,1236.226,0,117.641,3380,4613,1.210,1.370,1.340,1,0,0,0,0,18,312,0,46,0
06-05 22:23:19,13.258,3.002,78.045,4.252,0,5640784,187788,175872,2013656,13698.982,5075.957,0,1833.068,0,162.094,4630,6846,1.210,1.370,1.340,2,2,1.001,0,0,18,312,0,46,0
06-05 22:23:20,22.593,3.514,63.009,8.786,0,5640516,187788,175952,2013844,7442.576,488.005,32.132,3554.603,1.004,412.695,7744,12328,1.210,1.370,1.340,4,0,0,0,0,18,312,0,46,0
06-05 22:23:21,18.672,4.232,63.236,11.701,0,5640544,187284,175976,2014296,5491.088,525.806,0,5971.085,0,398.338,7074,10918,1.210,1.370,1.340,2,0,0,0,0,18,313,0,43,0
06-05 22:23:22,21.237,4.747,63.712,8.495,0,5640328,187284,176020,2014468,8345.018,485.710,0,3326.014,0,342.795,7617,11876,1.190,1.360,1.340,2,0,0,0,0,18,312,0,43,0
06-05 22:23:23,20.581,4.518,65.006,8.534,0,5640272,187032,176080,2014716,8548.708,487.924,0,2754.863,0,303.196,6853,11186,1.190,1.360,1.340,1,0,0,0,0,18,312,0,44,0
06-05 22:23:24,19.923,4.483,66.243,7.969,0,5639976,187032,176108,2014984,3070.093,484.122,0,1677.494,0,199.227,6818,10241,1.190,1.360,1.340,0,3,0,0,0,18,312,0,44,0
06-05 22:23:25,7.250,1.500,70.754,18.501,0,5639868,187032,176140,2015060,7377.450,3226.197,0,6996.427,0,440.027,3252,5097,1.190,1.360,1.340,0,1,0,0,0,18,311,0,45,0
06-05 22:23:26,8.752,2.000,74.514,12.502,0,5639780,187032,176172,2015116,14248.603,3166.579,0,6005.097,0,424.077,3543,5414,1.190,1.360,1.340,0,0,0,0,0,18,311,0,46,0
06-05 22:23:27,10.290,2.259,81.313,4.517,0,5639608,187032,176176,2015284,11465.192,2707.436,0,1485.727,0,157.607,3623,5198,1.100,1.340,1.330,1,0,1.004,0,0,18,313,0,47,0
06-05 22:23:28,4.981,1.494,85.420,7.222,0,5639776,186792,176180,2015352,6273.733,484.127,0,796.918,0,71.723,2339,3369,1.100,1.340,1.330,5,0,0.996,0,0,18,314,0,47,0
06-05 22:23:29,10.752,2.750,81.262,3.250,0,5642452,184020,176188,2015440,31703.596,11876.722,0,1364.198,0,120.017,3325,4574,1.100,1.340,1.330,1,0,4.001,0,0,18,313,0,42,0
06-05 22:23:30,19.474,3.995,63.664,11.485,0,5642188,184020,176228,2015664,6290.528,485.346,0,1665.757,0,227.693,6434,10085,1.100,1.340,1.330,1,1,1.997,0,0,18,314,0,43,0
06-05 22:23:31,19.004,3.501,60.011,14.753,0,5642032,184020,176264,2015784,7090.338,486.092,0,5581.054,0,582.110,6704,10295,1.100,1.340,1.330,1,1,1.000,0,0,18,314,0,44,0
06-05 22:23:32,21.064,4.263,64.697,8.275,0,5642480,183264,176280,2016076,4458.610,487.488,0,2912.892,0,239.732,7326,11516,1.090,1.330,1.330,2,2,0,0,0,18,314,0,45,0
06-05 22:23:33,16.720,3.494,60.390,17.219,0,5642924,182508,176336,2016332,5717.601,3075.407,15.971,5282.393,0.998,393.285,5713,8947,1.090,1.330,1.330,0,1,0,0,0,18,314,0,47,0
06-05 22:23:34,7.022,1.505,85.521,5.016,0,5642868,182508,176360,2016360,11299.787,662.097,0,3362.650,0,142.451,2714,3979,1.090,1.330,1.330,2,1,0,0,0,18,313,0,40,0
06-05 22:23:35,6.965,1.492,88.053,1.741,0,5642780,182508,176376,2016432,21734.650,6881.064,31.838,1078.524,0.995,103.475,2504,3584,1.090,1.330,1.330,2,0,0,0,0,18,315,0,40,0
06-05 22:23:36,27.157,4.778,56.829,10.561,0,5643164,181752,176492,2016688,38302.638,14442.572,16.093,2470.294,1.006,289.676,7902,11815,1.090,1.330,1.330,2,2,2.012,0,0,18,314,0,42,0
06-05 22:23:37,17.710,3.492,62.610,14.218,0.249,5643204,181500,176544,2016848,7047.256,484.917,0,2857.616,0,337.247,6531,10322,1.080,1.330,1.330,0,1,0,0,0,18,314,0,42,0
06-05 22:23:38,20.472,3.495,63.413,10.236,0,5642808,181500,176592,2017196,9339.254,539.264,0,3499.224,0,308.579,6741,10501,1.080,1.330,1.330,2,1,0,0,0,18,314,0,39,0
06-05 22:23:39,19.245,3.749,60.485,14.246,0,5642780,181248,176616,2017452,8723.822,625.844,31.992,5862.536,1.000,389.903,6564,10080,1.080,1.330,1.330,1,2,1.000,0,0,18,315,0,40,0
06-05 22:23:40,11.245,1.499,76.469,9.496,0,5642924,180996,176632,2017544,30241.559,12146.003,0,1795.261,0,156.935,3130,4454,1.080,1.330,1.330,0,0,0,0,0,18,313,0,41,0
06-05 22:23:41,11.495,1.499,78.468,7.247,0,5642984,180744,176648,2017720,27806.816,9528.168,0,5337.853,0,432.826,3191,4014,1.080,1.330,1.330,2,0,0,0,0,18,313,0,42,0
06-05 22:23:42,10.249,1.500,81.741,4.500,0,5642904,180744,176672,2017776,17650.102,5063.456,0,1043.888,0,111.988,3054,4266,1.080,1.320,1.330,1,1,0,0,0,18,314,0,42,0
06-05 22:23:43,15.026,1.753,80.638,2.003,0,5643320,180240,176688,2017848,17940.632,7375.593,0,1827.120,0,158.270,3630,5006,1.080,1.320,1.330,2,0,0,0,0,18,314,0,42,0
06-05 22:23:44,19.226,3.995,65.668,8.989,0,5643244,179988,176724,2018140,9249.520,485.398,0,2988.291,0,314.610,6953,10855,1.080,1.320,1.330,2,0,0,0,0,18,314,0,44,0
06-05 22:23:45,21.326,4.265,64.229,8.530,0,5643336,179736,176764,2018260,6016.481,487.741,0,2396.557,0,287.025,7353,11279,1.080,1.320,1.330,6,0,0,0,0,18,314,0,44,0
06-05 22:23:46,18.460,4.740,63.113,11.226,0,5643288,179484,176788,2018536,7838.032,484.950,0,8365.889,0,497.922,7207,10964,1.080,1.320,1.330,1,0,0,0,0,18,315,0,40,0
06-05 22:23:47,20.281,4.256,65.850,8.012,0,5644552,177972,176816,2018756,7716.752,528.805,0,2551.886,0,278.424,6821,10909,1.070,1.320,1.330,3,2,0,0,0,18,314,0,44,0
06-05 22:23:48,21.439,4.487,62.821,9.224,0,5644296,177972,176848,2018980,4337.640,484.619,0,2855.862,0,311.114,7297,11650,1.070,1.320,1.330,1,1,0,0,0,18,314,0,46,0
06-05 22:23:49,24.099,4.267,65.267,5.021,0,5645840,175956,176868,2019432,6930.396,487.999,0,3679.074,0,231.950,7292,11335,1.070,1.320,1.330,4,1,1.004,0,0,18,314,0,51,0
06-05 22:23:50,19.902,3.980,64.433,9.205,0,5645580,175956,176924,2019636,7599.642,483.623,0,2722.616,0,312.464,7454,11532,1.070,1.320,1.330,1,1,0,0,0,18,314,0,50,0
06-05 22:23:51,21.546,4.009,60.379,12.276,0,5646240,174948,177008,2019900,5785.397,487.044,0,7015.032,0,517.108,7704,12004,1.070,1.320,1.330,4,2,0,0,0,18,314,0,52,0
06-05 22:23:52,22.221,4.744,63.666,7.989,0,5646688,174192,177032,2020184,7355.254,485.357,0,2908.146,0,252.665,7235,11146,1.060,1.310,1.320,0,3,0,0,0,18,314,0,53,0
06-05 22:23:53,21.277,3.755,63.580,8.511,0,5646544,174192,177080,2020280,8280.419,486.612,0,3584.510,0,418.527,7775,12560,1.060,1.310,1.320,1,0,0,0,0,18,314,0,53,0
06-05 22:23:54,21.500,4.250,65.499,7.750,0,5646952,173436,177108,2020600,8759.817,485.990,0,2007.958,0,191.996,6993,10465,1.060,1.310,1.320,1,1,0,0,0,18,314,0,53,0
06-05 22:23:55,18.227,2.996,68.415,8.489,0,5647704,172428,177140,2020824,11357.860,3209.005,0,2908.379,0,272.661,5456,8429,1.060,1.310,1.320,2,1,0,0,0,18,313,0,56,0
06-05 22:23:56,8.493,1.998,84.429,3.747,0,5647884,172176,177140,2020896,5166.676,579.515,0,1546.705,0,153.871,2871,4155,1.060,1.310,1.320,1,2,0,0,0,18,313,0,57,0
06-05 22:23:57,6.007,1.752,78.841,11.263,0,5644528,174672,177152,2021744,12677.713,3216.733,0,10151.781,0,603.701,3846,5953,1.060,1.300,1.320,1,0,0,0,0,18,314,0,57,0
06-05 22:23:58,11.494,2.749,76.460,8.496,0,5645420,173412,177176,2022088,11590.961,3211.327,0,1467.236,0,182.905,3970,5837,1.060,1.300,1.320,0,2,0,0,0,18,313,0,59,0
06-05 22:23:59,11.501,2.750,75.256,8.501,0,5645828,172912,177184,2022172,10385.801,2966.229,0,2432.188,0,175.013,3831,5686,1.060,1.300,1.320,0,0,1.000,0,0,18,314,0,60,0
06-05 22:24:00,7.007,1.251,86.083,4.504,0,5646408,172156,177192,2022340,6907.675,660.638,0,664.642,0,69.067,2357,3202,1.060,1.300,1.320,0,8,0,0,0,18,313,0,61,1
06-05 22:24:01,15.984,2.248,75.173,5.744,0,5647304,171148,177216,2022428,54845.163,23306.272,0,2033.929,0,197.799,3987,5743,1.060,1.300,1.320,0,1,0,0,0,18,313,0,62,0
06-05 22:24:02,12.721,1.746,78.074,6.485,0,5647464,170924,177220,2022488,29791.727,11477.083,0,4390.087,0,383.135,3422,4299,0.970,1.280,1.310,0,0,0,0,0,18,314,0,61,0
06-05 22:24:03,14.782,4.760,74.412,4.259,0,5657260,189244,176204,1995400,14661.956,6622.434,0,1880.098,0,164.358,4436,13707,0.970,1.280,1.310,1,0,42.092,0,0,18,314,0,62,0
06-05 22:24:04,13.748,3.499,69.987,10.998,0,5657316,188988,176216,1995588,17440.860,5859.945,0,5431.022,0,371.933,4929,7683,0.970,1.280,1.310,0,1,0,0,0,18,314,0,62,0
06-05 22:24:05,22.031,4.006,63.589,8.011,0,5657104,188988,176284,1995732,8208.435,486.678,0,2944.101,0,363.506,7693,12018,0.970,1.280,1.310,1,0,0,0,0,18,314,0,63,0
06-05 22:24:06,19.057,4.764,65.949,9.027,0,5657608,188232,176304,1995964,6481.545,487.470,0,2331.029,0,244.738,6964,10566,0.970,1.280,1.310,2,1,0,0,0,18,314,0,60,0
06-05 22:24:07,23.967,4.244,65.660,4.244,0,5658052,187476,176324,1996256,6994.456,539.264,0,2500.588,0,249.659,7779,11994,0.970,1.280,1.310,3,2,0,0,0,18,314,0,61,0
06-05 22:24:08,21.697,3.741,63.096,9.726,0,5657868,187476,176336,1996428,5708.111,484.820,0,2234.563,0,257.374,6776,10398,0.970,1.280,1.310,1,1,0,0,0,18,314,0,62,0
06-05 22:24:09,11.246,2.249,77.470,6.248,0,5657848,187224,176384,1996652,14929.164,3211.744,0,2463.037,0,245.904,4283,6540,0.970,1.280,1.310,0,2,1.000,0,0,18,313,0,64,0
06-05 22:24:10,7.749,2.500,68.242,18.998,0,5657740,187224,176432,1996712,11819.588,3218.616,0,7287.130,0,488.942,3762,5943,0.970,1.280,1.310,0,1,1.000,0,0,18,313,0,60,0
06-05 22:24:11,9.009,1.752,85.089,3.504,0,5657688,187224,176436,1996760,3112.260,486.510,0,1337.401,0,121.127,3184,4544,0.970,1.280,1.310,2,0,0,0,0,18,314,0,62,0
06-05 22:24:12,7.267,1.504,84.451,5.263,0,5657700,187000,176444,1996964,7444.695,2703.426,0,2305.480,0,230.548,3236,4901,1.220,1.320,1.330,0,2,0,0,0,18,313,0,62,0
06-05 22:24:13,10.471,1.496,76.535,9.723,0,5657648,187000,176456,1997004,23770.371,8575.961,0,4180.283,0,377.941,3316,4391,1.220,1.320,1.330,0,1,0,0,0,18,314,0,62,0
06-05 22:24:14,16.998,3.749,68.490,8.749,0,5659280,185236,176488,1997104,14090.994,3628.484,0,1975.719,0,217.969,5635,8508,1.220,1.320,1.330,0,1,0,0,0,18,314,0,62,0
06-05 22:24:15,21.006,4.501,63.268,8.753,0,5659956,184284,176516,1997352,6823.977,486.141,0,4089.185,0,461.134,7653,11238,1.220,1.320,1.330,1,2,2.001,0,0,18,314,0,61,0
06-05 22:24:16,21.512,4.002,64.535,7.254,0.250,5660388,183528,176532,1997660,9177.032,486.267,0,2737.501,0,291.160,7245,11558,1.220,1.320,1.330,1,1,0,0,0,18,313,0,62,1
06-05 22:24:17,17.490,3.998,72.458,4.497,0,5661372,182268,176572,1997896,11877.106,3207.138,0,3058.225,0,275.840,6222,9292,1.280,1.330,1.330,1,1,0,0,0,18,313,0,64,0
06-05 22:24:18,9.489,1.998,73.663,12.485,0,5661484,182016,176632,1997976,13550.908,4744.366,0,6152.693,0,418.503,3864,5897,1.280,1.330,1.330,0,2,0,0,0,18,314,0,64,0
06-05 22:24:19,8.744,1.749,83.444,4.247,0,5661436,182016,176656,1998000,22232.187,7737.845,0,2522.319,0,172.885,3446,5034,1.280,1.330,1.330,2,1,0.999,0,0,18,314,0,60,0
06-05 22:24:20,20.322,4.014,63.474,10.035,0,5661108,182016,176696,1998288,9366.988,487.718,0,4387.451,0,362.276,7157,11132,1.280,1.330,1.330,2,1,0,0,0,18,314,0,60,0
06-05 22:24:21,22.189,4.737,66.319,5.984,0,5661456,181260,176728,1998664,5681.495,526.563,0,2445.327,0,245.330,7039,10693,1.280,1.330,1.330,1,1,0,0,0,18,314,0,60,0
06-05 22:24:22,7.503,2.001,83.534,5.502,0,5661372,181260,176736,1998740,7834.178,3210.302,0,2060.836,0,180.073,3094,4642,1.260,1.330,1.330,0,0,0,0,0,18,313,0,61,0
06-05 22:24:23,7.998,1.500,81.982,6.748,0,5661308,181260,176748,1998792,13611.948,3215.279,0,1627.635,0,153.965,2974,4260,1.260,1.330,1.330,2,1,0,0,0,18,313,0,61,0
06-05 22:24:24,7.237,0.998,84.598,4.991,0,5661372,181008,176760,1998968,12094.311,3144.361,0,1517.279,0,145.739,2650,3909,1.260,1.330,1.330,0,1,0.998,0,0,18,313,0,61,0
06-05 22:24:25,8.556,1.510,79.775,9.060,0,5661572,180756,176760,1999020,12984.397,2855.782,0,1356.924,0,135.894,2725,3998,1.260,1.330,1.330,1,1,0,0,0,18,314,0,62,0
06-05 22:24:26,5.475,1.742,79.385,11.199,0,5661548,180756,176760,1999044,14763.141,4572.980,0,6860.466,0,417.083,2813,4591,1.260,1.330,1.330,0,0,0,0,0,18,314,0,62,0
06-05 22:24:27,12.004,2.251,79.275,5.502,0,5661452,180756,176768,1999132,25470.015,9709.055,0,1100.346,0,139.044,3510,4757,1.320,1.340,1.330,1,3,0,0,0,18,314,0,59,0
06-05 22:24:28,8.498,1.999,80.227,7.498,0,5661504,180504,176776,1999324,12072.521,3208.075,0,1923.446,0,207.940,3438,5178,1.320,1.340,1.330,1,1,0,0,0,18,313,0,60,0
06-05 22:24:29,8.003,2.251,85.785,2.001,0,5665928,175984,176788,1999408,10879.434,3151.284,0,1352.551,0,138.056,3005,4264,1.320,1.340,1.330,0,0,4.002,0,0,18,313,0,61,0
06-05 22:24:30,12.010,2.752,80.819,3.753,0,5666088,175732,176812,1999476,11555.811,3119.649,0,1453.234,0,153.130,3554,5170,1.320,1.340,1.330,3,0,1.001,0,0,18,314,0,65,0
06-05 22:24:31,10.236,1.498,83.135,3.245,0,5666128,175480,176820,1999680,16104.640,4623.581,0,1362.109,0,134.813,3111,4440,1.320,1.340,1.330,0,0,1.997,0,0,18,315,0,63,0
06-05 22:24:32,9.255,1.501,85.542,2.251,0,5666316,175228,176820,1999744,35368.356,12197.986,32.016,792.389,2.001,54.027,2249,2717,1.210,1.320,1.330,1,0,2.001,0,0,18,314,0,63,0
06-05 22:24:33,4.000,0.250,93.757,0.750,0,5666304,175228,176820,1999756,12577.952,2892.219,0,1520.115,0,66.005,1446,1864,1.210,1.320,1.330,1,1,0,0,0,18,314,0,63,0
06-05 22:24:34,4.501,1.000,91.512,2.000,0,5666300,175228,176824,1999756,9888.323,2718.364,0,3824.512,0,198.026,1622,1995,1.210,1.320,1.330,1,0,0,0,0,18,314,0,63,0
06-05 22:24:35,6.746,0.999,90.945,0.250,0,5666272,175228,176836,1999772,25603.502,12033.716,0,475.712,0,28.982,1472,1780,1.210,1.320,1.330,2,0,0,0,0,18,316,0,58,0
06-05 22:24:36,11.249,1.250,85.743,1.250,0,5666348,174976,176844,1999940,37910.903,14258.835,0,879.928,0,80.993,2550,3118,1.210,1.320,1.330,0,0,2.000,0,0,18,314,0,58,0
06-05 22:24:37,5.501,0.750,89.009,3.000,0,5666304,174976,176864,1999964,12663.345,2647.281,0,964.102,0,102.011,2143,3056,1.110,1.300,1.320,1,0,0,0,0,18,314,0,59,0
06-05 22:24:38,15.502,2.250,75.010,5.751,0,5666212,174976,176908,2000012,48052.211,18630.408,0,1824.236,0,173.022,4029,5595,1.110,1.300,1.320,0,1,0,0,0,18,314,0,61,0
06-05 22:24:39,17.830,4.269,60.772,15.821,0,5666360,174476,176972,2000300,9292.635,869.898,0,7819.033,0,737.303,6397,9906,1.110,1.300,1.320,1,1,2.009,0,0,18,315,0,60,0
06-05 22:24:40,24.950,4.242,60.879,8.234,0,5666020,174476,177020,2000592,28437.559,9513.119,0,1948.133,0,221.560,7385,10582,1.110,1.300,1.320,1,2,0.998,0,0,18,314,0,61,0
06-05 22:24:41,6.254,1.251,86.800,3.752,0,5665968,174476,177044,2000620,10581.126,3070.778,0,2045.184,0,162.094,2616,3762,1.110,1.300,1.320,1,0,0,0,0,18,314,0,61,0
06-05 22:24:42,16.761,2.251,71.796,8.756,0,5666048,174224,177080,2000756,23862.324,7300.688,0,2169.393,0,234.150,4890,7041,1.100,1.290,1.320,1,2,0,0,0,18,314,0,62,0
06-05 22:24:43,14.967,3.243,71.842,6.985,0,5666164,173972,177120,2000852,13552.202,4922.177,0,2825.787,0,265.416,5516,8281,1.100,1.290,1.320,1,0,0,0,0,18,314,0,57,0
06-05 22:24:44,21.743,4.249,65.230,7.248,0,5666696,172964,177144,2001304,8645.345,485.851,0,2671.180,0,254.922,7556,11299,1.100,1.290,1.320,1,1,0,0,0,18,314,0,59,0
06-05 22:24:45,20.484,3.997,59.452,13.989,0,5667168,172208,177204,2001528,8926.846,3033.569,0,6618.696,0,482.613,7136,11013,1.100,1.290,1.320,0,2,0,0,0,18,314,0,60,0
06-05 22:24:46,6.504,1.251,89.059,2.001,0,5667080,172208,177216,2001604,13193.771,792.527,0,1476.982,0,130.086,2651,3803,1.100,1.290,1.320,0,0,1.001,0,0,18,314,0,60,0
06-05 22:24:47,8.983,1.996,80.095,6.737,0,5666920,172208,177256,2001724,8664.198,526.978,15.969,1948.222,0.998,183.644,3805,5695,1.100,1.290,1.310,3,1,0,0,0,18,314,0,53,0
06-05 22:24:48,15.507,2.251,74.284,6.753,0,5667016,171956,177272,2001864,32807.946,12078.503,16.007,1736.791,1.000,184.084,4244,5898,1.100,1.290,1.310,2,0,0,0,0,18,313,0,53,0
06-05 22:24:49,9.756,2.752,82.052,3.752,0,5667020,171704,177280,2002104,12715.048,3211.032,0,1785.130,0,192.122,3827,5619,1.100,1.290,1.310,0,1,1.001,0,0,18,313,0,54,0
06-05 22:24:50,10.250,1.750,82.754,4.250,0,5667200,171452,177284,2002172,9988.435,2697.118,0,2344.102,0,105.005,2936,4024,1.100,1.290,1.310,1,0,0,0,0,18,313,0,55,0
06-05 22:24:51,9.265,1.502,84.140,3.506,0,5667168,171452,177300,2002188,62838.334,9547.853,0,1069.776,0,98.163,3200,3707,1.100,1.290,1.310,2,0,0,0,0,18,314,0,45,0
06-05 22:24:52,22.462,4.742,61.396,9.983,0,5666804,171452,177344,2002508,9507.936,485.180,0,2947.021,0,361.389,7885,12708,1.090,1.280,1.310,1,1,0,0,0,18,314,0,45,0
06-05 22:24:53,17.801,4.513,53.903,21.060,0,5667156,170948,177396,2002608,3899.101,487.388,0,9631.421,0,693.976,7112,11827,1.090,1.280,1.310,1,0,0,0,0,18,314,0,45,0
06-05 22:24:54,21.925,3.986,67.767,5.232,0,5666864,170948,177412,2002884,23098.738,484.338,0,1694.187,0,194.333,7010,10295,1.090,1.280,1.310,3,2,0,0,0,18,314,0,45,0
06-05 22:24:55,16.322,4.018,64.536,13.309,0,5667324,170192,177440,2003152,6948.742,488.160,0,5419.979,0,375.662,6260,9121,1.090,1.280,1.310,1,2,0,0,0,18,314,0,40,0
06-05 22:24:56,6.225,1.743,84.158,6.225,0,5667252,170192,177468,2003196,15296.888,3294.622,0,2079.556,0,167.321,2781,4103,1.090,1.280,1.310,1,1,0,0,0,18,313,0,41,0
06-05 22:24:57,9.501,2.000,77.507,9.501,0,5667140,170192,177492,2003284,9483.847,486.043,0,1460.130,0,152.014,3735,5528,1.400,1.340,1.330,0,1,0,0,0,18,314,0,41,0
06-05 22:24:58,13.986,2.747,67.434,14.236,0,5667160,169940,177508,2003500,16927.442,6559.584,0,2765.295,0,271.734,4365,6333,1.400,1.340,1.330,2,1,0,0,0,18,314,0,41,0
06-05 22:24:59,13.253,2.250,69.765,12.253,0,5667012,169940,177560,2003596,23834.015,8350.757,0,6461.360,0,445.094,4455,6646,1.400,1.340,1.330,3,0,1.000,0,0,18,314,0,42,0
06-05 22:25:00,3.750,1.500,88.251,5.000,0,5666968,169940,177560,2003640,8227.123,714.011,0,3660.055,0,391.006,2119,2715,1.400,1.340,1.330,1,0,0,0,0,18,314,0,37,0
06-05 22:25:01,13.012,1.752,80.076,4.254,0,5666884,169940,177572,2003712,27564.116,11820.199,0,1393.320,0,136.129,3614,4971,1.400,1.340,1.330,0,0,0,0,0,18,313,0,38,0
06-05 22:25:02,15.721,3.743,69.870,7.985,0,5668392,168176,177588,2003952,6979.060,485.101,7.985,2227.869,0.998,223.585,5787,9079,1.370,1.340,1.330,1,3,2.994,0,0,18,314,0,38,0
06-05 22:25:03,23.656,7.046,55.867,12.079,0,5692972,170544,176868,1980320,5021.013,489.217,201.324,2693.711,12.079,334.197,7926,17818,1.370,1.340,1.330,3,2,68.450,0,0,18,314,0,38,0
06-05 22:25:04,23.701,11.476,54.387,8.482,0.249,5677160,185768,176900,1978392,7788.860,484.995,195.595,3692.349,9.979,313.351,9233,18204,1.370,1.340,1.330,1,1,306.365,0,0,18,314,0,36,0
06-05 22:25:05,19.502,4.500,61.505,12.001,0,5676896,185768,176916,1978640,6994.567,486.039,0,7100.576,0,489.040,7025,11141,1.370,1.340,1.330,3,0,0,0,0,18,313,0,38,0
06-05 22:25:06,6.231,1.496,88.736,2.742,0,5676836,185768,176928,1978688,7364.057,3203.455,0,1659.057,0,127.620,2366,3791,1.370,1.340,1.330,0,1,0,0,0,18,313,0,39,0
06-05 22:25:07,10.758,2.252,79.811,5.504,0,5676756,185768,176948,1978748,7399.630,486.370,0,1637.246,0,183.139,4037,6077,1.340,1.330,1.330,0,2,0,0,0,18,314,0,40,0
06-05 22:25:08,14.489,1.998,76.941,4.996,0,5676788,185516,176960,1978956,30598.700,11734.065,0,1810.621,0,195.851,4170,5947,1.340,1.330,1.330,0,0,0,0,0,18,313,0,39,0
06-05 22:25:09,10.998,2.000,77.736,7.499,0,5676644,185516,176972,1979088,12928.702,3213.429,15.997,1427.746,1.000,171.969,3961,6002,1.340,1.330,1.330,0,2,1.000,0,0,18,313,0,40,0
06-05 22:25:10,8.751,1.750,82.761,5.501,0,5676608,185516,176972,1979124,9584.294,2589.349,0,1488.201,0,122.016,2950,4311,1.340,1.330,1.330,0,2,0,0,0,18,314,0,41,0
06-05 22:25:11,10.048,1.507,84.401,2.763,0,5676404,185516,176976,1979324,28788.818,9884.978,0,1390.609,0,131.626,2948,4007,1.340,1.330,1.330,1,0,0,0,0,18,314,0,41,0
06-05 22:25:12,21.999,7.000,60.997,8.250,0,5677232,184256,177012,1979720,5268.742,485.976,43.998,3223.842,3.000,401.980,8780,14449,1.390,1.340,1.330,0,1,87.996,0,0,18,314,0,37,0
06-05 22:25:13,18.505,4.251,54.015,21.256,0,5677132,184256,177024,1979808,3639.028,486.137,0,10558.982,0,750.212,7535,12894,1.390,1.340,1.330,2,0,1.000,0,0,18,314,0,37,0
06-05 22:25:14,20.253,3.751,67.262,6.501,0,5677056,184004,177024,1980136,3611.618,486.083,16.003,2100.360,1.000,214.037,6658,10063,1.390,1.340,1.330,0,2,0,0,0,18,313,0,39,0
06-05 22:25:15,4.475,1.243,85.267,6.463,0,5676988,184004,177032,1980196,13309.651,3187.952,0,1650.655,0,133.246,2329,3473,1.390,1.340,1.330,1,1,0,0,0,18,314,0,39,0
06-05 22:25:16,11.495,2.499,76.215,6.997,0,5677284,183556,177072,1980308,20152.698,7870.367,0,7032.754,0,440.797,3772,5135,1.390,1.340,1.330,0,2,0,0,0,18,313,0,38,0
06-05 22:25:17,12.487,1.748,81.167,3.496,0,5676992,183556,177128,1980544,21865.747,7288.582,0,1618.353,0,168.828,3594,5114,1.440,1.350,1.340,2,0,0,0,0,18,314,0,38,0
06-05 22:25:18,10.517,1.753,81.385,4.257,0,5677196,183304,177140,1980580,23361.789,9526.818,0,1726.867,0,142.236,3444,4782,1.440,1.350,1.340,1,1,0,0,0,18,314,0,38,0
06-05 22:25:19,13.002,3.000,74.010,7.751,0,5677252,183052,177216,1980700,23443.047,7165.931,0,6724.874,0,449.058,4942,7647,1.440,1.350,1.340,1,3,1.000,0,0,18,314,0,38,0
06-05 22:25:20,19.073,4.015,62.741,12.799,0,5677580,182296,177272,1981072,7116.365,487.876,0,2814.824,0,244.942,6626,9822,1.440,1.350,1.340,1,0,0,0,0,18,314,0,38,0
06-05 22:25:21,10.959,1.993,78.953,6.227,0,5677476,182296,177296,1981152,7314.529,3243.817,0,1187.540,0,152.428,3833,5761,1.440,1.350,1.340,0,1,0,0,0,18,313,0,39,0
06-05 22:25:22,13.006,2.001,74.537,8.254,0,5677200,182296,177304,1981420,29143.522,11508.735,0,5482.732,0,572.285,3814,4928,1.410,1.350,1.330,0,0,0,0,0,18,314,0,39,0
06-05 22:25:23,12.018,3.004,78.116,6.009,0,5677272,182044,177324,1981580,9391.915,727.077,0,1682.493,0,161.239,4309,6866,1.410,1.350,1.330,1,2,0,0,0,18,314,0,39,0
06-05 22:25:24,20.947,4.738,64.835,6.733,0,5677300,181792,177344,1981784,5231.708,484.768,0,2816.844,0,289.265,7167,11072,1.410,1.350,1.330,3,3,0,0,0,18,313,0,40,0
06-05 22:25:25,7.751,1.750,82.515,7.001,0,5677076,181792,177368,1981984,12407.222,3204.574,0,1532.274,0,135.024,3598,5926,1.410,1.350,1.330,0,1,0,0,0,18,313,0,41,0
06-05 22:25:26,14.004,2.751,67.772,12.004,0,5677004,181540,177456,1982220,13532.333,3336.068,0,8094.592,0,554.177,5048,8038,1.410,1.350,1.330,0,0,0,0,0,18,313,0,43,0
06-05 22:25:27,9.752,1.750,83.515,4.251,0,5676916,181540,177488,1982276,15939.898,4816.876,0,988.180,0,123.022,3335,4729,1.450,1.360,1.340,0,1,0,0,0,18,314,0,44,0
06-05 22:25:28,11.253,2.000,82.520,3.001,0,5677124,181288,177500,1982308,24939.940,9584.283,0,1864.444,0,194.046,3386,4627,1.450,1.360,1.340,1,0,0,0,0,18,314,0,42,0
06-05 22:25:29,10.252,2.251,84.769,2.501,0,5677088,181288,177508,1982336,23772.334,9906.223,0,1276.286,0,115.026,2775,3845,1.450,1.360,1.340,0,1,2.000,0,0,18,314,0,42,0
06-05 22:25:30,23.842,4.266,63.746,6.776,0,5681748,176248,177536,1982688,7014.018,487.879,0,2059.935,0,267.029,7864,12554,1.450,1.360,1.340,1,1,3.012,0,0,18,313,0,42,0
06-05 22:25:31,26.242,5.748,54.733,11.746,0,5682192,175492,177572,1982964,7202.726,485.847,95.970,5766.180,5.998,441.861,8946,14238,1.450,1.360,1.340,1,1,1.000,0,0,18,314,0,44,0
06-05 22:25:32,14.684,3.235,71.427,7.964,0,5682748,174736,177604,1983132,8925.605,3194.542,0,1859.584,0,214.031,5470,8288,1.420,1.350,1.340,0,1,0.995,0,0,18,313,0,41,0
06-05 22:25:33,10.758,2.752,71.052,13.510,0,5682564,174736,177656,1983264,10820.933,3037.227,0,8149.975,0,495.363,4117,6365,1.420,1.350,1.340,0,0,0,0,0,18,314,0,43,0
06-05 22:25:34,6.771,1.505,89.532,1.505,0,5682372,174736,177664,1983448,8504.808,662.087,0,959.023,0,83.262,2225,3351,1.420,1.350,1.340,1,0,0,0,0,18,314,0,43,0
06-05 22:25:35,6.990,1.748,87.129,2.746,0.250,5682408,174484,177692,1983636,12573.473,3203.534,0,1338.135,0,151.788,2966,4524,1.420,1.350,1.340,1,0,0,0,0,18,313,0,44,0
06-05 22:25:36,27.419,2.742,67.052,0.748,0,5689400,167176,177692,1983952,25426.831,9503.904,0,618.173,0,36.891,4382,4628,1.420,1.350,1.340,1,0,1.994,0,0,18,314,0,46,0
06-05 22:25:37,18.776,2.754,75.356,2.504,0,5691540,164908,177708,1984064,26062.649,11519.198,0,2203.098,0,198.279,4306,5653,1.300,1.330,1.330,0,2,0,0,0,18,314,0,46,0
06-05 22:25:38,11.000,1.750,75.747,9.500,0,5691472,164908,177716,1984124,22088.026,7155.684,0,5931.738,0,438.981,3636,4759,1.300,1.330,1.330,0,0,0,0,0,18,314,0,46,0
06-05 22:25:39,11.499,1.750,82.989,2.250,0,5691288,164908,177716,1984308,24486.857,9703.755,0,1331.829,0,130.983,2991,4122,1.300,1.330,1.330,1,0,1.000,0,0,18,315,0,46,0
06-05 22:25:40,14.518,1.752,78.095,4.005,0,5691496,164656,177724,1984344,42555.917,16549.190,0,800.977,0,69.084,3629,4648,1.300,1.330,1.330,2,1,0,0,0,18,315,0,46,0
06-05 22:25:41,23.707,4.741,64.383,5.740,0,5691932,163900,177752,1984636,8494.612,485.121,0,3142.308,0,300.456,7758,12327,1.300,1.330,1.330,1,1,0.998,0,0,18,314,0,43,0
06-05 22:25:42,10.754,3.251,70.523,13.755,0,5691800,163900,177796,1984724,9883.251,3210.056,0,7306.404,0,465.153,4622,7286,1.440,1.360,1.340,0,0,0,0,0,18,313,0,44,0
06-05 22:25:43,16.549,2.006,79.487,0.752,0,5692012,163648,177800,1984760,7423.088,487.450,0,846.519,0,61.182,4777,6584,1.440,1.360,1.340,1,0,0,0,0,18,317,0,48,0
06-05 22:25:44,22.439,3.740,66.818,4.737,0,5693344,161884,177816,1985176,7809.721,484.679,131.641,1667.457,7.978,163.554,7314,10471,1.440,1.360,1.340,6,0,1.995,0,0,18,319,0,67,0
06-05 22:25:45,25.735,3.498,67.461,2.249,0,5695164,159616,177828,1985612,3634.873,485.716,0,1531.104,0,140.918,7030,10067,1.440,1.360,1.340,2,0,0.999,0,0,18,317,0,80,0
06-05 22:25:46,14.000,2.250,75.749,6.250,0,5695508,159112,177836,1985764,33355.584,11874.852,4.000,1439.982,1.000,148.998,4067,5582,1.440,1.360,1.340,3,0,0,0,0,18,316,0,80,0
06-05 22:25:47,17.316,3.764,71.522,6.023,0,5695268,159112,177852,1985988,6189.501,530.012,0,2469.376,0,290.101,5844,9338,1.480,1.370,1.340,4,0,0,0,0,18,316,0,80,0
06-05 22:25:48,19.928,4.733,65.264,8.220,0,5695384,158608,177888,1986340,11647.815,3204.395,15.942,3774.330,0.996,328.809,6532,10167,1.480,1.370,1.340,0,1,0,0,0,18,316,0,83,0
06-05 22:25:49,8.035,2.260,76.331,12.052,0,5695936,157852,177900,1986532,11142.339,3169.751,0,7926.387,0,501.174,4000,6138,1.480,1.370,1.340,1,1,1.004,0,0,18,316,0,82,0
06-05 22:25:50,4.251,1.000,91.265,2.000,0,5695928,157852,177908,1986532,4262.694,486.079,0,852.139,0,73.012,2039,3069,1.480,1.370,1.340,2,0,0,0,0,18,317,0,82,0
06-05 22:25:51,4.729,0.747,90.851,2.240,0,5695868,157852,177920,1986580,12409.548,3143.208,0,1115.107,0,111.511,2239,3357,1.480,1.370,1.340,0,0,0,0,0,18,316,0,82,0
06-05 22:25:52,7.747,1.500,84.723,4.249,0,5696064,157600,177920,1986636,9418.946,3154.977,0,2031.341,0,155.949,3090,4535,1.370,1.350,1.340,0,0,0,0,0,18,316,0,82,0
06-05 22:25:53,19.258,2.751,69.780,7.503,0,5697308,156088,177920,1986904,2688.141,486.206,0,2625.115,0,223.095,3676,3823,1.370,1.350,1.340,3,0,0,0,0,18,317,0,81,0
06-05 22:25:54,4.266,0.753,83.310,10.539,0,5697712,155640,177924,1986944,25421.746,2839.583,0,4749.702,0,310.156,2154,2927,1.370,1.350,1.340,0,0,0,0,0,18,316,0,81,0
06-05 22:25:55,5.975,1.245,86.879,4.232,0,5697672,155640,177928,1986980,10510.147,2685.539,0,912.108,0,88.622,2232,3219,1.370,1.350,1.340,0,1,0,0,0,18,316,0,82,0
06-05 22:25:56,5.752,1.501,87.781,3.751,0,5697628,155640,177944,1987008,12849.486,2791.975,0,1168.408,0,116.041,2437,3480,1.370,1.350,1.340,0,0,0,0,0,18,316,0,82,0
06-05 22:25:57,13.006,1.000,78.786,5.252,0,5698068,155136,177952,1987064,32852.864,11946.405,0,1240.561,0,135.061,3534,4683,1.580,1.390,1.350,0,1,0,0,0,18,316,0,82,0
06-05 22:25:58,16.054,3.763,72.494,6.522,0,5697852,155136,177964,1987268,11008.988,487.638,0,1914.432,0,232.782,5687,8892,1.580,1.390,1.350,0,1,0,0,0,18,317,0,83,0
06-05 22:25:59,17.263,4.003,53.541,23.268,0,5699224,153624,177984,1987388,7060.384,486.371,0,10528.028,0,881.672,6799,10328,1.580,1.390,1.350,1,0,1.001,0,0,18,317,0,85,0
06-05 22:26:00,10.209,2.490,80.928,4.482,0,5699228,153372,178000,1987620,7275.079,3208.246,0,1625.538,0,191.240,3732,5897,1.580,1.390,1.350,2,0,0,0,0,18,316,0,86,0
06-05 22:26:01,7.246,0.999,86.953,2.998,0,5699432,153120,178000,1987668,7513.920,3157.286,0,1239.327,0,139.924,2800,4176,1.580,1.390,1.350,1,0,0,0,0,18,316,0,84,0
06-05 22:26:02,7.750,1.250,86.502,3.750,0,5699256,153120,178000,1987844,12044.232,2697.052,0,1120.022,0,99.002,2571,3903,1.450,1.370,1.340,0,0,0,0,0,18,316,0,85,0
06-05 22:26:03,8.000,2.250,84.000,4.250,0,5693096,186452,177248,1961460,14655.021,4738.007,0,748.001,0,83.000,2702,3680,1.450,1.370,1.340,0,2,6.000,0,0,18,317,0,87,0
06-05 22:26:04,16.285,4.259,75.915,2.505,0,5689200,217156,176484,1935424,22978.945,7561.435,8.017,1567.407,2.004,126.274,4571,15884,1.450,1.370,1.340,1,0,36.078,0,0,18,317,0,88,0
06-05 22:26:05,22.947,3.492,67.345,5.238,0,5530648,375464,176488,1935664,5649.991,484.884,11.972,2055.268,0.998,209.518,4984,7053,1.450,1.370,1.340,1,1,0,0,0,18,316,0,84,0
06-05 22:26:06,2.000,4.250,91.493,1.000,0,5521540,384744,176488,1935572,14786.864,266705.518,7.999,1599.877,2.000,94.993,1664,1990,1.450,1.370,1.340,0,0,13.999,0,0,18,316,0,84,0
06-05 22:26:07,6.003,1.751,89.298,1.751,0,5537636,368620,176504,1935584,136890.567,3415.836,12.006,2105.131,2.001,127.068,2052,2844,1.330,1.340,1.340,0,1,4.002,0,0,18,316,0,84,0
06-05 22:26:08,6.991,2.996,85.395,2.996,0,5532556,373672,176520,1935596,282023.055,8084.055,0,2069.454,0,128.841,2592,3010,1.330,1.340,1.340,1,2,20.974,0,0,18,316,0,84,0
06-05 22:26:09,9.257,3.753,78.560,7.005,0,5542544,363352,176524,1935924,150275.035,8890.747,328.249,3054.318,10.008,160.122,2637,2811,1.330,1.340,1.340,0,0,20.015,0,0,18,316,0,80,0
06-05 22:26:10,15.071,4.270,78.870,1.256,0,5536368,362736,176524,1942716,152022.717,3624.995,128.603,530.487,10.047,30.141,2398,2053,1.330,1.340,1.340,1,0,19.089,0,0,18,316,0,80,0
06-05 22:26:11,17.178,6.224,72.447,3.236,0,5523224,362724,176596,1955768,6854.324,483.975,1023.717,47.800,54.771,3.983,2630,2063,1.330,1.340,1.340,0,1,22.904,0,0,18,316,0,80,0
