"pcp-dstat 6.2.0 CSV Output"
"Author:","PCP team <pcp@groups.io> and Dag Wieers <dag@wieers.com>",,,,"URL:","https://pcp.io/ and http://dag.wieers.com/home-made/dstat/"
"Host:","ubuntu",,,,"User:","ubuntu"
"Cmdline:","dstat -tcmndrylpg --tcp --output /tmp/devstack_logs/dstat-csv.log",,,,"Date:","12 May 2026 18:16:40 UTC"
"system","total usage",,,,,"memory usage",,,,"net/total",,"dsk/total",,"io/total",,"system",,"load avg",,,"procs",,,"paging",,"tcp sockets",,,,
"time","total usage:usr","total usage:sys","total usage:idl","total usage:wai","total usage:stl","used","free","buf","cach","net/total:recv","net/total:send","dsk/total:read","dsk/total:writ","read","writ","int","csw","1m","5m","15m","run","blk","new","in","out","lis","act","syn","tim","clo"
12-05 18:16:40,,1011288,1638316,160008,5013916,,,,,,,1.550,1.260,0.730,2,0,,,,10,5,0,18,0
12-05 18:16:41,17.210,20.701,57.116,4.739,0,992428,1656728,160140,5014120,42263.975,10566.243,0,2462.231,0,92.783,6541,5707,1.550,1.260,0.730,4,1,550.710,0,0,10,6,0,18,0
12-05 18:16:42,23.054,18.042,54.879,2.756,0,1011756,1636596,160344,5014600,25560.968,14133.157,0,2381.587,0,77.181,6309,6226,1.500,1.250,0.730,3,0,405.952,0,0,10,6,0,18,0
12-05 18:16:43,26.844,11.930,57.167,2.734,0,1139416,1507928,160544,5139888,43498.576,11618.311,0,1833.319,0,64.624,5894,7966,1.500,1.250,0.730,2,0,156.091,0,0,11,6,0,18,0
12-05 18:16:44,22.371,6.535,67.114,3.519,0,1147228,1499404,160668,5140396,21201.972,10715.105,0,1262.848,0,40.218,2911,2293,1.500,1.250,0.730,2,0,92.502,0,0,11,7,0,18,1
12-05 18:16:45,29.783,10.011,52.809,6.507,0,1161536,1464220,161000,5159892,175793.641,5906.641,84.095,2390.688,7.008,85.096,4250,3464,1.500,1.250,0.730,3,1,191.215,0,0,11,6,0,20,2
12-05 18:16:46,36.542,3.977,46.983,11.186,0,1231896,1376988,161924,5173084,8317.721,536.948,1773.917,3281.348,113.356,48.723,2791,1839,1.500,1.250,0.730,2,1,0,0,0,11,6,0,20,2
12-05 18:16:47,39.951,4.744,47.692,6.991,0,1251252,1340380,162380,5188072,8087.137,485.408,127.844,4798.148,5.993,60.926,3003,1973,1.620,1.280,0.740,4,0,0.999,0,0,11,8,0,20,2
12-05 18:16:48,17.963,3.493,42.163,33.681,0,1258468,1313512,163032,5205416,6224.196,538.891,0,10494.411,0,560.846,5812,9408,1.620,1.280,0.740,2,1,8.982,0,0,11,8,0,20,2
12-05 18:16:49,11.746,3.999,44.237,38.238,0,1267896,1296192,163504,5211952,4792.540,539.836,0,11116.613,0,648.802,4816,7506,1.620,1.280,0.740,3,0,0,0,0,11,8,0,20,2
12-05 18:16:50,14.034,2.757,42.602,37.590,0,1262820,1293280,164232,5218040,17543.996,541.296,0,10432.974,0,722.730,4872,7740,1.620,1.280,0.740,3,1,0,0,0,11,8,0,20,2
12-05 18:16:51,15.487,3.747,44.462,34.720,0,1258840,1286544,164780,5227148,7906.257,485.586,0,8065.122,0,675.424,4695,7415,1.620,1.280,0.740,6,1,17.985,0,0,11,8,0,20,2
12-05 18:16:52,13.765,3.003,34.537,45.799,0,1258668,1268988,165336,5243056,8700.233,540.574,0,15144.071,0,852.905,4776,7874,1.980,1.360,0.770,1,2,0,0,0,11,8,0,20,2
12-05 18:16:53,7.741,1.998,40.704,48.196,0,1263404,1260952,165532,5245980,8393.604,485.457,0,14499.769,0,883.012,2890,3845,1.980,1.360,0.770,3,1,0,0,0,11,8,0,20,2
12-05 18:16:54,13.516,3.254,41.800,39.297,0,1278860,1256260,166048,5234088,9455.208,1021.211,0,9827.649,0,601.713,4321,6397,1.980,1.360,0.770,3,1,13.015,0,0,11,6,0,20,0
12-05 18:16:55,22.967,4.993,44.685,24.465,0,1256440,1277700,166184,5234932,9738.934,977.588,0,7157.662,0,547.210,5495,8060,1.980,1.360,0.770,3,1,46.932,0,0,11,7,0,20,0
12-05 18:16:56,17.249,3.500,43.497,32.497,0.250,1250084,1276984,166532,5241064,12403.016,2272.820,0,11979.049,0,653.948,5164,8340,1.980,1.360,0.770,2,2,4.000,0,0,11,6,0,20,0
12-05 18:16:57,18.084,4.521,50.233,25.619,0,1249472,1275500,166796,5242760,9960.119,3489.156,0,8471.225,0,620.875,4970,8032,1.980,1.370,0.780,3,1,18.084,0,0,11,7,0,20,0
12-05 18:16:58,23.560,6.015,39.601,27.570,0,1243292,1273984,167552,5248408,7560.284,661.688,0,12415.669,0,585.493,12997,24439,1.980,1.370,0.780,2,2,26.066,0,0,11,6,0,20,0
12-05 18:16:59,18.904,6.467,38.804,34.078,0,1239024,1277820,167620,5248676,6442.424,483.555,0,14068.860,0,130.341,11596,20936,1.980,1.370,0.780,2,4,12.935,0,0,11,6,0,20,0
12-05 18:17:00,18.038,6.263,40.586,33.070,0,1180396,1348400,167852,5237748,8005.933,487.030,0,15252.259,0,764.617,5134,8214,1.980,1.370,0.780,3,1,23.049,0,0,11,6,0,20,0
12-05 18:17:01,40.153,8.532,46.426,4.768,0,1135752,1393036,167944,5237776,11228.666,542.060,0,2364.986,0,185.706,4474,4164,1.980,1.370,0.780,3,0,100.381,0,0,11,4,0,20,0
12-05 18:17:02,24.840,5.713,66.819,1.490,0,1172784,1355956,167960,5237804,8247.803,482.885,3.974,719.360,0.994,33.782,2516,1925,1.900,1.360,0.780,2,0,52.660,0,0,11,4,0,14,0
12-05 18:17:03,22.751,3.750,55.504,17.001,0,1169648,1359012,168032,5237812,9363.603,486.031,0,7116.458,0,390.025,2688,2937,1.900,1.360,0.780,2,0,10.001,0,0,11,4,0,14,0
12-05 18:17:04,22.761,2.501,73.286,0,0,1220772,1307880,168036,5237816,6661.235,540.262,0,120.058,0,17.008,1941,1598,1.900,1.360,0.780,2,0,1.000,0,0,11,4,0,14,0
12-05 18:17:05,14.303,13.299,71.513,0,0,1185228,1343384,168036,5237856,2565.443,487.796,0,10177.462,0,70.259,4337,3519,1.900,1.360,0.780,2,0,255.942,0,0,11,4,0,14,0
12-05 18:17:06,8.998,20.496,69.238,0,0,1136244,1392216,168036,5238012,9687.327,485.916,0,12593.825,0,116.980,5992,4767,1.900,1.360,0.780,3,0,398.931,0,0,11,4,0,14,0
12-05 18:17:07,26.293,16.026,56.342,0.250,0,1144004,1377040,168036,5245768,4785.845,486.798,7460.229,4.007,75.123,1.002,6472,7590,1.830,1.360,0.780,3,0,279.458,0,0,11,5,0,14,0
12-05 18:17:08,45.233,5.219,48.961,0,0,1219528,1301444,168044,5245944,3819.494,536.837,19.883,0,3.977,0,2646,1407,1.830,1.360,0.780,3,0,0,0,0,11,5,0,14,0
12-05 18:17:09,42.268,6.003,48.770,2.001,0,1240288,1279616,168044,5246996,7328.078,580.244,492.207,2489.045,4.002,23.010,2675,1358,1.830,1.360,0.780,3,0,0,0,0,11,5,0,14,0
12-05 18:17:10,30.316,8.769,39.085,21.046,0,1272412,1244960,168056,5249440,7435.238,487.064,0,5540.099,0,219.479,4777,6600,1.830,1.360,0.780,1,0,118.258,0,0,11,4,0,15,0
12-05 18:17:11,3.981,2.488,93.050,0,0,1266548,1250820,168056,5249440,9774.731,483.661,0,7380.310,0,63.692,1281,1487,1.830,1.360,0.780,2,0,21.894,0,0,11,4,0,15,0
12-05 18:17:12,21.498,4.250,69.244,3.500,0,1341864,1175500,168060,5249440,6040.497,539.955,0,14722.773,0,140.988,2049,1822,1.760,1.350,0.780,2,0,0,0,0,11,4,0,15,0
12-05 18:17:13,24.523,1.752,73.819,0,0,1365600,1151560,168060,5249644,4487.183,486.453,0,0,0,0,1652,1215,1.760,1.350,0.780,2,0,0,0,0,11,6,0,15,0
12-05 18:17:14,17.837,5.024,69.840,6.281,0,1316912,1200156,168108,5249684,7899.470,488.378,0,2375.569,0,224.091,4102,5459,1.760,1.350,0.780,2,0,44.215,0,0,11,4,0,15,0
12-05 18:17:15,26.345,4.474,66.856,1.491,0,1338908,1177308,168376,5250212,6948.090,536.839,608.418,727.715,17.895,16.900,2786,11465,1.760,1.350,0.780,2,0,35.789,0,0,11,4,0,16,0
12-05 18:17:16,17.248,3.250,75.992,2.750,0,1353368,1162452,168428,5250428,11541.824,4565.535,235.976,1247.873,57.994,28.997,2466,2446,1.760,1.350,0.780,3,0,6.999,0,0,11,17,0,16,0
12-05 18:17:17,17.789,5.261,72.908,2.255,0,1364564,1151172,168460,5250476,12629.425,4843.518,32.070,5856.718,8.017,127.276,2946,2735,1.620,1.330,0.780,2,0,45.098,0,0,11,28,0,17,0
12-05 18:17:18,18.767,3.753,77.072,0,0,1407852,1107876,168460,5250480,10865.120,4624.307,0,19650.303,0,183.171,2434,2082,1.620,1.330,0.780,2,0,0,0,0,11,29,0,16,0
12-05 18:17:19,20.344,11.051,62.539,5.526,0,1402872,1112816,168468,5250508,11418.766,3340.436,0,21752.519,0,193.896,4091,3573,1.620,1.330,0.780,6,0,156.724,0,0,11,28,0,17,0
12-05 18:17:20,37.049,4.973,56.693,0,0,1463492,1052192,168468,5250512,8782.419,6505.754,0,8764.516,0,102.445,3018,2199,1.620,1.330,0.780,1,0,0,0,0,11,30,0,17,0
12-05 18:17:21,35.169,3.517,57.777,2.261,0,1446248,1069216,168476,5250724,20372.763,13205.369,0,586.816,0,21.101,6118,7973,1.620,1.330,0.780,3,0,0,0,0,11,28,0,18,0
12-05 18:17:22,66.902,24.964,7.739,0,0,1546104,969340,168492,5250728,8143.127,485.292,0,2875.807,0,145.787,6291,5691,1.970,1.410,0.800,6,0,577.158,0,0,11,28,0,18,0
12-05 18:17:23,87.786,10.254,2.001,0,0,1762688,752684,168496,5250796,24166.835,17551.143,0,992.404,0,20.008,5951,4507,1.970,1.410,0.800,6,0,0,0,0,11,33,0,18,0
12-05 18:17:24,70.901,12.026,16.285,0,0,1684848,830244,168524,5251040,37198.975,28956.476,0,2228.732,0,138.294,9525,14058,1.970,1.410,0.800,3,0,201.428,0,0,11,28,0,24,0
12-05 18:17:25,22.873,7.458,66.380,2.238,0,1569556,945512,168524,5251060,5518.263,483.308,0,16675.120,0,105.413,3070,2500,1.970,1.410,0.800,2,0,109.391,0,0,11,28,0,24,0
12-05 18:17:26,14.487,3.247,71.184,9.991,0,1549056,965872,168524,5251200,16968.376,6605.917,0,26671.442,0,667.385,3498,3441,1.970,1.410,0.800,2,0,0,0,0,11,29,0,24,0
12-05 18:17:27,19.513,6.004,73.300,0,0,1504044,1010948,168524,5251204,6298.308,1420.972,0,228.156,0,18.012,2634,2129,1.890,1.400,0.810,2,0,68.047,0,0,11,28,0,25,0
12-05 18:17:28,15.744,1.749,81.220,0.250,0,1505808,1009168,168528,5251216,10288.181,6265.674,0,183.932,0,11.996,2004,2060,1.890,1.400,0.810,1,0,0,0,0,11,29,0,25,0
12-05 18:17:29,11.555,17.584,66.820,4.019,0,1468824,1046088,168564,5251244,5829.919,1677.031,0,1358.506,0,89.428,5958,5741,1.890,1.400,0.810,3,0,515.469,0,0,11,28,0,26,0
12-05 18:17:30,66.315,23.523,9.760,0,0,1559316,955568,168564,5251272,8755.535,486.474,0,132.129,0,18.018,5858,4585,1.890,1.400,0.810,6,0,525.512,0,0,11,28,0,26,0
12-05 18:17:31,78.361,7.237,13.975,0,0,1696048,818780,168564,5251328,32841.553,26049.640,0,191.659,0,6.988,5590,6533,1.890,1.400,0.810,4,0,0,0,0,11,33,0,20,0
12-05 18:17:32,75.850,13.017,11.015,0,0,1594272,920340,168588,5251520,32253.479,24225.906,0,728.960,0,78.103,8589,14065,2.220,1.480,0.830,8,0,179.236,0,0,11,28,0,21,0
12-05 18:17:33,85.070,15.012,0.250,0,0,1694692,819868,168588,5251572,11129.180,4641.829,0,300.248,0,16.013,5186,3433,2.220,1.480,0.830,6,0,131.108,0,0,11,29,1,21,0
12-05 18:17:34,82.636,7.467,8.214,0,0,1792504,721920,168588,5251708,45698.432,37093.387,0,215.051,0,11.947,7508,10326,2.220,1.480,0.830,6,0,0.996,0,0,11,33,0,22,0
12-05 18:17:35,57.998,13.558,27.618,0,0,1493952,1020120,168600,5252048,28253.718,22476.032,0,486.077,0,40.172,8430,12420,2.220,1.480,0.830,3,0,299.279,0,0,11,28,0,25,0
12-05 18:17:36,39.060,4.478,55.728,0,0,1504528,1009512,168600,5252080,10242.091,6331.149,0,199.030,0,8.956,2934,2002,2.220,1.480,0.830,2,0,0,0,0,11,30,0,25,0
12-05 18:17:37,38.698,15.580,44.728,0.251,0,1525864,987996,168600,5252260,22775.298,12969.225,0,313.601,0,26.133,5766,7445,2.360,1.520,0.850,5,0,329.683,0,0,11,28,0,27,0
12-05 18:17:38,58.141,7.702,33.294,0.497,0,1592552,921280,168600,5252288,15595.656,8976.546,0,222.625,0,10.932,4079,2430,2.360,1.520,0.850,3,0,49.693,0,0,11,31,0,27,0
12-05 18:17:39,49.533,8.297,41.236,0.251,0,1559896,953852,168620,5252352,25685.877,20253.816,0,498.853,0,49.282,7713,10563,2.360,1.520,0.850,5,0,132.759,0,0,11,28,0,26,0
12-05 18:17:40,82.752,14.750,2.250,0,0,1606244,907476,168632,5252368,11214.256,2452.056,0,220.005,0,11.000,4852,2312,2.360,1.520,0.850,4,0,126.003,0,0,11,29,0,26,0
12-05 18:17:41,53.260,5.501,40.758,0,0,1624828,888656,168648,5252588,45385.650,35491.764,0,316.060,0,22.004,8985,12760,2.360,1.520,0.850,4,0,0,0,0,11,30,0,28,0
12-05 18:17:42,62.671,17.160,18.652,0.746,0,1544124,969300,168668,5252628,12390.011,3832.895,0,2777.432,0,118.379,5782,5544,2.420,1.540,0.860,4,0,322.309,0,0,11,28,0,29,0
12-05 18:17:43,48.492,4.749,45.743,0,0,1591384,921868,168668,5252800,26455.722,19123.907,0,187.970,0,10.998,5148,5221,2.420,1.540,0.860,2,0,0,0,0,11,31,0,29,0
12-05 18:17:44,56.872,15.099,26.423,1.258,0,1523824,989388,168680,5252828,18311.837,10887.249,0,463.030,0,42.277,7319,8628,2.420,1.540,0.860,4,0,301.976,0,0,11,28,0,31,0
12-05 18:17:45,53.001,6.000,40.251,0,0,1589684,923488,168680,5252868,19344.455,12216.287,0,224.005,0,12.000,3898,2677,2.420,1.540,0.860,5,0,0,0,0,11,31,0,31,0
12-05 18:17:46,49.195,14.162,35.033,0.248,0,1513708,999076,168680,5253256,23479.654,16534.646,0,473.072,0,29.815,7604,9906,2.420,1.540,0.860,4,0,285.234,0,0,11,28,0,34,0
12-05 18:17:47,54.503,7.033,38.680,0,0,1593232,919396,168684,5253408,21679.821,12140.458,0,1507.008,0,15.070,3939,2689,2.380,1.550,0.870,4,0,0,0,0,11,31,0,32,0
12-05 18:17:48,50.958,8.993,38.718,0.250,0,1464832,1047736,168688,5253464,23505.448,14540.905,0,363.697,0,37.968,6541,8497,2.380,1.550,0.870,4,0,111.907,0,0,11,28,0,34,0
12-05 18:17:49,56.530,7.222,35.113,0.249,0,1536840,975704,168688,5253488,13647.928,6742.780,0,191.256,0,7.969,3695,1878,2.380,1.550,0.870,3,0,0,0,0,11,31,0,34,0
12-05 18:17:50,49.517,7.289,42.479,0.503,0,1485864,1026612,168692,5253552,27295.952,19836.794,0,410.208,0,42.227,6404,9487,2.380,1.550,0.870,4,0,108.585,0,0,11,28,0,36,0
12-05 18:17:51,72.767,24.671,1.994,0,0,1574360,938084,168692,5253584,4079.942,538.277,0,279.107,0,24.920,5732,5123,2.380,1.550,0.870,9,0,599.083,0,0,11,28,0,36,0
12-05 18:17:52,83.704,15.491,1.249,0,0,1750984,761236,168696,5253804,20079.863,17797.129,0,243.865,0,13.992,6291,6236,2.750,1.640,0.900,5,0,402.777,0,0,11,32,0,36,0
12-05 18:17:53,73.764,19.821,5.520,0,0,1717228,794740,168720,5254028,51964.013,43575.987,0,1589.691,0,109.392,9058,12359,2.750,1.640,0.900,6,0,583.087,0,0,11,29,0,37,0
12-05 18:17:54,84.514,15.208,0.249,0,0,1654004,857860,168724,5254128,13516.295,6263.527,0,231.355,0,20.942,5770,4338,2.750,1.640,0.900,6,0,161.549,0,0,11,29,0,37,0
12-05 18:17:55,75.723,7.522,15.546,0.752,0,1718144,793648,168724,5254196,39152.196,33050.243,0,124.366,0,8.024,6674,9476,2.750,1.640,0.900,7,0,0,0,0,11,32,0,38,0
12-05 18:17:56,46.521,20.759,32.015,0,0,1538180,973388,168728,5254412,31501.333,22268.132,0,184.084,0,13.006,9647,13231,2.750,1.640,0.900,4,0,649.295,0,0,11,28,0,42,0
12-05 18:17:57,43.946,32.460,22.972,0,0,1521468,990068,168728,5254444,9424.429,485.404,0,3044.262,0,169.792,6704,6357,2.930,1.700,0.920,6,0,948.835,0,0,11,28,0,42,0
12-05 18:17:58,72.180,8.242,18.981,0,0,1624748,886776,168732,5254508,21153.361,16045.345,0,143.860,0,10.989,4944,3939,2.930,1.700,0.920,6,0,2.997,0,0,11,32,0,42,0
12-05 18:17:59,60.294,12.259,25.769,1.501,0,1542272,969020,168772,5254700,22922.630,17803.917,0,936.680,0,81.059,7691,10546,2.930,1.700,0.920,5,0,201.146,0,0,11,28,0,46,0
12-05 18:18:00,77.018,11.253,11.753,0,0,1598496,912768,168776,5254724,13027.104,10208.433,0,184.044,0,8.002,4809,2879,2.930,1.700,0.920,4,0,67.016,0,0,11,31,0,46,0
12-05 18:18:01,53.717,5.746,38.976,0.250,0,1613108,897900,168776,5254968,46083.466,35890.777,0,191.881,0,7.995,9780,15691,2.930,1.700,0.920,3,0,0,0,0,11,32,0,46,0
12-05 18:18:02,56.878,8.981,31.433,1.746,0,1607744,902992,168784,5255220,37694.127,28555.733,0,1153.525,0,46.899,10884,16896,2.940,1.720,0.940,6,0,59.872,0,0,11,29,0,46,0
12-05 18:18:03,78.620,11.518,9.765,0.250,0,1601900,908788,168796,5255256,14932.816,7011.713,0,264.404,0,24.037,4862,2928,2.940,1.720,0.940,4,0,60.092,0,0,11,30,0,46,0
12-05 18:18:04,56.566,6.230,35.634,0,0,1625800,884652,168796,5255452,39548.466,31995.015,0,203.339,0,10.964,7886,12615,2.940,1.720,0.940,3,0,2.990,0,0,11,32,0,46,0
12-05 18:18:05,56.290,9.006,33.774,0,0,1522788,987388,168800,5255712,48305.265,38413.248,0,184.131,0,8.006,11660,18739,2.940,1.720,0.940,5,0,135.096,0,0,11,29,0,49,0
12-05 18:18:06,80.346,13.307,6.277,0,0,1593832,916328,168808,5255720,11169.086,5654.344,0,148.640,0,9.039,4992,3083,2.940,1.720,0.940,4,0,125.540,0,0,11,30,0,50,0
12-05 18:18:07,58.867,5.986,34.173,0,0,1605660,904272,168808,5255940,37386.410,32040.506,0,131.702,0,8.980,7190,10994,3.020,1.760,0.950,4,0,0,0,0,11,31,0,50,1
12-05 18:18:08,72.176,11.779,15.789,0.251,0,1528888,980972,168812,5256004,25846.151,16984.499,0,344.843,0,31.076,7698,10733,3.020,1.760,0.950,5,0,117.287,0,0,11,28,0,52,0
12-05 18:18:09,69.115,8.982,21.708,0,0.250,1589928,919756,168848,5256144,19420.024,14579.490,0,363.290,0,38.924,5175,4359,3.020,1.760,0.950,3,0,10.979,0,0,11,31,0,52,0
12-05 18:18:10,67.454,12.491,19.237,0.250,0,1649940,859624,168860,5256244,24589.145,18840.086,0,2378.370,0,142.902,6965,9435,3.020,1.760,0.950,5,0,119.918,0,0,11,30,0,54,0
12-05 18:18:11,64.551,7.756,26.771,0,0,1656444,852908,168864,5256452,38078.880,28625.462,0,76.060,0,8.006,6754,10684,3.020,1.760,0.950,5,0,59.046,0,0,11,30,0,56,0
12-05 18:18:12,71.377,15.027,12.773,0,0,1551064,958236,168864,5256500,19068.969,13140.408,0,192.343,0,10.018,6216,6905,3.100,1.790,0.970,4,0,168.300,0,0,11,29,0,57,0
12-05 18:18:13,67.941,7.964,23.145,0,0,1598980,910148,168864,5256672,27433.201,19538.117,0,0,0,0,5274,6125,3.100,1.790,0.970,4,0,33.846,0,0,11,31,0,58,0
12-05 18:18:14,70.572,9.544,19.087,0,0,1662652,846312,168876,5256820,25217.074,16610.801,0,152.697,0,15.069,6822,8347,3.100,1.790,0.970,4,0,35.160,0,0,11,29,1,60,0
12-05 18:18:15,59.644,12.228,27.201,0.499,0,1608772,900112,168888,5256796,15974.508,12309.046,0,391.302,0,33.939,6123,14189,3.100,1.790,0.970,3,0,206.631,0,0,11,29,0,63,0
12-05 18:18:16,55.524,10.504,32.764,0.750,0,1596660,912156,168912,5256916,17083.263,7108.022,0,372.158,0,36.015,4504,3922,3.100,1.790,0.970,4,0,94.040,0,0,11,31,0,61,0
12-05 18:18:17,51.023,8.711,39.574,0,0,1590352,918372,168920,5256992,25853.860,18264.659,0,537.606,0,24.889,6325,7071,3.170,1.830,0.990,3,0,96.570,0,0,11,34,0,62,0
12-05 18:18:18,53.561,10.058,36.462,0,0,1461868,1046688,168920,5257160,17531.716,13382.644,0,160.934,0,12.070,5982,6488,3.170,1.830,0.990,4,0,86.502,0,0,11,33,0,64,0
12-05 18:18:19,50.466,7.707,40.025,0.249,0,1547800,960560,168924,5257348,19083.755,11715.165,0,186.949,0,17.899,4434,4720,3.170,1.830,0.990,1,0,85.519,0,0,11,34,0,65,0
12-05 18:18:20,29.893,6.531,63.553,0,0,1535336,972968,168932,5257396,24289.976,15587.424,0,309.478,0,22.106,5414,7511,3.170,1.830,0.990,3,0,67.321,0,0,11,33,0,64,0
12-05 18:18:21,40.572,7.716,50.280,0,0,1504964,1003332,168936,5257404,11576.241,2974.956,0,234.970,0,21.904,3547,2646,3.170,1.830,0.990,3,0,67.703,0,0,11,33,0,65,0
12-05 18:18:22,32.142,3.767,63.028,0,0,1425884,1082388,168940,5257424,16924.532,13065.538,0,172.761,0,10.044,3438,3858,3.080,1.830,0.990,5,0,11.049,0,0,11,33,0,66,0
12-05 18:18:23,39.223,9.743,48.217,2.248,0,1483328,1024740,168948,5257612,8992.922,3822.417,0,2626.225,0,161.891,4467,4480,3.080,1.830,0.990,3,0,126.914,0,0,11,32,0,67,0
12-05 18:18:24,32.776,4.754,61.549,0.751,0,1493936,1014096,168960,5257636,19553.603,11819.432,0,2013.607,0,61.049,3537,3707,3.080,1.830,0.990,3,0,17.014,0,0,11,33,0,67,0
12-05 18:18:25,36.525,7.005,55.288,0.250,0,1530692,977312,168964,5257660,10824.359,6213.224,0,272.185,0,21.014,4453,4697,3.080,1.830,0.990,3,0,49.033,0,0,11,32,0,68,0
12-05 18:18:26,34.732,3.998,60.469,0,0,1582208,925764,168968,5257688,18309.682,12309.735,0,187.904,0,11.994,3610,4256,3.080,1.830,0.990,1,0,0,0,0,11,34,0,68,0
12-05 18:18:27,35.007,6.501,57.512,0.250,0,1496888,1011032,168976,5257728,18403.708,10610.138,0,584.118,0,71.014,4830,5390,2.910,1.820,0.990,3,0,43.009,0,0,11,32,0,70,0
12-05 18:18:28,39.094,5.229,55.030,0,0,1500868,1006920,168980,5257864,14430.430,7136.529,0,183.269,0,9.960,3298,2707,2.910,1.820,0.990,2,0,4.980,0,0,11,33,0,63,0
12-05 18:18:29,27.571,8.773,62.662,0,0,1487924,1019808,168996,5257904,20417.901,14916.648,0,244.634,0,21.055,5536,7103,2.910,1.820,0.990,2,0,187.486,0,0,11,33,0,64,0
12-05 18:18:30,20.403,5.723,72.157,0.498,0,1471608,1036020,169016,5257980,6246.325,1755.659,0,274.695,0,23.887,2880,2794,2.910,1.820,0.990,2,0,94.551,0,0,11,32,0,65,0
12-05 18:18:31,17.231,2.747,77.914,1.498,0,1466460,1041148,169024,5257992,10958.952,7322.949,0,1422.436,0,147.837,2500,2450,2.910,1.820,0.990,2,0,1.998,0,0,11,33,0,65,0
12-05 18:18:32,12.337,10.323,75.032,0.504,0,1433704,1073880,169024,5258016,11810.716,4368.968,0,713.054,0,61.435,4678,4910,2.760,1.810,0.990,2,0,220.563,0,0,11,32,0,65,0
12-05 18:18:33,20.621,5.217,72.547,0,0,1448404,1059180,169024,5258016,5377.450,482.987,0,1339.642,0,11.926,2275,1702,2.760,1.810,0.990,3,0,64.597,0,0,11,32,0,65,0
12-05 18:18:34,16.261,2.001,81.054,0.250,0,1453552,1054004,169024,5258040,20329.489,10319.847,0,116.077,0,7.005,2970,3578,2.760,1.810,0.990,1,0,1.001,0,0,11,33,0,65,0
12-05 18:18:35,20.740,4.998,73.464,0.250,0,1413420,1094120,169028,5258048,9077.603,1370.336,0,135.934,0,10.995,2500,2072,2.760,1.810,0.990,2,0,45.978,0,0,11,32,0,66,0
12-05 18:18:36,17.255,2.251,79.523,0,0,1432136,1075264,169032,5258184,14550.160,7324.094,0,92.026,0,7.002,2398,2513,2.760,1.810,0.990,3,0,0,0,0,11,33,0,60,0
12-05 18:18:37,16.088,5.279,75.159,1.760,0,1403192,1104156,169056,5258212,15938.744,7722.026,0,249.357,0,27.148,4855,6124,2.620,1.790,0.990,2,0,80.438,0,0,11,32,0,60,0
12-05 18:18:38,18.231,20.229,59.938,0.499,0,1406128,1101012,169064,5258404,3704.177,485.499,0,519.464,0,30.968,6290,5653,2.620,1.790,0.990,2,0,545.437,0,0,11,32,0,62,0
12-05 18:18:39,44.335,6.974,48.071,0.747,0,1504584,1000676,169092,5260084,3328.624,484.200,470.252,322.800,17.933,7.970,2789,1664,2.620,1.790,0.990,3,0,2.989,0,0,11,34,0,62,0
12-05 18:18:40,27.354,4.517,45.172,20.327,0,1515008,987844,169256,5261924,10243.903,487.853,0,6593.038,0,507.929,5635,8325,2.620,1.790,0.990,2,1,27.103,0,0,11,36,0,59,0
12-05 18:18:41,26.547,5.510,44.079,22.540,0,1597084,904800,169412,5262716,7713.756,486.868,0,8879.836,0,721.286,5477,8719,2.620,1.790,0.990,9,0,29.052,0,0,11,36,0,59,0
12-05 18:18:42,25.669,5.483,43.114,24.672,0,1560856,940104,169548,5263484,7072.758,484.476,0,10845.893,0,730.702,5052,8280,2.810,1.850,1.010,5,0,9.969,0,0,11,36,0,59,0
12-05 18:18:43,25.913,4.236,42.856,23.920,0,1607048,892800,169768,5264352,5435.758,484.374,0,8144.667,0,634.869,4956,7997,2.810,1.850,1.010,2,1,16.943,0,0,11,36,0,59,0
12-05 18:18:44,27.122,4.018,38.423,28.880,0,1558724,940368,169836,5265024,10021.123,488.198,0,8265.217,0,715.220,5133,7704,2.810,1.850,1.010,2,4,20.090,0,0,11,36,0,54,0
12-05 18:18:45,28.094,4.475,38.785,26.603,0,1592304,906108,169908,5265620,5097.760,483.323,0,8027.530,0,689.182,5638,8823,2.810,1.850,1.010,3,1,22.873,0,0,11,36,0,54,0
12-05 18:18:46,27.275,5.505,40.537,24.522,0,1558104,939640,170028,5266148,5584.117,486.446,0,10685.791,0,788.723,5928,9261,2.810,1.850,1.010,2,1,16.015,0,0,11,36,0,54,0
12-05 18:18:47,26.692,5.288,41.045,25.181,0,1550192,946948,170124,5266656,8634.025,489.517,0,11583.211,0,874.281,5737,9372,2.910,1.880,1.030,4,1,12.087,0,0,11,36,0,54,0
12-05 18:18:48,25.844,4.722,43.240,23.608,0,1589504,907012,170264,5267124,8142.968,483.091,0,8083.327,0,660.026,5804,9577,2.910,1.880,1.030,3,1,13.916,0,0,11,36,0,49,0
12-05 18:18:49,26.468,4.744,45.195,21.724,0,1575592,920456,170384,5267452,5124.804,485.413,0,8661.527,0,695.159,5715,9428,2.910,1.880,1.030,3,3,9.988,0,0,11,36,0,49,0
12-05 18:18:50,26.946,5.739,38.922,26.946,0,1588368,906984,170528,5267964,20925.314,485.034,0,9940.198,0,711.582,5151,7935,2.910,1.880,1.030,2,1,5.988,0,0,11,38,0,49,0
12-05 18:18:51,36.602,5.553,42.408,15.146,0,1487340,1008500,170732,5267272,5891.652,490.719,0,7871.691,0,661.359,5059,7461,2.910,1.880,1.030,6,1,9.087,0,0,11,32,0,49,0
12-05 18:18:52,43.490,5.749,42.241,7.498,0,1564488,931244,170808,5267300,9248.975,485.894,0,6034.679,0,327.928,3722,3419,2.830,1.880,1.040,2,1,2.999,0,0,11,34,0,49,0
12-05 18:18:53,27.904,5.979,39.116,24.915,0,1579872,915628,170920,5267420,7496.288,484.339,0,5987.463,0,708.570,6554,10311,2.830,1.880,1.040,2,3,1.993,0,0,11,34,0,47,0
12-05 18:18:54,28.057,6.263,36.574,27.556,0,1569800,925204,171168,5267648,3445.956,486.983,0,9771.724,0,1058.136,7998,13017,2.830,1.880,1.040,2,1,2.004,0,0,11,34,0,47,0
12-05 18:18:55,31.339,4.974,41.287,19.897,0,1602956,891536,171460,5267856,6641.781,483.509,0,7318.296,0,1125.203,9085,14723,2.830,1.880,1.040,3,0,0.995,0,0,11,34,0,47,0
12-05 18:18:56,25.495,7.498,61.738,3.999,0,1551004,943480,171460,5267860,6011.786,485.902,0,875.823,0,49.990,2948,2406,2.830,1.880,1.040,2,0,99.980,0,0,11,32,0,47,0
12-05 18:18:57,17.359,9.308,70.945,1.509,0,1514648,979644,171468,5268008,4991.337,489.071,0,813.105,0,46.291,3439,2679,2.610,1.850,1.030,2,0,172.080,0,0,11,32,0,41,0
12-05 18:18:58,6.991,18.227,56.430,16.979,0,1499048,995128,171536,5268032,7738.381,485.397,0,7358.853,0,445.446,6158,5628,2.610,1.850,1.030,2,3,470.415,0,0,11,32,0,41,0
12-05 18:18:59,8.498,20.996,65.987,3.249,0,1469340,1024740,171572,5268072,7379.490,485.901,0,3423.300,0,140.971,6324,5369,2.610,1.850,1.030,2,0,449.908,0,0,11,32,0,41,0
12-05 18:19:00,12.943,14.436,71.435,0,0,1469412,1024508,171572,5268228,10633.091,483.865,0,513.734,0,98.565,4606,3468,2.610,1.850,1.030,2,0,275.783,0,0,11,32,0,41,0
12-05 18:19:01,21.999,3.250,73.497,0,0,1526208,967728,171572,5268212,8691.678,485.982,0,0,0,0,1874,1342,2.610,1.850,1.030,2,0,2.000,0,0,11,32,0,37,0
12-05 18:19:02,23.023,3.253,72.821,0,0,1499340,994548,171572,5268260,4429.339,486.477,0,16.016,0,1.001,1809,1330,2.480,1.840,1.030,2,0,1.001,0,0,11,32,0,37,0
12-05 18:19:03,21.977,3.496,73.672,0,0,1542424,951484,171572,5268240,10438.998,485.488,0,19.979,0,0.999,1868,1274,2.480,1.840,1.030,2,0,1.998,0,0,11,32,0,37,0
12-05 18:19:04,22.508,3.751,70.526,3.001,0,1498484,995380,171592,5268264,9326.454,486.180,0,540.200,0,35.013,2112,1767,2.480,1.840,1.030,3,0,2.001,0,0,11,32,0,37,0
12-05 18:19:05,22.736,3.498,73.204,0,0,1495948,997928,171592,5268252,8225.807,485.693,0,11.992,0,0.999,1810,1183,2.480,1.840,1.030,2,0,2.998,0,0,11,32,0,37,0
12-05 18:19:06,22.027,3.254,73.842,0.250,0,1493224,1000660,171592,5268244,4985.178,486.603,0,56.069,0,4.005,1813,1330,2.480,1.840,1.030,2,0,2.002,0,0,11,32,0,37,0
12-05 18:19:07,22.980,2.997,73.686,0,0,1488804,1005056,171592,5268264,8139.919,485.578,0,19.983,0,0.999,1760,1228,2.360,1.820,1.030,2,0,0.999,0,0,11,32,0,37,0
12-05 18:19:08,22.744,2.999,73.480,0,0,1567792,926076,171592,5268256,7681.899,539.852,0,0,0,0,1838,1336,2.360,1.820,1.030,2,0,1.999,0,0,11,32,0,37,0
12-05 18:19:09,22.255,3.251,73.266,0,0,1518656,975200,171592,5268268,6358.353,526.112,0,204.043,0,5.001,1795,1282,2.360,1.820,1.030,3,0,1.000,0,0,11,32,0,31,0
12-05 18:19:10,22.050,3.508,73.917,0,0,1554712,939168,171592,5268240,4423.985,541.222,0,260.588,0,54.122,1753,1193,2.360,1.820,1.030,2,0,2.005,0,0,11,32,0,31,0
12-05 18:19:11,22.716,2.496,73.640,0,0,1530692,963156,171592,5268272,8718.023,431.358,0,27.958,0,0.999,1770,1175,2.360,1.820,1.030,2,0,0.999,0,0,11,32,0,31,0
12-05 18:19:12,22.769,3.002,74.061,0,0,1568664,925268,171596,5268184,5617.625,540.445,0,76.063,0,2.002,1746,1204,2.250,1.810,1.030,3,0,2.002,0,0,11,32,0,31,0
12-05 18:19:13,23.239,2.499,73.466,0,0,1520052,973792,171596,5268272,6710.879,485.774,0,87.959,0,1.000,1799,1283,2.250,1.810,1.030,2,0,1.000,0,0,11,32,0,25,0
12-05 18:19:14,22.443,3.990,70.322,2.494,0.249,1507916,985916,171600,5268280,6249.199,484.774,0,2445.816,0,41.894,2198,2086,2.250,1.810,1.030,2,0,1.995,0,0,11,32,0,25,0
12-05 18:19:15,24.638,4.777,69.641,0,0,1557840,936012,171600,5270644,7558.398,488.742,0,96.542,0,8.045,2229,5817,2.250,1.810,1.030,4,0,36.203,0,0,11,32,0,25,0
12-05 18:19:16,23.822,5.459,69.728,0,0,1518920,974892,171600,5268284,6981.692,482.386,0,47.643,0,4.963,2443,9891,2.250,1.810,1.030,2,0,8.933,0,0,11,32,0,26,0
12-05 18:19:17,22.286,3.255,73.619,0,0,1502904,990912,171600,5268284,4112.651,486.787,0,24.039,0,1.002,1726,1204,2.150,1.800,1.030,2,0,1.002,0,0,11,32,0,18,0
12-05 18:19:18,22.743,3.749,64.481,7.748,0,1530364,963428,171636,5268272,4213.743,485.855,0,4382.693,0,203.939,2220,2131,2.150,1.800,1.030,2,0,1.999,0,0,11,32,0,18,0
12-05 18:19:19,10.757,18.763,69.548,0,0,1475000,1018728,171640,5268332,9187.395,486.339,0,308.215,0,14.010,5682,4473,2.150,1.800,1.030,2,0,460.320,0,0,11,32,0,18,0
12-05 18:19:20,22.792,3.005,73.634,0,0,1503876,989852,171640,5268332,5473.967,486.887,0,48.088,0,1.002,1730,1196,2.150,1.800,1.030,2,0,0,0,0,11,32,0,18,0
12-05 18:19:21,22.261,3.502,73.537,0,0,1504140,989324,171640,5268592,8615.349,486.245,0,4.002,0,1.001,1875,1187,2.150,1.800,1.030,2,0,9.005,0,0,11,32,0,13,0
12-05 18:19:22,22.741,2.749,73.971,0,0,1555812,937652,171640,5268592,5834.687,485.807,0,3.998,0,1.000,1607,1086,2.060,1.780,1.030,2,0,0,0,0,11,32,0,13,0
12-05 18:19:23,9.758,20.266,68.553,0,0,1431136,1062144,171640,5268740,7807.051,486.377,40.031,140.109,2.002,5.004,5816,4655,2.060,1.780,1.030,4,0,487.378,0,0,11,32,0,13,0
12-05 18:19:24,8.529,21.823,67.727,1.003,0,1418352,1074880,171644,5268776,6273.025,487.634,0,529.776,0,17.057,6506,5515,2.060,1.780,1.030,2,0,541.816,0,0,11,32,0,13,0
12-05 18:19:25,8.498,21.744,67.482,1.000,0,1409976,1083208,171644,5268820,3006.209,485.872,0,1151.697,0,28.992,6344,5141,2.060,1.780,1.030,2,0,536.859,0,0,11,32,0,9,0
12-05 18:19:26,8.758,22.021,68.314,0,0,1401376,1091776,171644,5268848,8122.595,486.455,0,1713.602,0,58.054,6558,5389,2.060,1.780,1.030,2,0,592.554,0,0,11,32,0,9,0
12-05 18:19:27,7.221,21.663,69.223,0,0,1398268,1094860,171644,5268872,5396.404,484.063,0,1107.568,0,12.948,6238,4958,2.050,1.790,1.030,3,0,503.983,0,0,11,32,0,9,0
12-05 18:19:28,8.774,20.556,70.191,0,0,1385432,1107660,171644,5268908,4916.393,487.328,0,228.623,0,9.025,6160,4907,2.050,1.790,1.030,2,0,482.314,0,0,11,32,0,9,0
12-05 18:19:29,7.759,22.027,68.834,0,0,1377368,1115672,171644,5268952,8519.400,486.594,0,292.357,0,11.013,6227,4979,2.050,1.790,1.030,2,0,511.625,0,0,11,32,0,6,0
12-05 18:19:30,8.236,21.713,69.381,0,0,1375680,1117328,171644,5268984,7693.815,539.076,0,303.480,0,54.906,6200,4874,2.050,1.790,1.030,2,0,495.151,0,0,11,32,0,6,0
12-05 18:19:31,24.285,25.537,47.319,1.753,0,1380600,1112320,171668,5269040,8533.370,486.706,0,1686.445,0,172.250,7481,7201,2.050,1.790,1.030,7,0,800.160,0,0,11,32,0,10,0
12-05 18:19:32,65.304,11.760,22.769,0.250,0,1590780,901304,171672,5269868,6199.079,486.399,16.013,484.397,1.001,26.021,4141,2660,2.130,1.810,1.040,4,0,122.100,0,0,11,32,0,12,0
12-05 18:19:33,39.027,5.754,32.273,22.266,0,1637948,848160,171776,5274852,3927.749,486.340,428.300,9530.672,9.006,483.338,5547,7685,2.130,1.810,1.040,0,3,22.015,0,0,11,38,0,12,0
12-05 18:19:34,8.943,2.484,49.435,36.269,0,1638796,845204,171892,5276604,10080.732,482.921,0,8179.851,0,528.630,4826,8220,2.130,1.810,1.040,9,1,19.873,0,0,11,38,0,11,0
12-05 18:19:35,7.519,3.509,50.630,36.092,0,1638340,844196,172072,5277820,7757.857,487.247,0,14412.891,0,938.402,5434,10017,2.130,1.810,1.040,13,0,21.054,0,0,11,38,0,11,0
12-05 18:19:36,7.721,3.238,52.801,32.378,0,1638080,842936,172296,5279080,5635.806,484.179,0,15202.829,0,993.265,5857,10759,2.130,1.810,1.040,3,3,23.910,0,0,11,38,0,11,0
12-05 18:19:37,6.755,3.503,46.785,40.280,0,1637836,841928,172356,5280228,8930.611,486.360,0,13473.975,0,865.641,4956,9028,2.520,1.890,1.080,2,3,6.004,0,0,11,38,0,11,0
12-05 18:19:38,8.497,2.499,50.481,35.237,0,1637964,840668,172420,5281220,5258.071,485.822,0,13451.066,0,863.683,5955,10738,2.520,1.890,1.080,1,1,11.996,0,0,11,38,0,10,0
12-05 18:19:39,7.515,3.256,57.863,28.556,0.250,1638284,839156,172480,5282320,9891.288,486.950,0,8825.209,0,674.315,5286,9306,2.520,1.890,1.080,1,2,15.029,0,0,11,38,0,10,0
12-05 18:19:40,16.487,6.745,42.218,32.475,0,1619388,856796,172548,5283476,7604.171,485.628,0,14041.237,0,923.292,6436,10888,2.520,1.890,1.080,3,2,56.956,0,0,11,36,0,10,0
12-05 18:19:41,23.074,4.765,39.627,29.845,0,1664512,810320,172584,5284752,6705.449,2846.104,0,11015.235,0,766.452,6258,10030,2.520,1.890,1.080,1,1,15.048,0,0,11,37,0,10,0
12-05 18:19:42,17.176,3.485,39.829,36.593,0,1662188,811520,172612,5285816,14738.653,6539.891,0,11912.798,0,789.606,6119,10263,2.640,1.930,1.090,1,3,5.974,0,0,11,37,0,8,0
12-05 18:19:43,23.990,7.247,34.235,31.986,0,1690292,782492,172652,5286676,7275.886,1318.436,0,13830.082,0,847.637,6799,9844,2.640,1.930,1.090,2,2,84.964,0,0,11,36,0,9,0
12-05 18:19:44,24.101,4.519,38.411,31.382,0,1704544,766628,172696,5288188,13950.551,6237.178,0,10295.210,0,716.005,6489,9974,2.640,1.930,1.090,3,2,13.055,0,0,11,39,0,9,0
12-05 18:19:45,18.534,4.007,46.086,28.553,0,1696636,773208,172748,5289428,16506.670,10996.432,0,13104.348,0,834.551,7746,13640,2.640,1.930,1.090,2,1,6.011,0,0,11,39,0,9,0
12-05 18:19:46,21.150,6.221,41.553,28.366,0,1662988,805160,172872,5290944,14324.191,4032.909,0,12918.844,0,877.844,7411,12087,2.640,1.930,1.090,2,2,50.760,0,0,11,38,0,9,0
12-05 18:19:47,21.997,3.999,40.245,31.746,0,1682616,784168,172928,5292168,10245.608,2836.615,0,8750.811,0,719.902,4686,7440,2.750,1.960,1.110,3,2,3.000,0,0,11,39,0,9,0
12-05 18:19:48,19.494,4.249,38.237,36.238,0,1680688,785272,172988,5292904,12791.777,8974.037,0,12108.002,0,948.687,6994,11648,2.750,1.960,1.110,4,1,11.996,0,0,11,39,0,9,0
12-05 18:19:49,19.075,3.765,41.162,32.628,0,1675964,788804,173080,5293940,14505.052,10004.350,0,14906.632,0,1047.119,8647,14509,2.750,1.960,1.110,2,1,9.036,0,0,11,38,0,10,0
12-05 18:19:50,25.501,8.000,35.251,29.251,0,1649056,814220,173168,5295308,7959.321,486.020,0,13568.547,0,985.040,6827,10535,2.750,1.960,1.110,1,1,71.003,0,0,11,38,0,10,0
12-05 18:19:51,24.254,4.501,41.257,27.755,0,1667868,794064,173244,5296540,13009.259,7246.258,0,12654.198,0,897.156,7834,13278,2.750,1.960,1.110,0,1,3.001,0,0,11,39,0,10,0
12-05 18:19:52,20.640,4.476,43.022,30.339,0,1664888,795964,173392,5297440,16886.329,8419.291,0,12620.979,0,857.447,8171,14059,2.850,2,1.120,4,2,8.952,0,0,11,39,0,10,0
12-05 18:19:53,15.556,3.764,47.171,32.367,0,1662032,797680,173552,5298388,11484.666,5202.876,0,12914.855,0,795.887,6250,10880,2.850,2,1.120,2,3,9.033,0,0,11,38,1,10,0
12-05 18:19:54,27.074,6.267,40.110,24.066,0,1696100,761292,173676,5300520,8804.163,487.338,0,11952.805,0,784.152,6944,11027,2.850,2,1.120,3,2,38.105,0,0,11,38,0,10,0
12-05 18:19:55,29.985,4.997,35.732,27.236,0,1592096,864408,173736,5301324,16154.689,7381.203,0,10310.696,0,756.611,6409,10349,2.850,2,1.120,10,0,49.974,0,0,11,37,0,10,0
12-05 18:19:56,28.369,16.424,34.093,19.410,0,1582856,872644,173808,5302548,17503.274,12522.247,370.292,14019.342,5.972,859.038,11050,19339,2.850,2,1.120,4,2,336.448,0,0,11,37,0,10,0
12-05 18:19:57,32.654,14.569,25.369,26.374,0,1598608,855208,173896,5303708,4981.423,1679.899,1370.444,15272.814,20.094,937.408,7891,12749,2.860,2.010,1.130,2,2,159.751,0,0,11,36,0,11,0
12-05 18:19:58,22.214,6.240,43.929,24.960,0,1619232,833784,173940,5304448,15118.620,6140.099,411.337,6461.580,9.984,622.995,5465,7392,2.860,2.010,1.130,2,1,88.857,0,0,11,37,0,11,0
12-05 18:19:59,20.570,5.770,46.911,24.835,0,1573356,878428,173992,5305568,11273.599,3612.368,0,12699.481,0,830.845,6674,11091,2.860,2.010,1.130,5,2,34.117,0,0,11,36,0,12,0
12-05 18:20:00,20.386,3.729,46.986,26.352,0,1610796,839672,174020,5306816,10523.960,2821.173,0,8599.755,0,621.513,4894,8188,2.860,2.010,1.130,4,1,0,0,0,11,37,0,12,0
12-05 18:20:01,20.098,6.029,40.949,30.900,0,1574312,875056,174096,5307784,13324.854,4868.696,0,16632.954,0,1091.312,6986,11817,2.860,2.010,1.130,2,3,63.308,0,0,11,36,0,13,0
12-05 18:20:02,22.847,5.215,48.426,21.357,0,1596032,852192,174124,5308856,11285.402,2435.684,0,7251.425,0,538.393,4671,7497,3.030,2.060,1.150,4,0,5.960,0,0,11,37,0,13,0
12-05 18:20:03,21.523,3.254,49.303,23.525,0,1588900,857884,174148,5310240,17819.181,9002.691,0,8232.862,0,619.667,7115,11417,3.030,2.060,1.150,3,3,0,0,0,11,36,0,14,0
12-05 18:20:04,25.335,6.522,41.640,24.583,0,1580488,865236,174172,5311216,5880.779,553.863,0,13140.194,0,856.882,5767,9389,3.030,2.060,1.150,4,1,47.159,0,0,11,36,0,14,0
12-05 18:20:05,19.534,3.506,50.338,23.791,0.250,1581164,863116,174200,5312600,16483.670,9421.386,0,8526.831,0,631.098,6093,10178,3.030,2.060,1.150,2,1,0,0,0,11,37,0,14,0
12-05 18:20:06,9.694,5.965,51.948,29.081,0,1549000,894672,174220,5313156,8432.946,2418.929,0,15652.947,0,694.957,5231,8063,3.030,2.060,1.150,3,3,65.618,0,0,11,36,0,15,0
12-05 18:20:07,4.002,2.251,67.285,24.263,0,1536028,906644,174248,5314104,2913.523,486.254,0,6919.616,0,565.295,3949,7566,2.870,2.050,1.150,1,1,6.003,0,0,11,36,0,15,0
12-05 18:20:08,4.252,2.001,64.275,25.510,0,1524704,917068,174308,5314900,6773.612,486.187,0,8083.117,0,597.230,4687,8727,2.870,2.050,1.150,3,1,6.002,0,0,11,36,0,15,0
12-05 18:20:09,4.264,3.010,64.717,26.338,0,1515012,926436,174368,5315156,7703.841,581.952,0,10595.541,0,781.622,4745,8792,2.870,2.050,1.150,1,1,12.040,0,0,11,36,0,15,0
12-05 18:20:10,3.984,3.237,59.009,30.376,0,1505160,934188,174448,5317124,7324.086,484.023,0,10489.159,0,704.124,4612,8373,2.870,2.050,1.150,1,1,2.988,0,0,11,36,0,15,0
12-05 18:20:11,5.002,3.502,59.276,29.513,0,1502520,936536,174500,5317360,7327.273,486.217,0,15815.065,0,1013.453,5512,10009,2.870,2.050,1.150,1,2,9.004,0,0,11,36,0,15,0
12-05 18:20:12,5.750,2.000,63.247,25.999,0,1497148,941380,174540,5317836,4677.813,485.981,0,6527.740,0,576.977,4418,7898,2.800,2.050,1.160,1,1,12.000,0,0,11,36,0,15,0
12-05 18:20:13,3.508,3.258,55.134,35.085,0,1492612,945732,174588,5317956,8663.986,487.180,0,14751.732,0,955.314,4996,9011,2.800,2.050,1.160,1,2,9.022,0,0,11,36,0,15,0
12-05 18:20:14,5.236,2.244,60.584,29.669,0,1487800,950224,174644,5318212,5529.877,484.674,0,6681.726,0,693.104,4946,8518,2.800,2.050,1.160,1,2,12.965,0,0,11,36,0,15,0
12-05 18:20:15,3.754,3.003,63.069,28.031,0,1483720,953596,174756,5318792,6954.599,486.532,0,10635.621,0,729.797,4436,8174,2.800,2.050,1.160,2,1,3.003,0,0,11,36,0,15,0
12-05 18:20:16,8.988,5.742,53.428,28.461,0,1456964,979832,174836,5319176,7414.945,485.342,0,12339.268,0,798.917,5780,15020,2.800,2.050,1.160,1,4,54.926,0,0,11,36,0,16,0
12-05 18:20:17,3.504,2.002,65.066,26.777,0,1456160,979832,174864,5319932,5295.352,486.492,0,5477.536,0,478.484,4014,7223,2.650,2.030,1.160,1,1,6.006,0,0,11,36,0,16,0
12-05 18:20:18,4.247,3.247,60.453,29.977,0,1455756,979832,174920,5320272,7749.026,485.626,0,13381.683,0,898.307,4921,9207,2.650,2.030,1.160,1,2,8.993,0,0,11,36,0,16,0
12-05 18:20:19,5.245,1.998,65.182,24.225,0,1456672,978068,174944,5321076,6745.966,485.494,0,6357.372,0,535.442,4086,7338,2.650,2.030,1.160,1,1,5.994,0,0,11,36,0,15,0
12-05 18:20:20,5.750,3.000,58.246,31.248,0,1456764,977816,174980,5321192,6059.607,485.968,0,13443.128,0,905.941,4991,9015,2.650,2.030,1.160,2,1,8.999,0,0,11,36,0,15,0
12-05 18:20:21,5.257,2.253,65.835,22.780,0,1457388,977816,175064,5320480,9269.030,486.632,0,6864.910,0,622.808,4653,8247,2.650,2.030,1.160,2,1,3.004,0,0,11,36,0,15,0
12-05 18:20:22,4.263,2.257,60.177,29.587,0,1457204,977816,175076,5320652,8876.173,487.437,0,11116.780,0,791.333,4640,8836,2.600,2.030,1.160,2,1,0,0,0,11,36,0,15,0
12-05 18:20:23,5.222,3.233,66.394,22.629,0,1458056,977816,175100,5319776,7044.278,537.124,0,9214.656,0,768.883,5064,9205,2.600,2.030,1.160,1,1,2.984,0,0,11,36,0,15,0
12-05 18:20:24,5.012,3.007,59.894,28.318,0,1458200,977816,175124,5319612,6111.676,487.170,0,12931.051,0,889.135,5053,9163,2.600,2.030,1.160,1,1,4.010,0,0,11,36,0,15,0
12-05 18:20:25,7.239,2.496,60.159,26.710,0.250,1458056,977564,175152,5319980,6890.588,485.267,0,11566.523,0,808.778,4969,8832,2.600,2.030,1.160,3,0,5.991,0,0,11,36,0,15,0
12-05 18:20:26,5.259,2.254,61.106,29.301,0,1457596,977564,175172,5320420,4985.615,486.841,0,6515.259,0,535.926,3986,7166,2.600,2.030,1.160,1,1,6.010,0,0,11,36,0,15,0
12-05 18:20:27,5.751,3.250,59.255,29.253,0,1457788,977060,175176,5320728,5573.488,486.043,0,10056.881,0,778.068,4980,9022,2.550,2.030,1.170,2,1,6.001,0,0,11,36,0,15,0
12-05 18:20:28,5.247,2.499,65.464,23.237,0,1457508,977060,175200,5320992,3382.114,485.729,0,10058.392,0,797.555,4754,9096,2.550,2.030,1.170,2,2,8.995,0,0,11,36,0,15,0
12-05 18:20:29,4.764,3.009,61.436,28.336,0,1457196,977060,175208,5321296,7602.977,487.473,0,12911.019,0,950.874,5110,9199,2.550,2.030,1.170,3,1,9.027,0,0,11,36,0,15,0
12-05 18:20:30,6.235,2.494,56.865,30.926,0,1457064,976808,175236,5321632,10165.778,484.845,0,9700.886,0,745.224,4918,8744,2.550,2.030,1.170,2,3,5.986,0,0,11,36,0,15,0
12-05 18:20:31,5.249,2.749,61.988,26.495,0,1457688,976808,175244,5320996,8796.226,485.902,0,10469.889,0,817.835,5213,9505,2.550,2.030,1.170,3,1,2.999,0,0,11,36,0,15,0
12-05 18:20:32,3.752,2.251,60.777,30.013,0,1457776,976808,175280,5320872,6688.964,486.215,0,8927.957,0,657.291,4141,7396,2.590,2.040,1.180,1,2,6.003,0,0,11,36,0,15,0
12-05 18:20:33,4.999,2.499,60.984,28.992,0,1457852,976556,175300,5321028,7049.095,485.869,0,8717.644,0,643.826,4120,7688,2.590,2.040,1.180,2,2,2.999,0,0,11,36,0,15,0
12-05 18:20:34,4.745,2.747,58.694,30.721,0,1458192,976052,175312,5321180,6170.094,485.535,0,13019.538,0,854.182,4889,8826,2.590,2.040,1.180,2,0,0.999,0,0,11,38,0,15,0
12-05 18:20:35,6.757,2.502,65.814,22.522,0,1458212,975548,175336,5321640,4423.268,486.469,0,7307.051,0,669.646,4932,8628,2.590,2.040,1.180,1,3,6.006,0,0,11,38,0,8,0
12-05 18:20:36,4.999,3.250,58.742,30.496,0,1457792,975548,175356,5322032,7943.920,539.927,0,11882.384,0,839.886,4799,8662,2.590,2.040,1.180,1,2,8.999,0,0,11,38,0,8,0
12-05 18:20:37,5.750,2.000,65.502,23.251,0,1457600,975548,175396,5322172,6518.241,486.018,0,4780.177,0,484.018,4625,8237,2.460,2.030,1.180,4,0,6.000,0,0,11,38,0,8,0
12-05 18:20:38,5.749,2.750,60.994,27.997,0,1457412,975548,175400,5322356,5317.517,485.956,0,12718.844,0,852.923,4950,9243,2.460,2.030,1.180,2,1,8.999,0,0,11,38,0,8,0
12-05 18:20:39,10.507,2.752,57.791,25.768,0,1457984,974288,175448,5322976,9141.448,486.343,0,11776.306,0,890.628,5239,9285,2.460,2.030,1.180,2,1,6.004,0,0,11,38,0,8,0
12-05 18:20:40,8.483,1.996,62.373,23.702,0,1457528,974288,175464,5323408,7047.704,485.016,0,5640.558,0,580.822,4862,8565,2.460,2.030,1.180,1,2,11.976,0,0,11,38,0,8,0
12-05 18:20:41,7.028,3.765,55.223,31.377,0,1457408,974036,175500,5323736,9278.435,487.969,0,15466.402,0,1048.229,6918,12739,2.460,2.030,1.180,1,2,9.036,0,0,11,38,0,8,0
12-05 18:20:42,6.480,1.994,63.554,24.674,0,1456992,974036,175532,5324108,7481.930,484.506,0,7640.442,0,643.017,5636,10534,2.510,2.040,1.190,2,0,8.972,0,0,11,38,0,8,0
12-05 18:20:43,4.752,2.251,63.027,25.761,0,1456548,974036,175552,5324524,4091.743,486.207,0,8155.474,0,648.276,5573,10343,2.510,2.040,1.190,5,0,12.005,0,0,11,38,0,7,0
12-05 18:20:44,4.501,3.001,58.016,31.759,0.250,1456248,974036,175572,5324792,11741.254,486.135,0,14632.055,0,961.266,5023,9499,2.510,2.040,1.190,2,0,7.002,0,0,11,38,0,7,0
12-05 18:20:45,5.748,2.249,60.982,28.242,0,1456000,973784,175616,5325232,5552.373,485.858,0,10304.980,0,793.767,5090,9248,2.510,2.040,1.190,1,1,11.996,0,0,11,38,0,7,0
12-05 18:20:46,4.500,2.250,65.245,25.248,0,1455372,973784,175624,5325844,4650.649,485.963,0,7395.442,0,560.958,3955,7185,2.510,2.040,1.190,1,1,3.000,0,0,11,38,0,7,0
12-05 18:20:47,4.504,2.752,62.802,26.022,0,1455160,973532,175648,5326272,7124.898,486.403,0,12346.220,0,854.707,5205,9602,2.380,2.020,1.190,1,2,6.005,0,0,11,38,0,7,0
12-05 18:20:48,4.496,1.998,61.700,28.477,0,1454912,973280,175656,5326744,6440.755,527.570,0,6414.777,0,515.580,3968,7300,2.380,2.020,1.190,2,1,2.998,0,0,11,38,0,7,0
12-05 18:20:49,4.994,2.996,60.178,28.965,0,1454696,972776,175680,5327428,8139.207,485.416,0,16296.392,0,1014.779,5213,9641,2.380,2.020,1.190,2,1,5.993,0,0,11,38,0,7,0
12-05 18:20:50,5.507,2.253,66.587,22.529,0,1454304,972776,175684,5327800,21056.486,486.635,0,5222.818,0,546.714,4713,8125,2.380,2.020,1.190,2,1,15.020,0,0,11,38,0,7,0
12-05 18:20:51,3.495,2.746,61.411,28.708,0,1453760,972776,175700,5328304,3666.691,485.297,0,12961.235,0,862.751,4640,8849,2.380,2.020,1.190,1,2,8.987,0,0,11,38,0,6,0
12-05 18:20:52,4.505,2.753,64.575,26.030,0,1453856,972272,175712,5328692,8750.227,486.569,0,7709.010,0,643.752,4336,7949,2.510,2.060,1.200,2,1,9.011,0,0,11,38,0,6,0
12-05 18:20:53,4.251,2.751,57.013,32.257,0,1453504,972272,175724,5329024,9533.214,486.113,0,13407.114,0,833.194,4675,8673,2.510,2.060,1.200,1,1,3.001,0,0,11,38,0,6,0
12-05 18:20:54,5.520,2.760,65.738,23.334,0,1453440,971768,175744,5329556,7236.165,487.764,0,6908.981,0,655.370,4711,8560,2.510,2.060,1.200,4,0,10.036,0,0,11,38,0,6,0
12-05 18:20:55,4.234,2.989,57.039,32.878,0,1453300,971516,175756,5329924,7494.246,538.008,0,12736.831,0,893.690,4952,9189,2.510,2.060,1.200,3,1,8.967,0,0,11,38,0,6,0
12-05 18:20:56,4.988,2.743,65.586,23.192,0,1453472,971012,175776,5330224,7838.393,484.787,0,8786.022,0,750.124,5540,10241,2.510,2.060,1.200,3,0,5.985,0,0,11,38,0,6,0
12-05 18:20:57,3.760,2.507,59.406,30.831,0,1453456,971012,175780,5330232,8113.286,487.278,0,9910.000,0,713.873,4594,8477,2.630,2.090,1.220,1,1,9.024,0,0,11,38,0,6,0
12-05 18:20:58,4.750,2.750,61.502,28.251,0,1453352,970508,175788,5330796,4052.142,486.017,0,12728.445,0,870.030,5135,9538,2.630,2.090,1.220,2,1,3.000,0,0,11,38,0,6,0
12-05 18:20:59,5.499,3.000,65.244,22.998,0,1452960,970256,175800,5331408,4253.602,485.954,0,9115.146,0,724.932,5235,9696,2.630,2.090,1.220,1,2,23.998,0,0,11,38,0,6,0
12-05 18:21:00,5.998,3.249,60.975,27.489,0,1453268,969248,175816,5332060,7788.870,485.805,0,10963.594,0,836.664,5351,9518,2.630,2.090,1.220,2,3,23.990,0,0,11,38,0,4,0
12-05 18:21:01,6.745,2.748,60.954,27.230,0,1452716,969248,175820,5332592,8649.512,485.636,0,8717.461,0,762.428,5233,9414,2.630,2.090,1.220,2,1,11.991,0,0,11,38,0,4,0
12-05 18:21:02,5.266,3.762,59.433,28.086,0,1453392,968240,175832,5332900,8082.829,487.498,0,15230.787,0,965.967,5484,10135,2.900,2.160,1.240,1,3,12.037,0,0,11,38,0,4,0
12-05 18:21:03,7.493,2.248,66.188,20.980,0,1452912,967988,175856,5333588,6466.919,485.543,0,5978.378,0,644.394,5349,9669,2.900,2.160,1.240,3,1,17.983,0,0,11,38,0,4,0
12-05 18:21:04,3.739,2.991,58.575,31.157,0,1454180,966476,175876,5333804,7959.217,484.552,0,14054.006,0,935.206,5047,9210,2.900,2.160,1.240,6,1,6.979,0,0,11,38,0,2,0
12-05 18:21:05,5.504,2.752,62.801,25.521,0,1453904,966476,175884,5334064,5422.390,486.394,0,9964.067,0,796.645,5193,9398,2.900,2.160,1.240,7,0,15.012,0,0,11,38,0,2,0
12-05 18:21:06,2.752,2.252,62.305,30.527,0,1452548,966476,175888,5335384,3205.813,486.427,0,10232.979,0,678.595,3888,7292,2.900,2.160,1.240,2,1,6.005,0,0,11,38,0,2,0
12-05 18:21:07,4.502,2.501,65.029,25.011,0,1452844,965972,175900,5335572,2837.256,486.215,0,7251.210,0,626.277,4752,8797,2.750,2.140,1.240,1,1,0,0,0,11,38,0,2,0
12-05 18:21:08,6.249,2.999,57.488,30.493,0.250,1454376,963956,175920,5336024,8088.262,485.896,0,10577.727,0,743.840,4803,8686,2.750,2.140,1.240,1,1,8.998,0,0,11,38,0,1,0
12-05 18:21:09,5.750,3.000,59.249,29.000,0,1455180,962948,175928,5336216,8399.919,579.994,0,13855.867,0,902.991,5096,9211,2.750,2.140,1.240,2,2,3.000,0,0,11,38,0,1,0
12-05 18:21:10,6.750,2.250,64.999,23.000,0,1455052,962444,175940,5336816,10025.801,485.990,0,7591.849,0,600.988,4502,8281,2.750,2.140,1.240,2,1,6.000,0,0,11,38,0,1,0
12-05 18:21:11,4.989,2.744,64.354,24.943,0,1456076,961940,175964,5336264,5455.625,484.900,0,12519.602,0,914.925,5461,10377,2.750,2.140,1.240,2,1,5.986,0,0,11,38,0,1,0
12-05 18:21:12,5.266,2.758,60.681,28.335,0,1457644,961688,175972,5334940,7907.604,487.455,0,14463.172,0,1039.102,5925,11502,2.770,2.150,1.250,1,2,0,0,0,11,38,0,1,0
12-05 18:21:13,4.753,2.252,66.298,24.267,0,1459016,961688,175980,5333564,5872.208,540.387,0,6420.601,0,630.452,5154,9764,2.770,2.150,1.250,1,2,0,0,0,11,38,0,1,0
12-05 18:21:14,4.738,2.743,64.591,23.941,0,1460376,961688,175980,5332200,3382.692,484.809,0,9756.038,0,774.099,5851,10894,2.770,2.150,1.250,1,2,0.998,0,0,11,38,0,1,0
12-05 18:21:15,5.006,3.004,61.325,28.535,0,1461684,961688,175980,5330888,9057.059,486.594,0,13124.024,0,899.098,6475,12277,2.770,2.150,1.250,3,0,0,0,0,11,38,0,1,0
12-05 18:21:16,9.995,5.248,60.972,20.740,0,1462368,960696,175980,5331156,5804.336,485.777,0,7144.721,0,650.701,5981,19507,2.770,2.150,1.250,2,2,47.978,0,0,11,38,0,1,0
12-05 18:21:17,5.249,2.999,60.487,28.744,0,1462240,960696,175980,5331284,6465.569,485.892,0,16544.337,0,1079.761,5238,10027,2.630,2.130,1.250,2,1,5.999,0,0,11,38,0,1,0
12-05 18:21:18,5.511,2.755,59.366,29.057,0,1462004,960696,175980,5331520,9319.190,486.950,0,13197.760,0,900.758,5019,9167,2.630,2.130,1.250,1,2,9.018,0,0,11,38,0,1,0
12-05 18:21:19,5.262,2.506,66.902,22.551,0,1461728,960696,175992,5331784,10182.128,487.106,0,6166.006,0,615.398,4723,8492,2.630,2.130,1.250,1,2,9.020,0,0,11,38,0,1,0
12-05 18:21:20,10.755,2.251,62.026,22.009,0,1461940,960696,176000,5331564,10572.453,486.205,0,9628.056,0,768.324,4954,8458,2.630,2.130,1.250,3,0,9.004,0,0,11,36,0,3,0
12-05 18:21:21,10.268,19.784,62.607,6.762,0,1333180,1089324,176004,5331712,8882.147,486.830,0,4800.186,0,271.463,6145,5411,2.630,2.130,1.250,3,0,445.760,0,0,11,32,0,3,0
12-05 18:21:22,30.249,21.999,45.999,0.500,0,1415820,1006424,176020,5331956,5067.845,485.985,0,2027.938,0,132.996,6433,5783,2.660,2.150,1.260,4,0,497.985,0,0,11,32,0,9,0
12-05 18:21:23,63.880,8.734,24.204,2.994,0,1605204,815436,176076,5333344,7467.932,485.086,0,1652.886,0,70.866,3899,1888,2.660,2.150,1.260,4,2,2.994,0,0,11,32,0,9,0
12-05 18:21:24,64.159,5.764,21.303,8.020,0,1773308,644104,176204,5336208,7840.459,487.209,0,6219.435,0,207.515,3928,2050,2.660,2.150,1.260,4,2,7.017,0,0,11,32,0,9,0
12-05 18:21:25,26.829,3.229,39.746,28.319,0,1787716,626212,176276,5339308,5404.526,482.920,0,9356.319,0,512.729,4829,6823,2.660,2.150,1.260,4,2,14.905,0,0,11,38,0,9,0
12-05 18:21:26,9.509,3.503,51.801,31.781,0,1789296,623188,176288,5340688,8048.962,486.481,0,11667.541,0,776.768,5675,9803,2.660,2.150,1.260,2,3,39.039,0,0,11,38,0,9,0
12-05 18:21:27,8.994,2.748,52.718,33.480,0,1788932,622180,176288,5342012,10331.679,485.703,0,12740.205,0,802.509,5929,11059,2.610,2.140,1.260,1,2,20.987,0,0,11,38,0,9,0
12-05 18:21:28,8.492,2.248,50.204,35.967,0,1788972,620920,176296,5343176,9344.522,485.559,0,11977.133,0,740.328,4768,8469,2.610,2.140,1.260,1,1,17.984,0,0,11,38,0,9,0
12-05 18:21:29,6.505,2.502,55.042,32.525,0,1788160,620164,176304,5344700,7837.982,486.371,0,9411.183,0,641.490,4893,8562,2.610,2.140,1.260,1,1,18.014,0,0,11,38,0,9,0
12-05 18:21:30,6.526,3.514,53.215,34.138,0,1787512,619660,176324,5345792,4150.787,542.193,0,14145.207,0,920.724,5159,9757,2.610,2.140,1.260,7,0,18.073,0,0,11,38,0,9,0
12-05 18:21:31,7.235,2.245,56.380,31.183,0,1787204,619156,176336,5346576,7723.517,484.965,0,12780.724,0,838.211,5520,10168,2.610,2.140,1.260,1,1,23.949,0,0,11,38,0,9,0
12-05 18:21:32,8.985,2.995,53.163,32.447,0,1787320,617896,176344,5347680,8022.921,485.209,0,13653.741,0,906.522,6063,11287,2.640,2.160,1.270,2,2,32.946,0,0,11,38,0,9,0
12-05 18:21:33,6.752,3.001,47.017,40.264,0,1786748,617140,176352,5348984,9755.510,486.175,0,13324.794,0,927.334,5907,10772,2.640,2.160,1.270,1,1,21.008,0,0,11,38,0,9,0
12-05 18:21:34,6.999,2.000,57.990,30.245,0,1786360,616384,176360,5350092,8066.610,485.916,0,9334.392,0,604.896,4456,7878,2.640,2.160,1.270,3,2,18.997,0,0,11,38,0,9,0
12-05 18:21:35,6.484,3.741,52.123,33.918,0,1786124,615376,176376,5351296,7250.375,484.821,0,13946.097,0,941.711,6952,12799,2.640,2.160,1.270,3,1,29.927,0,0,11,38,0,9,0
12-05 18:21:36,8.269,3.007,50.868,35.833,0,1786664,613360,176376,5352728,4087.446,541.251,0,14970.595,0,948.191,5356,10010,2.640,2.160,1.270,1,2,16.037,0,0,11,38,0,9,0
12-05 18:21:37,6.501,2.751,50.010,38.008,0,1786520,612352,176388,5353828,3341.682,486.099,0,12862.624,0,776.158,5284,9620,2.750,2.190,1.290,2,2,18.004,0,0,11,38,0,9,0
12-05 18:21:38,7.017,2.757,55.130,31.575,0,1786748,611344,176392,5354588,4807.372,487.152,0,11936.235,0,863.041,5166,9651,2.750,2.190,1.290,1,2,30.071,0,0,11,38,0,9,0
12-05 18:21:39,7.267,3.258,49.367,37.088,0,1786564,610616,176392,5355432,8197.507,487.159,0,11607.622,0,798.901,6315,11515,2.750,2.190,1.290,2,2,33.079,0,0,11,38,0,9,0
12-05 18:21:40,5.978,3.238,54.049,33.625,0,1787040,609104,176400,5356404,7725.335,538.004,0,12226.633,0,787.080,5207,9359,2.750,2.190,1.290,1,2,17.933,0,0,11,38,0,9,0
12-05 18:21:41,9.233,3.743,52.156,31.444,0,1786764,607844,176416,5357852,10220.664,485.130,0,16797.864,0,1094.037,6798,12544,2.750,2.190,1.290,2,6,35.936,0,0,11,38,0,9,0
12-05 18:21:42,4.997,2.998,54.472,34.482,0,1786444,607340,176424,5358620,3892.004,539.723,0,10162.788,0,677.652,5113,9294,2.770,2.200,1.300,3,2,11.994,0,0,11,38,0,9,0
12-05 18:21:43,5.253,3.502,52.784,35.273,0,1786068,606836,176424,5359448,8071.256,528.344,0,13989.111,0,906.590,5099,9453,2.770,2.200,1.300,2,3,12.008,0,0,11,38,0,9,0
12-05 18:21:44,7.243,2.248,48.202,38.711,0,1786100,605576,176424,5360628,6190.771,485.511,0,8171.778,0,654.342,4974,8746,2.770,2.200,1.300,1,1,18.981,0,0,11,38,0,9,0
12-05 18:21:45,6.006,3.253,56.558,31.783,0,1786212,604820,176436,5361240,4478.616,540.557,0,14482.928,0,924.953,5162,9590,2.770,2.200,1.300,2,3,12.012,0,0,11,38,0,9,0
12-05 18:21:46,5.997,3.498,53.725,33.735,0,1786328,604064,176448,5361852,3652.334,485.778,0,14925.191,0,953.565,5378,9982,2.770,2.200,1.300,1,2,11.995,0,0,11,38,0,9,0
12-05 18:21:47,5.498,2.249,53.726,34.235,0,1786740,602804,176460,5362660,12842.305,539.761,0,13402.057,0,915.594,5427,9829,3.030,2.270,1.320,2,0,17.992,0,0,11,38,0,9,0
12-05 18:21:48,7.537,2.512,56.780,30.400,0,1786240,602300,176468,5363636,23443.812,488.413,0,11396.297,0,831.106,5674,9839,3.030,2.270,1.320,2,3,18.089,0,0,11,38,0,9,0
12-05 18:21:49,25.251,6.750,30.251,34.501,0,1680852,706708,176472,5364584,9611.396,540.022,0,13536.557,0,911.038,7235,12039,3.030,2.270,1.320,1,4,90.004,0,0,11,36,0,9,0
12-05 18:21:50,28.333,4.225,39.517,26.842,0,1748360,637912,176492,5365820,6833.655,483.148,0,10219.665,0,723.727,5406,8657,3.030,2.270,1.320,5,0,30.818,0,0,11,36,0,9,0
12-05 18:21:51,26.940,4.784,36.760,29.962,0,1730100,655244,176504,5366696,7983.417,489.459,0,11879.952,0,802.672,6232,9959,3.030,2.270,1.320,3,4,60.427,0,0,11,36,0,9,0
12-05 18:21:52,6.711,4.225,52.691,34.050,0,1724560,659864,176512,5367580,8587.570,536.847,0,12717.319,0,786.382,5196,8933,3.260,2.330,1.350,2,3,64.621,0,0,11,36,0,9,0
12-05 18:21:53,5.754,3.252,53.537,35.024,0,1714288,667704,176516,5369944,4114.856,486.338,0,11387.905,0,730.507,4864,8561,3.260,2.330,1.350,1,1,18.013,0,0,11,36,0,9,0
12-05 18:21:54,4.755,2.252,62.066,29.031,0,1705644,675768,176524,5370492,7949.449,486.517,0,9101.674,0,572.609,3726,6760,3.260,2.330,1.350,3,1,13.014,0,0,11,36,0,9,0
12-05 18:21:55,6.744,3.497,52.452,33.469,0,1690344,690004,176536,5371520,6900.659,539.504,0,15098.127,0,1009.073,5695,10361,3.260,2.330,1.350,2,2,23.978,0,0,11,36,0,9,0
12-05 18:21:56,5.252,3.251,57.020,31.261,0,1683520,695952,176548,5372360,3427.226,486.174,0,15429.520,0,1002.359,5471,10225,3.260,2.330,1.350,1,2,18.006,0,0,11,36,0,9,0
12-05 18:21:57,5.996,2.498,54.716,33.979,0.250,1677000,700664,176548,5374108,7446.342,485.696,0,8018.984,0,623.610,4540,8369,3.160,2.320,1.350,2,1,5.996,0,0,11,36,0,9,0
12-05 18:21:58,5.500,3.000,52.499,35.250,0,1673192,703240,176564,5375280,7805.901,539.993,0,15199.807,0,1001.987,6438,12279,3.160,2.320,1.350,2,1,9.000,0,0,11,36,0,9,0
12-05 18:21:59,7.010,2.253,56.328,31.043,0.250,1668500,706812,176580,5376356,8007.079,486.673,0,8776.143,0,654.906,4879,8638,3.160,2.320,1.350,2,1,27.037,0,0,11,36,0,9,0
12-05 18:22:00,5.759,2.754,56.091,32.553,0.250,1665044,709352,176580,5377248,6372.345,486.790,0,14691.850,0,964.566,5342,9857,3.160,2.320,1.350,1,2,18.029,0,0,11,36,0,9,0
12-05 18:22:01,7.250,2.500,51.502,35.251,0,1662816,710936,176584,5377860,7096.291,540.022,0,13796.565,0,887.036,5352,9568,3.160,2.320,1.350,1,2,12.000,0,0,11,36,0,9,0
12-05 18:22:02,12.211,3.987,50.839,29.905,0,1663000,709760,176588,5378824,10019.260,484.465,0,13700.598,0,880.212,6108,10372,3.230,2.350,1.370,2,2,0,0,0,11,36,0,9,0
12-05 18:22:03,5.495,2.748,58.202,30.974,0,1662780,708284,176596,5380432,8994.558,485.598,0,9040.520,0,595.507,4557,8289,3.230,2.350,1.370,3,1,0,0,0,11,36,0,9,0
12-05 18:22:04,5.001,2.501,51.513,36.759,0,1660628,708928,176600,5381852,4075.015,540.135,0,11902.964,0,750.187,4604,8730,3.230,2.350,1.370,2,3,1.000,0,0,11,36,0,9,0
12-05 18:22:05,5.000,2.750,45.502,43.502,0,1657360,710888,176600,5383112,8172.448,486.027,0,15964.876,0,958.053,5531,10412,3.230,2.350,1.370,2,3,0,0,0,11,36,0,9,0
12-05 18:22:06,4.999,2.499,52.735,36.990,0,1655136,711728,176604,5384460,9172.430,485.864,0,10197.143,0,628.824,4326,7710,3.230,2.350,1.370,4,1,0,0,0,11,36,0,9,0
12-05 18:22:07,5.745,2.997,52.202,36.467,0,1653972,711208,176612,5386056,9735.074,539.505,0,12536.505,0,774.290,5130,9490,3.210,2.360,1.370,1,1,0,0,0,11,36,0,9,0
12-05 18:22:08,5.027,2.514,52.035,36.701,0,1652748,710912,176616,5387488,5940.485,488.672,0,12616.996,0,782.278,5794,11251,3.210,2.360,1.370,0,2,0,0,0,11,36,0,9,0
12-05 18:22:09,3.995,2.247,57.677,33.458,0,1652504,709904,176624,5388692,5091.538,633.196,0,8245.536,0,526.332,3838,7229,3.210,2.360,1.370,1,3,0,0,0,11,36,0,9,0
12-05 18:22:10,4.235,3.239,51.567,38.115,0,1652376,708644,176628,5390040,8010.624,484.285,0,16381.971,0,970.562,5685,10536,3.210,2.360,1.370,6,1,0,0,0,11,36,0,9,0
12-05 18:22:11,6.282,2.764,55.535,32.667,0,1651992,707132,176636,5391848,8021.093,542.781,0,8435.215,0,619.172,4955,8958,3.210,2.360,1.370,0,0,0,0,0,11,36,0,9,0
12-05 18:22:12,5.227,2.738,54.259,36.090,0,1652404,705872,176644,5392640,7562.387,483.849,0,11094.686,0,698.894,4515,8407,3.360,2.410,1.390,1,1,11.947,0,0,11,36,0,9,0
12-05 18:22:13,5.272,2.761,54.725,34.140,0,1652388,705620,176648,5392900,5178.299,542.230,0,14029.706,0,929.824,5038,9366,3.360,2.410,1.390,0,2,0,0,0,11,36,0,9,0
12-05 18:22:14,3.491,2.244,62.345,28.928,0,1652916,704612,176648,5393364,9103.407,484.797,0,10250.560,0,785.052,4966,8988,3.360,2.410,1.390,1,1,12.968,0,0,11,36,0,9,0
12-05 18:22:15,4.254,3.253,55.807,33.534,0,1653276,704108,176660,5393456,8932.117,540.552,0,16172.508,0,1023.044,5124,9354,3.360,2.410,1.390,3,1,9.009,0,0,11,36,0,9,0
12-05 18:22:16,9.777,4.763,59.666,24.317,0,1674960,682184,176660,5393648,3568.905,487.353,0,6301.490,0,613.703,5886,16544,3.360,2.410,1.390,2,4,54.150,0,0,11,36,0,10,0
12-05 18:22:17,4.974,2.487,53.222,34.321,0,1672332,684496,176668,5393952,2915.774,537.195,0,16020.341,0,1098.265,6029,11057,3.330,2.420,1.400,2,1,20.891,0,0,11,36,0,9,0
12-05 18:22:18,8.509,2.252,59.062,27.278,0,1668896,686848,176668,5395004,8827.219,486.508,0,7207.528,0,644.673,5028,8803,3.330,2.420,1.400,1,2,6.006,0,0,11,36,0,9,0
12-05 18:22:19,7.493,2.997,56.947,29.472,0,1667144,687960,176668,5395628,7719.760,539.494,0,12899.902,0,842.210,5546,10432,3.330,2.420,1.400,1,2,8.992,0,0,11,36,0,9,0
12-05 18:22:20,5.250,3.000,55.005,34.503,0,1665184,689652,176668,5395892,7908.680,486.042,0,9732.837,0,662.057,5281,9627,3.330,2.420,1.400,2,4,12.001,0,0,11,36,0,9,0
12-05 18:22:21,6.250,3.500,51.253,35.752,0,1663552,690776,176672,5396364,9277.491,540.029,0,14512.768,0,935.049,7161,13213,3.330,2.420,1.400,2,2,15.001,0,0,11,36,0,7,0
12-05 18:22:22,6.509,2.754,51.825,35.551,0,1662040,691928,176672,5396720,7616.026,486.705,0,14553.069,0,926.341,5008,8904,3.220,2.410,1.410,2,4,12.017,0,0,11,36,0,7,0
12-05 18:22:23,13.243,2.998,56.721,24.487,0,1660252,693192,176672,5397224,10982.296,485.748,0,5677.052,0,562.708,5378,8885,3.220,2.410,1.410,2,1,23.988,0,0,11,34,0,7,0
12-05 18:22:24,17.795,11.529,51.381,17.795,0,1357104,996232,176680,5397324,4333.031,541.378,0,9684.655,0,579.475,6143,7764,3.220,2.410,1.410,1,0,250.638,0,0,11,32,0,7,0
12-05 18:22:25,22.763,3.752,70.041,3.502,0,1431440,921892,176680,5397328,3283.945,486.288,0,1044.619,0,59.035,1842,1535,3.220,2.410,1.410,1,0,1.001,0,0,11,32,0,7,0
12-05 18:22:26,22.178,3.239,70.272,2.741,0,1489116,864212,176680,5397332,8751.590,538.253,0,2408.182,0,172.440,2441,2383,3.220,2.410,1.410,2,0,1.994,0,0,11,38,0,1,0
12-05 18:22:27,22.001,4.000,72.753,0.250,0,1435276,918044,176680,5397336,6903.321,486.023,0,124.006,0,9.000,2251,1652,3.040,2.390,1.400,2,0,27.001,0,0,11,32,0,1,0
12-05 18:22:28,22.733,2.998,73.196,0.500,0,1505840,847480,176680,5397336,6707.038,539.601,0,375.722,0,32.976,2081,1824,3.040,2.390,1.400,2,0,0.999,0,0,11,32,0,1,0
12-05 18:22:29,20.099,7.035,70.849,1.256,0,1474624,878684,176680,5397348,7845.644,488.406,0,562.772,0,44.218,2957,2522,3.040,2.390,1.400,3,0,117.579,0,0,11,32,0,1,0
12-05 18:22:30,13.005,35.515,50.021,0,0,1473348,879896,176680,5397412,7228.987,540.223,0,76.031,0,19.008,8389,8344,3.040,2.390,1.400,3,0,1201.496,0,0,11,32,0,1,0
12-05 18:22:31,7.735,21.458,69.114,0.499,0,1463172,889984,176680,5397496,6756.700,485.045,0,327.356,0,21.957,6389,5148,3.040,2.390,1.400,2,0,533.949,0,0,11,32,0,1,0
12-05 18:22:32,9.252,20.254,69.512,0,0,1441436,911684,176680,5397528,3383.605,540.097,0,88.016,0,9.002,5790,4468,2.880,2.360,1.400,2,0,389.070,0,0,11,32,0,1,0
12-05 18:22:33,14.761,18.013,66.548,0,0,1423620,929460,176680,5397896,7449.355,486.350,0,28.020,0,7.005,6324,6643,2.880,2.360,1.400,3,0,333.240,0,0,11,32,0,1,0
12-05 18:22:34,37.945,11.483,49.678,0,0,1450548,902392,176688,5398032,7885.623,539.222,0,39.942,0,2.996,4601,4024,2.880,2.360,1.400,2,0,166.759,0,0,11,33,0,1,0
12-05 18:22:35,44.118,6.979,48.605,0,0,1569516,783304,176688,5398264,3880.409,484.553,0,243.273,0,40.878,2739,1428,2.880,2.360,1.400,3,0,0,0,0,11,33,0,1,0
12-05 18:22:36,39.752,4.500,45.502,9.000,0,1618668,733188,176744,5399128,7332.292,540.021,104.004,1456.058,1.000,128.005,3602,3103,2.880,2.360,1.400,3,0,19.001,0,0,11,49,0,1,0
12-05 18:22:37,30.537,11.514,54.316,2.253,0,1657800,690444,176768,5402364,8403.155,486.588,0,2182.638,0,260.315,6772,8599,2.730,2.340,1.400,2,0,189.229,0,0,11,48,0,2,0
12-05 18:22:38,17.325,16.069,64.528,1.255,0,1667808,680324,176768,5402392,9409.467,542.332,0,369.589,0,13.056,6699,7808,2.730,2.340,1.400,1,0,306.317,0,0,11,48,0,2,0
12-05 18:22:39,0.995,1.492,88.037,8.704,0,1668024,680100,176768,5402404,6156.599,483.456,0,5053.405,0,255.655,1439,2472,2.730,2.340,1.400,2,1,2.984,0,0,11,48,0,2,0
12-05 18:22:40,1.000,0.500,92.993,4.500,0,1668020,680100,176772,5402404,6679.509,539.960,0,3967.708,0,198.985,1048,1746,2.730,2.340,1.400,1,0,0,0,0,11,48,0,2,0
12-05 18:22:41,0.499,0.499,98.104,0,0,1668020,680100,176772,5402404,8049.988,485.276,0,818.778,0,7.988,758,1016,2.730,2.340,1.400,1,0,2.996,0,0,11,48,0,2,0
12-05 18:22:42,0,0.751,98.335,0,0,1668020,680100,176772,5402404,9770.419,540.466,0,0,0,0,691,956,2.510,2.300,1.390,1,0,1.001,0,0,11,48,0,2,0
12-05 18:22:43,12.838,11.831,74.261,0,0,1665300,682824,176772,5402752,11317.850,531.657,0,0,0,0,4752,5971,2.510,2.300,1.390,3,0,247.704,0,0,11,48,0,2,0
12-05 18:22:44,13.710,13.212,71.044,0,0,1697484,650628,176772,5402424,6491.175,538.439,0,3.988,0,0.997,5286,7008,2.510,2.300,1.390,2,0,316.083,0,0,12,48,0,2,0
12-05 18:22:45,16.999,16.749,64.747,0,0,1667648,680220,176772,5402944,7942.576,723.961,0,0,0,0,6140,7311,2.510,2.300,1.390,1,0,302.984,0,0,12,48,0,2,0
12-05 18:22:46,8.199,7.454,82.739,0.745,0,1668628,679100,176772,5402728,8653.593,536.688,0,580.418,0,42.736,3368,3899,2.510,2.300,1.390,2,0,193.804,0,0,12,64,0,2,0
12-05 18:22:47,17.033,15.530,66.629,0,0,1685096,662524,176776,5403232,63771514.309,486.942,12.023,0,2.004,0,14771,6987,2.390,2.280,1.390,3,0,284.551,0,0,14,66,0,2,0
12-05 18:22:48,16.091,15.839,67.129,0,0,1691728,655836,176776,5402848,118934359.220,768.339,20.114,56.318,1.006,9.051,21670,4847,2.390,2.280,1.390,2,0,397.243,0,0,14,66,1,3,0
12-05 18:22:49,13.753,18.504,67.013,0,0,1659788,687724,176776,5403232,118522036.631,560.112,0,32.006,0,8.002,22534,5833,2.390,2.280,1.390,2,0,413.083,0,0,14,66,1,3,0
12-05 18:22:50,25.752,18.751,54.254,0,0,1701324,646152,176784,5402908,118518817.836,644.045,0,136.010,0,9.001,22242,5883,2.390,2.280,1.390,5,0,412.029,0,0,14,66,1,3,0
12-05 18:22:51,30.927,22.946,43.397,0.998,0,1786136,561140,176824,5403028,103777325.508,612.546,0,522.759,0,8.979,21274,6121,2.390,2.280,1.390,4,0,671.406,0,0,14,66,1,3,0
12-05 18:22:52,31.062,22.796,42.585,2.756,0,1878888,466840,176864,5404776,8243.540,561.126,8.016,4156.340,1.002,173.348,7243,9000,2.360,2.270,1.390,2,0,504.011,0,0,14,70,1,5,0
12-05 18:22:53,52.645,18.962,28.693,0,0,1941752,403792,176864,5404936,7780.547,558.890,0,15.968,0,3.992,5935,6394,2.360,2.270,1.390,5,0,342.320,0,0,14,70,1,5,0
12-05 18:22:54,62.640,21.799,14.532,0,0,2106980,237820,176888,5406008,5311.873,541.210,0,56.125,0,9.020,6624,7546,2.360,2.270,1.390,5,0,445.997,0,0,14,70,1,5,0
12-05 18:22:55,69.298,23.432,7.229,0,0,2186888,280244,169516,5293384,6105.193,648.110,0,733.860,0,54.840,5939,6522,2.360,2.270,1.390,8,0,503.531,0,0,14,70,1,5,0
12-05 18:22:56,71.319,19.085,2.762,7.031,0,2326416,178680,169032,5256172,4058.179,488.187,642.880,4351.492,84.378,56.252,7010,9059,2.360,2.270,1.390,9,0,294.318,0,0,14,74,1,5,0
12-05 18:22:57,56.331,21.341,4.963,15.634,0,2500104,138032,162808,5133364,8082.905,536.015,5391.912,8127.573,254.111,700.790,8514,10267,3.050,2.420,1.440,3,5,444.694,0,0,14,76,1,5,0
12-05 18:22:58,49.117,18.388,17.128,15.617,0,2576904,128700,162660,5067548,5922.291,489.662,44.332,16652.539,5.038,525.933,9225,13515,3.050,2.420,1.440,12,1,270.019,0,0,14,76,1,5,0
12-05 18:22:59,57.430,11.736,13.733,16.480,0,2698972,140424,162224,4937148,10258.544,559.321,723.122,10031.819,42.948,349.576,8205,10843,3.050,2.420,1.440,4,0,135.835,0,0,14,79,1,5,0
12-05 18:23:00,66.524,13.205,14.949,4.236,0,2775236,133320,162332,4869544,6428.198,538.175,67.770,1714.186,7.973,68.767,6750,13212,3.050,2.420,1.440,6,1,210.287,0,0,14,80,1,10,0
12-05 18:23:01,43.364,24.815,29.076,1.253,0,2874864,173736,162332,4732760,10425.325,487.277,12.032,1443.784,3.008,83.218,10468,16196,3.050,2.420,1.440,6,0,611.603,0,0,14,93,1,16,0
12-05 18:23:02,30.746,16.998,48.744,2.750,0,2927624,185240,162344,4670036,7862.045,485.941,347.958,1195.855,18.998,51.994,6681,9080,3.040,2.430,1.450,3,1,290.965,0,0,14,97,1,18,0
12-05 18:23:03,45.496,6.215,40.772,6.712,0,3056904,119396,162356,4607852,5634.495,536.997,930.796,3727.160,16.905,180.988,3254,2272,3.040,2.430,1.450,3,1,0,0,0,14,98,1,18,0
12-05 18:23:04,12.828,17.104,64.643,4.528,0,3086916,155712,162360,4542928,8834.761,488.976,0,2281.886,0,126.771,6356,6103,3.040,2.430,1.450,2,0,371.259,0,0,14,101,1,19,0
12-05 18:23:05,8.941,18.876,71.032,0,0,3095804,146784,162360,4542968,7562.161,572.229,3.974,238.429,0.993,16.889,6027,4949,3.040,2.430,1.450,2,0,410.296,0,0,14,101,1,19,0
12-05 18:23:06,13.522,13.271,67.608,4.507,0,3114300,128072,162360,4543184,5508.779,540.862,256.409,2367.773,15.024,294.469,4253,3063,3.040,2.430,1.450,2,0,211.337,0,0,14,101,1,19,0
12-05 18:23:07,18.205,2.494,78.305,0.249,0,3145972,163452,162360,4477728,13061.394,6249.399,19.950,55.861,1.995,0.998,1816,1507,2.880,2.400,1.450,2,0,0,0,0,14,102,1,19,0
12-05 18:23:08,18.104,6.035,73.422,2.012,0,3119220,190172,162364,4477768,22803.093,17606.217,16.093,426.452,4.023,31.179,3125,3079,2.880,2.400,1.450,2,0,63.364,0,0,14,103,1,21,0
12-05 18:23:09,18.678,1.743,77.948,0,0,3141600,167784,162364,4477776,14748.887,6207.961,0,83.676,0,8.965,2133,1915,2.880,2.400,1.450,2,0,0,0,0,14,104,1,21,0
12-05 18:23:10,20.327,3.262,73.027,2.510,0,3150572,158516,162376,4478032,8615.714,1367.191,0,1128.284,0,69.263,2849,3291,2.880,2.400,1.450,3,0,2.008,0,0,14,110,1,21,0
12-05 18:23:11,22.550,4.510,63.891,7.767,0,3161672,146952,162384,4478488,3959.748,487.076,160.354,2172.800,10.022,230.509,5247,7824,2.880,2.400,1.450,3,0,4.009,0,0,14,115,1,22,0
12-05 18:23:12,35.314,9.202,49.738,4.725,0,3224328,149700,162384,4414620,8887.236,1674.191,99.477,3979.063,4.974,98.482,5232,5986,2.810,2.400,1.450,2,0,114.398,0,0,14,118,1,23,0
12-05 18:23:13,18.205,1.995,76.812,1.746,0,3251780,122244,162388,4414620,13844.083,6864.183,3.990,654.397,0.998,41.897,2173,2168,2.810,2.400,1.450,2,0,0,0,0,14,119,1,23,0
12-05 18:23:14,18.855,4.022,70.644,5.782,0,3257936,179860,162388,4352488,6063.825,2537.152,112.628,1295.225,11.062,119.668,3661,4937,2.810,2.400,1.450,1,0,3.017,0,0,14,123,1,23,0
12-05 18:23:15,39.111,9.965,48.329,1.744,0,3293896,143780,162392,4352604,10310.480,1763.753,0,1056.259,0,84.700,4567,4507,2.810,2.400,1.450,3,0,99.647,0,0,14,122,1,24,0
12-05 18:23:16,41.463,8.243,48.956,0.250,0,3388704,176288,162392,4228364,13684.801,6908.841,43.961,739.341,3.996,50.955,4138,13234,2.810,2.400,1.450,3,0,42.962,0,0,14,123,1,25,0
12-05 18:23:17,20.375,5.534,73.450,0.252,0,3393932,171200,162392,4228400,25753.827,16751.659,0,547.354,0,31.191,2590,2009,2.660,2.370,1.450,2,0,55.339,0,0,14,122,1,26,0
12-05 18:23:18,17.870,1.489,73.467,5.709,0,3391048,174072,162396,4228408,33290.428,22780.692,3.971,4507.293,0.993,474.556,2264,1625,2.660,2.370,1.450,2,1,0,0,0,14,123,1,26,0
12-05 18:23:19,20.614,5.782,72.399,0.754,0,3368624,196480,162400,4228420,7716.499,621.422,4.022,1838.123,1.006,10.055,2317,1641,2.660,2.370,1.450,1,0,51.282,0,0,14,122,1,26,0
12-05 18:23:20,16.178,2.489,80.142,0.747,0,3385380,179600,162404,4228540,17635.143,6980.785,103.537,561.489,10.951,52.764,2497,2845,2.660,2.370,1.450,6,1,0.996,0,0,14,125,1,26,0
12-05 18:23:21,19.252,6.251,66.256,6.751,0,3407288,157640,162404,4228592,8574.776,1634.148,0,2680.243,0,184.017,3492,3760,2.660,2.370,1.450,3,0,82.007,0,0,14,124,1,27,0
12-05 18:23:22,24.442,3.242,70.084,1.496,0,3434256,130436,162404,4228828,29383.218,22957.478,0,933.782,0,59.858,4213,5873,2.530,2.350,1.450,3,0,6.983,0,0,14,127,1,27,0
12-05 18:23:23,20.814,5.768,72.474,0,0,3463988,163108,162404,4167916,7146.122,619.919,0,553.714,0,26.081,2252,1756,2.530,2.350,1.450,2,0,55.171,0,0,14,126,1,28,0
12-05 18:23:24,15.540,2.256,74.693,6.266,0,3469156,157924,162404,4167932,15982.265,7284.809,12.031,7338.949,3.008,219.567,2427,2390,2.530,2.350,1.450,2,1,1.003,0,0,14,127,1,28,0
12-05 18:23:25,24.416,4.485,61.039,8.222,0,3462232,164552,162408,4168224,7580.819,1761.915,0,3308.574,0,358.761,7086,11503,2.530,2.350,1.450,2,0,0.997,0,0,14,127,1,30,0
12-05 18:23:26,20.724,5.243,71.159,1.748,0,3442908,183860,162408,4168224,3703.283,539.313,0,934.809,0,56.927,2397,2257,2.530,2.350,1.450,2,0,52.933,0,0,14,127,1,30,0
12-05 18:23:27,13.264,1.251,81.339,2.252,0,3448176,178548,162408,4168268,16075.498,10529.461,32.035,1073.168,2.002,44.048,1906,1843,2.570,2.360,1.460,2,0,0,0,0,14,128,1,30,0
12-05 18:23:28,24.270,5.254,68.307,2.252,0,3443764,182900,162408,4168328,12144.088,540.449,16.013,1557.294,1.001,162.135,5954,9136,2.570,2.360,1.460,2,0,0,0,0,14,128,1,30,0
12-05 18:23:29,31.222,7.993,59.447,0.749,0,3425232,201332,162408,4168428,6344.394,1350.806,0,1190.948,0,108.904,7958,11876,2.570,2.360,1.460,2,0,77.931,0,0,14,129,1,31,0
12-05 18:23:30,19.510,2.001,76.041,1.751,0,3463532,163020,162408,4168440,13003.991,6800.656,0,2021.087,0,243.131,2079,1811,2.570,2.360,1.460,1,0,0,0,0,14,130,1,31,0
12-05 18:23:31,15.245,7.498,71.977,3.499,0,3427708,198808,162408,4168476,12641.975,3849.774,0,1951.379,0,244.922,4584,5619,2.570,2.360,1.460,3,0,148.953,0,0,14,129,1,32,0
12-05 18:23:32,20.226,1.998,76.660,0.499,0,3450648,175852,162408,4168492,11987.927,2920.571,0,687.193,0,45.946,1889,1714,2.440,2.340,1.450,2,0,0.999,0,0,14,132,1,32,0
12-05 18:23:33,17.776,2.754,76.363,2.754,0,3448560,177912,162420,4168508,17103.332,9670.323,4.006,861.276,1.001,61.090,3259,3928,2.440,2.340,1.450,3,0,0,0,0,14,132,1,32,0
12-05 18:23:34,24.520,6.255,59.298,7.756,0,3449024,177240,162428,4168708,3797.065,540.436,16.013,4219.406,1.001,289.233,8805,14549,2.440,2.340,1.450,3,1,1.001,0,0,14,132,1,32,0
12-05 18:23:35,37.121,13.293,39.128,8.528,0,3405944,220136,162428,4168892,10309.679,2454.017,32.105,4619.089,2.007,313.023,11820,18482,2.440,2.340,1.450,3,0,290.950,0,0,14,133,1,33,0
12-05 18:23:36,20.905,3.733,73.913,0.498,0,3455524,170492,162428,4168908,12064.976,2669.824,0,605.240,0,36.832,2575,2640,2.440,2.340,1.450,1,0,0,0,0,14,134,1,33,0
12-05 18:23:37,17.541,8.520,72.920,0,0,3441284,184700,162428,4168940,13026.369,5943.857,4.009,469.094,1.002,29.068,3741,3173,2.330,2.320,1.450,2,0,156.365,0,0,14,133,1,34,0
12-05 18:23:38,8.514,21.534,68.610,0.250,0,3387912,237908,162428,4169104,7076.333,631.011,0,685.097,0,28.045,5984,4876,2.330,2.320,1.450,2,0,412.661,0,0,14,133,1,34,2
12-05 18:23:39,20.505,16.754,61.014,1.500,0,3394844,230960,162428,4169120,9859.320,486.114,0,512.121,0,30.007,6590,7663,2.330,2.320,1.450,3,0,284.067,0,0,14,133,1,33,2
12-05 18:23:40,30.961,22.471,44.943,0,0,3468224,157520,162428,4169168,8990.539,539.312,19.975,435.445,2.996,31.959,6872,6052,2.330,2.320,1.450,3,0,572.270,0,0,14,133,1,33,2
12-05 18:23:41,33.011,15.755,49.516,1.000,0,3487752,198840,162440,4110036,5880.897,486.157,52.017,612.197,4.001,42.014,6485,8706,2.330,2.320,1.450,4,0,287.093,0,0,16,139,1,33,2
12-05 18:23:42,57.410,26.574,14.540,0.251,0,3656836,173784,162448,3968344,3571.941,611.702,48.134,2350.542,5.014,79.220,8821,13637,2.620,2.380,1.480,8,0,648.806,0,0,16,145,1,33,2
12-05 18:23:43,59.291,19.680,19.431,0.996,0,3769312,160404,162452,3870352,8059.524,484.289,51.817,805.155,5.979,54.806,7910,12034,2.620,2.380,1.480,6,0,327.842,0,0,16,161,1,33,2
12-05 18:23:44,40.662,21.837,37.148,0.502,0,3842712,129764,162452,3828120,6064.167,433.728,0,518.065,0,19.076,7589,9118,2.620,2.380,1.480,3,0,610.433,0,0,16,161,1,33,2
12-05 18:23:45,24.429,21.188,52.098,0.748,0,3899968,124784,162456,3777388,4392.181,574.324,7.977,833.567,1.994,34.898,7338,7958,2.620,2.380,1.480,3,0,493.559,0,0,17,163,1,33,0
12-05 18:23:46,26.099,16.312,55.962,0.502,0,3924012,155276,162456,3723680,10403.492,487.852,0,413.570,0,25.095,6285,6428,2.620,2.380,1.480,3,0,377.433,0,0,17,163,1,33,0
12-05 18:23:47,35.171,20.953,43.153,0,0,3980716,146496,162460,3677232,5831.927,484.913,19.955,323.275,3.991,26.940,6607,7203,2.570,2.370,1.480,2,0,418.063,0,0,17,164,1,33,0
12-05 18:23:48,30.708,21.221,46.437,0.250,0,4055160,133372,162460,3616764,9118.552,559.237,7.989,515.297,1.997,31.956,7361,7620,2.570,2.370,1.480,4,0,554.243,0,0,17,169,1,33,0
12-05 18:23:49,38.983,25.489,33.985,1.000,0,4161000,132944,162472,3514040,8126.386,559.751,27.988,723.678,3.998,45.980,10440,18361,2.570,2.370,1.480,3,0,690.693,0,0,17,177,1,34,0
12-05 18:23:50,16.250,21.750,59.751,1.000,0,4210860,122024,162472,3476064,5325.119,630.014,12.000,608.014,3.000,41.001,8147,9863,2.570,2.370,1.480,2,0,476.011,0,0,17,181,1,34,0
12-05 18:23:51,28.031,13.014,53.559,4.755,0,4256556,155100,162472,3398340,78097.134,560.618,156.172,5005.521,5.006,441.487,5540,5258,2.570,2.370,1.480,1,1,194.214,0,0,17,187,1,34,0
12-05 18:23:52,40.420,6.487,46.408,5.489,0,4379792,152124,162476,3280312,8333.481,558.892,762.489,343.319,14.970,17.964,3007,1805,2.530,2.370,1.480,3,0,2.994,0,0,17,187,1,33,0
12-05 18:23:53,44.954,6.244,45.703,1.748,0,4470484,129096,162596,3215192,5885.977,505.483,319.673,3496.422,15.984,60.938,3770,3117,2.530,2.370,1.480,1,0,17.982,0,0,17,208,1,33,0
12-05 18:23:54,26.623,23.107,46.717,2.763,0,4421860,176732,162604,3216172,8785.721,488.263,928.303,510.366,11.051,36.168,6808,6497,2.530,2.370,1.480,3,0,570.645,0,0,17,207,1,33,0
12-05 18:23:55,30.860,19.661,47.037,1.991,0,4447468,150920,162612,3216744,15675.989,8441.759,27.874,649.060,1.991,45.793,7323,8622,2.530,2.370,1.480,7,0,444.984,0,0,17,214,1,33,0
12-05 18:23:56,55.022,20.166,15.187,8.714,0,4533972,149292,162632,3133628,13900.356,1335.462,669.225,6811.752,17.926,477.022,5841,6110,2.530,2.370,1.480,4,2,228.054,0,0,17,216,1,32,0
12-05 18:23:57,55.896,9.820,26.689,6.798,0,4667460,132616,162636,3020300,19574.781,8731.907,982.969,7066.097,23.164,154.092,4495,3865,2.480,2.360,1.490,3,2,26.186,0,0,17,217,1,32,0
12-05 18:23:58,45.885,9.726,20.698,22.943,0,4655208,138748,162664,3026356,7837.429,3260.857,3467.341,1683.795,179.552,83.791,5408,5395,2.480,2.360,1.490,6,0,29.925,0,0,17,234,1,33,0
12-05 18:23:59,51.671,10.033,23.829,13.545,0,4711188,119332,162740,2990888,16354.270,6678.161,3531.720,1416.701,302.002,110.366,6311,7080,2.480,2.360,1.490,4,0,77.256,0,0,17,236,1,37,0
12-05 18:24:00,28.188,23.698,42.407,4.740,0,4652148,202588,162740,2967492,11106.590,5315.318,135.702,1185.395,7.982,69.846,8187,9396,2.480,2.360,1.490,4,0,564.759,0,0,17,235,1,38,0
12-05 18:24:01,43.350,18.543,34.831,2.005,0,4718048,144776,162744,2959688,16987.307,6213.377,8.019,9914.942,2.005,47.109,7692,10167,2.480,2.360,1.490,5,0,335.777,0,0,17,236,1,38,0
12-05 18:24:02,49.709,27.228,20.733,1.249,0,4747920,251264,162744,2826424,12981.315,5663.339,39.967,947.220,2.998,51.957,7778,9982,2.680,2.400,1.500,7,0,560.539,0,0,17,235,1,39,0
12-05 18:24:03,58.883,18.041,18.792,4.009,0,4862980,132232,163120,2829644,12573.317,2403.413,1619.648,1375.097,72.163,42.095,7166,11345,2.680,2.400,1.500,4,0,295.666,0,0,17,240,1,42,0
12-05 18:24:04,50.150,24.579,22.841,1.738,0,4816244,215404,163124,2794504,20920.163,9480.908,83.418,1020.883,4.965,71.502,8136,10112,2.680,2.400,1.500,5,0,522.359,0,0,17,245,1,30,0
12-05 18:24:05,59.654,19.550,14.788,5.264,0,4948868,138172,163132,2740460,5871.108,729.878,457.176,3103.987,26.067,170.439,8407,11955,2.680,2.400,1.500,2,0,268.691,0,0,17,251,2,31,0
12-05 18:24:06,55.058,10.214,29.397,4.983,0,5089180,145344,163140,2596760,19488.012,13496.913,653.719,661.692,26.906,46.837,4531,4098,2.680,2.400,1.500,5,0,16.941,0,0,17,252,1,33,0
12-05 18:24:07,63.319,12.061,19.599,4.272,0,5114996,138120,163152,2578704,13025.601,4866.509,1608.099,1017.123,86.435,47.238,8772,20289,2.870,2.450,1.520,2,1,24.121,0,0,17,256,1,39,0
12-05 18:24:08,49.739,10.498,36.742,2.250,0,5028544,241068,163152,2562700,19388.901,13760.091,1307.724,2227.529,22.995,63.986,5410,4987,2.870,2.450,1.520,4,0,137.971,0,0,17,261,1,41,0
12-05 18:24:09,43.563,27.289,24.535,3.505,0,5111248,154596,163416,2566116,9104.154,823.189,4378.326,2907.200,66.095,83.120,8009,8636,2.870,2.450,1.520,3,0,621.899,0,0,17,261,2,41,0
12-05 18:24:10,48.509,18.754,29.756,2.250,0,5122996,142428,163420,2566828,20426.894,11270.149,608.116,812.155,9.002,53.010,6285,9925,2.870,2.450,1.520,8,0,263.050,0,0,18,261,1,42,0
12-05 18:24:11,80.008,15.157,1.242,3.479,0,5209516,132196,163420,2493648,10151.541,483.028,1379.512,1073.396,52.676,43.731,5675,4111,2.870,2.450,1.520,6,0,125.230,0,0,18,264,1,42,0
12-05 18:24:12,60.829,10.013,13.267,15.270,0,5284284,163236,163432,2391544,18526.926,10421.459,3027.910,1101.422,138.178,38.049,4873,3681,3.040,2.490,1.540,4,0,13.017,0,0,18,265,1,39,0
12-05 18:24:13,65.552,9.795,7.535,15.572,0,5311324,134516,163464,2393244,4763.919,1480.813,1535.063,3701.029,63.291,360.659,6338,7703,3.040,2.490,1.540,10,0,19.088,0,0,18,274,1,43,0
12-05 18:24:14,42.260,13.503,41.510,2.501,0,5361288,131592,163468,2347840,11993.908,9324.261,804.195,732.178,9.002,43.010,5716,7080,3.040,2.490,1.540,4,0,223.054,0,0,18,277,1,45,0
12-05 18:24:15,38.404,8.728,50.374,1.247,0,5346188,168476,163476,2326664,21110.236,5607.983,566.584,917.706,8.978,82.793,4394,4868,3.040,2.490,1.540,6,0,11.970,0,0,18,282,1,46,0
12-05 18:24:16,42.147,13.547,38.635,3.261,0,5382476,139916,163484,2320284,16619612.026,158930.395,3219.230,602.100,41.144,41.144,10891,6277,3.040,2.490,1.540,7,0,202.707,0,0,18,281,1,45,0
12-05 18:24:17,43.887,10.166,34.713,11.158,0,5358084,164108,163484,2319968,12164.474,5318.052,273.738,5601.708,3.967,633.763,5261,13072,3.280,2.550,1.570,3,2,112.074,0,0,18,282,1,47,0
12-05 18:24:18,33.220,4.027,58.639,2.768,0,5397376,124716,163484,2320068,20710.273,15358.802,0,652.324,0,55.367,3518,3357,3.280,2.550,1.570,4,0,2.013,0,0,18,292,1,48,0
12-05 18:24:19,20.602,4.964,67.266,4.964,0,5339760,181616,163484,2320788,215933.926,8505605.850,428.911,996.821,25.814,96.306,5607,6368,3.280,2.550,1.570,2,0,38.721,0,0,18,290,1,52,0
12-05 18:24:20,10.013,1.752,86.361,0,0,5339908,181424,163484,2320832,8098483.821,7880623.886,0,428.549,0,24.031,5401,4461,3.280,2.550,1.570,2,0,0,0,0,18,294,1,49,0
12-05 18:24:21,18.625,8.054,70.475,0.755,0,5285104,220040,163492,2336964,8709762.870,86569.039,128.868,833.614,7.047,65.441,8931,8598,3.280,2.550,1.570,2,0,146.990,0,0,18,292,1,52,0
12-05 18:24:22,16.881,11.420,69.759,0.993,0,5351440,153560,163496,2337112,8284.702,482.604,59.581,8984.776,2.979,43.693,4424,4284,3.260,2.560,1.580,2,0,317.764,0,0,18,292,1,52,0
12-05 18:24:23,15.342,8.300,61.621,14.085,0.252,5356680,148304,163496,2337128,4889.411,488.941,0,12454.920,0,843.071,3790,2793,3.260,2.560,1.580,4,0,126.763,0,0,18,292,1,52,0
12-05 18:24:24,8.005,20.013,65.793,4.503,0,5351780,153172,163496,2337160,3873.554,560.369,0,6480.272,0,132.087,6629,5806,3.260,2.560,1.580,2,0,516.340,0,0,18,292,1,50,0
12-05 18:24:25,2.230,1.487,94.411,0.743,0,5340088,164788,163496,2337220,7084.058,481.720,15.859,467.843,0.991,42.621,1647,2216,3.260,2.560,1.580,1,0,28.745,0,0,18,294,1,50,0
12-05 18:24:26,20.902,4.533,71.018,2.267,0,5338016,198340,163496,2306760,7449.321,435.173,4.029,16564.792,1.007,48.353,2226,1892,3.260,2.560,1.580,2,0,9.066,0,0,18,294,1,50,0
12-05 18:24:27,16.506,4.001,79.279,0.250,0,5281928,254376,163496,2306812,17148.236,9423.427,68.025,896.326,5.002,10.004,2800,2521,3.080,2.530,1.570,3,0,69.025,0,0,18,298,1,51,0
12-05 18:24:28,11.012,17.269,68.327,2.253,0,5272544,263380,163500,2307172,6465.258,486.546,12.013,1605.803,3.003,84.094,5632,4809,3.080,2.530,1.570,5,0,243.273,0,0,18,298,1,49,0
12-05 18:24:29,11.501,17.501,66.505,3.250,0,5278708,256980,163500,2307360,2792.191,486.033,0,12988.887,0,81.006,5547,4502,3.080,2.530,1.570,2,0,244.017,0,0,18,298,1,49,0
12-05 18:24:30,21.104,5.214,72.250,0.248,0,5356564,179116,163500,2307368,7145.508,482.657,3.972,301.909,0.993,26.814,2706,2479,3.080,2.530,1.570,3,0,45.684,0,0,18,298,1,49,0
12-05 18:24:31,22.458,3.743,68.622,3.244,0,5416940,118320,163500,2307788,8115.843,485.094,419.217,471.120,12.976,52.901,2604,2656,3.080,2.530,1.570,2,0,4.991,0,0,18,304,1,49,0
12-05 18:24:32,23.008,3.001,71.776,1.751,0,5311192,248856,163500,2283588,3988.471,486.179,96.035,488.180,6.002,44.016,2423,2356,2.990,2.520,1.570,2,0,6.002,0,0,18,302,1,49,0
12-05 18:24:33,23.022,3.253,71.568,1.251,0,5381236,178768,163500,2283632,11378.865,486.465,24.023,284.271,4.004,14.013,2064,1572,2.990,2.520,1.570,2,0,1.001,0,0,18,302,1,47,0
12-05 18:24:34,12.256,2.501,84.291,0,0,5398928,161068,163500,2283640,18271.862,13942.762,0,156.076,0,10.005,2120,2147,2.990,2.520,1.570,1,0,3.001,0,0,18,305,1,48,0
12-05 18:24:35,21.017,4.504,72.058,1.251,0.250,5362912,196940,163500,2283784,14923.055,6480.235,0,444.359,0,34.027,2772,2653,2.990,2.520,1.570,3,0,17.014,0,0,18,304,1,49,0
12-05 18:24:36,23.959,1.997,72.875,0.250,0,5361736,198116,163500,2283784,7278.467,527.092,0,111.807,0,12.978,2006,1554,2.990,2.520,1.570,3,0,0,0,0,18,304,1,49,0
12-05 18:24:37,12.584,13.339,71.728,1.007,0,5332084,227468,163508,2284076,3326.160,489.260,398.656,519.461,6.040,25.168,4584,3867,2.750,2.480,1.570,2,0,253.690,0,0,18,304,1,48,0
12-05 18:24:38,14.407,14.159,70.545,0.248,0,5310776,248640,163508,2284244,9905.139,552.438,55.641,0,4.968,0,5021,4088,2.750,2.480,1.570,2,0,328.880,0,0,18,304,1,48,0
12-05 18:24:39,18.100,3.268,77.427,0.503,0,5351600,207660,163652,2284256,13278.181,2652.620,116.643,152.842,5.028,4.022,2126,1695,2.750,2.480,1.570,2,0,33.183,0,0,18,305,1,48,0
12-05 18:24:40,21.905,2.738,72.436,1.742,0,5319060,233940,164260,2289812,7081.323,657.153,119.482,685.032,4.978,12.944,2081,1697,2.750,2.480,1.570,2,0,2.987,0,0,18,304,1,48,0
12-05 18:24:41,18.272,2.253,76.840,1.251,0,5337392,209528,164680,2295440,14838.469,3364.961,176.207,881.037,8.009,42.050,2173,2020,2.750,2.480,1.570,2,0,17.020,0,0,18,305,1,47,0
12-05 18:24:42,20.488,5.497,69.460,2.499,0,5332532,213812,164824,2295732,9804.291,1152.329,31.981,1039.395,2.998,16.990,9662,17863,2.610,2.450,1.560,2,0,12.992,0,0,18,305,1,47,0
12-05 18:24:43,18.965,4.242,74.114,0.499,0,5360652,185336,164864,2296048,14512.314,2928.615,19.963,263.515,2.994,5.989,11031,20023,2.610,2.450,1.560,3,0,12.976,0,0,18,305,1,47,0
12-05 18:24:44,20.760,4.002,72.534,2.001,0,5362744,193008,164996,2286112,4642.162,606.282,4.002,1360.634,1.000,29.014,2275,1884,2.610,2.450,1.560,2,0,9.004,0,0,18,304,1,47,0
12-05 18:24:45,16.036,12.277,69.154,1.253,0,5379804,175976,164996,2286132,4216.400,487.086,0,589.314,0,53.118,4711,4697,2.610,2.450,1.560,2,0,268.599,0,0,18,304,1,47,0
12-05 18:24:46,19.654,2.239,76.624,0.249,0,5404192,151396,164996,2286324,14576.543,6168.760,0,326.400,0,23.883,2080,1954,2.610,2.450,1.560,2,0,0,0,0,18,305,1,47,0
12-05 18:24:47,16.558,8.279,74.007,0.251,0,5382340,173216,164996,2286356,11672.546,5057.568,16.056,0,1.003,0,3201,2583,2.480,2.430,1.560,2,0,116.404,0,0,18,304,1,50,0
12-05 18:24:48,19.744,2.999,76.225,0,0,5398724,171616,164880,2272912,10398.649,2804.096,0,79.974,0,3.999,1850,1510,2.480,2.430,1.560,1,0,0,0,0,18,305,1,50,0
12-05 18:24:49,19.175,5.298,74.428,0,0,5366976,203356,164880,2272920,17029.062,6948.269,0,0,0,0,2740,2343,2.480,2.430,1.560,3,0,70.643,0,0,18,304,1,51,0
12-05 18:24:50,19.578,2.726,77.322,0,0,5329284,241048,164880,2272920,26292.292,6260.070,0,0,0,0,2141,1776,2.480,2.430,1.560,2,0,0,0,0,18,305,1,51,0
12-05 18:24:51,19.210,5.239,73.347,0.998,0,5328284,241984,164880,2272984,13914.880,7856.558,31.933,482.989,1.996,30.935,2870,2747,2.480,2.430,1.560,2,0,55.883,0,0,18,304,1,52,0
12-05 18:24:52,19.256,2.251,77.025,0,0,5336548,233708,164880,2272996,9177.964,6275.027,0,4.001,0,1.000,2009,1855,2.360,2.410,1.560,2,0,2.001,0,0,18,305,1,52,0
12-05 18:24:53,20.288,4.508,74.388,0,0,5302676,267560,164880,2273016,7831.483,5065.367,12.022,4.007,1.002,1.002,2516,2125,2.360,2.410,1.560,2,0,32.059,0,0,18,304,1,54,0
12-05 18:24:54,17.750,3.000,73.499,4.500,0,5331832,238396,164880,2273024,15119.855,8284.920,0,3311.968,0,494.995,2362,1703,2.360,2.410,1.560,1,0,1.000,0,0,18,305,1,54,0
12-05 18:24:55,15.009,4.503,76.795,2.001,0,5335380,234832,164880,2273048,9089.373,3660.164,0,1901.124,0,144.085,3238,3581,2.360,2.410,1.560,2,0,47.028,0,0,18,306,1,55,0
12-05 18:24:56,19.498,2.500,77.242,0,0,5380688,189520,164880,2273052,14429.438,6264.322,0,271.971,0,20.998,1935,1682,2.360,2.410,1.560,2,0,0,0,0,18,307,1,55,0
12-05 18:24:57,19.710,4.990,74.600,0,0,5417504,152692,164880,2273064,10038.846,4983.994,0,155.687,0,7.984,2534,2051,2.250,2.380,1.550,2,0,31.936,0,0,18,306,1,57,0
12-05 18:24:58,19.290,2.505,77.159,0,0,5446404,123784,164880,2273072,13218.181,6521.410,0,12.025,0,2.004,2003,1734,2.250,2.380,1.550,1,0,0,0,0,18,307,1,57,0
12-05 18:24:59,11.242,7.994,77.442,2.248,0,5348444,221376,165016,2273304,13348.012,5432.935,215.838,359.731,8.993,33.975,4095,4032,2.250,2.380,1.550,2,1,176.868,0,0,18,306,1,58,0
12-05 18:25:00,5.540,6.548,82.601,3.777,0,5355620,212936,165556,2274032,10134.687,3794.589,1184.613,467.398,260.897,29.212,3281,3729,2.250,2.380,1.550,3,0,143.040,0,0,18,308,1,58,0
12-05 18:25:01,6.442,12.636,78.291,1.239,0,5330496,237720,165556,2274240,22136.525,3391.288,31.713,717.502,2.973,43.605,4506,4753,2.250,2.380,1.550,2,0,322.083,0,0,18,310,1,53,0
12-05 18:25:02,8.242,11.239,78.172,0.749,0,5349064,218988,165560,2274464,12120.831,1483.511,51.948,335.663,4.995,20.979,4064,3473,2.150,2.360,1.550,2,1,207.791,0,0,18,308,1,54,0
12-05 18:25:03,21.232,2.780,72.038,3.033,0,5350968,207692,165568,2283848,6728.577,533.838,242.653,1217.311,19.210,30.332,2132,1842,2.150,2.360,1.550,2,0,6.066,0,0,18,308,1,54,0
12-05 18:25:04,14.921,1.492,81.321,1.741,0,5343632,213036,165568,2285776,19466.189,4829.493,3.979,712.238,0.995,13.926,1764,1619,2.150,2.360,1.550,2,0,16.911,0,0,18,309,1,54,0
12-05 18:25:05,14.238,5.495,71.439,6.994,0,5344844,205688,165600,2291832,7285.782,659.437,939.198,3393.104,19.983,99.915,3447,3570,2.150,2.360,1.550,2,1,60.948,0,0,18,308,1,47,0
12-05 18:25:06,14.597,11.829,71.226,1.510,0,5369280,181276,165604,2291804,8765.528,489.267,72.484,559.737,2.013,40.269,4301,3859,2.150,2.360,1.550,1,0,244.633,0,0,18,308,1,47,0
12-05 18:25:07,19.841,1.736,76.884,0,0.248,5399676,150860,165604,2291824,14110.005,6223.164,0,55.555,0,2.976,2013,1781,2.060,2.340,1.540,2,0,0.992,0,0,18,309,1,47,0
12-05 18:25:08,22.133,6.036,71.681,0,0,5388360,162140,165604,2291860,20077.851,17415.828,0,0,0,0,2955,2812,2.060,2.340,1.540,2,0,50.303,0,0,18,308,1,49,0
12-05 18:25:09,19.900,2.736,73.881,1.493,0,5407324,143112,165604,2291924,16538.288,7448.747,31.841,294.527,1.990,32.836,2611,2582,2.060,2.340,1.540,2,0,1.990,0,0,18,309,1,39,0
12-05 18:25:10,21.980,6.494,68.437,2.498,0,5375020,175200,165608,2292120,8994.742,2431.767,187.828,519.523,11.989,27.974,3340,3235,2.060,2.340,1.540,3,0,100.907,0,0,18,308,1,40,0
12-05 18:25:11,17.248,2.000,78.740,1.000,0,5398740,151452,165608,2292148,10073.723,6949.119,15.998,311.960,1.000,24.997,1978,2021,2.060,2.340,1.540,1,0,0,0,0,18,311,1,40,0
12-05 18:25:12,14.079,3.771,62.854,16.091,0,5394536,153332,165608,2294472,7995.034,629.546,2268.779,4143.338,94.532,313.767,5157,8041,2.210,2.360,1.560,2,0,2.011,0,0,18,313,1,40,0
12-05 18:25:13,22.614,4.225,69.333,2.734,0,5375708,172096,165608,2294536,8457.108,1715.676,31.809,858.832,0.994,70.575,3665,4623,2.210,2.360,1.560,3,0,4.970,0,0,18,312,1,36,0
12-05 18:25:14,15.239,1.999,81.439,0.999,0,5389912,157752,165608,2294676,17495.989,9745.752,0,487.637,0,28.978,2182,2098,2.210,2.360,1.560,1,0,0.999,0,0,18,313,1,36,0
12-05 18:25:15,14.747,3.999,65.486,13.247,0,5369372,178168,165608,2294800,7600.394,2085.559,79.983,5106.921,2.999,489.896,4858,6755,2.210,2.360,1.560,2,0,0,0,0,18,312,1,37,0
12-05 18:25:16,10.570,20.637,67.196,0.252,0,5338728,208784,165608,2294828,4075.029,555.686,0,696.621,0,55.367,6971,6831,2.210,2.360,1.560,4,0,681.520,0,0,18,312,1,37,0
12-05 18:25:17,12.995,24.990,59.475,1.249,0,5341604,205868,165612,2294864,10200.714,485.796,0,511.785,0,38.984,7899,21463,2.360,2.390,1.570,3,0,819.656,0,0,18,312,1,38,0
12-05 18:25:18,9.497,21.993,63.480,3.749,0,5339708,207716,165612,2294912,7154.733,539.829,0,2419.233,0,143.954,7613,7631,2.360,2.390,1.570,3,0,739.766,0,0,18,312,1,33,0
12-05 18:25:19,8.252,23.504,67.263,0.500,0,5337596,209792,165612,2294948,9831.827,486.090,0,260.048,0,26.005,7224,6680,2.360,2.390,1.570,2,0,675.125,0,0,18,312,1,33,0
12-05 18:25:20,8.742,21.481,67.939,0,0,5318952,228400,165612,2294984,9498.534,485.567,0,191.829,0,20.981,6822,6085,2.360,2.390,1.570,3,0,598.467,0,0,18,312,1,33,0
12-05 18:25:21,12.442,14.930,71.414,0.746,0,5332440,291776,165672,2224808,8358.709,483.726,59.719,557.380,14.930,67.682,5050,4493,2.360,2.390,1.570,2,0,365.283,0,0,18,312,1,33,0
12-05 18:25:22,20.742,4.248,70.472,2.249,0,5350032,294140,165872,2208252,6321.483,485.807,0,2503.003,0,9.996,2263,1913,2.250,2.370,1.570,3,0,3.998,0,0,18,312,1,25,0
12-05 18:25:23,15.493,1.499,78.966,2.999,0,5353996,288628,165872,2209792,11460.012,4946.847,91.960,823.641,10.995,8.996,1796,1580,2.250,2.370,1.570,2,0,15.993,0,0,18,313,1,25,0
12-05 18:25:24,8.808,1.258,82.793,7.046,0,5366584,275272,165872,2210556,13632.350,6977.734,672.407,817.357,39.257,30.198,1556,1641,2.250,2.370,1.570,1,0,1.007,0,0,18,313,1,25,0
12-05 18:25:25,6.454,1.241,85.645,4.965,0,5366112,275272,165872,2211028,18919.411,6736.434,246.261,1318.689,22.839,65.537,1727,2222,2.250,2.370,1.570,3,0,0,0,0,18,313,1,25,0
12-05 18:25:26,7.760,1.502,75.344,14.268,0,5365868,275096,165876,2211484,16608.825,6930.690,236.296,5663.101,27.034,376.472,1743,1642,2.250,2.370,1.570,1,0,0,0,0,18,313,1,25,0
12-05 18:25:27,12.746,1.250,82.972,3.499,0,5384924,254936,165876,2212588,16255.510,6090.943,1023.654,727.754,39.986,24.992,1598,1501,2.070,2.330,1.560,2,0,0,0,0,18,313,1,25,0
12-05 18:25:28,7.754,1.001,84.049,5.503,0,5384308,254936,165952,2213128,22211.874,9058.250,484.281,1124.652,33.019,44.026,1635,1833,2.070,2.330,1.560,2,0,0,0,0,18,313,1,25,0
12-05 18:25:29,13.969,0.748,78.076,5.238,0,5390940,247124,166040,2214220,22984.643,9031.819,598.662,917.949,24.944,29.933,1693,1582,2.070,2.330,1.560,1,0,0,0,0,18,313,1,25,0
12-05 18:25:30,11.491,1.998,74.193,10.992,0,5391612,217620,166124,2242968,13948.302,2826.832,11758.981,907.304,127.902,40.969,1923,2042,2.070,2.330,1.560,2,0,0.999,0,0,18,313,1,24,0
12-05 18:25:31,19.299,2.005,69.425,7.770,0,5395044,202104,166712,2254460,3621.150,541.368,0,2133.391,0,74.187,2405,2560,2.070,2.330,1.560,2,0,0,0,0,18,313,1,24,0
12-05 18:25:32,23.017,2.252,72.303,1.751,0,5389736,191468,166896,2270048,4889.598,486.358,0,1300.957,0,38.028,2215,1991,1.980,2.310,1.560,3,0,0,0,0,18,313,1,24,0
12-05 18:25:33,30.658,6.231,56.829,4.985,0,5409284,167464,167036,2274932,10570.221,484.543,622.130,2500.482,4.985,105.682,3260,2538,1.980,2.310,1.560,3,0,5.982,0,0,18,313,1,24,0
12-05 18:25:34,30.473,7.052,56.413,6.044,0,5418392,167548,167416,2265604,5854.887,489.586,515.778,1793.135,4.030,67.494,3196,2380,1.980,2.310,1.560,2,0,7.052,0,0,18,313,1,24,0
12-05 18:25:35,18.851,2.232,68.706,7.441,0,5414952,147444,167952,2288316,8734.819,482.181,31.749,2531.946,0.992,102.191,2727,2963,1.980,2.310,1.560,2,0,0,0,0,18,313,1,24,0
12-05 18:25:36,17.303,2.508,72.471,6.771,0,5353100,219984,168324,2277060,5885.948,662.019,0,1504.588,0,50.153,2092,1956,1.980,2.310,1.560,2,0,2.006,0,0,18,312,1,24,0
12-05 18:25:37,18.521,4.505,74.086,2.002,0,5380032,192988,168360,2277080,13004.038,2595.001,8.009,15401.811,2.002,177.205,2800,2450,1.820,2.270,1.550,2,0,33.038,0,0,18,313,1,24,0
12-05 18:25:38,21.240,2.999,72.967,1.000,0,5386368,180764,168500,2282796,7409.660,713.678,0,891.598,0,5.997,2081,1651,1.820,2.270,1.550,2,0,2.999,0,0,18,312,1,22,0
12-05 18:25:39,16.246,2.999,77.482,2.999,0,5384132,177276,169024,2287832,11803.281,3526.188,0,1275.706,0,20.995,2004,1709,1.820,2.270,1.550,2,0,21.995,0,0,18,312,1,22,0
12-05 18:25:40,22.733,5.995,66.699,2.498,0,5384100,176736,169068,2288344,7248.438,485.627,0,1179.095,0,8.993,14357,27799,1.820,2.270,1.550,3,0,12.990,0,0,18,312,1,22,0
12-05 18:25:41,20.767,5.504,70.557,2.002,0,5342348,229692,169112,2277160,6060.924,486.395,0,2141.740,0,219.178,5532,8343,1.820,2.270,1.550,2,0,16.013,0,0,18,312,1,22,0
12-05 18:25:42,23.745,4.999,70.235,0,0,5347920,224092,169112,2277188,4235.076,555.879,0,3.999,0,1.000,9802,17458,1.760,2.250,1.540,3,0,53.988,0,0,18,312,1,22,0
12-05 18:25:43,19.972,3.495,74.647,0,0,5393516,178480,169116,2277200,11740.725,1821.475,0,0,0,0,3033,3398,1.760,2.250,1.540,1,0,35.950,0,0,18,313,1,22,0
12-05 18:25:44,20.314,2.759,73.983,1.254,0,5383868,182516,169116,2282824,8931.127,1552.891,0,1448.562,0,9.028,2104,1704,1.760,2.250,1.540,2,0,4.013,0,0,18,312,1,22,0
12-05 18:25:45,15.716,2.744,72.343,8.232,0,5400888,160276,169116,2288020,15425.426,3585.197,31.931,2378.822,0.998,103.774,2568,3074,1.760,2.250,1.540,2,0,16.963,0,0,18,312,1,22,0
12-05 18:25:46,23.278,6.508,67.331,0.751,0,5392632,168020,169116,2288516,6321.576,486.583,0,724.869,0,25.030,14281,26376,1.760,2.250,1.540,3,0,18.022,0,0,18,312,1,22,0
12-05 18:25:47,20.517,6.505,70.558,1.001,0,5378336,193800,169120,2277040,5025.115,486.398,0,796.652,0,26.021,7687,12884,1.780,2.240,1.550,4,0,16.013,0,0,18,312,1,22,0
12-05 18:25:48,23.709,2.995,70.877,0.998,0,5374508,197600,169120,2277072,8028.023,600.954,0,866.491,0,23.958,2548,2187,1.780,2.240,1.550,3,0,20.964,0,0,18,312,1,22,0
12-05 18:25:49,19.503,6.251,71.262,2.000,0,5362508,202076,169120,2284588,6381.038,602.098,0,744.121,0,7.001,3031,2628,1.780,2.240,1.550,4,0,97.016,0,0,18,312,1,22,0
12-05 18:25:50,19.224,1.997,76.648,0.999,0,5378860,182344,169120,2287964,9315.599,2853.202,0,659.123,0,5.992,2094,1870,1.780,2.240,1.550,2,0,15.979,0,0,18,312,1,18,0
12-05 18:25:51,14.526,1.002,81.649,2.004,0,5389560,171304,169120,2288296,22415.862,8744.941,0,873.592,0,27.049,1687,1502,1.780,2.240,1.550,2,0,0,0,0,18,313,1,18,0
12-05 18:25:52,7.989,1.248,86.129,2.746,0,5385292,175180,169120,2288660,21098.290,11912.226,0,4453.728,0,70.900,1632,1882,1.630,2.200,1.540,1,0,1.997,0,0,18,313,1,18,0
12-05 18:25:53,3.748,1.749,87.697,5.996,0,5381796,178584,169148,2288724,63090.914,4165.485,0,8470.886,0,97.941,1435,1653,1.630,2.200,1.540,1,1,0,0,0,18,314,1,18,0
12-05 18:25:54,4.254,0.751,92.091,1.001,0,5378548,181688,169148,2288864,94287.121,5385.319,0,872.862,0,49.048,1553,2037,1.630,2.200,1.540,1,0,1.001,0,0,18,314,1,14,0
12-05 18:25:55,15.259,2.001,74.293,7.754,0,5394196,165764,169168,2289096,27523.801,10030.759,0,4206.415,0,212.122,2364,2962,1.630,2.200,1.540,1,1,0,0,0,18,314,1,14,0
12-05 18:25:56,15.293,1.254,79.724,2.758,0,5400344,159208,169248,2289404,25129.741,11422.154,0,1748.923,0,73.206,1890,1827,1.630,2.200,1.540,2,0,1.003,0,0,18,314,1,14,0
12-05 18:25:57,8.927,1.736,82.080,5.703,0.248,5399636,159492,169324,2289752,306288.138,11364.174,0,2142.499,0,225.161,2250,2179,1.740,2.220,1.550,2,0,1.984,0,0,18,314,1,14,0
12-05 18:25:58,7.283,1.758,67.309,22.604,0,5397936,160808,169508,2289952,57498.085,10999.520,32.148,8916.955,5.023,424.952,2464,2590,1.740,2.220,1.550,1,0,2.009,0,0,18,314,1,14,0
12-05 18:25:59,9.014,1.502,82.127,5.508,0,5396804,161492,169720,2290336,80871.759,14261.000,104.161,2159.331,6.009,98.151,2149,2475,1.740,2.220,1.550,2,0,1.002,0,0,18,314,1,10,0
12-05 18:26:00,8.737,1.248,84.377,3.994,0,5387036,161960,169784,2299536,535384.847,18629.853,0,854.754,0,38.943,2233,2287,1.740,2.220,1.550,1,0,0.999,0,0,18,314,1,10,0
12-05 18:26:01,3.996,2.248,88.412,1.998,0,5385540,154232,169816,2308712,4574585.025,64397.906,0,1978.031,0,34.965,3828,3647,1.740,2.220,1.550,2,1,0.999,0,0,18,314,1,10,0
12-05 18:26:02,4.528,2.012,87.031,3.270,0,5385384,143144,169860,2319880,5898765.204,66175.985,0,4507.517,0,26.160,3342,3092,1.680,2.200,1.540,0,0,2.012,0,0,18,314,1,10,0
12-05 18:26:03,5.462,2.979,80.436,9.434,0,5373656,153928,169916,2320704,6635831.917,64654.703,162.858,12063.423,3.972,50.645,3458,3012,1.680,2.200,1.540,1,1,0.993,0,0,18,314,1,7,0
12-05 18:26:04,2.506,2.256,68.171,25.564,0,5372820,154072,169992,2321424,417027.263,6780.980,4.010,20936.426,1.003,175.439,1974,2255,1.680,2.200,1.540,1,1,1.003,0,0,18,314,1,7,0
12-05 18:26:05,11.272,2.755,59.115,24.297,0,5371624,152336,170084,2324228,102931.644,2559.965,8.016,32711.447,2.004,283.550,2767,3158,1.680,2.200,1.540,3,0,1.002,0,0,18,314,1,7,0
12-05 18:26:06,7.033,2.261,66.812,23.108,0,5372868,148808,170208,2326352,8475.602,488.281,4.019,34183.721,1.005,187.878,1875,2027,1.680,2.200,1.540,1,1,0,0,0,18,314,1,7,0
12-05 18:26:07,13.928,3.731,68.644,12.436,0,5374444,133028,173208,2337224,5465.667,557.112,0,7815.485,0,274.577,2397,2267,1.710,2.190,1.550,2,0,0,0,0,18,314,1,7,0
12-05 18:26:08,21.238,2.998,71.211,4.248,0,5383268,129400,173560,2331456,7998.583,485.732,7.996,1263.302,1.999,36.980,2296,1962,1.710,2.190,1.550,2,0,0,0,0,18,314,1,7,0
12-05 18:26:09,21.218,1.997,72.142,3.245,0,5385848,124880,173712,2333196,8365.521,579.136,0,1234.159,0,41.937,2222,1967,1.710,2.190,1.550,1,1,0,0,0,18,314,1,7,0
12-05 18:26:10,15.012,2.252,72.058,10.258,0,5380264,135120,174028,2328380,3758.030,486.392,4.003,1433.156,1.001,56.045,1920,1872,1.710,2.190,1.550,2,1,0,0,0,18,314,1,7,0
12-05 18:26:11,16.014,3.753,72.063,7.256,0,5387592,134444,174688,2320680,5519.799,486.423,0,1933.681,0,71.062,2050,1876,1.710,2.190,1.550,2,0,0,0,0,18,314,1,3,0
12-05 18:26:12,21.709,1.497,72.364,3.493,0,5392348,131780,175200,2317932,10029.204,538.990,0,1289.583,0,44.916,2221,1972,1.650,2.170,1.540,2,0,0,0,0,18,314,1,3,0
12-05 18:26:13,22.796,2.255,72.395,2.756,0,5392812,124360,175944,2323624,7970.913,486.972,0,1559.113,0,13.026,2189,1977,1.650,2.170,1.540,2,0,0,0,0,18,314,1,3,0
12-05 18:26:14,18.708,2.245,72.586,4.989,0,5394924,124724,176208,2320448,7014.175,484.906,0,2111.237,0,67.847,2285,2111,1.650,2.170,1.540,2,0,0.998,0,0,18,314,1,3,0
12-05 18:26:15,20.759,3.502,66.779,7.753,0,5317228,254240,176660,2267784,5763.504,834.363,24.010,3321.443,3.001,148.064,3133,3575,1.650,2.170,1.540,5,0,2.001,0,0,18,312,1,2,0
12-05 18:26:16,16.515,2.753,78.572,0.751,0,5368808,202644,176660,2267796,12294.326,1759.621,0,556.513,0,27.025,2395,2365,1.650,2.170,1.540,1,0,33.030,0,0,18,313,1,2,0
12-05 18:26:17,22.877,5.531,69.637,1.006,0,5391852,173636,177016,2273480,7778.264,1502.356,0,1580.793,0,29.162,3143,15284,1.600,2.150,1.540,2,0,44.246,0,0,18,312,1,3,0
12-05 18:26:18,15.168,2.487,81.062,0.497,0,5413748,150552,177020,2274560,11182.581,3388.691,0,453.550,0,13.925,1857,1643,1.600,2.150,1.540,2,0,16.909,0,0,18,313,1,3,0
12-05 18:26:19,21.527,5.507,68.587,2.253,0,5401160,157744,177184,2278904,5291.728,660.840,0,1425.813,0,45.057,10396,18834,1.600,2.150,1.540,1,2,15.019,0,0,18,312,1,1,0
12-05 18:26:20,22.215,5.991,69.890,0,0,5403632,154972,177192,2279160,14476.283,485.239,0,491.229,0,3.994,10916,19312,1.600,2.150,1.540,2,0,12.980,0,0,18,312,1,1,0
12-05 18:26:21,20.271,6.006,73.076,0,0,5403004,155600,177196,2279156,9807.143,486.503,0,168.174,0,2.002,2122,1484,1.600,2.150,1.540,2,0,7.007,0,0,18,312,1,1,0
12-05 18:26:22,20.746,4.999,71.485,1.250,0,5377788,191264,177304,2269320,10616.845,527.893,247.950,13097.341,3.999,134.973,2674,2328,1.550,2.130,1.540,3,0,5.999,0,0,18,312,1,1,0
12-05 18:26:23,20.299,4.010,67.912,6.265,0,5385216,181908,177368,2271164,6143.682,487.164,332.795,4001.563,9.022,115.275,4330,5791,1.550,2.130,1.540,1,0,0,0,0,18,313,1,5,0
12-05 18:26:24,18.205,3.990,64.591,11.721,0,5381484,184788,177368,2272000,10152.033,612.494,718.234,2354.210,43.892,269.338,6241,9791,1.550,2.130,1.540,1,1,1.995,0,0,18,315,1,6,0
12-05 18:26:25,12.319,18.102,60.842,7.291,0,5351932,214100,177368,2272240,3855.695,488.750,148.837,3696.801,3.017,251.415,6652,6900,1.550,2.130,1.540,2,0,410.309,0,0,18,316,1,6,0
12-05 18:26:26,11.001,5.251,71.258,11.501,0,5322880,233216,177368,2282260,5135.551,486.052,10077.081,324.035,253.027,12.001,2637,2470,1.550,2.130,1.540,3,1,43.005,0,0,18,316,1,8,0
12-05 18:26:27,5.945,2.230,75.556,13.625,0,5314896,222612,177372,2300844,11086.173,1487.339,18359.368,3464.181,1967.925,126.835,3882,5999,1.590,2.130,1.540,2,0,5.945,0,0,18,319,1,8,0
12-05 18:26:28,1.252,1.002,87.420,9.268,0,5296692,240808,177372,2300852,12713.697,1996.879,0,2204.282,0,357.695,1396,1734,1.590,2.130,1.540,1,0,0,0,0,18,319,1,8,0
12-05 18:26:29,1.751,0.750,96.542,0,0,5298948,238544,177372,2300860,132806.406,2969.306,0,44.019,0,8.004,1033,1412,1.590,2.130,1.540,3,0,2.001,0,0,18,319,1,8,0
12-05 18:26:30,10.481,2.745,83.098,2.495,0,5273696,258644,177588,2305796,131451.035,127333.552,59.891,2483.466,4.991,34.936,2007,2110,1.590,2.130,1.540,1,0,12.976,0,0,18,318,1,8,0
12-05 18:26:31,0.750,0.750,95.742,1.000,0,5273696,258644,177588,2305796,4684.613,53.996,0,711.941,0,11.999,1075,1747,1.590,2.130,1.540,1,0,0,0,0,18,318,1,8,0
12-05 18:26:32,5.515,1.253,92.504,0.251,0,5268052,264268,177596,2305808,157090.004,4045.124,16.044,0,2.006,0,1476,1521,1.460,2.100,1.530,2,0,7.019,0,0,18,318,1,8,0
12-05 18:26:33,23.284,6.760,48.070,20.780,0,5320760,211288,177624,2306052,267625.618,9880.347,272.396,11348.479,3.004,535.778,3804,2467,1.460,2.100,1.530,1,2,27.039,0,0,18,318,1,8,0
12-05 18:26:34,20.970,6.491,67.402,3.495,0,5352520,179848,177624,2306076,167852.984,8779.237,870.734,3163.401,9.985,142.792,3532,2903,1.460,2.100,1.530,2,0,25.962,0,0,18,318,1,8,0
12-05 18:26:35,15.218,7.484,67.859,7.983,0,5321440,201668,177668,2315292,133142.951,2891.982,2023.789,602.746,90.811,49.896,3704,3453,1.460,2.100,1.530,1,1,39.917,0,0,18,320,1,8,0
