"pcp-dstat 6.2.0 CSV Output"
"Author:","PCP team <pcp@groups.io> and Dag Wieers <dag@wieers.com>",,,,"URL:","https://pcp.io/ and http://dag.wieers.com/home-made/dstat/"
"Host:","ubuntu",,,,"User:","ubuntu"
"Cmdline:","dstat -tcmndrylpg --tcp --output /tmp/devstack_logs/dstat-csv.log",,,,"Date:","01 May 2026 13:22:30 UTC"
"system","total usage",,,,,"memory usage",,,,"net/total",,"dsk/total",,"io/total",,"system",,"load avg",,,"procs",,,"paging",,"tcp sockets",,,,
"time","total usage:usr","total usage:sys","total usage:idl","total usage:wai","total usage:stl","used","free","buf","cach","net/total:recv","net/total:send","dsk/total:read","dsk/total:writ","read","writ","int","csw","1m","5m","15m","run","blk","new","in","out","lis","act","syn","tim","clo"
01-05 13:22:30,,985128,1671184,161184,5006568,,,,,,,1.590,1.060,0.620,2,0,,,,10,5,0,17,0
01-05 13:22:31,14.512,21.768,58.547,4.504,0,992140,1663728,161300,5006780,35183.307,8773.059,0,2065.662,0,83.067,6641,5957,1.590,1.060,0.620,1,0,529.426,0,0,10,6,0,17,0
01-05 13:22:32,24.003,17.252,54.256,2.750,0,986892,1668172,161488,5007248,29535.453,12823.499,0,2096.245,0,69.008,6094,6497,1.630,1.080,0.620,3,0,378.044,0,0,10,6,0,17,0
01-05 13:22:33,26.747,14.248,52.494,5.249,0,1129676,1524556,161612,5132636,35638.752,9509.866,0,5035.400,0,63.992,6780,8115,1.630,1.080,0.620,2,0,237.972,0,0,11,7,0,17,1
01-05 13:22:34,28.749,9.250,55.249,5.750,0,1156536,1497108,161776,5132948,30097.399,10047.799,0,1391.972,0,51.999,3756,2710,1.630,1.080,0.620,1,2,138.997,0,0,11,7,0,17,1
01-05 13:22:35,28.180,8.728,54.116,8.230,0,1189664,1443788,161992,5151776,180039.772,9530.379,1731.708,2944.702,118.706,74.815,3901,3156,1.630,1.080,0.620,0,2,118.706,0,0,11,6,0,19,2
01-05 13:22:36,35.994,4.749,46.992,11.248,0,1243208,1374432,163032,5163972,11886.056,485.921,243.960,3371.449,6.999,64.989,2730,1875,1.630,1.080,0.620,2,1,0,0,0,11,6,0,19,2
01-05 13:22:37,33.527,4.253,45.536,16.013,0,1279672,1319876,163588,5179512,10839.637,486.388,16.013,6373.078,1.001,317.253,4147,5001,1.660,1.090,0.630,2,0,10.008,0,0,11,8,0,19,2
01-05 13:22:38,20.272,3.504,45.298,29.281,0,1280128,1299532,164016,5197676,4677.980,486.518,0,8348.889,0,447.476,5866,9514,1.660,1.090,0.630,2,1,7.007,0,0,11,8,0,19,2
01-05 13:22:39,13.261,3.002,45.037,36.030,0,1298896,1272624,164640,5204152,7910.552,486.403,0,9744.071,0,573.475,4812,7887,1.660,1.090,0.630,1,1,0,0,0,11,8,0,19,2
01-05 13:22:40,15.997,3.749,45.491,31.993,0,1298208,1263928,165512,5211236,6860.591,579.881,0,13273.273,0,738.848,5305,8935,1.660,1.090,0.630,0,2,8.998,0,0,11,8,0,19,2
01-05 13:22:41,17.212,4.241,40.660,35.172,0,1309276,1229752,166040,5232052,5486.852,484.926,0,13318.513,0,730.383,5093,8397,1.660,1.090,0.630,0,3,8.980,0,0,11,8,0,19,2
01-05 13:22:42,12.248,2.500,39.993,42.743,0,1305108,1228828,166208,5236324,11264.121,485.919,0,12813.862,0,769.872,3818,5940,1.930,1.160,0.660,1,4,0,0,0,11,8,0,19,2
01-05 13:22:43,15.252,2.750,46.506,34.005,0,1308088,1218340,166532,5242528,7838.039,486.064,0,8649.147,0,804.107,4722,7227,1.930,1.160,0.660,3,2,15.002,0,0,11,8,0,19,2
01-05 13:22:44,17.250,3.000,47.750,29.000,0,1324484,1216100,166768,5228140,14735.005,3213.001,0,8484.003,0,607.000,5132,8135,1.930,1.160,0.660,1,2,11.000,0,0,11,6,0,19,0
01-05 13:22:45,21.278,4.506,42.556,30.290,0,1280276,1259832,166856,5228548,8267.785,486.635,0,11414.890,0,821.071,4965,7910,1.930,1.160,0.660,2,0,22.029,0,0,11,6,0,19,0
01-05 13:22:46,17.503,4.251,48.008,28.505,0,1274268,1259276,167088,5234308,10795.762,2770.452,0,9561.560,0,752.123,4906,8093,1.930,1.160,0.660,3,0,17.003,0,0,11,6,0,19,0
01-05 13:22:47,22.249,4.000,35.498,36.248,0,1274104,1257632,167340,5235696,8583.493,539.968,0,12651.252,0,1018.940,5305,8412,2.010,1.190,0.670,2,3,22.999,0,0,11,6,0,19,0
01-05 13:22:48,13.468,3.242,44.395,36.912,0,1268672,1259524,167572,5238572,12880.409,3484.724,0,9581.244,0,875.920,4690,7669,2.010,1.190,0.670,2,2,20.950,0,0,11,7,0,19,0
01-05 13:22:49,14.522,5.508,41.813,36.305,0,1254088,1270496,167956,5241000,7454.205,660.994,0,13099.691,0,288.434,4151,11910,2.010,1.190,0.670,1,2,40.060,0,0,11,6,0,20,0
01-05 13:22:50,35.566,10.770,30.807,22.542,0,1181608,1342132,168052,5241632,6067.209,486.900,0,18045.337,0,265.490,11942,20199,2.010,1.190,0.670,2,0,88.163,0,0,11,4,0,20,0
01-05 13:22:51,38.250,9.250,44.999,5.750,0,1259560,1263916,168096,5241800,12752.837,485.994,0,2619.966,0,78.999,12088,20276,2.010,1.190,0.670,2,0,19.000,0,0,11,4,0,20,0
01-05 13:22:52,43.271,6.253,38.769,11.256,0,1218752,1317536,168136,5230484,8332.107,486.240,0,4890.410,0,290.143,3448,2558,2.010,1.200,0.680,2,1,22.011,0,0,11,4,0,13,0
01-05 13:22:53,32.234,6.747,51.724,7.996,0,1232540,1303700,168188,5230480,7993.949,485.754,0,3042.458,0,194.901,3056,2604,2.010,1.200,0.680,1,0,63.968,0,0,11,4,0,13,0
01-05 13:22:54,18.998,7.749,69.243,3.250,0,1189076,1347132,168196,5230504,7881.232,485.953,0,251.975,0,13.999,3243,2507,2.010,1.200,0.680,1,0,140.986,0,0,11,4,0,13,0
01-05 13:22:55,9.247,19.993,69.476,0,0,1111556,1424484,168196,5230676,9582.700,485.833,0,79.972,0,15.994,5999,4693,2.010,1.200,0.680,3,0,426.853,0,0,11,4,0,13,0
01-05 13:22:56,16.720,15.223,62.388,3.743,0,1116940,1419036,168200,5230684,7487.571,485.130,0,12832.983,0,335.398,6935,8273,2.010,1.200,0.680,1,0,272.511,0,0,11,4,0,13,0
01-05 13:22:57,43.508,11.252,44.259,1.000,0,1238692,1289816,168200,5238620,9791.908,486.095,7449.451,19203.741,75.015,221.043,4699,3370,2.170,1.250,0.690,2,0,131.026,0,0,11,5,0,13,0
01-05 13:22:58,45.010,4.001,46.011,4.001,0,1276896,1250668,168224,5239660,6403.486,486.113,512.119,5929.376,8.002,116.027,3156,2069,2.170,1.250,0.690,2,0,1.000,0,0,11,5,0,13,0
01-05 13:22:59,40.063,10.016,49.578,0,0,1291732,1233308,168264,5242096,8071.697,486.766,0,3297.187,0,99.156,4763,4675,2.170,1.250,0.690,1,0,59.093,0,0,11,4,0,14,0
01-05 13:23:00,0.998,2.743,92.775,1.995,0,1292464,1232564,168264,5242108,5502.634,484.822,0,1109.306,0,6.983,1284,1428,2.170,1.250,0.690,1,0,58.857,0,0,11,4,0,13,0
01-05 13:23:01,20.755,4.251,74.018,0,0,1361536,1163476,168264,5242112,3243.784,540.131,0,0,0,0,2077,1757,2.170,1.250,0.690,1,0,22.005,0,0,11,4,0,13,0
01-05 13:23:02,23.495,2.250,73.485,0,0,1384832,1140008,168264,5242284,4537.084,485.902,0,0,0,0,1668,1169,2.080,1.250,0.700,1,0,0,0,0,11,4,0,13,0
01-05 13:23:03,17.262,3.002,64.044,15.511,0,1397424,1127264,168348,5242352,8264.701,486.335,0,6568.531,0,417.288,3864,5645,2.080,1.250,0.700,1,0,1.001,0,0,11,10,0,13,0
01-05 13:23:04,18.956,4.739,72.581,1.746,0,1382060,1141980,168620,5242704,5423.376,484.871,610.579,179.582,17.958,9.977,2118,1627,2.080,1.250,0.700,1,0,41.902,0,0,11,4,0,14,0
01-05 13:23:05,19.033,2.003,76.383,2.003,0,1400260,1123552,168628,5242892,10291.952,2876.017,0,957.670,0,18.031,2151,2053,2.080,1.250,0.700,1,0,1.002,0,0,11,17,0,14,0
01-05 13:23:06,18.027,3.505,73.609,3.505,0,1365940,1157520,168676,5243140,13591.037,6537.638,268.396,1466.162,66.097,22.032,2576,2326,2.080,1.250,0.700,2,0,29.043,0,0,11,28,0,15,0
01-05 13:23:07,21.215,4.243,74.129,0,0,1428232,1095224,168676,5243144,10956.165,1151.126,0,135.779,0,12.979,2072,1647,1.990,1.240,0.700,0,0,15.974,0,0,11,29,0,15,0
01-05 13:23:08,15.801,6.521,76.997,0,0,1416480,1106944,168676,5243172,12346.578,6813.842,0,15297.036,0,175.563,3104,2938,1.990,1.240,0.700,1,0,103.331,0,0,11,28,0,16,0
01-05 13:23:09,41.112,9.468,38.122,10.216,0,1500124,1023240,168676,5243212,6415.530,1095.334,0,16568.553,0,224.250,3547,2793,1.990,1.240,0.700,1,1,53.820,0,0,11,29,0,16,0
01-05 13:23:10,17.491,3.498,52.225,25.488,0,1502736,1020612,168684,5243220,18981.743,8955.632,0,21041.738,0,157.923,2435,2444,1.990,1.240,0.700,0,1,0,0,0,11,30,0,16,0
01-05 13:23:11,27.555,9.268,40.831,21.292,0,1476792,1046324,168688,5243444,20070.778,10087.993,0,24207.977,0,186.369,7220,9561,1.990,1.240,0.700,3,0,178.353,0,0,11,28,0,17,0
01-05 13:23:12,77.118,21.533,1.252,0,0,1573696,949388,168692,5243468,3314.082,486.746,0,3901.983,0,46.071,5423,4220,2.230,1.300,0.720,6,0,400.614,0,0,11,28,0,17,0
01-05 13:23:13,88.146,10.209,1.245,0,0.249,1751272,771784,168692,5243488,26377.958,18397.042,0,342.623,0,14.940,6477,5419,2.230,1.300,0.720,5,0,0,0,0,11,32,0,17,0
01-05 13:23:14,65.001,10.290,24.846,0.251,0,1745236,777560,168708,5243732,32707.153,26250.248,0,610.354,0,51.197,7475,11336,2.230,1.300,0.720,2,0,150.581,0,0,11,30,0,21,0
01-05 13:23:15,26.928,8.477,62.831,0.249,0,1553752,969004,168728,5243752,11276.755,2310.802,0,837.753,0,40.890,3584,3996,2.230,1.300,0.720,2,0,159.572,0,0,11,28,0,23,0
01-05 13:23:16,18.252,2.500,78.507,0,0,1546448,976288,168744,5243756,13429.213,5005.452,0,292.026,0,15.001,1895,1630,2.230,1.300,0.720,0,0,0,0,0,11,29,0,22,0
01-05 13:23:17,15.997,7.249,75.485,1.000,0,1497020,1025564,168756,5243896,7378.564,3026.411,0,11237.814,0,156.969,3541,4029,2.130,1.300,0.720,1,0,67.987,0,0,11,28,0,23,0
01-05 13:23:18,18.750,2.000,77.999,0,0,1515320,1007256,168760,5243900,12675.862,4503.951,0,235.997,0,12.000,2007,1774,2.130,1.300,0.720,1,0,1.000,0,0,11,29,0,23,0
01-05 13:23:19,14.793,7.271,73.712,2.507,0,1477236,1045304,168776,5243920,8683.007,3617.418,0,3650.513,0,181.523,4117,4359,2.130,1.300,0.720,1,0,160.462,0,0,11,28,0,24,0
01-05 13:23:20,24.213,30.204,43.185,1.498,0,1457704,1064792,168780,5243960,6759.757,539.183,0,243.631,0,24.962,6699,6168,2.130,1.300,0.720,5,0,852.708,0,0,11,28,0,24,0
01-05 13:23:21,84.450,11.493,4.247,0,0.250,1676068,846404,168780,5243984,8635.871,6119.365,0,67.960,0,3.998,4777,2256,2.130,1.300,0.720,2,0,23.986,0,0,11,31,0,20,0
01-05 13:23:22,68.771,7.002,23.257,0.250,0,1702784,819440,168784,5244228,49695.524,40292.587,0,204.064,0,25.008,9873,14899,2.200,1.330,0.740,4,0,0,0,0,11,31,0,20,0
01-05 13:23:23,78.918,18.038,2.255,0.752,0,1596860,925324,168788,5244264,13141.991,4526.641,0,1094.331,0,57.122,6494,6627,2.200,1.330,0.740,6,0,310.662,0,0,11,28,0,21,0
01-05 13:23:24,87.006,8.751,4.250,0,0,1761300,760852,168792,5244284,20732.519,16736.226,0,188.014,0,11.001,5376,3805,2.200,1.330,0.740,4,0,0,0,0,11,33,0,21,0
01-05 13:23:25,74.996,8.000,15.749,0,0,1780044,741684,168796,5244704,49851.114,43694.471,0,287.983,0,22.999,10870,16591,2.200,1.330,0.740,5,0,26.998,0,0,11,29,0,26,0
01-05 13:23:26,49.971,12.493,36.479,0.250,0,1581516,940148,168796,5244768,13166.458,4038.686,0,327.812,0,22.987,5125,5281,2.200,1.330,0.740,2,0,270.845,0,0,11,28,0,26,0
01-05 13:23:27,32.909,3.740,61.579,0.748,0,1583228,938424,168796,5244780,17924.177,10482.861,0,187.479,0,6.981,2936,2588,2.110,1.320,0.740,2,0,0,0,0,11,30,0,26,0
01-05 13:23:28,48.785,17.512,31.773,0.751,0,1492352,1029104,168804,5244968,19039.507,8813.252,0,360.256,0,30.021,6917,7648,2.110,1.320,0.740,3,0,379.269,0,0,11,28,0,28,0
01-05 13:23:29,53.637,6.015,40.102,0.251,0,1539148,982296,168804,5244980,18514.265,12873.866,0,156.399,0,7.018,4109,3034,2.110,1.320,0.740,3,0,0,0,0,11,31,0,25,0
01-05 13:23:30,52.006,13.752,32.254,1.000,0,1484360,1036980,168824,5245064,24112.962,16343.008,0,552.068,0,52.006,7873,10686,2.110,1.320,0.740,4,0,258.032,0,0,11,28,0,26,0
01-05 13:23:31,74.984,7.972,16.940,0,0,1610556,910632,168828,5245212,18067.909,10959.125,0,155.449,0,7.972,4783,2475,2.110,1.320,0.740,3,0,0,0,0,11,32,0,26,0
01-05 13:23:32,62.933,8.274,26.828,0.752,0,1592832,928256,168860,5245280,34984.939,30406.599,0,1055.074,0,76.222,8643,13355,2.340,1.380,0.760,6,0,108.316,0,0,11,28,0,29,0
01-05 13:23:33,64.537,15.509,20.011,0.250,0,1565016,956096,168860,5245332,4074.329,540.309,0,4942.825,0,382.218,4561,2527,2.340,1.380,0.760,3,0,216.124,0,0,11,28,0,29,0
01-05 13:23:34,39.748,4.750,50.498,3.750,0,1579664,941280,168864,5245520,33149.570,25134.916,0,2767.881,0,144.994,5797,7802,2.340,1.380,0.760,1,0,0,0,0,11,31,0,29,0
01-05 13:23:35,57.255,16.752,25.252,0.250,0,1490116,1030796,168876,5245540,14073.281,4675.426,0,328.030,0,26.002,5670,5264,2.340,1.380,0.760,3,0,299.027,0,0,11,28,0,31,0
01-05 13:23:36,48.681,5.492,45.186,0,0,1546248,974624,168880,5245576,23723.313,16626.391,0,143.796,0,9.986,4926,4588,2.340,1.380,0.760,4,0,0,0,0,11,31,0,31,0
01-05 13:23:37,53.548,16.265,29.276,0.250,0,1536748,983772,168884,5245860,23241.995,12346.153,0,296.268,0,22.020,6847,8203,2.390,1.410,0.770,3,0,293.265,0,0,11,28,0,32,0
01-05 13:23:38,54.777,5.753,38.769,0,0,1600224,920116,168884,5246004,20429.154,12222.075,0,504.251,0,12.006,3985,2700,2.390,1.410,0.770,3,0,1.000,0,0,11,31,0,32,0
01-05 13:23:39,51.427,10.235,35.949,1.748,0,1549984,970144,168892,5246208,22664.770,14268.709,0,1286.171,0,124.822,6937,8809,2.390,1.410,0.770,3,1,111.841,0,0,11,28,0,34,0
01-05 13:23:40,54.926,5.992,38.198,0,0,1582180,937928,168896,5246224,17411.508,12293.413,0,739.003,0,70.904,3827,2841,2.390,1.410,0.770,3,0,0,0,0,11,31,0,34,0
01-05 13:23:41,50.623,16.540,31.827,0.251,0.251,1467128,1052912,168908,5246280,21457.942,14504.109,0,621.504,0,50.121,7136,9584,2.390,1.410,0.770,5,0,384.932,0,0,11,28,0,36,0
01-05 13:23:42,82.532,18.007,0,0,0,1640944,878964,168912,5246344,11900.558,486.186,0,244.093,0,17.007,5639,4647,2.680,1.490,0.800,7,0,420.161,0,0,11,28,0,36,0
01-05 13:23:43,81.572,15.466,2.245,0,0,1786508,733340,168920,5246396,36953.566,24618.415,0,714.445,0,40.911,6754,7208,2.680,1.490,0.800,8,0,426.073,0,0,11,33,0,36,0
01-05 13:23:44,72.154,21.546,6.263,0,0,1631816,887620,168940,5246824,48925.713,39666.897,0,925.982,0,73.157,9055,12204,2.680,1.490,0.800,5,0,594.272,0,0,11,28,1,37,0
01-05 13:23:45,88.072,10.728,0.748,0,0,1692428,826984,168940,5246848,13297.117,6283.297,0,119.758,0,7.984,5145,2813,2.680,1.490,0.800,4,0,29.939,0,0,11,30,0,37,0
01-05 13:23:46,69.953,7.995,21.236,0,0,1684764,834428,168944,5247060,50013.115,39330.353,0,119.919,0,7.995,8609,12694,2.680,1.490,0.800,3,0,7.995,0,0,11,32,0,38,0
01-05 13:23:47,34.589,22.558,41.857,0.501,0,1521704,997392,168944,5247152,21398.767,12294.466,0,1227.141,0,17.044,8083,10052,2.710,1.510,0.810,1,0,715.832,0,0,11,28,0,42,0
01-05 13:23:48,54.506,30.003,14.501,0,0,1531360,987684,168944,5247204,4315.445,486.050,0,168.017,0,18.002,6232,5863,2.710,1.510,0.810,4,0,881.091,0,0,11,28,0,42,0
01-05 13:23:49,69.732,7.998,20.995,0.250,0,1641992,877016,168948,5247248,25588.497,18871.204,0,135.965,0,12.997,5769,20039,2.710,1.510,0.810,2,0,35.991,0,0,11,32,0,43,0
01-05 13:23:50,65.357,13.720,20.954,0.249,0,1620604,898192,168968,5247424,23931.700,15075.055,0,626.631,0,63.860,6805,9947,2.710,1.510,0.810,4,0,200.562,0,0,11,28,0,47,0
01-05 13:23:51,71.674,10.526,17.543,0,0,1621356,897412,168972,5247448,16321.680,11245.339,0,188.458,0,8.019,4513,3000,2.710,1.510,0.810,3,0,67.163,0,0,11,31,0,47,0
01-05 13:23:52,53.984,6.248,38.489,0.250,0,1625376,893140,168976,5247692,45718.793,36449.471,0,143.958,0,7.998,10511,17115,2.810,1.550,0.830,2,0,0,0,0,11,32,0,47,0
01-05 13:23:53,61.952,9.742,26.979,0.250,0,1536328,981944,168992,5247916,38244.172,26683.189,0,423.670,0,47.963,10393,15752,2.810,1.550,0.830,4,0,89.930,0,0,11,29,0,46,0
01-05 13:23:54,80.306,10.758,9.256,0.250,0,1607584,910644,169004,5247912,18113.718,8865.224,0,300.211,0,21.015,5112,3137,2.810,1.550,0.830,2,0,32.022,0,0,11,31,0,46,0
01-05 13:23:55,55.944,6.743,34.965,1.249,0,1617104,900880,169004,5248148,44939.654,34965.718,0,3100.871,0,143.855,9557,15281,2.810,1.550,0.830,4,0,0,0,0,11,32,0,46,0
01-05 13:23:56,59.582,10.264,29.791,0,0,1504332,1013392,169004,5248404,40297.632,34565.719,0,148.205,0,10.014,11131,17255,2.810,1.550,0.830,4,0,162.224,0,0,11,28,0,49,1
01-05 13:23:57,81.250,13.000,5.500,0,0,1601636,916080,169004,5248412,12286.962,4461.986,0,124.000,0,8.000,4959,2634,2.910,1.590,0.850,4,0,98.000,0,0,11,29,0,50,0
01-05 13:23:58,56.748,6.250,35.999,0,0,1623812,893680,169004,5248628,45107.451,33537.848,0,111.996,0,8.000,8546,12405,2.910,1.590,0.850,3,0,1.000,0,0,11,31,0,51,0
01-05 13:23:59,72.251,11.000,15.750,0.250,0,1636324,881096,169008,5248692,25908.220,15763.134,0,344.003,0,33.000,7198,9967,2.910,1.590,0.850,4,0,98.001,0,0,11,28,0,52,0
01-05 13:24:00,69.242,8.499,18.248,3.500,0,1618284,898960,169020,5248856,21916.448,14504.311,0,1951.773,0,124.985,4948,4788,2.910,1.590,0.850,3,1,29.997,0,0,11,30,0,53,0
01-05 13:24:01,67.260,11.752,21.003,0.250,0,1626900,890252,169044,5248920,26806.044,19932.007,0,388.059,0,33.005,6984,9853,2.910,1.590,0.850,4,0,120.018,0,0,11,30,0,53,0
01-05 13:24:02,63.735,8.498,27.244,0,0,1639504,877424,169052,5249136,38440.139,28509.428,0,91.979,0,5.999,7054,10259,3.070,1.650,0.870,5,0,58.986,0,0,11,30,0,55,0
01-05 13:24:03,71.511,13.752,13.502,0,0,1582892,933988,169064,5249168,20018.148,14038.207,0,148.023,0,13.002,6426,7099,3.070,1.650,0.870,4,0,168.026,0,0,11,29,0,57,0
01-05 13:24:04,68.993,9.749,21.748,0,0,1591636,925060,169064,5249348,23119.710,19625.056,0,227.977,0,34.997,6222,6761,3.070,1.650,0.870,4,0,33.997,0,0,11,31,0,58,0
01-05 13:24:05,67.676,9.240,22.226,0,0,1603592,913028,169092,5249396,28247.240,19527.735,0,471.487,0,50.945,5987,8888,3.070,1.650,0.870,5,0,88.903,0,0,11,31,0,61,0
01-05 13:24:06,56.320,10.763,31.289,0.751,0,1593000,923432,169104,5249572,15913.747,8521.574,0,392.487,0,36.045,4630,4485,3.070,1.650,0.870,2,1,145.180,0,0,11,33,1,60,0
01-05 13:24:07,51.604,7.728,39.638,0.249,0,1571960,944404,169108,5249640,22153.300,14033.282,0,243.311,0,19.944,5166,5612,3.150,1.690,0.890,3,0,59.831,0,0,11,33,0,62,0
01-05 13:24:08,55.847,9.767,35.061,0,0,1561608,954708,169116,5249676,22410.960,13560.574,0,184.320,0,9.016,4927,5939,3.150,1.690,0.890,3,0,140.244,0,0,11,33,0,63,0
01-05 13:24:09,54.288,8.716,36.358,0,0,1579992,936092,169120,5249900,22415.576,11874.687,0,442.275,0,14.942,4829,5029,3.150,1.690,0.890,5,0,42.833,0,0,11,33,0,64,0
01-05 13:24:10,40.302,7.510,50.065,1.001,0,1588072,927820,169132,5250076,24082.354,17591.904,0,312.407,0,22.029,5584,6734,3.150,1.690,0.890,1,0,86.112,0,0,11,34,0,63,0
01-05 13:24:11,33.516,6.253,56.276,2.501,0,1563412,952424,169144,5250116,13596.297,8782.067,0,3493.618,0,180.083,5143,6340,3.150,1.690,0.890,2,0,67.031,0,0,11,32,0,65,0
01-05 13:24:12,38.367,8.024,53.413,0.251,0,1526664,989184,169144,5250120,11108.821,5281.078,0,152.464,0,10.031,3298,2308,3.060,1.700,0.890,2,0,68.208,0,0,11,33,0,65,0
01-05 13:24:13,34.069,5.720,59.186,0.249,0,1509908,1005912,169148,5250140,18930.622,10340.172,0,179.051,0,10.942,3840,4453,3.060,1.700,0.890,3,0,33.821,0,0,11,33,0,66,0
01-05 13:24:14,37.069,7.764,54.852,0,0,1497640,1017976,169156,5250332,14028.081,8111.080,0,252.469,0,15.028,4224,4292,3.060,1.700,0.890,2,0,104.194,0,0,11,33,0,66,0
01-05 13:24:15,35.025,6.505,55.290,1.251,0,1507412,1008176,169172,5250344,14823.785,7036.119,0,320.233,0,32.023,4108,3856,3.060,1.700,0.890,2,0,60.044,0,0,11,33,0,67,0
01-05 13:24:16,36.087,4.761,58.892,0.251,0,1508596,1006968,169172,5250368,17125.202,8568.615,0,260.627,0,23.055,3901,4192,3.060,1.700,0.890,2,0,5.012,0,0,11,33,0,68,0
01-05 13:24:17,39.904,4.739,54.370,0,0,1513236,1002296,169172,5250396,18622.331,10141.673,0,1512.372,0,13.966,3725,3995,2.890,1.680,0.890,1,0,0,0,0,11,33,0,69,0
01-05 13:24:18,34.075,6.514,58.629,0.251,0,1510564,1004932,169184,5250420,17792.225,9515.979,0,172.380,0,10.022,3775,4195,2.890,1.680,0.890,2,0,44.097,0,0,11,33,0,62,0
01-05 13:24:19,38.685,4.742,55.906,0.499,0,1506120,1009340,169196,5250444,13220.791,9150.628,0,375.369,0,24.958,3229,3567,2.890,1.680,0.890,1,0,4.992,0,0,11,33,0,63,0
01-05 13:24:20,28.274,10.509,59.051,1.001,0,1434064,1081144,169204,5250688,21524.625,12690.981,0,332.288,0,26.023,5153,6384,2.890,1.680,0.890,2,0,257.223,0,0,11,33,0,64,0
01-05 13:24:21,17.204,2.992,76.297,1.995,0,1407780,1107404,169212,5250700,12103.722,3099.734,0,251.330,0,16.955,2670,2989,2.890,1.680,0.890,1,0,24.934,0,0,11,32,0,65,0
01-05 13:24:22,18.748,2.750,78.242,0.250,0,1417444,1097724,169224,5250704,9148.092,5571.447,0,147.985,0,9.999,1846,1565,2.740,1.670,0.900,1,0,0,0,0,11,33,0,64,0
01-05 13:24:23,15.281,5.261,78.409,0.251,0,1385792,1129340,169236,5250728,83590.381,6163.489,0,252.512,0,25.051,4083,4615,2.740,1.670,0.900,2,0,91.185,0,0,11,32,0,65,0
01-05 13:24:24,17.530,9.015,72.123,0,0,1440196,1074928,169236,5250732,7974.630,486.832,0,192.329,0,14.024,3275,2536,2.740,1.670,0.900,1,0,193.330,0,0,11,32,0,65,0
01-05 13:24:25,17.216,2.745,79.092,0.250,0,1445152,1069952,169236,5250752,16368.393,8045.972,0,435.133,0,25.948,2758,3112,2.740,1.670,0.900,0,0,0,0,0,11,33,0,65,0
01-05 13:24:26,18.994,4.748,74.725,0,0,1453824,1061264,169240,5250764,11636.166,3674.789,0,155.949,0,13.995,2981,3025,2.740,1.670,0.900,3,0,45.985,0,0,11,32,0,60,0
01-05 13:24:27,18.490,2.249,78.456,0,0,1474640,1040444,169240,5250768,11024.854,6000.655,0,31.982,0,3.998,1911,1649,2.600,1.660,0.900,1,0,0,0,0,11,33,0,60,0
01-05 13:24:28,16.795,2.757,77.961,1.003,0,1425188,1089716,169252,5250932,21578.369,9088.584,0,196.532,0,20.054,4810,6386,2.600,1.660,0.900,1,0,9.024,0,0,11,32,0,60,0
01-05 13:24:29,12.007,24.015,63.039,0.500,0,1412424,1102240,169284,5251132,7941.861,486.298,0,472.289,0,38.023,6718,5931,2.600,1.660,0.900,2,0,609.373,0,0,11,32,0,62,0
01-05 13:24:30,44.254,5.500,49.004,0.750,0,1525464,988452,169316,5251832,3638.297,486.040,36.003,568.046,1.000,8.001,2746,1652,2.600,1.660,0.900,2,0,9.001,0,0,11,32,0,59,0
01-05 13:24:31,31.481,5.247,46.971,15.740,0,1513672,997076,169452,5254324,9546.114,539.667,435.731,7307.494,16.990,493.696,4817,6393,2.600,1.660,0.900,1,1,20.987,0,0,11,36,0,59,0
01-05 13:24:32,27.980,5.746,43.719,20.236,0,1516912,992540,169640,5255360,8088.287,485.657,0,6179.635,0,653.538,6560,10589,2.550,1.670,0.900,2,2,29.979,0,0,11,36,0,59,0
01-05 13:24:33,25.961,5.991,39.691,26.710,0,1514128,994304,169808,5256184,8746.940,485.275,0,12477.370,0,867.704,5716,9676,2.550,1.670,0.900,2,0,17.973,0,0,11,36,0,59,0
01-05 13:24:34,25.964,5.243,41.691,25.215,0,1570156,937272,169964,5257008,7502.463,485.318,0,9155.142,0,679.046,4853,8201,2.550,1.670,0.900,4,0,16.976,0,0,11,36,0,56,0
01-05 13:24:35,27.263,4.752,44.022,22.511,0,1559876,946344,170096,5258036,5285.611,540.267,0,7139.527,0,631.312,5497,9335,2.550,1.670,0.900,2,3,28.014,0,0,11,36,0,56,0
01-05 13:24:36,25.996,5.249,39.745,26.746,0,1593520,911736,170160,5258916,9478.699,485.933,0,11146.470,0,851.883,6111,10412,2.550,1.670,0.900,3,1,22.997,0,0,11,36,0,56,0
01-05 13:24:37,27.524,5.755,32.529,32.279,0,1555424,949388,170264,5259224,5819.159,486.431,0,15745.959,0,1088.965,6633,11060,2.510,1.670,0.910,1,2,16.014,0,0,11,36,0,56,0
01-05 13:24:38,25.487,5.747,39.979,26.736,0,1579468,924872,170328,5259612,10368.549,485.745,0,8227.675,0,665.650,5482,8510,2.510,1.670,0.910,3,1,11.994,0,0,11,36,0,51,0
01-05 13:24:39,27.328,4.764,45.880,21.310,0,1547584,956192,170452,5260036,9426.759,487.383,0,7818.193,0,717.035,5534,9245,2.510,1.670,0.910,1,1,16.046,0,0,11,36,0,51,0
01-05 13:24:40,26.162,4.734,44.350,22.424,0,1602068,901336,170524,5260336,13225.386,631.868,0,11242.077,0,837.176,5059,8062,2.510,1.670,0.910,1,2,4.983,0,0,11,36,0,51,0
01-05 13:24:41,26.330,4.263,46.641,21.064,0,1551796,951480,170676,5260272,8460.578,487.474,0,6475.577,0,602.822,5566,9018,2.510,1.670,0.910,1,1,7.021,0,0,11,36,0,51,0
01-05 13:24:42,34.466,5.744,39.461,19.481,0,1512936,990524,170860,5259904,4515.496,485.516,0,12703.328,0,858.144,5275,8533,2.710,1.730,0.930,2,1,6.993,0,0,11,32,0,47,0
01-05 13:24:43,44.824,5.759,44.072,5.259,0,1542908,960412,170892,5260012,6073.990,486.801,0,2444.020,0,158.260,3366,2704,2.710,1.730,0.930,3,0,2.003,0,0,11,34,0,47,0
01-05 13:24:44,28.963,5.743,43.694,17.977,0,1537224,965452,171252,5260292,8691.949,539.314,0,7438.542,0,1090.613,8790,15124,2.710,1.730,0.930,4,1,0.999,0,0,11,34,0,47,0
01-05 13:24:45,28.746,5.499,42.245,21.997,0,1531216,971004,171540,5260444,7912.993,485.938,0,10194.703,0,995.873,7612,12113,2.710,1.730,0.930,3,1,2.000,0,0,11,34,0,47,0
01-05 13:24:46,30.974,8.992,46.460,11.240,0,1452696,1049212,171740,5260548,10158.345,485.586,0,4440.217,0,657.440,6399,9625,2.710,1.730,0.930,1,0,98.916,0,0,11,32,0,47,0
01-05 13:24:47,22.484,2.998,71.947,1.249,0,1444596,1057276,171748,5260576,6672.123,485.645,0,967.293,0,96.929,1938,1531,2.570,1.720,0.930,1,0,0.999,0,0,11,32,0,45,0
01-05 13:24:48,23.007,4.001,69.523,3.751,0,1437952,1063860,171796,5260584,8542.773,486.158,0,2500.812,0,132.043,2213,1981,2.570,1.720,0.930,2,1,7.002,0,0,11,32,0,45,0
01-05 13:24:49,8.775,22.062,62.174,5.766,0,1449736,1051868,171840,5261084,9302.047,487.365,0,5383.073,0,220.618,6922,6522,2.570,1.720,0.930,2,0,609.707,0,0,11,32,0,45,0
01-05 13:24:50,12.001,21.752,64.757,0,0,1440972,1060580,171840,5260788,5635.636,540.061,0,364.041,0,7.001,6853,13918,2.570,1.720,0.930,2,0,517.058,0,0,11,32,0,46,0
01-05 13:24:51,13.492,13.492,71.707,0,0,1444776,1056772,171840,5260792,4070.559,485.709,0,0,0,0,4337,3436,2.570,1.720,0.930,3,0,275.835,0,0,11,32,0,37,0
01-05 13:24:52,22.450,3.492,73.585,0,0,1502712,998832,171840,5260792,9929.785,484.915,0,0,0,0,1840,1359,2.440,1.700,0.930,1,0,1.996,0,0,11,32,0,37,0
01-05 13:24:53,22.494,2.749,73.230,0.250,0,1476712,1024832,171840,5260792,6670.199,485.869,0,459.876,0,86.977,1905,1395,2.440,1.700,0.930,1,0,1.000,0,0,11,32,0,37,0
01-05 13:24:54,22.750,3.750,72.501,1.000,0,1505256,996264,171848,5260804,9948.088,540.005,0,484.004,0,30.000,2014,1655,2.440,1.700,0.930,1,0,2.000,0,0,11,32,0,37,0
01-05 13:24:55,22.251,3.250,73.753,0,0,1521736,979776,171848,5260812,8488.367,486.021,0,28.001,0,4.000,1793,1288,2.440,1.700,0.930,1,0,1.000,0,0,11,32,0,37,0
01-05 13:24:56,22.253,3.250,73.509,0,0,1516172,985320,171852,5260828,8807.051,486.058,0,68.008,0,5.001,1796,1137,2.440,1.700,0.930,1,0,3.000,0,0,11,32,0,37,0
01-05 13:24:57,22.009,3.251,73.531,0,0,1542604,958908,171852,5260808,8799.663,486.202,0,0,0,0,1875,1365,2.330,1.690,0.930,1,0,2.001,0,0,11,32,0,37,0
01-05 13:24:58,22.735,3.498,73.702,0,0,1531580,969912,171852,5260828,3748.537,485.681,0,19.987,0,0.999,1724,1225,2.330,1.690,0.930,1,0,1.999,0,0,11,32,0,37,0
01-05 13:24:59,22.739,2.749,73.713,0,0,1554004,947496,171852,5260820,9997.018,539.731,0,7.996,0,1.999,1834,1261,2.330,1.690,0.930,1,0,1.999,0,0,11,32,0,31,0
01-05 13:25:00,22.015,3.753,73.801,0,0,1522108,979408,171852,5260804,5131.555,486.337,0,384.266,0,3.002,1749,1243,2.330,1.690,0.930,1,0,1.001,0,0,11,32,0,31,0
01-05 13:25:01,22.247,3.500,73.241,0.250,0,1548328,953188,171852,5260804,3393.600,485.943,0,71.992,0,2.000,1766,1243,2.330,1.690,0.930,1,0,2.000,0,0,11,32,0,31,0
01-05 13:25:02,22.994,2.999,72.982,0,0,1515932,985644,171852,5260744,7134.263,485.882,0,27.993,0,1.000,1856,1210,2.220,1.680,0.930,1,0,3.999,0,0,11,32,0,31,0
01-05 13:25:03,26.995,10.748,61.988,0,0,1569772,931744,171852,5260748,7327.611,485.908,0,15.997,0,2.999,4082,3717,2.220,1.680,0.930,2,0,333.937,0,0,11,32,0,26,0
01-05 13:25:04,22.506,4.001,68.769,4.001,0,1520740,980680,171872,5260824,10242.827,738.204,0,3116.860,0,158.044,2408,2377,2.220,1.680,0.930,1,0,1.000,0,0,11,32,0,26,0
01-05 13:25:05,22.246,3.249,73.235,0.250,0.250,1500612,1000812,171876,5260816,8046.377,695.860,0,531.893,0,6.999,1879,1399,2.220,1.680,0.930,1,0,1.000,0,0,11,32,0,26,0
01-05 13:25:06,23.061,3.259,73.944,0,0,1500392,1001012,171876,5260836,4614.115,655.722,0,1247.275,0,16.042,1789,1159,2.220,1.680,0.930,1,0,3.008,0,0,11,32,0,26,0
01-05 13:25:07,22.452,3.493,73.593,0,0,1559284,941992,171876,5260964,8646.582,484.967,0,23.949,0,0.998,1824,1335,2.120,1.670,0.930,1,0,0,0,0,11,32,0,19,0
01-05 13:25:08,22.500,3.000,73.499,0,0,1557184,944104,171876,5260952,8835.831,539.990,0,4.000,0,1.000,1900,1368,2.120,1.670,0.930,1,0,2.000,0,0,11,32,0,19,0
01-05 13:25:09,21.805,5.013,72.933,0,0,1541072,960140,171876,5261028,3350.409,487.223,0,12.030,0,1.003,2178,1466,2.120,1.670,0.930,1,0,37.093,0,0,11,32,0,19,0
01-05 13:25:10,10.973,17.955,69.327,0.249,0,1523876,977256,171880,5261052,11108.242,484.789,0,395.013,0,11.970,5330,4270,2.120,1.670,0.930,1,0,423.941,0,0,11,32,0,19,0
01-05 13:25:11,22.500,2.500,72.251,1.750,0,1537020,964084,171880,5261080,5873.096,486.008,0,652.011,0,87.001,1781,1232,2.120,1.670,0.930,1,0,0,0,0,11,32,0,14,0
01-05 13:25:12,22.748,3.250,73.744,0,0,1552204,948648,171880,5261312,8732.298,485.961,0,0,0,0,1804,1136,2.030,1.660,0.930,1,0,8.999,0,0,11,32,0,14,0
01-05 13:25:13,22.493,2.999,73.726,0,0,1557396,943452,171880,5261316,8157.311,485.840,0,0,0,0,1840,1294,2.030,1.660,0.930,3,0,16.994,0,0,11,32,0,14,0
01-05 13:25:14,10.031,22.821,61.190,4.514,0,1528252,972428,171880,5261472,3451.710,487.513,40.124,1292.009,2.006,138.430,6901,6297,2.030,1.660,0.930,2,0,640.989,0,0,11,32,0,14,0
01-05 13:25:15,8.501,22.752,67.756,0.250,0,1507580,993064,171880,5261508,8848.769,528.046,0,280.024,0,8.001,6614,5517,2.030,1.660,0.930,1,0,570.050,0,0,11,32,0,10,0
01-05 13:25:16,7.500,22.251,68.254,0,0,1479040,1021564,171880,5261544,11252.668,486.029,0,1192.071,0,14.001,6856,5981,2.030,1.660,0.930,1,0,671.040,0,0,11,32,0,10,0
01-05 13:25:17,8.245,22.236,68.707,0,0,1453436,1047128,171880,5261580,10463.378,485.693,0,1543.023,0,17.989,6724,5831,2.030,1.660,0.940,1,0,635.598,0,0,11,32,0,10,0
01-05 13:25:18,8.485,20.465,69.630,0,0,1438740,1061784,171880,5261616,3469.009,485.162,0,479.173,0,7.986,6101,4806,2.030,1.660,0.940,2,0,462.202,0,0,11,32,0,10,0
01-05 13:25:19,7.507,21.270,69.566,0,0,1427256,1073236,171880,5261648,10635.129,486.463,0,300.286,0,9.009,6150,4888,2.030,1.660,0.940,1,0,481.459,0,0,11,32,0,7,0
01-05 13:25:20,9.262,21.527,68.336,0.250,0,1410848,1089612,171880,5261680,5615.061,486.612,0,276.348,0,17.021,6399,5242,2.030,1.660,0.940,1,0,556.700,0,0,11,32,0,7,0
01-05 13:25:21,11.252,21.253,65.510,0.250,0,1360544,1139872,171892,5261716,3093.450,528.077,0,372.054,0,23.003,6445,5626,2.030,1.660,0.940,2,0,562.082,0,0,11,32,0,9,0
01-05 13:25:22,50.890,21.453,26.942,0.249,0,1518260,981944,171916,5261864,3374.685,484.949,0,965.906,0,53.883,6017,5553,2.110,1.690,0.950,3,0,556.793,0,0,11,32,0,13,0
01-05 13:25:23,54.799,9.258,23.271,12.511,0,1664108,832072,171992,5265320,8288.357,486.432,444.394,3935.493,10.009,199.177,4807,4833,2.110,1.690,0.950,2,1,13.012,0,0,11,34,0,10,0
01-05 13:25:24,17.966,2.994,46.910,30.442,0,1668376,824032,172188,5268360,10092.731,538.971,0,8168.405,0,483.078,5342,8418,2.110,1.690,0.950,0,2,22.956,0,0,11,38,0,11,0
01-05 13:25:25,6.503,3.001,52.022,35.265,0,1665780,825300,172300,5269552,7877.396,528.228,0,12781.510,0,868.374,5819,10814,2.110,1.690,0.950,0,1,18.008,0,0,11,38,0,11,0
01-05 13:25:26,7.751,3.000,56.755,30.002,0,1663664,825668,172424,5271052,6180.502,486.040,0,10192.828,0,752.061,5425,9825,2.110,1.690,0.950,0,2,27.002,0,0,11,38,0,11,0
01-05 13:25:27,7.754,3.752,53.026,34.017,0,1662108,825424,172628,5272568,7662.736,486.237,0,12061.881,0,805.393,6797,12882,2.420,1.760,0.980,5,1,9.004,0,0,11,38,0,10,0
01-05 13:25:28,8.744,2.748,53.466,31.230,0,1660648,825516,172816,5273696,8038.927,485.693,0,13799.291,0,907.427,5575,10384,2.420,1.760,0.980,2,1,15.990,0,0,11,38,0,10,0
01-05 13:25:29,5.249,2.750,50.744,37.245,0,1659448,825696,172928,5274576,5861.254,485.938,0,12078.463,0,852.891,4766,9244,2.420,1.760,0.980,0,3,11.998,0,0,11,38,0,10,0
01-05 13:25:30,7.511,2.504,52.826,35.301,0,1659480,824468,172996,5275668,5829.360,486.698,0,10775.454,0,850.219,4800,8720,2.420,1.760,0.980,1,2,9.013,0,0,11,38,0,10,0
01-05 13:25:31,15.485,5.495,44.708,31.970,0,1632872,849672,173092,5276940,8354.089,485.540,0,9846.676,0,697.340,5658,9276,2.420,1.760,0.980,1,1,62.940,0,0,11,36,0,10,0
01-05 13:25:32,23.010,4.252,44.270,27.262,0,1677488,803704,173180,5278160,7530.399,2772.251,0,11469.176,0,807.364,5329,8865,2.630,1.810,1,0,3,12.005,0,0,11,37,0,8,0
01-05 13:25:33,17.488,4.497,45.969,28.981,0,1678268,801972,173272,5278992,16213.231,6629.597,0,14794.174,0,983.347,7762,13724,2.630,1.810,1,6,1,14.990,0,0,11,37,0,8,0
01-05 13:25:34,25.003,7.251,38.255,27.503,0,1651468,827216,173328,5280440,6777.832,1319.162,0,13481.654,0,936.115,7194,11855,2.630,1.810,1,3,2,79.010,0,0,11,38,0,9,0
01-05 13:25:35,20.492,3.249,39.235,34.487,0,1670044,807296,173356,5281712,13429.971,6196.679,0,9512.438,0,669.749,5367,8772,2.630,1.810,1,0,5,5.998,0,0,11,39,0,9,0
01-05 13:25:36,18.005,4.251,47.012,28.257,0,1667068,809136,173392,5282784,20245.273,9576.494,0,10994.864,0,731.190,8249,13940,2.630,1.810,1,2,2,12.003,0,0,11,39,0,9,0
01-05 13:25:37,23.273,7.758,37.537,29.780,0,1665240,809108,173428,5284528,9021.975,5363.335,0,11479.420,0,764.761,7817,12395,2.740,1.850,1.020,1,1,48.048,0,0,11,38,0,9,0
01-05 13:25:38,20.974,4.744,37.204,34.707,0,1704424,768740,173488,5285640,11643.607,2875.446,0,15388.977,0,961.811,6514,11319,2.740,1.850,1.020,1,1,16.979,0,0,11,39,0,9,0
01-05 13:25:39,20.766,4.003,41.532,31.274,0,1695984,776320,173576,5286376,16169.488,8917.887,0,10520.125,0,712.550,6820,11050,2.740,1.850,1.020,4,4,6.005,0,0,11,39,0,9,0
01-05 13:25:40,22.037,4.257,37.063,34.559,0,1648568,822528,173636,5287484,14443.520,9877.769,0,11195.005,0,987.677,8718,14283,2.740,1.850,1.020,1,2,5.009,0,0,11,38,0,10,0
01-05 13:25:41,27.010,7.253,26.760,37.014,0,1712904,757024,173684,5288548,10307.812,486.180,0,12924.780,0,1023.378,6991,10736,2.740,1.850,1.020,1,2,69.026,0,0,11,38,0,10,0
01-05 13:25:42,18.731,3.746,42.956,31.468,0,1709588,759240,173736,5289536,14056.575,7311.497,0,11919.767,0,881.096,6381,10293,2.760,1.870,1.030,1,3,2.997,0,0,11,39,0,10,0
01-05 13:25:43,22.228,4.495,41.458,29.470,0,1698812,767660,173800,5291736,19757.004,10451.422,0,13985.845,0,856.134,9052,14958,2.760,1.870,1.030,1,1,5.994,0,0,11,39,0,10,0
01-05 13:25:44,26.724,5.495,33.967,31.220,0,1711392,753616,173864,5293112,11629.863,3306.833,0,8747.623,0,648.379,7467,12182,2.760,1.870,1.030,1,2,44.957,0,0,11,38,0,10,0
01-05 13:25:45,26.323,4.763,38.106,29.081,0,1728360,735920,173944,5293744,7948.133,5533.409,0,16020.613,0,1095.049,6965,12053,2.760,1.870,1.030,2,4,9.025,0,0,11,39,0,10,0
01-05 13:25:46,23.230,14.737,35.220,25.228,0,1672416,790796,174064,5294996,17236.165,7481.561,371.680,12621.137,5.995,773.334,9621,15258,2.760,1.870,1.030,1,4,319.725,0,0,11,37,0,10,0
01-05 13:25:47,31.793,14.520,31.793,20.027,0,1573728,888192,174176,5295728,18895.804,8576.712,1109.515,6870.382,18.025,500.684,8992,14686,3.180,1.970,1.060,2,2,185.253,0,0,11,36,0,11,0
01-05 13:25:48,30.709,8.988,35.453,24.218,0,1633024,827576,174276,5296904,9431.502,2514.668,667.116,9235.762,11.984,675.105,6628,9578,3.180,1.970,1.060,0,1,125.833,0,0,11,37,0,11,0
01-05 13:25:49,19.202,3.990,49.126,25.436,0,1622776,836772,174348,5297848,14559.350,7333.539,0,11080.108,0,731.159,6401,10885,3.180,1.970,1.060,1,1,0,0,0,11,36,0,12,0
01-05 13:25:50,28.851,8.781,37.130,24.085,0,1614088,844224,174412,5298992,10358.366,487.712,0,8995.582,0,683.399,6537,21569,3.180,1.970,1.060,1,1,70.247,0,0,11,36,0,13,0
01-05 13:25:51,16.699,3.240,46.108,31.154,0,1611264,846076,174504,5299852,13794.555,6348.466,0,13378.834,0,858.359,5758,10064,3.180,1.970,1.060,0,5,0,0,0,11,37,0,13,0
01-05 13:25:52,23.793,6.512,44.581,24.044,0,1584204,871748,174588,5301088,5834.557,1316.382,0,7545.654,0,563.019,5182,7988,3.160,1.990,1.080,1,1,63.114,0,0,11,36,0,13,0
01-05 13:25:53,22.731,3.497,48.958,23.230,0,1597048,857556,174684,5302312,9687.759,6247.685,0,7737.418,0,623.470,5654,9178,3.160,1.990,1.080,1,1,5.995,0,0,11,37,0,13,0
01-05 13:25:54,19.534,5.760,43.076,29.552,0,1587836,865860,174712,5303164,13932.535,5255.254,0,13836.365,0,891.570,7260,11379,3.160,1.990,1.080,1,3,43.076,0,0,11,36,0,14,0
01-05 13:25:55,22.397,4.231,48.030,22.895,0,1623076,829256,174752,5304436,13250.262,5595.351,0,7115.384,0,614.185,5342,8580,3.160,1.990,1.080,2,0,2.986,0,0,11,37,0,14,0
01-05 13:25:56,16.784,3.257,48.098,29.310,0,1612340,838984,174796,5305348,13290.987,5259.679,0,15323.113,0,1071.175,5964,10236,3.160,1.990,1.080,2,1,0,0,0,11,37,0,14,0
01-05 13:25:57,9.252,6.502,55.013,27.256,0,1563340,887212,174812,5306084,7363.737,1400.330,0,11210.644,0,535.126,5263,8028,3.390,2.050,1.100,0,1,66.016,0,0,11,36,0,15,0
01-05 13:25:58,3.752,2.752,63.792,26.517,0,1547296,902396,174828,5306904,8660.698,486.320,0,7905.201,0,608.400,4574,8238,3.390,2.050,1.100,0,1,10.007,0,0,11,36,0,15,0
01-05 13:25:59,3.996,2.747,60.687,29.220,0,1533908,914816,174836,5307836,8347.394,485.499,0,8643.090,0,665.314,5603,10283,3.390,2.050,1.100,0,1,8.991,0,0,11,36,0,15,0
01-05 13:26:00,5.000,3.000,62.997,26.749,0,1523076,925476,174864,5307980,4565.762,485.975,0,13343.305,0,946.951,5031,9461,3.390,2.050,1.100,0,1,9.000,0,0,11,36,0,15,0
01-05 13:26:01,4.249,3.000,59.741,29.745,0,1512952,934568,174920,5308924,2809.573,485.926,0,11866.198,0,824.875,5268,9760,3.390,2.050,1.100,0,1,3.000,0,0,11,36,0,15,0
01-05 13:26:02,5.241,2.745,61.647,27.953,0,1507176,940116,174944,5309116,8389.960,485.188,0,9492.116,0,705.819,4540,8161,3.280,2.050,1.110,1,0,5.990,0,0,11,36,0,15,0
01-05 13:26:03,6.261,2.504,59.852,28.799,0,1499352,947488,174984,5309520,6364.866,486.831,0,8839.090,0,669.142,4526,8052,3.280,2.050,1.110,2,1,9.015,0,0,11,36,0,15,0
01-05 13:26:04,5.253,3.502,60.531,27.764,0,1492864,953660,175060,5309752,7090.672,486.252,0,11541.977,0,831.431,5446,9774,3.280,2.050,1.110,2,0,12.006,0,0,11,36,0,15,0
01-05 13:26:05,6.746,3.248,60.469,27.236,0,1486044,959104,175128,5310992,7706.997,485.748,0,12961.269,0,936.514,5933,10543,3.280,2.050,1.110,2,0,11.994,0,0,11,36,0,15,0
01-05 13:26:06,4.751,3.501,60.515,28.257,0,1479860,964632,175188,5311556,8021.957,486.119,0,13411.271,0,943.230,5043,9412,3.280,2.050,1.110,1,2,6.001,0,0,11,36,0,15,0
01-05 13:26:07,4.001,2.501,62.270,28.009,0,1475736,967872,175244,5312364,9699.127,486.157,0,10011.228,0,674.217,4792,8704,3.260,2.070,1.120,0,1,6.002,0,0,11,36,0,15,0
01-05 13:26:08,4.250,2.500,64.499,26.000,0,1472308,970828,175260,5312800,4757.947,485.995,0,8863.901,0,641.993,4211,7673,3.260,2.070,1.120,0,2,7.000,0,0,11,36,0,15,0
01-05 13:26:09,4.499,2.749,64.734,26.243,0,1470020,972640,175312,5313208,7694.062,539.864,0,8601.833,0,646.837,4239,7841,3.260,2.070,1.120,1,1,8.998,0,0,11,36,0,15,0
01-05 13:26:10,5.249,1.500,61.993,27.747,0,1469300,972640,175356,5313872,6394.294,485.946,0,10198.874,0,769.915,5036,9406,3.260,2.070,1.120,2,1,8.999,0,0,11,36,0,15,0
01-05 13:26:11,4.751,3.000,61.007,28.253,0,1467276,974536,175484,5313860,4899.530,486.053,0,10685.155,0,753.081,4632,8402,3.260,2.070,1.120,1,1,9.001,0,0,11,36,0,15,0
01-05 13:26:12,4.750,2.750,64.000,25.750,0,1467736,974536,175544,5313336,7948.056,486.003,0,8924.063,0,737.005,4643,8188,3.160,2.070,1.120,0,2,0,0,0,11,36,0,15,0
01-05 13:26:13,4.499,3.249,59.733,30.241,0.250,1467532,974536,175596,5313488,6073.262,485.861,0,9357.322,0,738.789,5333,9914,3.160,2.070,1.120,1,1,2.999,0,0,11,36,0,15,0
01-05 13:26:14,5.247,2.999,64.469,24.238,0.250,1468600,974788,175640,5312124,9660.363,485.767,0,9355.509,0,801.615,5141,9524,3.160,2.070,1.120,1,1,0,0,0,11,36,0,15,0
01-05 13:26:15,4.003,2.752,55.541,33.775,0,1468348,974536,175672,5312596,6430.700,486.355,0,14522.614,0,916.670,5273,9786,3.160,2.070,1.120,0,2,3.002,0,0,11,36,0,15,0
01-05 13:26:16,9.499,2.000,62.494,23.248,0,1467848,974536,175724,5313044,7562.243,485.951,0,6287.370,0,564.943,4948,8808,3.160,2.070,1.120,0,1,8.999,0,0,11,36,0,15,0
01-05 13:26:17,5.502,3.251,59.768,30.259,0,1467876,974188,175760,5313328,11434.534,486.150,0,11411.527,0,857.265,5090,8902,3.220,2.100,1.140,0,1,6.002,0,0,11,36,0,15,0
01-05 13:26:18,4.497,2.748,60.213,30.482,0,1467656,974188,175788,5313520,8325.947,485.705,0,12004.714,0,826.498,4710,8394,3.220,2.100,1.140,1,2,6.996,0,0,11,36,0,15,0
01-05 13:26:19,5.002,3.001,56.770,32.761,0,1467116,974188,175824,5314016,3908.365,486.170,0,10267.586,0,756.264,4826,8768,3.220,2.100,1.140,0,1,9.003,0,0,11,36,0,15,0
01-05 13:26:20,5.249,2.750,63.493,26.247,0,1467112,973936,175840,5314248,7437.225,485.949,0,8103.156,0,629.934,4425,7898,3.220,2.100,1.140,0,1,5.999,0,0,11,36,0,15,0
01-05 13:26:21,4.251,2.751,60.262,30.006,0,1467296,973488,175872,5314472,5793.106,486.093,0,8569.636,0,627.120,4445,7855,3.220,2.100,1.140,0,1,3.001,0,0,11,36,0,15,0
01-05 13:26:22,5.750,2.250,60.745,29.998,0,1467368,973488,175900,5314364,8171.351,485.961,0,5807.539,0,526.958,4305,7513,3.050,2.080,1.140,0,1,6.000,0,0,11,36,0,15,0
01-05 13:26:23,5.750,3.250,62.247,26.499,0,1468012,973488,175908,5313716,8340.589,485.976,0,11379.440,0,868.957,5084,9321,3.050,2.080,1.140,0,2,3.000,0,0,11,36,0,15,0
01-05 13:26:24,3.751,1.750,59.259,31.005,0,1467860,973488,175932,5313844,3811.561,486.072,0,10521.549,0,720.106,4061,7746,3.050,2.080,1.140,0,2,3.000,0,0,11,38,0,15,0
01-05 13:26:25,4.750,2.500,63.504,26.752,0.250,1469620,971472,175952,5314076,9933.615,486.030,0,6408.397,0,562.035,4586,8066,3.050,2.080,1.140,1,1,3.000,0,0,11,38,0,8,0
01-05 13:26:26,5.250,2.750,59.750,29.000,0,1468432,972284,175960,5314444,5775.961,485.997,0,11139.924,0,818.994,5000,9173,3.050,2.080,1.140,0,2,6.000,0,0,11,38,0,8,0
01-05 13:26:27,4.750,2.000,58.995,31.247,0,1467564,973012,175976,5314564,9132.203,485.958,0,11830.967,0,744.935,4173,7678,3.040,2.100,1.150,2,2,3.000,0,0,11,38,0,8,0
01-05 13:26:28,6.265,2.506,65.402,23.304,0,1467080,973012,175980,5315032,6123.243,487.133,0,6511.146,0,623.450,4674,8472,3.040,2.100,1.150,0,1,13.030,0,0,11,38,0,8,0
01-05 13:26:29,5.987,2.994,57.128,31.183,0,1466832,972760,176000,5315504,7740.458,484.964,0,12840.558,0,884.111,5915,11123,3.040,2.100,1.150,0,1,5.987,0,0,11,38,0,8,0
01-05 13:26:30,12.500,2.000,64.498,18.999,0,1467452,971248,176028,5316348,7668.718,485.982,0,4703.827,0,495.982,5237,8949,3.040,2.100,1.150,0,1,12.000,0,0,11,38,0,8,0
01-05 13:26:31,4.498,2.499,64.720,25.488,0,1467228,971248,176040,5316556,4506.909,527.755,0,10071.328,0,743.655,4777,9075,3.040,2.100,1.150,0,1,5.997,0,0,11,38,0,8,0
01-05 13:26:32,7.004,1.751,60.534,27.515,0,1467020,970996,176044,5317000,3676.043,486.270,0,9777.434,0,669.372,4978,9098,3.040,2.110,1.160,1,1,6.003,0,0,11,38,0,8,0
01-05 13:26:33,6.009,1.753,66.352,24.037,0,1467072,970492,176064,5317420,9799.081,486.749,0,6065.335,0,500.771,3825,6984,3.040,2.110,1.160,1,2,9.014,0,0,11,38,0,8,0
01-05 13:26:34,5.241,2.496,60.148,29.699,0,1466724,970492,176104,5317716,8801.019,485.174,0,8589.379,0,666.865,4557,8551,3.040,2.110,1.160,4,0,2.995,0,0,11,38,0,8,0
01-05 13:26:35,5.501,2.750,63.760,24.504,0,1466188,970492,176120,5318220,7681.219,486.077,0,7889.253,0,679.108,5118,9315,3.040,2.110,1.160,0,1,15.002,0,0,11,38,0,8,0
01-05 13:26:36,4.749,2.250,59.744,29.747,0,1466612,969704,176164,5318536,6625.297,539.943,0,13474.571,0,986.895,5177,9844,3.040,2.110,1.160,0,2,5.999,0,0,11,38,0,8,0
01-05 13:26:37,6.508,3.755,60.578,26.534,0,1466424,968948,176228,5319380,8964.503,486.624,0,8587.019,0,752.966,5678,9905,2.870,2.090,1.160,1,2,21.027,0,0,11,38,0,7,0
01-05 13:26:38,5.243,2.746,54.422,34.701,0,1466040,968948,176264,5319684,7894.752,485.309,0,14303.621,0,882.742,5696,10702,2.870,2.090,1.160,0,2,6.990,0,0,11,38,0,7,0
01-05 13:26:39,4.750,2.250,66.744,23.998,0,1465532,968948,176296,5320144,3008.740,485.958,0,5899.490,0,569.951,4319,7844,2.870,2.090,1.160,1,1,0,0,0,11,38,0,7,0
01-05 13:26:40,5.000,3.000,60.005,29.002,0,1465112,968696,176304,5320796,9994.791,580.046,0,10196.807,0,777.061,4723,8681,2.870,2.090,1.160,0,1,6.000,0,0,11,38,0,7,0
01-05 13:26:41,4.753,3.502,58.533,30.517,0,1464928,968696,176324,5320948,6838.848,486.274,0,14668.253,0,951.535,5135,9372,2.870,2.090,1.160,0,2,9.005,0,0,11,38,0,6,0
01-05 13:26:42,5.747,2.749,57.970,30.734,0,1464320,968696,176344,5321528,7784.946,539.719,0,9303.155,0,695.638,4901,8845,2.800,2.090,1.160,0,1,14.992,0,0,11,38,0,6,0
01-05 13:26:43,4.506,2.754,59.330,31.542,0,1464380,968192,176360,5321940,11061.830,486.652,0,9721.032,0,750.005,4720,8502,2.800,2.090,1.160,0,1,6.008,0,0,11,38,0,6,0
01-05 13:26:44,5.492,2.497,61.414,27.462,0,1464436,967688,176388,5322344,5905.736,539.245,0,10129.825,0,772.918,5029,9031,2.800,2.090,1.160,0,1,5.992,0,0,11,38,0,6,0
01-05 13:26:45,4.500,2.250,58.254,32.502,0,1464276,967436,176392,5322716,7285.536,486.036,0,8544.628,0,653.048,4313,7594,2.800,2.090,1.160,0,3,9.001,0,0,11,38,0,6,0
01-05 13:26:46,4.000,3.000,61.493,28.497,0,1464436,966760,176408,5323208,7000.166,539.936,0,9942.815,0,743.911,4531,8408,2.800,2.090,1.160,0,4,3.000,0,0,11,38,0,6,0
01-05 13:26:47,4.252,2.251,55.772,34.514,0,1464356,966508,176424,5323520,4826.938,486.195,0,13645.479,0,890.358,5086,9462,2.900,2.120,1.180,0,1,9.004,0,0,11,38,0,6,0
01-05 13:26:48,4.497,2.498,66.452,23.733,0,1464080,966508,176432,5323768,8246.068,485.651,0,6311.459,0,638.541,4748,8423,2.900,2.120,1.180,0,2,6.995,0,0,11,38,0,6,0
01-05 13:26:49,4.999,2.749,60.237,29.244,0,1463788,966508,176440,5324044,8072.275,485.896,0,12161.401,0,892.809,5021,9202,2.900,2.120,1.180,1,3,8.998,0,0,11,38,0,4,0
01-05 13:26:50,8.506,4.503,51.536,32.523,0,1468216,961524,176444,5324584,5399.763,540.377,0,7769.414,0,654.456,5535,17763,2.900,2.120,1.180,0,2,45.031,0,0,11,38,0,5,0
01-05 13:26:51,5.753,2.751,56.028,32.016,0,1467856,961524,176452,5324928,9372.666,486.242,0,15151.542,0,1006.501,5853,10708,2.900,2.120,1.180,0,3,21.010,0,0,11,38,0,5,0
01-05 13:26:52,6.254,2.251,67.790,21.262,0,1467032,961524,176464,5325716,9274.420,486.284,0,4674.732,0,527.308,4623,8223,2.830,2.120,1.180,0,2,21.012,0,0,11,38,0,5,0
01-05 13:26:53,4.743,2.496,57.916,31.455,0,1466756,961524,176468,5325984,9146.796,539.222,0,11259.746,0,770.887,5093,9223,2.830,2.120,1.180,4,3,11.983,0,0,11,38,0,5,0
01-05 13:26:54,7.003,2.751,65.531,22.010,0,1466556,961020,176488,5326636,6821.177,486.226,0,5406.518,0,572.267,4928,8689,2.830,2.120,1.180,6,1,18.008,0,0,11,38,0,3,0
01-05 13:26:55,5.500,3.000,60.250,27.500,0,1466228,961020,176512,5326928,5613.033,486.003,0,13904.082,0,973.006,5403,9889,2.830,2.120,1.180,0,3,9.000,0,0,11,38,0,3,0
01-05 13:26:56,4.749,2.750,61.241,28.746,0,1465664,961020,176536,5327452,10192.542,485.931,0,11742.321,0,831.881,5002,9042,2.830,2.120,1.180,1,1,11.998,0,0,11,38,0,3,0
01-05 13:26:57,4.750,2.500,63.996,26.498,0,1465804,960768,176548,5327544,7921.474,485.968,0,9787.350,0,754.950,5037,9500,2.760,2.120,1.190,0,3,6.000,0,0,11,38,0,3,0
01-05 13:26:58,5.250,3.000,56.998,31.499,0,1464540,960516,176564,5329012,9888.630,485.982,0,12963.515,0,889.967,5518,9797,2.760,2.120,1.190,0,2,13.000,0,0,11,38,0,1,0
01-05 13:26:59,3.500,2.750,61.505,29.753,0,1464252,960516,176572,5329284,8837.764,486.042,0,10504.908,0,718.062,4486,8135,2.760,2.120,1.190,0,1,0,0,0,11,38,0,1,0
01-05 13:27:00,8.750,2.750,63.500,22.250,0.250,1465584,958752,176580,5329700,10423.921,485.996,0,10851.918,0,889.993,5651,10083,2.760,2.120,1.190,0,2,9.000,0,0,11,38,0,1,0
01-05 13:27:01,4.749,2.500,57.993,31.746,0,1465324,958752,176596,5329932,6079.308,539.939,0,10798.771,0,791.910,4465,8215,2.760,2.120,1.190,0,1,5.999,0,0,11,38,0,1,0
01-05 13:27:02,6.500,2.250,61.504,27.502,0,1466060,957492,176620,5330424,3582.250,486.034,0,6624.462,0,519.036,4298,7707,2.620,2.100,1.180,0,1,6.000,0,0,11,38,0,1,0
01-05 13:27:03,4.001,3.001,55.764,33.758,0,1466732,957240,176640,5329980,4396.067,486.118,0,13039.166,0,863.210,4715,8826,2.620,2.100,1.180,1,0,3.001,0,0,11,38,0,1,0
01-05 13:27:04,5.500,2.750,63.755,26.002,0,1468240,957240,176644,5328464,9557.807,486.041,0,7368.622,0,651.055,4770,8893,2.620,2.100,1.180,1,0,0,0,0,11,38,0,1,0
01-05 13:27:05,4.499,2.250,60.992,28.496,0,1469192,957240,176656,5327504,7348.027,485.936,0,12742.313,0,866.885,4931,9184,2.620,2.100,1.180,1,1,0,0,0,11,38,0,1,0
01-05 13:27:06,5.999,3.249,65.736,22.245,0,1471044,957240,176676,5325636,8337.287,539.889,0,6670.629,0,716.853,5619,10272,2.620,2.100,1.180,0,1,0,0,0,11,38,0,1,0
01-05 13:27:07,5.753,3.251,61.028,27.262,0,1472128,957240,176692,5324560,6733.050,486.220,0,13778.242,0,988.448,6057,11605,2.570,2.100,1.190,0,1,0,0,0,11,38,0,1,0
01-05 13:27:08,7.255,2.752,62.041,25.267,0,1471820,957240,176700,5324860,8257.411,486.319,0,9262.069,0,757.496,6060,10856,2.570,2.100,1.190,3,0,10.007,0,0,11,38,0,1,0
01-05 13:27:09,6.993,3.497,58.942,27.223,0,1471572,957240,176708,5325092,8471.672,485.523,0,13886.349,0,955.061,5352,9608,2.570,2.100,1.190,0,2,8.991,0,0,11,38,0,1,0
01-05 13:27:10,5.500,3.250,56.254,33.252,0,1471392,957240,176708,5325272,5156.386,540.040,0,13252.992,0,909.068,4840,8759,2.570,2.100,1.190,0,1,6.000,0,0,11,38,0,1,0
01-05 13:27:11,4.989,2.494,68.094,22.449,0,1471208,957240,176716,5325448,3411.191,484.890,0,6900.203,0,668.470,4957,9204,2.570,2.100,1.190,3,0,11.973,0,0,11,38,0,1,0
01-05 13:27:12,14.068,11.305,56.776,16.329,0,1341476,1087112,176724,5325300,10516.047,488.371,0,7821.970,0,540.624,5459,6339,2.520,2.100,1.190,2,0,234.137,0,0,11,32,0,3,0
01-05 13:27:13,13.259,25.767,58.789,2.251,0,1363352,1064912,176724,5325660,5965.926,486.320,0,2073.364,0,125.082,7108,6488,2.520,2.100,1.190,3,0,693.456,0,0,11,36,0,5,0
01-05 13:27:14,63.350,9.478,21.200,4.489,0,1549588,878144,176724,5326192,8887.913,484.850,0,1787.758,0,106.747,4353,2669,2.520,2.100,1.190,3,0,22.946,0,0,11,32,0,9,0
01-05 13:27:15,67.757,6.501,20.252,5.501,0,1712868,711600,176780,5329068,8077.859,528.056,0,3876.412,0,139.015,3976,1864,2.520,2.100,1.190,3,0,0,0,0,11,32,0,9,0
01-05 13:27:16,40.530,4.503,32.024,22.517,0,1800512,620404,176840,5332200,7709.726,486.361,0,8978.668,0,387.288,4171,4168,2.520,2.100,1.190,0,1,6.004,0,0,11,38,0,9,0
01-05 13:27:17,7.239,2.496,55.666,30.704,0,1799892,619396,176852,5333776,6393.341,539.185,0,9665.398,0,661.001,6814,12230,2.720,2.140,1.210,1,1,29.955,0,0,11,38,0,9,0
01-05 13:27:18,10.265,3.255,53.580,30.295,0,1800144,617632,176856,5335244,3730.565,486.726,0,13291.826,0,909.356,6910,12707,2.720,2.140,1.210,0,1,37.055,0,0,11,38,0,9,0
01-05 13:27:19,8.978,2.743,55.615,30.426,0,1800260,616120,176856,5336608,9370.252,484.823,0,13351.587,0,875.874,4956,8743,2.720,2.140,1.210,2,2,17.956,0,0,11,38,0,9,0
01-05 13:27:20,6.502,2.751,50.514,37.760,0,1799560,615364,176864,5338016,5137.411,486.134,0,11695.212,0,752.207,7137,13451,2.720,2.140,1.210,6,0,18.005,0,0,11,38,0,9,0
01-05 13:27:21,6.753,2.751,49.771,38.016,0,1799236,614356,176884,5339264,8041.433,486.208,0,12333.265,0,830.354,5017,9276,2.720,2.140,1.210,0,1,18.008,0,0,11,38,0,9,0
01-05 13:27:22,6.749,3.249,50.490,36.243,0,1799488,612844,176904,5340476,10234.000,539.894,0,12429.571,0,841.835,6262,11501,2.910,2.190,1.230,0,1,23.995,0,0,11,38,0,9,0
01-05 13:27:23,8.754,3.002,57.029,29.015,0,1799404,611836,176924,5341520,7719.887,486.245,0,10021.045,0,738.372,5271,9447,2.910,2.190,1.230,0,1,27.014,0,0,11,38,0,9,0
01-05 13:27:24,7.764,3.506,51.344,35.064,0,1799124,610828,176928,5342756,23094.395,486.894,0,13809.350,0,878.613,5502,9688,2.910,2.190,1.230,2,0,27.050,0,0,11,38,0,9,0
01-05 13:27:25,6.985,2.744,50.145,36.673,0,1799416,609064,176928,5344156,10346.272,484.982,0,12697.335,0,816.286,5567,9882,2.910,2.190,1.230,1,3,20.956,0,0,11,38,0,9,0
01-05 13:27:26,7.249,3.500,55.995,30.247,0,1799636,607552,176944,5345384,4207.650,485.960,0,12214.983,0,840.930,5342,9667,2.910,2.190,1.230,0,2,26.998,0,0,11,38,0,9,0
01-05 13:27:27,7.002,2.751,55.267,31.760,0,1799636,606544,176964,5346324,9388.899,486.150,0,11911.678,0,816.252,5188,9501,2.990,2.220,1.250,0,1,18.006,0,0,11,38,0,9,0
01-05 13:27:28,7.267,3.258,49.118,38.091,0,1799840,605032,176988,5347544,6602.798,487.166,0,13363.974,0,888.125,5797,10566,2.990,2.220,1.250,1,2,22.053,0,0,11,38,0,9,0
01-05 13:27:29,6.977,2.492,54.823,33.392,0,1799692,604276,177000,5348412,4060.902,484.438,0,10458.268,0,667.846,4435,7885,2.990,2.220,1.250,0,1,20.932,0,0,11,38,0,9,0
01-05 13:27:30,9.020,3.508,53.118,31.320,0,1799612,603016,177016,5349704,7937.634,487.082,0,15634.734,0,1048.329,6475,11499,2.990,2.220,1.250,0,2,36.080,0,0,11,38,0,9,0
01-05 13:27:31,8.239,3.246,56.175,29.960,0,1799692,601756,177020,5350844,21395.593,539.284,0,13014.720,0,866.849,5590,9962,2.990,2.220,1.250,0,1,23.968,0,0,11,38,0,9,0
01-05 13:27:32,6.499,2.999,55.987,31.993,0,1799780,600748,177044,5351720,10979.519,485.890,0,12537.167,0,848.808,5465,10011,2.830,2.200,1.250,7,0,26.994,0,0,11,38,0,9,0
01-05 13:27:33,7.515,3.507,51.351,35.069,0,1799900,599488,177052,5352788,7710.186,486.959,0,16436.372,0,1041.050,6636,12160,2.830,2.200,1.250,1,1,21.041,0,0,11,38,0,9,0
01-05 13:27:34,6.237,2.744,46.655,41.665,0,1799920,598480,177060,5353716,3705.442,485.011,0,11612.314,0,767.435,6019,11373,2.830,2.200,1.250,0,5,8.982,0,0,11,38,0,9,0
01-05 13:27:35,5.249,2.500,47.491,41.992,0,1799684,597976,177064,5354440,9386.314,485.913,0,11401.951,0,763.863,4792,8543,2.830,2.200,1.250,1,2,14.997,0,0,11,38,0,9,0
01-05 13:27:36,6.499,3.000,58.743,29.746,0.250,1799724,596900,177064,5355452,3912.529,485.941,0,9494.857,0,698.916,5083,8959,2.830,2.200,1.250,2,2,14.998,0,0,11,38,0,9,0
01-05 13:27:37,6.244,3.746,49.204,37.215,0,1799824,596092,177064,5356132,15305.560,485.542,0,15381.488,0,1005.052,6561,12387,2.850,2.220,1.260,0,2,11.989,0,0,11,38,0,9,0
01-05 13:27:38,6.522,4.013,54.684,32.359,0,1800164,594972,177076,5356848,7974.788,541.820,0,15471.972,0,995.343,5977,10716,2.850,2.220,1.260,4,3,22.074,0,0,11,38,0,9,0
01-05 13:27:39,5.247,2.998,55.718,33.980,0,1800104,594400,177084,5357460,10047.140,485.717,0,10461.898,0,725.577,4875,8549,2.850,2.220,1.260,1,1,14.991,0,0,11,38,0,9,0
01-05 13:27:40,5.493,2.996,57.175,32.208,0,1799512,594244,177092,5358168,8539.869,579.245,0,9935.050,0,734.043,5117,9105,2.850,2.220,1.260,0,1,14.980,0,0,11,38,0,9,0
01-05 13:27:41,2.748,1.749,54.220,39.478,0,1799496,594152,177092,5358272,11481.645,485.731,0,5544.931,0,391.783,2951,5238,2.850,2.220,1.260,0,4,8.995,0,0,11,38,0,9,0
01-05 13:27:42,17.553,6.269,41.877,33.351,0,1661332,731416,177096,5359164,5706.290,487.477,0,9095.559,0,645.957,5397,8379,2.780,2.210,1.260,2,2,87.264,0,0,11,36,0,9,0
01-05 13:27:43,27.898,4.982,38.360,26.901,0,1734568,657328,177104,5359984,11425.154,484.226,0,8468.981,0,612.756,5423,8220,2.780,2.210,1.260,1,1,18.931,0,0,11,36,0,9,0
01-05 13:27:44,28.539,4.756,32.044,33.546,0,1794184,596596,177116,5361060,6391.720,486.664,0,13234.055,0,891.216,5967,9737,2.780,2.210,1.260,1,2,31.042,0,0,11,38,0,9,0
01-05 13:27:45,13.491,5.247,48.219,30.980,0,1723436,666692,177120,5361676,7468.175,539.651,0,12851.697,0,717.536,7348,12274,2.780,2.210,1.260,0,3,89.942,0,0,11,36,0,9,0
01-05 13:27:46,6.258,2.754,58.078,30.291,0,1706016,682820,177132,5362924,6914.261,486.652,0,8515.406,0,665.892,4819,8414,2.780,2.210,1.260,0,2,21.028,0,0,11,36,0,9,0
01-05 13:27:47,6.988,2.745,53.910,33.694,0,1689476,697188,177136,5365024,8531.743,485.189,0,11361.015,0,753.740,5277,9190,2.640,2.190,1.260,0,1,17.970,0,0,11,36,0,9,0
01-05 13:27:48,5.995,3.497,57.448,30.472,0,1683088,702876,177140,5365700,5691.833,485.559,0,13943.342,0,948.139,5758,10636,2.640,2.190,1.260,1,3,24.977,0,0,11,36,0,9,0
01-05 13:27:49,5.005,2.753,58.808,31.031,0,1677536,707592,177144,5366516,3252.229,486.483,0,12576.487,0,787.782,4532,8471,2.640,2.190,1.260,0,2,12.012,0,0,11,36,0,9,0
01-05 13:27:50,9.502,4.751,50.262,33.008,0,1686124,697520,177156,5367928,3310.759,486.111,0,8185.876,0,561.129,5452,17662,2.640,2.190,1.260,0,2,45.010,0,0,11,36,0,10,0
01-05 13:27:51,5.747,2.998,51.474,36.481,0,1677636,705064,177168,5368832,8021.898,485.752,0,13525.084,0,861.559,4644,8625,2.640,2.190,1.260,0,1,5.997,0,0,11,36,0,9,0
01-05 13:27:52,6.003,2.751,57.025,31.764,0,1669608,711540,177192,5370288,7279.202,486.214,0,7599.343,0,606.267,4879,8387,2.670,2.200,1.270,0,1,24.011,0,0,11,36,0,9,0
01-05 13:27:53,6.002,3.251,54.264,33.008,0,1664988,715356,177216,5371052,12055.087,540.138,0,14283.658,0,955.245,5405,9789,2.670,2.200,1.270,0,1,18.005,0,0,11,36,0,9,0
01-05 13:27:54,6.998,4.249,52.987,32.742,0.250,1661748,717776,177232,5371796,7787.122,485.883,0,17211.848,0,1194.712,7200,13427,2.670,2.200,1.270,0,1,17.996,0,0,11,36,0,9,0
01-05 13:27:55,9.489,2.747,50.940,34.459,0,1660008,718896,177232,5372384,10286.845,485.426,0,13991.468,0,850.994,5330,9311,2.670,2.200,1.270,1,2,3.995,0,0,11,36,0,9,0
01-05 13:27:56,9.504,3.001,55.775,29.763,0,1657416,719524,177236,5374240,13741.127,486.217,0,10124.515,0,710.317,5038,8958,2.670,2.200,1.270,0,2,0,0,0,11,36,0,9,0
01-05 13:27:57,6.255,3.503,53.045,34.780,0,1656356,719124,177240,5375652,5527.717,486.415,0,13363.404,0,867.741,5188,9761,2.770,2.230,1.290,0,1,0,0,0,11,36,0,9,0
01-05 13:27:58,5.502,2.501,54.019,35.262,0,1654644,719152,177244,5377276,9328.219,486.168,0,6382.202,0,492.170,4695,8520,2.770,2.230,1.290,0,3,1.000,0,0,11,36,0,9,0
01-05 13:27:59,4.999,3.499,54.992,32.745,0,1654036,718376,177248,5378616,7691.824,539.917,0,17189.371,0,1039.841,6076,11800,2.770,2.230,1.290,1,1,0,0,0,11,36,0,9,0
01-05 13:28:00,4.500,3.500,50.998,37.749,0,1653404,717620,177248,5379952,3069.901,485.984,0,16091.479,0,974.968,4902,9355,2.770,2.230,1.290,0,3,0,0,0,11,36,0,9,0
01-05 13:28:01,6.756,3.003,55.547,32.528,0,1653116,715860,177252,5381920,8649.314,486.411,0,9443.986,0,674.570,5047,8909,2.770,2.230,1.290,3,3,0,0,0,11,36,0,9,0
01-05 13:28:02,4.993,2.746,51.429,38.197,0,1653268,714852,177256,5382756,5020.083,485.331,0,13201.810,0,802.894,4622,8625,2.790,2.250,1.300,0,1,0,0,0,11,36,0,9,0
01-05 13:28:03,5.501,3.250,53.506,35.004,0,1652276,713872,177264,5384632,8016.830,486.050,0,11793.221,0,770.080,4864,9088,2.790,2.250,1.300,0,1,0,0,0,11,36,0,9,0
01-05 13:28:04,4.744,2.747,52.688,36.457,0,1652700,712108,177268,5385904,9028.428,485.432,0,10979.144,0,716.161,5664,10722,2.790,2.250,1.300,2,1,2.996,0,0,11,36,0,9,0
01-05 13:28:05,4.503,3.002,55.288,34.273,0,1652172,711856,177268,5386640,3573.440,486.332,0,12644.632,0,813.555,4783,8823,2.790,2.250,1.300,1,1,3.002,0,0,11,36,0,9,0
01-05 13:28:06,6.755,3.002,55.790,31.022,0,1652308,711352,177268,5386996,7955.741,540.390,0,15951.511,0,1084.783,5910,10926,2.790,2.250,1.300,1,1,9.006,0,0,11,36,0,9,0
01-05 13:28:07,4.501,3.001,58.511,31.256,0,1652524,710596,177268,5387524,6086.135,486.091,0,11462.138,0,866.162,5206,9366,2.810,2.260,1.300,0,1,12.002,0,0,11,36,0,9,0
01-05 13:28:08,4.505,3.003,57.307,32.533,0,1652356,710596,177276,5387676,4080.093,486.488,0,10734.768,0,808.811,5011,9125,2.810,2.260,1.300,2,2,10.010,0,0,11,36,0,9,0
01-05 13:28:09,4.995,3.497,59.441,29.471,0,1652832,709840,177276,5387940,9509.489,485.514,0,12647.350,0,915.085,5570,9990,2.810,2.260,1.300,1,2,14.985,0,0,11,36,0,9,0
01-05 13:28:10,6.997,2.999,49.731,37.736,0,1653384,708832,177276,5388392,7383.239,485.818,0,14682.509,0,900.663,5090,9211,2.810,2.260,1.300,1,1,11.996,0,0,11,36,0,9,0
01-05 13:28:11,7.000,2.500,55.752,32.001,0,1653740,707824,177276,5389028,12330.529,540.023,0,10916.468,0,776.033,4892,8533,2.810,2.260,1.300,0,2,9.000,0,0,11,36,0,9,0
01-05 13:28:12,5.751,2.500,58.006,31.753,0,1654184,707068,177276,5389324,8179.788,486.047,0,11533.111,0,829.080,5606,10222,2.660,2.240,1.300,3,1,12.001,0,0,11,36,0,9,0
01-05 13:28:13,6.502,2.501,58.515,30.008,0.250,1655244,704044,177284,5391240,3221.806,486.122,0,7273.820,0,497.124,4480,7956,2.660,2.240,1.300,1,1,12.003,0,0,11,36,0,9,0
01-05 13:28:14,7.247,2.999,51.230,36.236,0,1655308,703540,177292,5391664,11342.604,527.795,0,14950.206,0,973.623,5639,10083,2.660,2.240,1.300,0,1,11.995,0,0,11,36,0,9,0
01-05 13:28:15,7.011,3.005,52.585,35.057,0,1655256,703036,177300,5392188,6614.731,486.790,0,15505.154,0,1073.742,5633,10240,2.660,2.240,1.300,0,1,24.039,0,0,11,36,0,1,0
01-05 13:28:16,28.484,6.496,47.972,14.741,0,1478896,879028,177308,5392536,8060.349,485.720,0,6728.118,0,559.677,5495,7224,2.660,2.240,1.300,3,2,147.915,0,0,11,32,0,1,0
01-05 13:28:17,20.505,6.501,63.764,8.252,0,1418768,939124,177308,5392564,5439.201,486.107,0,5257.161,0,315.070,3203,3213,2.530,2.220,1.300,1,0,114.025,0,0,11,32,0,1,0
01-05 13:28:18,23.048,3.257,68.893,4.259,0,1491508,866384,177308,5392564,8643.954,541.124,0,2817.853,0,175.364,2278,2213,2.530,2.220,1.300,1,0,3.006,0,0,11,32,0,1,0
01-05 13:28:19,22.181,3.738,72.523,0.498,0,1462584,895300,177308,5392572,5924.447,484.483,0,175.451,0,15.950,2541,2100,2.530,2.220,1.300,1,0,26.916,0,0,11,32,0,1,0
01-05 13:28:20,22.254,3.501,74.013,0,0,1522656,835228,177308,5392572,3419.612,486.087,0,0,0,0,1809,1293,2.530,2.220,1.300,1,0,1.000,0,0,11,32,0,1,0
01-05 13:28:21,21.998,1.750,72.492,2.250,0,1561312,796572,177308,5392572,2825.690,485.947,0,391.957,0,52.994,2076,1882,2.530,2.220,1.300,1,0,2.000,0,0,11,34,0,1,0
01-05 13:28:22,15.803,28.596,53.430,1.505,0,1495216,862600,177312,5392616,8275.910,487.645,0,630.125,0,42.142,6909,6728,2.410,2.200,1.300,2,0,914.083,0,0,11,32,0,1,0
01-05 13:28:23,8.493,26.478,63.697,0.500,0,1474440,883268,177312,5392708,5623.330,485.597,0,307.744,0,27.977,6975,6006,2.410,2.200,1.300,0,0,754.373,0,0,11,32,0,1,0
01-05 13:28:24,7.478,20.688,68.544,1.994,0,1449424,908240,177312,5392744,8038.876,484.546,0,111.665,0,6.979,5741,4467,2.410,2.200,1.300,1,0,421.734,0,0,11,32,0,1,0
01-05 13:28:25,9.008,20.770,68.815,0,0,1417624,939984,177312,5392788,6542.162,486.458,0,44.041,0,11.010,5942,4859,2.410,2.200,1.300,1,0,443.418,0,0,11,32,0,1,0
01-05 13:28:26,29.043,14.772,55.332,0,0,1455160,902276,177316,5393404,8577.672,486.719,0,80.118,0,4.006,6400,7998,2.410,2.200,1.300,2,0,249.368,0,0,11,33,0,1,0
01-05 13:28:27,42.435,6.740,45.680,4.243,0,1552724,804604,177320,5393500,6998.274,539.174,0,1529.656,0,201.691,2920,1483,2.370,2.190,1.300,2,0,0,0,0,11,33,0,1,0
01-05 13:28:28,45.214,4.746,47.213,2.748,0,1630800,726232,177336,5393772,3916.916,485.618,103.918,635.500,0.999,28.977,3560,2900,2.370,2.190,1.300,3,0,19.984,0,0,11,49,0,1,0
01-05 13:28:29,41.363,8.022,49.135,0.752,0,1670072,682680,177392,5397604,6100.726,487.336,0,1480.058,0,154.423,4938,8172,2.370,2.190,1.300,2,0,76.209,0,0,11,48,0,2,0
01-05 13:28:30,14.501,18.501,65.753,0.250,0,1683768,668908,177396,5398064,10516.534,486.025,0,192.010,0,13.001,7425,8881,2.370,2.190,1.300,2,0,390.020,0,0,11,48,0,2,0
01-05 13:28:31,6.482,2.992,88.504,1.496,0,1684284,668384,177396,5397640,5250.404,484.653,0,159.556,0,17.950,1692,2066,2.370,2.190,1.300,0,0,28.920,0,0,11,48,0,2,0
01-05 13:28:32,0.500,0.750,89.759,7.501,0,1683724,668940,177400,5397640,9456.902,486.046,0,2948.281,0,157.015,1049,1586,2.180,2.160,1.300,0,1,3.000,0,0,11,48,0,2,0
01-05 13:28:33,1.000,1.250,88.245,8.750,0,1682280,670376,177404,5397644,8915.533,485.975,0,6155.678,0,270.986,1402,2144,2.180,2.160,1.300,0,0,3.000,0,0,11,48,0,2,0
01-05 13:28:34,1.000,0,98.741,0.250,0,1681120,671536,177404,5397644,8635.231,485.957,0,23.998,0,4.000,704,949,2.180,2.160,1.300,0,0,1.000,0,0,11,48,0,2,0
01-05 13:28:35,6.521,8.528,84.023,0,0,1667796,684868,177404,5397988,7925.737,541.759,0,8.026,0,2.007,4018,5230,2.180,2.160,1.300,1,0,201.655,0,0,11,48,0,2,0
01-05 13:28:36,15.243,11.494,71.715,0,0,1696344,656220,177404,5397652,5527.320,485.764,0,19.990,0,4.998,4213,5063,2.180,2.160,1.300,1,0,190.907,0,0,11,48,0,2,0
01-05 13:28:37,14.188,18.669,63.972,1.245,0,1735392,616856,177404,5398404,9625.147,720.865,0,127.446,0,23.896,6438,6772,2.090,2.140,1.290,1,1,404.242,0,0,12,48,0,2,0
01-05 13:28:38,14.524,13.022,67.113,4.508,0,1737928,614312,177404,5397968,6156.353,486.819,0,4118.927,0,238.401,5749,7028,2.090,2.140,1.290,0,0,265.446,0,0,12,64,0,2,0
01-05 13:28:39,7.752,11.003,79.771,0,0,1740544,611564,177404,5398372,3963.036,486.127,0,0,0,0,4136,4355,2.090,2.140,1.290,1,0,203.053,0,0,14,66,0,2,0
01-05 13:28:40,14.791,14.541,69.695,0,0,1735232,616908,177404,5398028,8690.255,581.623,0,44.123,0,6.017,5488,5386,2.090,2.140,1.290,1,0,284.795,0,0,14,66,0,3,0
01-05 13:28:41,8.491,20.728,69.427,0.250,0,1697444,654636,177408,5398080,11078.317,485.488,0,251.735,0,18.980,6096,4917,2.090,2.140,1.290,1,0,419.558,0,0,14,66,0,3,0
01-05 13:28:42,19.013,15.260,61.042,4.253,0,1684468,667588,177408,5398092,9429.439,624.426,0,436.298,0,29.020,6985,8496,2,2.120,1.290,3,0,259.177,0,0,14,66,0,3,0
01-05 13:28:43,29.022,23.518,44.534,1.501,0,1763976,588008,177420,5398156,13172.953,486.367,0,1893.431,0,143.108,6950,5757,2,2.120,1.290,3,0,597.451,0,0,14,66,0,3,0
01-05 13:28:44,30.949,23.212,44.427,0,0,1823168,527184,177500,5399616,4241.997,485.199,7.987,39.934,0.998,6.988,7654,9449,2,2.120,1.290,4,0,669.894,0,0,14,70,0,5,0
01-05 13:28:45,36.691,20.966,42.432,0,0,1934684,415544,177500,5400012,9697.430,485.221,0,31.949,0,7.987,6673,7985,2,2.120,1.290,2,0,379.391,0,0,14,70,0,5,0
01-05 13:28:46,61.761,22.504,15.503,0,0,2034824,314992,177512,5400488,5949.098,486.090,0,36.007,0,9.002,5231,4959,2,2.120,1.290,4,0,502.093,0,0,14,70,0,5,0
01-05 13:28:47,63.455,18.309,17.807,0,0,2159676,189256,177544,5401388,3405.994,577.865,0,806.604,0,28.091,5578,8356,2.080,2.130,1.300,5,0,308.997,0,0,14,70,0,5,0
01-05 13:28:48,62.209,23.984,4.247,9.744,0,2261444,164828,172324,5330228,8527.417,485.682,139.908,8246.601,21.986,552.638,6039,5844,2.080,2.130,1.300,5,0,506.668,0,0,14,70,0,5,0
01-05 13:28:49,68.544,16.010,4.253,10.257,0,2415212,132048,171076,5213560,5978.867,540.350,4963.210,8.005,241.156,1.001,7237,9120,2.080,2.130,1.300,3,4,225.146,0,0,14,74,0,5,0
01-05 13:28:50,53.706,26.229,10.491,9.242,0,2548136,163860,169408,5054540,7895.528,485.602,2266.143,10439.443,102.916,628.485,10704,27166,2.080,2.130,1.300,11,2,540.557,0,0,14,76,0,6,0
01-05 13:28:51,56.543,17.513,15.011,10.258,0,2597120,174844,169148,4996064,6113.631,486.368,956.725,15403.667,39.030,280.212,9698,14410,2.080,2.130,1.300,4,1,264.200,0,0,14,77,0,6,0
01-05 13:28:52,64.420,8.489,15.731,10.237,0,2760000,149820,168956,4861400,3826.267,485.400,59.926,6184.350,4.994,247.694,7051,11330,2.480,2.220,1.330,8,0,4.994,0,0,14,79,0,7,0
01-05 13:28:53,63.034,19.761,13.758,2.501,0,2849268,128636,168968,4795128,8558.678,486.266,48.026,1788.978,8.004,97.053,9620,18100,2.480,2.220,1.330,4,0,466.255,0,0,14,95,0,14,0
01-05 13:28:54,32.408,19.694,45.122,1.246,0,2901472,145408,168972,4727612,7514.679,484.625,15.955,1176.662,0.997,64.816,9024,12369,2.480,2.220,1.330,3,0,446.733,0,0,14,97,0,17,0
01-05 13:28:55,35.754,12.501,47.005,4.250,0,2977988,132592,168980,4665428,8365.867,540.056,2320.241,1008.105,101.010,46.005,5372,5255,2.480,2.220,1.330,2,0,193.020,0,0,14,98,0,17,0
01-05 13:28:56,36.875,8.027,47.912,6.522,0,3058084,118544,168996,4600644,7734.149,487.649,28.095,3708.539,5.017,190.645,4183,4065,2.480,2.220,1.330,2,1,50.170,0,0,14,101,0,17,0
01-05 13:28:57,7.974,19.686,68.777,1.744,0,3066264,177124,168996,4535312,7851.582,574.141,0,1327.702,0,81.735,5993,4834,2.360,2.190,1.330,1,0,382.761,0,0,14,101,0,17,0
01-05 13:28:58,7.763,19.783,68.865,2.504,0,3078908,164444,168996,4535348,7358.299,486.814,4.007,1923.215,1.002,250.419,6084,4627,2.360,2.190,1.330,2,2,373.625,0,0,14,101,0,17,0
01-05 13:28:59,16.221,10.481,66.133,6.239,0,3121000,188804,168996,4470444,6978.674,485.143,782.618,10876.788,36.935,273.517,3849,2903,2.360,2.190,1.330,1,0,184.674,0,0,14,101,0,17,0
01-05 13:29:00,17.029,3.005,79.135,0.751,0,3144008,165960,169000,4470376,14012.879,6872.712,12.020,104.178,3.005,10.017,2001,1877,2.360,2.190,1.330,1,0,0,0,0,14,105,0,17,0
01-05 13:29:01,19.466,5.740,72.874,0.499,0,3151636,158304,169000,4470404,27589.175,16686.075,3.993,247.571,0.998,18.967,2975,2693,2.360,2.190,1.330,1,0,62.891,0,0,14,103,0,18,0
01-05 13:29:02,19.500,3.250,77.001,0.250,0,3151780,158152,169000,4470412,12015.098,6204.050,4.000,160.001,1.000,19.000,2209,2151,2.250,2.170,1.330,1,0,1.000,0,0,14,106,0,18,0
01-05 13:29:03,20.819,3.763,70.735,3.512,0,3153932,154944,169012,4471412,10991.527,1312.361,589.961,1661.522,34.113,180.600,4332,6051,2.250,2.170,1.330,3,1,5.017,0,0,14,115,0,18,0
01-05 13:29:04,29.431,4.988,57.116,7.482,0,3101640,207128,169012,4471520,9088.678,1625.187,0,3348.145,0,178.581,4859,6554,2.250,2.170,1.330,3,0,12.970,0,0,14,118,0,20,0
01-05 13:29:05,27.968,7.242,60.930,2.497,0,3240840,133168,168956,4407872,7901.871,539.377,3.995,1046.791,0.999,62.927,3381,3186,2.250,2.170,1.330,1,0,101.882,0,0,14,118,0,20,0
01-05 13:29:06,17.496,2.999,76.983,1.750,0,3249324,124628,168956,4407928,16073.488,8525.137,3.999,1039.773,1.000,74.984,2383,2525,2.250,2.170,1.330,1,0,2.000,0,0,14,123,0,20,0
01-05 13:29:07,24.027,5.256,64.073,5.006,0,3285812,151728,168960,4345788,5951.810,2062.360,32.037,1561.787,5.006,159.182,4578,6479,2.150,2.160,1.330,2,0,5.006,0,0,14,122,0,21,0
01-05 13:29:08,41.922,10.481,45.416,1.497,0,3341084,160736,168960,4283344,3654.224,574.934,3.993,770.571,0.998,53.900,4000,3120,2.150,2.160,1.330,2,0,96.820,0,0,14,122,0,21,0
01-05 13:29:09,25.838,5.017,66.728,1.756,0,3326960,174652,168964,4283548,30955.772,23102.940,8.027,1412.827,2.007,78.267,2835,2293,2.150,2.160,1.330,3,0,39.134,0,0,14,122,0,22,0
01-05 13:29:10,20.950,3.990,72.077,2.494,0,3397728,166916,168964,4222108,7835.167,1236.029,0,530.724,0,30.926,1829,1495,2.150,2.160,1.330,2,0,15.962,0,0,14,123,0,22,0
01-05 13:29:11,16.743,4.748,76.720,0.750,0,3326356,238268,168964,4222128,29870.145,22262.164,0,259.897,0,15.994,2392,1989,2.150,2.160,1.330,1,0,50.980,0,0,14,122,0,23,0
01-05 13:29:12,19.305,2.507,77.721,0.251,0,3383928,180684,168964,4222140,8373.804,2931.333,8.023,132.376,2.006,14.040,1730,1541,2.060,2.140,1.320,1,0,0,0,0,14,123,0,23,0
01-05 13:29:13,17.748,4.999,73.242,2.500,0,3380348,184212,168964,4222192,14025.434,5722.361,7.999,1679.812,2.000,139.984,3918,4485,2.060,2.140,1.320,2,0,62.993,0,0,14,124,0,24,0
01-05 13:29:14,25.169,4.486,65.789,3.240,0,3433184,131328,168964,4222240,9054.900,1235.031,0,1598.862,0,87.718,3534,4331,2.060,2.140,1.320,7,0,23.923,0,0,14,127,0,24,0
01-05 13:29:15,18.535,5.009,72.888,2.505,0,3364148,200160,168964,4222444,25846.798,22313.126,0,2252.252,0,121.229,3535,3935,2.060,2.140,1.320,1,0,58.110,0,0,14,126,0,25,0
01-05 13:29:16,18.482,2.997,77.923,0,0,3420860,143444,168964,4222448,10452.710,2934.112,0,0,0,0,1649,1192,2.060,2.140,1.320,1,0,0,0,0,14,127,0,25,0
01-05 13:29:17,19.995,4.249,68.232,7.248,0,3412836,151364,168964,4222552,12146.710,4793.702,0,2903.214,0,269.927,4983,7294,1.890,2.100,1.320,2,0,1.000,0,0,14,128,0,25,0
01-05 13:29:18,23.999,6.000,65.997,2.000,0,3406376,157768,168964,4222608,4672.777,1725.918,0,1499.928,0,146.993,5379,7321,1.890,2.100,1.320,1,0,54.997,0,0,14,129,0,27,0
01-05 13:29:19,19.247,2.500,76.988,1.250,0,3426304,137704,168964,4222744,14954.631,6250.010,0,1311.792,0,130.979,2049,1714,1.890,2.100,1.320,1,0,0,0,0,14,130,0,27,0
01-05 13:29:20,18.308,3.762,72.230,4.514,0,3426044,137916,168968,4222788,12419.511,4822.342,16.051,2588.234,1.003,187.597,3995,5175,1.890,2.100,1.320,4,0,0,0,0,14,130,0,27,0
01-05 13:29:21,30.221,4.995,60.441,2.997,0,3428896,134980,168972,4222868,11689.589,1350.682,0,1330.701,0,128.874,6470,9535,1.890,2.100,1.320,4,0,0.999,0,0,14,131,0,28,0
01-05 13:29:22,23.008,6.002,68.774,1.250,0.250,3423320,140540,168972,4222884,5902.028,486.167,0,656.226,0,50.017,2988,3118,1.820,2.080,1.310,3,0,77.026,0,0,14,131,0,28,0
01-05 13:29:23,15.739,2.248,79.443,1.749,0,3422656,141160,168972,4222928,12853.731,8900.582,0,1027.259,0,111.919,3244,4411,1.820,2.080,1.310,2,1,0,0,0,14,132,0,28,0
01-05 13:29:24,19.457,7.982,67.602,3.742,0,3391396,172420,168972,4222944,9386.398,1683.305,0,2813.824,0,309.321,3662,3156,1.820,2.080,1.310,1,0,146.678,0,0,14,131,0,29,0
01-05 13:29:25,17.499,2.500,77.745,1.000,0,3411788,152012,168972,4222960,18959.797,8586.455,0,735.953,0,45.997,2172,1942,1.820,2.080,1.310,1,0,1.000,0,0,14,134,0,29,0
01-05 13:29:26,19.502,3.750,71.509,4.000,0,3413588,150168,168976,4223000,7057.871,4059.501,0,1400.173,0,142.018,4999,7206,1.820,2.080,1.310,1,0,0,0,0,14,134,0,29,0
01-05 13:29:27,30.827,10.777,51.880,5.013,0,3378380,185076,168976,4223268,9603.043,2123.316,32.080,5962.929,2.005,359.901,9695,15029,1.830,2.080,1.320,3,0,123.309,0,0,14,135,0,30,0
01-05 13:29:28,42.405,10.227,41.657,4.739,0,3432660,130644,169056,4223356,9098.695,987.796,75.831,2386.674,5.987,198.557,9776,13608,1.830,2.080,1.320,4,0,167.626,0,0,14,135,0,30,0
01-05 13:29:29,19.808,3.761,75.221,0.501,0,3356120,269576,169056,4162448,17454.299,7919.275,0,706.075,0,44.130,3041,3189,1.830,2.080,1.320,2,0,17.050,0,0,14,135,0,31,0
01-05 13:29:30,9.004,19.759,64.529,5.753,0,3349516,276140,169056,4162488,7604.441,576.261,0,4129.869,0,345.156,6236,4760,1.830,2.080,1.320,1,0,406.184,0,0,14,135,0,31,0
01-05 13:29:31,15.452,17.695,64.051,0.997,0,3347228,278412,169056,4162860,3924.796,484.494,0,558.264,0,32.898,7240,8873,1.830,2.080,1.320,2,0,343.931,0,0,14,135,0,31,0
01-05 13:29:32,29.562,19.290,48.101,2.255,0,3427248,198204,169060,4162692,8845.520,487.020,0,1214.543,0,65.136,6319,5580,1.850,2.080,1.320,3,0,457.959,0,0,14,135,0,31,2
01-05 13:29:33,35.973,19.485,42.218,1.249,0,3470268,154776,169076,4163448,8331.743,485.635,87.934,415.688,8.993,33.974,7731,9435,1.850,2.080,1.320,1,0,432.675,0,0,14,141,0,30,2
01-05 13:29:34,42.879,20.692,33.655,1.994,0,3554220,190372,169076,4046680,7995.521,554.441,99.720,295.170,5.983,13.961,6602,7122,1.850,2.080,1.320,7,0,514.553,0,0,16,141,0,30,2
01-05 13:29:35,60.468,24.589,14.302,1.004,0,3713640,166840,168988,3912564,8845.960,487.762,48.174,1834.628,7.025,53.192,7578,15753,1.850,2.080,1.320,11,0,442.599,0,0,16,147,0,30,2
01-05 13:29:36,50.907,20.962,26.701,0.250,0,3805464,172560,168988,3815932,4496.787,485.114,35.934,630.848,3.993,37.931,8348,12187,1.850,2.080,1.320,6,0,481.121,0,0,16,163,0,30,2
01-05 13:29:37,32.088,22.812,43.619,0.501,0,3864528,166188,168940,3764380,10178.858,541.482,8.022,754.064,2.005,28.077,7104,6390,1.940,2.090,1.330,2,0,586.605,0,0,17,163,0,30,2
01-05 13:29:38,22.260,17.008,59.276,0.250,0,3899516,131140,168940,3764444,5359.364,576.254,0,592.261,0,41.018,6177,8696,1.940,2.090,1.330,3,0,312.138,0,0,17,163,0,30,2
01-05 13:29:39,30.442,22.457,42.669,2.994,0,3953800,131044,168940,3711864,3814.767,485.080,3.992,287.455,0.998,20.960,6610,6209,1.940,2.090,1.330,5,0,514.025,0,0,17,163,0,30,2
01-05 13:29:40,34.565,17.032,47.339,0.250,0,4016124,150172,168944,3632024,10520.852,581.096,8.015,480.907,2.004,29.055,6963,8216,1.940,2.090,1.330,2,0,345.652,0,0,17,169,0,31,2
01-05 13:29:41,37.411,26.936,34.418,0.998,0,4132848,153964,168952,3514348,10511.896,484.842,35.914,638.475,5.986,39.905,9381,14365,1.940,2.090,1.330,3,0,740.232,0,0,17,175,0,30,2
01-05 13:29:42,23.304,22.803,51.369,1.253,0,4180688,175528,168952,3446328,9743.522,557.288,20.046,1002.317,5.012,60.139,9372,14336,2.180,2.140,1.350,2,0,549.270,0,0,17,183,0,30,2
01-05 13:29:43,19.689,15.951,62.558,0.748,0,4202352,153856,168952,3446464,8499.846,484.509,3.988,155.521,0.997,11.963,6627,8005,2.180,2.140,1.350,2,0,270.169,0,0,17,189,0,30,2
01-05 13:29:44,41.207,9.740,46.452,1.748,0,4344184,133112,168952,3327508,8382.300,485.496,415.569,387.598,7.992,17.981,3559,2480,2.180,2.140,1.350,2,0,82.914,0,0,17,189,0,30,2
01-05 13:29:45,44.012,7.252,46.262,2.251,0,4453440,137612,169072,3215652,7242.934,486.130,332.089,5157.377,16.004,151.040,3469,2277,2.180,2.140,1.350,2,0,6.002,0,0,17,191,0,30,2
01-05 13:29:46,29.858,15.807,51.437,2.007,0,4395600,194604,169072,3216500,4326.710,487.771,847.076,562.041,10.036,52.190,5841,6166,2.180,2.140,1.350,1,1,441.603,0,0,17,209,0,28,2
01-05 13:29:47,30.545,23.591,42.465,2.483,0,4436888,153032,169076,3217108,9130.620,6276.805,103.306,723.139,1.987,52.646,7752,8502,2.250,2.160,1.360,19,0,574.140,0,0,17,210,0,28,2
01-05 13:29:48,52.989,19.839,24.360,2.009,0,4481448,130312,169096,3195916,11760.937,3564.042,920.142,478.152,19.086,30.136,7159,8092,2.250,2.160,1.360,3,0,252.135,0,0,17,214,0,29,2
01-05 13:29:49,62.004,11.001,18.251,8.001,0,4611532,125768,169108,3072904,14008.952,6265.426,856.058,672.046,18.001,8.001,4289,3483,2.250,2.160,1.360,2,2,26.002,0,0,17,215,0,29,2
01-05 13:29:50,37.700,7.989,28.213,25.217,0.250,4678432,171108,169128,2964116,13035.842,5666.542,1777.660,13114.739,83.890,902.812,5035,4323,2.250,2.160,1.360,5,1,34.954,0,0,17,230,0,30,2
01-05 13:29:51,57.036,11.257,13.759,17.261,0,4670576,170592,169188,2972424,8102.094,486.306,5611.528,4646.922,414.260,137.086,6345,21018,2.250,2.160,1.360,3,1,56.035,0,0,17,234,0,31,2
01-05 13:29:52,35.074,21.295,42.340,0.501,0,4711448,168980,169196,2934128,19527.282,10402.993,96.203,669.415,7.015,33.070,7454,8990,2.230,2.150,1.360,5,0,458.970,0,0,17,232,0,35,2
01-05 13:29:53,39.920,18.712,38.672,1.247,0,4658704,220200,169204,2935628,10252.335,1524.926,31.936,10079.683,0.998,61.875,7733,9293,2.230,2.150,1.360,4,0,320.354,0,0,17,231,0,36,2
01-05 13:29:54,49.433,24.217,23.718,1.498,0,4755988,162168,169204,2897776,13485.653,8655.225,3.995,2396.739,0.999,132.819,7408,8563,2.230,2.150,1.360,3,0,585.204,0,0,17,233,0,26,2
01-05 13:29:55,55.084,18.779,17.777,7.511,0,4783436,160968,169540,2871716,12535.063,3204.874,1354.059,3124.752,63.096,227.346,7074,8675,2.230,2.150,1.360,5,0,316.481,0,0,17,233,0,27,2
01-05 13:29:56,56.158,24.709,15.724,3.245,0,4881108,138260,169260,2798788,13933.098,7576.546,307.495,1062.254,15.974,61.898,7622,11615,2.230,2.150,1.360,4,0,559.081,0,0,17,240,0,29,2
01-05 13:29:57,55.721,18.825,20.833,3.514,0,4865372,150164,169264,2802656,11078.961,4295.042,542.151,1200.765,31.123,81.323,9610,15826,2.290,2.170,1.370,3,0,281.115,0,0,17,247,0,31,2
01-05 13:29:58,65.752,15.193,18.181,0.498,0,5031920,139876,169208,2648624,13948.440,6265.391,454.288,533.988,6.974,27.895,5849,6020,2.290,2.170,1.370,6,0,94.643,0,0,17,248,0,28,2
01-05 13:29:59,51.531,10.256,31.519,5.503,0,5047204,184520,168448,2590940,18955.229,12322.300,1236.733,1292.766,75.044,74.044,10035,19484,2.290,2.170,1.370,4,0,19.011,0,0,17,254,0,33,0
01-05 13:30:00,55.661,8.525,31.341,4.012,0,5134200,132212,168448,2557160,13954.395,8639.008,1159.356,681.974,30.087,67.195,5020,6312,2.290,2.170,1.370,2,0,14.041,0,0,17,260,0,34,0
01-05 13:30:01,41.930,27.454,25.458,4.243,0,5074192,188452,168716,2560608,16264.001,5803.366,4177.066,1772.058,71.881,76.872,8084,8955,2.290,2.170,1.370,3,0,618.972,0,0,17,259,0,35,0
01-05 13:30:02,54.085,21.033,23.787,0.250,0,5107036,155224,168716,2561056,12566.737,6395.044,1121.762,600.944,14.022,43.068,6533,9476,2.750,2.270,1.410,3,0,338.532,0,0,17,260,0,34,0
01-05 13:30:03,70.754,16.501,8.751,3.500,0,5157504,164852,168716,2502668,14774.853,5665.327,1236.071,1200.069,58.003,63.004,5844,4937,2.750,2.270,1.410,2,2,173.010,0,0,18,262,0,35,0
01-05 13:30:04,73.835,9.978,4.739,10.477,0,5294732,123496,168728,2409356,13219.438,6185.169,3420.351,1368.939,160.641,59.866,5556,4715,2.750,2.270,1.410,4,1,15.964,0,0,18,268,0,35,0
01-05 13:30:05,68.907,11.526,13.280,6.014,0,5284620,188624,168752,2356108,9724.190,5750.121,1579.604,2505.718,55.126,232.531,7680,10806,2.750,2.270,1.410,3,0,101.231,0,0,18,267,0,38,0
01-05 13:30:06,42.493,11.248,45.243,0.750,0,5363024,141248,168756,2326432,13020.895,3488.436,819.867,635.897,9.998,39.994,4785,4485,2.750,2.270,1.410,1,0,140.977,0,0,18,275,0,36,0
01-05 13:30:07,34.692,6.988,54.908,2.246,0,5346720,188316,168764,2297088,34915.326,12819.457,575.034,3857.518,10.982,77.869,4479,4799,2.610,2.240,1.410,3,1,13.977,0,0,18,280,0,37,1
01-05 13:30:08,40.536,9.258,46.792,2.002,0,5403656,129740,168764,2298728,1628725.773,18003.091,768.687,572.512,6.005,46.041,4330,3102,2.610,2.240,1.410,4,0,10.009,0,0,18,280,0,37,0
01-05 13:30:09,20.270,3.503,73.572,1.501,0,5375180,149264,168764,2307664,9122860.143,92958.453,308.303,800.788,5.005,78.077,6710,5037,2.610,2.240,1.410,1,0,3.003,0,0,18,283,0,38,0
01-05 13:30:10,34.484,13.494,48.227,2.999,0,5356240,190260,168764,2286692,5829861.772,47629.506,2286.920,499.764,26.987,36.983,6906,4893,2.610,2.240,1.410,2,0,263.875,0,0,18,286,0,36,0
01-05 13:30:11,29.372,3.983,59.491,5.974,0,5405396,141088,168764,2286708,23853.958,16149.562,0,5488.063,0,768.647,3843,3066,2.610,2.240,1.410,1,0,0.996,0,0,18,288,0,36,0
01-05 13:30:12,22.599,5.022,67.296,4.771,0,5334872,210792,168764,2287532,13565.621,4776.995,486.137,803.532,29.128,72.318,5222,6894,2.560,2.240,1.410,1,1,37.163,0,0,18,291,0,38,0
01-05 13:30:13,2.739,1.245,88.131,4.481,0,5336656,208972,168768,2287564,413847.821,16345119.258,47.800,9054.125,2.988,47.800,3031,2069,2.560,2.240,1.410,0,0,0.996,0,0,18,290,0,39,0
01-05 13:30:14,19.976,3.246,74.411,0.499,0,5329924,199588,168776,2303640,16497323.815,117636.003,63.924,683.187,3.995,56.932,10782,10181,2.560,2.240,1.410,4,0,0.999,0,0,18,295,0,37,0
01-05 13:30:15,11.304,16.580,69.584,1.758,0,5289496,239904,168776,2303752,11409.833,3569.153,28.135,627.013,2.010,45.217,5921,5615,2.560,2.240,1.410,4,0,463.226,0,0,18,292,0,40,0
01-05 13:30:16,22.920,3.737,71.750,0.747,0,5360520,168864,168776,2303768,10365.946,484.315,0,346.794,0,18.934,2156,1790,2.560,2.240,1.410,1,0,3.986,0,0,18,292,0,40,0
01-05 13:30:17,9.752,18.504,65.012,5.501,0,5309520,219828,168776,2303804,6546.253,486.093,0,12578.408,0,659.126,6451,5394,2.520,2.240,1.410,1,0,372.071,0,0,18,292,0,40,0
01-05 13:30:18,7.001,14.252,76.259,2.000,0,5313904,215384,168780,2303860,3876.443,486.056,4.000,8564.980,1.000,39.004,4787,4133,2.520,2.240,1.410,0,0,298.034,0,0,18,292,0,37,0
01-05 13:30:19,7.753,3.001,83.786,4.752,0,5337072,192200,168780,2303876,8645.701,486.208,0,11112.757,0,158.068,1928,2392,2.520,2.240,1.410,1,0,11.005,0,0,18,296,0,37,0
01-05 13:30:20,19.004,2.000,77.268,0.250,0,5389816,139320,168780,2304012,11396.612,6200.421,0,44.010,0,4.001,1892,1625,2.520,2.240,1.410,1,0,0,0,0,18,297,0,37,0
01-05 13:30:21,15.554,9.031,73.757,1.505,0,5357312,171716,168784,2304116,10619.030,3719.972,76.266,160.560,7.024,13.045,3823,3258,2.520,2.240,1.410,1,0,124.434,0,0,18,300,0,38,0
01-05 13:30:22,12.004,16.505,70.772,0,0,5346008,182640,168784,2304464,11744.573,486.148,4.001,292.089,1.000,12.004,5363,4118,2.390,2.210,1.410,4,0,207.063,0,0,18,300,0,37,0
01-05 13:30:23,12.000,16.250,70.248,0.500,0,5331460,196968,168784,2304636,77481.742,485.986,0,383.989,0,29.999,5805,4822,2.390,2.210,1.410,1,0,229.993,0,0,18,300,0,37,0
01-05 13:30:24,21.908,4.481,72.197,0.498,0,5399952,128436,168784,2304676,9435.446,483.971,35.850,294.764,1.992,24.896,2536,2314,2.390,2.210,1.410,1,0,40.829,0,0,18,300,0,37,0
01-05 13:30:25,22.248,4.000,71.492,2.000,0,5435116,122856,168784,2276028,4070.545,485.946,291.967,283.968,5.999,25.997,2241,1939,2.390,2.210,1.410,1,0,4.999,0,0,18,306,0,37,0
01-05 13:30:26,23.504,2.250,70.511,2.000,0,5335160,222656,168784,2276184,5396.862,540.086,112.018,2176.348,7.001,195.031,2623,2465,2.390,2.210,1.410,2,0,6.001,0,0,18,304,0,37,0
01-05 13:30:27,22.757,4.501,70.021,2.501,0,5392108,165684,168784,2276208,9487.832,486.145,24.007,304.091,4.001,30.009,2506,2336,2.280,2.190,1.410,0,0,1.000,0,0,18,304,0,36,0
01-05 13:30:28,13.488,1.998,82.928,0.250,0,5409316,148464,168784,2276220,17985.302,13588.140,0,87.923,0,5.995,2172,2144,2.280,2.190,1.410,0,0,2.997,0,0,18,307,0,37,0
01-05 13:30:29,19.847,3.517,75.871,0,0.251,5378440,179332,168784,2276228,16412.330,6307.874,0,0,0,0,2398,1940,2.280,2.190,1.410,1,0,16.079,0,0,18,304,0,38,0
01-05 13:30:30,23.893,2.489,72.923,0,0,5414120,143648,168784,2276232,5766.128,483.829,0,79.643,0,5.973,1956,1504,2.280,2.190,1.410,1,0,0,0,0,18,304,0,38,0
01-05 13:30:31,13.792,13.290,71.217,0.502,0,5372112,185360,168792,2276520,8952.220,487.482,393.196,433.318,5.015,22.067,4673,3794,2.280,2.190,1.410,1,0,256.781,0,0,18,304,0,36,0
01-05 13:30:32,12.739,14.737,70.439,0.500,0,5359620,197708,168792,2276664,8586.529,485.577,31.972,119.896,3.997,5.995,5078,4074,2.260,2.190,1.410,1,0,326.716,0,0,18,304,0,36,0
01-05 13:30:33,18.709,2.993,76.581,0.499,0,5379304,177860,168936,2276684,10212.464,2628.200,115.745,231.489,4.989,11.974,2017,1674,2.260,2.190,1.410,2,0,32.927,0,0,18,305,0,36,0
01-05 13:30:34,22.751,2.500,71.503,2.000,0,5369476,181216,169544,2282432,7963.337,660.028,156.007,1396.059,5.000,33.001,2190,2003,2.260,2.190,1.410,1,0,3.000,0,0,18,304,0,36,0
01-05 13:30:35,18.006,2.251,77.774,1.000,0,5382404,162584,170064,2287472,14752.581,3486.083,0,1056.328,0,18.006,1974,1651,2.260,2.190,1.410,2,0,17.005,0,0,18,304,0,36,1
01-05 13:30:36,20.990,5.248,70.966,1.249,0,5363176,180980,170124,2288224,4177.023,1669.210,251.881,91.956,8.996,2.999,10273,18920,2.260,2.190,1.410,0,0,12.994,0,0,18,305,0,36,0
01-05 13:30:37,19.305,4.764,72.206,2.006,0,5385284,158484,170172,2288560,15661.765,2403.871,28.080,974.786,5.014,46.132,10943,20070,2.160,2.170,1.410,1,0,13.037,0,0,18,305,0,36,0
01-05 13:30:38,18.446,4.487,71.040,4.985,0,5381892,168340,170300,2281916,9327.441,658.056,7.976,1667.074,1.994,60.820,2554,2665,2.160,2.170,1.410,1,0,14.956,0,0,18,304,0,36,0
01-05 13:30:39,14.255,14.005,69.773,1.250,0,5352088,201432,170300,2278740,8504.746,556.180,96.031,552.178,6.002,17.005,4570,4051,2.160,2.170,1.410,1,0,268.087,0,0,18,304,0,36,0
01-05 13:30:40,20.247,1.250,77.237,0,0,5391164,162172,170300,2278924,12000.989,2964.503,0,103.983,0,6.999,1818,1420,2.160,2.170,1.410,1,0,0,0,0,18,305,0,36,0
01-05 13:30:41,17.240,5.997,74.209,1.499,0,5376100,176940,170300,2279220,13132.661,8429.289,147.917,13296.569,9.994,17.990,3058,2501,2.160,2.170,1.410,2,0,76.957,0,0,18,304,0,39,0
01-05 13:30:42,22.272,5.005,72.571,0,0,5432080,120956,170300,2279224,9646.432,486.476,0,2658.600,0,6.006,2333,1859,2.070,2.150,1.410,1,0,39.038,0,0,18,304,0,39,0
01-05 13:30:43,16.250,4.000,73.998,3.500,0,5384004,169020,170300,2279240,19020.498,9175.758,0,2955.922,0,433.989,3128,2423,2.070,2.150,1.410,1,0,69.998,0,0,18,304,0,39,0
01-05 13:30:44,21.735,2.998,74.449,0.749,0,5393476,159536,170300,2279252,5762.088,2450.336,0,423.712,0,26.982,2146,1974,2.070,2.150,1.410,0,0,1.999,0,0,18,305,0,39,0
01-05 13:30:45,17.546,4.763,75.950,1.003,0,5347964,205000,170300,2279300,52661.873,11576.528,32.085,232.613,2.005,14.037,3286,2524,2.070,2.150,1.410,1,0,56.148,0,0,18,304,0,40,0
01-05 13:30:46,19.951,2.993,75.315,0,0,5375820,177136,170300,2279308,7553.414,2499.849,0,115.715,0,8.978,1985,1579,2.070,2.150,1.410,0,0,0,0,0,18,305,0,40,0
01-05 13:30:47,19.731,5.245,72.931,1.249,0,5345208,207568,170300,2279488,17529.338,8732.699,155.852,419.601,8.991,47.954,3148,2993,2.060,2.150,1.410,2,0,31.970,0,0,18,308,0,43,0
01-05 13:30:48,20.972,2.996,75.648,0,0,5391764,161008,170300,2279492,7984.196,2801.210,0,123.832,0,13.981,2141,1919,2.060,2.150,1.410,0,0,2.996,0,0,18,309,0,43,0
01-05 13:30:49,16.348,4.024,77.462,0.755,0,5357720,194988,170300,2279556,16400.845,9184.795,32.192,402.401,2.012,38.228,3081,3317,2.060,2.150,1.410,4,0,34.204,0,0,18,308,0,44,0
01-05 13:30:50,23.414,4.234,70.989,0.996,0,5425024,127668,170300,2279572,8872.344,1094.970,0,243.105,0,10.960,2407,2049,2.060,2.150,1.410,0,0,16.938,0,0,18,309,0,45,0
01-05 13:30:51,22.852,6.027,69.811,0.753,0,5392752,159916,170300,2279596,18565.762,10139.198,0,249.110,0,18.081,3786,9857,2.060,2.150,1.410,1,0,69.309,0,0,18,308,0,46,0
01-05 13:30:52,19.165,3.236,76.162,0,0,5417144,165460,170300,2250672,13015.260,2858.320,0,242.922,0,19.912,2002,1670,1.970,2.130,1.410,2,0,0,0,0,18,309,0,46,0
01-05 13:30:53,16.562,3.262,78.542,1.255,0,5341056,241400,170300,2250820,15081.024,9033.558,0,879.266,0,73.272,3104,3671,1.970,2.130,1.410,1,0,39.145,0,0,18,310,0,47,0
01-05 13:30:54,3.483,5.971,85.337,2.986,0,5342280,239056,170720,2251520,13627.993,3314.944,1015.083,326.419,220.930,23.884,3006,3310,1.970,2.130,1.410,0,0,141.316,0,0,18,312,0,47,0
01-05 13:30:55,4.754,6.756,86.823,0,0,5336596,244684,170724,2251572,20300.160,3903.299,0,384.325,0,24.020,2802,2590,1.970,2.130,1.410,0,0,125.106,0,0,18,312,0,42,0
01-05 13:30:56,5.005,9.759,83.829,0.250,0,5337312,243908,170724,2251632,7626.212,1540.457,0,164.155,0,10.009,3402,2974,1.970,2.130,1.410,1,0,175.166,0,0,18,310,0,43,0
01-05 13:30:57,13.737,4.496,69.936,10.990,0,5336308,241664,170756,2254848,6900.649,485.553,1694.440,1810.334,133.877,128.881,2834,2914,1.900,2.110,1.410,0,1,37.965,0,0,18,310,0,43,0
01-05 13:30:58,14.057,4.267,73.549,7.782,0,5339520,225324,171140,2267576,9125.049,487.981,5080.628,12.049,349.419,3.012,2264,2289,1.900,2.110,1.410,1,0,2.008,0,0,18,310,0,43,0
01-05 13:30:59,14.442,1.494,76.693,5.229,0,5350156,207948,171268,2274072,13649.285,3042.803,868.518,1063.736,10.956,12.948,1839,1610,1.900,2.110,1.410,1,0,15.936,0,0,18,312,0,37,0
01-05 13:31:00,14.003,4.751,75.767,4.751,0,5345816,211964,171308,2274340,14651.349,2414.552,260.059,2060.471,12.003,74.017,2837,2655,1.900,2.110,1.410,3,0,42.010,0,0,18,310,0,37,0
01-05 13:31:01,12.750,12.750,70.499,2.500,0,5338544,217480,171308,2276080,7923.893,485.993,751.990,1507.980,10.000,44.999,4679,4184,1.900,2.110,1.410,1,0,261.996,0,0,18,310,0,37,0
01-05 13:31:02,19.503,2.500,78.011,0,0,5380796,175220,171308,2276088,15295.168,6199.879,0,204.029,0,5.001,1953,1553,1.820,2.090,1.400,2,0,0,0,0,18,311,0,37,0
01-05 13:31:03,20.506,5.001,72.020,1.250,0,5318120,237872,171308,2276112,25046.894,17315.766,0,288.079,0,39.011,2865,2550,1.820,2.090,1.400,1,0,48.013,0,0,18,312,0,33,0
01-05 13:31:04,18.990,2.499,74.961,2.749,0,5358024,197940,171308,2276140,9412.084,6327.695,15.992,2222.839,0.999,333.826,2253,1942,1.820,2.090,1.400,1,0,0,0,0,18,313,0,33,0
01-05 13:31:05,14.811,2.510,75.059,6.276,0,5340532,215084,171308,2276488,6808.057,3642.009,337.390,156.646,21.087,9.037,2239,2020,1.820,2.090,1.400,1,0,14.058,0,0,18,312,0,35,0
01-05 13:31:06,21.422,2.740,74.728,0,0,5408548,147068,171308,2276488,9775.418,2443.107,0,123.550,0,8.967,2017,1596,1.820,2.090,1.400,0,0,0,0,0,18,313,0,35,0
01-05 13:31:07,16.806,3.261,72.493,7.525,0,5404116,149776,171308,2278196,12485.929,5129.225,1653.553,1765.930,56.189,158.532,3978,5610,1.760,2.070,1.400,1,3,2.007,0,0,18,315,0,31,0
01-05 13:31:08,21.410,4.232,62.238,9.958,0,5392720,160588,171308,2278780,8879.559,1718.753,541.716,3385.724,32.861,258.908,4393,5806,1.760,2.070,1.400,4,0,5.975,0,0,18,314,0,32,0
01-05 13:31:09,19.248,3.000,76.742,0.500,0,5396728,156540,171308,2278820,12461.685,6252.340,0,755.920,0,65.993,2039,1727,1.760,2.070,1.400,1,0,0,0,0,18,315,0,32,0
01-05 13:31:10,17.770,3.254,70.329,6.507,0,5391900,161140,171308,2279048,13064.647,5604.283,176.198,1445.621,6.007,144.162,4608,6657,1.760,2.070,1.400,1,0,0,0,0,18,314,0,33,0
01-05 13:31:11,9.273,21.554,66.415,1.754,0,5346228,206764,171312,2279076,8415.906,487.210,0,561.395,0,42.105,6880,6398,1.760,2.070,1.400,4,0,669.663,0,0,18,314,0,33,0
01-05 13:31:12,8.009,23.526,66.825,1.001,0,5351560,201396,171312,2279112,3975.460,486.546,0,2314.597,0,47.053,7101,6624,1.940,2.100,1.410,1,0,689.774,0,0,18,314,0,32,0
01-05 13:31:13,7.969,22.910,65.244,2.241,0,5325092,227836,171312,2279140,7972.679,537.887,0,2032.017,0,117.538,7316,6968,1.940,2.100,1.410,1,0,697.261,0,0,18,314,0,32,0
01-05 13:31:14,9.538,21.836,67.767,0.251,0,5319412,233448,171312,2279192,5926.314,487.920,0,433.706,0,36.142,7259,6816,1.940,2.100,1.410,2,0,671.642,0,0,18,314,0,32,0
01-05 13:31:15,8.241,22.725,67.926,0.499,0,5315228,237472,171312,2279352,3379.312,485.470,0,419.542,0,29.967,7112,6509,1.940,2.100,1.410,2,0,630.312,0,0,18,314,0,32,0
01-05 13:31:16,12.223,15.715,70.096,0.748,0,5335016,263968,171312,2235388,8452.436,538.817,19.956,127.719,1.996,10.976,5553,5103,1.940,2.100,1.410,2,0,476.952,0,0,18,314,0,26,0
01-05 13:31:17,19.566,5.268,69.484,4.766,0,5344520,299288,171680,2198440,5761.443,487.646,4.014,2961.996,1.003,31.105,2473,2400,1.860,2.090,1.410,1,0,4.014,0,0,18,314,0,26,0
01-05 13:31:18,14.187,1.742,82.133,0.996,0,5349244,292572,171728,2200384,13996.529,2481.922,11.947,553.529,1.991,4.978,1818,1622,1.860,2.090,1.410,0,0,16.924,0,0,18,315,0,26,0
01-05 13:31:19,9.279,0.752,84.514,4.013,0,5357608,283396,171792,2201132,18953.219,6903.570,678.119,858.683,40.125,30.094,1588,1599,1.860,2.090,1.410,1,0,0,0,0,18,315,0,26,0
01-05 13:31:20,5.732,0.997,90.214,1.495,0,5355896,284712,171832,2201488,10351.233,5913.281,223.293,1200.201,22.927,63.798,1597,2207,1.860,2.090,1.410,0,0,0,0,0,18,315,0,26,0
01-05 13:31:21,6.750,1.250,87.752,4.500,0,5362744,277268,171860,2202052,19084.358,6952.130,292.005,984.018,33.001,32.001,1383,1572,1.860,2.090,1.410,2,0,0,0,0,18,315,0,26,0
01-05 13:31:22,15.753,0.750,78.763,3.501,0,5383608,254968,171904,2203436,21595.563,9831.622,1180.195,1012.167,61.010,34.006,1794,1662,1.790,2.070,1.410,0,1,0,0,0,18,315,0,26,0
01-05 13:31:23,10.494,0.750,84.204,3.248,0,5381228,256408,171956,2204320,23988.753,9882.543,599.669,1707.057,40.977,80.955,2021,2540,1.790,2.070,1.410,0,1,0,0,0,18,315,0,26,0
01-05 13:31:24,12.256,1.501,79.291,5.503,0,5395292,241036,172004,2205572,20898.752,9782.033,984.507,1264.651,52.027,44.023,1648,1651,1.790,2.070,1.410,1,1,0,0,0,18,315,0,25,0
01-05 13:31:25,16.002,2.250,73.011,8.251,0,5399768,202340,172024,2239772,4315.631,552.081,13950.040,996.146,150.022,47.007,1962,1868,1.790,2.070,1.410,1,1,1.000,0,0,18,315,0,25,0
01-05 13:31:26,22.251,2.000,72.752,2.000,0,5406720,176256,172088,2258560,8045.256,486.015,0,1924.061,0,55.002,2288,2031,1.790,2.070,1.410,1,0,0,0,0,18,315,0,25,0
01-05 13:31:27,22.493,2.499,68.227,6.498,0,5415516,149808,172192,2275848,8771.087,539.821,0,2515.165,0,135.955,2708,2649,1.730,2.050,1.410,0,2,0,0,0,18,315,0,25,0
01-05 13:31:28,14.004,2.751,67.518,14.504,0,5422596,133764,172292,2284648,2829.755,486.130,0,11935.184,0,340.091,2466,2474,1.730,2.050,1.410,0,1,1.000,0,0,18,315,0,25,0
01-05 13:31:29,19.003,2.250,73.011,4.751,0,5412948,129744,172304,2298112,10995.717,486.076,0,1972.308,0,71.011,2256,2151,1.730,2.050,1.410,0,1,0,0,0,18,315,0,25,0
01-05 13:31:30,21.001,3.250,68.754,5.500,0,5408420,139352,172576,2293292,6012.371,540.033,16.001,2796.173,1.000,103.006,2621,2771,1.730,2.050,1.410,1,0,0,0,0,18,315,0,25,0
01-05 13:31:31,20.050,3.509,71.428,4.010,0,5376016,187404,172652,2277472,7880.620,661.647,4.010,421.048,1.002,14.035,2235,1816,1.730,2.050,1.410,1,0,20.050,0,0,18,316,0,25,0
01-05 13:31:32,17.950,3.241,77.284,0.997,0,5405600,153148,172736,2282044,11375.231,2762.285,0,1416.045,0,13.961,2014,1591,1.590,2.020,1.400,1,0,17.950,0,0,18,316,0,23,0
01-05 13:31:33,18.996,3.499,69.984,6.498,0,5405092,152432,172764,2283220,13682.835,1811.581,0,10009.685,0,80.981,2420,2046,1.590,2.020,1.400,1,0,17.996,0,0,18,317,0,23,0
01-05 13:31:34,20.759,5.002,71.531,0.500,0,5397208,154404,173160,2288604,9678.181,2263.978,0,916.396,0,18.008,11030,19738,1.590,2.020,1.400,1,0,14.006,0,0,18,316,0,23,0
01-05 13:31:35,33.842,8.523,49.885,6.768,0,5402832,148436,173224,2288860,3462.392,487.322,513.393,1712.646,4.011,268.729,11452,19304,1.590,2.020,1.400,2,0,19.052,0,0,18,316,0,23,0
01-05 13:31:36,34.658,8.976,55.104,0.748,0,5371800,190768,173268,2277612,3588.518,538.577,510.651,1751.372,3.989,14.960,3359,2294,1.590,2.020,1.400,2,0,22.939,0,0,18,316,0,23,0
01-05 13:31:37,24.058,5.263,68.416,0.752,0,5378228,184336,173268,2277628,8800.324,487.180,0,1058.565,0,34.083,11114,20122,1.540,2,1.400,1,0,48.117,0,0,18,316,0,23,0
01-05 13:31:38,18.700,4.239,75.048,0.499,0,5399612,158976,173268,2281604,14090.134,2589.042,0,343.078,0,25.930,2592,2498,1.540,2,1.400,1,0,39.893,0,0,18,317,0,23,0
01-05 13:31:39,22.252,3.250,73.258,1.250,0,5391704,165120,173268,2283368,11915.261,1932.204,0,996.105,0,14.001,2234,1768,1.540,2,1.400,0,0,19.002,0,0,18,317,0,23,0
01-05 13:31:40,20.206,4.989,71.594,1.746,0,5367716,183488,173272,2288880,14658.086,2405.762,159.652,1907.846,8.980,78.828,10605,19723,1.540,2,1.400,1,0,10.976,0,0,18,316,0,23,0
01-05 13:31:41,21.120,6.789,69.896,0.503,0,5370840,179960,173280,2289276,10540.783,488.772,0,619.514,0,9.051,11280,19983,1.540,2,1.400,1,0,21.120,0,0,18,318,0,23,0
01-05 13:31:42,20.509,4.252,73.030,1.501,0,5323868,238440,173280,2277816,9395.895,486.202,0,348.144,0,13.005,2401,1908,1.500,1.980,1.390,1,0,9.004,0,0,18,318,0,23,0
01-05 13:31:43,21.662,4.731,72.207,0,0,5323992,238304,173280,2277828,6477.755,567.700,0,15.935,0,2.988,2966,2446,1.500,1.980,1.390,1,0,87.645,0,0,18,318,0,23,0
01-05 13:31:44,22.755,3.751,72.516,0,0,5372168,179880,173704,2287644,9164.071,540.122,0,8.002,0,2.000,2367,1979,1.500,1.980,1.390,1,0,27.006,0,0,18,318,0,19,0
01-05 13:31:45,15.004,2.001,80.024,1.751,0,5382344,168540,173768,2288704,20226.032,6330.888,0,1780.531,0,50.015,1940,1676,1.500,1.980,1.390,1,0,16.005,0,0,18,319,0,19,0
01-05 13:31:46,13.991,0.999,81.447,2.748,0,5381348,169148,173768,2289076,22699.158,13493.177,0,1674.905,0,59.961,1881,2060,1.500,1.980,1.390,0,0,0,0,0,18,319,0,19,0
01-05 13:31:47,4.248,1.749,83.207,8.995,0,5379028,171376,173772,2289164,45561.554,4598.634,0,3590.153,0,186.904,2019,2862,1.460,1.970,1.390,1,0,0,0,0,18,320,0,19,0
01-05 13:31:48,8.505,0.750,83.801,5.253,0,5382648,167500,173772,2289416,124464.628,9585.825,0,1292.786,0,65.040,1709,1897,1.460,1.970,1.390,0,0,1.001,0,0,18,320,0,15,0
01-05 13:31:49,15.504,2.501,75.521,5.001,0,5401588,148384,173772,2289588,21129.831,8425.325,0,12395.421,0,171.047,2502,2600,1.460,1.970,1.390,1,0,3.001,0,0,18,320,0,15,0
01-05 13:31:50,17.247,2.000,77.236,2.500,0,5412856,136792,173776,2289900,27081.042,10120.147,15.997,1511.723,1.000,62.988,2485,2707,1.460,1.970,1.390,0,0,2.000,0,0,18,320,0,17,0
01-05 13:31:51,12.494,3.748,80.713,1.499,0,5402952,174552,173776,2262920,324784.891,16753.257,0,1959.095,0,85.960,3294,16945,1.460,1.970,1.390,0,0,36.983,0,0,18,320,0,18,0
01-05 13:31:52,8.788,1.255,85.368,4.017,0,5402536,174552,173908,2263200,100641.850,16608.597,28.121,2534.928,4.017,113.489,1997,2212,1.340,1.930,1.380,1,0,0,0,0,18,320,0,18,0
01-05 13:31:53,11.952,1.245,83.415,2.241,0,5416656,151456,173996,2272064,197922.080,12338.507,103.584,1517.911,5.976,73.704,2256,2565,1.340,1.930,1.380,0,0,0.996,0,0,18,320,0,12,0
01-05 13:31:54,3.250,2.250,89.251,2.750,0,5410948,151108,174016,2278080,3223061.075,53766.552,0,1740.018,0,15.000,3764,2984,1.340,1.930,1.380,1,0,1.000,0,0,18,320,0,12,0
01-05 13:31:55,4.751,2.001,87.023,2.501,0,5410676,138540,174072,2290832,6354658.540,59665.676,0,4653.223,0,33.009,3958,3018,1.340,1.930,1.380,1,0,2.001,0,0,18,320,0,12,0
01-05 13:31:56,5.750,2.750,79.749,8.500,0,5406884,147424,174112,2286468,7732014.069,63139.560,163.999,13199.908,4.000,299.998,4118,3202,1.340,1.930,1.380,0,0,1.000,0,0,18,320,0,12,0
01-05 13:31:57,16.009,2.001,75.541,5.753,0,5408004,140128,174400,2292332,615955.783,7673.158,0,2661.442,0,101.055,2608,2567,1.310,1.920,1.380,1,0,1.001,0,0,18,320,0,9,0
01-05 13:31:58,17.986,2.248,72.695,5.746,0,5408924,121776,177528,2304204,9916.516,485.634,0,3953.017,0,75.943,2298,2138,1.310,1.920,1.380,2,0,0.999,0,0,18,320,0,9,0
01-05 13:31:59,21.007,2.251,72.273,3.251,0,5412612,131268,177864,2290480,4198.334,486.154,8.003,1320.420,2.001,30.010,2151,1868,1.310,1.920,1.380,1,0,0,0,0,18,320,0,9,0
01-05 13:32:00,15.747,3.499,56.990,22.746,0,5417512,121244,177948,2295028,7607.729,485.919,0,28095.305,0,270.955,2746,3208,1.310,1.920,1.380,1,0,0,0,0,18,320,0,9,0
01-05 13:32:01,6.000,2.500,67.497,23.249,0,5416108,138456,177996,2279740,5571.775,539.978,0,25810.956,0,304.988,1849,1945,1.310,1.920,1.380,1,0,0,0,0,18,320,0,9,0
01-05 13:32:02,4.263,2.006,64.200,27.586,0,5416792,135964,178060,2281448,4402.697,487.517,0,27698.169,0,324.008,1628,1863,1.370,1.920,1.390,0,3,0,0,0,18,320,0,9,0
01-05 13:32:03,5.981,2.991,57.820,32.399,0,5422028,129280,178096,2282812,7671.177,484.495,0,19240.249,0,349.913,1945,2085,1.370,1.920,1.390,1,0,0,0,0,18,320,0,9,0
01-05 13:32:04,18.755,3.751,72.269,4.001,0,5429384,128584,178544,2275740,8273.184,540.143,0,1716.453,0,48.013,2179,1840,1.370,1.920,1.390,1,0,0,0,0,18,320,0,9,0
01-05 13:32:05,18.497,2.000,72.237,5.499,0,5431712,142064,179092,2259188,10394.120,485.912,0,1443.739,0,56.990,2300,2139,1.370,1.920,1.390,1,0,0,0,0,18,320,0,6,0
01-05 13:32:06,21.756,1.500,72.769,3.001,0.250,5431216,120192,180276,2279184,6608.727,486.127,0,504.132,0,19.005,2062,1778,1.370,1.920,1.390,2,0,0,0,0,18,320,0,6,0
01-05 13:32:07,21.050,3.258,70.920,4.511,0,5430488,125284,181020,2274440,5012.009,541.297,0,3672.801,0,99.238,2719,2767,1.340,1.900,1.380,0,1,0,0,0,18,320,0,6,0
01-05 13:32:08,18.716,2.246,71.122,6.239,0,5428944,139048,181840,2261472,8844.082,977.241,0,2395.688,0,95.828,2831,3078,1.340,1.900,1.380,1,0,0.998,0,0,18,321,0,6,0
01-05 13:32:09,21.238,2.748,74.709,0.500,0,5333056,269728,181840,2226676,13315.633,2586.569,0,719.602,0,28.984,2262,2011,1.340,1.900,1.380,1,0,1.999,0,0,18,318,0,4,0
01-05 13:32:10,17.747,2.999,76.487,2.000,0,5371448,226664,181876,2231132,14314.553,2889.506,15.997,1523.739,1.000,26.995,2237,1983,1.340,1.900,1.380,2,0,32.994,0,0,18,318,0,4,0
01-05 13:32:11,20.258,3.501,74.778,0.250,0,5363884,232784,181896,2232436,10075.733,1758.652,0,1356.503,0,186.069,2574,2294,1.340,1.900,1.380,0,0,21.008,0,0,18,319,0,4,0
01-05 13:32:12,20.240,4.248,70.464,3.998,0,5366256,223868,182276,2237684,11321.141,2327.795,0,1223.367,0,25.987,10361,18887,1.390,1.900,1.390,1,0,10.994,0,0,18,318,0,4,0
01-05 13:32:13,21.763,5.753,69.041,1.251,0,5369856,219836,182312,2237980,6172.670,486.289,0,2621.558,0,30.018,10066,18314,1.390,1.900,1.390,1,0,8.005,0,0,18,318,0,3,0
01-05 13:32:14,18.743,6.997,71.223,2.249,0,5365824,223632,182348,2238144,3492.654,539.792,0,8980.539,0,117.955,2689,2695,1.390,1.900,1.390,1,0,14.994,0,0,18,318,0,3,0
01-05 13:32:15,20.244,3.999,72.480,2.749,0,5334216,267316,182352,2227048,5811.408,485.867,139.962,2271.378,4.999,38.989,2217,1933,1.390,1.900,1.390,2,0,5.998,0,0,18,318,0,3,0
01-05 13:32:16,16.751,2.500,73.005,6.500,0,5348076,248416,182624,2231796,8466.590,486.034,2456.171,0,325.023,0,2394,2340,1.390,1.900,1.390,1,0,0,0,0,18,318,0,3,0
01-05 13:32:17,19.498,4.000,66.243,7.499,0,5348356,247436,182636,2232484,7540.184,539.942,371.960,4279.537,20.998,198.978,6232,8915,1.520,1.920,1.400,3,1,0,0,0,18,321,0,7,0
01-05 13:32:18,16.768,7.508,62.817,11.763,0,5284352,310756,182640,2233172,7403.938,486.522,544.584,2682.876,27.029,280.301,6205,8941,1.520,1.920,1.400,1,0,107.115,0,0,18,320,0,7,0
01-05 13:32:19,10.491,15.736,69.439,2.748,0,5308640,285560,182640,2234080,7435.472,485.574,867.239,219.807,10.990,14.987,5354,4428,1.520,1.920,1.400,2,0,333.707,0,0,18,320,0,9,0
01-05 13:32:20,7.499,3.250,64.990,22.497,0,5294448,286952,182640,2246880,8174.799,539.921,12766.124,4315.366,1262.814,170.975,3513,5039,1.520,1.920,1.400,1,1,9.999,0,0,18,320,0,9,0
01-05 13:32:21,9.024,3.760,68.684,18.550,0,5282784,268576,182640,2276904,6224.668,729.955,30124.666,2314.197,2247.017,67.180,4373,6511,1.520,1.920,1.400,0,0,6.016,0,0,18,320,1,9,0
01-05 13:32:22,2.493,0.748,92.741,2.742,0,5274944,276416,182640,2276904,7677.546,1861.798,0,2082.182,0,296.172,1307,1491,1.400,1.890,1.390,0,1,0,0,0,18,321,0,9,0
01-05 13:32:23,4.258,5.511,87.170,2.004,0,5253256,297976,182640,2277016,45909.535,2949.753,180.352,589.149,9.018,44.086,2759,3055,1.400,1.890,1.390,2,0,87.170,0,0,18,320,0,10,0
01-05 13:32:24,8.496,19.991,69.968,0,0,5272456,278656,182640,2277136,9145.787,539.751,0,3.998,0,1.000,6844,6126,1.400,1.890,1.390,1,0,610.719,0,0,18,320,0,10,0
01-05 13:32:25,8.519,19.794,70.658,0.251,0,5288684,262396,182640,2277168,9105.343,487.088,0,100.224,0,10.022,6893,6319,1.400,1.890,1.390,1,0,603.348,0,0,18,320,0,10,0
01-05 13:32:26,7.503,21.509,69.030,0,0,5288816,262096,182640,2277336,9355.132,528.233,0,0,0,0,7363,7006,1.400,1.890,1.390,1,0,716.316,0,0,18,320,0,10,0
01-05 13:32:27,12.195,8.462,70.431,6.471,0,5307316,185556,182788,2335228,5867.450,525.622,57754.660,366.342,482.815,31.856,4264,4249,1.370,1.880,1.390,1,0,192.131,0,0,18,320,0,10,0
01-05 13:32:28,10.753,3.251,82.775,2.501,0,5313420,179100,182924,2335444,25439.749,1390.424,332.101,308.094,14.004,33.010,2731,2859,1.370,1.880,1.390,0,0,28.009,0,0,18,321,0,10,0
01-05 13:32:29,1.250,0.750,96.250,0,0,5313068,179100,182924,2335796,378528.142,10848.033,0,0,0,0,1373,1506,1.370,1.880,1.390,0,0,0,0,0,18,321,0,10,0
01-05 13:32:30,2.500,2.500,90.247,3.000,0,5312192,179100,182924,2336672,929316.169,24839.149,0,10199.651,0,112.996,2618,2464,1.370,1.880,1.390,1,1,0,0,0,18,321,0,10,0
01-05 13:32:31,2.249,3.499,90.726,1.999,0,5311456,178848,183056,2337520,891893.320,25024.472,131.966,25637.312,2.999,200.948,2891,2663,1.370,1.880,1.390,0,0,0,0,0,18,321,0,10,0
01-05 13:32:32,1.250,0.500,95.967,0.250,0,5311288,178848,183056,2337688,177702.563,4048.600,0,15014.809,0,285.901,1500,1639,1.260,1.840,1.380,0,0,0,0,0,18,321,0,10,0
01-05 13:32:33,2.251,1.751,93.045,1.751,0,5310888,178596,183056,2338340,684799.207,16267.939,0,780.381,0,18.009,1910,1978,1.260,1.840,1.380,0,0,0,0,0,18,321,0,10,0
01-05 13:32:34,1.250,1.000,95.782,0,0,5310840,178092,183056,2338892,582302.836,14475.868,0,1352.455,0,4.001,1685,1678,1.260,1.840,1.380,0,0,0,0,0,18,321,0,10,0
01-05 13:32:35,14.499,5.000,79.745,0,0,5361512,127200,183056,2339112,224143.664,5710.660,511.970,215.987,4.000,4.000,2316,1902,1.260,1.840,1.380,1,0,6.000,0,0,18,321,0,10,0
01-05 13:32:36,15.247,5.499,77.737,0,0,5361152,136944,183056,2329992,409454.223,11110.107,511.913,395.933,3.999,5.999,2846,2109,1.260,1.840,1.380,0,0,5.999,0,0,18,321,0,10,0
01-05 13:32:37,3.002,2.001,73.547,20.013,0,5352780,145104,183056,2330204,141758.230,2785.773,0,8241.246,0,281.179,1829,2322,1.160,1.810,1.370,1,1,0,0,0,18,321,0,10,0
01-05 13:32:38,8.505,4.503,53.283,32.520,0,5355524,139664,183068,2332896,164478.639,4712.912,2505.548,15133.352,27.017,217.134,3055,3497,1.160,1.810,1.370,1,1,21.013,0,0,18,320,0,11,0
01-05 13:32:39,2.996,2.247,59.425,33.708,0,5350036,144200,183088,2333780,8610.147,539.320,850.927,14437.801,16.979,203.743,1830,2312,1.160,1.810,1.370,0,2,12.984,0,0,18,320,0,11,0
01-05 13:32:40,1.500,3.000,66.008,27.753,0,5352140,141912,183088,2333964,7926.903,634.072,188.021,15413.755,43.005,227.026,1657,2180,1.160,1.810,1.370,0,1,0,0,0,18,320,0,11,0
01-05 13:32:41,3.001,2.501,73.031,20.258,0,5355720,124924,183100,2347360,7527.154,486.204,12.005,23833.986,3.001,149.062,2149,2874,1.160,1.810,1.370,1,2,7.003,0,0,18,320,0,11,0
01-05 13:32:42,1.250,1.500,63.237,33.243,0,5353964,126672,183100,2347368,11097.726,539.889,0,14273.075,0,206.958,1510,1916,1.300,1.830,1.380,2,0,0,0,0,18,320,0,11,0
01-05 13:32:43,1.750,2.749,65.734,28.743,0,5328104,152436,183104,2347460,10583.501,485.885,3.999,17099.963,1.000,354.916,1852,2092,1.300,1.830,1.380,1,1,9.998,0,0,18,320,0,11,0
01-05 13:32:44,0.750,2.000,61.006,34.253,0,5326992,153596,183108,2347464,8010.777,486.047,4.000,25402.463,1.000,298.029,1665,1872,1.300,1.830,1.380,0,1,4.000,0,0,18,320,0,11,0
01-05 13:32:45,3.000,3.750,72.500,19.000,0,5312124,163484,183108,2352444,7619.973,485.998,0,15491.945,0,337.999,2654,3505,1.300,1.830,1.380,1,0,15.000,0,0,18,320,0,11,0
01-05 13:32:46,4.753,8.256,71.798,13.759,0,5313112,161012,183108,2353920,4704.145,540.361,0,4811.217,0,538.360,4122,4992,1.300,1.830,1.380,3,0,57.038,0,0,18,320,0,11,0
01-05 13:32:47,3.997,6.496,71.705,15.990,0,5308048,162716,183128,2357180,8061.919,485.694,0,5876.297,0,652.589,4166,5668,1.360,1.840,1.380,0,1,35.977,0,0,18,320,0,11,0
01-05 13:32:48,4.002,5.753,70.285,18.759,0,5308552,159816,183180,2359276,7789.901,486.243,0,4582.295,0,499.250,3660,4678,1.360,1.840,1.380,0,0,37.019,0,0,18,320,0,11,0
01-05 13:32:49,13.798,6.774,65.980,12.544,0,5310820,155792,183188,2360976,9158.921,541.889,32.112,3636.674,2.007,275.962,3316,3674,1.360,1.840,1.380,0,1,25.087,0,0,18,320,0,11,0
01-05 13:32:50,17.223,6.490,68.643,7.488,0,5320520,145476,183204,2361452,5744.027,485.242,0,3873.948,0,94.852,3095,2628,1.360,1.840,1.380,1,0,29.953,0,0,18,320,0,11,0
01-05 13:32:51,21.026,6.508,63.830,6.758,0,5319512,168928,183220,2339008,9737.148,486.607,152.190,1353.689,24.030,64.080,4178,11110,1.360,1.840,1.380,1,0,60.075,0,0,18,320,0,12,0
01-05 13:32:52,16.449,5.732,68.289,8.474,0,5342720,144324,183244,2340376,6674.387,538.337,598.153,1160.416,74.769,65.797,3189,3136,1.410,1.840,1.390,1,1,23.926,0,0,18,320,0,12,0
01-05 13:32:53,20.532,5.008,63.599,9.765,0,5342004,140800,183420,2344404,3957.184,486.761,1746.730,1314.053,177.277,71.111,3925,4570,1.410,1.840,1.390,2,0,18.028,0,0,18,320,0,14,0
01-05 13:32:54,19.208,3.991,72.094,3.742,0,5331676,146740,183472,2348120,3891.552,484.947,1193.409,466.986,120.738,18.959,3185,3716,1.410,1.840,1.390,0,1,9.978,0,0,18,320,0,11,0
01-05 13:32:55,9.750,6.500,70.251,11.250,0,5377420,136072,183476,2314144,13510.281,540.011,1464.030,5508.115,57.001,100.002,3279,4006,1.410,1.840,1.390,1,0,10.000,0,0,18,320,0,11,0
01-05 13:32:56,16.011,8.256,72.800,2.252,0,5374832,135248,183636,2314456,10355.075,486.332,304.208,376.257,19.013,15.010,2828,2346,1.410,1.840,1.390,2,0,45.031,0,0,18,320,0,11,0
01-05 13:32:57,18.992,4.498,71.971,3.249,0.250,5377976,128808,183664,2317100,11427.339,539.780,195.920,2886.823,13.994,33.986,2774,2495,1.380,1.830,1.380,1,0,30.987,0,0,18,320,0,11,0
01-05 13:32:58,10.499,2.250,83.739,2.250,0,5302544,267120,183780,2254204,9914.691,485.936,243.968,1087.856,10.999,218.971,2127,1900,1.380,1.830,1.380,1,0,16.998,0,0,18,320,0,11,0
01-05 13:32:59,1.250,0.500,93.737,3.499,0,5294356,275308,183780,2254204,9998.570,485.931,0,495.929,0,31.995,1156,1869,1.380,1.830,1.380,0,0,0,0,0,18,320,0,11,0
01-05 13:33:00,1.250,0.750,97.740,0,0,5292380,277284,183780,2254204,5293.482,485.952,0,7.999,0,1.000,873,1249,1.380,1.830,1.380,1,0,0,0,0,18,320,0,11,0
01-05 13:33:01,1.000,0.250,97.510,0,0,5290892,278772,183780,2254204,4395.452,540.055,0,48.005,0,4.000,825,1243,1.380,1.830,1.380,0,0,0,0,0,18,320,0,11,0
01-05 13:33:02,1.250,0.750,97.464,0,0,5289380,280284,183780,2254204,3633.657,485.820,0,0,0,0,868,1264,1.270,1.790,1.370,0,0,0,0,0,18,320,0,11,0
01-05 13:33:03,2.001,0.500,96.035,0.500,0,5288304,281356,183780,2254208,9887.652,486.180,0,168.062,0,21.008,1102,1538,1.270,1.790,1.370,0,0,0,0,0,18,320,0,11,0
01-05 13:33:04,1.000,0.750,97.997,0,0,5287148,282512,183780,2254208,7969.782,539.985,0,0,0,0,972,1286,1.270,1.790,1.370,0,0,0,0,0,18,320,0,11,0
01-05 13:33:05,1.500,0.500,96.973,0,0,5286868,282792,183780,2254208,7939.768,485.863,0,0,0,0,928,1291,1.270,1.790,1.370,0,0,0,0,0,18,320,0,11,0
01-05 13:33:06,1.500,0.500,97.524,0,0,5286864,282792,183780,2254212,7987.969,486.120,0,4.001,0,1.000,889,1284,1.270,1.790,1.370,0,0,0,0,0,18,320,0,11,0
01-05 13:33:07,1.250,0.500,95.015,1.000,0,5286860,282792,183780,2254216,9213.443,540.085,0,376.059,0,32.005,1211,1875,1.170,1.760,1.370,0,1,0,0,0,18,320,0,11,0
01-05 13:33:08,1.499,1.000,96.455,0.500,0,5287108,282544,183780,2254216,5866.243,485.772,0,147.930,0,19.991,1222,2018,1.170,1.760,1.370,0,0,1.000,0,0,18,320,0,11,0
01-05 13:33:09,1.500,2.750,91.006,3.500,0,5277716,291860,183780,2254292,4248.275,486.031,32.002,2140.139,1.000,132.009,1425,2097,1.170,1.760,1.370,0,0,0,0,0,18,320,0,11,0
01-05 13:33:10,1.000,1.000,97.261,0,0,5279464,290112,183780,2254292,7375.797,540.058,0,28.003,0,4.000,883,1221,1.170,1.760,1.370,0,0,0,0,0,18,320,0,11,0
01-05 13:33:11,0.500,0.500,97.498,0,0,5279464,290112,183780,2254292,6935.863,485.990,0,63.999,0,7.000,872,1264,1.170,1.760,1.370,0,0,0,0,0,18,320,0,11,0
01-05 13:33:12,1.500,0.750,97.751,0,0,5279460,290112,183780,2254296,4793.028,486.003,0,4.000,0,1.000,916,1303,1.070,1.740,1.360,0,0,0,0,0,18,320,0,11,0
01-05 13:33:13,1.250,0.750,97.271,0,0,5279460,290112,183780,2254296,10445.278,540.118,0,0,0,0,1000,1348,1.070,1.740,1.360,0,0,0,0,0,18,320,0,11,0
01-05 13:33:14,1.000,0.500,97.005,0.250,0,5279460,290112,183780,2254296,10133.474,528.025,0,752.035,0,140.007,1098,1372,1.070,1.740,1.360,0,0,0,0,0,18,320,0,11,0
01-05 13:33:15,1.250,0.750,97.245,0,0,5279460,290112,183780,2254296,9108.506,485.974,0,0,0,0,902,1239,1.070,1.740,1.360,0,0,0,0,0,18,320,0,11,0
01-05 13:33:16,1.000,0.500,93.492,4.000,0,5279460,290112,183780,2254296,11940.919,485.956,0,2899.738,0,229.979,1090,1298,1.070,1.740,1.360,0,0,0,0,0,18,320,0,11,0
01-05 13:33:17,1.749,0.500,96.446,0.250,0,5279596,290112,183780,2254296,5051.152,539.696,0,319.820,0,28.984,1186,1784,1.070,1.720,1.360,0,0,0,0,0,18,320,0,11,0
01-05 13:33:18,1.251,1.001,96.323,0.250,0,5279592,290112,183780,2254300,9176.948,486.368,0,120.091,0,17.013,1116,1498,1.070,1.720,1.360,0,0,1.001,0,0,18,320,0,11,0
01-05 13:33:19,1.250,0.750,93.249,4.000,0,5279536,290112,183780,2254356,5984.933,485.995,32.000,559.994,1.000,39.000,1141,1786,1.070,1.720,1.360,0,0,0,0,0,18,320,0,7,0
01-05 13:33:20,1.250,0.750,97.508,0,0,5279536,290112,183780,2254356,4981.406,486.040,0,0,0,0,913,1346,1.070,1.720,1.360,0,0,0,0,0,18,320,0,7,0
01-05 13:33:21,0.750,0.500,97.262,0.250,0,5279536,290112,183780,2254356,8047.963,486.058,0,36.004,0,4.000,899,1291,1.070,1.720,1.360,0,0,0,0,0,18,320,0,7,0
01-05 13:33:22,1.250,1.000,96.767,0.250,0,5279536,290112,183780,2254356,11970.127,540.096,0,1800.320,0,40.007,1071,1477,0.980,1.690,1.350,0,2,0,0,0,18,320,0,7,0
01-05 13:33:23,2.000,1.250,92.985,3.249,0,5279524,290112,183780,2254368,8896.551,485.921,0,515.916,0,37.994,1435,2269,0.980,1.690,1.350,0,0,0,0,0,18,320,0,5,0
01-05 13:33:24,0.750,0.250,97.453,0,0,5279524,290112,183780,2254368,9179.565,485.765,0,67.967,0,5.997,960,1302,0.980,1.690,1.350,0,0,0,0,0,18,320,0,5,0
01-05 13:33:25,0.750,1.000,97.766,0,0,5279524,290112,183780,2254368,3692.596,486.078,0,0,0,0,814,1220,0.980,1.690,1.350,0,0,0,0,0,18,320,0,5,0
01-05 13:33:26,1.000,0.250,97.251,0.250,0,5279524,290112,183780,2254368,7939.111,486.007,0,160.002,0,9.000,909,1312,0.980,1.690,1.350,0,0,0,0,0,18,320,0,5,0
01-05 13:33:27,1.500,2.250,75.515,19.504,0,5279500,290112,183796,2254376,9603.869,540.105,4.001,62388.145,1.000,118.023,1504,1999,0.980,1.680,1.350,0,0,0,0,0,18,320,0,4,0
01-05 13:33:28,7.028,2.761,84.334,4.518,0,5297672,268812,184164,2257136,10409.223,487.932,3112.326,317.256,550.179,12.048,2214,2897,0.980,1.680,1.350,0,1,6.024,0,0,18,320,0,4,0
01-05 13:33:29,11.750,2.250,80.249,4.500,0,5294440,271796,184272,2257276,15125.899,9476.936,243.998,799.995,25.000,17.000,2749,3346,0.980,1.680,1.350,1,0,5.000,0,0,18,320,0,6,0
01-05 13:33:30,11.955,2.491,81.441,2.491,0,5316196,249672,184272,2257644,19349.637,10724.339,95.637,1024.117,4.981,203.229,2377,2408,0.980,1.680,1.350,3,1,0,0,0,18,322,0,8,0
01-05 13:33:31,14.495,2.499,80.725,1.749,0,5326604,239120,184272,2257788,18316.241,10959.554,0,219.931,0,21.993,2460,2740,0.980,1.680,1.350,2,0,4.998,0,0,18,322,0,9,0
01-05 13:33:32,14.253,3.001,80.267,1.000,0,5312564,253136,184272,2257812,15455.288,9479.017,0,280.060,0,26.006,2546,2733,0.900,1.650,1.340,1,0,10.002,0,0,18,322,0,10,0
01-05 13:33:33,13.758,3.252,81.798,0.250,0,5330532,235020,184272,2257960,14206.390,10903.440,0,292.173,0,32.019,2440,2701,0.900,1.650,1.340,1,0,5.003,0,0,18,322,0,11,0
01-05 13:33:34,18.257,3.501,77.281,0.250,0,5326084,239456,184272,2257972,19850.090,11175.554,0,204.083,0,19.008,2890,2840,0.900,1.650,1.340,3,0,19.008,0,0,18,318,0,14,0
01-05 13:33:35,49.008,11.502,38.006,0.500,0,5119936,445392,184272,2258024,8275.377,486.081,736.122,116.019,7.001,8.001,3577,1942,0.900,1.650,1.340,4,0,10.002,0,0,18,306,0,16,0
01-05 13:33:36,84.495,14.749,1.000,0,0,5101460,463756,184272,2258384,10844.345,485.971,875.947,187.989,25.998,17.999,5116,3063,0.900,1.650,1.340,4,0,9.999,0,0,18,300,0,16,0
01-05 13:33:37,85.722,11.246,0,2.749,0,5197692,366816,184280,2259132,11856.149,485.842,167.945,1107.640,8.997,60.980,5110,2812,1.150,1.690,1.360,5,1,3.999,0,0,18,296,0,17,0
01-05 13:33:38,71.762,12.002,13.502,3.251,0,5278896,284284,184280,2260508,8193.396,486.083,932.159,248.042,19.003,24.004,5387,6693,1.150,1.690,1.360,2,1,11.002,0,0,18,292,0,25,0
01-05 13:33:39,62.391,13.726,22.211,0,0,5307868,253268,184280,2262604,8531.104,485.153,543.052,351.386,5.990,33.941,7612,13850,1.150,1.690,1.360,4,0,14.974,0,0,18,298,0,26,0
01-05 13:33:40,34.267,7.004,54.028,3.752,0,5348784,212324,184280,2262616,6069.091,580.296,512.261,4902.497,4.002,365.186,4176,3993,1.150,1.690,1.360,3,0,5.003,0,0,18,298,0,26,0
01-05 13:33:41,29.256,4.251,63.012,1.500,0,5416336,143332,184288,2264048,45903.638,22570.247,332.062,388.073,8.002,35.007,4760,7748,1.150,1.690,1.360,1,0,2.000,0,0,18,300,0,31,0
01-05 13:33:42,25.607,2.008,70.795,0.502,0,5315248,244384,184288,2264112,123134.005,56754.452,0,204.853,0,18.075,4099,4175,1.220,1.700,1.360,1,0,2.008,0,0,18,290,0,32,0
01-05 13:33:43,22.158,1.992,71.952,2.241,0,5336656,222744,184288,2264344,96794.721,39920.503,31.868,836.532,1.992,42.822,3929,4566,1.220,1.700,1.360,0,0,0,0,0,18,299,0,32,0
01-05 13:33:44,6.499,1.000,90.984,0.500,0,5335216,224172,184288,2264356,30380.549,10204.169,0,215.961,0,29.995,1895,2297,1.220,1.700,1.360,0,0,2.000,0,0,18,297,0,32,0
01-05 13:33:45,1.000,1.000,97.716,0,0,5333024,226360,184288,2264360,8882.935,485.832,0,327.887,0,2.999,916,1263,1.220,1.700,1.360,0,0,0,0,0,18,297,0,32,0
01-05 13:33:46,1.500,0.750,88.278,8.253,0,5331112,228272,184288,2264360,8771.799,486.155,0,7954.539,0,1027.328,1805,1821,1.220,1.700,1.360,0,0,0,0,0,18,297,0,32,0
01-05 13:33:47,2.000,0.750,95.748,0.750,0,5329436,229944,184288,2264364,11422.730,539.987,0,403.990,0,35.999,1303,1908,1.120,1.670,1.350,0,0,0,0,0,18,297,0,32,0
01-05 13:33:48,1.500,0.750,96.264,0.500,0,5321376,238008,184288,2264372,3343.483,486.070,0,1332.192,0,134.019,1218,1782,1.120,1.670,1.350,0,0,1.000,0,0,18,297,0,32,0
01-05 13:33:49,1.000,0.250,97.239,0.250,0,5321376,238008,184288,2264372,7903.129,485.946,0,71.992,0,5.999,954,1335,1.120,1.670,1.350,0,0,0,0,0,18,297,0,32,0
01-05 13:33:50,1.250,0.750,96.506,0.500,0,5321376,238008,184288,2264372,6105.408,486.032,0,88.006,0,13.001,939,1391,1.120,1.670,1.350,1,0,0,0,0,18,297,0,32,0
01-05 13:33:51,5.751,3.751,88.271,0.750,0,5328548,230820,184288,2264388,3918.917,486.114,0,444.104,0,34.008,2452,8778,1.120,1.670,1.350,0,0,36.008,0,0,18,297,0,32,0
01-05 13:33:52,1.498,0.499,97.626,0,0,5327948,231420,184288,2264388,9847.487,485.383,0,0,0,0,970,1333,1.030,1.640,1.340,1,0,0,0,0,18,297,0,32,0
01-05 13:33:53,2.503,1.252,91.364,3.504,0,5327944,231420,184288,2264392,6776.420,486.605,0,2338.906,0,140.174,1868,2886,1.030,1.640,1.340,0,0,1.001,0,0,18,297,0,32,0
01-05 13:33:54,5.998,2.499,89.472,1.250,0,5374492,184852,184288,2264412,9985.876,539.831,0,283.911,0,33.989,1884,2389,1.030,1.640,1.340,0,0,2.999,0,0,18,297,0,32,0
01-05 13:33:55,3.250,1.000,94.249,0.250,0,5374480,184852,184288,2264424,9499.881,485.994,0,1563.980,0,15.000,1503,2053,1.030,1.640,1.340,0,0,2.000,0,0,18,297,0,32,0
01-05 13:33:56,1.250,0.750,96.515,0.500,0,5374476,184852,184288,2264428,5224.824,486.077,0,72.011,0,9.001,1002,1429,1.030,1.640,1.340,0,0,0,0,0,18,297,0,32,0
01-05 13:33:57,1.250,0.500,94.993,1.750,0,5374476,184852,184288,2264428,8381.373,485.964,0,531.960,0,44.997,1333,2010,0.950,1.610,1.340,0,0,0,0,0,18,297,0,32,0
01-05 13:33:58,1.750,0.500,97.255,0,0,5373500,185828,184288,2264428,6002.293,486.024,0,0,0,0,961,1390,0.950,1.610,1.340,0,0,1.000,0,0,18,297,0,32,0
01-05 13:33:59,1.000,0.500,96.990,0.750,0,5372880,186444,184288,2264432,6712.288,485.948,0,35.996,0,4.000,922,1319,0.950,1.610,1.340,0,0,0,0,0,18,297,0,32,0
01-05 13:34:00,1.000,1.000,97.760,0,0,5372880,186444,184288,2264432,9899.020,486.050,0,8.001,0,2.000,872,1252,0.950,1.610,1.340,0,0,0,0,0,18,297,0,32,0
01-05 13:34:01,1.250,0.250,97.476,0,0,5372880,186444,184288,2264432,7668.134,485.882,0,39.990,0,2.999,908,1285,0.950,1.610,1.340,0,0,0,0,0,18,297,0,32,0
01-05 13:34:02,1.250,0.500,97.501,0,0,5372880,186444,184288,2264432,11394.101,486.004,0,0,0,0,928,1256,0.870,1.590,1.330,1,0,0,0,0,18,297,0,32,0
01-05 13:34:03,1.250,0.750,96.746,0.250,0,5372880,186444,184288,2264432,10279.597,539.979,0,131.995,0,13.999,1100,1483,0.870,1.590,1.330,0,0,0,0,0,18,297,0,32,0
01-05 13:34:04,1.500,0.500,95.978,0.250,0,5372876,186444,184288,2264436,2714.377,485.888,0,399.908,0,38.991,1275,1992,0.870,1.590,1.330,0,0,0,0,0,18,297,0,32,0
01-05 13:34:05,0.750,0.750,97.245,0.250,0,5372872,186444,184288,2264440,8089.625,485.977,0,83.996,0,10.999,970,1374,0.870,1.590,1.330,1,0,0,0,0,18,297,0,32,0
01-05 13:34:06,1.750,0.250,97.519,0,0,5372872,186444,184288,2264440,5638.113,486.096,0,4.001,0,1.000,919,1314,0.870,1.590,1.330,0,0,0,0,0,18,297,0,32,0
01-05 13:34:07,1.748,1.249,95.889,0.499,0,5368860,190456,184288,2264440,8431.258,485.439,0,1294.504,0,224.740,1429,1810,0.800,1.560,1.320,1,0,0,0,0,18,297,0,32,0
01-05 13:34:08,2.002,0.751,95.359,0.501,0,5369108,190204,184292,2264440,5827.686,556.639,0,176.202,0,24.028,1429,2197,0.800,1.560,1.320,0,0,1.001,0,0,18,297,0,32,0
01-05 13:34:09,2.506,2.004,93.710,0.501,0,5371248,187948,184296,2264556,8341.699,725.627,92.207,0,4.009,0,1425,1576,0.800,1.560,1.320,3,0,19.043,0,0,18,297,0,32,0
01-05 13:34:10,34.423,6.984,56.125,1.497,0.249,5062732,496124,184304,2264928,10316.032,784.254,347.227,335.254,26.940,16.962,3558,2989,0.800,1.560,1.320,1,0,60.864,0,0,18,293,0,34,0
01-05 13:34:11,22.506,4.001,71.518,0.500,0,5143800,414980,184304,2265004,3945.007,986.252,68.017,304.078,5.001,27.007,2381,2237,0.800,1.560,1.320,2,0,3.001,0,0,18,293,0,34,0
01-05 13:34:12,23.256,4.501,71.018,0.250,0,5212956,344984,184304,2265864,4295.060,666.164,4.001,120.030,1.000,5.001,2690,4084,0.820,1.550,1.320,1,0,16.004,0,0,18,297,0,36,0
01-05 13:34:13,22.295,4.760,72.397,0,0,5283952,273980,184304,2265872,10104.454,486.986,0,0,0,0,2283,1788,0.820,1.550,1.320,1,0,5.010,0,0,18,297,0,36,0
01-05 13:34:14,11.228,1.497,85.831,0.749,0,5297616,260120,184304,2266068,5619.967,526.965,0,447.122,0,36.928,1746,2071,0.820,1.550,1.320,0,0,0.998,0,0,18,297,0,36,0
01-05 13:34:15,6.497,1.499,89.461,1.749,0,5297824,259896,184304,2266084,7909.591,527.773,0,287.876,0,40.982,2217,3343,0.820,1.550,1.320,0,0,0,0,0,18,297,0,36,0
01-05 13:34:16,1.000,0.500,97.774,0,0,5290812,266908,184304,2266084,7284.764,626.152,0,0,0,0,926,1291,0.820,1.550,1.320,0,0,0,0,0,18,297,0,36,0
01-05 13:34:17,1.500,0.750,95.981,0.250,0,5291020,266700,184304,2266084,7394.551,485.905,0,715.860,0,39.992,1252,1847,0.750,1.530,1.310,0,0,0,0,0,18,297,0,36,0
01-05 13:34:18,1.000,0.500,96.733,0,0,5285400,272320,184304,2266084,8557.497,485.915,0,231.959,0,50.991,1128,1430,0.750,1.530,1.310,1,0,1.000,0,0,18,297,0,36,0
01-05 13:34:19,1.500,0.500,97.252,0.250,0,5281524,276196,184304,2266084,7843.190,486.012,0,52.001,0,4.000,970,1329,0.750,1.530,1.310,0,0,0,0,0,18,297,0,36,0
01-05 13:34:20,1.001,0.750,97.559,0,0,5278128,279588,184304,2266088,3836.336,576.351,0,4.002,0,1.001,878,1315,0.750,1.530,1.310,0,0,0,0,0,18,297,0,36,0
01-05 13:34:21,1.250,0.500,97.538,0,0,5275160,282556,184304,2266088,9032.476,540.208,0,0,0,0,953,1310,0.750,1.530,1.310,1,0,0,0,0,18,297,0,36,0
01-05 13:34:22,0.999,0.500,97.671,0,0,5272564,285152,184304,2266088,9322.453,485.607,0,0,0,0,959,1308,0.690,1.500,1.310,1,0,0,0,0,18,297,0,36,0
01-05 13:34:23,1.497,0.998,90.819,5.489,0,5270292,287424,184304,2266088,8842.382,485.034,0,4467.099,0,538.926,1909,2334,0.690,1.500,1.310,0,0,0,0,0,18,297,0,36,0
01-05 13:34:24,1.753,0.501,96.414,0.501,0.250,5268296,289412,184308,2266092,8405.293,486.828,0,196.334,0,26.044,1368,1982,0.690,1.500,1.310,0,0,0,0,0,18,297,0,36,0
01-05 13:34:25,1.250,0.750,97.275,0.250,0,5266556,291152,184308,2266092,8729.279,626.163,0,96.025,0,9.002,982,1334,0.690,1.500,1.310,0,0,0,0,0,18,297,0,36,0
01-05 13:34:26,0.750,0.500,96.502,1.000,0,5265032,292672,184308,2266096,6639.145,486.011,0,712.016,0,21.000,918,1354,0.690,1.500,1.310,0,0,0,0,0,18,297,0,36,0
01-05 13:34:27,1.750,1.000,95.242,0.500,0,5263700,294004,184308,2266096,3458.692,485.957,0,295.974,0,31.997,1257,1879,0.640,1.470,1.300,1,0,0,0,0,18,297,0,36,0
01-05 13:34:28,1.500,0.500,96.755,0.250,0,5262784,294920,184308,2266096,8995.510,486.028,0,32.002,0,3.000,1093,1467,0.640,1.470,1.300,0,0,1.000,0,0,18,297,0,36,0
01-05 13:34:29,1.000,0.750,95.761,2.000,0,5262460,295244,184308,2266096,10136.186,486.057,0,1332.156,0,271.032,1121,1298,0.640,1.470,1.300,0,0,0,0,0,18,297,0,36,0
01-05 13:34:30,0.750,0.500,97.516,0,0,5262460,295244,184308,2266096,4267.688,630.102,0,4.001,0,1.000,844,1288,0.640,1.470,1.300,0,0,0,0,0,18,297,0,36,0
01-05 13:34:31,0.750,0.500,97.722,0,0,5262456,295244,184308,2266100,10712.982,485.863,0,0,0,0,924,1273,0.640,1.470,1.300,0,0,0,0,0,18,297,0,36,0
01-05 13:34:32,1.500,0.500,97.495,0,0,5262456,295244,184308,2266100,8469.595,485.977,0,0,0,0,931,1267,0.590,1.450,1.290,0,0,0,0,0,18,297,0,31,0
01-05 13:34:33,1.250,0.750,96.735,0.250,0,5262452,295244,184308,2266104,8600.678,485.925,0,119.982,0,11.998,1051,1452,0.590,1.450,1.290,0,0,0,0,0,18,297,0,31,0
01-05 13:34:34,2.000,0.500,96.265,0.500,0,5262452,295244,184308,2266104,7947.212,486.074,0,440.067,0,39.006,1249,1966,0.590,1.450,1.290,0,0,0,0,0,18,297,0,31,0
01-05 13:34:35,1.250,0.500,97.534,0,0,5262452,295244,184308,2266104,4298.499,486.170,0,32.011,0,4.001,848,1277,0.590,1.450,1.290,0,0,0,0,0,18,297,0,31,0
01-05 13:34:36,0.750,0.750,97.734,0,0,5262452,295244,184308,2266104,8113.679,485.921,0,3.999,0,1.000,839,1232,0.590,1.450,1.290,0,0,0,0,0,18,297,0,24,0
01-05 13:34:37,1.500,0.750,96.280,0.250,0,5262448,295244,184308,2266108,8831.755,486.152,0,256.080,0,23.007,1179,1713,0.540,1.430,1.280,2,0,0,0,0,18,297,0,24,0
01-05 13:34:38,2.250,1.500,94.744,0.250,0,5262724,294992,184308,2266116,3680.768,485.969,0,215.986,0,29.998,1584,2179,0.540,1.430,1.280,0,0,7.000,0,0,18,297,0,24,0
01-05 13:34:39,1.000,0.750,97.766,0,0,5262724,294992,184308,2266116,7879.294,540.089,0,0,0,0,996,1386,0.540,1.430,1.280,0,0,0,0,0,18,297,0,24,0
01-05 13:34:40,4.009,8.019,86.202,0.752,0,5267032,290664,184308,2266136,7355.254,671.575,4.009,316.743,1.002,17.040,3047,2971,0.540,1.430,1.280,2,0,184.433,0,0,18,297,0,13,0
01-05 13:34:41,20.193,5.983,73.044,0,0,5328240,229448,184308,2266144,10052.676,484.635,0,63.820,0,4.986,2847,2604,0.540,1.430,1.280,1,0,126.643,0,0,18,297,0,13,0
01-05 13:34:42,14.255,2.001,81.031,1.250,0,5336800,220764,184308,2266268,17121.601,9911.822,108.042,8.003,23.009,2.001,2316,2322,0.580,1.420,1.280,0,0,0,0,0,18,298,0,15,0
01-05 13:34:43,23.054,5.262,61.394,10.024,0,5358880,198336,184316,2266608,6918.247,1908.482,272.640,4330.169,17.040,333.784,6043,9145,0.580,1.420,1.280,2,0,4.009,0,0,18,298,0,15,0
01-05 13:34:44,39.650,7.481,50.373,1.496,0,5432680,153456,184256,2238316,12428.723,2617.413,143.639,398.996,6.982,34.912,3329,2922,0.580,1.420,1.280,2,0,26.932,0,0,18,298,0,16,0
01-05 13:34:45,23.054,4.511,66.405,5.262,0,5412056,173928,184264,2238492,43144.668,36248.577,0,2321.416,0,336.786,4040,3757,0.580,1.420,1.280,2,0,36.084,0,0,18,297,0,22,0
01-05 13:34:46,1.995,0.748,95.526,0,0,5421728,164252,184264,2238496,9353.036,526.763,0,115.728,0,7.981,1142,1559,0.580,1.420,1.280,1,0,1.995,0,0,18,297,0,22,0
01-05 13:34:47,1.999,0.750,96.223,0.250,0,5417680,168300,184264,2238496,7552.920,527.855,0,243.933,0,23.993,1286,1998,0.530,1.390,1.270,0,0,0,0,0,18,297,0,22,0
01-05 13:34:48,1.500,1.000,96.511,0.250,0,5413052,172916,184264,2238508,8254.944,540.062,0,288.033,0,21.002,1202,1765,0.530,1.390,1.270,0,0,1.000,0,0,18,297,0,22,0
01-05 13:34:49,1.751,0.750,93.790,2.501,0,5407960,178012,184264,2238508,6574.774,486.205,0,1472.621,0,144.061,1488,2133,0.530,1.390,1.270,3,0,1.000,0,0,18,297,0,22,0
01-05 13:34:50,2.499,1.249,94.952,0,0,5402604,183344,184264,2238532,5361.270,485.753,0,67.965,0,8.995,1332,1942,0.530,1.390,1.270,1,0,1.999,0,0,18,297,0,22,0
01-05 13:34:51,3.501,1.501,94.037,0,0,5397956,187984,184264,2238540,6889.705,486.191,0,0,0,0,1349,1685,0.530,1.390,1.270,1,0,12.005,0,0,18,297,0,22,0
01-05 13:34:52,6.485,2.744,90.047,0.249,0,5360336,225596,184264,2238548,8868.959,484.904,0,119.729,0,11.973,2066,14649,0.490,1.370,1.270,3,0,26.939,0,0,18,297,0,23,0
01-05 13:34:53,2.255,1.002,94.460,0.752,0,5357616,228312,184264,2238552,9809.760,487.080,32.071,400.889,1.002,47.104,1737,2642,0.490,1.370,1.270,5,1,1.002,0,0,18,297,0,22,0
01-05 13:34:54,2.249,0.750,94.725,1.000,0,5357796,228088,184264,2238596,7842.931,485.872,0,287.924,0,38.990,1575,2398,0.490,1.370,1.270,0,0,0,0,0,18,297,0,22,0
01-05 13:34:55,0.999,0.999,96.949,0,0,5357796,228088,184264,2238596,7807.911,485.746,0,215.887,0,17.991,1046,1442,0.490,1.370,1.270,1,0,0,0,0,18,297,0,22,0
01-05 13:34:56,1.250,0.500,96.522,1.250,0,5358020,227864,184264,2238596,7662.742,486.111,0,240.055,0,10.002,913,1315,0.490,1.370,1.270,0,0,0,0,0,18,297,0,22,0
01-05 13:34:57,1.750,0.750,94.757,2.000,0,5358016,227864,184264,2238600,6045.444,540.040,0,752.055,0,55.004,1241,1860,0.450,1.350,1.260,1,0,0,0,0,18,297,0,20,0
01-05 13:34:58,1.500,0.750,97.486,0,0,5358264,227616,184264,2238600,4480.364,485.931,0,35.995,0,4.999,925,1336,0.450,1.350,1.260,0,0,1.000,0,0,18,297,0,20,0
01-05 13:34:59,1.000,0.750,96.269,0.250,0,5358264,227616,184264,2238600,7535.487,486.096,0,244.048,0,23.005,1160,1733,0.450,1.350,1.260,1,0,0,0,0,18,297,0,20,0
01-05 13:35:00,1.250,0.500,97.745,0.500,0,5351908,233972,184264,2238600,7616.584,485.973,0,1435.922,0,281.985,1034,1297,0.450,1.350,1.260,0,0,0,0,0,18,297,0,20,0
01-05 13:35:01,1.500,0.500,97.007,0.250,0,5352148,233732,184264,2238600,5451.408,486.036,0,56.004,0,6.000,987,1380,0.450,1.350,1.260,0,0,0,0,0,18,297,0,20,0
01-05 13:35:02,1.000,1.250,96.748,0.500,0,5352644,233232,184264,2238604,8098.827,485.990,4.000,0,1.000,0,1024,1343,0.410,1.330,1.250,0,0,3.000,0,0,18,297,0,20,0
01-05 13:35:03,2.000,0.500,96.241,0.250,0,5352640,233232,184264,2238608,9522.129,485.956,0,175.984,0,20.998,1138,1532,0.410,1.330,1.250,0,0,0,0,0,18,297,0,20,0
01-05 13:35:04,2.001,1.000,94.024,1.250,0,5352612,233232,184264,2238636,7922.064,486.127,16.004,696.181,1.000,67.017,1715,2575,0.410,1.330,1.250,0,0,0,0,0,18,297,0,20,0
01-05 13:35:05,1.500,0.250,96.744,0.250,0,5352608,233232,184264,2238640,7551.564,485.972,0,27.998,0,3.000,995,1343,0.410,1.330,1.250,0,0,0,0,0,18,297,0,20,0
01-05 13:35:06,1.000,0.750,97.495,0,0,5352608,233232,184264,2238640,4271.774,485.974,0,51.997,0,6.000,913,1361,0.410,1.330,1.250,0,0,0,0,0,18,297,0,20,0
01-05 13:35:07,2.246,0.749,95.099,0.998,0,5352600,233232,184264,2238648,8086.169,539.145,0,319.493,0,30.951,1272,1832,0.380,1.300,1.250,0,0,0,0,0,18,297,0,20,0
01-05 13:35:08,1.503,0.751,96.162,0.250,0,5352600,233232,184264,2238648,10040.889,486.819,0,164.276,0,25.042,1416,2119,0.380,1.300,1.250,0,0,1.002,0,0,18,297,0,20,0
01-05 13:35:09,1.500,1.250,95.992,0.250,0,5352560,233232,184264,2238688,5428.520,485.957,0,203.982,0,20.998,1287,1873,0.380,1.300,1.250,0,0,0,0,0,18,297,0,20,0
01-05 13:35:10,1.250,0.250,97.747,0,0,5352560,233232,184264,2238688,9145.708,485.984,0,0,0,0,860,1259,0.380,1.300,1.250,0,0,0,0,0,18,297,0,20,0
01-05 13:35:11,1.000,0.750,97.015,0.500,0,5352560,233232,184264,2238688,9812.537,486.076,0,288.045,0,17.003,895,1305,0.380,1.300,1.250,0,0,0,0,0,18,297,0,20,0
01-05 13:35:12,0.750,0.750,97.710,0.250,0,5352556,233232,184264,2238692,8009.708,485.800,0,35.985,0,4.998,922,1310,0.350,1.280,1.240,0,0,1.999,0,0,18,297,0,20,0
01-05 13:35:13,1.750,0.750,97.020,0,0,5352556,233232,184264,2238692,7324.495,486.099,0,0,0,0,1008,1381,0.350,1.280,1.240,0,0,0,0,0,18,297,0,16,0
01-05 13:35:14,1.500,0.750,94.506,1.000,0,5352544,233232,184264,2238704,4484.287,486.031,0,716.046,0,68.004,1557,2562,0.350,1.280,1.240,0,0,0,0,0,18,297,0,16,0
01-05 13:35:15,1.500,0.500,97.224,0,0,5352544,233232,184264,2238704,8384.718,527.856,0,79.978,0,7.998,952,1366,0.350,1.280,1.240,1,0,0,0,0,18,297,0,16,0
01-05 13:35:16,1.750,1.750,96.013,0,0,5353048,232728,184264,2238704,6034.791,486.064,0,0,0,0,1126,1449,0.350,1.280,1.240,0,0,18.002,0,0,18,297,0,16,0
01-05 13:35:17,1.250,0.500,95.764,1.250,0,5353044,232728,184264,2238708,6130.889,626.091,0,264.038,0,24.003,1166,1774,0.320,1.260,1.230,0,0,0,0,0,18,297,0,16,0
01-05 13:35:18,1.500,1.000,96.236,0.250,0,5353240,232532,184264,2238708,7777.889,539.923,0,123.982,0,18.997,1081,1487,0.320,1.260,1.230,0,0,1.000,0,0,18,297,0,16,0
01-05 13:35:19,1.500,1.000,90.743,5.750,0,5353272,232500,184264,2238708,9754.205,485.960,0,2967.758,0,154.987,1430,2228,0.320,1.260,1.230,0,1,0,0,0,18,297,0,16,0
01-05 13:35:20,1.250,0.250,97.524,0.250,0,5353272,232500,184264,2238708,8964.244,486.122,0,1160.290,0,245.061,1013,1253,0.320,1.260,1.230,0,0,0,0,0,18,297,0,16,0
01-05 13:35:21,1.250,0.500,97.475,0,0,5353272,232500,184264,2238708,5082.711,485.877,0,0,0,0,840,1254,0.320,1.260,1.230,0,0,0,0,0,18,297,0,16,0
01-05 13:35:22,0.998,0.249,97.271,0,0,5353272,232500,184264,2238708,3448.873,484.858,0,0,0,0,887,1279,0.290,1.240,1.230,1,0,0,0,0,18,297,0,16,0
01-05 13:35:23,6.515,1.754,90.962,0.501,0,5353256,232500,184264,2238724,27791.653,9752.688,0,445.035,0,41.096,1935,2403,0.290,1.240,1.230,0,0,0,0,0,18,297,0,16,0
01-05 13:35:24,1.501,0.750,95.795,0.500,0,5353248,232500,184264,2238732,10264.868,486.231,0,320.152,0,44.021,1562,2385,0.290,1.240,1.230,0,0,0,0,0,18,297,0,16,0
01-05 13:35:25,0.999,0.500,97.447,0.250,0,5353248,232500,184264,2238732,5880.781,485.734,0,103.943,0,6.996,870,1302,0.290,1.240,1.230,0,0,0,0,0,18,297,0,16,0
01-05 13:35:26,1.000,0.500,97.036,0,0,5353248,232500,184264,2238732,8535.134,540.198,0,408.150,0,27.010,952,1385,0.290,1.240,1.230,0,0,0,0,0,18,297,0,16,0
01-05 13:35:27,1.500,0.750,96.000,1.000,0,5353244,232500,184264,2238736,5713.986,485.999,0,303.999,0,24.000,1193,1828,0.270,1.220,1.220,0,0,0,0,0,18,297,0,16,0
01-05 13:35:28,1.250,0.500,97.001,0,0,5353244,232500,184264,2238736,8361.069,486.004,0,32.000,0,4.000,989,1389,0.270,1.220,1.220,0,0,1.000,0,0,18,297,0,16,0
01-05 13:35:29,1.250,1.000,96.280,1.000,0,5353244,232500,184264,2238736,8452.666,486.153,0,248.078,0,23.007,1135,1707,0.270,1.220,1.220,0,0,0,0,0,18,297,0,16,0
01-05 13:35:30,5.499,0.500,92.727,0,0,5353236,232500,184264,2238744,22385.361,9529.599,0,35.991,0,4.999,1346,1552,0.270,1.220,1.220,0,0,0,0,0,18,297,0,16,0
01-05 13:35:31,1.500,0.500,95.975,1.250,0,5353228,232500,184264,2238752,7928.930,485.873,0,819.786,0,175.954,1067,1332,0.270,1.220,1.220,0,0,0,0,0,18,297,0,16,0
01-05 13:35:32,1.000,0.750,97.265,0,0,5353228,232500,184264,2238752,7808.172,486.073,0,0,0,0,956,1294,0.250,1.200,1.210,0,0,0,0,0,18,297,0,16,0
01-05 13:35:33,1.750,0.500,97.020,0,0,5353228,232500,184264,2238752,8550.744,486.099,0,96.020,0,12.002,1066,1452,0.250,1.200,1.210,0,0,0,0,0,18,297,0,16,0
01-05 13:35:34,1.500,0.750,94.470,2.249,0,5353224,232500,184264,2238756,8185.383,485.845,0,387.876,0,37.988,1301,1922,0.250,1.200,1.210,0,0,0,0,0,18,297,0,16,0
01-05 13:35:35,1.000,0.500,97.517,0,0,5353224,232500,184264,2238756,9064.607,540.096,0,32.006,0,4.001,916,1283,0.250,1.200,1.210,0,0,0,0,0,18,297,0,16,0
01-05 13:35:36,8.250,16.001,75.504,0.250,0,5365228,220448,184264,2238804,12898.737,1874.107,4.000,164.009,1.000,12.001,6004,5733,0.250,1.200,1.210,0,0,480.027,0,0,18,298,0,17,0
01-05 13:35:37,20.515,5.254,71.551,1.501,0,5419460,166124,184268,2238892,10991.895,750.539,68.049,748.538,3.002,26.019,2550,2311,0.310,1.190,1.210,1,0,16.011,0,0,18,297,0,18,0
01-05 13:35:38,21.827,4.014,71.251,1.756,0,5471892,140536,184224,2212380,4933.402,487.720,289.020,244.864,21.074,24.085,2578,2738,0.310,1.190,1.210,1,0,7.025,0,0,18,297,0,18,0
01-05 13:35:39,20.000,2.250,70.501,6.500,0,5426808,179052,184416,2218676,9079.099,486.005,2820.031,800.009,297.003,22.000,2707,2753,0.310,1.190,1.210,1,0,3.000,0,0,18,297,0,18,0
01-05 13:35:40,22.928,4.486,69.532,1.246,0,5483788,154580,184356,2187296,8885.096,578.184,0,602.109,0,31.900,3217,3845,0.310,1.190,1.210,2,0,0,0,0,18,298,0,18,0
01-05 13:35:41,24.480,3.497,66.445,4.246,0,5484912,153100,184356,2187640,10501.320,569.529,15.987,831.313,0.999,99.917,6494,9475,0.310,1.190,1.210,1,0,0,0,0,18,301,0,20,0
01-05 13:35:42,21.507,3.501,65.021,8.503,0,5498512,138288,184356,2188856,9331.053,3039.995,916.300,1152.377,59.019,159.052,4470,6077,0.360,1.190,1.210,2,0,1.000,0,0,18,309,0,21,0
01-05 13:35:43,14.744,2.749,73.470,7.497,0,5500704,135780,184356,2189188,17184.050,3325.655,223.909,1847.253,12.995,160.935,4462,6229,0.360,1.190,1.210,1,0,1.000,0,0,18,307,0,24,0
01-05 13:35:44,7.997,1.999,82.723,5.748,0,5504900,131524,184356,2189248,12980.775,2750.105,15.995,3802.762,1.000,268.912,3065,4767,0.360,1.190,1.210,1,1,0,0,0,18,307,0,27,0
01-05 13:35:45,7.498,1.500,87.232,2.250,0,5505172,131020,184356,2189480,11002.702,4683.022,63.987,2107.560,3.999,161.966,2680,3969,0.360,1.190,1.210,2,1,0,0,0,18,308,0,29,0
01-05 13:35:46,10.755,2.001,85.292,0.750,0,5505092,131020,184356,2189560,23000.344,7812.853,32.016,524.259,1.000,64.032,3256,4341,0.360,1.190,1.210,4,1,0,0,0,18,310,0,15,0
01-05 13:35:47,20.251,4.500,63.755,9.751,0,5505300,130640,184356,2189732,10241.741,486.035,0,7268.526,0,805.058,7617,11459,0.410,1.190,1.210,5,0,1.000,0,0,18,310,0,18,0
01-05 13:35:48,22.031,4.256,65.342,6.760,0,5507264,128404,184356,2190004,7714.894,486.687,16.023,1866.636,1.001,218.308,6878,10530,0.410,1.190,1.210,1,0,1.001,0,0,18,310,0,20,0
01-05 13:35:49,4.499,1.000,90.478,2.499,0,5507324,128152,184356,2190196,12418.016,3206.229,0,1307.686,0,105.975,1977,3103,0.410,1.190,1.210,4,0,1.000,0,0,18,311,0,20,0
01-05 13:35:50,11.522,2.505,79.150,6.262,0,5512520,122872,184356,2190280,24532.504,9194.429,0,1510.864,0,144.273,3518,4984,0.410,1.190,1.210,1,0,2.004,0,0,18,310,0,23,0
01-05 13:35:51,24.175,5.981,58.069,9.720,0,5550080,126612,184332,2151304,13452.130,3042.530,79.752,4557.814,4.984,424.678,8171,12702,0.410,1.190,1.210,0,1,1.994,0,0,18,310,0,25,0
01-05 13:35:52,23.998,6.499,56.745,9.749,0,5550456,156920,184332,2121732,6199.415,485.954,0,5147.515,0,386.964,8465,25258,0.460,1.180,1.210,3,0,36.997,0,0,18,310,0,27,0
01-05 13:35:53,9.749,2.250,81.741,4.749,0,5559424,147700,184332,2121984,10542.875,3203.658,0,2651.717,0,223.976,4026,6200,0.460,1.180,1.210,2,0,0,0,0,18,309,0,29,0
01-05 13:35:54,12.246,1.999,80.723,3.499,0,5561612,145432,184336,2122060,14408.156,3335.879,0,1371.539,0,151.949,3836,5528,0.460,1.180,1.210,0,0,0,0,0,18,309,0,29,0
01-05 13:35:55,10.250,2.000,84.002,2.000,0,5561400,145432,184336,2122272,11188.262,3085.072,0,1636.038,0,130.003,3133,4416,0.460,1.180,1.210,0,0,1.000,0,0,18,310,0,30,0
01-05 13:35:56,7.013,1.503,85.410,5.510,0,5562616,144172,184336,2122316,5334.002,661.240,148.278,893.676,8.015,80.150,2113,2860,0.460,1.180,1.210,1,0,0,0,0,18,310,0,31,0
01-05 13:35:57,18.968,1.747,74.623,3.244,0,5563008,143416,184336,2122680,32308.090,11854.852,0,1313.767,0,140.761,4121,5208,0.420,1.160,1.200,0,0,0,0,0,18,309,0,33,0
01-05 13:35:58,10.040,1.506,84.839,2.259,0,5563208,143168,184336,2122728,27126.362,11615.400,0,1116.460,0,120.481,2824,3944,0.420,1.160,1.200,0,0,1.004,0,0,18,310,0,33,0
01-05 13:35:59,9.708,1.494,81.152,5.974,0,5563416,142916,184336,2122772,23816.728,7503.778,0,2664.558,0,217.068,3202,4757,0.420,1.160,1.200,1,1,0,0,0,18,310,0,33,0
01-05 13:36:00,11.755,2.001,76.783,7.253,0,5563376,142916,184336,2122812,17958.800,4935.144,0,3841.669,0,272.118,4264,6466,0.420,1.160,1.200,1,0,0,0,0,18,310,0,33,0
01-05 13:36:01,22.588,5.019,65.002,7.780,0,5564768,141164,184336,2123172,5311.599,487.892,0,2814.916,0,278.078,7075,11038,0.420,1.160,1.200,1,0,0,0,0,18,310,0,35,0
01-05 13:36:02,20.665,3.486,66.725,5.975,0,5565164,140500,184336,2123440,7548.917,484.007,0,4457.646,0,748.916,7596,11079,0.470,1.160,1.200,0,1,0,0,0,18,310,0,36,0
01-05 13:36:03,20.574,4.767,64.985,8.782,0,5566260,139104,184340,2123736,6069.975,541.962,0,5540.056,0,481.744,7316,10631,0.470,1.160,1.200,1,0,0,0,0,18,310,0,38,0
01-05 13:36:04,11.208,1.992,82.687,2.242,0,5567432,137872,184340,2123796,4514.920,484.168,0,900.593,0,83.683,4150,6051,0.470,1.160,1.200,0,1,1.992,0,0,18,312,0,38,0
01-05 13:36:05,2.999,1.000,93.973,0.750,0,5567656,137620,184340,2123824,10260.100,485.863,0,447.873,0,29.992,1484,1854,0.470,1.160,1.200,1,0,0,0,0,18,312,0,38,0
01-05 13:36:06,3.515,1.255,94.407,0.251,0,5567612,137620,184340,2123868,8466.542,488.107,0,490.115,0,31.134,1446,1852,0.470,1.160,1.200,1,0,0,0,0,18,312,0,38,0
01-05 13:36:07,21.260,3.752,63.531,9.254,0,5567636,137368,184340,2124096,9906.788,486.235,0,2573.244,0,322.156,7158,11399,0.670,1.190,1.210,3,1,0,0,0,18,312,0,38,0
01-05 13:36:08,19.446,3.989,63.074,11.967,0,5568104,136612,184340,2124384,8969.906,484.644,0,4232.160,0,348.026,6530,10252,0.670,1.190,1.210,1,0,0.997,0,0,18,312,0,38,0
01-05 13:36:09,20.286,4.007,63.611,10.018,0,5585820,118468,184340,2124812,3734.536,486.852,272.477,5421.488,16.028,407.714,6848,10895,0.670,1.190,1.210,3,0,0,0,0,18,312,0,38,0
01-05 13:36:10,3.987,0.748,91.945,1.744,0,5586692,117576,184340,2124832,8928.373,484.393,0,1004.666,0,64.785,1607,2375,0.670,1.190,1.210,0,0,0,0,0,18,311,0,38,0
01-05 13:36:11,12.751,3.000,70.757,12.501,0,5590748,113292,184340,2125060,10640.003,3273.309,16.002,5852.552,1.000,204.019,4217,6288,0.670,1.190,1.210,0,0,1.000,0,0,18,311,0,41,0
01-05 13:36:12,7.998,2.000,81.482,6.749,0,5584908,139772,184340,2104688,13293.124,2960.359,63.986,867.812,3.999,92.980,2681,3773,0.620,1.170,1.200,0,0,2.000,0,0,18,311,0,42,1
01-05 13:36:13,4.521,1.256,93.438,1.005,0,5585540,139132,184340,2104696,8596.269,729.417,0,699.276,0,63.297,1962,2808,0.620,1.170,1.200,3,0,0,0,0,18,312,0,43,0
01-05 13:36:14,13.191,2.738,78.150,3.236,0,5587260,137324,184340,2104784,12152.591,3035.410,0,2337.535,0,179.198,4158,6179,0.620,1.170,1.200,1,0,0,0,0,18,311,0,48,0
01-05 13:36:15,2.500,0.500,95.764,0.250,0,5587260,137324,184340,2104784,9392.339,540.077,0,488.070,0,30.004,1252,1850,0.620,1.170,1.200,1,0,0,0,0,18,311,0,49,0
01-05 13:36:16,14.497,2.000,78.484,3.749,0,5589132,135308,184340,2104928,30519.886,11740.648,0,1199.760,0,139.972,3655,5062,0.620,1.170,1.200,0,0,0,0,0,18,311,0,53,0
01-05 13:36:17,9.252,2.001,78.020,8.502,0,5588936,135308,184340,2105124,10902.751,2697.681,0,3244.819,0,255.064,3510,5263,0.650,1.170,1.200,0,1,0,0,0,18,311,0,55,0
01-05 13:36:18,12.495,1.999,75.221,8.247,0,5592524,131528,184340,2105316,17118.418,4682.200,0,3686.583,0,302.884,3682,5351,0.650,1.170,1.200,2,0,1.000,0,0,18,312,0,57,0
01-05 13:36:19,11.501,2.000,81.009,3.750,0,5592668,131276,184340,2105424,22986.515,7611.833,20.002,968.106,2.000,115.013,3219,4324,0.650,1.170,1.200,4,0,0,0,0,18,312,0,57,0
01-05 13:36:20,2.999,1.000,91.708,3.249,0,5592620,131276,184340,2105472,9909.474,485.778,0,731.666,0,67.969,1971,2972,0.650,1.170,1.200,0,0,0,0,0,18,311,0,58,0
01-05 13:36:21,11.747,2.499,78.727,5.748,0,5599692,123980,184340,2105696,12467.403,3230.068,0,1383.601,0,163.953,3760,5501,0.650,1.170,1.200,0,0,0,0,0,18,311,0,61,0
01-05 13:36:22,10.996,2.249,83.221,2.999,0,5600120,123476,184340,2105772,12452.628,3229.866,0,1767.379,0,197.931,3430,5131,0.680,1.170,1.200,0,0,0,0,0,18,311,0,66,0
01-05 13:36:23,10.026,1.253,82.214,4.512,0,5600800,122748,184340,2105820,25657.779,9689.218,0,4431.534,0,357.932,3084,3885,0.680,1.170,1.200,0,1,0,0,0,18,311,0,67,0
01-05 13:36:24,5.241,1.248,89.353,2.745,0,5603240,120304,184340,2105824,4353.838,539.113,0,1653.280,0,229.622,2399,3465,0.680,1.170,1.200,1,0,0,0,0,18,311,0,68,0
01-05 13:36:25,4.254,1.001,93.593,0.250,0,5603476,120052,184340,2105840,4503.487,486.485,0,372.371,0,29.029,1550,2135,0.680,1.170,1.200,2,0,0,0,0,18,311,0,68,0
01-05 13:36:26,1.248,0.998,96.310,0.749,0,5603796,119576,184340,2105996,8885.429,485.041,0,431.147,0,36.927,1275,1958,0.680,1.170,1.200,1,0,0,0,0,18,312,0,68,0
01-05 13:36:27,4.755,0.751,90.096,3.003,0,5603776,119576,184340,2106016,7860.335,486.516,0,576.611,0,60.064,2058,3023,0.620,1.150,1.190,0,0,0,0,0,18,311,0,70,0
01-05 13:36:28,11.250,2.750,77.750,6.500,0,5603964,119324,184340,2106080,17476.096,5822.032,0,4744.026,0,362.002,3889,5787,0.620,1.150,1.190,0,1,1.000,0,0,18,311,0,72,0
01-05 13:36:29,11.267,1.753,72.110,13.521,0,5604244,118848,184340,2106276,13554.692,4915.504,0,6497.919,0,797.217,4061,5552,0.620,1.150,1.190,1,1,0,0,0,18,311,0,77,0
01-05 13:36:30,9.743,1.749,83.686,2.998,0,5604192,118848,184340,2106328,28419.415,9644.675,0,1127.144,0,82.937,2953,3954,0.620,1.150,1.190,0,2,0,0,0,18,312,0,82,0
01-05 13:36:31,13.227,1.997,80.361,2.745,0,5613896,119340,184340,2096688,34641.279,14201.517,0,1353.666,0,179.690,3574,5045,0.620,1.150,1.190,2,0,0,0,0,18,311,0,83,0
01-05 13:36:32,9.756,1.501,76.295,10.756,0,5613756,119340,184340,2096828,3903.296,486.286,0,1092.643,0,129.076,3429,4976,0.730,1.160,1.200,0,0,0,0,0,18,311,0,84,0
01-05 13:36:33,10.250,2.500,81.751,4.250,0,5607704,125192,184340,2097028,11478.116,3059.031,16.000,1548.016,1.000,177.002,3587,5233,0.730,1.160,1.200,0,0,0,0,0,18,312,0,88,0
01-05 13:36:34,5.754,1.751,88.563,2.252,0,5607696,125192,184340,2097036,10178.246,660.470,0,1288.918,0,150.107,2836,4150,0.730,1.160,1.200,0,1,0,0,0,18,312,0,89,0
01-05 13:36:35,3.497,0.749,90.429,3.747,0,5607764,124940,184340,2097220,9289.664,3131.527,0,847.331,0,75.940,1743,2663,0.730,1.160,1.200,0,0,0,0,0,18,311,0,89,0
01-05 13:36:36,8.749,1.500,82.992,5.250,0,5607568,124940,184340,2097416,13142.773,2696.748,0,1251.883,0,127.988,3081,4397,0.730,1.160,1.200,0,0,0,0,0,18,311,0,91,0
01-05 13:36:37,11.509,2.002,81.567,4.003,0,5607756,124688,184340,2097480,20786.157,7488.181,0,1329.097,0,157.130,3334,4731,1,1.210,1.210,1,0,0,0,0,18,312,0,95,0
01-05 13:36:38,14.257,3.752,74.035,6.253,0,5609404,122932,184340,2097588,18739.849,5001.362,0,3013.423,0,237.112,5159,7434,1,1.210,1.210,2,1,7.003,0,0,18,312,0,97,0
01-05 13:36:39,19.469,3.744,59.656,13.978,0,5609140,122932,184340,2097852,8507.633,485.238,15.975,7456.285,0.998,601.056,7276,11359,1,1.210,1.210,1,1,0,0,0,18,312,0,96,0
01-05 13:36:40,23.106,4.270,67.310,3.767,0,5609784,121924,184344,2098212,3885.910,582.686,32.148,2218.224,1.005,235.083,7727,12303,1,1.210,1.210,1,0,0,0,0,18,312,0,96,0
01-05 13:36:41,10.196,2.238,82.813,3.979,0.249,5609960,121684,184344,2098276,12364.725,483.448,0,2057.140,0,182.039,3929,5923,1,1.210,1.210,0,0,0,0,0,18,311,0,98,0
01-05 13:36:42,10.754,2.251,81.281,4.502,0,5610248,121180,184344,2098492,13351.121,3236.241,0,1912.734,0,189.073,3533,5410,1,1.200,1.210,1,0,0,0,0,18,311,0,101,0
01-05 13:36:43,4.752,0.750,88.295,3.502,0,5610232,121180,184344,2098508,5086.580,486.247,0,1048.532,0,102.052,2189,3379,1,1.200,1.210,0,2,0,0,0,18,312,0,96,0
01-05 13:36:44,5.252,1.000,89.541,3.502,0,5610188,121180,184344,2098552,14352.496,3159.430,0,1156.523,0,116.053,2231,3368,1,1.200,1.210,0,0,0,0,0,18,311,0,97,0
01-05 13:36:45,13.238,2.997,67.189,14.487,0,5610180,120956,184344,2098784,9984.883,2694.540,0,6853.742,0,673.385,4854,6689,1,1.200,1.210,1,1,0,0,0,18,311,0,100,0
01-05 13:36:46,10.763,2.503,71.839,13.517,0,5610132,120956,184344,2098832,12790.901,2894.598,0,6311.847,0,441.549,4015,6194,1,1.200,1.210,1,0,0,0,0,18,312,0,103,0
01-05 13:36:47,10.787,1.756,82.530,3.512,0,5610084,120956,184344,2098880,25486.494,9556.432,0,802.724,0,69.235,3078,4085,0.920,1.180,1.200,0,1,0,0,0,18,312,0,95,0
01-05 13:36:48,20.474,4.494,60.922,12.234,0,5610252,120452,184344,2099216,4432.313,485.377,31.959,2876.310,0.999,309.603,7334,11723,0.920,1.180,1.200,2,3,1.997,0,0,18,312,0,95,0
01-05 13:36:49,18.499,3.500,63.747,11.249,0,5611116,119444,184348,2099356,7961.646,485.978,0,3391.849,0,293.987,6983,10642,0.920,1.180,1.200,1,0,0,0,0,18,312,0,95,0
01-05 13:36:50,20.458,3.992,66.862,6.487,0,5611364,118940,184348,2099612,6063.441,484.995,0,2275.287,0,230.523,7389,11229,0.920,1.180,1.200,1,0,0,0,0,18,312,0,97,0
01-05 13:36:51,15.029,4.509,58.612,19.788,0,5611132,118908,184348,2099876,11318.713,486.934,0,8279.884,0,1005.930,6505,9244,0.920,1.180,1.200,1,2,1.002,0,0,18,312,0,98,0
01-05 13:36:52,24.563,9.023,56.395,8.021,0,5624500,236368,184276,1983884,10151.046,487.250,48.123,4752.193,1.003,353.908,7964,25125,1.400,1.280,1.230,1,0,38.098,0,0,18,312,0,91,0
01-05 13:36:53,18.168,3.235,63.960,12.444,0,5624632,235924,184276,1984196,8540.316,483.809,15.928,2592.258,0.995,233.940,6186,9310,1.400,1.280,1.230,2,0,1.991,0,0,18,312,0,96,0
01-05 13:36:54,21.258,4.502,61.522,10.754,0,5624856,235420,184276,1984476,7673.785,486.176,0,2736.993,0,347.126,7358,11407,1.400,1.280,1.230,2,0,1.000,0,0,18,312,0,96,0
01-05 13:36:55,21.231,4.996,64.193,7.493,0.250,5624708,235420,184280,1984620,4033.442,539.524,0,2941.405,0,293.741,7284,11340,1.400,1.280,1.230,2,0,0,0,0,18,312,0,97,0
01-05 13:36:56,17.252,3.500,65.757,11.751,0,5625452,234412,184280,1984884,4522.515,486.055,0,3044.347,0,261.030,6443,9646,1.400,1.280,1.230,1,1,0,0,0,18,311,0,92,0
01-05 13:36:57,5.778,1.507,77.878,12.812,0,5625384,234412,184284,1984948,8484.176,488.370,32.156,5281.633,1.005,339.648,2816,4643,1.290,1.260,1.230,2,0,0,0,0,18,311,0,93,0
01-05 13:36:58,2.488,1.244,90.083,4.728,0,5625540,234244,184284,1984960,8889.892,483.763,0,589.275,0,47.779,1658,2336,1.290,1.260,1.230,1,0,0.995,0,0,18,312,0,93,0
01-05 13:36:59,12.497,2.250,73.735,9.998,0,5625316,234244,184284,1985184,11944.598,3278.341,0,1543.690,0,178.964,4134,6105,1.290,1.260,1.230,0,0,0,0,0,18,311,0,96,0
01-05 13:37:00,12.027,2.255,79.927,4.761,0,5627224,232256,184288,1985260,16792.177,2702.984,4.009,1162.574,1.002,131.291,3531,4963,1.290,1.260,1.230,2,0,0,0,0,18,311,0,97,0
01-05 13:37:01,10.478,1.247,86.821,0.748,0,5627636,231792,184288,1985312,29887.282,11495.262,0,826.294,0,83.827,2748,3569,1.290,1.260,1.230,0,0,0,0,0,18,312,0,97,0
01-05 13:37:02,8.027,1.254,89.550,0.502,0,5627612,231792,184288,1985336,24654.463,7624.502,0,373.248,0,25.084,2019,2201,1.190,1.240,1.220,1,0,0,0,0,18,312,0,97,0
01-05 13:37:03,6.973,1.743,85.166,3.984,0,5627352,231792,184288,1985596,4301.142,484.103,15.938,1478.206,0.996,152.403,2982,4477,1.190,1.240,1.220,0,0,0,0,0,18,311,0,97,0
01-05 13:37:04,12.264,2.753,77.341,6.257,0,5627276,231792,184288,1985672,9146.751,3226.793,0,1822.142,0,201.237,4126,6300,1.190,1.240,1.220,0,1,0,0,0,18,311,0,95,0
01-05 13:37:05,10.038,2.258,83.063,3.262,0,5627068,231792,184288,1985880,11938.923,3061.520,0,1469.529,0,146.551,3292,4721,1.190,1.240,1.220,0,0,0,0,0,18,312,0,99,0
01-05 13:37:06,4.231,0.995,89.345,3.982,0,5627104,231728,184288,1985908,8138.136,710.780,0,4364.231,0,515.664,2344,3092,1.190,1.240,1.220,0,1,0,0,0,18,312,0,100,0
01-05 13:37:07,3.999,1.000,84.980,8.498,0,5626976,231832,184288,1985932,7725.210,485.887,0,2855.338,0,327.924,2247,3418,1.090,1.220,1.210,0,1,0,0,0,18,311,0,100,0
01-05 13:37:08,7.501,1.750,83.757,5.750,0,5626924,231832,184288,1985984,5346.448,486.041,0,5240.439,0,339.028,3167,5025,1.090,1.220,1.210,0,0,1.000,0,0,18,311,0,102,0
01-05 13:37:09,13.271,2.254,78.873,3.756,0,5627068,231580,184288,1986092,16463.711,5047.883,0,1197.871,0,149.233,3966,5608,1.090,1.220,1.210,0,2,0,0,0,18,311,0,108,0
01-05 13:37:10,15.735,2.747,73.182,6.744,0,5627064,231328,184288,1986348,26989.933,9948.760,0,1342.753,0,154.856,4609,6817,1.090,1.220,1.210,1,0,0,0,0,18,313,0,110,0
01-05 13:37:11,22.479,4.246,61.693,9.491,0,5626932,231328,184288,1986480,3419.837,485.551,0,3540.725,0,416.615,7930,12710,1.090,1.220,1.210,3,3,0,0,0,18,312,0,111,0
01-05 13:37:12,16.569,3.766,62.510,16.318,0,5616968,241016,184288,1986756,10292.820,488.030,0,5944.731,0,659.745,6134,8651,1.080,1.210,1.210,1,0,2.008,0,0,18,312,0,111,0
01-05 13:37:13,12.450,2.739,79.183,5.229,0,5617016,240764,184288,1986960,8696.165,537.845,0,2059.749,0,194.222,4608,6763,1.080,1.210,1.210,0,0,0,0,0,18,311,0,112,0
01-05 13:37:14,10.757,1.251,76.548,9.256,0,5616932,240764,184288,1987044,7728.817,3055.904,0,1689.053,0,183.114,3712,5573,1.080,1.210,1.210,0,0,0,0,0,18,312,0,117,0
01-05 13:37:15,4.757,1.252,88.372,4.256,0,5616932,240764,184288,1987044,10341.249,660.911,0,3036.184,0,198.273,2199,3222,1.080,1.210,1.210,0,1,0,0,0,18,312,0,118,0
01-05 13:37:16,11.231,2.745,78.116,6.738,0,5617100,240512,184288,1987128,12979.730,5065.309,0,4652.018,0,242.584,3639,5427,1.080,1.210,1.210,1,0,0,0,0,18,312,0,109,0
01-05 13:37:17,4.770,1.506,91.637,1.004,0,5617212,240260,184288,1987268,15285.595,3267.809,0,522.207,0,62.263,2154,3056,1,1.190,1.210,1,0,0,0,0,18,311,0,110,0
01-05 13:37:18,6.470,0.995,88.584,2.986,0,5617676,239756,184288,1987308,8891.285,2511.218,0,1130.695,0,54.743,2065,3021,1,1.190,1.210,0,0,0.995,0,0,18,312,0,113,0
01-05 13:37:19,7.246,1.249,84.951,4.747,0,5617640,239756,184288,1987344,16033.834,5387.920,0,1323.244,0,147.915,2663,3952,1,1.190,1.210,1,0,0,0,0,18,312,0,114,0
01-05 13:37:20,12.261,1.752,84.074,1.251,0,5619356,237992,184288,1987392,33087.225,13643.050,0,680.601,0,50.044,2740,3206,1,1.190,1.210,1,0,0,0,0,18,313,0,111,0
01-05 13:37:21,3.503,1.501,91.070,2.502,0,5619596,237740,184288,1987404,6849.284,834.644,0,908.701,0,101.078,1897,2698,1,1.190,1.210,0,1,0,0,0,18,311,0,112,0
01-05 13:37:22,16.242,2.749,73.714,5.747,0,5619596,237488,184288,1987656,23948.244,9527.323,0,1775.129,0,189.907,5049,7511,0.920,1.170,1.200,1,0,0,0,0,18,313,0,113,0
01-05 13:37:23,26.073,4.763,57.411,10.028,0,5619440,237488,184288,1987812,29209.894,9558.799,0,5082.249,0,552.549,8687,13519,0.920,1.170,1.200,2,0,0,0,0,18,312,0,114,0
01-05 13:37:24,21.198,3.990,65.089,6.983,0,5620668,235976,184288,1988096,6856.030,484.800,0,1943.190,0,189.531,7296,10961,0.920,1.170,1.200,1,2,0,0,0,18,312,0,108,0
01-05 13:37:25,7.485,1.996,79.341,9.481,0,5620608,235976,184288,1988156,9943.073,485.028,0,6439.096,0,407.184,3582,5657,0.920,1.170,1.200,0,0,0,0,0,18,311,0,108,0
01-05 13:37:26,11.282,2.006,84.242,1.003,0,5620536,235976,184288,1988228,29451.536,9517.318,0,1139.270,0,112.322,3355,4641,0.920,1.170,1.200,0,0,0,0,0,18,312,0,109,0
01-05 13:37:27,8.996,2.249,82.216,4.498,0,5620768,235724,184288,1988248,6352.346,911.619,0,1183.506,0,126.947,3654,5512,0.840,1.150,1.190,3,0,0,0,0,18,312,0,109,0
01-05 13:37:28,19.749,3.750,58.998,15.750,0,5619952,236172,184288,1988616,8082.788,485.987,0,7183.812,0,927.976,7386,10903,0.840,1.150,1.190,2,0,1.000,0,0,18,312,0,106,0
01-05 13:37:29,23.342,4.518,66.009,4.769,0,5620464,234912,184288,1989364,7912.096,487.918,0,2260.886,0,223.880,7840,11754,0.840,1.150,1.190,1,0,0,0,0,18,312,0,107,0
01-05 13:37:30,18.403,2.736,71.126,5.223,0,5621372,233860,184288,1989508,31659.376,12686.232,0,2896.754,0,274.555,5454,8140,0.840,1.150,1.190,0,0,0,0,0,18,311,0,108,0
01-05 13:37:31,12.006,2.501,78.287,6.253,0,5622028,233104,184288,1989608,13339.349,3079.466,0,1924.916,0,196.093,3671,5281,0.840,1.150,1.190,0,0,0,0,0,18,312,0,111,0
01-05 13:37:32,5.504,1.501,88.067,3.503,0,5622512,232600,184288,1989628,10157.742,792.604,0,2541.937,0,164.125,2171,3214,0.780,1.130,1.180,4,0,0,0,0,18,312,0,99,0
01-05 13:37:33,10.494,2.748,75.206,9.744,0,5622488,232348,184288,1989904,12050.973,3251.104,0,5496.795,0,396.769,4105,6572,0.780,1.130,1.180,0,0,0,0,0,18,311,0,100,0
01-05 13:37:34,11.998,2.500,71.988,10.998,0,5622744,231872,184288,1990124,8769.550,3252.462,0,5627.070,0,644.893,4430,6262,0.780,1.130,1.180,0,0,0,0,0,18,311,0,101,0
01-05 13:37:35,9.526,1.504,88.488,0.752,0,5622964,231620,184288,1990156,3589.635,487.308,0,553.486,0,28.075,2270,2948,0.780,1.130,1.180,1,0,0,0,0,18,312,0,101,0
01-05 13:37:36,9.473,1.247,83.267,2.992,0,5622872,231620,184292,1990244,32787.184,11710.207,0,1216.593,0,129.637,2881,4155,0.780,1.130,1.180,1,0,0,0,0,18,311,0,101,0
01-05 13:37:37,12.751,1.750,80.754,4.250,0,5622940,231368,184292,1990428,28917.379,11743.560,0,1376.066,0,146.007,3468,4911,0.870,1.150,1.190,2,0,0,0,0,18,311,0,94,0
01-05 13:37:38,12.748,2.500,76.988,5.749,0,5623408,230864,184292,1990512,29352.271,11699.115,19.997,1583.745,2.000,164.973,3915,5522,0.870,1.150,1.190,0,0,6.999,0,0,18,312,0,95,0
01-05 13:37:39,10.751,1.750,82.756,2.750,0,5623344,230864,184292,1990576,21295.478,7156.497,0,1528.106,0,153.011,3412,4972,0.870,1.150,1.190,0,0,0,0,0,18,312,0,96,0
01-05 13:37:40,11.801,2.762,79.591,4.770,0,5623180,230864,184292,1990740,21562.316,5496.533,0,1847.912,0,188.808,4180,6127,0.870,1.150,1.190,2,0,0,0,0,18,312,0,96,0
01-05 13:37:41,19.186,3.987,61.544,12.209,0,5623560,230360,184292,1990864,7687.261,484.378,0,3986.652,0,378.732,7024,11117,0.870,1.150,1.190,2,2,0,0,0,18,312,0,88,0
01-05 13:37:42,21.083,4.267,59.986,13.553,0,5624032,229604,184292,1991148,7771.529,487.917,0,8011.471,0,527.070,7558,11639,0.880,1.150,1.190,1,1,0,0,0,18,312,0,92,0
01-05 13:37:43,21.502,3.750,66.507,7.001,0,5624060,229352,184292,1991372,7328.809,486.054,96.011,2284.252,5.001,244.027,7413,11114,0.880,1.150,1.190,1,0,0,0,0,18,312,0,93,0
01-05 13:37:44,16.963,4.241,55.629,20.455,0,5622088,230868,184296,1991824,10175.858,484.945,0,7675.299,0,1048.718,7250,10140,0.880,1.150,1.190,3,0,1.996,0,0,18,312,0,94,0
01-05 13:37:45,15.683,3.734,56.507,23.151,0,5622104,230644,184296,1992032,8159.933,483.920,0,3831.534,0,355.472,5919,9516,0.880,1.150,1.190,1,1,0,0,0,18,312,0,87,0
01-05 13:37:46,19.537,3.757,62.618,12.023,0,5623468,229136,184296,1992176,10205.220,486.917,0,7618.348,0,463.874,7998,13079,0.880,1.150,1.190,1,0,0,0,0,18,312,0,88,0
01-05 13:37:47,15.984,3.247,70.431,8.492,0.250,5632496,219840,184296,1992444,10149.013,3336.716,0,2477.562,0,256.747,5614,8862,1.050,1.180,1.200,1,0,0,0,0,18,311,0,89,0
01-05 13:37:48,7.263,1.503,86.407,3.005,0,5633188,219116,184296,1992476,12330.349,3155.720,0,1390.520,0,141.256,2791,3900,1.050,1.180,1.200,1,0,1.002,0,0,18,311,0,90,0
01-05 13:37:49,4.998,1.250,90.968,1.999,0,5631000,221284,184296,1992496,5605.041,485.830,0,1083.621,0,55.980,2138,3056,1.050,1.180,1.200,2,0,0,0,0,18,312,0,86,0
01-05 13:37:50,6.496,1.499,82.955,6.996,0,5631004,221060,184296,1992716,8832.220,3201.268,0,1515.180,0,168.909,2848,4590,1.050,1.180,1.200,0,0,0,0,0,18,311,0,86,0
01-05 13:37:51,8.493,1.249,84.928,4.746,0,5630184,221836,184296,1992760,13924.137,2694.704,0,2230.100,0,176.849,2751,4094,1.050,1.180,1.200,0,1,0,0,0,18,311,0,87,0
01-05 13:37:52,12.562,4.020,73.362,9.045,0,5641392,210552,184296,1992836,14951.772,3165.619,0,4719.285,0,338.671,4592,16727,1.050,1.170,1.200,1,0,37.183,0,0,18,311,0,88,0
01-05 13:37:53,7.968,1.992,86.650,1.494,0,5640380,211372,184296,1993028,9628.072,2686.139,0,1007.925,0,98.601,3018,4496,1.050,1.170,1.200,0,0,1.992,0,0,18,311,0,83,0
01-05 13:37:54,9.513,2.253,82.113,4.757,0,5639872,211808,184296,1993100,9796.491,486.670,0,1361.875,0,170.234,3317,4856,1.050,1.170,1.200,1,0,2.003,0,0,18,311,0,85,0
01-05 13:37:55,5.242,1.248,86.366,5.991,0,5639848,211808,184296,1993124,11292.477,3144.121,0,790.773,0,70.890,2004,2881,1.050,1.170,1.200,3,0,0.998,0,0,18,312,0,85,0
01-05 13:37:56,4.999,1.000,91.485,0.750,0,5640060,211556,184296,1993164,12922.812,2696.543,0,951.839,0,90.985,2196,3296,1.050,1.170,1.200,0,0,0,0,0,18,311,0,85,0
01-05 13:37:57,8.748,1.500,85.230,3.249,0,5640304,211232,184296,1993244,14540.622,3148.269,0,1303.697,0,152.964,3368,4905,1.040,1.170,1.190,0,0,0,0,0,18,311,0,79,0
01-05 13:37:58,6.498,1.749,88.972,1.250,0,5640368,210980,184296,1993432,11018.570,2696.161,0,1079.664,0,100.969,2524,3665,1.040,1.170,1.190,1,0,1.000,0,0,18,311,0,80,0
01-05 13:37:59,10.251,1.500,81.511,5.001,0,5640280,210980,184296,1993520,14887.041,2697.370,0,1476.202,0,156.021,3837,5632,1.040,1.170,1.190,0,0,0,0,0,18,311,0,81,0
01-05 13:38:00,8.006,1.501,87.813,1.751,0,5640500,210728,184296,1993568,14753.575,4687.360,0,1112.798,0,106.076,2380,3312,1.040,1.170,1.190,2,0,2.001,0,0,18,312,0,81,0
01-05 13:38:01,9.030,1.254,85.788,2.508,0,5640472,210728,184296,1993596,20905.168,7702.855,0,1003.368,0,88.296,2925,4229,1.040,1.170,1.190,1,0,0,0,0,18,312,0,73,0
01-05 13:38:02,19.514,4.253,61.043,14.010,0,5640168,210728,184296,1993900,8413.961,486.345,32.023,4142.935,1.001,364.258,6787,10873,1.040,1.170,1.190,1,1,1.001,0,0,18,312,0,73,0
01-05 13:38:03,19.409,4.230,63.205,10.700,0,5641200,209468,184296,1994128,5794.943,483.741,0,6935.617,0,492.700,7406,11764,1.040,1.170,1.190,2,0,0,0,0,18,312,0,77,0
01-05 13:38:04,17.753,4.751,71.761,4.751,0,5641280,209216,184296,1994300,8284.264,486.074,16.002,2472.377,1.000,271.041,6510,9695,1.040,1.170,1.190,1,0,0,0,0,18,311,0,79,0
01-05 13:38:05,4.020,1.005,83.170,11.056,0,5641724,208740,184296,1994332,7656.643,488.465,0,4904.754,0,461.328,2083,2296,1.040,1.170,1.190,1,2,0,0,0,18,312,0,75,0
01-05 13:38:06,10.697,1.990,75.374,9.453,0,5641484,208740,184296,1994572,3553.274,537.319,0,2368.186,0,256.719,4208,6481,1.040,1.170,1.190,0,0,0,0,0,18,311,0,77,0
01-05 13:38:07,12.023,2.505,79.904,4.759,0,5641408,208740,184296,1994656,8867.039,486.936,0,1851.558,0,182.350,4366,6467,1.040,1.160,1.190,1,0,0,0,0,18,312,0,77,0
01-05 13:38:08,21.926,4.983,61.292,9.966,0,5641608,208236,184296,1994960,6501.946,484.357,0,4145.937,0,412.601,7734,12619,1.040,1.160,1.190,2,0,0.997,0,0,18,312,0,77,0
01-05 13:38:09,20.036,4.258,65.368,8.014,0,5642072,207480,184296,1995252,10254.484,486.878,0,6179.138,0,395.713,7335,11228,1.040,1.160,1.190,1,0,0,0,0,18,312,0,65,0
01-05 13:38:10,22.282,4.256,63.840,7.260,0,5643440,205968,184296,1995396,5662.025,528.749,0,2976.218,0,293.416,7404,11702,1.040,1.160,1.190,1,0,0,0,0,18,312,0,66,0
01-05 13:38:11,16.540,3.509,56.387,22.053,0,5639300,209884,184296,1995620,10866.348,487.181,0,7670.599,0,1041.525,6674,9540,1.040,1.160,1.190,1,0,1.002,0,0,18,312,0,66,0
01-05 13:38:12,18.679,6.475,58.777,14.694,0,5640140,201412,184300,2003248,9215.968,484.160,3.985,3020.518,0.996,378.561,6636,9932,1.110,1.180,1.200,1,0,3.985,0,0,18,312,0,68,0
01-05 13:38:13,3.499,1.250,91.980,2.000,0,5640112,201412,184300,2003276,4278.060,485.893,0,927.796,0,52.988,1561,2130,1.110,1.180,1.200,2,0,0,0,0,18,312,0,61,0
01-05 13:38:14,19.505,4.001,61.765,12.503,0,5640240,201160,184300,2003400,7983.940,486.118,0,4088.993,0,393.096,7140,11238,1.110,1.180,1.200,1,1,0,0,0,18,312,0,62,0
01-05 13:38:15,19.759,4.002,58.776,15.007,0,5641004,200152,184300,2003644,10374.658,486.218,4.002,6815.060,1.000,503.226,7649,12224,1.110,1.180,1.200,1,0,0,0,0,18,312,0,63,0
01-05 13:38:16,20.992,3.998,65.974,7.247,0,5641696,199144,184300,2003960,8685.565,485.808,0,2371.062,0,263.896,7686,12031,1.110,1.180,1.200,1,0,0,0,0,18,312,0,64,0
01-05 13:38:17,19.269,4.254,64.814,10.761,0.250,5642208,198388,184300,2004204,7573.472,486.480,0,4192.136,0,335.331,6890,11109,1.110,1.180,1.190,3,0,0,0,0,18,312,0,64,0
01-05 13:38:18,20.978,4.246,64.183,8.741,0,5642924,197408,184300,2004468,5703.043,539.437,0,3212.644,0,331.654,7479,11815,1.110,1.180,1.190,2,1,0.999,0,0,18,312,0,54,0
01-05 13:38:19,20.761,4.002,62.033,11.006,0,5643536,196652,184300,2004612,7910.153,486.255,0,6703.519,0,433.227,7588,11335,1.110,1.180,1.190,1,0,0,0,0,18,311,0,54,0
01-05 13:38:20,20.572,3.763,64.978,9.784,0,5639300,200500,184300,2005000,4884.112,487.709,0,2548.930,0,233.819,6358,9413,1.110,1.180,1.190,2,0,0,0,0,18,311,0,55,0
01-05 13:38:21,3.984,0.996,88.150,5.478,0,5639780,200008,184300,2005040,6857.769,3332.766,0,872.535,0,78.688,1894,2914,1.110,1.180,1.190,1,0,0,0,0,18,312,0,55,0
01-05 13:38:22,11.244,1.749,82.208,3.998,0,5638444,201300,184300,2005084,27086.003,12000.799,0,1331.312,0,137.929,3273,4652,1.100,1.170,1.190,0,0,0,0,0,18,311,0,48,0
01-05 13:38:23,15.998,2.750,70.740,9.249,0,5638680,200824,184300,2005324,32268.598,12388.310,0,1935.736,0,211.971,4513,6230,1.100,1.170,1.190,0,0,0,0,0,18,311,0,49,0
01-05 13:38:24,10.006,2.001,78.049,8.005,0,5639356,200072,184300,2005400,6567.099,486.304,16.010,1833.144,1.001,192.120,3914,5910,1.100,1.170,1.190,0,0,0,0,0,18,312,0,50,0
01-05 13:38:25,10.249,1.750,77.992,7.249,0,5639424,199820,184300,2005584,15728.477,4737.541,0,2975.712,0,299.971,4039,6029,1.100,1.170,1.190,0,1,0,0,0,18,312,0,50,0
01-05 13:38:26,9.004,1.751,76.537,11.005,0,5639344,199820,184300,2005664,24157.775,7614.712,0,4242.068,0,291.142,3354,4791,1.100,1.170,1.190,2,0,0,0,0,18,312,0,45,0
01-05 13:38:27,16.025,3.506,67.106,10.767,0,5639292,199820,184300,2005716,9085.355,486.769,0,9623.205,0,242.383,6517,9607,1.170,1.190,1.200,1,0,0,0,0,18,312,0,46,0
01-05 13:38:28,19.205,4.739,63.102,11.224,0,5639756,199068,184300,2006004,8273.577,484.862,0,3248.374,0,374.122,7020,11043,1.170,1.190,1.200,1,0,0.998,0,0,18,312,0,46,0
01-05 13:38:29,22.529,5.006,64.583,6.508,0,5640900,197808,184300,2006120,3238.157,486.625,0,2779.568,0,297.382,7665,11724,1.170,1.190,1.200,1,0,0,0,0,18,312,0,46,0
01-05 13:38:30,22.834,4.266,60.472,10.790,0,5641352,197048,184300,2006428,27733.726,9633.335,0,2204.084,0,203.747,6746,9785,1.170,1.190,1.200,2,2,0,0,0,18,311,0,44,0
01-05 13:38:31,5.227,0.996,85.377,6.472,0,5641180,197048,184300,2006600,10163.653,3204.020,0,2517.018,0,191.166,2444,3849,1.170,1.190,1.200,0,1,0,0,0,18,311,0,44,0
01-05 13:38:32,16.001,3.250,64.005,15.001,0,5643508,194584,184300,2006736,8631.684,2523.200,60.005,8092.641,4.000,588.047,5201,7498,1.320,1.220,1.210,1,0,0,0,0,18,312,0,46,0
01-05 13:38:33,9.498,1.750,79.733,7.248,0,5643484,194584,184300,2006760,30702.404,9967.859,0,1647.646,0,140.970,3065,4140,1.320,1.220,1.210,1,1,0,0,0,18,312,0,46,0
01-05 13:38:34,21.051,5.513,61.650,9.774,0,5643188,194584,184300,2007056,7972.351,541.314,0,3572.672,0,415.007,8168,12926,1.320,1.220,1.210,2,2,0,0,0,18,312,0,42,0
01-05 13:38:35,21.952,4.490,64.360,7.484,0,5644208,193324,184300,2007296,8939.556,484.945,0,3312.795,0,267.418,7441,11511,1.320,1.220,1.210,1,0,0,0,0,18,312,0,43,0
01-05 13:38:36,17.248,4.000,65.493,11.499,0,5644308,192820,184300,2007700,12830.701,3322.663,15.998,4315.563,1.000,369.963,6784,10416,1.320,1.220,1.210,2,1,0,0,0,18,311,0,45,0
01-05 13:38:37,8.279,2.509,82.534,5.770,0,5644748,192344,184300,2007736,4129.230,487.681,0,4760.405,0,352.214,3364,5388,1.210,1.200,1.200,2,0,0,0,0,18,312,0,45,0
01-05 13:38:38,14.209,1.994,79.270,2.493,0,5651288,185764,184300,2007808,58445.226,25346.373,0,494.563,0,46.864,2905,3383,1.210,1.200,1.200,1,0,6.980,0,0,18,312,0,44,0
01-05 13:38:39,9.240,1.249,83.406,4.495,0,5651136,185764,184300,2007960,31274.721,11978.488,0,906.977,0,82.906,2524,3154,1.210,1.200,1.200,0,0,0,0,0,18,311,0,44,0
01-05 13:38:40,17.503,1.250,80.014,0.750,0,5651036,185512,184300,2008312,48203.622,20823.724,0,1020.182,0,79.014,3421,4023,1.210,1.200,1.200,1,0,0,0,0,18,312,0,44,0
01-05 13:38:41,10.498,1.750,82.983,3.749,0,5651012,185512,184300,2008336,43949.045,16575.623,0,711.855,0,61.987,2456,3006,1.210,1.200,1.200,1,0,0,0,0,18,311,0,44,0
01-05 13:38:42,11.753,1.750,80.018,4.751,0,5651580,184756,184300,2008524,21162.629,5119.120,0,1060.232,0,108.024,3429,4926,1.270,1.210,1.200,1,0,0,0,0,18,312,0,42,0
01-05 13:38:43,10.770,1.503,78.644,6.762,0,5651500,184756,184300,2008604,25631.841,7376.480,0,1170.138,0,106.194,3827,5169,1.270,1.210,1.200,2,0,0,0,0,18,312,0,42,0
01-05 13:38:44,20.503,4.751,62.010,10.752,0,5651756,184252,184300,2008852,6286.980,486.076,0,3968.618,0,432.067,7434,12170,1.270,1.210,1.200,1,0,0,0,0,18,312,0,43,0
01-05 13:38:45,21.010,4.502,67.532,6.003,0,5652360,183496,184300,2009004,3012.442,486.233,0,1880.901,0,184.088,6960,10349,1.270,1.210,1.200,1,3,0,0,0,18,312,0,44,0
01-05 13:38:46,19.192,3.240,68.044,7.976,0,5653344,182236,184300,2009280,13088.410,3273.100,0,2576.207,0,254.231,6041,8947,1.270,1.210,1.200,3,1,0,0,0,18,311,0,41,0
01-05 13:38:47,9.014,2.003,76.120,10.517,0,5653552,181984,184300,2009324,5648.918,626.990,0,6113.651,0,419.663,3756,5753,1.170,1.190,1.200,2,0,0,0,0,18,312,0,42,0
01-05 13:38:48,6.274,1.506,84.067,6.776,0,5653524,181984,184300,2009352,26850.216,9560.038,0,6227.475,0,220.832,2118,2386,1.170,1.190,1.200,1,0,1.004,0,0,18,311,0,42,0
01-05 13:38:49,12.940,1.493,78.635,5.226,0,5653460,181984,184300,2009416,29532.874,11688.727,0,1250.195,0,119.445,3361,4392,1.170,1.190,1.200,0,0,0.995,0,0,18,311,0,42,0
01-05 13:38:50,19.590,3.516,68.565,6.279,0,5653536,181732,184304,2009588,8657.720,628.885,0,3025.882,0,298.369,6589,10038,1.170,1.190,1.200,0,1,0,0,0,18,312,0,41,0
01-05 13:38:51,18.907,4.976,63.686,10.449,0,5653196,181732,184304,2009928,5982.549,537.355,0,2945.500,0,314.452,7075,10892,1.170,1.190,1.200,1,0,0,0,0,18,312,0,42,0
01-05 13:38:52,25.361,5.775,62.022,4.771,0,5686140,148476,184304,2010240,3766.545,488.144,0,2273.989,0,225.993,8032,21930,1.160,1.190,1.200,2,0,36.159,0,0,18,312,0,44,0
01-05 13:38:53,8.002,2.001,80.524,8.753,0,5684296,150144,184304,2010416,9313.738,3212.944,0,3204.942,0,329.097,3190,4570,1.160,1.190,1.200,1,6,1.000,0,0,18,311,0,46,0
01-05 13:38:54,13.941,2.738,73.935,6.721,0,5679968,154260,184304,2010628,32268.330,11693.113,0,4624.271,0,381.373,4457,6132,1.160,1.190,1.200,0,1,1.992,0,0,18,313,0,42,0
01-05 13:38:55,18.952,3.741,60.846,14.214,0,5677748,156368,184304,2010740,7854.101,484.772,0,6555.392,0,478.787,6542,10331,1.160,1.190,1.200,9,1,1.995,0,0,18,314,0,45,0
01-05 13:38:56,23.053,4.510,62.895,7.768,0,5675900,157908,184304,2011048,10190.466,487.122,0,3075.081,0,337.778,7859,12513,1.160,1.190,1.200,1,0,1.002,0,0,18,314,0,47,0
01-05 13:38:57,19.762,4.002,65.790,8.505,0,5674852,158680,184304,2011324,8924.451,486.297,0,2053.254,0,209.128,7221,10929,1.140,1.180,1.200,2,0,0,0,0,18,314,0,51,0
01-05 13:38:58,23.016,4.503,60.792,9.507,0,5673480,159888,184304,2011488,9708.764,486.339,0,4435.090,0,457.319,8128,12830,1.140,1.180,1.200,3,1,1.001,0,0,18,314,0,50,0
01-05 13:38:59,19.485,3.997,63.450,10.242,0,5672500,160716,184304,2011640,6480.906,539.576,31.975,6203.124,0.999,433.659,7400,11288,1.140,1.180,1.200,2,0,0,0,0,18,314,0,50,0
01-05 13:39:00,19.244,3.749,64.979,10.497,0,5670904,162204,184304,2011748,7291.641,3050.013,0,1919.379,0,202.934,5644,8123,1.140,1.180,1.200,0,0,0,0,0,18,314,0,51,0
01-05 13:39:01,5.999,1.500,87.242,4.500,0,5669792,163076,184304,2011988,11236.983,659.940,0,1135.897,0,113.990,2378,3593,1.140,1.180,1.200,2,1,0,0,0,18,314,0,51,0
01-05 13:39:02,3.749,1.000,89.728,3.749,0,5669340,163372,184304,2012144,11883.103,3165.228,0,1079.737,0,106.974,2221,3285,1.050,1.160,1.190,0,0,0,0,0,18,313,0,52,0
01-05 13:39:03,11.499,2.000,79.743,5.750,0,5669504,163108,184304,2012244,7531.365,2766.767,0,1579.867,0,155.987,3822,5648,1.050,1.160,1.190,0,0,0,0,0,18,313,0,51,0
01-05 13:39:04,9.250,2.000,72.751,14.000,0,5669464,163108,184304,2012284,18423.144,4684.037,0,5272.041,0,407.003,3608,5034,1.050,1.160,1.190,0,0,0,0,0,18,314,0,51,0
01-05 13:39:05,15.037,2.506,74.435,6.266,0,5669416,163108,184304,2012332,25947.535,7629.977,0,2991.440,0,275.686,5199,7532,1.050,1.160,1.190,1,1,0,0,0,18,315,0,51,0
01-05 13:39:06,22.681,4.735,59.069,11.216,0,5669148,163108,184304,2012600,9353.342,484.515,0,6954.691,0,562.277,8673,13703,1.050,1.160,1.190,4,0,0.997,0,0,18,314,0,51,0
01-05 13:39:07,22.294,4.258,65.631,6.012,0,5669824,162100,184304,2012932,6377.681,486.968,0,1571.124,0,164.327,7676,11826,1.130,1.180,1.190,2,0,0,0,0,18,314,0,43,0
01-05 13:39:08,16.481,3.496,67.172,11.237,0,5670072,161596,184304,2013188,8299.348,3252.218,15.981,3084.413,0.999,317.631,5886,9099,1.130,1.180,1.190,0,0,0.999,0,0,18,313,0,44,0
01-05 13:39:09,9.002,2.250,80.766,6.251,0,5669940,161596,184304,2013320,16075.155,4684.919,0,1792.352,0,159.031,3339,4744,1.130,1.180,1.190,0,0,0,0,0,18,314,0,45,0
01-05 13:39:10,11.254,1.751,81.031,4.002,0,5670136,161344,184304,2013376,24487.261,7601.875,0,1872.708,0,166.063,3823,5469,1.130,1.180,1.190,1,0,0,0,0,18,314,0,46,0
01-05 13:39:11,20.262,4.503,63.789,8.755,0,5669996,161344,184304,2013516,3892.393,486.299,0,4238.606,0,433.266,7803,12826,1.130,1.180,1.190,4,1,0,0,0,18,314,0,46,0
01-05 13:39:12,17.231,4.495,57.688,18.230,0,5669904,161092,184304,2013860,8475.892,485.478,0,8846.493,0,661.289,7249,11736,1.200,1.190,1.200,1,2,1.998,0,0,18,314,0,47,0
01-05 13:39:13,22.750,5.000,66.001,4.000,0,5670352,160336,184304,2014168,7633.084,486.005,0,1992.022,0,206.002,8300,13017,1.200,1.190,1.200,1,0,0,0,0,18,314,0,49,0
01-05 13:39:14,9.730,2.495,76.092,9.979,0,5670396,160084,184304,2014376,12790.502,3237.293,0,2199.443,0,226.531,3771,5844,1.200,1.190,1.200,0,0,0,0,0,18,313,0,51,0
01-05 13:39:15,13.021,2.003,79.130,5.259,0,5670320,160084,184308,2014448,25625.946,9547.628,16.026,1654.709,1.002,155.254,3561,4877,1.200,1.190,1.200,1,1,0,0,0,18,313,0,48,0
01-05 13:39:16,10.745,1.749,81.712,4.498,0,5670260,160084,184308,2014508,18225.474,7292.588,0,2003.063,0,163.923,3052,4358,1.200,1.190,1.200,1,0,0,0,0,18,314,0,48,0
01-05 13:39:17,11.778,2.255,80.943,3.258,0,5670068,160084,184308,2014700,16750.914,5182.349,0,1680.003,0,147.351,3918,5504,1.100,1.170,1.190,2,0,0,0,0,18,314,0,51,0
01-05 13:39:18,19.283,4.508,62.357,11.520,0,5670648,159328,184312,2014872,6412.050,540.932,0,4351.499,0,293.506,7090,10882,1.100,1.170,1.190,1,1,1.002,0,0,18,314,0,55,0
01-05 13:39:19,15.762,3.753,53.789,25.018,0,5670424,159328,184312,2015096,7222.280,486.356,0,7805.706,0,561.410,6464,10247,1.100,1.170,1.190,0,1,0,0,0,18,314,0,53,0
01-05 13:39:20,18.467,4.242,66.381,9.233,0,5671304,158320,184312,2015224,5971.289,485.130,0,5941.343,0,367.341,6719,9799,1.100,1.170,1.190,1,0,0,0,0,18,314,0,54,0
01-05 13:39:21,22.547,4.008,67.139,5.261,0,5672072,157312,184312,2015464,7731.002,487.008,0,2372.911,0,188.390,6694,9541,1.100,1.170,1.190,1,0,0,0,0,18,314,0,58,0
01-05 13:39:22,19.470,3.994,64.900,8.737,0,5671976,157312,184312,2015560,8036.660,527.191,0,2412.296,0,274.578,6572,9998,1.180,1.180,1.190,0,2,0,0,0,18,314,0,58,0
01-05 13:39:23,23.484,4.247,59.960,9.494,0,5672456,156316,184312,2016060,24026.941,9579.597,0,3605.590,0,334.776,7977,12076,1.180,1.180,1.190,1,1,0,0,0,18,314,0,56,0
01-05 13:39:24,22.233,4.247,60.954,10.992,0,5672908,155560,184312,2016364,5016.201,485.632,0,6974.718,0,480.636,7706,12142,1.180,1.180,1.190,2,0,0,0,0,18,314,0,58,0
01-05 13:39:25,15.025,3.506,62.103,17.279,0,5673048,155308,184312,2016476,10034.624,486.806,32.053,5941.844,1.002,524.870,5510,8100,1.180,1.180,1.190,1,1,0,0,0,18,314,0,58,0
01-05 13:39:26,20.525,3.504,64.829,9.011,0,5672744,155308,184312,2016780,9479.612,486.596,0,3023.704,0,329.404,6934,11033,1.180,1.180,1.190,1,0,0,0,0,18,314,0,58,0
01-05 13:39:27,23.182,3.988,65.059,5.733,0,5672632,155308,184312,2016892,7501.000,484.579,0,2161.660,0,205.398,7276,10865,1.160,1.180,1.190,2,0,0,0,0,18,314,0,58,0
01-05 13:39:28,18.479,4.245,61.432,13.485,0,5672856,154804,184312,2017172,7783.329,539.399,0,3639.945,0,361.597,7067,11308,1.160,1.180,1.190,3,2,0.999,0,0,18,314,0,58,0
01-05 13:39:29,19.517,4.003,60.302,14.262,0,5672756,154804,184312,2017272,7840.721,486.417,0,7226.194,0,481.413,7161,11327,1.160,1.180,1.190,1,1,0,0,0,18,314,0,59,0
01-05 13:39:30,26.732,3.997,62.457,4.747,0,5673480,153040,184312,2018312,27684.954,12077.691,0,2006.620,0,218.849,7254,10737,1.160,1.180,1.190,3,0,0,0,0,18,314,0,60,0
01-05 13:39:31,4.749,1.250,88.739,4.499,0,5673384,153040,184312,2018408,4519.417,659.915,0,1019.868,0,77.990,2049,3027,1.160,1.180,1.190,1,0,0,0,0,18,314,0,58,0
01-05 13:39:32,8.497,1.749,80.972,6.248,0,5673292,152788,184312,2018752,9064.871,3211.891,0,1595.449,0,161.944,3478,5234,1.070,1.160,1.190,0,0,0,0,0,18,313,0,59,0
01-05 13:39:33,11.751,2.500,78.759,6.751,0,5673452,152536,184312,2018844,15332.679,3268.358,0,1828.200,0,188.021,3799,5500,1.070,1.160,1.190,1,0,0,0,0,18,313,0,61,0
01-05 13:39:34,9.535,2.007,78.541,7.528,0,5673896,152032,184312,2018900,8891.992,487.810,0,2481.206,0,202.752,3509,5287,1.070,1.160,1.190,3,1,0,0,0,18,314,0,64,0
01-05 13:39:35,5.230,1.992,85.677,5.728,0,5673724,152032,184312,2019072,12704.085,3128.202,0,3454.969,0,234.117,2635,4187,1.070,1.160,1.190,1,0,0,0,0,18,313,0,60,0
01-05 13:39:36,14.997,1.750,65.988,15.247,0,5675108,150548,184312,2019172,23372.602,9260.258,0,5926.885,0,514.903,4368,5902,1.070,1.160,1.190,1,0,0,0,0,18,315,0,61,0
01-05 13:39:37,16.505,2.251,74.774,5.502,0,5675296,150296,184312,2019236,55790.853,21238.797,0,1612.516,0,166.053,4360,5618,1.300,1.210,1.200,2,0,0,0,0,18,314,0,62,0
01-05 13:39:38,11.253,2.751,80.769,3.501,0,5675880,149540,184312,2019408,26606.234,9513.229,0,1424.334,0,154.036,3634,5148,1.300,1.210,1.200,1,0,7.002,0,0,18,314,0,62,0
01-05 13:39:39,9.004,1.751,82.286,5.252,0,5675844,149540,184312,2019444,18840.135,7234.124,0,1092.472,0,94.041,2890,4241,1.300,1.210,1.200,2,1,0,0,0,18,314,0,59,0
01-05 13:39:40,21.243,4.498,63.478,8.497,0,5675732,149540,184312,2019556,8564.990,579.796,0,3658.714,0,419.852,7148,11461,1.300,1.210,1.200,1,0,0,0,0,18,314,0,59,0
01-05 13:39:41,21.002,4.500,64.757,7.501,0.250,5676200,148784,184312,2019844,10341.077,540.056,0,2892.301,0,259.027,7387,11427,1.300,1.210,1.200,2,2,0,0,0,18,314,0,60,0
01-05 13:39:42,18.316,3.764,59.967,16.309,0,5675956,148784,184312,2020088,6229.558,487.766,0,6226.547,0,458.661,6791,10840,1.520,1.250,1.220,2,0,0,0,0,18,314,0,60,0
01-05 13:39:43,21.009,5.002,63.278,8.754,0,5676412,148028,184312,2020388,9966.410,486.215,32.014,3169.403,1.000,327.145,7610,11966,1.520,1.250,1.220,1,1,0,0,0,18,314,0,60,0
01-05 13:39:44,18.913,4.479,66.693,8.461,0,5676252,148028,184312,2020548,8713.930,3025.089,0,4344.024,0,274.737,6378,9770,1.520,1.250,1.220,0,0,0,0,0,18,314,0,61,0
01-05 13:39:45,6.533,0.754,85.929,5.276,0,5676220,148028,184312,2020580,9393.855,663.308,16.080,1732.642,1.005,157.787,2658,4099,1.520,1.250,1.220,5,1,1.005,0,0,18,313,0,61,0
01-05 13:39:46,3.481,0.995,91.502,2.486,0,5676016,148028,184312,2020784,10692.840,3188.657,15.913,1344.686,0.995,105.427,2062,3140,1.520,1.250,1.220,1,0,0,0,0,18,314,0,61,0
01-05 13:39:47,13.257,2.751,71.036,11.006,0,5676368,147524,184312,2020936,8137.072,2698.350,32.016,2517.260,1.001,241.121,4705,7075,1.640,1.280,1.230,0,1,1.001,0,0,18,313,0,62,0
01-05 13:39:48,10.251,1.750,76.010,9.751,0,5676324,147524,184312,2020980,26965.561,8667.145,0,5740.758,0,378.050,3385,5169,1.640,1.280,1.230,1,0,1.000,0,0,18,314,0,57,0
01-05 13:39:49,11.749,3.000,77.242,5.249,0,5677928,145760,184312,2021140,10961.878,3562.635,0,1779.818,0,175.982,4795,7340,1.640,1.280,1.230,0,1,0,0,0,18,314,0,57,0
01-05 13:39:50,23.232,5.246,63.451,6.245,0,5678360,145004,184312,2021464,3542.277,485.627,0,2478.095,0,256.803,8064,12308,1.640,1.280,1.230,3,0,0,0,0,18,314,0,58,0
01-05 13:39:51,24.125,4.523,65.590,5.026,0,5680220,142988,184312,2021620,7540.128,488.535,0,2991.524,0,314.633,8659,13671,1.640,1.280,1.230,3,0,0,0,0,18,314,0,58,0
01-05 13:39:52,16.496,4.499,59.735,17.246,0,5705452,178380,183440,1964808,9718.489,3262.157,0,6270.380,0,444.885,5200,13050,1.670,1.300,1.230,3,1,34.991,0,0,18,313,0,57,0
01-05 13:39:53,9.708,3.983,78.161,6.472,0,5696496,187444,183440,1962104,14210.420,2685.363,0,3233.986,0,219.051,3741,7367,1.670,1.300,1.230,1,1,1.991,0,0,18,313,0,58,0
01-05 13:39:54,10.800,1.758,76.853,9.544,0,5695200,188584,183440,1962260,25259.151,9642.339,0,4179.218,0,299.377,3541,5429,1.670,1.300,1.230,1,0,0,0,0,18,314,0,58,0
01-05 13:39:55,23.203,5.489,57.882,11.227,0,5697608,185824,183440,1962612,3067.749,485.012,0,4418.996,0,463.056,8496,13601,1.670,1.300,1.230,3,1,1.996,0,0,18,314,0,58,0
01-05 13:39:56,22.442,3.740,65.081,6.732,0,5699804,183304,183440,1962936,13298.368,3028.114,27.927,3443.033,1.995,304.208,7003,10728,1.670,1.300,1.230,0,0,1.995,0,0,18,314,0,53,0
01-05 13:39:57,7.751,2.000,82.009,7.751,0,5699032,183896,183440,1963116,7066.791,714.080,0,1984.222,0,216.024,2770,3844,1.530,1.270,1.220,1,3,2.000,0,0,18,314,0,55,0
01-05 13:39:58,6.501,2.000,74.763,14.502,0,5699060,183800,183444,1963180,12512.106,3149.530,0,4820.811,0,431.073,3180,4694,1.530,1.270,1.220,1,0,1.000,0,0,18,313,0,55,0
01-05 13:39:59,7.245,1.999,79.949,8.994,0,5699016,183800,183444,1963224,13009.765,3147.008,0,5512.511,0,374.763,3214,5159,1.530,1.270,1.220,0,0,0,0,0,18,313,0,56,0
01-05 13:40:00,10.759,2.002,79.063,7.506,0,5699212,183548,183444,1963280,18695.848,6950.520,0,1773.408,0,189.150,3357,5210,1.530,1.270,1.220,0,0,0,0,0,18,314,0,51,0
01-05 13:40:01,3.000,0.500,92.260,2.500,0,5699204,183548,183444,1963288,8198.868,660.070,0,676.072,0,48.005,1476,2001,1.530,1.270,1.220,1,0,0,0,0,18,313,0,51,0
01-05 13:40:02,15.543,2.507,73.451,6.769,0,5687268,195220,183444,1963552,25746.416,9558.141,0,1451.971,0,149.409,4384,5993,1.410,1.250,1.220,0,2,0,0,0,18,313,0,53,0
01-05 13:40:03,6.994,1.748,85.172,5.245,0,5689436,192956,183448,1963644,11656.391,3261.032,75.931,975.113,9.991,87.920,2528,3462,1.410,1.250,1.220,1,0,3.996,0,0,18,314,0,54,0
01-05 13:40:04,5.988,1.248,87.083,4.242,0,5689384,192956,183448,1963696,13065.873,3142.956,0,1341.420,0,137.735,2645,3953,1.410,1.250,1.220,0,0,0,0,0,18,313,0,52,0
01-05 13:40:05,11.753,3.001,77.517,6.501,0,5689164,192956,183448,1963916,9924.228,3118.700,0,1864.419,0,209.047,3820,5703,1.410,1.250,1.220,0,0,0,0,0,18,313,0,53,0
01-05 13:40:06,9.997,1.500,83.975,2.999,0,5689112,192956,183448,1963968,28227.605,9583.150,0,1223.636,0,115.966,2597,3427,1.410,1.250,1.220,1,0,0,0,0,18,315,0,53,0
01-05 13:40:07,6.499,1.000,88.980,2.000,0,5689096,192956,183448,1963984,29322.303,9573.813,0,831.810,0,58.987,1953,2461,1.300,1.230,1.210,1,0,0,0,0,18,314,0,54,0
01-05 13:40:08,5.500,0.750,87.505,4.000,0.250,5689180,192732,183448,1964124,21389.310,7329.449,0,3344.205,0,396.024,2230,2710,1.300,1.230,1.210,1,0,1.000,0,0,18,315,0,53,0
01-05 13:40:09,9.501,1.750,79.758,8.751,0,5689100,192732,183448,1964204,23119.302,9663.962,4.000,1004.100,1.000,86.009,2587,3337,1.300,1.230,1.210,0,0,0,0,0,18,314,0,53,0
01-05 13:40:10,2.748,0.750,92.693,2.249,0,5689344,192480,183448,1964212,9139.346,659.592,0,595.632,0,42.973,1358,1897,1.300,1.230,1.210,1,0,0,0,0,18,313,0,53,0
01-05 13:40:11,13.259,2.252,79.056,4.503,0,5689284,192480,183448,1964272,28379.047,11631.216,0,3006.124,0,241.170,3794,5392,1.300,1.230,1.210,1,1,1.001,0,0,18,314,0,54,0
01-05 13:40:12,9.282,1.505,81.280,6.272,0,5689232,192480,183448,1964324,30933.452,9871.973,0,4005.785,0,281.970,3283,4887,1.270,1.230,1.210,1,0,2.007,0,0,18,314,0,50,0
01-05 13:40:13,23.418,4.484,63.777,5.232,0,5688896,192480,183448,1964660,6168.443,484.307,0,2395.628,0,265.074,8169,12551,1.270,1.230,1.210,2,0,0.997,0,0,18,313,0,52,0
01-05 13:40:14,12.999,3.250,73.992,8.249,0,5688656,192480,183448,1964900,13728.516,3207.653,0,2699.708,0,260.972,4689,7233,1.270,1.230,1.210,1,0,0,0,0,18,313,0,54,0
01-05 13:40:15,14.295,2.508,79.753,2.006,0,5689080,191976,183448,1964980,12888.923,2759.762,0,3270.384,0,183.583,4458,6090,1.270,1.230,1.210,1,0,0,0,0,18,313,0,57,0
01-05 13:40:16,9.764,1.502,84.375,2.754,0,5689284,191724,183448,1965024,28135.739,9546.162,0,1570.330,0,143.212,3055,4212,1.270,1.230,1.210,1,0,1.001,0,0,18,314,0,53,0
01-05 13:40:17,23.428,4.237,61.811,7.976,0,5689060,191472,183448,1965500,6214.019,484.520,15.951,3477.378,0.997,305.068,6811,10317,1.170,1.210,1.200,1,1,0,0,0,18,314,0,55,0
01-05 13:40:18,21.494,4.499,66.231,7.498,0,5689712,190716,183448,1965604,4207.820,485.864,0,6478.183,0,431.879,6971,10885,1.170,1.210,1.200,1,0,1.000,0,0,18,314,0,60,0
01-05 13:40:19,12.979,3.494,76.129,5.741,0,5689440,190716,183448,1965876,11945.982,3258.812,0,2032.764,0,232.630,4615,7328,1.170,1.210,1.200,0,0,0,0,0,18,313,0,61,0
01-05 13:40:20,9.002,2.251,82.773,4.751,0,5689332,190716,183448,1965984,6612.824,486.134,16.004,2000.552,1.000,206.057,3483,5534,1.170,1.210,1.200,0,0,0,0,0,18,314,0,54,0
01-05 13:40:21,12.497,2.000,79.730,3.499,0,5689496,190464,183448,1966072,19511.218,7336.202,0,1951.522,0,205.950,4014,5851,1.170,1.210,1.200,1,0,0,0,0,18,314,0,54,0
01-05 13:40:22,10.746,2.999,78.972,6.498,0,5689268,190464,183448,1966300,16580.136,4931.256,0,1551.451,0,130.954,3588,5009,1.080,1.190,1.200,0,1,0,0,0,18,313,0,55,0
01-05 13:40:23,11.048,1.507,83.617,1.758,0,5689244,190464,183448,1966324,33282.949,12562.086,0,1241.444,0,121.533,3171,4183,1.080,1.190,1.200,1,0,0,0,0,18,314,0,55,0
01-05 13:40:24,12.451,1.743,73.957,9.213,0,5689392,190212,183448,1966428,32240.207,11828.116,0,5852.801,0,443.243,4071,5459,1.080,1.190,1.200,1,0,0,0,0,18,313,0,55,0
01-05 13:40:25,15.483,3.746,70.920,8.740,0,5689176,190212,183448,1966644,6696.438,485.452,0,1474.335,0,174.803,5306,8312,1.080,1.190,1.200,1,2,0,0,0,18,314,0,49,0
01-05 13:40:26,16.805,4.515,55.935,20.819,0,5689288,189960,183448,1966784,3090.204,541.789,0,9069.949,0,642.120,6779,10935,1.080,1.190,1.200,2,0,0,0,0,18,314,0,49,0
01-05 13:40:27,22.445,4.738,59.105,10.973,0,5689788,189204,183448,1967040,7734.986,484.808,0,2924.810,0,319.215,8012,12636,1.070,1.180,1.190,1,0,0,0,0,18,314,0,49,0
01-05 13:40:28,19.768,4.254,64.810,9.509,0,5690488,188196,183448,1967348,7799.270,486.453,0,1921.791,0,192.179,6777,9822,1.070,1.180,1.190,1,1,1.001,0,0,18,314,0,51,0
01-05 13:40:29,13.009,3.252,69.298,12.258,0,5690896,187692,183448,1967444,7097.887,3216.214,0,2373.634,0,256.176,4945,7410,1.070,1.180,1.190,0,1,0,0,0,18,313,0,50,0
01-05 13:40:30,13.492,2.249,72.957,9.494,0,5691016,187468,183448,1967548,28645.053,10171.982,0,4853.129,0,529.687,4196,5387,1.070,1.180,1.190,0,0,0,0,0,18,314,0,50,0
01-05 13:40:31,9.744,1.749,77.956,8.495,0,5690840,187468,183448,1967724,8747.035,2521.569,0,2450.609,0,213.879,3473,5225,1.070,1.180,1.190,3,0,0,0,0,18,314,0,51,0
01-05 13:40:32,11.301,2.511,74.839,11.301,0,5690788,187468,183448,1967776,29982.889,9750.190,0,4817.836,0,309.402,3554,5093,0.980,1.160,1.190,2,0,0,0,0,18,314,0,51,0
01-05 13:40:33,7.216,1.742,84.853,3.981,0,5690696,187468,183448,1967868,11646.496,3198.034,0,1489.032,0,160.250,3102,4665,0.980,1.160,1.190,0,0,0,0,0,18,313,0,50,0
01-05 13:40:34,14.253,1.750,76.764,5.001,0,5690736,187216,183448,1968080,26649.962,11757.189,0,1584.295,0,163.030,3907,5357,0.980,1.160,1.190,0,0,0,0,0,18,314,0,50,0
01-05 13:40:35,13.261,3.253,76.315,7.006,0,5690656,187216,183448,1968160,9145.836,792.679,0,1925.650,0,177.152,5106,7567,0.980,1.160,1.190,3,0,0,0,0,18,315,0,50,0
01-05 13:40:36,19.495,4.749,59.984,12.497,0,5690500,187216,183448,1968316,7964.918,485.873,0,3938.970,0,408.893,7507,11807,0.980,1.160,1.190,2,2,0,0,0,18,314,0,51,0
01-05 13:40:37,22.030,4.005,64.087,8.011,0,5691072,186368,183448,1968576,108783658.856,486.660,0,3068.159,0,334.453,23476,12398,1.070,1.180,1.190,1,2,0,0,0,18,314,0,47,0
01-05 13:40:38,22.280,4.756,63.337,8.512,0,5685652,191432,183448,1968932,111138711.487,540.739,72.099,6064.285,6.008,407.557,24175,12888,1.070,1.180,1.190,1,0,7.010,0,0,18,314,0,47,0
01-05 13:40:39,7.756,1.501,82.064,6.505,0,5685536,191464,183448,1969016,110885746.820,3348.591,0,2065.598,0,209.162,19666,5322,1.070,1.180,1.190,0,2,0,0,0,18,313,0,48,0
01-05 13:40:40,9.000,1.500,68.251,20.250,0,5685576,191240,183448,1969200,110967490.411,580.005,0,6392.056,0,541.005,20169,5675,1.070,1.180,1.190,0,0,0,0,0,18,314,0,49,0
01-05 13:40:41,10.500,1.250,80.500,4.750,0,5685504,191240,183448,1969272,110870950.402,6697.967,0,1747.991,0,196.999,20029,5818,1.070,1.180,1.190,1,0,0,0,0,18,314,0,48,0
01-05 13:40:42,7.965,1.494,83.638,5.227,0,5685436,191240,183448,1969340,58493922.222,6152.342,0,465.981,0,35.845,11204,3323,0.980,1.160,1.180,0,2,0,0,0,18,314,0,48,0
01-05 13:40:43,7.999,2.000,81.985,6.999,0,5685248,191240,183448,1969528,11981.877,3212.431,0,1651.707,0,165.971,3013,4511,0.980,1.160,1.180,0,0,0,0,0,18,313,0,49,0
01-05 13:40:44,14.256,2.501,74.530,7.003,0,5685136,191240,183448,1969640,30061.271,11573.725,16.007,2100.858,1.000,182.074,4063,5561,0.980,1.160,1.180,1,1,0,0,0,18,314,0,50,0
01-05 13:40:45,13.758,3.252,72.793,8.755,0,5685064,191240,183448,1969712,7815.645,726.432,0,5455.242,0,387.230,5510,8532,0.980,1.160,1.180,4,0,0,0,0,18,314,0,47,0
01-05 13:40:46,19.570,4.516,60.716,12.796,0,5685016,190988,183448,1970012,8421.985,487.736,0,4748.907,0,382.361,7275,11499,0.980,1.160,1.180,4,0,0,0,0,18,314,0,47,0
01-05 13:40:47,22.012,4.753,63.784,7.504,0,5686160,189728,183448,1970128,5216.792,486.260,0,2669.429,0,285.153,7835,12222,1.140,1.190,1.190,1,0,0,0,0,18,314,0,47,0
01-05 13:40:48,9.455,2.239,80.118,6.967,0,5685836,189728,183448,1970452,6858.283,3322.152,15.924,2050.220,0.995,194.074,3445,5422,1.140,1.190,1.190,0,2,1.991,0,0,18,313,0,48,0
01-05 13:40:49,13.005,2.251,75.277,7.253,0,5685852,189476,183448,1970688,19197.994,7898.878,0,2432.886,0,202.074,3814,5442,1.140,1.190,1.190,0,0,0,0,0,18,314,0,48,0
01-05 13:40:50,8.754,2.251,80.787,7.003,0,5685788,189476,183448,1970752,11801.383,3136.431,0,3145.435,0,237.108,3276,4866,1.140,1.190,1.190,3,0,0,0,0,18,313,0,48,0
01-05 13:40:51,11.750,1.750,77.502,7.750,0.250,5685740,189476,183448,1970800,28538.623,12337.269,0,4692.102,0,306.007,3413,4955,1.140,1.190,1.190,1,0,0,0,0,18,313,0,48,0
01-05 13:40:52,9.743,1.499,81.439,5.746,0,5686036,188972,183448,1971008,24289.750,9986.497,0,971.270,0,80.939,2726,3665,1.050,1.170,1.190,1,0,0,0,0,18,314,0,48,0
01-05 13:40:53,26.852,6.525,59.226,5.521,0,5701440,173240,183448,1971320,3570.602,487.858,8.031,3276.481,1.004,357.361,8801,22544,1.050,1.170,1.190,1,0,36.138,0,0,18,315,0,45,0
01-05 13:40:54,11.207,2.490,73.717,10.460,0,5701280,173240,183448,1971480,9151.894,3332.218,0,2354.967,0,232.110,4026,6440,1.050,1.170,1.190,0,1,0,0,0,18,313,0,46,0
01-05 13:40:55,10.542,1.506,80.824,5.522,0,5701540,172748,183448,1971712,16439.925,5349.452,48.193,2116.487,3.012,164.660,3200,4508,1.050,1.170,1.190,2,0,1.004,0,0,18,314,0,46,0
01-05 13:40:56,12.959,2.990,70.026,12.211,0,5693992,180108,183448,1971900,23553.654,7471.101,0,5801.442,0,429.626,4469,6099,1.050,1.170,1.190,2,1,1.994,0,0,18,314,0,47,0
01-05 13:40:57,26.568,5.264,60.155,7.770,0,5694928,178848,183448,1972224,5470.093,541.395,0,3865.960,0,360.930,8415,13462,1.050,1.170,1.190,0,1,2.005,0,0,18,314,0,45,0
01-05 13:40:58,9.971,2.742,66.804,18.197,0,5694860,178848,183448,1972292,8036.372,3194.608,0,7549.803,0,487.567,4262,6662,1.050,1.170,1.190,0,0,1.994,0,0,18,313,0,46,0
01-05 13:40:59,13.246,1.750,77.729,5.498,0,5694628,178848,183448,1972524,12735.500,3335.083,0,1687.536,0,185.949,4118,5958,1.050,1.170,1.190,0,1,0,0,0,18,313,0,48,0
01-05 13:41:00,7.285,1.507,88.671,1.758,0,5694872,178596,183448,1972532,9663.891,2709.868,0,980.657,0,92.439,2475,3600,1.050,1.170,1.190,1,0,0,0,0,18,313,0,49,0
01-05 13:41:01,8.718,1.245,81.203,6.725,0,5694788,178596,183448,1972616,27186.699,9760.350,0,2016.634,0,255.068,2687,3492,1.050,1.170,1.190,0,3,0,0,0,18,314,0,48,0
01-05 13:41:02,9.731,1.497,72.111,15.221,0,5694632,178596,183448,1972772,34734.204,11852.208,0,3114.012,0,322.380,2964,3818,1.040,1.160,1.180,2,0,0,0,0,18,313,0,48,0
01-05 13:41:03,16.526,3.506,68.859,9.014,0,5694736,178344,183448,1972920,8750.822,486.769,0,2680.233,0,285.451,6189,9541,1.040,1.160,1.180,1,2,0,0,0,18,314,0,48,0
01-05 13:41:04,22.808,4.512,60.905,10.276,0,5695568,177364,183448,1973068,4511.505,541.381,0,3063.813,0,311.795,7897,12558,1.040,1.160,1.180,2,1,0,0,0,18,314,0,49,0
01-05 13:41:05,19.522,4.505,60.317,14.016,0,5695408,177364,183448,1973228,3782.219,486.543,0,7300.142,0,497.555,7418,12049,1.040,1.160,1.180,7,0,0,0,0,18,314,0,48,0
01-05 13:41:06,7.466,1.742,80.386,8.213,0,5695276,177364,183448,1973360,7877.367,3325.955,0,3050.203,0,186.158,3113,4820,1.040,1.160,1.180,0,1,0,0,0,18,313,0,49,0
01-05 13:41:07,10.754,2.501,77.780,7.253,0,5695192,177112,183448,1973696,10769.175,3342.296,0,2032.788,0,194.075,3844,5524,1.280,1.210,1.200,1,0,0,0,0,18,313,0,52,0
01-05 13:41:08,12.023,2.254,78.402,6.763,0,5695144,177112,183448,1973744,9591.650,3095.018,0,1611.133,0,170.331,3732,5380,1.280,1.210,1.200,1,1,1.002,0,0,18,314,0,53,0
01-05 13:41:09,6.503,1.501,86.534,3.751,0,5695048,177112,183448,1973840,8920.460,792.307,0,1080.419,0,93.036,2342,3188,1.280,1.210,1.200,1,0,0,0,0,18,314,0,54,0
01-05 13:41:10,25.533,3.004,68.087,2.754,0,5704764,167032,183448,1974204,5687.294,486.624,0,877.125,0,65.083,4778,5603,1.280,1.210,1.200,2,0,0,0,0,18,313,0,54,0
01-05 13:41:11,8.249,1.000,86.739,2.500,0,5704720,167032,183448,1974248,28757.352,12203.452,0,1151.854,0,113.986,2564,3511,1.280,1.210,1.200,1,0,0,0,0,18,314,0,54,0
01-05 13:41:12,11.447,2.240,68.933,15.678,0,5702452,169116,183448,1974432,29543.162,12334.288,0,5717.710,0,533.547,3731,4875,1.340,1.220,1.200,0,0,1.991,0,0,18,313,0,54,0
01-05 13:41:13,12.510,1.501,82.817,2.002,0,5701548,169972,183448,1974480,26592.545,12347.004,0,1321.070,0,124.101,2979,4070,1.340,1.220,1.200,1,0,0,0,0,18,313,0,54,0
01-05 13:41:14,16.255,3.251,70.272,8.753,0,5701588,169824,183448,1974588,3344.027,486.149,0,2788.856,0,294.090,6139,9831,1.340,1.220,1.200,2,1,1.000,0,0,18,314,0,51,0
01-05 13:41:15,18.242,3.748,60.224,15.243,0,5701852,169320,183448,1974828,5930.427,485.789,0,7576.712,0,493.786,6317,10008,1.340,1.220,1.200,1,0,0,0,0,18,314,0,52,0
01-05 13:41:16,7.250,2.000,83.503,6.000,0,5701784,169320,183448,1974896,14165.502,3261.116,0,1628.058,0,160.006,2805,4691,1.340,1.220,1.200,0,0,0,0,0,18,313,0,54,0
01-05 13:41:17,20.510,2.501,72.285,2.501,0,5702052,168656,183448,1975292,6436.136,486.237,192.094,1568.764,12.006,92.045,5828,8280,1.390,1.240,1.210,2,0,0,0,0,18,317,0,57,0
01-05 13:41:18,23.227,3.496,64.685,7.243,0,5703380,166896,183448,1975724,9274.711,485.514,179.820,1622.375,10.989,156.843,7339,10453,1.390,1.240,1.210,2,0,2.997,0,0,18,319,0,74,0
01-05 13:41:19,24.633,3.519,65.353,5.530,0,5703768,166140,183448,1976092,10339.914,488.642,0,1833.917,0,172.935,7206,9964,1.390,1.240,1.210,1,0,1.005,0,0,18,317,0,89,0
01-05 13:41:20,11.939,1.244,80.088,4.974,0,5703684,166140,183448,1976176,31666.031,11682.874,3.980,1416.709,0.995,132.319,3152,4465,1.390,1.240,1.210,0,0,0,0,0,18,316,0,91,0
01-05 13:41:21,15.529,3.256,70.882,8.265,0,5704464,165144,183448,1976392,3915.294,486.907,0,2456.576,0,222.414,5178,8005,1.390,1.240,1.210,0,1,0,0,0,18,317,0,91,0
01-05 13:41:22,19.044,4.761,63.646,11.025,0,5705596,163912,183448,1976492,8358.132,529.211,0,6915.831,0,466.067,7110,10963,1.360,1.230,1.210,3,2,0,0,0,18,315,0,87,0
01-05 13:41:23,10.207,1.245,80.409,6.224,0,5704748,164544,183448,1976708,30781.432,12802.694,0,2158.843,0,168.286,3354,4664,1.360,1.230,1.210,0,0,0,0,0,18,316,0,88,0
01-05 13:41:24,8.249,1.750,80.490,7.749,0,5704900,164320,183448,1976780,10503.651,3221.586,0,1583.797,0,175.977,3169,4730,1.360,1.230,1.210,0,0,0,0,0,18,316,0,89,0
01-05 13:41:25,6.253,1.751,84.535,6.002,0,5705060,164068,183448,1976872,13961.752,3158.301,0,1484.612,0,155.064,2840,4220,1.360,1.230,1.210,1,0,0,0,0,18,316,0,89,0
01-05 13:41:26,6.997,0.750,87.211,3.249,0,5705008,164068,183448,1976924,11760.787,3206.579,0,1227.456,0,121.946,2654,3888,1.360,1.230,1.210,0,0,0,0,0,18,316,0,88,0
01-05 13:41:27,11.287,2.007,85.530,0.752,0,5706340,162556,183448,1977104,9720.841,487.597,0,766.511,0,50.164,3031,3930,1.250,1.210,1.200,1,0,0,0,0,18,317,0,90,0
01-05 13:41:28,5.483,1.246,87.480,4.237,0,5707448,161324,183448,1977228,13425.508,2688.690,0,5112.201,0,394.780,2526,3394,1.250,1.210,1.200,0,0,0.997,0,0,18,316,0,90,0
01-05 13:41:29,6.502,1.250,81.524,9.503,0,5707664,161072,183448,1977264,7985.320,2697.784,0,2724.792,0,208.060,2758,3947,1.250,1.210,1.200,0,1,0,0,0,18,316,0,91,0
01-05 13:41:30,10.005,1.751,72.787,13.757,0,5707468,161096,183448,1977436,32940.647,11748.938,0,4746.399,0,313.158,3241,4468,1.250,1.210,1.200,1,0,0,0,0,18,316,0,89,0
01-05 13:41:31,12.489,1.499,79.179,4.746,0,5707672,160856,183448,1977472,15808.735,4679.777,0,1154.958,0,113.897,3275,4583,1.250,1.210,1.200,0,0,0,0,0,18,317,0,89,0
01-05 13:41:32,11.759,2.502,79.808,4.503,0,5707596,160856,183448,1977548,25174.305,7550.490,0,1413.027,0,107.078,3866,5438,1.150,1.190,1.190,2,0,0,0,0,18,317,0,89,0
01-05 13:41:33,21.973,5.244,64.172,7.241,0,5708368,159876,183448,1977756,7006.491,485.410,15.981,2425.055,0.999,278.662,7563,11674,1.150,1.190,1.190,2,0,0,0,0,18,317,0,89,0
01-05 13:41:34,11.759,2.002,70.304,14.011,0.250,5708456,159372,183448,1978172,12329.438,3223.468,0,4999.827,0,499.382,4242,6097,1.150,1.190,1.190,0,1,0,0,0,18,316,0,87,0
01-05 13:41:35,6.997,1.499,85.211,4.748,0,5708380,159372,183448,1978248,14757.175,3159.539,0,2103.027,0,182.915,2882,4466,1.150,1.190,1.190,1,0,0,0,0,18,316,0,88,0
01-05 13:41:36,5.988,1.247,89.067,1.746,0,5708584,159120,183448,1978296,8104.379,2691.480,0,966.019,0,75.844,2157,3038,1.150,1.190,1.190,0,2,0,0,0,18,316,0,89,0
01-05 13:41:37,4.782,1.258,88.341,5.285,0,5708572,159120,183448,1978308,3475.263,489.275,0,1288.626,0,98.660,2099,3204,1.060,1.170,1.190,2,0,0,0,0,18,317,0,89,0
01-05 13:41:38,10.458,2.490,80.426,4.233,0,5709644,157864,183448,1978492,34897.462,11946.888,0,1593.582,0,160.354,3532,4664,1.060,1.170,1.190,0,0,6.972,0,0,18,316,0,86,0
01-05 13:41:39,20.325,3.764,64.989,10.288,0,5709560,157864,183448,1978576,5473.125,487.794,0,2878.585,0,302.111,6604,10013,1.060,1.170,1.190,2,1,0,0,0,18,316,0,87,0
01-05 13:41:40,14.693,3.238,65.498,14.444,0,5541044,326316,183448,1978696,17567.298,264594.293,31.877,5980.950,4.981,359.614,3232,3964,1.060,1.170,1.190,0,0,13.946,0,0,18,316,0,87,0
01-05 13:41:41,0.999,0.750,95.199,1.999,0,5541776,325584,183448,1978696,8853.277,0,0,547.708,0,29.984,1038,1506,1.060,1.170,1.190,0,0,0,0,0,18,316,0,87,0
01-05 13:41:42,7.538,2.010,85.180,4.523,0,5563412,303916,183448,1978728,287455.735,6104.788,32.162,808.075,5.025,38.193,1943,1972,1.130,1.180,1.190,1,1,7.035,0,0,18,316,0,85,0
01-05 13:41:43,8.456,3.482,83.069,3.233,0,5555340,311860,183468,1978836,147814.644,9078.930,222.845,871.482,13.928,51.732,2593,2500,1.130,1.180,1.190,0,0,22.881,0,0,18,316,0,85,0
01-05 13:41:44,7.005,2.752,86.063,3.252,0,5558884,308188,183468,1978964,265631.659,8314.093,8.006,1240.909,1.001,158.116,2409,2614,1.130,1.180,1.190,0,2,17.012,0,0,18,316,0,85,0
01-05 13:41:45,20.843,5.525,71.317,1.758,0,5548956,306796,183472,1990264,34104.408,1042.629,104.464,1490.618,5.022,239.061,2761,1944,1.130,1.180,1.190,2,0,20.089,0,0,18,316,0,85,0
