"pcp-dstat 6.2.0 CSV Output"
"Author:","PCP team <pcp@groups.io> and Dag Wieers <dag@wieers.com>",,,,"URL:","https://pcp.io/ and http://dag.wieers.com/home-made/dstat/"
"Host:","ubuntu",,,,"User:","ubuntu"
"Cmdline:","dstat -tcmndrylpg --tcp --output /tmp/devstack_logs/dstat-csv.log",,,,"Date:","05 May 2026 21:42:07 UTC"
"system","total usage",,,,,"memory usage",,,,"net/total",,"dsk/total",,"io/total",,"system",,"load avg",,,"procs",,,"paging",,"tcp sockets",,,,
"time","total usage:usr","total usage:sys","total usage:idl","total usage:wai","total usage:stl","used","free","buf","cach","net/total:recv","net/total:send","dsk/total:read","dsk/total:writ","read","writ","int","csw","1m","5m","15m","run","blk","new","in","out","lis","act","syn","tim","clo"
05-05 21:42:07,,1039292,1612860,160564,5010860,,,,,,,1.920,1.330,0.730,2,1,,,,10,7,0,17,0
05-05 21:42:08,38.510,19.755,34.009,7.252,0,1059512,1591240,160664,5011984,419190.970,11659.059,0,3196.839,0,50.013,6663,5633,2.010,1.360,0.750,3,0,571.150,0,0,10,6,0,17,0
05-05 21:42:09,33.256,16.753,40.257,8.501,0,1015612,1634776,160804,5012112,35440.141,13662.368,0,1708.296,0,56.010,5984,5749,2.010,1.360,0.750,2,0,384.067,0,0,10,6,0,17,0
05-05 21:42:10,30.004,11.751,53.507,4.000,0,1116584,1532896,160940,5137504,22247.754,10691.324,0,1236.153,0,37.005,6630,8830,2.010,1.360,0.750,1,0,177.022,0,0,11,8,0,17,0
05-05 21:42:11,27.673,7.479,56.343,7.230,0,1144716,1504176,161104,5137824,39946.491,10700.131,0,4830.516,0,229.360,3618,2341,2.010,1.360,0.750,1,2,81.772,0,0,11,7,0,17,1
05-05 21:42:12,18.045,9.524,52.631,19.047,0,1179628,1468628,161236,5138348,15283.930,9248.953,192.478,11175.735,8.020,427.060,4044,3911,2.010,1.360,0.750,1,0,171.425,0,0,11,6,0,19,2
05-05 21:42:13,33.433,4.241,51.147,10.479,0,1229564,1394160,161696,5160660,166942.579,4416.101,1672.629,3540.864,112.773,59.879,2810,1976,2.090,1.380,0.760,1,1,0.998,0,0,11,6,0,19,2
05-05 21:42:14,34.826,4.259,45.600,15.283,0,1268888,1341168,162472,5171340,8345.233,541.182,128.280,3611.892,6.013,135.296,3187,2847,2.090,1.380,0.760,0,2,1.002,0,0,11,8,0,19,2
05-05 21:42:15,20.992,3.499,47.731,25.740,0,1270836,1320616,163092,5187592,4780.120,539.788,0,10112.023,0,560.779,5329,8447,2.090,1.380,0.760,3,1,8.996,0,0,11,8,0,19,2
05-05 21:42:16,16.749,3.000,47.998,30.998,0,1278924,1294980,163504,5203572,7181.636,539.973,0,9527.516,0,543.972,4704,7579,2.090,1.380,0.760,1,2,0,0,0,11,8,0,19,2
05-05 21:42:17,12.491,3.248,42.221,39.972,0,1288708,1277928,164060,5209392,6476.523,539.627,0,8514.115,0,466.677,4097,6483,2.090,1.380,0.760,1,2,0,0,0,11,8,0,19,2
05-05 21:42:18,14.479,3.745,42.438,36.447,0,1281896,1276500,164768,5215568,8368.864,539.218,0,10173.248,0,583.154,5483,8842,2.160,1.410,0.770,2,2,17.974,0,0,11,8,0,19,2
05-05 21:42:19,18.781,3.506,39.816,35.810,0,1287360,1246888,165500,5237172,8644.371,486.809,0,12829.328,0,681.132,4982,7867,2.160,1.410,0.770,0,2,0,0,0,11,8,0,19,2
05-05 21:42:20,18.731,3.996,40.710,35.465,0,1287048,1238164,166068,5244444,4379.648,539.464,0,12535.543,0,702.302,5924,9930,2.160,1.410,0.770,0,2,11.988,0,0,11,8,0,19,2
05-05 21:42:21,14.483,2.997,44.199,36.458,0,1285252,1233712,166524,5249336,12128.021,1809.914,0,7475.384,0,500.423,4419,6762,2.160,1.410,0.770,2,2,5.993,0,0,11,9,0,19,2
05-05 21:42:22,20.565,3.010,48.153,27.337,0,1258928,1276696,166612,5232984,7895.020,2001.342,0,7226.902,0,522.656,4506,7218,2.160,1.410,0.770,1,2,25.079,0,0,11,6,0,19,0
05-05 21:42:23,16.965,4.241,38.921,37.174,0,1299264,1229344,166876,5239124,8761.183,2644.622,0,8965.767,0,540.900,4517,7216,2.470,1.490,0.800,0,3,19.959,0,0,11,7,0,19,0
05-05 21:42:24,22.024,4.505,39.543,32.035,0,1309844,1217004,167084,5240420,10907.896,957.044,0,10103.019,0,841.918,5245,8006,2.470,1.490,0.800,0,1,19.021,0,0,11,6,1,19,0
05-05 21:42:25,12.744,2.999,46.728,35.733,0,1314188,1207560,167592,5244380,13092.721,3183.473,0,11434.516,0,941.548,4002,6561,2.470,1.490,0.800,0,4,12.994,0,0,11,7,0,19,0
05-05 21:42:26,21.248,6.499,38.496,30.997,0,1307336,1211456,167948,5246296,8473.206,713.933,0,11146.956,0,829.922,13238,24823,2.470,1.490,0.800,0,2,27.997,0,0,11,6,0,19,0
05-05 21:42:27,35.214,9.240,41.957,10.989,0,1205692,1312624,168020,5246644,7194.600,581.402,0,9757.963,0,344.646,12603,21262,2.470,1.490,0.800,2,0,87.910,0,0,11,4,0,19,0
05-05 21:42:28,36.085,7.768,43.602,13.031,0,1250876,1280092,168072,5235368,3855.059,541.272,0,17938.154,0,207.488,3239,2352,2.670,1.540,0.820,4,0,8.019,0,0,11,4,0,19,0
05-05 21:42:29,43.448,5.743,45.695,4.744,0,1225424,1305516,168072,5235412,8366.894,539.349,0,5397.480,0,120.854,3331,2005,2.670,1.540,0.820,2,0,42.948,0,0,11,4,0,19,0
05-05 21:42:30,23.481,5.745,56.454,13.739,0,1229388,1301516,168144,5235440,10013.837,539.560,0,6742.504,0,403.671,2954,3282,2.670,1.540,0.820,1,0,41.966,0,0,11,4,0,13,0
05-05 21:42:31,16.761,9.506,72.047,0.250,0,1185420,1345460,168144,5235468,6239.078,486.318,0,188.123,0,16.010,3651,2799,2.670,1.540,0.820,1,0,187.122,0,0,11,4,0,13,0
05-05 21:42:32,10.001,20.753,68.759,0,0,1132484,1398232,168144,5235632,9616.290,540.072,0,40.005,0,10.001,6169,4997,2.670,1.540,0.820,1,0,444.060,0,0,11,4,0,13,0
05-05 21:42:33,19.516,14.262,64.802,0.500,0,1116864,1406416,168144,5243468,6910.582,540.437,7454.021,12.010,75.061,3.002,6703,8094,2.540,1.540,0.820,4,0,232.188,0,0,11,4,0,13,0
05-05 21:42:34,45.663,9.232,44.415,0,0,1196108,1327156,168152,5243476,24047.209,538.974,19.962,12979.284,3.992,169.677,3716,2764,2.540,1.540,0.820,2,0,109.791,0,0,11,5,0,13,0
05-05 21:42:35,39.279,5.504,53.039,1.251,0,1223968,1298176,168152,5244620,8066.870,486.354,492.358,16928.319,4.003,278.202,3164,2319,2.540,1.540,0.820,2,0,0,0,0,11,5,0,13,0
05-05 21:42:36,38.315,6.010,45.076,9.766,0,1252640,1267020,168156,5247056,4808.099,540.911,0,7192.114,0,190.321,4049,5542,2.540,1.540,0.820,1,0,15.025,0,0,11,4,0,13,0
05-05 21:42:37,3.748,5.997,86.204,2.749,0,1260920,1258724,168164,5247060,9742.746,485.738,0,1503.189,0,41.977,2284,2176,2.540,1.540,0.820,2,0,111.940,0,0,10,4,0,13,0
05-05 21:42:38,21.757,4.001,73.774,0,0,1342072,1177580,168164,5247072,6615.157,540.176,0,0,0,0,1911,1505,2.410,1.530,0.820,1,0,13.004,0,0,11,4,0,12,0
05-05 21:42:39,23.952,1.747,73.603,0,0,1372872,1146584,168164,5247268,9394.294,578.847,0,0,0,0,1728,1107,2.410,1.530,0.820,1,0,0,0,0,11,4,0,12,0
05-05 21:42:40,17.269,5.006,69.077,7.759,0,1307076,1212276,168224,5247312,9858.951,540.600,0,1513.681,0,208.231,4169,5518,2.410,1.530,0.820,1,0,43.048,0,0,11,4,0,14,0
05-05 21:42:41,22.237,2.998,64.963,8.995,0,1331492,1186980,168532,5247844,9213.792,485.725,611.654,4985.182,17.990,177.899,2120,1910,2.410,1.530,0.820,2,2,0,0,0,11,4,0,14,0
05-05 21:42:42,14.993,2.499,73.217,9.496,0,1352564,1165868,168540,5247852,13408.037,4617.946,0,1143.491,0,59.973,2390,2687,2.410,1.530,0.820,1,2,1.999,0,0,11,17,0,14,0
05-05 21:42:43,20.796,6.264,61.886,10.022,0,1371908,1146140,168584,5248100,9215.235,4843.636,268.590,3956.688,66.145,148.326,3775,14023,2.460,1.550,0.830,2,0,81.178,0,0,11,28,0,15,0
05-05 21:42:44,21.193,3.740,73.803,0,0,1395516,1122512,168584,5248108,6283.196,2499.316,0,0,0,0,1962,1387,2.460,1.550,0.830,0,0,5.984,0,0,11,29,0,15,0
05-05 21:42:45,18.031,7.513,73.126,1.002,0,1395620,1122348,168584,5248136,17273.814,5382.290,0,204.353,0,10.017,3311,2822,2.460,1.550,0.830,2,0,156.270,0,0,11,28,0,16,0
05-05 21:42:46,39.660,6.485,51.384,1.497,0,1460056,1057904,168584,5248140,9419.668,4449.923,0,11601.726,0,288.347,2998,1870,2.460,1.550,0.830,1,0,0,0,0,11,30,0,16,0
05-05 21:42:47,30.024,4.504,52.792,12.010,0,1465880,1051868,168592,5248340,23860.018,14331.423,0,20248.139,0,226.180,6370,8917,2.460,1.550,0.830,1,6,0,0,0,11,29,0,15,1
05-05 21:42:48,47.376,21.056,15.040,16.043,0,1461000,1056704,168596,5248380,8314.153,1085.893,0,24609.572,0,454.210,5784,4751,2.900,1.660,0.870,5,0,434.157,0,0,11,28,0,16,0
05-05 21:42:49,82.744,15.249,0.250,1.500,0,1694236,823468,168596,5248408,22221.381,12676.076,0,15718.855,0,109.992,6158,4586,2.900,1.660,0.870,5,0,144.989,0,0,11,32,0,16,0
05-05 21:42:50,82.498,10.000,7.000,0.250,0,1796888,720604,168612,5248636,40926.105,27362.401,0,923.980,0,51.999,9442,13028,2.900,1.660,0.870,4,0,49.999,0,0,11,30,0,20,0
05-05 21:42:51,33.494,11.748,48.741,4.749,0,1562884,954520,168656,5248680,16844.057,6883.797,0,4019.298,0,228.960,5801,6807,2.900,1.660,0.870,1,0,259.955,0,0,11,28,0,22,0
05-05 21:42:52,21.171,3.238,75.221,0,0,1558600,958800,168656,5248684,7632.661,2496.730,0,322.801,0,14.945,1737,1372,2.900,1.660,0.870,1,0,0.996,0,0,11,29,0,22,0
05-05 21:42:53,15.559,3.513,79.803,0.251,0,1533524,983844,168676,5248696,14973.791,5547.038,0,702.665,0,29.110,3164,3576,2.670,1.630,0.870,1,0,25.095,0,0,11,28,0,23,0
05-05 21:42:54,20.727,5.993,67.427,5.744,0,1516492,1000844,168700,5248704,12777.096,539.413,0,6672.739,0,101.889,2324,2024,2.670,1.630,0.870,1,0,42.953,0,0,11,28,0,23,0
05-05 21:42:55,13.494,2.999,76.219,4.998,0,1502172,1015128,168712,5248728,15252.752,7447.949,0,18676.350,0,170.930,3209,3869,2.670,1.630,0.870,1,0,0,0,0,11,28,0,23,0
05-05 21:42:56,10.513,20.025,67.083,1.502,0,1461248,1056032,168716,5248744,6989.622,540.667,0,720.889,0,40.049,5915,4889,2.670,1.630,0.870,3,0,545.673,0,0,11,28,0,23,0
05-05 21:42:57,70.031,23.761,6.503,0,0,1584836,932404,168716,5248784,8090.591,486.216,0,136.060,0,17.008,5744,4409,2.670,1.630,0.870,5,0,493.219,0,0,11,28,0,23,0
05-05 21:42:58,76.159,7.990,15.232,0.250,0,1714664,802396,168724,5248956,32880.743,26831.964,0,1574.121,0,81.902,6421,6403,2.780,1.670,0.890,4,0,0,0,0,11,33,0,23,0
05-05 21:42:59,72.086,12.515,13.516,1.502,0,1586320,930556,168740,5249124,29352.849,23519.924,0,857.017,0,60.071,9901,14489,2.780,1.670,0.890,5,0,139.165,0,0,11,28,0,20,0
05-05 21:43:00,84.502,14.750,0.500,0,0,1700012,816716,168740,5249268,14206.290,6350.130,0,428.009,0,20.000,5359,3688,2.780,1.670,0.890,5,0,171.003,0,0,11,30,0,20,0
05-05 21:43:01,82.990,8.999,7.999,0,0,1798292,718232,168740,5249472,40074.943,35228.555,0,263.967,0,9.999,7352,10791,2.780,1.670,0.890,5,0,0,0,0,11,33,0,21,0
05-05 21:43:02,59.755,13.251,26.752,0.500,0,1631972,884312,168744,5249704,29643.290,22747.757,0,492.038,0,40.003,8469,12351,2.780,1.670,0.890,2,0,269.021,0,0,11,28,0,25,0
05-05 21:43:03,39.001,6.750,53.751,0,0,1582720,933556,168748,5249708,13122.355,5083.137,0,184.005,0,10.000,3077,2028,2.640,1.660,0.890,1,0,30.001,0,0,11,29,0,22,0
05-05 21:43:04,38.239,15.246,44.737,0,0,1586876,929340,168752,5249764,23388.335,13190.241,0,295.916,0,27.992,5965,7475,2.640,1.660,0.890,4,0,327.907,0,0,11,29,0,23,0
05-05 21:43:05,60.515,7.752,31.758,0,0,1584832,931352,168756,5249792,17803.379,11767.894,0,232.057,0,11.003,4247,2913,2.640,1.660,0.890,2,0,50.012,0,0,11,31,0,24,0
05-05 21:43:06,50.741,8.499,38.493,1.750,0,1480100,1035876,168780,5249976,28279.149,18695.793,0,523.910,0,44.992,7409,10140,2.640,1.660,0.890,4,0,166.971,0,0,11,28,0,25,0
05-05 21:43:07,81.612,14.226,3.993,0,0,1617336,898584,168784,5249996,5331.988,2746.358,0,219.629,0,11.980,4793,2236,2.640,1.660,0.890,3,0,90.846,0,0,11,29,1,25,0
05-05 21:43:08,57.327,6.008,36.048,0.250,0,1633740,881940,168800,5250216,44204.039,36745.076,0,264.353,0,22.029,8001,12480,2.660,1.680,0.900,4,0,0,0,0,11,30,0,27,0
05-05 21:43:09,63.024,16.506,20.008,0,0,1551020,964644,168812,5250220,10032.786,2397.905,0,476.180,0,40.015,5442,4912,2.660,1.680,0.900,3,0,324.122,0,0,11,28,0,28,0
05-05 21:43:10,46.542,5.227,46.791,0.249,0,1592216,923368,168816,5250296,23650.361,21087.807,0,175.217,0,8.960,4777,5589,2.660,1.680,0.900,3,0,0,0,0,11,31,0,28,0
05-05 21:43:11,57.933,15.298,26.333,0.502,0,1514956,1000432,168828,5250480,19271.743,8854.910,0,629.986,0,43.136,6509,7342,2.660,1.680,0.900,4,0,299.945,0,0,11,28,0,30,0
05-05 21:43:12,53.563,5.506,39.797,0,0,1604380,910984,168836,5250496,23135.273,14101.623,0,224.264,0,12.014,4440,3497,2.660,1.680,0.900,1,0,1.001,0,0,11,31,0,30,0
05-05 21:43:13,50.375,14.464,33.168,0.249,0,1544148,970856,168836,5250856,24621.808,14731.389,0,299.256,0,25.936,7170,9083,2.770,1.720,0.920,4,0,286.288,0,0,11,28,0,33,0
05-05 21:43:14,56.157,6.518,37.605,0,0,1603932,910932,168836,5250996,22062.632,12412.675,0,2735.642,0,99.277,3859,2584,2.770,1.720,0.920,4,0,0,0,0,11,31,0,33,0
05-05 21:43:15,53.001,10.500,35.501,0.250,0,1497244,1017536,168844,5251072,20322.444,14289.312,0,376.008,0,35.001,7086,8905,2.770,1.720,0.920,3,0,112.002,0,0,11,28,0,33,0
05-05 21:43:16,55.217,5.996,38.227,0.250,0,1573920,940840,168852,5251084,18214.079,10638.621,0,603.638,0,14.991,4109,2758,2.770,1.720,0.920,3,0,0,0,0,11,31,0,33,0
05-05 21:43:17,48.773,13.506,37.017,0.250,0,1512540,1002156,168856,5251144,22545.569,15915.461,0,496.233,0,47.022,8002,10083,2.770,1.720,0.920,6,0,296.139,0,0,11,28,0,35,0
05-05 21:43:18,79.503,20.001,0.250,0,0,1630444,884144,168856,5251220,7055.257,540.020,0,340.012,0,24.001,5654,4753,3.190,1.820,0.950,7,0,469.017,0,0,11,28,0,35,0
05-05 21:43:19,79.295,18.203,1.745,0,0,1780864,733524,168856,5251412,28720.603,24468.617,0,235.390,0,9.974,7249,7563,3.190,1.820,0.950,8,0,505.690,0,0,11,33,0,35,0
05-05 21:43:20,73.245,22.749,4.000,0.250,0,1624956,889180,168888,5251628,48012.893,37003.605,0,1443.907,0,94.994,9667,12464,3.190,1.820,0.950,5,0,551.964,0,0,11,29,0,36,0
05-05 21:43:21,87.739,11.782,0.251,0,0,1688364,825672,168892,5251724,12116.999,5478.921,0,1439.921,0,90.246,5302,3087,3.190,1.820,0.950,4,0,30.082,0,0,11,29,1,36,0
05-05 21:43:22,67.582,7.980,21.447,1.746,0,1733272,780604,168892,5251944,44344.041,39945.947,0,143.644,0,7.980,9004,13034,3.190,1.820,0.950,4,0,0.998,0,0,11,32,0,37,0
05-05 21:43:23,40.595,21.801,36.836,0,0,1533660,980148,168892,5252016,19589.629,15278.587,0,140.327,0,14.033,8409,10805,3.180,1.840,0.960,1,0,717.672,0,0,11,28,0,41,0
05-05 21:43:24,53.506,30.753,14.502,0,0,1552696,961060,168892,5252068,8185.906,540.060,0,1272.141,0,21.002,6360,5812,3.180,1.840,0.960,4,0,886.098,0,0,11,28,0,41,0
05-05 21:43:25,67.736,7.222,25.650,0,0,1638004,875712,168896,5252104,26536.611,21383.687,0,171.332,0,12.950,5411,5554,3.180,1.840,0.960,4,0,0,0,0,11,32,0,41,0
05-05 21:43:26,68.015,15.310,14.808,1.004,0,1557484,956020,168912,5252300,21742.654,12487.620,0,971.784,0,82.321,7356,9546,3.180,1.840,0.960,4,0,269.048,0,0,11,28,0,45,0
05-05 21:43:27,72.998,8.250,18.249,0,0,1636944,876540,168912,5252320,22442.336,16054.525,0,187.994,0,10.000,4968,4107,3.180,1.840,0.960,4,0,0,0,0,11,32,0,45,0
05-05 21:43:28,54.468,5.996,39.726,0.250,0,1641456,871752,168916,5252592,52610.780,41271.509,0,183.891,0,8.995,10702,19703,3.160,1.860,0.980,3,0,0,0,0,11,32,0,45,0
05-05 21:43:29,70.044,12.008,16.761,0.250,0,1529544,983444,168924,5252800,26924.934,17597.067,0,532.335,0,55.035,8817,12132,3.160,1.860,0.980,4,0,120.076,0,0,11,28,0,45,0
05-05 21:43:30,73.190,8.243,18.235,0,0,1649836,863052,168924,5252864,20302.481,16029.957,0,175.857,0,9.992,5165,3862,3.160,1.860,0.980,3,0,0,0,0,11,32,0,45,0
05-05 21:43:31,55.289,5.754,37.526,0,0,1653448,859020,168924,5253272,53711.748,44724.432,0,204.143,0,12.008,12497,21786,3.160,1.860,0.980,3,0,0,0,0,11,31,0,45,1
05-05 21:43:32,69.007,16.752,13.751,0,0,1518504,993880,168924,5253312,27190.622,17232.662,0,168.016,0,8.001,8118,10101,3.160,1.860,0.980,4,0,263.025,0,0,11,28,0,49,0
05-05 21:43:33,71.488,7.473,20.923,0,0,1621460,890892,168928,5253340,21749.337,18525.146,0,159.416,0,9.964,5212,4227,3.150,1.880,0.990,4,0,0,0,0,11,32,0,49,0
05-05 21:43:34,61.312,10.260,27.778,0.250,0,1592364,919600,168928,5253724,42931.613,34036.577,0,236.240,0,18.018,10938,17531,3.150,1.880,0.990,4,0,68.069,0,0,11,29,0,51,0
05-05 21:43:35,78.535,11.005,10.255,0,0,1589800,922132,168940,5253740,14271.451,7409.349,0,872.394,0,24.011,4997,3530,3.150,1.880,0.990,3,0,60.027,0,0,11,30,0,51,0
05-05 21:43:36,64.023,10.004,24.509,1.000,0,1572888,938956,168968,5253796,29338.704,19926.270,0,360.131,0,39.014,6532,8529,3.150,1.880,0.990,6,0,120.044,0,0,11,30,0,53,0
05-05 21:43:37,66.315,8.508,24.524,0,0,1618672,892932,168972,5254028,40795.105,30763.243,0,176.173,0,9.009,6342,11404,3.150,1.880,0.990,4,0,47.046,0,0,11,30,0,55,0
05-05 21:43:38,74.061,12.010,14.762,0,0,1652940,858624,168972,5254064,21406.504,15572.733,0,168.137,0,10.008,7382,8554,3.380,1.950,1.010,4,0,137.112,0,0,11,28,0,57,0
05-05 21:43:39,73.002,9.500,16.750,0,0,1665220,846176,168972,5254232,23917.616,15521.400,0,0,0,0,5780,5688,3.380,1.950,1.010,5,0,43.001,0,0,11,29,0,58,0
05-05 21:43:40,67.620,11.727,20.960,0,0,1648736,862468,168972,5254424,27314.337,21115.289,0,0,0,0,6429,7818,3.380,1.950,1.010,2,0,67.869,0,0,11,30,0,59,0
05-05 21:43:41,55.593,10.768,31.803,1.503,0,1562328,948808,168988,5254468,22601.959,15155.453,0,757.272,0,67.113,5680,6473,3.380,1.950,1.010,3,0,176.296,0,0,11,28,0,63,0
05-05 21:43:42,57.726,9.996,29.238,1.749,0,1607688,903420,168992,5254488,16473.026,6190.379,0,2582.907,0,210.911,4697,3490,3.380,1.950,1.010,4,1,83.964,0,0,11,31,1,63,0
05-05 21:43:43,48.203,10.490,36.714,3.497,0,1623572,887284,169016,5258204,28687.787,22706.669,0,3980.086,0,113.888,8121,23445,3.350,1.970,1.030,7,0,132.869,0,0,12,35,0,64,0
05-05 21:43:44,59.323,10.263,30.287,0.250,0,1575664,935168,169016,5254736,18131.204,8674.623,0,156.191,0,8.010,4529,5295,3.350,1.970,1.030,3,0,92.113,0,0,11,33,0,63,0
05-05 21:43:45,50.487,7.498,40.989,0,0,1539376,971368,169024,5254812,22411.115,15705.876,0,87.977,0,7.998,5928,6533,3.350,1.970,1.030,4,0,68.982,0,0,11,34,0,64,0
05-05 21:43:46,29.971,9.491,58.443,0.999,0,1464668,1045880,169048,5254984,16166.185,12547.725,0,375.633,0,32.968,6698,8430,3.350,1.970,1.030,2,0,151.851,0,0,11,32,0,66,0
05-05 21:43:47,40.028,4.503,53.787,2.001,0,1545300,965232,169056,5254992,15217.579,7236.030,0,184.128,0,10.007,2899,1888,3.350,1.970,1.030,1,0,0,0,0,11,34,0,66,0
05-05 21:43:48,35.434,5.739,56.146,1.248,0,1554924,955528,169060,5255064,19260.174,11173.217,0,1768.710,0,155.710,5631,6624,3.160,1.950,1.020,3,0,33.937,0,0,11,32,0,66,0
05-05 21:43:49,38.836,8.268,52.616,0,0,1526604,983832,169064,5255076,10038.110,2843.263,0,256.565,0,18.040,3494,2459,3.160,1.950,1.020,3,0,104.230,0,0,11,33,0,66,0
05-05 21:43:50,33.635,6.727,58.550,0.249,0,1457056,1053224,169064,5255228,19629.983,12561.116,0,199.320,0,18.935,3964,4591,3.160,1.950,1.020,4,0,59.796,0,0,11,33,0,67,0
05-05 21:43:51,37.282,5.254,55.797,0.751,0,1513512,996736,169072,5255252,13443.382,5311.497,0,976.827,0,35.030,3342,3048,3.160,1.950,1.020,4,0,5.004,0,0,11,33,0,68,0
05-05 21:43:52,35.603,5.014,57.666,1.003,0,1515836,994380,169072,5255280,21998.334,15026.261,0,589.698,0,56.162,4559,5249,3.160,1.950,1.020,2,0,5.014,0,0,11,33,0,63,0
05-05 21:43:53,37.388,7.478,53.340,0.748,0,1501592,1008592,169080,5255312,12464.696,5704.926,0,1647.071,0,185.445,4250,4457,3.150,1.970,1.040,4,0,43.869,0,0,11,32,0,64,0
05-05 21:43:54,35.087,3.759,60.399,0.251,0,1529336,980692,169084,5255464,21619.494,14800.622,0,168.417,0,11.027,4134,4539,3.150,1.970,1.040,3,0,0,0,0,11,34,0,64,0
05-05 21:43:55,25.715,12.233,60.167,1.248,0,1472200,1037712,169088,5255564,17309.131,8623.109,0,435.400,0,34.952,5909,6996,3.150,1.970,1.040,2,0,281.612,0,0,11,32,0,66,0
05-05 21:43:56,21.459,3.743,74.357,0,0,1519240,990672,169088,5255564,9206.273,1236.619,0,211.593,0,7.985,1869,1399,3.150,1.970,1.040,3,0,0,0,0,11,33,0,64,0
05-05 21:43:57,14.778,2.004,81.907,0.250,0,1516740,993148,169092,5255584,16703.106,9533.325,0,256.493,0,9.017,3059,3857,3.150,1.970,1.040,1,0,0,0,0,11,33,0,64,0
05-05 21:43:58,13.985,12.236,66.177,6.992,0,1462120,1047752,169092,5255600,7477.744,1465.382,0,1658.169,0,178.803,4324,3869,2.970,1.950,1.040,2,0,285.685,0,0,11,32,0,65,0
05-05 21:43:59,18.250,2.500,77.752,0,0,1467164,1042700,169092,5255608,14668.291,5518.109,0,156.003,0,14.000,1966,1669,2.970,1.950,1.040,2,0,0,0,0,11,33,0,65,0
05-05 21:44:00,19.759,3.752,76.034,0,0,1435604,1074236,169092,5255632,14823.607,6234.779,0,4.002,0,1.000,3548,3888,2.970,1.950,1.040,1,0,46.021,0,0,11,32,0,65,0
05-05 21:44:01,19.752,3.000,76.508,0,0,1434864,1074976,169092,5255632,9607.993,2506.259,0,208.022,0,4.000,1715,1297,2.970,1.950,1.040,1,0,0,0,0,11,33,0,65,0
05-05 21:44:02,17.991,2.249,78.709,0,0,1434932,1074752,169092,5255788,20379.281,10544.454,0,0,0,0,4219,5310,2.970,1.950,1.040,3,0,0.999,0,0,11,33,0,65,0
05-05 21:44:03,12.535,16.546,69.693,0.501,0,1389596,1119880,169096,5255984,11135.832,2559.085,0,320.888,0,25.069,6251,6362,2.820,1.940,1.030,2,0,506.402,0,0,11,32,0,65,0
05-05 21:44:04,41.991,8.748,48.739,0.250,0,1518320,990784,169104,5256312,5450.814,485.894,35.992,383.916,1.000,24.995,3623,2750,2.820,1.940,1.030,2,0,120.974,0,0,11,32,0,61,0
05-05 21:44:05,32.726,4.247,45.467,16.988,0,1562496,943196,169352,5259012,8009.230,485.650,435.686,4684.625,16.988,254.816,4172,4908,2.820,1.940,1.030,2,1,16.988,0,0,11,36,0,61,0
05-05 21:44:06,26.990,4.248,45.983,20.742,0,1572972,931432,169540,5259984,5338.028,485.820,0,4754.243,0,498.816,5520,8221,2.820,1.940,1.030,1,1,21.992,0,0,11,36,0,61,0
05-05 21:44:07,26.037,5.007,41.058,26.788,0.250,1555880,947884,169624,5260528,8794.370,486.685,0,6212.739,0,478.673,4977,7284,2.820,1.940,1.030,1,1,24.034,0,0,11,36,0,61,0
05-05 21:44:08,25.955,4.991,38.932,27.951,0,1588772,914116,169752,5261252,7872.200,485.150,0,10050.382,0,723.731,5860,9591,2.910,1.970,1.050,1,1,5.990,0,0,11,36,0,61,0
05-05 21:44:09,25.269,5.004,38.278,29.021,0,1561168,941096,169900,5261712,4373.233,486.360,0,10743.943,0,738.546,5134,8244,2.910,1.970,1.050,4,0,12.009,0,0,11,36,0,57,0
05-05 21:44:10,26.780,5.506,43.298,23.776,0,1589328,911864,170052,5262608,11080.331,540.602,0,8253.185,0,634.706,5591,8631,2.910,1.970,1.050,1,1,23.026,0,0,11,36,0,57,0
05-05 21:44:11,26.422,5.234,41.128,25.425,0,1565044,935284,170144,5263360,7853.713,484.563,0,7501.757,0,637.111,5585,8781,2.910,1.970,1.050,4,2,24.926,0,0,11,36,0,57,0
05-05 21:44:12,27.019,5.254,42.279,23.266,0,1609888,889912,170252,5263760,4421.046,486.335,0,9826.770,0,738.509,5442,8802,2.910,1.970,1.050,1,1,18.012,0,0,11,36,0,57,0
05-05 21:44:13,25.994,5.499,44.489,22.245,0,1600328,898804,170344,5264316,9159.752,485.881,0,8114.008,0,679.833,5459,8674,2.840,1.970,1.060,1,1,9.998,0,0,11,36,0,54,0
05-05 21:44:14,25.266,4.753,38.525,29.269,0,1633556,865500,170404,5264324,8038.129,486.310,0,10234.531,0,769.491,5143,7669,2.840,1.970,1.060,1,1,11.007,0,0,11,36,0,54,0
05-05 21:44:15,26.003,4.751,40.005,28.254,0,1582132,916312,170528,5264768,9474.232,486.063,0,9969.297,0,666.087,5043,7956,2.840,1.970,1.060,4,0,8.001,0,0,11,38,0,54,0
05-05 21:44:16,27.691,3.742,44.905,21.953,0,1608720,889252,170616,5265136,9244.364,484.970,0,6669.832,0,551.828,4870,7395,2.840,1.970,1.060,4,1,7.983,0,0,11,38,0,54,0
05-05 21:44:17,27.331,4.513,40.370,26.078,0,1556372,941324,170836,5265176,5165.356,487.449,0,7875.413,0,695.066,5596,8790,2.840,1.970,1.060,1,3,7.021,0,0,11,38,0,49,0
05-05 21:44:18,37.797,5.757,46.307,9.011,0,1520312,977672,170968,5264756,9550.852,486.604,0,5318.600,0,425.528,4471,5502,2.770,1.970,1.060,2,0,6.007,0,0,11,32,0,49,0
05-05 21:44:19,40.347,5.728,46.574,6.476,0,1582520,915316,171008,5264856,8411.204,484.170,0,2147.881,0,273.964,4173,4826,2.770,1.970,1.060,1,1,2.989,0,0,11,34,0,49,0
05-05 21:44:20,29.077,4.763,44.618,19.552,0,1560852,936624,171196,5265024,6505.206,487.289,0,8185.651,0,983.602,7364,12393,2.770,1.970,1.060,1,2,1.003,0,0,11,34,0,49,0
05-05 21:44:21,26.671,5.235,42.624,22.683,0,1592932,904080,171464,5265208,10913.821,484.571,0,9488.024,0,877.413,5911,9900,2.770,1.970,1.060,2,1,0.997,0,0,11,34,0,46,0
05-05 21:44:22,27.527,5.756,44.043,21.021,0,1623660,872916,171764,5265332,10020.824,486.477,0,11146.928,0,1050.029,6291,11428,2.770,1.970,1.060,1,1,3.003,0,0,11,34,0,46,0
05-05 21:44:23,18.290,19.543,51.863,9.270,0,1489108,1007208,171840,5265496,8057.615,487.065,0,2477.416,0,218.478,6853,7591,2.710,1.970,1.070,1,0,543.188,0,0,11,32,0,46,0
05-05 21:44:24,7.502,20.505,66.515,4.251,0,1474476,1021648,171848,5265668,6826.510,486.108,0,1356.300,0,53.012,6006,4976,2.710,1.970,1.070,1,0,446.099,0,0,11,32,0,46,0
05-05 21:44:25,9.724,19.947,61.835,7.231,0,1459820,1036252,171884,5265700,5769.640,484.710,0,4559.861,0,220.413,6507,5801,2.710,1.970,1.070,1,1,477.728,0,0,11,32,0,41,0
05-05 21:44:26,21.553,3.759,73.432,0.501,0,1530136,965944,171892,5265684,10136.064,487.205,0,388.962,0,31.077,1932,1391,2.710,1.970,1.070,1,0,2.005,0,0,11,32,0,41,0
05-05 21:44:27,22.509,3.251,73.530,0,0,1489696,1006388,171892,5265680,5211.120,486.198,0,16.007,0,1.000,1755,1148,2.710,1.970,1.070,1,0,1.000,0,0,11,32,0,41,0
05-05 21:44:28,22.163,3.486,71.222,2.490,0,1550836,945248,171892,5265680,10184.222,484.109,0,2279.098,0,214.164,2031,1217,2.570,1.960,1.070,1,0,1.992,0,0,11,32,0,41,0
05-05 21:44:29,22.777,3.504,73.838,0,0,1529896,966164,171892,5265704,7337.789,486.583,0,24.029,0,2.002,1804,1238,2.570,1.960,1.070,1,0,1.001,0,0,11,32,0,37,0
05-05 21:44:30,22.768,3.503,72.809,0,0,1511168,984880,171892,5265732,7434.004,486.393,0,636.514,0,108.087,2076,1550,2.570,1.960,1.070,1,0,2.002,0,0,11,32,0,37,0
05-05 21:44:31,22.988,2.749,73.711,0.250,0,1441868,1054172,171904,5265728,7953.760,485.741,0,399.787,0,25.986,1852,1328,2.570,1.960,1.070,2,0,0.999,0,0,11,32,0,37,0
05-05 21:44:32,23.509,2.501,73.028,0,0,1500084,995936,171904,5265748,5165.946,486.183,0,52.020,0,5.002,1809,1120,2.570,1.960,1.070,2,0,3.001,0,0,11,32,0,37,0
05-05 21:44:33,22.499,3.750,73.996,0,0,1497156,998876,171904,5265736,3921.763,539.967,0,0,0,0,1659,1237,2.440,1.940,1.070,1,0,1.000,0,0,11,32,0,33,0
05-05 21:44:34,22.241,3.499,73.470,0,0,1495744,1000276,171904,5265748,22663.761,431.824,0,11.995,0,1.000,1915,1163,2.440,1.940,1.070,1,0,2.999,0,0,11,32,0,33,0
05-05 21:44:35,22.545,3.256,73.897,0,0.250,1506952,989088,171904,5265728,8731.383,583.161,0,8.016,0,2.004,1824,1271,2.440,1.940,1.070,1,0,2.004,0,0,11,32,0,33,0
05-05 21:44:36,22.955,2.994,73.855,0,0,1491136,1004964,171904,5265668,9808.773,485.049,0,27.945,0,0.998,1762,1099,2.440,1.940,1.070,2,0,0.998,0,0,11,32,0,33,0
05-05 21:44:37,22.768,3.002,73.807,0,0,1524284,971816,171904,5265668,10014.759,486.377,0,48.037,0,1.001,1778,1081,2.440,1.940,1.070,3,0,2.002,0,0,11,32,0,29,0
05-05 21:44:38,23.260,3.251,73.281,0,0,1486000,1010016,171908,5265744,8259.474,486.204,0,2156.907,0,20.008,1834,1215,2.330,1.930,1.070,2,0,1.000,0,0,11,32,0,29,0
05-05 21:44:39,21.957,3.743,73.356,0,0,1471944,1024080,171908,5265736,8008.244,578.861,0,11.976,0,0.998,1786,1216,2.330,1.930,1.070,3,0,0.998,0,0,11,32,0,29,0
05-05 21:44:40,22.027,3.504,71.589,2.002,0,1506392,989620,171912,5265744,4980.157,486.602,0,368.456,0,41.051,2035,1671,2.330,1.930,1.070,3,0,2.002,0,0,11,32,0,29,0
05-05 21:44:41,23.032,3.254,73.601,0.250,0,1467680,1028332,171916,5265740,4032.553,486.670,0,440.607,0,25.034,1826,1408,2.330,1.930,1.070,2,0,1.001,0,0,11,32,0,20,0
05-05 21:44:42,22.444,3.242,73.316,0,0,1473448,1022536,171920,5265764,8898.643,484.782,0,75.810,0,4.987,1857,1307,2.330,1.930,1.070,3,0,1.995,0,0,11,32,0,20,0
05-05 21:44:43,23.036,3.255,73.366,0,0,1518424,977572,171920,5265752,8222.956,486.767,0,24.038,0,2.003,1860,1281,2.220,1.910,1.060,2,0,2.003,0,0,11,32,0,20,0
05-05 21:44:44,17.783,19.536,62.115,0,0,1466488,1029432,171920,5265816,8765.159,486.898,0,240.443,0,10.018,6359,17671,2.220,1.910,1.060,2,0,494.912,0,0,11,32,0,21,0
05-05 21:44:45,21.227,4.245,73.670,0,0,1502440,993468,171920,5265828,6135.324,485.472,0,0,0,0,1718,1302,2.220,1.910,1.060,3,0,7.991,0,0,11,32,0,15,0
05-05 21:44:46,22.988,2.998,73.711,0,0,1472516,1023108,171920,5266076,10187.621,485.744,0,0,0,0,1845,1115,2.220,1.910,1.060,2,0,8.995,0,0,11,32,0,15,0
05-05 21:44:47,22.720,2.996,73.902,0,0,1480340,1015284,171920,5266076,10602.948,485.357,0,143.809,0,2.996,1725,1097,2.220,1.910,1.060,2,0,0,0,0,11,32,0,15,0
05-05 21:44:48,12.777,17.788,68.896,0.251,0,1436996,1058484,171920,5266220,4427.356,487.029,40.085,172.364,2.004,5.011,5423,4369,2.120,1.890,1.060,2,0,444.940,0,0,11,32,0,15,0
05-05 21:44:49,8.259,21.774,68.324,0,0,1421024,1074424,171920,5266252,8395.122,486.529,0,288.313,0,6.007,6413,5220,2.120,1.890,1.060,2,0,547.595,0,0,11,32,0,15,0
05-05 21:44:50,8.242,22.227,68.180,0.499,0,1416912,1078484,171920,5266288,5350.521,485.503,0,619.366,0,14.985,6607,5622,2.120,1.890,1.060,1,0,566.420,0,0,11,32,0,11,0
05-05 21:44:51,8.754,21.760,67.782,0.750,0,1393236,1102128,171920,5266320,3843.803,486.228,0,1988.933,0,66.031,6469,5218,2.120,1.890,1.060,2,0,586.275,0,0,11,32,0,11,0
05-05 21:44:52,7.498,21.744,68.730,0,0,1376512,1118788,171928,5266356,9308.314,431.875,0,1175.661,0,15.995,6288,4951,2.120,1.890,1.060,1,0,521.849,0,0,11,32,0,11,0
05-05 21:44:53,8.000,21.001,69.753,0,0,1369652,1125620,171928,5266384,10716.525,486.024,0,240.012,0,10.000,6092,4669,2.030,1.880,1.060,3,0,467.023,0,0,11,32,0,11,0
05-05 21:44:54,8.495,21.238,69.461,0,0,1364316,1130912,171928,5266424,11258.756,485.731,0,283.843,0,8.995,6158,4724,2.030,1.880,1.060,2,0,460.744,0,0,11,32,0,7,0
05-05 21:44:55,8.241,21.727,68.677,0,0,1362132,1133064,171928,5266456,6293.273,485.481,0,51.944,0,12.986,6217,4941,2.030,1.880,1.060,1,0,517.447,0,0,11,32,0,7,0
05-05 21:44:56,19.035,24.545,55.351,0.501,0,1359832,1135292,171964,5266496,4275.811,486.889,0,701.281,0,34.062,6953,6338,2.030,1.880,1.060,5,0,692.265,0,0,11,32,0,9,0
05-05 21:44:57,62.133,15.471,21.210,0.998,0,1544096,950324,172032,5267040,8634.694,485.084,0,1453.256,0,168.681,4898,3569,2.030,1.880,1.060,3,0,263.502,0,0,11,32,0,13,0
05-05 21:44:58,42.495,6.999,30.997,17.748,0,1660328,829452,172168,5270964,7168.193,485.945,443.950,7763.126,9.999,365.959,4874,5724,2.190,1.910,1.080,1,1,14.998,0,0,11,38,0,10,0
05-05 21:44:59,11.497,3.499,46.989,36.242,0,1657880,829192,172372,5273060,7624.283,485.891,0,8290.133,0,558.874,4924,8220,2.190,1.910,1.080,2,3,15.996,0,0,11,38,0,12,0
05-05 21:45:00,6.758,2.753,55.063,32.787,0,1655100,830812,172476,5274088,8985.224,486.554,0,9130.390,0,661.753,4646,8380,2.190,1.910,1.080,1,3,24.027,0,0,11,38,0,12,0
05-05 21:45:01,6.002,3.001,56.774,32.013,0,1654832,830056,172580,5274980,8017.324,486.202,0,10304.273,0,684.284,4471,8071,2.190,1.910,1.080,0,3,15.006,0,0,11,38,0,12,0
05-05 21:45:02,8.504,3.001,50.274,35.267,0,1650644,832176,172772,5276776,6010.880,486.233,0,8424.036,0,606.290,5582,9860,2.190,1.910,1.080,3,1,22.011,0,0,11,38,0,11,0
05-05 21:45:03,5.739,2.745,44.412,44.911,0,1648576,832856,172940,5277924,3902.275,485.040,0,10798.624,0,685.643,5333,10122,2.100,1.900,1.080,1,4,8.982,0,0,11,38,0,11,0
05-05 21:45:04,7.266,2.506,50.111,37.834,0,1648144,832168,173040,5278928,4648.317,487.081,0,13069.006,0,896.991,4826,8605,2.100,1.900,1.080,0,1,12.027,0,0,11,38,0,11,0
05-05 21:45:05,7.497,3.249,50.477,36.234,0,1645316,833920,173116,5279904,12291.409,485.779,0,13241.977,0,880.599,5675,10592,2.100,1.900,1.080,2,3,11.995,0,0,11,38,0,11,0
05-05 21:45:06,5.999,2.999,48.240,39.492,0,1644968,833164,173172,5280900,7656.457,485.902,0,12181.546,0,802.838,5343,9654,2.100,1.900,1.080,3,1,5.999,0,0,11,38,0,9,0
05-05 21:45:07,5.502,2.751,54.766,34.510,0,1643520,833628,173216,5281784,8070.361,486.142,0,9942.908,0,695.203,5047,9505,2.100,1.900,1.080,0,2,3.001,0,0,11,38,0,9,0
05-05 21:45:08,19.509,7.003,36.768,34.517,0,1618816,857368,173260,5282684,8134.937,486.235,0,11337.487,0,762.369,6180,9769,2.330,1.950,1.100,5,0,69.033,0,0,11,36,0,9,0
05-05 21:45:09,22.940,4.488,38.649,32.914,0,1653644,821836,173276,5283332,12321.841,5569.464,0,9754.542,0,655.290,5113,8199,2.330,1.950,1.100,1,2,11.969,0,0,11,39,0,9,0
05-05 21:45:10,19.004,6.001,42.258,30.256,0,1634380,839928,173364,5284384,10594.014,4852.923,0,13222.514,0,825.157,7294,11536,2.330,1.950,1.100,2,4,79.015,0,0,11,38,0,10,0
05-05 21:45:11,24.496,4.749,41.243,26.246,0,1636248,836860,173408,5285512,5650.091,2451.605,0,8490.634,0,622.900,5776,8852,2.330,1.950,1.100,0,2,8.999,0,0,11,39,0,10,0
05-05 21:45:12,18.023,4.506,41.302,34.794,0,1638356,833336,173472,5286828,13769.463,7971.109,0,12559.929,0,777.987,6436,11330,2.330,1.950,1.100,7,2,7.009,0,0,11,39,0,10,0
05-05 21:45:13,19.246,3.999,45.991,27.995,0,1637340,833008,173532,5288076,18242.543,10422.025,0,7770.527,0,554.895,7454,12832,2.460,1.990,1.120,2,2,11.998,0,0,11,38,0,10,0
05-05 21:45:14,27.502,6.500,26.002,38.502,0,1619080,850232,173584,5289032,6917.430,570.035,0,11848.736,0,784.049,5799,9000,2.460,1.990,1.120,2,3,39.002,0,0,11,38,0,10,0
05-05 21:45:15,17.281,4.258,42.826,33.560,0,1631972,836156,173680,5290072,14076.026,6155.945,0,12309.886,0,782.391,6315,10792,2.460,1.990,1.120,1,4,3.005,0,0,11,39,0,10,0
05-05 21:45:16,17.713,3.493,44.158,31.684,0,1631936,835456,173748,5290720,18527.252,10372.307,0,11479.991,0,720.493,7776,13090,2.460,1.990,1.120,1,1,14.969,0,0,11,39,0,10,0
05-05 21:45:17,24.712,7.239,38.690,27.458,0,1600456,865276,173812,5292256,13479.216,5231.933,0,9066.021,0,643.009,7662,11864,2.460,1.990,1.120,1,1,73.886,0,0,11,38,0,11,0
05-05 21:45:18,25.039,4.507,36.057,32.301,0,1644036,820740,173904,5293092,12984.364,5526.668,0,14526.783,0,1022.604,5990,9793,2.670,2.040,1.140,1,1,3.005,0,0,11,39,0,11,0
05-05 21:45:19,19.273,3.755,51.062,23.779,0,1655580,808392,174008,5293744,12514.181,7423.005,0,12923.678,0,826.002,7589,13372,2.670,2.040,1.140,1,2,0,0,0,11,39,0,11,0
05-05 21:45:20,19.254,4.251,39.259,34.758,0,1654632,808140,174072,5294848,16139.548,7962.750,0,12238.690,0,772.170,8215,13634,2.670,2.040,1.140,2,1,12.003,0,0,11,38,1,11,0
05-05 21:45:21,27.768,6.754,33.021,30.519,0,1632752,828464,174316,5296112,6492.096,486.307,0,9754.154,0,714.451,7174,11294,2.670,2.040,1.140,1,3,39.025,0,0,11,38,0,11,0
05-05 21:45:22,21.989,4.997,41.979,30.235,0,1650412,810080,174416,5296744,9570.102,6139.857,0,12545.579,0,838.571,5751,9360,2.670,2.040,1.140,0,2,4.997,0,0,11,39,0,11,0
05-05 21:45:23,29.267,13.007,35.020,20.762,0,1555516,902636,174476,5299340,19966.497,10908.281,372.214,7780.480,6.003,559.322,11530,17841,2.770,2.070,1.150,19,1,323.186,0,0,11,37,0,11,0
05-05 21:45:24,35.250,15.000,26.000,22.750,0,1533788,923128,174644,5299932,12124.925,4579.972,803.995,8872.945,16.000,564.997,8036,13502,2.770,2.070,1.150,5,2,163.999,0,0,11,36,0,12,0
05-05 21:45:25,27.238,9.995,31.986,28.237,0,1584464,871504,174628,5300820,13581.883,5515.516,975.561,13589.880,14.993,820.630,6680,9985,2.770,2.070,1.150,1,1,141.936,0,0,11,37,0,12,0
05-05 21:45:26,22.503,5.501,47.256,23.003,0,1528908,925948,174700,5301828,12595.466,4364.508,0,5176.603,0,425.049,6368,9333,2.770,2.070,1.150,1,3,37.004,0,0,11,36,0,13,0
05-05 21:45:27,22.441,4.488,43.636,26.930,0,1560916,892684,174796,5302928,9518.140,5503.625,0,10448.709,0,726.104,6351,10445,2.770,2.070,1.150,2,1,2.992,0,0,11,37,0,13,0
05-05 21:45:28,20.047,6.766,43.852,28.817,0,1550356,901896,174888,5304152,11756.479,2169.070,0,9927.203,0,700.638,5519,8283,2.870,2.100,1.170,1,3,60.141,0,0,11,36,0,14,0
05-05 21:45:29,20.252,3.750,40.004,33.253,0,1594284,857372,174932,5304684,10722.035,2837.274,0,10665.029,0,818.079,5157,8188,2.870,2.100,1.170,1,2,0,0,0,11,37,0,14,0
05-05 21:45:30,20.001,4.500,44.752,29.251,0,1592164,858812,174968,5305316,13601.559,8608.354,0,13056.537,0,551.023,5726,8545,2.870,2.100,1.170,1,1,16.001,0,0,11,36,0,15,0
05-05 21:45:31,22.240,5.498,46.479,22.990,0,1633196,816672,174996,5306368,8760.127,485.785,0,6441.152,0,506.776,5120,7981,2.870,2.100,1.170,1,2,29.987,0,0,11,36,0,15,0
05-05 21:45:32,18.220,3.494,51.416,24.460,0,1620912,827936,175024,5307340,14223.759,8863.517,0,7351.987,0,552.098,6019,9856,2.870,2.100,1.170,1,3,6.989,0,0,11,37,0,15,0
05-05 21:45:33,12.487,5.494,51.448,27.972,0,1595456,852264,175060,5308360,10811.067,2903.064,0,10545.335,0,752.239,6121,9989,2.720,2.080,1.170,1,1,65.933,0,0,11,36,0,16,0
05-05 21:45:34,4.497,2.748,57.707,33.225,0,1571484,875240,175088,5309300,5905.549,485.634,0,8821.352,0,637.520,4900,8977,2.720,2.080,1.170,5,1,2.998,0,0,11,36,0,16,0
05-05 21:45:35,4.008,3.006,56.865,33.067,0,1557160,888700,175120,5310100,3582.226,486.982,0,13038.302,0,889.795,4603,8707,2.720,2.080,1.170,0,1,0,0,0,11,36,0,16,0
05-05 21:45:36,4.248,2.998,65.216,25.237,0,1549904,894572,175152,5311384,9441.102,485.748,0,6200.783,0,523.728,4362,7698,2.720,2.080,1.170,2,2,0,0,0,11,36,0,16,0
05-05 21:45:37,4.003,2.752,58.538,31.520,0,1533744,909860,175164,5312224,7100.598,486.315,0,9546.181,0,706.457,5104,9192,2.720,2.080,1.170,0,3,9.006,0,0,11,36,0,16,0
05-05 21:45:38,3.997,2.748,55.713,34.727,0,1533176,909860,175180,5312764,10116.289,485.678,0,10620.955,0,728.517,4557,8004,2.740,2.100,1.180,3,0,8.994,0,0,11,36,0,16,0
05-05 21:45:39,4.501,2.751,64.264,25.505,0,1516324,926228,175220,5313180,6454.358,580.122,0,7121.498,0,586.123,4609,8031,2.740,2.100,1.180,0,1,9.002,0,0,11,36,0,16,0
05-05 21:45:40,4.501,3.251,58.018,32.260,0.250,1510332,931456,175284,5313828,8077.493,486.150,0,12639.901,0,861.266,4874,8910,2.740,2.100,1.180,9,0,3.001,0,0,11,36,0,16,0
05-05 21:45:41,5.751,2.250,61.258,27.754,0.250,1509968,931488,175332,5314108,8363.106,486.064,0,8181.082,0,614.081,4248,7689,2.740,2.100,1.180,1,2,6.001,0,0,11,36,0,16,0
05-05 21:45:42,6.243,3.246,56.438,32.214,0,1500288,940828,175356,5314392,4089.487,485.464,0,9365.664,0,659.272,6048,11353,2.740,2.100,1.180,2,1,9.989,0,0,11,36,0,16,0
05-05 21:45:43,5.004,3.003,60.053,29.276,0,1496344,944588,175400,5314528,4547.019,486.430,0,8755.738,0,708.626,4819,8572,2.680,2.100,1.180,1,1,9.008,0,0,11,36,0,16,0
05-05 21:45:44,10.752,4.751,54.259,28.255,0,1500748,939892,175456,5314744,8378.371,486.080,0,9369.533,0,760.124,5467,14512,2.680,2.100,1.180,0,1,51.008,0,0,11,36,0,17,0
05-05 21:45:45,4.496,3.747,56.698,32.970,0,1498696,941664,175504,5314968,6556.036,485.558,0,14131.145,0,904.177,5420,10109,2.680,2.100,1.180,1,1,5.995,0,0,11,36,0,17,0
05-05 21:45:46,4.753,2.752,64.789,25.265,0,1496872,941664,175544,5316708,7520.553,486.294,0,8176.950,0,610.370,4689,8414,2.680,2.100,1.180,1,2,9.005,0,0,11,36,0,17,0
05-05 21:45:47,4.000,2.500,58.496,32.248,0,1492272,944436,175624,5318412,5424.631,485.967,0,10767.268,0,685.953,4173,7689,2.680,2.100,1.180,0,2,3.000,0,0,11,36,0,16,0
05-05 21:45:48,4.996,2.498,62.194,26.976,0,1489116,947048,175712,5318848,7753.033,485.564,0,7729.055,0,658.408,5394,9948,2.710,2.110,1.190,1,4,11.989,0,0,11,36,0,16,0
05-05 21:45:49,4.755,3.003,58.810,31.032,0,1487384,948436,175760,5319140,8247.441,486.498,0,14198.532,0,904.926,4890,9064,2.710,2.110,1.190,1,1,6.006,0,0,11,36,0,16,0
05-05 21:45:50,6.513,2.004,63.624,25.800,0,1487008,948100,175812,5319784,5902.473,486.947,0,5863.397,0,564.096,4570,8110,2.710,2.110,1.190,1,0,12.023,0,0,11,36,0,16,0
05-05 21:45:51,4.999,2.250,58.993,30.996,0,1486560,948660,175864,5319608,5402.331,485.940,0,10878.652,0,754.906,4373,8085,2.710,2.110,1.190,5,0,3.000,0,0,11,36,0,16,0
05-05 21:45:52,4.745,2.747,63.430,26.970,0,1485552,950004,175904,5319228,9969.920,485.460,0,7539.621,0,675.250,5066,9483,2.710,2.110,1.190,2,2,0.999,0,0,11,36,0,16,0
05-05 21:45:53,4.001,2.751,59.020,31.761,0,1485572,950004,175952,5319160,6006.003,486.162,0,10615.541,0,784.262,5155,9929,2.730,2.130,1.200,0,2,3.001,0,0,11,36,0,16,0
05-05 21:45:54,3.741,2.993,56.870,33.174,0,1486360,950312,176020,5317996,8573.357,484.889,0,11613.392,0,797.174,5402,9943,2.730,2.130,1.200,2,0,0,0,0,11,36,0,16,0
05-05 21:45:55,9.030,1.756,64.966,21.070,0,1485336,950564,176048,5318740,7794.923,487.622,0,6208.648,0,626.082,5268,9150,2.730,2.130,1.200,0,2,9.030,0,0,11,36,0,16,0
05-05 21:45:56,4.740,2.744,55.635,34.179,0.249,1485244,950564,176084,5318796,9577.231,484.999,0,11843.553,0,787.375,4453,7932,2.730,2.130,1.200,1,1,2.994,0,0,11,36,0,16,0
05-05 21:45:57,6.511,3.005,55.846,33.308,0,1484848,950564,176116,5319160,9096.709,486.841,0,13916.031,0,931.609,5090,9103,2.730,2.130,1.200,2,1,6.010,0,0,11,36,0,16,0
05-05 21:45:58,4.745,2.747,63.681,25.972,0,1484652,950312,176140,5319584,5044.523,485.473,0,6161.310,0,604.344,4753,8558,2.670,2.120,1.210,0,1,8.990,0,0,11,36,0,16,0
05-05 21:45:59,4.754,2.752,59.053,31.528,0,1484844,949808,176164,5319860,9134.198,486.437,0,10925.806,0,829.745,4936,8859,2.670,2.120,1.210,1,1,6.005,0,0,11,38,0,8,0
05-05 21:46:00,6.749,2.499,62.987,24.745,0,1484352,949856,176176,5320284,6950.572,485.900,0,8622.228,0,735.849,5114,9082,2.670,2.120,1.210,0,1,8.998,0,0,11,38,0,8,0
05-05 21:46:01,5.249,2.749,59.485,29.492,0,1484392,949856,176184,5320224,5348.637,485.876,0,10965.206,0,851.783,4991,9215,2.670,2.120,1.210,1,1,5.998,0,0,11,38,0,8,0
05-05 21:46:02,5.493,3.495,57.673,30.709,0,1485032,949856,176196,5319568,9012.901,485.348,0,12467.263,0,911.776,5367,9831,2.670,2.120,1.210,3,1,3.995,0,0,11,38,0,8,0
05-05 21:46:03,4.750,2.500,57.997,32.499,0,1485228,949604,176232,5319588,8018.646,485.979,0,12319.457,0,775.966,4620,8465,2.700,2.140,1.220,2,2,3.000,0,0,11,38,0,8,0
05-05 21:46:04,5.258,2.253,66.346,23.284,0,1484916,949352,176260,5320132,8277.957,486.703,0,6821.854,0,646.934,4853,8958,2.700,2.140,1.220,0,3,6.009,0,0,11,38,0,8,0
05-05 21:46:05,6.748,2.999,56.982,30.990,0,1484588,949352,176292,5320420,7243.663,485.843,0,12092.099,0,883.715,5699,10567,2.700,2.140,1.220,1,0,2.999,0,0,11,38,0,8,0
05-05 21:46:06,5.487,2.743,57.112,32.422,0,1484468,949100,176304,5320776,2877.058,484.830,0,12314.285,0,878.879,5118,9417,2.700,2.140,1.220,1,2,5.986,0,0,11,38,0,8,0
05-05 21:46:07,7.263,2.755,61.858,25.545,0,1484540,948596,176332,5321180,7608.341,486.854,0,11416.017,0,872.530,5582,10039,2.700,2.140,1.220,0,1,12.021,0,0,11,38,0,8,0
05-05 21:46:08,10.976,2.245,59.868,24.696,0,1484280,948220,176348,5321788,5391.104,484.930,0,7515.417,0,618.635,5054,8911,2.560,2.120,1.220,1,1,11.974,0,0,11,38,0,8,0
05-05 21:46:09,5.517,3.009,52.911,35.608,0,1484220,947968,176368,5322072,9445.663,487.479,0,12217.073,0,825.505,4462,8151,2.560,2.120,1.220,0,1,6.018,0,0,11,38,0,8,0
05-05 21:46:10,6.241,2.247,61.409,26.710,0,1483752,948136,176380,5322352,8844.847,485.278,0,10652.159,0,718.931,4995,9332,2.560,2.120,1.220,3,1,5.991,0,0,11,38,0,8,0
05-05 21:46:11,8.760,2.503,63.576,23.278,0,1483508,947884,176404,5322812,9262.063,528.631,0,6539.811,0,601.719,4884,8673,2.560,2.120,1.220,0,2,12.014,0,0,11,38,0,7,0
05-05 21:46:12,6.002,2.751,61.274,27.261,0,1484236,946804,176448,5323108,7034.760,486.191,0,8731.426,0,719.282,4847,8825,2.560,2.120,1.220,4,1,10.004,0,0,11,38,0,7,0
05-05 21:46:13,4.499,2.249,62.484,27.743,0,1484132,946552,176508,5323388,5864.455,485.872,0,11532.961,0,741.805,3990,7393,2.440,2.100,1.210,0,4,2.999,0,0,11,38,0,7,0
05-05 21:46:14,5.000,2.750,62.244,27.248,0,1484216,946048,176520,5323784,5628.494,485.956,0,8159.266,0,736.934,5195,9317,2.440,2.100,1.210,0,1,11.999,0,0,11,38,0,7,0
05-05 21:46:15,5.505,3.253,62.802,26.272,0,1483692,946048,176552,5324264,9571.940,486.404,0,13042.820,0,895.743,4969,9470,2.440,2.100,1.210,2,1,12.010,0,0,11,38,0,7,0
05-05 21:46:16,4.748,2.249,57.974,31.986,0,1483568,945796,176572,5324612,5682.471,485.784,0,9703.682,0,728.676,4670,8797,2.440,2.100,1.210,1,1,2.999,0,0,11,38,0,7,0
05-05 21:46:17,4.994,2.497,53.681,35.954,0,1483648,945340,176584,5324968,10380.654,485.376,0,11081.753,0,759.024,4827,8932,2.440,2.100,1.210,0,1,5.992,0,0,11,38,0,7,0
05-05 21:46:18,5.996,3.498,61.460,26.983,0,1483380,944836,176628,5325676,10808.014,485.686,0,9973.553,0,809.477,5107,9302,2.320,2.080,1.210,3,2,5.996,0,0,11,38,0,7,0
05-05 21:46:19,5.004,2.002,62.048,28.522,0,1483244,944584,176652,5326028,8566.602,486.375,0,10079.768,0,798.615,4888,8903,2.320,2.080,1.210,2,1,9.007,0,0,11,38,0,7,0
05-05 21:46:20,5.002,2.251,61.026,29.012,0,1483112,944332,176688,5326368,5985.578,486.209,0,7747.337,0,575.248,4107,7420,2.320,2.080,1.210,2,1,9.004,0,0,11,38,0,6,0
05-05 21:46:21,3.999,2.499,51.986,38.239,0,1484972,941812,176692,5327008,5001.614,485.865,0,13208.340,0,847.765,4539,8325,2.320,2.080,1.210,2,2,5.998,0,0,11,38,0,6,0
05-05 21:46:22,4.497,3.248,65.453,24.232,0,1483500,942708,176708,5327548,4896.463,485.649,0,6219.507,0,625.548,5250,9188,2.320,2.080,1.210,0,2,12.991,0,0,11,38,0,6,0
05-05 21:46:23,5.004,2.502,57.042,32.024,0,1483340,942456,176716,5327936,7259.378,486.360,0,11400.446,0,776.575,5100,9227,2.380,2.100,1.220,0,3,3.002,0,0,11,38,0,6,0
05-05 21:46:24,5.754,2.251,69.543,21.263,0,1483196,942204,176724,5328312,8909.517,486.301,0,4066.518,0,422.261,4032,6961,2.380,2.100,1.220,1,1,9.006,0,0,11,38,0,5,0
05-05 21:46:25,3.748,2.749,58.220,33.233,0,1483104,941952,176732,5328640,8361.746,527.732,0,10130.846,0,662.663,4307,7823,2.380,2.100,1.220,0,2,2.998,0,0,11,38,0,5,0
05-05 21:46:26,4.258,2.755,53.101,36.569,0,1483532,941196,176736,5328960,5890.170,486.923,0,13890.341,0,941.786,5242,9532,2.380,2.100,1.220,1,1,9.017,0,0,11,38,0,5,0
05-05 21:46:27,5.485,2.992,65.319,23.435,0.249,1483596,940944,176744,5329132,10039.244,484.660,0,7323.752,0,684.109,4976,9002,2.380,2.100,1.220,2,1,8.975,0,0,11,38,0,5,0
05-05 21:46:28,4.253,3.252,58.290,31.022,0,1483292,940692,176748,5329668,8860.155,486.338,0,11507.994,0,848.589,5041,9173,2.430,2.110,1.230,0,1,6.004,0,0,11,38,0,4,0
05-05 21:46:29,5.504,2.752,65.292,24.516,0,1482968,940440,176768,5330208,5066.267,486.314,0,6556.228,0,584.377,4343,7950,2.430,2.110,1.230,0,2,18.012,0,0,11,38,0,4,0
05-05 21:46:30,4.252,3.001,55.770,34.262,0,1482868,940188,176780,5330528,3510.239,486.172,0,11872.189,0,788.278,4627,8342,2.430,2.110,1.230,0,2,18.006,0,0,11,38,0,4,0
05-05 21:46:31,6.240,2.995,61.899,26.207,0,1483440,938928,176812,5331172,8216.629,485.210,0,8645.931,0,707.848,6208,11250,2.430,2.110,1.230,4,0,14.976,0,0,11,38,0,4,0
05-05 21:46:32,6.258,3.004,60.075,27.535,0,1483072,938928,176832,5331504,6006.539,486.611,0,11494.427,0,889.116,5371,9476,2.430,2.110,1.230,0,2,16.020,0,0,11,38,0,2,0
05-05 21:46:33,5.000,3.500,58.751,30.001,0,1482744,938928,176848,5331796,8790.211,486.012,0,11380.273,0,830.020,5251,9786,2.390,2.110,1.240,0,3,12.000,0,0,11,38,0,2,0
05-05 21:46:34,5.996,2.498,62.711,25.984,0,1482716,938424,176852,5332312,20033.637,485.700,0,8230.920,0,664.590,5090,8781,2.390,2.110,1.240,0,1,11.993,0,0,11,38,0,2,0
05-05 21:46:35,4.003,2.502,64.544,26.018,0,1482928,937916,176860,5332592,9767.671,486.332,0,9982.818,0,713.487,4579,8224,2.390,2.110,1.240,0,2,9.006,0,0,11,38,0,2,0
05-05 21:46:36,5.500,3.500,60.495,27.998,0,1483268,937240,176876,5332908,8851.305,485.962,0,9299.269,0,766.940,5072,9003,2.390,2.110,1.240,0,1,11.999,0,0,11,38,0,1,0
05-05 21:46:37,4.253,2.752,61.039,29.769,0,1482944,937240,176908,5333180,5222.295,486.307,0,10866.856,0,843.532,4927,8899,2.390,2.110,1.240,1,2,6.004,0,0,11,38,0,1,0
05-05 21:46:38,6.000,2.500,59.248,29.249,0,1484920,934972,176924,5333444,7846.670,485.980,0,11419.520,0,825.965,5190,9280,2.440,2.130,1.250,3,1,6.000,0,0,11,38,0,1,0
05-05 21:46:39,4.747,2.499,59.964,29.982,0,1484580,934972,176928,5333776,9130.568,525.687,0,6324.238,0,520.690,4153,7423,2.440,2.130,1.250,0,1,2.998,0,0,11,38,0,1,0
05-05 21:46:40,5.496,2.498,60.709,28.231,0,1484356,934972,176944,5333976,4344.052,485.670,0,11440.235,0,837.432,5236,9579,2.440,2.130,1.250,2,1,5.996,0,0,11,38,0,1,0
05-05 21:46:41,5.754,2.252,64.045,25.518,0,1484584,934216,176952,5334488,9320.508,486.340,0,6028.209,0,497.347,4185,7337,2.440,2.130,1.250,0,2,6.004,0,0,11,38,0,1,0
05-05 21:46:42,4.000,3.000,55.000,36.000,0,1485172,934216,176960,5333892,6746.943,485.996,0,9091.923,0,648.994,4580,8281,2.440,2.130,1.250,0,1,5.000,0,0,11,38,0,1,0
05-05 21:46:43,4.495,2.747,54.442,35.212,0,1485116,935204,176968,5332944,9689.600,485.479,0,11903.225,0,797.144,5030,9133,2.490,2.140,1.260,3,2,0,0,0,11,38,0,1,0
05-05 21:46:44,9.507,4.753,59.542,23.016,0,1494404,927360,176984,5331456,8069.640,486.340,0,5495.841,0,579.405,5583,13583,2.490,2.140,1.260,1,0,42.029,0,0,11,38,0,1,0
05-05 21:46:45,5.503,3.502,56.783,32.019,0,1495640,927360,177012,5330188,3364.951,486.282,0,12839.443,0,898.521,5947,11419,2.490,2.140,1.260,0,1,0,0,0,11,38,0,1,0
05-05 21:46:46,5.497,2.499,63.218,25.487,0,1486688,937936,177016,5328592,8114.878,485.753,0,9511.169,0,787.600,5552,10259,2.490,2.140,1.260,5,0,0,0,0,11,38,0,1,0
05-05 21:46:47,4.996,2.248,66.694,23.980,0,1486508,937936,177016,5328772,5596.296,485.592,0,7126.010,0,590.504,3949,7261,2.490,2.140,1.260,0,1,5.995,0,0,11,38,0,1,0
05-05 21:46:48,5.004,2.752,57.544,31.024,0,1485888,938432,177028,5328884,7529.739,486.371,0,13502.290,0,842.642,4479,8253,2.530,2.150,1.270,4,2,0,0,0,11,38,0,1,0
05-05 21:46:49,6.744,1.998,65.445,22.731,0,1484464,939472,177032,5329264,6885.256,485.595,0,7929.385,0,731.390,5339,9394,2.530,2.150,1.270,0,1,14.987,0,0,11,38,0,1,0
05-05 21:46:50,5.500,3.000,60.748,28.499,0,1484032,939724,177036,5329440,10031.693,485.985,0,9943.696,0,798.976,4910,8961,2.530,2.150,1.270,0,3,9.000,0,0,11,38,0,1,0
05-05 21:46:51,5.004,3.503,56.543,32.525,0,1482760,940924,177044,5329504,4201.225,540.415,0,12365.493,0,857.658,5382,9967,2.530,2.150,1.270,2,1,9.007,0,0,11,38,0,1,0
05-05 21:46:52,15.022,10.515,57.334,15.773,0,1347308,1076584,177044,5329296,6830.014,486.714,0,9513.949,0,547.803,5478,6445,2.530,2.150,1.270,2,2,232.341,0,0,11,32,0,3,0
05-05 21:46:53,15.250,22.750,57.499,2.250,0,1363872,1059680,177052,5329660,7520.860,485.991,0,1163.978,0,60.999,6951,6369,2.330,2.120,1.260,1,1,691.987,0,0,11,36,0,5,0
05-05 21:46:54,65.299,10.007,22.517,2.752,0,1548088,874748,177080,5330308,9862.346,486.362,0,620.462,0,50.037,4297,2388,2.330,2.120,1.260,3,2,23.017,0,0,11,32,0,9,0
05-05 21:46:55,67.490,6.249,21.997,3.999,0,1705812,713748,177192,5333080,7564.882,485.928,0,4467.340,0,179.973,4147,2124,2.330,2.120,1.260,3,1,0,0,0,11,32,0,9,0
05-05 21:46:56,43.153,5.238,36.168,14.218,0,1793392,622524,177300,5336320,8177.560,484.907,0,7088.017,0,290.345,4222,4029,2.330,2.120,1.260,0,1,5.987,0,0,11,38,0,9,0
05-05 21:46:57,9.748,2.749,46.989,39.241,0,1793072,621516,177308,5337616,9875.614,485.883,0,8405.969,0,578.860,5263,8992,2.330,2.120,1.260,3,3,26.993,0,0,11,38,0,9,0
05-05 21:46:58,10.499,3.500,48.496,35.247,0,1793168,620004,177312,5338992,10456.108,485.959,0,12362.945,0,857.927,6944,12660,2.460,2.150,1.270,1,3,35.997,0,0,11,38,0,9,0
05-05 21:46:59,10.260,3.003,52.053,31.532,0,1793364,617736,177324,5340992,5963.062,486.495,0,11175.360,0,753.766,5567,9674,2.460,2.150,1.270,3,1,24.024,0,0,11,38,0,9,0
05-05 21:47:00,6.490,2.995,49.423,38.440,0,1792492,617484,177332,5342084,4461.032,431.326,0,13514.890,0,898.596,5896,10932,2.460,2.150,1.270,1,1,17.972,0,0,11,38,0,9,0
05-05 21:47:01,5.516,2.758,49.138,41.366,0,1792020,616980,177344,5343024,6334.822,487.371,0,10918.718,0,717.017,4633,8429,2.460,2.150,1.270,2,1,15.042,0,0,11,38,0,9,0
05-05 21:47:02,5.981,2.741,52.333,35.138,0,1792228,615732,177360,5344004,10279.200,484.454,0,11104.566,0,737.646,5651,10124,2.460,2.150,1.270,0,2,18.940,0,0,11,38,0,9,0
05-05 21:47:03,9.015,3.506,54.842,30.802,0,1792168,614724,177376,5345024,8030.449,486.815,0,12969.722,0,927.553,6059,11108,2.340,2.130,1.270,0,4,33.055,0,0,11,38,0,9,0
05-05 21:47:04,7.001,2.500,54.756,32.254,0,1791512,614220,177380,5346124,9373.022,486.053,0,9697.057,0,680.074,5159,9097,2.340,2.130,1.270,1,1,18.002,0,0,11,38,0,9,0
05-05 21:47:05,6.491,2.746,52.676,34.951,0,1790992,613464,177384,5347328,6275.169,539.241,0,11072.417,0,764.923,4923,8996,2.340,2.130,1.270,1,4,20.970,0,0,11,38,0,9,0
05-05 21:47:06,7.513,3.506,49.085,38.066,0,1791408,611952,177412,5348360,8957.579,486.847,0,12722.126,0,817.422,5524,9677,2.340,2.130,1.270,0,3,24.042,0,0,11,38,0,9,0
05-05 21:47:07,6.244,2.997,46.955,40.461,0,1791116,611196,177428,5349372,6427.872,485.537,0,13794.849,0,968.077,5661,9921,2.340,2.130,1.270,5,1,20.980,0,0,11,38,0,9,0
05-05 21:47:08,6.756,3.003,51.295,37.282,0,1790828,610440,177436,5350384,4408.834,486.423,0,12518.887,0,824.717,5289,9935,2.800,2.230,1.310,0,1,12.010,0,0,11,38,0,9,0
05-05 21:47:09,9.746,3.249,50.227,35.234,0,1790016,609684,177452,5351860,3443.434,485.779,0,10039.433,0,755.656,5806,10231,2.800,2.230,1.310,3,1,35.984,0,0,11,38,0,9,0
05-05 21:47:10,9.000,3.500,51.251,33.751,0,1790536,607668,177460,5353312,7849.172,432.009,0,8788.193,0,679.015,5902,10283,2.800,2.230,1.310,0,3,42.001,0,0,11,38,0,9,0
05-05 21:47:11,6.999,3.500,50.994,35.996,0.250,1789752,607416,177472,5354308,6629.277,527.942,0,14386.431,0,958.895,6709,12709,2.800,2.230,1.310,1,4,26.997,0,0,11,38,0,9,0
05-05 21:47:12,6.002,2.251,56.765,31.258,0,1790336,606156,177480,5354960,7399.912,486.126,0,11074.862,0,733.189,4730,8551,2.800,2.230,1.310,0,3,19.005,0,0,11,38,0,9,0
05-05 21:47:13,5.498,2.499,50.733,37.987,0,1790352,605400,177488,5355660,5798.055,485.837,0,10632.433,0,687.769,4565,8069,2.890,2.260,1.320,0,2,17.994,0,0,11,38,0,9,0
05-05 21:47:14,5.999,3.249,46.990,42.741,0,1789892,604644,177496,5356840,7692.380,485.898,0,11205.640,0,697.853,4707,8421,2.890,2.260,1.320,1,2,5.999,0,0,11,38,0,9,0
05-05 21:47:15,4.499,3.249,48.734,40.737,0,1790048,603888,177496,5357420,7636.550,485.844,0,9600.920,0,639.795,4695,8467,2.890,2.260,1.320,0,1,11.996,0,0,11,38,0,9,0
05-05 21:47:16,6.504,2.752,55.036,33.772,0,1789720,603636,177496,5357984,3617.357,486.317,0,11259.335,0,745.486,5748,10754,2.890,2.260,1.320,0,2,15.010,0,0,11,38,0,9,0
05-05 21:47:17,7.004,3.502,50.027,36.769,0,1789288,602908,177500,5359052,8996.766,486.258,0,13991.412,0,931.493,5772,10359,2.890,2.260,1.320,3,2,12.006,0,0,11,38,0,9,0
05-05 21:47:18,6.244,3.247,46.706,41.211,0,1789600,601648,177500,5359952,6388.914,485.537,0,12907.704,0,873.168,5648,10146,2.980,2.290,1.340,0,1,11.989,0,0,11,38,0,9,0
05-05 21:47:19,5.993,3.496,57.682,29.465,0,1789336,601144,177508,5360692,4636.501,485.424,0,11941.836,0,897.935,5712,10265,2.980,2.290,1.340,1,2,23.972,0,0,11,38,0,9,0
05-05 21:47:20,6.004,2.752,51.035,36.025,0,1789872,599632,177516,5361628,8146.653,486.337,0,16583.507,0,1088.755,5796,10910,2.980,2.290,1.340,1,1,12.008,0,0,11,38,0,9,0
05-05 21:47:21,9.003,3.001,52.266,33.510,0,1789732,599128,177520,5362256,7242.198,486.148,0,13007.947,0,931.283,5626,9883,2.980,2.290,1.340,5,1,27.008,0,0,11,38,0,9,0
05-05 21:47:22,26.302,7.264,35.820,28.306,0.250,1697168,690348,177532,5363552,8609.885,486.955,0,7186.093,0,567.112,6637,9996,2.980,2.290,1.340,1,1,97.191,0,0,11,36,0,9,0
05-05 21:47:23,26.376,4.479,36.827,31.104,0,1758776,628104,177540,5364164,4582.421,483.722,0,9431.586,0,657.902,4871,7544,3.060,2.320,1.350,5,1,18.911,0,0,11,36,0,9,0
05-05 21:47:24,25.640,5.530,35.193,31.171,0,1731528,654456,177540,5365032,3348.339,488.677,0,11100.800,0,763.180,6829,11122,3.060,2.320,1.350,2,2,81.446,0,0,11,36,0,9,0
05-05 21:47:25,4.748,2.749,51.727,38.733,0,1730996,654236,177552,5365756,51473905.740,485.789,0,9931.677,0,602.738,11800,7142,3.060,2.320,1.350,0,2,25.989,0,0,11,36,0,9,0
05-05 21:47:26,4.252,1.751,54.025,37.267,0,1721776,662300,177560,5366872,111365413.280,486.226,0,12621.876,0,839.391,21915,9967,3.060,2.320,1.350,2,1,21.010,0,0,11,36,0,9,0
05-05 21:47:27,5.499,2.249,57.487,31.243,0,1712776,669860,177592,5368240,111364611.791,485.888,0,7626.242,0,629.855,21797,8992,3.060,2.320,1.350,0,2,29.993,0,0,11,36,0,9,0
05-05 21:47:28,3.500,2.250,52.006,39.254,0,1697444,684588,177592,5368808,111055447.510,486.053,0,13049.417,0,736.080,21336,8549,2.980,2.310,1.360,0,2,15.002,0,0,11,36,0,9,0
05-05 21:47:29,4.750,1.500,49.251,41.501,0,1690852,689916,177612,5370028,111375558.041,486.009,0,12748.243,0,853.016,21373,8925,2.980,2.310,1.360,0,3,12.000,0,0,11,36,0,9,0
05-05 21:47:30,4.249,2.500,53.241,36.994,0,1690364,689412,177620,5370980,111074930.934,485.917,0,12353.898,0,765.870,21640,9432,2.980,2.310,1.360,0,1,5.999,0,0,11,36,0,9,0
05-05 21:47:31,4.745,2.498,55.196,35.715,0,1679712,698068,177620,5372896,16272738.084,485.521,0,11936.219,0,701.308,6865,8476,2.980,2.310,1.360,1,2,8.991,0,0,11,36,0,9,0
05-05 21:47:32,6.492,2.747,55.934,31.962,0,1674460,701916,177632,5374228,3913.350,539.359,0,7790.742,0,588.301,4735,8345,2.980,2.310,1.360,3,0,18.977,0,0,11,36,0,9,0
05-05 21:47:33,7.001,3.251,54.008,33.255,0,1673588,701916,177648,5375028,29258.555,486.076,0,11301.759,0,826.129,6243,11447,2.820,2.290,1.350,2,2,24.004,0,0,11,36,0,9,0
05-05 21:47:34,8.494,3.248,47.968,37.974,0,1669868,704916,177652,5375728,8362.361,485.672,0,13858.654,0,893.398,5699,10160,2.820,2.290,1.350,0,3,8.994,0,0,11,36,0,9,0
05-05 21:47:35,5.001,2.500,48.757,40.255,0,1667900,704780,177656,5377740,8366.124,432.058,0,13229.777,0,778.105,4687,8652,2.820,2.290,1.350,1,3,3.000,0,0,11,36,0,9,0
05-05 21:47:36,8.003,3.251,54.019,32.761,0,1664516,707240,177668,5378632,8218.862,486.169,0,10271.576,0,659.230,5016,8894,2.820,2.290,1.350,0,1,0,0,0,11,36,0,9,0
05-05 21:47:37,4.756,2.503,55.064,35.791,0,1662072,708424,177672,5379852,17300.040,486.564,0,9138.586,0,597.692,4086,7324,2.820,2.290,1.350,0,2,0,0,0,11,36,0,9,0
05-05 21:47:38,4.992,2.496,47.429,41.937,0.250,1661364,707668,177680,5381276,10505.180,485.269,0,8890.611,0,601.095,4319,7796,2.750,2.280,1.360,1,1,0,0,0,11,36,0,9,0
05-05 21:47:39,4.002,2.251,49.029,41.774,0,1658764,709296,177680,5382220,6860.015,580.340,0,12083.071,0,766.449,4513,8605,2.750,2.280,1.360,0,1,0,0,0,11,36,0,9,0
05-05 21:47:40,4.999,3.499,41.739,47.238,0,1655624,711152,177688,5383460,4372.862,485.874,0,14804.147,0,907.764,5157,9604,2.750,2.280,1.360,0,1,0,0,0,11,36,0,9,0
05-05 21:47:41,4.754,2.002,54.045,36.030,0,1654036,711152,177692,5384960,8511.141,486.408,0,6565.509,0,489.411,4089,7206,2.750,2.280,1.360,5,1,0,0,0,11,36,0,9,0
05-05 21:47:42,3.996,3.247,48.452,41.709,0,1652856,711064,177692,5386172,5930.159,485.522,0,12751.440,0,763.248,6178,11803,2.750,2.280,1.360,2,1,1.998,0,0,11,36,0,9,0
05-05 21:47:43,6.002,2.501,56.766,31.259,0,1652344,709552,177696,5388116,11101.110,486.136,0,8582.405,0,592.166,4680,8460,2.610,2.260,1.360,1,2,0,0,0,11,36,0,9,0
05-05 21:47:44,10.013,6.008,47.061,35.296,0,1653996,706528,177700,5389376,80470.974,486.629,0,14590.852,0,902.166,6777,19815,2.610,2.260,1.360,0,4,42.054,0,0,11,36,0,10,0
05-05 21:47:45,4.491,2.745,50.903,38.677,0,1653244,706276,177700,5390356,8401.068,485.080,0,12488.317,0,761.556,5273,9689,2.610,2.260,1.360,4,1,5.989,0,0,11,36,0,10,0
05-05 21:47:46,5.257,2.503,54.321,36.298,0,1652736,706024,177704,5391088,12466.327,486.637,0,6628.681,0,480.629,3947,6930,2.610,2.260,1.360,1,2,0,0,0,11,36,0,9,0
05-05 21:47:47,4.500,2.500,56.247,33.498,0,1652412,705772,177716,5391636,3428.804,485.972,0,12559.282,0,849.951,5418,10400,2.610,2.260,1.360,0,3,6.000,0,0,11,36,0,9,0
05-05 21:47:48,4.497,3.497,55.457,34.723,0,1653164,704512,177716,5392136,8923.113,485.625,0,9108.970,0,716.447,5176,9358,2.640,2.270,1.370,0,2,14.988,0,0,11,36,0,9,0
05-05 21:47:49,6.000,3.000,56.496,31.748,0,1653800,703756,177720,5392228,5178.604,485.963,0,13338.980,0,899.931,5538,10082,2.640,2.270,1.370,2,1,8.999,0,0,11,36,0,9,0
05-05 21:47:50,5.506,3.254,58.566,30.784,0,1653512,703756,177720,5392496,4592.146,486.545,0,13018.588,0,877.984,5505,10315,2.640,2.270,1.370,1,2,9.010,0,0,11,36,0,9,0
05-05 21:47:51,5.248,2.999,60.980,28.491,0,1653236,703252,177732,5393252,8824.119,485.841,0,8429.248,0,707.769,4301,8191,2.640,2.270,1.370,0,2,8.997,0,0,11,36,0,9,0
05-05 21:47:52,6.245,2.248,53.208,34.972,0,1652344,703000,177736,5394360,6248.035,485.614,0,12230.281,0,722.426,4288,7658,2.640,2.270,1.370,0,2,6.994,0,0,11,36,0,9,0
05-05 21:47:53,6.262,2.755,58.116,30.811,0,1652868,701992,177736,5394832,16519.900,486.970,0,10148.210,0,779.552,5315,9336,2.750,2.300,1.380,0,2,21.042,0,0,11,36,0,9,0
05-05 21:47:54,6.240,2.496,58.654,29.202,0,1652256,701992,177740,5395432,9237.910,485.207,0,13178.472,0,887.550,5192,9461,2.750,2.300,1.380,3,1,5.990,0,0,11,36,0,1,0
05-05 21:47:55,6.746,2.498,55.714,32.729,0,1652652,700984,177748,5396016,5156.666,485.686,0,13603.205,0,914.409,6058,11651,2.750,2.300,1.380,1,1,11.992,0,0,11,36,0,1,0
05-05 21:47:56,5.513,3.007,51.874,37.590,0,1652804,700228,177748,5396604,7999.121,487.165,0,12726.421,0,846.022,5075,8941,2.750,2.300,1.380,1,1,18.043,0,0,11,38,0,1,0
05-05 21:47:57,15.482,2.997,45.199,33.962,0,1652992,699976,177748,5396660,7465.537,485.450,0,11698.738,0,865.019,7138,12881,2.750,2.300,1.380,4,2,12.985,0,0,11,38,0,1,0
05-05 21:47:58,14.734,6.742,57.186,19.728,0,1508636,843748,177748,5397224,3389.206,485.457,0,6968.200,0,591.338,5956,9174,2.690,2.300,1.380,1,1,169.810,0,0,11,36,0,1,0
05-05 21:47:59,20.042,6.263,62.379,9.770,0,1403416,948952,177748,5397240,7606.776,487.010,0,5924.287,0,357.742,3388,3568,2.690,2.300,1.380,1,0,95.197,0,0,11,32,0,1,0
05-05 21:48:00,23.008,3.251,70.275,3.001,0,1472212,880156,177748,5397240,6054.188,486.176,0,1092.395,0,62.022,1870,1544,2.690,2.300,1.380,1,1,0,0,0,11,32,0,1,0
05-05 21:48:01,22.442,3.990,69.322,3.491,0,1441500,910860,177748,5397248,8414.441,484.758,0,1879.185,0,117.698,2754,2529,2.690,2.300,1.380,1,0,28.926,0,0,11,32,0,1,0
05-05 21:48:02,22.011,3.502,73.538,0,0,1514868,837492,177748,5397248,5257.725,486.252,0,40.021,0,4.002,1866,1400,2.690,2.300,1.380,1,0,2.001,0,0,11,32,0,1,0
05-05 21:48:03,23.734,2.748,69.703,3.498,0,1543656,808692,177748,5397256,2824.096,485.673,0,1782.798,0,108.927,2207,2128,2.560,2.280,1.380,1,1,1.999,0,0,11,34,0,1,0
05-05 21:48:04,15.037,27.318,44.861,10.777,0,1467020,885268,177748,5397312,7814.315,487.204,0,7899.526,0,366.907,7441,7822,2.560,2.280,1.380,5,1,858.121,0,0,11,32,0,1,0
05-05 21:48:05,10.005,25.763,62.532,0.500,0,1478692,873520,177748,5397388,5883.973,486.246,0,480.243,0,46.023,7086,6250,2.560,2.280,1.380,1,0,795.402,0,0,11,32,0,1,0
05-05 21:48:06,9.248,20.245,69.733,0.500,0,1443952,908224,177748,5397424,8969.841,485.883,0,95.977,0,5.999,5987,4603,2.560,2.280,1.380,3,0,431.896,0,0,11,32,0,1,0
05-05 21:48:07,9.250,20.501,68.752,0,0,1434740,917392,177748,5397464,7302.261,528.019,0,44.002,0,11.000,5931,4516,2.560,2.280,1.380,1,0,399.014,0,0,11,32,0,1,0
05-05 21:48:08,24.248,15.999,59.245,0,0,1441700,910236,177748,5397964,8091.271,485.956,0,7.999,0,2.000,6717,8254,2.430,2.250,1.380,3,0,259.977,0,0,11,32,0,1,0
05-05 21:48:09,43.923,8.236,47.666,0,0,1553052,798772,177748,5398180,5375.551,539.052,0,295.481,0,41.926,2950,1672,2.430,2.250,1.380,2,0,38.932,0,0,11,33,0,1,0
05-05 21:48:10,41.957,3.996,49.450,3.496,0,1629704,721912,177764,5398368,3945.000,485.508,103.895,675.315,0.999,31.968,3500,3061,2.430,2.250,1.380,3,0,15.984,0,0,11,49,0,1,0
05-05 21:48:11,47.125,6.517,46.624,0,0,1667152,680072,177824,5402284,3648.684,487.293,0,1255.332,0,145.386,4314,6908,2.430,2.250,1.380,2,0,15.040,0,0,11,48,0,1,0
05-05 21:48:12,12.708,18.190,65.035,2.741,0,1666772,680368,177828,5402748,9289.361,484.402,0,4142.338,0,229.244,6790,6719,2.430,2.250,1.380,1,0,389.715,0,0,11,48,0,1,0
05-05 21:48:13,11.017,5.759,82.878,0.250,0,1653952,693168,177828,5402320,8552.237,486.753,0,380.589,0,31.048,3571,5043,2.240,2.220,1.370,1,0,91.141,0,0,11,48,0,1,0
05-05 21:48:14,0.750,0.500,97.807,0,0.250,1652420,694700,177828,5402320,9841.768,486.285,0,76.045,0,6.004,788,1067,2.240,2.220,1.370,0,0,3.002,0,0,11,48,0,1,0
05-05 21:48:15,0.749,0.749,98.309,0.250,0,1648260,698856,177828,5402324,7460.514,485.058,0,35.930,0,3.992,777,1047,2.240,2.220,1.370,0,0,2.994,0,0,11,48,0,1,0
05-05 21:48:16,0.501,0.501,98.861,0,0,1646456,700656,177832,5402324,7632.581,486.547,0,796.896,0,5.006,709,979,2.240,2.220,1.370,0,0,1.001,0,0,11,48,0,1,0
05-05 21:48:17,3.246,4.745,90.649,0,0,1630360,716780,177832,5402308,8013.037,485.457,0,631.294,0,113.873,2171,2162,2.240,2.220,1.370,1,0,87.902,0,0,11,48,0,1,0
05-05 21:48:18,17.535,13.527,68.134,0,0,1665176,681948,177832,5402320,6717.223,486.959,0,4.008,0,1.002,5474,8553,2.140,2.200,1.370,1,0,274.540,0,0,11,48,0,1,0
05-05 21:48:19,12.758,20.763,65.539,0,0,1689960,656920,177832,5402952,4374.635,724.436,0,20.012,0,5.003,7069,7626,2.140,2.200,1.370,1,0,448.270,0,0,12,48,0,1,0
05-05 21:48:20,17.765,12.760,66.554,1.251,0,1676324,670444,177832,5402608,9862.052,486.397,0,560.458,0,41.034,5848,7564,2.140,2.200,1.370,3,0,258.211,0,0,12,64,0,1,0
05-05 21:48:21,4.251,8.502,86.768,0,0,1675152,671576,177832,5402656,7040.467,486.101,0,0,0,0,2789,2383,2.140,2.200,1.370,1,0,147.031,0,0,14,66,0,1,0
05-05 21:48:22,17.742,12.494,68.218,0,0,1658976,687688,177832,5402700,8987.735,485.769,0,35.983,0,4.998,6468,8324,2.140,2.200,1.370,2,0,247.882,0,0,14,66,0,2,0
05-05 21:48:23,9.735,19.720,68.644,0.998,0,1650656,695952,177836,5402744,7616.250,485.251,0,391.396,0,29.954,6142,5070,2.050,2.180,1.370,2,0,417.356,0,0,14,66,0,2,0
05-05 21:48:24,16.728,17.477,64.914,0.250,0,1655712,690868,177836,5403204,8831.307,527.302,0,343.545,0,23.968,6843,7755,2.050,2.180,1.370,1,0,315.582,0,0,14,66,0,2,0
05-05 21:48:25,28.794,21.032,49.325,0.501,0,1733008,613488,177844,5402824,8234.594,528.809,0,520.797,0,12.018,6308,5619,2.050,2.180,1.370,2,0,527.807,0,0,14,66,0,2,0
05-05 21:48:26,30.305,23.793,44.831,0,0,1796652,548580,177908,5403960,5091.191,486.879,8.014,32.058,1.002,5.009,7399,8830,2.050,2.180,1.370,2,0,677.223,0,0,14,66,0,2,0
05-05 21:48:27,33.750,22.000,43.751,0,0,1879188,465572,177924,5404344,10118.117,486.006,0,36.000,0,9.000,6284,6567,2.050,2.180,1.370,2,0,428.005,0,0,14,70,0,4,0
05-05 21:48:28,59.598,21.695,16.458,1.496,0,2009360,334984,177936,5405172,9350.223,484.767,0,3116.076,0,226.424,6133,6175,2.280,2.220,1.390,4,0,456.838,0,0,14,70,0,4,0
05-05 21:48:29,61.556,18.767,19.017,0,0,2105740,238100,177952,5405644,3903.548,576.524,0,20.018,0,5.005,6962,10107,2.280,2.220,1.390,4,0,316.287,0,0,14,70,0,4,0
05-05 21:48:30,69.801,26.269,3.002,0.500,0,2236264,177564,173408,5341204,10136.370,486.354,164.119,3246.361,9.007,86.063,5894,5966,2.280,2.220,1.390,5,0,580.422,0,0,14,70,0,4,0
05-05 21:48:31,68.995,18.499,2.250,11.249,0,2345008,188004,171960,5226664,5698.616,485.967,691.953,343.977,87.994,19.999,6941,8092,2.280,2.220,1.390,6,0,238.984,0,0,14,74,0,4,0
05-05 21:48:32,54.853,24.684,7.729,11.968,0,2529484,170948,171060,5064136,11565.908,484.697,913.544,6757.833,54.853,347.067,8510,10650,2.280,2.220,1.390,3,3,502.649,0,0,14,76,0,4,0
05-05 21:48:33,47.282,17.011,17.512,16.761,0,2576948,187840,170548,5001624,17577.877,486.329,740.500,13385.044,50.034,416.281,8105,12373,2.660,2.300,1.420,4,2,264.179,0,0,14,77,0,4,0
05-05 21:48:34,61.411,6.768,16.293,14.538,0,2703432,195656,170056,4870904,20253.043,487.276,8.021,9934.017,2.005,316.830,8599,10122,2.660,2.300,1.420,3,1,2.005,0,0,14,79,0,4,0
05-05 21:48:35,66.471,11.995,17.992,3.249,0,2796000,172116,170104,4803404,9492.805,485.785,55.975,2482.903,3.998,127.943,7897,13688,2.660,2.300,1.420,7,1,173.923,0,0,14,82,0,9,0
05-05 21:48:36,48.468,22.485,22.735,4.497,0,2893924,139516,170116,4739608,8785.196,527.651,23.984,1930.724,4.997,109.927,10682,19792,2.660,2.300,1.420,5,0,520.656,0,0,14,97,0,17,0
05-05 21:48:37,18.462,15.468,61.622,2.994,0,2900144,132976,170116,4739944,7281.851,484.991,15.967,1097.716,0.998,50.894,6399,8676,2.660,2.300,1.420,1,0,287.402,0,0,14,97,0,17,0
05-05 21:48:38,43.278,11.507,38.025,6.504,0,3019756,142420,170116,4613656,24935.211,486.316,996.648,7448.843,12.008,529.344,4854,3497,2.610,2.300,1.420,3,1,127.083,0,0,14,98,0,17,0
05-05 21:48:39,27.049,12.272,51.093,9.267,0,3069520,158516,170124,4549248,15774.645,581.055,8.015,3466.294,2.004,194.353,5198,5117,2.610,2.300,1.420,1,0,171.311,0,0,14,101,0,17,0
05-05 21:48:40,7.991,18.977,70.666,0,0,3095016,132984,170124,4549284,17471.250,575.317,3.995,351.582,0.999,28.966,5952,4802,2.610,2.300,1.420,1,0,392.534,0,0,14,101,0,17,0
05-05 21:48:41,8.009,19.772,71.081,0.250,0,3087744,140220,170124,4549320,16072.243,486.552,0,96.109,0,5.006,5766,4382,2.610,2.300,1.420,1,0,381.433,0,0,14,101,0,17,0
05-05 21:48:42,20.707,5.738,72.847,0,0,3144876,150520,170128,4483528,13451.807,484.984,3.992,0,0.998,0,2237,1598,2.610,2.300,1.420,2,0,46.902,0,0,14,101,0,17,0
05-05 21:48:43,17.272,2.503,79.351,0.501,0,3149136,146236,170128,4483552,42017.361,23239.514,8.010,540.687,2.003,24.031,2676,2724,2.480,2.280,1.420,1,0,0,0,0,14,103,0,18,0
05-05 21:48:44,25.477,8.492,62.943,1.998,0,3154344,140988,170128,4483592,15341.069,485.559,15.985,6733.885,1.998,260.763,3819,17326,2.480,2.280,1.420,2,0,104.905,0,0,14,103,0,19,0
05-05 21:48:45,16.988,2.498,74.699,4.747,0,3174180,121156,170128,4483608,18124.591,6955.238,0,3093.882,0,334.771,2759,2743,2.480,2.280,1.420,1,0,1.999,0,0,14,110,0,20,0
05-05 21:48:46,21.764,5.754,64.541,6.004,0,3168908,125604,170144,4484384,7563.835,486.311,316.202,2413.543,19.012,247.158,4925,7342,2.480,2.280,1.420,1,0,3.002,0,0,14,113,0,20,0
05-05 21:48:47,34.738,10.247,52.482,1.749,0,3177944,246104,170144,4357828,13817.358,1628.453,51.983,1459.510,3.999,117.960,5790,6656,2.480,2.280,1.420,1,0,114.961,0,0,14,116,0,21,0
05-05 21:48:48,21.487,2.998,72.707,1.749,0,3245176,178832,170144,4357868,16534.131,2450.537,3.998,751.551,0.999,49.970,2159,1892,2.360,2.250,1.410,1,0,0.999,0,0,14,119,0,21,0
05-05 21:48:49,16.505,3.501,75.274,3.001,0,3250404,173540,170144,4357936,13386.312,6899.222,32.010,832.268,2.001,62.020,2457,2686,2.360,2.250,1.410,1,0,2.001,0,0,14,123,0,21,0
05-05 21:48:50,29.088,6.520,58.677,5.015,0,3276136,147764,170148,4357976,6175.669,1775.367,0,3185.630,0,252.764,5494,7569,2.360,2.250,1.410,3,0,57.173,0,0,14,124,0,22,0
05-05 21:48:51,43.694,8.988,46.190,0.749,0,3365752,122052,170148,4295904,8365.224,485.375,0,1645.880,0,97.874,3694,2844,2.360,2.250,1.410,2,0,44.942,0,0,14,124,0,22,0
05-05 21:48:52,23.176,6.230,68.033,1.495,0,3345176,205484,170148,4234668,32314.984,22950.836,175.441,574.170,0.997,27.911,2999,2283,2.360,2.250,1.410,1,0,55.822,0,0,14,124,0,23,0
05-05 21:48:53,19.528,3.505,76.609,0.250,0,3383952,166704,170148,4234672,11968.002,2497.548,0,440.626,0,23.033,1796,1356,2.250,2.230,1.410,1,0,0,0,0,14,125,0,23,0
05-05 21:48:54,18.728,4.495,74.911,0,0,3374984,175652,170148,4234692,28110.660,21128.940,0,0,0,0,2583,2024,2.250,2.230,1.410,2,0,50.940,0,0,14,124,0,24,0
05-05 21:48:55,19.551,2.507,77.703,0.251,0,3379596,171024,170148,4234708,16174.286,6154.089,8.021,132.346,2.005,13.034,1927,1577,2.250,2.230,1.410,1,0,0,0,0,14,125,0,24,0
05-05 21:48:56,17.236,6.245,71.691,2.748,0,3352508,198068,170148,4234752,8949.615,2451.977,3.997,1826.493,0.999,148.877,3809,4464,2.250,2.230,1.410,2,0,81.932,0,0,14,124,0,25,0
05-05 21:48:57,28.225,4.746,64.693,2.248,0,3386680,163612,170148,4235036,5738.980,2503.810,31.972,663.420,1.998,52.954,3870,5384,2.250,2.230,1.410,0,0,6.994,0,0,14,127,0,25,0
05-05 21:48:58,17.265,5.255,76.318,0,0,3385364,164904,170152,4235056,26291.547,21142.935,0,332.298,0,20.018,2622,2095,2.150,2.210,1.410,1,0,55.049,0,0,14,126,0,26,0
05-05 21:48:59,19.495,2.999,69.981,6.998,0,3419984,192416,170152,4174400,12053.683,6065.331,7.998,2855.214,1.999,315.913,2372,1777,2.150,2.210,1.410,2,0,1.999,0,0,14,127,0,26,0
05-05 21:49:00,18.304,3.260,69.455,7.271,0,3419264,192928,170180,4174580,10769.754,1615.764,96.284,2126.269,10.030,247.730,4951,7485,2.150,2.210,1.410,1,1,1.003,0,0,14,128,0,26,0
05-05 21:49:01,21.199,6.484,64.096,5.487,0,3355780,256188,170180,4174804,9496.118,1721.851,31.923,4058.221,1.995,261.370,5458,7414,2.150,2.210,1.410,1,0,52.873,0,0,14,127,0,28,0
05-05 21:49:02,19.766,2.252,77.563,0.250,0,3414224,197740,170180,4174808,11268.215,2872.349,0,520.426,0,28.023,1792,1409,2.150,2.210,1.410,2,0,1.001,0,0,14,128,0,28,0
05-05 21:49:03,17.770,3.504,72.831,5.506,0,3413932,197996,170180,4174844,18442.533,8329.273,0,5193.782,0,141.157,3523,4485,2.140,2.210,1.410,3,1,0,0,0,14,128,0,28,0
05-05 21:49:04,29.500,5.250,59.751,3.500,0,3418768,193064,170180,4174940,7730.099,486.006,0,2556.033,0,194.002,8536,13667,2.140,2.210,1.410,3,0,1.000,0,0,14,130,0,28,0
05-05 21:49:05,24.975,6.993,63.438,3.746,0,3448504,163296,170180,4174972,4680.396,1404.618,0,1674.353,0,109.892,3909,4631,2.140,2.210,1.410,3,1,76.924,0,0,14,129,0,29,0
05-05 21:49:06,16.468,1.996,76.602,3.743,0,3466492,145280,170180,4175000,16332.357,8889.777,15.969,2698.771,0.998,150.708,2404,2816,2.140,2.210,1.410,1,1,0,0,0,14,130,0,29,0
05-05 21:49:07,17.749,8.749,65.995,6.000,0,3431056,180676,170180,4175040,7929.407,1740.870,0,1143.914,0,103.992,4287,4891,2.140,2.210,1.410,2,0,147.989,0,0,14,131,0,30,0
05-05 21:49:08,19.028,3.004,77.365,1.252,0,3474180,137548,170180,4175044,9686.460,6272.363,0,544.813,0,35.052,1720,1405,1.970,2.170,1.400,2,0,0,0,0,14,132,0,30,0
05-05 21:49:09,18.264,3.002,73.555,2.502,0,3463576,148128,170180,4175068,15573.610,6267.672,0,1805.346,0,82.061,5202,7742,1.970,2.170,1.400,4,0,0,0,0,14,132,0,30,0
05-05 21:49:10,23.669,6.478,63.534,5.232,0,3455684,155840,170184,4175244,7433.714,538.169,0,1247.756,0,126.569,6281,8913,1.970,2.170,1.400,2,0,0,0,0,14,132,0,30,0
05-05 21:49:11,42.366,13.537,37.101,5.014,0,3385596,225660,170184,4175448,11582.675,2410.592,32.088,2029.550,2.005,204.559,13771,22776,1.970,2.170,1.400,2,0,290.795,0,0,14,133,0,31,0
05-05 21:49:12,22.214,2.995,72.880,0.998,0,3448336,162908,170184,4175460,8019.827,3095.915,0,662.911,0,35.941,2421,2337,1.970,2.170,1.400,2,0,0.998,0,0,14,134,0,31,0
05-05 21:49:13,16.538,10.274,71.915,1.002,0,3455592,155644,170184,4175484,8300.045,5613.882,0,613.408,0,35.080,3998,3427,1.890,2.150,1.400,1,0,206.474,0,0,14,133,0,32,0
05-05 21:49:14,9.732,20.213,68.375,0.250,0,3355456,255592,170184,4175656,7643.981,539.011,0,650.806,0,42.921,6187,5032,1.890,2.150,1.400,1,0,420.229,0,0,14,133,0,32,0
05-05 21:49:15,23.027,15.268,57.068,3.254,0,3384680,226348,170184,4175680,7637.057,486.577,0,3155.742,0,306.363,6978,8436,1.890,2.150,1.400,2,0,276.328,0,0,14,133,0,32,0
05-05 21:49:16,31.294,23.033,41.559,3.255,0,3443540,167436,170184,4175732,3180.495,556.787,0,1582.236,0,117.166,6659,5991,1.890,2.150,1.400,3,0,556.787,0,0,14,133,0,32,0
05-05 21:49:17,31.981,16.241,47.722,2.499,0,3490740,181120,170192,4116680,7437.678,539.686,43.974,539.686,2.998,28.983,7292,10494,1.890,2.150,1.400,3,0,288.832,0,0,16,139,0,32,0
05-05 21:49:18,57.560,26.778,15.266,0.250,0,3659592,155600,170192,3975580,9675.019,486.504,76.079,888.921,8.008,63.065,8818,13783,2.220,2.220,1.430,5,0,646.670,0,0,16,145,0,32,0
05-05 21:49:19,61.583,19.447,17.203,0.249,0,3783104,130040,170192,3878756,9815.353,484.684,31.913,937.455,2.992,41.886,8436,15898,2.220,2.220,1.430,4,0,350.050,0,0,16,161,0,32,0
05-05 21:49:20,38.824,22.543,37.822,0.751,0,3853296,154880,170192,3785244,7700.696,486.929,8.015,849.621,2.004,31.059,7667,8756,2.220,2.220,1.430,2,0,634.210,0,0,16,161,0,32,0
05-05 21:49:21,24.518,19.014,55.291,0.250,0,3872024,136252,170196,3785576,6183.565,576.426,8.006,500.369,2.001,34.025,7129,8348,2.220,2.220,1.430,2,0,410.303,0,0,17,161,0,32,0
05-05 21:49:22,27.438,18.957,51.633,0.249,0,3929400,133096,170196,3732288,10233.816,484.902,3.991,275.376,0.998,16.962,7076,7434,2.220,2.220,1.430,4,0,475.922,0,0,17,161,0,32,0
05-05 21:49:23,39.260,19.505,40.761,0.500,0,3993500,119216,170196,3683740,7839.056,486.127,12.003,364.095,3.001,28.007,8196,9437,2.200,2.210,1.430,3,0,381.100,0,0,17,167,0,32,0
05-05 21:49:24,27.766,22.263,48.028,0.250,0,4062856,143484,170196,3591756,11532.685,556.322,16.009,328.190,1.001,18.010,6936,6313,2.200,2.210,1.430,2,0,589.342,0,0,17,167,0,31,2
05-05 21:49:25,39.804,26.786,31.293,0.751,0,4189112,128588,170196,3482940,7344.001,486.663,24.033,789.075,6.008,54.074,11706,21348,2.200,2.210,1.430,4,0,696.949,0,0,17,179,0,31,2
05-05 21:49:26,13.225,18.216,65.878,0.749,0,4199044,159352,170196,3442844,9520.361,485.101,0,475.120,0,28.946,6596,7783,2.200,2.210,1.430,1,0,364.325,0,0,17,179,0,31,2
05-05 21:49:27,31.158,12.962,53.592,2.493,0,4276188,119416,170196,3406356,7301.486,538.414,518.472,462.637,8.974,19.941,5600,5907,2.200,2.210,1.430,1,1,194.427,0,0,17,185,0,31,2
05-05 21:49:28,43.123,7.772,46.382,2.006,0,4406500,150976,170196,3248784,5327.146,541.540,625.779,501.426,11.031,39.111,3168,1923,2.180,2.210,1.430,3,0,1.003,0,0,17,185,0,29,2
05-05 21:49:29,38.053,7.510,53.324,1.252,0,4349480,264440,170200,3193576,4357.029,486.673,116.161,356.493,10.014,36.050,3698,3076,2.180,2.210,1.430,1,0,57.079,0,0,17,204,0,29,2
05-05 21:49:30,30.716,24.972,37.958,5.244,0,4427640,185388,170200,3194420,9054.864,539.396,775.132,5365.993,8.990,456.489,7853,7472,2.180,2.210,1.430,3,0,638.285,0,0,17,207,0,29,2
05-05 21:49:31,36.771,22.763,36.021,3.252,0,4470692,183636,170200,3154540,18759.722,9230.276,536.307,1564.894,13.007,96.055,7749,10627,2.180,2.210,1.430,3,1,435.249,0,0,17,211,0,30,2
05-05 21:49:32,65.424,14.869,17.347,1.735,0,4565484,125204,170204,3119768,6937.870,624.497,364.786,2708.138,9.913,83.266,5463,5366,2.180,2.210,1.430,3,0,152.655,0,0,17,212,0,30,2
05-05 21:49:33,48.230,10.858,24.241,15.403,0,4652604,157980,170208,3002888,17779.054,10633.898,1349.438,6484.577,45.453,120.197,4597,4915,2.170,2.200,1.440,2,0,31.312,0,0,17,223,0,30,2
05-05 21:49:34,51.069,10.463,17.438,19.182,0,4651204,186536,170244,2976764,9229.215,1394.048,6058.479,1984.949,454.386,129.540,6198,6788,2.170,2.200,1.440,3,0,30.890,0,0,17,228,0,31,2
05-05 21:49:35,40.373,18.807,37.865,2.257,0,4713124,135228,170248,2966372,16442.047,8627.260,64.195,938.858,5.015,44.134,7638,9377,2.170,2.200,1.440,3,0,408.243,0,0,17,231,0,35,2
05-05 21:49:36,34.516,17.508,40.519,6.753,0,4688768,158376,170248,2967548,9052.160,3285.510,64.029,23975.017,2.001,697.320,7549,8428,2.170,2.200,1.440,3,0,311.143,0,0,17,229,0,25,2
05-05 21:49:37,47.567,21.169,28.391,1.245,0,4746832,176160,170248,2893796,16145.973,8307.087,55.786,470.194,3.985,20.920,7269,8426,2.170,2.200,1.440,3,0,425.366,0,0,17,232,0,25,0
05-05 21:49:38,54.142,23.703,18.463,3.493,0,4794684,159764,170256,2862836,7973.107,3706.611,1033.939,950.106,45.908,53.893,7452,10374,3.280,2.430,1.520,7,0,398.206,0,0,17,231,0,26,0
05-05 21:49:39,56.734,22.091,19.581,1.506,0,4852324,166652,170264,2799404,13264.821,8413.773,277.145,787.254,13.054,38.158,8997,12199,3.280,2.430,1.520,4,0,458.897,0,0,17,236,0,29,0
05-05 21:49:40,54.841,22.185,20.939,0.997,0,4902196,142024,170268,2775160,11861.508,3695.255,215.374,1336.115,12.962,85.751,8536,14003,3.280,2.430,1.520,5,2,431.745,0,0,17,243,0,29,0
05-05 21:49:41,58.666,16.045,23.316,1.254,0,5009660,132824,170272,2679040,11683.019,6216.570,336.952,629.780,21.060,33.094,5972,6639,3.280,2.430,1.520,3,0,189.536,0,0,17,248,0,29,0
05-05 21:49:42,58.982,10.497,27.242,2.249,0,5046468,147068,170276,2629108,19037.224,11467.521,967.706,939.715,20.994,47.985,7205,15831,3.280,2.430,1.520,3,0,17.995,0,0,17,250,0,31,0
05-05 21:49:43,50.812,8.010,32.540,8.260,0,5124884,140800,170276,2558944,16357.914,8696.587,1694.062,909.107,90.110,62.076,5454,7313,3.180,2.430,1.520,4,0,13.016,0,0,17,257,0,34,0
05-05 21:49:44,53.389,20.362,23.094,1.987,0,5070836,211764,170420,2542240,15556.691,6322.203,1501.834,1556.464,33.771,78.469,7233,7420,3.180,2.430,1.520,7,3,408.236,0,0,17,259,0,34,0
05-05 21:49:45,49.122,25.191,23.176,1.008,0,5126040,153048,170532,2545980,15977.110,8626.390,3921.728,979.424,50.382,69.527,7649,22338,3.180,2.430,1.520,2,0,515.911,0,0,17,260,0,35,0
05-05 21:49:46,61.438,19.231,18.731,0.749,0,5155524,123336,170532,2546052,10691.254,3881.099,783.213,1186.807,8.991,54.945,6887,7636,3.180,2.430,1.520,4,0,251.747,0,0,18,262,0,36,0
05-05 21:49:47,70.819,10.760,6.006,12.012,0,5248448,133748,170532,2446896,9743.429,6373.168,2242.170,2298.224,109.106,232.225,5231,3869,3.180,2.430,1.520,3,3,14.014,0,0,18,268,0,36,0
05-05 21:49:48,70.807,10.970,12.217,5.485,0,5290700,144488,170540,2395792,13987.792,5655.552,2545.048,2664.721,122.665,145.602,6444,6707,3.320,2.470,1.540,6,1,17.951,0,0,18,268,0,37,0
05-05 21:49:49,58.778,15.193,22.415,2.989,0,5361320,140904,170544,2331044,13953.238,6713.614,988.263,1295.103,22.913,93.646,7304,9506,3.320,2.470,1.540,5,0,227.141,0,0,18,277,0,35,0
05-05 21:49:50,34.472,8.052,54.098,2.265,0,5329160,195668,170552,2309060,17759.399,6970.904,781.031,716.616,8.052,63.408,3919,3384,3.320,2.470,1.540,2,0,12.078,0,0,18,276,0,36,0
05-05 21:49:51,41.751,8.000,48.501,1.000,0,5394512,122032,170552,2317296,8391035.877,75063.520,560.011,748.015,7.000,63.001,7228,5481,3.320,2.470,1.540,3,0,9.000,0,0,18,282,0,36,0
05-05 21:49:52,38.122,13.704,44.850,2.242,0,5357152,197896,170552,2280412,8155021.094,76933.024,2790.642,797.326,30.896,65.779,8561,6479,3.320,2.470,1.540,5,0,266.108,0,0,18,280,0,37,0
05-05 21:49:53,39.106,5.264,54.397,1.253,0,5448072,133208,170552,2254820,16778.341,8466.881,0,497.344,0,39.106,3153,2184,3.140,2.450,1.540,2,0,2.005,0,0,18,286,0,35,0
05-05 21:49:54,28.180,4.988,59.102,6.484,0,5417412,163216,170552,2255476,35961.149,639343.564,462.844,4133.672,27.930,107.731,5403,7715,3.140,2.450,1.540,1,0,39.900,0,0,18,290,0,39,0
05-05 21:49:55,2.495,0.998,92.565,0.998,0,5361976,218648,170552,2255480,531662.595,15751252.760,0,379.242,0,22.954,2344,1496,3.140,2.450,1.540,2,0,0,0,0,18,294,0,39,0
05-05 21:49:56,20.295,4.009,69.153,6.264,0,5355992,208512,170556,2271564,16417291.022,109507.584,64.142,9797.614,3.007,46.102,9012,9606,3.140,2.450,1.540,1,2,1.002,0,0,18,295,0,40,0
05-05 21:49:57,13.018,12.768,59.084,13.770,0,5281560,282840,170556,2271668,12003.012,3611.118,28.040,17729.128,2.003,883.252,5483,4889,3.140,2.450,1.540,1,0,269.382,0,0,18,292,0,42,0
05-05 21:49:58,20.267,7.757,70.060,1.001,0,5321148,243228,170556,2271692,7333.264,486.415,0,292.250,0,30.026,3596,3568,2.960,2.420,1.530,1,0,196.168,0,0,18,292,0,42,0
05-05 21:49:59,13.979,12.232,71.893,0.250,0,5299492,264856,170556,2271720,3403.951,581.138,0,67.899,0,5.991,4350,3395,2.960,2.420,1.530,1,0,209.689,0,0,18,292,0,42,0
05-05 21:50:00,8.512,19.778,70.349,0.501,0,5308148,256028,170688,2271760,4906.893,486.684,132.186,68.096,3.004,6.008,5771,4567,2.960,2.420,1.530,2,0,375.527,0,0,18,292,0,42,0
05-05 21:50:01,2.491,3.736,92.398,0.249,0,5297800,266364,170688,2271772,11547.045,537.952,0,426.377,0,34.867,2045,2509,2.960,2.420,1.530,2,0,84.678,0,0,18,294,0,40,0
05-05 21:50:02,20.040,4.258,68.385,6.513,0,5363432,200652,170692,2271836,6354.537,529.044,48.095,1082.135,7.014,148.293,2424,1923,2.960,2.420,1.530,1,1,12.024,0,0,18,294,0,40,0
05-05 21:50:03,17.492,2.749,62.970,15.493,0,5341556,222448,170692,2271912,17077.848,9481.474,63.969,10842.825,3.998,554.735,2941,2489,2.810,2.400,1.530,1,0,15.992,0,0,18,298,0,41,0
05-05 21:50:04,11.022,15.030,70.390,2.004,0,5310708,253072,170696,2272100,7708.282,583.156,12.024,184.366,3.006,13.026,5151,4043,2.810,2.400,1.530,3,0,233.463,0,0,18,298,0,41,0
05-05 21:50:05,11.261,16.766,70.566,0.250,0,5290660,272568,170696,2272608,7514.061,486.457,0,292.275,0,23.022,5526,4720,2.810,2.400,1.530,1,0,237.223,0,0,18,298,0,39,0
05-05 21:50:06,17.681,9.214,70.723,0.747,0,5332468,230656,170696,2272696,8003.606,537.890,35.859,422.343,1.992,36.855,3691,3485,2.810,2.400,1.530,2,0,115.547,0,0,18,298,0,39,0
05-05 21:50:07,24.003,3.000,71.509,1.750,0,5401904,161112,170696,2272804,3265.412,528.067,104.013,324.041,1.000,30.004,1987,1786,2.810,2.400,1.530,4,0,2.000,0,0,18,302,0,39,0
05-05 21:50:08,21.771,2.753,70.818,3.253,0,5366264,196428,170696,2273128,3338.217,528.509,300.289,656.633,11.011,53.051,2474,2361,2.660,2.370,1.530,4,0,9.009,0,0,18,302,0,39,0
05-05 21:50:09,24.016,2.251,72.797,0.250,0,5370832,191836,170696,2273152,7733.037,540.352,24.016,120.078,4.003,13.008,2128,1713,2.660,2.370,1.530,3,0,0,0,0,18,302,0,38,0
05-05 21:50:10,17.472,3.744,77.873,0,0,5386924,175736,170696,2273160,17239.902,8905.486,0,3.993,0,0.998,2313,2093,2.660,2.370,1.530,3,0,3.993,0,0,18,305,0,39,0
05-05 21:50:11,18.516,3.003,74.815,3.003,0,5336628,226004,170700,2273184,20403.824,11090.688,0,408.357,0,35.031,2992,2939,2.660,2.370,1.530,3,0,17.015,0,0,18,304,0,40,0
05-05 21:50:12,22.985,3.498,72.953,0,0,5396096,166536,170700,2273184,5486.461,485.687,0,59.961,0,3.997,2001,1535,2.660,2.370,1.530,3,0,0.999,0,0,18,304,0,40,0
05-05 21:50:13,17.045,10.277,71.438,0.501,0,5386128,176344,170708,2273336,9189.153,487.281,393.033,393.033,5.013,22.058,3963,3248,2.530,2.350,1.520,2,0,181.477,0,0,18,304,0,38,0
05-05 21:50:14,9.992,18.984,67.944,1.749,0,5347240,214996,170708,2273620,6845.404,539.559,163.866,419.657,11.990,13.989,5939,5114,2.530,2.350,1.520,3,0,401.672,0,0,18,304,0,38,0
05-05 21:50:15,21.682,3.240,73.768,0.249,0,5377488,184732,170712,2273632,4089.121,1557.096,0,175.447,0,9.969,2259,1741,2.530,2.350,1.520,1,0,32.896,0,0,18,305,0,38,0
05-05 21:50:16,17.839,2.261,74.624,4.020,0,5392884,163264,170932,2279368,14048.385,1702.530,0,1374.888,0,48.242,2109,2163,2.530,2.350,1.520,4,0,1.005,0,0,18,304,0,38,0
05-05 21:50:17,18.205,2.743,78.056,0.499,0,5392176,162796,170952,2280508,14565.857,3472.384,0,7094.396,0,19.950,2032,1673,2.530,2.350,1.520,3,0,17.955,0,0,18,305,0,38,0
05-05 21:50:18,23.220,5.992,66.663,1.997,0,5396544,153500,171488,2284756,4890.588,659.136,0,2324.952,0,162.787,10628,19181,2.410,2.330,1.520,3,0,14.980,0,0,18,306,0,38,0
05-05 21:50:19,18.821,4.517,74.530,1.255,0,5389912,159592,171564,2285220,16379.544,3506.174,24.091,489.840,4.015,8.030,10063,18826,2.410,2.330,1.520,1,0,10.038,0,0,18,307,0,38,0
05-05 21:50:20,19.685,4.734,72.011,2.243,0,5378088,169664,171684,2286808,9364.932,538.214,0,1172.112,0,41.861,2433,2188,2.410,2.330,1.520,1,1,10.964,0,0,18,307,0,38,0
05-05 21:50:21,14.255,14.005,67.773,2.751,0,5337064,222304,171692,2275312,9387.125,660.220,0,1320.440,0,59.020,4925,4807,2.410,2.330,1.520,2,0,268.089,0,0,18,306,0,38,0
05-05 21:50:22,20.989,1.749,75.961,0.250,0,5378432,180752,171692,2275496,9585.103,2450.748,0,147.924,0,8.995,1859,1469,2.410,2.330,1.520,1,0,0.999,0,0,18,307,0,38,0
05-05 21:50:23,17.272,7.509,74.594,0.250,0,5305940,253208,171692,2275532,11799.918,8852.191,16.020,15980.203,1.001,19.024,3317,2734,2.290,2.310,1.520,2,0,116.147,0,0,18,306,0,41,0
05-05 21:50:24,20.207,3.243,68.853,6.736,0,5362612,196528,171692,2275540,10050.480,2446.761,0,3205.137,0,477.977,2168,1624,2.290,2.310,1.520,3,0,0,0,0,18,307,0,41,0
05-05 21:50:25,18.760,6.253,74.290,0,0,5382504,176628,171692,2275548,13080.035,7201.873,0,32.017,0,2.001,2800,2355,2.290,2.310,1.520,2,0,70.038,0,0,18,306,0,42,0
05-05 21:50:26,20.274,2.503,75.089,1.502,0,5432064,126996,171692,2275620,13405.839,6206.333,64.076,260.308,3.004,21.025,2419,2283,2.290,2.310,1.520,2,0,0,0,0,18,307,0,42,0
05-05 21:50:27,19.516,5.004,74.062,0.250,0,5400368,158656,171692,2275656,14038.665,7859.531,16.013,4.003,1.001,1.001,2691,2279,2.290,2.310,1.520,3,0,58.048,0,0,18,306,0,43,0
05-05 21:50:28,19.919,1.992,76.439,0.249,0,5414508,144508,171692,2275664,14630.520,6173.900,0,55.773,0,3.984,2057,1642,2.110,2.270,1.510,2,0,0,0,0,18,309,0,43,0
05-05 21:50:29,20.793,5.512,73.403,0,0,5433972,124908,171692,2275800,13785.797,5004.454,0,0,0,0,2817,2382,2.110,2.270,1.510,2,0,33.069,0,0,18,308,0,46,0
05-05 21:50:30,18.770,3.254,77.084,0,0,5424516,134296,171692,2275868,11377.346,8348.059,0,140.152,0,15.016,2441,2437,2.110,2.270,1.510,1,0,3.003,0,0,18,311,0,46,0
05-05 21:50:31,20.436,5.483,70.032,2.741,0,5393916,164808,171692,2275956,9345.877,3638.661,47.851,665.925,2.991,65.795,3777,4019,2.110,2.270,1.510,2,0,48.848,0,0,18,310,0,47,0
05-05 21:50:32,18.536,2.755,77.400,0.501,0,5420336,138384,171692,2275960,14532.105,8438.319,0,184.357,0,10.019,2007,1648,2.110,2.270,1.510,2,0,1.002,0,0,18,311,0,48,0
05-05 21:50:33,21.040,5.009,72.136,0.751,0,5410092,148612,171692,2275976,11442.523,2830.324,0,172.324,0,7.013,2708,2308,2.020,2.250,1.510,2,0,32.060,0,0,18,310,0,50,0
05-05 21:50:34,16.260,2.251,81.048,0,0,5430872,127812,171700,2275988,31124.375,8674.121,0,676.399,0,14.008,2119,1795,2.020,2.250,1.510,3,0,0,0,0,18,311,0,49,0
05-05 21:50:35,8.972,8.473,75.513,5.732,0,5373452,184448,172060,2276412,12483.742,4365.272,661.918,2344.627,135.574,340.928,4170,4372,2.020,2.250,1.510,1,1,179.436,0,0,18,312,0,50,0
05-05 21:50:36,3.254,1.752,90.602,3.003,0,5365308,192088,172248,2276728,22751.608,3265.676,476.536,552.622,116.131,43.048,1986,2643,2.020,2.250,1.510,2,0,8.009,0,0,18,312,0,51,1
05-05 21:50:37,4.754,6.256,87.581,0.500,0,5366320,191048,172248,2276756,13874.858,3680.411,0,264.245,0,11.010,2601,2369,2.020,2.250,1.510,1,0,119.110,0,0,18,314,0,51,0
05-05 21:50:38,9.477,11.223,72.075,5.986,0.249,5367256,189344,172248,2277524,5213.371,891.840,698.308,562.637,60.853,28.930,3982,3396,1.940,2.220,1.500,1,1,207.497,0,0,18,312,0,46,0
05-05 21:50:39,12.274,3.507,72.142,10.771,0,5374304,172488,172412,2287136,4400.685,581.147,3078.075,801.582,260.514,17.034,2132,2190,1.940,2.220,1.500,1,0,6.012,0,0,18,312,0,46,0
05-05 21:50:40,19.522,2.753,76.837,0.250,0,5370732,171516,172588,2291408,12968.688,2498.830,0,728.825,0,5.006,1955,1789,1.940,2.220,1.500,2,0,16.018,0,0,18,313,0,46,0
05-05 21:50:41,16.952,3.241,75.537,3.241,0,5377696,160728,172632,2295156,15022.719,3084.319,0,1675.285,0,75.787,2735,2796,1.940,2.220,1.500,3,0,14.958,0,0,18,312,0,46,0
05-05 21:50:42,10.027,13.286,67.933,7.270,0,5310720,225264,172668,2297528,8246.208,487.312,998.690,3629.775,21.057,150.405,5336,5233,1.940,2.220,1.500,2,2,289.780,0,0,18,312,0,40,0
05-05 21:50:43,19.778,3.004,75.108,1.753,0,5371356,164620,172668,2297536,10794.536,2875.138,0,869.251,0,50.072,1969,1738,1.860,2.200,1.500,3,0,0,0,0,18,313,0,40,0
05-05 21:50:44,20.706,5.488,72.346,0,0,5380376,155576,172668,2297560,30093.851,20595.099,0,131.719,0,1.996,2810,2202,1.860,2.200,1.500,3,0,52.887,0,0,18,312,0,42,0
05-05 21:50:45,25.267,5.504,67.295,1.501,0,5361816,189120,172664,2283184,13781.158,6257.158,0,248.165,0,30.020,3497,15025,1.860,2.200,1.500,2,0,36.024,0,0,18,313,0,43,0
05-05 21:50:46,20.482,3.747,73.687,0.749,0,5379824,170928,172664,2283368,8314.895,3623.903,47.959,291.751,2.997,26.977,2664,2649,1.860,2.200,1.500,2,0,14.987,0,0,18,314,0,36,0
05-05 21:50:47,19.239,2.499,77.707,0.750,0,5403440,147308,172664,2283372,13575.566,6755.301,0,187.897,0,10.994,1884,1562,1.860,2.200,1.500,1,0,0,0,0,18,315,0,36,0
05-05 21:50:48,17.805,3.762,64.449,12.037,0,5367680,181380,172664,2285060,10239.638,2063.375,1689.219,1492.612,58.180,166.514,5644,8878,1.790,2.180,1.500,1,0,7.022,0,0,18,316,0,37,0
05-05 21:50:49,21.706,3.493,73.601,0.249,0,5402168,146796,172664,2285156,6672.469,1942.062,0,1916.114,0,134.727,2159,1757,1.790,2.180,1.500,1,0,0,0,0,18,317,0,37,0
05-05 21:50:50,15.253,3.001,73.766,7.252,0,5404396,144528,172668,2285192,16868.744,8692.929,80.018,3664.813,3.001,487.108,3718,4607,1.790,2.180,1.500,3,2,0,0,0,18,317,0,35,0
05-05 21:50:51,15.773,13.770,62.092,5.759,0,5368344,180456,172672,2285312,9815.573,1834.724,0,2780.128,0,212.315,6732,8000,1.790,2.180,1.500,1,0,329.489,0,0,18,316,0,36,0
05-05 21:50:52,9.256,22.765,67.795,0.500,0,5368620,180144,172672,2285348,9594.368,486.323,0,424.282,0,29.019,7118,6479,1.790,2.180,1.500,1,0,685.455,0,0,18,316,0,36,0
05-05 21:50:53,7.738,22.714,66.643,1.248,0,5371700,177032,172672,2285380,9335.038,485.222,0,998.400,0,67.891,7088,6471,1.730,2.160,1.490,1,0,658.944,0,0,18,316,0,36,0
05-05 21:50:54,8.487,21.466,65.147,2.995,0,5356176,192528,172672,2285408,5162.858,485.235,0,1964.901,0,52.917,6553,5722,1.730,2.160,1.490,3,0,546.139,0,0,18,316,0,32,0
05-05 21:50:55,8.772,22.056,68.173,0.251,0,5353572,195096,172672,2285444,8248.975,541.377,0,216.551,0,23.059,6964,6333,1.730,2.160,1.490,1,0,632.609,0,0,18,316,0,32,0
05-05 21:50:56,8.504,22.510,68.030,0,0,5348112,200524,172672,2285476,9124.042,486.215,0,44.019,0,11.005,7027,6234,1.730,2.160,1.490,1,0,634.281,0,0,18,316,0,32,0
05-05 21:50:57,12.732,13.980,71.397,0.999,0,5342632,245456,172676,2248248,4640.332,539.225,3.994,27.960,0.999,4.993,4912,4276,1.730,2.160,1.490,0,1,349.498,0,0,18,316,0,32,0
05-05 21:50:58,19.442,5.234,71.537,2.493,0,5354992,290568,173000,2198280,8001.160,484.556,7.976,2301.144,1.994,7.976,2240,1830,1.670,2.140,1.490,2,0,3.988,0,0,18,316,0,25,0
05-05 21:50:59,16.550,2.006,78.739,1.755,0,5356480,286948,173000,2200452,13910.281,4925.973,84.256,962.927,9.027,9.027,1890,1669,1.670,2.140,1.490,3,0,16.049,0,0,18,317,0,25,0
05-05 21:51:00,7.733,0.998,85.807,3.991,0,5368108,274668,173000,2201104,15599.942,4585.695,578.699,694.439,26.939,32.926,1537,1832,1.670,2.140,1.490,2,0,0,0,0,18,317,0,25,0
05-05 21:51:01,5.257,1.252,91.622,1.502,0,5364584,277944,173004,2201348,13953.526,4387.826,188.250,1265.680,20.027,84.112,1628,2215,1.670,2.140,1.490,2,0,0,0,0,18,317,0,25,0
05-05 21:51:02,2.744,0.499,94.302,0.998,0,5362516,279872,173004,2201488,5640.150,2837.039,35.925,359.245,2.994,11.975,973,1333,1.670,2.140,1.490,1,0,0.998,0,0,18,317,0,25,0
05-05 21:51:03,8.268,2.756,84.683,3.508,0,5371692,270264,173004,2201920,18530.054,6899.915,196.425,685.482,21.045,25.054,1608,1635,1.620,2.130,1.490,1,1,0,0,0,18,317,0,25,0
05-05 21:51:04,13.504,1.000,82.026,2.251,0,5377896,262744,173008,2203232,18392.836,8287.629,1136.361,1108.352,53.017,31.010,1603,1502,1.620,2.130,1.490,1,0,0,0,0,18,317,0,25,0
05-05 21:51:05,8.992,1.249,82.424,6.244,0,5376276,263840,173008,2203756,22840.015,8273.399,343.684,2066.102,30.972,219.798,1710,1975,1.620,2.130,1.490,1,0,0,0,0,18,317,0,25,0
05-05 21:51:06,15.725,1.498,77.878,3.994,0,5389448,249476,173008,2204936,22137.407,10761.184,810.733,1453.728,38.939,61.903,2133,2159,1.620,2.130,1.490,2,0,0,0,0,18,317,0,24,0
05-05 21:51:07,13.254,2.251,74.024,9.253,0,5394860,213440,173008,2235556,11153.565,2029.649,11743.754,1180.377,124.040,52.017,1898,1844,1.620,2.130,1.490,1,1,1.000,0,0,18,317,0,24,0
05-05 21:51:08,20.519,2.252,73.069,3.503,0,5407696,188268,173168,2247716,8075.645,486.461,0,1673.584,0,44.042,2098,1935,1.570,2.110,1.490,3,0,0,0,0,18,317,0,24,0
05-05 21:51:09,21.275,2.253,73.585,2.002,0,5404912,176436,173328,2262020,3710.276,486.561,0,1157.334,0,25.029,2078,1834,1.570,2.110,1.490,1,1,0,0,0,18,317,0,24,0
05-05 21:51:10,13.248,1.750,71.741,11.998,0,5423060,142428,173568,2277492,3600.533,485.937,31.996,10614.622,1.000,168.978,2089,2470,1.570,2.110,1.490,4,0,0,0,0,18,317,0,23,0
05-05 21:51:11,15.718,2.744,70.857,9.231,0,5413704,142428,174068,2286152,8789.318,485.024,0,3229.503,0,139.719,2634,2980,1.570,2.110,1.490,2,1,0,0,0,18,317,0,23,0
05-05 21:51:12,20.041,2.505,72.398,3.758,0,5409320,122044,174588,2310108,7476.297,486.996,0,1779.641,0,61.125,2202,2026,1.570,2.110,1.490,2,0,1.002,0,0,18,317,0,23,0
05-05 21:51:13,20.992,2.749,72.472,3.499,0,5420936,138036,175016,2282860,7465.078,659.742,0,1639.358,0,53.979,2227,2038,1.520,2.090,1.480,1,0,0,0,0,18,316,0,23,0
05-05 21:51:14,20.212,3.493,74.858,0.499,0,5404752,154188,175044,2282860,7606.535,1559.035,3.992,19.962,0.998,1.996,2175,1726,1.520,2.090,1.480,0,0,34.934,0,0,18,317,0,23,0
05-05 21:51:15,19.486,2.748,75.695,0.999,0,5402888,150200,175120,2288620,14912.097,1762.711,3.997,6679.116,0.999,48.964,2107,1843,1.520,2.090,1.480,2,0,2.998,0,0,18,316,0,22,0
05-05 21:51:16,15.792,2.256,77.205,4.011,0,5409724,136804,175480,2294692,14756.255,3369.965,0,2005.335,0,154.411,2006,1694,1.520,2.090,1.480,3,1,17.045,0,0,18,317,0,22,0
05-05 21:51:17,23.003,5.001,70.510,0,0,5419224,127720,175572,2294168,4030.574,660.094,0,144.021,0,5.001,9481,17356,1.520,2.090,1.480,2,0,14.002,0,0,18,316,0,22,0
05-05 21:51:18,21.474,6.742,70.166,0,0,5378600,168212,175620,2294252,3530.767,485.418,0,167.799,0,1.998,10478,18780,1.480,2.070,1.480,3,0,18.977,0,0,18,316,0,22,0
05-05 21:51:19,21.280,4.256,72.604,1.001,0,5355960,202140,175628,2283004,11432.362,528.757,0,1562.236,0,12.017,2788,2451,1.480,2.070,1.480,2,0,51.073,0,0,18,316,0,22,0
05-05 21:51:20,18.966,5.241,61.139,12.228,0,5372008,186184,175628,2283040,7652.145,527.046,0,7402.596,0,314.431,10588,18680,1.480,2.070,1.480,2,0,23.957,0,0,18,316,0,22,0
05-05 21:51:21,19.015,3.002,75.309,2.752,0,5394484,158968,175628,2287780,14113.989,2892.252,0,1128.879,0,45.035,2608,2751,1.480,2.070,1.480,2,0,17.013,0,0,18,316,0,22,0
05-05 21:51:22,18.506,2.751,76.776,1.000,0,5413644,138812,175628,2288776,14345.804,3428.148,0,572.192,0,16.005,2155,1856,1.480,2.070,1.480,2,0,19.006,0,0,18,317,0,22,0
05-05 21:51:23,22.504,5.001,68.261,3.000,0,5409900,137092,175668,2294152,8746.390,660.105,0,1544.245,0,58.009,10754,19398,1.520,2.070,1.480,1,0,14.002,0,0,18,316,0,22,0
05-05 21:51:24,22.479,5.745,70.183,0,0,5403252,143356,175736,2294468,6130.187,485.540,0,167.841,0,1.998,10286,18004,1.520,2.070,1.480,2,0,19.981,0,0,18,316,0,22,0
05-05 21:51:25,21.272,5.005,72.326,0.501,0,5398740,159296,175772,2283052,2893.044,486.512,0,1021.074,0,15.016,2313,1811,1.520,2.070,1.480,2,0,22.023,0,0,18,316,0,22,0
05-05 21:51:26,22.550,4.510,71.158,0.752,0,5373068,184928,175792,2283072,7990.759,487.083,0,557.238,0,123.274,3303,2904,1.520,2.070,1.480,1,0,94.209,0,0,18,316,0,22,0
05-05 21:51:27,22.704,3.493,72.603,0,0,5381108,166280,175816,2293656,5054.733,485.015,0,7.984,0,1.996,2292,1871,1.520,2.070,1.480,1,0,20.957,0,0,18,316,0,17,0
05-05 21:51:28,13.971,1.497,80.834,2.245,0,5392600,154448,175816,2293980,17732.663,8804.957,3.992,1736.442,0.998,25.947,1663,1584,1.480,2.050,1.480,0,1,0,0,0,18,317,0,17,0
05-05 21:51:29,9.755,1.501,79.290,9.005,0,5390928,155332,175816,2294752,24118.094,12317.176,404.203,2521.264,48.024,108.054,1889,2147,1.480,2.050,1.480,1,2,0,0,0,18,317,0,17,0
05-05 21:51:30,5.005,1.752,86.831,4.754,0,5391640,154456,175816,2294916,103988.595,6478.080,0,3311.108,0,186.175,1962,2784,1.480,2.050,1.480,6,1,0,0,0,18,318,0,17,0
05-05 21:51:31,6.753,2.001,73.029,17.257,0,5394724,151228,175824,2295052,69363.806,5339.140,0,10188.084,0,132.053,2043,2457,1.480,2.050,1.480,1,4,0,0,0,18,318,0,13,0
05-05 21:51:32,16.245,2.499,73.225,7.497,0,5419028,126632,175892,2295260,19417.477,9152.925,0,3298.892,0,65.978,2146,2297,1.480,2.050,1.480,1,1,3.999,0,0,18,318,0,13,0
05-05 21:51:33,24.418,4.236,65.531,3.737,0,5424684,158948,175940,2258096,18037.668,9866.997,434.547,1239.853,16.943,48.837,2852,2495,1.520,2.050,1.480,2,0,6.977,0,0,18,318,0,15,0
05-05 21:51:34,26.903,5.783,63.864,3.520,0,5467332,133780,176044,2240584,329074.611,15379.706,772.405,1576.993,6.034,68.390,3517,2799,1.520,2.050,1.480,1,0,8.046,0,0,18,318,0,15,0
05-05 21:51:35,8.504,1.751,80.792,7.254,0,5439092,161420,176332,2240884,105554.369,16385.440,28.014,2665.373,4.002,125.064,2205,2553,1.520,2.050,1.480,0,0,0,0,0,18,318,0,11,0
05-05 21:51:36,12.741,1.749,80.940,3.497,0,5447568,143900,176440,2249764,263474.678,15375.660,103.923,1311.033,5.996,53.960,2220,2171,1.520,2.050,1.480,0,0,0.999,0,0,18,318,0,11,0
05-05 21:51:37,3.989,1.496,86.758,3.989,0,5440824,141516,176464,2258852,4539171.807,64092.984,0,2999.622,0,222.379,4391,3263,1.520,2.050,1.480,1,0,0.997,0,0,18,318,0,11,0
05-05 21:51:38,5.517,2.006,85.264,3.511,0,5445468,121116,176512,2274544,8388023.082,77776.767,0,4883.116,0,47.146,4680,3207,1.400,2.020,1.470,2,0,2.006,0,0,18,318,0,11,0
05-05 21:51:39,5.230,2.989,80.445,8.966,0,5429732,134196,176632,2277136,4860222.866,47703.431,163.382,12863.309,3.985,63.759,3416,2665,1.400,2.020,1.470,1,1,0.996,0,0,18,318,0,9,0
05-05 21:51:40,18.785,2.004,72.637,5.761,0,5428808,125880,178012,2284816,102708.477,1914.607,0,3117.873,0,95.179,2324,2133,1.400,2.020,1.470,1,0,1.002,0,0,18,318,0,9,0
05-05 21:51:41,17.277,3.255,68.357,10.767,0,5422652,132872,179168,2282808,5868.192,486.763,16.025,3188.995,1.002,65.102,2470,2654,1.400,2.020,1.470,1,1,0,0,0,18,318,0,9,0
05-05 21:51:42,21.153,2.737,72.170,3.484,0,5424352,128984,179552,2284520,9047.569,537.538,0,5530.674,0,118.458,2414,2152,1.400,2.020,1.470,2,0,0.995,0,0,18,318,0,9,0
05-05 21:51:43,10.259,3.503,62.556,21.519,0.500,5427088,122228,179684,2288308,4677.179,486.435,0,27264.358,0,217.194,2385,2540,1.450,2.010,1.480,2,0,0,0,0,18,318,0,9,0
05-05 21:51:44,6.762,3.506,62.106,27.046,0,5430824,134180,179840,2272904,8685.820,486.831,0,31601.920,0,210.359,1988,2088,1.450,2.010,1.480,1,1,6.010,0,0,18,318,0,9,0
05-05 21:51:45,11.246,4.748,59.229,23.242,0,5440580,133492,180012,2263824,7738.243,485.827,0,25926.764,0,164.941,2968,8773,1.450,2.010,1.480,2,1,35.987,0,0,18,318,0,10,0
05-05 21:51:46,20.021,2.503,72.828,3.754,0,5425440,131468,180864,2280120,8959.595,486.521,0,2054.200,0,62.066,2191,1969,1.450,2.010,1.480,2,0,0,0,0,18,318,0,10,0
05-05 21:51:47,20.389,2.735,72.605,2.984,0,5425564,139404,181200,2271476,8751.437,483.373,0,1579.416,0,61.665,2227,2025,1.450,2.010,1.480,3,0,0,0,0,18,318,0,5,0
05-05 21:51:48,22.571,2.759,71.978,2.257,0,5429712,146332,181936,2259820,3598.383,487.542,0,493.561,0,19.060,2198,1922,1.410,2,1.470,2,1,0,0,0,18,318,0,5,0
05-05 21:51:49,19.785,2.254,72.127,4.758,0,5423316,126044,182828,2284532,2573.535,486.858,0,3401.995,0,72.127,2233,2065,1.410,2,1.470,2,0,0,0,0,18,318,0,5,0
05-05 21:51:50,16.751,2.750,76.005,3.250,0,5443520,152704,183472,2236920,14093.903,3081.197,0,2248.144,0,85.005,2321,2414,1.410,2,1.470,2,0,0,0,0,18,316,0,5,0
05-05 21:51:51,24.750,3.750,68.499,2.500,0,5365632,230584,183472,2236976,7668.929,485.996,32.000,1175.989,1.000,58.999,3114,3151,1.410,2,1.470,2,0,19.000,0,0,18,316,0,3,0
05-05 21:51:52,17.984,3.247,72.435,5.745,0,5373036,217620,183556,2242224,13650.824,2821.483,0,2242.000,0,129.884,2390,2193,1.410,2,1.470,3,0,17.984,0,0,18,316,0,3,0
05-05 21:51:53,15.514,2.753,80.324,0.250,0,5373460,216612,183584,2242700,14242.209,2525.342,0,688.639,0,72.067,1959,1622,1.380,1.980,1.470,1,0,18.017,0,0,18,317,0,3,0
05-05 21:51:54,18.785,4.008,70.132,5.510,0,5368240,215460,184116,2247756,11486.613,1500.824,0,1530.881,0,49.092,10672,19378,1.380,1.980,1.470,2,1,7.013,0,0,18,316,0,3,0
05-05 21:51:55,21.005,6.001,71.016,0.500,0,5371860,211176,184164,2248244,6172.388,528.119,0,608.137,0,31.007,6074,9599,1.380,1.980,1.470,3,0,13.003,0,0,18,316,0,3,0
05-05 21:51:56,17.912,6.219,59.208,15.424,0,5371844,210936,184204,2248412,4136.612,525.410,0,12052.596,0,648.802,7786,11973,1.380,1.980,1.470,1,0,14.926,0,0,18,316,0,3,0
05-05 21:51:57,19.803,3.760,73.448,2.507,0,5345668,249568,184204,2237080,7536.318,487.314,0,2302.207,0,14.038,1997,1566,1.380,1.980,1.470,1,0,1.003,0,0,18,316,0,3,0
05-05 21:51:58,17.225,3.994,72.394,5.242,0,5361552,229552,184204,2241212,8520.524,485.289,2112.906,7.988,307.550,1.997,2466,2474,1.350,1.960,1.470,1,0,4.993,0,0,18,316,0,3,0
05-05 21:51:59,18.783,2.504,69.874,7.012,0,5365296,224668,184208,2242316,3289.827,486.862,565.001,3570.324,24.043,128.227,4301,6452,1.350,1.960,1.470,3,1,0,0,0,18,317,0,6,0
05-05 21:52:00,16.971,3.744,63.891,13.477,0,5364416,224708,184208,2243156,8299.880,485.175,702.804,1772.984,41.929,221.623,6095,9465,1.350,1.960,1.470,1,1,0.998,0,0,18,319,0,7,0
05-05 21:52:01,11.287,14.547,61.198,10.534,0,5339472,249268,184208,2243548,7604.649,487.580,148.481,11015.705,3.010,395.281,6427,7225,1.350,1.960,1.470,1,0,370.200,0,0,18,318,0,7,0
05-05 21:52:02,10.234,6.989,70.892,11.233,0,5311076,270512,184208,2250700,8700.735,485.260,7173.064,5843.092,931.580,64.901,3837,4300,1.350,1.960,1.470,0,1,80.877,0,0,18,320,0,9,0
05-05 21:52:03,7.001,2.500,68.259,21.003,0,5288268,256916,184208,2287104,9929.330,486.065,36232.855,3400.456,2554.342,339.045,4689,6972,1.320,1.950,1.470,2,0,0,0,0,18,320,0,9,0
05-05 21:52:04,3.745,1.748,92.380,0.749,0,5299960,245356,184208,2286972,9831.205,2106.259,0,691.101,0,18.975,1362,1696,1.320,1.950,1.470,1,0,5.992,0,0,18,321,0,9,0
05-05 21:52:05,2.751,1.001,95.298,0.250,0,5294620,250696,184208,2286972,56511.395,3412.715,0,320.161,0,31.016,1277,1940,1.320,1.950,1.470,1,0,1.001,0,0,18,321,0,9,0
05-05 21:52:06,8.776,18.305,70.460,1.755,0,5293752,251140,184216,2287388,24570.229,1635.876,304.909,926.762,13.039,24.072,6456,6040,1.320,1.950,1.470,1,0,511.525,0,0,18,320,0,10,0
05-05 21:52:07,8.482,18.711,70.604,0,0,5297944,246900,184216,2287436,3394.993,484.999,0,0,0,0,7556,7817,1.320,1.950,1.470,1,0,807.334,0,0,18,320,0,10,0
05-05 21:52:08,8.506,21.516,69.052,0.751,0,5305692,239088,184216,2287500,7767.844,486.366,20.015,308.232,1.001,36.027,7616,7594,1.370,1.950,1.470,1,0,797.600,0,0,18,320,0,10,0
05-05 21:52:09,15.220,5.489,72.854,5.240,0,5326996,176396,184372,2328732,7877.234,485.029,41305.327,31.936,356.287,3.992,3325,3024,1.370,1.950,1.470,1,1,112.774,0,0,18,320,0,10,0
05-05 21:52:10,12.772,4.508,79.640,2.004,0,5367904,128572,184376,2335616,4468115.535,43541.278,2512.401,4572.010,25.044,34.060,3990,2714,1.370,1.950,1.470,0,1,33.058,0,0,18,320,0,11,0
05-05 21:52:11,6.728,6.728,66.535,18.191,0,5366232,133812,184468,2332484,5322.769,484.432,1032.657,20764.782,15.948,400.703,4379,6032,1.370,1.950,1.470,0,1,37.877,0,0,18,320,0,11,0
05-05 21:52:12,3.257,5.762,70.400,19.792,0,5367020,132076,184476,2333408,3603.703,487.041,0,14402.787,0,441.945,3098,3938,1.370,1.950,1.470,1,0,28.060,0,0,18,320,0,11,0
05-05 21:52:13,1.500,3.751,70.021,24.507,0,5367452,131572,184476,2333480,7920.404,486.148,0,19818.015,0,170.052,1801,2178,1.500,1.970,1.480,1,1,9.003,0,0,18,320,0,11,0
05-05 21:52:14,1.750,3.999,70.232,22.494,0,5367764,130848,184476,2333844,8770.810,485.879,0,18195.456,0,282.929,2138,2703,1.500,1.970,1.480,1,1,17.996,0,0,18,320,0,11,0
05-05 21:52:15,3.752,6.253,72.530,16.507,0,5367160,128740,184612,2335996,6979.859,486.199,0,4781.959,0,608.249,3735,5107,1.500,1.970,1.480,1,1,36.015,0,0,18,320,0,11,0
05-05 21:52:16,3.993,6.739,72.131,15.225,0,5361236,130968,184792,2339112,6886.647,485.200,0,5407.086,0,510.159,3891,4731,1.500,1.970,1.480,1,0,44.926,0,0,18,320,0,11,0
05-05 21:52:17,14.503,6.001,70.516,7.752,0,5353528,136488,184952,2341076,3495.806,540.125,148.034,3764.868,4.001,291.067,3139,3185,1.500,1.970,1.480,2,0,27.006,0,0,18,320,0,11,0
05-05 21:52:18,17.264,5.755,67.055,8.757,0,5354808,134268,184976,2341848,10153.328,486.399,0,2229.829,0,294.241,3305,2695,1.540,1.970,1.480,3,0,30.025,0,0,18,320,0,11,0
05-05 21:52:19,21.015,7.255,68.299,2.752,0,5338356,149968,185036,2342444,3707.642,486.346,0,1212.864,0,75.053,3274,2634,1.540,1.970,1.480,2,0,32.023,0,0,18,320,0,11,0
05-05 21:52:20,4.994,2.247,64.925,26.470,0,5324616,163308,185056,2342760,3128.402,485.442,0,12689.405,0,118.863,1858,2362,1.540,1.970,1.480,4,1,3.995,0,0,18,320,0,11,0
05-05 21:52:21,5.256,3.254,56.812,33.537,0,5326092,161568,185084,2342964,8174.977,486.534,0,17122.803,0,234.257,2455,3305,1.540,1.970,1.480,1,1,4.004,0,0,18,320,0,11,0
05-05 21:52:22,9.228,3.242,62.102,24.442,0,5335128,150372,185236,2344716,7285.653,484.846,0,15818.336,0,214.489,2194,2483,1.540,1.970,1.480,1,1,6.983,0,0,18,320,0,11,0
05-05 21:52:23,6.764,2.505,66.385,23.548,0,5323764,161112,185264,2345264,6632.467,486.989,0,13162.726,0,139.283,1825,2007,1.580,1.970,1.480,4,3,6.012,0,0,18,320,0,11,0
05-05 21:52:24,0.750,1.250,60.018,36.761,0,5324004,160860,185264,2345272,7500.220,486.144,0,17265.111,0,239.071,1293,1774,1.580,1.970,1.480,1,1,0,0,0,18,320,0,11,0
05-05 21:52:25,10.255,3.251,68.531,16.507,0,5338784,143068,185340,2347824,8231.666,486.217,52.023,17375.738,13.006,180.080,2255,2400,1.580,1.970,1.480,4,0,8.004,0,0,18,320,0,11,0
05-05 21:52:26,16.969,3.993,70.871,6.987,0,5337908,143444,185340,2347844,10238.304,485.114,103.810,26807.047,25.953,238.564,3204,3925,1.580,1.970,1.480,3,0,8.984,0,0,18,320,0,11,0
05-05 21:52:27,9.512,8.761,69.585,11.514,0,5301688,294056,183584,2244180,4901.002,486.596,2487.046,6051.411,48.059,103.126,3410,4117,1.580,1.970,1.480,2,0,31.038,0,0,18,320,0,11,0
05-05 21:52:28,17.244,8.997,69.976,2.749,0,5371256,218396,183604,2246764,3483.818,485.835,107.963,3138.935,10.996,142.952,2785,2053,1.530,1.950,1.480,1,1,33.988,0,0,18,320,0,11,0
05-05 21:52:29,22.022,3.504,73.324,1.251,0,5401424,190492,183640,2244496,7734.802,486.491,244.246,148.149,17.017,2.002,2329,1695,1.530,1.950,1.480,3,0,22.022,0,0,18,320,0,11,0
05-05 21:52:30,4.987,2.244,87.267,3.740,0,5338452,316732,183648,2181744,6869.691,538.565,47.872,187.500,6.981,6.981,1828,1841,1.530,1.950,1.480,1,0,15.957,0,0,18,320,0,11,0
05-05 21:52:31,2.003,2.253,94.120,1.252,0,5339844,315292,183648,2181792,7526.579,486.619,32.041,632.805,1.001,59.075,1605,2397,1.530,1.950,1.480,1,0,0,0,0,18,320,0,11,0
05-05 21:52:32,1.251,1.251,81.060,15.261,0,5317148,337984,183648,2181796,9974.323,486.357,4.003,10203.491,1.001,394.289,1210,1351,1.530,1.950,1.480,1,0,1.001,0,0,18,320,0,11,0
05-05 21:52:33,8.239,3.246,86.637,1.997,0,5340160,314932,183648,2181836,7748.862,485.365,295.613,0,6.991,0,1558,1587,1.490,1.940,1.480,3,0,2.996,0,0,18,320,0,11,0
05-05 21:52:34,20.451,6.485,71.829,0,0,5365844,289232,183648,2181852,19953.512,484.846,510.784,7.981,3.991,1.995,2665,2071,1.490,1.940,1.480,2,0,9.976,0,0,18,320,0,11,0
05-05 21:52:35,4.751,1.500,88.261,3.500,0,5354076,301160,183648,2181908,3893.483,486.060,284.035,572.071,4.000,24.003,1850,2459,1.490,1.940,1.480,1,0,3.000,0,0,18,320,0,11,0
05-05 21:52:36,3.772,1.509,93.288,0.754,0,5350116,305108,183648,2181920,11445.013,488.819,0,120.696,0,15.087,1854,2424,1.490,1.940,1.480,1,0,2.012,0,0,18,320,0,11,0
05-05 21:52:37,4.237,1.496,90.231,2.493,0,5374048,281168,183648,2181928,7399.979,484.558,0,219.347,0,21.935,1425,2002,1.490,1.940,1.480,1,0,0,0,0,18,320,0,11,0
05-05 21:52:38,1.500,0.250,97.766,0,0,5371424,283792,183648,2181928,3589.582,486.079,0,128.021,0,2.000,843,1252,1.370,1.900,1.470,1,0,0,0,0,18,320,0,11,0
05-05 21:52:39,1.498,0.999,93.371,3.745,0,5367916,287296,183648,2181932,13718.974,621.139,0,1402.056,0,224.688,1181,1427,1.370,1.900,1.470,1,0,0,0,0,18,320,0,11,0
05-05 21:52:40,1.000,0.250,97.515,0.250,0,5366100,289112,183648,2181932,33481.182,486.075,0,108.017,0,8.001,1175,1318,1.370,1.900,1.470,1,0,0,0,0,18,320,0,11,0
05-05 21:52:41,2.001,0.750,95.052,0.500,0,5364504,290688,183652,2181948,10610.770,486.264,16.009,568.309,1.001,51.028,1608,2379,1.370,1.900,1.470,1,0,0,0,0,18,320,0,11,0
05-05 21:52:42,1.752,0.501,97.358,0,0,5364476,290716,183652,2181948,8287.216,486.541,0,0,0,0,995,1407,1.370,1.900,1.470,1,0,1.001,0,0,18,320,0,11,0
05-05 21:52:43,1.000,0.500,96.961,0,0,5362300,292884,183656,2181952,3219.702,485.804,0,143.942,0,10.996,1021,1492,1.260,1.870,1.460,1,0,0,0,0,18,320,0,11,0
05-05 21:52:44,1.502,1.752,95.116,1.502,0,5361568,293540,183656,2182028,8401.271,486.595,76.093,0,5.006,0,1087,1384,1.260,1.870,1.460,0,0,6.007,0,0,18,320,0,11,0
05-05 21:52:45,5.987,3.243,89.299,0.249,0,5357772,297328,183656,2182036,6255.893,484.907,7.982,47.892,0.998,5.987,2114,8439,1.260,1.870,1.460,1,0,35.919,0,0,18,320,0,12,0
05-05 21:52:46,1.502,0.250,96.882,0.250,0,5357152,297948,183656,2182036,3352.551,540.734,0,128.174,0,16.022,945,1402,1.260,1.870,1.460,1,0,0,0,0,18,320,0,12,0
05-05 21:52:47,1.248,0.749,97.619,0,0,5356264,298836,183656,2182036,8561.489,485.347,0,0,0,0,838,1200,1.260,1.870,1.460,1,0,0,0,0,18,320,0,12,0
05-05 21:52:48,1.002,0.501,97.679,0,0,5355256,299844,183656,2182036,5897.790,486.891,0,949.737,0,8.015,900,1286,1.240,1.860,1.460,1,0,0,0,0,18,320,0,12,0
05-05 21:52:49,1.248,0.499,94.832,2.496,0,5354364,300732,183656,2182040,8540.878,485.141,0,519.081,0,110.804,999,1345,1.240,1.860,1.460,1,0,0,0,0,18,320,0,11,0
05-05 21:52:50,1.252,1.002,96.176,0.501,0.250,5354328,300768,183656,2182040,7146.067,486.890,0,316.579,0,23.042,1178,1796,1.240,1.860,1.460,1,0,0,0,0,18,320,0,11,0
05-05 21:52:51,2.745,1.248,92.087,2.995,0,5353668,301400,183656,2182068,5848.645,485.141,15.972,2020.423,0.998,139.753,1992,3136,1.240,1.860,1.460,1,1,0,0,0,18,320,0,11,0
05-05 21:52:52,1.002,0.751,96.658,0.501,0,5353664,301400,183656,2182072,10440.022,486.794,0,705.150,0,47.077,1085,1550,1.240,1.860,1.460,1,0,1.002,0,0,18,320,0,11,0
05-05 21:52:53,1.248,0.749,96.867,0,0,5353664,301400,183656,2182072,8071.907,485.333,0,3171.641,0,37.948,1070,1405,1.140,1.830,1.450,1,0,0,0,0,18,320,0,11,0
05-05 21:52:54,1.252,0.501,97.637,0,0,5353636,301428,183656,2182072,10091.109,486.680,0,120.168,0,25.035,936,1247,1.140,1.830,1.450,2,0,0,0,0,18,320,0,11,0
05-05 21:52:55,0.499,0.749,97.885,0,0,5353828,301236,183656,2182072,7964.612,485.428,0,0,0,0,899,1264,1.140,1.830,1.450,2,0,0,0,0,18,320,0,11,0
05-05 21:52:56,1.749,0.500,96.429,0,0,5353828,301236,183656,2182072,9771.820,485.643,0,0,0,0,1024,1312,1.140,1.830,1.450,1,0,0,0,0,18,320,0,11,0
05-05 21:52:57,1.002,0.501,98.420,0,0,5353828,301236,183656,2182072,5953.286,486.841,0,0,0,0,821,1259,1.140,1.830,1.450,0,0,0,0,0,18,320,0,11,0
05-05 21:52:58,0.747,0.747,96.606,0.249,0,5353828,301236,183656,2182072,4534.494,484.025,0,151.382,0,2.988,919,1380,1.050,1.800,1.440,2,0,0,0,0,18,320,0,11,0
05-05 21:52:59,1.253,1.754,92.459,4.510,0,5354048,301012,183660,2182072,3349.578,487.102,0,59518.655,0,80.181,993,1353,1.050,1.800,1.440,1,0,0,0,0,18,320,0,11,0
05-05 21:53:00,7.500,3.000,75.500,13.250,0,5372504,280096,184192,2184000,8720.957,485.998,2383.988,771.996,495.998,112.999,2051,2602,1.050,1.800,1.440,1,1,5.000,0,0,18,320,0,11,0
05-05 21:53:01,12.255,3.752,76.534,6.253,0,5379328,273044,184196,2184224,15335.798,9535.227,244.108,1792.795,16.007,83.037,3419,4475,1.050,1.800,1.440,2,0,5.002,0,0,18,320,0,9,0
05-05 21:53:02,13.506,2.501,81.788,0.500,0,5357548,294292,184196,2184756,19372.935,10902.028,112.052,224.103,6.003,23.011,2639,2758,1.050,1.800,1.440,3,0,7.003,0,0,18,322,0,11,0
05-05 21:53:03,13.979,3.245,80.630,0.749,0,5370980,280712,184196,2184904,15784.484,10880.790,0,215.679,0,19.970,2463,2663,0.960,1.770,1.430,3,0,4.993,0,0,18,322,0,12,0
05-05 21:53:04,14.016,4.004,80.590,0.751,0,5380552,271164,184196,2184932,18994.309,9487.644,16.018,1585.779,1.001,132.148,2511,2706,0.960,1.770,1.430,3,0,5.006,0,0,18,322,0,13,0
05-05 21:53:05,14.514,3.754,72.820,8.508,0,5380876,270688,184196,2185084,15907.366,10841.472,0,1645.590,0,276.267,2797,3106,0.960,1.770,1.430,2,0,5.005,0,0,18,322,0,12,0
05-05 21:53:06,21.787,4.007,69.869,2.504,0,5353288,298256,184196,2185104,15038.522,10999.668,8.014,360.612,1.002,35.060,3506,3592,0.960,1.770,1.430,4,0,19.032,0,0,18,318,0,15,0
05-05 21:53:07,54.265,9.459,35.596,0.498,0,5037308,614244,184196,2185232,8415.592,483.907,119.483,175.242,4.978,13.940,3759,2196,0.960,1.770,1.430,4,0,5.974,0,0,18,300,0,17,0
05-05 21:53:08,83.042,13.798,0,2.509,0,5206636,444668,184196,2185480,4818.918,487.712,56.197,586.057,9.032,33.116,4794,2117,1.210,1.800,1.450,4,0,1.004,0,0,18,300,0,17,0
05-05 21:53:09,81.245,13.499,1.750,3.250,0,5271144,378572,184200,2187064,7804.556,485.972,919.948,611.965,40.998,31.998,7284,7844,1.210,1.800,1.450,6,0,8.999,0,0,18,294,0,20,0
05-05 21:53:10,71.682,15.236,13.237,0,0,5357424,291820,184200,2187584,7031.318,485.539,515.510,103.901,4.995,7.992,6836,7828,1.210,1.800,1.450,3,0,7.992,0,0,18,294,0,24,0
05-05 21:53:11,42.718,7.744,45.216,3.248,0,5247848,400000,184200,2189076,7994.000,485.636,543.592,871.346,15.988,124.906,7436,9620,1.210,1.800,1.450,1,0,8.993,0,0,18,287,0,26,0
05-05 21:53:12,21.697,3.242,72.823,1.247,0,5315680,331516,184208,2189720,7018.987,538.694,379.081,143.652,8.978,8.978,2200,1813,1.210,1.800,1.450,1,0,1.995,0,0,18,287,0,29,0
05-05 21:53:13,31.576,3.508,63.152,0.752,0,5361908,284420,184208,2190588,120722.337,59459.493,0,433.045,0,29.070,5357,6452,1.190,1.790,1.450,2,0,2.005,0,0,18,289,0,31,0
05-05 21:53:14,22.472,1.997,73.907,0.250,0,5381212,265016,184208,2190688,101272.185,46057.326,31.960,107.865,1.997,7.990,2837,2204,1.190,1.790,1.450,2,0,0,0,0,18,292,0,31,0
05-05 21:53:15,15.282,2.004,81.172,0.752,0,5388852,257204,184208,2190860,59653.152,23653.020,0,388.822,0,44.093,3485,4349,1.190,1.790,1.450,1,0,0,0,0,18,297,0,31,0
05-05 21:53:16,1.998,0.749,96.406,0.749,0,5388844,257204,184208,2190868,7105.094,485.528,0,235.771,0,23.977,1111,1568,1.190,1.790,1.450,1,0,0,0,0,18,297,0,31,0
05-05 21:53:17,0.999,0.500,96.910,0,0,5388844,257204,184208,2190868,3359.865,555.482,0,743.306,0,32.969,940,1448,1.190,1.790,1.450,2,0,0,0,0,18,297,0,31,0
05-05 21:53:18,1.253,1.003,97.505,0.251,0,5388844,257204,184208,2190868,9364.519,487.276,0,224.588,0,15.039,975,1461,1.100,1.760,1.440,2,0,0,0,0,18,297,0,31,0
05-05 21:53:19,1.748,0.250,96.864,0,0,5388844,257204,184208,2190868,7498.470,485.318,0,0,0,0,992,1418,1.100,1.760,1.440,2,0,0,0,0,18,297,0,31,0
05-05 21:53:20,1.000,1.000,96.771,0,0,5388844,257204,184208,2190868,11819.547,486.105,0,88.019,0,13.003,1162,1686,1.100,1.760,1.440,2,0,0,0,0,18,297,0,31,0
05-05 21:53:21,1.995,0.998,91.775,4.240,0,5381920,264124,184208,2190872,6076.134,484.814,0,4357.339,0,376.080,1640,2142,1.100,1.760,1.440,1,0,0,0,0,18,297,0,31,0
05-05 21:53:22,1.003,0.753,97.337,0.251,0,5382172,263872,184208,2190872,3326.505,487.687,0,1428.942,0,9.031,922,1367,1.100,1.760,1.440,1,0,1.003,0,0,18,297,0,31,0
05-05 21:53:23,1.747,0.749,95.347,0.749,0,5380632,265388,184208,2190896,9354.999,485.222,15.974,814.694,0.998,63.898,1367,2160,1.010,1.730,1.430,1,0,0,0,0,18,297,0,31,0
05-05 21:53:24,0.999,0.999,97.694,0,0,5381096,264924,184208,2190896,6273.374,485.719,0,107.938,0,1.999,876,1307,1.010,1.730,1.430,2,0,0,0,0,18,297,0,31,0
05-05 21:53:25,2.253,0.501,95.614,0.501,0,5381092,264924,184208,2190900,7839.360,540.645,0,416.497,0,41.049,1446,2223,1.010,1.730,1.430,1,0,0,0,0,18,297,0,31,0
05-05 21:53:26,1.252,0.501,97.662,0,0,5381088,264924,184208,2190904,20889.564,486.805,0,36.060,0,4.007,965,1357,1.010,1.730,1.430,2,0,0,0,0,18,297,0,31,0
05-05 21:53:27,0.748,1.246,91.987,5.484,0,5381532,264476,184208,2190908,14088.743,484.615,0,5739.600,0,798.718,1503,1376,1.010,1.730,1.430,1,0,1.994,0,0,18,297,0,31,0
05-05 21:53:28,1.002,0.251,97.720,0,0,5381532,264476,184208,2190908,5683.802,487.097,0,8.018,0,2.005,876,1264,0.930,1.700,1.420,1,0,0,0,0,18,297,0,31,0
05-05 21:53:29,1.497,0.749,97.081,0,0,5381528,264476,184208,2190912,3810.376,485.157,0,51.910,0,2.995,932,1361,0.930,1.700,1.420,1,0,0,0,0,18,297,0,31,0
05-05 21:53:30,2.002,1.502,94.845,0.751,0,5381528,264476,184208,2190912,10193.245,486.489,8.008,312.314,2.002,29.029,1255,1876,0.930,1.700,1.420,1,0,0,0,0,18,297,0,31,0
05-05 21:53:31,1.502,1.001,94.345,1.752,0,5381472,264476,184208,2190968,9149.199,486.489,0,1261.268,0,93.094,1426,2134,0.930,1.700,1.420,1,2,0,0,0,18,297,0,31,0
05-05 21:53:32,0.999,0.500,94.937,2.748,0,5381468,264476,184212,2190968,10217.257,485.679,0,1427.058,0,78.948,1031,1596,0.930,1.700,1.420,2,0,0.999,0,0,18,297,0,31,0
05-05 21:53:33,1.747,0.250,96.840,0,0,5381468,264476,184212,2190968,15035.138,485.198,0,83.861,0,11.980,955,1315,0.850,1.670,1.410,1,0,0,0,0,18,297,0,31,0
05-05 21:53:34,0.501,0.752,97.711,0,0,5381468,264476,184212,2190968,9611.764,487.052,0,4.009,0,1.002,970,1279,0.850,1.670,1.410,2,0,0,0,0,18,297,0,31,0
05-05 21:53:35,4.241,2.494,90.799,1.247,0,5384456,261464,184212,2190992,8688.809,484.929,0,921.964,0,110.755,2034,2885,0.850,1.670,1.410,1,0,2.993,0,0,18,297,0,31,0
05-05 21:53:36,3.757,1.002,94.437,0.501,0,5384444,261464,184212,2191004,12689.176,486.966,0,84.167,0,12.024,1636,2199,0.850,1.670,1.410,2,0,2.004,0,0,18,297,0,33,0
05-05 21:53:37,2.246,0.749,95.848,0,0,5384436,261464,184212,2191012,10941.650,485.231,0,115.816,0,11.981,1283,1854,0.850,1.670,1.410,2,0,0.998,0,0,18,297,0,33,0
05-05 21:53:38,1.000,1.000,97.231,0,0,5384432,261464,184212,2191016,4794.075,485.906,0,0,0,0,942,1351,0.780,1.640,1.410,1,0,0,0,0,18,297,0,31,0
05-05 21:53:39,1.250,0.250,95.970,1.749,0,5384656,261240,184212,2191016,14942.288,579.817,0,291.908,0,19.994,1013,1444,0.780,1.640,1.410,2,0,0,0,0,18,297,0,31,0
05-05 21:53:40,1.504,0.752,96.987,0.251,0,5384656,261240,184212,2191016,6132.957,487.188,0,156.381,0,18.044,997,1493,0.780,1.640,1.410,2,0,0,0,0,18,297,0,31,0
05-05 21:53:41,29.901,7.475,58.556,2.741,0,5049240,596356,184228,2191352,8934.360,721.606,414.624,342.863,34.884,23.921,3969,3469,0.780,1.640,1.410,2,0,79.735,0,0,18,293,0,33,0
05-05 21:53:42,21.555,4.511,72.685,0.501,0,5127136,518356,184228,2191496,8747.260,808.056,72.184,68.173,5.013,5.013,2100,1788,0.780,1.640,1.410,3,0,1.003,0,0,18,293,0,33,0
05-05 21:53:43,22.215,4.493,71.138,1.498,0,5201776,442536,184236,2192688,9566.972,718.871,339.467,0,33.947,0,2933,4336,0.800,1.630,1.400,1,0,16.973,0,0,18,297,0,35,0
05-05 21:53:44,22.483,4.996,71.697,0,0,5290708,353600,184236,2192692,73750.191,485.639,0,0,0,0,2316,1839,0.800,1.630,1.400,3,0,8.993,0,0,18,297,0,35,0
05-05 21:53:45,25.042,5.259,67.364,1.002,0,5301664,342444,184240,2192888,9066.300,486.822,4.007,572.967,1.002,51.086,3531,15382,0.800,1.630,1.400,2,0,40.068,0,0,18,297,0,36,0
05-05 21:53:46,1.502,0.501,96.366,0.751,0,5301888,342220,184240,2192888,10939.139,710.854,0,128.154,0,20.024,1044,1500,0.800,1.630,1.400,3,0,0,0,0,18,297,0,35,0
05-05 21:53:47,0.748,0.499,98.014,0,0,5299472,344636,184240,2192888,19754.469,484.833,0,0,0,0,803,1226,0.800,1.630,1.400,2,0,0,0,0,18,297,0,35,0
05-05 21:53:48,1.001,0.501,93.612,3.754,0,5297036,347072,184240,2192888,4349.197,486.581,0,4100.900,0,559.669,1218,1340,0.820,1.620,1.400,2,0,0,0,0,18,297,0,35,0
05-05 21:53:49,1.248,0.749,97.344,0,0,5295104,349004,184240,2192888,7131.595,485.224,0,183.706,0,0.998,903,1274,0.820,1.620,1.400,1,0,0,0,0,18,297,0,35,0
05-05 21:53:50,1.253,1.003,96.755,0.251,0,5295356,348752,184240,2192888,5739.139,487.285,0,268.709,0,23.061,1150,1837,0.820,1.620,1.400,1,0,0,0,0,18,297,0,35,0
05-05 21:53:51,1.999,0.750,95.211,0.250,0,5293476,350612,184240,2192908,9766.046,575.767,0,207.916,0,26.989,1498,2311,0.820,1.620,1.400,1,0,0,0,0,18,297,0,35,0
05-05 21:53:52,0.998,0.749,97.337,0,0,5290800,353288,184240,2192908,8062.505,555.071,0,7.987,0,0.998,916,1374,0.820,1.620,1.400,2,0,0.998,0,0,18,297,0,35,0
05-05 21:53:53,1.249,0.749,96.921,0.500,0,5289676,354412,184240,2192908,11518.580,485.603,0,747.389,0,26.978,1004,1465,0.750,1.600,1.390,1,0,0,0,0,18,297,0,35,0
05-05 21:53:54,1.753,1.001,92.886,3.255,0,5289676,354412,184240,2192908,9672.188,626.920,0,1618.374,0,218.320,1497,1961,0.750,1.600,1.390,1,0,1.001,0,0,18,297,0,35,0
05-05 21:53:55,2.250,0.750,95.498,0.500,0,5287116,356972,184240,2192908,8174.791,485.988,0,167.996,0,26.999,1507,2325,0.750,1.600,1.390,1,0,0,0,0,18,297,0,35,0
05-05 21:53:56,1.252,1.002,97.169,0,0,5286412,357672,184240,2192912,4059.051,486.846,0,0,0,0,945,1426,0.750,1.600,1.390,1,0,0,0,0,18,297,0,35,0
05-05 21:53:57,6.495,1.249,90.186,1.499,0,5285796,358256,184240,2192944,9927.009,485.658,15.989,371.738,0.999,43.969,2331,3575,0.750,1.600,1.390,3,0,0,0,0,18,297,0,35,0
05-05 21:53:58,1.000,0.250,97.784,0,0,5285764,358288,184240,2192944,7264.526,486.169,0,112.039,0,9.003,872,1311,0.690,1.570,1.390,1,0,0,0,0,18,297,0,35,0
05-05 21:53:59,1.002,1.002,89.646,7.262,0,5285988,358064,184240,2192944,9179.948,486.793,0,969.579,0,153.250,1103,1469,0.690,1.570,1.390,0,1,2.003,0,0,18,297,0,35,0
05-05 21:54:00,1.249,0.250,97.395,0,0,5285988,358064,184240,2192944,5290.294,485.476,0,79.914,0,9.989,1049,1471,0.690,1.570,1.390,1,0,0,0,0,18,297,0,35,0
05-05 21:54:01,1.497,0.998,95.836,0.250,0,5285980,358068,184240,2192948,5858.982,575.017,0,371.365,0,29.949,1245,1910,0.690,1.570,1.390,1,0,0,0,0,18,297,0,35,0
05-05 21:54:02,1.250,0.750,97.783,0,0,5285980,358068,184240,2192948,8513.893,486.165,0,40.014,0,5.002,947,1344,0.690,1.570,1.390,1,0,1.000,0,0,18,297,0,35,0
05-05 21:54:03,0.999,0.250,97.394,0,0,5285976,358068,184240,2192952,8621.581,539.411,0,7.991,0,1.998,919,1311,0.640,1.540,1.380,1,0,0,0,0,18,297,0,31,0
05-05 21:54:04,1.250,0.500,97.752,0,0,5285976,358068,184240,2192952,7997.153,486.009,0,4.000,0,1.000,856,1259,0.640,1.540,1.380,1,0,0,0,0,18,297,0,31,0
05-05 21:54:05,2.501,1.250,94.523,1.750,0,5285948,358096,184240,2192952,7903.902,486.117,0,544.131,0,57.014,1477,2222,0.640,1.540,1.380,1,0,0,0,0,18,297,0,31,0
05-05 21:54:06,1.501,0.500,96.283,0.500,0,5285920,358124,184240,2192952,10550.635,486.168,0,348.120,0,68.023,1184,1689,0.640,1.540,1.380,1,0,0,0,0,18,297,0,31,0
05-05 21:54:07,1.250,0.750,97.260,0,0,5285912,358124,184240,2192960,7702.790,486.050,0,88.009,0,9.001,934,1374,0.640,1.540,1.380,1,0,0,0,0,18,297,0,25,0
05-05 21:54:08,0.749,0.749,96.162,1.249,0,5285912,358124,184240,2192960,5068.386,485.558,0,191.825,0,14.986,867,1359,0.580,1.520,1.370,1,0,0,0,0,18,297,0,25,0
05-05 21:54:09,1.252,0.250,97.663,0,0,5285912,358124,184240,2192960,4096.838,627.047,0,0,0,0,876,1325,0.580,1.520,1.370,1,0,0,0,0,18,297,0,25,0
05-05 21:54:10,1.001,1.001,95.561,2.001,0,5285912,358124,184240,2192960,7713.959,486.313,0,716.461,0,160.103,1032,1343,0.580,1.520,1.370,1,0,0,0,0,18,297,0,25,0
05-05 21:54:11,2.497,1.748,94.652,0,0,5285608,358424,184240,2192964,9265.368,575.402,3.996,275.713,0.999,22.976,1568,1989,0.580,1.520,1.370,1,0,22.976,0,0,18,297,0,14,0
05-05 21:54:12,14.229,12.981,70.645,0.499,0,5329336,314656,184248,2192996,7968.201,485.281,7.988,239.645,1.997,12.981,4686,4545,0.580,1.520,1.370,3,0,288.573,0,0,18,297,0,14,0
05-05 21:54:13,19.276,2.253,77.856,0,0,5367376,276604,184252,2193004,11543.668,6207.425,4.005,0,1.001,0,1959,1609,0.540,1.490,1.360,4,0,0,0,0,18,298,0,14,0
05-05 21:54:14,19.732,2.498,74.184,2.248,0,5369468,274364,184252,2193152,12379.004,4463.035,99.911,823.269,5.995,81.927,4301,5753,0.540,1.490,1.360,2,0,0.999,0,0,18,298,0,16,0
05-05 21:54:15,40.162,8.283,47.692,3.514,0,5446140,197580,184256,2193260,22526.684,6380.686,64.259,1317.303,4.016,119.481,5345,6144,0.540,1.490,1.360,4,1,26.105,0,0,18,298,0,10,0
05-05 21:54:16,33.217,6.244,56.194,2.747,0,5477244,221832,183492,2138812,42447.879,33402.855,111.889,2893.129,4.995,180.821,4007,4027,0.540,1.490,1.360,2,0,3.996,0,0,18,299,0,17,0
05-05 21:54:17,5.736,2.993,89.781,0.998,0,5429832,269112,183492,2138944,19163.219,9565.648,123.698,207.493,4.988,9.976,1932,2063,0.540,1.490,1.360,3,0,34.915,0,0,18,297,0,21,0
05-05 21:54:18,1.249,0.250,96.901,0.499,0,5423396,275548,183492,2138944,5203.697,527.462,0,187.809,0,9.990,853,1297,0.490,1.470,1.350,1,0,0,0,0,18,297,0,21,0
05-05 21:54:19,1.752,0.751,95.371,1.752,0,5406860,292084,183492,2138944,3924.994,486.619,0,1041.325,0,57.073,1152,1865,0.490,1.470,1.350,5,0,0,0,0,18,297,0,21,0
05-05 21:54:20,1.752,0.501,96.118,0.250,0,5402656,296280,183496,2138948,8945.018,486.599,0,160.197,0,21.026,1269,1966,0.490,1.470,1.350,1,0,0,0,0,18,297,0,21,0
05-05 21:54:21,1.747,0.998,94.841,0.998,0,5402652,296280,183500,2138948,7703.069,527.115,0,355.403,0,44.925,1386,2189,0.490,1.470,1.350,1,0,0,0,0,18,297,0,21,0
05-05 21:54:22,1.502,0.751,97.357,0,0,5395760,303164,183500,2138956,8253.063,486.534,0,4.004,0,1.001,985,1352,0.490,1.470,1.350,1,0,1.001,0,0,18,297,0,21,0
05-05 21:54:23,0.999,0.499,97.357,0.250,0,5392952,305972,183500,2138956,7857.460,485.287,0,323.525,0,17.974,950,1334,0.530,1.460,1.350,2,0,0,0,0,18,297,0,21,0
05-05 21:54:24,1.252,0.751,97.424,0.250,0,5390732,308192,183500,2138956,6460.557,486.871,0,56.100,0,7.013,940,1337,0.530,1.460,1.350,2,0,0,0,0,18,297,0,21,0
05-05 21:54:25,1.746,0.998,94.060,1.497,0,5386764,312120,183500,2138996,10178.404,485.019,31.935,670.643,0.998,64.869,1698,2622,0.530,1.460,1.350,2,0,0.998,0,0,18,297,0,21,0
05-05 21:54:26,1.753,0.751,93.891,3.255,0,5386140,312740,183500,2139000,12510.741,486.729,0,1978.964,0,341.512,1278,1384,0.530,1.460,1.350,1,0,0,0,0,18,297,0,21,0
05-05 21:54:27,1.001,0.751,97.566,0,0,5383608,315272,183500,2139000,4409.985,540.366,0,76.051,0,10.007,894,1325,0.530,1.460,1.350,1,0,0,0,0,18,297,0,21,0
05-05 21:54:28,0.749,0.499,97.076,0,0,5382316,316564,183500,2139000,9743.550,485.131,0,3.993,0,0.998,892,1212,0.490,1.430,1.350,2,0,0,0,0,18,297,0,21,0
05-05 21:54:29,2.500,0.750,94.763,1.250,0,5382240,316640,183500,2139000,7131.985,486.067,0,252.035,0,23.003,1255,1760,0.490,1.430,1.350,1,0,1.000,0,0,18,297,0,21,0
05-05 21:54:30,2.999,1.499,93.959,0.750,0,5379924,318880,183500,2139076,9533.853,539.765,31.986,111.951,1.999,13.994,1534,1911,0.490,1.430,1.350,1,0,1.999,0,0,18,297,0,21,0
05-05 21:54:31,2.253,0.501,95.634,0.751,0,5379608,319188,183500,2139084,6830.562,486.681,0,208.292,0,24.034,1277,1879,0.490,1.430,1.350,1,0,0,0,0,18,297,0,21,0
05-05 21:54:32,2.251,1.000,95.031,1.000,0,5379848,318948,183500,2139084,4389.418,486.157,0,152.049,0,35.011,1177,1520,0.490,1.430,1.350,1,0,2.001,0,0,18,297,0,21,0
05-05 21:54:33,3.250,1.000,94.490,0.250,0,5381964,316764,183500,2139152,11631.772,539.943,47.995,183.981,1.000,10.999,1444,1893,0.450,1.410,1.340,1,0,3.000,0,0,18,297,0,21,0
05-05 21:54:34,3.000,1.250,94.008,0.250,0,5381960,316764,183500,2139156,22589.036,486.044,0,140.013,0,17.002,1637,2080,0.450,1.410,1.340,1,0,2.000,0,0,18,297,0,21,0
05-05 21:54:35,2.500,1.000,93.767,1.500,0,5381920,316764,183500,2139196,10013.783,486.087,16.003,400.071,1.000,55.010,1760,2642,0.450,1.410,1.340,1,0,0,0,0,18,297,0,21,0
05-05 21:54:36,2.245,0.998,95.808,0.249,0,5381912,316764,183500,2139204,8299.337,538.918,0,435.126,0,77.844,1449,2056,0.450,1.410,1.340,2,0,0,0,0,18,297,0,21,0
05-05 21:54:37,0.750,0.250,97.778,0,0,5381912,316764,183504,2139200,11173.179,486.138,0,20.006,0,1.000,946,1289,0.450,1.410,1.340,1,0,0,0,0,18,297,0,21,0
05-05 21:54:38,1.502,0.501,95.889,1.252,0,5381908,316764,183504,2139204,11200.211,486.704,0,793.148,0,48.070,1092,1526,0.420,1.390,1.330,2,0,0,0,0,18,297,0,21,0
05-05 21:54:39,1.499,1.000,96.455,0.500,0,5381908,316764,183504,2139204,5966.223,633.705,0,267.875,0,27.987,1234,1833,0.420,1.390,1.330,1,0,0,0,0,18,297,0,19,0
05-05 21:54:40,1.248,0.499,96.830,0,0,5381908,316764,183504,2139204,3647.601,624.904,0,3.993,0,0.998,998,1476,0.420,1.390,1.330,1,0,0,0,0,18,297,0,19,0
05-05 21:54:41,1.253,0.752,96.708,0.501,0,5381908,316764,183504,2139204,10551.697,487.048,0,280.604,0,27.058,1229,1817,0.420,1.390,1.330,1,0,0,0,0,18,297,0,19,0
05-05 21:54:42,1.498,0.499,97.119,0,0,5381908,316764,183504,2139204,7079.426,539.271,0,0,0,0,936,1329,0.420,1.390,1.330,1,0,0.999,0,0,18,297,0,19,0
05-05 21:54:43,1.002,1.252,96.913,0,0,5381900,316764,183504,2139212,12969.868,486.821,0,60.101,0,7.012,1018,1366,0.380,1.360,1.320,1,0,2.003,0,0,18,297,0,15,0
05-05 21:54:44,1.751,0.500,97.292,0.250,0,5381900,316764,183504,2139212,8605.741,486.211,0,188.082,0,7.003,974,1381,0.380,1.360,1.320,2,0,0,0,0,18,297,0,15,0
05-05 21:54:45,2.994,2.495,90.571,1.996,0,5393252,305172,183504,2139968,8840.534,485.042,135.732,734.549,5.988,66.868,2140,2727,0.380,1.360,1.320,4,0,23.953,0,0,18,297,0,15,0
05-05 21:54:46,6.010,2.504,91.397,0.250,0,5403224,295288,183504,2139364,9565.431,540.873,0,92.149,0,10.016,2292,8824,0.380,1.360,1.320,1,0,18.029,0,0,18,297,0,16,0
05-05 21:54:47,1.497,1.497,93.545,1.746,0,5397748,300764,183504,2139364,5289.416,484.938,0,1181.413,0,230.495,1249,1434,0.380,1.360,1.320,1,0,17.961,0,0,18,297,0,16,0
05-05 21:54:48,1.503,0.501,98.195,0,0,5395480,303032,183504,2139364,14489.733,486.966,0,0,0,0,873,1256,0.350,1.340,1.320,1,0,0,0,0,18,297,0,15,0
05-05 21:54:49,1.251,1.001,96.298,0.250,0,5393852,304660,183504,2139364,9924.989,486.244,0,272.137,0,23.012,1202,1771,0.350,1.340,1.320,1,0,0,0,0,18,297,0,15,0
05-05 21:54:50,1.498,0.999,95.395,1.249,0,5393852,304660,183504,2139364,7009.300,539.407,0,119.868,0,15.982,1244,1793,0.350,1.340,1.320,2,0,0,0,0,18,297,0,15,0
05-05 21:54:51,1.750,0.750,95.483,0.750,0,5390768,307740,183504,2139368,9347.301,485.912,0,279.949,0,31.994,1510,2269,0.350,1.340,1.320,2,0,0,0,0,18,297,0,15,0
05-05 21:54:52,1.501,0.750,97.050,0.250,0,5390768,307740,183504,2139368,8387.341,486.252,0,116.060,0,10.005,903,1337,0.350,1.340,1.320,2,0,1.001,0,0,18,297,0,15,0
05-05 21:54:53,1.000,0.250,97.489,0.250,0,5390768,307740,183504,2139368,14586.302,539.937,0,287.966,0,14.998,943,1340,0.320,1.320,1.310,2,0,0,0,0,18,297,0,15,0
05-05 21:54:54,0.501,0.751,97.612,0,0,5390768,307740,183504,2139368,6303.257,486.560,0,28.032,0,4.005,896,1334,0.320,1.320,1.310,2,0,0,0,0,18,297,0,15,0
05-05 21:54:55,2.747,0.749,92.664,2.747,0,5390756,307740,183504,2139380,4443.885,485.550,0,1306.790,0,85.920,1609,2580,0.320,1.320,1.310,2,1,0,0,0,18,297,0,15,0
05-05 21:54:56,1.000,0.750,96.017,1.250,0,5390756,307740,183504,2139380,8530.545,486.088,0,1580.286,0,86.016,1100,1663,0.320,1.320,1.310,2,0,0,0,0,18,297,0,15,0
05-05 21:54:57,1.248,0.749,97.317,0,0,5390756,307740,183504,2139380,9797.585,485.088,0,31.940,0,3.992,858,1227,0.320,1.320,1.310,1,0,0,0,0,18,297,0,15,0
05-05 21:54:58,1.252,0.501,97.930,0,0,5390756,307740,183504,2139380,3264.991,486.893,0,4.007,0,1.002,820,1214,0.300,1.300,1.300,1,0,0,0,0,18,297,0,15,0
05-05 21:54:59,1.000,0.500,96.537,0.750,0,5390752,307740,183504,2139384,8666.315,486.186,0,320.122,0,29.011,1189,1765,0.300,1.300,1.300,2,0,0,0,0,18,297,0,15,0
05-05 21:55:00,1.500,0.500,97.224,0,0,5390720,307772,183504,2139384,7100.093,485.870,0,47.987,0,5.998,1025,1466,0.300,1.300,1.300,0,0,0,0,0,18,297,0,15,0
05-05 21:55:01,2.003,1.001,94.138,1.502,0,5390708,307772,183504,2139396,7932.614,486.713,16.023,404.592,4.006,33.048,1367,1843,0.300,1.300,1.300,0,0,3.004,0,0,18,297,0,15,0
05-05 21:55:02,5.992,14.230,75.644,2.496,0,5387712,310668,183524,2139476,5545.206,485.318,87.876,35.949,9.986,5.992,4621,4187,0.300,1.300,1.300,1,0,333.531,0,0,18,297,0,15,0
05-05 21:55:03,0.750,0.250,97.772,0.250,0,5387712,310668,183524,2139476,3150.706,540.121,0,768.172,0,166.037,940,1251,0.270,1.270,1.290,1,0,0,0,0,18,297,0,15,0
05-05 21:55:04,1.497,0.998,97.303,0,0,5387708,310668,183524,2139480,7898.973,485.016,0,3.992,0,0.998,889,1266,0.270,1.270,1.290,2,0,0,0,0,18,297,0,15,0
05-05 21:55:05,6.767,1.253,90.230,1.253,0,5387916,310444,183524,2139496,28960.918,9688.729,0,773.975,0,58.148,2003,2564,0.270,1.270,1.290,0,0,0,0,0,18,297,0,15,0
05-05 21:55:06,1.247,0.748,96.765,0,0,5387916,310444,183524,2139496,8725.797,484.822,0,107.738,0,13.966,1122,1710,0.270,1.270,1.290,1,0,0,0,0,18,297,0,15,0
05-05 21:55:07,5.017,11.288,82.029,0,0,5393024,305316,183524,2139516,5852.922,487.660,0,48.164,0,4.014,4047,3622,0.270,1.270,1.290,2,0,264.902,0,0,18,297,0,15,0
05-05 21:55:08,11.476,12.973,73.096,1.247,0,5414228,283952,183524,2139676,21143.558,2133.516,119.748,371.220,9.979,22.952,4584,4015,0.410,1.290,1.300,3,0,229.518,0,0,18,297,0,17,0
05-05 21:55:09,19.998,4.250,70.994,3.750,0,5467188,230180,183528,2140484,6977.369,485.956,803.927,695.937,49.995,23.998,2235,2137,0.410,1.290,1.300,6,0,2.000,0,0,18,297,0,17,0
05-05 21:55:10,21.304,2.005,73.185,2.005,0,5503708,190896,183608,2143168,6014.233,529.341,1134.875,8.020,118.300,2.005,2179,1962,0.410,1.290,1.300,0,1,0,0,0,18,297,0,17,0
05-05 21:55:11,21.480,3.247,71.934,3.247,0,5493736,196444,183740,2147460,3173.086,485.554,1954.205,487.552,195.820,11.989,2498,2531,0.410,1.290,1.300,3,0,2.997,0,0,18,297,0,17,0
05-05 21:55:12,22.251,3.250,70.502,2.750,0,5524544,165348,183748,2147756,7527.190,486.012,16.000,1840.046,1.000,153.004,3665,4826,0.410,1.290,1.300,1,0,1.000,0,0,18,298,0,19,0
05-05 21:55:13,21.903,3.485,70.437,2.489,0,5531884,157596,183748,2148172,8611.710,567.477,135.398,541.592,11.947,61.726,5559,8049,0.460,1.280,1.300,0,1,0,0,0,18,303,0,21,0
05-05 21:55:14,21.253,3.750,61.257,12.502,0.250,5544088,144268,183748,2149300,11213.361,3267.396,824.100,3352.407,53.006,484.059,4605,5844,0.460,1.280,1.300,5,1,1.000,0,0,18,308,0,23,0
05-05 21:55:15,17.015,2.252,72.814,6.005,0,5544528,143512,183748,2149616,27466.088,12166.670,192.169,1389.218,11.010,193.169,4827,6926,0.460,1.280,1.300,2,2,1.001,0,0,18,310,0,24,0
05-05 21:55:16,8.006,2.502,78.054,10.007,0,5544824,143156,183752,2149672,13781.524,2939.031,16.011,5503.804,1.001,367.254,3186,4747,0.460,1.280,1.300,2,0,0,0,0,18,309,0,15,0
05-05 21:55:17,8.277,1.505,88.286,1.003,0,5545092,142652,183752,2149908,15943.580,4699.203,64.208,1163.765,4.013,91.295,2501,3404,0.460,1.280,1.300,1,0,0,0,0,18,310,0,17,0
05-05 21:55:18,9.715,1.246,81.459,6.477,0,5543784,143780,183756,2150084,19945.790,7846.985,111.602,569.965,6.975,52.811,2623,3522,0.500,1.280,1.290,3,0,0,0,0,18,312,0,17,0
05-05 21:55:19,18.287,4.259,65.382,10.271,0,5543232,143820,183756,2150596,4131.367,486.986,388.787,2000.051,33.067,239.485,6688,10629,0.500,1.280,1.290,1,3,1.002,0,0,18,312,0,21,0
05-05 21:55:20,20.792,4.509,66.383,7.014,0,5543736,143048,183756,2150864,7772.535,486.973,0,1899.797,0,169.338,6900,10259,0.500,1.280,1.290,1,0,0,0,0,18,313,0,16,0
05-05 21:55:21,9.456,2.240,82.618,3.982,0,5543984,142580,183756,2151084,10049.500,3192.229,15.926,1954.954,0.995,212.019,3338,5230,0.500,1.280,1.290,1,1,0,0,0,18,311,0,19,0
05-05 21:55:22,10.528,1.755,83.470,3.008,0,5544196,142328,183756,2151124,17008.736,5077.354,0,1744.589,0,149.393,3117,4437,0.500,1.280,1.290,2,0,1.003,0,0,18,312,0,19,0
05-05 21:55:23,14.499,3.250,75.492,4.750,0,5544336,142076,183756,2151236,19401.057,7218.277,0,1527.847,0,168.983,4983,7300,0.540,1.270,1.290,2,2,0,0,0,18,312,0,20,0
05-05 21:55:24,18.249,4.000,60.496,14.999,0,5545276,140816,183756,2151556,7573.549,485.971,0,6559.610,0,502.970,6960,11246,0.540,1.270,1.290,1,2,0,0,0,18,312,0,20,0
05-05 21:55:25,18.230,3.496,67.676,8.241,0,5545496,140312,183760,2151836,12253.568,3200.492,0,3088.614,0,303.667,6367,9982,0.540,1.270,1.290,2,1,0,0,0,18,311,0,21,0
05-05 21:55:26,8.013,2.003,84.391,3.756,0,5545940,139808,183760,2151896,3691.170,486.814,0,2620.380,0,202.338,3112,4583,0.540,1.270,1.290,1,1,0,0,0,18,311,0,23,0
05-05 21:55:27,5.502,1.250,90.030,3.001,0,5546028,139556,183764,2152056,12627.204,3206.067,0,612.204,0,53.018,2000,2884,0.540,1.270,1.290,2,1,0,0,0,18,313,0,23,0
05-05 21:55:28,9.973,2.244,83.527,2.992,0,5546452,139052,183768,2152132,11933.130,3249.322,0,1444.143,0,170.545,3512,5311,0.500,1.250,1.290,2,0,0,0,0,18,311,0,24,0
05-05 21:55:29,16.750,2.000,77.998,2.250,0,5547580,137540,183768,2152516,9521.753,2750.929,147.996,847.978,8.000,66.998,3670,4701,0.500,1.250,1.290,3,0,0,0,0,18,311,0,24,0
05-05 21:55:30,11.784,2.006,73.210,12.285,0,5539652,145396,183768,2152588,28218.771,11139.886,0,5166.789,0,679.946,3490,4274,0.500,1.250,1.290,0,1,0,0,0,18,312,0,24,0
05-05 21:55:31,8.989,1.498,83.148,4.994,0,5538832,146172,183768,2152632,28344.130,10340.279,0,1022.742,0,101.875,2732,3594,0.500,1.250,1.290,2,0,0,0,0,18,312,0,24,0
05-05 21:55:32,10.488,1.748,83.153,2.247,0,5538784,146172,183772,2152676,31744.846,11861.118,0,1366.401,0,123.855,3039,4155,0.500,1.250,1.290,1,1,0.999,0,0,18,311,0,24,0
05-05 21:55:33,20.512,5.753,57.283,14.759,0,5586996,135156,182944,2116308,9889.744,486.282,32.019,6683.882,1.001,507.295,7002,11002,0.540,1.250,1.280,3,1,1.001,0,0,18,312,0,24,0
05-05 21:55:34,23.816,4.763,65.180,4.262,0,5592288,129532,182944,2116704,3616.975,541.493,0,2310.372,0,199.550,7403,11772,0.540,1.250,1.280,2,0,3.008,0,0,18,312,0,26,0
05-05 21:55:35,21.740,3.748,55.473,16.992,0,5593408,128132,182944,2116984,9088.651,485.768,143.931,6540.870,8.996,761.636,7472,11713,0.540,1.250,1.280,0,1,1.999,0,0,18,312,0,29,0
05-05 21:55:36,20.949,3.990,65.093,8.230,0,5594412,126876,182944,2117236,7656.481,484.827,3.990,2948.867,0.998,246.404,7597,12254,0.540,1.250,1.280,2,0,0,0,0,18,312,0,31,0
05-05 21:55:37,6.753,1.251,87.794,2.501,0,5594344,126876,182944,2117304,4290.146,486.243,0,1560.781,0,102.051,2666,3920,0.540,1.250,1.280,2,0,2.001,0,0,18,314,0,31,0
05-05 21:55:38,3.494,1.248,93.342,1.497,0,5594584,126624,182948,2117312,8494.633,539.088,0,1669.177,0,35.939,1521,1861,0.580,1.240,1.280,1,2,0,0,0,18,314,0,31,0
05-05 21:55:39,7.512,1.502,88.142,2.254,0,5594428,126624,182948,2117516,6476.419,580.935,0,677.089,0,74.119,2908,4041,0.580,1.240,1.280,1,3,0,0,0,18,314,0,31,0
05-05 21:55:40,19.258,4.502,61.774,11.254,0,5594796,126120,182952,2117648,8221.219,486.190,0,3181.246,0,388.152,7426,11723,0.580,1.240,1.280,3,2,0,0,0,18,314,0,31,0
05-05 21:55:41,20.794,4.008,60.377,13.278,0,5595036,125616,182952,2117912,5644.911,487.028,0,7668.180,0,526.110,7614,12020,0.580,1.240,1.280,3,0,0,0,0,18,314,0,36,0
05-05 21:55:42,19.141,2.983,68.113,7.209,0,5596924,123352,182952,2118288,2929.366,483.256,270.464,1809.724,15.910,179.978,6036,9045,0.580,1.240,1.280,1,1,0.994,0,0,18,313,0,38,0
05-05 21:55:43,4.519,2.008,90.873,2.008,0,5597024,123100,182952,2118440,8886.485,488.004,0,6121.131,0,174.717,1868,2679,0.610,1.240,1.280,0,1,2.008,0,0,18,314,0,38,0
05-05 21:55:44,8.242,2.997,84.663,2.747,0,5622748,145008,181040,2073248,10178.583,3228.696,0,1202.769,0,139.857,2999,4623,0.610,1.240,1.280,2,0,0,0,0,18,313,0,42,0
05-05 21:55:45,10.254,2.751,76.777,9.253,0,5629984,137744,181052,2073360,11375.986,3276.148,64.022,1424.499,4.001,160.056,3493,5149,0.610,1.240,1.280,1,1,7.002,0,0,18,313,0,43,0
05-05 21:55:46,10.241,6.245,75.684,5.495,0,5633068,170220,179436,2039908,5692.074,485.580,79.931,1027.111,7.993,91.920,3804,14494,0.610,1.240,1.280,1,0,123.893,0,0,18,314,0,44,0
05-05 21:55:47,11.012,2.253,82.842,3.003,0,5634504,169056,179444,2039984,12885.343,3052.398,0,929.034,0,101.113,3164,4513,0.610,1.240,1.280,1,1,0,0,0,18,313,0,48,0
05-05 21:55:48,11.471,1.496,81.294,3.990,0,5639416,164016,179448,2040108,9341.275,2744.031,0,1280.747,0,130.668,3167,4608,0.640,1.230,1.280,3,3,0,0,0,18,313,0,52,0
05-05 21:55:49,14.037,2.005,79.208,4.011,0,5639720,163540,179452,2040276,26886.654,11906.288,0,1159.046,0,102.269,3021,4059,0.640,1.230,1.280,3,1,0,0,0,18,314,0,52,0
05-05 21:55:50,3.990,1.496,84.299,8.979,0,5633636,169564,179464,2040324,4211.960,484.844,0,5028.015,0,345.177,2668,4717,0.640,1.230,1.280,1,0,0,0,0,18,313,0,53,0
05-05 21:55:51,14.791,2.006,70.445,10.780,0,5625116,177876,179476,2040520,31779.152,11799.731,0,5651.677,0,829.300,4529,5933,0.640,1.230,1.280,2,0,0,0,0,18,314,0,55,0
05-05 21:55:52,9.238,2.247,83.645,3.496,0,5626120,176732,179488,2040648,9988.425,725.087,39.950,1338.315,1.997,151.809,3667,5283,0.640,1.230,1.280,1,1,0.999,0,0,18,313,0,55,0
05-05 21:55:53,10.235,1.747,80.880,5.242,0,5627328,175248,179512,2040900,11095.497,3053.458,0,1230.170,0,129.807,3241,4706,0.830,1.260,1.290,1,1,0,0,0,18,314,0,58,0
05-05 21:55:54,5.504,1.501,89.311,2.752,0,5627320,175248,179512,2040908,8136.568,660.452,0,664.455,0,72.049,2163,3128,0.830,1.260,1.290,4,0,1.001,0,0,18,314,0,59,0
05-05 21:55:55,8.242,1.748,84.666,2.997,0,5627220,175248,179524,2040996,12570.510,3283.737,0,1634.376,0,193.807,3405,5313,0.830,1.260,1.290,1,0,0,0,0,18,313,0,63,0
05-05 21:55:56,5.513,1.503,90.959,1.754,0,5628480,173988,179536,2040984,5601.895,487.121,0,853.966,0,69.159,2023,2846,0.830,1.260,1.290,2,0,0,0,0,18,313,0,64,0
05-05 21:55:57,4.991,0.998,88.843,3.743,0,5628412,173988,179540,2041048,4697.720,485.145,0,3417.975,0,393.307,2136,2842,0.830,1.260,1.290,1,0,0,0,0,18,313,0,64,0
05-05 21:55:58,4.006,0.751,93.638,0.501,0,5628284,173988,179548,2041168,7758.467,486.719,0,713.054,0,62.092,1818,2597,0.760,1.240,1.280,2,0,0,0,0,18,313,0,64,0
05-05 21:55:59,4.752,1.500,89.780,2.001,0,5628232,173988,179548,2041220,5309.754,540.178,0,1088.360,0,94.031,2150,3229,0.760,1.240,1.280,2,1,0,0,0,18,313,0,64,0
05-05 21:56:00,9.473,1.994,76.280,10.470,0,5628176,173988,179568,2041256,12921.722,5805.252,0,5460.247,0,406.826,3830,5899,0.760,1.240,1.280,0,0,0,0,0,18,313,0,66,0
05-05 21:56:01,7.019,1.504,88.737,1.755,0,5628344,173736,179576,2041332,9787.175,1935.175,0,597.598,0,63.169,2441,3457,0.760,1.240,1.280,3,0,0,0,0,18,315,0,70,0
05-05 21:56:02,4.991,1.248,88.332,3.493,0,5628824,173236,179584,2041344,16305.992,3457.425,0,1089.927,0,133.746,2594,3946,0.760,1.240,1.280,1,0,0.998,0,0,18,313,0,70,0
05-05 21:56:03,14.555,2.258,75.031,7.277,0,5629320,172480,179584,2041604,23228.017,7356.559,0,1365.114,0,173.651,4235,6077,0.860,1.250,1.280,1,0,0,0,0,18,314,0,74,0
05-05 21:56:04,11.454,1.743,79.682,5.229,0,5629284,172228,179604,2041872,19168.501,7136.519,0,2083.684,0,126.495,3590,4978,0.860,1.250,1.280,1,0,0,0,0,18,313,0,74,0
05-05 21:56:05,13.312,1.758,77.861,6.028,0,5629172,172228,179604,2041984,24068.596,9642.709,16.075,1193.534,1.005,131.610,3558,4950,0.860,1.250,1.280,2,4,0,0,0,18,314,0,77,0
05-05 21:56:06,4.480,0.996,90.354,2.240,0,5629104,172228,179616,2042040,11275.603,3216.907,0,1362.033,0,121.468,2240,3250,0.860,1.250,1.280,1,1,0,0,0,18,313,0,77,0
05-05 21:56:07,7.008,1.251,87.102,3.004,0,5629536,171724,179644,2042084,11781.853,3138.690,0,1329.563,0,147.173,2725,4123,0.860,1.250,1.280,1,1,0,0,0,18,313,0,78,0
05-05 21:56:08,9.262,2.253,86.362,2.503,0,5629728,171472,179652,2042136,8415.928,2754.577,0,648.843,0,87.113,3019,4411,0.790,1.230,1.280,2,1,0,0,0,18,313,0,81,0
05-05 21:56:09,11.740,2.248,64.196,19.484,0,5630484,170528,179676,2042300,14447.892,4680.078,0,8073.234,0,570.522,4431,6856,0.790,1.230,1.280,1,0,0,0,0,18,314,0,82,0
05-05 21:56:10,9.499,1.250,85.240,2.250,0,5630436,170528,179676,2042348,23337.320,7544.134,0,727.916,0,76.991,2997,4014,0.790,1.230,1.280,3,2,0,0,0,18,314,0,83,0
05-05 21:56:11,20.522,4.254,63.567,8.759,0,5630248,170276,179680,2042784,8738.161,486.510,0,2278.389,0,293.307,7617,11873,0.790,1.230,1.280,3,1,0,0,0,18,314,0,83,0
05-05 21:56:12,17.274,3.755,61.586,16.774,0,5630968,169324,179724,2042972,7761.891,486.683,48.067,6388.965,2.003,777.090,6411,9481,0.790,1.230,1.280,2,1,1.001,0,0,18,314,0,83,0
05-05 21:56:13,16.942,3.488,73.748,3.488,0,5631352,168820,179776,2043040,3563.828,580.019,0,2296.158,0,225.231,6265,9710,0.730,1.210,1.270,1,1,0,0,0,18,313,0,85,0
05-05 21:56:14,9.030,2.007,74.250,13.295,0,5632096,167812,179796,2043284,7592.574,487.643,0,6758.766,0,455.534,3529,5348,0.730,1.210,1.270,0,1,0,0,0,18,313,0,85,0
05-05 21:56:15,9.726,1.496,80.299,6.733,0,5631892,167812,179828,2043456,27403.311,12011.891,0,1240.890,0,123.690,3037,4283,0.730,1.210,1.270,3,0,0,0,0,18,315,0,85,0
05-05 21:56:16,7.740,1.248,84.888,4.244,0.250,5631892,167812,179864,2043420,10871.599,3392.506,0,1358.201,0,137.817,3007,4588,0.730,1.210,1.270,1,1,0,0,0,18,313,0,86,0
05-05 21:56:17,11.510,2.252,80.569,4.754,0,5631556,167812,179884,2043736,14878.744,2699.312,0,1757.505,0,173.148,4137,5901,0.730,1.210,1.270,2,0,0,0,0,18,313,0,87,0
05-05 21:56:18,9.258,1.752,80.070,8.007,0,5631788,167560,179900,2043740,14931.003,4742.130,0,3715.236,0,481.419,3176,4419,0.910,1.240,1.280,2,1,0,0,0,18,314,0,86,0
05-05 21:56:19,8.481,1.497,83.563,4.241,0,5631628,167560,179924,2043876,26590.556,7528.171,0,1464.726,0,123.723,2800,4000,0.910,1.240,1.280,0,2,0,0,0,18,314,0,86,0
05-05 21:56:20,19.848,4.522,62.056,11.808,0,5631280,167560,179968,2044180,7970.260,488.406,32.158,2307.366,1.005,306.510,7584,12194,0.910,1.240,1.280,0,1,1.005,0,0,18,314,0,86,0
05-05 21:56:21,17.450,4.238,58.583,17.699,0,5632748,165828,180016,2044396,7474.649,484.616,0,7666.103,0,506.553,6848,10821,0.910,1.240,1.280,4,0,0,0,0,18,314,0,86,0
05-05 21:56:22,19.037,4.258,59.866,15.280,0,5632492,165828,180084,2044584,10064.567,486.947,32.062,4584.914,1.002,316.616,7258,10694,0.910,1.240,1.280,1,1,1.002,0,0,18,314,0,84,0
05-05 21:56:23,18.769,3.754,62.313,12.262,0,5632180,165828,180124,2044856,8714.813,540.547,0,1805.826,0,234.237,6833,10635,0.920,1.240,1.280,0,2,0,0,0,18,314,0,84,0
05-05 21:56:24,18.693,4.237,65.301,9.970,0,5632588,165324,180140,2044936,8334.545,484.520,0,3513.270,0,237.275,6646,9869,0.920,1.240,1.280,2,2,0,0,0,18,314,0,84,0
05-05 21:56:25,21.253,4.501,65.509,6.751,0,5633168,164316,180188,2045316,5375.720,486.065,32.004,2104.282,1.000,235.031,7699,11845,0.920,1.240,1.280,5,1,0,0,0,18,314,0,84,0
05-05 21:56:26,21.207,4.241,63.871,9.481,0,5633152,164064,180220,2045552,10254.336,538.914,0,2554.852,0,347.300,7437,11694,0.920,1.240,1.280,2,1,0,0,0,18,314,0,82,0
05-05 21:56:27,17.290,3.508,59.639,16.789,0,5641780,155272,180248,2045684,12074.142,487.135,0,7954.540,0,516.203,7047,10856,0.920,1.240,1.280,4,3,0,0,0,18,314,0,84,0
05-05 21:56:28,14.987,3.497,76.433,3.996,0,5642244,154544,180276,2045920,5268.377,485.574,0,1598.597,0,166.854,5330,8084,0.850,1.220,1.270,2,0,0,0,0,18,313,0,84,0
05-05 21:56:29,4.744,1.248,90.879,2.247,0,5641232,155504,180284,2045964,3597.218,485.355,0,451.400,0,69.907,2306,3435,0.850,1.220,1.270,1,1,0,0,0,18,315,0,85,0
05-05 21:56:30,6.262,2.254,86.415,4.008,0,5641896,154748,180292,2046048,8411.101,541.036,0,1134.171,0,107.205,2383,3420,0.850,1.220,1.270,1,1,0,0,0,18,316,0,82,0
05-05 21:56:31,6.244,1.249,87.420,2.997,0,5641916,154496,180312,2046260,11057.856,3220.046,31.971,1302.805,0.999,121.888,2652,3924,0.850,1.220,1.270,1,1,0,0,0,18,313,0,86,0
05-05 21:56:32,13.744,1.999,78.468,4.498,0,5642088,154248,180344,2046304,17741.859,5061.963,0,1359.453,0,144.942,3914,5366,0.850,1.220,1.270,1,1,1.000,0,0,18,314,0,90,0
05-05 21:56:33,12.512,1.752,81.577,3.754,0,5642212,154008,180360,2046400,38451.489,16040.221,0,956.908,0,81.077,2835,3527,0.780,1.200,1.260,2,1,1.001,0,0,18,314,0,90,0
05-05 21:56:34,10.505,2.501,77.288,8.004,0,5643600,152496,180388,2046496,27975.705,726.356,0,6127.002,0,798.391,4587,5753,0.780,1.200,1.260,2,1,3.001,0,0,18,313,0,92,0
05-05 21:56:35,7.750,2.250,87.505,2.000,0,5643392,152496,180388,2046704,6398.399,486.030,0,1348.084,0,79.005,2678,3834,0.780,1.200,1.260,1,1,2.000,0,0,18,314,0,92,0
05-05 21:56:36,11.003,2.501,62.268,22.256,0,5643532,152244,180420,2046784,9895.793,3278.925,0,6313.782,0,446.126,4270,6877,0.780,1.200,1.260,1,1,0,0,0,18,313,0,95,0
05-05 21:56:37,8.515,2.505,82.148,5.009,0.250,5643580,152020,180428,2046952,9976.033,486.880,0,1438.601,0,145.263,3083,4747,0.780,1.200,1.260,2,0,0,0,0,18,314,0,99,0
05-05 21:56:38,3.989,1.496,91.498,2.244,0,5643532,152020,180428,2047000,11407.549,3215.136,0,725.998,0,86.761,2110,3125,0.800,1.190,1.260,1,2,0,0,0,18,313,0,92,0
05-05 21:56:39,5.261,1.503,82.179,10.272,0,5643500,152016,180436,2047028,4389.572,581.268,0,4193.144,0,423.924,2332,3108,0.800,1.190,1.260,1,2,0,0,0,18,313,0,93,0
05-05 21:56:40,6.234,0.997,81.042,9.476,0,5643956,151540,180440,2047044,8295.709,484.756,0,1715.597,0,233.401,2513,3342,0.800,1.190,1.260,1,2,0,0,0,18,313,0,95,0
05-05 21:56:41,14.019,3.004,76.604,5.507,0,5643692,151540,180468,2047280,18613.271,6904.374,0,1714.327,0,205.279,4100,6110,0.800,1.190,1.260,2,1,0,0,0,18,314,0,101,0
05-05 21:56:42,13.783,2.005,79.690,3.007,0,5643676,151540,180472,2047292,24559.455,7629.158,0,922.195,0,106.253,4179,6002,0.800,1.190,1.260,1,1,2.005,0,0,18,314,0,94,0
05-05 21:56:43,19.476,4.245,63.422,10.237,0,5643408,151540,180504,2047528,7562.643,485.399,0,3096.169,0,354.561,7296,11155,0.810,1.190,1.260,1,1,1.998,0,0,18,314,0,95,0
05-05 21:56:44,22.276,4.756,66.829,4.505,0,5643816,151036,180540,2047588,4361.151,486.575,0,2679.164,0,244.289,8053,12411,0.810,1.190,1.260,0,2,0,0,0,18,314,0,97,0
05-05 21:56:45,8.710,2.986,69.927,16.424,0,5645148,149276,180576,2047980,8180.189,483.764,0,7947.266,0,534.529,4421,7062,0.810,1.190,1.260,1,1,5.972,0,0,18,313,0,97,0
05-05 21:56:46,14.011,5.004,74.308,5.254,0,5654720,173708,178996,2016268,10285.002,3231.514,0,1613.255,0,143.111,4603,14977,0.810,1.190,1.260,3,0,36.028,0,0,18,313,0,95,0
05-05 21:56:47,5.257,1.252,91.130,1.252,0,5648892,179504,179000,2016296,3559.074,486.694,0,1017.451,0,102.146,2142,3378,0.810,1.190,1.260,2,0,0,0,0,18,314,0,96,0
05-05 21:56:48,10.953,1.992,83.394,1.743,0,5649212,179028,179000,2016452,20200.857,7581.669,0,577.537,0,70.699,2894,4042,0.750,1.170,1.250,1,1,0,0,0,18,314,0,100,0
05-05 21:56:49,9.532,1.505,84.029,4.264,0,5649596,178552,179008,2016536,10564.121,2705.996,0,1304.336,0,126.420,2996,4362,0.750,1.170,1.250,1,1,0,0,0,18,314,0,104,0
05-05 21:56:50,3.003,0.751,92.854,2.002,0,5649588,178552,179016,2016536,9984.228,486.547,0,668.752,0,48.054,1526,2209,0.750,1.170,1.250,1,0,0,0,0,18,314,0,95,0
05-05 21:56:51,7.005,1.751,84.557,5.754,0,5649524,178552,179032,2016584,16114.806,4882.274,0,1144.768,0,154.103,3019,4664,0.750,1.170,1.250,1,1,0,0,0,18,315,0,95,0
05-05 21:56:52,11.489,1.499,84.419,1.748,0,5653000,174776,179044,2016872,33061.357,13943.655,243.767,931.109,4.995,70.932,2628,3277,0.750,1.170,1.250,2,0,0.999,0,0,18,315,0,98,0
05-05 21:56:53,5.236,1.247,89.266,1.995,0,5653196,174552,179060,2016884,15173.268,2867.491,0,1089.148,0,129.660,2321,3267,0.770,1.170,1.250,1,0,0,0,0,18,314,0,99,0
05-05 21:56:54,17.522,3.755,70.338,6.758,0,5653132,174300,179084,2017176,23149.002,7554.465,0,1626.037,0,203.255,5610,8686,0.770,1.170,1.250,3,2,0,0,0,18,314,0,100,0
05-05 21:56:55,14.962,3.990,52.616,26.433,0,5653520,173824,179092,2017256,7116.931,484.769,0,12280.820,0,1132.126,6225,9425,0.770,1.170,1.250,5,0,0,0,0,18,314,0,94,0
05-05 21:56:56,21.384,4.277,67.925,4.780,0,5654392,172816,179092,2017392,6243.048,489.059,0,1911.959,0,195.221,7453,11497,0.770,1.170,1.250,0,2,0,0,0,18,314,0,95,0
05-05 21:56:57,9.465,1.993,81.694,5.729,0,5654904,172060,179120,2017608,9618.980,430.388,0,1163.643,0,137.485,4049,6009,0.770,1.170,1.250,1,1,0,0,0,18,313,0,97,0
05-05 21:56:58,10.252,2.250,77.766,8.252,0,5654888,172060,179148,2017596,13392.809,2907.610,0,2012.422,0,172.036,3692,5291,0.790,1.160,1.250,5,0,0,0,0,18,314,0,99,0
05-05 21:56:59,11.740,1.499,82.431,3.497,0,5654724,172060,179168,2017748,19373.704,7290.867,0,1131.049,0,113.904,3562,5182,0.790,1.160,1.250,1,1,0,0,0,18,314,0,95,0
05-05 21:57:00,20.318,5.017,63.210,9.281,0,5655056,170804,179244,2018596,5455.151,487.622,0,2757.174,0,326.085,7418,11534,0.790,1.160,1.250,1,1,0,0,0,18,314,0,96,0
05-05 21:57:01,19.230,4.246,59.688,15.484,0,5655216,170412,179264,2018808,9315.348,485.497,0,6577.185,0,750.223,7126,10360,0.790,1.160,1.250,2,1,0,0,0,18,314,0,98,0
05-05 21:57:02,18.010,4.503,60.785,15.259,0,5657016,168400,179280,2019004,11019.337,3252.871,0,7808.490,0,566.326,6887,10710,0.790,1.160,1.250,2,1,1.001,0,0,18,313,0,99,0
05-05 21:57:03,7.497,1.499,86.713,2.499,0,5657460,167896,179280,2019064,8091.558,485.793,0,935.602,0,100.957,2805,4018,0.800,1.160,1.250,2,3,0,0,0,18,314,0,89,0
05-05 21:57:04,5.238,1.746,88.293,3.991,0,5657676,167644,179280,2019100,11597.818,3244.396,0,1692.034,0,133.687,2446,3791,0.800,1.160,1.250,1,1,0,0,0,18,313,0,90,0
05-05 21:57:05,17.742,3.249,72.218,5.747,0,5658984,166132,179300,2019284,33340.097,12359.475,0,2922.694,0,212.905,4748,6603,0.800,1.160,1.250,2,1,0,0,0,18,313,0,92,0
05-05 21:57:06,11.241,1.749,80.433,4.496,0,5659568,165376,179312,2019444,13579.685,3250.292,0,1674.605,0,171.857,3919,5615,0.800,1.160,1.250,2,1,0,0,0,18,313,0,93,0
05-05 21:57:07,8.788,2.009,85.373,4.018,0,5659580,165124,179312,2019684,6562.636,488.130,0,1016.435,0,84.368,2591,3556,0.800,1.160,1.250,4,2,0,0,0,18,314,0,89,0
05-05 21:57:08,11.713,1.246,79.496,5.483,0,5659508,165124,179312,2019756,31181.519,11705.655,0,1495.230,0,134.571,3157,4447,0.740,1.140,1.240,2,0,0,0,0,18,313,0,89,0
05-05 21:57:09,12.519,2.504,78.869,5.258,0,5659548,164872,179328,2019952,29226.113,11826.851,0,1614.437,0,148.224,3612,5030,0.740,1.140,1.240,2,2,0,0,0,18,313,0,90,0
05-05 21:57:10,12.229,2.246,70.628,12.728,0,5659700,164620,179368,2020012,22694.663,9474.578,0,6508.718,0,445.228,4168,6203,0.740,1.140,1.240,2,0,0,0,0,18,314,0,90,0
05-05 21:57:11,10.298,2.009,80.876,5.777,0,5660068,164172,179392,2020068,21876.581,6968.357,0,2427.271,0,355.651,3809,5093,0.740,1.140,1.240,0,3,0,0,0,18,314,0,84,0
05-05 21:57:12,11.751,2.250,75.506,8.251,0,5660036,164072,179404,2020188,21658.678,7611.590,0,4676.362,0,529.041,4364,6227,0.740,1.140,1.240,1,1,1.000,0,0,18,314,0,84,0
05-05 21:57:13,20.671,5.230,62.263,10.211,0.249,5660492,163316,179456,2020436,8109.139,525.998,23.909,2932.838,0.996,358.635,7347,11743,0.840,1.160,1.250,8,1,0,0,0,18,314,0,84,0
05-05 21:57:14,22.841,5.020,66.013,4.769,0,5661436,162056,179468,2020740,6188.656,487.944,96.384,2574.256,5.020,241.964,8312,12642,0.840,1.160,1.250,1,1,0,0,0,18,313,0,87,0
05-05 21:57:15,21.917,3.487,63.757,9.464,0,5661724,161300,179512,2021164,3599.309,484.158,0,2769.466,0,300.856,7726,11666,0.840,1.160,1.250,2,0,0,0,0,18,314,0,84,0
05-05 21:57:16,18.025,4.757,56.828,19.026,0,5661836,160796,179532,2021536,7526.328,486.668,0,8151.186,0,598.822,6974,11206,0.840,1.160,1.250,1,3,0,0,0,18,314,0,84,0
05-05 21:57:17,22.535,4.507,64.351,7.261,0,5662928,159536,179540,2021696,7471.689,486.761,32.050,3653.716,1.002,332.520,8040,12819,0.840,1.160,1.250,2,1,0,0,0,18,314,0,84,0
05-05 21:57:18,14.972,3.743,69.618,9.732,0,5663644,158528,179540,2021988,7612.561,3202.925,0,2068.078,0,189.640,5289,8114,0.930,1.170,1.250,1,2,0.998,0,0,18,313,0,88,0
05-05 21:57:19,6.764,1.754,84.674,5.511,0,5663584,158528,179548,2022040,7425.298,487.003,0,1984.088,0,173.357,2887,4334,0.930,1.170,1.250,1,1,0,0,0,18,313,0,82,0
05-05 21:57:20,4.486,0.997,88.469,4.237,0,5663560,158528,179560,2022052,10478.669,3139.015,0,1311.827,0,105.664,2258,3321,0.930,1.170,1.250,2,2,0,0,0,18,314,0,82,0
05-05 21:57:21,11.505,3.001,65.776,18.757,0,5663852,158024,179564,2022260,14125.566,3150.241,0,6842.696,0,418.165,4350,6759,0.930,1.170,1.250,2,1,0,0,0,18,313,0,84,0
05-05 21:57:22,6.735,1.746,85.307,3.991,0,5664592,157268,179564,2022276,12539.576,2690.901,0,1129.440,0,103.765,2755,3861,0.930,1.170,1.250,2,1,0.998,0,0,18,313,0,84,0
05-05 21:57:23,6.260,1.252,86.883,5.008,0,5664760,157016,179572,2022352,3420.229,486.744,0,677.035,0,68.104,2225,3126,0.940,1.170,1.250,3,1,0,0,0,18,313,0,79,0
05-05 21:57:24,4.253,1.251,91.822,2.252,0,5664760,157016,179588,2022336,12408.750,3152.477,0,756.594,0,65.051,1920,2844,0.940,1.170,1.250,1,1,0,0,0,18,313,0,80,0
05-05 21:57:25,7.999,1.000,85.989,2.500,0,5664652,157016,179600,2022432,11958.462,2696.653,0,1535.802,0,144.981,3060,4489,0.940,1.170,1.250,1,0,0,0,0,18,313,0,80,0
05-05 21:57:26,7.742,1.998,82.660,5.744,0,5664680,156764,179624,2022632,13700.128,3146.584,0,1166.734,0,125.863,3213,4573,0.940,1.170,1.250,1,1,0,0,0,18,313,0,81,0
05-05 21:57:27,7.253,1.501,81.037,9.504,0,5664852,156540,179640,2022668,10485.800,2768.267,0,3997.830,0,532.244,2738,3392,0.940,1.170,1.250,1,1,0,0,0,18,313,0,80,0
05-05 21:57:28,9.247,1.999,81.477,6.498,0,5665040,156288,179652,2022720,12967.341,3148.112,0,2391.325,0,299.915,3309,4469,0.940,1.160,1.250,1,2,0,0,0,18,313,0,80,0
05-05 21:57:29,4.008,1.503,81.417,10.772,0,5664948,156288,179700,2022764,8578.626,541.112,0,5146.574,0,322.663,2686,4171,0.940,1.160,1.250,2,0,0,0,0,18,314,0,80,0
05-05 21:57:30,5.000,2.000,88.756,3.250,0,5665144,156036,179712,2022808,7938.539,2829.192,0,1048.071,0,109.007,2356,3561,0.940,1.160,1.250,2,0,0,0,0,18,313,0,80,0
05-05 21:57:31,10.496,2.499,81.719,4.248,0,5665104,155784,179736,2023076,7377.196,2695.975,0,1407.465,0,151.942,3708,5412,0.940,1.160,1.250,2,0,0,0,0,18,313,0,76,0
05-05 21:57:32,8.764,1.252,82.136,6.260,0,5665784,155028,179768,2023120,12767.087,2841.694,0,965.595,0,91.151,2866,3946,0.940,1.160,1.250,1,1,1.002,0,0,18,314,0,76,0
05-05 21:57:33,14.737,2.748,71.186,9.991,0,5664104,156700,179800,2023124,25555.946,9449.476,0,4939.544,0,642.420,5044,6982,1.030,1.180,1.250,7,3,0.999,0,0,18,314,0,76,0
05-05 21:57:34,23.022,5.005,63.059,7.757,0,5662608,157776,179860,2023484,8424.868,486.454,0,3299.081,0,382.357,8336,13465,1.030,1.180,1.250,0,1,1.001,0,0,18,314,0,76,0
05-05 21:57:35,20.924,4.982,64.766,7.224,0,5665064,155044,179864,2023756,7313.602,484.252,0,2363.469,0,233.158,7250,10808,1.030,1.180,1.250,2,1,0.996,0,0,18,314,0,71,0
05-05 21:57:36,7.512,3.005,73.372,14.023,0,5671012,149032,179896,2023788,9785.265,486.809,48.080,7115.828,3.005,482.803,4057,6608,1.030,1.180,1.250,1,1,3.005,0,0,18,313,0,73,0
05-05 21:57:37,15.012,3.252,70.804,9.257,0,5670604,149032,179924,2024168,9472.265,486.373,0,1941.489,0,225.173,5082,7330,1.030,1.180,1.250,2,1,2.002,0,0,18,313,0,76,0
05-05 21:57:38,5.501,0.750,91.259,1.250,0,5670828,148808,179924,2024168,6038.569,486.046,0,1348.127,0,75.007,2015,2732,0.950,1.160,1.240,1,1,0,0,0,18,314,0,76,0
05-05 21:57:39,18.018,4.004,64.563,11.511,0,5670528,148808,179940,2024452,3562.486,580.568,0,1885.845,0,243.238,6441,9819,0.950,1.160,1.240,1,1,0,0,0,18,314,0,76,0
05-05 21:57:40,22.210,4.741,61.390,9.233,0,5670796,148304,180012,2024616,9035.742,485.127,0,3218.209,0,352.366,8070,12777,0.950,1.160,1.240,2,1,0,0,0,18,314,0,68,0
05-05 21:57:41,20.261,4.002,67.038,7.004,0,5672868,146060,180056,2024744,5016.819,486.273,0,2665.498,0,226.127,7355,11032,0.950,1.160,1.240,2,2,0,0,0,18,314,0,70,0
05-05 21:57:42,22.025,5.006,59.567,12.764,0,5673104,145336,180124,2025164,8316.324,486.546,0,3063.435,0,336.377,7286,11451,0.950,1.160,1.240,1,2,1.001,0,0,18,314,0,70,0
05-05 21:57:43,20.223,4.494,58.922,13.482,0,5674060,144076,180160,2025432,5437.758,485.354,0,7362.195,0,483.356,7856,12319,0.950,1.160,1.240,1,1,1.997,0,0,18,314,0,70,0
05-05 21:57:44,9.240,4.495,67.925,17.231,0,5674212,136680,180172,2032664,11130.755,485.466,27.969,7471.780,6.992,950.954,4670,5285,0.950,1.160,1.240,1,0,1.998,0,0,18,314,0,61,0
05-05 21:57:45,14.053,4.015,74.282,6.023,0,5674736,135800,180176,2033016,7806.688,487.855,52.199,1425.421,2.008,179.683,5024,8053,0.950,1.160,1.240,1,1,6.023,0,0,18,314,0,61,0
05-05 21:57:46,21.717,7.489,57.662,11.732,0,5672816,168992,178652,2003296,3798.197,485.259,0,4537.068,0,346.471,7620,16656,0.950,1.160,1.240,3,1,35.945,0,0,18,314,0,62,0
05-05 21:57:47,20.203,3.242,67.593,6.485,0,5671924,169552,178680,2003584,7733.024,484.873,0,1807.798,0,184.571,6687,10692,0.950,1.160,1.240,5,1,0,0,0,18,314,0,65,0
05-05 21:57:48,18.749,4.500,65.996,8.749,0,5671956,169328,178732,2003724,5188.667,485.969,0,2443.843,0,295.981,6832,11115,0.960,1.150,1.240,2,2,0,0,0,18,314,0,59,0
05-05 21:57:49,14.500,3.750,56.001,23.500,0,5671932,169104,178836,2003868,3816.073,486.009,0,16236.309,0,594.011,6139,10226,0.960,1.150,1.240,1,1,0,0,0,18,314,0,60,0
05-05 21:57:50,21.530,4.256,65.590,6.509,0,5671300,169360,178860,2004220,7686.542,486.667,0,1838.521,0,220.302,7424,11652,0.960,1.150,1.240,2,2,0,0,0,18,314,0,62,0
05-05 21:57:51,20.740,4.248,67.218,6.247,0,5671160,169360,178872,2004348,6049.112,485.768,0,2126.984,0,230.890,7358,11367,0.960,1.150,1.240,1,2,0,0,0,18,314,0,64,0
05-05 21:57:52,13.734,2.997,71.167,10.238,0,5671372,168856,178896,2004616,12831.058,3264.199,0,2257.371,0,227.735,4763,7176,0.960,1.150,1.240,1,1,0.999,0,0,18,313,0,53,0
05-05 21:57:53,8.502,1.750,72.517,14.753,0,5671440,168604,178928,2004768,12685.936,2837.657,0,6841.583,0,449.104,3294,5363,0.880,1.130,1.230,4,0,0,0,0,18,314,0,53,0
05-05 21:57:54,14.275,2.504,79.139,3.256,0,5671572,168352,178956,2004860,23214.884,9548.816,0,1258.216,0,147.259,3833,5606,0.880,1.130,1.230,2,1,1.002,0,0,18,314,0,54,0
05-05 21:57:55,4.503,1.251,90.317,1.751,0,5671392,168352,178976,2005020,14371.601,3076.269,0,716.529,0,75.055,2405,3430,0.880,1.130,1.230,2,0,0,0,0,18,314,0,54,0
05-05 21:57:56,9.506,1.751,82.799,5.253,0,5671316,168352,178988,2005084,7225.266,626.370,16.009,1052.621,1.001,147.087,3607,5278,0.880,1.130,1.230,0,1,0,0,0,18,314,0,51,0
05-05 21:57:57,13.734,1.998,72.664,8.740,0,5671500,168100,178996,2005144,25202.219,11950.878,0,1773.904,0,193.771,4087,6056,0.880,1.130,1.230,1,1,0,0,0,18,314,0,52,0
05-05 21:57:58,12.486,2.747,76.667,6.743,0,5671516,167848,179016,2005360,10109.999,725.211,0,1794.048,0,222.758,4751,7235,0.890,1.130,1.230,2,2,0,0,0,18,314,0,52,0
05-05 21:57:59,23.471,4.994,61.673,9.238,0,5671756,167344,179064,2005576,7205.027,485.395,31.960,2712.622,0.999,342.573,8374,13295,0.890,1.130,1.230,3,4,0,0,0,18,314,0,52,0
05-05 21:58:00,17.522,4.506,56.319,18.523,0,5666828,172260,179152,2005500,7781.557,486.598,0,9559.741,0,674.829,7065,12116,0.890,1.130,1.230,1,1,0,0,0,18,314,0,47,0
05-05 21:58:01,21.967,4.743,67.898,3.495,0,5666380,172080,179168,2006112,6513.231,485.272,0,2172.741,0,176.735,7322,11734,0.890,1.130,1.230,2,0,0,0,0,18,314,0,49,0
05-05 21:58:02,9.013,1.752,79.361,8.762,0,5666588,171828,179184,2006140,7806.877,3354.674,0,2255.142,0,174.243,3273,5028,0.890,1.130,1.230,1,1,1.001,0,0,18,313,0,50,0
05-05 21:58:03,14.031,2.756,76.171,5.763,0,5666512,171576,179208,2006444,8444.937,487.092,60.135,1455.263,4.009,138.310,4365,6141,0.900,1.130,1.230,3,1,0,0,0,18,313,0,50,0
05-05 21:58:04,7.986,1.497,85.845,2.745,0,5666720,171324,179224,2006472,31677.920,11721.879,0,1820.719,0,153.723,2663,3735,0.900,1.130,1.230,1,1,0,0,0,18,313,0,45,0
05-05 21:58:05,23.479,4.746,58.197,12.489,0,5666720,171324,179252,2006444,27165.323,9523.349,0,2433.789,0,308.720,7347,11167,0.900,1.130,1.230,5,0,0,0,0,18,314,0,45,0
05-05 21:58:06,19.214,4.492,54.149,20.212,0,5666516,171072,179296,2006856,6015.828,485.099,0,9131.042,0,660.773,7409,12046,0.900,1.130,1.230,1,1,0,0,0,18,314,0,47,0
05-05 21:58:07,20.330,4.769,67.767,6.275,0,5667728,169560,179304,2007148,8021.640,542.138,0,1855.318,0,162.642,6886,10702,0.900,1.130,1.230,5,1,0,0,0,18,314,0,49,0
05-05 21:58:08,9.718,1.495,79.491,7.226,0,5667816,169308,179320,2007296,12006.910,3259.389,0,1714.419,0,190.380,3663,5728,0.830,1.110,1.220,2,1,0,0,0,18,313,0,47,0
05-05 21:58:09,14.787,2.005,76.189,6.767,0,5668088,168804,179324,2007524,34749.216,15921.503,0,1531.801,0,129.321,3331,4483,0.830,1.110,1.220,2,1,0,0,0,18,314,0,48,0
05-05 21:58:10,12.994,1.000,78.964,4.748,0,5668300,168552,179332,2007556,49768.389,21173.381,0,5513.495,0,193.912,2711,3222,0.830,1.110,1.220,1,1,0,0,0,18,314,0,48,0
05-05 21:58:11,12.258,1.751,82.555,2.251,0.250,5668096,168552,179340,2007752,30289.031,11845.834,0,1424.942,0,115.076,3410,4373,0.830,1.110,1.220,1,0,0,0,0,18,314,0,48,0
05-05 21:58:12,12.507,1.501,80.546,4.002,0,5668168,168300,179352,2007920,46494.265,18791.616,0,692.391,0,60.034,2629,3092,0.830,1.110,1.220,2,1,1.001,0,0,18,314,0,46,0
05-05 21:58:13,9.746,1.000,88.460,0,0,5668652,167796,179352,2007940,24841.835,7913.443,0,503.774,0,30.986,2082,2526,0.760,1.090,1.220,3,1,0,0,0,18,314,0,46,0
05-05 21:58:14,9.743,1.999,85.689,1.499,0,5668528,167796,179356,2008060,31590.420,11932.471,0,1019.271,0,112.919,3037,4113,0.760,1.090,1.220,1,1,0,0,0,18,313,0,46,0
05-05 21:58:15,22.541,4.007,56.602,14.777,0,5668300,167544,179408,2008488,26479.767,9308.792,4.007,8319.007,1.002,723.305,7741,11700,0.760,1.090,1.220,0,2,0,0,0,18,315,0,49,0
05-05 21:58:16,20.470,4.493,63.157,9.985,0,5668424,167084,179460,2008772,10446.606,724.932,0,4022.073,0,361.467,7702,12285,0.760,1.090,1.220,2,0,0,0,0,18,313,0,43,0
05-05 21:58:17,22.446,3.492,65.095,6.485,0,5668484,166832,179488,2008936,6423.680,624.511,0,2657.662,0,262.374,7273,11217,0.760,1.090,1.220,2,1,0,0,0,18,314,0,46,0
05-05 21:58:18,5.022,1.004,90.646,1.507,0,5668340,166832,179496,2009072,11276.242,3102.548,0,1000.368,0,81.355,1916,2867,0.700,1.070,1.210,1,1,0,0,0,18,314,0,46,0
05-05 21:58:19,13.450,1.744,76.467,7.472,0,5668504,166580,179524,2009132,27630.631,9694.084,0,1805.311,0,164.391,3424,4698,0.700,1.070,1.210,1,1,0,0,0,18,313,0,46,0
05-05 21:58:20,11.241,1.998,72.941,11.491,0,5667632,167376,179540,2009192,18070.464,7096.292,0,4336.512,0,464.626,3354,4634,0.700,1.070,1.210,1,1,0,0,0,18,314,0,46,0
05-05 21:58:21,15.523,3.255,73.610,7.010,0,5667800,167124,179544,2009272,18453.479,5387.022,0,1694.523,0,177.264,5072,7579,0.700,1.070,1.210,0,2,0,0,0,18,314,0,42,0
05-05 21:58:22,16.786,4.259,52.612,24.552,0,5667476,167124,179612,2009528,6130.053,487.037,0,10734.859,0,696.483,6721,10970,0.700,1.070,1.210,1,2,1.002,0,0,18,314,0,42,0
05-05 21:58:23,22.255,4.251,67.514,3.251,0,5667964,166368,179652,2009756,9308.994,486.104,0,1992.427,0,218.047,8165,12332,0.720,1.070,1.210,2,1,0,0,0,18,314,0,42,0
05-05 21:58:24,16.190,3.238,74.974,4.484,0,5668976,165108,179676,2009980,10495.391,3331.744,0,1713.696,0,192.293,5059,7757,0.720,1.070,1.210,1,1,0,0,0,18,313,0,43,0
05-05 21:58:25,7.238,1.248,87.858,1.747,0,5668768,165108,179680,2010184,5988.308,2518.923,0,1713.227,0,138.775,2620,3856,0.720,1.070,1.210,2,0,0,0,0,18,314,0,40,0
05-05 21:58:26,12.026,2.255,78.667,4.760,0,5668844,164856,179696,2010344,29873.383,9858.918,0,1198.543,0,148.315,4201,6061,0.720,1.070,1.210,3,1,0,0,0,18,314,0,42,0
05-05 21:58:27,22.065,4.764,62.433,9.779,0,5668600,164856,179752,2010532,5911.340,487.430,0,3081.038,0,357.047,7598,11880,0.720,1.070,1.210,1,2,1.003,0,0,18,314,0,42,0
05-05 21:58:28,19.775,4.005,60.074,13.016,0,5669272,163848,179808,2010812,7182.904,486.603,0,8766.868,0,573.711,7729,12729,0.750,1.070,1.210,2,0,0,0,0,18,314,0,43,0
05-05 21:58:29,20.980,4.246,63.189,10.740,0,5669252,163848,179844,2010844,7175.048,485.530,0,1342.699,0,191.814,7332,11007,0.750,1.070,1.210,1,1,0,0,0,18,314,0,43,0
05-05 21:58:30,18.249,4.500,61.746,13.249,0,5669552,163092,179888,2011256,7397.479,539.962,0,2991.789,0,310.978,7224,11499,0.750,1.070,1.210,1,2,0,0,0,18,314,0,45,0
05-05 21:58:31,20.501,4.000,65.504,8.500,0,5670908,161580,179908,2011392,7848.436,486.027,0,2220.123,0,215.012,7219,10929,0.750,1.070,1.210,1,1,0,0,0,18,315,0,47,0
05-05 21:58:32,10.472,2.244,79.536,5.735,0,5671012,161328,179916,2011532,9642.091,3216.357,0,1970.705,0,200.461,3803,5841,0.750,1.070,1.210,2,1,0.997,0,0,18,313,0,48,0
05-05 21:58:33,9.008,2.252,69.313,17.766,0,5671040,161076,179952,2011720,7617.924,3167.879,0,8183.438,0,533.485,3790,6159,0.680,1.050,1.200,2,0,0,0,0,18,313,0,47,0
05-05 21:58:34,8.245,1.749,86.449,2.748,0,5670864,161076,179960,2011888,27707.568,2695.402,0,1019.395,0,97.942,2947,4217,0.680,1.050,1.200,2,0,0,0,0,18,313,0,47,0
05-05 21:58:35,5.015,1.254,91.269,1.003,0,5670792,161076,179972,2011948,8727.719,487.436,0,866.554,0,96.284,2467,3675,0.680,1.050,1.200,2,1,0,0,0,18,314,0,47,0
05-05 21:58:36,11.476,1.996,79.832,5.738,0,5671180,160612,179992,2012004,28272.462,11718.323,0,5719.955,0,371.218,3462,4796,0.680,1.050,1.200,1,1,1.996,0,0,18,313,0,47,0
05-05 21:58:37,22.289,5.259,65.614,6.010,0,5680684,150840,180028,2012236,9674.849,528.921,0,2929.101,0,297.518,7984,12966,0.680,1.050,1.200,1,1,4.007,0,0,18,314,0,43,0
05-05 21:58:38,21.745,4.499,61.485,9.997,0,5676724,154424,180060,2012580,7629.080,485.878,0,4458.878,0,379.904,8010,12795,0.870,1.080,1.210,0,1,1.999,0,0,18,314,0,46,0
05-05 21:58:39,21.455,3.742,64.116,8.233,0,5677364,153444,180104,2012876,9989.177,578.793,15.967,2327.149,0.998,230.519,7710,11709,0.870,1.080,1.210,3,1,0,0,0,18,314,0,47,0
05-05 21:58:40,9.004,2.501,67.028,19.258,0,5677500,153220,180152,2012916,12144.124,3258.375,48.020,8171.448,2.001,527.222,4023,6651,0.870,1.080,1.210,1,0,0,0,0,18,313,0,49,0
05-05 21:58:41,12.952,1.993,80.201,3.985,0,5677292,153220,180168,2013108,14018.766,5045.201,0,900.644,0,112.581,3235,4451,0.870,1.080,1.210,3,1,0,0,0,18,314,0,47,0
05-05 21:58:42,13.513,2.252,61.810,20.270,0,5675232,155212,180192,2013152,21872.222,7226.011,16.016,5020.872,1.001,464.451,4845,6742,0.870,1.080,1.210,3,1,1.001,0,0,18,314,0,49,0
05-05 21:58:43,17.844,3.770,65.091,11.561,0,5675440,154816,180192,2013340,6419.642,488.560,0,2545.339,0,288.512,6948,10888,0.880,1.080,1.210,3,1,2.011,0,0,18,314,0,50,0
05-05 21:58:44,19.884,4.474,61.890,10.688,0,5675968,154064,180216,2013540,7458.565,483.186,0,3213.288,0,349.962,7185,11531,0.880,1.080,1.210,2,1,0,0,0,18,314,0,50,0
05-05 21:58:45,21.616,5.530,58.314,13.824,0,5685824,143816,180236,2013928,8400.223,488.631,0,7339.513,0,508.739,8133,12932,0.880,1.080,1.210,2,1,6.032,0,0,18,314,0,50,0
05-05 21:58:46,15.710,4.738,70.819,6.234,0,5688332,141164,180252,2014040,11812.885,3236.749,0,2082.691,0,202.484,5414,16380,0.880,1.080,1.210,1,2,35.908,0,0,18,313,0,52,0
05-05 21:58:47,10.002,1.750,80.015,7.501,0,5688384,140940,180260,2014204,17721.423,4705.909,0,1092.211,0,120.023,3203,4524,0.880,1.080,1.210,2,1,0,0,0,18,314,0,54,0
05-05 21:58:48,9.776,1.755,82.720,4.261,0,5688608,140688,180272,2014220,24758.744,7544.032,0,2370.294,0,154.410,2931,3732,1.050,1.110,1.220,3,3,0,0,0,18,313,0,54,0
05-05 21:58:49,11.501,2.000,81.009,4.250,0,5688456,140688,180288,2014356,22778.479,9995.088,0,1120.122,0,130.014,3686,5192,1.050,1.110,1.220,1,1,0,0,0,18,314,0,49,0
05-05 21:58:50,20.991,4.248,66.222,6.497,0,5688748,140196,180292,2014536,9062.161,539.771,0,2518.933,0,288.878,7228,11320,1.050,1.110,1.220,1,1,0,0,0,18,314,0,51,0
05-05 21:58:51,18.235,3.997,55.954,20.233,0,5688408,140196,180296,2014872,7499.793,485.598,0,8840.683,0,651.461,7034,11204,1.050,1.110,1.220,1,1,0,0,0,18,314,0,51,0
05-05 21:58:52,16.468,3.743,64.624,13.224,0,5689520,138964,180296,2014992,6934.454,485.052,0,4914.400,0,389.240,6033,8955,1.050,1.110,1.220,1,2,0.998,0,0,18,314,0,52,0
05-05 21:58:53,22.793,4.759,68.379,2.755,0,5690712,137704,180308,2015048,8310.710,486.920,0,3037.742,0,225.426,7536,11423,1.290,1.160,1.230,0,3,0,0,0,18,314,0,48,0
05-05 21:58:54,20.256,4.751,62.517,10.003,0,5690812,137240,180316,2015404,9116.522,486.134,0,3100.858,0,389.108,7612,12051,1.290,1.160,1.230,3,1,0,0,0,18,314,0,49,0
05-05 21:58:55,20.226,4.245,63.924,9.489,0,5691676,135980,180328,2015788,8927.435,485.426,0,2045.579,0,193.771,8072,12918,1.290,1.160,1.230,2,3,0,0,0,18,314,0,49,0
05-05 21:58:56,21.753,4.001,65.759,6.501,0,5691636,135728,180360,2016048,6029.795,486.064,0,2772.366,0,290.038,7248,11220,1.290,1.160,1.230,3,4,0,0,0,18,314,0,50,0
05-05 21:58:57,18.295,4.261,51.627,22.806,0,5691320,135728,180416,2016308,3572.821,487.203,0,9507.473,0,700.730,7360,12419,1.290,1.160,1.230,2,1,0,0,0,18,314,0,49,0
05-05 21:58:58,23.184,3.989,68.056,4.238,0,5692380,134468,180436,2016488,9341.308,484.615,0,1866.666,0,167.521,7559,11388,1.260,1.160,1.230,6,0,0,0,0,18,314,0,50,0
05-05 21:58:59,22.744,3.749,64.483,7.248,0,5692404,134216,180444,2016708,9594.507,485.874,0,2031.472,0,237.938,6906,10234,1.260,1.160,1.230,1,2,0,0,0,18,314,0,50,0
05-05 21:59:00,19.546,3.508,58.888,15.536,0,5691412,134956,180452,2016952,8643.258,487.142,0,6258.669,0,570.337,6741,9896,1.260,1.160,1.230,1,2,2.005,0,0,18,314,0,50,0
05-05 21:59:01,22.920,4.235,66.021,5.232,0,5691384,134704,180452,2017232,9091.416,484.317,0,1921.325,0,169.411,7300,11323,1.260,1.160,1.230,2,1,0,0,0,18,314,0,51,0
05-05 21:59:02,8.493,1.998,78.934,8.493,0,5692060,133952,180456,2017304,13229.932,3264.269,0,2278.094,0,215.819,3498,5463,1.260,1.160,1.230,2,1,0.999,0,0,18,313,0,50,0
05-05 21:59:03,13.302,2.510,67.013,16.063,0,5692640,132440,180480,2018212,12066.281,3267.805,0,8822.571,0,542.124,4583,7023,1.240,1.160,1.230,0,2,0,0,0,18,313,0,51,0
05-05 21:59:04,5.741,1.997,86.372,4.493,0,5692476,132440,180480,2018376,3008.545,485.281,0,758.876,0,65.902,2227,3293,1.240,1.160,1.230,6,2,0,0,0,18,314,0,51,0
05-05 21:59:05,11.495,1.499,81.715,3.748,0,5692280,132440,180484,2018568,32139.097,12518.585,0,1255.457,0,130.943,3463,4869,1.240,1.160,1.230,1,1,0,0,0,18,313,0,52,0
05-05 21:59:06,11.501,2.000,76.757,7.751,0,5692228,132440,180496,2018608,9702.834,3140.270,0,1636.141,0,187.016,3860,5827,1.240,1.160,1.230,1,1,0,0,0,18,313,0,52,0
05-05 21:59:07,15.508,2.501,77.538,4.002,0,5692444,131936,180508,2018884,28573.146,11961.922,0,1664.824,0,187.093,3735,5395,1.240,1.160,1.230,2,2,0,0,0,18,315,0,52,0
05-05 21:59:08,13.008,1.251,80.050,3.502,0,5692376,131936,180520,2018940,43273.806,16464.199,0,1717.064,0,159.099,3608,4761,1.220,1.150,1.230,0,1,0,0,0,18,314,0,53,0
05-05 21:59:09,10.995,1.749,83.462,2.749,0,5692332,131936,180532,2018972,25582.381,9577.650,0,1431.350,0,112.949,2962,3822,1.220,1.150,1.230,2,1,0,0,0,18,314,0,54,0
05-05 21:59:10,9.017,1.252,85.412,2.505,0,5692416,131684,180540,2019132,28198.533,9790.587,0,1270.412,0,113.215,2821,3687,1.220,1.150,1.230,4,0,0,0,0,18,314,0,48,0
05-05 21:59:11,22.248,4.500,62.993,8.249,0,5692476,131432,180568,2019296,7348.200,485.947,0,2875.687,0,398.957,8017,12845,1.220,1.150,1.230,7,2,0,0,0,18,314,0,48,0
05-05 21:59:12,20.002,3.750,51.754,22.502,0,5693276,130428,180580,2019488,4040.338,486.041,0,8216.687,0,515.043,6725,10656,1.220,1.150,1.230,1,1,1.000,0,0,18,314,0,48,0
05-05 21:59:13,21.999,4.750,64.747,7.750,0,5693692,129672,180592,2019816,8056.639,485.978,0,2799.874,0,270.988,7607,12046,1.200,1.150,1.230,4,1,0,0,0,18,314,0,50,0
05-05 21:59:14,20.698,4.738,64.838,6.983,0,5694128,129168,180600,2019876,6928.734,538.658,0,3335.688,0,322.197,7363,11480,1.200,1.150,1.230,3,2,0,0,0,18,314,0,51,0
05-05 21:59:15,24.688,4.239,61.098,8.479,0,5694496,128412,180608,2020256,22452.049,9283.864,0,2338.173,0,260.351,7280,10638,1.200,1.150,1.230,1,2,0,0,0,18,315,0,53,0
05-05 21:59:16,6.011,2.004,78.892,11.270,0,5694484,128412,180620,2020256,13959.096,3576.430,0,6736.110,0,441.794,3113,4938,1.200,1.150,1.230,2,1,0,0,0,18,314,0,53,0
05-05 21:59:17,5.749,1.500,86.236,4.749,0,5694396,128412,180632,2020332,12371.994,3152.489,0,2071.664,0,168.973,2567,3980,1.200,1.150,1.230,1,1,0,0,0,18,313,0,54,0
05-05 21:59:18,12.753,2.751,73.268,9.502,0,5694384,128160,180644,2020584,9908.443,2829.698,0,3300.814,0,269.066,4611,6970,1.190,1.150,1.230,1,2,0,0,0,18,313,0,51,0
05-05 21:59:19,6.761,1.252,84.385,6.010,0,5694340,128160,180652,2020620,9660.492,2701.332,0,4338.958,0,169.271,2358,3332,1.190,1.150,1.230,2,1,0,0,0,18,313,0,51,0
05-05 21:59:20,8.991,1.499,84.666,2.997,0,5694592,127908,180664,2020608,23317.950,9522.587,0,1118.894,0,109.891,2852,4066,1.190,1.150,1.230,1,1,0,0,0,18,314,0,51,0
05-05 21:59:21,22.796,4.760,64.380,5.511,0,5696492,125640,180680,2020960,8181.510,486.983,0,2613.273,0,294.594,8108,12669,1.190,1.150,1.230,1,1,0,0,0,18,314,0,52,0
05-05 21:59:22,20.729,4.495,61.686,11.238,0,5696776,125136,180716,2021144,7268.472,485.497,0,3951.907,0,374.612,7501,11602,1.190,1.150,1.230,5,1,0.999,0,0,18,314,0,53,0
05-05 21:59:23,20.282,4.507,63.349,9.765,0,5697512,124128,180752,2021380,7678.997,486.760,0,6301.846,0,423.662,7694,12030,1.170,1.150,1.230,1,1,0,0,0,18,314,0,56,0
05-05 21:59:24,9.982,2.495,72.366,13.725,0,5697576,123876,180768,2021552,11096.515,3202.089,0,6571.868,0,625.845,4031,5951,1.170,1.150,1.230,2,0,0,0,0,18,313,0,58,0
05-05 21:59:25,10.987,1.748,78.160,7.741,0,5697480,123876,180776,2021640,24756.413,6973.947,0,1901.804,0,153.822,3215,4431,1.170,1.150,1.230,4,0,0,0,0,18,314,0,60,0
05-05 21:59:26,11.538,2.508,76.752,7.776,0,5697424,123876,180784,2021688,16234.327,5264.292,0,1332.377,0,130.428,4251,6235,1.170,1.150,1.230,2,0,0,0,0,18,314,0,59,0
05-05 21:59:27,20.696,3.740,62.586,10.971,0,5697076,123876,180800,2022020,6750.291,484.728,0,3020.077,0,361.053,7217,11530,1.170,1.150,1.230,2,1,0,0,0,18,314,0,59,0
05-05 21:59:28,19.474,4.744,66.411,6.741,0,5697296,123372,180812,2022292,8745.338,3073.901,15.979,3495.339,0.999,321.571,6737,10685,1.400,1.190,1.240,3,0,0,0,0,18,314,0,63,0
05-05 21:59:29,7.526,2.258,76.012,12.794,0,5697316,123120,180844,2022492,9591.099,716.473,0,6968.047,0,504.742,3903,6326,1.400,1.190,1.240,2,1,0,0,0,18,313,0,63,0
05-05 21:59:30,4.491,0.998,90.568,2.245,0,5697304,123120,180852,2022496,10338.224,3142.684,0,1297.393,0,103.791,2118,3286,1.400,1.190,1.240,4,1,0.998,0,0,18,314,0,58,0
05-05 21:59:31,6.502,1.750,88.775,1.750,0,5697304,122868,180872,2022728,16039.488,3149.881,0,1272.356,0,132.037,2735,3918,1.400,1.190,1.240,3,1,0,0,0,18,313,0,58,0
05-05 21:59:32,10.990,1.499,81.177,4.496,0,5697480,122616,180880,2022796,19149.722,6938.739,0,1662.500,0,183.834,3555,5180,1.400,1.190,1.240,1,1,0.999,0,0,18,314,0,58,0
05-05 21:59:33,5.004,1.251,90.819,2.502,0,5697480,122616,180880,2022796,11810.934,2649.004,0,1032.781,0,93.070,1955,2714,1.370,1.190,1.240,2,1,0,0,0,18,314,0,58,0
05-05 21:59:34,15.983,2.497,73.170,6.493,0.250,5697684,122112,180900,2023076,28423.103,10257.849,0,1506.363,0,161.824,4368,5988,1.370,1.190,1.240,3,0,0,0,0,18,313,0,54,0
05-05 21:59:35,7.503,2.001,86.530,2.251,0,5697612,122112,180924,2023124,10073.447,3151.078,0,1616.553,0,178.061,3150,4723,1.370,1.190,1.240,2,0,0,0,0,18,313,0,54,0
05-05 21:59:36,6.246,1.499,87.199,3.748,0,5698320,121368,180928,2023156,8473.006,485.714,0,1339.211,0,117.930,2484,3666,1.370,1.190,1.240,4,1,0.999,0,0,18,314,0,54,0
05-05 21:59:37,8.758,2.752,85.074,2.502,0,5698204,151936,179920,1993696,13653.855,3121.710,0,1441.251,0,142.123,3131,4768,1.370,1.190,1.240,1,1,3.003,0,0,18,313,0,56,0
05-05 21:59:38,15.757,2.501,66.780,13.756,0,5698636,151488,179932,1993700,34027.221,13682.120,0,6510.912,0,423.189,4067,5762,1.260,1.170,1.230,1,1,2.001,0,0,18,315,0,55,0
05-05 21:59:39,6.493,0.999,90.407,0.749,0,5698304,151584,179936,1993932,19434.980,5586.246,31.967,799.177,1.998,28.970,2014,2528,1.260,1.170,1.230,1,1,1.998,0,0,18,314,0,55,0
05-05 21:59:40,3.998,1.249,90.444,3.998,0,5698304,151584,179940,1993928,14018.261,2716.307,0,4109.438,0,372.768,1764,1858,1.260,1.170,1.230,2,0,0,0,0,18,314,0,55,0
05-05 21:59:41,8.511,0.751,88.112,0.250,0,5698268,151584,179940,1993964,34120.310,14139.948,0,140.178,0,13.017,1982,2294,1.260,1.170,1.230,2,0,0,0,0,18,315,0,55,0
05-05 21:59:42,5.493,1.248,90.639,1.498,0,5699332,150324,179952,1994148,12425.768,2921.419,0,695.148,0,72.911,2149,3244,1.260,1.170,1.230,1,1,0.999,0,0,18,314,0,50,0
05-05 21:59:43,14.030,2.505,79.167,3.507,0,5699700,149876,179964,1994216,29433.039,11942.172,0,1294.729,0,148.313,3750,5035,1.560,1.230,1.250,0,2,2.004,0,0,18,313,0,50,0
05-05 21:59:44,11.224,1.497,82.062,3.492,0,5700136,149340,179984,1994280,28531.509,9510.171,0,973.765,0,92.787,3303,4335,1.560,1.230,1.250,1,1,0,0,0,18,314,0,50,0
05-05 21:59:45,21.459,4.990,64.128,7.236,0,5701320,147836,180000,1994580,9489.934,485.077,0,2243.729,0,261.502,7547,11520,1.560,1.230,1.250,3,0,6.987,0,0,18,314,0,51,0
05-05 21:59:46,18.614,5.534,65.653,9.307,0,5717740,142560,178952,1984528,8758.823,3228.841,0,2213.603,0,229.410,5799,19015,1.560,1.230,1.250,1,0,36.223,0,0,18,313,0,53,0
05-05 21:59:47,10.474,1.496,80.051,6.235,0,5712040,148104,178956,1984704,8020.093,484.797,0,1787.563,0,148.631,3496,5179,1.560,1.230,1.250,2,1,0,0,0,18,314,0,51,0
05-05 21:59:48,11.247,2.499,68.484,15.746,0,5711976,148104,178976,1984748,30309.092,12004.264,0,6618.492,0,422.904,3864,5970,1.510,1.230,1.250,1,0,0,0,0,18,313,0,51,0
05-05 21:59:49,16.000,4.250,68.750,9.750,0,5712180,147852,178996,1984776,8923.014,486.001,0,2236.004,0,237.000,5545,8204,1.510,1.230,1.250,3,0,0,0,0,18,314,0,53,0
05-05 21:59:50,22.795,4.759,67.384,4.509,0,5713848,145584,179020,1985352,5363.683,486.970,16.032,2348.678,1.002,230.459,7835,12168,1.510,1.230,1.250,1,0,0,0,0,18,314,0,54,0
05-05 21:59:51,17.482,3.496,65.183,11.488,0,5713876,145332,179040,1985556,7289.470,3030.869,0,2417.503,0,232.760,5969,9041,1.510,1.230,1.250,3,0,0,0,0,18,314,0,51,0
05-05 21:59:52,7.253,1.250,84.531,5.502,0,5713808,145332,179040,1985624,9840.568,660.239,16.006,1644.596,1.000,129.047,2718,3931,1.510,1.230,1.250,2,0,1.000,0,0,18,315,0,53,0
05-05 21:59:53,10.259,2.002,80.324,6.256,0,5713884,145080,179048,1985792,6738.237,486.450,16.015,2342.168,1.001,249.231,3968,6081,1.630,1.260,1.260,1,0,0,0,0,18,315,0,53,0
05-05 21:59:54,11.188,1.989,77.070,7.956,0,5713884,145080,179052,1985788,30249.368,11677.899,0,1837.755,0,175.024,3646,5222,1.630,1.260,1.260,2,0,0.994,0,0,18,313,0,53,0
05-05 21:59:55,12.762,3.253,69.068,12.762,0,5713564,145080,179064,1986096,11828.574,3213.144,0,6338.202,0,439.430,4650,7149,1.630,1.260,1.260,1,0,0,0,0,18,313,0,53,0
05-05 21:59:56,10.278,2.005,79.965,5.264,0,5713724,144828,179092,1986160,16201.571,4696.631,0,5915.910,0,474.275,3964,5362,1.630,1.260,1.260,1,0,0,0,0,18,314,0,53,0
05-05 21:59:57,12.003,2.001,82.021,3.751,0,5713920,144576,179100,1986208,26309.599,7678.926,0,1144.287,0,102.026,3330,4922,1.630,1.260,1.260,4,0,0,0,0,18,314,0,53,0
05-05 21:59:58,19.229,4.245,61.684,11.737,0,5713604,144576,179124,1986500,5370.225,485.478,0,2645.155,0,333.641,6998,11279,1.580,1.260,1.260,2,1,0,0,0,18,314,0,53,0
05-05 21:59:59,22.255,4.501,64.014,8.002,0.250,5713652,144324,179176,1986652,3277.711,486.105,0,3860.837,0,373.081,7607,12058,1.580,1.260,1.260,4,0,0,0,0,18,314,0,50,0
05-05 22:00:00,21.024,4.755,67.077,5.006,0,5714452,143316,179180,1986856,9284.670,486.559,0,2927.364,0,186.214,7317,11296,1.580,1.260,1.260,3,0,0,0,0,18,314,0,53,0
05-05 22:00:01,15.521,3.254,63.336,16.522,0,5715116,142308,179200,1987176,13436.261,3272.448,0,7313.940,0,477.649,5792,8904,1.580,1.260,1.260,2,0,0,0,0,18,313,0,56,0
05-05 22:00:02,8.226,1.994,83.760,3.989,0,5716864,140296,179212,1987428,7193.350,484.609,179.485,1360.095,10.969,128.631,3533,5106,1.580,1.260,1.260,4,0,3.989,0,0,18,314,0,56,0
05-05 22:00:03,9.778,2.256,79.477,7.020,0,5716788,140296,179212,1987504,10659.412,2572.339,0,1700.853,0,190.544,3611,5357,1.610,1.270,1.260,0,0,0,0,0,18,314,0,56,0
05-05 22:00:04,8.238,1.248,85.880,2.247,0,5716756,140296,179212,1987536,27950.800,9692.407,0,1046.532,0,95.866,2682,3530,1.610,1.270,1.260,3,0,0,0,0,18,314,0,56,0
05-05 22:00:05,14.748,2.750,73.990,7.749,0,5716512,140296,179216,1987776,29128.127,12390.352,0,1535.796,0,183.976,4378,6216,1.610,1.270,1.260,1,0,0,0,0,18,313,0,58,0
05-05 22:00:06,12.522,2.254,77.884,6.261,0,5716680,140044,179216,1987860,14519.948,5072.716,0,1626.795,0,163.281,3667,5284,1.610,1.270,1.260,3,0,0,0,0,18,314,0,58,0
05-05 22:00:07,11.729,1.996,81.602,2.745,0,5711832,144680,179220,1988068,17536.198,7217.910,0,1317.611,0,126.770,4003,5881,1.610,1.270,1.260,4,1,0,0,0,18,314,0,56,0
05-05 22:00:08,18.760,4.502,58.282,16.759,0,5711812,144680,179228,1988080,7405.044,486.266,0,8604.700,0,697.381,7734,12675,1.650,1.280,1.270,4,0,0,0,0,18,314,0,57,0
05-05 22:00:09,22.029,3.755,64.334,8.261,0,5708852,147260,179236,1988452,5371.997,486.634,0,2158.812,0,256.334,7129,10869,1.650,1.280,1.270,1,0,0,0,0,18,314,0,57,0
05-05 22:00:10,21.742,4.248,67.726,3.499,0,5710512,145372,179240,1988676,9455.596,539.806,0,2595.066,0,199.928,7957,11701,1.650,1.280,1.270,1,0,1.000,0,0,18,314,0,58,0
05-05 22:00:11,14.715,3.991,72.079,7.482,0,5712092,143612,179240,1988856,9775.792,3206.388,0,2274.600,0,230.453,5430,8276,1.650,1.280,1.270,2,0,0,0,0,18,313,0,57,0
05-05 22:00:12,8.998,1.750,72.985,14.247,0,5712132,143516,179240,1988912,9835.978,485.900,0,7098.540,0,454.906,3650,5306,1.650,1.280,1.270,1,1,1.000,0,0,18,314,0,59,0
05-05 22:00:13,7.985,1.747,76.610,11.729,0,5712176,143292,179240,1989092,6020.028,604.898,0,1804.711,0,174.682,3178,4889,1.670,1.290,1.270,2,0,0,0,0,18,313,0,60,0
05-05 22:00:14,9.504,1.751,83.784,4.002,0,5712128,143292,179248,1989132,27602.295,12077.942,0,1440.589,0,133.054,2768,3810,1.670,1.290,1.270,2,0,0,0,0,18,314,0,60,0
05-05 22:00:15,14.500,3.500,63.501,17.000,0,5712040,143292,179260,1989208,22025.420,7932.151,0,6412.122,0,456.009,5338,8137,1.670,1.290,1.270,4,0,0,0,0,18,314,0,57,0
05-05 22:00:16,13.055,1.506,78.332,5.774,0,5712048,143040,179300,1989412,23545.720,9477.137,0,1418.005,0,138.587,3641,5044,1.670,1.290,1.270,1,0,0,0,0,18,314,0,58,0
05-05 22:00:17,8.981,1.746,83.322,2.994,0,5712172,142788,179316,1989524,21083.879,7594.747,0,1329.156,0,143.692,3163,4446,1.670,1.290,1.270,3,1,0,0,0,18,314,0,58,0
05-05 22:00:18,20.263,5.003,62.289,10.507,0,5712012,142788,179420,1989580,8264.145,570.355,0,3318.066,0,402.250,7762,12271,1.860,1.340,1.290,2,0,0,0,0,18,314,0,58,0
05-05 22:00:19,23.449,4.989,61.864,8.980,0,5711856,142536,179464,1989944,7511.541,538.819,0,3655.989,0,376.176,7994,12566,1.860,1.340,1.290,2,0,0,0,0,18,314,0,55,0
05-05 22:00:20,15.041,3.760,59.161,19.303,0,5712268,141780,179504,1990248,12303.578,3039.295,16.044,8170.298,1.003,548.497,6069,9270,1.860,1.340,1.290,1,0,0,0,0,18,314,0,57,0
05-05 22:00:21,6.000,1.500,87.248,4.000,0,5712212,141780,179508,1990300,8959.767,659.983,0,927.976,0,87.998,2561,3828,1.860,1.340,1.290,1,1,0,0,0,18,314,0,57,0
05-05 22:00:22,11.734,2.247,74.898,9.986,0,5712596,141280,179520,1990404,17214.642,8050.077,0,1346.173,0,149.797,3717,5414,1.860,1.340,1.290,1,0,0.999,0,0,18,313,0,60,0
05-05 22:00:23,9.018,1.002,84.167,3.757,0,5712412,141280,179536,1990572,15646.994,4825.559,0,1001.985,0,105.208,2913,3861,1.710,1.320,1.280,0,0,0,0,0,18,314,0,55,0
05-05 22:00:24,12.721,1.995,79.070,4.739,0,5712364,141280,179544,1990612,29067.687,11979.670,0,1105.478,0,123.718,3562,4864,1.710,1.320,1.280,1,0,0,0,0,18,314,0,55,0
05-05 22:00:25,12.288,2.006,82.253,2.006,0,5712280,141280,179548,1990692,20470.041,7766.920,0,1135.497,0,123.380,3968,5939,1.710,1.320,1.280,1,0,0,0,0,18,314,0,55,0
05-05 22:00:26,20.710,4.242,66.373,5.989,0,5712716,140524,179592,1990968,8533.688,538.970,0,2579.070,0,303.420,7804,12257,1.710,1.320,1.280,1,2,0,0,0,18,314,0,56,0
05-05 22:00:27,7.745,1.749,71.204,17.239,0.250,5712328,140524,179616,1991332,15709.783,3211.911,0,7854.891,0,513.666,3715,6194,1.710,1.320,1.280,2,0,0,0,0,18,313,0,57,0
05-05 22:00:28,13.484,1.998,72.663,10.487,0,5712384,140272,179628,1991516,33032.555,11770.944,0,6112.701,0,475.432,3453,4315,1.570,1.290,1.270,4,0,0,0,0,18,313,0,55,0
05-05 22:00:29,11.745,2.999,74.466,8.746,0,5712312,140272,179640,1991576,9681.536,539.751,0,1903.123,0,186.914,4834,7364,1.570,1.290,1.270,1,0,0,0,0,18,314,0,56,0
05-05 22:00:30,21.037,4.758,64.363,8.264,0,5712684,139516,179700,1991900,4531.925,486.851,0,3726.516,0,334.585,7062,11125,1.570,1.290,1.270,4,1,0,0,0,18,314,0,57,0
05-05 22:00:31,5.486,1.247,88.529,2.743,0,5712864,139264,179720,1991952,12051.847,3196.004,0,1687.777,0,137.656,2450,3720,1.570,1.290,1.270,1,0,0,0,0,18,313,0,58,0
05-05 22:00:32,13.253,2.500,78.265,4.501,0,5713064,139012,179740,1991984,10024.945,3258.632,0,2216.430,0,199.039,4060,5961,1.570,1.290,1.270,1,0,1.000,0,0,18,313,0,55,0
05-05 22:00:33,9.769,1.503,80.907,6.763,0,5712928,139012,179760,1992100,17160.302,4933.574,0,1719.337,0,159.309,3048,4538,1.610,1.310,1.280,3,0,0,0,0,18,313,0,55,0
05-05 22:00:34,11.513,1.752,80.589,5.006,0,5713116,138760,179760,1992164,29492.608,11515.732,0,1361.505,0,127.141,3281,4395,1.610,1.310,1.280,1,0,0,0,0,18,314,0,55,0
05-05 22:00:35,12.758,2.752,79.299,3.252,0,5713096,138508,179772,1992424,35716.146,7549.681,0,1480.918,0,155.096,4548,6318,1.610,1.310,1.280,1,0,0,0,0,18,314,0,55,0
05-05 22:00:36,21.765,4.503,64.794,7.255,0,5713268,138004,179800,1992728,11847.011,486.329,0,2877.946,0,315.213,8293,13090,1.610,1.310,1.280,2,0,0,0,0,18,314,0,55,0
05-05 22:00:37,18.955,3.991,56.617,16.960,0,5713964,137260,179840,1992736,8359.338,538.733,0,8835.219,0,613.557,7718,12612,1.610,1.310,1.280,2,0,0.998,0,0,18,314,0,55,0
05-05 22:00:38,14.988,3.747,74.188,5.246,0,5718716,132220,179856,1993004,9202.332,3205.329,0,2014.322,0,206.828,5150,8026,1.480,1.280,1.270,1,0,2.998,0,0,18,313,0,57,0
05-05 22:00:39,16.739,3.248,69.703,8.494,0,5718808,131716,179868,1993404,16531.864,3299.777,3.997,2458.344,0.999,235.841,5296,7554,1.480,1.280,1.270,2,0,1.999,0,0,18,313,0,60,0
05-05 22:00:40,9.032,2.258,80.789,7.276,0,5718652,131716,179884,1993544,10135.226,541.937,0,1894.772,0,158.567,3270,4761,1.480,1.280,1.270,1,0,0,0,0,18,313,0,57,0
05-05 22:00:41,4.998,1.499,85.969,5.998,0,5718580,131716,179900,1993600,12826.379,3207.844,0,2814.986,0,108.961,2310,3301,1.480,1.280,1.270,2,0,0,0,0,18,314,0,57,0
05-05 22:00:42,24.951,2.994,69.365,1.248,0,5728096,122140,179900,1993660,8888.713,485.057,0,698.641,0,36.928,4374,4736,1.480,1.280,1.270,2,0,0.998,0,0,18,314,0,58,0
05-05 22:00:43,13.501,2.500,78.005,5.250,0,5728464,121412,179904,1994016,32099.261,11875.837,0,2712.191,0,211.015,3758,4992,1.440,1.280,1.270,2,1,2.000,0,0,18,313,0,58,0
05-05 22:00:44,11.766,1.252,76.854,8.261,0,5728484,121188,179928,1994196,30799.652,11770.918,0,4978.733,0,360.488,3249,4224,1.440,1.280,1.270,1,0,0,0,0,18,314,0,57,0
05-05 22:00:45,12.977,2.995,69.375,13.725,0,5729920,119676,179940,1994260,26738.678,9713.446,0,5354.324,0,369.333,4046,5983,1.440,1.280,1.270,3,0,5.989,0,0,18,314,0,57,0
05-05 22:00:46,11.483,3.245,78.633,5.492,0,5729840,119676,179956,1994324,77577.563,2733.932,0,1517.742,0,138.793,4287,6403,1.440,1.280,1.270,6,0,0.999,0,0,18,314,0,57,0
05-05 22:00:47,23.039,7.012,60.853,6.261,0,5735256,158944,176780,1952964,9869.740,540.917,16.027,2973.042,1.002,297.505,8018,22913,1.440,1.280,1.270,2,1,36.061,0,0,18,314,0,58,0
05-05 22:00:48,7.483,1.497,83.308,6.236,0,5734928,159208,176788,1953020,10436.985,3332.332,0,2641.921,0,202.534,2898,4541,1.570,1.310,1.280,1,0,0,0,0,18,313,0,54,0
05-05 22:00:49,18.583,2.260,70.815,7.031,0,5735336,158228,176788,1953592,13538.286,488.174,337.503,1169.206,19.085,96.429,5105,7141,1.570,1.310,1.280,1,0,0,0,0,18,317,0,58,0
05-05 22:00:50,22.245,3.749,67.235,5.499,0,5735584,157724,176792,1953844,9242.883,539.876,163.962,1747.600,9.998,164.962,6986,9968,1.570,1.310,1.280,1,1,2.000,0,0,18,319,0,76,0
05-05 22:00:51,26.265,4.002,62.285,6.254,0,5736268,156464,176792,1954420,11149.329,486.276,48.027,2609.481,3.002,228.129,7640,11030,1.570,1.310,1.280,1,1,1.001,0,0,18,317,0,92,0
05-05 22:00:52,12.958,1.495,78.246,5.731,0,5736120,156464,176796,1954564,38194.771,11704.929,3.987,1730.372,0.997,151.507,3749,5321,1.570,1.310,1.280,3,0,0.997,0,0,18,316,0,88,0
05-05 22:00:53,16.020,4.255,60.828,16.521,0,5735916,156464,176816,1954748,6425.217,486.622,0,6247.990,0,467.598,6219,9947,1.760,1.350,1.290,1,2,0,0,0,18,317,0,88,0
05-05 22:00:54,20.741,3.998,64.471,9.995,0,5734384,157768,176824,1954968,11179.898,679.690,0,2850.699,0,253.884,6796,10595,1.760,1.350,1.290,2,1,0,0,0,18,317,0,89,0
05-05 22:00:55,5.011,1.754,85.432,5.762,0,5734484,157516,176828,1955116,11983.462,3082.550,0,1747.713,0,142.302,2667,3988,1.760,1.350,1.290,1,0,0,0,0,18,317,0,89,0
05-05 22:00:56,5.731,0.748,88.205,3.488,0,5734464,157516,176832,1955132,9746.448,3146.491,0,1578.727,0,148.504,2463,4058,1.760,1.350,1.290,2,0,0,0,0,18,316,0,84,0
05-05 22:00:57,6.749,1.500,84.984,5.499,0,5734672,157264,176840,1955168,12118.759,3209.407,0,1487.725,0,135.975,2590,3803,1.760,1.350,1.290,2,0,0,0,0,18,316,0,85,0
05-05 22:00:58,7.009,1.502,85.605,4.506,0,5734596,157264,176844,1955240,11235.833,3158.889,0,1533.888,0,143.176,2773,4161,1.620,1.330,1.290,1,0,0,0,0,18,316,0,86,0
05-05 22:00:59,15.270,2.503,81.358,1.252,0,5734568,157012,176852,1955512,8725.587,486.646,0,1057.404,0,61.081,3033,3691,1.620,1.330,1.290,3,0,0,0,0,18,317,0,86,0
05-05 22:01:00,6.482,1.247,88.752,1.247,0,5734756,156760,176856,1955572,10437.880,2874.979,0,1013.173,0,83.766,2318,3338,1.620,1.330,1.290,1,0,0,0,0,18,316,0,84,0
05-05 22:01:01,7.517,1.503,84.691,5.512,0,5734744,156760,176860,1955580,9380.134,2835.388,0,1547.487,0,132.298,2745,4046,1.620,1.330,1.290,1,0,0,0,0,18,316,0,84,0
05-05 22:01:02,5.997,1.999,77.714,12.744,0,5734676,156760,176872,1955636,12773.113,2695.758,0,6249.120,0,391.819,2888,4716,1.620,1.330,1.290,1,0,1.000,0,0,18,316,0,85,0
05-05 22:01:03,9.971,1.496,84.009,3.490,0,5734756,156508,176872,1955808,20514.053,7370.820,0,1041.009,0,112.676,2793,3780,1.490,1.310,1.280,2,0,0,0,0,18,317,0,86,0
05-05 22:01:04,12.031,2.507,76.198,7.269,0,5734636,156564,176884,1955860,12336.080,4945.862,0,4884.703,0,330.860,4177,6088,1.490,1.310,1.280,1,3,0,0,0,18,317,0,80,0
05-05 22:01:05,23.534,3.755,62.340,9.263,0,5734716,156312,176888,1956028,28041.579,9545.814,0,3941.704,0,372.539,7324,10605,1.490,1.310,1.280,2,0,0,0,0,18,317,0,83,1
05-05 22:01:06,13.473,2.495,75.596,7.734,0,5735148,155556,176904,1956336,11507.536,3400.067,0,2247.418,0,211.569,4267,6264,1.490,1.310,1.280,1,0,0,0,0,18,316,0,85,0
05-05 22:01:07,7.776,1.254,80.267,9.030,0,5734968,155556,176908,1956512,11913.570,3171.534,0,1950.478,0,179.597,3048,4594,1.490,1.310,1.280,0,0,0,0,0,18,316,0,86,0
05-05 22:01:08,6.481,1.745,86.244,3.739,0,5735188,155304,176908,1956544,11683.387,2742.874,0,1451.699,0,119.646,2512,3618,1.370,1.290,1.270,1,0,0,0,0,18,316,0,82,0
05-05 22:01:09,6.756,1.001,85.329,6.006,0,5735152,155304,176908,1956580,8036.440,2525.338,0,1072.993,0,93.086,2299,3274,1.370,1.290,1.270,2,0,0,0,0,18,317,0,82,0
05-05 22:01:10,9.264,1.502,84.629,3.255,0,5734972,155304,176908,1956760,30098.968,9720.846,0,1145.750,0,104.159,2870,4086,1.370,1.290,1.270,0,2,0,0,0,18,317,0,82,0
05-05 22:01:11,18.717,4.243,57.399,17.968,0,5734848,155304,176924,1956868,7394.032,539.055,0,7706.484,0,549.037,6672,10719,1.370,1.290,1.270,2,0,0,0,0,18,316,0,82,0
05-05 22:01:12,13.001,2.500,79.507,4.000,0,5551816,338336,176924,1956868,13755.139,263975.849,20.002,2112.175,3.000,45.004,2169,2085,1.370,1.290,1.270,1,0,15.001,0,0,18,316,0,82,0
05-05 22:01:13,0.750,0.500,96.014,1.250,0,5551520,338576,176924,1956924,3759.559,0,0,664.099,0,31.005,903,1454,1.260,1.260,1.260,1,0,0,0,0,18,316,0,78,0
05-05 22:01:14,9.496,3.499,80.717,4.748,0,5565124,324972,176952,1956896,280684.366,9060.267,15.993,2139.119,3.998,116.952,2666,2743,1.260,1.260,1.260,1,0,20.991,0,0,18,316,0,78,0
05-05 22:01:15,14.975,4.243,76.124,3.494,0,5573432,316244,176968,1957300,307842.063,20913.357,347.424,3290.549,10.982,437.276,3749,3305,1.260,1.260,1.260,3,0,22.962,0,0,18,317,0,78,0
05-05 22:01:16,15.543,4.262,79.469,0.251,0,5564664,318384,176976,1963904,151465.209,4167.479,152.420,316.873,3.008,18.050,2508,2092,1.260,1.260,1.260,2,0,20.055,0,0,18,316,0,78,0
05-05 22:01:17,17.213,5.987,71.846,3.243,0,5548560,320704,177060,1977588,2919.752,484.962,989.882,135.710,55.880,7.983,2505,2025,1.260,1.260,1.260,1,1,22.951,0,0,18,316,0,75,0
