"pcp-dstat 6.2.0 CSV Output"
"Author:","PCP team <pcp@groups.io> and Dag Wieers <dag@wieers.com>",,,,"URL:","https://pcp.io/ and http://dag.wieers.com/home-made/dstat/"
"Host:","ubuntu",,,,"User:","ubuntu"
"Cmdline:","dstat -tcmndrylpg --tcp --output /tmp/devstack_logs/dstat-csv.log",,,,"Date:","29 Apr 2026 03:50:34 UTC"
"system","total usage",,,,,"memory usage",,,,"net/total",,"dsk/total",,"io/total",,"system",,"load avg",,,"procs",,,"paging",,"tcp sockets",,,,
"time","total usage:usr","total usage:sys","total usage:idl","total usage:wai","total usage:stl","used","free","buf","cach","net/total:recv","net/total:send","dsk/total:read","dsk/total:writ","read","writ","int","csw","1m","5m","15m","run","blk","new","in","out","lis","act","syn","tim","clo"
29-04 03:50:34,,1081392,1583432,159988,4999220,,,,,,,1.810,1.170,0.650,1,0,,,,10,5,1,17,1
29-04 03:50:35,15.494,20.243,59.979,3.499,0,1053568,1610576,160072,4999664,32614.394,11271.989,0,1707.392,0,61.978,6475,5600,1.810,1.170,0.650,1,1,535.809,0,0,10,5,1,17,1
29-04 03:50:36,29.728,18.486,47.965,2.748,0,1048748,1614972,160144,4999912,22246.552,10632.139,0,1454.924,0,49.963,6944,19977,1.810,1.170,0.650,2,0,436.677,0,0,10,5,1,17,1
29-04 03:50:37,26.945,12.474,56.883,2.495,0,1145284,1517644,160204,5125256,40782.094,10046.330,0,1353.216,0,42.912,6224,7346,1.810,1.170,0.650,0,0,177.635,0,0,11,5,1,17,1
29-04 03:50:38,15.791,4.261,76.447,3.008,0,1139844,1506012,160352,5141548,185229.475,11728.296,0,1756.537,0,50.129,2249,1906,1.810,1.170,0.650,2,0,66.171,0,0,11,6,1,17,2
29-04 03:50:39,20.193,5.734,39.887,33.406,0,1146532,1495472,160560,5144688,6616.315,484.631,0,11750.815,0,396.879,2907,1873,1.820,1.190,0.660,0,5,40.885,0,0,11,6,1,17,2
29-04 03:50:40,32.252,10.251,44.502,12.001,0,1182088,1446144,161432,5155708,3613.196,486.026,192.010,4052.220,8.000,213.012,4328,3270,1.820,1.190,0.660,3,0,175.009,0,0,11,6,1,19,2
29-04 03:50:41,37.507,5.251,49.010,7.501,0,1232764,1375012,161976,5173140,10041.954,486.095,1676.326,1448.282,113.022,30.006,2877,1796,1.820,1.190,0.660,2,0,0,0,0,11,6,1,19,2
29-04 03:50:42,33.508,3.251,49.262,13.503,0,1281604,1306312,162592,5190728,8383.082,560.139,132.033,5253.305,7.002,188.047,3346,3174,1.820,1.190,0.660,1,1,1.000,0,0,11,8,1,19,2
29-04 03:50:43,14.982,3.496,46.945,32.712,0,1279800,1297352,163376,5199168,3995.307,485.430,0,7850.778,0,461.458,4639,7339,1.820,1.190,0.660,1,1,8.989,0,0,11,8,1,19,2
29-04 03:50:44,18.250,3.750,44.249,31.999,0,1273564,1286140,164092,5214280,8451.834,485.990,0,9739.809,0,488.990,5003,7739,1.840,1.200,0.670,2,1,1.000,0,0,11,8,1,19,2
29-04 03:50:45,18.740,4.248,40.728,34.482,0,1278640,1263080,164732,5230064,9168.114,485.741,0,11250.004,0,642.657,5665,9266,1.840,1.200,0.670,2,2,0,0,0,11,8,1,19,2
29-04 03:50:46,17.010,3.752,44.026,33.270,0,1276204,1259132,165092,5235068,13522.037,1759.045,0,12827.624,0,690.410,5304,8725,1.840,1.200,0.670,0,2,18.011,0,0,11,9,1,19,2
29-04 03:50:47,21.001,4.000,41.753,30.252,0,1264412,1287332,165280,5218828,8161.500,1941.119,0,12252.750,0,751.046,5692,8956,1.840,1.200,0.670,1,1,18.001,0,0,11,6,1,19,0
29-04 03:50:48,20.518,3.753,47.791,25.772,0,1293160,1252408,165480,5224320,8549.402,2838.458,0,7434.437,0,542.470,5441,8300,1.840,1.200,0.670,2,1,35.030,0,0,11,6,1,19,0
29-04 03:50:49,22.246,4.249,35.744,36.243,0,1277680,1265884,165612,5226000,12052.809,1823.668,0,11513.907,0,783.857,5033,7377,2.010,1.250,0.690,0,1,24.995,0,0,11,7,1,19,0
29-04 03:50:50,21.768,5.004,46.539,25.021,0,1265088,1270800,165984,5232036,10899.070,2330.940,0,10720.922,0,413.344,11760,22644,2.010,1.250,0.690,1,1,9.007,0,0,11,6,1,19,0
29-04 03:50:51,16.779,5.510,41.823,35.061,0,1253476,1281340,166072,5232836,4000.974,486.849,0,18347.981,0,459.801,4088,5837,2.010,1.250,0.690,2,2,13.023,0,0,11,6,1,19,0
29-04 03:50:52,22.933,7.229,45.368,20.939,0,1248144,1284952,166420,5234104,8065.571,484.592,0,7274.867,0,661.080,13402,24717,2.010,1.250,0.690,0,2,32.904,0,0,11,6,1,19,0
29-04 03:50:53,16.249,5.000,36.998,40.248,0,1212992,1332656,166508,5222924,6866.647,485.975,0,10507.460,0,911.953,4837,6966,2.010,1.250,0.690,0,2,20.999,0,0,11,6,1,19,0
29-04 03:50:54,33.096,8.525,33.598,23.819,0,1108544,1436992,166608,5222944,8295.141,487.419,0,11008.036,0,731.128,5318,6302,2.170,1.290,0.700,3,0,143.417,0,0,11,4,1,19,0
29-04 03:50:55,22.956,3.244,70.615,2.495,0,1174256,1371236,166608,5222988,5953.609,485.072,0,710.640,0,31.939,1920,1516,2.170,1.290,0.700,1,0,2.994,0,0,11,4,1,19,0
29-04 03:50:56,22.745,3.749,68.485,3.999,0,1152700,1392780,166612,5223000,3138.328,579.876,0,7274.443,0,41.991,1983,1459,2.170,1.290,0.700,2,1,9.998,0,0,11,4,1,13,0
29-04 03:50:57,22.943,3.741,50.375,22.444,0,1209892,1335540,166660,5223000,8307.342,484.794,0,12305.400,0,421.951,2656,2885,2.170,1.290,0.700,1,0,0,0,0,11,4,1,13,0
29-04 03:50:58,16.295,9.276,69.943,3.510,0,1133720,1411684,166660,5223028,5337.706,487.343,0,188.519,0,25.069,3484,2664,2.170,1.290,0.700,1,0,169.467,0,0,11,4,1,13,0
29-04 03:50:59,9.267,21.038,69.125,0,0,1110552,1434692,166660,5223188,8071.550,540.975,0,64.116,0,12.022,5918,4501,2,1.270,0.700,2,0,393.710,0,0,11,4,1,13,0
29-04 03:51:00,16.970,15.972,66.133,0,0,1104596,1440608,166660,5223288,7661.455,485.142,0,15.972,0,3.993,6617,7868,2,1.270,0.700,1,0,282.501,0,0,11,4,1,13,0
29-04 03:51:01,41.982,11.245,45.980,0.250,0,1173264,1364448,166660,5231140,9081.075,485.790,7444.783,7.997,74.968,1.999,4117,2887,2,1.270,0.700,2,0,130.943,0,0,11,5,1,13,0
29-04 03:51:02,46.242,3.749,46.992,2.000,0,1225608,1311024,166692,5232188,11988.899,485.915,511.910,4023.295,10.998,88.984,3071,1755,2,1.270,0.700,3,2,0,0,0,11,5,1,13,0
29-04 03:51:03,33.738,7.747,45.234,12.496,0,1257840,1277004,166696,5233940,8410.016,485.828,0,20932.572,0,230.918,3391,4361,2,1.270,0.700,0,5,0,0,0,11,5,1,13,0
29-04 03:51:04,11.999,7.749,64.746,14.499,0,1268956,1265168,166704,5234640,4319.706,485.967,0,10331.298,0,127.991,3578,3759,2.320,1.350,0.730,0,0,118.992,0,0,11,4,1,12,0
29-04 03:51:05,14.764,4.004,80.324,0,0,1318244,1215880,166704,5234640,8667.991,486.448,0,1485.369,0,39.036,1835,1585,2.320,1.350,0.730,1,0,24.022,0,0,11,4,1,12,0
29-04 03:51:06,23.483,2.498,73.697,0,0,1361336,1172788,166704,5234640,8191.123,485.652,0,0,0,0,1791,1344,2.320,1.350,0.730,1,0,0,0,0,11,4,1,12,0
29-04 03:51:07,21.754,2.000,68.262,6.751,0,1385728,1148092,166776,5234876,8125.421,560.098,0,2808.491,0,276.048,3761,5199,2.320,1.350,0.730,2,1,1.000,0,0,11,10,1,12,0
29-04 03:51:08,20.001,5.500,69.502,4.250,0,1334404,1198744,167048,5235232,6728.212,560.018,608.019,1876.059,17.001,109.003,2455,2039,2.320,1.350,0.730,0,1,42.001,0,0,11,4,1,14,0
29-04 03:51:09,19.246,2.000,76.733,1.750,0,1357340,1175588,167048,5235420,10173.770,2944.355,3.999,4267.065,1.000,86.981,2118,1820,2.210,1.340,0.730,1,0,1.000,0,0,11,11,1,13,0
29-04 03:51:10,17.251,2.250,74.756,5.250,0,1359508,1173068,167096,5235668,12923.997,6602.510,268.021,1632.126,66.005,82.006,2741,2970,2.210,1.340,0.730,1,0,2.000,0,0,11,28,1,14,0
29-04 03:51:11,21.233,5.496,72.692,0,0,1408080,1124488,167096,5235676,5332.710,625.497,0,0,0,0,2259,1612,2.210,1.340,0.730,1,0,42.965,0,0,11,28,1,14,0
29-04 03:51:12,16.511,1.251,81.054,0,0,1409684,1122872,167096,5235688,12322.164,7417.915,0,52.034,0,5.003,1966,1724,2.210,1.340,0.730,1,0,0,0,0,11,28,1,15,0
29-04 03:51:13,36.273,11.007,53.034,0,0,1477444,1055096,167096,5235704,10980.010,486.310,0,12.008,0,3.002,3749,2398,2.210,1.340,0.730,2,0,156.100,0,0,11,28,1,15,0
29-04 03:51:14,30.008,4.251,58.765,5.501,0,1505096,1027416,167096,5235728,22035.511,12509.128,0,4409.103,0,237.059,4323,4335,2.190,1.350,0.740,4,4,1.000,0,0,11,30,1,15,0
29-04 03:51:15,38.839,17.791,34.579,7.517,0,1438628,1093680,167096,5235932,19799.389,7117.316,0,21797.971,0,220.505,7004,8103,2.190,1.350,0.740,6,0,405.931,0,0,11,28,1,16,0
29-04 03:51:16,83.757,15.251,0,0.500,0,1671832,860448,167100,5235956,11448.936,2428.199,0,23765.944,0,189.015,5697,3982,2.190,1.350,0.740,5,1,173.014,0,0,11,29,1,16,0
29-04 03:51:17,70.951,7.745,12.242,8.494,0,1767104,764968,167132,5236128,37391.104,27043.271,0,17204.085,0,394.727,7248,7544,2.190,1.350,0.740,1,2,0,0,0,11,34,1,16,0
29-04 03:51:18,37.955,6.492,29.465,25.470,0,1730344,801696,167140,5236224,25490.757,15674.403,0,23260.403,0,245.708,7083,9550,2.190,1.350,0.740,6,2,58.930,0,0,11,30,1,20,0
29-04 03:51:19,30.291,11.015,53.321,5.257,0,1540012,991980,167168,5236244,6010.056,2599.485,0,8243.050,0,73.098,4578,4606,2.740,1.480,0.780,1,0,251.337,0,0,11,28,1,22,0
29-04 03:51:20,18.000,2.250,76.002,2.750,0,1537916,994068,167172,5236248,12141.313,4396.113,0,2396.062,0,159.004,2092,1760,2.740,1.480,0.780,1,0,0,0,0,11,29,1,22,0
29-04 03:51:21,16.455,6.233,73.797,2.742,0,1436172,1095768,167196,5236268,10841.172,3572.172,0,1862.875,0,112.690,3477,3763,2.740,1.480,0.780,1,0,67.813,0,0,11,28,1,22,0
29-04 03:51:22,18.502,2.500,77.759,1.000,0,1457988,1073948,167196,5236272,7043.818,4396.510,0,52.006,0,4.000,1945,1589,2.740,1.480,0.780,1,0,0,0,0,11,29,1,22,0
29-04 03:51:23,14.788,8.021,73.188,3.008,0,1424536,1107244,167200,5236424,11098.525,3550.124,0,894.298,0,58.149,4006,4003,2.740,1.480,0.780,1,0,139.358,0,0,11,28,1,23,0
29-04 03:51:24,23.014,29.267,46.027,0.250,0,1426136,1105636,167200,5236432,5761.402,486.287,0,640.378,0,97.057,6711,6110,2.680,1.490,0.790,6,0,878.519,0,0,11,28,1,23,0
29-04 03:51:25,86.773,10.722,2.493,0,0.249,1676100,855620,167212,5236472,13616.405,4984.969,0,163.572,0,12.966,5025,2463,2.680,1.490,0.790,3,0,23.937,0,0,11,31,1,19,0
29-04 03:51:26,60.154,6.266,32.834,0,0,1700968,830660,167212,5236560,43978.614,34961.524,0,48.123,0,3.008,9347,12576,2.680,1.490,0.790,2,0,0,0,0,11,33,1,19,0
29-04 03:51:27,72.252,17.250,10.000,0.250,0,1588656,942668,167252,5236824,16152.393,11058.269,0,668.016,0,70.002,7906,9712,2.680,1.490,0.790,6,0,310.008,0,0,11,28,1,20,0
29-04 03:51:28,85.984,8.748,5.999,0,0,1736320,794992,167256,5236828,17262.861,8733.412,0,215.961,0,13.997,4888,2588,2.680,1.490,0.790,3,0,0,0,0,11,32,1,20,0
29-04 03:51:29,76.490,7.699,13.907,0.248,0,1786072,744844,167288,5237192,48199.657,41134.758,0,826.490,0,59.603,9307,14502,2.870,1.550,0.810,5,0,0,0,0,11,33,1,18,0
29-04 03:51:30,68.721,13.845,17.369,0,0,1574428,956412,167292,5237264,24531.201,14228.560,0,281.933,0,22.152,7181,9015,2.870,1.550,0.810,2,0,300.057,0,0,11,28,1,22,0
29-04 03:51:31,33.144,2.990,62.551,0,0,1588312,942504,167296,5237284,17049.719,11569.167,0,151.518,0,7.975,3328,3551,2.870,1.550,0.810,1,0,0,0,0,11,30,1,22,0
29-04 03:51:32,49.907,17.305,32.101,0.251,0,1550524,980108,167304,5237460,16637.452,7683.222,0,341.075,0,31.098,6388,6672,2.870,1.550,0.810,3,0,379.195,0,0,11,28,1,24,0
29-04 03:51:33,53.219,5.997,40.227,0,0,1576040,954568,167304,5237484,23255.637,13464.263,0,183.894,0,6.996,4109,3090,2.870,1.550,0.810,3,0,0,0,0,11,31,1,24,0
29-04 03:51:34,53.782,14.259,30.018,0.500,0,1476064,1054456,167340,5237536,22144.332,15653.424,0,448.270,0,50.030,7439,9829,2.880,1.570,0.820,4,0,259.156,0,0,11,28,1,25,0
29-04 03:51:35,72.061,7.730,20.197,0,0,1612908,917440,167340,5237708,18322.950,12973.977,0,0,0,0,4833,3132,2.880,1.570,0.820,4,0,0,0,0,11,32,1,25,0
29-04 03:51:36,67.919,11.027,20.050,0.251,0,1555308,974952,167360,5237776,38145.856,28312.403,0,918.283,0,66.165,8629,27467,2.880,1.570,0.820,6,0,205.511,0,0,11,28,1,29,0
29-04 03:51:37,64.007,13.752,21.502,0.500,0,1589704,940472,167368,5237820,4579.528,486.056,0,268.031,0,23.003,4126,2429,2.880,1.570,0.820,3,0,155.018,0,0,11,28,1,28,0
29-04 03:51:38,41.373,3.739,52.589,0.748,0,1594200,935780,167368,5238016,35617.943,25388.265,0,239.267,0,20.936,6472,8371,2.880,1.570,0.820,4,0,0,0,0,11,30,1,29,0
29-04 03:51:39,62.187,17.051,21.063,0,0,1562832,967108,167376,5238048,11082.320,4424.302,0,706.123,0,28.084,5523,4983,2.810,1.580,0.830,3,0,299.902,0,0,11,28,1,30,0
29-04 03:51:40,47.479,4.748,46.729,0.250,0,1605168,924612,167376,5238208,27535.881,17820.157,0,1023.550,0,9.996,4769,4774,2.810,1.580,0.830,3,0,0,0,0,11,31,1,30,0
29-04 03:51:41,56.027,15.007,27.013,1.251,0,1521012,1008516,167376,5238460,20561.880,11096.332,0,2921.404,0,122.059,6203,6985,2.810,1.580,0.830,3,0,287.138,0,0,11,28,1,31,0
29-04 03:51:42,52.995,5.500,40.746,0.250,0,1606580,922796,167380,5238608,16317.539,12840.850,0,151.986,0,6.999,3974,2760,2.810,1.580,0.830,2,0,0,0,0,11,31,1,31,0
29-04 03:51:43,51.255,10.501,37.504,0,0,1489832,1039480,167396,5238656,19608.861,14002.329,0,1288.122,0,84.008,7285,9261,2.810,1.580,0.830,3,0,112.011,0,0,11,28,1,33,0
29-04 03:51:44,53.995,5.749,39.496,0.250,0,1587420,941856,167396,5238692,19161.253,10590.035,0,295.973,0,16.998,3965,2911,2.820,1.600,0.840,3,0,1.000,0,0,11,31,1,33,0
29-04 03:51:45,51.213,11.242,35.474,0.749,0,1481468,1047748,167404,5238744,22025.029,15896.473,0,851.383,0,69.949,6516,8418,2.820,1.600,0.840,3,0,243.823,0,0,11,28,1,35,0
29-04 03:51:46,79.314,20.767,0.500,0,0,1627224,901896,167404,5238808,7584.088,486.390,0,44.035,0,11.009,5614,4737,2.820,1.600,0.840,7,0,500.402,0,0,11,28,1,35,0
29-04 03:51:47,79.656,17.729,2.247,0,0,1783980,744964,167408,5238980,28267.536,22926.858,0,83.901,0,3.995,6481,6317,2.820,1.600,0.840,6,0,483.428,0,0,11,33,1,35,0
29-04 03:51:48,77.343,17.771,3.754,0,0,1652304,876336,167432,5239252,49965.887,39059.815,0,652.782,0,57.068,9076,12563,2.820,1.600,0.840,8,0,443.532,0,0,11,29,1,36,0
29-04 03:51:49,83.249,16.250,0.250,0,0,1679780,848784,167440,5239316,15085.899,7786.948,0,267.998,0,20.000,5806,4235,3.160,1.690,0.870,5,0,182.999,0,0,11,30,1,36,0
29-04 03:51:50,75.146,8.239,17.226,0,0,1707564,820840,167448,5239524,38784.204,32912.349,0,722.997,0,52.927,7871,10432,3.160,1.690,0.870,9,0,25.964,0,0,11,32,1,37,0
29-04 03:51:51,43.546,18.770,36.289,0.250,0,1495512,1032796,167452,5239604,24985.582,19842.110,0,176.187,0,14.015,8803,12146,3.160,1.690,0.870,2,0,614.654,0,0,11,28,1,41,0
29-04 03:51:52,45.262,31.008,23.756,0,0,1522200,1006060,167452,5239652,10996.930,486.130,0,176.047,0,18.005,6529,6116,3.160,1.690,0.870,6,0,946.252,0,0,11,28,1,41,0
29-04 03:51:53,71.750,9.250,18.500,0,0,1619636,908548,167452,5239696,24159.114,16127.076,0,72.000,0,4.000,5224,4242,3.160,1.690,0.870,3,0,22.000,0,0,11,32,1,41,0
29-04 03:51:54,58.721,13.243,26.737,0.500,0,1559632,968344,167484,5239872,28433.825,17716.168,0,623.689,0,66.967,7829,10721,2.980,1.680,0.880,5,0,201.899,0,0,11,28,1,45,0
29-04 03:51:55,75.792,11.506,12.507,0,0,1643368,884524,167484,5239952,16238.992,10211.655,0,228.126,0,9.005,4803,2926,2.980,1.680,0.880,3,0,67.037,0,0,11,31,1,45,0
29-04 03:51:56,57.426,6.242,35.954,0.250,0,1648668,878980,167484,5240192,45527.125,35693.841,0,179.768,0,9.987,9596,16076,2.980,1.680,0.880,2,0,0.999,0,0,11,32,1,45,0
29-04 03:51:57,58.571,8.010,31.038,0.250,0.250,1592200,935176,167504,5240396,37774.076,27968.115,0,508.620,0,48.059,10649,16291,2.980,1.680,0.880,4,0,92.112,0,0,11,29,1,45,0
29-04 03:51:58,80.480,11.497,7.248,1.250,0,1593752,933580,167520,5240428,10566.372,7043.248,0,235.941,0,20.995,4912,3350,2.980,1.680,0.880,4,0,29.993,0,0,11,31,1,45,0
29-04 03:51:59,55.245,5.499,37.746,0,0,1618692,908408,167528,5240648,43005.998,34085.828,0,143.987,0,8.999,9433,13900,2.910,1.690,0.880,2,0,0,0,0,11,32,1,45,0
29-04 03:52:00,58.265,9.502,31.758,0,0,1534900,991928,167532,5240908,47970.178,35312.964,0,1160.295,0,12.003,11841,18403,2.910,1.690,0.880,4,0,101.026,0,0,11,29,1,48,0
29-04 03:52:01,78.758,14.501,6.501,0,0,1550016,976792,167536,5240920,12214.214,7232.719,0,132.013,0,8.001,5150,3418,2.910,1.690,0.880,4,0,159.016,0,0,11,29,1,49,0
29-04 03:52:02,61.939,6.743,30.470,0,0,1611268,915328,167540,5241128,37357.943,29039.195,0,119.881,0,6.993,7180,9776,2.910,1.690,0.880,2,0,0,0,0,11,32,1,49,0
29-04 03:52:03,67.164,12.484,19.725,0,0,1573636,952892,167552,5241184,27028.275,20076.207,0,311.600,0,30.960,8331,11421,2.910,1.690,0.880,4,0,97.874,0,0,11,29,1,51,0
29-04 03:52:04,73.899,8.488,16.727,0,0,1622032,904304,167564,5241360,19457.507,11169.792,0,235.679,0,19.973,4737,3152,2.990,1.730,0.900,2,0,30.958,0,0,11,31,1,51,0
29-04 03:52:05,65.884,11.523,22.045,0.251,0,1645692,880576,167568,5241412,25687.089,18139.784,0,452.918,0,40.081,6798,8884,2.990,1.730,0.900,4,0,120.244,0,0,11,30,1,53,0
29-04 03:52:06,63.052,9.508,27.273,0,0,1664268,861776,167568,5241632,36425.272,29564.570,0,148.123,0,9.007,6655,10130,2.990,1.730,0.900,5,0,59.049,0,0,11,31,1,54,0
29-04 03:52:07,69.906,12.983,16.728,0,0,1531292,994696,167568,5241688,25257.162,16357.086,0,147.802,0,7.989,6949,8570,2.990,1.730,0.900,3,0,127.829,0,0,11,29,1,57,0
29-04 03:52:08,72.246,9.965,16.442,0.249,0,1558980,966840,167596,5241828,18318.544,13529.395,0,1686.067,0,108.618,5454,5451,2.990,1.730,0.900,4,0,73.741,0,0,11,30,1,58,0
29-04 03:52:09,67.879,9.051,23.381,0,0,1606932,918772,167620,5241916,30619.097,21726.406,0,378.113,0,45.253,6764,9470,2.990,1.750,0.910,2,0,35.197,0,0,11,32,1,60,0
29-04 03:52:10,58.237,12.997,27.744,0.250,0,1579456,946200,167640,5241940,21574.046,12883.042,0,463.893,0,36.992,5874,5973,2.990,1.750,0.910,3,0,197.955,0,0,11,31,1,60,0
29-04 03:52:11,53.737,8.248,37.241,0,0,1590752,934872,167640,5241972,20507.955,9106.760,0,279.931,0,25.994,4118,3643,2.990,1.750,0.910,4,0,60.985,0,0,11,34,1,61,0
29-04 03:52:12,49.492,8.749,36.494,4.749,0,1592100,933308,167640,5242180,26190.797,17779.147,0,4515.275,0,186.970,5633,7702,2.990,1.750,0.910,3,0,95.985,0,0,11,34,1,62,0
29-04 03:52:13,55.534,9.006,35.021,0,0,1536624,988624,167640,5242340,18223.133,12424.590,0,148.090,0,8.005,4402,5275,2.990,1.750,0.910,3,0,86.053,0,0,11,33,1,64,0
29-04 03:52:14,48.852,8.225,42.372,0,0,1545016,980020,167648,5242540,16160.076,13212.998,0,219.336,0,19.940,5186,5737,2.990,1.770,0.920,1,0,86.737,0,0,11,34,1,63,0
29-04 03:52:15,29.035,7.008,62.575,0.501,0,1455052,1069932,167664,5242572,23243.917,14264.132,0,308.370,0,24.029,5341,7180,2.990,1.770,0.920,2,0,67.081,0,0,11,33,1,64,0
29-04 03:52:16,38.035,7.757,53.299,0.500,0,1476844,1048116,167672,5242588,9277.607,3684.418,0,236.219,0,23.021,3632,2777,2.990,1.770,0.920,1,0,68.063,0,0,11,33,1,65,0
29-04 03:52:17,34.180,4.990,59.379,0,0,1480180,1044752,167676,5242612,22050.985,12289.912,0,147.698,0,7.984,4680,4717,2.990,1.770,0.920,2,0,33.931,0,0,11,33,1,66,0
29-04 03:52:18,38.837,8.519,51.867,0.251,0,1492220,1032516,167676,5242804,14325.213,5878.218,0,208.469,0,15.034,4700,4682,2.990,1.770,0.920,1,0,104.234,0,0,11,33,1,65,0
29-04 03:52:19,33.131,5.978,57.792,2.242,0,1477548,1047168,167676,5242824,18452.564,9874.448,0,263.053,0,27.900,3506,3445,2.830,1.760,0.920,2,0,59.785,0,0,11,33,1,66,0
29-04 03:52:20,36.267,5.753,57.027,0.250,0,1466656,1058028,167680,5242848,14935.072,8112.842,0,700.332,0,69.033,3626,3883,2.830,1.760,0.920,1,0,5.002,0,0,11,33,1,67,0
29-04 03:52:21,35.087,4.010,60.651,0.251,0,1481472,1043180,167684,5242880,15252.976,12121.179,0,192.479,0,11.027,3855,4367,2.830,1.760,0.920,0,0,0,0,0,11,34,1,67,0
29-04 03:52:22,36.660,6.484,54.117,0.748,0,1459952,1064656,167696,5242912,13921.818,8976.959,0,263.353,0,27.931,4872,5406,2.830,1.760,0.920,2,0,42.895,0,0,11,32,1,63,0
29-04 03:52:23,38.117,5.266,56.424,0,0,1476204,1048260,167696,5243052,18137.847,7199.166,0,140.432,0,8.025,3224,2858,2.830,1.760,0.920,2,0,5.015,0,0,11,33,1,63,0
29-04 03:52:24,25.497,9.749,65.243,0,0,1413704,1110712,167700,5243092,24110.439,15177.388,0,243.974,0,22.998,5737,6764,2.690,1.740,0.920,3,0,199.979,0,0,11,33,1,64,0
29-04 03:52:25,21.915,5.230,70.976,0.498,0,1451212,1073120,167708,5243168,9335.969,1391.629,0,394.478,0,21.915,2692,2591,2.690,1.740,0.920,1,0,82.681,0,0,11,32,1,65,0
29-04 03:52:26,16.013,2.252,80.564,0.751,0,1459432,1064876,167716,5243180,14437.420,8839.993,0,168.133,0,10.008,2668,3009,2.690,1.740,0.920,1,0,0,0,0,11,33,1,64,0
29-04 03:52:27,13.297,11.039,73.007,2.007,0,1429116,1095152,167732,5243204,13448.369,2920.286,0,2785.812,0,175.619,4918,4550,2.690,1.740,0.920,1,0,285.004,0,0,11,32,1,65,0
29-04 03:52:28,19.192,3.240,76.519,0,0,1479916,1044348,167736,5243204,11971.846,2444.617,0,171.482,0,7.976,1710,1215,2.690,1.740,0.920,0,0,0,0,0,11,33,1,65,0
29-04 03:52:29,18.283,2.004,78.643,0,0,1438020,1086208,167740,5243232,15143.602,9248.858,0,448.818,0,27.049,3160,4005,2.550,1.730,0.920,1,0,2.004,0,0,11,32,1,66,0
29-04 03:52:30,20.678,5.232,72.995,0,0,1489992,1034228,167744,5243236,9637.284,484.306,0,151.470,0,13.951,2291,1748,2.550,1.730,0.920,1,0,43.847,0,0,11,32,1,60,0
29-04 03:52:31,16.052,2.257,80.761,0,0,1476576,1047500,167744,5243380,16353.858,9954.174,0,959.100,0,1.003,3097,3669,2.550,1.730,0.920,2,0,0,0,0,11,33,1,60,0
29-04 03:52:32,15.272,9.264,72.606,1.502,0,1367464,1156404,167780,5243548,9922.481,5153.521,0,376.550,0,36.053,5278,5790,2.550,1.730,0.920,2,0,191.279,0,0,11,32,1,60,0
29-04 03:52:33,23.176,17.444,56.819,1.246,0,1399284,1124480,167796,5243636,9793.732,484.453,35.885,358.854,0.997,26.914,5624,4804,2.550,1.730,0.920,3,0,433.616,0,0,11,32,1,62,0
29-04 03:52:34,43.758,6.001,48.009,2.750,0,1514024,1007480,167852,5245556,10932.979,486.088,436.079,1464.265,17.003,17.003,3084,1842,2.510,1.740,0.930,1,2,6.001,0,0,11,36,1,62,0
29-04 03:52:35,27.251,5.000,39.251,25.501,0,1524772,994532,168068,5247276,13793.307,486.011,0,10076.224,0,804.018,7096,11145,2.510,1.740,0.930,2,2,28.001,0,0,11,36,1,59,0
29-04 03:52:36,32.481,7.745,34.730,23.736,0,1578732,939228,168404,5248232,8861.808,485.715,0,10066.102,0,815.522,7849,22742,2.510,1.740,0.930,2,2,64.962,0,0,11,36,1,60,0
29-04 03:52:37,27.235,5.497,37.230,28.984,0,1548304,968376,168616,5249268,4296.681,485.738,0,12197.416,0,858.537,6438,10236,2.510,1.740,0.930,5,1,15.991,0,0,11,36,1,60,0
29-04 03:52:38,27.012,5.002,41.768,24.260,0,1563828,951712,168776,5250208,8339.573,486.208,0,7439.187,0,664.285,6046,9239,2.510,1.740,0.930,1,3,26.011,0,0,11,36,1,60,0
29-04 03:52:39,26.566,4.762,38.094,28.571,0,1531688,983148,168928,5250740,6682.547,487.206,0,9896.505,0,759.882,5604,9028,2.710,1.790,0.950,2,4,19.047,0,0,11,36,1,54,0
29-04 03:52:40,26.717,4.744,38.453,28.215,0,1585348,928716,169004,5251436,3999.088,485.404,0,6164.429,0,555.318,5199,8106,2.710,1.790,0.950,4,2,16.979,0,0,11,36,1,54,0
29-04 03:52:41,26.199,4.741,36.428,31.189,0,1596968,916884,169072,5251568,8497.306,485.047,0,10120.117,0,718.588,5835,9728,2.710,1.790,0.950,2,2,6.986,0,0,11,36,1,54,0
29-04 03:52:42,27.745,4.749,45.491,20.246,0,1582292,930788,169232,5252160,7033.684,559.895,0,9226.273,0,806.849,6570,10779,2.710,1.790,0.950,4,0,17.997,0,0,11,36,1,54,0
29-04 03:52:43,24.775,5.255,41.542,26.777,0,1595308,917612,169320,5252228,8998.103,486.492,0,9717.831,0,832.843,5204,8348,2.710,1.790,0.950,3,1,10.010,0,0,11,36,1,51,0
29-04 03:52:44,27.496,4.749,44.744,20.997,0,1569908,942144,169400,5252968,5710.201,485.932,0,8842.763,0,679.905,5027,8313,2.890,1.840,0.970,1,1,8.999,0,0,11,36,1,51,0
29-04 03:52:45,32.280,5.755,38.286,22.771,0,1586936,925732,169524,5252224,4928.645,486.458,0,9725.166,0,840.792,5693,9404,2.890,1.840,0.970,3,2,5.005,0,0,11,32,1,51,0
29-04 03:52:46,45.712,5.745,38.718,9.242,0,1486284,1026268,169552,5252312,7877.439,485.596,0,5115.739,0,309.742,3372,2669,2.890,1.840,0.970,2,0,5.995,0,0,11,32,1,51,0
29-04 03:52:47,31.238,5.748,42.234,18.493,0,1477992,1034320,169660,5252444,8331.894,485.819,0,5841.822,0,718.732,6546,10308,2.890,1.840,0.970,4,0,1.999,0,0,11,34,1,47,0
29-04 03:52:48,29.036,5.757,42.053,21.026,0.250,1502112,1009688,169908,5252668,10699.390,486.609,0,6339.934,0,848.061,7418,11999,2.890,1.840,0.970,2,1,2.003,0,0,11,34,1,47,0
29-04 03:52:49,30.064,5.512,43.092,18.790,0,1495612,1015752,170164,5252840,8174.435,487.039,0,7524.048,0,1023.182,7761,13075,2.820,1.850,0.980,2,0,1.002,0,0,11,34,1,47,0
29-04 03:52:50,31.422,7.232,49.128,10.973,0,1444964,1066288,170240,5252876,8443.987,484.794,0,3974.110,0,397.012,4968,6345,2.820,1.850,0.980,2,0,98.754,0,0,11,32,1,47,0
29-04 03:52:51,21.499,4.500,69.496,4.000,0,1477028,1034176,170256,5252900,8418.457,485.969,0,823.947,0,44.997,2055,1704,2.820,1.850,0.980,4,0,2.000,0,0,11,32,1,43,0
29-04 03:52:52,18.041,10.273,63.645,8.269,0,1460932,1049960,170384,5253048,4847.056,487.111,0,7757.694,0,406.928,4088,4342,2.820,1.850,0.980,1,0,188.430,0,0,11,32,1,43,0
29-04 03:52:53,8.972,20.186,68.035,0.249,0,1442480,1068348,170392,5253080,4894.566,484.472,0,1112.492,0,23.925,6291,5302,2.820,1.850,0.980,2,0,531.325,0,0,11,32,1,43,0
29-04 03:52:54,8.274,21.561,69.698,0.251,0,1429528,1081240,170396,5253136,11718.328,487.386,0,794.259,0,82.234,6442,5286,2.670,1.830,0.980,2,0,521.483,0,0,11,32,1,43,0
29-04 03:52:55,18.969,7.238,72.380,0,0,1471000,1039608,170396,5253292,8776.426,485.194,0,0,0,0,2935,2418,2.670,1.830,0.980,1,0,134.776,0,0,11,32,1,37,0
29-04 03:52:56,22.749,3.500,71.497,2.500,0,1478176,1032416,170396,5253308,8761.683,579.979,0,2283.917,0,217.992,2031,1308,2.670,1.830,0.980,1,0,3.000,0,0,11,32,1,37,0
29-04 03:52:57,22.000,3.250,73.500,0,0,1523280,987332,170396,5253288,9025.949,485.997,0,4.000,0,1.000,1844,1320,2.670,1.830,0.980,1,0,0,0,0,11,32,1,37,0
29-04 03:52:58,22.753,4.001,73.010,0.500,0,1495240,1015364,170396,5253312,10841.443,486.065,0,440.059,0,31.004,2032,1670,2.670,1.830,0.980,1,0,3.000,0,0,11,32,1,37,0
29-04 03:52:59,22.270,3.253,73.568,0,0,1499460,1011156,170396,5253300,9294.533,486.447,0,52.048,0,4.004,1904,1302,2.540,1.820,0.980,1,0,2.002,0,0,11,32,1,37,0
29-04 03:53:00,22.982,2.998,73.693,0,0,1473868,1036736,170396,5253312,6314.112,485.624,0,11.991,0,0.999,1777,1213,2.540,1.820,0.980,1,0,0.999,0,0,11,32,1,37,0
29-04 03:53:01,22.466,3.245,73.639,0,0,1491772,1018852,170396,5253292,3642.521,539.189,0,15.976,0,1.997,1804,1252,2.540,1.820,0.980,1,0,1.997,0,0,11,32,1,37,0
29-04 03:53:02,22.590,3.514,73.794,0,0,1506316,1004296,170396,5253304,7673.569,433.728,0,20.080,0,1.004,1804,1228,2.540,1.820,0.980,1,0,1.004,0,0,11,32,1,37,0
29-04 03:53:03,22.750,3.000,73.749,0,0,1537452,973160,170396,5253304,8163.868,485.992,0,20.000,0,3.000,1843,1272,2.540,1.820,0.980,1,0,2.000,0,0,11,32,1,31,0
29-04 03:53:04,22.693,3.491,73.315,0,0,1515520,995104,170396,5253288,9744.469,484.780,0,0,0,0,1860,1373,2.420,1.800,0.980,1,0,1.995,0,0,11,32,1,31,0
29-04 03:53:05,23.246,2.500,73.738,0,0,1545996,964624,170400,5253288,6120.041,485.924,0,87.986,0,3.000,1756,1147,2.420,1.800,0.980,1,0,2.000,0,0,11,32,1,31,0
29-04 03:53:06,22.502,3.500,73.508,0,0,1562340,948340,170400,5253228,8767.967,486.054,0,2064.228,0,14.002,1847,1276,2.420,1.800,0.980,1,0,1.000,0,0,11,32,1,31,0
29-04 03:53:07,23.228,3.247,72.931,0,0,1532956,977644,170400,5253304,7953.482,539.490,0,87.917,0,0.999,1850,1185,2.420,1.800,0.980,1,0,4.995,0,0,11,32,0,25,0
29-04 03:53:08,22.832,3.764,68.748,4.516,0,1524908,985668,170412,5253312,8691.401,487.762,0,3352.111,0,164.595,2280,2421,2.420,1.800,0.980,1,0,1.004,0,0,11,32,0,25,0
29-04 03:53:09,22.443,3.242,73.813,0,0,1520488,990104,170412,5253296,9759.310,484.774,0,55.859,0,4.987,1872,1351,2.300,1.790,0.980,1,0,1.995,0,0,11,32,0,25,0
29-04 03:53:10,23.496,2.750,73.488,0,0,1499340,1011228,170412,5253320,7049.870,485.922,0,19.997,0,1.000,1768,1186,2.300,1.790,0.980,2,0,1.000,0,0,11,32,0,25,0
29-04 03:53:11,22.254,3.251,73.513,0,0,1490352,1020216,170412,5253320,4930.905,486.089,0,24.004,0,1.000,1812,1316,2.300,1.790,0.980,2,0,1.000,0,0,11,32,0,19,0
29-04 03:53:12,22.244,3.499,73.731,0,0,1528944,981632,170412,5253312,8198.868,485.874,0,0,0,0,1887,1408,2.300,1.790,0.980,2,0,1.999,0,0,11,32,0,19,0
29-04 03:53:13,17.556,10.283,71.727,0,0,1497128,1013404,170412,5253356,6657.063,487.543,0,132.419,0,6.019,3537,2691,2.300,1.790,0.980,5,0,231.733,0,0,11,32,0,19,0
29-04 03:53:14,17.746,10.498,72.234,0,0,1511244,999276,170412,5253368,8042.185,485.890,0,119.973,0,4.999,3574,2967,2.200,1.780,0.980,1,0,229.948,0,0,11,32,0,19,0
29-04 03:53:15,23.735,1.749,73.703,0,0,1502984,1007340,170412,5253564,5746.305,485.688,0,79.949,0,2.998,1615,910,2.200,1.780,0.980,1,0,0,0,0,11,32,0,19,0
29-04 03:53:16,21.453,3.492,73.837,0,0,1499644,1010616,170412,5253628,6382.927,484.931,0,0,0,0,1853,1365,2.200,1.780,0.980,1,0,8.980,0,0,11,32,0,14,0
29-04 03:53:17,17.039,12.278,70.661,0,0,1487008,1023108,170412,5253764,11766.815,487.110,40.091,132.302,2.005,4.009,4107,3347,2.200,1.780,0.980,2,0,325.742,0,0,11,32,0,14,0
29-04 03:53:18,8.758,21.769,67.811,1.251,0,1476180,1033876,170420,5253812,7939.099,486.435,0,804.720,0,37.033,6741,5957,2.200,1.780,0.980,2,0,563.504,0,0,11,32,0,14,0
29-04 03:53:19,7.991,22.724,66.423,1.498,0,1459336,1050672,170420,5253856,3715.703,485.439,0,807.067,0,12.985,7004,6437,2.100,1.760,0.980,2,0,730.156,0,0,11,32,0,14,0
29-04 03:53:20,8.255,21.764,68.543,0,0,1449660,1060312,170420,5253888,7332.628,486.307,0,1428.902,0,16.010,6580,5470,2.100,1.760,0.980,1,0,597.377,0,0,11,32,0,10,0
29-04 03:53:21,8.489,21.221,69.656,0,0,1431472,1078468,170420,5253920,6502.239,485.346,0,950.719,0,11.984,6295,4971,2.100,1.760,0.980,2,0,521.298,0,0,11,32,0,10,0
29-04 03:53:22,8.728,20.450,69.329,0,0,1416456,1093452,170420,5253952,9294.090,484.805,0,243.400,0,8.978,6242,4923,2.100,1.760,0.980,4,0,485.803,0,0,11,32,0,10,0
29-04 03:53:23,8.537,22.096,68.799,0,0,1376524,1133344,170420,5253984,5861.486,488.122,0,277.205,0,13.057,6343,5162,2.100,1.760,0.980,1,0,546.376,0,0,11,32,0,10,0
29-04 03:53:24,9.237,19.973,69.155,0.499,0,1346368,1163456,170420,5254028,2678.331,485.335,0,135.814,0,9.986,6161,5102,1.930,1.730,0.980,2,0,502.312,0,0,11,32,0,7,0
29-04 03:53:25,36.038,27.279,35.287,1.001,0,1428796,1080912,170452,5254076,8194.621,486.512,0,1785.879,0,172.181,7366,7124,1.930,1.730,0.980,3,0,796.838,0,0,11,32,0,13,0
29-04 03:53:26,64.318,8.725,24.431,1.496,0,1634124,873584,170472,5255808,7962.447,484.627,15.955,1372.114,0.997,53.847,3915,2315,1.930,1.730,0.980,3,0,2.992,0,0,11,34,0,13,0
29-04 03:53:27,26.783,4.506,32.790,35.043,0,1649000,852960,170640,5260544,7624.353,486.597,428.526,10813.265,9.011,612.752,6569,10017,1.930,1.730,0.980,1,1,32.039,0,0,11,38,0,14,0
29-04 03:53:28,5.994,2.497,53.943,34.464,0,1647900,852456,170776,5261980,7046.542,485.486,0,9002.471,0,642.320,4771,8705,1.930,1.730,0.980,1,0,14.984,0,0,11,38,0,11,0
29-04 03:53:29,8.990,3.247,53.693,32.216,0,1647136,851952,170924,5263076,10266.034,485.481,0,13050.060,0,892.047,5409,9797,2.100,1.770,0.990,0,4,23.974,0,0,11,38,0,11,0
29-04 03:53:30,7.001,3.250,51.508,35.255,0,1646344,851196,171028,5264440,8550.260,486.072,0,12589.856,0,822.121,5427,9994,2.100,1.770,0.990,0,2,15.002,0,0,11,38,0,11,0
29-04 03:53:31,7.517,3.007,53.875,33.829,0,1646124,850188,171232,5265420,5681.209,487.133,0,12396.823,0,831.934,4853,9101,2.100,1.770,0.990,1,3,9.021,0,0,11,38,0,11,0
29-04 03:53:32,5.748,3.249,47.231,40.484,0,1645996,849180,171320,5266452,3903.453,485.807,0,14690.179,0,1037.589,5261,9400,2.100,1.770,0.990,1,1,11.995,0,0,11,38,0,10,0
29-04 03:53:33,7.761,2.503,55.827,31.293,0,1645268,848676,171420,5267556,9999.828,486.673,0,7586.490,0,587.813,5075,8895,2.100,1.770,0.990,1,2,15.021,0,0,11,38,0,10,0
29-04 03:53:34,7.984,2.495,45.409,40.169,0,1644784,848172,171508,5268400,9865.175,485.025,0,10383.134,0,678.636,5822,10738,2.250,1.810,1.010,2,3,3.992,0,0,11,38,0,10,0
29-04 03:53:35,23.722,7.741,34.459,33.460,0,1620880,871140,171552,5269252,9468.660,485.419,0,11877.775,0,733.122,5504,8502,2.250,1.810,1.010,1,2,56.932,0,0,11,36,0,10,0
29-04 03:53:36,23.838,5.771,38.141,30.613,0,1653640,837412,171612,5270112,15342.552,6169.742,0,13220.731,0,902.326,6872,18999,2.250,1.810,1.010,0,3,48.178,0,0,11,37,0,9,0
29-04 03:53:37,15.748,5.999,43.745,33.246,0,1633312,857024,171660,5270760,13107.575,4156.548,0,9906.923,0,653.929,7554,12032,2.250,1.810,1.010,1,1,84.991,0,0,11,38,0,10,0
29-04 03:53:38,27.395,4.732,33.871,31.380,0,1686612,802340,171704,5272032,8959.789,725.231,0,7065.024,0,546.912,5378,8324,2.250,1.810,1.010,3,0,8.966,0,0,11,38,1,10,0
29-04 03:53:39,16.814,4.266,42.662,34.631,0,1683652,804448,171748,5272800,14177.829,9006.194,0,10712.673,0,709.694,6303,10399,2.150,1.800,1.010,0,2,9.034,0,0,11,39,0,10,0
29-04 03:53:40,19.995,3.499,46.238,27.743,0,1677696,808292,171820,5274796,21433.407,10711.205,0,8577.761,0,648.831,8189,13600,2.150,1.800,1.010,0,1,8.998,0,0,11,39,0,9,0
29-04 03:53:41,23.935,5.735,32.911,35.405,0,1661136,823928,171844,5275668,10107.755,1056.153,0,9657.967,0,620.328,5464,8030,2.150,1.800,1.010,1,2,38.895,0,0,11,38,0,9,0
29-04 03:53:42,18.731,3.746,42.706,32.466,0.250,1671144,812916,171896,5276588,10948.678,6138.652,0,11468.141,0,729.246,5547,8954,2.150,1.800,1.010,0,2,8.991,0,0,11,39,0,9,0
29-04 03:53:43,17.545,3.760,43.863,33.085,0,1665472,817588,171924,5277532,17644.542,8411.711,0,13575.039,0,848.189,7252,12346,2.150,1.800,1.010,1,3,3.008,0,0,11,39,0,9,0
29-04 03:53:44,19.997,4.999,38.245,34.245,0,1624500,857636,171960,5278396,15037.971,7111.041,0,10010.650,0,684.908,7465,11546,2.380,1.850,1.030,1,3,52.993,0,0,11,38,0,10,0
29-04 03:53:45,27.977,6.744,33.722,29.976,0,1687104,793740,172008,5279612,8165.340,485.604,0,9420.317,0,681.444,6250,9678,2.380,1.850,1.030,1,1,36.970,0,0,11,38,0,10,0
29-04 03:53:46,19.753,3.500,44.256,29.504,0,1684972,794852,172092,5280544,16427.230,8800.195,0,12021.632,0,872.118,6557,10851,2.380,1.850,1.030,3,1,1.000,0,0,11,39,0,10,0
29-04 03:53:47,19.536,3.757,40.324,34.062,0,1678364,800564,172176,5281328,11892.705,8800.061,0,13853.283,0,872.593,7949,13637,2.380,1.850,1.030,1,1,3.005,0,0,11,39,0,10,0
29-04 03:53:48,24.489,6.747,40.732,27.238,0,1640508,836040,172264,5283568,11476.996,3308.557,0,10367.479,0,699.695,6455,10516,2.380,1.850,1.030,1,2,47.979,0,0,11,38,0,10,0
29-04 03:53:49,23.264,4.002,41.525,29.768,0,1674112,801348,172368,5284504,13286.084,5587.400,0,12835.810,0,846.515,5633,9345,2.750,1.940,1.060,2,2,3.002,0,0,11,39,0,10,0
29-04 03:53:50,29.516,6.003,41.022,21.011,0,1596324,877980,172524,5285460,13605.340,9011.862,0,9020.867,0,718.388,8536,13507,2.750,1.940,1.060,4,2,52.028,0,0,11,37,0,10,0
29-04 03:53:51,29.996,18.498,32.246,17.998,0,1566220,906956,172608,5286812,17079.889,7177.113,371.954,13142.375,5.999,832.897,10810,17419,2.750,1.940,1.060,2,3,394.951,0,0,11,36,0,11,0
29-04 03:53:52,34.977,14.241,24.234,24.984,0,1575572,896356,172684,5287476,11444.527,1238.192,1794.828,9570.751,34.977,599.608,6875,10475,2.750,1.940,1.060,1,1,186.878,0,0,11,37,0,11,0
29-04 03:53:53,20.009,3.752,51.772,22.510,0,1574952,895928,172752,5288428,17593.578,8514.668,0,8283.568,0,559.241,6017,9713,2.750,1.940,1.060,4,2,6.003,0,0,11,36,0,12,0
29-04 03:53:54,23.153,6.224,40.829,27.136,0,1551908,918244,172820,5289072,6648.132,549.696,0,7632.008,0,517.829,5195,7674,2.690,1.940,1.070,1,2,37.841,0,0,11,36,0,12,0
29-04 03:53:55,18.266,4.504,46.792,28.526,0,1565640,903432,172868,5290076,8947.007,6373.704,0,9744.721,0,700.627,5373,8680,2.690,1.940,1.070,2,2,3.003,0,0,11,37,0,12,0
29-04 03:53:56,21.566,6.771,41.377,28.337,0,1540116,927596,172968,5291276,10214.338,1478.536,0,13569.632,0,889.730,6530,10435,2.690,1.940,1.070,1,1,60.185,0,0,11,36,0,13,0
29-04 03:53:57,21.745,3.499,45.490,27.494,0,1568860,897724,173024,5292316,12228.273,5619.747,0,7178.399,0,629.860,5047,7695,2.690,1.940,1.070,1,1,2.999,0,0,11,37,0,13,0
29-04 03:53:58,17.962,6.486,47.151,25.696,0,1567372,898280,173064,5293180,15075.484,5877.712,0,9739.639,0,416.130,6462,9208,2.690,1.940,1.070,2,1,42.910,0,0,11,36,0,14,0
29-04 03:53:59,22.741,4.498,39.485,31.238,0,1609936,854636,173148,5294104,10795.881,2835.918,0,9956.201,0,713.728,5399,8515,2.950,2,1.100,2,2,5.998,0,0,11,37,0,14,0
29-04 03:54:00,21.247,3.500,48.244,25.247,0,1605756,857668,173208,5295164,19712.346,8945.796,0,8886.804,0,616.917,6644,10891,2.950,2,1.100,1,2,0,0,0,11,36,0,15,0
29-04 03:54:01,5.008,5.258,59.341,27.793,0.250,1562036,900708,173256,5295776,9224.117,486.745,0,12663.380,0,824.261,4982,8802,2.950,2,1.100,1,2,69.106,0,0,11,36,0,15,0
29-04 03:54:02,3.494,2.246,59.391,32.441,0.250,1548728,913040,173280,5296704,4024.634,485.112,0,8248.902,0,630.845,3623,6759,2.950,2,1.100,3,0,0,0,0,11,36,0,15,0
29-04 03:54:03,4.502,1.751,67.525,24.259,0,1537448,923008,173324,5297940,6830.514,486.179,0,5674.088,0,534.197,4094,7659,2.950,2,1.100,0,2,0,0,0,11,36,0,15,0
29-04 03:54:04,3.499,2.999,54.985,35.990,0,1527344,932376,173364,5298616,9681.288,485.864,0,11760.705,0,789.779,4430,8252,2.880,2,1.100,2,1,1.000,0,0,11,36,0,15,0
29-04 03:54:05,3.748,2.498,66.459,24.735,0,1518540,940124,173400,5299564,9637.028,485.699,0,5824.391,0,513.682,4305,7989,2.880,2,1.100,0,2,8.994,0,0,11,36,0,15,0
29-04 03:54:06,4.250,2.500,60.007,30.504,0,1511208,946856,173420,5300128,8251.960,486.057,0,9901.152,0,732.085,5704,10624,2.880,2,1.100,1,1,9.001,0,0,11,36,0,15,0
29-04 03:54:07,4.001,3.001,60.764,29.757,0,1504920,953056,173420,5300216,6797.608,540.128,0,10674.526,0,729.173,4822,8950,2.880,2,1.100,1,2,6.001,0,0,11,36,0,15,0
29-04 03:54:08,4.498,1.999,61.478,29.240,0,1499008,958016,173452,5301112,8090.129,485.828,0,8732.901,0,663.764,4513,8020,2.880,2,1.100,0,1,2.999,0,0,11,36,0,15,0
29-04 03:54:09,5.500,3.000,58.250,31.000,0,1496664,960108,173472,5301336,6859.034,486.002,0,11036.055,0,774.004,4713,8341,2.810,2,1.100,1,1,9.000,0,0,11,36,0,15,0
29-04 03:54:10,6.258,2.003,63.334,26.034,0,1492244,963068,173484,5302744,4702.221,486.644,0,7946.514,0,590.782,4224,7515,2.810,2,1.100,0,2,6.008,0,0,11,36,0,15,0
29-04 03:54:11,4.498,2.999,58.229,31.988,0,1488504,966608,173516,5302904,4528.339,539.802,0,10048.314,0,724.734,4611,8464,2.810,2,1.100,1,1,8.997,0,0,11,36,0,15,0
29-04 03:54:12,5.250,3.250,57.752,31.501,0,1484944,969960,173536,5303084,9728.304,486.015,0,12904.403,0,951.030,5084,8777,2.810,2,1.100,1,1,9.000,0,0,11,36,0,15,0
29-04 03:54:13,4.247,2.998,58.957,31.227,0,1481876,972664,173596,5303384,8369.853,485.643,0,8461.785,0,652.521,4597,8098,2.810,2,1.100,0,2,8.993,0,0,11,36,0,15,0
29-04 03:54:14,4.753,2.502,61.793,28.269,0,1478760,975136,173636,5303972,9393.461,540.372,0,9418.479,0,701.483,4638,8308,2.900,2.040,1.120,0,1,10.007,0,0,11,36,0,15,0
29-04 03:54:15,4.001,2.751,61.520,29.010,0,1476656,976308,173712,5304808,8600.862,486.162,0,8570.852,0,660.220,4394,8187,2.900,2.040,1.120,0,1,3.001,0,0,11,36,0,15,0
29-04 03:54:16,4.745,2.997,60.193,29.722,0,1475324,977104,173852,5305184,8807.596,485.537,0,12208.352,0,865.175,5081,9189,2.900,2.040,1.120,0,1,11.989,0,0,11,36,0,15,0
29-04 03:54:17,4.000,3.250,57.248,31.749,0,1474772,977104,173920,5305644,7733.667,539.977,0,13151.433,0,866.963,5060,9151,2.900,2.040,1.120,3,1,6.000,0,0,11,36,0,15,0
29-04 03:54:18,6.252,2.751,64.020,25.758,0,1474336,977104,173980,5306000,6281.917,486.148,0,5413.652,0,497.152,4714,8433,2.900,2.040,1.120,2,0,9.003,0,0,11,36,0,15,0
29-04 03:54:19,6.252,2.751,58.014,29.507,0,1474616,976880,174032,5305880,9122.241,486.119,0,10778.647,0,830.204,5069,9042,2.990,2.070,1.140,1,2,6.001,0,0,11,36,0,15,0
29-04 03:54:20,3.750,2.750,57.756,32.753,0,1474928,976880,174072,5305524,6280.629,486.049,0,8256.826,0,571.057,4812,8928,2.990,2.070,1.140,0,1,0,0,0,11,36,0,15,0
29-04 03:54:21,3.749,3.249,61.238,29.494,0,1474636,976880,174100,5305788,5509.909,539.893,0,12457.533,0,858.830,4483,8528,2.990,2.070,1.140,0,1,2.999,0,0,11,36,0,15,0
29-04 03:54:22,5.999,2.250,65.243,22.748,0,1475844,976880,174196,5304480,9918.992,485.951,0,5639.427,0,654.933,5182,9257,2.990,2.070,1.140,1,0,0,0,0,11,36,0,15,0
29-04 03:54:23,4.751,2.501,63.019,27.759,0,1475232,977132,174212,5304824,5989.841,540.166,0,9738.993,0,682.210,4004,7449,2.990,2.070,1.140,0,1,3.001,0,0,11,36,0,15,0
29-04 03:54:24,5.999,2.000,58.995,30.497,0,1474988,977132,174232,5305048,8445.221,539.950,0,10363.044,0,638.941,3927,6720,2.910,2.070,1.140,0,1,6.999,0,0,11,36,0,15,0
29-04 03:54:25,7.001,2.500,58.758,28.504,0,1474512,977132,174276,5305480,7100.966,486.066,0,10101.374,0,715.097,4486,8041,2.910,2.070,1.140,0,1,3.000,0,0,11,36,0,12,0
29-04 03:54:26,5.498,2.499,64.221,25.988,0,1474080,977132,174316,5305868,3802.276,539.755,0,6656.982,0,592.731,4526,8086,2.910,2.070,1.140,3,1,8.996,0,0,11,36,0,12,0
29-04 03:54:27,6.502,3.251,58.020,29.760,0,1473704,977132,174356,5306192,9148.174,486.169,0,12100.199,0,927.322,5868,10473,2.910,2.070,1.140,0,1,9.003,0,0,11,38,0,12,0
29-04 03:54:28,6.250,2.500,62.253,26.001,0,1473252,977132,174372,5306612,7957.332,540.023,0,7692.321,0,739.031,4784,8726,2.910,2.070,1.140,0,2,9.000,0,0,11,38,0,12,0
29-04 03:54:29,6.001,3.250,58.007,30.253,0.250,1472904,977132,174384,5306940,3633.409,486.055,0,14365.617,0,986.111,5268,9728,2.920,2.080,1.150,1,1,6.001,0,0,11,38,0,8,0
29-04 03:54:30,4.999,2.999,56.737,31.993,0,1473036,977132,174404,5306784,7615.303,539.880,0,13584.973,0,905.798,4874,8895,2.920,2.080,1.150,1,0,2.999,0,0,11,38,0,8,0
29-04 03:54:31,6.497,1.999,67.965,21.489,0,1472916,977976,174412,5306048,6651.619,485.753,0,4445.740,0,531.730,4492,8258,2.920,2.080,1.150,4,0,5.997,0,0,11,38,0,8,0
29-04 03:54:32,3.761,3.009,55.411,35.353,0,1472660,977976,174416,5306300,10753.183,583.693,0,11738.038,0,770.234,4392,8126,2.920,2.080,1.150,0,3,0,0,0,11,38,0,8,0
29-04 03:54:33,4.989,1.995,64.353,25.691,0,1472072,977976,174428,5306876,7004.952,484.889,0,5850.597,0,573.686,4521,8128,2.920,2.080,1.150,0,1,5.986,0,0,11,38,0,8,0
29-04 03:54:34,7.498,2.749,53.488,34.492,0,1471888,977976,174444,5307036,5148.853,539.880,0,13433.007,0,925.794,4683,8475,2.770,2.070,1.150,0,2,3.999,0,0,11,38,0,8,0
29-04 03:54:35,5.251,3.001,58.763,29.757,0,1471360,977976,174460,5307544,13020.930,486.109,0,9998.249,0,754.170,5000,8667,2.770,2.070,1.150,0,1,9.002,0,0,11,38,0,8,0
29-04 03:54:36,11.529,5.013,57.647,24.563,0,1466152,983012,174480,5307684,7518.132,541.378,0,10073.635,0,753.919,5898,17355,2.770,2.070,1.150,0,2,42.107,0,0,11,38,0,9,0
29-04 03:54:37,9.226,2.494,58.349,27.429,0,1465936,982760,174504,5308120,9401.598,538.602,0,9132.297,0,705.170,5024,9028,2.770,2.070,1.150,0,1,11.969,0,0,11,38,0,7,0
29-04 03:54:38,8.749,2.250,59.246,26.248,0,1465372,982760,174512,5308660,7077.514,485.967,0,8771.397,0,715.951,5132,9465,2.770,2.070,1.150,0,1,8.999,0,0,11,38,0,7,0
29-04 03:54:39,7.244,2.997,53.205,33.971,0,1465072,982760,174520,5308948,12622.326,539.544,0,12029.827,0,769.349,4737,8340,2.620,2.050,1.150,6,2,5.995,0,0,11,38,0,7,0
29-04 03:54:40,8.760,2.503,62.824,23.277,0,1464512,982760,174552,5309464,13178.527,540.637,0,4741.587,0,562.663,4978,8424,2.620,2.050,1.150,0,1,12.014,0,0,11,38,0,7,0
29-04 03:54:41,4.997,2.998,56.969,31.733,0,1464316,982760,174576,5309632,4224.713,539.708,0,12417.278,0,862.533,4834,8867,2.620,2.050,1.150,3,1,8.995,0,0,11,38,0,7,0
29-04 03:54:42,5.750,2.500,65.002,24.501,0,1463816,982760,174624,5310072,4596.166,540.020,0,8000.290,0,665.024,4674,8348,2.620,2.050,1.150,1,1,9.000,0,0,11,38,0,7,0
29-04 03:54:43,4.750,2.750,59.244,30.497,0,1463476,982760,174692,5310332,9709.074,539.949,0,11910.865,0,842.920,5050,9089,2.620,2.050,1.150,0,1,5.999,0,0,11,38,0,7,0
29-04 03:54:44,5.261,2.505,60.381,28.311,0,1462808,982760,174724,5310936,6069.135,487.054,0,7259.712,0,661.432,5848,10532,2.570,2.050,1.150,0,1,16.035,0,0,11,38,0,7,0
29-04 03:54:45,6.231,3.240,55.832,32.403,0,1462916,982256,174740,5311308,7872.333,538.381,0,10875.304,0,818.539,5211,9485,2.570,2.050,1.150,2,1,5.982,0,0,11,38,0,7,0
29-04 03:54:46,4.006,2.754,56.081,33.549,0,1462608,982256,174748,5311600,6113.851,540.783,0,12149.589,0,809.171,4571,8424,2.570,2.050,1.150,1,1,0,0,0,11,38,0,6,0
29-04 03:54:47,5.999,2.500,66.492,22.747,0,1462344,981500,174764,5312580,11642.542,539.932,0,7711.035,0,678.915,4710,8586,2.570,2.050,1.150,2,1,5.999,0,0,11,38,0,6,0
29-04 03:54:48,5.002,3.751,56.268,32.260,0,1462400,981248,174780,5312748,8616.728,540.171,0,13040.128,0,914.289,5630,10256,2.570,2.050,1.150,1,3,12.004,0,0,11,38,0,6,0
29-04 03:54:49,4.996,2.248,66.443,23.979,0,1462248,980744,174800,5313376,4870.802,539.535,0,4412.198,0,434.625,3939,6883,2.530,2.050,1.160,2,0,11.990,0,0,11,38,0,6,0
29-04 03:54:50,3.251,2.501,54.018,36.762,0,1462456,980240,174816,5313648,4542.532,486.164,0,11731.958,0,820.277,4504,8485,2.530,2.050,1.160,0,2,6.002,0,0,11,38,0,6,0
29-04 03:54:51,4.499,2.750,65.239,24.496,0,1462492,979988,174824,5313844,10453.305,539.912,0,10278.333,0,740.880,4916,9013,2.530,2.050,1.160,2,1,5.999,0,0,11,38,0,6,0
29-04 03:54:52,5.505,3.003,64.312,24.524,0,1462608,979232,174868,5314408,6041.819,540.521,0,8632.314,0,703.678,4993,9158,2.530,2.050,1.160,0,1,9.009,0,0,11,38,0,6,0
29-04 03:54:53,4.498,3.499,53.977,36.235,0,1462664,978728,174888,5314792,8344.453,485.793,0,11375.164,0,781.668,4566,8106,2.530,2.050,1.160,0,1,8.996,0,0,11,38,0,6,0
29-04 03:54:54,2.999,2.500,61.238,30.244,0.250,1462220,978728,174896,5315212,6138.809,539.895,0,8178.414,0,641.876,4370,7849,2.480,2.040,1.160,0,1,9.998,0,0,11,38,0,4,0
29-04 03:54:55,5.000,3.500,58.756,29.753,0,1461976,978728,174912,5315428,8327.795,486.046,0,14097.346,0,952.091,5370,9656,2.480,2.040,1.160,0,2,6.001,0,0,11,38,0,4,0
29-04 03:54:56,5.502,2.751,67.775,22.758,0,1462128,978476,174916,5315520,8298.010,634.230,0,5509.999,0,570.207,4477,8060,2.480,2.040,1.160,2,1,9.003,0,0,11,38,0,4,0
29-04 03:54:57,3.497,1.749,62.447,28.476,0,1461832,978224,174928,5316048,5331.514,485.591,0,8908.505,0,637.464,4274,7861,2.480,2.040,1.160,1,2,2.997,0,0,11,38,0,4,0
29-04 03:54:58,5.505,2.753,61.557,26.775,0,1462016,977468,174936,5316596,10632.929,540.505,0,7138.666,0,632.591,4935,8435,2.480,2.040,1.160,1,1,21.020,0,0,11,38,0,3,0
29-04 03:54:59,5.998,3.249,56.478,31.488,0,1461832,977216,174948,5317008,5454.862,485.810,0,14802.198,0,1021.600,5699,10663,2.530,2.060,1.170,1,1,23.991,0,0,11,38,0,3,0
29-04 03:55:00,7.000,2.750,62.753,25.251,0,1461580,976712,174952,5317740,5162.255,540.027,0,7872.388,0,749.037,5441,9774,2.530,2.060,1.170,1,1,15.001,0,0,11,38,0,3,0
29-04 03:55:01,5.505,3.003,61.051,28.774,0,1461796,976208,174956,5318012,10483.830,486.410,0,7930.680,0,609.513,5070,9288,2.530,2.060,1.170,0,1,12.010,0,0,11,38,0,3,0
29-04 03:55:02,5.245,3.247,55.942,32.466,0,1462304,975452,174968,5318272,6718.024,539.440,0,11532.025,0,842.126,5782,10611,2.530,2.060,1.170,2,1,11.988,0,0,11,38,0,1,0
29-04 03:55:03,5.500,2.250,62.499,27.250,0,1461968,975200,174980,5318832,7987.909,485.994,0,9787.888,0,732.992,4683,8200,2.530,2.060,1.170,2,0,9.000,0,0,11,38,0,1,0
29-04 03:55:04,2.500,2.000,62.749,30.250,0,1461828,975200,174984,5318960,8959.867,539.992,0,7627.886,0,559.992,3616,6632,2.560,2.080,1.180,1,1,7.000,0,0,11,38,0,1,0
29-04 03:55:05,5.010,2.505,64.873,25.548,0,1461656,975200,174992,5319120,3359.373,486.924,0,9445.918,0,757.437,5690,10850,2.560,2.080,1.180,2,1,9.017,0,0,11,38,0,1,0
29-04 03:55:06,4.246,3.496,59.439,29.720,0,1460896,974444,175008,5320588,8327.523,539.451,0,11815.972,0,847.138,5540,10004,2.560,2.080,1.180,0,3,11.988,0,0,11,38,0,1,0
29-04 03:55:07,3.999,2.249,59.486,31.243,0,1460764,974192,175020,5320948,7070.314,485.884,0,9465.743,0,694.834,5137,9350,2.560,2.080,1.180,1,1,0,0,0,11,38,0,1,0
29-04 03:55:08,6.245,2.748,65.944,23.230,0,1462248,972428,175032,5321208,5637.253,539.546,0,8380.943,0,631.468,4756,8970,2.560,2.080,1.180,0,1,8.992,0,0,11,38,0,1,0
29-04 03:55:09,6.001,3.000,61.010,28.004,0,1461868,972428,175040,5321568,10482.657,540.085,0,7985.262,0,705.111,5544,9900,2.680,2.110,1.200,4,0,6.001,0,0,11,38,0,1,0
29-04 03:55:10,6.500,2.000,62.250,26.750,0,1462056,971924,175044,5321876,7610.961,485.997,0,6743.965,0,519.997,4533,8282,2.680,2.110,1.200,0,3,3.000,0,0,11,38,0,1,0
29-04 03:55:11,4.251,3.000,58.007,32.754,0,1462320,971672,175060,5321840,9102.116,540.066,0,10913.339,0,745.091,4615,8387,2.680,2.110,1.200,1,1,6.001,0,0,11,38,0,1,0
29-04 03:55:12,5.010,3.006,55.364,34.070,0,1463592,971672,175072,5320568,9667.831,541.110,0,10565.672,0,809.661,4991,8917,2.680,2.110,1.200,3,0,0,0,0,11,38,0,1,0
29-04 03:55:13,4.487,2.243,65.807,25.425,0,1464928,971168,175076,5319732,4589.548,484.580,0,6644.524,0,565.343,4090,7439,2.680,2.110,1.200,1,1,0,0,0,11,38,0,1,0
29-04 03:55:14,5.245,3.247,56.697,31.221,0,1466456,971168,175084,5318200,8513.056,539.497,0,13994.941,0,989.077,5965,11058,2.700,2.120,1.210,1,3,0.999,0,0,11,38,0,1,0
29-04 03:55:15,4.758,2.504,63.861,26.796,0,1467788,971168,175088,5316864,9968.260,486.843,0,8122.064,0,701.214,5019,8871,2.700,2.120,1.210,0,1,0,0,0,11,38,0,1,0
29-04 03:55:16,4.749,3.250,59.992,29.246,0,1468956,970916,175096,5315964,11761.399,539.927,0,6971.051,0,639.913,4870,8574,2.700,2.120,1.210,0,2,3.000,0,0,11,38,0,1,0
29-04 03:55:17,3.749,2.499,58.734,32.491,0,1468716,970916,175104,5316196,9356.460,485.868,0,10005.284,0,645.825,3760,6840,2.700,2.120,1.210,0,2,2.999,0,0,11,38,0,1,0
29-04 03:55:18,6.252,2.751,57.515,30.758,0,1467160,972260,175104,5316412,9008.368,540.142,0,10722.819,0,776.204,5071,9099,2.700,2.120,1.210,0,1,9.002,0,0,11,38,0,1,0
29-04 03:55:19,6.001,2.250,61.507,28.253,0,1467460,971756,175112,5316608,5793.704,486.059,0,8641.051,0,664.081,4166,7659,2.570,2.100,1.210,1,3,6.001,0,0,11,38,0,1,0
29-04 03:55:20,4.000,3.250,62.248,27.999,0,1467156,971756,175120,5316904,4576.838,707.975,0,9731.656,0,734.974,4918,9042,2.570,2.100,1.210,1,2,9.000,0,0,11,38,0,1,0
29-04 03:55:21,8.021,3.008,56.145,29.576,0,1467324,971756,175120,5316736,4085.517,739.905,0,12825.015,0,912.349,5348,9500,2.570,2.100,1.210,1,0,9.023,0,0,11,36,0,2,0
29-04 03:55:22,12.507,16.759,67.287,3.002,0.250,1335084,1103836,175124,5316888,9271.121,708.391,0,2061.139,0,121.067,5531,4744,2.570,2.100,1.210,1,0,433.239,0,0,11,32,0,2,0
29-04 03:55:23,24.936,20.697,47.379,5.237,0,1400056,1038756,175136,5316984,6117.409,580.521,0,2154.509,0,121.690,6430,5860,2.570,2.100,1.210,3,0,508.704,0,0,11,32,0,8,0
29-04 03:55:24,66.686,9.025,23.816,0.752,0,1608812,828588,175188,5318344,7894.997,541.509,0,1500.180,0,73.204,3900,2018,2.600,2.120,1.220,3,0,4.011,0,0,11,32,0,8,0
29-04 03:55:25,65.329,6.234,23.439,4.488,0,1791980,641896,175320,5321408,5580.420,484.734,0,4779.513,0,171.552,4015,2091,2.600,2.120,1.220,3,0,5.984,0,0,11,32,0,8,0
29-04 03:55:26,24.994,4.249,41.240,27.993,0,1802320,628092,175376,5324384,8443.892,539.865,0,11805.053,0,632.842,4962,6972,2.600,2.120,1.220,3,1,11.997,0,0,11,38,0,8,0
29-04 03:55:27,8.248,2.000,59.737,27.744,0.250,1802036,627084,175388,5325628,8059.291,539.885,0,7310.449,0,547.884,4790,8220,2.600,2.120,1.220,0,1,32.993,0,0,11,38,0,8,0
29-04 03:55:28,7.245,2.748,59.462,28.482,0,1802768,625572,175396,5326380,7502.225,527.664,0,9797.764,0,663.578,4825,8927,2.600,2.120,1.220,0,1,23.985,0,0,11,38,0,8,0
29-04 03:55:29,7.754,2.251,50.777,36.019,0,1803068,624060,175396,5327560,9801.277,540.291,0,9985.376,0,600.323,4225,7552,2.720,2.150,1.230,0,2,15.008,0,0,11,38,0,8,0
29-04 03:55:30,5.750,3.000,51.004,37.753,0,1802516,623304,175404,5328820,8858.658,540.040,0,13240.983,0,844.063,5228,9540,2.720,2.150,1.230,0,2,12.001,0,0,11,38,0,8,0
29-04 03:55:31,6.499,2.500,54.494,34.246,0,1801540,622800,175416,5330252,5610.366,539.939,0,8950.989,0,625.929,4941,9083,2.720,2.150,1.230,0,3,20.998,0,0,11,38,0,8,0
29-04 03:55:32,5.500,3.250,52.753,35.752,0,1802512,620784,175428,5331244,8297.471,540.031,0,11356.645,0,735.042,6041,11407,2.720,2.150,1.230,0,3,15.001,0,0,11,38,0,8,0
29-04 03:55:33,10.273,8.018,44.350,34.578,0,1808664,613732,175452,5332012,8067.274,487.103,0,11678.454,0,793.798,6685,11159,2.720,2.150,1.230,1,2,275.624,0,0,11,38,0,8,0
29-04 03:55:34,8.733,7.486,53.397,28.695,0,1809024,612220,175460,5333040,11885.020,538.958,0,11861.067,0,733.582,7060,11926,2.660,2.150,1.240,0,2,195.622,0,0,11,38,0,8,0
29-04 03:55:35,6.999,2.999,52.740,33.743,0,1807520,612220,175472,5334496,6920.664,539.896,0,14357.229,0,961.814,6137,10945,2.660,2.150,1.240,3,1,29.994,0,0,11,38,0,8,0
29-04 03:55:36,8.015,3.757,55.100,31.307,0,1814044,604408,175488,5335752,4646.441,583.059,0,11496.885,0,896.629,5468,9575,2.660,2.150,1.240,3,2,41.075,0,0,11,38,0,8,0
29-04 03:55:37,10.977,4.241,46.402,35.425,0,1831772,585256,175492,5337140,9590.812,538.866,0,12549.584,0,824.265,6435,19871,2.660,2.150,1.240,0,2,36.922,0,0,11,38,0,9,0
29-04 03:55:38,6.499,3.250,51.995,35.747,0,1831180,584752,175496,5338200,6419.383,539.948,0,13438.708,0,911.912,5491,10116,2.660,2.150,1.240,0,3,23.998,0,0,11,38,0,9,0
29-04 03:55:39,7.253,3.001,50.020,36.765,0,1829972,584860,175508,5339260,3609.459,486.197,0,12661.120,0,831.336,5473,10060,2.850,2.200,1.260,1,1,21.008,0,0,11,38,0,8,0
29-04 03:55:40,8.241,2.747,49.948,36.462,0,1826180,587568,175512,5340312,10352.189,539.437,0,12754.680,0,873.088,5593,10120,2.850,2.200,1.260,1,0,32.966,0,0,11,38,0,8,0
29-04 03:55:41,6.264,3.006,52.614,34.825,0,1823480,589168,175528,5341372,8424.195,583.260,0,11769.420,0,798.725,6719,12445,2.850,2.200,1.260,1,2,24.052,0,0,11,38,0,8,0
29-04 03:55:42,7.735,2.994,51.900,35.182,0,1821528,589980,175540,5342440,10271.288,538.966,0,13937.252,0,926.222,5294,9529,2.850,2.200,1.260,2,1,26.948,0,0,11,38,0,8,0
29-04 03:55:43,7.005,3.002,54.037,33.273,0,1818864,591704,175552,5343340,8422.792,540.372,0,11692.040,0,810.557,5489,10034,2.850,2.200,1.260,3,1,24.017,0,0,11,38,0,8,0
29-04 03:55:44,5.248,2.749,59.973,31.236,0,1816664,593172,175556,5344048,3611.349,539.753,0,9839.501,0,633.710,4481,8154,3.020,2.240,1.280,0,1,6.997,0,0,11,38,0,8,0
29-04 03:55:45,4.010,2.757,53.884,36.591,0,1814872,594256,175560,5344732,8406.930,487.213,0,10987.354,0,735.832,4455,8050,3.020,2.240,1.280,0,4,12.030,0,0,11,38,0,8,0
29-04 03:55:46,4.990,1.996,53.897,36.929,0,1813940,594532,175564,5345364,7491.690,538.971,0,7773.153,0,536.974,4016,7182,3.020,2.240,1.280,1,2,8.983,0,0,11,38,0,8,0
29-04 03:55:47,5.500,3.000,53.255,35.503,0,1812352,595436,175572,5346024,8114.731,540.049,0,11113.001,0,770.069,4915,8892,3.020,2.240,1.280,2,2,15.001,0,0,11,38,0,8,0
29-04 03:55:48,5.002,2.251,57.027,33.016,0,1811216,595848,175576,5346712,6498.082,540.256,0,10997.216,0,767.364,5101,9684,3.020,2.240,1.280,2,1,12.006,0,0,11,38,0,8,0
29-04 03:55:49,6.494,3.247,52.453,35.468,0,1810596,595468,175576,5347628,8420.420,485.563,0,14914.573,0,963.133,5575,10191,3.100,2.270,1.290,1,1,14.987,0,0,11,38,0,8,0
29-04 03:55:50,5.257,3.004,51.566,36.547,0,1810388,594856,175596,5348400,6853.751,540.690,0,13669.454,0,853.089,5250,9277,3.100,2.270,1.290,0,2,12.015,0,0,11,38,0,8,0
29-04 03:55:51,7.240,2.996,56.918,30.706,0,1810256,594180,175604,5349184,4489.502,539.220,0,11942.716,0,889.712,6511,11791,3.100,2.270,1.290,2,1,23.965,0,0,11,38,0,8,0
29-04 03:55:52,15.296,4.012,52.658,25.577,0,1650148,753588,175612,5349844,4678.022,541.623,0,11959.848,0,840.519,5738,9979,3.100,2.270,1.290,2,2,32.096,0,0,11,36,0,8,0
29-04 03:55:53,26.963,7.989,25.964,38.447,0,1715844,686860,175620,5350884,10694.254,539.256,0,10605.377,0,756.956,6784,10539,3.100,2.270,1.290,1,2,76.894,0,0,11,36,0,8,0
29-04 03:55:54,29.536,4.756,28.535,35.543,0,1783188,617056,175628,5353272,6834.314,540.658,0,9127.103,0,655.798,5731,8895,3.250,2.320,1.310,2,3,42.051,0,0,11,36,0,8,0
29-04 03:55:55,18.689,5.731,41.614,31.896,0,1739304,659964,175644,5354212,8514.163,538.240,0,12192.139,0,799.386,6298,9706,3.250,2.320,1.310,3,1,95.687,0,0,11,36,0,8,0
29-04 03:55:56,4.752,2.751,53.522,36.015,0,1730428,668028,175656,5354944,8137.355,580.239,0,14001.772,0,756.312,4637,8403,3.250,2.320,1.310,0,1,12.005,0,0,11,36,0,8,0
29-04 03:55:57,5.996,2.748,59.715,29.732,0,1713228,683968,175664,5356172,9746.227,539.680,0,7147.766,0,557.670,4323,7559,3.250,2.320,1.310,1,1,20.988,0,0,11,36,0,8,0
29-04 03:55:58,6.005,2.752,53.540,35.277,0,1705496,690900,175676,5356932,6815.143,582.440,0,11016.314,0,792.598,4858,8953,3.250,2.320,1.310,4,2,21.016,0,0,11,36,0,8,0
29-04 03:55:59,5.248,2.249,52.476,36.733,0,1699600,696096,175704,5357588,6050.239,539.754,0,12218.424,0,816.627,4977,9048,3.550,2.400,1.340,5,1,17.992,0,0,11,36,0,8,0
29-04 03:56:00,5.249,2.750,51.744,37.496,0,1688556,706008,175708,5358684,3885.563,539.939,0,11698.684,0,737.917,4545,8569,3.550,2.400,1.340,0,2,5.999,0,0,11,36,0,8,0
29-04 03:56:01,5.762,2.756,51.857,37.076,0,1684060,709016,175716,5360132,8374.230,541.113,0,9178.885,0,654.346,4824,8952,3.550,2.400,1.340,0,2,6.012,0,0,11,36,0,8,0
29-04 03:56:02,6.236,3.492,51.386,37.667,0,1681244,710900,175720,5361000,9713.505,484.927,0,12169.071,0,817.192,5748,10611,3.550,2.400,1.340,0,2,17.960,0,0,11,36,0,8,0
29-04 03:56:03,6.008,2.503,56.572,32.041,0,1678244,713012,175736,5361852,10451.368,540.692,0,10477.401,0,724.927,5476,10149,3.550,2.400,1.340,2,2,18.023,0,0,11,36,0,8,0
29-04 03:56:04,5.239,2.994,58.126,30.435,0,1676008,714556,175736,5362524,12111.080,538.847,0,10912.645,0,767.358,5528,10142,3.350,2.370,1.340,1,1,18.959,0,0,11,36,0,8,0
29-04 03:56:05,7.261,3.255,51.078,36.055,0,1673296,716672,175740,5363100,12444.093,540.830,0,13889.310,0,886.360,5279,9477,3.350,2.370,1.340,0,2,6.009,0,0,11,36,0,8,0
29-04 03:56:06,11.254,3.001,54.270,29.011,0,1672828,715428,175752,5364744,6406.398,486.182,0,9855.688,0,687.257,5604,9700,3.350,2.370,1.340,1,3,0,0,0,11,36,0,8,0
29-04 03:56:07,5.502,2.501,49.272,40.518,0,1671864,715312,175760,5365792,3567.585,540.240,0,12881.725,0,818.364,4567,8461,3.350,2.370,1.340,0,4,0,0,0,11,36,0,8,0
29-04 03:56:08,4.493,2.746,56.159,33.446,0,1670736,714840,175764,5367332,8640.929,539.122,0,7340.047,0,517.158,4153,7517,3.350,2.370,1.340,1,1,0,0,0,11,36,0,8,0
29-04 03:56:09,4.249,2.750,54.490,36.243,0,1669132,715464,175764,5368288,7686.613,539.903,0,10734.064,0,652.882,4482,8398,3.400,2.400,1.360,0,1,0,0,0,11,36,0,8,0
29-04 03:56:10,5.254,3.003,47.790,40.534,0,1668036,715368,175768,5369380,4867.110,540.456,0,14079.890,0,890.752,5110,9543,3.400,2.400,1.360,0,2,0,0,0,11,36,0,8,0
29-04 03:56:11,6.003,3.001,49.773,39.268,0,1667896,713604,175772,5371236,7840.638,486.226,0,12377.743,0,782.363,4928,9049,3.400,2.400,1.360,0,2,0,0,0,11,36,0,8,0
29-04 03:56:12,4.999,2.250,54.744,34.746,0,1667684,712596,175772,5372392,11286.785,539.942,0,9514.976,0,605.935,4009,7534,3.400,2.400,1.360,3,2,0,0,0,11,36,0,8,0
29-04 03:56:13,4.250,3.000,51.245,39.496,0,1667704,711444,175776,5373484,9583.062,539.947,0,11950.831,0,714.930,4558,8598,3.400,2.400,1.360,0,1,0,0,0,11,36,0,8,0
29-04 03:56:14,4.250,3.000,54.753,35.502,0,1667848,710224,175784,5374448,9028.538,540.032,0,12048.718,0,710.042,4900,9121,3.210,2.380,1.350,3,2,1.000,0,0,11,36,0,8,0
29-04 03:56:15,5.255,2.753,56.056,33.283,0,1667300,708964,175788,5376196,4466.471,486.487,0,6594.602,0,519.520,4331,7841,3.210,2.380,1.350,0,2,0,0,0,11,36,0,8,0
29-04 03:56:16,4.494,2.996,54.181,35.455,0,1667868,706192,175788,5378328,11069.900,539.313,0,12963.488,0,750.045,4660,8624,3.210,2.380,1.350,1,3,0,0,0,11,36,0,8,0
29-04 03:56:17,5.251,2.750,54.506,35.004,0,1668240,705184,175788,5378952,6692.694,540.056,0,11193.160,0,745.077,4495,8374,3.210,2.380,1.350,0,2,12.001,0,0,11,36,0,8,0
29-04 03:56:18,7.001,3.501,54.760,31.506,0,1667804,705184,175792,5379364,9062.659,540.099,0,14414.638,0,1020.187,6199,11506,3.210,2.380,1.350,1,2,6.001,0,0,11,36,0,8,0
29-04 03:56:19,3.249,1.999,58.729,33.488,0,1667816,704932,175792,5379596,6354.705,485.825,0,9732.485,0,686.752,4344,8089,3.350,2.420,1.370,0,1,5.998,0,0,11,36,0,8,0
29-04 03:56:20,4.750,3.000,57.753,32.251,0.250,1668396,704428,175792,5379512,7859.364,486.023,0,11436.530,0,811.038,4682,8394,3.350,2.420,1.370,0,1,9.000,0,0,11,36,0,8,0
29-04 03:56:21,5.001,2.750,62.260,27.504,0,1668720,703420,175792,5380184,7647.169,486.074,0,8801.346,0,750.115,4938,8943,3.350,2.420,1.370,1,1,15.002,0,0,11,36,0,8,0
29-04 03:56:22,4.002,3.001,57.526,32.515,0,1668872,703168,175792,5380276,5482.475,486.219,0,12673.720,0,819.370,4575,8482,3.350,2.420,1.370,2,1,12.005,0,0,11,36,0,8,0
29-04 03:56:23,5.484,1.496,63.320,26.425,0,1668796,702664,175792,5380828,5927.129,484.621,0,5671.856,0,491.601,4073,7348,3.350,2.420,1.370,2,2,5.983,0,0,11,36,0,8,0
29-04 03:56:24,8.021,2.757,51.634,35.342,0,1670596,700396,175792,5381288,8824.928,487.266,0,11666.310,0,790.053,5529,9859,3.320,2.430,1.380,1,1,9.023,0,0,11,36,0,1,0
29-04 03:56:25,5.506,3.003,54.310,34.789,0,1669996,700648,175800,5381616,8813.766,486.539,0,12846.234,0,858.952,4860,8766,3.320,2.430,1.380,2,1,15.017,0,0,11,36,0,1,0
29-04 03:56:26,6.741,2.746,54.175,32.954,0,1669572,700396,175800,5382280,9532.825,485.329,0,9938.265,0,734.984,4896,8537,3.320,2.430,1.380,0,1,6.990,0,0,11,40,0,1,0
29-04 03:56:27,7.766,3.006,55.366,32.067,0,1671628,697876,175800,5382724,6490.622,487.022,0,9359.643,0,739.552,6264,11138,3.320,2.430,1.380,0,1,21.044,0,0,11,40,0,1,0
29-04 03:56:28,4.741,2.745,58.135,31.687,0,1671172,698128,175800,5382920,9270.677,526.958,0,10119.998,0,707.601,5920,10995,3.320,2.430,1.380,2,1,11.976,0,0,11,40,0,1,0
29-04 03:56:29,17.249,7.499,48.747,24.998,0,1519752,848944,175804,5383504,6076.574,539.962,0,10127.289,0,744.948,6383,9891,3.380,2.460,1.400,0,1,172.988,0,0,11,36,0,1,0
29-04 03:56:30,20.760,6.253,63.529,8.254,0,1385728,982936,175804,5383536,2990.379,486.224,0,5442.509,0,332.153,3373,3726,3.380,2.460,1.400,1,1,94.043,0,0,11,32,0,1,0
29-04 03:56:31,23.004,4.251,58.261,13.753,0,1458044,910612,175804,5383544,4422.852,486.094,0,9113.756,0,502.097,2873,3576,3.380,2.460,1.400,2,0,1.000,0,0,11,32,0,1,0
29-04 03:56:32,23.747,2.000,72.240,1.250,0,1504660,863992,175804,5383548,8857.829,485.936,0,1931.745,0,119.984,2385,2212,3.380,2.460,1.400,1,0,2.000,0,0,11,34,0,1,0
29-04 03:56:33,21.490,4.748,73.717,0,0,1424208,944440,175804,5383552,7662.577,485.783,0,3.998,0,1.000,2081,1490,3.380,2.460,1.400,1,0,27.987,0,0,11,32,0,1,0
29-04 03:56:34,23.504,3.250,72.011,1.250,0,1494768,873880,175804,5383552,9341.416,486.074,0,104.016,0,17.003,2021,1767,3.190,2.430,1.390,2,0,3.000,0,0,11,32,0,1,0
29-04 03:56:35,16.547,20.809,59.167,2.006,0,1441916,926708,175808,5383572,7761.909,541.529,0,1239.499,0,75.212,5684,5673,3.190,2.430,1.390,2,0,627.772,0,0,11,32,0,1,0
29-04 03:56:36,10.496,27.989,58.728,1.250,0,1435484,933076,175808,5383636,8939.635,485.817,0,287.892,0,26.990,7174,6663,3.190,2.430,1.390,1,0,865.674,0,0,11,32,0,1,0
29-04 03:56:37,12.494,22.490,62.721,1.749,0,1430096,938364,175808,5383720,10111.370,485.778,0,115.947,0,8.996,6840,17258,3.190,2.430,1.390,1,0,565.741,0,0,11,32,0,2,0
29-04 03:56:38,8.992,20.232,69.187,0,0,1398784,969636,175808,5383752,4631.803,485.560,0,759.312,0,139.873,6122,4820,3.190,2.430,1.390,1,0,453.589,0,0,11,32,0,2,0
29-04 03:56:39,23.791,14.525,60.854,0,0,1422436,945808,175812,5384240,9566.291,486.829,0,92.157,0,7.012,6438,7572,3.090,2.420,1.400,4,0,253.432,0,0,11,32,0,2,0
29-04 03:56:40,44.883,7.730,46.877,0,0,1549124,818992,175816,5384480,6650.604,484.732,0,91.760,0,3.990,3027,1825,3.090,2.420,1.400,2,0,54.857,0,0,11,33,0,1,0
29-04 03:56:41,46.251,4.250,47.751,1.500,0,1622912,744992,175832,5384668,5135.134,540.014,104.003,436.011,1.000,22.001,3630,2906,3.090,2.420,1.400,2,0,16.000,0,0,11,49,0,1,0
29-04 03:56:42,41.310,7.261,48.821,2.003,0,1674204,689332,175888,5388588,9494.825,486.709,0,1710.491,0,163.238,5468,6727,3.090,2.420,1.400,3,0,45.066,0,0,11,48,0,1,0
29-04 03:56:43,11.758,18.763,60.792,7.755,0,1666676,696756,175892,5388628,7380.142,486.339,0,3830.669,0,227.158,7431,6789,3.090,2.420,1.400,0,0,361.252,0,0,11,48,0,1,0
29-04 03:56:44,9.228,6.235,83.298,0.249,0,1678844,684600,175892,5388620,10264.166,484.827,0,43.894,0,3.990,3499,4721,2.920,2.400,1.400,0,0,91.778,0,0,11,48,0,1,0
29-04 03:56:45,0.750,1.250,95.249,2.250,0,1678836,684600,175892,5388628,6628.931,485.995,0,391.996,0,32.000,956,1510,2.920,2.400,1.400,0,0,3.000,0,0,11,48,0,1,0
29-04 03:56:46,0.750,0.250,98.247,0,0,1677052,686384,175892,5388628,3300.898,485.985,0,31.999,0,4.000,724,1023,2.920,2.400,1.400,0,0,3.000,0,0,11,48,0,1,0
29-04 03:56:47,0.750,0.500,98.739,0,0,1674720,688712,175892,5388632,8399.066,485.946,0,0,0,0,633,939,2.920,2.400,1.400,0,0,1.000,0,0,11,48,0,1,0
29-04 03:56:48,4.002,4.002,91.044,0,0,1659372,704064,175892,5388616,10385.012,540.261,0,16.008,0,4.002,2117,2098,2.920,2.400,1.400,1,0,88.042,0,0,11,48,0,1,0
29-04 03:56:49,17.742,13.494,66.470,0.500,0,1656104,707296,175892,5388628,3505.423,485.781,0,675.696,0,104.953,5246,8374,2.770,2.380,1.390,0,0,269.879,0,0,11,48,0,1,0
29-04 03:56:50,14.018,19.274,65.332,0,0,1675852,687332,175892,5389260,7924.946,724.910,0,0,0,0,7162,7901,2.770,2.380,1.390,1,0,450.565,0,0,12,48,0,1,0
29-04 03:56:51,20.287,12.523,63.617,2.505,0,1675056,688052,175892,5388888,8074.825,486.894,0,573.052,0,43.079,5537,6688,2.770,2.380,1.390,1,0,258.475,0,0,12,64,0,1,0
29-04 03:56:52,4.500,8.500,86.504,0,0,1665508,697540,175892,5388968,9053.385,486.021,0,0,0,0,2794,2442,2.770,2.380,1.390,1,0,142.006,0,0,14,66,0,1,0
29-04 03:56:53,18.222,12.980,67.147,0,0,1670656,692316,175892,5389004,10269.176,485.252,0,43.932,0,5.991,6306,8215,2.770,2.380,1.390,1,0,233.640,0,0,14,66,0,2,0
29-04 03:56:54,8.509,20.021,69.824,0,0,1657568,705348,175896,5389040,3985.231,540.574,0,16.017,0,4.004,5912,4655,2.550,2.340,1.390,1,0,414.440,0,0,14,66,0,2,0
29-04 03:56:55,15.993,17.992,65.470,0,0,1663740,699120,175896,5389532,10310.215,569.736,0,43.980,0,10.995,7475,8574,2.550,2.340,1.390,1,0,347.839,0,0,14,66,0,2,0
29-04 03:56:56,27.530,21.023,50.556,0.250,0,1732776,630012,175908,5389156,11258.457,580.642,0,396.439,0,8.009,6341,5707,2.550,2.340,1.390,2,1,534.591,0,0,14,66,0,2,0
29-04 03:56:57,30.734,23.988,42.228,1.999,0,1803676,557804,175968,5390308,8869.427,485.750,7.996,223.885,0.999,9.995,7754,9305,2.550,2.340,1.390,2,0,668.655,0,0,14,66,0,2,0
29-04 03:56:58,33.169,21.947,44.143,0,0.249,1902244,458836,175988,5390676,7499.768,484.821,0,39.903,0,9.976,6999,7086,2.550,2.340,1.390,2,0,426.962,0,0,14,70,0,4,0
29-04 03:56:59,61.055,22.020,16.515,0,0,1997396,363348,176000,5391432,9139.165,486.435,0,24.021,0,6.005,5821,6609,2.500,2.330,1.390,4,0,472.422,0,0,14,70,0,4,0
29-04 03:57:00,60.840,18.950,19.200,0,0,2114920,245344,176016,5391820,8595.456,574.493,0,63.833,0,7.979,7275,9072,2.500,2.330,1.390,6,0,306.197,0,0,14,70,0,4,0
29-04 03:57:01,73.688,24.312,2.506,0,0,2243080,204660,163288,5318644,4077.375,487.240,0,2502.368,0,107.273,5659,5887,2.500,2.330,1.390,4,0,575.464,0,0,14,70,0,4,0
29-04 03:57:02,60.752,16.501,10.750,12.000,0,2346012,153704,163684,5266968,5369.214,540.022,4532.181,1136.045,239.010,5.000,7279,8262,2.500,2.330,1.390,5,0,234.009,0,0,14,74,0,4,0
29-04 03:57:03,57.184,24.472,7.741,8.990,0,2528380,199548,162236,5045796,9237.338,485.440,2932.615,7571.261,123.857,474.452,9075,11944,2.500,2.330,1.390,9,2,514.406,0,0,14,76,0,4,0
29-04 03:57:04,49.402,18.055,18.557,13.792,0,2593312,198280,161976,4983728,9029.729,487.497,4.012,16093.420,1.003,615.891,8587,10853,2.700,2.380,1.410,3,1,267.822,0,0,14,77,0,4,0
29-04 03:57:05,59.674,6.492,17.478,15.480,0,2732488,121292,161772,4923184,9961.310,485.382,103.868,10938.065,16.978,542.309,7212,11789,2.700,2.380,1.410,2,1,1.997,0,0,14,79,0,4,0
29-04 03:57:06,62.459,9.244,23.235,4.997,0,2819504,176924,161816,4783704,6189.919,485.680,427.718,3457.720,44.970,185.877,6006,8448,2.700,2.380,1.410,7,0,68.955,0,0,14,84,0,8,0
29-04 03:57:07,56.096,23.039,17.280,2.504,0,2886140,174584,161828,4721068,9447.131,540.924,52.089,1506.572,9.015,84.144,10045,20021,2.700,2.380,1.410,2,0,558.954,0,0,14,97,0,17,0
29-04 03:57:08,15.253,17.504,62.264,3.751,0,2888828,171252,161828,4722024,7270.652,486.110,0,1148.261,0,57.013,7036,7996,2.700,2.380,1.410,5,0,331.075,0,0,14,97,0,17,0
29-04 03:57:09,38.547,11.191,48.743,0.497,0,2990452,135268,161832,4657632,3862.667,483.455,19.895,1050.470,1.990,51.728,4126,3346,2.570,2.350,1.410,2,0,153.194,0,0,14,98,0,17,0
29-04 03:57:10,35.843,9.775,45.117,8.773,0,3061660,130260,161840,4592688,7564.624,487.264,20.052,12075.325,3.008,683.774,4422,3588,2.570,2.350,1.410,2,0,86.224,0,0,14,101,0,17,0
29-04 03:57:11,7.984,19.460,65.865,4.491,0,3062204,195928,161848,4527856,6884.857,574.819,7.984,7308.986,1.996,183.623,6156,5049,2.570,2.350,1.410,1,0,375.229,0,0,14,101,0,17,0
29-04 03:57:12,8.287,20.593,71.070,0,0,3079472,178620,161848,4527896,6616.788,488.198,8.036,64.289,2.009,7.032,5770,4421,2.570,2.350,1.410,1,0,362.633,0,0,14,101,0,17,0
29-04 03:57:13,17.245,9.247,72.229,0.250,0,3135712,122364,161848,4527912,8628.495,485.859,3.999,159.954,1.000,10.997,3500,2699,2.570,2.350,1.410,1,0,167.951,0,0,14,101,0,17,0
29-04 03:57:14,17.201,2.742,74.041,4.986,0,3149640,175852,161852,4462172,13805.045,6301.219,55.842,2289.539,4.986,299.156,2233,1687,2.520,2.350,1.410,1,0,0.997,0,0,14,102,0,17,0
29-04 03:57:15,18.498,5.500,72.994,1.500,0,3112824,212636,161852,4462216,25993.840,17375.556,7.999,543.955,2.000,24.998,3202,3083,2.520,2.350,1.410,1,0,62.995,0,0,14,103,0,18,0
29-04 03:57:16,19.999,2.250,76.995,0.750,0,3162660,162788,161852,4462228,11855.161,6137.566,4.000,199.986,1.000,27.998,2293,2260,2.520,2.350,1.410,1,0,2.000,0,0,14,108,0,18,0
29-04 03:57:17,21.056,4.512,70.689,3.008,0,3178364,146620,161864,4462636,5164.799,1311.504,120.321,1114.979,9.024,124.332,3618,4608,2.520,2.350,1.410,1,1,4.011,0,0,14,114,0,18,0
29-04 03:57:18,27.017,5.754,57.786,8.005,0,3238892,150804,161740,4399560,10949.808,486.302,184.114,2817.752,13.008,221.137,5207,7243,2.520,2.350,1.410,3,0,3.002,0,0,14,117,0,19,0
29-04 03:57:19,24.633,7.713,64.941,1.742,0,3209524,180048,161744,4399680,10236.354,1621.295,3.981,1190.343,0.995,84.598,4229,4624,2.480,2.340,1.410,2,0,110.475,0,0,14,116,0,20,0
29-04 03:57:20,18.262,2.502,76.301,2.001,0,3240824,148616,161744,4399812,10059.742,6885.615,32.021,664.445,2.001,46.031,2053,1966,2.480,2.340,1.410,1,0,2.001,0,0,14,122,0,20,0
29-04 03:57:21,20.011,4.002,73.790,1.001,0,3248300,141084,161744,4399868,11415.176,2614.414,0,1056.572,0,106.057,3841,5013,2.480,2.340,1.410,1,0,1.001,0,0,14,121,0,20,0
29-04 03:57:22,40.302,11.264,46.059,2.754,0,3307048,146304,161744,4337456,9872.675,1682.160,4.005,1221.568,1.001,114.147,4967,4986,2.480,2.340,1.410,3,0,101.130,0,0,14,122,0,21,0
29-04 03:57:23,34.695,4.493,59.406,0,0,3375100,142476,161744,4275004,15214.961,6850.177,0,563.110,0,34.945,2678,1667,2.480,2.340,1.410,1,0,0,0,0,14,124,0,21,0
29-04 03:57:24,20.262,5.753,73.044,0.250,0,3370560,147000,161744,4275020,24368.751,16659.084,0,456.276,0,27.016,2519,1810,2.360,2.320,1.410,1,0,56.034,0,0,14,122,0,22,0
29-04 03:57:25,18.496,2.250,78.733,0.250,0,3385424,132124,161744,4275032,26642.112,23018.913,0,2183.517,0,30.993,1929,1603,2.360,2.320,1.410,1,0,0,0,0,14,122,0,23,0
29-04 03:57:26,20.234,5.496,72.943,0,0,3377168,140368,161744,4275044,8198.581,485.620,0,383.700,0,24.980,2393,1757,2.360,2.320,1.410,1,0,50.960,0,0,14,122,0,23,0
29-04 03:57:27,17.311,3.261,77.523,1.756,0,3384852,132428,161744,4275300,12556.209,7036.776,64.226,525.851,7.025,56.198,3118,4028,2.360,2.320,1.410,3,1,4.014,0,0,14,125,0,23,0
29-04 03:57:28,23.176,7.227,66.786,1.994,0,3362136,155064,161744,4275380,6233.982,1670.635,0,729.657,0,69.776,4128,4928,2.360,2.320,1.410,1,0,85.725,0,0,14,126,0,24,0
29-04 03:57:29,17.504,2.501,79.268,0.250,0,3390060,127116,161744,4275404,26355.954,22831.158,0,500.113,0,37.008,2143,1957,2.250,2.300,1.410,0,0,0,0,0,14,127,0,24,0
29-04 03:57:30,20.817,5.267,71.980,1.254,0,3378800,138360,161744,4275420,14161.273,686.194,0,377.206,0,23.074,2447,1766,2.250,2.300,1.410,1,0,55.176,0,0,14,126,0,25,0
29-04 03:57:31,15.986,1.998,81.180,0.749,0,3397872,119276,161744,4275432,17534.936,7131.873,0,367.684,0,21.981,1871,1665,2.250,2.300,1.410,1,0,0,0,0,14,127,0,25,0
29-04 03:57:32,23.925,4.735,59.564,8.972,0,3375876,204020,161748,4214268,9446.479,484.486,63.801,3425.296,3.988,387.788,6810,10896,2.250,2.300,1.410,1,0,1.994,0,0,14,130,0,26,0
29-04 03:57:33,20.083,6.276,71.042,2.008,0,3349780,230004,161748,4214380,12076.638,1733.124,0,899.698,0,72.297,3235,3257,2.250,2.300,1.410,2,0,53.219,0,0,14,129,0,27,0
29-04 03:57:34,18.434,1.993,77.472,1.246,0,3377224,202548,161748,4214392,50199.875,8577.224,0,589.883,0,33.878,2451,1675,2.150,2.270,1.410,0,0,0.996,0,0,14,130,0,27,0
29-04 03:57:35,21.504,4.001,70.763,2.750,0,3380404,199272,161748,4214488,12005.158,2516.452,48.009,1620.291,3.001,146.026,4663,6770,2.150,2.270,1.410,1,0,0,0,0,14,130,0,27,0
29-04 03:57:36,31.071,8.520,52.119,7.016,0,3323296,256160,161748,4214708,12041.601,1355.106,0,4578.495,0,319.733,8470,12997,2.150,2.270,1.410,4,1,77.177,0,0,14,129,0,28,0
29-04 03:57:37,24.431,5.485,68.058,1.994,0,3419292,160116,161748,4214740,10226.144,2445.100,23.932,1148.758,1.994,72.795,3329,13817,2.150,2.270,1.410,0,0,35.899,0,0,14,130,0,29,0
29-04 03:57:38,18.518,3.003,74.073,3.253,0,3414368,164988,161748,4214792,17139.904,8150.038,16.016,1281.264,1.001,115.114,3382,4132,2.150,2.270,1.410,1,0,10.010,0,0,14,131,0,29,0
29-04 03:57:39,18.272,8.510,69.333,3.504,0,3446400,132924,161748,4214824,8345.932,486.579,16.019,588.701,1.001,32.038,3184,2587,2.060,2.250,1.400,1,0,138.164,0,0,14,131,0,29,0
29-04 03:57:40,17.219,2.496,78.110,0.998,0,3394124,247108,161748,4154416,13066.546,10247.606,0,574.968,0,37.932,2064,1904,2.060,2.250,1.400,0,0,0,0,0,14,132,0,29,0
29-04 03:57:41,17.749,3.250,68.248,8.500,0,3396092,245120,161748,4154436,7059.758,2325.920,12.000,4691.839,3.000,501.983,5380,7893,2.060,2.250,1.400,0,1,0,0,0,14,132,0,29,0
29-04 03:57:42,32.625,8.031,56.717,2.008,0,3412644,228264,161748,4154708,9593.720,487.867,32.123,1843.054,2.008,109.419,11356,18829,2.060,2.250,1.400,4,0,4.015,0,0,14,134,0,29,0
29-04 03:57:43,38.856,11.457,45.581,2.740,0,3383688,257064,161752,4154828,12174.781,2570.453,0,1558.213,0,136.493,10198,14990,2.060,2.250,1.400,1,0,284.942,0,0,14,133,0,30,0
29-04 03:57:44,19.008,2.501,77.283,0.500,0,3427276,213468,161752,4154836,14007.965,6403.727,0,624.266,0,35.015,1908,1493,1.970,2.230,1.400,2,0,1.000,0,0,14,134,0,30,0
29-04 03:57:45,16.047,11.534,70.456,1.755,0,3430400,210328,161752,4154856,8083.651,2119.200,0,1055.087,0,87.255,4281,3518,1.970,2.230,1.400,3,0,220.646,0,0,14,133,0,31,0
29-04 03:57:46,8.727,19.698,67.324,2.743,0,3414836,225864,161752,4154900,7924.249,484.731,0,510.663,0,36.903,5962,4756,1.970,2.230,1.400,1,0,410.924,0,0,14,133,0,31,0
29-04 03:57:47,23.076,17.809,58.443,0.251,0,3427764,212916,161752,4154920,6470.403,487.613,0,1765.841,0,241.800,6962,8196,1.970,2.230,1.400,2,0,324.072,0,0,14,133,0,31,0
29-04 03:57:48,31.447,22.462,41.930,3.245,0,3476908,163576,161752,4155120,4308.798,555.072,19.967,1477.530,1.997,89.850,6776,6167,1.970,2.230,1.400,2,0,550.081,0,0,14,133,0,31,0
29-04 03:57:49,37.031,15.513,43.536,2.502,0,3518588,121392,161772,4156060,6050.000,486.402,76.063,512.423,7.006,29.024,7213,9467,1.980,2.230,1.400,4,0,330.273,0,0,16,139,0,31,0
29-04 03:57:50,56.995,27.247,14.749,0.750,0,3661092,138464,161508,3999968,11419.926,485.954,87.992,335.968,5.999,27.997,8590,12317,1.980,2.230,1.400,3,0,608.943,0,0,16,145,0,31,0
29-04 03:57:51,62.039,19.012,17.511,0.750,0,3778024,169704,161508,3853360,6042.771,540.337,48.030,988.617,4.002,73.046,9199,15338,1.980,2.230,1.400,4,0,327.204,0,0,16,161,0,31,0
29-04 03:57:52,35.711,23.225,39.457,0.499,0,3850596,143928,161508,3807160,8787.498,485.475,7.991,447.516,1.998,25.972,7638,6956,1.980,2.230,1.400,3,0,644.303,0,0,16,161,0,31,0
29-04 03:57:53,25.033,19.526,53.822,1.001,0,3860156,187640,161392,3755492,6978.281,576.767,4.005,428.570,1.001,16.021,6873,7814,1.980,2.230,1.400,3,0,383.510,0,0,17,161,0,31,0
29-04 03:57:54,27.175,19.447,50.611,0.748,0,3907928,175608,161392,3720268,9742.207,484.667,3.989,219.397,0.997,17.951,6503,6662,1.900,2.210,1.400,6,0,463.725,0,0,17,161,0,30,0
29-04 03:57:55,37.205,19.726,41.450,0.499,0,3976980,124156,161392,3703540,9772.119,485.410,19.976,207.747,3.995,18.977,7513,8544,1.900,2.210,1.400,2,0,389.526,0,0,17,161,0,30,0
29-04 03:57:56,33.623,22.833,42.656,0.753,0,4056920,123120,161392,3626044,5945.721,582.127,16.059,297.085,1.004,17.062,7348,6981,1.900,2.210,1.400,2,0,627.292,0,0,17,167,0,30,0
29-04 03:57:57,39.236,26.741,31.739,1.000,0,4171156,154272,161400,3484296,8946.831,555.803,19.993,895.683,4.998,60.978,10275,21405,1.900,2.210,1.400,1,1,704.750,0,0,17,179,0,30,0
29-04 03:57:58,14.756,18.507,64.776,0,0,4194632,130744,161400,3484696,10112.034,486.194,0,428.171,0,28.011,7434,9003,1.900,2.210,1.400,4,0,378.151,0,0,17,179,0,28,2
29-04 03:57:59,33.879,12.206,52.313,0.747,0,4296224,123360,161400,3391380,4099.377,484.272,342.777,438.436,6.975,20.925,4078,3480,1.910,2.200,1.410,2,0,144.485,0,0,17,185,0,28,2
29-04 03:58:00,43.987,7.248,46.737,1.500,0,4406364,136328,161516,3271168,9744.215,485.861,371.894,255.927,13.996,24.993,3261,2036,1.910,2.200,1.410,3,0,2.999,0,0,17,185,0,28,2
29-04 03:58:01,32.319,8.518,48.354,10.773,0.251,4330576,269036,161524,3215056,8475.180,487.045,40.086,3948.470,5.011,211.454,4388,4252,1.910,2.200,1.410,4,0,112.241,0,0,17,206,0,30,2
29-04 03:58:02,31.778,23.270,41.787,2.252,0,4413768,184792,161532,3216052,8357.303,540.472,920.805,5460.772,10.009,171.150,7464,7224,1.910,2.200,1.410,2,1,615.538,0,0,17,209,0,30,2
29-04 03:58:03,37.486,21.742,37.985,1.499,0,4356272,240600,161540,3217824,19457.509,9167.471,939.638,427.835,17.993,24.990,8137,10237,1.910,2.200,1.410,2,0,407.843,0,0,17,211,0,31,2
29-04 03:58:04,67.589,16.522,12.266,3.505,0,4572992,134276,161560,3109992,3257.285,576.759,460.606,853.122,11.014,14.018,5107,4720,2.150,2.250,1.420,3,0,161.212,0,0,17,214,0,31,0
29-04 03:58:05,48.649,9.730,26.195,14.470,0,4652964,130508,161584,3035756,19786.762,10571.967,1696.464,1121.662,58.877,47.900,5114,4757,2.150,2.250,1.420,3,0,21.954,0,0,17,225,0,31,0
29-04 03:58:06,50.856,10.221,16.703,21.190,0,4650876,161468,161652,3008364,6364.943,1275.382,5899.265,2620.566,441.747,152.567,6323,7181,2.150,2.250,1.420,4,0,31.909,0,0,17,230,0,28,0
29-04 03:58:07,38.672,19.336,39.425,2.009,0,4699120,149900,161656,2972284,19991.947,8705.733,64.286,7232.177,5.022,329.466,7830,9085,2.150,2.250,1.420,7,0,399.779,0,0,17,232,0,33,0
29-04 03:58:08,32.493,18.996,31.993,15.247,0.250,4690752,156236,161660,2974640,14420.798,3295.268,67.985,16672.299,3.999,727.838,7490,8609,2.150,2.250,1.420,2,0,320.929,0,0,17,233,0,34,0
29-04 03:58:09,50.178,20.970,27.211,0.749,0,4736792,150692,161664,2934852,14808.781,6190.130,3.994,483.307,0.999,23.966,6932,8204,2.140,2.250,1.430,3,0,458.343,0,0,17,234,0,34,0
29-04 03:58:10,49.606,24.302,23.049,1.754,0,4746348,179932,161676,2897984,13341.629,5680.189,942.021,881.892,36.077,54.116,7904,10040,2.140,2.250,1.430,4,1,431.927,0,0,17,233,0,26,0
29-04 03:58:11,59.606,19.453,17.957,2.993,0,4839368,139324,162024,2845688,6460.438,2864.101,706.299,1308.847,38.906,34.916,7411,11306,2.140,2.250,1.430,3,1,351.154,0,0,17,238,0,28,0
29-04 03:58:12,52.815,23.029,21.276,1.752,0,4820964,207860,162032,2796792,12723.762,9139.322,288.357,1065.320,16.020,92.114,9113,13738,2.140,2.250,1.430,7,0,406.504,0,0,17,245,0,31,0
29-04 03:58:13,59.302,21.018,17.265,1.752,0,4946568,142900,162036,2736736,9402.173,610.531,372.324,5913.140,24.021,56.049,6565,8731,2.140,2.250,1.430,3,0,262.228,0,0,17,251,0,31,0
29-04 03:58:14,56.573,10.218,31.401,1.246,0,5071204,142012,161920,2615648,24529.040,16339.734,901.173,789.523,16.947,31.900,9029,17374,2.210,2.260,1.440,3,0,7.975,0,0,17,255,0,31,0
29-04 03:58:15,56.944,9.740,25.475,7.243,0,5116912,127400,161660,2585636,9584.649,2090.960,1874.172,771.248,89.912,59.942,6101,7367,2.210,2.260,1.440,1,1,20.980,0,0,17,258,0,38,0
29-04 03:58:16,51.468,13.306,32.136,3.013,0,5082688,196824,161660,2551500,23332.689,13755.180,719.041,2486.517,17.072,259.096,5736,5158,2.210,2.260,1.440,3,0,162.688,0,0,17,261,0,40,0
29-04 03:58:17,42.337,26.398,24.406,5.230,0,5116012,159656,161924,2554952,9267.334,484.137,4383.131,1114.710,67.739,51.801,8162,9139,2.210,2.260,1.440,8,0,598.696,0,0,17,261,0,40,0
29-04 03:58:18,47.315,18.025,31.043,2.503,0,5118420,156980,161936,2555620,22223.482,11327.537,572.786,1413.939,12.016,63.087,7033,8785,2.210,2.260,1.440,7,0,270.371,0,0,18,261,0,40,1
29-04 03:58:19,80.653,13.983,2.497,2.996,0,5209608,124908,161936,2497780,7772.688,605.275,1558.133,431.483,65.921,23.971,5459,3654,2.590,2.340,1.470,2,2,112.865,0,0,18,264,0,38,0
29-04 03:58:20,65.843,9.513,10.765,13.519,0,5289792,139316,161948,2405804,13521.181,8682.317,3769.347,1309.858,194.276,83.118,6297,6523,2.590,2.340,1.470,7,2,11.016,0,0,18,271,0,39,0
29-04 03:58:21,73.141,13.777,10.270,2.004,0,5320972,134548,161976,2380060,12959.991,3206.183,1038.002,1963.787,36.070,188.363,8193,10303,2.590,2.340,1.470,3,0,164.317,0,0,18,273,0,41,0
29-04 03:58:22,35.141,9.221,49.347,4.735,0,5363804,150656,161988,2323108,19577.357,9424.806,817.468,653.974,9.969,48.849,4109,3594,2.590,2.340,1.470,5,1,75.765,0,0,18,277,0,41,0
29-04 03:58:23,35.916,8.231,52.128,2.494,0,5320136,194360,161988,2323136,26458.843,6925.730,566.669,778.172,8.979,70.834,4634,5018,2.590,2.340,1.470,4,0,13.967,0,0,18,282,0,41,1
29-04 03:58:24,40.025,7.755,51.031,0.500,0,5369536,134520,161988,2333544,10640539.185,107991.306,768.472,428.263,6.004,27.017,7594,4012,2.550,2.330,1.470,2,0,11.007,0,0,18,284,0,41,0
29-04 03:58:25,24.090,9.034,60.977,5.019,0,5311016,184996,161988,2341556,5962842.363,54877.333,2537.448,3384.602,28.105,225.841,6693,5582,2.550,2.330,1.470,2,0,132.493,0,0,18,284,0,42,0
29-04 03:58:26,39.109,8.220,50.318,0.996,0,5386260,140860,161988,2311672,9522.550,2860.651,15.942,394.573,0.996,37.863,3985,3327,2.550,2.330,1.470,4,0,134.513,0,0,18,289,0,42,0
29-04 03:58:27,27.631,4.521,66.063,1.256,0,5372756,154356,161988,2311812,24378.384,18215.214,36.171,1185.612,3.014,87.414,3845,4383,2.550,2.330,1.470,1,0,37.176,0,0,18,293,0,42,0
29-04 03:58:28,11.190,2.487,77.088,6.963,0,5373580,152992,161988,2312352,158459.615,6429673.989,461.535,3338.170,25.862,376.986,4521,5129,2.550,2.330,1.470,0,0,0.995,0,0,18,292,0,43,0
29-04 03:58:29,8.500,2.500,86.745,0,0,5380176,146376,161988,2312372,8032169.536,9986759.975,0,10955.425,0,41.998,5017,3680,2.420,2.310,1.470,5,0,2.000,0,0,18,299,0,43,0
29-04 03:58:30,19.606,7.038,70.882,1.508,0,5271152,239264,161996,2328468,8805957.054,78754.666,96.520,699.773,5.027,58.314,8643,8365,2.420,2.310,1.470,1,0,117.634,0,0,18,296,0,46,0
29-04 03:58:31,14.939,13.197,69.468,1.245,0,5318732,191572,161996,2328580,8364.103,484.038,11.952,418.305,0.996,31.871,4725,4315,2.420,2.310,1.470,2,0,347.591,0,0,18,296,0,44,0
29-04 03:58:32,18.249,9.000,70.247,1.250,0,5328360,181924,161996,2328600,7746.624,485.976,4.000,919.955,1.000,66.997,3619,2985,2.420,2.310,1.470,3,1,126.994,0,0,18,296,0,44,0
29-04 03:58:33,9.005,20.012,69.791,1.001,0,5332020,178212,161996,2328652,10901.408,540.318,0,380.224,0,36.021,6268,5337,2.420,2.310,1.470,4,0,413.243,0,0,18,296,0,44,0
29-04 03:58:34,2.248,5.744,83.918,5.994,0,5330804,179392,162000,2328684,9412.815,485.526,15.984,27505.160,0.999,990.034,3282,2522,2.470,2.320,1.480,0,1,129.873,0,0,18,296,0,44,0
29-04 03:58:35,18.005,3.501,65.020,13.254,0,5388860,121272,162000,2328748,5613.691,528.159,48.014,232.070,2.001,19.006,2074,1907,2.470,2.320,1.480,1,0,11.003,0,0,18,300,0,42,0
29-04 03:58:36,16.999,3.000,73.746,6.000,0,5343172,197188,162000,2299840,19443.029,9419.530,63.997,5411.730,4.000,131.993,2665,2817,2.470,2.320,1.480,1,0,3.000,0,0,18,304,0,43,0
29-04 03:58:37,16.545,16.796,62.672,3.008,0,5285036,254916,162008,2300192,9270.390,487.335,196.538,393.077,12.033,35.096,6220,17759,2.470,2.320,1.480,1,0,283.777,0,0,18,304,0,44,0
29-04 03:58:38,11.515,16.522,70.845,0,0,5281944,257564,162008,2300588,12226.389,540.725,0,1962.631,0,4.005,5314,3998,2.470,2.320,1.480,2,0,220.295,0,0,18,304,0,44,0
29-04 03:58:39,16.993,9.496,71.972,0,0,5324252,215176,162008,2300652,8403.688,485.809,3.998,131.948,1.000,8.996,3622,2935,2.430,2.320,1.480,0,0,132.948,0,0,18,306,0,41,0
29-04 03:58:40,23.913,3.238,70.243,2.242,0,5395296,143920,162008,2300864,11305.633,484.228,199.271,733.317,5.978,45.832,2411,2183,2.430,2.320,1.480,1,0,1.993,0,0,18,310,0,41,0
29-04 03:58:41,20.248,2.000,66.993,9.999,0,5415964,122816,162008,2301300,8767.063,527.944,299.968,12290.686,10.999,49.995,2438,2410,2.430,2.320,1.480,2,0,4.000,0,0,18,312,0,41,0
29-04 03:58:42,23.685,2.992,72.302,0.748,0,5346980,191760,162008,2301340,4713.124,484.676,23.935,211.422,3.989,11.967,2108,1662,2.430,2.320,1.480,4,0,4.986,0,0,18,311,0,42,0
29-04 03:58:43,20.792,4.008,71.644,2.004,0,5396464,142272,162008,2301344,5700.459,2511.048,0,292.588,0,31.062,2451,2328,2.430,2.320,1.480,2,0,3.006,0,0,18,315,0,40,0
29-04 03:58:44,12.767,1.752,85.116,0,0,5398968,139752,162008,2301360,26806.524,17464.796,0,0,0,0,2166,2102,2.240,2.280,1.470,3,0,3.004,0,0,18,318,0,42,0
29-04 03:58:45,22.715,4.493,72.139,0,0,5400792,137924,162008,2301364,9050.129,485.256,0,67.896,0,3.994,2221,1698,2.240,2.280,1.470,1,0,14.977,0,0,18,312,0,42,0
29-04 03:58:46,20.762,5.253,71.542,1.251,0,5382440,156120,162008,2301520,7669.524,540.319,384.227,364.215,3.002,38.022,2924,2456,2.240,2.280,1.470,2,0,85.050,0,0,18,312,0,42,0
29-04 03:58:47,10.250,18.500,68.498,2.000,0,5383472,154712,162016,2301888,8477.776,485.987,135.996,439.988,11.000,15.000,5950,4969,2.240,2.280,1.470,1,0,408.989,0,0,18,312,0,41,0
29-04 03:58:48,20.009,6.753,72.283,0.500,0,5405828,132200,162156,2301904,8469.850,486.221,116.053,136.062,5.002,6.003,3000,2444,2.240,2.280,1.470,1,0,106.048,0,0,18,312,0,41,0
29-04 03:58:49,16.007,2.501,77.783,2.751,0,5329108,233996,162712,2277132,14400.082,2833.197,124.052,732.309,4.002,14.006,1843,1469,2.140,2.260,1.470,1,0,17.007,0,0,18,312,0,41,0
29-04 03:58:50,20.989,3.248,74.461,0.250,0,5348548,213124,162732,2278512,7731.949,1757.079,63.966,855.552,2.998,28.985,2365,2227,2.140,2.260,1.470,0,0,17.991,0,0,18,313,0,41,0
29-04 03:58:51,17.804,2.758,73.473,5.266,0,5345412,210412,163236,2283712,6421.508,2328.073,124.378,1320.010,6.018,43.131,3942,5930,2.140,2.260,1.470,1,0,6.018,0,0,18,312,0,41,0
29-04 03:58:52,17.190,4.484,74.739,1.993,0,5347796,207400,163264,2284296,16207.465,3460.928,83.708,725.469,6.976,27.903,8349,14916,2.140,2.260,1.470,4,1,7.972,0,0,18,313,0,41,0
29-04 03:58:53,21.979,6.743,68.683,0.250,0,5350624,204124,163356,2284652,8695.519,485.526,23.977,535.478,2.997,23.977,10954,19656,2.140,2.260,1.470,1,0,25.975,0,0,18,313,0,41,0
29-04 03:58:54,16.036,7.517,69.906,6.013,0,5297620,267044,163452,2274656,8591.129,661.473,8.018,1399.115,2.004,43.096,3267,2791,2.050,2.230,1.460,2,0,122.272,0,0,18,312,0,41,0
29-04 03:58:55,19.463,8.234,70.865,0.250,0,5342904,221708,163452,2274708,9141.628,485.078,3.992,91.826,0.998,5.989,3251,2693,2.050,2.230,1.460,1,0,147.719,0,0,18,312,0,41,0
29-04 03:58:56,18.510,1.751,78.792,0,0,5360820,203604,163452,2274896,17060.117,8598.595,0,40.021,0,4.002,1928,1455,2.050,2.230,1.460,1,0,0,0,0,18,313,0,42,0
29-04 03:58:57,17.998,7.999,72.494,0.500,0,5351324,213064,163452,2274932,7355.342,2738.755,19.998,107.990,2.000,6.999,3228,2681,2.050,2.230,1.460,1,0,115.990,0,0,18,312,0,44,0
29-04 03:58:58,19.238,2.748,77.453,0,0,5389872,174508,163452,2274940,11401.148,6195.277,0,0,0,0,1995,1651,2.050,2.230,1.460,1,0,1.999,0,0,18,313,0,44,0
29-04 03:58:59,20.479,5.494,73.425,0,0,5344052,220320,163452,2274948,8291.576,3447.497,0,0,0,0,2672,2141,1.880,2.200,1.460,1,0,69.929,0,0,18,312,0,45,0
29-04 03:59:00,18.776,2.503,77.607,0.501,0,5373392,190912,163452,2275016,17714.333,6657.144,64.088,296.407,3.004,21.029,2214,2090,1.880,2.200,1.460,2,0,0,0,0,18,313,0,45,0
29-04 03:59:01,20.089,5.525,73.828,0,0,5397156,167128,163452,2275036,13952.056,7382.837,0,188.840,0,16.071,2673,2220,1.880,2.200,1.460,1,0,56.250,0,0,18,312,0,46,0
29-04 03:59:02,18.732,1.998,77.924,0.500,0,5416884,147388,163452,2275048,15818.655,8359.890,0,119.884,0,11.988,1922,1614,1.880,2.200,1.460,0,0,0,0,0,18,313,0,47,0
29-04 03:59:03,21.681,5.233,72.020,0.498,0,5383904,180336,163452,2275080,12729.261,2815.988,11.962,318.979,0.997,28.907,2812,2684,1.880,2.200,1.460,1,0,31.898,0,0,18,312,0,49,0
29-04 03:59:04,15.763,2.002,79.568,1.751,0,5400020,164220,163452,2275084,17725.041,8675.362,0,80.068,0,6.005,1807,1569,1.810,2.180,1.450,2,0,1.001,0,0,18,314,0,46,0
29-04 03:59:05,13.991,4.747,74.452,5.496,0,5341888,222328,163452,2275108,9099.178,3198.953,0,3705.629,0,499.680,3076,3252,1.810,2.180,1.450,2,0,47.969,0,0,18,312,0,47,0
29-04 03:59:06,21.750,3.000,74.498,0,0,5381824,182368,163452,2275132,10817.758,6198.861,0,235.995,0,22.000,2590,2605,1.810,2.180,1.450,1,0,3.000,0,0,18,313,0,47,0
29-04 03:59:07,23.093,4.769,71.037,0.753,0,5402092,161948,163456,2275280,13617.060,5014.275,0,1646.658,0,110.447,3190,3023,1.810,2.180,1.450,1,0,35.142,0,0,18,314,0,50,0
29-04 03:59:08,20.171,2.241,75.703,0.249,0,5432528,131500,163456,2275292,12763.860,6174.744,0,274.920,0,21.914,2324,2133,1.810,2.180,1.450,1,0,0.996,0,0,18,315,0,44,0
29-04 03:59:09,10.247,8.247,78.726,1.500,0,5396276,167588,163592,2275320,9002.237,5724.243,135.958,551.831,3.999,40.987,3780,3898,1.670,2.140,1.450,0,1,176.946,0,0,18,314,0,45,0
29-04 03:59:10,3.001,1.750,84.016,9.752,0,5393348,169356,163996,2276076,14245.740,3821.735,1068.205,2780.535,252.048,166.032,1952,2932,1.670,2.140,1.450,0,0,3.001,0,0,18,316,0,45,0
29-04 03:59:11,5.000,7.000,87.252,0.500,0,5380120,182536,163996,2276124,22262.591,3410.090,0,304.008,0,25.001,2894,2735,1.670,2.140,1.450,0,0,125.003,0,0,18,316,0,46,0
29-04 03:59:12,7.773,11.533,78.979,0.501,0,5358516,204060,163996,2276204,11048.075,1489.324,16.047,60.175,1.003,8.023,3929,3282,1.670,2.140,1.450,2,0,208.606,0,0,18,314,0,43,0
29-04 03:59:13,10.221,2.992,71.298,13.711,0,5357316,199112,163996,2282352,9113.234,538.478,3095.249,514.545,183.481,20.941,2094,2323,1.670,2.140,1.450,0,1,4.986,0,0,18,314,0,43,0
29-04 03:59:14,16.316,3.263,71.539,8.534,0,5367472,178760,164008,2292516,3522.214,542.188,3457.955,678.739,280.131,8.032,2074,2052,1.610,2.120,1.440,2,0,1.004,0,0,18,314,0,43,0
29-04 03:59:15,25.649,5.229,64.745,3.735,0,5385456,154648,164008,2298556,21147.793,4604.882,1378.576,753.037,14.941,13.945,2707,2022,1.610,2.120,1.440,1,0,22.910,0,0,18,316,0,43,0
29-04 03:59:16,26.745,8.998,55.239,7.748,0,5375116,163064,164040,2300432,10592.873,887.822,1507.697,3071.383,24.995,91.982,4095,3487,1.610,2.120,1.440,2,0,77.984,0,0,18,314,0,33,0
29-04 03:59:17,15.753,11.502,71.012,1.250,0,5363520,174528,164040,2300564,5557.934,486.082,0,692.116,0,42.007,4210,3759,1.610,2.120,1.440,1,0,231.039,0,0,18,316,0,33,0
29-04 03:59:18,19.317,2.258,78.272,0,0,5393220,144812,164040,2300580,15657.404,22827.317,0,44.153,0,3.010,2064,1714,1.610,2.120,1.440,0,0,0,0,0,18,317,0,34,0
29-04 03:59:19,21.017,5.004,72.308,0.751,0,5354536,213068,164040,2271868,24590.850,870.703,0,184.149,0,24.019,2447,2021,1.640,2.120,1.450,1,0,47.038,0,0,18,316,0,35,0
29-04 03:59:20,16.425,2.489,77.895,1.991,0,5370336,197424,164040,2271804,17907.328,8122.953,111.492,191.128,6.968,16.923,2225,2244,1.640,2.120,1.450,0,1,0,0,0,18,317,0,32,0
29-04 03:59:21,19.512,4.002,72.794,3.002,0,5355156,212260,164040,2272148,8038.828,1817.091,352.212,224.135,20.012,21.013,2378,2222,1.640,2.120,1.450,1,0,14.008,0,0,18,316,0,33,0
29-04 03:59:22,16.232,1.998,80.163,0.749,0,5380920,186488,164040,2272156,10875.253,7016.421,0,231.750,0,23.974,2013,2008,1.640,2.120,1.450,1,0,0,0,0,18,317,0,33,0
29-04 03:59:23,17.849,3.519,64.355,12.821,0,5376356,188884,164040,2274324,11240.088,1801.954,2091.553,1315.265,84.467,164.911,5071,7610,1.640,2.120,1.450,2,0,1.006,0,0,18,318,0,34,0
29-04 03:59:24,22.649,2.987,72.178,1.493,0,5412688,152552,164040,2274324,9025.772,1263.369,0,374.332,0,22.898,2088,1629,1.590,2.100,1.440,1,0,4.978,0,0,18,319,0,31,0
29-04 03:59:25,15.256,2.501,80.284,1.000,0,5407316,157708,164040,2274540,18099.659,9522.029,64.027,556.235,3.001,54.023,3037,3659,1.590,2.100,1.440,1,0,1.000,0,0,18,319,0,31,0
29-04 03:59:26,14.050,14.552,68.244,1.756,0,5354680,210284,164044,2274596,7750.711,1772.337,0,963.445,0,85.305,5715,6426,1.590,2.100,1.440,1,0,367.313,0,0,18,318,0,32,0
29-04 03:59:27,8.992,21.980,67.939,0.250,0,5344944,219988,164044,2274628,8707.211,539.517,0,2321.923,0,56.949,6901,6109,1.590,2.100,1.440,2,0,630.436,0,0,18,318,0,32,0
29-04 03:59:28,8.256,23.267,63.546,3.753,0,5343200,221688,164052,2274664,9697.988,540.389,0,3134.258,0,180.130,7643,7525,1.590,2.100,1.440,2,0,730.526,0,0,18,318,0,28,0
29-04 03:59:29,7.972,22.918,67.510,0.249,0,5344788,220068,164052,2274696,4207.025,484.276,0,271.035,0,30.890,6909,6252,1.540,2.080,1.440,1,0,644.705,0,0,18,318,0,28,0
29-04 03:59:30,8.256,22.767,68.051,0,0,5357216,207600,164052,2274736,3700.746,540.401,0,108.080,0,15.011,6855,6191,1.540,2.080,1.440,3,0,633.470,0,0,18,318,0,28,0
29-04 03:59:31,7.771,20.556,65.929,4.262,0,5334964,229824,164052,2274764,9398.526,541.471,0,2611.092,0,404.098,6819,5852,1.540,2.080,1.440,1,0,598.626,0,0,18,318,0,28,0
29-04 03:59:32,11.703,12.699,71.713,2.490,0,5330456,340660,164112,2178788,8364.579,537.851,71.713,19.920,14.940,2.988,4188,3501,1.540,2.080,1.440,2,0,231.077,0,0,18,318,0,25,0
29-04 03:59:33,21.556,3.760,68.678,5.013,0,5348416,313192,164112,2188308,9589.898,487.265,0,3148.173,0,37.096,2525,2394,1.540,2.080,1.440,2,0,3.008,0,0,18,318,0,25,0
29-04 03:59:34,14.200,1.495,78.723,4.235,0,5348716,311460,164112,2189740,19217.451,5013.378,103.636,928.736,13.951,15.944,1870,1600,1.660,2.100,1.450,0,1,15.944,0,0,18,319,0,25,0
29-04 03:59:35,13.251,1.250,78.005,6.250,0.250,5362088,297124,164112,2190704,25321.649,10174.663,796.052,1284.084,52.003,60.004,2070,2210,1.660,2.100,1.450,0,0,1.000,0,0,18,319,0,25,0
29-04 03:59:36,11.251,1.750,78.256,8.001,0,5361772,296620,164112,2191524,21864.597,10785.788,440.032,1756.128,51.004,91.007,1999,2287,1.660,2.100,1.450,0,1,0,0,0,18,319,0,24,0
29-04 03:59:37,19.492,3.749,71.471,4.748,0,5408060,248992,164112,2192856,19642.166,9206.328,1163.536,1299.482,60.976,54.978,3058,10847,1.660,2.100,1.450,0,1,35.986,0,0,18,319,0,25,0
29-04 03:59:38,13.759,1.001,73.798,10.757,0,5428224,227824,164120,2193932,13964.044,7051.567,940.609,5439.523,39.025,257.167,1932,1583,1.660,2.100,1.450,2,0,0,0,0,18,319,0,25,0
29-04 03:59:39,9.754,1.251,80.032,6.753,0,5431184,213984,164120,2204808,23037.297,10099.076,5234.112,1112.449,72.029,41.017,1632,1635,1.530,2.060,1.440,1,0,0,0,0,18,319,0,25,0
29-04 03:59:40,12.498,2.000,73.240,11.498,0,5425772,197312,164120,2226892,7448.934,485.930,9238.677,667.904,116.983,24.996,1745,1621,1.530,2.060,1.440,1,0,1.000,0,0,18,319,0,25,0
29-04 03:59:41,21.250,2.500,72.500,3.250,0,5439420,171936,164120,2238572,10194.965,609.998,0,1799.994,0,48.000,2180,1925,1.530,2.060,1.440,1,0,0,0,0,18,319,0,24,0
29-04 03:59:42,21.219,2.247,72.893,2.746,0,5432480,163364,164120,2253784,6610.316,539.210,0,966.584,0,29.956,2147,1881,1.530,2.060,1.440,2,0,0,0,0,18,319,0,24,0
29-04 03:59:43,18.360,2.515,71.680,7.042,0,5444468,131276,164120,2273676,9215.287,543.259,0,3802.815,0,140.845,2761,2882,1.530,2.060,1.440,1,0,0,0,0,18,319,0,24,0
29-04 03:59:44,18.424,2.241,72.702,5.229,0,5429984,131944,164120,2287212,6935.574,537.796,0,2047.608,0,72.702,2234,2125,1.480,2.040,1.440,0,1,0,0,0,18,319,0,24,0
29-04 03:59:45,18.494,2.499,71.978,6.498,0,5420044,151772,164420,2277680,3875.818,605.815,0,1819.445,0,67.979,2370,2453,1.480,2.040,1.440,1,1,1.000,0,0,18,319,0,22,0
29-04 03:59:46,21.992,2.499,71.972,1.999,0,5339100,245696,164640,2264384,12180.345,713.727,0,1503.425,0,57.978,2257,1944,1.480,2.040,1.440,1,0,1.999,0,0,18,318,0,22,0
29-04 03:59:47,17.748,3.500,76.991,1.000,0,5371716,208400,164880,2268820,11736.574,2835.656,0,1339.837,0,18.998,2126,1782,1.480,2.040,1.440,2,0,32.996,0,0,18,318,0,22,0
29-04 03:59:48,20.304,3.008,75.452,0,0,5362988,215736,164972,2270120,8242.033,2045.468,0,4768.748,0,78.209,2242,1926,1.480,2.040,1.440,0,0,19.051,0,0,18,319,0,22,0
29-04 03:59:49,16.221,3.244,71.374,8.235,0,5354172,218804,165500,2275212,12020.738,2378.792,7.986,9982.343,1.996,79.859,6241,10651,1.610,2.060,1.450,1,0,5.989,0,0,18,318,0,22,0
29-04 03:59:50,22.768,5.755,68.555,0,0,5363416,208940,165580,2275668,10056.075,486.391,0,96.077,0,2.002,15238,28148,1.610,2.060,1.450,1,0,18.014,0,0,18,318,0,22,0
29-04 03:59:51,18.806,5.516,69.708,5.767,0,5338860,244592,165616,2264536,9487.342,583.744,0,2443.299,0,47.141,2557,2400,1.610,2.060,1.450,1,0,11.033,0,0,18,318,0,22,0
29-04 03:59:52,22.226,6.243,66.428,2.497,0,5370680,212800,165616,2264524,7102.307,539.416,0,2705.070,0,130.858,11046,19848,1.610,2.060,1.450,3,0,53.942,0,0,18,318,0,22,0
29-04 03:59:53,19.931,3.986,74.241,0.997,0,5375312,208152,165616,2264540,8906.976,1805.711,0,318.889,0,17.938,2565,2185,1.610,2.060,1.450,1,0,41.854,0,0,18,319,0,22,0
29-04 03:59:54,20.260,2.251,73.287,3.002,0,5375888,201856,165616,2270260,11156.629,1552.783,0,1200.606,0,17.009,2047,1610,1.560,2.040,1.450,1,0,3.002,0,0,18,318,0,22,0
29-04 03:59:55,17.005,2.501,75.524,4.001,0,5381248,191336,165616,2275368,15639.899,3536.108,32.010,2048.642,1.000,75.023,2363,2314,1.560,2.040,1.450,1,0,18.006,0,0,18,318,0,22,0
29-04 03:59:56,22.738,6.496,68.213,0.250,0,5372820,199208,165616,2275876,4643.485,633.657,0,555.699,0,12.993,14074,27045,1.560,2.040,1.450,1,0,17.990,0,0,18,318,0,22,0
29-04 03:59:57,20.998,6.250,70.745,0.250,0,5347912,235380,165628,2264612,8582.344,539.959,0,707.946,0,20.998,6569,10709,1.560,2.040,1.450,1,0,15.999,0,0,18,318,0,19,0
29-04 03:59:58,23.298,3.507,71.398,1.754,0,5332312,250956,165636,2264640,9369.401,583.208,0,849.760,0,21.044,2473,1890,1.560,2.040,1.450,2,0,29.060,0,0,18,318,0,19,0
29-04 03:59:59,20.957,5.738,72.352,0.249,0,5333756,241560,165656,2272572,8661.312,538.899,0,199.592,0,9.980,3009,2587,1.510,2.020,1.440,1,0,90.815,0,0,18,318,0,19,0
29-04 04:00:00,18.233,1.748,77.679,0.999,0,5339620,232772,165656,2275448,13331.898,2610.630,3.996,51.953,0.999,2.997,1998,1694,1.510,2.020,1.440,2,1,15.985,0,0,18,319,0,19,0
29-04 04:00:01,14.755,1.250,80.779,3.001,0,5347504,224708,165664,2275648,22150.931,11256.030,0,2276.815,0,51.018,1865,1726,1.510,2.020,1.440,1,0,0,0,0,18,319,0,17,0
29-04 04:00:02,7.740,1.498,87.384,1.997,0,5347192,224708,165676,2275944,49710.202,9348.626,0,1178.440,0,58.922,1762,2045,1.510,2.020,1.440,4,0,0,0,0,18,320,0,17,0
29-04 04:00:03,6.766,1.503,84.193,6.515,0,5355668,215952,165684,2276196,128097.208,8366.215,48.110,2349.396,7.016,280.645,2082,2339,1.510,2.020,1.440,2,0,2.005,0,0,18,320,0,17,0
29-04 04:00:04,13.806,2.510,72.294,11.547,0,5378152,193284,165696,2276360,19806.606,6892.048,4.016,6201.237,1.004,68.278,2060,2109,1.630,2.040,1.450,0,2,3.012,0,0,18,320,0,17,0
29-04 04:00:05,10.982,1.248,71.132,15.225,0,5377852,193284,165776,2276572,15290.594,8393.055,31.947,7148.123,0.998,101.831,2032,2370,1.630,2.040,1.450,2,0,2.995,0,0,18,321,0,13,0
29-04 04:00:06,12.961,1.495,81.006,2.243,0,5398456,172396,165832,2276804,71993.204,7827.429,0,1068.782,0,60.817,2417,2977,1.630,2.040,1.450,0,0,1.994,0,0,18,320,0,13,0
29-04 04:00:07,8.754,1.751,80.291,8.254,0,5397804,172396,166064,2277216,286191.243,16967.670,4.002,2329.190,1.001,105.054,2382,2585,1.630,2.040,1.450,0,0,0,0,0,18,320,0,13,0
29-04 04:00:08,10.002,1.750,82.764,5.001,0,5397264,172396,166276,2277528,84574.364,14443.453,28.005,2216.376,4.001,133.023,1870,1953,1.630,2.040,1.450,0,1,0,0,0,18,320,0,13,0
29-04 04:00:09,8.993,1.249,85.936,1.499,0,5402272,156324,166360,2288364,1227138.332,32202.155,99.926,1099.186,4.996,41.969,2676,2248,1.500,2.010,1.440,0,0,0.999,0,0,18,320,0,9,0
29-04 04:00:10,3.258,2.005,79.953,12.281,0,5405896,145012,166392,2296000,3888210.671,46823.034,0,6680.985,0,308.785,3644,2656,1.500,2.010,1.440,0,2,1.003,0,0,18,320,0,9,0
29-04 04:00:11,2.991,1.745,71.533,22.432,0,5406236,143276,166432,2297284,628321.435,8117.395,0,17471.042,0,231.299,1889,2051,1.500,2.010,1.440,0,1,1.994,0,0,18,320,0,9,0
29-04 04:00:12,5.252,3.501,80.034,8.504,0,5405660,129444,166436,2311756,7697825.337,73187.102,4.002,18852.012,1.000,165.070,4955,3608,1.500,2.010,1.440,0,1,1.000,0,0,18,320,0,9,0
29-04 04:00:13,5.751,3.001,79.270,10.003,0,5407724,141168,166528,2298652,4520025.243,41268.575,164.042,12891.303,4.001,69.018,3688,3335,1.500,2.010,1.440,0,1,1.000,0,0,18,320,0,7,0
29-04 04:00:14,17.259,2.001,74.290,5.753,0,5402468,138956,166940,2305500,201438.389,3680.962,0,1997.065,0,79.042,2215,1977,1.460,1.990,1.440,0,1,1.001,0,0,18,320,0,7,0
29-04 04:00:15,32.254,6.251,56.007,5.251,0,5426424,157136,170004,2259836,8808.081,540.066,556.068,3588.440,8.001,60.007,3007,2251,1.460,1.990,1.440,1,2,7.001,0,0,18,320,0,7,0
29-04 04:00:16,33.722,6.744,54.705,3.497,0,5460592,132936,170384,2249500,4673.158,539.556,511.579,2274.130,3.997,74.938,3465,2886,1.460,1.990,1.440,1,0,5.995,0,0,18,320,0,7,0
29-04 04:00:17,18.499,2.000,71.745,6.000,0,5482664,123628,170852,2236324,9715.340,539.963,0,2763.812,0,80.994,2300,2182,1.460,1.990,1.440,5,0,0,0,0,18,320,0,7,0
29-04 04:00:18,10.737,3.746,63.175,21.974,0,5449664,173932,171220,2219344,9228.057,539.360,7.991,38817.969,1.998,517.386,2516,2560,1.460,1.990,1.440,0,1,0,0,0,18,320,0,7,0
29-04 04:00:19,9.023,3.258,63.161,23.309,0,5434512,154396,171612,2252072,6384.274,487.242,0,20371.928,0,126.322,1764,1806,1.500,1.990,1.450,1,0,0,0,0,18,320,0,7,0
29-04 04:00:20,19.980,2.248,73.428,3.996,0,5414760,156152,172316,2267848,7869.310,539.473,0,2269.782,0,73.928,2307,2166,1.500,1.990,1.450,1,0,0,0,0,18,320,0,7,0
29-04 04:00:21,22.011,2.251,68.786,6.253,0,5409764,138468,173556,2287752,8987.694,540.282,0,1989.039,0,48.025,2298,2223,1.500,1.990,1.450,1,0,0,0,0,18,320,0,7,0
29-04 04:00:22,19.751,2.500,70.503,5.750,0,5408852,132944,174236,2292736,8479.382,486.022,64.003,1620.073,1.000,54.002,2400,2350,1.500,1.990,1.450,2,0,0,0,0,18,320,0,3,0
29-04 04:00:23,18.477,2.497,71.162,6.742,0,5406592,119488,175056,2306768,6089.505,539.336,0,2464.966,0,91.887,2491,2597,1.500,1.990,1.450,1,0,0,0,0,18,320,0,3,0
29-04 04:00:24,18.506,2.001,76.777,2.001,0,5293548,265692,175164,2273180,10211.572,3082.078,0,960.336,0,33.012,2038,1901,1.460,1.970,1.440,1,0,2.001,0,0,18,318,0,3,0
29-04 04:00:25,19.251,3.750,75.505,0.750,0,5350848,207520,175164,2274052,15020.968,2716.175,0,920.059,0,43.003,2436,2222,1.460,1.970,1.440,1,0,34.002,0,0,18,319,0,3,0
29-04 04:00:26,23.281,3.505,65.586,7.009,0,5346660,206320,175244,2279060,5688.468,660.868,144.189,1746.292,7.009,40.053,2731,2788,1.460,1.970,1.440,4,0,10.013,0,0,18,318,0,2,0
29-04 04:00:27,18.484,3.247,76.185,0.500,0,5340048,206476,175752,2284148,11172.531,3651.905,0,1139.035,0,25.978,7059,12338,1.460,1.970,1.440,3,0,15.986,0,0,18,318,0,2,0
29-04 04:00:28,19.493,4.998,68.225,5.998,0,5342980,202988,175800,2284608,9456.556,527.808,0,2255.179,0,10.996,5760,8960,1.460,1.970,1.440,1,0,8.997,0,0,18,318,0,2,0
29-04 04:00:29,20.498,8.249,69.742,0.250,0,5345116,200608,175848,2284772,6766.218,539.938,0,6687.227,0,70.992,11245,19879,1.510,1.970,1.450,1,0,18.998,0,0,18,318,0,2,0
29-04 04:00:30,19.210,4.740,70.852,3.493,0,5312524,245548,175852,2273444,8032.187,484.985,3.992,3061.591,0.998,39.916,2177,1761,1.510,1.970,1.450,1,0,5.987,0,0,18,318,0,1,0
29-04 04:00:31,15.787,2.757,71.168,9.272,0,5345048,209008,175968,2277332,8828.896,541.281,1940.593,1451.435,282.669,8.019,2306,2308,1.510,1.970,1.450,1,0,0,0,0,18,318,0,1,0
29-04 04:00:32,20.035,3.757,69.122,6.261,0,5353964,198452,175972,2278904,4630.179,486.860,805.423,2368.183,55.097,117.207,4572,6270,1.510,1.970,1.450,2,1,0,0,0,18,319,0,5,0
29-04 04:00:33,15.227,3.744,62.907,17.224,0,5352588,198960,175972,2279772,10963.708,539.199,798.813,3390.961,45.932,284.577,5352,8293,1.510,1.970,1.450,0,1,0.999,0,0,18,321,0,7,0
29-04 04:00:34,11.293,8.532,64.746,13.802,0,5292944,258352,175972,2280024,6738.612,487.854,160.610,4705.886,3.011,528.007,5061,6208,1.630,1.990,1.460,1,0,190.725,0,0,18,320,0,7,0
29-04 04:00:35,10.952,12.446,63.971,11.699,0,5305272,245028,175972,2281020,5646.377,537.655,947.866,2664.381,15.931,34.848,4553,3924,1.630,1.990,1.460,0,1,248.915,0,0,18,320,0,9,0
29-04 04:00:36,7.248,3.749,66.486,20.496,0,5289780,230464,175972,2311064,8195.278,485.898,30205.654,2727.427,1674.648,134.972,4028,5891,1.630,1.990,1.460,1,0,9.998,0,0,18,320,0,9,0
29-04 04:00:37,7.528,4.266,76.037,11.795,0,5300716,207172,175980,2323568,8359.574,1560.895,12234.208,1180.459,1808.832,23.087,3993,5882,1.630,1.990,1.460,1,0,20.076,0,0,18,321,0,9,0
29-04 04:00:38,5.231,2.242,90.675,0,0,5284788,223096,175980,2323400,15061.017,1979.903,0,23.914,0,5.979,1954,14808,1.630,1.990,1.460,2,0,21.921,0,0,18,321,0,9,0
29-04 04:00:39,2.001,0.750,95.551,1.501,0,5284524,223096,175980,2323664,92102.134,2495.331,224.120,428.228,3.002,42.022,1143,1413,1.500,1.960,1.450,0,0,2.001,0,0,18,321,0,9,0
29-04 04:00:40,6.248,2.499,87.226,2.249,0,5282588,223952,175992,2324732,41572.421,124997.186,435.879,1067.703,22.994,15.996,1645,1663,1.500,1.960,1.450,0,0,12.996,0,0,18,320,0,9,0
29-04 04:00:41,1.000,0.750,97.761,0,0,5282812,223728,175992,2324732,8667.966,110.012,0,8.001,0,1.000,913,1256,1.500,1.960,1.450,0,0,0,0,0,18,320,0,9,0
29-04 04:00:42,9.760,3.754,84.589,1.251,0,5281236,225276,176016,2324736,344278.578,11079.604,4.004,268.281,1.001,3.003,2571,2134,1.500,1.960,1.450,3,0,25.026,0,0,18,320,0,9,0
29-04 04:00:43,11.239,3.746,82.173,1.998,0,5290860,215508,176020,2324872,232355.544,10422.201,123.884,759.286,5.994,54.948,3292,3355,1.500,1.960,1.450,0,0,18.982,0,0,18,320,0,9,0
29-04 04:00:44,14.507,7.254,73.788,3.502,0,5290076,210856,176072,2330188,151145.908,3873.997,416.215,372.192,51.026,32.017,3439,2968,1.540,1.960,1.450,0,1,42.022,0,0,18,320,0,9,0
