"pcp-dstat 6.2.0 CSV Output"
"Author:","PCP team <pcp@groups.io> and Dag Wieers <dag@wieers.com>",,,,"URL:","https://pcp.io/ and http://dag.wieers.com/home-made/dstat/"
"Host:","ubuntu",,,,"User:","ubuntu"
"Cmdline:","dstat -tcmndrylpg --tcp --output /tmp/devstack_logs/dstat-csv.log",,,,"Date:","25 Apr 2026 20:53:13 UTC"
"system","total usage",,,,,"memory usage",,,,"net/total",,"dsk/total",,"io/total",,"system",,"load avg",,,"procs",,,"paging",,"tcp sockets",,,,
"time","total usage:usr","total usage:sys","total usage:idl","total usage:wai","total usage:stl","used","free","buf","cach","net/total:recv","net/total:send","dsk/total:read","dsk/total:writ","read","writ","int","csw","1m","5m","15m","run","blk","new","in","out","lis","act","syn","tim","clo"
25-04 20:53:13,,982156,1686824,160620,4995216,,,,,,,1.310,1.030,0.630,1,0,,,,10,4,0,18,0
25-04 20:53:14,21.485,20.986,56.212,0.999,0,996792,1671544,160740,4995592,22639.562,7942.584,0,1075.267,0,38.973,6675,5858,1.310,1.030,0.630,2,0,555.621,0,0,10,5,0,17,0
25-04 20:53:15,18.234,18.484,59.198,2.498,0,994504,1673480,160876,4995748,35802.578,8953.142,0,2593.724,0,50.955,6262,5999,1.310,1.030,0.630,2,0,382.664,0,0,10,6,0,17,0
25-04 20:53:16,21.209,13.724,62.381,1.248,0,1128224,1538948,160972,5121076,20538.770,7282.091,0,1042.010,0,28.945,6777,8404,1.290,1.030,0.630,1,0,192.632,0,0,11,6,0,17,0
25-04 20:53:17,29.822,9.022,56.888,3.509,0,1160908,1505692,161084,5121452,22762.167,9986.203,0,1371.324,0,45.109,3764,2696,1.290,1.030,0.630,2,0,121.294,0,0,11,7,0,17,1
25-04 20:53:18,28.011,9.003,58.022,3.751,0,1225132,1438544,161276,5123820,41982.960,10205.880,1736.660,2580.981,119.045,71.027,4151,3574,1.290,1.030,0.630,3,0,159.060,0,0,11,7,0,19,1
25-04 20:53:19,30.423,3.741,55.610,9.227,0,1272192,1381648,161588,5132508,141907.439,11545.908,243.387,4995.413,6.982,223.437,2539,1743,1.290,1.030,0.630,1,2,0,0,0,11,6,0,19,2
25-04 20:53:20,25.060,3.508,47.364,23.056,0,1282752,1356264,162004,5145820,60477.944,1563.774,16.039,9150.081,1.002,389.941,5000,6913,1.290,1.030,0.630,1,2,2.005,0,0,11,8,0,19,2
25-04 20:53:21,7.234,1.995,46.395,42.155,0,1291560,1339744,162644,5151796,38037.051,484.904,0,14702.778,0,575.699,3348,4013,1.740,1.130,0.670,1,1,2.993,0,0,11,8,0,19,2
25-04 20:53:22,19.249,3.750,44.248,30.999,0,1295740,1322676,163184,5163020,7704.679,579.976,0,8475.647,0,447.981,5033,7622,1.740,1.130,0.670,1,1,7.000,0,0,11,8,0,19,2
25-04 20:53:23,22.494,3.749,43.239,28.243,0,1295944,1309444,163616,5174020,12026.971,485.878,0,9001.733,0,517.870,5502,8095,1.740,1.130,0.670,1,4,0,0,0,11,8,0,19,2
25-04 20:53:24,19.025,4.255,41.804,32.542,0,1309576,1274752,164392,5192668,9154.793,486.627,0,12015.478,0,673.868,5565,8598,1.740,1.130,0.670,0,3,9.012,0,0,11,8,0,19,2
25-04 20:53:25,15.735,3.996,41.461,36.716,0,1302244,1272860,165104,5199848,7593.910,485.547,0,12967.893,0,683.362,5372,8577,1.740,1.130,0.670,3,1,8.992,0,0,11,8,0,19,2
25-04 20:53:26,17.744,3.749,42.485,34.738,0,1296416,1262876,165728,5213636,9819.544,485.829,0,13799.143,0,753.735,5486,8595,1.930,1.180,0.680,1,1,11.996,0,0,11,8,0,19,2
25-04 20:53:27,18.998,3.500,40.245,34.746,0,1299928,1241820,166296,5229016,6272.275,485.944,0,8579.008,0,497.942,4999,7583,1.930,1.180,0.680,0,3,5.999,0,0,11,8,0,19,2
25-04 20:53:28,14.741,3.498,48.220,31.731,0.250,1297548,1237604,166828,5234056,14189.292,2557.431,0,9666.068,0,608.627,4934,7884,1.930,1.180,0.680,1,1,8.994,0,0,11,9,0,19,2
25-04 20:53:29,21.024,4.755,44.051,27.532,0,1259412,1292040,167016,5217940,8550.816,1207.386,0,8321.552,0,532.611,5008,7549,1.930,1.180,0.680,2,2,19.022,0,0,11,6,0,19,0
25-04 20:53:30,17.286,4.008,45.344,30.814,0,1289380,1256028,167236,5223208,10797.483,2841.918,0,10666.210,0,628.308,4925,7993,1.930,1.180,0.680,2,1,19.040,0,0,11,6,0,19,0
25-04 20:53:31,24.965,5.492,43.689,24.216,0,1285260,1258280,167444,5224652,9086.241,1559.810,0,10153.742,0,648.090,5294,8271,2.090,1.230,0.700,0,3,33.952,0,0,11,7,0,19,0
25-04 20:53:32,6.994,1.998,44.958,44.459,0,1283964,1258284,167468,5225840,16291.942,2348.829,0,12408.532,0,226.790,2338,3605,2.090,1.230,0.700,0,8,6.994,0,0,11,7,0,19,0
25-04 20:53:33,20.564,5.016,32.351,39.372,0,1301204,1235236,167988,5229976,3796.795,662.057,0,12346.356,0,608.892,10389,18910,2.090,1.230,0.700,3,0,21.065,0,0,11,4,0,19,0
25-04 20:53:34,39.492,11.748,39.992,6.499,0,1237272,1298424,168076,5230452,8504.341,485.905,0,4075.205,0,202.960,14710,36742,2.090,1.230,0.700,2,0,114.978,0,0,11,4,0,17,0
25-04 20:53:35,41.255,7.501,49.006,1.750,0,1228488,1319760,168120,5219264,6575.762,486.056,0,1324.153,0,67.008,3129,1974,2.090,1.230,0.700,2,0,15.002,0,0,11,4,0,17,0
25-04 20:53:36,44.951,6.493,39.706,8.740,0,1211016,1337148,168160,5219308,10004.005,485.466,0,4606.937,0,238.738,3532,2600,2.080,1.240,0.710,2,1,34.962,0,0,11,4,0,17,0
25-04 20:53:37,23.954,4.242,65.374,5.489,0,1226616,1321544,168180,5219296,6225.982,526.983,0,2467.237,0,155.699,2463,2324,2.080,1.240,0.710,1,0,49.904,0,0,11,4,0,17,0
25-04 20:53:38,10.030,17.804,70.463,0,0,1182532,1365580,168184,5219340,7177.704,487.474,0,9905.954,0,76.231,5360,4220,2.080,1.240,0.710,1,0,340.028,0,0,11,4,0,17,0
25-04 20:53:39,9.244,20.736,68.954,0.250,0,1134584,1413364,168184,5219676,9885.409,485.676,0,11088.607,0,108.927,6009,4771,2.080,1.240,0.710,1,1,384.743,0,0,11,4,0,13,0
25-04 20:53:40,28.438,15.466,51.887,3.742,0,1173520,1366944,168184,5227432,10042.200,484.947,7431.867,1788.118,74.838,148.677,6681,8419,2.080,1.240,0.710,2,0,249.458,0,0,11,5,0,13,0
25-04 20:53:41,45.995,4.500,46.245,2.250,0,1242652,1297704,168192,5227544,8791.131,539.947,19.998,367.964,4.000,19.998,3072,1963,2.080,1.250,0.720,2,0,0,0,0,11,5,0,13,0
25-04 20:53:42,43.257,6.501,46.008,2.750,0,1268480,1270948,168192,5228472,6613.083,486.080,492.081,3264.535,5.001,90.015,2899,1706,2.080,1.250,0.720,2,0,1.000,0,0,11,5,0,13,0
25-04 20:53:43,24.735,7.745,65.711,1.749,0,1288508,1248416,168192,5230924,9029.700,485.715,0,1411.172,0,104.938,4033,4760,2.080,1.250,0.720,0,0,117.931,0,0,11,4,0,13,0
25-04 20:53:44,9.236,3.245,85.621,0,0,1314784,1222136,168192,5230924,8036.896,485.269,0,6665.961,0,47.928,1655,1637,2.080,1.250,0.720,3,0,23.964,0,0,11,4,0,13,0
25-04 20:53:45,22.546,4.259,72.649,0,0,1371244,1165676,168192,5230924,3315.789,486.997,0,12597.794,0,176.361,2280,1813,2.080,1.250,0.720,1,0,0,0,0,11,4,0,13,0
25-04 20:53:46,22.542,2.004,72.135,2.755,0,1386736,1149968,168196,5231136,3449.455,486.911,0,1482.775,0,69.129,2173,2210,1.990,1.250,0.720,1,0,1.002,0,0,11,10,0,13,0
25-04 20:53:47,18.209,5.238,62.857,11.973,0,1314744,1221852,168272,5231168,9307.896,484.901,0,3675.666,0,331.249,4070,5453,1.990,1.250,0.720,1,0,41.905,0,0,11,4,0,13,0
25-04 20:53:48,20.754,1.750,75.513,1.500,0,1367960,1167748,168536,5231704,8278.436,2452.425,612.106,376.065,18.003,3.001,1698,1156,1.990,1.250,0.720,0,0,0,0,0,11,5,0,13,0
25-04 20:53:49,16.751,2.250,73.006,6.500,0,1367636,1167740,168584,5231936,13135.990,3249.245,268.020,1900.143,66.005,97.007,2708,3149,1.990,1.250,0.720,1,0,2.000,0,0,11,27,0,13,0
25-04 20:53:50,19.290,5.261,75.407,0,0,1359548,1175804,168584,5231960,8500.722,4258.879,0,4950.320,0,83.173,2677,2118,1.990,1.250,0.720,1,0,44.092,0,0,11,28,0,14,0
25-04 20:53:51,19.006,2.001,78.025,0,0,1367604,1167740,168584,5231964,13131.267,4567.484,0,3305.074,0,38.012,1901,1411,1.910,1.240,0.720,1,0,0,0,0,11,29,0,14,0
25-04 20:53:52,25.264,10.006,64.036,0,0,1410004,1125312,168584,5231992,11626.585,3326.884,0,12.007,0,3.002,3665,2864,1.910,1.240,0.720,2,0,157.089,0,0,11,28,0,15,0
25-04 20:53:53,35.413,3.741,59.105,0,0,1486556,1048752,168584,5232000,12729.680,8393.349,0,0,0,0,2815,2152,1.910,1.240,0.720,2,0,0,0,0,11,30,0,15,0
25-04 20:53:54,31.574,5.012,61.142,1.754,0,1338084,1197016,168592,5232200,14633.095,11331.402,0,1226.859,0,59.138,5515,7403,1.910,1.240,0.720,2,0,42.098,0,0,11,28,0,16,0
25-04 20:53:55,70.003,24.251,5.250,0,0,1572416,962636,168596,5232244,11674.504,486.021,0,1360.059,0,140.006,5906,4783,1.910,1.240,0.720,6,0,536.023,0,0,11,28,0,16,0
25-04 20:53:56,87.043,9.228,0.748,2.993,0,1765608,769404,168600,5232276,25652.861,19921.520,0,12801.490,0,431.970,6194,5198,2.160,1.310,0.740,4,0,0,0,0,11,33,0,16,0
25-04 20:53:57,60.391,9.773,18.293,11.026,0,1750248,784504,168616,5232512,36112.395,25489.569,0,22215.919,0,245.574,8960,12782,2.160,1.310,0.740,2,6,113.265,0,0,11,29,0,21,0
25-04 20:53:58,18.993,10.246,34.738,34.988,0,1571692,963028,168628,5232532,7372.438,1999.305,0,19185.334,0,210.927,4458,4453,2.160,1.310,0.740,1,1,196.932,0,0,11,28,0,22,0
25-04 20:53:59,18.489,3.248,44.723,32.480,0,1548084,986676,168652,5232540,10540.555,2835.266,0,25680.297,0,218.866,2212,1973,2.160,1.310,0.740,2,2,0,0,0,11,29,0,22,0
25-04 20:54:00,14.995,3.749,76.472,3.749,0,1445796,1088888,168656,5232680,12475.495,5139.144,0,14798.656,0,158.943,3140,3788,2.160,1.310,0.740,1,0,12.995,0,0,11,28,0,23,0
25-04 20:54:01,20.459,5.489,72.606,0.499,0,1461000,1073668,168668,5232684,5653.798,485.039,0,351.304,0,16.966,2332,1813,2.070,1.300,0.750,1,0,54.891,0,0,11,28,0,23,0
25-04 20:54:02,13.502,2.250,79.262,4.251,0,1455012,1079592,168672,5232736,17632.610,6660.986,0,364.054,0,17.003,2638,3186,2.070,1.300,0.750,1,1,1.000,0,0,11,29,0,23,0
25-04 20:54:03,10.033,18.310,65.464,4.766,0,1421920,1112636,168708,5232748,9283.331,1413.619,0,2283.461,0,125.410,5865,5274,2.070,1.300,0.750,2,0,500.636,0,0,11,28,0,22,0
25-04 20:54:04,64.996,25.498,9.499,0.250,0,1558740,975768,168712,5232792,4502.721,485.970,0,195.988,0,19.999,5828,4563,2.070,1.300,0.750,6,0,538.967,0,0,11,28,0,22,0
25-04 20:54:05,79.496,8.000,12.499,0,0,1701544,832924,168712,5232832,32929.510,25677.838,0,147.993,0,10.000,5523,5528,2.070,1.300,0.750,3,0,0,0,0,11,33,0,22,0
25-04 20:54:06,70.759,11.251,15.502,0.750,0,1596984,937232,168728,5233068,34612.214,24866.028,0,512.062,0,65.008,9736,14781,2.140,1.330,0.760,7,0,150.018,0,0,11,28,0,23,0
25-04 20:54:07,84.249,15.250,0.750,0,0,1657656,876536,168736,5233084,14093.885,6229.949,0,267.998,0,18.000,5382,3694,2.140,1.330,0.760,4,0,159.999,0,0,11,30,0,20,0
25-04 20:54:08,81.208,8.496,9.745,0,0,1775904,758088,168744,5233224,42510.179,35540.757,0,211.891,0,10.994,8236,11353,2.140,1.330,0.760,5,0,5.997,0,0,11,33,0,21,0
25-04 20:54:09,56.881,13.472,27.941,0.499,0,1555064,978548,168768,5233580,28452.341,22385.063,0,475.004,0,39.916,9126,12724,2.140,1.330,0.760,2,0,297.376,0,0,11,28,0,25,0
25-04 20:54:10,38.714,5.745,54.699,0.250,0,1563984,969612,168776,5233588,12254.584,4467.838,0,303.717,0,11.989,2795,1571,2.140,1.330,0.760,0,0,0,0,0,11,30,0,25,0
25-04 20:54:11,32.096,7.021,60.181,0.251,0,1550644,982788,168776,5233752,21953.977,14891.753,0,2555.680,0,104.313,6054,7597,2.050,1.320,0.760,4,0,124.374,0,0,11,28,0,24,0
25-04 20:54:12,62.118,15.218,21.704,0.249,0,1568084,965304,168784,5233788,4936.478,726.452,0,1053.754,0,50.892,4355,3013,2.050,1.320,0.760,2,0,254.458,0,0,11,28,1,24,0
25-04 20:54:13,42.548,4.255,51.307,0.250,0,1584200,949112,168788,5233860,34028.030,26669.806,0,284.318,0,27.030,7269,9589,2.050,1.320,0.760,2,0,0,0,0,11,30,0,24,1
25-04 20:54:14,73.862,17.276,9.014,0.250,0,1528656,1004616,168800,5233888,10190.470,2303.497,0,652.991,0,49.074,5671,4560,2.050,1.320,0.760,4,0,258.392,0,0,11,28,0,25,0
25-04 20:54:15,63.452,6.495,29.228,0,0,1610580,922528,168800,5234052,31219.546,23722.178,0,175.868,0,8.993,5591,6140,2.050,1.320,0.760,2,0,0,0,0,11,32,0,25,0
25-04 20:54:16,59.050,15.697,24.168,0,0,1531944,1001052,168812,5234152,25166.931,17582.568,0,350.814,0,38.869,7728,10954,2.200,1.370,0.780,3,0,322.909,0,0,11,28,0,28,0
25-04 20:54:17,53.113,6.263,39.835,0.251,0,1592832,940152,168812,5234164,16853.971,12308.269,0,260.556,0,16.034,4044,2890,2.200,1.370,0.780,3,0,0,0,0,11,31,0,28,0
25-04 20:54:18,52.329,13.020,33.551,0.501,0,1499000,1033776,168816,5234368,27212.999,17687.648,0,504.760,0,36.054,7121,10231,2.200,1.370,0.780,6,0,282.426,0,0,11,28,0,30,0
25-04 20:54:19,56.848,7.480,34.906,0.249,0,1598600,934168,168816,5234376,13655.400,6855.625,0,263.294,0,13.963,3513,1608,2.200,1.370,0.780,0,0,16.955,0,0,11,31,0,30,0
25-04 20:54:20,46.384,9.277,42.373,0.251,0,1486888,1045600,168820,5234652,32708.758,21988.702,0,312.906,0,27.078,7613,10312,2.200,1.370,0.780,5,0,157.456,0,0,11,28,0,31,0
25-04 20:54:21,67.485,12.747,20.246,0,0,1562588,969864,168824,5234684,7057.477,793.829,0,755.837,0,14.997,4210,2182,2.270,1.390,0.790,3,0,129.972,0,0,11,29,0,31,0
25-04 20:54:22,40.967,4.496,52.458,0.749,0.250,1569276,962844,168828,5235012,36295.814,25784.267,0,475.618,0,37.969,7285,9671,2.270,1.390,0.790,3,0,0.999,0,0,11,28,0,33,0
25-04 20:54:23,63.583,11.765,24.031,1.001,0,1570244,961860,168836,5235020,9625.547,486.634,0,1233.608,0,80.104,4454,2806,2.270,1.390,0.790,4,0,112.146,0,0,11,28,0,33,0
25-04 20:54:24,44.490,4.249,49.989,0.250,0,1588228,943836,168836,5235060,26134.135,20857.320,0,103.977,0,9.998,5493,6612,2.270,1.390,0.790,2,0,0,0,0,11,31,0,33,0
25-04 20:54:25,64.756,22.752,11.501,0.500,0,1541836,990132,168852,5235140,11133.992,5707.509,0,836.075,0,75.007,6636,7334,2.270,1.390,0.790,6,0,538.048,0,0,11,28,0,35,0
25-04 20:54:26,80.837,18.213,0.748,0,0,1694720,837212,168852,5235176,11625.491,4761.371,0,2415.116,0,105.786,5605,4529,2.650,1.490,0.820,6,0,413.164,0,0,11,30,0,35,0
25-04 20:54:27,79.311,17.514,2.752,0.250,0,1778372,753320,168860,5235424,45466.211,35184.248,0,356.276,0,27.021,7520,9536,2.650,1.490,0.820,7,0,446.346,0,0,11,32,0,35,0
25-04 20:54:28,77.354,20.277,2.003,0,0,1664896,866548,168864,5235668,34497.530,25130.897,0,628.848,0,50.068,7742,9202,2.650,1.490,0.820,5,0,426.575,0,0,11,28,0,36,0
25-04 20:54:29,78.252,10.250,12.000,0,0,1677100,854324,168864,5235688,19059.385,12425.251,0,116.002,0,8.000,5079,3491,2.650,1.490,0.820,3,0,30.001,0,0,11,32,0,36,0
25-04 20:54:30,72.141,7.489,19.221,0,0,1660388,870816,168864,5235908,48319.046,36385.064,0,1122.305,0,8.986,9334,13880,2.650,1.490,0.820,5,0,24.962,0,0,11,30,0,39,0
25-04 20:54:31,26.538,21.281,50.823,0.250,0,1503856,1027288,168864,5235968,18600.847,9076.100,0,969.399,0,45.065,7040,8205,2.520,1.480,0.820,2,0,667.964,0,0,11,28,0,41,0
25-04 20:54:32,52.002,31.001,16.001,0,0,1508876,1022272,168864,5236020,5125.204,528.021,0,244.010,0,23.001,6338,6158,2.520,1.480,0.820,4,0,911.036,0,0,11,28,0,41,0
25-04 20:54:33,67.119,6.487,25.949,0,0,1626008,905104,168864,5236056,26485.451,19729.600,0,0,0,0,4678,4620,2.520,1.480,0.820,2,0,0,0,0,11,32,0,41,0
25-04 20:54:34,64.627,15.781,18.536,0.501,0,1531488,999400,168892,5236252,22300.749,14177.814,0,513.006,0,56.110,7996,24118,2.520,1.480,0.820,4,0,258.507,0,0,11,28,0,46,0
25-04 20:54:35,75.041,10.221,14.709,0,0,1627400,903472,168892,5236268,14155.531,10868.695,0,187.477,0,7.978,4885,3224,2.520,1.480,0.820,3,0,45.872,0,0,11,31,0,46,0
25-04 20:54:36,53.627,5.764,39.343,0,0,1632192,898440,168892,5236508,46318.851,35831.980,0,216.513,0,9.021,9988,16353,2.390,1.470,0.820,2,0,0,0,0,11,32,0,45,0
25-04 20:54:37,60.771,9.253,28.510,0.750,0,1514200,1016168,168916,5236744,36740.915,27781.766,0,508.179,0,53.019,11044,16735,2.390,1.470,0.820,5,0,90.032,0,0,11,29,0,45,0
25-04 20:54:38,78.752,10.750,9.750,0,0,1605056,925284,168920,5236732,15097.413,7135.195,0,200.005,0,17.000,5052,2873,2.390,1.470,0.820,2,0,32.001,0,0,11,30,1,45,0
25-04 20:54:39,55.491,5.999,37.994,0,0,1626972,903120,168924,5236968,43925.662,35928.998,0,155.974,0,7.999,8695,13960,2.390,1.470,0.820,2,0,1.000,0,0,11,32,0,45,0
25-04 20:54:40,59.760,10.252,30.255,0,0,1616324,913516,168924,5237220,41363.861,35325.860,0,140.023,0,9.001,11962,17834,2.390,1.470,0.820,4,0,142.024,0,0,11,28,0,48,1
25-04 20:54:41,77.966,12.994,7.747,0.250,0,1583096,946728,168924,5237232,17063.649,6425.232,0,715.692,0,10.995,4878,2674,2.520,1.510,0.840,3,0,117.949,0,0,11,30,0,49,0
25-04 20:54:42,57.683,6.243,35.209,0.749,0,1607024,922576,168924,5237456,41970.037,32748.795,0,3284.169,0,145.830,7728,13139,2.520,1.510,0.840,3,0,0.999,0,0,11,31,0,50,0
25-04 20:54:43,72.861,12.769,13.270,0.250,0,1524408,1005120,168936,5237516,20562.351,14469.061,0,380.580,0,35.053,8071,9919,2.520,1.510,0.840,4,0,128.195,0,0,11,28,0,51,0
25-04 20:54:44,69.248,8.500,22.249,0,0,1615728,913612,168952,5237684,22977.297,16575.493,0,331.990,0,33.999,5287,4476,2.520,1.510,0.840,2,0,0,0,0,11,31,0,52,0
25-04 20:54:45,65.005,11.751,21.001,1.750,0,1624584,904664,168984,5237740,27531.932,18156.274,0,2000.140,0,118.008,7184,10259,2.520,1.510,0.840,4,0,120.008,0,0,11,30,0,53,0
25-04 20:54:46,63.843,8.978,26.934,0,0,1579780,949252,168984,5237952,37147.864,27596.297,0,231.432,0,11.971,6570,9989,2.480,1.520,0.850,5,0,88.782,0,0,11,30,0,55,0
25-04 20:54:47,71.334,13.516,14.517,0,0,1554188,974780,168996,5238004,22187.992,14691.210,0,160.188,0,13.015,6685,7662,2.480,1.520,0.850,3,0,138.162,0,0,11,29,0,57,0
25-04 20:54:48,68.467,8.496,22.489,0,0,1687124,841668,168996,5238176,24591.069,17987.273,0,87.957,0,5.997,5745,6076,2.480,1.520,0.850,4,0,33.984,0,0,11,31,0,56,0
25-04 20:54:49,67.489,8.749,23.246,0.500,0,1668588,860136,169008,5238232,28001.352,19104.829,0,323.946,0,38.994,6126,8026,2.480,1.520,0.850,5,0,42.993,0,0,11,31,0,59,0
25-04 20:54:50,55.310,11.262,30.283,1.752,0,1569292,959260,169016,5238392,17249.584,9561.301,0,332.358,0,27.029,4561,4540,2.480,1.520,0.850,3,0,191.206,0,0,11,33,0,60,0
25-04 20:54:51,55.276,8.754,36.017,0.250,0,1588316,940164,169024,5238452,19544.284,10582.027,0,564.268,0,27.013,4996,4615,2.520,1.550,0.860,2,0,60.029,0,0,11,34,0,61,0
25-04 20:54:52,49.724,7.996,40.479,0.500,0,1583176,945264,169024,5238492,26757.006,17055.080,0,143.925,0,9.995,5662,6615,2.520,1.550,0.860,5,0,96.949,0,0,11,34,0,60,0
25-04 20:54:53,55.873,10.476,33.424,0,0,1593832,934440,169024,5238652,20455.334,11179.495,0,187.572,0,7.982,4993,4898,2.520,1.550,0.860,2,0,85.804,0,0,11,33,0,62,0
25-04 20:54:54,45.228,7.996,45.728,0.250,0,1554948,973120,169028,5238848,26622.174,15170.691,0,219.894,0,24.988,5203,5861,2.520,1.550,0.860,2,0,85.959,0,0,11,34,0,63,0
25-04 20:54:55,29.569,6.766,61.644,1.253,0,1498264,1029736,169040,5238900,19036.439,12523.235,0,424.992,0,38.089,5917,7970,2.520,1.550,0.860,3,0,72.168,0,0,11,32,0,65,0
25-04 20:54:56,38.696,6.990,52.926,0,0,1524148,1003848,169040,5238904,8649.841,2886.942,0,167.764,0,10.985,3131,1951,2.480,1.550,0.870,3,0,62.912,0,0,11,33,0,64,0
25-04 20:54:57,32.974,4.996,59.453,2.248,0,1462780,1065140,169044,5238976,23884.922,14756.214,0,1786.573,0,105.915,5672,6978,2.480,1.550,0.870,2,1,33.973,0,0,11,33,0,65,0
25-04 20:54:58,38.514,8.753,51.519,0.500,0,1441180,1086600,169044,5239116,10227.702,3339.209,0,1640.594,0,95.034,3535,2218,2.480,1.550,0.870,2,0,104.038,0,0,11,33,0,66,0
25-04 20:54:59,33.583,5.764,60.149,0.501,0,1461956,1065772,169060,5239148,19304.850,11665.916,0,360.895,0,34.084,4539,4795,2.480,1.550,0.870,1,0,60.149,0,0,11,33,0,67,0
25-04 20:55:00,36.419,5.488,57.124,0.499,0,1492152,1035544,169080,5239160,12798.699,6421.800,0,850.120,0,57.872,3765,3799,2.480,1.550,0.870,2,0,4.989,0,0,11,33,0,61,0
25-04 20:55:01,35.493,4.249,58.988,0.500,0,1510520,1017136,169080,5239196,20452.756,14611.968,0,115.976,0,8.998,4653,5348,2.440,1.560,0.870,1,0,2.999,0,0,11,34,0,61,0
25-04 20:55:02,37.806,6.510,54.831,0,0,1473152,1054432,169084,5239260,14657.649,6514.622,0,272.402,0,21.031,4424,4595,2.440,1.560,0.870,2,0,44.065,0,0,11,32,0,63,0
25-04 20:55:03,36.777,5.254,57.042,0,0,1542740,984832,169084,5239272,12915.510,9013.637,0,148.109,0,10.007,3294,3108,2.440,1.560,0.870,1,0,5.004,0,0,11,34,0,63,0
25-04 20:55:04,25.227,10.740,63.691,0.250,0,1519920,1007392,169100,5239512,17455.847,13402.598,0,259.760,0,20.981,5961,7492,2.440,1.560,0.870,2,0,276.744,0,0,11,33,0,64,0
25-04 20:55:05,20.972,3.495,72.903,1.498,0,1501660,1025644,169104,5239512,10318.229,1449.066,0,223.701,0,14.980,2063,1774,2.440,1.560,0.870,2,0,4.993,0,0,11,32,0,64,0
25-04 20:55:06,15.994,1.999,80.470,0.250,0,1490300,1036984,169108,5239528,15243.332,8615.796,0,143.946,0,8.997,2553,2899,2.250,1.540,0.870,1,0,0,0,0,11,33,0,64,0
25-04 20:55:07,12.500,11.250,73.502,1.750,0,1459596,1067684,169108,5239548,12441.283,3050.069,0,656.015,0,78.002,4853,4622,2.250,1.540,0.870,1,0,284.006,0,0,11,32,0,65,0
25-04 20:55:08,21.526,3.754,73.838,0.250,0,1484212,1043060,169112,5239552,10247.197,2002.383,0,152.181,0,8.010,1930,1347,2.250,1.540,0.870,0,0,6.007,0,0,11,33,0,65,0
25-04 20:55:09,15.730,2.497,80.649,0,0,1476284,1050956,169120,5239576,19048.073,9725.783,0,111.859,0,6.991,3416,4241,2.250,1.540,0.870,1,0,0,0,0,11,32,0,63,0
25-04 20:55:10,20.761,5.253,73.288,0.500,0,1442476,1084756,169124,5239580,8386.322,486.251,0,340.175,0,24.012,2337,1763,2.250,1.540,0.870,1,0,46.024,0,0,11,32,0,63,0
25-04 20:55:11,16.495,1.999,80.474,0,0,1449524,1077684,169132,5239596,13930.444,8160.331,0,87.971,0,9.997,2593,2935,2.070,1.510,0.860,1,0,0,0,0,11,33,0,63,0
25-04 20:55:12,15.296,7.523,75.728,0.251,0,1403740,1123208,169148,5239836,15234.861,6913.812,0,1143.442,0,23.069,5149,6113,2.070,1.510,0.860,1,0,138.417,0,0,11,32,0,63,0
25-04 20:55:13,21.980,18.733,58.447,0.250,0,1423812,1102948,169156,5240028,5991.550,485.558,35.967,447.593,0.999,29.973,5877,5064,2.070,1.510,0.860,2,0,488.556,0,0,11,32,0,60,0
25-04 20:55:14,43.111,5.482,47.347,2.741,0,1532368,992116,169276,5241848,6247.842,538.263,434.598,1706.494,16.945,35.884,3135,2042,2.070,1.510,0.860,2,0,4.984,0,0,11,36,0,60,0
25-04 20:55:15,27.260,6.002,42.766,22.508,0,1507100,1014796,169556,5243884,8327.094,486.181,0,6422.387,0,644.239,6564,9882,2.070,1.510,0.860,3,2,34.013,0,0,11,36,0,60,0
25-04 20:55:16,25.765,5.253,39.023,28.016,0,1549196,971956,169696,5244472,8397.845,486.281,0,8216.741,0,636.367,5755,9011,2.140,1.540,0.870,4,0,23.013,0,0,11,36,0,60,0
25-04 20:55:17,24.011,4.252,35.266,34.516,0,1554624,965656,169852,5245168,8556.887,540.245,0,9956.523,0,664.302,4839,7701,2.140,1.540,0.870,1,1,7.003,0,0,11,36,0,56,0
25-04 20:55:18,25.926,4.986,41.381,26.175,0,1614628,904712,170040,5245892,5856.194,484.609,0,8758.865,0,697.997,5081,7582,2.140,1.540,0.870,2,0,16.951,0,0,11,36,0,56,0
25-04 20:55:19,27.817,4.511,40.348,25.562,0,1573336,945028,170188,5246700,3613.753,487.180,0,9703.504,0,789.913,5796,9371,2.140,1.540,0.870,2,0,28.068,0,0,11,36,0,56,0
25-04 20:55:20,26.268,4.753,45.031,22.015,0,1605064,912520,170268,5247372,8683.018,486.337,0,8690.023,0,667.463,4933,7936,2.140,1.540,0.870,2,1,14.010,0,0,11,36,0,56,0
25-04 20:55:21,26.483,5.496,41.474,24.734,0,1623672,893184,170328,5248020,6015.165,539.656,0,10153.527,0,817.479,6821,11510,2.130,1.540,0.880,1,3,18.988,0,0,11,36,0,51,0
25-04 20:55:22,25.514,4.753,41.022,27.015,0,1607048,909444,170424,5248280,10482.638,580.312,0,10073.418,0,689.371,5123,8052,2.130,1.540,0.880,2,1,10.005,0,0,11,36,0,51,0
25-04 20:55:23,25.747,4.749,45.494,21.497,0,1619896,896112,170532,5248644,9982.726,485.938,0,8262.945,0,711.909,5941,9383,2.130,1.540,0.880,1,2,13.998,0,0,11,36,0,51,0
25-04 20:55:24,28.063,5.262,44.350,20.296,0,1598700,916272,170724,5249408,6725.121,487.095,0,9092.444,0,781.758,6494,10638,2.130,1.540,0.880,2,1,10.023,0,0,11,36,0,51,0
25-04 20:55:25,28.774,11.260,36.781,21.518,0.250,1651616,863648,170848,5248856,8383.124,540.459,0,9428.012,0,702.597,6607,10140,2.130,1.540,0.880,2,1,303.258,0,0,11,36,0,47,0
25-04 20:55:26,42.119,8.723,40.374,7.726,0,1557968,957348,170956,5248700,8250.299,484.491,0,6152.833,0,424.677,5040,5882,2.120,1.550,0.890,2,1,129.596,0,0,11,32,0,47,0
25-04 20:55:27,39.106,5.515,40.109,14.289,0,1542440,972568,171112,5248820,5065.738,487.322,0,8354.657,0,628.705,5371,7465,2.120,1.550,0.890,4,0,2.005,0,0,11,34,0,47,0
25-04 20:55:28,30.005,5.751,42.257,20.253,0,1598204,916372,171360,5248992,8997.438,486.078,0,7589.213,0,974.156,8000,13022,2.120,1.550,0.890,1,1,2.000,0,0,11,34,0,47,0
25-04 20:55:29,28.189,4.989,46.649,18.460,0,1589112,925032,171628,5249144,7140.512,538.831,0,4753.689,0,634.624,5787,9406,2.120,1.550,0.890,3,0,0.998,0,0,11,34,0,46,0
25-04 20:55:30,31.986,4.998,45.979,16.243,0,1631800,881892,171908,5249304,9143.899,485.782,0,7008.856,0,947.575,7211,12281,2.120,1.550,0.890,2,0,1.000,0,0,11,34,0,46,0
25-04 20:55:31,24.746,6.999,62.490,4.749,0,1591912,921760,171924,5249308,6506.965,485.923,0,859.863,0,42.993,2752,2257,2.030,1.540,0.890,3,0,99.984,0,0,11,32,0,46,0
25-04 20:55:32,18.054,9.528,67.702,4.513,0,1564276,949236,171936,5249456,9179.372,541.615,0,854.548,0,42.126,3558,2904,2.030,1.540,0.890,3,0,187.559,0,0,11,32,0,46,0
25-04 20:55:33,7.751,21.502,59.256,10.001,0,1511312,1002148,171964,5249500,10677.150,486.052,0,4960.534,0,212.023,6668,5968,2.030,1.540,0.890,2,2,525.057,0,0,11,32,0,41,0
25-04 20:55:34,11.989,21.979,58.445,5.994,0,1479980,1033428,171984,5249540,6649.702,485.540,0,4647.598,0,216.795,7472,18130,2.030,1.540,0.890,1,0,630.403,0,0,11,32,0,42,0
25-04 20:55:35,20.455,4.989,73.590,0,0,1503848,1009440,171984,5249660,5232.595,484.943,0,0,0,0,2372,1877,2.030,1.540,0.890,1,0,62.863,0,0,11,32,0,42,0
25-04 20:55:36,23.249,3.250,73.747,0,0,1501280,1011988,171984,5249680,9822.592,539.978,0,15.999,0,1.000,1821,1189,1.950,1.530,0.890,2,0,3.000,0,0,11,32,0,42,0
25-04 20:55:37,21.535,4.006,70.364,3.506,0,1493604,1019684,171984,5249660,6299.206,486.789,0,1590.577,0,251.407,2040,1475,1.950,1.530,0.890,2,1,2.003,0,0,11,32,0,37,0
25-04 20:55:38,22.466,3.245,72.890,0.749,0,1481956,1031328,171984,5249680,7901.104,485.269,0,515.224,0,21.967,2005,1649,1.950,1.530,0.890,2,0,0.998,0,0,11,32,0,37,0
25-04 20:55:39,22.498,3.250,73.245,0,0,1492168,1021108,171988,5249684,8099.434,539.962,0,1055.926,0,159.989,1912,1354,1.950,1.530,0.890,2,0,2.000,0,0,11,32,0,37,0
25-04 20:55:40,22.999,2.750,73.498,0,0,1483916,1029368,171988,5249676,9539.791,485.989,0,55.999,0,5.000,1780,1196,1.950,1.530,0.890,2,0,1.000,0,0,11,32,0,37,0
25-04 20:55:41,22.751,2.500,73.752,0,0,1530592,982676,171988,5249696,8667.231,486.013,0,20.001,0,1.000,1740,1128,1.870,1.520,0.890,2,0,2.000,0,0,11,32,0,33,0
25-04 20:55:42,22.250,3.500,73.501,0,0,1492332,1020948,171988,5249684,4716.055,540.006,0,0,0,0,1857,1353,1.870,1.520,0.890,2,0,2.000,0,0,11,32,0,33,0
25-04 20:55:43,22.503,3.250,73.511,0,0,1479028,1034240,171988,5249696,4051.605,486.073,0,20.003,0,3.000,1765,1189,1.870,1.520,0.890,2,0,3.000,0,0,11,32,0,33,0
25-04 20:55:44,22.247,3.999,73.989,0,0,1482092,1031204,171988,5249668,9771.606,485.931,0,7.999,0,1.000,1854,1334,1.870,1.520,0.890,2,0,2.000,0,0,11,32,0,33,0
25-04 20:55:45,22.501,2.750,73.502,0.250,0,1469564,1043792,171988,5249608,6075.158,540.014,0,80.002,0,3.000,1831,1324,1.870,1.520,0.890,2,0,1.000,0,0,11,32,0,33,0
25-04 20:55:46,22.284,3.505,73.862,0,0,1532912,980440,171988,5249612,8126.317,486.738,0,0,0,0,1851,1265,1.800,1.510,0.890,2,0,2.003,0,0,11,32,0,29,0
25-04 20:55:47,21.968,3.495,73.394,0,0,1505068,1008204,171988,5249692,8569.584,485.297,0,87.873,0,0.999,1795,1238,1.800,1.510,0.890,1,0,0.999,0,0,11,32,0,29,0
25-04 20:55:48,22.498,4.000,72.492,0.500,0,1480152,1033100,171988,5249704,11585.739,485.947,0,2283.751,0,27.997,2155,1840,1.800,1.510,0.890,2,0,1.000,0,0,11,32,0,29,0
25-04 20:55:49,22.251,3.000,73.254,0,0,1505652,1007620,171988,5249684,10514.575,582.032,0,408.022,0,28.002,1888,1345,1.800,1.510,0.890,2,0,2.000,0,0,11,32,0,29,0
25-04 20:55:50,22.501,3.750,72.003,1.000,0,1467488,1045772,171996,5249688,3997.171,486.021,0,792.034,0,47.002,1986,1684,1.800,1.510,0.890,2,0,1.000,0,0,11,32,0,21,0
25-04 20:55:51,22.250,3.250,70.250,3.500,0,1464428,1048796,172020,5249700,9298.012,486.001,0,2088.003,0,94.000,2018,1622,1.740,1.510,0.890,2,0,1.000,0,0,11,32,0,21,0
25-04 20:55:52,22.501,4.000,73.753,0,0,1517092,996128,172024,5249700,12063.452,540.020,0,44.002,0,5.000,1871,1357,1.740,1.510,0.890,2,0,3.000,0,0,11,32,0,21,0
25-04 20:55:53,11.500,18.000,69.500,0,0,1470672,1042488,172024,5249760,3700.004,486.001,0,240.000,0,10.000,5439,4415,1.740,1.510,0.890,2,0,460.000,0,0,11,32,0,21,0
25-04 20:55:54,21.747,3.500,73.740,0,0,1543348,969796,172024,5249776,1544673.213,539.927,0,171.977,0,35.995,1979,1297,1.740,1.510,0.890,1,0,0,0,0,11,32,0,16,0
25-04 20:55:55,23.503,2.250,73.508,0,0,1522736,990168,172024,5250016,118660802.657,486.052,0,4.000,0,1.000,18070,1132,1.740,1.510,0.890,1,0,9.001,0,0,11,32,0,16,0
25-04 20:55:56,22.248,3.250,73.745,0,0,1519576,993320,172024,5250024,35100091.965,539.961,0,7.999,0,1.000,6530,1183,1.680,1.500,0.890,1,0,0,0,0,11,32,0,16,0
25-04 20:55:57,13.788,16.546,68.691,0.251,0,1485352,1027400,172024,5250164,8615.903,487.352,40.111,280.779,2.006,6.017,5138,4133,1.680,1.500,0.890,1,0,413.146,0,0,11,32,0,16,0
25-04 20:55:58,8.251,21.753,68.260,0.500,0,1467260,1045452,172028,5250196,4409.647,486.071,0,788.116,0,18.003,6533,5503,1.680,1.500,0.890,1,0,536.079,0,0,11,32,0,11,0
25-04 20:55:59,8.491,21.977,67.180,0.999,0,1450944,1061724,172028,5250236,7809.850,485.493,0,719.249,0,23.975,6485,5397,1.680,1.500,0.890,3,0,544.432,0,0,11,32,0,11,0
25-04 20:56:00,8.007,21.768,68.556,0.500,0,1425956,1086684,172032,5250260,5890.837,540.444,0,1393.144,0,19.016,6383,5222,1.680,1.500,0.890,2,0,565.464,0,0,11,32,0,11,0
25-04 20:56:01,9.487,22.220,68.409,0,0,1412148,1100456,172032,5250292,7428.100,485.353,0,1290.280,0,14.980,6355,5123,1.620,1.490,0.890,1,0,534.288,0,0,11,32,0,11,0
25-04 20:56:02,7.753,20.757,69.774,0,0,1402992,1109576,172032,5250328,7287.557,486.171,0,172.060,0,7.002,5989,4691,1.620,1.490,0.890,1,0,445.156,0,0,11,32,0,8,0
25-04 20:56:03,8.011,21.530,69.598,0,0,1393956,1118532,172032,5250396,5391.621,540.764,0,352.498,0,11.016,5963,4598,1.620,1.490,0.890,1,0,453.641,0,0,11,32,0,8,0
25-04 20:56:04,8.493,21.982,68.195,0,0,1386716,1125736,172032,5250432,9023.672,485.606,0,99.919,0,15.987,6521,5423,1.620,1.490,0.890,1,0,591.520,0,0,11,32,0,8,0
25-04 20:56:05,15.256,21.758,59.272,2.001,0,1374164,1138216,172040,5250468,6484.453,486.184,0,1204.456,0,143.054,6576,5900,1.620,1.490,0.890,2,0,576.218,0,0,11,32,0,10,0
25-04 20:56:06,57.526,18.258,23.761,0.250,0,1541860,970236,172076,5250676,4831.145,486.216,0,900.400,0,53.024,5252,4457,1.810,1.530,0.910,3,0,408.181,0,0,11,32,0,11,0
25-04 20:56:07,50.949,6.993,24.226,16.484,0,1652532,854896,172204,5254596,8910.106,485.515,447.553,4495.512,10.989,187.813,4410,4183,1.810,1.530,0.910,2,1,12.987,0,0,11,34,0,11,0
25-04 20:56:08,12.986,3.996,43.455,36.712,0,1653460,850640,172444,5257192,9936.610,539.436,0,9146.436,0,585.388,5445,9095,1.810,1.530,0.910,0,1,27.971,0,0,11,38,0,12,0
25-04 20:56:09,4.994,1.748,50.687,40.700,0,1649684,853456,172520,5258068,12146.015,485.401,0,11661.612,0,873.922,4262,7499,1.810,1.530,0.910,0,3,11.985,0,0,11,38,0,12,0
25-04 20:56:10,7.505,2.752,48.532,38.525,0,1647848,853764,172632,5259396,7324.795,486.318,0,10430.828,0,748.490,5172,9223,1.810,1.530,0.910,3,0,24.016,0,0,11,38,0,10,0
25-04 20:56:11,5.994,2.497,58.189,30.718,0,1646372,854136,172728,5260380,9592.936,485.491,0,6521.159,0,464.513,3956,6847,1.830,1.540,0.920,1,2,14.984,0,0,11,38,0,10,0
25-04 20:56:12,6.251,2.751,52.262,35.508,0,1645100,853684,172924,5261848,8045.901,486.115,0,14279.374,0,916.216,6017,11801,1.830,1.540,0.920,0,2,7.002,0,0,11,38,0,10,0
25-04 20:56:13,8.512,3.004,49.071,37.304,0,1645700,852172,173020,5262624,5754.334,486.705,0,11039.988,0,745.079,5361,9519,1.830,1.540,0.920,0,1,15.022,0,0,11,38,0,10,0
25-04 20:56:14,4.499,2.250,50.989,39.991,0,1645144,852172,173060,5263120,4336.063,539.883,0,8286.210,0,569.877,7223,14103,1.830,1.540,0.920,0,2,8.998,0,0,11,38,0,8,0
25-04 20:56:15,6.241,2.996,49.928,37.695,0,1645168,850912,173120,5264268,11305.632,485.297,0,10872.260,0,757.903,4797,8751,1.830,1.540,0.920,2,1,8.987,0,0,11,38,0,8,0
25-04 20:56:16,7.252,2.751,52.263,35.009,0,1644636,850408,173200,5265200,8630.100,486.118,0,11486.795,0,737.179,5325,9939,2.160,1.610,0.940,3,1,0,0,0,11,38,0,8,0
25-04 20:56:17,25.521,7.006,36.029,29.524,0,1641036,852868,173256,5266256,8047.546,528.430,0,13258.784,0,885.720,6376,10096,2.160,1.610,0.940,1,2,66.054,0,0,11,36,0,8,0
25-04 20:56:18,20.476,4.245,42.700,30.964,0,1657880,834924,173296,5267260,12977.818,6139.817,0,13276.469,0,857.996,6761,11715,2.160,1.610,0.940,3,2,8.989,0,0,11,39,0,8,0
25-04 20:56:19,17.268,7.007,43.795,30.031,0,1627588,864528,173324,5267900,12027.328,4215.321,0,10374.634,0,707.725,6759,10360,2.160,1.610,0.940,1,1,85.087,0,0,11,38,0,9,0
25-04 20:56:20,25.489,4.248,38.234,29.987,0,1679528,810772,173368,5269600,10899.299,2450.943,0,8752.225,0,655.717,6579,10593,2.160,1.610,0.940,0,2,11.995,0,0,11,39,0,9,0
25-04 20:56:21,20.248,4.500,43.747,28.498,0,1677164,811748,173400,5270912,13651.957,9295.290,0,13514.968,0,885.932,7717,13425,2.230,1.640,0.960,0,1,6.000,0,0,11,39,0,9,0
25-04 20:56:22,17.235,3.997,46.460,29.724,0,1671972,815976,173452,5271800,15314.703,8842.323,0,13300.452,0,846.265,7518,13124,2.230,1.640,0.960,3,1,15.986,0,0,11,39,0,9,0
25-04 20:56:23,24.037,6.260,30.797,37.307,0,1655496,831132,173572,5272964,11578.695,1090.667,0,14141.612,0,877.341,6145,10043,2.230,1.640,0.960,1,1,36.055,0,0,11,38,0,9,0
25-04 20:56:24,21.525,3.754,44.302,27.532,0,1670404,814312,173680,5274676,17781.783,7259.485,0,9086.620,0,730.854,6409,10437,2.230,1.640,0.960,1,2,18.021,0,0,11,39,0,9,0
25-04 20:56:25,19.216,3.494,39.180,35.936,0,1662628,820936,173720,5275756,17760.336,8452.930,0,13923.177,0,896.402,8259,14402,2.230,1.640,0.960,1,2,5.989,0,0,11,39,0,9,0
25-04 20:56:26,18.277,5.759,42.313,31.547,0,1592672,889768,173828,5276712,15822.497,6002.915,0,13504.054,0,931.383,7013,11371,2.370,1.680,0.970,3,2,59.088,0,0,11,38,0,10,0
25-04 20:56:27,27.463,5.493,35.452,29.460,0,1662136,819060,173904,5277844,12029.653,539.267,0,12419.123,0,856.836,6607,10334,2.370,1.680,0.970,1,2,14.980,0,0,11,38,0,10,0
25-04 20:56:28,19.027,3.505,41.057,34.298,0,1664844,814564,173996,5279492,15914.210,8745.205,0,14035.588,0,783.093,6559,10508,2.370,1.680,0.970,1,1,0,0,0,11,39,0,10,0
25-04 20:56:29,21.755,3.251,48.512,23.256,0,1660968,817124,174080,5280696,17007.244,9584.392,0,9906.472,0,663.165,7896,13306,2.370,1.680,0.970,0,1,12.003,0,0,11,39,0,10,0
25-04 20:56:30,23.971,6.492,38.204,29.465,0.250,1614364,862616,174264,5281608,12019.638,2574.923,0,12433.144,0,815.026,8661,14954,2.370,1.680,0.970,1,3,36.956,0,0,11,38,0,10,0
25-04 20:56:31,31.577,4.511,37.592,24.811,0,1547076,929044,174372,5282336,15552.036,5651.823,0,6247.279,0,543.329,5619,8442,2.420,1.700,0.980,2,2,11.027,0,0,11,37,0,10,0
25-04 20:56:32,26.446,17.215,34.430,20.209,0,1543924,931092,174440,5283716,12281.044,7472.815,371.246,12450.699,5.988,802.370,12115,18580,2.420,1.700,0.980,2,2,384.219,0,0,11,37,0,10,0
25-04 20:56:33,27.808,13.528,36.326,20.793,0,1536016,937968,174488,5284220,18028.602,8649.039,1779.712,10065.994,30.063,629.313,9722,15783,2.420,1.700,0.980,3,0,220.460,0,0,11,36,0,11,0
25-04 20:56:34,28.950,6.988,37.185,24.457,0,1594776,877968,174528,5285384,8965.395,485.156,0,7363.183,0,563.020,6152,19456,2.420,1.700,0.980,1,1,57.899,0,0,11,36,0,12,0
25-04 20:56:35,18.476,3.495,49.685,26.216,0,1595184,876532,174612,5286300,17904.693,9437.715,0,9247.962,0,650.154,6414,10572,2.420,1.700,0.980,2,2,5.992,0,0,11,36,0,12,0
25-04 20:56:36,24.252,6.250,42.753,24.502,0,1636608,834072,174712,5287180,6626.499,486.037,0,9116.687,0,727.055,6378,9796,2.390,1.700,0.990,1,1,34.003,0,0,11,36,0,12,0
25-04 20:56:37,15.282,3.758,50.605,28.058,0,1629340,840548,174748,5287904,11061.985,6381.259,0,10654.138,0,684.422,5370,9204,2.390,1.700,0.990,1,1,0,0,0,11,37,0,12,0
25-04 20:56:38,20.760,7.254,41.770,28.264,0,1664816,804032,174780,5288888,10207.992,1314.643,0,8688.249,0,625.306,5747,8466,2.390,1.700,0.990,1,1,63.031,0,0,11,36,0,13,0
25-04 20:56:39,21.204,4.490,51.138,21.453,0,1658992,808408,174832,5290248,15075.988,6239.338,0,7391.814,0,589.709,5622,8922,2.390,1.700,0.990,2,0,0,0,0,11,37,0,13,0
25-04 20:56:40,19.244,6.748,47.734,25.242,0,1627796,839016,174868,5290776,11398.178,5244.242,0,12787.712,0,600.799,5765,8548,2.390,1.700,0.990,1,1,48.984,0,0,11,36,0,14,0
25-04 20:56:41,22.242,3.749,42.735,28.490,0,1630720,834900,174908,5291900,11897.695,5487.014,0,9924.409,0,671.757,5622,9006,2.600,1.760,1.010,0,1,0,0,0,11,37,0,14,0
25-04 20:56:42,17.282,4.007,49.342,26.048,0,1612712,851680,174920,5293024,20101.422,6306.741,0,10752.017,0,747.391,6855,11606,2.600,1.760,1.010,5,0,4.007,0,0,11,36,0,15,0
25-04 20:56:43,7.246,4.997,49.972,35.730,0,1565200,898280,174964,5293868,11687.501,485.730,0,13852.298,0,900.499,5429,9227,2.600,1.760,1.010,1,1,65.963,0,0,11,36,0,15,0
25-04 20:56:44,4.744,1.998,65.170,24.969,0,1551268,910948,174976,5295096,6232.367,539.339,0,7311.046,0,583.286,4246,7912,2.600,1.760,1.010,1,0,0,0,0,11,36,0,15,0
25-04 20:56:45,4.250,3.000,63.007,26.253,0,1539108,922224,175004,5295924,3444.399,486.056,0,9197.064,0,703.081,4774,8975,2.600,1.760,1.010,0,2,9.001,0,0,11,36,0,15,0
25-04 20:56:46,4.251,2.500,60.009,30.504,0.250,1528520,931040,175036,5297616,9916.462,486.072,0,9325.375,0,637.094,4499,8261,2.390,1.730,1.010,0,1,6.001,0,0,11,36,0,15,0
25-04 20:56:47,4.500,3.000,62.750,28.250,0,1517656,941628,175072,5297848,4837.997,486.000,0,8239.994,0,627.000,4525,8116,2.390,1.730,1.010,1,2,9.000,0,0,11,36,0,15,0
25-04 20:56:48,4.498,2.999,62.477,26.740,0,1506644,951548,175144,5298792,10276.171,539.799,0,12379.387,0,850.683,5198,9672,2.390,1.730,1.010,0,2,2.999,0,0,11,36,0,15,0
25-04 20:56:49,5.001,2.751,65.016,24.006,0,1501216,956708,175172,5299024,8553.146,486.122,0,9746.445,0,737.185,4896,8818,2.390,1.730,1.010,0,1,9.002,0,0,11,36,0,15,0
25-04 20:56:50,6.250,2.250,59.497,28.499,0,1496024,961448,175212,5299428,10726.503,485.977,0,10027.535,0,736.966,4717,8232,2.390,1.730,1.010,1,0,9.000,0,0,11,36,0,15,0
25-04 20:56:51,4.999,2.499,61.985,27.993,0,1493216,964036,175236,5299616,8104.082,485.885,0,8749.929,0,711.832,4683,8501,2.360,1.730,1.010,0,1,11.997,0,0,11,36,0,15,0
25-04 20:56:52,4.000,2.500,52.756,38.754,0.250,1491160,966084,175260,5299592,5558.637,486.056,0,10205.170,0,819.094,3770,6404,2.360,1.730,1.010,0,1,4.000,0,0,11,36,0,15,0
25-04 20:56:53,5.498,2.749,59.983,29.992,0,1489492,967524,175324,5299756,5357.483,539.847,0,12148.560,0,835.763,4991,8826,2.360,1.730,1.010,1,1,8.997,0,0,11,36,0,15,0
25-04 20:56:54,4.500,2.500,65.506,24.502,0,1486208,969000,175384,5301456,8789.759,486.042,0,7296.630,0,530.046,4128,7480,2.360,1.730,1.010,2,2,6.001,0,0,11,36,0,15,0
25-04 20:56:55,4.000,2.500,64.247,27.499,0,1484220,970064,175464,5302248,7726.608,485.975,0,10399.473,0,729.963,4205,7834,2.360,1.730,1.010,0,3,6.000,0,0,11,36,0,15,0
25-04 20:56:56,4.251,2.001,62.771,27.509,0,1482652,970960,175548,5302820,10361.500,486.164,0,7230.442,0,595.201,4351,7770,2.410,1.760,1.020,4,1,9.003,0,0,11,36,0,15,0
25-04 20:56:57,3.748,2.998,57.462,31.479,0,1482236,971212,175600,5302928,9030.005,485.678,0,13606.967,0,929.383,5323,9818,2.410,1.760,1.020,0,1,5.996,0,0,11,36,0,15,0
25-04 20:56:58,5.253,2.251,59.039,31.270,0,1481372,971212,175648,5303724,8241.390,486.318,0,8185.353,0,614.402,4430,7937,2.410,1.760,1.020,0,2,9.006,0,0,11,36,0,15,0
25-04 20:56:59,4.749,2.999,60.238,28.994,0,1481084,971212,175680,5303968,6465.697,539.891,0,10117.962,0,777.843,4830,8762,2.410,1.760,1.020,1,1,8.998,0,0,11,36,0,15,0
25-04 20:57:00,5.751,2.250,65.011,24.754,0,1481972,971212,175704,5303052,3592.593,486.080,0,9053.494,0,733.121,5171,10485,2.410,1.760,1.020,1,0,0,0,0,11,36,0,15,0
25-04 20:57:01,3.501,3.001,57.262,34.257,0,1481792,971212,175732,5303204,9019.941,486.105,0,12410.671,0,827.178,4453,8180,2.460,1.780,1.030,0,1,0,0,0,11,36,0,15,0
25-04 20:57:02,5.251,2.751,66.265,22.255,0,1481964,971864,175788,5302312,6446.501,540.126,0,4797.117,0,605.141,5098,8930,2.460,1.780,1.030,0,3,4.001,0,0,11,36,0,15,0
25-04 20:57:03,6.496,2.748,57.464,29.731,0,1481756,971864,175828,5302480,5091.810,485.696,0,14894.668,0,1004.371,5459,9882,2.460,1.780,1.030,0,1,2.998,0,0,11,36,0,15,0
25-04 20:57:04,7.252,2.751,64.013,23.505,0,1481296,971864,175852,5302912,9040.883,486.101,0,5857.220,0,533.111,4309,7578,2.460,1.780,1.030,0,1,6.001,0,0,11,36,0,15,0
25-04 20:57:05,5.500,2.500,62.250,28.000,0,1481020,971864,175864,5303176,5808.020,486.002,0,9512.033,0,619.002,4054,7148,2.460,1.780,1.030,1,1,6.000,0,0,11,36,0,15,0
25-04 20:57:06,5.006,2.253,56.564,33.538,0.250,1480748,971864,175876,5303436,5259.979,486.553,0,11416.977,0,770.876,5332,9779,2.580,1.810,1.050,0,1,6.007,0,0,11,36,0,15,0
25-04 20:57:07,5.001,2.250,66.760,23.003,0,1480468,971864,175888,5303700,8010.196,540.081,0,7569.130,0,685.102,4677,8517,2.580,1.810,1.050,1,2,9.001,0,0,11,36,0,9,0
25-04 20:57:08,4.993,3.994,59.914,28.709,0,1480140,971864,175904,5303968,6530.654,485.305,0,10377.149,0,776.888,5051,8933,2.580,1.810,1.050,1,1,11.983,0,0,11,38,0,9,0
25-04 20:57:09,6.251,2.750,61.508,26.503,0,1479764,971864,175920,5304328,10451.340,486.062,0,9945.275,0,744.095,4568,8245,2.580,1.810,1.050,0,2,6.001,0,0,11,38,0,9,0
25-04 20:57:10,6.003,2.752,64.786,23.763,0,1480028,971864,175940,5304028,6208.412,528.290,0,8380.606,0,773.425,5568,10317,2.580,1.810,1.050,0,3,6.003,0,0,11,38,0,9,0
25-04 20:57:11,4.747,2.748,56.710,32.977,0,1480148,971864,175952,5303900,9077.631,485.659,0,15037.449,0,992.304,5154,9463,2.690,1.850,1.060,0,2,5.996,0,0,11,38,0,9,0
25-04 20:57:12,5.263,2.757,63.402,25.311,0,1479960,971864,175968,5304072,6901.550,487.168,0,7582.183,0,624.498,4506,8101,2.690,1.850,1.060,5,1,4.010,0,0,11,38,0,8,0
25-04 20:57:13,6.748,2.749,60.235,27.993,0,1479428,971864,176008,5304560,3735.042,539.862,0,9897.462,0,791.797,5180,9458,2.690,1.850,1.060,0,2,2.999,0,0,11,38,0,8,0
25-04 20:57:14,4.490,2.993,61.606,28.683,0,1479320,971864,176032,5304644,3473.876,484.866,0,11465.188,0,790.152,4218,8157,2.690,1.850,1.060,2,0,2.993,0,0,11,38,0,8,0
25-04 20:57:15,5.753,3.502,59.528,28.263,0,1478616,971864,176048,5305316,9562.563,486.232,0,15371.335,0,1044.498,6745,12651,2.690,1.850,1.060,2,0,12.006,0,0,11,38,0,8,0
25-04 20:57:16,10.245,1.999,63.970,20.240,0,1478260,971864,176076,5305640,6637.872,485.771,0,7424.501,0,708.666,5154,9600,2.640,1.850,1.070,0,1,11.994,0,0,11,38,0,8,0
25-04 20:57:17,10.243,2.748,53.213,31.478,0,1477824,971864,176108,5306032,7983.496,485.665,0,12831.154,0,858.408,4996,8978,2.640,1.850,1.070,1,1,5.996,0,0,11,38,0,8,0
25-04 20:57:18,8.508,2.752,61.556,25.273,0,1477416,971864,176136,5306404,6896.259,540.491,0,11658.582,0,862.783,4920,9135,2.640,1.850,1.070,1,1,9.008,0,0,11,38,0,8,0
25-04 20:57:19,8.749,2.750,64.495,20.998,0,1476684,971864,176156,5307096,9125.290,485.962,0,5139.600,0,535.958,4623,8183,2.640,1.850,1.070,0,3,11.999,0,0,11,38,0,8,0
25-04 20:57:20,6.502,3.001,59.022,29.761,0,1476380,971864,176196,5307352,6348.359,486.181,0,10988.082,0,767.285,4954,9097,2.640,1.850,1.070,0,1,7.003,0,0,11,38,0,7,0
25-04 20:57:21,6.504,2.752,61.787,24.765,0,1475936,971864,176252,5307728,4213.546,486.294,0,14344.667,0,1022.618,5721,10705,2.510,1.840,1.070,0,1,9.005,0,0,11,38,0,7,0
25-04 20:57:22,5.246,2.998,63.205,26.231,0,1475488,971864,176292,5308124,5448.143,579.590,0,9069.579,0,774.452,5292,9786,2.510,1.840,1.070,0,1,12.991,0,0,11,38,0,7,0
25-04 20:57:23,4.254,3.003,59.311,30.782,0,1475140,971864,176308,5308452,10741.130,540.560,0,11019.418,0,766.795,4567,8434,2.510,1.840,1.070,0,2,9.009,0,0,11,38,0,7,0
25-04 20:57:24,6.250,2.500,64.752,23.751,0,1474536,971864,176320,5309024,8345.280,486.016,0,7716.259,0,643.022,4776,8454,2.510,1.840,1.070,0,1,6.000,0,0,11,38,0,7,0
25-04 20:57:25,4.739,2.993,61.608,27.936,0,1474024,971864,176344,5309500,10193.587,484.886,0,13481.036,0,904.922,5058,9262,2.510,1.840,1.070,1,2,5.986,0,0,11,38,0,7,0
25-04 20:57:26,5.256,3.254,60.320,28.283,0,1473508,971612,176384,5310208,8291.587,486.563,0,9883.428,0,782.905,5041,9153,2.630,1.870,1.090,1,1,6.007,0,0,11,38,0,7,0
25-04 20:57:27,4.250,2.750,61.257,28.753,0,1473072,971612,176400,5310616,10031.173,486.057,0,9701.134,0,724.085,4605,8304,2.630,1.870,1.090,0,2,6.001,0,0,11,38,0,7,0
25-04 20:57:28,6.249,2.500,58.242,30.746,0,1472920,971360,176420,5310988,8081.835,539.922,0,11050.407,0,844.878,4824,8604,2.630,1.870,1.090,0,2,11.998,0,0,11,38,0,6,0
25-04 20:57:29,3.995,2.497,64.422,26.218,0,1472312,971360,176440,5311556,4974.996,485.414,0,8018.323,0,665.197,4505,8312,2.630,1.870,1.090,0,2,11.986,0,0,11,38,0,6,0
25-04 20:57:30,3.259,3.008,63.174,28.077,0,1472276,971360,176456,5311576,9400.924,487.344,0,14447.841,0,924.550,4869,9102,2.630,1.870,1.090,0,3,3.008,0,0,11,38,0,6,0
25-04 20:57:31,5.991,1.997,60.409,28.707,0,1472092,970856,176460,5312248,9680.343,485.265,0,8343.367,0,662.996,4911,8905,2.500,1.860,1.080,1,0,5.991,0,0,11,38,0,6,0
25-04 20:57:32,5.751,2.501,65.514,23.255,0,1471580,970856,176476,5312744,8133.778,486.106,0,7633.669,0,650.142,4822,8868,2.500,1.860,1.080,0,2,10.002,0,0,11,38,0,6,0
25-04 20:57:33,3.000,3.000,53.495,37.747,0,1471596,970604,176480,5312972,10347.062,539.951,0,11442.962,0,791.928,5420,10123,2.500,1.860,1.080,0,1,5.999,0,0,11,38,0,6,0
25-04 20:57:34,8.997,5.498,62.480,20.743,0,1477456,964192,176484,5313484,9020.148,485.846,0,6961.799,0,659.791,6088,15535,2.500,1.860,1.080,0,1,44.986,0,0,11,38,0,7,0
25-04 20:57:35,4.251,2.251,58.769,31.760,0,1477416,964192,176496,5313512,9363.963,486.154,0,12543.969,0,854.270,4613,8576,2.500,1.860,1.080,1,3,6.002,0,0,11,38,0,7,0
25-04 20:57:36,5.250,2.750,63.504,25.751,0,1476824,964192,176500,5314080,9296.529,486.028,0,7500.427,0,641.036,4506,8525,2.460,1.860,1.090,0,2,6.000,0,0,11,38,0,4,0
25-04 20:57:37,5.502,2.501,61.278,28.263,0,1476208,964192,176516,5314668,4903.223,486.220,0,10112.584,0,795.361,4745,8868,2.460,1.860,1.090,5,3,21.010,0,0,11,38,0,4,0
25-04 20:57:38,6.009,2.504,62.843,27.040,0,1476484,963436,176536,5315120,11489.943,540.797,0,8624.718,0,662.978,4787,8403,2.460,1.860,1.090,0,1,24.035,0,0,11,38,0,4,0
25-04 20:57:39,5.737,3.242,62.106,25.940,0,1476924,962428,176548,5315664,9990.836,484.876,0,10687.222,0,792.163,5424,9898,2.460,1.860,1.090,0,1,8.979,0,0,11,38,0,4,0
25-04 20:57:40,6.252,2.751,59.772,27.760,0,1476508,962428,176568,5316048,5357.956,486.177,0,13352.874,0,922.337,5746,10475,2.460,1.860,1.090,0,1,15.005,0,0,11,38,0,2,0
25-04 20:57:41,6.999,2.250,67.242,20.748,0,1476228,962428,176580,5316308,9945.836,485.943,0,7031.177,0,665.922,5037,9119,2.740,1.930,1.120,0,2,14.998,0,0,11,38,0,2,0
25-04 20:57:42,6.001,3.251,52.511,35.508,0,1475764,962176,176608,5316980,11469.487,486.105,0,15387.337,0,1045.227,5436,9738,2.740,1.930,1.120,0,3,10.002,0,0,11,38,0,2,0
25-04 20:57:43,4.735,3.489,58.816,29.906,0,1475660,962176,176612,5317076,11097.234,484.482,0,11033.434,0,830.398,5207,9320,2.740,1.930,1.120,1,0,11.963,0,0,11,38,0,2,0
25-04 20:57:44,5.513,2.255,65.403,25.309,0,1475364,961924,176616,5317608,12641.600,541.267,0,6563.368,0,575.347,4678,8128,2.740,1.930,1.120,2,1,12.028,0,0,11,38,0,1,0
25-04 20:57:45,3.751,2.251,55.771,35.514,0,1475052,961924,176640,5317888,5770.224,486.187,0,10115.899,0,705.272,4222,7678,2.740,1.930,1.120,1,3,0,0,0,11,38,0,1,0
25-04 20:57:46,6.747,2.749,63.975,23.241,0,1476308,960160,176664,5318356,9315.338,653.743,0,7001.248,0,625.754,4824,8475,2.600,1.920,1.120,0,2,8.996,0,0,11,38,0,1,0
25-04 20:57:47,5.503,3.252,55.777,33.266,0,1476100,960160,176676,5318548,10215.021,864.425,0,14571.163,0,990.487,5090,9158,2.600,1.920,1.120,0,2,0,0,0,11,38,0,1,0
25-04 20:57:48,7.751,2.500,61.507,25.503,0,1475440,960160,176680,5319180,11688.353,528.061,0,5764.667,0,585.068,5077,8834,2.600,1.920,1.120,0,4,9.001,0,0,11,38,0,1,0
25-04 20:57:49,3.760,2.256,59.901,30.577,0,1475924,959908,176700,5318928,11077.010,625.582,0,12643.972,0,893.259,4835,8914,2.600,1.920,1.120,2,1,6.015,0,0,11,38,0,1,0
25-04 20:57:50,5.236,3.241,58.838,29.668,0,1477148,959908,176708,5317704,9143.872,484.668,0,13826.006,0,976.317,6214,11872,2.600,1.920,1.120,1,3,0,0,0,11,38,0,1,0
25-04 20:57:51,6.743,2.997,63.181,23.974,0,1479012,959908,176736,5315808,7430.870,485.469,0,8646.540,0,824.098,5967,10799,2.630,1.930,1.130,0,1,0,0,0,11,38,0,1,0
25-04 20:57:52,4.750,2.500,60.995,28.498,0,1480068,959908,176740,5314744,5308.570,485.961,0,12095.021,0,894.928,5127,9496,2.630,1.930,1.130,0,1,1.000,0,0,11,38,0,1,0
25-04 20:57:53,4.755,3.003,57.815,31.035,0,1481000,959908,176740,5313828,3645.096,486.547,0,13407.066,0,860.968,5067,9593,2.630,1.930,1.130,0,1,0,0,0,11,38,0,1,0
25-04 20:57:54,5.752,2.501,60.523,27.510,0.250,1481536,959656,176740,5313544,10839.090,540.204,0,9755.681,0,715.270,4925,8859,2.630,1.930,1.130,0,1,3.001,0,0,11,38,0,1,0
25-04 20:57:55,4.750,2.750,64.497,25.749,0,1481392,959656,176740,5313688,8270.678,485.981,0,7655.702,0,630.975,4396,7890,2.630,1.930,1.130,0,1,9.000,0,0,11,38,0,1,0
25-04 20:57:56,6.749,3.249,57.491,28.995,0,1481100,959656,176740,5313976,8160.730,485.924,0,16569.422,0,1101.829,5413,9901,2.820,1.980,1.150,0,2,5.999,0,0,11,38,0,1,0
25-04 20:57:57,6.000,2.750,62.498,26.249,0,1480824,959656,176748,5314244,8313.790,485.988,0,11595.707,0,827.979,5320,9285,2.820,1.980,1.150,0,1,12.000,0,0,11,38,0,1,0
25-04 20:57:58,5.245,2.747,64.187,25.475,0,1480752,959656,176752,5314308,8443.760,485.526,0,6265.885,0,592.422,4819,8397,2.820,1.980,1.150,1,0,8.991,0,0,11,38,0,1,0
25-04 20:57:59,15.052,9.282,58.701,14.801,0,1349512,1090980,176752,5314228,6785.273,541.859,0,8541.296,0,566.945,4830,5557,2.820,1.980,1.150,3,0,176.606,0,0,11,32,0,2,0
25-04 20:58:00,11.004,24.008,61.520,2.001,0,1365956,1074352,176752,5314412,4245.366,486.156,0,1660.534,0,96.031,7120,6483,2.820,1.980,1.150,4,0,729.235,0,0,11,32,0,4,0
25-04 20:58:01,64.121,10.229,19.960,5.239,0,1543288,896472,176752,5314960,9375.174,485.026,0,3397.178,0,194.609,4554,3303,2.840,2,1.160,3,1,40.918,0,0,11,32,0,8,0
25-04 20:58:02,62.892,7.016,26.560,3.508,0,1703300,733204,176752,5317908,7151.172,529.197,0,3082.972,0,97.220,3715,1716,2.840,2,1.160,2,1,1.002,0,0,11,32,0,8,0
25-04 20:58:03,47.160,5.989,32.189,13.724,0,1809212,623400,176752,5321412,3321.667,485.075,0,7629.455,0,344.344,4571,4542,2.840,2,1.160,0,1,5.989,0,0,11,38,0,8,0
25-04 20:58:04,12.502,3.000,53.758,28.254,0,1809864,620628,176764,5323456,8413.330,540.085,0,8177.293,0,624.099,6860,12248,2.840,2,1.160,0,2,54.009,0,0,11,38,0,8,0
25-04 20:58:05,11.491,2.998,49.709,32.973,0,1810376,618108,176772,5325400,9332.369,485.603,0,11774.372,0,738.396,5427,9217,2.840,2,1.160,2,2,29.975,0,0,11,38,0,8,0
25-04 20:58:06,4.748,2.499,55.731,35.238,0,1810448,617100,176772,5326292,10796.368,527.822,0,9724.729,0,626.789,4238,7627,2.930,2.040,1.170,0,1,11.996,0,0,11,38,0,8,0
25-04 20:58:07,7.748,2.999,53.234,32.241,0,1809396,616596,176788,5327796,7704.745,485.858,0,16083.294,0,1074.686,5999,11329,2.930,2.040,1.170,0,2,20.994,0,0,11,38,0,8,0
25-04 20:58:08,8.005,3.753,51.284,33.522,0.250,1809700,614832,176808,5329152,5936.957,486.324,0,15298.197,0,989.660,5999,11070,2.930,2.040,1.170,1,2,27.018,0,0,11,38,0,8,0
25-04 20:58:09,7.998,2.999,50.239,36.492,0,1809160,614580,176824,5329908,9929.877,539.885,0,12069.419,0,819.825,5335,9463,2.930,2.040,1.170,0,1,32.993,0,0,11,38,0,8,0
25-04 20:58:10,6.497,3.498,52.726,34.484,0,1808140,614328,176836,5331088,6866.840,485.776,0,12962.035,0,844.611,5285,9601,2.930,2.040,1.170,4,0,20.990,0,0,11,38,0,8,0
25-04 20:58:11,6.511,3.005,53.840,34.057,0,1807668,613824,176844,5332036,4073.845,486.818,0,13382.485,0,881.481,6119,11861,3.100,2.080,1.190,1,2,21.035,0,0,11,38,0,8,0
25-04 20:58:12,7.247,3.748,53.227,32.236,0,1815160,604752,176860,5333556,8407.374,485.790,0,11455.059,0,870.624,6469,11421,3.100,2.080,1.190,0,3,33.985,0,0,11,38,0,8,0
25-04 20:58:13,6.251,3.251,53.261,35.257,0,1815648,603240,176872,5334536,7231.477,486.099,0,11378.324,0,741.151,5132,9357,3.100,2.080,1.190,0,5,12.002,0,0,11,38,0,8,0
25-04 20:58:14,7.239,2.746,49.426,37.693,0,1815068,602484,176880,5335796,9335.934,539.188,0,14106.745,0,918.616,6130,11235,3.100,2.080,1.190,1,3,20.968,0,0,11,38,0,8,0
25-04 20:58:15,8.756,3.502,51.533,32.771,0,1815656,600720,176892,5336936,5830.759,486.313,0,14937.629,0,1003.647,5839,10393,3.100,2.080,1.190,0,3,33.021,0,0,11,38,0,8,0
25-04 20:58:16,8.999,3.250,55.995,29.747,0,1814452,600720,176904,5338092,3770.673,485.958,0,12522.914,0,855.926,5844,10696,3.250,2.130,1.210,0,1,29.997,0,0,11,38,0,8,0
25-04 20:58:17,7.503,3.001,56.775,30.514,0,1814372,599964,176916,5338896,9067.014,528.234,0,11809.227,0,838.371,5702,10333,3.250,2.130,1.210,1,2,30.013,0,0,11,38,0,8,0
25-04 20:58:18,7.743,3.247,49.955,36.467,0,1814004,598956,176920,5340204,6391.216,485.561,0,15438.029,0,1010.086,6109,10970,3.250,2.130,1.210,0,2,23.978,0,0,11,38,0,8,0
25-04 20:58:19,7.750,2.500,48.502,38.502,0,1813640,597948,176924,5341504,9577.462,486.023,0,12912.623,0,784.038,6174,11163,3.250,2.130,1.210,4,1,15.001,0,0,11,38,0,8,0
25-04 20:58:20,6.502,3.001,53.020,33.012,0,1813416,597192,176940,5342444,9372.523,486.183,0,17250.485,0,1141.429,6440,12075,3.250,2.130,1.210,4,1,18.007,0,0,11,38,0,8,0
25-04 20:58:21,7.249,3.249,57.491,30.245,0,1814068,595176,176940,5343732,12362.017,485.922,0,8122.697,0,666.893,5542,9603,3.230,2.150,1.220,1,2,20.997,0,0,11,38,0,8,0
25-04 20:58:22,5.751,2.750,51.759,36.006,0,1813448,594924,176940,5344568,6032.067,580.103,0,15222.693,0,1002.177,5442,10176,3.230,2.150,1.220,2,2,13.002,0,0,11,38,0,8,0
25-04 20:58:23,4.248,2.249,55.473,34.983,0.250,1813276,594688,176940,5344964,4202.953,485.763,0,10119.071,0,695.661,5346,10101,3.230,2.150,1.220,0,1,8.996,0,0,11,38,0,8,0
25-04 20:58:24,6.249,3.249,53.491,34.494,0,1813592,593304,176948,5346000,3970.358,485.921,0,13557.806,0,907.853,6523,12314,3.230,2.150,1.220,1,2,17.997,0,0,11,38,0,8,0
25-04 20:58:25,5.999,3.000,57.494,31.247,0,1813548,592548,176956,5346764,11620.855,485.952,0,12554.763,0,898.911,5595,9874,3.230,2.150,1.220,3,1,23.998,0,0,11,38,0,8,0
25-04 20:58:26,5.004,3.002,53.544,35.029,0,1813356,592044,176956,5347444,9103.436,486.397,0,11161.117,0,768.628,4820,8903,3.130,2.140,1.230,0,2,12.010,0,0,11,38,0,8,0
25-04 20:58:27,18.043,5.513,46.361,27.817,0,1669152,735612,176964,5348060,8052.251,487.165,0,12626.186,0,894.138,6096,10008,3.130,2.140,1.230,1,2,93.223,0,0,11,36,0,8,0
25-04 20:58:28,28.489,4.498,39.485,25.990,0,1739736,664028,176972,5349028,6244.687,485.820,0,12535.356,0,848.686,6055,9411,3.130,2.140,1.230,2,3,27.990,0,0,11,36,0,8,0
25-04 20:58:29,29.005,4.751,37.757,27.755,0,1801240,601280,176976,5350232,8386.581,486.092,0,14022.644,0,933.176,6133,9450,3.130,2.140,1.230,1,1,26.005,0,0,11,38,0,8,0
25-04 20:58:30,15.715,5.238,48.642,27.938,0,1730628,670808,176980,5351288,9128.822,484.928,0,9359.313,0,697.458,6341,10136,3.130,2.140,1.230,2,1,92.795,0,0,11,36,0,8,0
25-04 20:58:31,6.997,2.499,53.724,33.484,0,1721476,678648,176992,5352532,4260.956,485.767,0,10155.128,0,774.628,5517,9837,3.120,2.160,1.240,0,2,29.986,0,0,11,36,0,8,0
25-04 20:58:32,6.256,2.753,51.300,36.786,0,1713052,686180,177008,5353392,7825.557,486.470,0,13541.076,0,902.872,5711,10711,3.120,2.160,1.240,0,2,22.021,0,0,11,36,0,8,0
25-04 20:58:33,3.749,2.499,53.484,37.739,0,1705112,692208,177020,5355236,12650.304,539.842,0,12896.232,0,680.801,4802,9054,3.120,2.160,1.240,0,3,7.998,0,0,11,36,0,8,0
25-04 20:58:34,5.760,4.508,44.830,42.075,0,1711612,684548,177044,5357492,10869.312,486.865,0,14517.795,0,933.659,6505,13523,3.120,2.160,1.240,5,2,40.071,0,0,11,36,0,8,0
25-04 20:58:35,9.483,3.244,53.654,30.196,0,1708292,686064,177048,5358052,11482.448,485.132,0,8955.970,0,696.753,5843,18267,3.120,2.160,1.240,0,4,19.964,0,0,11,36,0,9,0
25-04 20:58:36,6.497,3.498,53.972,32.483,0,1701388,692064,177056,5358920,9055.227,485.744,0,14068.585,0,952.498,5627,10317,3.030,2.160,1.240,2,1,23.987,0,0,11,36,0,9,0
25-04 20:58:37,7.248,3.249,51.237,35.491,0,1691528,700752,177064,5360056,11761.031,485.877,0,14832.255,0,986.751,6614,12134,3.030,2.160,1.240,1,2,20.995,0,0,11,36,0,9,0
25-04 20:58:38,10.001,3.000,52.006,33.254,0,1688904,702984,177068,5360396,5733.677,486.057,0,14017.655,0,935.110,5590,9807,3.030,2.160,1.240,0,1,6.001,0,0,11,36,0,8,0
25-04 20:58:39,9.250,2.750,53.499,31.000,0,1688328,702108,177072,5361816,4421.953,485.995,0,11943.874,0,770.992,5263,9179,3.030,2.160,1.240,0,2,0,0,0,11,36,0,8,0
25-04 20:58:40,5.759,3.255,55.591,33.555,0,1684200,704616,177072,5363392,9902.204,486.797,0,9435.440,0,631.033,5251,9625,3.030,2.160,1.240,2,1,0,0,0,11,36,0,8,0
25-04 20:58:41,6.240,2.496,51.920,36.194,0,1680476,706728,177076,5364928,9571.267,485.253,0,13475.258,0,871.658,5665,10468,2.950,2.150,1.250,0,1,0,0,0,11,36,0,8,0
25-04 20:58:42,6.003,3.752,53.523,33.514,0,1678188,707408,177076,5366420,4121.777,486.210,0,18059.784,0,1105.477,6042,11611,2.950,2.150,1.250,1,3,1.000,0,0,11,36,0,8,0
25-04 20:58:43,5.247,2.999,51.974,35.982,0,1676120,707428,177076,5368396,11294.362,485.758,0,14732.646,0,907.547,5341,9745,2.950,2.150,1.250,0,2,0,0,0,11,36,0,8,0
25-04 20:58:44,5.751,3.000,56.258,31.504,0,1674496,707564,177076,5369840,3685.499,486.066,0,12097.637,0,802.109,5435,10195,2.950,2.150,1.250,0,1,0,0,0,11,36,0,8,0
25-04 20:58:45,5.262,2.506,50.366,38.589,0,1672872,707752,177076,5371240,10553.225,487.118,0,12572.861,0,806.852,5130,9334,2.950,2.150,1.250,0,1,0,0,0,11,36,0,8,0
25-04 20:58:46,5.487,2.494,53.128,35.668,0,1671324,707392,177076,5373084,10311.257,484.884,0,10543.722,0,724.332,4888,9022,2.870,2.150,1.250,0,1,0,0,0,11,36,0,8,0
25-04 20:58:47,6.250,2.750,46.751,41.001,0,1670928,706312,177076,5374452,3787.100,486.013,0,16012.425,0,977.026,5289,10033,2.870,2.150,1.250,0,3,0,0,0,11,36,0,8,0
25-04 20:58:48,6.499,3.000,55.741,32.995,0,1670240,706312,177076,5375092,9422.463,485.921,0,11474.128,0,779.873,5382,9768,2.870,2.150,1.250,0,1,11.998,0,0,11,36,0,8,0
25-04 20:58:49,6.250,3.250,57.497,30.498,0.250,1669708,705304,177076,5376576,6435.626,485.972,0,13979.188,0,879.949,5094,9353,2.870,2.150,1.250,1,4,6.000,0,0,11,36,0,8,0
25-04 20:58:50,5.001,2.751,62.264,27.006,0,1669604,705052,177084,5376912,4805.085,486.110,0,8397.897,0,729.165,4914,8824,2.870,2.150,1.250,0,1,12.003,0,0,11,36,0,8,0
25-04 20:58:51,3.754,3.253,55.809,35.037,0,1669240,705052,177088,5377268,8966.546,486.518,0,12933.769,0,902.961,4976,9087,3.120,2.210,1.280,1,3,9.010,0,0,11,36,0,8,0
25-04 20:58:52,5.493,3.246,60.418,27.962,0,1669044,705052,177088,5377452,9761.675,539.264,0,9594.903,0,766.953,5192,9109,3.120,2.210,1.280,1,1,15.978,0,0,11,36,0,8,0
25-04 20:58:53,5.752,2.751,59.022,29.011,0,1668996,705052,177088,5377492,8549.127,486.178,0,13396.900,0,915.335,5579,10325,3.120,2.210,1.280,1,1,12.004,0,0,11,36,0,8,0
25-04 20:58:54,7.257,3.253,54.053,32.281,0,1670280,702532,177092,5378700,9770.517,486.474,0,14746.363,0,982.957,5860,10781,3.120,2.210,1.280,5,1,6.006,0,0,11,36,0,8,0
25-04 20:58:55,8.739,2.497,58.178,28.465,0,1669452,702784,177096,5379256,4225.759,485.398,0,11002.355,0,753.066,5216,9432,3.120,2.210,1.280,0,1,11.985,0,0,11,36,0,8,0
25-04 20:58:56,6.253,2.001,63.778,24.511,0,1669360,701588,177100,5380500,10234.492,486.213,0,8823.873,0,611.268,4759,8201,3.030,2.210,1.280,1,1,18.008,0,0,11,36,0,8,0
25-04 20:58:57,6.748,3.499,53.981,32.739,0,1668728,701588,177104,5381120,5836.986,485.832,0,13759.253,0,930.679,6299,11686,3.030,2.210,1.280,1,2,11.996,0,0,11,36,0,8,0
25-04 20:58:58,6.752,3.001,52.015,35.510,0,1668808,701084,177104,5381536,7810.291,486.143,0,14280.189,0,951.279,5446,9747,3.030,2.210,1.280,0,2,18.005,0,0,11,36,0,8,0
25-04 20:58:59,15.753,7.501,42.507,31.505,0,1513652,855788,177104,5381960,9248.530,486.080,0,11861.963,0,778.129,6785,10426,3.030,2.210,1.280,0,3,167.028,0,0,11,34,0,8,0
25-04 20:59:00,19.292,7.015,66.896,6.013,0,1399472,969876,177104,5382048,8830.243,487.061,0,2910.342,0,185.404,3594,3676,3.030,2.210,1.280,1,0,94.205,0,0,11,32,0,8,0
25-04 20:59:01,22.449,3.492,69.592,3.243,0,1466144,903196,177104,5382056,6296.661,484.896,0,1696.137,0,136.689,2101,1785,2.870,2.190,1.280,1,0,0.998,0,0,11,32,0,8,0
25-04 20:59:02,24.277,2.753,68.327,4.004,0,1511212,858088,177104,5382096,5267.904,486.545,0,2807.146,0,166.186,2488,2430,2.870,2.190,1.280,1,0,3.003,0,0,11,34,0,1,0
25-04 20:59:03,20.981,4.496,73.435,0,0,1504568,864732,177104,5382096,4463.039,485.569,0,0,0,0,2149,1490,2.870,2.190,1.280,1,0,27.975,0,0,11,32,0,1,0
25-04 20:59:04,23.245,2.749,73.235,0.250,0,1567316,801984,177104,5382096,9219.089,485.899,0,367.924,0,28.994,2077,1738,2.870,2.190,1.280,1,0,2.000,0,0,11,32,0,1,0
25-04 20:59:05,17.302,20.812,60.681,0,0,1487308,881948,177104,5382132,9787.263,529.583,0,730.183,0,54.162,5818,5710,2.870,2.190,1.280,3,0,651.949,0,0,11,32,0,1,0
25-04 20:59:06,10.227,29.433,58.867,0.998,0,1489552,879640,177104,5382180,9052.479,484.901,0,311.294,0,28.934,7411,6695,2.720,2.170,1.280,2,0,879.007,0,0,11,32,0,1,0
25-04 20:59:07,8.500,20.750,69.001,0.500,0,1485208,883904,177104,5382260,7349.100,486.007,0,112.002,0,9.000,6077,4676,2.720,2.170,1.280,1,0,473.006,0,0,11,32,0,1,0
25-04 20:59:08,9.255,21.511,68.537,0,0,1454040,915024,177104,5382296,9297.952,486.259,0,36.019,0,9.005,6058,4792,2.720,2.170,1.280,1,0,441.235,0,0,11,32,0,1,0
25-04 20:59:09,18.766,14.513,65.307,0,0,1428660,940236,177104,5382784,8877.768,486.426,0,100.088,0,6.005,5896,7879,2.720,2.170,1.280,3,0,231.202,0,0,11,32,0,1,0
25-04 20:59:10,44.658,10.479,44.409,0,0,1561344,807432,177104,5383020,3653.513,538.896,0,83.828,0,3.992,3474,2276,2.720,2.170,1.280,2,0,112.769,0,0,11,33,0,1,0
25-04 20:59:11,42.249,5.500,48.248,3.500,0,1652392,716176,177104,5383224,3880.871,485.984,103.997,367.988,1.000,17.999,3362,2773,2.660,2.170,1.280,3,0,16.999,0,0,11,49,0,1,0
25-04 20:59:12,46.002,5.250,47.502,0.250,0,1691992,672304,177116,5387108,10655.355,486.016,0,1656.055,0,154.005,4112,6292,2.660,2.170,1.280,3,0,3.000,0,0,11,49,0,1,0
25-04 20:59:13,12.503,19.005,68.018,0.500,0,1703144,661028,177120,5387584,5311.445,486.132,0,208.057,0,15.004,6582,6821,2.660,2.170,1.280,1,0,404.110,0,0,11,48,0,1,0
25-04 20:59:14,11.509,6.005,82.313,0,0,1709052,655096,177120,5387156,9762.477,486.373,0,584.448,0,74.057,3692,4755,2.660,2.170,1.280,1,0,91.070,0,0,11,48,0,1,0
25-04 20:59:15,0.499,0.499,97.098,0.250,0,1708980,655176,177120,5387164,9635.936,485.241,0,387.394,0,29.953,1014,1434,2.660,2.170,1.280,0,0,2.995,0,0,11,48,0,1,0
25-04 20:59:16,0.500,0.750,97.758,0.250,0,1708176,655980,177120,5387164,12096.942,486.038,0,36.003,0,4.000,798,1036,2.450,2.130,1.270,0,0,3.000,0,0,11,48,0,1,0
25-04 20:59:17,0.750,0.250,98.498,0,0,1705088,659068,177120,5387164,5285.874,485.988,0,0,0,0,646,924,2.450,2.130,1.270,0,0,1.000,0,0,11,48,0,1,0
25-04 20:59:18,3.762,5.016,90.293,0,0,1692368,671804,177120,5387168,5813.893,487.585,0,0,0,0,2230,2289,2.450,2.130,1.270,2,0,101.329,0,0,11,48,0,1,0
25-04 20:59:19,17.445,12.461,68.782,0,0,1655692,708508,177120,5387164,8077.405,484.465,0,11.962,0,2.991,5633,9086,2.450,2.130,1.270,0,0,252.201,0,0,11,48,0,1,0
25-04 20:59:20,14.540,18.551,64.929,0,0,1694228,669688,177120,5387788,6508.921,725.999,0,16.044,0,4.011,6535,7298,2.450,2.130,1.270,1,0,451.242,0,0,12,48,0,1,0
25-04 20:59:21,16.205,12.964,65.071,4.488,0,1687340,676484,177120,5387484,3201.208,484.669,0,618.302,0,42.882,5440,6920,2.330,2.110,1.270,0,1,251.310,0,0,12,64,0,1,0
25-04 20:59:22,6.516,8.521,83.707,0.251,0,1692448,671304,177120,5387872,10928.011,581.437,0,4.010,0,1.002,3561,3957,2.330,2.110,1.270,1,0,156.387,0,0,14,66,0,1,0
25-04 20:59:23,16.971,12.978,68.883,0,0,1680840,682868,177120,5387544,7250.727,485.179,0,31.946,0,3.993,5524,6875,2.330,2.110,1.270,1,0,264.552,0,0,14,66,0,2,0
25-04 20:59:24,8.766,20.788,69.628,0,0,1673168,690476,177124,5387588,11310.762,486.894,0,32.059,0,7.013,5888,4662,2.330,2.110,1.270,1,0,423.778,0,0,14,66,0,2,0
25-04 20:59:25,17.202,15.706,65.816,0,0,1672252,691364,177124,5388036,11144.784,568.408,0,39.888,0,9.972,7012,8827,2.330,2.110,1.270,1,0,293.179,0,0,14,66,0,2,0
25-04 20:59:26,27.776,22.521,48.795,0,0,1761104,602452,177132,5387660,4377.053,486.450,0,396.367,0,8.007,6447,5545,2.310,2.110,1.280,3,0,561.520,0,0,14,66,0,2,0
25-04 20:59:27,30.303,24.543,43.827,0.250,0,1817572,544384,177176,5389132,9784.181,486.855,8.014,216.380,1.002,9.016,7446,8825,2.310,2.110,1.280,2,0,663.165,0,0,14,68,0,3,0
25-04 20:59:28,33.441,22.211,43.174,0,0,1926304,435436,177184,5389300,8952.259,485.147,0,35.937,0,8.984,6563,6925,2.310,2.110,1.280,2,0,408.282,0,0,14,70,0,4,0
25-04 20:59:29,60.251,20.914,18.673,0,0,2024268,337200,177200,5389972,4113.028,484.003,0,27.885,0,6.971,5665,5861,2.310,2.110,1.280,6,0,400.348,0,0,14,70,0,4,0
25-04 20:59:30,60.568,20.859,18.095,0,0,2124664,236208,177208,5390916,9377.210,633.324,0,518.722,0,9.047,6051,9398,2.310,2.110,1.280,3,0,376.978,0,0,14,70,0,4,0
25-04 20:59:31,64.908,20.970,8.488,5.742,0,2189428,188500,171980,5378584,6984.081,485.311,0,1761.498,0,118.831,4865,4754,2.520,2.160,1.300,2,11,386.451,0,0,14,70,0,4,0
25-04 20:59:32,49.849,18.537,9.018,22.795,0,2277308,207068,165060,5281260,8991.888,486.969,1531.046,11987.848,113.225,657.308,6409,6054,2.520,2.160,1.300,3,2,283.564,0,0,14,70,0,4,0
25-04 20:59:33,72.496,19.249,3.250,4.250,0,2446992,191772,163840,5131880,6402.609,485.970,4139.747,2407.853,175.989,108.993,7643,8581,2.520,2.160,1.300,2,3,369.977,0,0,14,76,0,4,0
25-04 20:59:34,46.882,21.945,15.711,13.466,0,2543652,169660,163576,5059644,4834.851,484.782,1500.230,7401.402,64.837,543.634,10613,15356,2.520,2.160,1.300,8,1,403.985,0,0,14,76,0,4,0
25-04 20:59:35,57.099,16.529,11.770,15.026,0,2629824,142016,163260,5002708,8596.847,486.841,1807.121,19946.449,69.119,470.813,8306,28487,2.520,2.160,1.300,2,1,192.332,0,0,14,79,0,4,0
25-04 20:59:36,56.433,7.991,24.221,10.488,0,2770788,140908,163020,4866160,7881.639,485.423,75.910,6092.764,7.991,259.692,7676,9587,2.640,2.190,1.310,3,2,3.995,0,0,14,79,0,5,0
25-04 20:59:37,71.217,17.742,7.247,2.749,0,2848684,201740,163032,4730564,8560.025,485.774,223.896,2059.044,30.986,109.949,8832,17133,2.640,2.190,1.310,2,3,414.807,0,0,14,95,0,14,0
25-04 20:59:38,23.239,22.739,51.476,1.249,0,2893036,155684,163036,4732892,7348.547,485.772,0,1099.483,0,59.972,8747,12747,2.640,2.190,1.310,1,1,498.766,0,0,14,97,0,17,0
25-04 20:59:39,31.756,12.002,52.760,3.001,0,2951452,161544,163044,4669760,8712.659,486.093,2320.442,1228.234,104.020,60.011,5521,6263,2.640,2.190,1.310,2,2,196.037,0,0,14,98,0,17,0
25-04 20:59:40,44.236,6.498,41.237,7.498,0,3059756,119096,163052,4605192,6880.885,575.823,275.915,4738.543,26.992,251.923,3481,3137,2.640,2.190,1.310,0,2,2.999,0,0,14,102,0,17,0
25-04 20:59:41,9.262,19.525,69.840,0.751,0,3060252,185656,163052,4539512,4879.311,486.629,0,1005.300,0,63.082,6146,5206,2.510,2.170,1.310,1,1,374.484,0,0,14,101,0,17,0
25-04 20:59:42,8.000,19.001,70.504,0.750,0,3077948,167920,163052,4539552,5612.347,486.030,4.000,420.026,1.000,36.002,5873,4642,2.510,2.170,1.310,1,0,371.023,0,0,14,101,0,17,0
25-04 20:59:43,13.486,13.236,71.677,0.250,0,3112380,132612,163052,4540428,10228.531,485.503,855.125,87.910,37.961,4.995,4317,3313,2.510,2.170,1.310,1,0,243.751,0,0,14,101,0,17,0
25-04 20:59:44,18.747,2.250,77.736,0,0,3139604,172812,163052,4474664,16111.075,6317.853,19.996,7.999,2.000,2.000,1950,1597,2.510,2.170,1.310,1,0,0,0,0,14,102,0,17,0
25-04 20:59:45,18.753,5.751,73.762,1.000,0,3143100,169284,163056,4474692,24935.156,17553.926,4.001,328.055,1.000,25.004,3209,3088,2.510,2.170,1.310,1,0,63.011,0,0,14,103,0,18,0
25-04 20:59:46,18.249,2.250,77.495,1.000,0,3183528,128852,163056,4474696,11872.165,6137.568,4.000,263.981,1.000,21.998,2137,2076,2.470,2.170,1.310,2,2,0,0,0,14,104,0,18,0
25-04 20:59:47,19.812,4.012,72.726,3.009,0,3182544,128896,163068,4475596,11224.865,1432.449,481.496,613.907,24.075,59.184,2673,3205,2.470,2.170,1.310,6,3,2.006,0,0,14,110,0,18,0
25-04 20:59:48,29.838,7.211,52.217,8.703,0,3234312,142124,162976,4412184,6781.289,483.383,437.631,1873.856,20.887,189.972,5632,7810,2.470,2.170,1.310,3,2,5.968,0,0,14,115,0,19,0
25-04 20:59:49,19.791,8.267,68.891,2.756,0,3196400,179948,162976,4412256,6477.285,1632.348,0,1178.417,0,88.181,3775,3823,2.470,2.170,1.310,1,1,111.228,0,0,14,114,0,20,0
25-04 20:59:50,18.498,2.250,76.491,1.500,0,3234440,141896,162980,4412264,14909.229,6196.264,4.000,767.909,1.000,40.995,1968,1749,2.470,2.170,1.310,1,1,0,0,0,14,115,0,20,0
25-04 20:59:51,19.498,3.500,74.742,1.000,0,3237124,139152,162980,4412324,11694.694,3243.638,0,867.903,0,92.990,3133,3759,2.350,2.150,1.310,1,1,2.000,0,0,14,119,0,20,0
25-04 20:59:52,35.231,10.494,51.722,1.999,0,3291196,148780,162984,4350168,6397.550,1679.095,7.996,1051.433,1.999,102.944,5197,6000,2.350,2.150,1.310,2,1,98.947,0,0,14,120,0,21,0
25-04 20:59:53,39.543,6.007,53.058,0.751,0,3411972,154924,162984,4226604,13420.738,6205.815,200.220,1181.297,2.002,76.084,3051,2047,2.350,2.150,1.310,2,0,4.004,0,0,14,121,0,21,0
25-04 20:59:54,19.023,5.757,74.089,0,0,3427700,139180,162984,4226620,24454.264,17331.741,0,536.642,0,29.035,2491,1967,2.350,2.150,1.310,2,0,55.066,0,0,14,120,0,22,0
25-04 20:59:55,17.977,1.997,79.150,0.250,0,3424928,141944,162984,4226628,14767.296,6191.158,0,331.580,0,18.976,1721,1325,2.350,2.150,1.310,1,0,0,0,0,14,121,0,22,0
25-04 20:59:56,19.811,6.018,73.475,0,0,3438612,190448,162984,4165980,23651.531,17364.250,8.025,140.431,2.006,14.043,2500,1983,2.240,2.130,1.310,1,0,51.157,0,0,14,120,0,23,0
25-04 20:59:57,15.946,1.744,81.722,0.249,0,3450460,178588,162984,4165992,12073.863,7000.150,3.986,35.878,0.997,3.986,1580,1333,2.240,2.130,1.310,1,0,0,0,0,14,122,0,23,0
25-04 20:59:58,26.334,7.273,63.451,2.759,0,3436736,192040,162984,4166264,11524.559,1639.200,12.038,963.055,3.010,108.344,5287,7268,2.240,2.130,1.310,1,1,91.290,0,0,14,126,0,24,0
25-04 20:59:59,18.449,2.493,75.539,1.994,0,3444400,184372,162984,4166268,13356.733,6181.752,0,562.431,0,44.875,1876,1744,2.240,2.130,1.310,1,1,0,0,0,14,127,0,24,0
25-04 21:00:00,18.749,5.500,73.997,0.500,0,3425688,203060,162984,4166292,21549.271,17310.415,0,739.975,0,48.998,2478,2023,2.240,2.130,1.310,2,0,54.998,0,0,14,126,0,25,0
25-04 21:00:01,16.745,2.499,77.977,1.749,0,3442064,186632,162988,4166340,13890.822,6757.968,47.986,143.957,6.998,13.996,1999,1821,2.060,2.090,1.300,0,0,1.999,0,0,14,127,0,25,0
25-04 21:00:02,23.284,4.507,62.841,7.010,0,3440776,187564,162992,4166692,9229.337,865.250,32.046,2327.363,5.007,291.421,7099,10878,2.060,2.090,1.300,1,1,2.003,0,0,14,128,0,26,0
25-04 21:00:03,15.232,4.994,51.441,26.969,0,3410276,218056,162992,4166700,9863.602,1777.945,0,20807.955,0,924.931,4148,5124,2.060,2.090,1.300,1,0,52.939,0,0,14,127,0,27,0
25-04 21:00:04,18.243,2.749,77.969,0.250,0,3425328,202996,162992,4166708,11215.581,6194.559,0,275.891,0,11.995,1757,1383,2.060,2.090,1.300,1,1,0,0,0,14,128,0,27,0
25-04 21:00:05,19.311,3.762,72.730,2.759,0,3425824,202448,162992,4166760,7509.771,4822.264,0,1035.277,0,95.302,3521,4747,2.060,2.090,1.300,1,1,0,0,0,14,128,0,27,0
25-04 21:00:06,30.249,5.500,57.748,6.000,0,3388448,239736,162996,4166844,9716.595,1351.944,0,1799.925,0,172.993,6033,8644,1.980,2.070,1.300,4,0,5.000,0,0,14,129,0,28,0
25-04 21:00:07,21.939,5.734,69.807,1.745,0,3440076,188092,162996,4166860,7102.402,484.663,0,410.866,0,35.901,2922,2998,1.980,2.070,1.300,1,1,72.799,0,0,14,129,0,28,0
25-04 21:00:08,14.289,3.008,71.445,10.278,0,3436112,192004,163000,4166920,14896.729,9937.169,20.055,3850.528,2.005,376.028,3335,4177,1.980,2.070,1.300,0,1,7.019,0,0,14,132,0,28,0
25-04 21:00:09,19.447,7.978,70.058,0.499,0.249,3403204,224900,163000,4166932,9161.908,724.017,0,1093.007,0,68.812,3443,2971,1.980,2.070,1.300,1,0,146.599,0,0,14,131,0,29,0
25-04 21:00:10,16.746,2.249,79.482,0.500,0,3423436,204660,163000,4166940,15652.408,8585.030,0,419.904,0,20.995,2009,1742,1.980,2.070,1.300,1,1,0,0,0,14,132,0,29,0
25-04 21:00:11,21.533,4.256,68.104,5.008,0,3422712,205344,163008,4166972,13911.207,3878.913,0,1129.722,0,128.195,5230,7379,1.900,2.060,1.300,2,2,0,0,0,14,132,0,29,0
25-04 21:00:12,37.331,8.519,48.606,4.510,0,3426084,201632,163008,4167280,13860.140,2122.616,36.078,1559.391,3.007,144.314,11316,18757,1.900,2.060,1.300,2,2,64.139,0,0,14,135,0,30,0
25-04 21:00:13,32.139,10.962,48.333,7.723,0,3481024,146612,163012,4167340,8829.541,896.906,0,7422.396,0,431.511,7313,9817,1.900,2.060,1.300,1,2,227.216,0,0,14,135,0,30,0
25-04 21:00:14,17.242,2.249,78.213,1.499,0,3489936,137692,163012,4167348,16190.393,7982.249,0,251.882,0,16.992,2066,1716,1.900,2.060,1.300,1,1,0,0,0,14,135,0,31,0
25-04 21:00:15,10.037,19.070,67.496,2.258,0,3444556,183036,163012,4167384,8237.036,578.108,0,425.552,0,25.091,5741,4473,1.900,2.060,1.300,3,2,370.350,0,0,14,135,0,31,0
25-04 21:00:16,13.215,18.701,65.328,1.496,0,3370908,256528,163016,4167536,8719.083,484.726,0,534.595,0,37.900,6233,6386,1.910,2.050,1.300,3,0,332.127,0,0,14,135,0,31,0
25-04 21:00:17,26.519,19.514,53.038,0,0,3408632,218764,163016,4167580,8429.980,486.345,0,112.080,0,10.007,7106,7751,1.910,2.050,1.300,2,0,443.314,0,0,14,135,0,31,0
25-04 21:00:18,34.675,20.456,43.406,0.998,0,3466504,160568,163028,4168340,8240.104,554.795,15.965,670.544,0.998,28.937,6832,7469,1.910,2.050,1.300,5,1,439.046,0,0,14,138,0,32,0
25-04 21:00:19,39.868,18.806,40.119,0.251,0,3538176,150152,163024,4108572,8366.763,487.443,116.344,232.689,6.018,14.042,7263,8868,1.910,2.050,1.300,3,0,455.348,0,0,16,141,0,32,0
25-04 21:00:20,58.359,26.436,14.714,0,0,3704808,122780,162852,3971832,4628.825,484.830,35.913,594.565,4.988,38.906,9468,13839,1.910,2.050,1.300,4,1,521.740,0,0,16,147,0,32,0
25-04 21:00:21,51.432,19.569,27.597,0.502,0,3799600,131124,162852,3869540,3978.041,541.913,32.113,582.054,3.011,39.138,8461,14393,2.070,2.090,1.320,2,1,388.371,0,0,16,163,0,32,2
25-04 21:00:22,37.224,22.234,37.723,1.249,0,3856356,174904,162752,3770828,11788.707,579.592,23.983,1079.241,5.996,52.963,7705,7027,2.070,2.090,1.320,3,1,599.578,0,0,16,163,0,32,2
25-04 21:00:23,20.932,16.945,61.053,0.498,0,3886764,144428,162756,3771000,6934.634,574.148,0,199.357,0,18.939,7035,8669,2.070,2.090,1.320,1,0,310.997,0,0,17,163,0,32,2
25-04 21:00:24,29.852,22.828,46.157,1.254,0,3940076,145080,162756,3718228,9334.783,487.660,12.041,4535.442,3.010,414.411,7374,6444,2.070,2.090,1.320,2,0,563.920,0,0,17,163,0,31,2
25-04 21:00:25,37.483,17.242,44.730,0.250,0,3993576,131980,162756,3678796,10489.271,485.781,7.996,419.811,1.999,24.989,7853,9198,2.070,2.090,1.320,2,0,299.865,0,0,17,169,0,31,2
25-04 21:00:26,35.988,25.242,36.738,1.749,0,4087524,143028,162760,3576268,10745.540,485.844,19.994,103.967,1.999,9.997,8241,13447,2.070,2.090,1.320,4,0,657.788,0,0,17,173,0,31,2
25-04 21:00:27,28.270,23.767,44.031,1.501,0,4178816,172028,162760,3458668,6113.292,556.391,20.014,956.672,5.004,54.038,9793,15664,2.070,2.090,1.320,3,0,643.452,0,0,17,181,0,31,2
25-04 21:00:28,15.505,19.006,63.770,1.250,0.250,4199908,150884,162760,3459048,3421.050,486.149,0,364.112,0,25.008,7254,8518,2.070,2.090,1.320,1,0,358.110,0,0,17,181,0,29,2
25-04 21:00:29,33.146,12.461,44.112,8.224,0,4292260,149700,162760,3368740,8721.666,484.482,346.913,18545.876,7.975,859.307,4978,3522,2.070,2.090,1.320,2,0,119.625,0,0,17,187,0,29,2
25-04 21:00:30,44.704,5.744,47.201,1.249,0,4402392,126452,162876,3284144,6612.148,485.497,455.528,563.416,17.981,35.963,3071,1895,2.070,2.090,1.320,3,0,0.999,0,0,17,187,0,29,2
25-04 21:00:31,32.644,11.300,54.490,1.507,0,4333296,251016,162884,3229420,4369.272,488.153,40.177,417.843,5.022,33.146,4265,3686,1.980,2.070,1.320,6,0,174.771,0,0,17,206,0,29,2
25-04 21:00:32,33.751,23.000,39.501,3.250,0,4410304,173012,162884,3230420,8789.189,486.010,920.020,1112.024,10.000,85.002,7311,7136,1.980,2.070,1.320,3,0,551.012,0,0,17,211,0,29,2
25-04 21:00:33,37.605,23.160,35.861,1.743,0,4445964,161348,162892,3207524,17016.198,8463.273,920.441,577.766,16.935,10.958,8247,9998,1.980,2.070,1.320,3,0,408.421,0,0,17,214,0,29,2
25-04 21:00:34,63.445,15.046,16.300,4.514,0,4512748,221416,162912,3082956,9614.549,1254.857,461.418,898.762,11.034,12.037,4991,4487,1.980,2.070,1.320,3,2,160.493,0,0,17,214,0,30,2
25-04 21:00:35,60.677,12.984,16.730,9.239,0,4669420,137636,162932,3012692,15421.463,8275.053,1725.925,838.992,57.930,42.948,5638,17158,1.980,2.070,1.320,3,0,63.923,0,0,17,231,0,31,0
25-04 21:00:36,43.667,8.234,22.957,22.707,0,4635068,204564,162976,2980832,11490.232,3581.215,5413.744,1189.746,349.338,62.881,5395,5492,2.060,2.080,1.330,2,2,28.945,0,0,17,232,0,31,0
25-04 21:00:37,49.134,14.790,24.567,11.782,0.251,4680324,197212,163012,2943904,12671.483,2792.599,762.074,2422.593,116.317,149.407,7104,9760,2.060,2.080,1.330,3,0,211.576,0,0,17,234,0,35,0
25-04 21:00:38,31.773,22.266,42.530,1.001,0,4651984,222716,163016,2947120,16679.866,9208.551,84.060,10771.663,6.004,233.166,8657,10692,2.060,2.080,1.330,2,1,502.357,0,0,17,233,0,36,0
25-04 21:00:39,49.669,21.215,28.204,0.499,0,4731648,141424,163016,2948296,6426.457,2447.984,3.993,431.292,0.998,19.967,6996,7807,2.060,2.080,1.330,2,1,423.306,0,0,17,234,0,36,0
25-04 21:00:40,47.601,21.546,28.811,2.004,0,4801640,134896,163040,2886816,19291.130,9435.116,364.778,1070.282,29.062,61.130,7153,8674,2.060,2.080,1.330,4,3,397.848,0,0,17,233,0,24,0
25-04 21:00:41,61.006,22.252,13.751,1.750,0,4820168,140640,163384,2862292,8301.766,486.045,1288.119,960.089,47.004,56.005,8277,11902,2.300,2.130,1.350,3,0,461.043,0,0,17,239,0,26,0
25-04 21:00:42,51.425,22.637,23.375,1.722,0,4925052,149956,163396,2750344,18697.115,10175.790,204.717,1102.320,10.826,78.737,8279,13063,2.300,2.130,1.350,11,1,430.102,0,0,17,246,0,27,0
25-04 21:00:43,60.973,17.530,19.562,2.286,0,4955192,147152,163396,2722864,8043.352,1644.238,386.162,532.497,26.422,33.535,6425,8192,2.300,2.130,1.350,3,1,200.195,0,0,17,251,0,28,0
25-04 21:00:44,59.581,8.441,28.798,1.241,0,5069640,125772,162876,2632668,18333.141,13969.810,842.081,651.421,12.909,33.763,6207,14084,2.300,2.130,1.350,2,0,6.951,0,0,17,255,0,29,0
25-04 21:00:45,50.487,9.796,33.156,6.531,0,5079920,182400,162884,2567584,16589.005,6109.729,1808.504,2174.224,98.463,221.039,6592,7958,2.300,2.130,1.350,6,1,24.113,0,0,17,262,0,34,0
25-04 21:00:46,53.860,15.532,27.556,2.505,0,5113504,177956,163024,2538888,15737.008,7260.768,769.565,2933.967,16.033,180.367,6480,5854,2.350,2.150,1.360,4,2,299.609,0,0,17,264,0,35,0
25-04 21:00:47,43.935,27.709,23.715,4.493,0,5112364,175128,163148,2543044,13951.309,5364.045,4365.525,1856.247,63.905,95.858,8425,12248,2.350,2.150,1.360,4,0,579.141,0,0,17,263,0,36,0
25-04 21:00:48,59.599,17.780,21.035,0.501,0,5150732,136436,163156,2543252,13171.954,8541.236,893.489,645.075,19.032,7.012,5249,6229,2.350,2.150,1.360,3,2,250.417,0,0,18,264,0,36,0
25-04 21:00:49,72.715,11.245,8.496,6.747,0,5201188,151780,163156,2479404,12721.909,3335.403,2646.733,847.594,119.943,54.974,5536,4515,2.350,2.150,1.360,2,3,15.992,0,0,18,270,0,35,0
25-04 21:00:50,76.430,10.705,7.718,4.481,0,5328948,143096,163172,2363844,14802.087,6600.392,2692.737,1840.302,132.446,143.400,6293,5841,2.350,2.150,1.360,4,3,11.950,0,0,18,272,0,35,0
25-04 21:00:51,51.057,15.267,30.785,3.254,0,5313124,189800,163184,2334160,11177.550,6406.193,901.012,1285.443,18.020,126.142,7030,10733,2.410,2.160,1.370,2,2,234.263,0,0,18,278,0,37,0
25-04 21:00:52,38.290,8.259,48.801,3.253,0,5369164,165008,163192,2304308,18424.332,8242.649,840.882,828.870,12.013,68.071,3957,3393,2.410,2.160,1.370,2,1,8.008,0,0,18,280,0,37,0
25-04 21:00:53,33.921,8.480,54.873,1.995,0,5376580,157512,163192,2304388,23403.811,8367.626,558.706,750.263,6.984,63.852,4142,4702,2.410,2.160,1.370,2,1,13.968,0,0,18,284,0,36,0
25-04 21:00:54,36.512,8.003,53.768,1.000,0,5368984,185248,163192,2285216,10634565.442,91656.894,768.251,588.192,6.002,36.012,6925,3879,2.410,2.160,1.370,1,1,7.002,0,0,18,284,0,36,0
25-04 21:00:55,23.587,11.793,58.214,5.018,0,5313812,232236,163196,2293364,5955888.705,50291.804,2396.807,5616.639,33.122,554.036,7179,5871,2.410,2.160,1.370,2,1,264.974,0,0,18,286,0,37,0
25-04 21:00:56,37.094,5.228,56.512,0.498,0,5408012,165388,163196,2267000,8346.833,8482.262,0,593.499,0,47.799,3123,2437,2.530,2.190,1.380,3,0,1.992,0,0,18,290,0,37,0
25-04 21:00:57,30.894,4.270,61.537,2.512,0,5384688,188468,163196,2267248,23317.661,12528.383,68.318,502.341,4.019,45.211,4949,5987,2.530,2.190,1.380,5,0,25.117,0,0,18,294,0,37,0
25-04 21:00:58,5.227,1.493,84.879,4.231,0,5340004,232692,163200,2267704,440428.615,16428359.918,430.118,6607.086,21.904,53.765,3498,3121,2.530,2.190,1.380,1,1,12.943,0,0,18,292,0,38,0
25-04 21:00:59,14.538,3.258,78.204,3.258,0,5345224,227300,163204,2267856,7483587.248,27108.613,80.209,6380.620,5.013,60.157,5804,6822,2.530,2.190,1.380,1,3,1.003,0,0,18,297,0,38,1
25-04 21:01:00,13.259,13.759,62.041,9.756,0,5258560,297812,163204,2283976,9057389.164,88155.738,76.050,13444.806,5.003,931.610,9900,8043,2.530,2.190,1.380,1,1,318.208,0,0,18,294,0,42,0
25-04 21:01:01,20.438,6.480,71.035,1.246,0,5329232,227100,163204,2284000,8592.983,526.406,0,474.563,0,30.906,3123,2931,2.410,2.170,1.380,1,2,146.556,0,0,18,294,0,40,0
25-04 21:01:02,12.299,15.813,70.281,0.502,0,5319160,237108,163204,2284064,8390.490,487.948,0,626.501,0,45.180,5324,4563,2.410,2.170,1.380,2,0,292.166,0,0,18,294,0,40,0
25-04 21:01:03,8.713,17.674,68.954,2.240,0,5307660,248540,163204,2284132,8362.110,483.923,19.915,908.102,1.991,62.731,5965,4950,2.410,2.170,1.380,0,1,377.380,0,0,18,294,0,40,0
25-04 21:01:04,2.000,2.000,83.245,12.249,0,5311660,244536,163204,2284136,8071.486,485.969,0,19458.762,0,196.987,1347,1554,2.410,2.170,1.380,1,0,10.999,0,0,18,298,0,40,0
25-04 21:01:05,22.486,3.498,72.955,0,0,5382960,173232,163204,2284140,22758.824,2450.474,0,75.953,0,5.996,2381,1790,2.410,2.170,1.380,0,0,1.999,0,0,18,301,0,38,0
25-04 21:01:06,15.801,5.267,77.502,0.752,0,5366204,189772,163204,2284356,15315.788,7478.310,64.209,0,4.013,0,3068,2668,2.220,2.140,1.370,2,0,80.261,0,0,18,304,0,39,0
25-04 21:01:07,11.520,17.280,69.871,1.002,0,5332908,222828,163208,2284560,6447.180,486.844,16.028,412.716,4.007,37.064,5813,5043,2.220,2.140,1.370,1,2,234.406,0,0,18,304,0,39,0
25-04 21:01:08,11.496,16.495,68.228,2.249,0,5323140,232276,163208,2284852,12996.835,485.844,0,271.913,0,20.993,5420,4337,2.220,2.140,1.370,1,0,251.919,0,0,18,304,0,39,0
25-04 21:01:09,21.421,4.982,68.497,3.487,0,5394900,160456,163208,2284912,8624.114,538.011,35.867,16208.074,2.989,45.831,2552,2263,2.220,2.140,1.370,2,1,41.845,0,0,18,304,0,37,0
25-04 21:01:10,22.218,4.244,70.649,2.496,0,5409288,174780,163208,2257036,4632.365,485.305,291.582,215.691,5.991,25.963,2283,1994,2.220,2.140,1.370,2,0,4.993,0,0,18,310,0,37,0
25-04 21:01:11,22.781,3.004,72.600,0.751,0,5390424,193488,163208,2257192,10216.116,486.672,112.155,408.565,7.010,28.039,2495,2388,2.120,2.120,1.370,2,1,7.010,0,0,18,308,0,37,0
25-04 21:01:12,23.495,3.499,70.735,1.500,0,5423864,159972,163208,2257268,7932.277,485.894,71.984,163.964,5.999,20.995,2411,2238,2.120,2.120,1.370,2,1,2.000,0,0,18,308,0,37,0
25-04 21:01:13,11.503,2.751,81.771,2.751,0,5424112,159720,163208,2257272,23598.117,13603.526,0,2096.543,0,120.031,2461,2723,2.120,2.120,1.370,2,1,2.001,0,0,18,311,0,37,0
25-04 21:01:14,20.245,3.999,74.231,0.500,0,5353608,230212,163208,2257284,13401.578,6275.397,0,287.926,0,16.996,2329,2082,2.120,2.120,1.370,1,1,15.996,0,0,18,308,0,38,0
25-04 21:01:15,24.003,2.750,72.509,0.250,0,5392920,190888,163208,2257296,5982.753,486.061,0,408.051,0,28.004,2021,1670,2.120,2.120,1.370,1,1,0,0,0,18,310,0,38,0
25-04 21:01:16,12.268,15.022,70.854,1.001,0,5370428,213084,163216,2257584,8165.990,486.715,392.576,572.841,5.007,28.041,4986,4124,1.950,2.080,1.360,2,1,283.416,0,0,18,310,0,38,0
25-04 21:01:17,12.737,14.734,69.676,0.999,0,5367320,216048,163224,2257720,8974.502,555.412,31.966,299.683,6.993,25.973,5008,4018,1.950,2.080,1.360,2,0,299.683,0,0,18,310,0,37,0
25-04 21:01:18,19.068,3.262,77.526,0.502,0,5367636,215572,163372,2257732,9364.387,2605.289,116.415,124.444,5.018,4.014,1977,1574,1.950,2.080,1.360,2,0,33.118,0,0,18,311,0,37,0
25-04 21:01:19,22.001,3.000,73.004,1.750,0,5346508,229992,164000,2263676,8260.459,726.040,352.020,1084.060,9.000,19.001,2160,1848,1.950,2.080,1.360,2,1,3.000,0,0,18,310,0,37,0
25-04 21:01:20,17.928,2.241,76.693,1.743,0,5369544,205800,164008,2264824,13709.112,3479.071,3.984,482.070,0.996,23.904,2041,1893,1.950,2.080,1.360,1,0,15.936,0,0,18,311,0,37,0
25-04 21:01:21,20.743,4.998,69.975,1.999,0,5364428,205816,164564,2269240,9425.593,1086.607,23.991,1163.579,1.000,16.994,10651,19611,1.870,2.060,1.360,0,0,13.995,0,0,18,311,0,36,0
25-04 21:01:22,19.085,5.274,72.825,1.256,0,5369088,200808,164588,2269564,14622.347,3174.185,20.090,847.789,3.013,48.215,11247,20292,1.870,2.060,1.360,2,0,14.063,0,0,18,311,0,36,0
25-04 21:01:23,19.173,4.233,71.712,3.735,0,5351940,227660,164760,2259640,4348.559,657.363,0,1227.078,0,56.772,2171,1942,1.870,2.060,1.360,1,0,7.968,0,0,18,310,0,36,0
25-04 21:01:24,14.743,12.993,70.964,0,0,5354112,225604,164760,2259652,9369.269,485.755,0,471.762,0,6.996,4425,3680,1.870,2.060,1.360,3,0,267.865,0,0,18,310,0,36,0
25-04 21:01:25,18.750,2.000,78.502,0,0,5394752,184780,164760,2259836,10175.229,2925.066,0,0,0,0,1668,1309,1.870,2.060,1.360,3,0,0,0,0,18,311,0,36,0
25-04 21:01:26,17.320,7.028,71.789,3.765,0,5321440,257924,164760,2260004,16514.504,8401.834,144.582,2927.790,9.036,439.771,3595,2916,1.880,2.060,1.360,1,0,116.469,0,0,18,310,0,39,0
25-04 21:01:27,20.172,3.736,75.458,0,0,5385656,193704,164760,2260008,7547.833,2442.561,0,0,0,0,1952,1559,1.880,2.060,1.360,0,0,1.992,0,0,18,311,0,39,0
25-04 21:01:28,18.768,4.755,74.823,0,0,5376144,203204,164760,2260020,16559.254,7151.019,0,0,0,0,2879,2465,1.880,2.060,1.360,1,0,70.069,0,0,18,310,0,40,0
25-04 21:01:29,18.485,2.498,76.937,0.749,0,5418520,160820,164760,2260028,14142.472,6193.951,0,271.778,0,11.990,1959,1812,1.880,2.060,1.360,1,1,0,0,0,18,311,0,40,0
25-04 21:01:30,19.321,5.520,74.273,0.502,0,5409856,169440,164760,2260072,11970.002,7827.775,32.118,160.590,2.007,13.048,2748,2448,1.880,2.060,1.360,2,1,56.207,0,0,18,310,0,41,0
25-04 21:01:31,20.737,3.748,74.453,0.250,0.250,5439140,140044,164760,2260184,10088.578,6195.057,0,311.802,0,24.984,3332,4400,1.810,2.040,1.360,1,1,2.998,0,0,18,315,0,41,0
25-04 21:01:32,20.948,4.988,70.327,1.746,0,5411684,167364,164760,2260320,13304.239,4981.733,91.774,259.361,5.985,35.912,3078,2894,1.810,2.040,1.360,3,1,33.916,0,0,18,315,0,45,0
25-04 21:01:33,20.709,1.996,75.850,0.250,0,5425580,153440,164760,2260348,12751.741,6634.858,0,307.391,0,23.953,2412,2362,1.810,2.040,1.360,3,0,1.996,0,0,18,315,0,45,0
25-04 21:01:34,14.826,4.774,76.138,3.518,0,5422252,156752,164760,2260364,13415.402,5181.419,0,506.583,0,37.190,2785,2939,1.810,2.040,1.360,1,0,47.241,0,0,18,314,0,45,0
25-04 21:01:35,24.154,4.980,66.985,2.490,0,5409060,200264,164764,2231060,12686.794,6174.565,0,1617.599,0,112.555,3151,10301,1.810,2.040,1.360,2,0,35.858,0,0,18,315,0,46,0
25-04 21:01:36,19.581,4.519,75.310,0.251,0.251,5335936,273396,164764,2231072,14603.054,5014.622,0,224.925,0,9.037,2576,2124,1.750,2.030,1.360,1,0,32.132,0,0,18,314,0,49,0
25-04 21:01:37,19.659,2.737,75.400,0.498,0,5375716,233612,164764,2231076,14639.055,6170.361,0,222.965,0,27.871,2614,2676,1.750,2.030,1.360,1,0,1.991,0,0,18,317,0,49,0
25-04 21:01:38,11.797,8.534,78.563,0.502,0,5339692,269608,164904,2230964,10400.472,5694.708,0,373.489,0,42.168,4091,4135,1.750,2.030,1.360,0,1,177.709,0,0,18,316,0,44,0
25-04 21:01:39,1.992,1.245,91.144,3.735,0,5332800,275136,165352,2231880,10755.984,3883.829,1231.191,223.128,253.012,15.938,1493,2032,1.750,2.030,1.360,1,1,2.988,0,0,18,318,0,44,0
25-04 21:01:40,5.248,7.248,86.221,0.750,0,5326260,281584,165388,2231936,23890.056,3987.674,0,431.856,0,27.991,3032,2875,1.750,2.030,1.360,0,0,124.958,0,0,18,318,0,45,0
25-04 21:01:41,8.757,11.509,77.310,1.251,0,5339584,267984,165388,2232212,6955.439,960.751,212.166,268.210,11.009,10.008,4029,3378,1.770,2.030,1.360,1,0,208.163,0,0,18,316,0,46,0
25-04 21:01:42,21.504,4.501,71.512,1.750,0,5379732,217704,166008,2241628,10531.727,486.080,24.004,1136.186,6.001,24.004,2570,2443,1.770,2.030,1.360,2,0,7.001,0,0,18,316,0,42,0
25-04 21:01:43,13.243,1.499,80.959,2.749,0,5377388,213548,166136,2247912,16758.468,4752.580,871.556,1343.316,10.994,36.981,1896,1878,1.770,2.030,1.360,0,0,15.992,0,0,18,318,0,42,0
25-04 21:01:44,13.013,7.007,72.822,5.005,0,5356048,232908,166184,2249828,16249.056,834.825,1000.989,3299.260,22.022,107.106,3930,3635,1.770,2.030,1.360,1,0,98.097,0,0,18,316,0,42,0
25-04 21:01:45,17.248,10.998,70.990,0.250,0,5384508,204240,166184,2250036,12481.224,485.931,3.999,115.983,1.000,6.999,3790,3106,1.770,2.030,1.360,1,0,204.971,0,0,18,316,0,42,0
25-04 21:01:46,18.204,2.244,79.048,0,0,5408444,180292,166184,2250048,26087.434,22833.736,0,43.888,0,2.992,1941,1800,1.630,1.990,1.350,1,0,0,0,0,18,317,0,34,0
25-04 21:01:47,22.303,4.761,68.413,3.759,0,5388572,200148,166184,2250064,3795.015,673.600,0,2149.105,0,354.843,2781,2078,1.630,1.990,1.350,2,0,47.112,0,0,18,316,0,35,0
25-04 21:01:48,15.246,2.249,78.478,2.499,0,5399848,188616,166184,2250320,16904.263,8115.726,223.937,203.943,13.996,23.993,2116,2019,1.630,1.990,1.350,0,1,0,0,0,18,317,0,36,0
25-04 21:01:49,21.499,3.250,72.746,1.750,0,5411708,176524,166184,2250552,7528.616,1761.910,243.988,0,14.999,0,2219,1807,1.630,1.990,1.350,1,0,13.999,0,0,18,316,0,37,0
25-04 21:01:50,16.227,2.247,80.385,0.499,0,5423908,164288,166188,2250584,16788.894,7079.835,19.971,259.627,1.997,12.981,2053,2161,1.630,1.990,1.350,1,0,0,0,0,18,317,0,35,0
25-04 21:01:51,19.033,3.005,65.864,9.767,0,5385176,200920,166188,2252684,7825.552,1825.161,2019.497,1306.262,81.141,166.288,5750,9090,1.740,2.010,1.360,1,0,7.012,0,0,18,318,0,36,0
25-04 21:01:52,21.481,3.996,70.686,3.247,0,5409664,176428,166188,2252688,11213.874,2503.739,0,823.257,0,66.940,2608,2731,1.740,2.010,1.360,0,0,0.999,0,0,18,319,0,36,0
25-04 21:01:53,16.745,2.749,77.225,1.999,0,5404492,181368,166188,2252920,20135.548,8116.399,127.959,891.714,5.998,95.969,3690,4744,1.740,2.010,1.360,1,0,0,0,0,18,319,0,36,0
25-04 21:01:54,14.323,16.082,67.844,0.754,0,5358612,227144,166192,2253020,3915.854,1720.724,0,1017.157,0,105.535,6530,7132,1.740,2.010,1.360,2,0,434.201,0,0,18,318,0,34,0
25-04 21:01:55,10.752,23.255,58.513,6.751,0,5346188,239528,166192,2253056,8633.889,486.106,0,6429.406,0,273.060,7535,7526,1.740,2.010,1.360,3,0,691.151,0,0,18,318,0,34,0
25-04 21:01:56,27.514,26.764,44.523,0,0,5382312,203356,166192,2253104,8322.285,540.278,768.396,420.216,6.003,36.019,7798,7467,1.920,2.040,1.380,2,0,858.442,0,0,18,318,0,34,0
25-04 21:01:57,12.740,23.732,60.704,1.998,0,5382248,203352,166192,2253156,5773.618,485.631,255.806,1179.105,1.998,66.949,7509,7301,1.920,2.040,1.380,1,0,723.451,0,0,18,320,0,34,0
25-04 21:01:58,9.255,21.511,67.783,0.250,0,5388712,196852,166192,2253192,10225.045,486.240,0,360.178,0,29.014,6982,6236,1.920,2.040,1.380,1,0,613.303,0,0,18,320,0,30,0
25-04 21:01:59,8.960,18.666,68.941,1.244,0,5382536,202964,166192,2253256,8360.498,483.830,15.929,274.768,0.996,20.906,6233,5420,1.920,2.040,1.380,1,0,488.807,0,0,18,320,0,30,0
25-04 21:02:00,20.500,6.250,72.749,0,0,5369000,314760,166580,2165152,8372.889,539.993,0,12.000,0,3.000,2468,2105,1.920,2.040,1.380,2,0,42.999,0,0,18,320,0,30,0
25-04 21:02:01,18.999,2.750,74.995,2.750,0,5376224,304624,166684,2167960,11116.244,1823.876,15.999,2275.845,3.000,5.000,2004,1699,1.840,2.030,1.380,0,0,15.999,0,0,18,321,0,30,0
25-04 21:02:02,10.518,1.002,82.144,5.259,0,5387068,293076,166684,2168668,12437.748,6819.925,585.023,1174.053,30.053,41.072,1754,2014,1.840,2.030,1.380,0,0,1.002,0,0,18,321,0,26,0
25-04 21:02:03,5.239,0.748,89.059,3.991,0,5385464,294352,166684,2168992,16377.907,5179.901,255.453,910.050,24.947,43.906,1434,1856,1.840,2.030,1.380,0,0,0,0,0,18,321,0,26,0
25-04 21:02:04,6.002,1.250,87.773,3.751,0,5384720,294496,166684,2169588,16326.278,7563.982,300.079,1076.282,31.008,48.013,1311,1584,1.840,2.030,1.380,0,0,0,0,0,18,321,0,26,0
25-04 21:02:05,8.501,1.000,87.757,2.000,0,5391300,287196,166684,2170304,17821.496,5944.499,568.048,1084.091,27.002,34.003,1481,1620,1.840,2.030,1.380,2,0,0,0,0,18,321,0,26,0
25-04 21:02:06,12.500,1.000,82.751,2.250,0,5410892,266816,166684,2171088,15871.185,6862.080,664.008,736.009,35.000,28.000,1567,1498,1.700,1.990,1.370,2,1,0,0,0,18,321,0,25,0
25-04 21:02:07,13.015,1.752,78.589,6.507,0,5423224,253260,166684,2172308,23451.648,8479.636,973.106,1285.461,41.047,62.071,2067,2303,1.700,1.990,1.370,1,0,0,0,0,18,321,0,25,0
25-04 21:02:08,10.752,1.500,83.267,3.251,0,5421408,254328,166684,2173048,18058.782,8301.739,484.101,1080.226,35.007,45.009,1730,1754,1.700,1.990,1.370,0,0,6.001,0,0,18,321,0,25,0
25-04 21:02:09,13.038,2.257,74.970,8.776,0,5420008,223564,166684,2205208,10054.473,2101.159,14137.441,874.564,156.459,37.109,1838,1795,1.700,1.990,1.370,1,0,1.003,0,0,18,321,0,25,0
25-04 21:02:10,21.162,2.241,72.697,2.739,0,5430520,201124,166684,2216940,4254.281,537.760,0,1680.998,0,44.813,2085,1885,1.700,1.990,1.370,1,0,0,0,0,18,321,0,25,0
25-04 21:02:11,17.550,2.006,67.442,12.034,0,5420728,196868,166684,2230868,10594.115,487.385,0,6137.446,0,285.812,2272,1898,1.640,1.970,1.370,1,0,1.003,0,0,18,321,0,25,0
25-04 21:02:12,20.940,2.493,71.544,3.739,0,5436860,159896,166692,2251460,10835.759,484.603,0,2628.422,0,118.658,2762,2813,1.640,1.970,1.370,0,1,0.997,0,0,18,321,0,25,0
25-04 21:02:13,19.741,2.249,70.969,6.247,0,5426964,155876,166796,2265040,8390.334,485.788,47.979,1995.128,1.999,84.963,2451,2665,1.640,1.970,1.370,1,1,0,0,0,18,321,0,25,0
25-04 21:02:14,19.000,2.250,72.502,5.750,0,5431916,131192,167004,2284332,6352.157,540.013,0,2084.051,0,75.002,2108,2091,1.640,1.970,1.370,1,0,0,0,0,18,321,0,25,0
25-04 21:02:15,21.853,2.512,72.090,2.763,0,5368000,207812,167212,2271264,8130.372,663.130,0,1073.064,0,40.190,2247,1841,1.640,1.970,1.370,2,0,6.028,0,0,18,320,0,23,0
25-04 21:02:16,15.929,3.733,75.914,3.485,0,5387204,183172,167212,2276688,13419.566,2650.262,0,11278.050,0,140.378,2325,2096,1.590,1.960,1.360,0,2,28.872,0,0,18,321,0,23,0
25-04 21:02:17,19.993,3.499,69.725,5.248,0,5379544,190496,167216,2277004,6931.489,713.741,0,5581.978,0,39.986,2222,1895,1.590,1.960,1.360,1,0,18.993,0,0,18,321,0,23,0
25-04 21:02:18,14.510,2.252,75.054,8.256,0,5371132,193832,167216,2281936,11362.187,3669.644,0,2874.071,0,353.255,1897,1575,1.590,1.960,1.360,1,0,2.001,0,0,18,320,0,23,0
25-04 21:02:19,22.260,5.753,69.030,0,0,5379584,184760,167216,2282548,9372.127,486.214,0,84.037,0,1.000,12626,23362,1.590,1.960,1.360,2,0,17.007,0,0,18,320,0,23,0
25-04 21:02:20,19.231,5.994,70.929,2.747,0,5373056,191088,167252,2282704,9034.957,539.460,0,1190.808,0,4.995,8435,14331,1.590,1.960,1.360,0,1,14.985,0,0,18,320,0,23,0
25-04 21:02:21,21.513,4.503,72.792,0.500,0,5355096,220432,167252,2271384,9178.339,486.283,0,548.319,0,10.006,2932,2611,1.540,1.940,1.360,1,0,51.030,0,0,18,320,0,23,0
25-04 21:02:22,22.260,5.753,66.780,3.502,0,5385304,190196,167252,2271412,7541.431,634.289,0,1312.597,0,44.020,11656,20919,1.540,1.940,1.360,1,0,25.011,0,0,18,320,0,23,0
25-04 21:02:23,16.999,2.750,75.997,3.000,0,5391392,178636,167252,2276884,17187.432,2905.904,159.995,1575.948,8.000,46.998,2270,2161,1.540,1.940,1.360,2,0,16.999,0,0,18,320,0,23,0
25-04 21:02:24,18.000,2.500,77.749,0.500,0,5398988,170600,167252,2277324,15733.700,3492.933,0,595.989,0,15.000,2052,1664,1.540,1.940,1.360,1,0,18.000,0,0,18,321,0,23,0
25-04 21:02:25,22.091,5.272,69.787,1.757,0,5398468,165680,167252,2282700,5215.413,662.721,0,1160.766,0,32.132,10914,19896,1.540,1.940,1.360,3,0,14.058,0,0,18,320,0,23,0
25-04 21:02:26,21.151,5.723,68.180,2.488,0,5379324,184508,167252,2283016,4021.153,537.481,0,963.484,0,32.846,10457,19022,1.500,1.930,1.360,1,0,19.907,0,0,18,320,0,23,0
25-04 21:02:27,22.006,4.501,72.521,0.250,0,5348568,226724,167264,2271592,11434.347,486.142,0,440.129,0,13.004,2423,1836,1.500,1.930,1.360,1,0,24.007,0,0,18,320,0,20,0
25-04 21:02:28,22.492,5.498,71.725,0,0,5358692,214484,167340,2273632,7803.238,527.813,0,3.999,0,1.000,3260,2819,1.500,1.930,1.360,1,0,95.966,0,0,18,320,0,20,0
25-04 21:02:29,23.003,2.750,73.009,0,0,5385824,178208,167872,2282196,8404.076,486.062,0,148.019,0,32.004,2212,1713,1.500,1.930,1.360,1,0,17.002,0,0,18,320,0,20,0
25-04 21:02:30,12.748,2.000,82.987,2.000,0,5399072,164592,167896,2282524,23830.157,9495.469,3.999,2339.623,1.000,27.995,1661,1574,1.500,1.930,1.360,0,0,0,0,0,18,321,0,20,0
25-04 21:02:31,8.000,1.250,87.998,1.750,0,5396140,167164,167896,2282884,25374.515,10976.790,0,1235.976,0,41.999,1494,1637,1.380,1.890,1.350,0,0,0,0,0,18,321,0,18,0
25-04 21:02:32,5.500,2.250,80.250,9.750,0,5421232,141920,167904,2283020,117199.243,7990.017,0,12268.025,0,173.000,2267,2909,1.380,1.890,1.350,1,0,1.000,0,0,18,322,0,18,0
25-04 21:02:33,7.749,1.750,87.984,2.250,0,5422372,140568,167916,2283220,54042.345,8093.554,0,1399.750,0,69.987,1632,2051,1.380,1.890,1.350,0,0,0,0,0,18,322,0,18,0
25-04 21:02:34,17.257,2.501,77.033,2.001,0,5421632,141008,167916,2283520,26426.398,9837.243,0,1184.511,0,44.019,2819,3987,1.380,1.890,1.350,1,1,3.001,0,0,18,322,0,18,0
25-04 21:02:35,18.066,3.011,77.031,1.255,0,5439692,122676,167916,2286388,56402.558,8977.719,0,1035.775,0,47.172,2786,7023,1.380,1.890,1.350,4,0,36.132,0,0,18,322,0,15,0
25-04 21:02:36,8.963,2.241,84.149,3.237,0,5408732,153224,167944,2284148,284443.830,16285.146,0,1780.581,0,80.664,2736,8822,1.270,1.860,1.340,1,0,2.988,0,0,18,322,0,16,0
25-04 21:02:37,6.001,1.250,87.518,3.751,0,5408456,153224,167960,2284396,97901.629,15021.165,28.006,2220.468,4.001,112.024,2036,2673,1.270,1.860,1.340,0,0,0,0,0,18,322,0,16,0
25-04 21:02:38,13.245,1.499,82.718,1.250,0,5411232,141392,168056,2293332,37924.286,11880.391,103.960,1535.404,5.998,58.977,1856,1761,1.270,1.860,1.340,0,0,1.000,0,0,18,322,0,16,0
25-04 21:02:39,2.251,1.500,85.022,9.252,0,5411836,137960,168068,2296128,1472535.837,35807.407,0,2712.713,0,185.049,2909,2383,1.270,1.860,1.340,0,0,0,0,0,18,322,0,11,0
25-04 21:02:40,5.502,2.251,87.028,3.501,0,5420068,121368,168120,2304420,4368108.807,49055.664,0,4945.579,0,47.015,3752,2860,1.270,1.860,1.340,0,0,3.001,0,0,18,322,0,11,0
25-04 21:02:41,4.999,2.750,86.991,1.750,0,5391044,150640,168136,2304888,10212438.979,80007.500,0,6671.291,0,11.999,4818,3196,1.170,1.830,1.340,0,1,0,0,0,18,322,0,11,0
25-04 21:02:42,10.007,3.002,75.553,10.507,0,5392936,146720,168244,2306780,2082507.376,20453.255,164.114,9110.349,4.003,191.133,2979,3292,1.170,1.830,1.340,1,0,2.001,0,0,18,322,0,11,0
25-04 21:02:43,12.746,3.249,67.977,14.745,0,5391504,142368,168612,2311880,6240.886,485.835,0,21164.830,0,433.853,2723,2820,1.170,1.830,1.340,0,1,1.000,0,0,18,322,0,9,0
25-04 21:02:44,5.999,3.749,65.486,23.995,0,5392860,134764,171044,2314328,3608.236,485.897,0,43674.748,0,414.912,2531,3121,1.170,1.830,1.340,0,0,0,0,0,18,322,0,9,0
25-04 21:02:45,11.544,3.011,66.754,17.818,0,5394948,123784,171548,2321836,12488.506,487.856,0,27878.046,0,222.848,2277,2236,1.170,1.830,1.340,1,0,0,0,0,18,322,0,9,0
25-04 21:02:46,20.754,2.751,72.015,3.001,0,5408288,119756,172016,2311704,10026.113,486.102,0,10502.213,0,122.026,2536,2250,1.150,1.820,1.340,1,0,0,0,0,18,322,0,9,0
25-04 21:02:47,21.164,2.241,70.463,4.731,0,5413412,125016,172468,2301036,11885.646,484.031,0,2019.783,0,85.652,2582,2320,1.150,1.820,1.340,0,1,0,0,0,18,322,0,7,0
25-04 21:02:48,17.987,2.748,72.196,5.746,0,5411676,120868,173216,2305336,6330.264,485.637,0,1462.906,0,59.955,2046,1837,1.150,1.820,1.340,1,0,0,0,0,18,322,0,7,0
25-04 21:02:49,17.999,2.250,72.247,6.500,0,5412340,118292,173944,2306004,5994.722,485.977,0,2111.902,0,71.997,2083,2003,1.150,1.820,1.340,1,0,0,0,0,18,322,0,7,0
25-04 21:02:50,23.526,2.253,72.080,2.253,0,5418044,120112,175208,2297056,11333.632,540.603,0,1205.343,0,168.187,2294,1815,1.150,1.820,1.340,1,0,0,0,0,18,322,0,7,0
25-04 21:02:51,19.495,2.000,72.233,5.499,0,5419296,125364,175876,2290240,8387.021,485.885,0,2399.434,0,43.990,2134,1950,1.140,1.800,1.330,1,0,0,0,0,18,322,0,7,0
25-04 21:02:52,21.755,3.001,68.016,5.751,0,5413248,138868,176824,2281456,10796.563,979.232,0,2972.706,0,123.029,3144,3518,1.140,1.800,1.330,1,0,1.000,0,0,18,323,0,4,0
25-04 21:02:53,19.742,2.749,75.468,1.000,0,5347544,239424,176824,2246604,12018.833,2586.888,0,1111.522,0,46.980,2490,2376,1.140,1.800,1.330,1,0,18.992,0,0,18,320,0,4,0
25-04 21:02:54,17.003,3.000,74.761,4.251,0,5386204,196136,176824,2251056,14916.261,2728.414,16.002,1500.227,1.000,22.003,2310,2339,1.140,1.800,1.330,1,1,16.002,0,0,18,320,0,4,1
25-04 21:02:55,22.984,4.497,71.452,0.250,0,5392012,188912,176824,2252352,10871.622,1930.690,0,275.813,0,13.991,2614,2197,1.140,1.800,1.330,1,0,20.986,0,0,18,321,0,4,0
25-04 21:02:56,37.553,10.265,47.317,3.255,0,5426416,148156,176960,2257604,7596.783,2332.310,773.097,1574.234,7.010,40.057,10905,18354,1.210,1.810,1.340,2,0,19.027,0,0,18,320,0,3,0
25-04 21:02:57,28.846,7.525,61.704,1.254,0,5419932,154220,177008,2257904,3537.717,529.755,256.851,854.831,2.007,40.133,11363,19727,1.210,1.810,1.340,2,0,11.037,0,0,18,320,0,3,0
25-04 21:02:58,19.672,6.972,72.463,0,0,5411884,162056,177052,2258068,7939.588,537.872,0,83.669,0,0.996,2590,2283,1.210,1.810,1.340,1,0,14.941,0,0,18,320,0,3,0
25-04 21:02:59,20.999,3.750,72.247,1.750,0,5356000,229804,177116,2247232,6313.718,485.978,247.989,2943.869,4.000,16.999,2216,1801,1.210,1.810,1.340,3,0,6.000,0,0,18,320,0,3,0
25-04 21:03:00,21.483,3.997,71.192,2.498,0,5372652,210052,177496,2249916,8501.083,485.605,295.759,1878.472,6.994,41.966,3507,4380,1.210,1.810,1.340,3,0,0,0,0,18,322,0,4,0
25-04 21:03:01,18.262,4.753,60.291,15.010,0,5370336,211788,177496,2250496,29693204.312,486.327,448.302,5948.001,25.017,233.157,10547,9552,1.190,1.790,1.340,0,2,1.001,0,0,18,323,0,9,0
25-04 21:03:02,10.298,6.531,61.789,20.345,0,5310896,270548,177496,2251124,115603939.374,488.286,450.107,8712.790,21.099,173.814,20733,6094,1.190,1.790,1.340,1,0,134.630,0,0,18,322,0,9,0
25-04 21:03:03,10.949,12.940,67.936,5.972,0,5278964,300860,177500,2252740,114709912.440,483.761,1520.961,804.278,59.724,47.779,21004,4378,1.190,1.790,1.340,1,0,304.590,0,0,18,322,0,11,0
25-04 21:03:04,5.754,3.252,70.296,18.762,0,5275228,269464,177500,2287844,115227816.183,486.317,35106.917,1296.847,2036.329,22.014,20050,5743,1.190,1.790,1.340,0,1,10.007,0,0,18,322,0,11,0
25-04 21:03:05,5.000,3.000,81.496,8.000,0,5268740,269212,177512,2294568,115239734.904,1500.929,6743.680,799.962,1406.933,18.999,19162,4477,1.190,1.790,1.340,0,0,6.000,0,0,18,323,0,11,0
25-04 21:03:06,0.750,0.500,87.737,8.749,0,5262840,275112,177512,2294568,115239194.583,2250.668,0,5011.262,0,504.926,17690,1965,1.100,1.760,1.330,0,0,0,0,0,18,323,0,11,0
25-04 21:03:07,2.500,1.000,93.232,1.500,0,5263216,274396,177512,2294908,115134052.170,5870.897,223.958,243.954,2.999,30.994,17932,2472,1.100,1.760,1.330,0,0,2.000,0,0,18,323,0,11,0
25-04 21:03:08,5.248,2.749,86.470,4.249,0,5256904,279856,177528,2295756,32035527.909,131211.721,483.829,1319.535,29.989,29.989,6519,1957,1.100,1.760,1.330,0,0,18.993,0,0,18,322,0,11,0
25-04 21:03:09,0.750,1.000,97.506,0.250,0,5256904,279856,177528,2295756,5592.330,0,0,360.021,0,4.000,851,1282,1.100,1.760,1.330,0,0,0,0,0,18,322,0,11,0
25-04 21:03:10,5.499,1.750,90.739,0.750,0,5248264,288488,177536,2295756,257895.710,4651.454,4.000,0,1.000,0,1503,1542,1.100,1.760,1.330,0,0,6.999,0,0,18,322,0,11,0
25-04 21:03:11,9.999,3.499,85.488,0.500,0,5254016,282608,177560,2295860,172497.194,7970.854,107.984,187.973,4.999,11.998,2344,2032,1.010,1.730,1.320,0,0,22.997,0,0,18,322,0,11,0
25-04 21:03:12,7.002,3.001,87.273,0.500,0,5260868,275704,177560,2295912,180413.367,7321.922,32.008,440.116,2.001,44.012,2584,2962,1.010,1.730,1.320,0,0,18.005,0,0,18,322,0,11,0
25-04 21:03:13,13.252,7.251,69.260,9.751,0,5263352,263464,177608,2305520,122179.827,2106.290,2336.322,3368.464,95.013,155.021,3302,2930,1.010,1.730,1.320,0,1,39.005,0,0,18,322,0,11,0
