"pcp-dstat 6.2.0 CSV Output"
"Author:","PCP team <pcp@groups.io> and Dag Wieers <dag@wieers.com>",,,,"URL:","https://pcp.io/ and http://dag.wieers.com/home-made/dstat/"
"Host:","ubuntu",,,,"User:","ubuntu"
"Cmdline:","dstat -tcmndrylpg --tcp --output /tmp/devstack_logs/dstat-csv.log",,,,"Date:","15 May 2026 12:29:36 UTC"
"system","total usage",,,,,"memory usage",,,,"net/total",,"dsk/total",,"io/total",,"system",,"load avg",,,"procs",,,"paging",,"tcp sockets",,,,
"time","total usage:usr","total usage:sys","total usage:idl","total usage:wai","total usage:stl","used","free","buf","cach","net/total:recv","net/total:send","dsk/total:read","dsk/total:writ","read","writ","int","csw","1m","5m","15m","run","blk","new","in","out","lis","act","syn","tim","clo"
15-05 12:29:36,,980580,1668572,161676,5012720,,,,,,,1.280,1.130,0.660,1,0,,,,10,4,0,17,0
15-05 12:29:37,7.765,20.789,69.130,1.252,0,993200,1655896,161688,5012740,3534.646,486.916,0,1518.856,0,72.136,6117,5281,1.250,1.130,0.660,2,0,421.793,0,0,10,4,0,17,0
15-05 12:29:38,15.482,20.227,63.427,0,0,1005704,1643284,161708,5013140,17776.680,1587.186,0,343.607,0,23.973,6063,5265,1.250,1.130,0.660,3,0,350.599,0,0,10,4,0,17,0
15-05 12:29:39,27.242,15.995,54.734,1.250,0,1015552,1632796,161856,5013552,33777.935,10765.792,0,1331.603,0,39.988,6824,7915,1.250,1.130,0.660,1,0,290.913,0,0,10,6,0,17,0
15-05 12:29:40,13.001,3.750,78.755,3.500,0,1108388,1539032,162000,5138576,36035.374,12198.804,0,1364.090,0,45.003,2720,3052,1.250,1.130,0.660,2,0,14.001,0,0,11,6,0,17,0
15-05 12:29:41,27.002,7.751,62.504,2.250,0,1125200,1521636,162120,5138912,21233.491,9223.647,0,2724.191,0,54.004,3290,2368,1.250,1.130,0.660,2,0,101.007,0,0,11,7,0,17,1
15-05 12:29:42,25.483,9.743,58.211,4.997,0,1155820,1490208,162304,5139424,45263.534,11739.099,191.871,4041.280,7.995,86.941,4404,3586,1.310,1.150,0.670,2,0,179.879,0,0,11,7,0,19,1
15-05 12:29:43,31.273,4.503,56.041,7.505,0,1215260,1417340,162656,5151368,141283.761,11715.521,1789.301,3482.533,118.086,61.044,2767,2069,1.310,1.150,0.670,2,0,0,0,0,11,6,0,19,2
15-05 12:29:44,32.514,3.502,48.521,15.006,0,1229316,1388016,163208,5164656,48744.014,1428.616,16.007,4001.725,1.000,182.078,3484,3622,1.310,1.150,0.670,0,2,2.001,0,0,11,8,0,19,2
15-05 12:29:45,19.997,3.499,37.244,36.994,0,1247364,1354500,164048,5177344,5935.069,485.924,0,11786.152,0,576.910,4799,7534,1.310,1.150,0.670,2,1,8.999,0,0,11,8,0,19,2
15-05 12:29:46,21.735,3.498,39.972,32.477,0,1237672,1348948,164520,5190464,9151.475,485.654,0,10592.448,0,577.588,5151,8044,1.310,1.150,0.670,1,1,0,0,0,11,8,0,19,2
15-05 12:29:47,19.012,3.502,44.279,31.020,0.250,1257128,1309580,165176,5208284,9495.130,486.314,4.003,8461.462,1.001,516.333,5089,7826,1.530,1.190,0.690,1,2,4.003,0,0,11,8,0,19,2
15-05 12:29:48,11.993,3.248,40.227,41.976,0,1250780,1310004,165652,5212956,9670.472,485.722,0,10717.873,0,686.607,4831,7759,1.530,1.190,0.690,1,1,14.991,0,0,11,8,0,19,2
15-05 12:29:49,11.746,3.249,35.738,46.485,0,1245792,1308740,166204,5217640,7873.430,485.841,0,15291.009,0,877.713,4886,8101,1.530,1.190,0.690,0,2,0,0,0,11,8,0,19,2
15-05 12:29:50,12.009,2.252,32.023,51.037,0.250,1239692,1307268,166424,5224352,8964.483,486.352,0,10635.691,0,850.615,4068,6026,1.530,1.190,0.690,1,2,12.009,0,0,11,8,0,19,2
15-05 12:29:51,13.757,3.252,41.772,38.771,0,1240040,1286564,167136,5242364,8009.288,486.260,0,8948.791,0,584.313,4778,7552,1.530,1.190,0.690,1,1,6.003,0,0,11,8,0,19,2
15-05 12:29:52,13.739,2.498,42.714,38.718,0,1240552,1278668,167580,5248412,4378.353,485.596,0,12061.953,0,643.464,4186,6619,1.570,1.210,0.700,0,1,5.995,0,0,11,8,0,19,2
15-05 12:29:53,5.752,2.251,39.014,51.519,0,1240420,1276508,167768,5250152,8401.118,486.180,0,15689.823,0,417.155,2403,3754,1.570,1.210,0.700,1,2,0,0,0,11,8,0,19,2
15-05 12:29:54,22.271,4.754,43.791,26.775,0,1237200,1294392,168036,5235340,7420.905,1020.950,0,7671.138,0,709.660,5264,7998,1.570,1.210,0.700,1,1,22.020,0,0,11,6,0,19,0
15-05 12:29:55,11.989,2.997,38.464,44.708,0,1254956,1273728,168200,5238024,9568.055,2659.514,0,10670.025,0,853.202,4241,6962,1.570,1.210,0.700,0,2,15.985,0,0,11,7,0,19,0
15-05 12:29:56,15.936,3.984,45.817,32.371,0,1240636,1283320,168468,5241920,8797.944,657.381,0,8207.297,0,767.940,4791,7736,1.570,1.210,0.700,4,0,22.909,0,0,11,6,0,19,0
15-05 12:29:57,23.847,4.769,39.661,29.620,0,1144984,1378548,168620,5242172,12346.969,3374.657,0,11554.762,0,837.389,5191,7836,1.600,1.220,0.700,2,1,29.118,0,0,11,5,0,13,0
15-05 12:29:58,40.446,9.737,36.701,10.985,0,1215736,1300768,168940,5247556,25914.691,725.040,0,6040.003,0,331.561,13003,21465,1.600,1.220,0.700,2,0,83.889,0,0,11,4,0,13,0
15-05 12:29:59,43.491,8.498,40.742,6.249,0,1237232,1278820,168956,5247892,7857.382,579.881,0,13825.154,0,298.938,12052,19699,1.600,1.220,0.700,1,1,12.997,0,0,11,4,0,13,0
15-05 12:30:00,37.779,8.006,42.282,11.259,0.250,1193472,1335452,169012,5236536,4096.104,486.369,0,9635.303,0,291.221,3425,2822,1.600,1.220,0.700,3,0,22.017,0,0,11,4,0,13,0
15-05 12:30:01,41.031,7.506,49.287,1.751,0,1193556,1335336,169012,5236560,9205.987,486.369,0,188.143,0,9.007,3644,2199,1.600,1.220,0.700,1,0,115.087,0,0,11,4,0,13,0
15-05 12:30:02,9.757,19.263,68.796,0.500,0.250,1159496,1369344,169012,5236608,28343.031,486.327,0,172.116,0,13.009,5900,4669,1.550,1.220,0.710,1,1,391.263,0,0,11,4,0,13,0
15-05 12:30:03,15.008,18.009,65.534,0,0,1158468,1370192,169012,5237108,7727.992,486.251,0,40.021,0,11.006,6898,8761,1.550,1.220,0.710,10,0,367.190,0,0,11,4,0,13,0
15-05 12:30:04,38.391,9.722,51.105,0.748,0,1214272,1307012,169012,5244596,8234.675,484.627,7426.962,227.356,75.785,1.994,3872,2891,1.550,1.220,0.710,2,0,132.624,0,0,11,5,0,13,0
15-05 12:30:05,39.348,4.261,55.639,0.251,0,1267692,1252664,169028,5245500,7742.361,487.218,148.371,24477.209,5.013,238.597,3298,2107,1.550,1.220,0.710,0,2,0,0,0,11,5,0,13,0
15-05 12:30:06,42.715,9.242,41.716,5.246,0,1284752,1233976,169032,5247132,6770.485,539.561,363.704,13497.007,2.998,349.715,3700,3838,1.550,1.220,0.710,2,0,0,0,0,11,5,0,13,0
15-05 12:30:07,22.468,9.736,61.663,4.993,0,1332888,1184692,169076,5248184,4305.899,485.312,0,1553.798,0,72.897,3722,3338,1.670,1.250,0.720,1,0,147.791,0,0,11,4,0,13,0
15-05 12:30:08,26.479,5.995,65.949,0.999,0,1388880,1128680,169080,5248184,4653.376,485.622,0,123.904,0,3.997,2792,12113,1.670,1.250,0.720,2,0,35.972,0,0,11,4,0,14,0
15-05 12:30:09,23.296,2.254,72.895,1.503,0,1393884,1123452,169096,5248392,8627.134,486.967,0,400.796,0,26.052,2138,1915,1.670,1.250,0.720,2,0,1.002,0,0,11,10,0,11,0
15-05 12:30:10,15.734,4.495,64.435,12.487,0,1364668,1152504,169228,5248424,32735.834,485.508,0,3620.332,0,310.685,3864,5545,1.670,1.250,0.720,1,0,41.957,0,0,11,4,0,13,0
15-05 12:30:11,22.020,2.002,74.567,1.001,0,1408456,1107860,169492,5248952,8282.433,1099.987,612.550,4.004,18.016,1.001,1694,1156,1.670,1.250,0.720,0,0,0,0,0,11,5,0,13,0
15-05 12:30:12,17.003,2.500,74.262,6.001,0,1405600,1110376,169540,5249192,11845.917,4734.766,268.043,1852.300,66.011,44.007,2599,2882,1.700,1.260,0.730,1,0,2.000,0,0,11,27,0,13,0
15-05 12:30:13,19.764,4.003,74.804,0.250,0,1403936,1112020,169544,5249208,13196.451,4253.046,0,1176.843,0,7.005,2568,2072,1.700,1.260,0.730,1,0,44.032,0,0,11,28,0,14,0
15-05 12:30:14,18.747,2.500,78.237,0,0,1435668,1080280,169544,5249216,12912.873,4565.248,0,0,0,0,1731,1253,1.700,1.260,0.730,1,0,0,0,0,11,29,0,14,0
15-05 12:30:15,27.201,9.982,62.387,0,0,1385596,1130328,169544,5249240,7501.463,3319.011,0,11.978,0,2.995,3656,2830,1.700,1.260,0.730,2,0,155.719,0,0,11,28,0,15,0
15-05 12:30:16,36.035,4.254,58.807,0,0,1455972,1059932,169548,5249248,11615.291,8356.123,0,72.070,0,4.004,3101,2303,1.700,1.260,0.730,2,0,0,0,0,11,30,0,15,0
15-05 12:30:17,21.724,2.996,47.194,26.219,0,1456768,1058924,169548,5249460,19953.486,10671.425,0,10160.027,0,185.781,6168,8537,2.280,1.390,0.770,2,1,0.999,0,0,11,29,0,16,0
15-05 12:30:18,60.915,22.060,15.041,1.504,0,1532688,982984,169548,5249480,8399.786,1019.766,0,19440.737,0,190.517,5956,5096,2.280,1.390,0.770,6,0,505.371,0,0,11,28,0,16,0
15-05 12:30:19,85.998,12.250,2.000,0,0,1724844,790796,169552,5249508,23846.487,15327.670,0,27371.411,0,188.996,6342,5078,2.280,1.390,0.770,6,0,73.998,0,0,11,32,0,16,0
15-05 12:30:20,75.642,10.235,12.732,0.749,0,1659712,855728,169560,5249696,35807.705,27221.006,0,2300.704,0,56.918,9302,12933,2.280,1.390,0.770,7,0,132.810,0,0,11,30,0,20,0
15-05 12:30:21,24.225,8.991,57.941,7.742,0,1497412,1017872,169620,5249792,13056.608,4410.476,0,3971.926,0,233.760,4951,6071,2.280,1.390,0.770,1,0,176.819,0,0,11,28,0,22,0
15-05 12:30:22,18.250,2.500,74.250,4.000,0,1509304,1005972,169624,5249796,12709.062,4396.021,0,512.002,0,54.000,1976,1685,2.260,1.400,0.780,1,0,0,0,0,11,29,0,22,0
15-05 12:30:23,14.530,6.513,73.401,4.008,0,1482520,1032600,169636,5249940,12150.008,3589.388,0,1855.820,0,97.200,3553,3860,2.260,1.400,0.780,1,0,68.140,0,0,11,28,0,23,0
15-05 12:30:24,19.220,1.997,77.128,0.749,0,1491172,1023936,169644,5249944,49816.522,2832.538,0,83.868,0,5.991,1928,1718,2.260,1.400,0.780,1,0,0,0,0,11,29,0,23,0
15-05 12:30:25,15.277,4.758,75.134,3.757,0,1455116,1059968,169648,5249964,17657.419,5109.091,0,17623.358,0,94.168,3420,3831,2.260,1.400,0.780,1,0,57.102,0,0,11,28,0,23,0
15-05 12:30:26,14.224,29.445,51.155,3.993,0,1460316,1054748,169652,5249980,5929.976,604.876,0,14748.582,0,152.716,7003,6410,2.260,1.400,0.780,4,0,835.447,0,0,11,28,0,23,0
15-05 12:30:27,84.162,15.780,0,0,0,1640500,874528,169656,5250012,10619.493,2576.973,0,188.363,0,13.025,5010,2748,2.480,1.460,0.800,4,0,145.280,0,0,11,29,0,23,0
15-05 12:30:28,68.427,7.742,22.226,0.999,0,1701968,812828,169664,5250232,45656.087,37066.290,0,471.495,0,24.973,7373,11370,2.480,1.460,0.800,3,0,0,0,0,11,33,0,23,0
15-05 12:30:29,74.589,16.269,6.257,2.503,0,1562708,952032,169688,5250264,19242.954,11483.699,0,788.941,0,84.100,8125,10551,2.480,1.460,0.800,6,0,310.370,0,0,11,28,0,24,0
15-05 12:30:30,89.158,10.489,0.250,0,0,1746872,767828,169688,5250304,15594.961,8297.466,0,199.795,0,9.990,5162,3164,2.480,1.460,0.800,6,0,0,0,0,11,30,0,20,0
15-05 12:30:31,77.378,7.738,13.479,0.749,0,1785972,728552,169696,5250604,48678.204,42467.003,0,5754.921,0,411.351,8343,13741,2.480,1.460,0.800,7,0,0,0,0,11,31,0,22,1
15-05 12:30:32,58.065,14.516,27.030,0,0,1571296,943028,169704,5250796,20914.419,13396.000,0,396.444,0,27.030,5912,8738,2.520,1.480,0.810,2,0,298.334,0,0,11,28,0,25,0
15-05 12:30:33,33.749,4.000,61.249,0,0.250,1567696,946604,169704,5250820,16802.748,10663.840,0,219.997,0,9.000,3277,2758,2.520,1.480,0.810,0,0,0,0,0,11,30,0,25,0
15-05 12:30:34,48.072,17.777,34.051,0.250,0,1527380,986744,169712,5250988,13187.686,8613.858,0,364.544,0,28.042,6275,7371,2.520,1.480,0.810,3,0,378.565,0,0,11,28,0,24,0
15-05 12:30:35,53.449,5.495,39.462,0,0,1573528,940556,169712,5251028,19305.624,12758.856,0,199.810,0,11.989,3978,2853,2.520,1.480,0.810,2,0,0,0,0,11,31,0,24,0
15-05 12:30:36,51.800,15.515,32.031,0.250,0,1461356,1052668,169724,5251076,22979.108,16430.808,0,432.416,0,43.041,8228,11011,2.520,1.480,0.810,4,0,258.248,0,0,11,28,0,25,0
15-05 12:30:37,72.938,8.493,18.235,0,0,1616640,897204,169728,5251252,19300.594,11307.388,0,323.725,0,10.991,4577,2625,2.640,1.530,0.830,3,0,0.999,0,0,11,32,0,25,0
15-05 12:30:38,62.548,10.008,25.770,0.250,0,1608520,905224,169736,5251344,36814.530,30022.266,0,2874.227,0,99.077,9045,13584,2.640,1.530,0.830,6,0,184.143,0,0,11,28,0,28,0
15-05 12:30:39,67.712,12.198,19.915,0.249,0,1580052,933680,169736,5251356,3532.979,483.943,0,326.611,0,22.903,4186,2681,2.640,1.530,0.830,3,0,139.407,0,0,11,28,0,28,0
15-05 12:30:40,41.411,4.016,53.458,0.251,0,1593416,920116,169740,5251552,32661.034,25499.178,0,734.858,0,23.090,6161,8548,2.640,1.530,0.830,2,0,0,0,0,11,30,0,29,0
15-05 12:30:41,59.716,17.490,22.237,0,0,1519264,994240,169756,5251564,12994.565,4474.440,0,411.764,0,26.985,5533,5074,2.640,1.530,0.830,3,0,298.829,0,0,11,28,0,30,0
15-05 12:30:42,48.638,4.989,45.396,0.249,0,1575844,937484,169756,5251740,23775.292,16545.927,0,1536.465,0,15.963,4280,3894,2.430,1.500,0.830,2,0,0,0,0,11,31,0,30,0
15-05 12:30:43,57.417,15.295,25.825,0.501,0,1526552,986520,169760,5251992,19364.372,12250.663,0,1107.223,0,71.207,7934,9423,2.430,1.500,0.830,3,0,287.838,0,0,11,28,0,33,0
15-05 12:30:44,53.262,5.751,39.509,0.500,0,1608936,903972,169764,5252148,19572.332,12218.704,0,156.035,0,13.003,3915,2858,2.430,1.500,0.830,3,0,0,0,0,11,31,0,33,0
15-05 12:30:45,50.978,10.246,37.984,0.500,0,1552876,959952,169780,5252212,21368.835,14282.874,0,327.859,0,37.984,6919,8538,2.430,1.500,0.830,3,0,111.952,0,0,11,28,0,35,0
15-05 12:30:46,56.147,6.239,36.932,0,0,1585096,927716,169780,5252228,10233.256,7206.800,0,163.700,0,9.982,3506,1889,2.430,1.500,0.830,2,0,0,0,0,11,31,0,33,0
15-05 12:30:47,51.366,8.770,38.587,0,0.251,1528012,984744,169788,5252276,25769.129,19521.035,0,445.004,0,43.097,6718,9519,2.390,1.510,0.830,4,0,155.350,0,0,11,28,0,35,0
15-05 12:30:48,74.760,24.253,1.250,0,0,1592296,920420,169792,5252312,8585.106,486.063,0,268.035,0,23.003,5697,5006,2.390,1.510,0.830,7,0,562.072,0,0,11,28,0,35,0
15-05 12:30:49,82.505,16.251,1.000,0,0,1762820,749664,169792,5252528,25430.537,16504.998,0,180.011,0,9.001,6199,5799,2.390,1.510,0.830,6,0,442.027,0,0,11,32,0,35,0
15-05 12:30:50,74.045,18.449,6.233,0.249,0,1711832,800388,169800,5252784,51677.004,41885.099,0,1308.380,0,92.743,8834,12137,2.390,1.510,0.830,6,0,470.698,0,0,11,29,0,36,0
15-05 12:30:51,84.478,15.793,0.501,0,0,1648420,863748,169808,5252824,15839.723,8641.307,0,320.865,0,25.068,6038,4962,2.390,1.510,0.830,4,0,224.606,0,0,11,29,0,36,0
15-05 12:30:52,74.989,8.999,15.998,0,0,1704480,807448,169808,5253056,38817.416,32540.319,0,135.980,0,6.999,7921,9990,2.600,1.570,0.860,4,0,0,0,0,11,32,0,37,0
15-05 12:30:53,49.443,17.979,30.715,0,0,1489180,1022644,169816,5253152,31366.004,22970.639,0,167.807,0,12.985,7794,12445,2.600,1.570,0.860,1,0,545.374,0,0,11,28,0,41,0
15-05 12:30:54,31.792,31.541,36.047,0.250,0,1485144,1026664,169816,5253168,5326.003,486.640,0,128.169,0,17.022,6573,6267,2.600,1.570,0.860,6,0,932.226,0,0,11,28,0,41,0
15-05 12:30:55,73.964,11.494,14.743,0,0,1616660,895064,169816,5253252,14061.214,10511.927,0,0,0,0,4661,3169,2.600,1.570,0.860,3,0,124.940,0,0,11,31,0,41,0
15-05 12:30:56,57.928,9.238,30.712,0.749,0,1568428,943064,169824,5253476,32156.951,22476.008,0,838.955,0,61.923,7228,10882,2.600,1.570,0.860,5,0,133.833,0,0,11,29,0,44,0
15-05 12:30:57,78.210,12.743,9.245,0,0,1596100,915376,169836,5253480,12178.778,5631.123,0,319.837,0,22.988,5034,3103,2.710,1.610,0.870,4,0,134.931,0,0,11,30,0,45,0
15-05 12:30:58,58.088,6.009,34.803,0,0,1625572,885660,169836,5253716,42394.051,32403.958,0,168.254,0,9.014,8149,12872,2.710,1.610,0.870,2,0,0,0,0,11,32,0,45,0
15-05 12:30:59,55.194,8.491,34.715,0.499,0,1600592,910360,169852,5253940,43374.790,35025.300,0,411.580,0,42.956,12621,19713,2.710,1.610,0.870,5,0,61.937,0,0,11,30,0,45,0
15-05 12:31:00,79.359,12.478,7.736,0.250,0,1582080,928856,169860,5253948,16823.156,7360.942,0,283.497,0,24.956,5361,4085,2.710,1.610,0.870,2,0,59.894,0,0,11,30,0,45,0
15-05 12:31:01,58.446,6.271,33.613,0.251,0,1615488,895236,169860,5254160,36680.276,28931.233,0,156.526,0,8.027,6763,9956,2.710,1.610,0.870,3,0,0,0,0,11,32,0,45,0
15-05 12:31:02,52.848,7.479,37.891,0,0.249,1572416,938024,169860,5254436,46911.212,39441.674,0,362.957,0,43.874,12833,20526,2.660,1.610,0.880,5,0,103.702,0,0,11,30,0,47,0
15-05 12:31:03,77.443,14.536,7.017,0.251,0,1571312,939108,169864,5254456,16733.604,7697.137,0,2666.630,0,164.409,5836,4578,2.660,1.610,0.880,3,0,156.389,0,0,11,29,0,49,0
15-05 12:31:04,61.724,6.247,30.737,0.250,0,1620116,890124,169864,5254652,33271.919,26906.613,0,1315.443,0,11.995,6466,8404,2.660,1.610,0.880,4,0,0,0,0,11,32,0,49,0
15-05 12:31:05,66.061,10.760,22.521,0,0,1611460,898552,169864,5254872,29367.150,24260.429,0,348.322,0,34.031,8644,13545,2.660,1.610,0.880,5,0,98.091,0,0,11,28,0,51,0
15-05 12:31:06,74.000,10.500,14.500,0.750,0,1594276,915712,169868,5254892,17288.926,9835.958,0,211.999,0,20.000,4790,2973,2.660,1.610,0.880,3,0,30.000,0,0,11,31,0,51,0
15-05 12:31:07,61.230,11.996,23.243,2.499,0,1660104,849792,169916,5254936,25542.855,18256.179,0,2383.240,0,146.953,6460,8968,3.010,1.700,0.910,4,0,126.960,0,0,11,30,0,53,0
15-05 12:31:08,60.207,6.495,32.477,0,0,1730812,778828,169920,5255692,40949.082,30477.477,0,187.867,0,12.991,7105,12858,3.010,1.700,0.910,10,0,30.978,0,0,11,30,0,55,0
15-05 12:31:09,72.566,14.763,11.761,0,0,1622096,887528,169920,5255140,21899.891,14821.462,0,0,0,0,6914,17226,3.010,1.700,0.910,4,0,189.172,0,0,11,28,0,58,0
15-05 12:31:10,70.285,8.973,20.188,0,0,1607044,902508,169920,5255264,21795.395,17520.459,0,0,0,0,4910,4562,3.010,1.700,0.910,3,0,42.869,0,0,11,31,0,58,0
15-05 12:31:11,67.595,9.764,21.781,0.250,0,1607168,902052,169936,5255576,29793.740,18897.475,0,168.236,0,19.027,6052,8619,3.010,1.700,0.910,4,0,68.095,0,0,11,29,0,58,0
15-05 12:31:12,58.944,10.490,29.222,0.999,0,1593108,916080,169948,5255592,18816.023,13246.344,0,335.679,0,33.968,5502,5015,3.250,1.780,0.940,1,0,138.867,0,0,11,32,0,59,0
15-05 12:31:13,53.146,10.529,34.595,1.504,0,1536908,972204,169980,5255632,19066.417,8529.449,0,2013.536,0,45.124,5423,5470,3.250,1.780,0.940,2,0,121.334,0,0,11,33,0,61,0
15-05 12:31:14,51.452,9.694,38.030,0,0,1578396,930636,169984,5255708,21560.285,13865.793,0,190.896,0,12.925,4715,4314,3.250,1.780,0.940,3,0,95.448,0,0,11,34,0,62,0
15-05 12:31:15,52.208,9.036,37.650,0.251,0,1563444,945400,169984,5255892,25527.872,17127.348,0,180.721,0,12.048,7490,9090,3.250,1.780,0.940,3,0,86.345,0,0,11,33,0,63,0
15-05 12:31:16,49.294,8.257,41.537,0,0.250,1547016,961624,169992,5256084,20651.623,11605.465,0,224.202,0,19.017,4748,4886,3.250,1.780,0.940,2,0,86.078,0,0,11,34,0,64,0
15-05 12:31:17,31.000,3.250,64.250,1.000,0.250,1540372,968212,169996,5256132,22749.103,16675.075,0,308.001,0,27.000,5699,7868,3.230,1.800,0.950,2,0,1.000,0,0,11,32,0,66,0
15-05 12:31:18,40.489,10.247,48.736,0,0,1490888,1017692,169996,5256136,4280.811,485.865,0,295.918,0,13.996,3402,2103,3.230,1.800,0.950,2,0,134.963,0,0,11,32,0,66,0
15-05 12:31:19,31.283,3.003,65.068,0.250,0,1518024,990532,169996,5256160,21148.134,14414.086,0,188.197,0,11.012,3957,4116,3.230,1.800,0.950,0,0,0,0,0,11,34,0,64,0
15-05 12:31:20,38.710,9.490,50.198,0,0,1477316,1031040,170004,5256348,11354.191,4087.749,0,163.830,0,11.988,4803,4542,3.230,1.800,0.950,4,0,137.857,0,0,11,32,0,66,0
15-05 12:31:21,33.023,4.003,61.793,0.751,0,1521844,986480,170012,5256368,19968.794,10963.574,0,236.163,0,17.012,3312,3042,3.230,1.800,0.950,3,0,0,0,0,11,34,0,66,0
15-05 12:31:22,35.238,7.747,55.482,0.250,0,1449140,1059156,170016,5256392,12434.913,6964.711,0,343.887,0,32.989,4375,5029,3.130,1.800,0.960,4,0,64.979,0,0,11,32,0,68,0
15-05 12:31:23,35.466,3.996,59.942,0.250,0,1525544,982732,170024,5256404,15718.758,8333.919,0,171.833,0,10.989,2514,1705,3.130,1.800,0.960,2,0,0,0,0,11,34,0,62,0
15-05 12:31:24,33.539,6.508,58.818,0,0,1506228,1001972,170040,5256456,24888.719,14664.922,0,292.337,0,29.034,6061,7753,3.130,1.800,0.960,3,0,43.050,0,0,11,32,0,64,0
15-05 12:31:25,40.496,5.499,52.744,0.250,0,1513592,994468,170048,5256588,7350.217,2836.698,0,215.977,0,11.999,2919,1945,3.130,1.800,0.960,4,0,4.999,0,0,11,33,0,64,0
15-05 12:31:26,29.214,3.496,66.168,0.250,0,1512168,995844,170048,5256636,23139.319,19128.291,0,243.698,0,20.974,5193,6835,3.130,1.800,0.960,3,0,0,0,0,11,33,0,65,0
15-05 12:31:27,26.997,12.499,59.994,0.250,0,1443384,1064544,170052,5256716,11143.947,1763.833,0,279.974,0,23.998,4698,4377,2.960,1.790,0.960,1,0,282.973,0,0,11,32,0,64,0
15-05 12:31:28,16.769,1.752,79.338,0.501,0,1449596,1058320,170052,5256724,19020.183,7339.174,0,288.321,0,8.009,2282,2337,2.960,1.790,0.960,2,0,0,0,0,11,33,0,64,0
15-05 12:31:29,12.757,10.756,75.040,1.501,0,1411176,1096708,170056,5256752,11365.132,4340.342,0,780.421,0,60.032,4612,4786,2.960,1.790,0.960,2,0,245.132,0,0,11,32,0,65,0
15-05 12:31:30,20.705,4.989,73.092,0,0,1437556,1070328,170056,5256752,9108.306,484.951,0,111.758,0,6.985,2078,1516,2.960,1.790,0.960,1,0,38.916,0,0,11,32,0,65,0
15-05 12:31:31,15.252,2.000,81.508,0,0,1430660,1077192,170068,5256772,18103.802,10380.033,0,124.012,0,13.001,3319,4120,2.960,1.790,0.960,1,0,0,0,0,11,33,0,64,0
15-05 12:31:32,20.986,4.997,73.701,0,0,1461116,1046724,170068,5256784,9826.439,1304.129,0,3.997,0,0.999,2352,1748,2.800,1.770,0.960,2,0,45.969,0,0,11,32,0,65,0
15-05 12:31:33,16.772,2.003,79.605,0.250,0,1467312,1040384,170068,5256924,12371.335,7987.547,0,268.354,0,47.062,2692,2939,2.800,1.770,0.960,1,0,0,0,0,11,33,0,65,0
15-05 12:31:34,14.267,4.505,75.090,4.255,0,1432008,1075648,170084,5256948,15215.218,7099.501,0,3644.364,0,188.225,4286,5284,2.800,1.770,0.960,2,0,69.083,0,0,11,32,0,65,0
15-05 12:31:35,17.756,21.258,60.272,0.250,0.250,1423404,1084032,170104,5257144,20955.594,486.176,0,416.151,0,28.010,6412,5378,2.800,1.770,0.960,3,0,557.202,0,0,11,32,0,60,0
15-05 12:31:36,44.500,5.966,48.726,0.249,0,1523204,982732,170140,5258468,4740.329,483.281,338.098,373.896,12.927,7.955,2850,1558,2.800,1.770,0.960,2,0,1.989,0,0,11,34,0,60,0
15-05 12:31:37,27.100,4.768,46.422,19.572,0,1534288,968940,170240,5260616,7984.561,487.806,132.491,6383.634,5.019,468.735,5707,8439,2.740,1.780,0.960,1,1,29.108,0,0,11,36,0,60,0
15-05 12:31:38,27.294,5.008,43.070,23.037,0,1601920,900320,170416,5261356,3956.440,486.792,0,8810.341,0,694.130,6754,10778,2.740,1.780,0.960,2,2,23.037,0,0,11,36,0,60,0
15-05 12:31:39,25.735,5.497,45.973,20.988,0,1568376,932884,170564,5262164,8343.070,485.713,0,8047.245,0,609.640,5887,9232,2.740,1.780,0.960,1,2,12.992,0,0,11,36,0,56,0
15-05 12:31:40,25.765,4.753,36.271,31.268,0,1627624,872612,170716,5262976,7078.136,486.284,0,10077.889,0,783.458,5739,9093,2.740,1.780,0.960,1,2,16.009,0,0,11,36,0,56,0
15-05 12:31:41,26.972,4.495,38.709,27.221,0.250,1582568,916852,170808,5263680,4109.681,485.490,0,8371.203,0,643.324,5680,9080,2.740,1.780,0.960,2,1,21.977,0,0,11,36,0,56,0
15-05 12:31:42,27.288,5.758,38.804,26.537,0,1634960,863552,170880,5264492,8969.416,486.674,0,9893.695,0,844.169,6042,9874,2.920,1.830,0.990,1,2,26.036,0,0,11,36,0,56,0
15-05 12:31:43,26.742,4.999,40.988,25.992,0,1580156,917884,170964,5264864,10101.067,485.859,0,7505.820,0,626.818,5166,8199,2.920,1.830,0.990,1,1,12.996,0,0,11,36,0,51,0
15-05 12:31:44,26.219,4.994,34.710,31.463,0,1620432,877156,171040,5265228,4462.799,485.434,0,11214.929,0,717.164,5326,8356,2.920,1.830,0.990,1,4,7.991,0,0,11,36,0,51,0
15-05 12:31:45,27.284,5.507,42.552,22.528,0,1565596,931224,171196,5265816,7703.485,486.599,0,6996.615,0,725.894,6063,9736,2.920,1.830,0.990,1,2,16.020,0,0,11,36,0,51,0
15-05 12:31:46,24.242,4.748,40.986,28.240,0,1590388,906168,171368,5265904,7585.375,485.832,0,9492.715,0,711.754,5673,9106,2.920,1.830,0.990,1,1,10.996,0,0,11,36,0,51,0
15-05 12:31:47,27.760,3.751,40.265,25.760,0,1578912,916832,171460,5266568,9693.643,486.183,0,6302.368,0,583.219,5389,8101,2.840,1.830,0.990,2,0,9.003,0,0,11,38,0,47,0
15-05 12:31:48,28.259,4.752,43.014,23.258,0,1623760,872508,171676,5265824,7145.349,486.160,0,9303.059,0,782.257,5575,8909,2.840,1.830,0.990,2,1,5.002,0,0,11,38,0,47,0
15-05 12:31:49,44.972,5.497,34.479,14.491,0,1549960,946144,171760,5265900,3927.591,485.702,0,9414.225,0,541.668,3614,3964,2.840,1.830,0.990,2,0,5.996,0,0,11,32,0,47,0
15-05 12:31:50,34.742,5.499,47.489,11.497,0,1572416,923324,171948,5266072,8856.900,539.872,0,6034.569,0,798.811,6220,10525,2.840,1.830,0.990,3,2,2.000,0,0,11,34,0,47,0
15-05 12:31:51,27.014,4.502,46.525,20.011,0,1629976,865340,172160,5266276,4140.218,486.260,0,6135.286,0,739.396,5733,9987,2.840,1.830,0.990,1,2,2.001,0,0,11,34,0,46,0
15-05 12:31:52,28.990,5.498,46.234,17.244,0,1572556,922228,172492,5266460,8041.240,485.833,0,8025.245,0,1141.608,7447,13671,2.860,1.850,1,4,1,1.000,0,0,11,34,0,46,0
15-05 12:31:53,28.000,6.750,61.249,3.250,0,1525456,969252,172524,5266500,5787.919,485.993,0,2259.968,0,117.998,2980,2660,2.860,1.850,1,3,0,98.999,0,0,11,32,0,46,0
15-05 12:31:54,22.992,3.499,71.226,2.249,0,1571080,923584,172536,5266532,9499.799,485.836,0,763.743,0,41.986,1924,1524,2.860,1.850,1,2,0,1.999,0,0,11,32,0,46,0
15-05 12:31:55,11.012,17.769,67.071,3.253,0,1523520,970956,172560,5266680,7087.493,486.514,0,2442.582,0,143.151,5596,4593,2.860,1.850,1,1,1,416.440,0,0,11,32,0,46,0
15-05 12:31:56,8.492,20.980,57.695,11.489,0,1496180,998164,172628,5266736,4373.850,485.539,0,6645.694,0,298.717,6749,6358,2.860,1.850,1,1,0,492.533,0,0,11,32,0,41,0
15-05 12:31:57,7.748,21.244,67.980,1.749,0,1472000,1022180,172628,5266892,3192.063,485.857,0,171.950,0,4.999,6076,4759,2.790,1.860,1.010,1,0,458.865,0,0,11,32,0,41,0
15-05 12:31:58,21.515,3.753,74.051,0,0,1525076,969096,172628,5266896,9420.532,486.337,0,4.003,0,1.001,1908,1388,2.790,1.860,1.010,1,0,2.001,0,0,11,32,0,41,0
15-05 12:31:59,21.980,3.247,73.434,0,0,1511392,982772,172628,5266904,7033.672,579.479,0,171.845,0,1.998,1800,1193,2.790,1.860,1.010,1,0,2.997,0,0,11,32,0,41,0
15-05 12:32:00,22.234,3.997,73.697,0,0,1553384,940796,172628,5266888,8764.723,485.652,0,0,0,0,1822,1231,2.790,1.860,1.010,1,0,1.999,0,0,11,32,0,37,0
15-05 12:32:01,22.797,3.006,72.649,0.501,0,1522612,971540,172632,5266908,6278.842,486.996,0,885.812,0,114.234,2157,1838,2.790,1.860,1.010,1,0,1.002,0,0,11,32,0,37,0
15-05 12:32:02,22.200,3.243,73.833,0,0,1565948,928216,172632,5266896,7734.476,484.901,0,39.910,0,3.991,1843,1304,2.640,1.840,1.010,1,0,1.995,0,0,11,32,0,37,0
15-05 12:32:03,22.491,2.999,73.721,0,0,1505176,988976,172632,5266908,3860.494,485.811,0,11.995,0,1.000,1800,1292,2.640,1.840,1.010,1,0,1.999,0,0,11,32,0,37,0
15-05 12:32:04,23.008,2.751,73.777,0,0.250,1545016,949156,172632,5266888,3454.257,486.177,0,44.016,0,5.002,1732,1171,2.640,1.840,1.010,1,0,2.001,0,0,11,32,0,33,0
15-05 12:32:05,21.997,3.499,73.489,0,0,1501156,992996,172632,5266908,5634.172,485.929,0,0,0,0,1864,1381,2.640,1.840,1.010,1,0,1.000,0,0,11,32,0,33,0
15-05 12:32:06,22.047,3.507,73.908,0,0,1496264,997888,172632,5266908,8686.547,487.040,0,12.026,0,1.002,1805,1198,2.640,1.840,1.010,1,0,3.006,0,0,11,32,0,33,0
15-05 12:32:07,21.679,4.485,72.512,0,0,1537252,956916,172632,5266880,5609.577,484.409,0,0,0,0,1954,1332,2.510,1.830,1.010,2,0,8.971,0,0,11,32,0,33,0
15-05 12:32:08,22.771,3.003,73.569,0,0,1514636,979500,172632,5266912,9788.150,486.455,0,84.079,0,3.003,1809,1188,2.510,1.830,1.010,1,0,1.001,0,0,11,32,0,29,0
15-05 12:32:09,26.763,6.003,64.032,1.751,0.250,1541692,952536,172632,5266824,8325.173,486.244,0,4002.006,0,218.109,3112,12967,2.510,1.830,1.010,1,0,38.019,0,0,11,32,0,30,0
15-05 12:32:10,22.747,3.500,73.740,0,0,1500740,993400,172632,5266912,9235.701,485.932,0,91.987,0,2.000,1787,1211,2.510,1.830,1.010,1,0,1.000,0,0,11,32,0,30,0
15-05 12:32:11,22.506,3.251,72.268,0.750,0,1486528,1007596,172644,5266920,5271.316,486.121,0,696.174,0,60.015,2087,1912,2.510,1.830,1.010,1,0,1.000,0,0,11,32,0,30,0
15-05 12:32:12,22.232,3.247,73.690,0.250,0,1533484,960660,172644,5266900,3190.391,485.603,0,55.954,0,4.996,1763,1305,2.390,1.810,1.010,1,0,1.998,0,0,11,32,0,21,0
15-05 12:32:13,22.251,3.250,73.752,0,0,1500584,993536,172644,5266924,7878.192,486.012,0,0,0,0,1788,1254,2.390,1.810,1.010,1,0,1.000,0,0,11,32,0,21,0
15-05 12:32:14,22.749,3.000,73.498,0,0,1488676,1005444,172644,5266924,5607.868,485.989,0,23.999,0,1.000,1741,1217,2.390,1.810,1.010,1,0,1.000,0,0,11,32,0,21,0
15-05 12:32:15,23.264,2.752,73.546,0,0,1522360,971768,172644,5266916,4077.524,486.301,0,24.015,0,2.001,1752,1250,2.390,1.810,1.010,1,0,2.001,0,0,11,32,0,21,0
15-05 12:32:16,11.265,18.524,69.340,0,0,1469048,1025020,172644,5266976,8222.713,486.634,0,244.318,0,11.014,5671,4441,2.390,1.810,1.010,1,0,454.592,0,0,11,32,0,16,0
15-05 12:32:17,21.221,4.743,68.155,4.494,0,1488844,1005204,172672,5266968,7325.832,485.326,0,1797.505,0,95.867,2137,1812,2.280,1.800,1.010,1,1,6.990,0,0,11,32,0,16,0
15-05 12:32:18,22.765,3.002,69.044,4.753,0,1489508,1004232,172700,5267228,8655.576,486.313,0,2277.467,0,110.071,2110,1627,2.280,1.800,1.010,1,0,9.006,0,0,11,32,0,16,0
15-05 12:32:19,22.727,2.997,73.425,0,0,1494548,999192,172700,5267228,7007.831,485.503,0,0,0,0,1789,1261,2.280,1.800,1.010,1,0,0,0,0,11,32,0,16,0
15-05 12:32:20,11.278,18.797,68.672,0,0,1444388,1049200,172700,5267372,5283.223,487.219,40.100,172.432,2.005,5.013,5521,4432,2.280,1.800,1.010,1,0,455.139,0,0,11,32,0,11,0
15-05 12:32:21,8.253,21.757,68.273,0.500,0.250,1432256,1061292,172704,5267408,7585.599,486.167,0,808.277,0,32.011,6732,5911,2.280,1.800,1.010,1,0,570.195,0,0,11,32,0,11,0
15-05 12:32:22,8.748,21.744,68.231,0,0.250,1418492,1074992,172704,5267448,6926.021,485.861,0,727.792,0,37.989,6481,5217,2.180,1.790,1.010,1,0,547.843,0,0,11,32,0,11,0
15-05 12:32:23,8.500,22.249,68.247,0,0,1400488,1092964,172704,5267476,7476.629,485.976,0,1279.937,0,13.999,6417,5145,2.180,1.790,1.010,2,0,566.972,0,0,11,32,0,11,0
15-05 12:32:24,8.749,21.247,68.990,0,0,1390916,1102500,172704,5267508,8704.682,539.918,0,1195.819,0,12.998,6227,4880,2.180,1.790,1.010,1,0,516.922,0,0,11,32,0,8,0
15-05 12:32:25,7.502,22.007,69.772,0,0,1382040,1111344,172704,5267540,6433.984,528.163,0,208.064,0,8.002,6063,4679,2.180,1.790,1.010,1,0,454.140,0,0,11,32,0,8,0
15-05 12:32:26,8.251,21.502,69.758,0,0,1377516,1115832,172704,5267576,7417.834,486.055,0,312.035,0,10.001,6038,4649,2.180,1.790,1.010,1,0,458.051,0,0,11,32,0,8,0
15-05 12:32:27,8.242,21.480,68.186,0.500,0,1375592,1117712,172704,5267616,6530.852,539.492,0,155.853,0,14.986,6442,5300,2.080,1.770,1,2,0,561.471,0,0,11,32,0,8,0
15-05 12:32:28,22.023,26.027,50.552,1.251,0.250,1378260,1114956,172744,5267636,5905.115,486.504,0,1477.530,0,163.169,7296,6832,2.080,1.770,1,4,0,774.802,0,0,11,34,0,8,0
15-05 12:32:29,62.752,13.250,21.501,2.000,0,1554596,937804,172760,5268360,10875.308,486.014,16.000,832.024,1.000,37.001,4331,2950,2.080,1.770,1,3,0,164.005,0,0,11,32,0,11,0
15-05 12:32:30,40.249,5.500,30.500,22.000,0.250,1644628,842156,172856,5272996,10193.836,485.992,427.993,7919.872,9.000,385.994,5184,6545,2.080,1.770,1,2,3,18.000,0,0,11,38,0,11,0
15-05 12:32:31,8.990,2.997,52.692,31.965,0.250,1644200,840644,172984,5274684,9371.698,539.407,0,6868.450,0,498.452,5526,9542,2.080,1.770,1,1,2,21.976,0,0,11,38,0,12,0
15-05 12:32:32,6.245,2.748,54.453,33.970,0,1651828,831824,173112,5275688,5081.568,485.576,0,11613.870,0,748.347,4915,9155,2.240,1.810,1.020,1,2,14.987,0,0,11,38,0,10,0
15-05 12:32:33,5.998,2.999,52.736,34.990,0,1651944,830564,173244,5276652,7434.959,485.867,0,11800.760,0,788.783,5344,9873,2.240,1.810,1.020,2,1,20.994,0,0,11,38,0,10,0
15-05 12:32:34,5.993,2.497,49.695,38.957,0,1651360,829808,173404,5277800,9057.016,485.465,0,8422.715,0,590.349,5335,9907,2.240,1.810,1.020,0,3,11.987,0,0,11,38,0,10,0
15-05 12:32:35,4.753,3.002,46.275,43.023,0,1651044,828800,173512,5278980,5128.794,486.265,0,10977.981,0,713.389,4685,8732,2.240,1.810,1.020,0,3,3.002,0,0,11,38,0,10,0
15-05 12:32:36,9.247,2.749,50.236,36.240,0,1650972,828044,173568,5279736,3328.051,485.861,0,9977.155,0,678.806,4798,8537,2.240,1.810,1.020,0,5,11.997,0,0,11,38,0,10,0
15-05 12:32:37,5.252,2.501,51.024,37.518,0,1650584,827288,173648,5280768,8068.768,540.252,0,12441.811,0,829.387,5992,11271,2.220,1.810,1.030,0,4,13.006,0,0,11,38,0,8,0
15-05 12:32:38,6.752,3.251,60.517,26.758,0,1650468,826280,173692,5281816,8765.471,486.137,0,6813.921,0,542.153,4589,8097,2.220,1.810,1.030,0,2,9.003,0,0,11,38,0,8,0
15-05 12:32:39,17.757,6.252,39.765,33.263,0,1636124,839648,173780,5282668,8393.267,528.206,0,11052.302,0,754.294,5888,9600,2.220,1.810,1.030,1,4,57.022,0,0,11,36,0,8,0
15-05 12:32:40,20.248,4.499,36.996,36.496,0,1675112,799500,173816,5283724,11666.642,5571.351,0,11810.625,0,767.911,5718,9393,2.220,1.810,1.030,2,2,11.999,0,0,11,37,0,8,0
15-05 12:32:41,19.514,3.753,39.277,35.025,0,1665156,808504,173848,5284588,13153.207,4723.306,0,11652.156,0,769.539,6225,10190,2.220,1.810,1.030,1,2,15.011,0,0,11,38,0,9,0
15-05 12:32:42,25.004,6.501,30.754,35.255,0,1653976,818972,173892,5285244,6547.924,552.078,0,11533.628,0,739.104,6544,9973,2.360,1.850,1.040,1,3,76.011,0,0,11,38,0,9,0
15-05 12:32:43,19.999,3.750,42.998,30.748,0,1658952,812392,173952,5286712,13256.335,9992.499,0,7947.601,0,586.971,7747,12691,2.360,1.850,1.040,2,1,9.000,0,0,11,39,0,9,0
15-05 12:32:44,17.983,3.996,39.463,35.716,0,1655836,814160,174000,5287968,20325.872,10015.574,0,11397.274,0,746.298,8767,14800,2.360,1.850,1.040,0,3,5.994,0,0,11,39,0,9,0
15-05 12:32:45,22.977,6.493,29.470,39.710,0,1676008,793380,174060,5288516,6600.293,1099.882,0,10952.870,0,833.153,4998,7383,2.360,1.850,1.040,3,2,38.960,0,0,11,38,0,9,0
15-05 12:32:46,20.065,4.515,41.886,31.352,0,1691992,776400,174136,5289440,10261.291,6165.001,0,13608.149,0,873.835,5868,9862,2.360,1.850,1.040,0,1,17.055,0,0,11,39,0,9,0
15-05 12:32:47,21.224,3.496,45.943,27.216,0,1686856,779764,174188,5291084,18452.122,10756.663,0,11537.695,0,772.043,8861,14776,2.490,1.890,1.060,3,0,9.988,0,0,11,39,0,9,0
15-05 12:32:48,21.745,6.998,37.742,31.243,0.250,1623848,841436,174264,5292304,13783.039,4664.998,0,10197.809,0,722.845,7596,12177,2.490,1.890,1.060,7,0,82.982,0,0,11,38,0,10,0
15-05 12:32:49,22.475,4.245,36.959,34.711,0,1663084,801448,174296,5293004,14051.315,5511.847,0,9141.795,0,615.313,5510,8836,2.490,1.890,1.060,1,2,2.997,0,0,11,39,0,10,0
15-05 12:32:50,22.295,4.008,39.078,31.814,0,1658700,804704,174364,5294036,15003.105,7569.188,0,11679.436,0,777.560,7916,13216,2.490,1.890,1.060,1,3,0,0,0,11,39,0,10,0
15-05 12:32:51,20.988,4.997,44.474,27.984,0,1577216,884936,174428,5295188,13124.423,7816.488,0,10473.954,0,738.574,8401,14287,2.490,1.890,1.060,2,1,31.982,0,0,11,38,0,10,0
15-05 12:32:52,27.517,5.003,31.519,34.271,0,1630708,830664,174520,5295856,9517.768,728.441,0,10974.651,0,735.446,5284,8085,2.610,1.920,1.070,1,1,1.001,0,0,11,38,1,10,0
15-05 12:32:53,20.219,3.994,42.185,30.453,0,1632832,827696,174568,5296632,19977.990,9660.005,0,10252.086,0,669.960,6483,10442,2.610,1.920,1.070,2,1,8.986,0,0,11,39,0,10,0
15-05 12:32:54,21.486,3.747,43.721,29.730,0,1632972,825428,174652,5298588,16557.947,11160.550,0,11864.080,0,794.470,7852,13088,2.610,1.920,1.070,1,1,8.994,0,0,11,38,0,10,1
15-05 12:32:55,26.179,7.978,35.154,29.420,0,1610608,846804,174824,5299356,7220.376,550.504,0,10012.786,0,750.959,6468,9422,2.610,1.920,1.070,2,1,63.827,0,0,11,38,0,11,0
15-05 12:32:56,29.407,11.562,31.920,25.637,0,1612588,844084,175000,5299904,12223.196,7379.360,257.373,12997.325,2.011,840.483,8078,11503,2.610,1.920,1.070,2,1,230.228,0,0,11,37,0,11,0
15-05 12:32:57,35.487,17.494,25.991,19.243,0,1537356,917816,175100,5301228,11395.957,2475.122,691.755,10191.384,8.997,686.756,9842,15128,2.640,1.940,1.090,1,2,225.920,0,0,11,36,0,12,0
15-05 12:32:58,27.438,11.474,36.916,23.197,0,1554140,899924,175136,5302224,11246.469,6040.288,1616.331,6630.947,36.916,471.929,6222,8792,2.640,1.940,1.090,2,0,151.656,0,0,11,37,0,12,0
15-05 12:32:59,20.029,6.760,44.064,26.288,0,1513104,939704,175176,5303376,5349.765,1778.581,0,8031.657,0,674.980,5866,8753,2.640,1.940,1.090,2,2,66.096,0,0,11,36,0,13,0
15-05 12:33:00,20.988,3.998,39.228,33.981,0,1547764,904200,175236,5304136,14611.734,5617.822,0,10805.887,0,721.592,5379,8585,2.640,1.940,1.090,1,2,0,0,0,11,37,0,13,0
15-05 12:33:01,19.019,6.006,50.550,22.022,0,1575852,875148,175304,5304996,11084.037,5829.805,0,10346.303,0,481.479,6244,9319,2.640,1.940,1.090,1,1,43.043,0,0,11,36,0,14,0
15-05 12:33:02,21.473,3.745,40.450,31.211,0,1621536,828568,175424,5305736,13049.833,2833.490,0,12728.232,0,776.039,5039,8076,2.670,1.960,1.100,1,1,0,0,0,11,37,0,14,0
15-05 12:33:03,19.742,2.999,51.728,23.490,0,1613804,834868,175448,5307108,19495.853,8943.263,0,5969.505,0,502.790,6401,10546,2.670,1.960,1.100,1,1,2.999,0,0,11,36,0,15,0
15-05 12:33:04,7.496,5.247,54.719,29.233,0.250,1572744,874932,175480,5308044,7780.597,485.725,0,8835.000,0,628.644,5410,9071,2.670,1.960,1.100,0,2,71.959,0,0,11,36,0,15,0
15-05 12:33:05,3.502,2.001,62.785,29.016,0,1558576,888492,175504,5308612,6685.727,486.271,0,9929.535,0,644.359,4168,8230,2.670,1.960,1.100,0,2,0,0,0,11,36,0,15,0
15-05 12:33:06,4.005,2.503,66.090,25.034,0.250,1545296,900496,175572,5309760,3572.891,486.666,0,6276.592,0,514.705,3937,7397,2.670,1.960,1.100,0,1,3.004,0,0,11,36,0,15,0
15-05 12:33:07,3.996,3.747,56.698,32.221,0,1534776,910248,175596,5310460,4352.038,485.558,0,13475.732,0,833.241,4705,9086,2.620,1.960,1.100,0,2,6.994,0,0,11,36,0,15,0
15-05 12:33:08,4.752,2.251,67.028,24.260,0,1523164,920448,175628,5311768,8472.543,486.203,0,7459.119,0,581.243,4234,8036,2.620,1.960,1.100,2,1,0,0,0,11,36,0,15,0
15-05 12:33:09,8.497,5.248,56.480,26.241,0,1502564,940044,175648,5312728,6309.781,539.810,0,8513.006,0,671.764,5970,19893,2.620,1.960,1.100,2,1,41.985,0,0,11,36,0,15,0
15-05 12:33:10,3.749,2.749,56.488,33.743,0,1497908,942848,175676,5314508,7965.334,485.898,0,12845.313,0,783.836,4984,9327,2.620,1.960,1.100,4,2,2.999,0,0,11,36,0,15,0
15-05 12:33:11,4.001,2.751,55.268,34.261,0,1493312,946996,175684,5314936,6169.961,540.172,0,12063.834,0,876.278,4856,9015,2.620,1.960,1.100,1,1,9.003,0,0,11,36,0,15,0
15-05 12:33:12,3.750,2.250,60.005,32.003,0,1489064,950812,175712,5315328,7245.655,540.049,0,6736.609,0,548.050,3954,7127,2.570,1.960,1.110,0,3,9.001,0,0,11,36,0,15,0
15-05 12:33:13,5.250,3.250,65.249,23.750,0,1485760,953280,175752,5316064,7222.885,539.991,0,7203.886,0,581.991,4541,8120,2.570,1.960,1.110,2,3,6.000,0,0,11,36,0,15,0
15-05 12:33:14,3.997,2.498,58.705,31.476,0.250,1484912,953956,175804,5316184,5171.012,539.584,0,12822.110,0,996.232,4548,7927,2.570,1.960,1.110,1,1,2.998,0,0,11,36,0,15,0
15-05 12:33:15,6.001,2.000,65.766,24.506,0,1480576,956776,175836,5317628,5346.334,540.135,0,6833.705,0,486.121,3923,6973,2.570,1.960,1.110,0,1,9.002,0,0,11,36,0,15,0
15-05 12:33:16,3.001,3.001,59.278,31.265,0,1478436,958808,175872,5317700,8374.919,486.228,0,12854.016,0,819.383,4489,8235,2.570,1.960,1.110,0,2,6.003,0,0,11,36,0,15,0
15-05 12:33:17,4.734,2.741,60.043,29.399,0,1475308,961648,175884,5317948,5494.085,538.147,0,11328.997,0,898.905,5032,9336,2.520,1.960,1.110,1,1,12.955,0,0,11,36,0,15,0
15-05 12:33:18,4.264,2.006,63.704,26.836,0,1472240,964268,175932,5318344,8505.206,487.560,0,8852.317,0,657.102,4785,8777,2.520,1.960,1.110,2,1,6.019,0,0,11,36,0,15,0
15-05 12:33:19,3.752,2.001,59.778,31.014,0,1470428,965440,175956,5318940,5055.326,540.249,0,9968.587,0,742.342,4964,9295,2.520,1.960,1.110,0,1,12.006,0,0,11,36,0,15,0
15-05 12:33:20,4.248,2.499,64.723,26.239,0,1469304,965680,175976,5319784,8090.644,485.799,0,8152.619,0,623.741,4202,7792,2.520,1.960,1.110,0,2,2.999,0,0,11,36,0,15,0
15-05 12:33:21,4.498,2.999,58.978,30.489,0,1469092,965680,176040,5319928,7860.087,539.800,0,11895.592,0,847.686,5396,9860,2.520,1.960,1.110,0,2,8.997,0,0,11,36,0,15,0
15-05 12:33:22,6.249,2.750,58.243,30.496,0,1468144,965680,176108,5320780,6980.133,485.940,0,11002.633,0,783.903,4781,8563,2.480,1.960,1.120,0,2,8.999,0,0,11,36,0,15,0
15-05 12:33:23,3.753,2.252,65.806,25.271,0,1467856,965680,176148,5321016,9376.964,540.459,0,7386.274,0,577.490,4250,7538,2.480,1.960,1.120,0,1,9.008,0,0,11,36,0,15,0
15-05 12:33:24,5.000,2.500,56.504,32.252,0,1468084,965680,176196,5320736,5811.442,486.037,0,10960.834,0,739.056,4440,8234,2.480,1.960,1.120,0,1,3.000,0,0,11,36,0,15,0
15-05 12:33:25,4.995,2.498,65.690,23.978,0,1468284,965680,176236,5320492,6867.750,539.509,0,7573.108,0,690.372,4789,8869,2.480,1.960,1.120,0,2,0,0,0,11,36,0,15,0
15-05 12:33:26,3.499,2.499,60.983,29.741,0,1468096,965680,176280,5320636,10745.918,539.845,0,13052.257,0,823.764,4590,8780,2.480,1.960,1.120,0,2,2.999,0,0,11,36,0,15,0
15-05 12:33:27,5.748,2.249,65.726,23.741,0,1468216,966764,176316,5319400,6933.461,539.802,0,4962.183,0,543.801,4642,8702,2.440,1.960,1.120,0,2,1.000,0,0,11,36,0,15,0
15-05 12:33:28,5.004,2.252,58.543,31.523,0,1467908,966764,176344,5319680,8589.348,486.359,0,12465.213,0,815.603,4352,7802,2.440,1.960,1.120,0,2,3.002,0,0,11,36,0,15,0
15-05 12:33:29,7.007,2.252,55.807,32.283,0,1467568,966764,176352,5320008,7529.756,582.600,0,11555.904,0,727.750,4640,8277,2.440,1.960,1.120,4,1,6.006,0,0,11,36,0,15,0
15-05 12:33:30,6.745,2.748,65.948,21.733,0,1467528,966512,176368,5320284,5334.817,539.577,0,4596.396,0,477.625,4577,8169,2.440,1.960,1.120,0,2,5.995,0,0,11,36,0,9,0
15-05 12:33:31,5.248,2.749,60.730,27.741,0,1467044,966512,176384,5320748,7756.458,485.841,0,9272.961,0,739.758,4851,8844,2.440,1.960,1.120,4,0,5.998,0,0,11,38,0,9,0
15-05 12:33:32,4.251,2.250,61.758,28.754,0.250,1466740,966512,176420,5321008,9390.230,486.064,0,9629.261,0,692.091,4359,7832,2.570,2,1.140,4,1,6.001,0,0,11,38,0,9,0
15-05 12:33:33,4.496,2.498,61.942,27.724,0,1466684,966260,176432,5321284,10787.959,539.498,0,7616.910,0,664.382,5025,8872,2.570,2,1.140,0,2,8.992,0,0,11,38,0,9,0
15-05 12:33:34,3.755,2.754,61.082,30.040,0,1466364,966260,176440,5321596,3912.247,486.653,0,11267.111,0,748.003,4164,7683,2.570,2,1.140,0,1,3.004,0,0,11,38,0,8,0
15-05 12:33:35,5.250,2.000,61.245,27.248,0,1466248,966008,176452,5321940,22504.206,485.961,0,10727.145,0,805.936,5396,9859,2.570,2,1.140,0,1,6.000,0,0,11,38,0,8,0
15-05 12:33:36,6.499,2.749,60.987,27.244,0,1467464,965756,176468,5320960,5600.829,539.887,0,9486.016,0,777.837,5164,9459,2.570,2,1.140,0,2,2.999,0,0,11,38,0,8,0
15-05 12:33:37,4.998,2.749,62.477,26.740,0,1467568,965508,176480,5321100,4016.516,485.821,0,9308.561,0,752.722,4621,8711,2.680,2.030,1.150,0,1,6.997,0,0,11,38,0,8,0
15-05 12:33:38,4.250,2.750,56.753,33.252,0,1467316,965508,176500,5321328,4439.247,486.027,0,15504.861,0,975.054,4977,9262,2.680,2.030,1.150,0,1,3.000,0,0,11,38,0,8,0
15-05 12:33:39,5.500,2.250,60.498,28.499,0,1467048,965508,176520,5321560,7946.713,539.981,0,8083.708,0,634.977,4590,8318,2.680,2.030,1.150,0,1,3.000,0,0,11,38,0,8,0
15-05 12:33:40,5.998,2.499,64.478,24.492,0,1466660,965508,176548,5321916,6902.677,485.836,0,7993.310,0,624.790,5101,9457,2.680,2.030,1.150,0,3,2.999,0,0,11,38,0,8,0
15-05 12:33:41,5.259,3.005,59.857,30.555,0,1466500,965004,176552,5322564,7515.480,486.873,0,10009.954,0,766.375,4765,8689,2.680,2.030,1.150,0,1,12.022,0,0,11,38,0,8,0
15-05 12:33:42,7.995,2.499,60.965,24.736,0,1467112,963996,176564,5322944,6054.531,539.691,0,7487.710,0,695.601,5112,9183,2.790,2.060,1.170,0,2,11.993,0,0,11,38,0,7,0
15-05 12:33:43,6.996,2.249,55.965,31.730,0,1466808,963996,176580,5323224,7285.414,581.634,0,12288.264,0,810.490,4365,7719,2.790,2.060,1.170,3,0,2.998,0,0,11,38,0,7,0
15-05 12:33:44,10.501,2.250,59.007,24.753,0,1465828,963996,176604,5324156,8096.911,540.061,0,7508.845,0,720.081,5635,9804,2.790,2.060,1.170,0,1,15.002,0,0,11,38,0,7,0
15-05 12:33:45,6.255,3.253,59.050,29.024,0,1465428,963996,176608,5324544,3804.208,540.456,0,11413.624,0,815.688,5272,9600,2.790,2.060,1.170,0,1,6.005,0,0,11,38,0,7,0
15-05 12:33:46,5.994,1.998,59.940,30.469,0.250,1464936,963996,176624,5325008,3782.191,485.511,0,7072.876,0,573.422,3902,6936,2.790,2.060,1.170,0,1,8.991,0,0,11,38,0,7,0
15-05 12:33:47,5.503,3.002,65.790,23.264,0,1464552,963744,176652,5325604,7771.721,540.328,0,8585.215,0,706.429,4907,8828,2.890,2.090,1.180,1,2,10.006,0,0,11,38,0,7,0
15-05 12:33:48,4.744,2.747,57.927,30.961,0.250,1464284,963744,176704,5325808,9567.976,485.390,0,13930.494,0,968.783,5021,9311,2.890,2.090,1.180,0,2,5.992,0,0,11,38,0,7,0
15-05 12:33:49,3.749,2.499,62.476,28.239,0,1463972,963744,176720,5326096,9609.262,539.790,0,9360.359,0,679.736,4658,8594,2.890,2.090,1.180,0,1,5.998,0,0,11,38,0,7,0
15-05 12:33:50,5.261,2.505,62.125,27.555,0,1463460,963744,176768,5326548,7424.941,486.980,0,9114.341,0,752.514,4845,8820,2.890,2.090,1.180,1,2,15.030,0,0,11,38,0,6,0
15-05 12:33:51,4.994,2.497,60.180,28.717,0,1462924,963744,176784,5327056,7591.164,539.372,0,10240.081,0,761.114,5681,10685,2.890,2.090,1.180,1,0,5.993,0,0,11,38,0,6,0
15-05 12:33:52,4.500,2.750,64.004,25.751,0,1462636,963492,176800,5327568,7350.414,540.030,0,7724.435,0,636.036,5111,9530,3.050,2.140,1.200,0,1,3.000,0,0,11,38,0,6,0
15-05 12:33:53,4.501,2.501,56.268,32.760,0,1462148,963492,176812,5328028,3944.239,540.170,0,14716.622,0,938.295,5109,9579,3.050,2.140,1.200,2,1,3.001,0,0,11,38,0,6,0
15-05 12:33:54,4.752,2.501,63.283,26.514,0,1461952,963240,176852,5328416,8078.209,582.303,0,6431.351,0,555.289,4324,7746,3.050,2.140,1.200,2,3,12.006,0,0,11,38,0,6,0
15-05 12:33:55,5.492,2.496,56.419,32.703,0,1461824,962988,176876,5328764,8598.700,485.306,0,10760.608,0,774.892,4557,8388,3.050,2.140,1.200,0,1,11.983,0,0,11,38,0,6,0
15-05 12:33:56,3.004,2.754,67.345,24.535,0,1461436,962988,176884,5329120,6851.671,540.763,0,5663.995,0,482.681,3902,7084,3.050,2.140,1.200,1,2,6.008,0,0,11,38,0,6,0
15-05 12:33:57,5.496,2.248,64.953,24.233,0,1461296,962484,176892,5329744,6965.011,539.613,0,7706.480,0,682.511,4870,8964,2.970,2.140,1.210,0,2,9.993,0,0,11,38,0,6,0
15-05 12:33:58,4.501,3.251,56.265,33.509,0,1460728,962484,176928,5330260,7285.942,540.144,0,14819.950,0,974.260,4980,9159,2.970,2.140,1.210,0,2,6.002,0,0,11,38,0,4,0
15-05 12:33:59,4.499,2.500,60.990,28.745,0,1460980,961728,176940,5330732,9448.470,633.897,0,7314.815,0,646.895,4703,8446,2.970,2.140,1.210,0,1,8.999,0,0,11,38,0,4,0
15-05 12:34:00,3.499,2.750,54.742,35.245,0,1460692,961728,176948,5330992,7784.868,485.929,0,11642.308,0,823.880,4660,8670,2.970,2.140,1.210,1,3,5.999,0,0,11,38,0,4,0
15-05 12:34:01,4.503,2.752,60.035,29.767,0.250,1460368,961728,176952,5331300,4448.564,540.311,0,10069.803,0,767.442,4618,8595,2.970,2.140,1.210,2,1,6.003,0,0,11,38,0,4,0
15-05 12:34:02,4.754,2.752,60.295,29.522,0,1460332,961476,176960,5331572,7630.696,540.403,0,12044.991,0,880.657,4812,8754,2.970,2.160,1.220,0,2,6.004,0,0,11,38,0,4,0
15-05 12:34:03,4.245,2.497,57.928,31.960,0,1460008,961224,176972,5332116,5567.033,539.325,0,10071.395,0,725.093,4601,8432,2.970,2.160,1.220,3,0,8.989,0,0,11,38,0,2,0
15-05 12:34:04,5.003,2.501,61.032,28.515,0,1459608,961224,176988,5332500,7380.903,540.286,0,8036.250,0,638.338,5620,10498,2.970,2.160,1.220,0,1,24.013,0,0,11,38,0,2,0
15-05 12:34:05,6.497,2.999,56.974,30.986,0,1459648,960468,177008,5333172,3996.204,539.757,0,11634.770,0,881.604,6289,11578,2.970,2.160,1.220,0,1,17.992,0,0,11,38,0,2,0
15-05 12:34:06,5.755,3.253,60.047,27.772,0,1459292,960468,177012,5333512,8613.773,486.382,0,9683.614,0,769.605,5784,10803,2.970,2.160,1.220,0,1,12.009,0,0,11,38,0,2,0
15-05 12:34:07,5.000,2.750,56.253,33.002,0,1459808,959712,177016,5333716,7363.364,540.027,0,10520.521,0,713.035,4555,8068,3.060,2.190,1.230,5,0,19.001,0,0,11,38,0,1,0
15-05 12:34:08,7.994,2.498,62.703,23.732,0,1459116,959712,177028,5334380,7161.652,539.597,0,5955.553,0,650.514,5469,9562,3.060,2.190,1.230,0,1,17.987,0,0,11,38,0,1,0
15-05 12:34:09,7.249,4.499,56.991,28.246,0.250,1461052,957512,177040,5334604,5682.118,539.916,0,10454.376,0,705.890,5418,20637,3.060,2.190,1.230,0,1,41.993,0,0,11,38,0,2,0
15-05 12:34:10,3.256,3.006,60.366,30.809,0,1461136,957260,177044,5334764,9260.812,541.041,0,12415.881,0,835.607,4429,8270,3.060,2.190,1.230,0,2,6.012,0,0,11,38,0,2,0
15-05 12:34:11,6.242,2.497,62.418,25.966,0,1460708,957260,177056,5335168,5147.218,485.361,0,10697.905,0,854.874,5276,9587,3.060,2.190,1.230,0,1,14.980,0,0,11,38,0,1,0
15-05 12:34:12,3.745,2.247,62.174,28.216,0,1460652,957008,177056,5335468,6926.582,539.345,0,7794.527,0,649.211,4412,8081,3.050,2.200,1.240,0,2,0,0,0,11,38,0,1,0
15-05 12:34:13,6.004,3.002,59.788,29.769,0,1462044,955244,177060,5335828,5946.818,540.347,0,7660.919,0,609.391,4545,8206,3.050,2.200,1.240,0,3,9.006,0,0,11,38,0,1,0
15-05 12:34:14,5.255,2.753,57.309,31.783,0,1461944,955244,177076,5335900,7387.566,540.554,0,14879.239,0,1009.033,5306,9598,3.050,2.200,1.240,0,2,3.003,0,0,11,38,0,1,0
15-05 12:34:15,4.254,3.253,54.048,34.280,0,1461604,955244,177104,5336208,5067.492,540.479,0,12058.690,0,808.717,5034,9041,3.050,2.200,1.240,1,1,6.005,0,0,11,38,0,1,0
15-05 12:34:16,6.489,1.747,69.387,20.467,0,1462860,953732,177120,5336444,4741.248,539.119,0,3450.359,0,370.394,3752,6765,3.050,2.200,1.240,1,0,5.990,0,0,11,38,0,1,0
15-05 12:34:17,3.746,2.747,59.443,30.221,0,1463800,953732,177124,5335500,4114.084,485.538,0,12739.874,0,904.139,5100,9530,2.890,2.180,1.240,1,2,0.999,0,0,11,38,0,1,0
15-05 12:34:18,4.250,2.000,67.007,24.503,0,1464832,953732,177132,5334464,8290.891,540.058,0,2488.267,0,360.039,3793,6768,2.890,2.180,1.240,1,1,0,0,0,11,38,0,1,0
15-05 12:34:19,4.755,2.753,58.064,31.535,0,1465684,953732,177136,5333608,5837.418,540.594,0,11244.363,0,754.830,5452,10384,2.890,2.180,1.240,0,2,0,0,0,11,38,0,1,0
15-05 12:34:20,3.998,2.748,56.466,33.480,0,1466784,953732,177144,5332500,7834.330,539.678,0,9386.405,0,664.604,4638,8481,2.890,2.180,1.240,2,0,0,0,0,11,38,0,1,0
15-05 12:34:21,5.004,2.752,64.045,25.018,0.250,1468492,953732,177152,5330796,9457.704,540.383,0,7621.402,0,753.534,6463,12329,2.890,2.180,1.240,1,2,0,0,0,11,38,0,1,0
15-05 12:34:22,6.247,2.999,58.725,29.987,0,1468568,953732,177152,5330720,7631.688,539.766,0,14597.664,0,873.621,5481,10373,3.060,2.230,1.260,0,2,2.999,0,0,11,38,0,1,0
15-05 12:34:23,4.997,2.498,64.460,24.735,0,1468344,953732,177152,5330944,5449.625,485.699,0,6743.824,0,624.613,4391,7917,3.060,2.230,1.260,1,1,8.994,0,0,11,38,0,1,0
15-05 12:34:24,6.000,3.000,57.753,31.502,0,1468036,953732,177152,5331252,4503.239,540.029,0,12596.669,0,808.043,5077,9261,3.060,2.230,1.260,0,1,9.000,0,0,11,38,0,1,0
15-05 12:34:25,5.254,3.002,54.794,34.778,0,1467804,953732,177152,5331484,9333.425,582.463,0,11381.054,0,745.593,5211,9199,3.060,2.230,1.260,0,1,6.005,0,0,11,38,0,1,0
15-05 12:34:26,4.497,2.498,61.458,27.731,0,1467556,953732,177152,5331732,6900.332,539.635,0,8338.359,0,668.548,5006,9104,3.060,2.230,1.260,0,3,5.996,0,0,11,38,0,1,0
15-05 12:34:27,13.276,4.258,63.123,17.033,0,1343144,1078424,177156,5331448,6156.970,541.052,0,7234.064,0,539.048,4296,6198,3.050,2.240,1.270,1,0,47.092,0,0,11,32,0,3,0
15-05 12:34:28,8.754,22.011,65.533,3.502,0.250,1337352,1084056,177156,5331660,9506.720,540.268,0,1936.962,0,120.060,6695,5628,3.050,2.240,1.270,2,0,585.291,0,0,11,32,0,3,0
15-05 12:34:29,50.516,15.505,26.508,6.502,0.250,1477688,943524,177156,5331856,5310.642,486.150,0,5209.611,0,322.100,6016,5506,3.050,2.240,1.270,3,0,319.099,0,0,11,32,0,9,0
15-05 12:34:30,63.709,7.217,24.389,3.733,0,1668640,749740,177188,5334412,8054.239,537.547,0,1536.985,0,56.741,3852,1667,3.050,2.240,1.270,3,2,1.991,0,0,11,32,0,9,0
15-05 12:34:31,49.682,5.269,23.587,21.077,0,1770544,644908,177224,5336944,7418.213,433.591,0,9045.181,0,288.057,3732,2624,3.050,2.240,1.270,3,2,7.026,0,0,11,32,0,9,0
15-05 12:34:32,18.466,3.494,40.426,34.936,0,1781844,631588,177244,5338820,5280.381,485.116,0,12014.114,0,681.758,4965,8106,2.970,2.240,1.280,0,1,8.984,0,0,11,38,0,9,0
15-05 12:34:33,9.997,2.499,58.730,25.741,0,1781900,630076,177260,5340216,8379.079,485.831,0,8760.946,0,647.774,5660,9788,2.970,2.240,1.280,0,2,35.987,0,0,11,38,0,9,0
15-05 12:34:34,9.008,3.253,58.301,27.023,0,1781848,628816,177264,5341468,4916.275,432.376,0,11005.570,0,759.661,5631,10059,2.970,2.240,1.280,2,2,24.021,0,0,11,38,0,9,0
15-05 12:34:35,6.997,2.999,55.477,31.487,0,1782040,627304,177268,5342748,5045.913,485.799,0,10343.722,0,683.717,5311,9687,2.970,2.240,1.280,2,1,14.994,0,0,11,38,0,9,0
15-05 12:34:36,7.993,2.997,49.459,36.719,0.250,1782012,625540,177276,5344468,8775.653,485.593,0,9675.900,0,704.410,5533,9741,2.970,2.240,1.280,2,3,20.982,0,0,11,38,0,9,0
15-05 12:34:37,4.745,2.747,56.939,32.215,0,1782124,624532,177284,5345336,7078.381,485.477,0,10360.848,0,688.259,4903,9125,3.050,2.260,1.290,0,1,12.986,0,0,11,38,0,9,0
15-05 12:34:38,5.760,3.005,52.838,36.310,0,1781724,624028,177292,5346192,7488.460,432.720,0,11102.473,0,747.243,5492,10298,3.050,2.260,1.290,0,3,21.035,0,0,11,38,0,9,0
15-05 12:34:39,7.744,2.748,56.455,29.726,0.250,1781520,623524,177300,5346876,8492.244,485.614,0,11450.890,0,801.362,5280,9534,3.050,2.260,1.290,0,5,20.983,0,0,11,38,0,9,0
15-05 12:34:40,7.010,2.754,59.831,28.288,0,1782100,622264,177312,5347532,4614.280,486.662,0,9773.301,0,693.944,4788,8574,3.050,2.260,1.290,2,2,27.037,0,0,11,38,0,9,0
15-05 12:34:41,6.264,2.506,52.617,35.078,0,1782156,621004,177320,5348692,7628.936,487.081,0,12167.011,0,822.827,5287,9544,3.050,2.260,1.290,0,3,15.033,0,0,11,38,0,9,0
15-05 12:34:42,4.747,2.249,50.721,39.727,0,1781724,620248,177332,5349832,5640.780,485.723,0,6244.435,0,469.732,4068,7228,2.960,2.260,1.290,0,1,23.986,0,0,11,38,0,9,0
15-05 12:34:43,6.741,2.996,51.681,35.453,0,1782172,618736,177352,5350852,7088.573,485.355,0,12547.313,0,822.906,5520,9961,2.960,2.260,1.290,1,4,20.972,0,0,11,38,0,9,0
15-05 12:34:44,5.745,2.248,49.459,39.467,0,1781984,617728,177364,5352000,5577.386,431.643,0,12325.803,0,755.375,4899,8876,2.960,2.260,1.290,0,2,14.988,0,0,11,38,0,9,0
15-05 12:34:45,6.246,2.498,50.470,38.227,0,1781892,616720,177380,5353052,8836.660,485.707,0,12536.425,0,825.501,6133,11375,2.960,2.260,1.290,6,0,17.989,0,0,11,38,0,9,0
15-05 12:34:46,5.752,2.751,52.016,37.761,0,1782272,615460,177384,5353912,9166.750,486.146,0,9614.884,0,671.201,4225,7809,2.960,2.260,1.290,7,0,15.005,0,0,11,38,0,9,0
15-05 12:34:47,7.002,3.251,51.512,35.758,0,1782120,614704,177392,5354772,5045.186,486.114,0,11238.642,0,795.187,6369,11652,2.970,2.270,1.300,0,2,28.007,0,0,11,38,0,9,0
15-05 12:34:48,6.751,2.750,49.758,38.256,0,1782444,613444,177392,5355652,4234.719,486.082,0,9837.669,0,606.103,4501,7854,2.970,2.270,1.300,0,4,24.004,0,0,11,38,0,9,0
15-05 12:34:49,6.004,2.752,56.792,31.774,0,1782556,612436,177408,5356512,8372.214,486.361,0,11904.836,0,835.620,5684,10348,2.970,2.270,1.300,1,2,21.016,0,0,11,38,0,9,0
15-05 12:34:50,6.246,2.499,54.469,33.731,0,1782356,611932,177416,5357156,6437.376,431.757,0,10398.147,0,762.571,4964,8955,2.970,2.270,1.300,1,2,29.983,0,0,11,38,0,9,0
15-05 12:34:51,7.008,2.753,49.310,37.796,0,1782276,610672,177420,5358440,9511.519,528.640,0,10917.221,0,747.906,5383,9785,2.970,2.270,1.300,0,1,18.022,0,0,11,38,0,9,0
15-05 12:34:52,4.744,2.747,51.190,37.955,0.250,1782140,609916,177428,5359304,7471.192,485.428,0,10291.867,0,735.133,5015,9084,3.210,2.330,1.330,0,3,11.986,0,0,11,38,0,9,0
15-05 12:34:53,5.505,2.502,56.054,32.782,0.250,1782392,609160,177428,5359792,8036.724,486.468,0,11911.447,0,811.780,4692,8796,3.210,2.330,1.330,0,3,9.009,0,0,11,38,0,9,0
15-05 12:34:54,5.740,2.745,47.666,40.928,0,1782420,608404,177436,5360484,5080.007,431.237,0,11096.356,0,667.818,4262,7491,3.210,2.330,1.330,1,3,11.979,0,0,11,38,0,9,0
15-05 12:34:55,5.757,3.004,49.059,40.549,0,1782432,607900,177440,5360956,3586.342,486.589,0,12006.537,0,817.990,5048,9047,3.210,2.330,1.330,0,1,12.015,0,0,11,38,0,9,0
15-05 12:34:56,6.254,3.252,51.781,36.522,0,1782936,606400,177444,5361904,3787.254,486.289,0,9841.856,0,771.459,5067,9086,3.210,2.330,1.330,0,1,15.009,0,0,11,38,0,9,0
15-05 12:34:57,5.499,2.999,61.235,27.244,0,1783004,605644,177452,5362568,7364.251,431.897,0,9453.754,0,691.836,4850,8571,3.190,2.350,1.340,0,2,15.996,0,0,11,38,0,9,0
15-05 12:34:58,11.763,3.254,41.297,40.546,0,1782528,605140,177456,5363516,5423.212,486.557,0,14961.137,0,1011.158,6247,11193,3.190,2.350,1.340,1,4,18.021,0,0,11,38,0,9,0
15-05 12:34:59,24.973,7.242,36.461,29.219,0,1687472,699292,177464,5364392,8094.344,579.380,0,12898.207,0,808.136,6710,10723,3.190,2.350,1.340,1,1,81.912,0,0,11,36,0,9,0
15-05 12:35:00,27.497,4.999,37.246,28.247,0,1756200,629540,177476,5365376,6538.264,485.945,0,13698.457,0,859.903,5486,8827,3.190,2.350,1.340,2,2,20.998,0,0,11,36,0,9,0
15-05 12:35:01,23.502,6.251,39.754,28.503,0.500,1645508,739124,177492,5366432,8398.875,432.045,0,8296.865,0,659.069,6948,10878,3.190,2.350,1.340,0,2,113.012,0,0,11,36,0,9,0
15-05 12:35:02,7.756,3.753,49.035,38.027,0,1644872,738900,177500,5367264,7791.566,486.347,0,11652.324,0,810.579,5832,10708,3.340,2.390,1.360,1,1,21.015,0,0,11,36,0,9,0
15-05 12:35:03,4.998,2.999,51.728,37.484,0,1643900,738900,177516,5368164,5000.839,485.790,0,11011.242,0,685.704,4461,7968,3.340,2.390,1.360,0,1,11.995,0,0,11,36,0,9,0
15-05 12:35:04,5.003,2.251,57.536,32.521,0,1642932,738900,177520,5369104,7319.636,486.308,0,10842.867,0,688.436,5524,10210,3.340,2.390,1.360,0,0,15.010,0,0,11,36,0,9,0
15-05 12:35:05,5.239,2.495,60.624,28.441,0,1642352,738648,177528,5369900,5323.902,431.101,0,8418.452,0,551.850,4498,7995,3.340,2.390,1.360,5,3,20.956,0,0,11,36,0,9,0
15-05 12:35:06,5.257,2.754,54.574,34.296,0,1641812,738396,177540,5370648,3345.523,486.658,0,11147.069,0,769.040,5213,9352,3.340,2.390,1.360,0,1,21.028,0,0,11,36,0,9,0
15-05 12:35:07,5.250,2.750,55.000,33.500,0,1641452,737640,177552,5371724,7123.011,486.001,0,8424.014,0,645.001,4636,8124,3.390,2.420,1.370,4,1,16.000,0,0,11,36,0,9,0
15-05 12:35:08,6.245,2.997,46.211,41.714,0,1640792,737136,177560,5372800,5791.067,485.586,0,14395.738,0,928.209,5189,9808,3.390,2.420,1.370,1,1,11.990,0,0,11,36,0,9,0
15-05 12:35:09,7.999,4.999,48.244,35.495,0,1645788,731088,177568,5373812,8214.940,485.937,0,10398.659,0,634.918,5547,15710,3.390,2.420,1.370,0,3,38.995,0,0,11,36,0,10,0
15-05 12:35:10,5.746,1.999,54.713,34.727,0,1645136,730584,177576,5374928,6551.586,485.673,0,9249.767,0,671.548,4602,8188,3.390,2.420,1.370,2,1,17.988,0,0,11,36,0,10,0
15-05 12:35:11,7.499,3.000,57.744,29.247,0,1645508,728092,177596,5376924,3654.623,431.955,0,10086.961,0,688.929,5173,9048,3.390,2.420,1.370,0,3,26.997,0,0,11,36,0,10,0
15-05 12:35:12,5.501,3.500,53.257,35.505,0,1644820,728092,177604,5377596,7850.094,486.068,0,12337.719,0,844.118,5160,9452,3.600,2.480,1.400,0,3,12.002,0,0,11,36,0,9,0
15-05 12:35:13,8.499,2.500,51.745,33.996,0.250,1644952,727336,177608,5378196,7653.191,485.949,0,12518.677,0,847.910,5206,9025,3.600,2.480,1.400,0,1,5.999,0,0,11,36,0,9,0
15-05 12:35:14,7.499,2.250,50.994,36.496,0,1648044,723556,177612,5378856,8455.048,485.945,0,11506.704,0,715.919,5126,9204,3.600,2.480,1.400,0,4,0,0,0,11,36,0,9,0
15-05 12:35:15,5.501,2.250,48.761,41.009,0.250,1648028,722044,177616,5380316,5543.224,486.107,0,8737.929,0,575.127,4137,7585,3.600,2.480,1.400,0,2,0,0,0,11,36,0,9,0
15-05 12:35:16,5.503,2.001,54.780,34.519,0,1646936,721540,177616,5381868,8033.348,486.263,0,9341.056,0,645.349,4446,8294,3.600,2.480,1.400,1,2,0,0,0,11,36,0,9,0
15-05 12:35:17,5.246,3.247,47.961,40.217,0,1646876,720280,177620,5383100,8853.783,431.648,0,13413.067,0,816.335,5865,11137,3.710,2.520,1.420,0,2,0.999,0,0,11,36,0,9,0
15-05 12:35:18,4.255,2.753,51.562,38.546,0,1646224,720028,177620,5383952,3818.579,486.584,0,12531.027,0,810.973,4977,9542,3.710,2.520,1.420,1,1,0,0,0,11,36,0,9,0
15-05 12:35:19,3.997,2.748,48.458,42.463,0,1645772,719272,177624,5385124,3121.293,485.579,0,9635.643,0,596.483,4256,7769,3.710,2.520,1.420,0,2,0,0,0,11,36,0,9,0
15-05 12:35:20,5.256,2.503,53.564,36.043,0,1645200,718264,177628,5386644,7737.264,486.583,0,8410.070,0,596.714,4307,7787,3.710,2.520,1.420,1,3,0,0,0,11,36,0,9,0
15-05 12:35:21,2.997,2.997,50.945,40.457,0,1645592,717004,177628,5387472,5892.683,485.480,0,9505.810,0,585.373,4140,7810,3.710,2.520,1.420,0,4,0,0,0,11,36,0,9,0
15-05 12:35:22,6.004,2.502,54.789,34.525,0,1645852,714988,177632,5389164,7290.215,432.309,0,7113.088,0,538.385,4288,7863,3.740,2.540,1.430,0,1,0,0,0,11,36,0,9,0
15-05 12:35:23,3.754,3.003,52.053,38.790,0,1645512,714232,177640,5390224,5585.717,486.498,0,11423.692,0,718.736,4532,8624,3.740,2.540,1.430,4,2,0,0,0,11,36,0,9,0
15-05 12:35:24,3.996,2.497,54.691,35.462,0,1645120,713476,177644,5391300,7789.662,485.480,0,11587.596,0,696.255,4815,9021,3.740,2.540,1.430,0,3,0,0,0,11,36,0,9,0
15-05 12:35:25,4.497,2.998,49.466,39.723,0,1645416,712216,177644,5392232,7858.574,527.636,0,11999.714,0,734.493,4976,9564,3.740,2.540,1.430,0,1,2.998,0,0,11,36,0,9,0
15-05 12:35:26,6.253,3.002,57.531,30.766,0,1645524,711460,177644,5392860,8530.539,486.259,0,9184.887,0,656.349,5346,9512,3.740,2.540,1.430,0,1,12.006,0,0,11,36,0,9,0
15-05 12:35:27,3.251,2.251,59.017,31.759,0.250,1645572,711208,177644,5393060,5039.482,432.127,0,8670.550,0,648.191,4591,8896,3.520,2.520,1.430,0,1,7.002,0,0,11,36,0,9,0
15-05 12:35:28,3.750,3.750,53.494,36.246,0.250,1645560,710704,177644,5393568,12213.518,485.941,0,15418.129,0,1080.869,5556,10084,3.520,2.520,1.430,0,2,11.999,0,0,11,36,0,9,0
15-05 12:35:29,3.499,2.749,59.985,31.242,0,1645308,710704,177644,5393812,5350.641,485.877,0,12272.883,0,840.786,4448,8408,3.520,2.520,1.430,1,1,5.998,0,0,11,36,0,7,0
15-05 12:35:30,4.497,2.248,57.458,32.226,0,1645452,710452,177644,5393908,7923.181,431.683,0,8733.586,0,631.536,4488,7934,3.520,2.520,1.430,0,1,11.991,0,0,11,36,0,7,0
15-05 12:35:31,3.752,2.751,61.027,30.013,0,1645760,709948,177644,5394096,5368.362,486.214,0,8407.699,0,616.271,4199,7716,3.520,2.520,1.430,0,2,9.004,0,0,11,36,0,7,0
15-05 12:35:32,6.495,2.998,54.207,32.224,0,1645932,709192,177652,5394660,7908.671,485.611,0,11754.593,0,834.332,5645,10103,3.640,2.560,1.450,2,2,6.994,0,0,11,40,0,7,0
15-05 12:35:33,7.749,2.500,60.246,27.248,0,1648200,706168,177660,5395396,10514.226,485.964,0,8695.360,0,619.954,4347,7696,3.640,2.560,1.450,2,1,8.999,0,0,11,40,0,1,0
15-05 12:35:34,4.761,2.255,59.888,31.072,0,1648304,706168,177660,5395280,7222.665,432.999,0,8078.640,0,562.297,4001,7376,3.640,2.560,1.450,1,2,6.014,0,0,11,40,0,1,0
15-05 12:35:35,6.737,2.745,54.893,32.936,0,1647832,705916,177660,5395992,22729.844,485.058,0,12723.283,0,789.466,6772,12738,3.640,2.560,1.450,1,2,8.983,0,0,11,40,0,1,0
15-05 12:35:36,5.757,2.253,57.571,32.040,0.250,1648136,705412,177660,5396192,7125.789,486.600,0,10661.150,0,732.904,4698,8407,3.640,2.560,1.450,0,1,15.019,0,0,11,40,0,1,0
15-05 12:35:37,6.751,2.500,60.259,27.004,0,1648308,704656,177660,5396756,4328.653,486.073,0,7821.179,0,665.100,5069,9145,3.580,2.570,1.460,0,1,19.003,0,0,11,40,0,1,0
15-05 12:35:38,14.515,3.253,45.797,33.284,0,1497520,854964,177660,5397224,8631.838,432.443,0,11627.905,0,793.813,5286,9203,3.580,2.570,1.460,2,2,14.014,0,0,11,36,0,1,0
15-05 12:35:39,11.753,3.001,59.766,23.506,0,1499996,852300,177664,5397396,5208.380,486.129,0,6309.672,0,473.125,3902,6020,3.580,2.570,1.460,1,0,44.012,0,0,11,34,0,1,0
15-05 12:35:40,17.500,11.750,54.250,15.750,0.250,1391420,960864,177664,5397428,9498.021,486.001,0,9960.022,0,556.001,4666,5083,3.580,2.570,1.460,1,1,212.000,0,0,11,32,0,1,0
15-05 12:35:41,22.465,3.245,67.394,5.491,0,1460212,892068,177664,5397432,6906.122,485.236,0,2172.578,0,116.816,2116,1947,3.580,2.570,1.460,1,0,0.998,0,0,11,32,0,1,0
15-05 12:35:42,23.008,3.751,68.275,5.502,0,1437212,915060,177664,5397440,3212.176,486.178,0,2204.807,0,109.040,2480,2256,3.540,2.570,1.470,1,0,19.007,0,0,11,32,0,1,0
15-05 12:35:43,21.762,3.502,72.791,0.500,0,1505700,846564,177664,5397448,7400.124,432.241,0,492.274,0,39.022,2092,1892,3.540,2.570,1.470,1,0,11.006,0,0,11,32,0,1,0
15-05 12:35:44,22.237,2.748,73.707,0.750,0,1567440,784824,177664,5397448,7662.538,485.717,0,99.942,0,9.994,1873,1490,3.540,2.570,1.470,1,1,1.999,0,0,11,34,0,1,0
15-05 12:35:45,17.027,22.285,56.589,3.255,0.250,1495328,856904,177664,5397480,4584.216,486.766,0,845.331,0,99.156,5756,5450,3.540,2.570,1.470,2,0,644.014,0,0,11,32,0,1,0
15-05 12:35:46,11.249,28.248,58.497,0.750,0,1489520,862660,177664,5397532,7753.538,485.971,0,219.987,0,21.999,7231,6502,3.540,2.570,1.470,1,0,842.950,0,0,11,32,0,1,0
15-05 12:35:47,7.499,20.998,66.744,2.750,0.500,1476880,875204,177664,5397612,5673.467,431.959,0,251.976,0,14.999,5968,4620,3.250,2.530,1.460,3,0,460.957,0,0,11,32,0,1,0
15-05 12:35:48,9.003,21.008,69.276,0,0.500,1465296,886744,177664,5397648,9317.466,486.181,0,32.012,0,8.003,5932,4548,3.250,2.530,1.460,1,0,405.151,0,0,11,32,0,1,0
15-05 12:35:49,17.989,14.991,65.211,0,0,1449552,902324,177664,5397880,7049.763,485.708,0,15.990,0,3.998,6317,7925,3.250,2.530,1.460,0,0,256.846,0,0,11,32,0,1,0
15-05 12:35:50,42.651,10.974,45.644,0,0,1526176,825688,177672,5398144,6160.665,430.997,0,0,0,0,3977,2801,3.250,2.530,1.460,3,0,130.696,0,0,11,33,0,1,0
15-05 12:35:51,44.793,5.755,47.045,2.002,0,1625728,725984,177672,5398400,8193.775,528.501,0,1645.561,0,252.239,3232,2133,3.250,2.530,1.460,3,0,8.008,0,0,11,45,0,1,0
15-05 12:35:52,42.754,4.750,48.754,2.500,0,1666444,683424,177720,5399804,8660.710,486.040,104.009,1916.157,1.000,185.015,3543,2652,3.150,2.520,1.460,2,0,10.001,0,0,11,49,0,1,0
15-05 12:35:53,22.285,18.529,56.590,2.754,0,1675992,671088,177720,5402916,6912.937,486.770,0,296.469,0,7.011,8059,13145,3.150,2.520,1.460,1,0,403.639,0,0,11,48,0,2,0
15-05 12:35:54,12.234,7.240,79.393,0,0,1669776,677104,177720,5402656,6176.712,485.349,0,127.828,0,9.987,3475,4727,3.150,2.520,1.460,0,0,91.877,0,0,11,48,0,2,0
15-05 12:35:55,0.750,0.750,97.494,0.250,0,1669768,677104,177720,5402664,7409.523,431.972,0,379.976,0,30.998,973,1510,3.150,2.520,1.460,0,0,3.000,0,0,11,48,0,2,0
15-05 12:35:56,0.250,0.250,97.507,0,0,1669108,677760,177724,5402664,6297.476,486.037,0,104.008,0,6.000,774,1063,3.150,2.520,1.460,0,0,3.000,0,0,11,48,0,2,0
15-05 12:35:57,0.250,0.499,98.342,0,0.250,1666896,679972,177724,5402664,4974.028,485.222,0,0,0,0,709,1045,2.900,2.480,1.450,1,0,1.997,0,0,11,48,0,2,0
15-05 12:35:58,3.005,3.005,93.399,0,0,1656236,690628,177724,5402660,3186.076,432.689,0,4.006,0,1.002,1630,1760,2.900,2.480,1.450,0,0,50.080,0,0,11,48,0,2,0
15-05 12:35:59,17.991,13.993,66.717,0,0,1669180,677640,177724,5402672,9116.457,579.711,0,0,0,0,6146,8411,2.900,2.480,1.450,0,0,279.861,0,0,11,48,0,2,0
15-05 12:36:00,10.523,17.789,69.403,1.002,0.501,1690012,656588,177724,5402844,5711.577,725.598,0,8.018,0,2.004,5752,5262,2.900,2.480,1.450,1,0,402.887,0,0,12,48,0,2,0
15-05 12:36:01,16.728,13.483,67.662,0.499,0.250,1708160,638472,177724,5402832,7070.855,431.442,0,183.762,0,6.991,6014,7273,2.900,2.480,1.450,1,4,215.721,0,0,12,52,0,2,0
15-05 12:36:02,5.256,7.758,83.339,3.253,0,1697056,649584,177724,5402864,3353.575,486.519,0,496.529,0,35.037,2945,3275,2.670,2.440,1.440,1,0,193.206,0,0,12,64,0,2,0
15-05 12:36:03,18.478,12.236,67.920,0,0,1655240,691316,177724,5402908,7267.411,485.426,0,43.948,0,5.993,5803,6846,2.670,2.440,1.440,2,0,223.736,0,0,14,64,0,3,0
15-05 12:36:04,8.760,21.275,69.080,0,0.250,1649556,696984,177724,5402952,8617.956,486.562,0,20.023,0,5.006,6212,5081,2.670,2.440,1.440,3,0,471.545,0,0,14,66,0,3,0
15-05 12:36:05,14.995,17.744,65.480,0,0.250,1666912,679608,177724,5403400,4677.543,569.822,0,871.728,0,11.996,7064,8342,2.670,2.440,1.440,1,0,348.891,0,0,14,66,0,3,0
15-05 12:36:06,28.236,20.240,50.974,0,0.250,1726428,620064,177736,5402976,4904.544,431.784,0,395.802,0,7.996,6255,5599,2.670,2.440,1.440,4,0,529.735,0,0,14,66,0,3,0
15-05 12:36:07,30.271,23.016,43.780,1.251,0,1793264,551848,177792,5404224,9514.468,486.331,8.005,244.166,1.001,10.007,7410,8727,2.700,2.450,1.450,3,0,661.450,0,0,14,66,0,3,0
15-05 12:36:08,35.184,21.959,41.422,0,0,1881748,462772,177796,5405020,8779.446,485.085,0,31.940,0,7.985,7383,8645,2.700,2.450,1.450,7,0,457.138,0,0,14,70,0,5,0
15-05 12:36:09,61.710,22.735,15.990,0,0,2014992,329336,177800,5405708,8264.709,485.689,0,23.985,0,5.996,4627,4443,2.700,2.450,1.450,6,0,438.719,0,0,14,70,0,5,0
15-05 12:36:10,63.862,19.209,16.464,0,0,2144160,199616,177808,5405796,8981.622,484.954,0,27.940,0,6.985,6112,20179,2.700,2.450,1.450,5,0,324.300,0,0,14,70,0,5,0
15-05 12:36:11,69.848,25.125,3.518,1.256,0,2231968,180556,171064,5344960,8992.786,524.613,128.641,1398.967,27.135,56.280,5802,5870,2.700,2.450,1.450,2,2,584.913,0,0,14,70,0,5,0
15-05 12:36:12,72.149,18.973,5.492,2.996,0.250,2407344,132520,165796,5226012,7035.166,485.322,707.012,7553.441,57.919,389.456,8191,9741,2.800,2.470,1.470,5,2,258.638,0,0,14,74,0,5,0
15-05 12:36:13,53.235,24.743,8.248,12.746,0,2543116,162716,164924,5065140,5002.554,485.860,523.849,7409.859,34.990,538.844,9620,13763,2.800,2.470,1.470,6,0,534.845,0,0,14,76,0,5,0
15-05 12:36:14,52.740,16.497,20.246,10.248,0,2612840,154956,164796,5004552,3270.372,485.907,7.998,13441.420,2.000,216.958,7635,10954,2.800,2.470,1.470,4,2,206.960,0,0,14,79,0,5,0
15-05 12:36:15,51.993,5.999,25.496,16.248,0,2703952,199680,164792,4871852,6731.059,431.940,31.996,7770.914,3.000,316.956,6101,7842,2.800,2.470,1.470,2,0,1.000,0,0,14,79,0,5,0
15-05 12:36:16,77.266,14.253,7.001,0.500,0,2820440,151760,164828,4804824,5485.140,486.101,44.009,2748.571,5.001,90.019,9918,18103,2.800,2.470,1.470,6,0,221.046,0,0,14,91,0,13,0
15-05 12:36:17,32.985,19.991,28.987,17.992,0.250,2871084,167972,164840,4739552,7321.720,485.782,15.993,6521.079,3.998,265.881,8002,13195,2.660,2.450,1.460,1,3,463.792,0,0,14,97,0,17,0
15-05 12:36:18,13.760,17.263,58.545,8.506,0,2890056,148716,164840,4740284,9548.271,486.370,16.012,7525.731,1.001,403.307,6798,7473,2.660,2.450,1.460,1,0,300.229,0,0,14,97,0,17,0
15-05 12:36:19,38.908,11.473,41.652,7.233,0,2976520,125848,164848,4677492,10622.947,430.984,993.657,4565.234,11.972,232.452,4361,3829,2.660,2.450,1.460,2,0,126.701,0,0,14,98,0,17,0
15-05 12:36:20,30.569,10.273,56.378,1.253,0.251,3035432,198456,164864,4548952,7816.720,487.104,0,982.227,0,51.116,4587,4034,2.660,2.450,1.460,1,0,157.357,0,0,14,101,0,17,0
15-05 12:36:21,8.746,19.991,69.967,1.000,0.250,3054416,179440,164864,4548984,4651.810,575.729,0,811.618,0,46.978,5843,4514,2.660,2.450,1.460,3,0,381.820,0,0,14,101,0,17,0
15-05 12:36:22,8.010,19.024,70.838,0.250,0.250,3053200,180616,164864,4549024,7653.481,486.603,4.005,200.248,1.001,15.019,5915,4680,2.520,2.420,1.460,1,0,398.494,0,0,14,101,0,17,0
15-05 12:36:23,20.967,6.240,72.385,0,0,3125552,175412,164864,4483492,6115.326,485.232,0,1525.587,0,204.676,2464,1692,2.520,2.420,1.460,1,0,53.915,0,0,14,101,0,17,0
15-05 12:36:24,17.252,2.000,79.509,0.250,0.250,3132552,168368,164864,4483536,26991.991,23158.567,20.002,132.015,3.000,13.001,2583,2784,2.520,2.420,1.460,1,0,0,0,0,14,103,0,19,0
15-05 12:36:25,20.296,6.515,72.914,0,0,3141224,159684,164864,4483548,8997.216,432.973,0,192.432,0,11.025,2478,1816,2.520,2.420,1.460,1,0,63.142,0,0,14,103,0,19,0
15-05 12:36:26,15.972,1.747,76.616,3.993,0,3151504,149244,164868,4483708,16396.237,6947.812,7.986,1126.025,1.996,215.622,2718,2821,2.520,2.420,1.460,1,2,1.996,0,0,14,110,0,19,0
15-05 12:36:27,25.041,6.260,55.841,11.018,0,3226632,139444,164884,4419928,8991.683,486.795,156.255,3141.129,11.018,349.571,5286,7261,2.400,2.400,1.460,2,0,9.015,0,0,14,119,0,19,0
15-05 12:36:28,28.986,7.496,55.972,6.247,0,3229376,136608,164884,4420020,11901.048,1574.213,19.990,2650.674,1.999,192.904,5538,6977,2.400,2.400,1.460,1,0,89.955,0,0,14,120,0,21,0
15-05 12:36:29,22.235,4.497,71.200,1.499,0,3283720,145544,164884,4358124,4150.108,1098.235,0,891.379,0,52.963,2259,1837,2.400,2.400,1.460,0,0,21.985,0,0,14,121,0,21,0
15-05 12:36:30,16.237,2.248,79.188,1.499,0.250,3285952,143304,164884,4358132,18066.905,7907.830,35.972,2490.057,2.998,66.948,2320,2428,2.400,2.400,1.460,0,0,1.998,0,0,14,125,0,21,0
15-05 12:36:31,27.553,7.515,58.614,5.010,0,3220588,273000,164888,4295612,9933.241,2112.091,4.008,4156.051,1.002,163.316,5582,7485,2.400,2.400,1.460,3,0,48.093,0,0,14,126,0,22,0
15-05 12:36:32,42.736,8.247,46.985,1.000,0.500,3375956,117592,164888,4295652,7948.432,485.843,0,955.691,0,47.984,3418,2307,2.370,2.390,1.460,2,0,53.983,0,0,14,126,0,22,0
15-05 12:36:33,24.495,5.249,69.485,0.250,0,3311788,245072,164892,4233984,27937.869,23084.934,0,631.861,0,35.992,2921,2198,2.370,2.390,1.460,1,0,54.988,0,0,14,126,0,23,0
15-05 12:36:34,19.453,2.743,76.068,0.748,0,3376044,180812,164892,4233988,8569.465,2446.138,0,762.174,0,29.928,1709,1355,2.370,2.390,1.460,0,0,0,0,0,14,127,0,23,0
15-05 12:36:35,19.002,4.750,75.508,0.250,0,3372500,184336,164892,4234008,26827.733,21102.150,0,1064.108,0,39.004,2558,2055,2.370,2.390,1.460,1,0,51.005,0,0,14,126,0,24,0
15-05 12:36:36,18.261,2.251,78.298,0.250,0,3415072,141760,164892,4234012,10236.324,6141.794,0,436.270,0,24.015,1726,1361,2.370,2.390,1.460,1,0,0,0,0,14,127,0,24,0
15-05 12:36:37,23.493,4.998,66.480,2.999,0,3387512,169048,164892,4234284,5314.395,2453.259,35.989,655.802,4.998,79.976,5219,7658,2.260,2.370,1.460,1,0,89.973,0,0,14,128,0,25,0
15-05 12:36:38,20.229,3.247,75.173,0.250,0,3394248,162284,164892,4234312,9953.859,2449.504,0,527.463,0,38.960,2143,1974,2.260,2.370,1.460,0,0,0,0,0,14,129,0,25,0
15-05 12:36:39,17.749,5.500,76.247,0.500,0,3387176,169328,164896,4234336,26908.790,21057.053,0,455.979,0,27.999,2548,2113,2.260,2.370,1.460,2,0,54.998,0,0,14,128,0,26,0
15-05 12:36:40,19.050,2.256,76.449,1.755,0,3407592,149596,164896,4233652,13278.623,6215.206,0,1295.378,0,130.340,2184,1544,2.260,2.370,1.460,4,1,2.005,0,0,14,129,0,26,0
15-05 12:36:41,21.003,4.251,65.260,8.001,0,3383700,234968,164896,4173652,7766.151,1425.211,8.001,3588.532,2.000,442.066,5027,7545,2.260,2.370,1.460,1,0,1.000,0,0,14,130,0,26,0
15-05 12:36:42,20.991,5.248,65.721,6.997,0,3323340,295280,164896,4173700,8915.084,1791.213,0,1907.162,0,151.933,4499,5985,2.160,2.350,1.460,1,0,52.977,0,0,14,129,0,28,0
15-05 12:36:43,18.962,2.495,75.350,1.996,0,3380764,237848,164896,4173708,8024.062,2864.311,0,826.359,0,49.901,1752,1448,2.160,2.350,1.460,1,0,0,0,0,14,130,0,28,0
15-05 12:36:44,18.058,3.260,74.991,3.260,0,3381828,236744,164896,4173748,13029.839,8160.203,0,971.118,0,78.251,3452,4307,2.160,2.350,1.460,4,0,0,0,0,14,130,0,28,0
15-05 12:36:45,25.248,5.499,56.495,10.249,0.250,3384448,234084,164896,4173788,3510.681,539.951,0,6167.439,0,414.962,8555,14003,2.160,2.350,1.460,2,0,0,0,0,14,130,0,28,0
15-05 12:36:46,27.955,7.238,63.647,0.749,0,3409296,209168,164896,4173856,8562.139,1349.815,0,826.662,0,73.880,4915,6026,2.160,2.350,1.460,1,0,77.874,0,0,14,131,0,29,0
15-05 12:36:47,18.494,1.999,78.225,0.500,0,3433260,185192,164896,4173868,15002.130,8543.226,0,427.861,0,29.990,2179,2016,1.980,2.310,1.450,1,0,1.999,0,0,14,134,0,29,0
15-05 12:36:48,15.008,7.754,71.040,4.002,0.250,3413324,205068,164896,4173928,10427.862,2115.189,16.009,1128.634,1.001,135.076,4321,5071,1.980,2.310,1.450,1,0,147.083,0,0,14,133,0,30,0
15-05 12:36:49,19.023,2.002,77.844,0.501,0,3440572,177808,164896,4173940,9217.132,6072.334,0,456.551,0,29.035,1834,1524,1.980,2.310,1.450,1,0,0,0,0,14,134,0,30,0
15-05 12:36:50,17.741,2.749,78.211,1.249,0,3434820,183412,164900,4174084,18049.081,6457.809,0,703.652,0,59.970,3240,3915,1.980,2.310,1.450,3,0,0,0,0,14,134,0,30,0
15-05 12:36:51,26.995,6.249,62.738,2.500,0.250,3429612,188580,164904,4174120,7873.511,527.900,0,1311.752,0,122.977,8422,13076,1.980,2.310,1.450,1,0,0,0,0,14,134,0,30,0
15-05 12:36:52,42.023,14.008,40.272,2.001,0,3348976,268960,164904,4174344,6848.693,2405.297,32.017,1772.956,2.001,180.097,14640,24361,2.230,2.350,1.470,2,0,290.156,0,0,14,135,0,31,0
15-05 12:36:53,22.725,3.246,72.918,0.250,0.250,3415608,202192,164904,4174480,11252.394,2625.059,0,567.364,0,32.963,2387,2218,2.230,2.350,1.470,1,0,0,0,0,14,136,0,31,0
15-05 12:36:54,16.525,9.013,71.606,2.003,0,3412448,205280,164904,4174552,11246.715,6161.157,0,2812.179,0,278.414,4337,3668,2.230,2.350,1.470,2,0,215.320,0,0,14,135,0,32,0
15-05 12:36:55,9.246,20.491,67.470,1.249,0.250,3354516,263152,164904,4174596,4353.038,485.781,0,603.728,0,36.983,5970,4716,2.230,2.350,1.470,1,0,398.820,0,0,14,135,0,31,0
15-05 12:36:56,23.249,16.749,58.998,0.250,0,3367292,250368,164904,4174604,9021.718,485.985,0,463.985,0,25.999,6411,7771,2.230,2.350,1.470,3,0,306.990,0,0,14,137,0,31,0
15-05 12:36:57,31.767,22.512,43.023,1.751,0,3427968,189636,164904,4174664,5822.097,486.259,16.009,576.307,1.001,40.021,6922,6097,2.290,2.360,1.470,2,0,572.304,0,0,14,137,0,31,0
15-05 12:36:58,35.975,16.488,45.968,0.999,0,3494220,184592,164920,4115232,8628.963,485.660,55.961,1474.968,2.998,109.923,7432,9789,2.290,2.360,1.470,3,0,294.794,0,0,16,143,0,31,0
15-05 12:36:59,56.759,27.254,14.502,0.750,0,3660924,159652,164928,3975540,6400.051,650.107,92.015,500.082,6.001,36.006,8394,12992,2.290,2.360,1.470,5,0,654.107,0,0,16,149,0,31,0
15-05 12:37:00,60.487,17.996,20.246,1.250,0,3760060,159064,164928,3878176,3898.179,485.898,47.990,495.896,3.999,29.994,8498,14105,2.290,2.360,1.470,3,0,305.936,0,0,16,165,0,31,0
15-05 12:37:01,36.005,23.003,38.255,1.750,0.500,3832932,130284,164928,3834820,8046.114,486.067,4.001,720.100,1.000,44.006,16501,6867,2.290,2.360,1.470,4,1,636.088,0,0,16,165,0,31,0
15-05 12:37:02,24.496,19.247,54.741,0,0,3855160,160368,164932,3783856,5978.972,485.916,0,3047.476,0,33.994,6742,7809,2.180,2.340,1.470,1,0,406.930,0,0,17,165,0,31,0
15-05 12:37:03,26.763,19.760,51.275,0.500,0,3899916,169960,164932,3730368,4539.224,576.282,0,500.245,0,12.006,6727,6787,2.180,2.340,1.470,2,0,462.226,0,0,17,165,0,31,0
15-05 12:37:04,37.196,19.472,40.690,1.997,0,3982204,140104,164932,3679612,7930.402,485.290,11.982,575.159,2.996,39.942,8136,9781,2.180,2.340,1.470,3,0,394.423,0,0,17,171,0,31,0
15-05 12:37:05,28.029,21.272,50.052,0,0,4036928,147064,164932,3619044,5596.770,486.502,0,232.239,0,17.018,6424,5690,2.180,2.340,1.470,3,0,533.550,0,0,17,171,0,31,0
15-05 12:37:06,38.354,26.897,32.875,0.747,0,4145368,143080,164932,3517164,7848.078,484.154,31.878,844.779,4.981,51.802,11962,21001,2.180,2.340,1.470,6,0,695.349,0,0,17,183,0,31,0
15-05 12:37:07,14.531,20.545,60.882,2.255,0.251,4194380,133864,164932,3478292,5566.058,487.055,12.026,721.563,3.007,46.100,8107,10007,2.170,2.340,1.470,1,0,421.914,0,0,17,187,0,30,0
15-05 12:37:08,29.255,15.753,52.009,2.000,0.250,4255048,152972,164936,3399640,5751.042,556.101,256.046,492.089,6.001,28.005,5982,6357,2.170,2.340,1.470,2,0,201.036,0,0,17,193,0,30,0
15-05 12:37:09,42.996,6.499,46.746,2.750,0,4379092,147524,164936,3283452,8074.292,485.957,647.943,4923.568,12.999,166.985,3260,1862,2.170,2.340,1.470,2,0,1.000,0,0,17,193,0,30,0
15-05 12:37:10,41.976,7.746,43.725,5.747,0,4440836,154084,164940,3217720,7418.750,485.722,339.805,3881.776,20.988,211.879,4583,18302,2.170,2.340,1.470,1,0,53.969,0,0,17,214,0,31,0
15-05 12:37:11,31.838,24.317,40.111,3.510,0.251,4408096,185708,164948,3218780,9178.371,487.347,926.561,774.140,11.030,65.180,7413,7261,2.170,2.340,1.470,3,0,617.707,0,0,17,215,0,28,0
15-05 12:37:12,35.714,24.476,37.463,1.249,0,4463548,171008,164952,3179040,15101.908,8397.608,523.477,423.577,10.989,30.969,8274,10710,2.240,2.350,1.480,4,0,479.521,0,0,17,219,0,28,0
15-05 12:37:13,63.992,14.691,18.675,1.494,0,4523180,153888,164968,3137608,8140.193,1335.617,187.245,513.929,8.964,12.948,5610,5305,2.240,2.350,1.480,5,0,159.358,0,0,17,218,0,29,0
15-05 12:37:14,52.188,10.036,17.062,20.574,0,4633704,159304,164984,3025192,15373.424,8314.977,1653.963,12649.604,43.156,824.974,5081,3520,2.240,2.350,1.480,0,5,24.087,0,0,17,229,0,29,0
15-05 12:37:15,42.048,8.760,24.027,24.027,0,4605368,181252,165004,3031540,7389.366,3592.067,4332.906,1461.655,272.308,85.096,5376,5642,2.240,2.350,1.480,1,2,23.026,0,0,17,234,0,30,0
15-05 12:37:16,50.009,11.752,19.253,18.253,0,4669888,154112,165064,2995484,9367.693,6200.121,2148.388,2484.449,206.037,159.029,7399,9693,2.240,2.350,1.480,4,0,85.015,0,0,17,236,0,34,0
15-05 12:37:17,24.751,24.001,42.751,6.750,0.250,4674024,174104,165068,2972096,13285.282,5710.121,156.003,12708.269,10.000,82.002,8037,9070,2.300,2.360,1.490,2,0,538.011,0,0,17,235,0,35,0
15-05 12:37:18,47.238,18.995,32.242,0.500,0,4708076,138532,165068,2973592,8375.831,485.874,7.998,407.894,1.999,19.995,7360,9360,2.300,2.360,1.490,4,0,319.917,0,0,17,235,0,35,0
15-05 12:37:19,47.418,26.454,24.957,0.499,0,4764672,167692,165068,2890392,18754.431,11427.155,39.931,826.565,2.995,54.905,7860,9900,2.300,2.360,1.490,18,0,593.969,0,0,17,235,0,24,0
15-05 12:37:20,60.903,18.221,16.723,2.995,0,4802008,127212,165076,2893180,5910.602,485.228,1269.981,722.851,56.910,27.956,7313,10917,2.300,2.360,1.490,7,0,271.568,0,0,17,239,0,26,0
15-05 12:37:21,49.432,25.092,22.834,1.506,0,4877492,152860,165080,2794220,17718.195,10443.427,152.561,1031.797,9.033,61.225,7758,9436,2.300,2.360,1.490,2,0,550.024,0,0,17,246,0,26,0
15-05 12:37:22,54.812,18.187,21.925,3.737,0,4924200,122220,165080,2777964,7802.176,1576.580,470.383,697.602,27.904,45.842,7586,12519,2.430,2.390,1.510,5,0,271.068,0,0,17,251,0,28,0
15-05 12:37:23,64.464,11.538,22.324,1.756,0,5050356,152068,165084,2625748,13142.534,10375.368,778.579,425.409,11.037,18.060,6399,14226,2.430,2.390,1.510,1,0,6.020,0,0,17,253,0,28,0
15-05 12:37:24,52.623,9.228,32.422,5.237,0,5076592,151520,165088,2600572,14027.231,8416.738,1009.570,1237.022,77.813,74.820,5491,7772,2.430,2.390,1.510,4,0,20.950,0,0,17,256,0,35,0
15-05 12:37:25,51.047,12.011,33.531,2.252,0.250,5074944,177136,165088,2577464,16867.610,8882.220,1341.241,688.637,24.022,62.057,5222,4606,2.430,2.390,1.510,6,0,152.141,0,0,17,262,0,36,0
15-05 12:37:26,41.015,27.010,26.509,4.502,0,5083220,165304,165352,2580676,11956.269,5783.065,3909.396,1883.673,62.022,73.026,8120,9463,2.430,2.390,1.510,3,0,593.212,0,0,17,261,0,38,0
15-05 12:37:27,52.002,19.501,25.501,2.750,0,5111172,136792,165360,2581548,16163.666,8285.342,1076.044,956.039,14.001,38.002,6732,8859,2.400,2.380,1.510,4,0,265.011,0,0,18,262,0,36,0
15-05 12:37:28,71.484,14.497,6.998,5.999,0,5155680,156596,165360,2519008,12338.293,3578.215,883.806,2111.537,12.997,234.948,5579,4351,2.400,2.380,1.510,4,1,134.970,0,0,18,264,0,37,0
15-05 12:37:29,65.948,10.742,8.493,14.489,0,5278308,137624,165360,2419392,13337.522,6194.134,3117.551,1051.174,131.896,90.929,5580,5698,2.400,2.380,1.510,5,0,8.993,0,0,18,269,0,37,0
15-05 12:37:30,69.001,11.000,11.250,8.500,0,5288112,180512,165372,2368540,12238.248,5737.116,1484.030,2488.050,64.001,171.003,6543,7558,2.400,2.380,1.510,4,0,27.001,0,0,18,276,0,40,0
15-05 12:37:31,43.085,13.777,41.582,1.002,0.250,5356872,131724,165376,2349236,10603.917,7250.302,825.629,777.534,11.022,58.115,6723,7946,2.400,2.380,1.510,3,0,217.429,0,0,18,277,0,38,0
15-05 12:37:32,34.978,7.745,52.717,2.498,0,5286220,225292,165384,2327040,19058.951,7769.088,567.641,899.431,8.994,77.951,4752,4804,2.450,2.390,1.520,1,0,12.992,0,0,18,282,0,39,0
15-05 12:37:33,41.929,10.732,44.175,2.745,0,5369032,124392,165384,2345120,16536889.143,154365.129,3082.770,3094.750,32.944,28.951,9024,5106,2.450,2.390,1.520,2,0,98.832,0,0,18,281,0,39,0
15-05 12:37:34,33.763,9.504,47.769,8.253,0.250,5380784,139088,165388,2319408,16792.557,9142.570,336.131,3681.438,7.003,222.087,5103,5536,2.450,2.390,1.520,2,0,169.066,0,0,18,282,0,40,0
15-05 12:37:35,37.313,5.259,48.583,7.262,0,5398220,152540,165388,2289496,33512.950,9560.246,0,5465.287,0,701.192,4026,2776,2.450,2.390,1.520,2,0,8.014,0,0,18,292,0,42,0
15-05 12:37:36,22.701,3.742,67.354,3.991,0,5398836,151148,165388,2290272,179649.627,7041716.949,478.965,682.524,25.944,72.843,5534,6496,2.450,2.390,1.520,1,0,0.998,0,0,18,291,0,41,0
15-05 12:37:37,13.523,3.255,80.635,0.751,0,5333444,216504,165388,2290308,8110611.988,9410646.904,0,520.873,0,39.066,6047,4939,2.250,2.350,1.510,1,0,38.064,0,0,18,295,0,42,0
15-05 12:37:38,14.976,2.746,66.145,12.979,0,5315464,218352,165396,2306400,8669978.092,90768.446,95.848,9369.182,4.992,81.871,7912,7978,2.250,2.350,1.510,1,0,0.998,0,0,18,293,0,44,0
15-05 12:37:39,12.517,17.023,69.345,0.501,0.250,5258392,275288,165396,2306520,4526.215,726.998,44.060,476.654,3.004,26.036,5611,5093,2.250,2.350,1.510,1,0,465.639,0,0,18,292,0,45,0
15-05 12:37:40,22.971,3.496,70.912,1.498,0,5311236,222416,165396,2306548,7198.043,485.396,0,499.379,0,31.960,2314,1934,2.250,2.350,1.510,1,0,6.991,0,0,18,292,0,43,0
15-05 12:37:41,8.010,18.774,54.319,17.021,0.250,5304068,229536,165396,2306596,5637.110,486.614,0,12443.694,0,764.965,6784,5416,2.250,2.350,1.510,3,0,435.549,0,0,18,292,0,43,0
15-05 12:37:42,4.492,10.731,82.604,1.497,0.250,5298900,234648,165396,2306652,4078.789,485.142,15.972,427.245,0.998,36.935,3839,3979,2.070,2.310,1.500,0,0,227.598,0,0,18,294,0,43,0
15-05 12:37:43,11.762,3.253,75.074,9.009,0.250,5298264,235276,165400,2306656,8122.025,486.481,4.004,17188.985,1.001,48.047,1770,1744,2.070,2.310,1.500,2,0,9.009,0,0,18,294,0,43,0
15-05 12:37:44,19.188,2.741,76.003,0.748,0,5322700,210832,165400,2306664,12606.981,6668.304,0,5039.603,0,112.634,2316,1964,2.070,2.310,1.500,1,0,1.994,0,0,18,299,0,41,0
15-05 12:37:45,13.534,12.030,72.682,0.752,0,5251744,281532,165404,2306916,11724.426,3266.197,76.191,0,7.018,0,4636,3788,2.070,2.310,1.500,2,0,177.445,0,0,18,302,0,42,0
15-05 12:37:46,11.774,16.284,67.890,2.505,0,5249808,283268,165404,2307100,10417.522,487.006,0,593.226,0,51.106,5851,5114,2.070,2.310,1.500,1,0,219.453,0,0,18,302,0,42,0
15-05 12:37:47,12.975,14.971,70.363,0,0.250,5277828,255004,165404,2307328,5662.977,485.056,3.992,183.643,0.998,10.979,4791,3858,1.980,2.290,1.500,1,0,205.600,0,0,18,302,0,42,0
15-05 12:37:48,23.531,3.755,71.845,0.250,0,5347600,185228,165404,2307332,7530.989,486.646,0,352.468,0,35.046,2388,2295,1.980,2.290,1.500,1,0,3.004,0,0,18,306,0,41,0
15-05 12:37:49,18.731,2.497,71.928,5.744,0.250,5393060,139364,165404,2307736,6886.059,527.468,403.593,12319.583,11.988,36.963,2229,2141,1.980,2.290,1.500,1,0,3.996,0,0,18,310,0,41,0
15-05 12:37:50,23.007,2.751,72.521,0.750,0,5324452,207940,165404,2307768,9258.662,486.140,8.002,468.135,2.001,33.009,2295,2000,1.980,2.290,1.500,0,1,5.001,0,0,18,306,0,41,0
15-05 12:37:51,22.507,3.251,72.772,0.750,0,5364504,167872,165404,2307784,7698.315,486.146,16.005,88.026,2.001,7.002,2073,1699,1.980,2.290,1.500,1,0,1.000,0,0,18,306,0,41,0
15-05 12:37:52,12.739,2.498,82.181,1.249,0,5380176,152056,165404,2307928,18704.361,13588.638,0,379.683,0,36.969,2562,2786,1.830,2.250,1.490,0,0,1.998,0,0,18,311,0,40,0
15-05 12:37:53,20.280,4.256,74.361,0,0,5362500,169728,165404,2307932,17561.326,6286.424,0,0,0,0,2421,1962,1.830,2.250,1.490,1,0,17.026,0,0,18,308,0,41,0
15-05 12:37:54,24.479,2.498,72.437,0.250,0,5392140,140048,165404,2307972,8540.525,485.575,0,67.941,0,3.997,1949,1380,1.830,2.250,1.490,1,0,0,0,0,18,308,0,41,0
15-05 12:37:55,12.750,14.500,70.999,0.250,0.500,5344616,187404,165408,2308120,4636.928,485.992,387.994,367.994,4.000,21.000,4750,3852,1.830,2.250,1.490,1,0,265.996,0,0,18,308,0,41,0
15-05 12:37:56,13.995,13.745,70.724,0.750,0,5364340,167544,165408,2308256,8615.828,485.821,23.991,203.925,2.999,11.996,4869,4160,1.830,2.250,1.490,1,0,332.877,0,0,18,308,0,40,0
15-05 12:37:57,18.257,3.001,77.279,0.250,0,5365116,165868,165448,2309116,12606.655,2662.983,0,136.050,0,3.001,2008,1726,1.760,2.230,1.490,1,0,18.007,0,0,18,309,0,40,0
15-05 12:37:58,21.747,3.000,71.240,3.250,0,5360548,164888,165924,2314076,7925.939,659.912,87.988,955.872,6.999,17.998,2316,2120,1.760,2.230,1.490,1,0,3.000,0,0,18,308,0,40,0
15-05 12:37:59,18.242,2.499,76.215,2.249,0,5362312,157400,166444,2319136,12160.366,3693.289,0,1443.331,0,41.981,2074,1834,1.760,2.230,1.490,1,0,16.992,0,0,18,308,0,40,0
15-05 12:38:00,18.998,4.999,74.241,0.250,0,5338112,181020,166504,2319656,12523.402,2661.660,27.996,83.989,2.000,1.000,9996,18100,1.760,2.230,1.490,0,0,12.998,0,0,18,309,0,40,0
15-05 12:38:01,20.794,5.261,70.400,2.255,0.251,5365376,153324,166568,2320020,8707.578,1389.966,36.077,1014.164,5.011,40.086,10875,19456,1.760,2.230,1.490,1,1,17.036,0,0,18,309,0,40,0
15-05 12:38:02,19.500,6.000,68.751,5.000,0,5307672,220756,166652,2310172,4756.045,660.006,80.001,1560.015,5.000,54.001,2947,2933,1.700,2.210,1.480,3,1,61.001,0,0,18,308,0,40,0
15-05 12:38:03,16.716,10.978,71.356,0.249,0.249,5356996,171408,166652,2310196,3647.625,485.019,0,510.967,0,24.950,3859,3424,1.700,2.210,1.480,1,0,210.574,0,0,18,308,0,40,0
15-05 12:38:04,19.233,1.249,77.933,0,0,5378148,150068,166652,2310384,14638.340,6259.586,0,7.993,0,1.998,1879,1505,1.700,2.210,1.480,2,0,0,0,0,18,309,0,40,0
15-05 12:38:05,17.775,7.260,73.602,0.501,0,5374024,154160,166652,2310416,12392.230,5047.017,20.028,0,2.003,0,3263,2641,1.700,2.210,1.480,2,0,116.162,0,0,18,308,0,43,0
15-05 12:38:06,18.743,2.499,77.722,0,0,5406732,152360,166652,2280476,14655.638,6250.713,0,0,0,0,1963,1566,1.700,2.210,1.480,1,0,0,0,0,18,309,0,43,0
15-05 12:38:07,20.745,5.998,69.482,3.249,0,5320080,239008,166652,2280480,8474.769,3396.106,0,2903.236,0,414.891,3231,2564,1.640,2.190,1.480,1,0,70.981,0,0,18,308,0,44,0
15-05 12:38:08,19.498,3.500,75.491,0.750,0,5343656,215384,166652,2280528,15422.094,6198.234,31.996,191.976,2.000,11.999,2285,2111,1.640,2.190,1.480,1,0,7.999,0,0,18,309,0,44,0
15-05 12:38:09,19.786,4.007,74.384,0,0,5369816,189216,166652,2280536,13553.333,7879.146,0,308.554,0,19.034,2704,2377,1.640,2.190,1.480,3,0,56.101,0,0,18,308,0,45,0
15-05 12:38:10,22.708,4.242,71.868,0,0.250,5373600,185408,166652,2280560,14276.834,9224.095,0,47.912,0,4.991,3066,13082,1.640,2.190,1.480,1,0,35.934,0,0,18,312,0,47,0
15-05 12:38:11,21.712,5.490,72.623,0.250,0.250,5342696,216296,166652,2280576,5401.542,2014.473,0,131.769,0,11.979,2441,2057,1.640,2.190,1.480,1,0,31.944,0,0,18,308,0,49,0
15-05 12:38:12,14.782,2.004,80.675,0.752,0,5355544,203308,166652,2280716,15472.534,8686.827,0,348.756,0,32.070,2359,2407,1.590,2.170,1.480,1,0,0,0,0,18,309,0,48,0
15-05 12:38:13,17.511,5.253,74.798,1.751,0,5366320,192528,166652,2280720,11607.445,3203.054,0,340.218,0,30.019,2820,2678,1.590,2.170,1.480,1,0,47.030,0,0,18,308,0,49,0
15-05 12:38:14,18.251,2.500,78.005,0.750,0,5396912,161796,166652,2280860,13530.888,8422.553,0,184.012,0,10.001,2045,1827,1.590,2.170,1.480,0,0,0,0,0,18,309,0,50,0
15-05 12:38:15,20.751,5.000,73.254,0,0,5373544,185152,166652,2280872,12580.673,2825.151,0,560.030,0,10.001,2514,2056,1.590,2.170,1.480,1,0,32.002,0,0,18,308,0,52,0
15-05 12:38:16,15.240,1.999,80.699,0.500,0,5381448,177240,166652,2280880,19827.426,8717.472,0,403.744,0,36.977,2208,2212,1.590,2.170,1.480,2,0,0,0,0,18,309,0,46,0
15-05 12:38:17,11.008,8.256,77.557,2.252,0.250,5357828,200252,166936,2281204,10881.952,4328.163,500.366,384.281,95.069,45.033,4346,4519,1.540,2.150,1.470,1,0,182.133,0,0,18,312,0,47,0
15-05 12:38:18,2.248,1.249,85.938,8.494,0,5347444,209996,167200,2281580,10400.467,2827.952,623.548,2526.170,155.887,152.889,1616,2568,1.540,2.150,1.470,0,0,0,0,0,18,312,0,47,0
15-05 12:38:19,4.991,6.738,86.097,1.497,0.250,5346120,211252,167200,2281632,23274.604,4179.566,0,355.368,0,21.961,2771,2557,1.540,2.150,1.470,0,0,124.778,0,0,18,312,0,48,0
15-05 12:38:20,9.757,11.008,73.052,4.753,0,5324356,232516,167200,2282136,9689.833,948.669,436.308,1136.802,29.020,113.080,4109,3383,1.540,2.150,1.470,1,0,210.148,0,0,18,310,0,49,0
15-05 12:38:21,9.526,3.509,72.696,14.038,0,5336340,208820,167204,2293856,3812.279,487.314,5859.799,401.081,382.030,18.049,1997,2333,1.540,2.150,1.470,0,1,3.008,0,0,18,310,0,45,0
15-05 12:38:22,21.968,2.496,71.397,2.247,0,5345880,193484,167204,2299604,8311.064,1031.519,718.967,1114.400,76.890,30.956,2835,2738,1.580,2.150,1.480,1,0,16.976,0,0,18,311,0,45,0
15-05 12:38:23,13.749,1.750,80.495,3.500,0,5344228,191628,167208,2303076,15617.049,4585.721,0,2647.839,0,324.980,1839,1547,1.580,2.150,1.480,2,0,2.000,0,0,18,310,0,45,0
15-05 12:38:24,9.514,9.013,71.606,7.511,0,5301964,231056,167248,2305856,8871.162,540.802,997.480,3168.701,21.031,98.146,4633,4505,1.580,2.150,1.480,3,0,196.291,0,0,18,310,0,45,0
15-05 12:38:25,19.948,6.982,72.062,0,0,5341744,191268,167248,2305864,5577.469,538.597,0,255.335,0,9.974,2860,2379,1.580,2.150,1.480,2,0,107.719,0,0,18,310,0,36,0
15-05 12:38:26,17.007,2.751,77.034,1.501,0.250,5334376,198616,167248,2305884,28069.332,23088.144,0,212.093,0,15.007,2314,2080,1.580,2.150,1.480,2,0,29.013,0,0,18,310,0,38,0
15-05 12:38:27,22.505,4.751,72.517,0.250,0,5348792,184188,167248,2305896,11332.706,1173.280,0,188.045,0,27.006,2434,2010,1.530,2.130,1.470,0,0,19.005,0,0,18,313,0,38,0
15-05 12:38:28,16.280,2.755,77.642,2.254,0.751,5334656,198080,167248,2306140,16882.970,8723.001,224.412,132.243,13.024,15.028,2624,2592,1.530,2.130,1.470,1,0,14.026,0,0,18,312,0,40,0
15-05 12:38:29,21.456,3.493,74.346,0.249,0,5352988,179740,167248,2306148,5935.697,2500.817,0,151.686,0,8.981,2024,1661,1.530,2.130,1.470,0,0,0.998,0,0,18,313,0,36,0
15-05 12:38:30,15.747,2.499,72.234,6.749,0,5353712,177484,167248,2307680,12653.279,5122.898,1471.684,639.862,46.990,71.985,3597,4989,1.530,2.130,1.470,1,0,3.999,0,0,18,315,0,36,0
15-05 12:38:31,23.270,4.504,65.056,6.005,0,5315780,214812,167248,2308284,10640.177,1780.536,448.387,1193.029,22.019,133.115,4440,5784,1.530,2.130,1.470,1,0,7.006,0,0,18,314,0,39,0
15-05 12:38:32,19.747,2.750,74.739,0.750,0,5350748,179800,167248,2308328,16579.609,6832.015,0,603.913,0,44.994,2703,2724,1.410,2.090,1.470,0,0,1.000,0,0,18,315,0,39,0
15-05 12:38:33,18.256,3.501,74.273,3.251,0,5343760,186752,167248,2308364,13767.225,5084.560,64.020,1116.343,3.001,115.035,4734,6504,1.410,2.090,1.470,1,0,0,0,0,18,314,0,35,0
15-05 12:38:34,9.516,21.535,66.358,1.252,0,5314556,215836,167248,2308484,5142.396,540.883,0,1234.015,0,66.108,6944,6375,1.410,2.090,1.470,1,0,676.104,0,0,18,314,0,35,0
15-05 12:38:35,8.739,22.721,67.663,0,0,5319216,211140,167248,2308520,8967.464,539.306,0,1793.693,0,62.919,7360,6850,1.410,2.090,1.470,2,0,734.056,0,0,18,314,0,35,0
15-05 12:38:36,8.508,22.771,64.810,3.253,0,5314244,216080,167248,2308552,7815.189,540.497,0,3695.399,0,183.168,7447,7106,1.410,2.090,1.470,2,0,703.647,0,0,18,314,0,35,0
15-05 12:38:37,8.254,23.010,67.280,0.250,0,5305680,224600,167248,2308596,7475.343,540.242,0,324.145,0,34.015,7369,7132,1.380,2.070,1.460,1,0,663.297,0,0,18,314,0,30,0
15-05 12:38:38,8.249,22.248,67.993,0,0,5297500,232740,167248,2308636,4274.533,485.947,0,347.962,0,25.997,6914,6227,1.380,2.070,1.460,1,0,620.932,0,0,18,314,0,30,0
15-05 12:38:39,10.741,16.735,67.191,3.247,0.500,5296436,233752,167248,2308688,7481.458,539.528,15.986,1946.298,0.999,333.708,5860,4761,1.380,2.070,1.460,1,0,406.644,0,0,18,314,0,30,0
15-05 12:38:40,19.492,5.748,71.971,2.499,0,5292996,328712,167588,2227240,7646.875,539.779,7.997,2243.083,1.999,9.996,2457,2201,1.380,2.070,1.460,1,0,35.985,0,0,18,314,0,30,0
15-05 12:38:41,18.990,1.999,76.460,1.499,0,5301376,317600,167624,2230012,10794.313,3348.236,19.989,587.690,3.998,9.995,1980,1702,1.380,2.070,1.460,0,0,15.992,0,0,18,315,0,27,0
15-05 12:38:42,11.494,2.249,78.711,6.997,0.250,5323056,294920,167656,2230976,19606.201,10299.852,811.594,1651.175,53.973,67.966,2002,2206,1.350,2.050,1.460,1,0,0,0,0,18,315,0,27,0
15-05 12:38:43,11.005,1.000,79.286,6.503,0.250,5323640,293436,167720,2231804,25745.636,12286.553,392.177,1572.711,38.017,70.032,1949,2182,1.350,2.050,1.460,0,1,0,0,0,18,315,0,27,0
15-05 12:38:44,14.254,1.250,78.022,5.251,0,5337688,278080,167768,2233060,18578.173,9212.565,1100.306,1496.417,50.014,79.022,1830,1686,1.350,2.050,1.460,1,0,0,0,0,18,315,0,27,0
15-05 12:38:45,28.502,5.500,60.504,5.000,0,5382280,232132,167812,2234368,23735.760,10561.783,1496.111,1184.088,47.003,40.003,2846,1990,1.350,2.050,1.460,1,0,8.001,0,0,18,315,0,26,0
15-05 12:38:46,23.776,4.755,60.816,9.510,0,5402280,184264,167848,2262196,15681.062,5993.521,12293.376,1577.717,136.148,60.065,2997,2784,1.350,2.050,1.460,0,2,4.004,0,0,18,315,0,26,0
15-05 12:38:47,21.716,2.246,71.388,2.995,0,5387336,186668,168060,2274280,7690.889,539.151,0,1657.390,0,75.881,2442,2380,1.320,2.040,1.460,1,0,1.997,0,0,18,315,0,26,0
15-05 12:38:48,23.511,1.751,73.033,1.251,0,5379636,178376,168112,2289908,8798.942,540.242,0,1320.592,0,30.013,2113,1860,1.320,2.040,1.460,1,0,0,0,0,18,315,0,26,0
15-05 12:38:49,17.988,2.248,72.700,6.246,0,5397904,141080,168252,2308592,4539.903,485.669,0,2278.446,0,89.939,2142,2125,1.320,2.040,1.460,1,0,0,0,0,18,315,0,26,0
15-05 12:38:50,20.451,1.746,72.575,3.741,0,5367496,155776,168256,2324056,5661.326,538.699,0,2410.179,0,95.769,2381,2302,1.320,2.040,1.460,1,0,0,0,0,18,315,0,26,0
15-05 12:38:51,17.262,1.501,72.800,6.755,0,5368168,134648,168512,2344004,9977.833,540.370,0,2237.532,0,70.048,1981,1971,1.320,2.040,1.460,1,0,0,0,0,18,315,0,26,0
15-05 12:38:52,22.780,4.005,69.591,2.754,0,5340208,176460,168520,2330024,7035.202,714.935,0,1437.881,0,54.071,2652,2442,1.290,2.020,1.450,1,0,19.025,0,0,18,314,0,26,0
15-05 12:38:53,17.994,2.249,76.975,1.250,0,5361240,150044,168588,2335292,14606.289,2835.086,31.990,1291.583,1.000,21.993,2007,1866,1.290,2.020,1.450,1,0,16.995,0,0,18,314,0,24,0
15-05 12:38:54,18.016,3.503,77.069,0.751,0,5361156,149568,168596,2335828,14953.413,3484.125,0,756.679,0,24.022,2026,1744,1.290,2.020,1.450,1,0,18.016,0,0,18,315,0,24,0
15-05 12:38:55,22.480,5.995,69.189,1.499,0.250,5354956,149916,168768,2341368,8145.872,659.423,0,999.126,0,16.985,10840,19383,1.290,2.020,1.450,1,0,13.988,0,0,18,314,0,24,0
15-05 12:38:56,18.765,6.255,64.051,8.507,0,5349820,154824,168776,2341572,6037.764,540.426,4.003,18474.578,1.001,385.304,11240,19854,1.290,2.020,1.450,1,1,13.010,0,0,18,314,0,24,0
15-05 12:38:57,21.791,4.759,69.381,4.008,0,5344020,172160,168780,2330208,2983.636,486.920,0,5863.076,0,96.182,2473,2057,1.270,2,1.450,1,0,18.034,0,0,18,314,0,24,0
15-05 12:38:58,24.175,4.735,67.292,1.745,0,5338928,177364,168780,2330228,9032.132,580.210,0,685.884,0,4.985,10707,19078,1.270,2,1.450,1,0,47.852,0,0,18,314,0,24,0
15-05 12:38:59,18.782,3.256,71.122,6.261,0,5366456,144412,168780,2335652,12409.219,2694.608,0,3389.796,0,184.315,2471,2400,1.270,2,1.450,0,2,33.057,0,0,18,315,0,24,0
15-05 12:39:00,19.779,3.255,72.108,3.756,0,5376224,134336,168780,2335960,5022.488,715.066,0,1870.789,0,198.296,2235,1747,1.270,2,1.450,1,0,19.028,0,0,18,314,0,24,0
15-05 12:39:01,18.679,2.989,74.715,1.992,0,5374772,130588,168780,2341048,14617.190,3653.052,0,1494.295,0,54.791,7069,12584,1.270,2,1.450,2,0,5.977,0,0,18,314,0,24,0
15-05 12:39:02,22.737,6.746,68.212,0.750,0,5374732,130084,168780,2341592,8281.374,539.699,0,559.687,0,26.985,14178,26795,1.250,1.980,1.450,1,0,20.988,0,0,18,314,0,24,0
15-05 12:39:03,21.524,4.755,70.578,1.752,0.250,5339220,176848,168784,2330396,12111.427,486.539,144.160,1321.465,7.008,34.038,2510,2167,1.250,1.980,1.450,1,0,13.014,0,0,18,314,0,24,0
15-05 12:39:04,22.316,5.015,70.460,1.755,0,5347760,168296,168784,2330408,7604.644,541.613,0,661.971,0,37.111,2908,2622,1.250,1.980,1.450,1,0,74.221,0,0,18,314,0,24,0
15-05 12:39:05,21.969,3.495,71.148,2.996,0,5358948,147760,168784,2339756,3663.757,485.306,0,734.948,0,9.986,2499,2334,1.250,1.980,1.450,1,0,38.944,0,0,18,314,0,24,0
15-05 12:39:06,16.490,1.999,78.704,1.249,0,5359000,145860,168784,2341540,17575.717,4068.619,3.998,819.521,0.999,19.988,1940,1657,1.250,1.980,1.450,1,0,15.991,0,0,18,315,0,21,0
15-05 12:39:07,12.977,1.497,82.603,1.996,0,5371168,133480,168784,2341736,23547.020,12031.550,0,1549.238,0,44.920,1738,1769,1.150,1.950,1.440,1,0,0.998,0,0,18,315,0,21,0
15-05 12:39:08,8.015,2.004,86.913,2.254,0.250,5364416,139896,168784,2342072,73316.249,11854.191,0,1386.596,0,48.090,1686,1766,1.150,1.950,1.440,1,0,8.015,0,0,18,316,0,21,0
15-05 12:39:09,13.497,1.000,80.984,2.999,0,5378080,125936,168784,2342348,110891.220,11657.710,0,1251.754,0,47.991,1865,1791,1.150,1.950,1.440,1,0,0,0,0,18,316,0,21,0
15-05 12:39:10,17.752,3.750,74.757,3.000,0,5354648,173144,168784,2319048,25082.193,12279.073,0,2032.178,0,170.015,2862,11358,1.150,1.950,1.440,1,0,36.003,0,0,18,316,0,20,0
15-05 12:39:11,10.005,1.000,82.290,5.253,0.250,5363264,163828,168784,2319728,295777.174,10927.326,0,808.394,0,47.023,1999,2100,1.150,1.950,1.440,0,1,0,0,0,18,316,0,20,0
15-05 12:39:12,7.501,2.250,78.261,10.252,0,5363708,163380,168864,2319644,65114.547,13054.914,4.001,13806.024,1.000,214.031,2414,2828,1.050,1.920,1.430,0,0,0,0,0,18,316,0,20,0
15-05 12:39:13,5.749,1.500,83.241,8.249,0,5363180,163292,169040,2320076,77933.967,11451.820,247.974,1839.810,11.999,89.991,1843,2346,1.050,1.920,1.430,0,0,1.000,0,0,18,316,0,20,0
15-05 12:39:14,13.234,1.748,77.904,5.743,0,5365496,160284,169176,2320604,33014.154,11122.239,103.871,1793.781,5.993,78.902,2183,2433,1.050,1.920,1.430,0,0,3.995,0,0,18,316,0,15,0
15-05 12:39:15,6.755,2.502,85.565,3.252,0,5362132,152108,169212,2332076,1753392.433,40822.789,0,2049.546,0,29.022,3261,3314,1.050,1.920,1.430,1,0,4.003,0,0,18,316,0,15,0
15-05 12:39:16,4.502,2.251,83.287,6.253,0.250,5363232,142068,169268,2340960,4432221.197,51291.008,0,5222.343,0,60.027,4357,3797,1.050,1.920,1.430,1,0,1.000,0,0,18,316,0,15,0
15-05 12:39:17,5.000,2.750,87.007,1.500,0,5356688,132000,169280,2357992,10353534.322,87733.036,0,1704.137,0,24.002,5450,3577,0.970,1.890,1.430,0,0,2.000,0,0,18,316,0,15,0
15-05 12:39:18,3.500,3.250,69.741,21.997,0,5357484,132644,169336,2356788,1462281.873,16133.013,171.979,37131.426,5.999,242.970,2505,2581,0.970,1.890,1.430,1,1,1.000,0,0,18,316,0,11,0
15-05 12:39:19,10.990,1.998,75.432,10.740,0,5353488,132644,169484,2360616,616541.823,11643.572,0,3848.553,0,88.920,2102,1926,0.970,1.890,1.430,1,0,0.999,0,0,18,316,0,11,0
15-05 12:39:20,16.746,2.999,72.484,6.998,0,5347368,147284,172280,2349744,5581.758,485.892,3.999,4982.892,1.000,244.946,2304,2159,0.970,1.890,1.430,1,0,0,0,0,18,316,0,11,0
15-05 12:39:21,20.774,2.753,69.081,6.758,0,5370868,119496,173140,2353632,4163.865,540.632,0,2014.353,0,60.070,2227,2053,0.970,1.890,1.430,1,0,0,0,0,18,316,0,11,0
15-05 12:39:22,23.473,2.247,68.922,3.496,0,5372292,138652,173508,2331872,7431.606,539.391,0,1282.551,0,47.946,2636,2603,0.970,1.870,1.420,1,0,0,0,0,18,316,0,9,0
15-05 12:39:23,19.733,2.498,70.191,6.495,0,5365876,121864,174304,2353600,8847.592,539.548,0,2461.939,0,101.915,2585,2731,0.970,1.870,1.420,1,0,0,0,0,18,316,0,9,0
15-05 12:39:24,9.756,3.002,60.038,26.016,0,5364720,127028,174624,2348936,7336.653,540.343,12.008,23106.653,3.002,189.120,2139,2291,0.970,1.870,1.420,0,1,0,0,0,18,316,0,9,0
15-05 12:39:25,5.007,2.754,64.087,26.786,0.501,5361384,128560,174764,2350540,6466.794,486.662,12.016,21901.785,3.004,144.196,1751,1981,0.970,1.870,1.420,2,1,0,0,0,18,316,0,9,0
15-05 12:39:26,13.003,2.501,70.765,12.003,0,5365140,128088,175192,2346132,8647.819,540.114,0,16007.366,0,127.027,2087,2088,0.970,1.870,1.420,1,0,0,0,0,18,316,0,9,0
15-05 12:39:27,22.474,2.747,72.165,1.748,0,5370956,131716,176532,2335320,6911.878,539.366,0,427.498,0,17.979,2116,1699,0.970,1.860,1.420,1,0,0.999,0,0,18,316,0,9,0
15-05 12:39:28,18.763,2.502,72.052,5.254,0,5378840,137912,177200,2320200,6798.869,540.387,0,2541.820,0,44.032,2081,1899,0.970,1.860,1.420,1,0,0,0,0,18,316,0,9,0
15-05 12:39:29,17.745,1.999,72.731,6.998,0,5372996,129064,177972,2333688,3797.015,539.860,0,2203.428,0,70.982,2186,2200,0.970,1.860,1.420,0,1,0,0,0,18,316,0,9,0
15-05 12:39:30,21.755,3.501,72.767,1.250,0.250,5342608,192352,178156,2300296,8214.880,888.203,0,468.107,0,16.004,2300,1840,0.970,1.860,1.420,1,0,19.004,0,0,18,314,0,5,0
15-05 12:39:31,11.748,2.499,66.487,17.496,0,5362400,166928,178196,2305760,9336.125,2661.466,0,9370.119,0,400.920,2524,2354,0.970,1.860,1.420,0,3,15.997,0,0,18,315,0,5,0
15-05 12:39:32,17.009,2.751,61.782,17.509,0,5355996,173552,178220,2305860,9841.114,714.371,0,7487.891,0,275.143,2490,2454,0.980,1.840,1.420,2,0,3.002,0,0,18,314,0,5,0
15-05 12:39:33,17.955,3.242,73.566,4.489,0,5352516,170616,178436,2311080,14614.526,3592.035,0,1264.843,0,41.895,2451,2458,0.980,1.840,1.420,1,0,17.955,0,0,18,314,0,5,0
15-05 12:39:34,21.985,5.746,68.703,1.499,0,5346132,176408,178464,2311596,9174.682,539.628,0,635.562,0,29.979,10247,18728,0.980,1.840,1.420,1,0,11.992,0,0,18,314,0,1,0
15-05 12:39:35,21.813,7.020,66.945,2.507,0,5367728,154584,178528,2311652,20935.905,541.576,0,2378.921,0,23.067,10158,18441,0.980,1.840,1.420,1,0,15.044,0,0,18,314,0,1,0
15-05 12:39:36,20.722,4.993,71.901,1.748,0,5333756,200792,178536,2300424,6347.289,581.202,0,1557.862,0,50.930,2278,1939,0.980,1.840,1.420,1,0,8.988,0,0,18,314,0,1,0
15-05 12:39:37,21.786,4.507,71.870,0.751,0,5356596,175088,178540,2303280,8355.900,486.810,544.906,10781.936,11.018,196.327,2519,2469,1.060,1.850,1.420,1,0,4.007,0,0,18,314,0,1,0
15-05 12:39:38,19.252,4.000,67.007,7.751,0.250,5356424,174612,178540,2303924,5540.604,540.059,368.040,4220.460,20.002,171.019,6258,9162,1.060,1.850,1.420,1,1,0,0,0,18,317,0,7,0
15-05 12:39:39,15.267,5.006,62.570,14.766,0,5283548,246792,178544,2304616,3806.232,540.601,496.552,5838.491,23.026,413.460,5739,8602,1.060,1.850,1.420,2,0,55.061,0,0,18,316,0,9,0
15-05 12:39:40,9.236,16.724,70.390,2.995,0.250,5274444,254960,178544,2305552,7447.373,485.242,854.666,251.607,7.988,13.978,5475,4610,1.060,1.850,1.420,2,0,374.415,0,0,18,318,0,9,0
15-05 12:39:41,7.756,3.503,68.304,18.515,0,5269844,254324,178544,2310788,6069.762,540.424,5376.218,2237.756,716.562,347.272,2895,3141,1.060,1.850,1.420,0,1,20.016,0,0,18,316,0,11,0
15-05 12:39:42,5.732,2.741,68.036,20.934,0.249,5273704,219124,178544,2342112,8334.834,484.479,31070.458,2141.278,1517.237,86.728,3823,5471,1.050,1.830,1.420,1,0,0,0,0,18,316,0,11,0
15-05 12:39:43,6.022,3.262,78.787,11.040,0,5266264,220452,178548,2348212,6762.652,1506.492,6138.376,489.785,1255.577,5.018,2743,3964,1.050,1.830,1.420,0,1,6.022,0,0,18,317,0,11,0
15-05 12:39:44,1.499,0.749,93.661,2.248,0.250,5266260,220452,178548,2348216,8618.825,2051.055,0,555.473,0,21.979,1238,1806,1.050,1.830,1.420,0,0,0,0,0,18,317,0,11,0
15-05 12:39:45,17.930,7.720,72.715,1.245,0,5324748,161696,178632,2348364,136500.608,4539.196,649.453,517.968,9.961,5.977,2586,1975,1.050,1.830,1.420,2,0,26.895,0,0,18,316,0,11,2
15-05 12:39:46,21.357,21.106,54.020,2.261,0,5339204,146980,178632,2348624,6633.158,663.316,695.477,631.155,13.065,36.181,7677,7954,1.050,1.830,1.420,1,0,738.693,0,0,18,316,0,12,0
15-05 12:39:47,8.004,20.261,70.538,0,0,5343304,142848,178632,2348656,10367.585,486.262,0,132.071,0,10.005,7063,6511,1.050,1.820,1.420,1,0,614.331,0,0,18,316,0,12,0
15-05 12:39:48,8.998,20.245,68.733,0.500,0.250,5336888,149188,178636,2348728,9074.735,485.879,27.993,295.926,2.999,26.993,7520,7485,1.050,1.820,1.420,2,0,724.819,0,0,18,316,0,12,0
15-05 12:39:49,10.243,7.995,71.203,9.494,0.500,5281712,168836,178788,2384480,9007.054,539.644,58129.626,183.879,485.679,21.985,3701,3689,1.050,1.820,1.420,2,0,132.912,0,0,18,316,0,12,0
15-05 12:39:50,11.746,3.749,76.724,5.748,0,5322244,124588,179060,2387920,3441351.118,35587.819,447.847,2495.146,12.996,30.989,3759,2659,1.050,1.820,1.420,2,0,26.991,0,0,18,317,0,12,0
15-05 12:39:51,10.509,5.505,74.815,8.007,0,5340040,123076,179152,2372068,1020243.980,5782.010,3434.976,3230.799,39.034,50.043,2926,2752,1.050,1.820,1.420,1,0,34.029,0,0,18,316,0,13,0
15-05 12:39:52,4.743,5.991,72.394,14.978,0,5332056,119800,179272,2383200,4869.866,485.289,3.994,21316.772,0.999,546.200,4233,5832,1.050,1.800,1.410,1,0,33.950,0,0,18,316,0,13,0
15-05 12:39:53,1.749,3.998,71.222,21.741,0.250,5324972,126384,179312,2383660,7798.892,539.785,3.998,10963.631,1.000,233.907,2196,2696,1.050,1.800,1.410,0,1,20.992,0,0,18,316,0,13,0
15-05 12:39:54,1.752,2.754,67.840,26.285,0,5324888,126384,179324,2383732,5653.463,486.642,8.011,17427.004,2.003,162.214,1751,2161,1.050,1.800,1.410,0,1,6.008,0,0,18,316,0,13,0
15-05 12:39:55,1.500,2.249,70.228,24.742,0,5323476,127776,179340,2383732,7756.518,539.827,7.997,21337.172,1.999,195.937,1598,2022,1.050,1.800,1.410,0,1,2.999,0,0,18,316,0,13,0
15-05 12:39:56,1.999,2.748,66.708,28.482,0,5321080,130040,179344,2383852,6851.655,539.658,0,23884.852,0,290.816,1749,2189,1.050,1.800,1.410,1,4,5.996,0,0,18,316,0,13,0
15-05 12:39:57,1.000,2.499,64.728,30.239,0,5316300,134676,179364,2383972,8337.103,539.812,0,17677.857,0,475.835,1907,2191,1.120,1.810,1.420,0,1,3.999,0,0,18,316,0,13,0
15-05 12:39:58,1.251,1.751,55.792,39.280,0,5314816,136048,179380,2384064,6553.972,486.369,12.009,21424.252,3.002,207.157,1521,2001,1.120,1.810,1.420,0,1,0,0,0,18,316,0,13,0
15-05 12:39:59,1.749,1.749,66.221,28.737,0.500,5313564,137252,179388,2384104,5447.574,633.718,35.984,17388.258,1.999,234.895,1668,2110,1.120,1.810,1.420,0,1,5.997,0,0,18,316,0,13,0
15-05 12:40:00,2.251,3.002,62.290,31.270,0.250,5312524,137528,179432,2384824,4142.673,540.349,8.005,25188.253,2.001,242.156,2209,3044,1.120,1.810,1.420,0,0,3.002,0,0,18,316,0,13,0
15-05 12:40:01,2.247,2.496,72.897,20.471,0,5312024,137196,179436,2385632,7505.412,539.239,3.994,14235.916,0.999,230.675,2284,3283,1.120,1.810,1.420,0,1,0,0,0,18,316,0,13,0
15-05 12:40:02,4.004,6.006,61.311,26.526,0,5311420,135804,179464,2387556,5020.993,540.538,4.004,9989.934,1.001,586.583,3875,5208,1.110,1.790,1.420,0,1,36.036,0,0,18,316,0,13,0
15-05 12:40:03,3.000,6.749,72.742,15.748,0.250,5308188,136356,179520,2389832,7016.205,539.939,0,4555.484,0,504.943,3580,4477,1.110,1.790,1.420,1,1,35.996,0,0,18,316,0,13,0
15-05 12:40:04,17.231,6.992,67.425,6.493,0.250,5315640,127284,179536,2391400,5018.414,485.460,63.929,3248.384,7.991,233.740,3317,3293,1.110,1.790,1.420,2,0,31.964,0,0,18,316,0,13,0
15-05 12:40:05,16.790,4.761,70.667,7.267,0,5307884,134100,179560,2392184,7223.087,541.280,0,1279.026,0,80.190,2990,2550,1.110,1.790,1.420,1,0,27.064,0,0,18,316,0,13,0
15-05 12:40:06,16.503,5.501,69.261,7.751,0,5308384,133148,179572,2392560,5911.938,486.077,0,748.119,0,45.007,2695,2250,1.110,1.790,1.420,1,0,22.003,0,0,18,316,0,13,0
15-05 12:40:07,14.732,4.994,65.420,13.733,0.499,5309100,131536,179592,2393288,3623.593,539.344,0,6643.919,0,338.588,3055,2578,1.180,1.800,1.420,1,1,18.977,0,0,18,316,0,13,0
15-05 12:40:08,18.258,6.003,68.530,7.253,0,5308212,129716,179760,2395584,7954.506,486.214,0,5214.298,0,113.050,2974,2630,1.180,1.800,1.420,1,0,26.011,0,0,18,316,0,13,0
15-05 12:40:09,17.254,3.001,71.517,6.502,0,5303916,130504,179820,2398200,5591.361,540.132,172.042,320.078,25.006,11.003,2666,3121,1.180,1.800,1.420,1,0,10.002,0,0,18,316,0,13,0
15-05 12:40:10,13.765,7.258,65.321,11.262,0,5384832,118228,179816,2333936,4377.792,486.533,108.118,5810.360,27.030,130.142,3946,12264,1.180,1.800,1.420,8,0,46.050,0,0,18,316,0,13,0
15-05 12:40:11,7.234,8.980,65.102,17.959,0,5295876,307704,159532,2268368,7139.728,538.772,2633.997,171.609,62.857,12.970,2541,6475,1.180,1.800,1.420,0,1,20.952,0,0,18,318,0,13,0
15-05 12:40:12,15.509,8.255,70.039,4.753,0,5327148,270328,159556,2271056,8057.432,540.297,128.070,2729.501,15.008,27.015,2887,2451,1.170,1.780,1.420,1,0,34.019,0,0,18,318,0,13,0
15-05 12:40:13,22.765,3.002,73.049,1.001,0,5371736,225500,159592,2271256,8390.616,486.326,248.166,1100.737,18.012,196.131,2364,1515,1.170,1.780,1.420,1,0,21.014,0,0,18,318,0,13,0
15-05 12:40:14,4.499,2.249,91.479,0.750,0.250,5314848,343360,159600,2210328,7395.316,539.877,2299.476,319.927,44.990,11.997,1662,1870,1.170,1.780,1.420,0,0,15.996,0,0,18,318,0,13,0
15-05 12:40:15,0.749,0.250,97.383,0,0,5314848,343360,159600,2210328,3124.249,539.352,0,35.957,0,3.995,878,1328,1.170,1.780,1.420,0,0,0,0,0,18,318,0,13,0
15-05 12:40:16,4.255,2.253,82.853,10.012,0,5314708,343420,159632,2210376,7703.563,486.604,80.099,2899.599,5.006,162.201,2144,3159,1.170,1.780,1.420,0,0,3.004,0,0,18,318,0,13,0
15-05 12:40:17,3.251,0.500,93.270,0.750,0.250,5311408,346592,159632,2210504,6984.461,540.113,60.013,88.018,6.001,9.002,1543,2006,1.070,1.750,1.410,2,0,3.001,0,0,18,318,0,16,0
15-05 12:40:18,2.742,0.499,95.469,0.249,0,5309384,348596,159636,2210520,3762.924,484.574,0,406.803,0,16.950,1206,1781,1.070,1.750,1.410,1,0,0.997,0,0,18,318,0,16,0
15-05 12:40:19,1.002,0.501,97.410,0,0.250,5308084,349896,159636,2210520,8337.674,540.887,0,0,0,0,975,1354,1.070,1.750,1.410,0,0,0,0,0,18,318,0,16,0
15-05 12:40:20,1.000,0.500,96.477,0.500,0,5307784,350152,159648,2210552,8615.924,485.883,31.992,175.958,1.000,18.995,1154,1751,1.070,1.750,1.410,0,0,0,0,0,18,318,0,16,0
15-05 12:40:21,1.500,1.250,96.970,0.500,0,5307732,350180,159672,2210552,8117.473,485.849,0,167.948,0,11.996,1023,1409,1.070,1.750,1.410,0,0,1.000,0,0,18,320,0,16,0
15-05 12:40:22,1.249,0.500,96.197,0.250,0,5307724,350180,159680,2210552,6791.273,485.733,0,559.693,0,43.976,1275,1928,0.990,1.720,1.400,1,0,0,0,0,18,320,0,16,0
15-05 12:40:23,1.251,0.751,97.099,0.250,0.250,5307716,350180,159684,2210556,4504.576,486.494,4.004,104.106,1.001,12.012,830,1262,0.990,1.720,1.400,0,0,0,0,0,18,320,0,16,0
15-05 12:40:24,1.751,0.500,97.574,0,0,5307716,350180,159684,2210556,7773.927,486.371,0,0,0,0,926,1275,0.990,1.720,1.400,1,0,0,0,0,18,320,0,16,0
15-05 12:40:25,0.750,0.500,97.443,0,0,5304596,353300,159684,2210556,5189.952,539.683,0,35.979,0,0.999,847,1256,0.990,1.720,1.400,0,0,0,0,0,18,320,0,16,0
15-05 12:40:26,1.250,0.750,96.999,0.500,0,5300844,357044,159688,2210560,8454.917,485.995,0,155.998,0,12.000,934,1341,0.990,1.720,1.400,0,0,0,0,0,18,320,0,16,0
15-05 12:40:27,1.249,0.749,96.676,0.250,0,5297180,360708,159688,2210560,8011.900,485.630,0,71.945,0,8.993,1039,1367,0.910,1.700,1.390,0,0,0.999,0,0,18,320,0,16,0
15-05 12:40:28,1.000,0.500,97.287,0,0,5294116,363760,159692,2210568,13416.168,528.203,4.002,8.003,1.000,2.001,892,1222,0.910,1.700,1.390,0,0,0,0,0,18,320,0,16,0
15-05 12:40:29,1.251,0.500,96.593,0.751,0,5287928,369948,159692,2210568,5948.705,486.467,0,932.895,0,193.185,1075,1326,0.910,1.700,1.390,0,0,0,0,0,18,320,0,16,0
15-05 12:40:30,1.500,1.000,95.998,1.500,0,5285408,372420,159692,2210616,3534.911,485.988,31.999,527.987,1.000,38.999,1136,1825,0.910,1.700,1.390,0,0,0,0,0,18,320,0,16,0
15-05 12:40:31,1.500,0.750,96.230,0.250,0,5283280,374548,159708,2210600,5497.862,485.899,0,163.966,0,23.995,1288,2000,0.910,1.700,1.390,2,0,0,0,0,18,320,0,16,0
15-05 12:40:32,1.749,0.750,95.963,0.250,0,5282124,375676,159716,2210620,7339.151,485.811,0,203.921,0,26.990,1276,1895,0.840,1.670,1.390,0,0,0,0,0,18,320,0,16,0
15-05 12:40:33,0.250,0.500,97.706,0,0,5282124,375676,159716,2210620,4877.823,485.783,0,7.996,0,1.000,846,1228,0.840,1.670,1.390,0,0,0,0,0,18,320,0,16,0
15-05 12:40:34,1.251,0.500,97.347,0,0,5282124,375676,159716,2210620,8604.593,486.486,0,304.304,0,16.016,953,1310,0.840,1.670,1.390,0,0,0,0,0,18,320,0,16,0
15-05 12:40:35,0.500,0.750,97.251,0,0,5282124,375676,159716,2210620,22084.279,486.006,0,36.000,0,4.000,1024,1320,0.840,1.670,1.390,0,0,0,0,0,18,320,0,16,0
15-05 12:40:36,0.999,0.499,97.890,0,0,5282108,375692,159716,2210620,7078.039,485.454,0,0,0,0,889,1274,0.840,1.670,1.390,0,0,0,0,0,18,320,0,16,0
15-05 12:40:37,1.251,0.750,97.052,0,0,5282108,375692,159716,2210620,5228.792,486.260,0,0,0,0,1069,1406,0.770,1.640,1.380,0,0,1.001,0,0,18,320,0,16,0
15-05 12:40:38,1.500,0.500,94.015,2.750,0.250,5282104,375692,159716,2210624,3704.588,486.077,48.008,3432.545,2.000,154.024,1147,1486,0.770,1.640,1.380,0,1,0,0,0,18,320,0,16,0
15-05 12:40:39,0.999,1.248,95.108,1.498,0,5282056,375692,159716,2210672,4074.918,485.276,0,3906.170,0,22.966,1044,1395,0.770,1.640,1.380,0,0,0,0,0,18,320,0,16,0
15-05 12:40:40,1.252,0.501,92.625,4.506,0,5282092,375692,159728,2210680,8052.876,486.657,32.043,672.909,1.001,38.051,1302,2035,0.770,1.640,1.380,0,0,0,0,0,18,320,0,8,0
15-05 12:40:41,1.001,0.500,96.816,0.250,0,5282056,375692,159736,2210708,8015.428,486.329,0,108.073,0,12.008,994,1403,0.770,1.640,1.380,0,0,0,0,0,18,320,0,8,0
15-05 12:40:42,1.502,0.751,96.633,0.250,0,5282032,375692,159752,2210716,9391.947,486.671,0,132.182,0,18.025,1244,1801,0.710,1.610,1.370,0,0,0,0,0,18,320,0,8,0
15-05 12:40:43,0.748,0.249,97.510,0,0,5282028,375692,159752,2210720,5502.460,484.807,0,0,0,0,864,1225,0.710,1.610,1.370,0,0,0,0,0,18,320,0,8,0
15-05 12:40:44,6.505,3.253,62.802,26.522,0,5298132,358556,160004,2211500,7978.627,486.404,1168.971,30533.361,131.109,44.037,1698,1872,0.710,1.610,1.370,0,3,5.004,0,0,18,320,0,6,0
15-05 12:40:45,15.759,6.253,38.271,39.522,0,5338800,315372,160220,2213800,9330.167,1939.074,2593.436,28952.034,431.239,155.086,2633,2435,0.710,1.610,1.370,1,0,5.003,0,0,18,321,0,6,0
15-05 12:40:46,30.244,7.498,59.238,2.000,0.250,5318628,335336,160260,2213968,12095.520,8023.355,847.826,547.888,10.998,47.990,4163,4331,0.710,1.610,1.370,2,0,11.998,0,0,18,320,0,8,0
15-05 12:40:47,11.239,2.498,82.672,2.248,0,5329076,324516,160268,2214332,17983.123,10874.794,79.925,227.786,4.995,15.985,2391,2723,0.730,1.600,1.370,1,0,6.993,0,0,18,322,0,10,0
15-05 12:40:48,13.013,3.253,82.580,0.250,0.500,5351852,301584,160276,2214480,19592.956,10907.553,0,260.252,0,26.025,2552,2707,0.730,1.600,1.370,1,0,5.005,0,0,18,322,0,10,0
15-05 12:40:49,12.251,3.500,81.260,1.250,0,5359780,293536,160304,2214572,14673.787,9610.170,80.010,260.032,4.000,29.004,2384,2591,0.730,1.600,1.370,1,0,5.001,0,0,18,322,0,11,0
15-05 12:40:50,13.498,2.749,79.985,2.999,0,5355796,297368,160316,2214712,19742.410,10937.011,0,2019.633,0,324.941,2711,2630,0.730,1.600,1.370,1,0,4.999,0,0,18,322,0,12,0
15-05 12:40:51,20.761,3.752,73.540,0.250,0,5336768,316356,160324,2214728,15604.537,10944.988,16.009,224.123,1.001,21.011,3010,2860,0.730,1.600,1.370,3,0,19.010,0,0,18,318,0,15,0
15-05 12:40:52,36.367,8.967,52.558,1.744,0.249,5113164,540144,160348,2214656,7564.395,484.233,19.927,322.822,3.985,36.865,3460,2820,0.750,1.590,1.360,3,0,6.975,0,0,18,293,0,17,0
15-05 12:40:53,67.280,7.531,24.100,0.753,0,5162368,490896,160352,2214804,5657.560,488.032,44.184,120.502,7.029,8.033,3729,1886,0.750,1.590,1.360,6,0,0,0,0,18,293,0,17,0
15-05 12:40:54,61.232,8.747,22.493,5.998,0,5244756,406284,160384,2216996,3380.987,485.854,1423.574,1235.630,64.981,67.980,4065,2597,0.750,1.590,1.360,4,0,4.999,0,0,18,293,0,21,0
15-05 12:40:55,60.476,6.497,30.988,1.249,0,5325432,324356,160420,2218260,106690.027,49079.232,31.987,915.631,1.999,64.974,7353,8164,0.750,1.590,1.360,3,0,3.998,0,0,18,289,0,29,0
15-05 12:40:56,37.240,5.748,55.985,0.750,0,5393140,256572,160440,2218380,84859.580,27695.357,0,155.957,0,21.994,3598,2566,0.750,1.590,1.360,4,0,7.998,0,0,18,280,0,30,0
15-05 12:40:57,44.257,5.251,49.258,0.500,0,5404288,244224,160460,2219560,40141.216,18374.846,92.014,404.063,7.001,31.005,4876,7316,0.770,1.580,1.360,2,0,2.000,0,0,18,287,0,32,0
15-05 12:40:58,20.998,3.000,73.991,1.250,0,5407036,240444,160468,2220584,42089.072,16652.050,259.970,203.976,10.999,18.998,4395,8350,0.770,1.580,1.360,0,0,0,0,0,18,296,0,33,0
15-05 12:40:59,11.002,0.750,87.265,0,0,5403664,243720,160480,2220668,42885.599,16819.980,0,656.116,0,18.003,2378,2822,0.770,1.580,1.360,0,0,0,0,0,18,298,0,33,0
15-05 12:41:00,1.748,0.999,92.159,4.246,0,5396092,251280,160488,2220676,9653.487,725.285,0,4895.176,0,298.706,1553,2054,0.770,1.580,1.360,0,1,0,0,0,18,297,0,33,0
15-05 12:41:01,1.499,1.249,89.182,5.746,0,5384740,262608,160504,2220684,9062.135,485.632,0,5096.140,0,846.359,2065,2259,0.770,1.580,1.360,0,0,0,0,0,18,297,0,33,0
15-05 12:41:02,1.752,0.751,88.582,7.757,0,5375656,271640,160552,2220688,3849.558,540.500,0,2434.250,0,156.144,1503,2500,0.710,1.550,1.350,0,0,0,0,0,18,297,0,33,0
15-05 12:41:03,1.000,0.500,97.737,0,0,5366960,280336,160552,2220688,7567.967,485.934,0,0,0,0,934,1286,0.710,1.550,1.350,0,0,0,0,0,18,297,0,33,0
15-05 12:41:04,1.247,0.748,95.787,0.748,0,5359656,287624,160568,2220688,6602.342,484.923,0,195.566,0,20.953,1193,1745,0.710,1.550,1.350,0,0,0,0,0,18,297,0,33,0
15-05 12:41:05,1.504,0.501,96.224,1.002,0,5352840,294384,160592,2220720,8802.516,487.135,32.075,485.131,1.002,40.093,1156,1801,0.710,1.550,1.350,0,0,0,0,0,18,297,0,33,0
15-05 12:41:06,1.001,0.500,97.563,0,0.250,5347172,300052,160592,2220720,5714.694,486.314,0,0,0,0,896,1308,0.710,1.550,1.350,2,0,0,0,0,18,297,0,33,0
15-05 12:41:07,1.000,0.500,97.455,0,0,5341964,305260,160592,2220720,7318.597,485.774,0,0,0,0,994,1377,0.650,1.530,1.350,0,0,1.000,0,0,18,297,0,33,0
15-05 12:41:08,1.750,1.500,95.259,0.750,0,5331148,315948,160592,2220848,9220.860,486.045,124.012,0,7.001,0,1202,1446,0.650,1.530,1.350,0,0,8.001,0,0,18,297,0,33,0
15-05 12:41:09,1.250,0.750,95.962,0.500,0,5327428,319656,160600,2220852,5464.842,485.808,0,159.937,0,22.991,1159,1843,0.650,1.530,1.350,0,0,0,0,0,18,297,0,33,0
15-05 12:41:10,1.501,0.500,95.305,0.750,0,5324076,323004,160604,2220852,5459.131,486.279,0,496.285,0,43.025,1335,2149,0.650,1.530,1.350,0,0,0,0,0,18,297,0,33,0
15-05 12:41:11,5.995,3.996,88.672,0.500,0.250,5314468,332604,160608,2220856,7750.152,485.571,0,1366.792,0,138.877,2432,8651,0.650,1.530,1.350,0,0,35.968,0,0,18,297,0,34,0
15-05 12:41:12,1.751,0.500,96.553,0.500,0.250,5314444,332604,160620,2220868,5556.059,540.297,0,156.086,0,21.012,1169,1715,0.600,1.500,1.340,0,0,0,0,0,18,297,0,34,0
15-05 12:41:13,0.750,0.250,97.509,0,0,5314444,332604,160620,2220868,10380.002,432.042,0,0,0,0,867,1213,0.600,1.500,1.340,0,0,0,0,0,18,297,0,33,0
15-05 12:41:14,5.248,2.999,90.974,0.750,0,5363300,283700,160644,2220892,8997.412,485.860,0,399.885,0,32.991,1698,2111,0.600,1.500,1.340,0,0,2.999,0,0,18,297,0,33,0
15-05 12:41:15,4.249,1.000,91.971,1.250,0,5363452,283496,160656,2220932,7928.528,539.832,31.990,363.887,1.000,26.992,1683,2243,0.600,1.500,1.340,0,0,1.999,0,0,18,297,0,33,0
15-05 12:41:16,2.750,1.000,93.988,0.750,0,5363416,283492,160684,2220944,7585.017,485.937,0,415.946,0,43.994,1683,2453,0.600,1.500,1.340,0,0,1.000,0,0,18,297,0,33,0
15-05 12:41:17,1.501,0.500,97.079,0,0.250,5363288,283492,160684,2221072,4978.064,432.353,0,1481.209,0,10.008,1118,1607,0.550,1.480,1.330,0,0,1.001,0,0,18,297,0,33,0
15-05 12:41:18,0.998,0.499,97.060,0,0,5363532,283240,160684,2221080,7469.351,485.049,0,0,0,0,905,1253,0.550,1.480,1.330,0,0,0,0,0,18,297,0,33,0
15-05 12:41:19,2.004,1.002,95.433,1.252,0,5363516,283240,160704,2221076,6144.761,486.932,0,472.905,0,45.086,1281,2005,0.550,1.480,1.330,1,0,0,0,0,18,297,0,33,0
15-05 12:41:20,1.251,0.750,96.540,0.500,0,5363512,283240,160720,2221064,5974.446,540.221,0,384.157,0,30.012,1212,1840,0.550,1.480,1.330,0,0,0,0,0,18,297,0,33,0
15-05 12:41:21,1.250,0.500,96.994,0,0,5363492,283240,160720,2221084,9450.443,485.971,0,659.961,0,109.994,1072,1441,0.550,1.480,1.330,0,0,0,0,0,18,297,0,30,0
15-05 12:41:22,2.000,1.000,96.232,0.750,0,5363488,283240,160728,2221080,8894.312,485.908,0,275.948,0,23.995,1264,1768,0.510,1.450,1.330,1,0,0,0,0,18,297,0,30,0
15-05 12:41:23,0.750,0.500,97.461,0,0,5363480,283240,160728,2221088,7140.109,485.803,0,35.985,0,3.998,940,1328,0.510,1.450,1.330,0,0,0,0,0,18,297,0,30,0
15-05 12:41:24,1.500,0.750,97.757,0,0,5363480,283240,160728,2221088,5157.348,486.033,0,0,0,0,912,1292,0.510,1.450,1.330,1,0,0,0,0,18,297,0,30,0
15-05 12:41:25,1.752,0.751,94.099,2.002,0,5363448,283240,160752,2221096,3464.649,486.512,32.034,556.586,2.002,49.052,1279,2043,0.510,1.450,1.330,0,0,0,0,0,18,297,0,30,0
15-05 12:41:26,3.002,2.502,92.326,1.001,0.250,5357644,288440,160776,2221632,9602.888,724.595,456.375,160.132,69.057,17.014,1688,1937,0.510,1.450,1.330,0,2,22.018,0,0,18,297,0,30,0
15-05 12:41:27,34.995,6.499,55.993,1.750,0.250,5051632,594232,160792,2221996,6276.175,707.907,407.946,3.999,37.995,1.000,3610,2865,0.550,1.450,1.320,1,0,57.992,0,0,18,293,0,32,0
15-05 12:41:28,21.913,3.735,72.464,0.996,0,5138908,506816,160796,2222132,6121.827,655.412,139.449,3.984,16.933,0.996,2167,1743,0.550,1.450,1.320,2,0,1.992,0,0,18,293,0,32,0
15-05 12:41:29,24.058,4.511,69.918,0.752,0,5188196,456484,160824,2223168,11493.580,1058.540,196.471,352.847,16.038,24.058,3805,5368,0.550,1.450,1.320,1,0,16.038,0,0,18,297,0,34,0
15-05 12:41:30,22.710,4.492,71.373,0.250,0,5261460,383152,160872,2223188,8206.392,431.232,0,447.204,0,32.941,2648,2468,0.550,1.450,1.320,1,0,4.991,0,0,18,297,0,34,0
15-05 12:41:31,11.516,1.752,85.618,0.501,0,5273100,371308,160888,2223376,8370.582,540.748,0,192.266,0,23.032,1841,2168,0.550,1.450,1.320,0,0,1.001,0,0,18,297,0,34,0
15-05 12:41:32,1.250,0.750,90.973,4.999,0,5271336,373056,160904,2223376,6486.083,473.860,0,4766.591,0,600.822,1754,2170,0.500,1.420,1.320,0,0,0,0,0,18,297,0,34,0
15-05 12:41:33,0.750,0.250,97.490,0,0,5271332,373056,160904,2223380,3329.654,625.935,0,0,0,0,866,1276,0.500,1.420,1.320,0,0,0,0,0,18,297,0,34,0
15-05 12:41:34,1.501,0.500,97.043,0,0,5271324,373056,160912,2223380,7940.527,486.216,0,496.220,0,23.010,1049,1440,0.500,1.420,1.320,0,0,0,0,0,18,297,0,34,0
15-05 12:41:35,2.494,0.499,96.006,0.249,0,5271320,373056,160916,2223380,5173.850,484.768,0,83.787,0,11.970,1263,1836,0.500,1.420,1.320,0,0,0.997,0,0,18,297,0,34,0
15-05 12:41:36,1.002,0.752,96.697,0.752,0,5267832,376544,160916,2223380,8806.968,541.104,0,280.572,0,19.039,1025,1436,0.500,1.420,1.320,0,0,0,0,0,18,297,0,34,0
15-05 12:41:37,2.251,1.250,94.280,1.500,0,5264212,380036,160916,2223508,7891.514,576.184,112.036,128.041,7.002,9.003,1261,2025,0.460,1.400,1.310,0,1,1.000,0,0,18,297,0,34,0
15-05 12:41:38,6.498,1.499,84.221,5.998,0,5260764,383308,160956,2223644,7503.383,485.831,111.961,2663.071,5.998,146.949,2615,3795,0.460,1.400,1.310,0,0,0,0,0,18,297,0,34,0
15-05 12:41:39,2.251,0.750,96.309,0,0,5257924,386136,160968,2223644,5409.327,486.299,0,144.089,0,21.013,1331,1891,0.460,1.400,1.310,0,0,0,0,0,18,297,0,34,0
15-05 12:41:40,0.750,1.000,95.291,1.251,0,5255640,388396,160992,2223644,4513.922,486.207,0,636.271,0,82.035,1644,2131,0.460,1.400,1.310,0,2,2.001,0,0,18,297,0,34,0
15-05 12:41:41,0.999,0.500,94.163,2.747,0,5253452,390572,161004,2223644,3611.671,625.423,0,1126.961,0,213.803,1206,1410,0.460,1.400,1.310,0,0,0,0,0,18,297,0,34,0
15-05 12:41:42,1.501,0.250,96.574,0.250,0,5251536,392476,161016,2223644,7934.072,486.372,0,584.447,0,85.065,1224,1768,0.430,1.370,1.300,1,0,0,0,0,18,297,0,34,0
15-05 12:41:43,1.000,0.750,97.712,0,0.250,5249868,394140,161016,2223648,6827.351,485.812,0,3.998,0,1.000,872,1258,0.430,1.370,1.300,1,0,0,0,0,18,297,0,34,0
15-05 12:41:44,1.250,0.250,97.264,0.250,0.500,5248400,395608,161016,2223648,9556.407,486.072,0,44.006,0,4.001,972,1305,0.430,1.370,1.300,0,0,0,0,0,18,297,0,34,0
15-05 12:41:45,1.000,0.750,97.472,0,0,5247116,396892,161016,2223648,6047.261,485.860,0,0,0,0,859,1273,0.430,1.370,1.300,0,0,0,0,0,18,297,0,34,0
15-05 12:41:46,1.500,0.750,94.733,1.750,0,5245976,398016,161028,2223652,7838.600,485.913,0,447.920,0,40.993,1222,2011,0.430,1.370,1.300,0,0,0,0,0,18,297,0,34,0
15-05 12:41:47,0.749,0.499,97.095,0,0,5245676,398312,161028,2223656,6142.182,575.081,0,31.949,0,2.995,1052,1491,0.390,1.350,1.290,0,0,0.998,0,0,18,297,0,34,0
15-05 12:41:48,1.501,0.751,97.097,0.250,0.250,5245668,398312,161036,2223656,4738.720,486.485,0,464.463,0,10.010,989,1428,0.390,1.350,1.290,0,0,0,0,0,18,297,0,34,0
15-05 12:41:49,1.752,0.751,95.852,0.751,0,5245648,398312,161056,2223656,3729.955,486.516,0,308.327,0,32.034,1287,1930,0.390,1.350,1.290,0,0,0,0,0,18,297,0,28,0
15-05 12:41:50,1.497,0.748,95.803,0.499,0,5245632,398312,161072,2223656,8281.986,485.004,0,399.180,0,32.932,1371,2113,0.390,1.350,1.290,0,0,0,0,0,18,297,0,28,0
15-05 12:41:51,1.252,0.250,97.413,0,0,5245632,398312,161072,2223656,7461.500,486.816,0,24.040,0,4.007,886,1269,0.390,1.350,1.290,0,0,0,0,0,18,297,0,28,0
15-05 12:41:52,1.751,1.000,96.036,0.250,0,5245624,398312,161076,2223660,7640.853,486.182,0,264.099,0,24.009,1276,1892,0.360,1.330,1.290,2,0,0,0,0,18,297,0,28,0
15-05 12:41:53,1.249,0.500,97.430,0,0,5245624,398312,161076,2223660,7137.841,485.649,0,87.936,0,21.984,883,1255,0.360,1.330,1.290,0,0,0,0,0,18,297,0,28,0
15-05 12:41:54,1.002,1.002,96.899,0,0,5245584,398312,161076,2223700,7832.008,486.746,0,36.055,0,5.008,1029,1369,0.360,1.330,1.290,0,0,0,0,0,18,297,0,21,0
15-05 12:41:55,0.997,0.498,97.202,0,0,5245584,398312,161076,2223700,8687.366,430.680,0,0,0,0,913,1318,0.360,1.330,1.290,0,0,0,0,0,18,297,0,21,0
15-05 12:41:56,1.251,0.500,97.333,0.250,0,5245580,398312,161076,2223704,5154.418,486.417,0,124.106,0,12.010,928,1401,0.360,1.330,1.290,0,0,0,0,0,18,297,0,21,0
15-05 12:41:57,4.003,8.507,85.820,0,0,5248332,395560,161076,2223704,7682.299,716.588,4.003,12.010,1.001,2.002,3647,3654,0.410,1.320,1.290,1,0,270.222,0,0,18,297,0,21,0
15-05 12:41:58,22.012,5.003,71.539,0.500,0,5322824,320860,161168,2223820,8957.860,486.264,180.098,760.413,11.006,163.088,2765,2320,0.410,1.320,1.290,1,0,42.023,0,0,18,297,0,6,0
15-05 12:41:59,13.997,2.499,80.732,1.500,0,5326576,317080,161168,2223848,14997.616,10271.682,15.996,191.957,1.000,19.995,2696,3015,0.410,1.320,1.290,1,3,0,0,0,18,298,0,8,0
15-05 12:42:00,20.260,3.752,66.281,8.754,0,5327000,315568,161216,2224888,8603.079,486.231,884.419,952.452,49.023,111.053,4993,7076,0.410,1.320,1.290,1,0,1.000,0,0,18,298,0,8,0
15-05 12:42:01,41.975,7.246,46.473,2.748,0,5408572,233876,161236,2224988,6501.173,1689.006,51.969,655.614,3.998,71.958,4232,4293,0.410,1.320,1.290,2,0,29.982,0,0,18,297,0,9,0
15-05 12:42:02,29.294,4.256,65.347,1.001,0.250,5470348,171912,161252,2225160,59600.775,29110.360,112.167,316.471,5.007,27.040,3858,3954,0.460,1.320,1.280,2,0,0,0,0,18,301,0,15,0
15-05 12:42:03,4.247,2.248,89.931,1.998,0,5444576,197520,161252,2225324,15562.000,9557.630,159.877,175.864,9.992,7.994,1630,1810,0.460,1.320,1.280,0,0,34.973,0,0,18,297,0,19,0
15-05 12:42:04,1.000,0.750,96.962,0.250,0,5440552,201536,161260,2225324,3197.763,485.812,0,163.937,0,11.995,873,1347,0.460,1.320,1.280,0,0,0,0,0,18,297,0,19,0
15-05 12:42:05,0.750,0.750,93.025,4.501,0,5435772,206268,161308,2225324,8207.225,486.132,0,2488.675,0,152.041,1235,1940,0.460,1.320,1.280,0,0,0,0,0,18,297,0,19,0
15-05 12:42:06,0.999,0.500,96.696,0,0,5427384,214644,161320,2225324,7126.986,485.726,0,111.937,0,12.993,1058,1587,0.460,1.320,1.280,0,0,0,0,0,18,297,0,19,0
15-05 12:42:07,1.751,0.750,96.791,0.250,0,5416804,225224,161320,2225324,6876.943,540.231,0,32.014,0,4.002,1032,1433,0.420,1.290,1.280,0,0,1.000,0,0,18,297,0,19,0
15-05 12:42:08,1.249,1.499,96.445,0,0,5399560,242464,161320,2225328,3414.067,485.725,0,0,0,0,1058,1356,0.420,1.290,1.280,0,0,5.997,0,0,18,297,0,19,0
15-05 12:42:09,1.751,0.750,95.802,0.500,0.250,5393732,248268,161344,2225328,5774.115,486.262,0,160.086,0,24.013,1234,1963,0.420,1.290,1.280,0,0,0,0,0,18,297,0,19,0
15-05 12:42:10,1.998,0.999,94.638,0.749,0.250,5388308,253664,161364,2225336,9035.301,485.425,0,451.465,0,34.959,1531,2286,0.420,1.290,1.280,0,0,0.999,0,0,18,297,0,19,0
15-05 12:42:11,8.262,4.006,85.378,1.753,0,5376516,265384,161388,2225384,6068.071,486.728,48.072,236.353,3.004,31.046,2735,10916,0.420,1.290,1.280,0,0,39.058,0,0,18,297,0,20,0
15-05 12:42:12,1.749,0.250,95.964,0.250,0.250,5375932,265944,161408,2225388,4085.468,485.818,0,139.948,0,17.993,1203,1810,0.390,1.270,1.270,0,0,0,0,0,18,297,0,20,0
15-05 12:42:13,0.749,0.500,96.677,0.999,0,5374312,267556,161412,2225392,7502.346,485.634,0,319.759,0,56.957,990,1326,0.390,1.270,1.270,0,0,0,0,0,18,297,0,20,0
15-05 12:42:14,1.251,1.001,96.578,0.751,0,5372456,269400,161424,2225392,5123.128,486.392,0,408.329,0,27.022,939,1391,0.390,1.270,1.270,0,0,0,0,0,18,297,0,19,0
15-05 12:42:15,3.246,1.248,94.130,0.250,0,5373540,268272,161444,2225416,7738.172,485.384,0,139.822,0,18.976,1472,2037,0.390,1.270,1.270,0,0,2.996,0,0,18,297,0,19,0
15-05 12:42:16,4.006,1.502,87.373,5.758,0,5372140,269584,161528,2225420,8035.281,486.683,0,2956.150,0,157.221,2047,2964,0.390,1.270,1.270,0,0,2.003,0,0,18,297,0,21,0
15-05 12:42:17,2.249,1.250,93.725,1.250,0,5370980,270704,161544,2225444,9269.539,539.857,0,247.934,0,23.994,1514,2236,0.360,1.250,1.260,0,0,1.999,0,0,18,297,0,21,0
15-05 12:42:18,1.748,0.250,97.112,0,0,5370688,270992,161544,2225448,5844.696,485.311,0,0,0,0,922,1340,0.360,1.250,1.260,0,0,0,0,0,18,297,0,21,0
15-05 12:42:19,2.252,0.751,91.072,4.504,0,5370652,270992,161580,2225448,5681.473,486.383,0,2461.938,0,373.294,1541,1952,0.360,1.250,1.260,0,0,0,0,0,18,297,0,21,0
15-05 12:42:20,1.249,0.750,94.709,2.249,0,5370636,270992,161600,2225444,4684.995,485.792,0,439.812,0,33.985,1213,2015,0.360,1.250,1.260,0,0,0,0,0,18,297,0,21,0
15-05 12:42:21,1.750,0.750,96.484,0.250,0,5370608,270992,161600,2225472,9094.495,485.920,15.997,103.983,1.000,12.998,1016,1589,0.360,1.250,1.260,0,0,0,0,0,18,297,0,21,0
15-05 12:42:22,1.502,1.001,96.604,0.250,0,5370604,270992,161604,2225472,7253.802,486.523,0,92.099,0,13.014,1089,1688,0.330,1.230,1.250,0,0,0,0,0,18,297,0,21,0
15-05 12:42:23,1.250,0.250,97.783,0,0,5370600,270992,161604,2225476,9101.031,486.162,0,0,0,0,875,1265,0.330,1.230,1.250,0,0,0,0,0,18,297,0,21,0
15-05 12:42:24,0.750,0.500,96.468,0.750,0,5370588,270992,161616,2225476,7198.605,485.838,0,619.794,0,62.979,991,1424,0.330,1.230,1.250,0,0,0,0,0,18,297,0,21,0
15-05 12:42:25,1.499,0.750,97.459,0,0.250,5370584,270992,161620,2225476,7868.659,485.794,0,75.968,0,6.997,936,1321,0.330,1.230,1.250,0,0,0,0,0,18,297,0,21,0
15-05 12:42:26,1.000,0.500,96.720,0.250,0,5370580,270992,161624,2225476,6538.995,485.851,0,171.947,0,17.994,1055,1474,0.330,1.230,1.250,0,0,0,0,0,18,297,0,21,0
15-05 12:42:27,1.501,0.750,97.058,0,0,5370576,270992,161624,2225480,5050.026,540.324,0,28.017,0,3.002,1027,1391,0.300,1.210,1.250,0,0,1.001,0,0,18,297,0,21,0
15-05 12:42:28,2.504,0.751,96.640,0,0,5370576,270992,161624,2225480,9804.234,1932.806,0,28.041,0,2.003,1058,1372,0.300,1.210,1.250,0,0,0,0,0,18,298,0,21,0
15-05 12:42:29,5.747,0.999,91.204,0.500,0,5370308,270992,161636,2225736,29367.257,8083.942,111.944,159.920,1.999,20.989,1925,2259,0.300,1.210,1.250,0,0,1.999,0,0,18,297,0,21,0
15-05 12:42:30,1.250,0.250,96.516,0,0,5370308,270992,161636,2225736,5874.986,486.082,0,92.015,0,15.003,1297,2055,0.300,1.210,1.250,0,0,0,0,0,18,297,0,17,0
15-05 12:42:31,1.998,0.999,94.177,1.749,0.250,5362668,278580,161672,2225752,8515.364,485.622,0,379.704,0,46.963,1569,2487,0.300,1.210,1.250,0,0,0,0,0,18,297,0,17,0
15-05 12:42:32,1.750,0.750,95.775,0.500,0,5362668,278580,161680,2225744,6228.657,486.129,0,208.055,0,25.007,1183,1863,0.280,1.190,1.240,0,0,1.000,0,0,18,297,0,17,0
15-05 12:42:33,1.251,1.502,96.098,0.250,0.250,5362908,278328,161684,2225752,8436.632,486.498,0,132.135,0,9.009,1248,1452,0.280,1.190,1.240,0,0,18.018,0,0,18,297,0,17,0
15-05 12:42:34,1.499,0.500,95.159,1.748,0,5362904,278328,161696,2225744,5143.075,485.535,0,731.300,0,47.954,1001,1455,0.280,1.190,1.240,0,0,0,0,0,18,297,0,17,0
15-05 12:42:35,6.250,1.000,91.999,0.250,0,5362880,278328,161696,2225768,37228.415,9671.848,0,31.999,0,5.000,1551,1644,0.280,1.190,1.240,0,0,0,0,0,18,297,0,17,0
15-05 12:42:36,0.998,0.249,97.258,0,0,5362880,278328,161696,2225768,6932.760,484.794,0,7.980,0,1.995,979,1362,0.280,1.190,1.240,0,0,0,0,0,18,297,0,17,0
15-05 12:42:37,0.751,0.751,97.367,0,0,5362880,278328,161696,2225768,6939.328,486.584,0,0,0,0,961,1349,0.250,1.170,1.230,0,0,1.001,0,0,18,297,0,17,0
15-05 12:42:38,1.000,0.750,97.245,0,0.250,5362880,278328,161696,2225768,4063.773,485.973,0,0,0,0,907,1298,0.250,1.170,1.230,0,0,0,0,0,18,297,0,17,0
15-05 12:42:39,2.002,0.500,96.323,0.751,0,5362876,278328,161708,2225760,8204.212,486.368,0,184.139,0,27.020,1279,1849,0.250,1.170,1.230,0,0,0,0,0,18,297,0,17,0
15-05 12:42:40,1.251,0.751,94.825,1.251,0,5362852,278328,161716,2225776,5780.545,486.382,0,424.334,0,34.027,1247,2093,0.250,1.170,1.230,0,0,0,0,0,18,297,0,17,0
15-05 12:42:41,1.250,1.000,96.483,0,0,5362852,278328,161728,2225764,8168.532,539.903,0,159.971,0,20.996,1160,1766,0.250,1.170,1.230,0,0,0,0,0,18,297,0,17,0
15-05 12:42:42,1.749,0.750,96.716,0.500,0,5362820,278328,161748,2225776,6963.574,485.831,0,171.940,0,19.993,1189,1783,0.230,1.150,1.230,0,0,0,0,0,18,297,0,17,0
15-05 12:42:43,1.000,0.250,97.975,0,0,5362820,278328,161748,2225776,4454.844,485.874,0,123.968,0,26.993,896,1311,0.230,1.150,1.230,0,0,0,0,0,18,297,0,17,0
15-05 12:42:44,0.500,0.500,97.258,0.250,0,5362820,278328,161752,2225772,7773.673,486.042,0,320.028,0,19.002,977,1350,0.230,1.150,1.230,0,0,0,0,0,18,297,0,17,0
15-05 12:42:45,1.249,0.250,97.429,0,0,5362804,278328,161760,2225780,7006.888,485.646,0,27.980,0,3.997,957,1356,0.230,1.150,1.230,0,0,0,0,0,18,297,0,17,0
15-05 12:42:46,2.000,1.000,93.994,1.750,0.250,5362804,278328,161772,2225768,8117.497,485.970,0,315.980,0,32.998,1377,2094,0.230,1.150,1.230,0,0,0,0,0,18,297,0,17,0
15-05 12:42:47,1.250,0.500,97.751,0,0,5362792,278328,161772,2225780,9270.090,486.005,0,0,0,0,1081,1475,0.210,1.130,1.220,0,0,1.000,0,0,18,297,0,17,0
15-05 12:42:48,1.001,0.501,97.368,0,0,5362792,278328,161772,2225780,7775.454,486.592,0,0,0,0,942,1318,0.210,1.130,1.220,0,0,0,0,0,18,297,0,17,0
15-05 12:42:49,1.751,1.000,95.787,0.500,0,5362792,278328,161804,2225748,8642.354,486.189,0,396.154,0,36.014,1286,1969,0.210,1.130,1.220,0,0,0,0,0,18,297,0,17,0
15-05 12:42:50,2.246,0.499,92.605,4.243,0,5362736,278328,161816,2225792,4577.839,485.241,0,1697.345,0,281.560,1454,1998,0.210,1.130,1.220,0,0,0,0,0,18,297,0,17,0
15-05 12:42:51,1.000,0.250,97.532,0,0,5362736,278328,161816,2225792,4368.411,486.157,0,0,0,0,868,1263,0.210,1.130,1.220,0,0,0,0,0,18,297,0,17,0
15-05 12:42:52,1.752,0.751,94.606,2.503,0,5362736,278328,161836,2225772,9333.458,528.592,0,312.350,0,32.036,1284,1877,0.200,1.110,1.210,0,0,0,0,0,18,297,0,17,0
15-05 12:42:53,5.247,10.994,81.954,0,0,5375964,265056,161836,2225816,4980.234,485.730,0,0,0,0,3918,3435,0.200,1.110,1.210,1,0,246.863,0,0,18,297,0,17,0
15-05 12:42:54,10.521,13.527,74.649,0,0.250,5392492,248448,161840,2225892,22056.973,2142.271,0,56.112,0,6.012,4485,3768,0.200,1.110,1.210,1,0,247.493,0,0,18,297,0,19,0
15-05 12:42:55,20.485,4.746,72.946,0.749,0.250,5449852,190924,161844,2226052,8631.591,485.639,151.887,0,5.996,0,1988,1569,0.200,1.110,1.210,1,0,1.999,0,0,18,297,0,19,0
15-05 12:42:56,20.997,2.000,72.490,3.500,0,5486352,152380,161936,2228004,11431.476,485.935,871.884,787.895,91.988,11.998,2138,1815,0.200,1.110,1.210,2,0,0,0,0,18,297,0,19,0
15-05 12:42:57,21.489,3.748,72.215,1.999,0,5499700,179192,160316,2189788,8723.714,539.735,2302.869,0,223.890,0,2477,3401,0.340,1.130,1.220,2,0,3.998,0,0,18,297,0,19,0
15-05 12:42:58,22.762,3.252,69.037,3.252,0.250,5516064,162560,160332,2190040,4501.430,486.263,48.026,696.376,4.002,38.021,3657,4795,0.340,1.130,1.220,3,1,0,0,0,18,298,0,20,0
15-05 12:42:59,18.995,3.749,58.985,16.496,0,5515852,162308,160500,2190352,4210.928,663.831,0,4846.766,0,317.919,5950,9140,0.340,1.130,1.220,1,1,0,0,0,18,301,0,22,0
15-05 12:43:00,17.024,3.255,66.593,12.518,0,5518404,158556,160564,2191488,7894.071,486.683,933.309,1197.680,60.084,156.219,4261,6011,0.340,1.130,1.220,2,1,1.001,0,0,18,306,0,23,0
15-05 12:43:01,24.196,2.744,63.858,6.985,0,5530756,145508,160724,2192028,14105.729,5866.993,207.540,3983.170,11.973,559.759,5790,7565,0.340,1.130,1.220,1,0,0.998,0,0,18,307,0,24,0
15-05 12:43:02,5.251,1.500,90.018,1.750,0,5529680,146516,160764,2192056,10923.233,2523.516,0,284.058,0,36.007,2002,2827,0.310,1.110,1.210,0,0,0,0,0,18,308,0,24,0
15-05 12:43:03,3.994,0.749,92.858,0.499,0,5531388,144752,160784,2192092,6630.876,658.994,15.976,487.256,0.998,58.910,1930,2875,0.310,1.110,1.210,1,0,0,0,0,18,309,0,10,0
15-05 12:43:04,9.504,2.001,75.285,12.006,0,5531112,144860,160848,2192196,20776.613,6919.201,68.031,5022.324,5.002,119.055,3139,4511,0.310,1.110,1.210,1,0,0,0,0,18,308,0,10,0
15-05 12:43:05,20.507,4.251,66.772,6.502,0.250,5523516,151808,160980,2192712,17527.645,5314.712,224.072,1704.549,14.005,208.067,6533,9370,0.310,1.110,1.210,0,1,1.000,0,0,18,310,0,12,0
15-05 12:43:06,17.023,3.505,60.582,17.023,0,5521492,153020,161248,2193256,5421.319,486.657,448.606,7137.637,26.035,463.626,6305,9908,0.310,1.110,1.210,1,1,0,0,0,18,310,0,12,0
15-05 12:43:07,17.486,3.997,71.693,4.496,0,5519740,154432,161308,2193536,14411.490,3205.440,15.987,1199.042,0.999,163.869,5900,8685,0.370,1.110,1.210,0,1,0.999,0,0,18,309,0,14,0
15-05 12:43:08,7.492,2.497,81.914,6.493,0.499,5519376,154680,161348,2193612,9123.477,2520.369,19.979,1202.745,2.997,109.885,2916,3859,0.370,1.110,1.210,0,0,5.994,0,0,18,310,0,15,0
15-05 12:43:09,10.523,1.253,82.928,3.257,0,5517232,156684,161436,2193664,24083.804,9486.405,0,781.681,0,111.239,3255,4590,0.370,1.110,1.210,1,0,0,0,0,18,311,0,15,0
15-05 12:43:10,21.232,4.496,65.193,6.994,0,5515312,158048,161716,2193940,11924.651,725.370,0,2625.721,0,280.756,7498,11441,0.370,1.110,1.210,0,1,0,0,0,18,310,0,15,0
15-05 12:43:11,24.240,6.747,58.225,8.496,0,5520068,181396,160504,2167204,7993.547,3028.692,23.990,2566.891,1.999,243.895,7374,22642,0.370,1.110,1.210,0,0,35.984,0,0,18,310,0,16,0
15-05 12:43:12,7.000,2.000,77.502,11.000,0.250,5513432,188016,160716,2167008,7852.168,660.014,0,6132.131,0,384.008,3188,4823,0.420,1.100,1.210,1,0,0,0,0,18,310,0,17,0
15-05 12:43:13,8.490,1.998,84.396,3.745,0,5513700,187240,160800,2167432,11889.351,3200.057,0,814.996,0,119.852,3147,4526,0.420,1.100,1.210,0,0,0,0,0,18,309,0,18,0
15-05 12:43:14,11.496,2.999,77.476,7.248,0,5513952,186988,160912,2167320,8621.323,3204.005,0,1103.657,0,132.959,3466,5075,0.420,1.100,1.210,0,0,0,0,0,18,309,0,20,0
15-05 12:43:15,10.025,1.003,82.957,4.010,0,5514876,185488,160960,2167848,6873.149,487.216,148.370,946.361,8.020,54.135,2507,3064,0.420,1.100,1.210,3,0,1.003,0,0,18,311,0,20,0
15-05 12:43:16,15.484,3.247,74.673,4.995,0,5563340,137004,161052,2167776,30872.064,11940.648,0,1418.533,0,131.864,3697,5108,0.420,1.100,1.210,0,0,2.997,0,0,18,310,0,20,0
15-05 12:43:17,14.753,2.750,64.261,16.253,0,5562060,137536,161148,2168428,12420.217,4924.879,304.054,5292.945,18.003,532.095,4623,5972,0.390,1.080,1.200,0,0,2.000,0,0,18,310,0,24,0
15-05 12:43:18,10.256,1.501,79.048,8.255,0,5562388,137060,161252,2168472,30406.465,9653.862,0,1072.651,0,91.055,2894,3834,0.390,1.080,1.200,1,1,1.001,0,0,18,310,0,24,0
15-05 12:43:19,14.263,2.502,77.823,3.003,0.250,5561972,137392,161412,2168396,28889.186,9607.041,0,1137.070,0,146.138,4533,6749,0.390,1.080,1.200,1,0,0,0,0,18,311,0,24,0
15-05 12:43:20,18.472,3.994,60.160,15.976,0.250,5561544,137140,161660,2168828,10175.796,724.917,31.952,4621.096,0.999,401.400,6701,10521,0.390,1.080,1.200,1,0,0,0,0,18,310,0,22,0
15-05 12:43:21,22.277,3.504,61.574,10.012,0,5562276,135880,161896,2169120,6126.345,486.583,0,7961.546,0,454.545,7548,11721,0.390,1.080,1.200,1,0,0,0,0,18,310,0,22,0
15-05 12:43:22,12.206,3.737,53.808,27.651,0.249,5561576,136564,162040,2168992,3603.147,484.273,0,7453.413,0,928.687,5215,7893,0.760,1.150,1.220,0,2,0,0,0,18,310,0,22,0
15-05 12:43:23,21.813,4.012,68.198,4.012,0,5562748,134800,162132,2169492,8691.276,487.417,0,1355.943,0,154.449,7316,11185,0.760,1.150,1.220,0,0,1.003,0,0,18,311,0,24,0
15-05 12:43:24,2.747,0.749,95.146,0.499,0,5563252,134296,162140,2169484,8377.843,485.469,0,343.624,0,19.978,1306,2020,0.760,1.150,1.220,1,0,0.999,0,0,18,311,0,24,1
15-05 12:43:25,3.251,1.000,94.032,0.250,0.250,5563456,134044,162148,2169524,8527.938,486.167,0,340.117,0,19.007,1425,1787,0.760,1.150,1.220,0,0,0,0,0,18,312,0,24,0
15-05 12:43:26,9.761,1.752,83.597,3.254,0,5563620,133792,162216,2169544,8426.746,486.563,0,752.871,0,78.090,3429,4955,0.760,1.150,1.220,1,0,0,0,0,18,313,0,24,0
15-05 12:43:27,21.508,4.502,60.773,10.504,0,5563776,133292,162444,2169660,11253.264,486.184,0,2765.048,0,364.138,7965,13241,0.780,1.150,1.220,0,0,1.000,0,0,18,312,0,24,0
15-05 12:43:28,22.748,4.999,66.993,3.750,0,5571056,161604,161224,2135744,6978.301,625.937,31.997,1499.850,2.000,146.985,7168,10854,0.780,1.150,1.220,2,0,0,0,0,18,313,0,28,0
15-05 12:43:29,13.482,3.246,66.661,14.980,0,5587680,144292,161460,2136196,22789.413,9379.411,255.657,6507.266,14.980,448.398,4516,7133,0.780,1.150,1.220,1,0,1.997,0,0,18,311,0,28,0
15-05 12:43:30,11.726,2.495,79.334,4.491,0,5589444,142312,161624,2136248,7800.705,3051.625,7.983,1253.382,0.998,165.654,3836,5485,0.780,1.150,1.220,0,0,0,0,0,18,312,0,31,0
15-05 12:43:31,6.520,1.254,84.509,6.520,0.251,5592784,138672,161712,2136460,8474.976,662.029,64.197,1340.107,4.012,95.292,2566,3714,0.780,1.150,1.220,0,1,0,0,0,18,312,0,32,0
15-05 12:43:32,7.240,1.248,87.379,2.996,0,5596328,134892,161824,2136584,9817.450,3129.680,0,1138.429,0,117.837,2470,3636,0.710,1.130,1.210,1,0,0,0,0,18,311,0,32,0
15-05 12:43:33,9.238,2.247,82.890,2.996,0,5596160,134892,161984,2136592,10864.631,485.358,0,1018.653,0,113.849,3293,4572,0.710,1.130,1.210,2,1,0,0,0,18,312,0,32,0
15-05 12:43:34,7.514,1.002,85.907,5.009,0.501,5596776,134136,162044,2136672,13415.537,3054.587,0,917.678,0,85.156,2394,3487,0.710,1.130,1.210,0,0,0,0,0,18,311,0,37,0
15-05 12:43:35,16.248,2.750,73.493,5.499,0,5604792,126100,162208,2136528,38951.116,14294.575,0,1867.814,0,161.984,4154,5787,0.710,1.130,1.210,2,0,1.000,0,0,18,312,0,42,0
15-05 12:43:36,13.753,1.250,77.519,5.751,0,5605480,124856,162364,2136928,25832.416,9378.329,48.012,1168.290,2.000,124.031,3294,4433,0.710,1.130,1.210,1,0,0,0,0,18,311,0,43,0
15-05 12:43:37,6.752,1.250,88.532,1.751,0,5605300,124856,162424,2137048,7295.661,2523.921,0,736.269,0,57.021,2225,3018,0.740,1.130,1.210,0,0,1.000,0,0,18,312,0,45,0
15-05 12:43:38,13.022,1.753,80.137,4.257,0,5604828,124856,162580,2137364,24783.439,9722.649,16.027,1618.772,1.002,196.336,3495,5168,0.740,1.130,1.210,1,0,0,0,0,18,312,0,46,0
15-05 12:43:39,5.488,1.995,76.327,14.218,0,5604600,124856,162876,2137296,8404.932,484.900,0,6413.450,0,440.002,3329,5425,0.740,1.130,1.210,0,2,0,0,0,18,311,0,47,0
15-05 12:43:40,11.252,2.250,79.766,4.251,0,5604660,124604,163084,2137280,10108.067,3364.688,0,1588.325,0,201.041,4165,6282,0.740,1.130,1.210,0,0,0,0,0,18,311,0,51,0
15-05 12:43:41,11.500,2.000,83.253,2.250,0,5604208,124604,163192,2137624,11882.442,3231.120,0,1148.043,0,138.005,3429,5012,0.740,1.130,1.210,1,0,0,0,0,18,311,0,55,0
15-05 12:43:42,6.003,1.501,89.546,2.001,0,5604088,124604,163240,2137696,5745.949,486.250,0,1112.571,0,74.038,2310,3426,0.840,1.140,1.220,0,0,0,0,0,18,311,0,57,0
15-05 12:43:43,4.499,1.000,88.734,4.249,0,5602280,126340,163272,2137736,7822.627,485.915,0,4583.196,0,622.891,2415,2807,0.840,1.140,1.220,0,0,0,0,0,18,311,0,57,0
15-05 12:43:44,3.245,0.749,94.358,0.250,0,5602480,126088,163284,2137776,7135.247,625.058,0,291.561,0,23.964,1454,2005,0.840,1.140,1.220,4,0,0,0,0,18,312,0,57,0
15-05 12:43:45,2.502,0.500,93.830,2.252,0,5602448,126088,163308,2137784,4246.629,486.416,0,328.281,0,31.027,1387,2109,0.840,1.140,1.220,0,0,0,0,0,18,311,0,57,0
15-05 12:43:46,5.500,1.000,90.251,1.500,0,5602360,126088,163364,2137816,9078.113,540.007,0,564.007,0,66.001,2297,3438,0.840,1.140,1.220,0,0,0,0,0,18,311,0,57,0
15-05 12:43:47,11.495,2.249,78.965,4.748,0.250,5602400,125864,163516,2137848,14235.655,5761.432,0,1523.321,0,182.918,3793,5487,0.770,1.120,1.210,0,0,1.000,0,0,18,311,0,60,0
15-05 12:43:48,8.493,1.499,85.681,2.998,0.250,5602208,125864,163544,2138012,11929.387,4946.015,0,803.353,0,67.945,2647,3391,0.770,1.120,1.210,0,1,0,0,0,18,311,0,63,0
15-05 12:43:49,10.008,2.502,69.556,15.763,0.500,5610064,117600,163844,2138120,10212.258,540.437,0,9883.992,0,862.698,4566,6797,0.770,1.120,1.210,2,1,0,0,0,18,312,0,68,0
15-05 12:43:50,11.752,1.750,78.762,5.751,0,5609932,117376,164008,2138312,28976.590,11703.854,0,1388.220,0,198.031,3669,5448,0.770,1.120,1.210,1,0,0,0,0,18,314,0,68,0
15-05 12:43:51,9.993,1.999,79.698,6.995,0,5609552,117680,164112,2138284,13284.359,2736.220,0,1255.184,0,141.908,3444,4975,0.770,1.120,1.210,0,0,0,0,0,18,313,0,69,0
15-05 12:43:52,10.499,2.500,82.989,2.750,0,5608792,117828,164308,2138700,11763.441,3364.554,15.998,1411.813,1.000,178.976,3746,5497,0.710,1.100,1.200,2,0,0,0,0,18,313,0,72,0
15-05 12:43:53,6.760,1.502,87.629,2.754,0,5608832,117576,164456,2138764,8272.150,2965.355,0,893.312,0,110.162,2627,3775,0.710,1.100,1.200,1,0,0,0,0,18,314,0,74,0
15-05 12:43:54,3.985,1.494,90.901,2.490,0,5608988,117352,164532,2138756,8621.886,657.475,0,788.970,0,67.740,1781,2540,0.710,1.100,1.200,2,0,0,0,0,18,314,0,74,0
15-05 12:43:55,7.274,1.505,87.543,2.508,0,5609112,116852,164648,2139016,9950.342,2706.067,0,1244.169,0,133.447,2661,4067,0.710,1.100,1.200,0,0,0,0,0,18,313,0,76,0
15-05 12:43:56,10.260,1.752,81.581,4.254,0,5609112,116852,164800,2138864,12709.663,4688.671,0,1341.336,0,154.154,3346,5102,0.710,1.100,1.200,0,0,0,0,0,18,314,0,76,0
15-05 12:43:57,16.004,2.751,75.267,4.751,0,5608760,134232,163568,2124188,23477.339,7546.716,0,1388.316,0,149.034,4451,6646,0.810,1.120,1.210,0,1,1.000,0,0,18,314,0,77,0
15-05 12:43:58,18.503,4.001,55.508,19.003,0,5608632,134036,163816,2124264,9525.302,486.066,0,7549.032,0,601.082,7504,12066,0.810,1.120,1.210,1,1,0,0,0,18,314,0,77,0
15-05 12:43:59,22.267,4.253,64.799,6.755,0,5609680,132532,163972,2124564,10833.169,580.438,0,3390.557,0,278.210,7539,11361,0.810,1.120,1.210,1,1,0,0,0,18,314,0,77,0
15-05 12:44:00,9.486,1.498,78.631,8.487,0,5609756,132280,164060,2124652,8456.243,485.268,0,2616.053,0,206.688,3820,5875,0.810,1.120,1.210,0,0,0,0,0,18,313,0,77,0
15-05 12:44:01,11.510,1.752,80.572,4.004,0,5618876,123072,164168,2124632,7914.077,3238.896,0,1425.274,0,194.174,3727,5533,0.810,1.120,1.210,0,1,1.001,0,0,18,313,0,76,0
15-05 12:44:02,7.239,1.498,85.371,4.244,0,5620120,121444,164248,2124940,10891.543,2978.500,0,1857.194,0,125.810,2808,4221,0.830,1.120,1.210,0,0,0,0,0,18,314,0,77,0
15-05 12:44:03,4.256,1.001,90.372,3.004,0,5619824,121680,164280,2124968,8292.219,660.894,0,1029.393,0,83.112,1929,2820,0.830,1.120,1.210,1,2,0,0,0,18,314,0,77,0
15-05 12:44:04,9.991,1.998,79.680,5.995,0.500,5620020,121428,164356,2124948,11353.005,2694.628,0,1594.596,0,156.862,3685,5632,0.830,1.120,1.210,1,0,0,0,0,18,313,0,80,0
15-05 12:44:05,11.238,2.248,79.167,6.993,0,5619904,121176,164428,2125244,13246.172,4733.059,3.996,1450.486,0.999,151.841,3226,4669,0.830,1.120,1.210,0,0,0,0,0,18,314,0,81,0
15-05 12:44:06,12.767,2.003,73.098,9.763,0,5620052,120924,164612,2125164,23734.727,7555.099,0,6404.561,0,407.545,4330,6825,0.830,1.120,1.210,2,0,0,0,0,18,314,0,82,0
15-05 12:44:07,22.495,5.249,61.986,8.748,0.250,5620676,119664,164884,2125528,8133.198,485.892,15.996,2891.359,1.000,352.922,7823,12294,0.920,1.130,1.210,2,1,2.000,0,0,18,314,0,83,0
15-05 12:44:08,21.782,5.758,65.596,4.757,0.250,5616144,158408,163724,2093528,5786.510,486.716,44.065,1826.686,2.003,183.270,7702,11615,0.920,1.130,1.210,1,0,6.009,0,0,18,314,0,85,0
15-05 12:44:09,20.486,4.247,63.458,9.494,0,5615452,158688,163948,2093716,4816.809,485.678,0,2966.035,0,334.778,7530,11706,0.920,1.130,1.210,2,1,0,0,0,18,314,0,81,0
15-05 12:44:10,13.749,3.000,57.247,23.999,0,5615520,158372,164052,2093860,8571.541,485.974,0,6807.635,0,616.967,5553,8280,0.920,1.130,1.210,0,1,1.000,0,0,18,314,0,82,0
15-05 12:44:11,24.746,5.749,62.739,4.749,0,5628024,145376,164152,2094032,7131.786,485.917,27.995,2379.595,2.000,182.969,7854,22413,0.920,1.130,1.210,2,1,35.994,0,0,18,314,0,84,0
15-05 12:44:12,15.758,4.252,60.281,17.509,0,5628336,144900,164308,2094260,7621.883,486.248,0,8772.469,0,614.313,6285,10821,0.930,1.130,1.210,1,2,0,0,0,18,314,0,85,0
15-05 12:44:13,17.480,3.995,62.678,13.235,0,5627420,145516,164460,2094408,7593.235,485.440,0,3044.486,0,309.643,6578,10201,0.930,1.130,1.210,1,0,0,0,0,18,314,0,82,0
15-05 12:44:14,20.022,4.004,67.324,7.008,0.250,5627520,144876,164572,2094836,8646.478,486.533,0,1637.795,0,144.158,6965,10522,0.930,1.130,1.210,1,3,0,0,0,18,315,0,85,0
15-05 12:44:15,7.241,1.748,82.650,6.492,0,5627764,144624,164612,2094804,5243.663,485.413,0,2528.944,0,373.549,3354,4895,0.930,1.130,1.210,0,1,0.999,0,0,18,313,0,86,0
15-05 12:44:16,6.753,1.501,81.034,9.504,0,5623088,149096,164668,2094952,3829.583,486.201,16.007,5854.421,1.000,760.314,3129,4214,0.930,1.130,1.210,1,0,1.000,0,0,18,313,0,86,0
15-05 12:44:17,12.011,3.253,80.323,3.253,0,5629448,142736,164720,2094900,6122.548,3053.767,0,1757.593,0,172.156,3926,5916,0.930,1.130,1.210,0,0,4.004,0,0,18,314,0,84,0
15-05 12:44:18,10.491,1.499,78.680,7.493,0.250,5629304,142492,164772,2095236,9643.442,659.415,0,2162.081,0,106.905,3423,4579,0.930,1.130,1.210,1,1,1.998,0,0,18,314,0,89,0
15-05 12:44:19,9.754,2.501,70.281,16.257,0,5629448,142268,164880,2095208,15201.641,4686.047,0,6358.778,0,441.193,3968,6285,0.930,1.130,1.210,0,0,0,0,0,18,314,0,90,0
15-05 12:44:20,11.735,1.498,82.145,2.497,0.250,5628724,142816,164940,2095324,39705.225,14638.281,0,870.886,0,83.893,3059,3997,0.930,1.130,1.210,1,0,0,0,0,18,314,0,90,0
15-05 12:44:21,9.999,1.500,85.238,2.000,0,5628516,142816,165004,2095468,10025.637,2737.628,0,1219.834,0,116.984,3431,4799,0.930,1.130,1.210,0,0,0,0,0,18,313,0,89,0
15-05 12:44:22,10.498,2.500,80.238,5.249,0,5628500,142588,165068,2095648,13160.096,3050.559,0,1403.797,0,149.978,3691,5359,1.100,1.160,1.220,0,0,0,0,0,18,314,0,93,0
15-05 12:44:23,5.003,1.001,89.546,2.751,0,5628412,142588,165108,2095696,7492.877,660.342,0,636.329,0,57.030,1963,2914,1.100,1.160,1.220,1,0,0,0,0,18,314,0,94,0
15-05 12:44:24,7.738,1.747,82.371,6.490,0.250,5628096,142588,165216,2095904,8622.534,3219.971,0,1593.511,0,162.746,2969,4685,1.100,1.160,1.220,1,0,0,0,0,18,313,0,97,0
15-05 12:44:25,4.748,1.000,88.960,3.498,0,5628088,142588,165284,2095844,7355.681,485.781,0,963.565,0,95.957,2066,2982,1.100,1.160,1.220,0,0,0,0,0,18,313,0,96,0
15-05 12:44:26,6.009,1.502,88.876,2.504,0,5628144,142348,165340,2095972,6588.356,486.691,0,869.234,0,79.112,2303,3212,1.100,1.160,1.220,0,0,0,0,0,18,313,0,98,0
15-05 12:44:27,11.026,1.504,84.953,1.754,0,5628392,142100,165356,2095956,13673.743,4919.781,0,661.584,0,51.122,2824,3641,1.010,1.140,1.210,1,2,1.002,0,0,18,313,0,103,0
15-05 12:44:28,14.992,3.498,64.965,14.242,0,5627428,142484,165616,2096276,27739.865,9732.690,0,7391.967,0,559.695,5444,8366,1.010,1.140,1.210,2,0,0,0,0,18,315,0,103,0
15-05 12:44:29,24.240,3.998,59.725,9.996,0,5627248,142484,165816,2096256,25438.201,9388.015,31.986,2422.971,1.000,302.871,7845,12031,1.010,1.140,1.210,1,0,1.999,0,0,18,314,0,99,0
15-05 12:44:30,20.990,4.248,63.719,8.496,0.250,5627092,142036,165936,2096740,8880.701,485.765,0,2254.909,0,233.887,7222,11246,1.010,1.140,1.210,1,0,0,0,0,18,314,0,100,0
15-05 12:44:31,13.754,3.001,76.522,6.002,0.250,5626888,142036,166052,2096828,5794.680,486.141,0,2240.649,0,241.070,5009,7559,1.010,1.140,1.210,0,0,1.000,0,0,18,313,0,100,0
15-05 12:44:32,11.008,2.001,81.557,3.252,0.250,5626044,142692,166196,2096872,10244.119,3284.282,0,1829.271,0,197.137,3663,5619,1.250,1.180,1.230,0,0,0,0,0,18,313,0,103,0
15-05 12:44:33,4.993,1.248,86.384,6.741,0,5626268,142216,166244,2097076,8317.795,539.274,15.978,1206.375,0.999,100.864,2113,3204,1.250,1.180,1.230,1,0,0,0,0,18,314,0,100,0
15-05 12:44:34,10.744,2.748,82.201,2.499,0,5628000,140276,166316,2097212,18711.923,7795.385,0,1259.255,0,100.940,2935,4029,1.250,1.180,1.230,0,0,0,0,0,18,314,0,103,0
15-05 12:44:35,11.017,2.253,75.363,10.015,0,5627860,140328,166560,2097056,21136.742,2791.192,0,5784.687,0,380.572,3711,5475,1.250,1.180,1.230,1,0,0,0,0,18,315,0,109,0
15-05 12:44:36,4.748,1.000,89.957,3.248,0,5627812,140076,166580,2097336,26856.216,9449.502,0,1407.330,0,236.887,1514,1753,1.250,1.180,1.230,2,1,0,0,0,18,315,0,109,0
15-05 12:44:37,5.246,1.499,86.687,4.747,0,5627732,140076,166668,2097328,10400.434,2872.910,0,4128.996,0,584.575,2749,3765,1.230,1.180,1.220,0,0,0.999,0,0,18,314,0,97,0
15-05 12:44:38,14.237,1.998,78.679,3.747,0,5631148,136296,166692,2097668,41738.087,16426.079,243.779,1114.987,4.995,45.958,3047,3503,1.230,1.180,1.220,0,0,0,0,0,18,315,0,100,0
15-05 12:44:39,3.255,0.250,94.145,0.751,0,5631136,136296,166700,2097672,5491.446,540.832,0,528.813,0,38.059,1352,2007,1.230,1.180,1.220,0,1,0,0,0,18,315,0,101,0
15-05 12:44:40,18.980,3.746,68.926,6.493,0,5630924,136296,166876,2097708,24842.430,9869.444,0,2133.718,0,259.722,6335,9630,1.230,1.180,1.220,2,1,0,0,0,18,314,0,101,0
15-05 12:44:41,21.262,4.002,61.535,10.756,0,5630332,136296,167132,2098044,8041.521,540.304,0,3806.140,0,404.227,7373,12051,1.230,1.180,1.220,4,0,0,0,0,18,314,0,101,0
15-05 12:44:42,18.952,3.491,65.086,10.474,0.249,5630128,136072,167216,2098388,7327.560,538.644,0,6248.276,0,649.366,6995,10337,1.530,1.250,1.240,2,0,0,0,0,18,314,0,92,0
15-05 12:44:43,5.766,1.504,90.745,1.755,0,5629980,136072,167312,2098440,7687.732,541.460,0,1604.326,0,135.365,2579,4155,1.530,1.250,1.240,0,0,0,0,0,18,313,0,92,0
15-05 12:44:44,11.241,1.998,77.690,6.995,0.250,5629732,136072,167400,2098600,19160.144,4821.262,0,2190.302,0,169.868,3861,5438,1.530,1.250,1.240,1,0,0,0,0,18,313,0,94,1
15-05 12:44:45,10.510,2.002,72.068,12.762,0.250,5629624,136072,167568,2098540,16676.820,5318.045,0,6265.944,0,383.364,3933,6014,1.530,1.250,1.240,1,0,0,0,0,18,314,0,94,0
15-05 12:44:46,21.778,4.756,62.331,9.512,0,5629120,135568,167852,2099264,9242.952,540.699,0,2999.879,0,362.469,7678,12251,1.530,1.250,1.240,0,1,0,0,0,18,314,0,94,0
15-05 12:44:47,20.492,4.248,64.224,8.747,0.250,5629024,135316,168004,2099460,3849.467,539.785,0,2495.006,0,218.913,7017,10937,1.490,1.240,1.240,1,0,1.000,0,0,18,314,0,95,0
15-05 12:44:48,15.002,3.250,59.258,20.753,0,5628308,135584,168148,2099764,4444.624,722.101,0,5700.801,0,658.092,5219,7751,1.490,1.240,1.240,1,0,0,0,0,18,314,0,97,0
15-05 12:44:49,5.751,1.000,90.519,1.500,0,5628556,135332,168204,2099712,12407.569,3166.656,0,1216.252,0,104.022,2278,3295,1.490,1.240,1.240,1,0,0,0,0,18,314,0,97,0
15-05 12:44:50,8.992,2.248,79.428,6.744,0,5628876,134828,168264,2099836,10556.374,3302.988,0,2014.163,0,216.802,3674,5761,1.490,1.240,1.240,0,0,0,0,0,18,313,0,87,0
15-05 12:44:51,12.238,2.498,80.924,3.497,0,5629484,134072,168368,2099880,11522.166,3303.893,3.996,1998.121,0.999,207.805,3819,5559,1.490,1.240,1.240,0,0,0,0,0,18,313,0,89,0
15-05 12:44:52,5.987,2.245,77.327,12.223,0,5630140,133064,168496,2100104,6112.363,484.918,0,5475.783,0,349.221,2998,4637,1.610,1.270,1.250,0,1,0,0,0,18,314,0,89,0
15-05 12:44:53,7.770,1.504,80.704,7.770,0,5629988,133064,168568,2100184,11868.975,3313.368,0,2478.259,0,217.549,3227,4926,1.610,1.270,1.250,0,0,0,0,0,18,313,0,90,0
15-05 12:44:54,13.998,2.250,78.487,3.999,0,5629884,132812,168612,2100496,12747.959,4737.242,0,1139.818,0,108.983,3875,5167,1.610,1.270,1.250,1,0,0,0,0,18,314,0,84,0
15-05 12:44:55,12.257,1.001,81.295,4.252,0.250,5630424,132056,168660,2100664,24245.565,9839.505,0,960.537,0,84.047,3075,3944,1.610,1.270,1.250,0,0,0,0,0,18,314,0,85,0
15-05 12:44:56,8.512,1.001,85.871,2.504,0,5630316,132056,168696,2100736,24589.739,10050.198,0,989.398,0,92.130,2595,3557,1.610,1.270,1.250,1,1,0,0,0,18,314,0,85,0
15-05 12:44:57,8.236,1.747,84.361,3.993,0,5630740,131552,168752,2100760,14964.429,4927.908,0,1229.980,0,124.795,3041,4477,1.480,1.250,1.250,0,0,0.998,0,0,18,314,0,85,0
15-05 12:44:58,12.246,1.250,82.971,1.749,0,5630620,131552,168812,2100820,30838.159,12188.715,0,1387.512,0,146.948,3423,4694,1.480,1.250,1.250,1,0,0,0,0,18,316,0,81,0
15-05 12:44:59,17.781,3.256,73.128,3.506,0,5630916,131048,168892,2100948,26666.751,8233.435,0,2055.604,0,240.422,6137,9401,1.480,1.250,1.250,0,1,0,0,0,18,316,0,81,0
15-05 12:45:00,20.239,3.998,58.467,15.991,0,5630980,130544,169080,2101200,5940.636,539.694,0,8135.393,0,617.650,7585,12965,1.480,1.250,1.250,2,1,0,0,0,18,316,0,81,0
15-05 12:45:01,22.010,4.502,64.779,6.753,0.500,5633204,127776,169192,2101632,7543.347,540.240,136.060,3113.381,9.004,292.130,7818,11979,1.480,1.250,1.250,2,0,3.001,0,0,18,316,0,85,0
15-05 12:45:02,22.752,4.000,64.257,7.251,0.250,5632812,127776,169328,2101888,7183.780,486.053,0,2564.278,0,287.031,7689,11423,1.440,1.240,1.240,1,1,0,0,0,18,316,0,85,0
15-05 12:45:03,17.220,4.991,61.394,14.225,0,5632844,127272,169484,2102204,6294.130,539.069,0,3186.497,0,357.383,6912,10919,1.440,1.240,1.240,0,1,0,0,0,18,316,0,85,0
15-05 12:45:04,12.754,3.001,54.765,26.257,0,5631504,128388,169544,2102368,8637.402,540.150,0,10959.048,0,1138.317,5884,8272,1.440,1.240,1.240,1,0,0,0,0,18,316,0,85,0
15-05 12:45:05,21.505,4.501,68.266,3.501,0,5633420,126256,169620,2102508,8807.076,3089.728,0,1812.427,0,210.050,7150,10838,1.440,1.240,1.240,1,0,0,0,0,18,316,0,88,0
15-05 12:45:06,4.748,1.250,84.220,8.747,0,5633148,126256,169640,2102760,6299.768,713.747,0,1663.411,0,119.958,2163,3280,1.440,1.240,1.240,2,1,0,0,0,18,316,0,81,0
15-05 12:45:07,4.996,1.499,86.176,5.245,0,5633800,125504,169672,2102828,11972.706,3201.248,0,1210.959,0,118.898,2370,3522,1.410,1.240,1.240,0,0,0.999,0,0,18,315,0,82,0
15-05 12:45:08,10.246,2.999,82.218,3.499,0.250,5635564,123740,169708,2102792,10255.011,3201.755,0,1247.515,0,143.944,3692,5294,1.410,1.240,1.240,0,0,5.998,0,0,18,315,0,83,0
15-05 12:45:09,6.987,1.497,77.605,11.728,0,5635972,123012,169732,2103088,13518.756,2691.973,0,4667.285,0,475.113,2933,3723,1.410,1.240,1.240,0,0,0,0,0,18,315,0,83,0
15-05 12:45:10,8.281,2.258,85.319,2.760,0,5635960,123012,169764,2103068,11110.487,3216.009,0,1152.303,0,138.517,3366,4964,1.410,1.240,1.240,0,0,0,0,0,18,315,0,79,0
15-05 12:45:11,9.999,4.000,76.243,7.999,0,5636284,154324,168560,2072592,7375.303,2750.740,0,5735.458,0,343.968,4063,17597,1.410,1.240,1.240,1,0,35.997,0,0,18,315,0,80,0
15-05 12:45:12,3.495,0.998,88.614,4.493,0,5636396,154160,168588,2072752,7546.450,539.175,0,1230.117,0,85.869,2080,3207,1.290,1.220,1.240,1,0,0,0,0,18,316,0,80,0
15-05 12:45:13,6.991,0.999,88.631,1.498,0,5636448,153936,168628,2072884,10785.578,3265.633,0,1066.574,0,128.828,2702,4108,1.290,1.220,1.240,0,0,0,0,0,18,315,0,81,0
15-05 12:45:14,8.016,1.753,82.663,6.012,0,5636312,153936,168668,2072980,10997.629,2756.421,0,1138.239,0,127.250,2891,4149,1.290,1.220,1.240,0,0,0,0,0,18,315,0,73,0
15-05 12:45:15,9.005,2.001,78.794,8.005,0.750,5636236,153936,168716,2073008,12751.176,3150.773,0,1184.667,0,130.073,3271,4728,1.290,1.220,1.240,0,0,0,0,0,18,315,0,73,0
15-05 12:45:16,7.249,1.750,87.235,2.500,0,5634420,155660,168736,2073080,11852.904,2750.514,0,967.829,0,92.984,2740,3861,1.290,1.220,1.240,0,1,1.000,0,0,18,315,0,73,0
15-05 12:45:17,7.255,1.751,86.304,2.752,0,5637168,152664,168768,2073296,7640.751,540.336,0,1164.724,0,95.059,3025,4161,1.270,1.210,1.230,3,0,6.004,0,0,18,316,0,74,0
15-05 12:45:18,8.495,2.249,82.455,4.997,0,5637028,152712,168824,2073400,7293.012,2749.496,0,1347.263,0,139.923,3357,4985,1.270,1.210,1.230,0,0,1.999,0,0,18,315,0,66,0
15-05 12:45:19,10.251,1.750,82.010,4.751,0,5637028,152712,168876,2073348,10540.234,4738.555,0,1164.136,0,128.015,3037,4351,1.270,1.210,1.230,0,1,0,0,0,18,316,0,66,0
15-05 12:45:20,11.003,2.501,60.269,23.757,0,5637224,152264,168960,2073516,24298.620,7547.367,32.010,8294.601,1.000,820.257,4564,6537,1.270,1.210,1.230,1,2,0,0,0,18,316,0,66,0
15-05 12:45:21,18.751,4.500,61.002,12.750,0,5637408,152012,169088,2073456,6141.194,540.017,0,4212.133,0,389.012,6641,10602,1.270,1.210,1.230,0,1,1.000,0,0,18,316,0,66,0
15-05 12:45:22,20.989,4.248,66.216,6.497,0.250,5637800,151004,169128,2074032,7277.280,485.752,0,1891.033,0,223.886,7497,11478,1.250,1.210,1.230,1,0,0,0,0,18,316,0,62,0
15-05 12:45:23,14.758,4.002,73.792,6.254,0,5637652,151004,169168,2074140,6421.625,540.305,16.009,2013.136,1.001,212.120,5322,8062,1.250,1.210,1.230,0,0,0,0,0,18,315,0,63,0
15-05 12:45:24,9.009,1.501,81.828,5.255,0,5637820,150752,169204,2074188,7446.072,486.462,0,1969.871,0,162.154,3188,4546,1.250,1.210,1.230,1,0,0,0,0,18,316,0,63,0
15-05 12:45:25,4.995,1.998,88.163,3.996,0,5637764,150500,169272,2074428,7571.492,539.465,0,1826.189,0,192.809,2538,4230,1.250,1.210,1.230,0,0,0,0,0,18,315,0,64,0
15-05 12:45:26,17.009,3.502,70.537,6.754,0.250,5637788,150248,169420,2074508,4378.281,486.253,0,2297.197,0,230.120,5835,8920,1.250,1.210,1.230,2,0,0,0,0,18,316,0,66,0
15-05 12:45:27,16.255,4.001,58.266,19.255,0,5637480,149996,169664,2074824,5100.417,540.150,0,7145.986,0,563.156,6529,10731,1.390,1.240,1.240,4,1,1.000,0,0,18,316,0,59,0
15-05 12:45:28,21.757,4.001,62.270,9.753,0.250,5638624,148484,169792,2075064,10798.504,1930.626,0,3765.222,0,283.092,7650,11728,1.390,1.240,1.240,2,0,0,0,0,18,317,0,60,0
15-05 12:45:29,21.750,3.500,62.500,10.250,0,5639324,147688,169868,2075084,30130.218,8220.060,0,1384.010,0,160.001,6362,9029,1.390,1.240,1.240,0,1,2.000,0,0,18,316,0,61,0
15-05 12:45:30,21.239,4.498,63.468,8.246,0.250,5638744,147688,170028,2075504,9940.929,539.725,0,2530.709,0,304.844,7460,11455,1.390,1.240,1.240,1,0,0,0,0,18,316,0,62,0
15-05 12:45:31,17.497,5.999,61.739,12.998,0,5638316,140556,170124,2082968,7924.627,485.916,0,5287.084,0,616.893,6672,9150,1.390,1.240,1.240,0,2,2.000,0,0,18,316,0,58,0
15-05 12:45:32,8.500,3.000,65.752,21.501,0,5637544,141108,170208,2083104,7574.234,540.017,0,9108.282,0,778.024,4519,6758,1.360,1.240,1.240,1,0,0,0,0,18,316,0,58,0
15-05 12:45:33,18.686,3.986,61.790,12.208,0.249,5637624,140856,170304,2083180,7222.448,484.353,3.986,2798.487,0.997,367.750,6825,10799,1.360,1.240,1.240,4,1,0,0,0,18,316,0,58,0
15-05 12:45:34,21.848,4.269,66.549,6.027,0,5638400,139600,170380,2083584,7118.938,542.434,0,2197.860,0,237.064,7811,11902,1.360,1.240,1.240,1,1,0,0,0,18,316,0,59,0
15-05 12:45:35,24.207,3.743,64.385,5.989,0,5631436,146128,170520,2083880,27101.490,9514.969,15.971,3984.867,0.998,326.416,7673,11905,1.360,1.240,1.240,0,2,0.998,0,0,18,316,0,53,0
15-05 12:45:36,19.500,4.500,62.750,10.500,0,5631260,145956,170672,2084076,7079.946,539.996,0,3511.973,0,396.997,7098,11315,1.360,1.240,1.240,1,0,0,0,0,18,316,0,54,0
15-05 12:45:37,18.507,3.001,58.773,16.506,0,5629120,147808,170800,2084236,3033.185,486.190,0,7134.788,0,491.192,6566,10464,1.570,1.280,1.260,1,1,0,0,0,18,316,0,55,0
15-05 12:45:38,22.231,4.246,62.947,8.743,0,5629976,146576,170892,2084520,10005.512,539.542,0,3053.410,0,254.784,7594,11705,1.570,1.280,1.260,1,2,0.999,0,0,18,316,0,55,0
15-05 12:45:39,14.007,3.001,69.284,11.506,0.250,5630292,145820,170968,2084884,10426.056,3214.559,0,1728.838,0,205.099,4549,6940,1.570,1.280,1.260,0,0,1.000,0,0,18,317,0,48,0
15-05 12:45:40,8.502,2.001,85.021,3.751,0,5630176,145820,171040,2084928,13124.294,2751.691,0,1284.322,0,112.028,2982,4159,1.570,1.280,1.260,1,2,0,0,0,18,317,0,48,0
15-05 12:45:41,10.205,1.991,76.910,8.214,0,5630908,144812,171084,2085160,27966.271,9752.851,0,1365.957,0,142.370,3337,4517,1.570,1.280,1.260,3,0,0,0,0,18,317,0,48,0
15-05 12:45:42,6.276,1.004,83.095,7.531,0,5630840,144812,171100,2085212,8432.037,3415.191,0,1405.842,0,129.538,2617,4095,1.440,1.260,1.250,0,0,0,0,0,18,317,0,49,0
15-05 12:45:43,9.765,1.753,77.117,9.765,0,5630796,144812,171132,2085224,7798.844,486.739,16.024,2083.164,1.002,169.257,3667,5280,1.440,1.260,1.250,0,0,0,0,0,18,318,0,47,0
15-05 12:45:44,9.983,1.997,79.361,6.738,0.250,5630916,144560,171180,2085308,10045.454,2746.203,0,1685.057,0,170.702,3500,5013,1.440,1.260,1.250,2,0,0,0,0,18,317,0,47,0
15-05 12:45:45,12.269,2.504,74.366,9.765,0.250,5631332,144056,171300,2085276,21156.051,9306.539,0,6329.889,0,459.718,3978,6387,1.440,1.260,1.250,2,0,0,0,0,18,319,0,47,0
15-05 12:45:46,19.724,4.494,61.918,11.235,0,5630908,144056,171400,2085600,9015.030,778.966,0,10006.713,0,277.631,7661,11707,1.440,1.260,1.250,1,0,0,0,0,18,318,0,48,0
15-05 12:45:47,23.510,5.002,60.777,9.004,0,5630996,143552,171548,2085868,6949.068,540.238,32.014,3601.590,1.000,429.189,8153,13049,1.410,1.260,1.250,1,0,0,0,0,18,318,0,44,0
15-05 12:45:48,21.234,4.247,66.450,5.746,0,5631892,142292,171580,2086200,8680.470,527.603,0,2162.373,0,174.868,7617,11397,1.410,1.260,1.250,1,0,0.999,0,0,18,319,0,45,0
15-05 12:45:49,10.258,2.752,76.059,9.507,0,5631960,142040,171664,2086300,10359.999,3274.528,0,3134.420,0,262.202,4027,6200,1.410,1.260,1.250,0,1,0,0,0,18,317,0,46,0
15-05 12:45:50,15.244,3.499,66.974,11.496,0.250,5633396,140276,171800,2086492,12023.371,2522.029,59.977,6245.596,3.998,425.836,5496,8354,1.410,1.260,1.250,0,0,0,0,0,18,318,0,46,0
15-05 12:45:51,9.236,1.248,81.879,6.241,0,5634472,139044,171844,2086604,28664.532,9823.446,0,4649.112,0,366.457,2797,3584,1.410,1.260,1.250,0,1,0,0,0,18,318,0,41,0
15-05 12:45:52,19.792,4.509,61.880,12.276,0.251,5634440,138792,171972,2086760,7389.546,541.138,0,3924.256,0,389.820,7440,11872,1.700,1.320,1.270,1,0,0,0,0,18,318,0,41,0
15-05 12:45:53,23.256,4.001,66.518,4.001,0,5634884,137784,172060,2087236,8884.376,486.130,0,2756.737,0,286.077,8325,12850,1.700,1.320,1.270,1,1,0,0,0,18,317,0,41,1
15-05 12:45:54,17.734,4.246,68.686,6.744,0,5635876,136780,172104,2087204,12575.310,3265.964,0,2417.753,0,231.785,6089,9159,1.700,1.320,1.270,3,0,0,0,0,18,317,0,42,0
15-05 12:45:55,8.495,1.749,83.197,5.497,0,5636352,135772,172132,2087708,4153.371,625.604,0,1559.013,0,132.916,2845,4280,1.700,1.320,1.270,3,0,0,0,0,18,318,0,41,0
15-05 12:45:56,12.272,1.002,77.887,7.012,0,5636344,135772,172168,2087680,57184.662,23126.710,0,5289.311,0,299.527,2758,3505,1.700,1.320,1.270,2,0,0,0,0,18,318,0,41,0
15-05 12:45:57,6.240,1.248,87.113,3.994,0,5636264,135772,172184,2087744,16568.860,7591.024,0,794.746,0,73.883,1997,2997,1.800,1.350,1.280,0,0,0,0,0,18,318,0,41,0
15-05 12:45:58,16.758,1.501,75.787,4.752,0,5636292,135520,172192,2087960,49385.836,21578.415,0,872.421,0,75.036,3304,4213,1.800,1.350,1.280,2,0,1.000,0,0,18,318,0,41,0
15-05 12:45:59,8.238,1.248,88.869,0.749,0,5636288,135520,172196,2087960,35481.696,12798.134,0,623.082,0,41.938,1931,2351,1.800,1.350,1.280,0,1,0,0,0,18,318,0,39,0
15-05 12:46:00,14.740,1.999,78.447,2.498,0,5637388,134008,172236,2088332,37538.747,16137.144,0,1403.056,0,165.888,4096,5678,1.800,1.350,1.280,0,0,0,0,0,18,319,0,40,0
15-05 12:46:01,13.027,1.754,73.901,9.519,0.251,5637440,133784,172264,2088476,27561.234,7921.162,0,2212.514,0,209.427,4395,6282,1.800,1.350,1.280,0,2,0,0,0,18,318,0,41,0
15-05 12:46:02,17.762,4.253,59.790,15.260,0,5637408,133532,172348,2088676,9145.114,486.325,0,5467.655,0,580.388,7233,10955,1.820,1.360,1.280,2,0,0,0,0,18,318,0,42,0
15-05 12:46:03,22.744,4.249,64.234,7.998,0.250,5638476,132268,172396,2088824,7839.029,539.864,0,2807.294,0,288.927,7332,10870,1.820,1.360,1.280,2,0,0,0,0,18,318,0,36,0
15-05 12:46:04,18.741,4.248,64.219,10.745,0,5639536,131008,172480,2088940,13830.274,539.738,0,5733.212,0,429.791,6116,9373,1.820,1.360,1.280,2,4,0,0,0,18,318,0,37,0
15-05 12:46:05,4.747,0.750,87.447,5.247,0,5639240,131008,172512,2089204,7991.154,3227.043,0,3445.910,0,135.918,2155,3335,1.820,1.360,1.280,0,0,0,0,0,18,317,0,37,0
15-05 12:46:06,12.253,1.750,80.268,4.751,0.250,5639400,130756,172568,2089240,23049.219,9720.201,0,1144.259,0,113.026,3268,4412,1.820,1.360,1.280,0,0,0,0,0,18,317,0,37,0
15-05 12:46:07,10.010,1.251,79.082,7.508,0,5639344,130756,172612,2089252,15838.393,4758.925,0,3547.672,0,393.407,3259,4078,1.750,1.350,1.280,0,0,0,0,0,18,318,0,37,0
15-05 12:46:08,17.498,3.500,72.491,5.749,0,5640500,129244,172656,2089564,25987.648,7738.002,0,1503.806,0,152.980,5160,7369,1.750,1.350,1.280,0,1,6.999,0,0,18,318,0,34,0
15-05 12:46:09,18.522,3.754,60.071,15.018,0.250,5640452,129244,172772,2089496,10918.888,486.574,0,3788.472,0,395.467,7074,11008,1.750,1.350,1.280,1,1,0,0,0,18,318,0,35,0
15-05 12:46:10,21.477,3.746,63.683,7.992,0,5641228,127984,172804,2089948,12733.611,539.433,0,2741.118,0,242.745,7537,11537,1.750,1.350,1.280,1,0,0,0,0,18,319,0,35,0
15-05 12:46:11,14.243,3.998,66.718,13.244,0,5645384,123448,172868,2090264,13867.406,3211.473,0,6484.916,0,448.787,5085,8002,1.750,1.350,1.280,1,1,10.995,0,0,18,317,0,36,0
15-05 12:46:12,13.747,4.749,76.232,3.749,0,5660652,163624,170900,2037216,15447.437,4802.892,0,1659.617,0,135.969,4360,11399,1.770,1.360,1.280,0,0,24.994,0,0,18,318,0,36,0
15-05 12:46:13,11.496,2.249,78.972,4.998,0,5653316,170960,170964,2037152,25310.174,7728.305,0,1163.594,0,106.963,3886,5639,1.770,1.360,1.280,1,0,0,0,0,18,319,0,36,0
15-05 12:46:14,19.037,4.509,60.869,13.777,0,5653164,170736,171088,2037404,5463.717,541.061,0,3330.532,0,364.715,6896,10992,1.770,1.360,1.280,3,1,0,0,0,18,318,0,36,0
15-05 12:46:15,20.479,4.246,65.933,7.243,0,5653376,170260,171180,2037576,22338.409,539.454,0,2509.462,0,258.738,7284,11266,1.770,1.360,1.280,1,0,0,0,0,18,318,0,36,0
15-05 12:46:16,20.767,4.504,61.800,11.009,0.500,5649488,173652,171288,2037964,5309.264,486.391,0,2578.070,0,274.220,7477,11465,1.770,1.360,1.280,0,2,0,0,0,18,318,0,37,0
15-05 12:46:17,19.481,4.246,62.440,11.239,0,5649972,173160,171424,2037836,7098.207,539.484,0,2965.162,0,312.701,7433,11425,1.710,1.360,1.280,1,0,0.999,0,0,18,318,0,39,0
15-05 12:46:18,19.267,5.004,58.050,16.514,0,5651116,171396,171592,2038288,5692.920,540.467,48.042,6333.474,1.001,453.392,7092,11445,1.710,1.360,1.280,0,1,4.003,0,0,18,318,0,39,0
15-05 12:46:19,14.248,2.750,71.240,8.999,0.250,5651144,171144,171692,2038412,15165.900,3278.546,0,4255.411,0,292.959,4781,7147,1.710,1.360,1.280,2,0,2.000,0,0,18,317,0,42,0
15-05 12:46:20,8.238,1.248,83.130,5.742,0,5651204,170892,171760,2038536,12137.519,3160.448,0,1465.889,0,160.768,3149,4866,1.710,1.360,1.280,0,0,0,0,0,18,317,0,41,0
15-05 12:46:21,9.265,2.254,84.641,3.255,0,5651140,170640,171804,2038808,10831.049,2887.812,0,1141.903,0,99.165,2956,4391,1.710,1.360,1.280,1,1,0,0,0,18,317,0,42,0
15-05 12:46:22,5.994,0.749,84.660,6.493,0,5651008,170640,171848,2038896,8395.073,539.426,0,1446.462,0,139.851,2471,3787,1.570,1.330,1.280,3,0,0,0,0,18,319,0,42,0
15-05 12:46:23,8.995,1.249,79.959,8.496,0,5650996,170640,171888,2038868,31792.728,11934.891,0,5545.162,0,322.835,2750,3533,1.570,1.330,1.280,0,0,0,0,0,18,317,0,42,0
15-05 12:46:24,21.258,3.751,64.775,8.503,0,5650612,170640,171964,2039176,8294.176,540.207,0,3017.155,0,344.132,7411,11642,1.570,1.330,1.280,3,0,1.000,0,0,18,318,0,40,0
15-05 12:46:25,17.765,4.003,57.550,18.016,0,5651104,170136,172100,2039052,7582.526,486.419,0,7474.433,0,546.470,6634,10704,1.570,1.330,1.280,1,2,0,0,0,18,318,0,40,0
15-05 12:46:26,21.485,4.747,67.702,3.747,0.250,5651628,168876,172176,2039712,7760.458,539.615,0,2278.373,0,213.847,7624,12046,1.570,1.330,1.280,1,0,0,0,0,18,319,0,42,0
15-05 12:46:27,13.237,3.247,72.676,9.241,0,5651516,168876,172232,2039768,11920.881,3253.692,15.984,1997.969,0.999,213.783,4842,7164,1.450,1.310,1.270,0,0,0,0,0,18,317,0,44,0
15-05 12:46:28,12.024,1.253,82.917,2.505,0.251,5651640,168624,172264,2039864,11509.203,4273.616,0,1198.416,0,105.212,3004,3988,1.450,1.310,1.270,5,0,1.002,0,0,18,318,0,40,0
15-05 12:46:29,14.746,1.999,69.980,10.997,0,5652768,167448,172292,2039884,41377.214,17249.087,0,4706.659,0,432.877,4379,5612,1.450,1.310,1.270,3,1,1.999,0,0,18,318,0,40,0
15-05 12:46:30,20.481,4.745,62.940,8.991,0,5651832,168012,172384,2040164,7830.558,539.487,31.970,3340.825,0.999,364.653,8218,13413,1.450,1.310,1.270,0,1,0,0,0,18,318,0,42,0
15-05 12:46:31,15.748,3.999,57.741,20.747,0,5651692,168012,172472,2040216,8049.746,485.924,0,7454.839,0,556.913,6259,10087,1.450,1.310,1.270,0,1,0,0,0,18,318,0,42,0
15-05 12:46:32,21.490,4.498,66.219,6.497,0.250,5652336,166752,172508,2040796,3784.222,539.746,0,2430.858,0,221.896,7477,11238,1.730,1.370,1.290,0,1,0,0,0,18,318,0,38,0
15-05 12:46:33,18.506,3.501,68.772,7.002,0,5652968,165996,172544,2040884,14745.800,3124.017,0,1876.611,0,202.066,6335,9117,1.730,1.370,1.290,1,0,0,0,0,18,318,0,41,0
15-05 12:46:34,7.766,1.253,82.416,7.014,0.251,5652720,166104,172584,2040984,6383.884,715.444,0,1992.020,0,211.427,2874,4358,1.730,1.370,1.290,2,0,0,0,0,18,318,0,41,0
15-05 12:46:35,10.728,0.998,81.579,5.239,0,5652544,166104,172596,2041148,60021.391,18736.789,0,1261.360,0,87.816,2700,3125,1.730,1.370,1.290,0,0,0,0,0,18,317,0,41,0
15-05 12:46:36,11.757,1.751,80.795,3.752,0,5652964,165640,172620,2041168,29155.348,11695.558,0,2841.593,0,124.070,3239,4210,1.730,1.370,1.290,0,0,0,0,0,18,318,0,39,0
15-05 12:46:37,19.190,3.240,67.041,7.477,0,5653508,164884,172668,2041332,5029.341,723.747,15.950,2037.656,0.997,213.336,6149,8758,1.670,1.370,1.290,0,4,0,0,0,18,318,0,41,0
15-05 12:46:38,17.302,4.012,60.684,17.052,0,5653496,164632,172716,2041548,7631.092,541.639,0,5829.641,0,429.299,6017,9518,1.670,1.370,1.290,1,1,1.003,0,0,18,318,0,42,0
15-05 12:46:39,15.756,3.501,55.019,22.758,0,5653392,164408,172808,2041784,7270.543,486.170,0,8070.823,0,655.229,6183,9378,1.670,1.370,1.290,1,1,0,0,0,18,318,0,43,0
15-05 12:46:40,22.019,4.003,65.805,6.255,0,5654156,163400,172876,2041960,7392.211,486.409,0,2369.991,0,229.193,7983,12308,1.670,1.370,1.290,4,0,1.001,0,0,18,318,0,40,0
15-05 12:46:41,20.227,3.246,65.926,8.740,0,5654900,162392,172924,2042176,5368.004,485.458,0,2005.760,0,221.752,6329,9940,1.670,1.370,1.290,0,1,0.999,0,0,18,318,0,40,0
15-05 12:46:42,13.022,4.257,61.355,18.782,0.250,5654792,162392,172980,2042228,7091.192,486.837,0,6463.112,0,489.842,5643,8927,1.780,1.390,1.300,1,2,0,0,0,18,318,0,40,0
15-05 12:46:43,21.461,3.743,62.886,9.982,0.499,5655620,161132,173016,2042624,5583.899,485.122,0,3202.208,0,304.449,7288,11826,1.780,1.390,1.300,1,1,0,0,0,18,318,0,40,0
15-05 12:46:44,21.971,3.995,66.913,4.244,0,5656548,159872,173052,2042920,3838.018,485.370,0,1861.583,0,183.761,7440,11278,1.780,1.390,1.300,0,2,0,0,0,18,318,0,41,0
15-05 12:46:45,19.516,4.504,61.051,14.262,0,5656248,159872,173152,2043120,5521.568,486.402,0,2834.345,0,332.275,6765,10587,1.780,1.390,1.300,1,0,0,0,0,18,318,0,41,0
15-05 12:46:46,20.206,3.742,64.361,8.232,0,5656140,159620,173180,2043452,7437.928,431.069,0,2035.601,0,194.580,6864,10642,1.780,1.390,1.300,2,1,0,0,0,18,318,0,44,0
15-05 12:46:47,21.844,4.268,65.783,6.779,0,5656228,159368,173256,2043540,6791.261,488.103,0,2366.195,0,230.995,6979,10367,1.800,1.400,1.300,0,1,0,0,0,18,318,0,47,0
15-05 12:46:48,17.191,3.737,58.050,17.689,0,5656240,159116,173356,2043680,7778.264,526.191,0,5720.338,0,480.349,6746,10728,1.800,1.400,1.300,1,0,0.997,0,0,18,318,0,44,0
15-05 12:46:49,21.550,4.761,65.904,6.014,0.251,5657484,157352,173384,2044172,5682.264,487.137,0,4658.875,0,350.819,7870,12245,1.800,1.400,1.300,4,1,0,0,0,18,319,0,45,0
15-05 12:46:50,11.744,2.499,78.459,5.497,0,5657392,157352,173420,2044228,11849.773,3212.312,0,2770.544,0,214.887,4239,6519,1.800,1.400,1.300,0,0,0,0,0,18,317,0,47,0
15-05 12:46:51,12.005,2.501,80.287,4.002,0,5657100,156848,173452,2044992,9963.544,3214.466,0,1364.622,0,129.059,3399,5121,1.800,1.400,1.300,1,1,0,0,0,18,317,0,48,0
15-05 12:46:52,8.002,1.250,84.523,4.251,0,5657024,156596,173460,2045312,3617.986,486.132,16.004,1280.349,1.000,139.038,2882,4395,1.730,1.400,1.300,6,0,0,0,0,18,318,0,49,0
15-05 12:46:53,4.994,1.498,88.395,4.744,0,5657080,156344,173472,2045496,10555.494,3341.042,0,1066.736,0,101.879,2154,3424,1.730,1.400,1.300,0,0,0,0,0,18,317,0,48,0
15-05 12:46:54,12.497,2.749,74.983,7.998,0,5657420,155840,173496,2045636,12689.084,3085.291,0,1619.628,0,168.961,4055,5878,1.730,1.400,1.300,0,0,0,0,0,18,317,0,49,0
15-05 12:46:55,11.500,2.000,76.498,8.250,0,5658400,154860,173528,2045604,15438.512,4907.845,0,5539.825,0,343.989,3455,4527,1.730,1.400,1.300,4,1,0,0,0,18,317,0,49,0
15-05 12:46:56,13.521,2.003,69.359,12.770,0.250,5655148,157796,173556,2045892,47532.363,19214.060,0,6149.621,0,409.641,3921,5680,1.730,1.400,1.300,3,1,0,0,0,18,318,0,49,0
15-05 12:46:57,5.994,1.249,87.410,4.246,0,5655620,157292,173568,2045912,13928.688,4679.192,0,927.047,0,87.910,2340,3617,1.590,1.370,1.290,0,0,0,0,0,18,318,0,49,0
15-05 12:46:58,11.746,1.999,81.223,2.749,0,5655284,157608,173580,2045920,32281.308,11739.112,0,1283.575,0,135.955,3342,4625,1.590,1.370,1.290,0,0,1.000,0,0,18,318,0,50,0
15-05 12:46:59,21.762,3.252,66.037,7.504,0,5655368,157236,173632,2046156,25025.886,7643.241,0,2257.252,0,251.139,6344,9635,1.590,1.370,1.290,4,0,0,0,0,18,318,0,51,0
15-05 12:47:00,19.270,4.254,61.313,12.763,0.250,5655264,157016,173672,2046440,5423.585,486.501,0,5970.148,0,587.605,7381,10911,1.590,1.370,1.290,1,0,0,0,0,18,318,0,52,0
15-05 12:47:01,22.227,4.495,65.182,5.744,0,5657072,155028,173744,2046548,8083.551,485.493,0,2956.909,0,322.663,7832,12327,1.590,1.370,1.290,2,0,0,0,0,18,318,0,51,0
15-05 12:47:02,18.011,4.503,62.288,12.758,0.250,5657924,153796,173792,2046880,6596.975,486.293,16.010,7888.753,1.001,441.266,6165,9999,1.790,1.420,1.310,1,2,0,0,0,18,318,0,51,0
15-05 12:47:03,20.474,3.745,64.418,8.739,0,5657756,153680,173832,2047124,4041.876,539.316,0,3203.939,0,284.639,6897,10966,1.790,1.420,1.310,1,0,0,0,0,18,318,0,53,0
15-05 12:47:04,9.998,2.000,79.733,6.999,0.250,5657876,153428,173884,2047204,11165.638,3213.320,0,2611.448,0,255.946,3870,5905,1.790,1.420,1.310,0,0,0,0,0,18,317,0,54,0
15-05 12:47:05,8.246,1.499,80.959,7.996,0,5657984,153204,173928,2047276,9909.011,3152.413,0,2110.937,0,224.887,3066,4562,1.790,1.420,1.310,0,0,0,0,0,18,317,0,50,0
15-05 12:47:06,10.519,2.004,77.392,8.265,0,5658108,152952,173976,2047356,7585.881,486.891,0,1851.388,0,173.317,3664,5280,1.790,1.420,1.310,3,0,0,0,0,18,317,0,51,0
15-05 12:47:07,5.741,0.998,87.866,4.244,0,5657900,152952,174040,2047500,9977.822,2692.904,0,1409.855,0,118.819,2207,3424,1.640,1.390,1.300,0,0,0,0,0,18,317,0,51,0
15-05 12:47:08,12.514,2.753,78.586,5.005,0,5659564,151204,174064,2047560,29238.901,11954.043,0,1585.730,0,142.155,3470,4413,1.640,1.390,1.300,0,0,7.008,0,0,18,317,0,52,0
15-05 12:47:09,15.960,3.741,68.078,9.725,0.249,5659060,151520,174156,2047656,8398.841,484.779,0,2509.677,0,275.306,6081,9570,1.640,1.390,1.300,4,0,0,0,0,18,318,0,50,0
15-05 12:47:10,20.822,4.766,60.459,11.791,0,5659264,151016,174264,2047848,6027.819,487.684,0,6534.569,0,448.549,7619,11565,1.640,1.390,1.300,1,2,0,0,0,18,318,0,51,0
15-05 12:47:11,17.240,3.498,62.465,14.242,0,5659592,150288,174360,2048152,5317.020,485.728,0,7627.725,0,645.638,6787,10283,1.640,1.390,1.300,2,0,0,0,0,18,318,0,52,0
15-05 12:47:12,24.741,6.747,62.477,4.498,0,5670528,165836,173668,2022860,13216.058,3032.866,0,2263.154,0,242.909,7731,22782,1.670,1.400,1.300,0,0,35.987,0,0,18,318,0,55,0
15-05 12:47:13,7.494,2.498,85.678,3.997,0,5671356,164776,173692,2022976,6018.954,799.330,0,1666.603,0,139.883,2675,3974,1.670,1.400,1.300,1,0,0.999,0,0,18,318,0,52,0
15-05 12:47:14,8.510,1.502,83.851,4.005,0,5671160,164860,173732,2023048,31121.569,11881.343,0,1818.195,0,144.174,2701,3735,1.670,1.400,1.300,3,0,0,0,0,18,318,0,52,0
15-05 12:47:15,17.461,4.240,58.369,17.710,0,5671064,164860,173804,2023072,6866.585,484.911,0,5072.613,0,390.124,6506,10281,1.670,1.400,1.300,8,0,0,0,0,18,318,0,52,0
15-05 12:47:16,19.770,4.505,61.563,12.263,0,5663652,171816,173868,2023464,4156.246,486.497,0,5701.825,0,474.485,7306,11745,1.670,1.400,1.300,0,1,0,0,0,18,318,0,52,0
15-05 12:47:17,15.759,3.752,70.039,8.505,0,5664096,170940,173944,2023820,11677.438,3210.770,0,2081.147,0,207.114,5341,7818,1.540,1.380,1.290,1,0,1.001,0,0,18,317,0,51,0
15-05 12:47:18,9.259,2.502,82.327,4.754,0,5664832,170064,173988,2023916,10820.092,3285.064,0,1657.546,0,185.173,3459,5254,1.540,1.380,1.290,0,1,4.004,0,0,18,317,0,51,0
15-05 12:47:19,8.505,1.751,84.048,3.502,0,5664656,170064,174028,2024052,8170.677,486.278,0,1424.816,0,137.078,3246,4699,1.540,1.380,1.290,1,0,2.001,0,0,18,317,0,53,0
15-05 12:47:20,3.744,1.497,89.101,4.492,0.250,5664576,170064,174048,2024112,14046.548,3144.750,0,1888.846,0,129.783,2335,3628,1.540,1.380,1.290,2,0,0.998,0,0,18,318,0,53,0
15-05 12:47:21,11.256,2.001,68.536,15.008,0.750,5664568,170064,174096,2024072,21974.689,6948.696,0,6715.572,0,489.260,4402,6963,1.540,1.380,1.290,0,0,0,0,0,18,318,0,48,0
15-05 12:47:22,5.747,1.249,87.702,3.998,0,5664428,170064,174108,2024200,10321.295,2645.538,0,911.496,0,94.948,2204,3290,1.410,1.360,1.290,0,0,0.999,0,0,18,318,0,48,0
15-05 12:47:23,15.508,2.501,73.036,7.003,0,5664504,169812,174160,2024324,25175.378,10274.052,0,1324.651,0,143.070,4211,5806,1.410,1.360,1.290,3,0,0,0,0,18,317,0,50,0
15-05 12:47:24,6.499,1.500,88.492,1.750,0,5664296,169812,174184,2024508,7828.324,3149.728,0,1091.906,0,125.989,2627,3884,1.410,1.360,1.290,1,0,0,0,0,18,317,0,50,0
15-05 12:47:25,7.261,2.504,84.884,5.008,0,5664504,169560,174204,2024532,8334.125,486.767,0,1137.792,0,110.174,2625,4014,1.410,1.360,1.290,1,1,0,0,0,18,317,0,48,0
15-05 12:47:26,5.487,1.247,88.536,2.993,0,5664656,169308,174228,2024608,14063.050,3110.491,0,1237.014,0,127.692,2377,3568,1.410,1.360,1.290,0,0,0,0,0,18,317,0,49,0
15-05 12:47:27,13.249,2.000,80.992,3.250,0,5665396,168552,174240,2024612,39422.113,14120.608,0,1095.892,0,99.990,2887,3457,1.380,1.350,1.290,2,0,0,0,0,18,319,0,49,0
15-05 12:47:28,4.752,0.500,91.794,1.000,0,5665452,168304,174240,2024804,18782.104,6630.214,0,580.281,0,35.017,1545,1805,1.380,1.350,1.290,0,0,1.000,0,0,18,319,0,49,0
15-05 12:47:29,10.256,1.001,84.047,3.002,0,5666456,167296,174240,2024808,45649.298,16834.329,0,604.335,0,41.023,2234,2441,1.380,1.350,1.290,1,0,2.001,0,0,18,320,0,45,0
15-05 12:47:30,6.747,1.249,87.464,2.999,0,5666400,167296,174256,2024848,19371.955,7962.693,0,999.585,0,92.961,2314,3237,1.380,1.350,1.290,0,0,0,0,0,18,318,0,45,0
15-05 12:47:31,4.995,1.249,89.404,1.998,0,5666376,167296,174256,2024872,10702.461,2698.091,0,1602.273,0,141.847,2441,3289,1.380,1.350,1.290,0,1,0,0,0,18,318,0,46,0
15-05 12:47:32,13.514,2.002,80.080,4.254,0,5666152,167296,174276,2025076,28578.607,11754.766,0,4856.862,0,409.410,3764,5043,1.350,1.350,1.280,0,0,0,0,0,18,318,0,47,0
15-05 12:47:33,13.006,2.251,77.788,5.503,0,5666152,167296,174288,2025064,25091.208,7680.737,0,2209.075,0,100.049,3684,5197,1.350,1.350,1.280,1,1,0,0,0,18,318,0,47,0
15-05 12:47:34,19.737,4.497,56.964,15.240,0,5666680,166288,174388,2025444,7733.094,485.692,0,8770.436,0,614.610,7496,11924,1.350,1.350,1.280,1,2,0.999,0,0,18,318,0,42,0
15-05 12:47:35,18.476,2.996,70.908,6.991,0.250,5666612,166288,174408,2025492,34573.109,12305.023,0,1781.687,0,204.734,4915,6919,1.350,1.350,1.280,0,0,0.999,0,0,18,317,0,44,0
15-05 12:47:36,13.514,2.252,80.085,2.252,0,5667000,165784,174420,2025596,8384.877,2525.674,0,1725.827,0,191.202,4132,6024,1.350,1.350,1.280,0,0,0,0,0,18,318,0,45,0
15-05 12:47:37,8.523,1.253,78.960,9.525,0.251,5667000,165560,174432,2025808,20023.356,5273.051,16.043,4159.083,1.003,444.184,2907,4100,1.240,1.320,1.280,2,0,0,0,0,18,319,0,45,0
15-05 12:47:38,23.920,3.737,65.032,5.232,0,5667504,164804,174444,2026048,15552.929,4916.539,0,2391.992,0,250.162,6485,9580,1.240,1.320,1.280,1,0,0.997,0,0,18,318,0,42,0
15-05 12:47:39,20.779,3.755,65.593,7.761,0.250,5667340,164804,174476,2026180,3291.651,486.688,0,2439.447,0,227.321,7075,10747,1.240,1.320,1.280,3,1,0,0,0,18,317,0,45,1
15-05 12:47:40,16.274,3.756,70.103,7.761,0,5667992,163796,174500,2026512,12666.604,3213.720,0,2587.801,0,267.393,6004,9080,1.240,1.320,1.280,0,1,0,0,0,18,317,0,47,0
15-05 12:47:41,9.252,2.250,77.764,8.752,0,5667784,163796,174524,2026696,5665.031,486.088,16.003,6489.181,1.000,422.077,4001,6328,1.240,1.320,1.280,1,0,0,0,0,18,318,0,47,0
15-05 12:47:42,10.720,1.994,76.288,9.474,0,5667912,163544,174528,2026816,6494.963,2516.013,0,1535.735,0,166.538,3812,5654,1.220,1.320,1.270,0,0,0,0,0,18,318,0,46,0
15-05 12:47:43,8.769,1.002,83.184,5.262,0.251,5667884,163544,174536,2026836,27943.728,9727.488,0,1126.488,0,91.201,2585,3538,1.220,1.320,1.270,1,0,0,0,0,18,318,0,46,0
15-05 12:47:44,9.985,1.997,80.878,5.741,0,5667596,163544,174560,2027100,11340.885,3205.163,0,1306.029,0,145.780,3320,4949,1.220,1.320,1.270,0,0,0,0,0,18,317,0,48,0
15-05 12:47:45,12.212,1.495,78.506,5.483,0,5667596,163544,174564,2027096,22482.155,7404.995,0,1479.404,0,147.542,3576,5074,1.220,1.320,1.270,0,0,0,0,0,18,318,0,50,0
15-05 12:47:46,13.813,3.516,77.353,4.270,0,5668164,162788,174576,2027272,16895.181,5064.134,0,1526.976,0,168.771,5180,7690,1.220,1.320,1.270,1,0,0,0,0,18,319,0,48,0
15-05 12:47:47,21.018,4.254,60.553,13.011,0,5668148,162536,174608,2027508,6189.423,486.426,0,4179.662,0,462.405,7423,12001,1.200,1.310,1.270,1,0,0,0,0,18,318,0,49,0
15-05 12:47:48,17.458,4.240,59.608,15.463,0,5668692,161780,174668,2027660,7450.249,484.845,0,7386.401,0,524.750,6961,10950,1.200,1.310,1.270,1,1,0.998,0,0,18,318,0,50,0
15-05 12:47:49,21.785,3.506,64.854,7.262,0,5669752,160520,174684,2027844,7934.780,486.784,0,2415.891,0,217.350,7545,11672,1.200,1.310,1.270,1,0,0,0,0,18,318,0,52,0
15-05 12:47:50,13.722,3.742,72.354,8.483,0,5670144,159764,174712,2028180,8627.631,3207.543,0,2546.873,0,254.488,4783,7453,1.200,1.310,1.270,0,0,0,0,0,18,317,0,45,0
15-05 12:47:51,9.006,2.001,80.804,6.755,0,5670092,159764,174732,2028212,9144.131,486.326,0,1777.192,0,123.083,3196,4894,1.200,1.310,1.270,2,0,0,0,0,18,318,0,45,0
15-05 12:47:52,10.522,2.255,81.918,4.760,0.251,5670236,159512,174780,2028272,11580.724,2702.536,0,1611.301,0,183.376,3758,5630,1.110,1.290,1.270,1,1,0,0,0,18,317,0,46,0
15-05 12:47:53,9.213,1.992,82.669,3.735,0.249,5670384,159260,174788,2028368,29533.889,9625.506,0,1051.794,0,99.602,2958,3950,1.110,1.290,1.270,0,2,0,0,0,18,318,0,46,0
15-05 12:47:54,7.252,2.251,82.769,5.751,0,5670128,159260,174820,2028592,13163.045,3346.774,0,1520.352,0,159.037,2989,4584,1.110,1.290,1.270,0,0,0,0,0,18,317,0,45,0
15-05 12:47:55,12.023,2.004,70.634,13.025,0,5670304,159008,174848,2028640,13017.777,4692.932,0,5638.732,0,392.748,4259,6422,1.110,1.290,1.270,0,0,0,0,0,18,318,0,45,0
15-05 12:47:56,16.264,3.253,76.315,2.502,0.250,5671136,158000,174864,2028800,27429.473,7683.575,0,1469.257,0,161.138,5313,7960,1.110,1.290,1.270,3,0,0,0,0,18,318,0,45,0
15-05 12:47:57,19.759,4.502,62.279,11.255,0,5671068,157748,174920,2029064,10347.766,486.224,0,3721.714,0,404.186,7485,11992,1.180,1.300,1.270,1,0,0,0,0,18,318,0,45,0
15-05 12:47:58,18.988,4.747,60.961,14.241,0,5679084,149432,174972,2029312,9305.028,485.688,0,7858.956,0,368.763,6901,10853,1.180,1.300,1.270,1,3,0.999,0,0,18,318,0,45,0
15-05 12:47:59,21.232,4.246,64.195,7.494,0,5671908,156376,175028,2029488,5676.107,579.500,0,2098.191,0,192.834,7825,11896,1.180,1.300,1.270,0,1,0,0,0,18,318,0,46,0
15-05 12:48:00,8.740,2.248,73.918,12.986,0,5671992,156012,175104,2029692,12701.931,3210.444,0,5925.437,0,450.501,3649,6128,1.180,1.300,1.270,0,0,0,0,0,18,317,0,47,0
15-05 12:48:01,9.758,2.002,76.817,9.758,0,5672444,155536,175152,2029668,5042.385,486.423,0,2802.437,0,229.199,4141,6375,1.180,1.300,1.270,0,0,0,0,0,18,318,0,47,0
15-05 12:48:02,12.503,2.251,75.517,8.002,0,5672376,155284,175228,2029912,12334.799,4883.108,0,1836.417,0,212.048,4333,6560,1.160,1.300,1.270,0,0,0,0,0,18,318,0,45,0
15-05 12:48:03,9.268,2.004,79.405,8.016,0,5673012,154556,175232,2030000,20847.689,7692.013,0,4396.581,0,481.941,3171,4045,1.160,1.300,1.270,0,1,0,0,0,18,318,0,45,0
15-05 12:48:04,6.480,0.997,83.745,5.982,0.249,5671980,155464,175260,2030096,11638.584,3334.852,0,1040.833,0,105.678,2717,3957,1.160,1.300,1.270,0,0,0,0,0,18,317,0,46,0
15-05 12:48:05,12.767,2.003,73.847,9.763,0,5672280,154960,175300,2030260,12279.147,4690.168,0,1509.986,0,160.211,3844,5519,1.160,1.300,1.270,0,0,0,0,0,18,318,0,47,0
15-05 12:48:06,15.005,2.501,75.775,5.252,0,5672380,154736,175332,2030352,25178.431,7547.527,0,1596.535,0,184.062,4831,7294,1.160,1.300,1.270,1,0,0,0,0,18,318,0,44,0
15-05 12:48:07,18.740,4.498,56.470,17.990,0.500,5672460,154484,175416,2030440,7038.250,485.741,0,7739.876,0,608.676,7279,11874,1.390,1.340,1.280,1,0,0,0,0,18,318,0,44,0
15-05 12:48:08,19.785,4.258,62.611,10.769,0,5674592,151972,175456,2030780,10017.774,486.864,0,3886.896,0,385.684,7337,11454,1.390,1.340,1.280,1,0,7.012,0,0,18,318,0,44,0
15-05 12:48:09,15.452,3.988,67.788,11.215,0,5675288,150992,175488,2031032,12068.189,3195.987,15.950,4761.083,0.997,558.251,5644,8124,1.390,1.340,1.280,0,1,0,0,0,18,317,0,46,0
15-05 12:48:10,9.759,2.252,80.074,5.505,0,5674720,151332,175500,2031248,5564.162,486.451,0,1885.750,0,178.165,3623,5416,1.390,1.340,1.280,1,0,0,0,0,18,318,0,45,0
15-05 12:48:11,7.257,1.001,88.080,2.002,0,5674700,151332,175508,2031260,17171.504,8014.236,0,1137.027,0,93.084,2268,3140,1.390,1.340,1.280,1,0,0,0,0,18,317,0,45,0
15-05 12:48:12,15.216,3.742,75.082,3.991,0,5674812,151116,175536,2031336,29101.965,11674.910,0,1676.254,0,158.645,4257,16571,1.360,1.340,1.280,0,0,35.920,0,0,18,318,0,46,0
15-05 12:48:13,11.788,1.505,79.004,5.267,0,5674632,151116,175540,2031512,33340.127,12274.440,0,1308.203,0,124.400,3264,4279,1.360,1.340,1.280,0,1,0,0,0,18,317,0,46,0
15-05 12:48:14,18.223,4.244,68.897,7.489,0.250,5674700,150864,175580,2031656,7599.589,485.271,0,2428.354,0,267.598,6641,10158,1.360,1.340,1.280,2,1,0,0,0,18,318,0,46,0
15-05 12:48:15,17.499,4.000,62.997,13.499,0,5674736,150612,175624,2031828,9319.589,3213.858,0,6179.728,0,438.981,6370,9885,1.360,1.340,1.280,2,1,0,0,0,18,317,0,43,0
15-05 12:48:16,8.244,1.749,82.445,5.496,0,5674884,150108,175640,2032168,12651.548,2521.316,0,2914.053,0,203.864,3277,4962,1.360,1.340,1.280,0,0,0,0,0,18,318,0,43,0
15-05 12:48:17,7.268,1.504,86.712,2.256,0,5674880,150108,175652,2032160,18483.286,5271.917,0,1182.898,0,114.280,2714,4054,1.250,1.310,1.270,4,1,0,0,0,18,319,0,43,0
15-05 12:48:18,24.135,4.230,62.702,6.718,0,5675428,149112,175692,2032568,12938.597,4909.700,0,3168.961,0,305.550,7738,11957,1.250,1.310,1.270,1,0,1.991,0,0,18,318,0,44,0
15-05 12:48:19,14.553,2.760,71.261,10.037,0,5681720,142576,175724,2032780,8303.370,3214.758,0,2384.722,0,240.881,4776,7374,1.250,1.310,1.270,0,0,3.011,0,0,18,317,0,45,0
15-05 12:48:20,17.984,3.747,69.939,6.494,0.250,5680888,143020,175744,2033148,16418.658,3255.157,239.791,2545.776,13.988,212.814,5223,7483,1.250,1.310,1.270,2,0,0.999,0,0,18,317,0,51,0
15-05 12:48:21,9.006,1.751,76.049,11.507,0,5681152,142684,175780,2033184,10448.708,2524.621,0,5279.389,0,372.239,3506,5448,1.250,1.310,1.270,0,0,1.001,0,0,18,318,0,51,0
15-05 12:48:22,9.258,1.752,83.323,4.754,0,5681108,142684,175792,2033216,26182.087,9474.354,0,1941.712,0,128.113,2795,3877,1.150,1.290,1.270,0,1,0,0,0,18,319,0,51,0
15-05 12:48:23,10.727,0.998,79.827,5.987,0,5681132,142460,175812,2033396,30365.029,11957.022,31.931,1448.852,0.998,138.699,3042,4270,1.150,1.290,1.270,0,0,0,0,0,18,317,0,49,0
15-05 12:48:24,18.274,4.255,64.834,11.265,0.250,5681164,142208,175832,2033596,8744.282,486.628,0,2847.674,0,294.380,6320,9733,1.150,1.290,1.270,2,0,0,0,0,18,318,0,49,0
15-05 12:48:25,18.001,3.250,62.755,13.501,0.250,5681120,141984,175852,2033844,6099.468,486.037,0,5952.457,0,465.036,6157,8887,1.150,1.290,1.270,1,0,0,0,0,18,319,0,50,0
15-05 12:48:26,20.263,4.253,64.042,9.506,0,5682184,140724,175892,2034000,4578.022,486.321,0,2649.749,0,283.187,6846,10733,1.150,1.290,1.270,1,0,0,0,0,18,318,0,50,0
15-05 12:48:27,12.487,3.247,67.181,14.485,0,5682288,140472,175956,2034084,13627.954,3258.641,0,6545.254,0,496.488,5085,7921,1.300,1.320,1.280,0,1,0,0,0,18,317,0,49,0
15-05 12:48:28,11.755,2.251,81.284,3.251,0,5682356,140224,175972,2034248,13469.594,4653.933,0,2396.996,0,214.089,3847,5689,1.300,1.320,1.280,1,0,1.000,0,0,18,318,0,52,0
15-05 12:48:29,12.485,2.996,78.655,3.745,0,5681400,140948,175980,2034472,22538.737,8078.229,0,2820.588,0,138.832,3834,5160,1.300,1.320,1.280,1,0,2.996,0,0,18,317,0,53,0
15-05 12:48:30,6.764,1.002,85.681,4.760,0.251,5681408,140724,175992,2034676,12679.801,3213.793,0,2934.202,0,298.631,2865,3996,1.300,1.320,1.280,1,1,0,0,0,18,318,0,53,0
15-05 12:48:31,25.239,3.998,62.971,6.497,0,5689880,131904,175996,2035020,5137.665,485.779,0,2334.939,0,218.901,4763,5573,1.300,1.320,1.280,2,0,0,0,0,18,318,0,55,0
15-05 12:48:32,11.984,1.248,81.139,4.244,0,5689832,131904,176012,2035052,34273.252,12122.465,0,1362.142,0,138.811,3366,4609,1.190,1.300,1.270,0,0,0,0,0,18,317,0,55,0
15-05 12:48:33,11.253,1.500,81.523,4.251,0,5689988,131652,176028,2035132,27523.722,11836.321,0,1324.372,0,132.037,3025,4139,1.190,1.300,1.270,0,0,0,0,0,18,318,0,56,0
15-05 12:48:34,9.505,1.501,82.046,4.503,0.250,5690468,131148,176040,2035144,17663.899,7214.043,0,1336.749,0,130.073,3144,4458,1.190,1.300,1.270,0,0,0,0,0,18,318,0,56,0
15-05 12:48:35,21.784,3.756,67.103,6.260,0,5690500,130896,176060,2035344,53767.694,14513.321,0,1870.877,0,203.313,6269,8704,1.190,1.300,1.270,1,2,1.002,0,0,18,318,0,53,0
15-05 12:48:36,18.982,3.996,60.192,14.736,0,5690944,130140,176104,2035612,9403.924,485.531,0,6993.251,0,501.516,6889,10841,1.190,1.300,1.270,0,2,0,0,0,18,318,0,53,0
15-05 12:48:37,6.995,1.249,84.945,4.497,0.250,5690860,130140,176120,2035680,7573.054,3206.906,0,1942.731,0,197.871,2947,4380,1.100,1.280,1.260,0,0,0,0,0,18,317,0,54,0
15-05 12:48:38,19.524,3.004,70.335,6.258,0,5691444,129136,176120,2036100,7797.414,486.587,224.271,732.885,13.016,53.064,5493,7425,1.100,1.280,1.260,3,0,1.001,0,0,18,321,0,59,0
15-05 12:48:39,23.245,4.249,66.986,4.249,0,5692872,127372,176132,2036424,5602.797,485.896,159.966,1559.665,8.998,152.967,6721,9427,1.100,1.280,1.260,1,1,2.000,0,0,18,323,0,78,0
15-05 12:48:40,22.506,3.501,64.266,8.502,0,5694924,125104,176140,2036632,7647.898,486.121,0,1516.376,0,144.036,6898,10025,1.100,1.280,1.260,2,0,1.000,0,0,18,321,0,92,0
15-05 12:48:41,14.725,2.246,69.882,10.981,0,5695068,124568,176152,2037012,27503.521,11549.482,0,6616.818,0,541.086,4578,5837,1.100,1.280,1.260,0,0,0,0,0,18,321,0,96,0
15-05 12:48:42,16.527,3.255,69.114,8.264,0,5695132,124344,176164,2037160,5880.727,727.203,4.007,2904.805,1.002,285.472,6130,9473,1.090,1.270,1.260,1,0,0,0,0,18,321,0,96,0
15-05 12:48:43,19.241,4.248,64.220,10.495,0,5695608,123588,176176,2037428,8165.242,539.752,0,2730.743,0,252.884,6387,9541,1.090,1.270,1.260,1,0,0,0,0,18,320,0,94,0
15-05 12:48:44,4.252,2.001,81.279,10.504,0,5695588,123588,176188,2037436,10045.571,3349.190,0,7146.540,0,394.140,2867,4522,1.090,1.270,1.260,1,0,0,0,0,18,321,0,94,0
15-05 12:48:45,6.492,1.248,86.393,3.496,0.250,5695396,123588,176188,2037628,12851.055,3152.089,0,1246.453,0,124.845,2644,3862,1.090,1.270,1.260,0,0,0,0,0,18,320,0,94,0
15-05 12:48:46,7.250,1.250,85.005,5.500,0,5695644,123336,176188,2037632,12983.802,3264.202,0,1304.081,0,127.008,2711,4163,1.090,1.270,1.260,0,0,0,0,0,18,320,0,95,0
15-05 12:48:47,6.754,1.501,88.551,1.751,0,5695572,123336,176192,2037700,11571.692,3158.827,0,1288.745,0,129.075,2790,4183,1,1.250,1.250,0,0,0,0,0,18,320,0,90,0
15-05 12:48:48,13.762,1.752,82.824,0.250,0,5696728,122076,176196,2037800,5470.870,486.433,0,668.595,0,37.033,2781,3304,1,1.250,1.250,1,0,1.001,0,0,18,321,0,91,0
15-05 12:48:49,9.732,1.248,85.840,0.998,0.250,5697008,121572,176196,2038024,8361.443,2691.991,0,1209.749,0,109.796,2662,3691,1,1.250,1.250,0,0,0,0,0,18,320,0,92,0
15-05 12:48:50,6.757,1.251,87.585,3.003,0,5697476,121068,176200,2038056,8798.515,2831.740,0,1337.294,0,141.137,2655,3944,1,1.250,1.250,0,0,0,0,0,18,320,0,92,0
15-05 12:48:51,5.744,1.498,89.659,1.998,0,5697444,121068,176200,2038088,11770.110,2694.278,0,1034.955,0,93.905,2123,3124,1,1.250,1.250,0,0,0,0,0,18,320,0,87,0
15-05 12:48:52,8.761,1.752,82.606,5.006,0.250,5697388,121068,176212,2038132,12817.484,4690.032,0,1437.849,0,126.162,2928,4423,1,1.250,1.250,0,0,0,0,0,18,321,0,87,0
15-05 12:48:53,14.013,2.753,76.821,4.504,0.250,5697188,121068,176228,2038316,24641.789,7551.984,0,1497.385,0,161.149,4448,6262,1,1.250,1.250,2,1,0,0,0,18,321,0,87,0
15-05 12:48:54,20.719,3.994,63.155,9.486,0,5697484,120564,176240,2038512,6813.796,485.273,0,2811.789,0,283.575,7147,10605,1,1.250,1.250,1,0,0,0,0,18,321,0,88,0
15-05 12:48:55,11.990,3.497,65.194,17.235,0,5698460,119304,176256,2038780,12352.423,3271.199,0,6910.083,0,442.621,5018,7914,1,1.250,1.250,1,0,0,0,0,18,320,0,88,0
15-05 12:48:56,8.261,1.502,84.112,5.007,0,5698520,119052,176276,2038952,12946.207,3165.207,0,2623.487,0,222.295,3168,4576,1,1.250,1.250,0,1,0,0,0,18,320,0,88,0
15-05 12:48:57,5.755,1.001,82.068,9.508,0,5698956,118576,176284,2038984,9613.015,2699.250,0,4900.085,0,414.345,2551,3128,1.080,1.260,1.260,4,0,0,0,0,18,320,0,89,0
15-05 12:48:58,6.241,1.498,87.868,2.247,0,5703324,142044,175776,2012044,7289.014,2519.203,0,1509.725,0,100.848,2441,3517,1.080,1.260,1.260,1,0,0.998,0,0,18,321,0,89,0
15-05 12:48:59,8.261,1.252,87.115,2.754,0,5702896,142612,175788,2011924,25344.423,7557.967,0,1053.389,0,99.131,2437,3257,1.080,1.260,1.260,2,0,0,0,0,18,322,0,89,0
15-05 12:49:00,22.462,3.245,63.893,7.487,0,5678020,167164,175812,2012224,9676.733,2733.405,0,2883.153,0,302.492,6263,9869,1.080,1.260,1.260,1,0,0,0,0,18,320,0,86,0
15-05 12:49:01,9.251,2.500,82.010,5.001,0,5532140,312916,175816,2012380,15266.925,264007.292,108.014,1432.181,4.001,96.012,2344,2776,1.080,1.260,1.260,1,0,14.002,0,0,18,320,0,86,0
15-05 12:49:02,1.750,1.000,94.521,1.750,0,5532116,312916,175828,2012392,6290.380,176.039,0,808.177,0,56.012,1430,2323,1,1.240,1.250,0,0,0,0,0,18,320,0,86,0
15-05 12:49:03,9.996,2.749,82.467,3.499,0,5547448,297544,175848,2012412,283911.322,9478.172,23.990,2255.089,2.999,310.874,2818,2437,1,1.240,1.250,0,0,19.992,0,0,18,320,0,86,0
15-05 12:49:04,10.499,4.500,74.242,8.249,0.250,5536940,307664,175860,2012788,288380.795,12580.682,367.961,2191.770,11.999,132.986,3306,3273,1,1.240,1.250,0,0,23.997,0,0,18,320,0,84,0
15-05 12:49:05,15.753,5.251,77.265,1.250,0,5533928,303936,175872,2019516,149102.701,4004.771,168.032,632.122,4.001,38.007,2763,2637,1,1.240,1.250,1,0,22.004,0,0,18,320,0,84,0
15-05 12:49:06,16.988,5.246,71.951,4.497,0,5531404,292800,175940,2033076,7170.091,539.631,1035.291,51.964,54.962,3.997,2450,1922,1,1.240,1.250,0,1,19.986,0,0,18,320,0,84,0
