"pcp-dstat 6.2.0 CSV Output"
"Author:","PCP team <pcp@groups.io> and Dag Wieers <dag@wieers.com>",,,,"URL:","https://pcp.io/ and http://dag.wieers.com/home-made/dstat/"
"Host:","ubuntu",,,,"User:","ubuntu"
"Cmdline:","dstat -tcmndrylpg --tcp --output /tmp/devstack_logs/dstat-csv.log",,,,"Date:","24 Apr 2026 05:53:36 UTC"
"system","total usage",,,,,"memory usage",,,,"net/total",,"dsk/total",,"io/total",,"system",,"load avg",,,"procs",,,"paging",,"tcp sockets",,,,
"time","total usage:usr","total usage:sys","total usage:idl","total usage:wai","total usage:stl","used","free","buf","cach","net/total:recv","net/total:send","dsk/total:read","dsk/total:writ","read","writ","int","csw","1m","5m","15m","run","blk","new","in","out","lis","act","syn","tim","clo"
24-04 05:53:36,,1048144,1623096,158124,4995516,,,,,,,1.490,1.080,0.680,1,0,,,,10,4,0,18,0
24-04 05:53:37,14.997,20.746,59.990,3.249,0,1038340,1632516,158152,4995804,20816.377,3583.376,0,443.923,0,17.997,6250,5362,1.490,1.080,0.680,1,1,519.910,0,0,10,5,0,17,0
24-04 05:53:38,23.739,17.742,55.724,1.999,0,1021116,1649400,158244,4995956,32036.021,9746.443,0,1279.402,0,45.979,6338,6255,1.450,1.080,0.690,1,0,382.821,0,0,10,6,0,17,0
24-04 05:53:39,22.262,14.508,59.532,3.252,0,1124576,1545084,158368,5121332,27086.362,9979.291,0,1344.713,0,41.022,6919,8978,1.450,1.080,0.690,3,0,201.107,0,0,11,8,0,17,0
24-04 05:53:40,30.251,9.250,55.252,4.250,0,1137824,1531268,158476,5121684,21313.649,8495.259,0,4484.137,0,74.002,3997,2634,1.450,1.080,0.690,1,0,134.004,0,0,11,7,0,17,1
24-04 05:53:41,25.430,7.729,58.588,7.479,0,1182592,1483628,158668,5123972,40246.899,9644.377,1731.221,2604.809,118.672,70.805,3758,3317,1.450,1.080,0.690,3,0,143.604,0,0,11,7,0,19,1
24-04 05:53:42,32.993,3.749,56.738,6.249,0,1231056,1433004,158956,5125276,22421.161,9947.853,243.947,2487.463,6.998,36.992,2442,1507,1.450,1.080,0.690,1,0,5.999,0,0,11,6,0,19,2
24-04 05:53:43,22.500,2.750,52.000,20.250,0,1245464,1400720,159228,5142124,177235.247,7806.011,16.000,5812.008,1.000,291.000,3408,4392,1.500,1.100,0.690,2,1,1.000,0,0,11,8,0,19,2
24-04 05:53:44,15.770,4.005,48.813,29.288,0,1248124,1390192,159868,5148316,8089.492,486.631,0,7593.849,0,490.636,4987,7815,1.500,1.100,0.690,0,2,10.013,0,0,11,8,0,19,2
24-04 05:53:45,19.227,3.745,39.951,34.458,0,1271248,1354560,160684,5158332,10447.281,485.409,0,10686.989,0,498.393,5860,9736,1.500,1.100,0.690,2,3,0.999,0,0,11,8,0,19,2
24-04 05:53:46,21.494,3.749,40.989,31.741,0,1264200,1344324,161288,5173388,6104.330,485.867,0,11392.883,0,756.793,5450,7865,1.500,1.100,0.690,1,2,4.999,0,0,11,8,0,19,2
24-04 05:53:47,21.750,5.000,39.750,31.250,0,1294800,1296036,161736,5189232,4608.033,486.004,0,12136.088,0,672.005,6521,18667,1.500,1.100,0.690,0,2,51.000,0,0,11,8,0,20,2
24-04 05:53:48,13.503,3.251,44.009,36.008,0,1312984,1269644,162348,5195820,9628.040,540.114,0,9674.049,0,659.140,5157,8270,1.540,1.110,0.700,0,3,12.003,0,0,11,8,0,20,2
24-04 05:53:49,9.751,3.000,35.502,49.753,0,1308784,1268944,162624,5199788,8537.593,540.037,0,12044.836,0,884.061,4305,6882,1.540,1.110,0.700,0,3,0,0,0,11,8,0,19,2
24-04 05:53:50,12.249,3.000,41.247,40.747,0,1302960,1268032,163056,5205092,8981.378,485.966,0,10299.286,0,605.958,4537,7263,1.540,1.110,0.700,0,2,6.000,0,0,11,8,0,19,2
24-04 05:53:51,15.488,3.497,40.968,38.220,0,1299836,1250700,163652,5223600,6878.592,539.576,0,10987.361,0,809.364,5296,8560,1.540,1.110,0.700,2,4,8.993,0,0,11,8,0,19,2
24-04 05:53:52,15.258,3.252,38.021,41.522,0,1296468,1247420,164008,5229156,5512.978,486.263,0,10545.696,0,809.437,4768,7608,1.540,1.110,0.700,2,3,0,0,0,11,8,0,19,2
24-04 05:53:53,12.008,3.002,33.772,49.282,0,1293212,1243984,164516,5234464,8884.832,540.355,0,10847.120,0,962.632,4332,6672,2.050,1.220,0.740,0,3,0,0,0,11,8,0,19,2
24-04 05:53:54,17.719,3.244,46.667,30.197,0,1311184,1240620,164836,5219424,15365.804,3261.228,0,9914.452,0,860.477,5809,9205,2.050,1.220,0.740,2,2,26.952,0,0,11,6,0,19,0
24-04 05:53:55,26.102,6.275,40.409,25.600,0,1221840,1329688,165064,5219512,8934.064,542.128,0,11838.463,0,784.077,5155,7434,2.050,1.220,0.740,2,0,46.181,0,0,11,4,0,19,0
24-04 05:53:56,29.246,5.999,45.744,17.998,0,1232380,1314220,165132,5223940,10958.603,2823.640,0,12746.375,0,162.979,2972,2278,2.050,1.220,0.740,2,0,65.992,0,0,11,4,0,19,0
24-04 05:53:57,41.887,4.987,49.866,3.241,0,1264528,1280568,165160,5225252,16229.327,2570.084,0,4771.161,0,76.793,2912,1677,2.050,1.220,0.740,2,1,17.952,0,0,11,5,0,17,0
24-04 05:53:58,40.518,6.753,38.517,11.755,0,1241988,1296080,165748,5230512,9187.147,1564.706,0,6703.026,0,397.179,12295,20971,2.210,1.270,0.760,3,0,17.008,0,0,11,4,0,17,0
24-04 05:53:59,41.227,7.496,41.727,8.495,0,1239380,1298188,165796,5230824,4397.532,539.697,0,2166.784,0,49.972,10926,18085,2.210,1.270,0.760,2,2,23.987,0,0,11,4,0,17,0
24-04 05:54:00,26.085,23.075,45.398,3.762,0,1164300,1385492,165856,5219808,4047.223,541.770,0,834.727,0,71.233,6875,6215,2.210,1.270,0.760,2,0,595.947,0,0,11,4,0,17,0
24-04 05:54:01,36.870,15.446,41.604,5.232,0,1154864,1389484,165856,5225416,10817.999,484.299,5241.587,813.144,46.835,27.902,6609,9053,2.210,1.270,0.760,1,1,286.992,0,0,11,4,0,13,0
24-04 05:54:02,44.963,10.991,42.215,1.249,0,1212384,1329888,165856,5227780,6654.519,633.478,2186.199,11490.536,27.977,184.848,4164,2949,2.210,1.270,0.760,3,0,171.858,0,0,11,5,0,13,0
24-04 05:54:03,40.569,3.256,54.343,0.250,0,1231228,1309996,165864,5228820,8862.107,486.830,512.874,19641.482,8.014,274.468,3062,2011,2.270,1.300,0.770,2,0,0,0,0,11,5,0,13,0
24-04 05:54:04,32.492,7.998,42.240,16.496,0,1239656,1299928,165876,5230436,9250.729,539.867,0,15736.138,0,200.951,3259,3806,2.270,1.300,0.770,0,6,0,0,0,11,5,0,13,0
24-04 05:54:05,12.748,6.499,75.990,3.250,0,1259208,1279556,165888,5231276,8230.883,485.934,0,5547.247,0,82.989,3317,3167,2.270,1.300,0.770,0,0,118.984,0,0,11,4,0,13,0
24-04 05:54:06,17.503,4.751,73.761,3.501,0,1321952,1216836,165896,5231276,6703.980,540.079,0,284.042,0,4.001,1878,1697,2.270,1.300,0.770,1,0,23.003,0,0,11,4,0,13,0
24-04 05:54:07,22.251,3.250,73.505,0,0,1359244,1179540,165896,5231280,3851.250,486.032,0,0,0,0,1720,1328,2.270,1.300,0.770,1,0,0,0,0,11,4,0,13,0
24-04 05:54:08,19.495,2.249,67.481,9.247,0,1381596,1156860,165980,5231524,10178.177,539.850,0,2311.359,0,224.938,3768,5353,2.170,1.290,0.770,1,1,1.000,0,0,11,10,0,13,0
24-04 05:54:09,20.002,5.751,67.758,6.001,0,1329520,1208704,166004,5231708,8745.073,486.060,184.023,2416.296,4.000,115.014,2520,2257,2.170,1.290,0.770,1,1,42.005,0,0,11,4,0,15,0
24-04 05:54:10,17.998,1.750,69.243,9.999,0,1356296,1181236,166316,5232056,8029.210,2924.712,423.958,5787.430,12.999,299.970,2131,2248,2.170,1.290,0.770,2,0,1.000,0,0,11,11,0,13,0
24-04 05:54:11,17.001,1.750,73.756,6.501,0,1358956,1178212,166372,5232304,13499.108,4931.405,268.022,1536.126,66.005,30.002,2483,2659,2.170,1.290,0.770,1,0,2.000,0,0,11,29,0,13,0
24-04 05:54:12,19.508,5.002,74.782,0,0,1384808,1152348,166372,5232316,12464.335,2137.915,0,1376.589,0,3.001,2402,1783,2.170,1.290,0.770,1,0,43.018,0,0,11,28,0,14,0
24-04 05:54:13,16.242,1.999,79.962,1.499,0,1401832,1135304,166376,5232332,17884.430,6405.930,0,351.831,0,12.994,1986,1792,2.080,1.290,0.770,1,0,0,0,0,11,29,0,14,0
24-04 05:54:14,31.006,10.752,57.262,0,0,1438728,1098388,166376,5232348,6801.379,1470.298,0,12.002,0,3.001,3562,2409,2.080,1.290,0.770,2,0,156.032,0,0,11,28,0,15,0
24-04 05:54:15,34.238,4.748,57.731,1.999,0,1481760,1055336,166376,5232360,11969.966,10078.603,0,14443.132,0,114.961,3560,3142,2.080,1.290,0.770,0,0,1.000,0,0,11,30,0,15,0
24-04 05:54:16,29.339,9.529,54.415,4.764,0,1341028,1195868,166376,5232560,20768.914,9563.971,0,718.176,0,33.100,6406,7966,2.080,1.290,0.770,3,0,193.586,0,0,11,28,0,16,0
24-04 05:54:17,78.516,20.004,1.500,0,0,1605540,931312,166380,5232600,7050.402,486.097,0,184.037,0,18.004,5343,4007,2.080,1.290,0.770,6,0,385.077,0,0,11,28,0,16,0
24-04 05:54:18,82.251,9.194,8.449,0,0,1777224,759588,166380,5232632,30723.639,25955.561,0,103.373,0,5.964,6150,5967,2.230,1.330,0.790,6,0,0,0,0,11,34,0,16,0
24-04 05:54:19,61.525,12.807,23.857,0.502,0,1550956,985520,166400,5232904,31451.593,20604.103,0,747.341,0,73.328,8393,12034,2.230,1.330,0.790,1,0,311.392,0,0,11,28,0,22,0
24-04 05:54:20,21.219,2.496,75.638,0,0,1566260,970204,166404,5232912,10090.084,2448.381,0,211.687,0,9.985,1788,1340,2.230,1.330,0.790,0,0,0.999,0,0,11,29,0,22,0
24-04 05:54:21,11.243,2.498,80.197,4.497,0,1543000,993444,166404,5232928,13613.925,4630.913,0,16473.020,0,185.876,2909,3735,2.230,1.330,0.790,0,1,0,0,0,11,29,0,22,0
24-04 05:54:22,19.512,7.004,54.533,18.261,0,1497704,1038716,166412,5232936,9651.840,1420.860,0,22381.541,0,203.123,3027,2587,2.230,1.330,0.790,1,1,68.041,0,0,11,28,0,23,0
24-04 05:54:23,17.027,3.505,73.866,4.757,0,1502548,1033844,166424,5232944,9597.042,5086.973,0,27274.750,0,211.331,2528,2755,2.210,1.350,0.800,1,0,0,0,0,11,29,0,23,0
24-04 05:54:24,9.512,11.514,74.092,3.254,0,1451112,1085120,166432,5233096,12088.951,2969.673,0,8474.481,0,93.115,4597,4607,2.210,1.350,0.800,1,0,268.332,0,0,11,28,0,24,0
24-04 05:54:25,40.513,27.259,31.510,0,0,1462344,1073852,166432,5233132,6098.952,540.173,0,1764.565,0,110.035,6433,5548,2.210,1.350,0.800,5,0,771.247,0,0,11,28,0,24,0
24-04 05:54:26,82.481,8.998,8.498,0,0,1688756,847420,166432,5233152,16850.199,12389.205,0,1111.749,0,26.994,5151,3315,2.210,1.350,0.800,4,0,0,0,0,11,31,1,23,0
24-04 05:54:27,67.620,7.236,23.954,0.749,0,1688300,847688,166456,5233316,47357.723,34482.539,0,530.977,0,55.892,9530,14613,2.210,1.350,0.800,7,0,34.933,0,0,11,29,0,24,0
24-04 05:54:28,79.724,17.994,1.250,0,0.250,1630380,905480,166468,5233432,11676.124,5347.225,0,375.875,0,25.991,5788,5694,2.520,1.420,0.830,5,0,274.909,0,0,11,29,0,24,0
24-04 05:54:29,81.432,9.271,9.271,0,0,1761316,774376,166476,5233592,31643.837,20208.237,0,228.512,0,16.036,5963,5879,2.520,1.420,0.830,5,0,0,0,0,11,33,0,24,0
24-04 05:54:30,71.427,9.990,17.732,0,0,1678148,857172,166476,5233960,47395.842,38088.299,0,435.557,0,32.967,10195,16298,2.520,1.420,0.830,5,0,126.871,0,0,11,29,1,24,0
24-04 05:54:31,53.000,10.750,35.500,0,0,1520368,1014904,166480,5234004,9861.938,4940.969,0,223.999,0,11.000,4516,3903,2.520,1.420,0.830,1,0,170.999,0,0,11,28,1,25,0
24-04 05:54:32,25.767,3.252,69.296,0,0,1528368,1006880,166480,5234028,23759.704,14387.509,0,252.167,0,22.015,4331,5187,2.520,1.420,0.830,1,0,0,0,0,11,29,0,26,0
24-04 05:54:33,53.753,19.001,27.251,0.250,0,1535928,999272,166480,5234076,11392.560,4699.231,0,248.012,0,17.001,6017,5477,2.310,1.400,0.820,3,0,378.019,0,0,11,28,0,27,0
24-04 05:54:34,48.222,4.997,44.974,1.249,0,1573652,961572,166480,5234096,24669.793,15388.138,0,5528.816,0,416.760,4402,3505,2.310,1.400,0.820,3,0,0,0,0,11,31,0,24,0
24-04 05:54:35,51.058,15.017,33.037,0.501,0,1494264,1040776,166508,5234292,23415.464,13854.658,0,572.647,0,53.060,8011,10663,2.310,1.400,0.820,4,0,259.293,0,0,11,28,0,25,0
24-04 05:54:36,71.691,7.244,20.733,0,0,1617704,917308,166508,5234320,23258.769,12985.263,0,0,0,0,4737,2806,2.310,1.400,0.820,5,0,0,0,0,11,32,0,25,0
24-04 05:54:37,59.297,11.009,28.022,0.500,0,1578380,956408,166516,5234536,35266.977,28264.422,0,584.464,0,54.043,9436,13852,2.310,1.400,0.820,5,0,222.176,0,0,11,28,0,28,0
24-04 05:54:38,65.857,10.727,22.950,0,0,1600760,933996,166516,5234568,5704.623,1531.677,0,215.532,0,10.976,3908,2059,2.370,1.430,0.830,2,0,101.779,0,0,11,29,1,28,0
24-04 05:54:39,38.294,4.756,55.564,0.751,0,1601676,933020,166520,5234624,27191.492,24487.360,0,812.942,0,51.059,6557,8746,2.370,1.430,0.830,1,1,0,0,0,11,30,0,29,0
24-04 05:54:40,60.534,16.509,22.763,0.500,0,1570908,963748,166524,5234660,14080.816,4599.553,0,708.393,0,29.016,5385,4976,2.370,1.430,0.830,3,0,299.166,0,0,11,28,0,30,0
24-04 05:54:41,46.921,4.742,47.170,0,0,1624632,909872,166524,5234812,21602.571,16621.970,0,155.737,0,9.983,3771,3563,2.370,1.430,0.830,2,0,0,0,0,11,31,0,30,0
24-04 05:54:42,52.972,14.742,30.984,0,0,1527576,1006684,166532,5235004,24745.023,12328.535,0,291.847,0,22.988,7382,8841,2.370,1.430,0.830,3,0,292.846,0,0,11,28,0,31,0
24-04 05:54:43,52.642,5.264,42.114,0,0,1591952,942212,166532,5235084,21509.048,12477.674,0,160.433,0,8.022,3782,2650,2.420,1.450,0.840,3,0,0,0,0,11,31,0,31,0
24-04 05:54:44,50.499,9.250,39.249,0.750,0,1500464,1033500,166540,5235276,24138.670,14288.805,0,483.993,0,39.999,6857,8801,2.420,1.450,0.840,3,0,111.998,0,0,11,28,0,33,0
24-04 05:54:45,52.823,7.475,38.371,0,0,1581132,952684,166548,5235416,16944.215,8606.158,0,470.423,0,10.963,3619,2119,2.420,1.450,0.840,1,0,0.997,0,0,11,31,0,33,0
24-04 05:54:46,44.618,7.269,44.368,4.011,0,1557852,975876,166576,5235480,23557.523,17965.682,0,1295.438,0,91.242,7437,10048,2.420,1.450,0.840,3,1,61.162,0,0,11,28,0,35,0
24-04 05:54:47,73.538,25.013,1.501,0,0,1556436,977240,166580,5235528,7096.665,540.279,0,212.110,0,26.013,5969,11462,2.420,1.450,0.840,7,0,651.336,0,0,11,28,0,36,0
24-04 05:54:48,83.002,16.000,0.750,0,0,1764768,768856,166592,5235568,19104.418,12100.265,0,196.004,0,13.000,6236,5600,2.790,1.550,0.880,7,0,446.010,0,0,11,32,0,36,0
24-04 05:54:49,72.155,17.727,8.489,0.250,0,1803876,729464,166620,5235824,47385.820,40882.354,0,463.392,0,42.944,8866,11311,2.790,1.550,0.880,6,0,447.413,0,0,11,30,0,37,0
24-04 05:54:50,80.597,17.521,1.752,0,0,1601232,932000,166640,5235924,23346.970,12123.524,0,420.504,0,37.044,6170,5636,2.790,1.550,0.880,5,0,284.341,0,0,11,28,0,36,0
24-04 05:54:51,79.704,7.746,11.993,0.250,0,1687532,845536,166640,5236088,25517.238,19821.533,0,115.933,0,7.995,5503,4553,2.790,1.550,0.880,5,0,0,0,0,11,33,0,36,0
24-04 05:54:52,64.762,11.502,22.754,0,0,1652720,880128,166644,5236320,47727.568,34952.274,0,164.029,0,10.002,10147,15519,2.790,1.550,0.880,5,0,191.034,0,0,11,29,0,39,1
24-04 05:54:53,26.260,29.261,43.017,0.250,0,1506020,1026784,166644,5236364,9164.592,3192.251,0,164.064,0,16.006,7498,7318,2.960,1.600,0.900,3,0,863.338,0,0,11,28,0,41,0
24-04 05:54:54,71.220,23.490,5.748,0.250,0,1564328,968428,166644,5236412,5364.754,2504.951,0,91.962,0,9.996,5355,4087,2.960,1.600,0.900,3,0,547.771,0,0,11,29,0,41,0
24-04 05:54:55,56.537,6.254,36.023,0,0,1623472,909236,166644,5236460,29917.439,22729.769,0,132.086,0,12.008,5990,6994,2.960,1.600,0.900,2,0,1.001,0,0,11,31,0,41,1
24-04 05:54:56,64.248,14.250,16.500,4.750,0,1580540,952108,166656,5236508,16491.545,9224.745,0,5163.857,0,155.996,6687,7623,2.960,1.600,0.900,4,0,200.994,0,0,11,28,0,45,0
24-04 05:54:57,69.253,9.500,20.751,0,0,1628004,904496,166660,5236652,17092.705,14023.578,0,188.008,0,8.000,4540,3700,2.960,1.600,0.900,4,0,67.003,0,0,11,31,0,45,0
24-04 05:54:58,51.981,5.998,41.485,0,0,1627736,904496,166668,5236912,45669.474,35655.098,0,143.948,0,7.997,10080,16779,2.810,1.590,0.900,2,0,0,0,0,11,32,0,45,0
24-04 05:54:59,59.755,9.001,29.753,0.750,0,1600800,931212,166680,5237120,33107.831,23221.985,0,408.035,0,44.004,9476,14168,2.810,1.590,0.900,5,0,60.005,0,0,11,29,0,45,0
24-04 05:55:00,77.725,11.246,10.497,0.250,0,1567496,964468,166696,5237152,15480.931,7214.638,0,279.908,0,20.993,5046,3540,2.810,1.590,0.900,3,0,59.980,0,0,11,30,0,45,0
24-04 05:55:01,60.981,13.496,24.242,0.750,0,1624820,907064,166696,5237180,34082.238,25117.069,0,1991.371,0,117.963,7800,10797,2.810,1.590,0.900,4,0,336.894,0,0,11,32,0,45,0
24-04 05:55:02,48.783,7.005,42.528,0,0,1608884,922732,166700,5237444,45396.419,38144.560,0,152.102,0,10.007,12046,19181,2.810,1.590,0.900,5,0,71.048,0,0,11,30,0,46,1
24-04 05:55:03,72.266,16.504,11.502,0,0,1538772,992692,166704,5237612,21472.617,12122.607,0,124.027,0,8.002,6250,5935,2.820,1.620,0.910,4,0,189.041,0,0,11,29,0,49,0
24-04 05:55:04,63.491,6.723,28.384,0.747,0,1621688,909712,166724,5237656,27929.153,20562.183,0,1406.268,0,86.647,5619,6202,2.820,1.620,0.910,5,0,0,0,0,11,32,0,49,0
24-04 05:55:05,56.205,8.782,33.121,1.506,0,1608420,922748,166732,5237888,33629.933,26807.996,0,505.849,0,74.271,9681,14621,2.820,1.620,0.910,4,0,69.253,0,0,11,29,0,51,0
24-04 05:55:06,75.742,11.999,12.249,0,0,1580804,950324,166740,5237920,20046.994,8812.118,0,343.966,0,30.997,5369,4791,2.820,1.620,0.910,4,0,59.994,0,0,11,30,0,51,0
24-04 05:55:07,61.422,10.237,26.716,0.499,0,1602108,928964,166764,5237952,31154.565,18756.258,0,391.504,0,37.952,5800,6644,2.820,1.620,0.910,4,0,119.848,0,0,11,30,0,53,0
24-04 05:55:08,64.839,8.261,26.787,0,0,1671156,859696,166764,5238164,34151.065,22770.381,0,148.204,0,9.012,5964,9577,2.760,1.620,0.920,5,0,0,0,0,11,32,0,53,0
24-04 05:55:09,61.128,9.731,28.194,0,0,1687172,843472,166768,5238368,31638.082,24347.580,0,147.706,0,8.982,7668,10876,2.760,1.620,0.920,3,0,140.720,0,0,11,29,0,56,0
24-04 05:55:10,76.680,12.279,11.276,0,0,1576928,953692,166776,5238384,15797.011,8592.131,0,280.658,0,10.023,5425,4353,2.760,1.620,0.920,3,0,86.202,0,0,11,29,0,57,0
24-04 05:55:11,63.750,8.750,26.500,0.250,0,1619028,911516,166792,5238436,32753.884,21527.924,0,311.999,0,28.000,6294,7229,2.760,1.620,0.920,3,0,36.000,0,0,11,34,0,57,0
24-04 05:55:12,63.002,11.000,25.001,0,0,1583496,946840,166808,5238628,22903.727,15706.499,0,432.014,0,40.001,6847,8511,2.760,1.620,0.920,4,0,128.004,0,0,11,33,0,59,0
24-04 05:55:13,50.188,10.487,38.702,0.250,0,1559820,970468,166812,5238660,20037.251,10738.736,0,519.359,0,36.954,5068,4814,2.780,1.650,0.930,2,0,189.766,0,0,11,33,0,61,0
24-04 05:55:14,53.311,8.259,37.042,0.751,0,1568544,961548,166816,5238848,18955.695,11845.557,0,220.252,0,15.017,4716,5094,2.780,1.650,0.930,3,0,60.069,0,0,11,33,0,62,0
24-04 05:55:15,49.005,10.251,40.004,0,0,1535748,994308,166816,5238884,24405.310,13604.287,0,196.019,0,10.001,5165,6360,2.780,1.650,0.930,3,0,140.013,0,0,11,33,0,61,0
24-04 05:55:16,50.428,6.740,42.440,0,0,1567832,962020,166816,5239084,22637.834,13789.407,0,287.591,0,14.979,5034,5614,2.780,1.650,0.930,1,0,42.939,0,0,11,34,0,62,0
24-04 05:55:17,40.164,6.486,52.638,0,0,1546492,983316,166816,5239124,20142.081,13699.808,0,243.481,0,14.968,5363,6855,2.780,1.650,0.930,2,0,85.817,0,0,11,34,0,63,0
24-04 05:55:18,33.111,6.971,58.505,0.249,0,1516028,1013604,166836,5239280,17418.994,9671.465,0,242.982,0,22.904,4727,5602,2.710,1.650,0.930,4,0,66.720,0,0,11,33,0,64,0
24-04 05:55:19,37.263,6.798,55.643,0.252,0,1513700,1015872,166844,5239332,16431.120,6907.818,0,257.822,0,22.157,4064,3553,2.710,1.650,0.930,2,0,68.484,0,0,11,33,0,59,0
24-04 05:55:20,32.231,5.996,60.714,0.250,0,1490212,1039336,166848,5239348,16688.051,9119.563,0,155.907,0,9.994,3915,3492,2.710,1.650,0.930,1,0,33.980,0,0,11,33,0,60,0
24-04 05:55:21,34.774,7.255,57.039,0,0,1506620,1022856,166852,5239416,17824.251,8675.963,0,392.270,0,18.012,4746,4881,2.710,1.650,0.930,2,0,104.072,0,0,11,33,0,61,0
24-04 05:55:22,34.755,7.001,57.009,0.250,0,1522548,1006908,166856,5239428,10966.707,6900.074,0,360.056,0,32.005,3468,3413,2.710,1.650,0.930,2,0,60.009,0,0,11,33,0,62,0
24-04 05:55:23,32.409,3.490,63.321,0.249,0,1528020,1001284,166872,5239560,21835.409,11238.300,0,259.269,0,21.938,3782,4256,2.660,1.660,0.940,2,0,0,0,0,11,33,0,61,0
24-04 05:55:24,37.857,6.518,54.905,0,0,1496516,1032740,166876,5239604,17164.556,7048.941,0,152.431,0,10.028,4094,4364,2.660,1.660,0.940,3,0,48.136,0,0,11,32,0,62,0
24-04 05:55:25,35.255,4.751,59.009,0,0,1548360,980872,166876,5239628,15819.387,9344.410,0,152.023,0,10.002,3824,3759,2.660,1.660,0.940,1,0,1.000,0,0,11,34,0,62,0
24-04 05:55:26,31.646,4.485,63.044,0.249,0,1524028,1005168,166876,5239664,18465.548,11582.083,0,378.760,0,23.922,4223,5102,2.660,1.660,0.940,2,0,4.984,0,0,11,33,0,63,0
24-04 05:55:27,27.512,11.505,59.776,0.250,0,1502020,1027056,166892,5239760,17055.537,8630.814,0,1660.734,0,26.011,5204,5274,2.660,1.660,0.940,1,0,277.122,0,0,11,33,0,63,0
24-04 05:55:28,15.996,3.499,78.979,0,0,1421444,1107604,166900,5239780,13747.364,5512.542,0,231.939,0,19.995,3353,4045,2.440,1.630,0.940,2,0,4.999,0,0,11,32,0,64,0
24-04 05:55:29,18.001,2.000,78.753,0.250,0,1443072,1085844,166900,5239912,13351.525,5440.214,0,152.006,0,11.000,1933,1653,2.440,1.630,0.940,1,0,0,0,0,11,33,0,64,0
24-04 05:55:30,16.498,2.750,78.491,1.500,0,1439212,1089668,166912,5239936,15053.334,6282.305,0,727.919,0,50.994,3251,4051,2.440,1.630,0.940,1,0,0,0,0,11,32,0,65,0
24-04 05:55:31,16.267,11.512,71.325,0.250,0,1453936,1074932,166916,5239944,10358.847,540.566,0,172.180,0,20.021,3898,3245,2.440,1.630,0.940,1,0,284.298,0,0,11,32,0,59,0
24-04 05:55:32,17.526,1.753,77.617,2.504,0,1472804,1056056,166916,5239952,12435.733,6090.174,0,4014.047,0,216.326,2033,1673,2.440,1.630,0.940,0,0,0,0,0,11,33,0,59,0
24-04 05:55:33,15.968,5.239,77.095,0,0,1439436,1089404,166916,5239972,11686.544,5657.645,0,3.992,0,0.998,3561,4008,2.410,1.640,0.940,1,0,45.908,0,0,11,32,0,60,0
24-04 05:55:34,18.534,2.254,79.145,0,0,1449140,1079692,166916,5239980,12929.628,2896.293,0,0,0,0,1854,1519,2.410,1.640,0.940,2,0,0,0,0,11,33,0,60,0
24-04 05:55:35,16.962,1.746,80.072,0,0,1447668,1081136,166916,5240008,16409.457,10142.414,0,7.982,0,1.996,3638,4487,2.410,1.640,0.940,2,0,0.998,0,0,11,33,0,60,0
24-04 05:55:36,12.039,14.547,70.977,1.254,0,1392248,1136368,166916,5240192,6595.122,2548.161,0,565.812,0,75.241,5367,5255,2.410,1.640,0.940,1,0,384.231,0,0,11,32,0,57,0
24-04 05:55:37,33.385,13.703,51.075,0.997,0,1468804,1059668,166928,5240320,9433.600,484.337,35.877,582.001,0.997,25.911,4336,3485,2.410,1.640,0.940,3,0,242.168,0,0,11,32,0,59,0
24-04 05:55:38,35.009,6.752,47.762,9.752,0,1544884,980288,166988,5243008,9697.368,540.132,436.106,3368.823,17.004,137.033,3629,3617,2.370,1.640,0.950,4,0,8.002,0,0,11,36,0,59,0
24-04 05:55:39,26.497,4.750,46.745,20.998,0,1514236,1009828,167144,5243948,9139.082,527.947,0,4687.529,0,487.951,5198,8046,2.370,1.640,0.950,1,1,27.997,0,0,11,36,0,59,0
24-04 05:55:40,26.994,4.499,43.991,22.245,0,1554004,969112,167288,5244728,9450.999,539.886,0,7230.469,0,617.869,5682,8924,2.370,1.640,0.950,3,1,25.994,0,0,11,36,0,55,0
24-04 05:55:41,25.702,5.240,37.430,29.195,0,1517564,1004724,167384,5245440,4834.928,485.090,0,13937.848,0,879.350,5374,9323,2.370,1.640,0.950,3,1,6.987,0,0,11,36,0,55,0
24-04 05:55:42,28.300,5.760,43.077,21.288,0,1505108,1015788,167468,5246692,8478.116,540.965,0,5726.210,0,622.109,5794,8985,2.370,1.640,0.950,1,3,39.070,0,0,11,36,0,55,0
24-04 05:55:43,24.749,4.750,39.998,27.999,0,1581284,939140,167556,5247068,7918.671,485.980,0,9795.594,0,698.971,4782,8002,2.590,1.700,0.970,2,2,13.999,0,0,11,36,0,55,0
24-04 05:55:44,28.338,5.016,43.133,22.570,0.251,1558896,960584,167644,5247900,4154.855,541.676,0,5910.286,0,563.744,5252,8358,2.590,1.700,0.970,1,1,22.068,0,0,11,36,0,51,0
24-04 05:55:45,26.242,4.998,42.986,24.492,0,1570836,948088,167764,5248316,10457.652,485.844,0,12400.030,0,841.731,5088,8752,2.590,1.700,0.970,1,2,11.996,0,0,11,36,0,51,0
24-04 05:55:46,27.481,4.497,42.970,22.984,0,1556644,961792,167948,5248604,8526.083,539.626,0,8438.144,0,742.485,5527,8955,2.590,1.700,0.970,1,1,12.991,0,0,11,36,0,51,0
24-04 05:55:47,29.702,6.489,40.933,20.966,0,1614384,903508,168100,5248984,9063.248,485.210,0,9532.484,0,698.862,6213,21834,2.590,1.700,0.970,2,1,46.924,0,0,11,36,0,52,0
24-04 05:55:48,27.751,4.500,44.502,21.251,0,1568752,948196,168252,5249720,7023.273,486.019,0,7536.293,0,638.025,5902,9636,2.940,1.790,1,2,1,11.000,0,0,11,38,0,47,0
24-04 05:55:49,27.291,5.008,46.070,19.780,0,1621764,895784,168448,5248936,3651.531,540.819,0,11164.911,0,913.383,6238,11513,2.940,1.790,1,4,0,5.008,0,0,11,38,0,47,0
24-04 05:55:50,45.829,6.010,35.812,12.271,0,1526776,990628,168504,5249024,9602.637,486.843,0,7068.246,0,393.682,3589,3227,2.940,1.790,1,2,0,6.010,0,0,11,32,0,47,0
24-04 05:55:51,33.142,5.981,48.342,9.968,0,1583676,933404,168688,5249164,8411.587,538.246,0,3990.993,0,624.963,6263,9275,2.940,1.790,1,5,1,1.994,0,0,11,34,0,47,0
24-04 05:55:52,27.810,5.512,40.337,24.804,0,1631412,885272,168924,5249316,8380.129,541.171,0,10330.348,0,893.934,6501,10008,2.940,1.790,1,5,0,2.004,0,0,11,34,0,45,0
24-04 05:55:53,29.261,5.252,44.017,20.008,0,1585144,931088,169192,5249488,7317.825,486.188,0,5358.068,0,856.331,7454,12029,3.020,1.820,1.020,3,1,1.000,0,0,11,34,0,45,0
24-04 05:55:54,31.912,7.729,49.862,8.726,0,1489760,1026100,169440,5249600,10371.284,484.658,0,3522.247,0,496.625,6097,8201,3.020,1.820,1.020,3,0,98.727,0,0,11,32,0,45,0
24-04 05:55:55,22.497,3.749,70.990,2.500,0,1548080,967768,169452,5249600,5848.183,539.925,0,783.890,0,41.994,1995,1584,3.020,1.820,1.020,2,0,3.000,0,0,11,32,0,45,0
24-04 05:55:56,15.806,11.792,68.492,3.262,0,1514488,1001188,169468,5249748,3489.318,487.722,0,1164.110,0,55.195,4355,3769,3.020,1.820,1.020,3,0,326.151,0,0,11,32,0,38,0
24-04 05:55:57,8.482,20.707,58.130,11.726,0,1493724,1021796,169552,5249800,5235.186,484.998,0,8175.114,0,363.250,6799,6505,3.020,1.820,1.020,3,0,487.992,0,0,11,32,0,38,0
24-04 05:55:58,8.005,21.264,69.046,0,0,1489392,1026096,169552,5249832,10530.088,486.327,0,312.210,0,6.004,6285,4944,2.940,1.830,1.020,1,0,494.333,0,0,11,32,0,38,0
24-04 05:55:59,20.457,5.488,73.594,0,0,1525812,989676,169552,5249828,9276.323,484.971,0,3.992,0,0.998,2428,1865,2.940,1.830,1.020,1,0,60.871,0,0,11,32,0,38,0
24-04 05:56:00,21.756,3.251,73.771,0,0,1512420,1003044,169552,5249852,9264.600,486.136,0,16.004,0,1.000,1848,1208,2.940,1.830,1.020,1,0,3.001,0,0,11,32,0,37,0
24-04 05:56:01,22.259,3.751,73.529,0,0,1565240,950244,169552,5249832,7089.783,540.212,0,0,0,0,1831,1389,2.940,1.830,1.020,1,0,2.001,0,0,11,32,0,37,0
24-04 05:56:02,22.252,3.250,72.755,0.500,0,1533300,982156,169552,5249860,10170.722,580.041,0,324.023,0,17.001,1998,1631,2.940,1.830,1.020,1,0,1.000,0,0,11,32,0,37,0
24-04 05:56:03,22.529,3.755,69.089,5.257,0,1577240,938224,169552,5249852,7897.181,486.627,0,1377.776,0,169.218,1876,1381,2.790,1.810,1.020,1,0,2.003,0,0,11,32,0,37,0
24-04 05:56:04,23.208,2.495,73.116,0,0,1539164,976308,169552,5249844,5157.569,485.113,0,11.978,0,0.998,1777,1334,2.790,1.810,1.020,2,0,0.998,0,0,11,32,0,33,0
24-04 05:56:05,22.745,2.999,73.732,0,0,1565428,950044,169552,5249844,4774.855,485.884,0,27.993,0,2.999,1754,1255,2.790,1.810,1.020,2,0,2.999,0,0,11,32,0,33,0
24-04 05:56:06,23.009,3.251,74.030,0,0,1546588,968876,169552,5249852,9836.979,486.197,0,0,0,0,1637,1251,2.790,1.810,1.020,1,0,1.000,0,0,11,32,0,33,0
24-04 05:56:07,22.748,2.500,70.743,3.000,0,1579436,936028,169552,5249852,8688.108,485.950,0,1895.805,0,240.975,1919,1178,2.790,1.810,1.020,2,0,2.000,0,0,11,32,0,33,0
24-04 05:56:08,22.753,2.750,73.510,0,0,1546624,968856,169552,5249836,8100.118,540.075,0,8.001,0,1.000,1824,1383,2.640,1.800,1.020,1,0,1.000,0,0,11,32,0,29,0
24-04 05:56:09,22.498,3.000,73.744,0,0,1516024,999428,169552,5249864,8529.331,485.962,0,95.992,0,3.000,1786,1197,2.640,1.800,1.020,1,0,3.000,0,0,11,32,0,29,0
24-04 05:56:10,23.009,3.251,73.279,0,0,1539204,976332,169552,5249780,10421.079,486.190,0,0,0,0,1824,1270,2.640,1.800,1.020,1,0,2.001,0,0,11,32,0,29,0
24-04 05:56:11,22.745,3.249,73.734,0,0,1503660,1011788,169552,5249868,6689.581,485.897,0,91.980,0,2.000,1725,1201,2.640,1.800,1.020,1,0,1.000,0,0,11,32,0,29,0
24-04 05:56:12,21.996,3.749,72.236,1.250,0,1506344,1009104,169556,5249880,4159.183,485.905,0,1495.706,0,22.995,2062,1856,2.640,1.800,1.020,1,0,1.000,0,0,11,32,0,21,0
24-04 05:56:13,23.003,3.750,65.008,7.501,0,1530576,984836,169608,5249860,10198.243,486.059,0,5504.671,0,230.028,2319,2259,2.590,1.800,1.030,1,0,2.000,0,0,11,32,0,21,0
24-04 05:56:14,22.751,3.250,73.753,0,0,1498264,1017152,169608,5249856,7998.351,486.021,0,20.001,0,1.000,1788,1300,2.590,1.800,1.030,1,0,1.000,0,0,11,32,0,21,0
24-04 05:56:15,22.247,3.499,73.489,0,0,1517664,997728,169608,5249880,3499.480,539.920,0,23.996,0,1.000,1795,1372,2.590,1.800,1.030,1,0,2.000,0,0,11,32,0,21,0
24-04 05:56:16,22.252,3.000,73.757,0,0,1542624,972780,169608,5249868,8561.812,486.046,0,0,0,0,1812,1323,2.590,1.800,1.030,1,0,2.000,0,0,11,32,0,21,0
24-04 05:56:17,13.522,15.525,70.615,0,0,1492196,1023136,169608,5249924,6567.690,486.792,0,208.339,0,10.016,4685,3611,2.590,1.800,1.030,3,0,354.577,0,0,11,32,0,16,0
24-04 05:56:18,18.599,7.935,72.658,0,0,1502560,1012748,169608,5249948,9724.806,482.074,0,47.612,0,1.984,2883,2175,2.460,1.790,1.030,1,1,105.144,0,0,11,32,0,16,0
24-04 05:56:19,23.162,2.769,72.760,0,0,1493328,1021704,169608,5250220,10810.746,489.429,0,245.722,0,38.268,1926,1211,2.460,1.790,1.030,1,0,9.064,0,0,11,32,0,16,0
24-04 05:56:20,22.493,3.249,73.977,0,0,1505136,1009892,169608,5250224,3245.004,485.851,0,0,0,0,1778,1285,2.460,1.790,1.030,1,0,0,0,0,11,32,0,16,0
24-04 05:56:21,14.787,15.789,69.423,0,0,1470500,1044392,169608,5250356,12705.638,487.213,40.100,84.210,2.005,3.007,5011,3951,2.460,1.790,1.030,2,0,403.004,0,0,11,32,0,12,0
24-04 05:56:22,8.746,21.241,68.221,0.250,0,1454284,1060556,169608,5250396,8344.398,485.790,0,539.767,0,18.992,6468,5443,2.460,1.790,1.030,3,0,531.770,0,0,11,32,0,12,0
24-04 05:56:23,7.496,22.238,67.963,0.750,0,1434028,1080760,169620,5250432,8895.192,485.737,0,855.538,0,29.984,6430,5359,2.350,1.780,1.030,1,0,545.705,0,0,11,32,0,12,0
24-04 05:56:24,8.501,22.504,68.261,0,0,1426036,1088724,169620,5250460,8086.279,486.077,0,1364.216,0,17.003,6478,5411,2.350,1.780,1.030,2,0,580.092,0,0,11,32,0,12,0
24-04 05:56:25,8.001,21.754,68.762,0,0,1414280,1100436,169620,5250500,10577.890,486.087,0,1412.252,0,41.007,6545,5363,2.350,1.780,1.030,2,0,573.102,0,0,11,32,0,8,0
24-04 05:56:26,8.260,21.527,70.088,0,0,1405184,1109488,169620,5250544,6725.487,540.682,0,252.318,0,9.011,6623,5772,2.350,1.780,1.030,1,0,609.769,0,0,11,32,0,8,0
24-04 05:56:27,7.498,22.494,68.732,0,0,1396452,1118172,169620,5250580,3836.970,431.884,0,291.922,0,16.995,6710,5815,2.350,1.780,1.030,1,0,646.826,0,0,11,32,0,8,0
24-04 05:56:28,12.212,22.679,62.305,0.748,0,1356396,1158128,169648,5250616,3936.672,484.483,0,482.489,0,27.913,6887,6594,2.320,1.780,1.030,3,0,679.871,0,0,11,32,0,10,0
24-04 05:56:29,51.425,21.824,26.591,0.502,0,1502272,1012104,169672,5250740,9012.724,541.847,0,846.887,0,52.178,5830,5052,2.320,1.780,1.030,3,0,498.700,0,0,11,32,0,11,0
24-04 05:56:30,55.072,8.223,22.428,13.457,0,1655832,854304,169708,5254396,6155.153,484.438,442.573,3743.928,9.968,207.331,4104,3217,2.320,1.780,1.030,2,1,3.987,0,0,11,34,0,11,0
24-04 05:56:31,16.748,3.749,43.994,33.495,0,1656996,849544,169840,5257284,9721.643,485.932,0,8206.855,0,535.925,5638,9022,2.320,1.780,1.030,0,1,29.996,0,0,11,38,0,12,0
24-04 05:56:32,7.498,2.749,56.736,30.742,0,1656104,848788,169992,5258712,9153.722,485.879,0,10705.336,0,730.818,4991,9259,2.320,1.780,1.030,0,4,20.995,0,0,11,38,0,12,0
24-04 05:56:33,6.753,3.251,51.520,35.264,0,1656072,847528,170152,5259804,9606.760,486.190,0,13621.331,0,882.345,5073,9482,2.530,1.830,1.050,0,3,18.007,0,0,11,38,0,11,0
24-04 05:56:34,7.246,2.748,50.719,36.228,0,1655076,847276,170256,5260912,7100.726,485.708,0,12316.587,0,800.518,5640,10471,2.530,1.830,1.050,0,2,14.991,0,0,11,38,0,11,0
24-04 05:56:35,4.006,3.004,46.814,43.560,0,1654352,846772,170344,5262020,6129.436,486.670,0,10622.620,0,622.857,4085,7532,2.530,1.830,1.050,0,1,4.006,0,0,11,38,0,11,0
24-04 05:56:36,8.242,3.497,53.697,31.719,0,1653712,846268,170432,5263048,5425.687,485.525,0,13670.613,0,905.114,5717,10368,2.530,1.830,1.050,0,1,14.985,0,0,11,38,0,11,0
24-04 05:56:37,6.504,2.251,56.535,32.020,0,1652520,846412,170488,5264012,9116.614,486.299,0,9041.568,0,677.417,4830,8661,2.530,1.830,1.050,3,2,12.007,0,0,11,38,0,8,0
24-04 05:56:38,5.999,2.749,49.490,38.242,0.500,1651456,846452,170532,5264960,9572.998,485.898,0,11473.601,0,731.847,4984,9195,2.490,1.840,1.060,3,2,5.999,0,0,11,38,0,8,0
24-04 05:56:39,16.524,7.010,39.057,35.803,0,1598660,898196,170576,5265948,8934.101,486.714,0,12950.992,0,854.253,6112,9826,2.490,1.840,1.060,1,4,63.093,0,0,11,36,0,8,0
24-04 05:56:40,22.248,3.750,36.246,35.746,0,1646876,848832,170604,5267000,10854.801,2836.687,0,12382.633,0,764.916,5798,9139,2.490,1.840,1.060,1,1,5.999,0,0,11,37,0,8,0
24-04 05:56:41,18.724,4.494,46.437,27.962,0,1651296,843288,170676,5268020,16273.783,7390.910,0,10925.085,0,846.844,7035,11606,2.490,1.840,1.060,2,1,17.975,0,0,11,38,0,9,0
24-04 05:56:42,24.061,8.522,32.582,32.081,0,1648856,843668,170776,5269852,7648.320,487.231,0,12475.514,0,906.289,7229,11376,2.490,1.840,1.060,1,3,91.230,0,0,11,38,0,9,0
24-04 05:56:43,20.246,3.249,40.492,33.243,0,1668552,823016,170828,5270776,13663.317,6131.796,0,12489.548,0,859.831,5555,8650,2.610,1.870,1.080,0,2,2.999,0,0,11,39,0,9,0
24-04 05:56:44,17.249,4.500,43.247,33.748,0,1665904,824312,170944,5271948,18795.637,8455.387,0,12667.082,0,849.938,8385,14129,2.610,1.870,1.080,2,2,8.999,0,0,11,39,0,9,0
24-04 05:56:45,17.504,4.001,45.761,30.257,0,1663916,825076,171048,5273024,10578.550,6411.546,0,12831.093,0,864.208,7648,13579,2.610,1.870,1.080,1,2,16.004,0,0,11,38,0,9,0
24-04 05:56:46,23.691,5.985,34.913,32.918,0,1640836,846568,171112,5274456,10491.728,526.681,0,12999.449,0,915.707,5981,9006,2.610,1.870,1.080,2,2,38.903,0,0,11,38,0,9,0
24-04 05:56:47,23.302,6.264,43.597,25.807,0,1677912,808348,171140,5275540,15094.416,7200.942,0,7544.703,0,563.247,6466,19524,2.610,1.870,1.080,0,1,48.106,0,0,11,39,0,10,0
24-04 05:56:48,16.964,3.992,48.398,27.193,0,1677536,807368,171232,5276728,13702.241,7202.882,0,13803.029,0,880.153,7375,12783,2.640,1.890,1.090,0,2,2.994,0,0,11,39,0,10,0
24-04 05:56:49,20.010,5.753,42.771,28.764,0,1643756,839160,171288,5278612,17549.692,7181.557,0,11605.748,0,742.368,8063,12845,2.640,1.890,1.090,1,3,53.026,0,0,11,38,0,10,0
24-04 05:56:50,26.950,6.488,32.190,33.937,0,1714776,767340,171372,5279348,10165.142,485.100,0,14792.557,0,875.376,5951,9433,2.640,1.890,1.090,3,0,21.959,0,0,11,38,0,10,0
24-04 05:56:51,22.578,3.763,45.908,25.588,0,1711884,768880,171472,5280544,12338.488,8763.177,0,6285.645,0,535.845,6528,10434,2.640,1.890,1.090,1,1,12.041,0,0,11,39,0,10,0
24-04 05:56:52,15.712,3.492,47.635,29.429,0,1705912,773800,171584,5281468,15749.924,6893.335,0,12046.877,0,812.037,7938,14232,2.640,1.890,1.090,0,2,5.986,0,0,11,39,0,10,0
24-04 05:56:53,17.752,4.250,45.254,30.503,0,1681484,797568,171668,5282016,14045.385,5238.516,0,8976.885,0,623.061,6139,9830,2.670,1.910,1.100,1,1,36.004,0,0,11,38,0,10,0
24-04 05:56:54,37.608,11.533,29.334,20.308,0,1619092,858972,171812,5282836,7482.396,487.394,0,14694.018,0,955.733,7256,10468,2.670,1.910,1.100,2,2,175.502,0,0,11,36,0,10,0
24-04 05:56:55,32.210,15.481,34.208,16.230,0,1601696,874900,171912,5284248,16893.233,8722.278,371.543,6579.911,5.993,508.375,10329,15589,2.670,1.910,1.100,3,1,224.724,0,0,11,37,0,10,0
24-04 05:56:56,24.213,11.982,34.697,26.709,0,1611016,864188,172024,5285400,18164.132,9501.423,1793.249,11723.014,34.946,737.868,9077,15381,2.670,1.910,1.100,4,1,177.727,0,0,11,37,0,10,0
24-04 05:56:57,21.786,7.012,43.071,26.794,0,1550156,924004,172076,5286332,11897.621,3393.597,0,10697.642,0,887.464,6008,8713,2.670,1.910,1.100,1,1,61.101,0,0,11,36,0,11,0
24-04 05:56:58,21.252,4.000,49.004,23.752,0,1578828,894156,172164,5287392,13521.018,5518.415,0,10468.788,0,707.053,5509,8700,2.860,1.960,1.120,1,1,0,0,0,11,37,0,11,0
24-04 05:56:59,17.466,6.238,45.411,28.195,0,1547196,924964,172204,5288156,7798.764,4223.748,0,11082.349,0,685.660,6434,10638,2.860,1.960,1.120,1,1,33.934,0,0,11,36,0,12,0
24-04 05:57:00,22.494,4.749,46.988,23.494,0,1567616,903320,172248,5289308,12089.896,2836.272,0,9089.666,0,676.826,5534,8589,2.860,1.960,1.120,1,1,2.999,0,0,11,37,0,12,0
24-04 05:57:01,18.539,5.511,46.346,26.806,0,1542212,927424,172300,5290464,10776.420,4855.101,0,11030.950,0,716.491,6129,9664,2.860,1.960,1.120,3,1,60.125,0,0,11,36,0,13,0
24-04 05:57:02,24.474,4.745,44.702,24.723,0,1562016,906528,172328,5291492,5345.224,1331.561,0,9102.165,0,661.285,5029,7943,2.860,1.960,1.120,1,2,5.994,0,0,11,37,0,13,0
24-04 05:57:03,17.027,3.505,53.333,23.286,0,1560488,907088,172360,5292376,18492.864,9449.749,0,8461.206,0,604.944,6647,11540,3.110,2.030,1.140,1,1,3.005,0,0,11,37,0,13,0
24-04 05:57:04,23.255,6.251,42.260,27.507,0,1586940,879960,172368,5293012,6835.617,1257.297,0,11410.698,0,526.124,4964,7472,3.110,2.030,1.140,1,1,43.010,0,0,11,36,0,14,0
24-04 05:57:05,18.740,3.998,43.726,31.732,0,1596784,869136,172380,5293964,14755.790,6183.560,0,11897.381,0,737.590,4757,7851,3.110,2.030,1.140,0,1,0.999,0,0,11,37,0,14,0
24-04 05:57:06,16.469,5.739,54.648,20.462,0,1570332,894360,172428,5295112,12213.237,5586.588,0,6272.310,0,527.018,6818,10529,3.110,2.030,1.140,0,1,65.877,0,0,11,36,0,15,0
24-04 05:57:07,3.249,2.499,58.979,32.238,0,1557576,906232,172464,5295940,3680.678,539.806,0,9328.649,0,631.773,4102,7822,3.110,2.030,1.140,1,0,5.998,0,0,11,36,0,15,0
24-04 05:57:08,4.250,2.750,63.248,26.749,0,1543580,919160,172512,5296928,8914.654,485.981,0,9131.645,0,713.972,4576,8383,3.180,2.060,1.160,0,2,9.000,0,0,11,36,0,15,0
24-04 05:57:09,4.251,3.001,60.765,29.757,0,1531740,930872,172548,5297016,7687.920,486.121,0,13043.257,0,865.216,4520,8488,3.180,2.060,1.160,0,1,9.002,0,0,11,36,0,15,0
24-04 05:57:10,4.001,2.501,61.763,28.256,0,1520860,940828,172608,5297812,8611.784,486.101,0,8661.794,0,662.137,4504,8100,3.180,2.060,1.160,0,2,3.001,0,0,11,36,0,15,0
24-04 05:57:11,6.498,2.749,67.477,21.243,0,1512744,948328,172624,5298392,6168.897,485.834,0,6657.730,0,612.791,4828,8520,3.180,2.060,1.160,1,2,9.997,0,0,11,36,0,15,0
24-04 05:57:12,5.999,2.750,56.490,31.745,0,1505976,953816,172664,5299580,9294.434,485.918,0,14117.621,0,848.857,4525,8543,3.180,2.060,1.160,0,2,4.999,0,0,11,36,0,15,0
24-04 05:57:13,4.003,2.502,60.549,29.274,0,1499372,960276,172700,5299684,7139.810,486.396,0,8807.167,0,814.663,5362,10012,3.170,2.080,1.170,0,1,12.010,0,0,11,36,0,15,0
24-04 05:57:14,6.495,3.248,58.955,29.478,0,1493552,965668,172744,5300064,4172.823,485.630,0,9280.933,0,748.430,5087,8956,3.170,2.080,1.170,0,1,11.991,0,0,11,36,0,15,0
24-04 05:57:15,4.507,2.754,55.085,34.804,0.250,1488528,970296,172784,5300412,5758.909,486.753,0,14085.790,0,943.460,4752,8725,3.170,2.080,1.170,2,1,7.011,0,0,11,36,0,15,0
24-04 05:57:16,4.244,2.996,58.668,30.457,0,1483752,974096,172856,5301296,9659.440,485.319,0,11455.918,0,827.838,5246,9468,3.170,2.080,1.170,1,1,8.987,0,0,11,36,0,15,0
24-04 05:57:17,4.499,2.250,60.741,29.996,0,1480056,977276,172896,5301748,11308.357,485.929,0,8006.837,0,577.916,4113,7313,3.170,2.080,1.170,0,1,5.999,0,0,11,36,0,15,0
24-04 05:57:18,4.476,2.735,61.166,28.096,0,1476696,980144,173004,5302124,11294.259,537.064,0,9627.371,0,738.960,4927,9038,3.310,2.130,1.190,2,2,8.951,0,0,11,36,0,15,0
24-04 05:57:19,6.288,2.767,59.358,29.428,0,1473568,982476,173100,5302804,9581.817,488.950,0,9320.239,0,683.122,4504,7965,3.310,2.130,1.190,0,2,6.036,0,0,11,36,0,15,0
24-04 05:57:20,4.499,2.750,58.992,30.746,0,1471852,983900,173144,5303040,8563.802,485.932,0,11866.341,0,797.888,5671,10461,3.310,2.130,1.190,4,0,8.999,0,0,11,36,0,15,0
24-04 05:57:21,6.000,2.750,63.750,24.250,0,1471468,984960,173220,5302280,8726.955,485.997,0,7187.963,0,677.997,4829,9182,3.310,2.130,1.190,1,2,3.000,0,0,11,36,0,15,0
24-04 05:57:22,3.749,3.000,60.240,29.995,0,1470432,985684,173288,5302524,4178.331,485.922,0,13317.868,0,925.852,4674,8975,3.310,2.130,1.190,0,1,0,0,0,11,36,0,15,0
24-04 05:57:23,3.500,2.250,60.496,30.498,0,1470276,986368,173324,5301960,7969.536,485.972,0,8051.531,0,627.963,4257,7803,3.370,2.160,1.210,0,2,3.000,0,0,11,36,0,15,0
24-04 05:57:24,6.753,2.251,64.533,24.012,0,1469712,987232,173372,5301608,6618.412,486.251,0,7760.000,0,694.358,4928,9109,3.370,2.160,1.210,0,2,3.002,0,0,11,36,0,15,0
24-04 05:57:25,6.246,2.248,58.711,30.230,0,1469540,987232,173392,5301760,3384.728,485.674,0,10552.916,0,700.530,4095,7444,3.370,2.160,1.210,0,1,3.997,0,0,11,36,0,15,0
24-04 05:57:26,7.252,2.001,68.273,20.507,0,1468988,987232,173420,5302284,9115.105,696.237,0,3857.314,0,421.143,4231,7282,3.370,2.160,1.210,0,3,9.003,0,0,11,36,0,15,0
24-04 05:57:27,4.500,2.250,57.001,32.500,0,1468728,987232,173440,5302524,10711.096,612.005,0,13248.119,0,841.008,4377,8315,3.370,2.160,1.210,2,2,3.000,0,0,11,36,0,15,0
24-04 05:57:28,4.498,2.749,60.227,28.989,0,1468408,987232,173448,5302836,11803.407,779.697,0,10759.813,0,862.664,5585,9944,3.340,2.170,1.220,0,1,8.996,0,0,11,36,0,15,0
24-04 05:57:29,5.250,2.750,63.504,25.501,0,1468076,987232,173456,5303156,6226.343,486.027,0,9908.546,0,797.044,4762,8773,3.340,2.170,1.220,0,2,9.000,0,0,11,36,0,15,0
24-04 05:57:30,6.251,2.250,62.255,26.752,0,1467596,987232,173472,5303612,3812.317,486.040,0,8652.720,0,697.058,4450,7986,3.340,2.170,1.220,0,1,6.000,0,0,11,36,0,9,0
24-04 05:57:31,6.252,3.751,60.019,26.759,0,1467912,987232,173496,5303268,9564.098,486.157,0,11703.791,0,925.300,5752,10471,3.340,2.170,1.220,1,3,6.002,0,0,11,38,0,9,0
24-04 05:57:32,4.749,2.499,60.487,29.244,0,1468308,987232,173516,5302852,6042.693,485.895,0,11497.512,0,783.830,5379,9809,3.340,2.170,1.220,0,1,2.999,0,0,11,38,0,9,0
24-04 05:57:33,5.752,2.501,66.024,23.258,0,1468172,987232,173536,5302964,4550.650,540.196,0,8006.903,0,689.250,4783,8626,3.150,2.150,1.210,1,1,6.002,0,0,11,38,0,9,0
24-04 05:57:34,5.499,3.249,54.735,34.241,0,1467808,987232,173576,5303288,8491.713,485.869,0,12076.748,0,837.774,4673,8620,3.150,2.150,1.210,0,2,0,0,0,11,38,0,8,0
24-04 05:57:35,5.009,2.003,62.108,27.548,0,1467628,987232,173592,5303444,7646.329,486.849,0,10289.938,0,748.304,4421,8007,3.150,2.150,1.210,1,1,7.012,0,0,11,38,0,8,0
24-04 05:57:36,5.989,2.994,61.633,27.448,0,1466908,987232,173616,5304128,8389.036,485.077,0,12623.976,0,910.268,5439,9840,3.150,2.150,1.210,1,1,8.983,0,0,11,38,0,8,0
24-04 05:57:37,6.247,2.249,65.222,22.740,0,1466704,987232,173628,5304308,8734.245,485.791,0,5433.664,0,546.765,4593,8088,3.150,2.150,1.210,1,0,8.996,0,0,11,38,0,8,0
24-04 05:57:38,5.748,2.999,56.726,31.487,0,1466464,987232,173640,5304536,4877.976,485.798,0,11535.213,0,781.676,5370,10140,3.220,2.180,1.230,1,1,5.998,0,0,11,38,0,8,0
24-04 05:57:39,10.260,3.003,57.556,26.526,0,1465876,987232,173664,5305084,9855.615,486.475,0,12059.766,0,873.853,5107,9078,3.220,2.180,1.230,0,1,6.006,0,0,11,38,0,8,0
24-04 05:57:40,7.750,3.000,58.253,28.251,0,1465512,987232,173676,5305428,6464.278,486.021,0,9904.426,0,734.032,5062,8821,3.220,2.180,1.230,2,2,12.001,0,0,11,38,0,8,0
24-04 05:57:41,7.501,2.250,63.011,24.504,0,1465072,987232,173696,5305840,9664.674,486.084,0,5829.010,0,532.092,4891,8733,3.220,2.180,1.230,1,1,9.002,0,0,11,38,0,8,0
24-04 05:57:42,7.018,3.008,57.394,29.073,0,1464784,987232,173708,5306112,8338.883,487.220,0,12816.095,0,920.305,5572,10381,3.220,2.180,1.230,2,2,12.030,0,0,11,38,0,8,0
24-04 05:57:43,4.737,3.241,54.844,34.402,0,1464256,987232,173740,5306564,9606.636,526.500,0,12580.166,0,831.631,4562,8283,3.040,2.160,1.230,0,2,8.974,0,0,11,38,0,7,0
24-04 05:57:44,5.752,2.751,66.268,22.256,0,1463892,987232,173776,5306860,10473.875,486.133,0,6809.869,0,667.183,5216,9269,3.040,2.160,1.230,1,0,12.003,0,0,11,38,0,7,0
24-04 05:57:45,4.248,2.999,59.972,30.236,0,1463528,987232,173804,5307188,3930.174,485.774,0,11038.872,0,759.647,4536,8431,3.040,2.160,1.230,1,0,9.995,0,0,11,38,0,7,0
24-04 05:57:46,6.765,2.506,65.650,22.551,0,1462940,987232,173824,5307744,4744.805,529.205,0,6795.476,0,647.475,4726,8463,3.040,2.160,1.230,0,1,6.014,0,0,11,38,0,7,0
24-04 05:57:47,7.989,4.993,54.923,28.960,0,1486008,963796,173848,5311288,8876.608,485.322,0,9482.762,0,706.014,6251,15159,3.040,2.160,1.230,4,1,41.941,0,0,12,39,0,7,0
24-04 05:57:48,5.510,2.755,57.604,31.307,0,1457960,991368,173880,5308492,6658.064,528.958,0,14301.914,0,904.639,5072,10959,3.040,2.180,1.240,0,2,3.005,0,0,11,38,0,8,0
24-04 05:57:49,4.987,2.494,67.579,21.446,0,1457256,991368,173896,5309160,9772.247,538.636,0,6004.790,0,585.517,4960,8961,3.040,2.180,1.240,0,1,8.977,0,0,11,38,0,8,0
24-04 05:57:50,5.750,3.250,58.249,29.499,0,1456980,991368,173912,5309420,7033.864,485.991,0,12551.757,0,913.982,5688,10515,3.040,2.180,1.240,0,1,12.000,0,0,11,38,0,8,0
24-04 05:57:51,4.001,2.751,63.264,26.756,0,1456492,991116,173936,5310116,8328.845,486.108,0,7765.720,0,611.135,4399,7868,3.040,2.180,1.240,0,1,12.003,0,0,11,38,0,6,0
24-04 05:57:52,3.751,2.750,60.758,29.504,0,1456264,991116,173948,5310324,8213.118,486.066,0,14629.992,0,938.128,5084,9420,3.040,2.180,1.240,1,2,3.000,0,0,11,38,0,6,0
24-04 05:57:53,7.016,2.255,67.153,22.050,0,1455988,990612,173956,5311072,3692.394,487.107,0,7456.952,0,686.561,4599,8571,2.870,2.160,1.240,0,1,12.027,0,0,11,38,0,6,0
24-04 05:57:54,3.998,2.749,58.469,31.983,0,1456080,990108,173964,5311468,4187.757,485.740,0,13472.785,0,933.500,5016,9387,2.870,2.160,1.240,3,1,2.998,0,0,11,38,0,6,0
24-04 05:57:55,3.743,2.745,63.384,26.951,0,1455652,990108,173980,5311860,8031.253,485.109,0,7238.709,0,647.811,4739,8507,2.870,2.160,1.240,0,1,12.976,0,0,11,38,0,6,0
24-04 05:57:56,4.999,3.499,57.237,32.493,0,1455936,989604,174004,5312052,5530.735,485.889,0,13640.880,0,917.790,5078,9285,2.870,2.160,1.240,0,2,2.999,0,0,11,38,0,6,0
24-04 05:57:57,4.500,2.000,59.498,30.999,0,1455748,989604,174020,5312224,9575.754,485.988,0,9343.760,0,667.983,4387,7774,2.870,2.160,1.240,1,0,9.000,0,0,11,38,0,6,0
24-04 05:57:58,5.004,2.502,64.795,24.517,0.250,1456224,988344,174028,5312980,8011.619,486.341,0,8602.033,0,748.525,5044,9147,2.880,2.170,1.250,1,1,15.011,0,0,11,38,0,6,0
24-04 05:57:59,6.746,2.998,57.716,30.482,0,1455660,988344,174048,5313512,8833.753,485.711,0,11609.104,0,862.488,6072,11163,2.880,2.170,1.250,0,1,29.982,0,0,11,38,0,5,0
24-04 05:58:00,5.000,3.000,51.999,36.000,0,1455344,988092,174072,5314040,6729.923,485.994,0,12219.860,0,827.991,5517,10155,2.880,2.170,1.250,0,2,6.000,0,0,11,38,0,5,0
24-04 05:58:01,7.744,3.248,63.454,22.234,0,1455676,987084,174076,5314696,3613.387,485.649,0,10728.243,0,905.345,6110,11206,2.880,2.170,1.250,1,0,23.983,0,0,11,38,0,5,0
24-04 05:58:02,5.005,3.003,63.564,26.276,0,1455796,986580,174088,5315056,9458.537,580.585,0,7427.489,0,608.614,4400,7860,2.880,2.170,1.250,3,0,12.012,0,0,11,38,0,5,0
24-04 05:58:03,3.998,2.249,59.476,30.987,0,1455492,986580,174092,5315348,10199.884,485.804,0,9172.298,0,615.752,3822,7018,2.810,2.170,1.250,2,3,2.999,0,0,11,38,0,3,0
24-04 05:58:04,4.250,2.750,63.252,27.001,0,1455308,986328,174112,5315748,4343.106,486.012,0,8716.212,0,707.017,4600,8419,2.810,2.170,1.250,0,1,12.000,0,0,11,38,0,3,0
24-04 05:58:05,4.998,2.499,63.724,25.989,0,1454892,985320,174124,5317128,10420.680,485.799,0,10163.787,0,719.702,4754,8635,2.810,2.170,1.250,1,1,12.995,0,0,11,38,0,3,0
24-04 05:58:06,4.253,2.752,60.043,29.771,0,1454764,985096,174132,5317464,7767.529,486.346,0,9726.923,0,777.553,5261,9719,2.810,2.170,1.250,1,0,6.004,0,0,11,38,0,3,0
24-04 05:58:07,4.751,2.750,58.759,31.005,0,1456576,983080,174160,5317632,11322.667,486.072,0,9837.448,0,709.104,4230,7905,2.810,2.170,1.250,1,1,3.000,0,0,11,38,0,1,0
24-04 05:58:08,6.996,2.498,62.212,25.984,0.250,1456864,982324,174196,5318056,6700.950,485.706,0,11688.936,0,805.513,4933,9118,2.910,2.200,1.270,0,1,5.996,0,0,11,38,0,1,0
24-04 05:58:09,4.503,2.252,62.043,28.269,0,1456864,982072,174208,5318288,4045.782,486.334,0,7132.905,0,626.431,4029,7542,2.910,2.200,1.270,0,2,6.004,0,0,11,38,0,1,0
24-04 05:58:10,6.496,3.248,58.462,30.230,0.250,1457132,981316,174212,5318760,10129.464,485.687,0,11588.523,0,822.469,4378,7869,2.910,2.200,1.270,0,1,2.998,0,0,11,38,0,1,0
24-04 05:58:11,4.501,2.000,65.765,24.006,0,1458396,980812,174220,5317992,9625.216,486.112,0,6989.609,0,640.147,5072,9199,2.910,2.200,1.270,0,2,6.001,0,0,11,38,0,1,0
24-04 05:58:12,4.508,3.005,58.855,31.556,0,1459236,980812,174236,5317132,8885.841,486.868,0,11504.509,0,762.359,5305,9665,2.910,2.200,1.270,1,1,0,0,0,11,38,0,1,0
24-04 05:58:13,4.991,2.496,64.137,25.206,0,1460712,980812,174248,5315644,12155.662,539.054,0,6544.512,0,629.894,4727,8489,3.080,2.250,1.290,0,2,0,0,0,11,38,0,1,0
24-04 05:58:14,3.500,2.500,59.001,31.501,0,1461688,980812,174248,5314664,8572.165,486.009,0,9428.181,0,714.014,5219,9651,3.080,2.250,1.290,1,1,0,0,0,11,38,0,1,0
24-04 05:58:15,4.496,2.498,64.696,25.479,0,1462460,980812,174256,5313880,5858.140,485.597,0,10131.595,0,680.436,4602,8731,3.080,2.250,1.290,2,1,0.999,0,0,11,38,0,1,0
24-04 05:58:16,5.503,2.752,66.541,23.014,0,1463576,980812,174260,5312756,4416.715,486.299,0,4246.610,0,534.328,4492,8005,3.080,2.250,1.290,2,2,3.002,0,0,11,38,0,1,0
24-04 05:58:17,5.001,3.001,57.261,32.756,0,1463212,980812,174260,5313120,3671.724,486.096,0,13742.711,0,869.171,4360,8548,3.080,2.250,1.290,0,1,3.001,0,0,11,38,0,1,0
24-04 05:58:18,6.470,2.737,66.693,21.650,0,1462880,980812,174268,5313444,9621.724,483.774,0,6430.409,0,610.192,4809,8440,2.910,2.230,1.280,0,1,14.931,0,0,11,38,0,1,0
24-04 05:58:19,5.277,2.764,57.798,31.664,0,1462680,980812,174268,5313640,7165.000,488.523,0,12605.093,0,857.428,4927,9324,2.910,2.230,1.280,0,4,3.016,0,0,11,38,0,1,0
24-04 05:58:20,5.489,2.245,68.612,20.209,0,1462564,980812,174280,5313744,8065.810,485.026,0,5437.086,0,632.730,5326,9376,2.910,2.230,1.280,2,2,14.970,0,0,11,38,0,1,0
24-04 05:58:21,15.071,14.317,52.497,17.080,0,1339496,1103928,174280,5313708,7972.514,488.298,0,14198.811,0,843.971,6242,7564,2.910,2.230,1.280,1,0,332.565,0,0,11,32,0,3,0
24-04 05:58:22,18.001,23.001,56.002,1.500,0,1368364,1074740,174296,5314012,9279.324,486.017,0,1560.054,0,97.003,7027,6440,2.910,2.230,1.280,3,0,612.021,0,0,11,32,0,9,0
24-04 05:58:23,65.748,9.250,14.000,10.750,0,1580296,862052,174316,5314744,8261.732,485.984,0,2399.922,0,122.996,4163,2317,3,2.260,1.300,3,0,3.000,0,0,11,32,0,9,0
24-04 05:58:24,68.693,5.495,22.731,2.498,0,1785504,653676,174440,5317460,4067.609,485.595,0,3640.965,0,113.905,3993,1899,3,2.260,1.300,3,0,0,0,0,11,32,0,9,0
24-04 05:58:25,32.686,4.242,38.923,21.957,0,1807116,627716,174552,5321312,4956.226,485.043,0,9157.940,0,453.106,4985,6179,3,2.260,1.300,2,1,21.957,0,0,11,38,0,9,0
24-04 05:58:26,11.014,3.254,46.308,36.796,0,1805296,627716,174564,5323068,8759.046,486.614,0,11830.919,0,819.033,5862,10142,3,2.260,1.300,1,2,42.053,0,0,11,38,0,9,0
24-04 05:58:27,8.486,2.995,49.419,37.189,0,1804096,627464,174572,5324472,7612.521,485.205,0,11660.885,0,796.694,5991,10952,3,2.260,1.300,1,2,23.961,0,0,11,38,0,9,0
24-04 05:58:28,7.246,2.998,49.470,36.977,0,1805184,624944,174576,5325872,10707.434,485.702,0,11888.710,0,805.506,5214,9156,3,2.270,1.310,1,1,14.991,0,0,11,38,0,9,0
24-04 05:58:29,7.756,3.253,49.289,37.529,0,1804044,624188,174596,5327696,10631.318,486.381,0,8959.010,0,666.522,5796,10157,3,2.270,1.310,0,2,21.016,0,0,11,38,0,9,0
24-04 05:58:30,5.006,3.254,57.323,31.290,0,1804076,623432,174616,5328380,8436.754,486.620,0,11574.754,0,743.948,4816,8944,3,2.270,1.310,0,3,21.027,0,0,11,38,0,9,0
24-04 05:58:31,7.736,3.244,56.401,29.698,0,1803272,623432,174624,5329152,8512.041,485.147,0,12366.268,0,851.504,5321,9475,3,2.270,1.310,1,1,23.958,0,0,11,38,0,9,0
24-04 05:58:32,8.252,2.751,56.512,30.006,0,1802796,622928,174628,5330108,5258.089,486.101,0,11470.376,0,761.158,5616,10081,3,2.270,1.310,0,1,27.006,0,0,11,38,0,9,0
24-04 05:58:33,6.497,2.999,46.980,40.233,0,1802576,621920,174628,5331296,5423.673,485.792,0,12122.799,0,808.653,5369,9988,2.840,2.250,1.310,3,1,14.994,0,0,11,38,0,9,0
24-04 05:58:34,6.502,2.501,51.765,36.261,0,1802032,621416,174648,5332276,11629.408,486.142,0,11739.440,0,810.237,6346,11812,2.840,2.250,1.310,0,2,21.006,0,0,11,38,0,9,0
24-04 05:58:35,5.991,2.247,52.919,35.446,0,1802660,619904,174664,5333120,7422.669,527.195,0,10168.477,0,670.976,4765,8687,2.840,2.250,1.310,1,4,18.971,0,0,11,38,0,9,0
24-04 05:58:36,5.760,2.755,51.087,38.315,0,1802228,619400,174672,5334028,11175.061,486.830,0,10654.172,0,689.175,4441,8021,2.840,2.250,1.310,0,1,18.031,0,0,11,38,0,9,0
24-04 05:58:37,6.499,3.749,54.490,32.744,0,1803060,617412,174684,5335144,10508.118,485.913,0,13529.577,0,894.840,6312,11639,2.840,2.250,1.310,1,2,11.998,0,0,11,38,0,9,0
24-04 05:58:38,9.015,3.005,52.837,32.303,0,1803104,615912,174704,5336476,9064.853,486.798,0,14483.732,0,1011.658,6671,12126,2.690,2.230,1.300,0,1,36.059,0,0,11,38,0,9,0
24-04 05:58:39,8.485,3.743,55.651,29.448,0,1803648,614148,174708,5337648,9107.846,485.140,0,10681.055,0,821.543,6482,11692,2.690,2.230,1.300,3,0,35.936,0,0,11,38,0,9,0
24-04 05:58:40,6.764,3.257,50.356,37.579,0,1803004,613896,174724,5338508,3380.135,487.028,0,11183.608,0,762.610,5850,10440,2.690,2.230,1.300,2,3,24.051,0,0,11,38,0,9,0
24-04 05:58:41,6.989,2.246,48.671,38.188,0,1802996,612888,174728,5339488,8546.056,485.208,0,12451.684,0,807.682,6393,11781,2.690,2.230,1.300,0,4,20.966,0,0,11,38,0,9,0
24-04 05:58:42,4.498,2.749,51.224,38.980,0,1804400,610620,174740,5340288,7327.235,539.723,0,9651.041,0,718.631,4747,8737,2.690,2.230,1.300,2,1,14.992,0,0,11,38,0,9,0
24-04 05:58:43,5.001,3.251,49.012,40.260,0,1804528,609360,174740,5341332,4977.266,486.124,0,11110.827,0,803.204,4420,7856,2.710,2.240,1.310,0,2,18.005,0,0,11,38,0,9,0
24-04 05:58:44,5.499,2.250,56.745,32.497,0,1803824,609108,174744,5342228,9628.080,485.954,0,6991.332,0,551.947,4532,8061,2.710,2.240,1.310,0,1,14.999,0,0,11,38,0,9,0
24-04 05:58:45,5.250,2.250,54.754,34.503,0,1803168,609036,174744,5342944,9044.666,486.036,0,11344.835,0,743.055,5282,9639,2.710,2.240,1.310,0,1,10.001,0,0,11,38,0,9,0
24-04 05:58:46,6.003,3.752,53.523,34.765,0,1802936,608716,174744,5343476,10865.698,486.210,0,13725.934,0,899.389,5086,9274,2.710,2.240,1.310,0,3,12.005,0,0,11,38,0,9,0
24-04 05:58:47,5.496,3.248,52.466,35.227,0,1802644,608148,174752,5344312,12336.962,485.684,0,14598.489,0,1036.325,6680,12456,2.710,2.240,1.310,0,1,19.987,0,0,11,38,0,9,0
24-04 05:58:48,10.752,4.751,50.509,32.006,0,1816140,593764,174764,5345164,5942.072,486.088,0,10025.809,0,691.125,6243,18608,2.740,2.250,1.320,1,1,51.009,0,0,11,38,0,9,0
24-04 05:58:49,5.250,2.750,57.752,31.501,0,1814404,595016,174780,5345620,9817.259,486.013,0,12556.332,0,818.022,4880,8980,2.740,2.250,1.320,0,1,12.000,0,0,11,38,0,9,0
24-04 05:58:50,4.502,3.251,60.022,30.511,0,1812776,596088,174792,5346144,6648.401,486.176,0,11220.052,0,712.257,4347,7896,2.740,2.250,1.320,0,4,12.004,0,0,11,38,0,9,0
24-04 05:58:51,6.498,2.499,45.738,41.739,0,1811328,596792,174792,5346868,4089.913,485.871,0,11796.865,0,800.787,7161,13293,2.740,2.250,1.320,3,0,14.996,0,0,11,38,0,9,0
24-04 05:58:52,28.327,7.019,32.338,30.583,0,1704104,701672,174808,5349124,8094.925,487.320,0,11057.950,0,755.045,6938,10579,2.740,2.250,1.320,1,3,99.269,0,0,11,36,0,9,0
24-04 05:58:53,29.183,4.989,29.682,34.421,0,1769304,635396,174820,5350160,7962.709,484.886,0,11820.847,0,829.096,6680,11073,2.920,2.300,1.340,2,1,27.936,0,0,11,36,0,9,0
24-04 05:58:54,28.559,3.257,35.073,31.315,0,1801160,602384,174824,5351284,8530.690,487.010,0,13014.989,0,843.750,6642,11400,2.920,2.300,1.340,2,3,20.042,0,0,11,38,0,9,0
24-04 05:58:55,7.232,5.736,50.627,33.668,0,1727224,675344,174828,5352236,11207.787,484.823,0,13243.843,0,834.973,5860,9654,2.920,2.300,1.340,2,2,96.765,0,0,11,36,0,9,0
24-04 05:58:56,5.513,2.506,57.883,31.071,0,1719128,682412,174832,5353216,3401.799,541.241,0,8459.393,0,629.443,5171,9114,2.920,2.300,1.340,1,2,21.048,0,0,11,36,0,9,0
24-04 05:58:57,4.985,2.991,55.336,33.650,0,1710992,689808,174840,5353924,11315.492,484.565,0,11820.996,0,716.877,5865,10917,2.920,2.300,1.340,3,1,17.947,0,0,11,36,0,9,0
24-04 05:58:58,5.509,3.005,45.822,44.069,0.250,1703460,696384,174856,5354848,8474.228,486.760,0,11089.310,0,758.183,5214,9343,3.010,2.330,1.360,0,1,12.019,0,0,11,36,0,9,0
24-04 05:58:59,4.745,1.998,57.191,32.966,0,1697396,701208,174876,5356032,7657.117,539.445,0,5953.870,0,458.528,3919,6976,3.010,2.330,1.360,0,1,11.988,0,0,11,36,0,9,0
24-04 05:59:00,5.749,3.500,54.245,33.247,0,1691616,706016,174884,5356972,7790.318,485.957,0,12942.866,0,834.927,5370,9840,3.010,2.330,1.360,2,1,8.999,0,0,11,36,0,9,0
24-04 05:59:01,6.004,3.252,48.786,38.529,0,1686944,709616,174900,5357976,9168.842,486.363,0,13830.320,0,857.640,5123,9198,3.010,2.330,1.360,0,2,15.011,0,0,11,36,0,9,0
24-04 05:59:02,7.484,3.243,55.634,30.686,0,1682628,712688,174904,5359172,10268.514,632.676,0,10553.917,0,817.290,5458,9522,3.010,2.330,1.360,4,1,23.950,0,0,11,36,0,9,0
24-04 05:59:03,7.533,2.511,49.720,37.667,0,1680576,714360,174916,5359524,4613.413,488.160,0,10048.462,0,711.147,4716,8324,2.930,2.320,1.360,0,2,9.040,0,0,11,36,0,9,0
24-04 05:59:04,5.733,3.489,51.843,36.390,0,1679096,714648,174924,5360680,3993.912,538.371,0,13858.058,0,879.339,5120,9541,2.930,2.320,1.360,0,3,8.973,0,0,11,36,0,9,0
24-04 05:59:05,6.521,3.009,50.158,37.117,0,1676660,716556,174924,5361188,8967.263,487.537,0,12483.345,0,794.504,4924,8818,2.930,2.320,1.360,2,2,1.003,0,0,11,36,0,9,0
24-04 05:59:06,5.981,2.492,46.852,41.868,0,1675624,716124,174932,5362620,7260.120,484.473,0,10467.014,0,671.883,4909,9047,2.930,2.320,1.360,0,1,0,0,0,11,36,0,9,0
24-04 05:59:07,5.251,2.750,58.506,30.503,0,1673000,716940,174936,5364280,7932.879,486.054,0,9217.021,0,631.070,4801,8965,2.930,2.320,1.360,0,1,0,0,0,11,36,0,9,0
24-04 05:59:08,4.500,3.000,57.252,31.751,0,1671560,717208,174940,5365412,6555.233,540.019,0,12424.441,0,813.029,5541,10745,3.010,2.350,1.380,0,2,0,0,0,11,36,0,9,0
24-04 05:59:09,5.248,2.749,46.235,43.236,0,1670020,717396,174940,5366736,9298.993,485.843,0,13163.743,0,786.746,4580,8492,3.010,2.350,1.380,1,1,0,0,0,11,36,0,9,0
24-04 05:59:10,4.750,2.750,59.754,29.752,0,1669108,716852,174944,5368128,6282.461,486.036,0,8068.591,0,543.040,4421,8167,3.010,2.350,1.380,0,3,0,0,0,11,36,0,9,0
24-04 05:59:11,5.000,3.000,55.254,34.753,0,1667896,717044,174944,5369092,5182.412,540.043,0,11872.945,0,755.060,4962,9366,3.010,2.350,1.380,0,2,0,0,0,11,36,0,9,0
24-04 05:59:12,5.752,2.501,55.265,33.509,0,1666780,716468,174948,5370724,3821.039,486.132,0,9370.548,0,636.173,4638,8440,3.010,2.350,1.380,0,2,0,0,0,11,36,0,9,0
24-04 05:59:13,5.498,2.499,56.227,32.237,0,1666724,715064,174952,5372136,10032.840,485.799,0,10463.661,0,692.713,5036,9514,3.010,2.360,1.380,0,2,0,0,0,11,36,0,9,0
24-04 05:59:14,4.502,3.001,45.515,45.015,0,1666216,714560,174952,5373124,9106.089,540.183,0,10827.673,0,686.233,5244,9770,3.010,2.360,1.380,2,2,3.001,0,0,11,36,0,9,0
24-04 05:59:15,4.749,3.249,52.240,35.993,0,1666168,713804,174952,5373888,11807.686,485.905,0,12913.469,0,809.841,4812,8675,3.010,2.360,1.380,0,1,3.999,0,0,11,36,0,9,0
24-04 05:59:16,5.751,2.750,50.756,37.755,0,1666364,712544,174960,5374920,6825.851,540.067,0,9465.180,0,726.091,5074,9010,3.010,2.360,1.380,1,3,6.001,0,0,11,36,0,9,0
24-04 05:59:17,4.746,3.248,53.709,34.474,0,1666680,711788,174960,5375332,10509.982,485.630,0,14013.309,0,961.267,5496,9887,3.010,2.360,1.380,1,1,11.991,0,0,11,36,0,9,0
24-04 05:59:18,5.473,3.483,55.225,33.334,0,1666360,711832,174960,5375596,9242.057,483.596,0,13389.440,0,902.514,6027,10927,3.010,2.370,1.390,1,1,8.955,0,0,11,36,0,9,0
24-04 05:59:19,4.776,3.519,57.562,31.169,0,1665904,711832,174964,5375996,6258.953,542.945,0,11216.849,0,839.554,5787,10543,3.010,2.370,1.390,0,2,12.065,0,0,11,36,0,9,0
24-04 05:59:20,5.502,2.751,57.525,31.263,0,1667456,709564,174968,5376692,8988.877,486.210,0,10784.651,0,818.353,5138,9324,3.010,2.370,1.390,0,2,9.004,0,0,11,36,0,9,0
24-04 05:59:21,7.497,2.999,53.229,33.487,0,1667096,709564,174980,5377032,8123.858,485.812,0,12531.154,0,800.690,4726,8524,3.010,2.370,1.390,0,2,11.995,0,0,11,36,0,7,0
24-04 05:59:22,4.501,3.750,50.257,39.755,0,1667156,709208,174980,5377312,7231.955,540.071,0,12825.693,0,861.114,4745,8541,3.010,2.370,1.390,0,2,15.002,0,0,11,36,0,7,0
24-04 05:59:23,9.752,3.251,57.512,27.006,0,1666684,708832,174992,5378128,7407.529,486.100,0,8553.765,0,717.148,5422,9337,3.010,2.380,1.400,1,3,15.003,0,0,11,36,0,7,0
24-04 05:59:24,5.258,2.754,55.832,33.549,0,1666400,708580,175000,5378640,5869.632,486.716,0,10940.090,0,736.083,5788,10759,3.010,2.380,1.400,0,2,12.018,0,0,11,36,0,7,0
24-04 05:59:25,5.998,2.999,54.734,33.490,0,1666788,707824,175008,5379000,8981.324,539.839,0,13352.022,0,929.723,5245,9199,3.010,2.380,1.400,0,1,13.996,0,0,11,40,0,1,0
24-04 05:59:26,15.004,4.001,45.512,32.759,0,1514476,859856,175008,5379260,7686.033,486.129,0,12531.315,0,827.219,7243,12365,3.010,2.380,1.400,2,2,46.012,0,0,11,36,0,1,0
24-04 05:59:27,4.244,2.996,61.160,28.458,0,1513916,859856,175020,5379796,3503.839,539.206,0,11511.045,0,790.835,4668,8578,3.010,2.380,1.400,0,2,14.978,0,0,11,36,0,1,0
24-04 05:59:28,16.292,10.026,66.419,6.517,0,1368864,1004844,175020,5379860,9014.978,487.242,0,2610.654,0,162.414,4305,4030,2.850,2.360,1.400,1,0,212.542,0,0,11,32,0,1,0
24-04 05:59:29,22.197,3.492,70.333,2.744,0,1441440,932268,175020,5379860,9804.772,484.851,0,1871.566,0,144.657,2061,1702,2.850,2.360,1.400,1,0,0.998,0,0,11,32,0,1,0
24-04 05:59:30,23.499,2.750,67.247,5.750,0,1504684,869016,175020,5379868,11217.548,539.978,0,3795.847,0,219.991,2574,2602,2.850,2.360,1.400,1,0,2.000,0,0,11,38,0,1,0
24-04 05:59:31,22.000,4.750,73.001,0.250,0,1491724,881976,175020,5379868,10178.176,486.008,0,100.002,0,9.000,2282,1638,2.850,2.360,1.400,1,0,27.000,0,0,11,32,0,1,0
24-04 05:59:32,23.248,2.500,73.495,0,0,1550304,823396,175020,5379868,12743.145,485.967,0,31.998,0,4.000,1871,1311,2.850,2.360,1.400,1,0,1.000,0,0,11,32,0,1,0
24-04 05:59:33,19.290,11.023,64.384,4.259,0,1504848,868832,175024,5379884,6250.046,541.130,0,1050.192,0,78.163,4054,3780,2.780,2.350,1.400,3,0,274.573,0,0,11,32,0,1,0
24-04 05:59:34,11.510,34.030,49.794,3.253,0,1488696,884916,175024,5379948,5475.867,486.432,0,312.278,0,29.026,7937,7890,2.780,2.350,1.400,1,0,1087.967,0,0,11,32,0,1,0
24-04 05:59:35,7.478,21.937,67.804,0.997,0,1483500,890020,175024,5380024,3787.043,538.442,0,135.608,0,12.962,6149,4761,2.780,2.350,1.400,1,0,515.508,0,0,11,32,0,1,0
24-04 05:59:36,8.774,20.306,69.941,0,0,1456496,916980,175028,5380064,9337.545,529.448,0,20.055,0,5.014,5913,4450,2.780,2.350,1.400,1,0,392.073,0,0,11,32,0,1,0
24-04 05:59:37,14.252,17.753,67.260,0,0,1434592,938712,175028,5380212,7542.109,540.079,0,112.016,0,10.001,6211,6198,2.780,2.350,1.400,2,0,331.049,0,0,11,32,0,1,0
24-04 05:59:38,36.149,13.213,50.110,0,0,1473680,899576,175036,5380696,8403.553,484.648,0,47.866,0,2.992,5306,5597,2.640,2.330,1.400,2,0,185.482,0,0,11,33,0,1,0
24-04 05:59:39,44.242,6.249,48.741,0,0,1593780,779372,175040,5380796,9929.132,485.909,0,0,0,0,2761,1311,2.640,2.330,1.400,2,0,0,0,0,11,33,0,1,0
24-04 05:59:40,39.002,3.750,51.253,5.000,0,1627904,744428,175092,5381552,10925.565,540.028,104.005,1192.062,1.000,106.005,3847,3365,2.640,2.330,1.400,2,0,18.001,0,0,11,49,0,1,0
24-04 05:59:41,27.001,13.250,55.752,3.250,0,1654792,713724,175116,5384916,6586.202,486.015,0,988.030,0,84.003,8077,11337,2.640,2.330,1.400,1,0,198.006,0,0,11,48,0,2,0
24-04 05:59:42,18.000,14.500,66.751,0,0,1658580,709868,175116,5384944,3920.046,486.006,0,160.002,0,10.000,6767,8411,2.640,2.330,1.400,0,0,297.003,0,0,11,48,0,2,0
24-04 05:59:43,0.500,1.749,95.710,0.750,0,1658576,709868,175116,5384948,5107.868,539.775,0,507.788,0,36.985,1070,1521,2.430,2.290,1.390,0,0,8.996,0,0,11,48,0,2,0
24-04 05:59:44,0.750,0.250,98.249,0,0,1657936,710508,175116,5384948,10530.945,485.997,0,36.000,0,4.000,742,1027,2.430,2.290,1.390,0,0,1.000,0,0,11,48,0,2,0
24-04 05:59:45,0.250,0.750,98.021,0,0,1656148,712296,175116,5384948,9470.032,486.104,0,0,0,0,856,1046,2.430,2.290,1.390,0,0,4.001,0,0,11,48,0,2,0
24-04 05:59:46,0.750,0.750,98.254,0,0,1654584,713860,175116,5384948,8440.326,486.019,0,0,0,0,686,968,2.430,2.290,1.390,0,0,1.000,0,0,11,48,0,2,0
24-04 05:59:47,13.795,13.294,71.986,0,0,1641308,727132,175116,5385284,8240.005,541.776,0,8.026,0,2.007,6044,8108,2.430,2.290,1.390,1,0,282.927,0,0,11,48,0,2,0
24-04 05:59:48,16.735,14.737,67.939,0,0,1660396,708028,175116,5384964,9299.646,539.515,0,3.996,0,0.999,5863,16149,2.630,2.340,1.410,2,0,315.716,0,0,12,48,0,3,0
24-04 05:59:49,16.455,15.956,65.322,0,0,1635992,732032,175120,5385700,8905.719,722.031,0,502.630,0,64.823,6573,8881,2.630,2.340,1.410,3,1,296.192,0,0,12,48,0,2,0
24-04 05:59:50,8.750,8.000,81.002,1.000,0,1636400,731660,175120,5385272,6783.181,660.018,0,664.018,0,46.001,3472,4120,2.630,2.340,1.410,0,0,197.005,0,0,12,64,0,2,0
24-04 05:59:51,14.801,13.798,70.493,0,0,1648280,719728,175120,5385744,9007.092,487.683,0,0,0,0,6193,7140,2.630,2.340,1.410,1,0,267.925,0,0,14,66,0,2,0
24-04 05:59:52,11.231,15.723,71.628,0,0,1637748,730196,175120,5385340,9622.656,604.972,0,51.912,0,7.986,5132,4377,2.630,2.340,1.410,1,0,325.447,0,0,14,66,0,3,0
24-04 05:59:53,9.242,20.731,69.437,0,0,1625820,742088,175120,5385376,6012.533,647.411,0,35.967,0,8.992,5965,4758,2.420,2.300,1.400,1,0,419.618,0,0,14,66,0,3,0
24-04 05:59:54,23.785,15.523,59.087,0,0,1661788,706076,175120,5385400,8409.400,582.859,0,236.349,0,6.009,6799,7779,2.420,2.300,1.400,2,0,284.419,0,0,14,66,0,3,0
24-04 05:59:55,29.476,24.730,44.214,0.749,0,1752852,614952,175140,5385428,6081.995,485.600,0,583.520,0,12.989,6959,5824,2.420,2.300,1.400,2,0,644.470,0,0,14,66,0,3,0
24-04 05:59:56,30.805,24.544,44.078,0,0,1827668,538424,175204,5386928,9688.231,486.866,8.014,28.050,1.002,7.012,7611,9216,2.420,2.300,1.400,3,0,575.023,0,0,14,70,0,5,0
24-04 05:59:57,38.493,18.247,41.992,0,0,1893892,472016,175204,5387076,6264.811,539.898,0,31.994,0,7.998,7311,7964,2.420,2.300,1.400,4,0,312.941,0,0,14,70,0,5,0
24-04 05:59:58,63.054,23.676,12.960,0,0.249,2047772,317816,175216,5387788,3550.967,484.495,0,27.913,0,6.978,5840,5262,2.630,2.340,1.420,4,0,581.194,0,0,14,70,0,5,0
24-04 05:59:59,65.987,18.247,14.747,0.250,0,2155236,209464,175248,5388596,13317.464,575.890,0,6338.793,0,324.938,6875,8933,2.630,2.340,1.420,4,0,322.939,0,0,14,70,0,5,0
24-04 06:00:00,61.206,21.734,1.249,14.989,0,2269188,199708,171268,5290740,9827.865,539.608,179.869,7462.583,41.970,317.769,6035,7947,2.630,2.340,1.420,2,2,466.661,0,0,14,70,0,5,0
24-04 06:00:01,71.942,19.051,3.259,6.267,0,2434124,135420,169324,5194636,10969.262,487.300,1255.349,1909.093,69.185,75.201,7426,8484,2.630,2.340,1.420,3,4,317.848,0,0,14,74,0,5,0
24-04 06:00:02,52.434,21.723,8.989,15.231,0,2548188,153308,168736,5066584,9254.423,579.275,11.985,7766.285,2.996,580.274,9711,13846,2.630,2.340,1.420,4,1,417.478,0,0,14,76,0,5,0
24-04 06:00:03,48.590,16.030,17.282,18.033,0,2611588,150800,168464,5007216,9457.532,486.903,813.508,13773.533,81.150,282.524,8788,12067,2.820,2.390,1.440,5,1,206.383,0,0,14,77,0,5,0
24-04 06:00:04,48.516,6.252,22.758,20.757,0,2757628,143860,167956,4871840,8067.663,540.178,4.001,7342.424,1.000,266.088,6372,7501,2.820,2.390,1.440,4,3,4.001,0,0,14,79,0,5,0
24-04 06:00:05,71.837,15.964,6.735,5.238,0,2828428,137356,168048,4808992,3812.351,484.900,419.049,10005.300,27.937,444.990,9250,17958,2.820,2.390,1.440,10,0,223.493,0,0,14,93,0,13,0
24-04 06:00:06,29.575,20.552,38.347,10.276,0,2877944,156268,168064,4742104,4711.980,487.239,12.031,11689.719,3.008,723.840,9931,12679,2.820,2.390,1.440,3,0,419.065,0,0,14,99,0,17,0
24-04 06:00:07,15.732,17.480,62.929,2.247,0,2890092,144060,168064,4742580,8640.306,539.395,3.996,807.095,0.999,44.950,7436,8810,2.820,2.390,1.440,1,0,342.616,0,0,14,99,0,17,0
24-04 06:00:08,39.148,11.221,41.890,6.732,0,2988980,178252,168068,4611984,6014.278,484.733,19.948,1998.775,1.995,100.737,4048,3119,2.750,2.380,1.450,2,0,126.669,0,0,14,100,0,17,0
24-04 06:00:09,30.784,10.511,56.812,1.001,0,3057040,176080,168088,4547420,12105.184,576.628,0,1341.461,0,88.096,4581,4291,2.750,2.380,1.450,1,0,156.170,0,0,14,103,0,17,0
24-04 06:00:10,8.003,19.257,70.776,0,0,3068108,164980,168088,4547452,12921.701,540.197,0,324.118,0,24.009,5824,4422,2.750,2.380,1.450,2,0,360.131,0,0,14,103,0,17,0
24-04 06:00:11,8.014,19.784,71.373,0.250,0,3074768,158284,168088,4547488,8386.426,486.837,0,104.179,0,10.017,5701,4332,2.750,2.380,1.450,1,0,380.655,0,0,14,103,0,17,0
24-04 06:00:12,18.957,6.984,72.586,0.499,0,3134296,165968,168088,4481964,8294.308,484.907,3.991,474.930,0.998,79.820,2665,1995,2.750,2.380,1.450,1,0,95.784,0,0,14,103,0,17,0
24-04 06:00:13,16.504,2.251,79.768,0.750,0,3147132,153116,168088,4481980,15731.607,22765.219,0,144.033,0,12.003,2394,2525,2.530,2.340,1.440,0,0,0,0,0,14,106,0,17,0
24-04 06:00:14,20.492,4.998,73.223,0.500,0,3174636,125596,168088,4481996,17088.613,869.675,0,191.928,0,10.996,2279,1757,2.530,2.340,1.440,1,0,62.976,0,0,14,105,0,18,0
24-04 06:00:15,15.747,2.999,79.483,1.000,0,3186132,179340,167980,4418368,15667.566,6958.475,3.999,367.919,1.000,36.992,2165,2139,2.530,2.340,1.440,1,0,3.999,0,0,14,112,0,18,0
24-04 06:00:16,27.729,6.745,58.955,4.996,0,3234336,195084,167992,4356172,6948.643,485.626,67.948,4604.450,3.997,185.857,5107,7133,2.530,2.340,1.440,3,0,5.995,0,0,14,119,0,18,0
24-04 06:00:17,23.090,8.282,62.745,5.020,0,3183100,245744,167996,4356744,11587.237,1689.596,501.960,1477.769,25.098,126.494,4853,5339,2.530,2.340,1.440,1,0,111.435,0,0,14,118,0,20,0
24-04 06:00:18,18.769,3.457,76.309,0.247,0,3247580,181244,167996,4356764,10992.437,2422.129,0,600.593,0,36.549,1840,1379,2.410,2.320,1.440,0,1,0,0,0,14,119,0,20,0
24-04 06:00:19,19.932,3.028,74.430,2.523,0,3251180,177548,167996,4356860,15719.700,6777.960,16.148,1453.285,4.037,96.886,2595,2605,2.410,2.320,1.440,0,0,2.018,0,0,14,123,0,20,0
24-04 06:00:20,24.074,4.514,66.203,4.263,0,3277592,151100,168000,4356892,8321.498,2024.202,0,1540.721,0,172.529,5125,7392,2.410,2.320,1.440,2,0,6.018,0,0,14,124,0,21,0
24-04 06:00:21,40.742,10.998,45.992,1.750,0,3310620,182084,168000,4294452,3595.338,539.901,0,651.880,0,35.993,3536,2413,2.410,2.320,1.440,2,0,95.982,0,0,14,124,0,21,0
24-04 06:00:22,25.175,2.991,69.044,0.997,0,3314652,177732,168000,4294772,31862.069,23021.409,179.465,538.396,0.997,29.911,2301,1605,2.410,2.320,1.440,1,0,1.994,0,0,14,124,0,22,0
24-04 06:00:23,21.264,4.753,72.298,1.251,0,3351908,140464,168000,4294784,7054.696,528.352,0,456.304,0,29.019,2238,1653,2.300,2.290,1.430,1,0,53.035,0,0,14,124,0,22,0
24-04 06:00:24,15.021,4.006,80.363,0.250,0,3340544,151804,168000,4294808,27219.342,23110.555,0,112.158,0,9.013,2188,1796,2.300,2.290,1.430,1,0,42.059,0,0,14,124,0,23,0
24-04 06:00:25,20.699,3.242,74.567,0.249,0,3403788,151584,168000,4233380,8511.133,1170.131,7.980,59.853,1.995,6.983,1984,1469,2.300,2.290,1.430,1,0,9.976,0,0,14,125,0,23,0
24-04 06:00:26,20.756,4.001,71.270,2.501,0,3410332,144776,168000,4233644,16691.585,7421.038,8.002,1544.424,2.001,121.033,4738,6809,2.300,2.290,1.430,2,0,7.002,0,0,14,126,0,24,0
24-04 06:00:27,19.253,6.501,72.260,0.500,0,3397780,157312,168000,4233660,11165.542,540.075,0,556.077,0,38.005,2800,2345,2.300,2.290,1.430,1,0,82.011,0,0,14,126,0,24,0
24-04 06:00:28,16.252,1.750,81.258,0.250,0,3407140,147940,168000,4233672,31629.177,23092.320,0,440.044,0,28.003,1865,1558,2.190,2.270,1.430,1,0,0,0,0,14,126,0,25,0
24-04 06:00:29,20.001,6.750,72.254,0.250,0,3439568,177576,168076,4173020,3765.193,528.027,80.004,64.003,8.000,7.000,2418,1794,2.190,2.270,1.430,1,0,55.003,0,0,14,126,0,25,0
24-04 06:00:30,15.501,2.250,78.004,3.500,0,3442344,174748,168076,4173072,15385.732,7138.340,24.001,628.030,3.000,86.004,2746,3416,2.190,2.270,1.430,4,0,0,0,0,14,127,0,25,0
24-04 06:00:31,24.322,4.513,55.916,13.289,0,3435728,181228,168076,4173208,7386.898,1731.132,0,7333.740,0,645.915,7741,12163,2.190,2.270,1.430,2,3,2.006,0,0,14,129,0,27,0
24-04 06:00:32,20.695,5.236,64.580,7.979,0.249,3400464,216484,168076,4173216,4487.166,538.580,0,5549.365,0,470.759,2786,2086,2.190,2.270,1.430,1,0,52.861,0,0,14,129,0,27,0
24-04 06:00:33,13.490,1.749,82.690,1.499,0,3411068,205736,168076,4173360,18186.728,10251.519,0,563.589,0,33.975,1824,1692,2.020,2.230,1.420,0,0,0,0,0,14,130,0,27,0
24-04 06:00:34,22.508,4.251,69.774,2.251,0,3416348,200396,168076,4173420,8459.947,745.260,16.006,1460.509,1.000,137.048,5320,7818,2.020,2.230,1.420,2,0,0,0,0,14,130,0,27,0
24-04 06:00:35,30.795,8.763,56.332,3.004,0,3388896,227756,168076,4173512,14541.087,1353.963,0,1281.859,0,124.180,9353,14112,2.020,2.230,1.420,1,0,79.115,0,0,14,131,0,28,0
24-04 06:00:36,18.477,2.747,76.902,0.749,0,3417072,199568,168076,4173524,14499.570,6245.062,0,563.284,0,35.954,1997,1674,2.020,2.230,1.420,1,0,0.999,0,0,14,134,0,28,0
24-04 06:00:37,17.798,3.510,74.703,3.760,0,3384812,231796,168076,4173556,8290.526,4406.974,0,2278.190,0,115.313,3308,3962,2.020,2.230,1.420,3,0,29.079,0,0,14,133,0,29,0
24-04 06:00:38,20.687,6.231,69.039,2.492,0,3408364,208228,168076,4173572,10538.835,484.521,0,562.284,0,33.897,2823,2378,1.930,2.210,1.420,2,0,117.641,0,0,14,133,0,29,0
24-04 06:00:39,12.749,1.500,84.492,0,0,3415616,200960,168080,4173584,16826.380,11729.871,0,539.948,0,28.997,1959,1890,1.930,2.210,1.420,0,0,0,0,0,14,134,0,29,0
24-04 06:00:40,25.835,6.020,64.462,2.257,0,3418460,197916,168084,4173780,9142.035,785.581,0,1621.327,0,160.527,7790,12561,1.930,2.210,1.420,2,0,0,0,0,14,134,0,29,0
24-04 06:00:41,22.978,11.239,62.690,1.748,0,3384220,231992,168084,4173912,10291.159,2074.017,31.969,827.209,1.998,62.940,7848,11149,1.930,2.210,1.420,1,0,96.907,0,0,14,133,0,30,0
24-04 06:00:42,16.469,10.979,71.116,0.499,0,3431480,184696,168084,4173932,9123.819,952.207,0,566.932,0,34.934,3766,3086,1.930,2.210,1.420,1,0,191.639,0,0,14,133,0,30,0
24-04 06:00:43,17.000,3.250,75.002,3.500,0,3457132,159032,168088,4173940,16914.442,7216.189,0,1900.050,0,124.003,2336,2248,1.860,2.190,1.420,1,0,6.000,0,0,14,134,0,29,0
24-04 06:00:44,11.533,17.049,70.702,0.501,0,3414228,201908,168088,4173968,4812.753,1402.006,0,204.585,0,9.026,5390,4421,1.860,2.190,1.420,1,0,355.014,0,0,14,133,0,30,0
24-04 06:00:45,12.961,18.444,67.296,0,0,3354464,261644,168088,4173996,3225.225,484.531,0,127.613,0,12.961,6179,6145,1.860,2.190,1.420,1,0,346.948,0,0,14,133,0,30,0
24-04 06:00:46,27.571,18.297,53.387,0,0,3405300,210772,168088,4174036,11026.277,541.388,0,589.512,0,10.026,7342,7750,1.860,2.190,1.420,3,0,420.077,0,0,14,133,0,30,0
24-04 06:00:47,35.214,20.479,42.456,0.749,0,3453740,161664,168096,4175100,6324.454,555.425,39.959,603.376,1.998,29.969,7737,8656,1.860,2.190,1.420,4,0,468.515,0,0,14,139,0,30,0
24-04 06:00:48,41.257,20.003,32.755,4.501,0,3534584,141772,168096,4115612,10521.745,486.081,116.019,3672.609,7.001,193.032,7705,18989,1.790,2.170,1.420,3,2,495.082,0,0,16,139,0,31,0
24-04 06:00:49,58.251,26.000,14.250,0.750,0,3678636,138572,167876,3977344,10885.102,540.005,16.000,968.009,3.000,54.001,7853,13231,1.790,2.170,1.420,3,0,514.005,0,0,16,145,0,31,0
24-04 06:00:50,52.580,19.530,25.789,0.501,0,3778572,142568,167876,3874308,7940.111,486.742,56.086,857.308,6.009,59.090,9177,14375,1.790,2.170,1.420,4,0,389.594,0,0,16,161,0,31,2
24-04 06:00:51,36.674,23.452,39.668,0.249,0,3840968,127376,167876,3827696,6224.184,538.890,3.992,842.266,0.998,27.942,7215,6131,1.790,2.170,1.420,4,0,609.744,0,0,16,161,0,30,2
24-04 06:00:52,19.921,15.190,62.752,0.996,0,3854032,167460,167784,3775764,3635.627,573.732,0,1055.826,0,128.492,6972,8851,1.790,2.170,1.420,3,0,296.827,0,0,17,161,0,30,2
24-04 06:00:53,30.112,22.835,46.172,0,0,3916992,158700,167784,3722848,3031.271,542.015,12.045,614.284,3.011,39.146,6671,6006,1.810,2.170,1.420,4,0,531.978,0,0,17,161,0,30,2
24-04 06:00:54,35.584,15.537,45.357,2.005,0,3971256,145776,167788,3682504,8876.963,487.150,8.019,453.070,2.005,34.080,6577,9105,1.810,2.170,1.420,1,0,272.644,0,0,17,167,0,30,2
24-04 06:00:55,35.246,24.573,38.473,0.248,0.248,4050444,129860,167796,3620760,7873.268,536.137,19.857,186.655,1.986,10.921,9013,11948,1.810,2.170,1.420,7,0,585.779,0,0,17,167,0,29,2
24-04 06:00:56,33.494,26.946,38.027,0.504,0,4155192,145256,167800,3503348,7731.237,560.074,8.059,745.422,2.015,47.344,10842,14707,1.810,2.170,1.420,2,1,691.027,0,0,17,181,0,29,0
24-04 06:00:57,12.993,18.989,65.714,0.999,0,4166700,133864,167800,3503860,8972.030,539.701,3.998,4305.615,0.999,37.979,6901,7390,1.810,2.170,1.420,1,0,372.793,0,0,17,183,0,29,0
24-04 06:00:58,29.699,12.978,54.657,1.248,0,4246116,120444,167800,3438248,9526.736,485.172,339.421,387.339,5.990,17.969,5417,5901,1.740,2.150,1.420,2,0,192.671,0,0,17,187,0,29,0
24-04 06:00:59,43.934,7.489,47.928,0.499,0,4371044,120712,167800,3315380,8074.786,539.184,159.758,383.420,1.997,27.958,3179,1884,1.740,2.150,1.420,2,0,0.998,0,0,17,187,0,27,0
24-04 06:01:00,34.608,7.022,56.676,1.254,0,4318792,257172,167804,3232964,6383.876,487.518,124.387,621.936,9.028,59.184,3695,3523,1.740,2.150,1.420,3,0,61.191,0,0,17,212,0,27,0
24-04 06:01:01,33.685,24.702,38.925,1.996,0,4390852,184068,167812,3233968,12236.421,538.961,914.238,602.838,8.983,38.925,7297,7006,1.740,2.150,1.420,2,0,631.783,0,0,17,213,0,27,0
24-04 06:01:02,35.250,22.500,36.250,4.750,0,4436368,162480,167820,3211196,17433.021,8590.010,920.001,1136.001,16.000,115.000,7446,10742,1.740,2.150,1.420,2,0,441.001,0,0,17,216,0,27,0
24-04 06:01:03,59.367,15.531,17.534,6.763,0,4512280,135656,167836,3163036,5045.915,1307.569,480.945,16752.918,15.030,761.496,5952,5101,2.080,2.220,1.440,4,0,160.315,0,0,17,216,0,28,0
24-04 06:01:04,56.210,10.992,19.986,12.241,0,4611820,151288,167836,3051356,17758.370,8279.112,1263.102,423.699,30.978,24.982,4972,4275,2.080,2.220,1.440,0,2,24.982,0,0,17,231,0,28,0
24-04 06:01:05,43.853,9.468,26.661,18.937,0,4607068,184952,167876,3023196,12259.996,3576.040,5441.800,1993.333,343.850,88.703,5553,5799,2.080,2.220,1.440,1,2,29.900,0,0,17,232,0,29,0
24-04 06:01:06,49.980,15.572,25.367,9.544,0,4690612,136744,167932,2988480,15835.921,2505.537,1076.959,1326.106,128.592,122.564,7370,8695,2.080,2.220,1.440,4,0,260.198,0,0,17,234,0,34,0
24-04 06:01:07,30.125,19.917,46.058,1.743,0,4682848,142420,167932,2990992,19844.455,9417.826,87.635,10261.317,4.979,90.623,8120,9865,2.080,2.220,1.440,2,0,447.140,0,0,17,235,0,23,0
24-04 06:01:08,54.168,22.319,22.821,0.502,0,4713816,151384,167932,2951888,7499.251,487.512,4.012,421.306,1.003,22.068,6409,8254,2.080,2.210,1.450,3,0,437.356,0,0,17,235,0,23,0
24-04 06:01:09,45.792,21.520,28.276,3.253,0,4777252,126552,167948,2914852,21281.500,10663.771,892.818,668.613,35.032,38.035,7328,9347,2.080,2.210,1.450,5,0,439.403,0,0,17,236,0,23,0
24-04 06:01:10,60.022,22.664,15.441,1.245,0,4801716,137032,167960,2879884,10079.736,1274.163,406.457,928.475,21.917,57.781,8673,12002,2.080,2.210,1.450,4,0,417.415,0,0,17,239,0,28,0
24-04 06:01:11,54.177,21.821,19.062,3.511,0,4878640,127532,167972,2814728,19878.022,8382.419,529.733,939.072,31.102,65.213,9575,16054,2.080,2.210,1.450,1,2,434.421,0,0,17,248,0,29,0
24-04 06:01:12,55.749,17.173,24.141,2.489,0,4928684,156076,167976,2736256,9741.178,3721.259,525.635,1194.626,16.924,63.713,6280,8459,2.080,2.210,1.450,5,0,193.131,0,0,17,251,0,30,0
24-04 06:01:13,59.578,10.264,28.037,1.001,0,5047488,140260,167912,2635572,16897.242,11927.701,436.575,728.960,8.011,22.029,9662,14585,2.150,2.220,1.450,3,0,6.008,0,0,17,255,0,31,0
24-04 06:01:14,43.803,9.762,38.296,7.008,0,5039488,212180,167176,2574164,17265.722,8110.734,1842.211,997.197,102.123,87.105,6660,8635,2.150,2.220,1.450,3,0,23.028,0,0,17,260,0,36,0
24-04 06:01:15,52.368,17.289,28.314,2.005,0,5072416,178664,167316,2574612,9031.293,3476.812,898.018,950.135,22.050,72.162,6367,5498,2.150,2.220,1.450,5,0,306.689,0,0,17,262,0,37,0
24-04 06:01:16,43.884,28.175,22.939,4.239,0,5028472,218832,167436,2578640,12597.623,9070.967,4149.007,1650.627,56.849,80.786,8856,12204,2.150,2.220,1.450,3,0,572.483,0,0,17,261,0,37,0
24-04 06:01:17,61.370,18.035,19.037,0.751,0,5110864,136272,167440,2578788,16776.931,6211.192,901.770,3506.883,19.037,32.063,5792,6458,2.150,2.220,1.450,4,0,250.492,0,0,18,265,0,37,0
24-04 06:01:18,69.655,11.115,12.350,6.422,0.247,5132884,207228,167440,2488100,13382.697,5597.119,2533.277,825.983,131.406,56.317,5786,4999,2.220,2.240,1.460,5,1,18.772,0,0,18,267,0,38,0
24-04 06:01:19,78.035,12.122,1.263,8.334,0,5291148,142872,167456,2396536,13713.006,490.941,2590.066,1794.055,123.240,126.271,6181,5885,2.220,2.240,1.460,5,1,10.102,0,0,18,269,0,38,0
24-04 06:01:20,49.067,13.518,26.536,10.014,0,5320592,136380,167484,2374408,18620.421,10908.893,1093.493,5026.863,30.041,325.444,8077,10679,2.220,2.240,1.460,2,0,227.310,0,0,18,277,0,37,0
24-04 06:01:21,39.133,8.475,49.103,1.496,0,5313592,175320,167492,2343964,13939.388,2641.116,789.643,434.702,8.973,33.899,3620,2595,2.220,2.240,1.460,2,0,12.961,0,0,18,276,0,38,0
24-04 06:01:22,36.658,7.532,53.731,1.506,0,5381988,136960,167492,2315196,1716699.230,27659.134,562.422,498.146,7.030,39.169,4644,3799,2.220,2.240,1.460,1,0,9.039,0,0,18,282,0,38,0
24-04 06:01:23,40.918,16.217,40.668,1.746,0,5328664,173484,167492,2331932,14837683.247,134830.282,3049.876,702.589,32.934,59.880,11023,7538,2.120,2.220,1.460,3,0,268.461,0,0,18,280,0,39,0
24-04 06:01:24,35.522,4.753,57.285,1.501,0,5383124,150180,167492,2302064,15120.314,11919.342,0,1360.838,0,161.099,3034,2347,2.120,2.220,1.460,2,0,2.001,0,0,18,286,0,37,0
24-04 06:01:25,31.880,3.985,60.522,2.740,0,5354064,178780,167492,2302528,17278.826,8982.120,350.677,657.520,20.921,67.744,5098,6401,2.120,2.220,1.460,5,1,7.970,0,0,18,291,0,39,0
24-04 06:01:26,20.765,3.503,70.050,2.502,0.250,5413824,118752,167492,2302796,408251.139,16430871.958,176.126,564.405,9.006,49.035,4384,2862,2.120,2.220,1.460,1,0,1.001,0,0,18,291,0,40,0
24-04 06:01:27,22.843,4.769,67.526,4.016,0,5386080,146128,167500,2303156,8030577.960,37393.627,180.738,9390.328,10.041,79.324,6418,6554,2.120,2.220,1.460,1,0,38.156,0,0,18,296,0,41,0
24-04 06:01:28,14.509,6.504,72.044,4.503,0,5247808,268316,167500,2319220,8561240.292,84916.026,48.029,12307.541,3.002,72.044,8099,7916,2.030,2.200,1.460,1,0,94.058,0,0,18,292,0,42,0
24-04 06:01:29,16.674,11.199,65.453,5.475,0,5280504,235520,167500,2319304,8970.316,483.806,11.946,4838.058,0.995,576.386,4954,4526,2.030,2.200,1.460,2,0,369.325,0,0,18,292,0,42,0
24-04 06:01:30,16.821,10.544,71.049,0.502,0,5282988,233008,167500,2319332,9083.281,488.057,0,1128.757,0,74.313,3945,3464,2.030,2.200,1.460,1,0,178.753,0,0,18,292,0,42,0
24-04 06:01:31,8.728,19.949,70.071,0.748,0,5302228,213700,167500,2319384,5407.172,484.760,3.990,135.653,0.997,12.967,6137,5060,2.030,2.200,1.460,1,0,400.975,0,0,18,292,0,42,0
24-04 06:01:32,2.246,3.493,92.815,0.499,0,5299248,216668,167500,2319396,8662.710,485.032,0,1516.972,0,26.946,2008,2412,2.030,2.200,1.460,0,0,88.823,0,0,18,292,0,39,0
24-04 06:01:33,19.810,3.511,74.727,1.755,0,5363040,152880,167500,2319400,10581.125,433.316,0,1753.323,0,207.630,2165,1744,1.950,2.180,1.450,1,0,11.033,0,0,18,296,0,39,0
24-04 06:01:34,16.753,2.000,78.265,1.750,0,5374220,141620,167500,2319480,14478.822,9487.849,64.012,508.099,4.001,68.013,2378,2364,1.950,2.180,1.450,1,1,3.001,0,0,18,300,0,40,0
24-04 06:01:35,11.262,15.267,62.818,9.510,0,5311740,203868,167504,2319660,7906.612,540.589,16.017,11572.606,4.004,664.724,6494,5352,1.950,2.180,1.450,1,0,275.300,0,0,18,300,0,40,0
24-04 06:01:36,10.751,16.752,70.759,0.500,0,5268520,246600,167504,2320116,7386.902,486.059,0,204.025,0,12.001,5903,4799,1.950,2.180,1.450,3,0,293.036,0,0,18,300,0,39,0
24-04 06:01:37,22.494,3.749,72.731,0.250,0,5341156,173888,167504,2320192,9260.559,431.886,67.982,207.945,3.999,24.993,2433,2124,1.950,2.180,1.450,1,0,31.992,0,0,18,300,0,39,0
24-04 06:01:38,21.906,3.983,71.195,2.240,0,5401260,143440,167508,2291336,8954.682,525.750,306.688,1553.353,6.970,42.817,2548,2387,1.870,2.160,1.450,0,1,5.974,0,0,18,308,0,39,0
24-04 06:01:39,21.592,3.264,70.802,3.515,0,5294248,250360,167508,2291428,4824.587,488.083,84.360,453.937,6.026,38.163,2388,2359,1.870,2.160,1.450,1,0,5.021,0,0,18,304,0,39,0
24-04 06:01:40,22.732,3.497,73.193,0,0,5364160,180420,167508,2291456,9360.748,485.624,23.981,191.851,3.997,10.991,2090,1718,1.870,2.160,1.450,1,0,0.999,0,0,18,304,0,38,0
24-04 06:01:41,13.241,2.248,82.694,0,0,5381236,163328,167508,2291472,18780.186,9901.244,3.997,123.915,0.999,12.991,2421,2437,1.870,2.160,1.450,2,0,2.998,0,0,18,307,0,39,0
24-04 06:01:42,18.700,3.491,75.796,0.997,0,5345520,199016,167512,2291496,15449.386,10077.855,3.989,390.947,0.997,33.909,2696,2785,1.870,2.160,1.450,1,0,16.954,0,0,18,306,0,40,0
24-04 06:01:43,24.254,3.751,71.512,0.250,0,5342316,202212,167512,2291504,9869.625,486.080,0,292.048,0,4.001,2030,1405,1.800,2.140,1.450,1,0,6.001,0,0,18,306,0,40,0
24-04 06:01:44,14.810,12.049,70.536,1.757,0,5302236,241984,167520,2291788,9104.951,487.980,393.597,473.923,5.020,25.102,4558,3929,1.800,2.140,1.450,1,0,266.080,0,0,18,306,0,38,0
24-04 06:01:45,15.999,12.000,70.248,0.500,0,5309832,234220,167532,2291944,8222.723,485.984,47.998,159.995,6.000,12.000,4812,4262,1.800,2.140,1.450,1,0,334.989,0,0,18,306,0,38,0
24-04 06:01:46,17.500,2.250,77.999,0.750,0,5346448,196700,167564,2292816,13177.843,2703.968,0,123.999,0,4.000,1932,1618,1.800,2.140,1.450,1,0,17.000,0,0,18,307,0,38,0
24-04 06:01:47,22.493,3.249,72.727,1.000,0,5338676,199008,168032,2297684,3715.844,659.795,63.980,899.720,2.999,12.996,2120,1820,1.800,2.140,1.450,1,0,2.999,0,0,18,306,0,38,0
24-04 06:01:48,20.172,4.981,70.728,2.739,0,5329436,202328,168532,2302960,17878.193,3413.861,175.325,1338.847,8.965,42.835,3156,14253,1.660,2.100,1.440,1,0,52.797,0,0,18,306,0,38,1
24-04 06:01:49,20.749,5.000,71.996,0.500,0,5305752,225456,168564,2303468,12957.231,1865.889,4.000,195.988,1.000,5.000,10692,19358,1.660,2.100,1.440,0,0,12.999,0,0,18,307,0,38,0
24-04 06:01:50,19.825,5.019,71.521,2.008,0,5329392,201520,168616,2303712,9813.165,2163.193,48.182,947.589,7.027,44.167,10895,19869,1.660,2.100,1.440,1,0,13.049,0,0,18,307,0,38,0
24-04 06:01:51,20.380,3.728,71.827,3.231,0,5317196,223372,168748,2293876,12354.187,656.133,7.953,1029.930,1.988,35.789,2234,1863,1.660,2.100,1.440,4,0,7.953,0,0,18,306,0,38,0
24-04 06:01:52,15.296,12.788,70.460,0.752,0,5310304,230296,168748,2293896,7400.052,487.453,0,810.415,0,35.105,4653,4257,1.660,2.100,1.440,1,0,268.801,0,0,18,306,0,38,0
24-04 06:01:53,19.218,1.747,78.368,0.250,0,5346008,194404,168748,2294084,11040.442,2866.182,0,3941.375,0,10.982,1771,1490,1.600,2.080,1.440,3,0,0,0,0,18,307,0,38,0
24-04 06:01:54,17.029,6.261,73.376,2.254,0,5303388,236984,168748,2294124,17013.158,8382.366,20.034,14336.571,2.003,115.197,3528,3231,1.600,2.080,1.440,1,0,116.199,0,0,18,306,0,41,0
24-04 06:01:55,20.985,2.998,73.447,0.999,0,5371636,168732,168748,2294128,5237.192,2010.538,0,703.488,0,121.911,2006,1555,1.600,2.080,1.440,1,1,0.999,0,0,18,307,0,41,0
24-04 06:01:56,17.255,5.752,75.023,2.001,0,5353492,186860,168748,2294144,15673.765,7532.290,0,2052.624,0,307.093,3114,2628,1.600,2.080,1.440,1,0,72.022,0,0,18,306,0,42,0
24-04 06:01:57,21.473,1.998,75.157,0.250,0,5362604,177664,168748,2294228,8973.840,2448.954,79.901,59.925,4.994,1.998,1953,1564,1.600,2.080,1.440,0,1,0,0,0,18,307,0,42,0
24-04 06:01:58,17.777,4.257,76.117,0.501,0,5309696,230548,168748,2294252,20259.114,11563.760,0,356.548,0,26.040,2887,2692,1.560,2.060,1.440,2,0,56.086,0,0,18,306,0,43,0
24-04 06:01:59,20.486,3.747,75.197,0,0,5369384,170856,168748,2294256,12491.186,2450.271,0,4472.844,0,8.994,2018,1684,1.560,2.060,1.440,0,0,0,0,0,18,307,0,43,0
24-04 06:02:00,17.150,4.225,75.810,0.994,0,5352608,187544,168748,2294344,20193.735,8690.534,63.630,194.868,3.977,16.902,2655,2454,1.560,2.060,1.440,3,0,32.809,0,0,18,306,0,47,0
24-04 06:02:01,22.129,4.275,72.170,0,0,5389656,150372,168748,2294468,13551.874,2466.355,0,72.422,0,9.053,3299,4067,1.560,2.060,1.440,0,0,3.018,0,0,18,309,0,47,0
24-04 06:02:02,13.250,2.000,82.253,1.750,0,5382960,156852,168748,2294684,17485.537,9313.286,64.002,564.017,4.000,55.002,2741,3374,1.560,2.060,1.440,0,0,2.000,0,0,18,309,0,47,0
24-04 06:02:03,21.248,5.999,70.993,1.250,0,5389540,150264,168748,2294692,8190.193,683.933,0,267.974,0,18.998,2562,2127,1.510,2.050,1.430,2,0,46.995,0,0,18,308,0,48,0
24-04 06:02:04,16.752,1.750,79.760,0.250,0,5396436,143184,168748,2294888,20784.551,10510.290,48.006,1032.127,2.000,92.011,2209,2024,1.510,2.050,1.430,1,0,0,0,0,18,309,0,50,0
24-04 06:02:05,22.250,4.750,69.249,1.750,0,5381732,188660,168748,2265196,11336.767,683.986,0,415.991,0,37.999,2975,2857,1.510,2.050,1.430,2,0,32.999,0,0,18,308,0,50,0
24-04 06:02:06,15.486,1.998,81.674,0.250,0,5407660,162724,168748,2265204,18212.137,8702.942,0,1622.498,0,265.754,2234,1963,1.510,2.050,1.430,1,0,0.999,0,0,18,312,0,50,0
24-04 06:02:07,10.011,8.759,78.334,1.752,0,5337976,231956,168980,2265424,10303.102,4383.724,372.401,360.388,63.068,37.040,3952,4014,1.510,2.050,1.430,0,1,180.194,0,0,18,312,0,51,0
24-04 06:02:08,1.749,0.749,92.426,3.247,0,5332792,236320,169292,2265932,14209.640,2773.782,783.374,383.693,189.848,24.980,1567,2344,1.390,2.010,1.430,0,0,0,0,0,18,312,0,51,0
24-04 06:02:09,4.751,7.751,85.513,1.500,0,5328620,240440,169292,2265984,20515.046,3947.586,0,512.076,0,19.003,2790,2558,1.390,2.010,1.430,0,0,125.019,0,0,18,312,0,45,0
24-04 06:02:10,8.270,11.278,77.440,2.506,0,5325700,243024,169292,2266320,4775.744,962.367,272.671,404.996,19.047,23.057,4004,3459,1.390,2.010,1.430,2,0,208.513,0,0,18,310,0,46,0
24-04 06:02:11,13.228,3.494,72.629,9.235,0,5346232,208644,169292,2280164,3368.377,539.100,6980.347,519.133,541.097,15.973,2452,2815,1.390,2.010,1.430,1,0,5.990,0,0,18,310,0,46,0
24-04 06:02:12,20.238,2.498,72.706,3.998,0,5357812,192992,169316,2284140,13262.012,1822.902,3.998,1623.022,0.999,28.983,2408,2330,1.390,2.010,1.430,0,0,15.990,0,0,18,311,0,46,0
24-04 06:02:13,14.563,2.009,80.349,2.260,0,5357900,188816,169316,2288208,14454.791,3793.479,871.787,562.443,10.044,24.105,1720,1577,1.280,1.980,1.420,1,0,3.013,0,0,18,310,0,39,0
24-04 06:02:14,9.251,12.751,70.504,6.000,0,5335592,208300,169344,2290988,9486.520,486.027,992.054,3576.196,22.001,112.006,5398,5229,1.280,1.980,1.420,1,0,300.016,0,0,18,310,0,39,0
24-04 06:02:15,21.895,3.483,73.150,0,0,5376136,167752,169344,2290992,8266.396,1221.150,0,99.523,0,11.943,2031,1612,1.280,1.980,1.420,0,0,0.995,0,0,18,311,0,39,0
24-04 06:02:16,17.265,4.004,77.819,0.250,0,5355448,188416,169344,2291016,30995.650,22356.944,0,92.082,0,7.006,2591,2271,1.280,1.980,1.420,1,0,47.042,0,0,18,312,0,41,0
24-04 06:02:17,19.992,3.249,75.970,0.250,0,5373908,169948,169344,2291024,9197.384,2451.036,0,183.928,0,23.991,1949,1666,1.280,1.980,1.420,0,0,0,0,0,18,313,0,33,0
24-04 06:02:18,14.937,1.494,75.928,5.726,0,5374192,169156,169348,2291528,11423.583,7342.878,541.704,529.755,31.865,38.835,2509,2924,1.260,1.960,1.420,2,0,0,0,0,18,312,0,35,0
24-04 06:02:19,22.360,4.522,72.357,0.251,0,5410528,132720,169348,2291628,9527.036,488.411,0,112.556,0,7.035,2240,1837,1.260,1.960,1.420,1,0,14.069,0,0,18,312,0,35,0
24-04 06:02:20,12.731,2.247,79.632,3.994,0,5406120,135584,169348,2293172,13818.497,7025.576,1517.748,706.951,43.935,88.868,2888,3931,1.260,1.960,1.420,2,1,0,0,0,18,313,0,35,0
24-04 06:02:21,20.276,4.756,64.083,9.512,0,5374408,166232,169352,2294232,6594.535,1770.291,881.140,3047.945,53.069,456.591,4443,6042,1.260,1.960,1.420,2,0,7.009,0,0,18,314,0,33,0
24-04 06:02:22,18.492,2.249,77.465,0.500,0,5389984,150648,169352,2294240,13861.716,6250.167,0,527.761,0,42.981,2310,2282,1.260,1.960,1.420,1,0,0,0,0,18,315,0,33,0
24-04 06:02:23,16.007,3.752,76.783,2.251,0,5386932,153544,169352,2294396,12390.256,4373.855,128.054,980.416,6.003,91.039,3777,5130,1.160,1.930,1.410,2,0,0,0,0,18,315,0,33,0
24-04 06:02:24,12.777,15.783,68.395,2.255,0,5347840,192592,169352,2294440,9792.710,1715.628,0,2617.536,0,81.172,5989,6028,1.160,1.930,1.410,2,0,419.888,0,0,18,314,0,34,0
24-04 06:02:25,8.734,22.209,67.125,0.499,0,5351780,188628,169352,2294464,7651.777,485.098,0,531.013,0,42.920,7238,6693,1.160,1.930,1.410,1,0,718.664,0,0,18,314,0,31,0
24-04 06:02:26,8.533,23.090,64.249,2.761,0,5336760,203600,169352,2294512,4100.896,487.891,0,2630.195,0,155.603,7304,7018,1.160,1.930,1.410,2,0,681.642,0,0,18,314,0,31,0
24-04 06:02:27,8.246,22.988,67.964,0.250,0,5342420,197912,169352,2294540,9028.207,485.742,0,267.858,0,28.985,7289,6629,1.160,1.930,1.410,2,0,697.630,0,0,18,314,0,31,0
24-04 06:02:28,7.740,22.722,67.667,0,0,5347848,192436,169352,2294588,6650.809,485.402,0,203.749,0,21.973,6939,6269,1.140,1.910,1.410,2,0,620.236,0,0,18,314,0,31,0
24-04 06:02:29,8.509,21.774,68.326,0,0,5333276,206972,169352,2294624,10768.934,486.539,0,40.044,0,10.011,6992,6220,1.140,1.910,1.410,2,0,633.702,0,0,18,314,0,26,0
24-04 06:02:30,17.688,7.972,73.245,0.747,0,5328612,303820,169584,2212548,5781.886,484.315,15.945,27.903,3.986,4.983,2701,2332,1.140,1.910,1.410,1,0,69.757,0,0,18,314,0,26,0
24-04 06:02:31,23.251,2.000,71.503,3.000,0,5323936,304476,169588,2216560,10463.398,979.037,20.001,2308.088,4.000,6.000,2237,1753,1.140,1.910,1.410,1,0,16.001,0,0,18,315,0,26,0
24-04 06:02:32,10.997,1.250,79.227,6.998,0,5328988,298644,169588,2217336,22220.611,8525.549,675.806,1767.492,41.988,55.984,1907,2177,1.140,1.910,1.410,1,0,0,0,0,18,315,0,26,0
24-04 06:02:33,8.251,1.750,83.763,5.251,0,5326988,299852,169588,2218120,20595.247,10660.681,452.071,1540.243,50.008,78.012,1907,2381,1.130,1.900,1.400,0,0,0,0,0,18,315,0,26,0
24-04 06:02:34,14.246,1.749,71.229,11.497,0,5356748,269124,169592,2219080,15532.499,7688.772,783.773,7049.957,35.990,399.884,2374,2432,1.130,1.900,1.400,0,0,0,0,0,18,315,0,26,0
24-04 06:02:35,13.504,1.500,76.772,7.252,0,5354700,270244,169592,2220080,25695.199,10096.829,776.217,2476.694,62.017,115.032,2265,2619,1.130,1.900,1.400,1,0,1.000,0,0,18,315,0,26,0
24-04 06:02:36,13.997,1.500,79.482,3.999,0,5373088,250476,169592,2221460,23427.747,9946.770,1095.754,1207.729,44.990,44.990,1761,1634,1.130,1.900,1.400,1,0,0,0,0,18,315,0,26,0
24-04 06:02:37,7.501,2.000,75.258,13.751,0,5376368,218472,169592,2250184,16091.630,4568.463,13829.401,456.046,158.016,16.002,1539,1588,1.130,1.900,1.400,1,1,0,0,0,18,315,0,25,0
24-04 06:02:38,19.504,2.250,72.764,5.001,0,5375824,206628,169940,2262224,6244.203,486.094,268.052,1676.323,5.001,74.014,2225,2036,1.120,1.880,1.400,1,0,1.000,0,0,18,315,0,25,0
24-04 06:02:39,21.247,1.750,70.492,5.749,0.250,5384116,182688,170200,2277536,9164.902,485.942,0,1487.822,0,33.996,2089,1833,1.120,1.880,1.400,1,0,0,0,0,18,315,0,25,0
24-04 06:02:40,20.502,2.250,72.506,4.000,0,5386672,161468,170456,2295628,8449.710,486.041,0,1652.139,0,52.004,2241,2055,1.120,1.880,1.400,1,0,0,0,0,18,315,0,25,0
24-04 06:02:41,18.758,2.251,72.281,5.502,0,5391692,143656,171008,2307688,3348.436,540.232,0,2825.211,0,114.049,2489,2500,1.120,1.880,1.400,1,0,0,0,0,18,315,0,25,0
24-04 06:02:42,21.740,2.749,71.218,3.249,0,5396624,140904,171552,2305340,4785.854,555.751,0,2215.007,0,84.962,2516,2526,1.120,1.880,1.400,1,1,0,0,0,18,315,0,24,0
24-04 06:02:43,21.001,3.250,71.002,3.750,0,5338160,210268,171920,2293916,9806.326,660.022,28.001,1952.065,4.000,72.002,2547,2352,1.110,1.870,1.400,1,0,8.000,0,0,18,314,0,24,0
24-04 06:02:44,16.506,2.751,78.030,1.751,0,5390940,157468,171920,2293932,13347.192,2597.010,0,484.188,0,11.004,2076,1837,1.110,1.870,1.400,1,0,33.013,0,0,18,315,0,24,0
24-04 06:02:45,20.491,3.748,66.720,7.747,0,5385636,156932,172000,2299660,8772.107,659.707,3.998,12114.624,1.000,122.945,2515,2130,1.110,1.870,1.400,2,0,3.998,0,0,18,314,0,24,0
24-04 06:02:46,15.502,2.750,79.012,2.000,0,5386408,150612,172396,2304696,15154.352,3535.549,0,5236.813,0,41.006,2052,1731,1.110,1.870,1.400,2,0,18.003,0,0,18,314,0,23,0
24-04 06:02:47,22.931,4.985,68.543,1.994,0,5381408,155000,172480,2305204,11381.654,538.375,0,1375.848,0,253.236,10829,19143,1.110,1.870,1.400,3,0,12.961,0,0,18,314,0,23,0
24-04 06:02:48,25.188,9.319,63.221,0.504,0,5377564,158708,172528,2305308,6503.433,489.647,0,173.291,0,3.023,12095,28815,1.100,1.850,1.400,1,0,55.413,0,0,18,314,0,24,0
24-04 06:02:49,20.411,3.983,72.435,1.494,0,5323108,224480,172536,2294040,6958.777,483.898,0,1593.081,0,13.939,2805,2674,1.100,1.850,1.400,2,0,50.779,0,0,18,314,0,24,0
24-04 06:02:50,26.000,5.750,65.000,1.000,0,5352976,194588,172536,2294064,4104.995,485.999,0,1135.999,0,37.000,10552,19181,1.100,1.850,1.400,3,0,26.000,0,0,18,314,0,23,0
24-04 06:02:51,35.965,7.992,54.197,1.998,0,5415720,125996,172536,2299912,15330.978,2833.224,879.139,1318.708,6.993,19.980,3378,2086,1.100,1.850,1.400,2,0,24.976,0,0,18,314,0,23,0
24-04 06:02:52,27.073,4.262,67.683,1.003,0,5404252,133836,172536,2303540,13431.338,3436.297,256.694,497.346,2.005,31.084,2893,2389,1.100,1.850,1.400,1,0,21.057,0,0,18,315,0,23,0
24-04 06:02:53,21.458,5.240,68.867,1.747,0,5350248,185808,172536,2305492,8311.919,658.726,31.938,1297.490,0.998,33.934,10315,18793,1.090,1.840,1.390,1,0,13.973,0,0,18,314,0,23,0
24-04 06:02:54,22.499,6.500,68.747,1.000,0,5356368,179508,172548,2305660,9227.556,485.977,0,775.963,0,25.999,10569,19280,1.090,1.840,1.390,1,0,18.999,0,0,18,314,0,23,0
24-04 06:02:55,22.008,3.751,71.527,1.751,0,5334224,213156,172548,2294236,7970.008,486.183,0,912.344,0,21.008,2324,1816,1.090,1.840,1.390,1,0,23.009,0,0,18,314,0,23,0
24-04 06:02:56,21.305,6.016,71.685,0,0,5323128,217764,172548,2300724,7927.502,487.260,0,340.882,0,19.049,3191,2870,1.090,1.840,1.390,3,0,98.254,0,0,18,314,0,23,0
24-04 06:02:57,22.446,2.993,71.828,1.995,0,5325612,211268,172548,2304688,3054.666,484.836,0,754.189,0,4.988,2190,1760,1.090,1.840,1.390,2,1,16.959,0,0,18,314,0,23,0
24-04 06:02:58,12.744,1.000,82.461,2.249,0,5334488,201904,172548,2305160,25018.137,8686.881,0,2482.823,0,231.890,1811,1544,1,1.810,1.390,1,0,0,0,0,18,315,0,19,0
24-04 06:02:59,10.000,1.250,86.247,2.500,0,5331672,204308,172548,2305552,52840.416,13480.596,0,1427.957,0,49.999,1573,1714,1,1.810,1.390,0,0,0,0,0,18,316,0,19,0
24-04 06:03:00,8.996,1.000,85.212,3.249,0,5336040,199636,172564,2305824,132900.172,11998.689,0,1375.391,0,63.972,1699,1866,1,1.810,1.390,0,1,0,0,0,18,316,0,19,0
24-04 06:03:01,13.495,1.999,70.473,12.745,0,5357192,178292,172628,2305940,17186.485,6797.423,0,12063.427,0,140.947,2126,2251,1,1.810,1.390,2,0,0,0,0,18,316,0,19,0
24-04 06:03:02,14.761,1.751,81.560,1.251,0,5371244,163836,172732,2306236,29656.693,10740.857,0,1477.080,0,62.045,1993,2018,1,1.810,1.390,1,0,0,0,0,18,316,0,14,0
24-04 06:03:03,9.248,2.499,84.481,2.249,0,5378736,155772,172804,2306716,304477.327,11516.403,31.993,1067.759,1.000,42.990,3009,4143,0.920,1.780,1.380,0,0,2.999,0,0,18,316,0,14,0
24-04 06:03:04,8.000,1.750,83.246,5.750,0,5378772,155268,173056,2306920,96375.886,14560.379,27.999,2387.898,4.000,107.995,2302,2635,0.920,1.780,1.380,0,1,2.000,0,0,18,316,0,16,0
24-04 06:03:05,10.993,1.749,79.448,5.996,0,5379380,154260,173204,2307168,40275.727,11322.614,103.932,1850.793,5.996,100.934,2415,3150,0.920,1.780,1.380,0,1,1.999,0,0,18,316,0,16,0
24-04 06:03:06,6.754,1.251,87.298,2.501,0,5384792,138396,173260,2317528,937859.853,26784.847,0,628.348,0,24.013,2477,2202,0.920,1.780,1.380,0,0,1.001,0,0,18,316,0,12,0
24-04 06:03:07,2.500,1.500,78.745,14.749,0,5383416,136460,173280,2320984,1980991.976,39321.419,0,9343.387,0,393.974,2699,2609,0.920,1.780,1.380,4,0,1.000,0,0,18,316,0,12,0
24-04 06:03:08,4.250,2.000,85.251,6.500,0,5378880,131744,173332,2330152,4658145.856,54304.686,0,5116.065,0,53.001,3102,2956,0.850,1.750,1.370,1,0,2.000,0,0,18,316,0,12,0
24-04 06:03:09,4.751,2.501,86.020,3.751,0,5365492,146864,173352,2329064,8810312.222,81260.559,0,10106.308,0,22.005,4204,3316,0.850,1.750,1.370,1,0,1.000,0,0,18,316,0,12,0
24-04 06:03:10,9.251,2.000,80.262,7.251,0,5368444,133048,173476,2339772,1828240.225,21262.073,164.024,3220.465,4.001,56.008,2207,2153,0.850,1.750,1.370,1,0,0,0,0,18,316,0,9,0
24-04 06:03:11,15.267,2.503,72.332,8.760,0,5368916,120672,175900,2347440,8410.571,486.554,4.005,4112.680,1.001,102.116,2298,2304,0.850,1.750,1.370,0,1,1.001,0,0,18,316,0,9,0
24-04 06:03:12,20.231,3.497,68.937,6.744,0,5371236,135576,176560,2329132,6925.623,485.553,0,6565.955,0,86.920,2554,2533,0.850,1.750,1.370,1,1,0,0,0,18,316,0,9,0
24-04 06:03:13,6.500,2.250,63.001,26.750,0,5378720,121772,176704,2335056,5237.089,540.009,48.001,20672.350,3.000,310.005,2050,2391,1.180,1.800,1.390,1,1,0,0,0,18,316,0,9,0
24-04 06:03:14,18.003,3.251,61.761,15.753,0,5380256,132516,176920,2322408,9017.662,486.090,0,24744.559,0,238.044,2752,2792,1.180,1.800,1.390,2,1,0,0,0,18,316,0,9,0
24-04 06:03:15,8.996,2.749,63.971,23.239,0,5378940,121456,177096,2334340,6135.207,485.779,0,25736.282,0,184.916,2018,2148,1.180,1.800,1.390,0,1,1.000,0,0,18,316,0,9,0
24-04 06:03:16,6.752,2.251,72.022,17.255,0,5386184,139876,177312,2308900,8564.582,486.147,0,15564.692,0,145.044,1905,2074,1.180,1.800,1.390,2,0,0,0,0,18,316,0,9,0
24-04 06:03:17,19.999,3.500,72.496,3.750,0,5382860,128800,178128,2321708,9222.530,485.975,0,1311.933,0,47.998,2184,1835,1.180,1.800,1.390,0,1,0,0,0,18,316,0,9,0
24-04 06:03:18,17.225,2.746,71.895,6.990,0,5389224,137704,178496,2305776,9615.906,485.289,0,2416.458,0,100.852,2310,2167,1.170,1.790,1.390,2,0,0,0,0,18,316,0,5,0
24-04 06:03:19,21.282,2.504,71.858,2.754,0,5394312,141652,178764,2296372,8465.678,486.729,0,552.828,0,19.028,2203,1953,1.170,1.790,1.390,2,0,0,0,0,18,316,0,5,0
24-04 06:03:20,18.748,2.000,72.243,5.499,0,5391684,120844,178968,2318588,5779.464,485.955,0,2895.731,0,68.994,2482,2717,1.170,1.790,1.390,1,0,0,0,0,18,316,0,5,0
24-04 06:03:21,18.756,2.501,72.274,5.502,0,5404296,124392,179628,2301972,5041.640,486.158,0,2236.728,0,78.025,2257,2250,1.170,1.790,1.390,0,1,0,0,0,18,316,0,5,0
24-04 06:03:22,17.257,1.751,75.029,5.002,0,5324352,236776,179792,2268988,14938.819,3136.222,0,1520.592,0,57.022,2398,2547,1.170,1.790,1.390,2,0,1.000,0,0,18,314,0,4,0
24-04 06:03:23,17.984,3.747,71.934,5.245,0,5356548,204552,179792,2269004,23768.264,2527.688,0,2545.672,0,142.869,2750,2673,1.150,1.780,1.380,0,0,33.969,0,0,18,315,0,4,0
24-04 06:03:24,22.533,3.255,70.352,3.255,0,5356568,198100,179944,2274964,11948.329,727.054,224.325,1858.696,12.017,37.054,2520,2497,1.150,1.780,1.380,2,0,3.004,0,0,18,314,0,4,0
24-04 06:03:25,17.742,2.999,77.216,1.249,0,5355504,192672,180464,2279996,12666.502,3533.466,0,1263.452,0,38.983,2332,2291,1.150,1.780,1.380,1,0,21.990,0,0,18,314,0,4,0
24-04 06:03:26,22.003,6.251,68.261,1.750,0,5356852,190696,180504,2280512,8803.369,540.084,0,2336.363,0,11.002,10441,18963,1.150,1.780,1.380,2,0,11.002,0,0,18,314,0,4,0
24-04 06:03:27,22.234,6.495,68.949,0.749,0,5374468,172832,180548,2280676,6132.466,527.610,0,9660.857,0,142.894,10908,19788,1.150,1.780,1.380,2,0,18.986,0,0,18,314,0,3,0
24-04 06:03:28,19.575,5.019,72.780,2.259,0,5341712,218008,180556,2269348,3851.844,487.880,0,357.377,0,17.066,2094,1621,1.140,1.760,1.380,1,1,6.023,0,0,18,314,0,3,0
24-04 06:03:29,21.492,3.249,71.475,3.249,0,5376032,180380,180560,2272628,10694.240,485.829,831.708,1287.547,71.975,143.949,2353,2005,1.140,1.760,1.380,1,0,0,0,0,18,315,0,3,0
24-04 06:03:30,18.176,4.731,62.494,11.453,0,5372788,183064,180560,2273188,4700.752,484.018,382.434,4728.638,21.910,259.936,6678,10126,1.140,1.760,1.380,2,0,0,0,0,18,317,0,7,0
24-04 06:03:31,14.810,11.296,66.772,5.271,0,5306292,249004,180560,2273744,5083.690,542.207,449.831,2128.663,21.086,187.764,6488,8108,1.140,1.760,1.380,1,0,255.038,0,0,18,316,0,7,0
24-04 06:03:32,11.960,10.216,67.025,9.468,0,5311708,242148,180560,2275180,12300.707,484.374,1487.008,2651.100,57.806,47.839,4286,3819,1.140,1.760,1.380,0,1,185.378,0,0,18,316,0,9,0
24-04 06:03:33,5.011,4.009,77.915,12.527,0,5283724,259220,180560,2286076,8755.569,1504.190,10834.980,1374.916,1759.732,25.053,3467,5176,1.130,1.750,1.380,0,0,16.034,0,0,18,317,0,9,0
24-04 06:03:34,1.246,0.499,90.745,5.734,0,5275632,267312,180560,2286076,15274.027,1090.931,0,1583.545,0,97.725,1270,1887,1.130,1.750,1.380,1,1,0,0,0,18,317,0,9,0
24-04 06:03:35,2.000,1.000,94.228,1.250,0,5275456,267312,180560,2286252,46658.271,3122.282,223.949,375.914,2.999,39.991,1564,2263,1.130,1.750,1.380,0,0,1.000,0,0,18,317,0,9,0
24-04 06:03:36,6.525,9.788,79.308,4.267,0,5247080,294632,180576,2287292,120234.730,2390.279,610.369,534.073,25.097,11.043,3351,2845,1.130,1.750,1.380,1,0,164.639,0,0,18,316,0,10,0
24-04 06:03:37,8.246,20.490,67.217,2.749,0,5265720,275956,180576,2287328,8807.700,485.763,0,5073.523,0,261.872,6775,6165,1.130,1.750,1.380,1,1,596.709,0,0,18,316,0,10,0
24-04 06:03:38,6.749,20.497,65.489,4.999,0,5262272,279636,180576,2287380,8952.508,527.912,0,7926.679,0,223.963,7039,6357,1.120,1.740,1.380,1,0,609.898,0,0,18,316,0,10,0
24-04 06:03:39,7.980,21.445,66.580,2.244,0,5256648,285220,180576,2287420,4430.720,484.766,23.939,430.903,1.995,57.853,7365,7033,1.120,1.740,1.380,1,1,679.271,0,0,18,316,0,10,0
24-04 06:03:40,11.293,7.027,70.014,11.042,0,5264340,236932,180724,2327868,10080.026,487.840,40713.589,1750.604,350.322,291.098,3764,3447,1.120,1.740,1.380,1,0,169.640,0,0,18,316,0,10,0
24-04 06:03:41,10.408,3.222,77.568,6.691,0,5270904,229996,180860,2328104,6269.875,1128.082,356.862,523.398,11.895,45.599,2775,3022,1.120,1.740,1.380,0,0,26.765,0,0,18,317,0,10,0
24-04 06:03:42,2.260,1.005,96.190,0,0,5266472,234288,180860,2328244,151537.444,3471.865,0,188.863,0,27.124,1482,2063,1.120,1.740,1.380,0,0,0,0,0,18,317,0,10,0
24-04 06:03:43,2.250,3.250,93.738,0,0,5266564,233812,180860,2328628,410909.813,9922.691,0,12418.362,0,117.984,1865,2020,1.030,1.710,1.370,0,0,5.999,0,0,18,317,0,10,0
24-04 06:03:44,1.500,2.250,90.516,3.501,0,5265896,233812,180860,2329296,703667.597,15602.829,0,19871.603,0,159.029,2022,2382,1.030,1.710,1.370,0,0,0,0,0,18,317,0,10,0
24-04 06:03:45,2.250,1.500,93.744,0.750,0,5266024,232804,180860,2330176,931221.886,22337.654,0,2399.855,0,50.997,2098,2027,1.030,1.710,1.370,0,0,1.000,0,0,18,317,0,10,0
24-04 06:03:46,1.500,0.500,96.754,0.250,0,5265892,232804,180956,2330212,69623.582,1804.067,96.004,16.001,4.000,1.000,1011,1333,1.030,1.710,1.370,0,0,0,0,0,18,317,0,10,0
24-04 06:03:47,1.000,0.750,96.530,0,0,5265808,232552,180956,2330548,333786.209,8144.494,0,0,0,0,1298,1472,1.030,1.710,1.370,0,0,0,0,0,18,317,0,10,0
24-04 06:03:48,1.749,1.250,92.965,2.249,0,5266420,231296,180956,2331192,683981.568,15990.029,0,751.719,0,144.946,2001,1852,0.950,1.680,1.360,1,0,6.997,0,0,18,317,0,10,0
24-04 06:03:49,6.250,4.000,87.254,1.500,0.250,5273228,224196,180956,2331480,384482.916,7613.315,0,16428.680,0,105.004,2656,8865,0.950,1.680,1.360,0,1,31.001,0,0,18,317,0,11,0
24-04 06:03:50,4.016,3.263,66.268,25.604,0,5279580,217656,180956,2331652,99894.301,2812.383,0,23567.384,0,273.105,2336,2865,0.950,1.680,1.360,1,1,3.012,0,0,18,317,0,11,0
24-04 06:03:51,16.941,5.979,48.333,27.654,0,5331340,165676,180956,2331856,201753.625,3181.005,510.236,19715.851,3.986,252.129,3070,3155,0.950,1.680,1.360,3,1,5.979,0,0,18,317,0,10,0
24-04 06:03:52,12.490,4.746,61.203,19.735,0,5328852,167692,180956,2332328,480544.975,4442.598,511.608,23645.891,3.997,231.822,3031,3023,0.950,1.680,1.360,0,1,3.997,0,0,18,317,0,10,0
24-04 06:03:53,8.005,5.504,66.542,19.512,0,5347768,147544,181024,2333432,146490.192,3458.200,908.578,33129.075,9.006,265.169,2433,2227,1.110,1.700,1.370,0,3,27.017,0,0,18,316,0,11,0
24-04 06:03:54,1.504,2.005,63.153,31.577,0,5345564,149648,181024,2333524,8219.965,487.183,80.195,22510.675,19.046,321.782,1844,2725,1.110,1.700,1.370,1,0,0,0,0,18,316,0,11,0
24-04 06:03:55,5.987,5.987,69.847,16.464,0,5343136,133220,181112,2352056,9228.786,484.938,119.738,20866.297,26.941,492.920,3868,4915,1.110,1.700,1.370,0,1,32.928,0,0,18,316,0,11,0
24-04 06:03:56,4.497,8.745,71.709,13.742,0,5335908,136700,181368,2354956,8135.302,485.720,0,6320.350,0,699.596,4851,5831,1.110,1.700,1.370,0,1,58.966,0,0,18,316,0,11,0
24-04 06:03:57,3.500,6.751,72.009,15.002,0,5331632,138092,181504,2357308,9759.179,486.059,0,5532.668,0,609.074,3911,5157,1.110,1.700,1.370,0,1,45.005,0,0,18,316,0,11,0
24-04 06:03:58,9.234,7.487,70.881,10.982,0,5320656,145732,181684,2360160,8723.326,485.184,147.751,5774.287,3.993,557.063,3767,4468,1.100,1.690,1.370,2,0,44.924,0,0,18,316,0,11,0
24-04 06:03:59,17.335,5.527,69.339,7.286,0,5295732,169808,181708,2360964,4211.578,488.386,0,3806.599,0,62.304,2936,2499,1.100,1.690,1.370,1,1,21.103,0,0,18,316,0,11,0
24-04 06:04:00,17.987,6.245,68.199,6.495,0,5308820,156104,181724,2361476,3619.295,485.637,0,1398.954,0,106.920,3046,2598,1.100,1.690,1.370,1,0,27.979,0,0,18,316,0,11,0
24-04 06:04:01,17.035,5.010,69.392,7.515,0,5306168,158136,181736,2361984,9711.806,541.104,0,1078.199,0,66.135,2879,2484,1.100,1.690,1.370,1,0,24.049,0,0,18,316,0,11,0
24-04 06:04:02,16.431,4.481,64.979,12.946,0,5299772,161688,181872,2364312,10041.047,577.587,31.867,1788.527,0.996,83.650,3082,3335,1.100,1.690,1.370,1,0,13.942,0,0,18,316,0,11,0
24-04 06:04:03,17.997,4.249,70.737,6.249,0,5313592,144164,181964,2367464,9505.317,485.914,135.976,635.887,29.995,28.995,2439,2211,1.250,1.710,1.380,1,0,11.998,0,0,18,316,0,11,0
24-04 06:04:04,16.493,4.248,71.221,6.247,0,5301452,156356,182176,2366676,7299.048,485.804,503.796,4270.273,69.972,87.964,3927,5075,1.250,1.710,1.380,0,1,15.994,0,0,18,316,0,11,0
24-04 06:04:05,15.066,10.546,67.545,5.775,0,5364964,122964,182216,2337772,8662.799,542.367,2695.763,1948.502,57.250,61.267,3727,3651,1.250,1.710,1.380,1,0,46.202,0,0,18,316,0,11,0
24-04 06:04:06,18.171,7.219,69.946,3.734,0,5361672,120784,182220,2340612,6019.835,483.897,234.979,2632.558,11.948,12.944,3385,4382,1.250,1.710,1.380,1,0,28.874,0,0,18,316,0,11,0
24-04 06:04:07,17.549,3.510,74.960,3.008,0,5274136,283932,182248,2265776,4368.243,487.366,44.124,4.011,8.022,1.003,2442,2169,1.250,1.710,1.380,2,0,20.056,0,0,18,316,0,13,0
24-04 06:04:08,1.745,0.499,96.470,0.249,0,5269740,288320,182248,2265780,10185.446,484.594,0,259.248,0,11.965,1168,1736,1.150,1.680,1.370,1,0,0,0,0,18,316,0,11,0
24-04 06:04:09,1.000,0.250,97.490,0,0,5262660,295400,182248,2265780,6357.351,485.950,0,0,0,0,877,1280,1.150,1.680,1.370,1,0,0,0,0,18,316,0,11,0
24-04 06:04:10,1.250,1.000,94.015,3.000,0,5254648,303464,182248,2265780,6339.009,540.086,0,5764.918,0,258.041,1150,1482,1.150,1.680,1.370,0,0,0,0,0,18,316,0,11,0
24-04 06:04:11,1.250,0.500,95.285,2.251,0,5239040,319072,182248,2265780,10125.709,486.178,0,1356.497,0,231.085,1137,1400,1.150,1.680,1.370,0,1,0,0,0,18,316,0,11,0
24-04 06:04:12,1.500,0.750,94.486,1.500,0,5239016,319072,182248,2265828,6461.053,485.929,31.995,647.905,1.000,53.992,1506,2294,1.150,1.680,1.370,0,0,0,0,0,18,316,0,11,0
24-04 06:04:13,1.250,0.500,97.961,0,0.250,5239016,319072,182248,2265828,10587.778,485.806,0,31.987,0,3.998,872,1230,1.060,1.650,1.360,0,0,0,0,0,18,316,0,11,0
24-04 06:04:14,1.501,0.500,97.054,0,0,5239016,319072,182248,2265828,8340.643,486.271,0,0,0,0,982,1391,1.060,1.650,1.360,0,0,0,0,0,18,316,0,11,0
24-04 06:04:15,0.999,0.749,96.930,0.250,0,5239016,319072,182248,2265828,4322.867,539.609,0,95.930,0,11.991,1011,1430,1.060,1.650,1.360,0,0,0.999,0,0,18,316,0,11,0
24-04 06:04:16,1.251,0.750,97.292,0,0,5239256,318832,182248,2265828,12413.299,486.208,0,28.012,0,3.001,989,1328,1.060,1.650,1.360,0,0,0,0,0,18,316,0,11,0
24-04 06:04:17,0.750,0.500,97.258,0.250,0,5239252,318832,182248,2265832,9619.799,486.040,0,76.006,0,7.001,944,1300,1.060,1.650,1.360,0,0,0,0,0,18,316,0,11,0
24-04 06:04:18,1.488,0.744,97.477,0,0,5239476,318608,182248,2265832,4311.822,482.178,0,3.969,0,0.992,903,1299,0.980,1.630,1.350,0,0,0,0,0,18,316,0,11,0
24-04 06:04:19,1.007,0.504,97.439,0,0,5239440,318608,182248,2265868,9685.499,489.462,0,0,0,0,947,1340,0.980,1.630,1.350,0,0,0,0,0,18,316,0,11,0
24-04 06:04:20,1.500,0.500,94.531,1.500,0,5239436,318608,182248,2265872,10241.351,540.177,0,440.144,0,43.014,1509,2308,0.980,1.630,1.350,0,0,1.000,0,0,18,316,0,11,0
24-04 06:04:21,1.000,1.000,97.532,0,0,5239436,318608,182248,2265872,8516.788,486.159,0,596.195,0,127.042,982,1310,0.980,1.630,1.350,0,0,0,0,0,18,316,0,11,0
24-04 06:04:22,2.000,0.750,95.492,0.500,0,5239416,318608,182248,2265892,8108.316,485.959,15.999,279.976,1.000,31.997,1334,2096,0.980,1.630,1.350,0,0,0,0,0,18,316,0,11,0
24-04 06:04:23,0.750,0.500,98.016,0.250,0,5239416,318608,182248,2265892,3948.641,486.079,0,120.019,0,8.001,823,1277,0.900,1.600,1.350,0,0,0,0,0,18,316,0,11,0
24-04 06:04:24,1.000,0.500,97.240,0.250,0,5239416,318608,182248,2265892,8698.079,539.943,0,407.957,0,26.997,911,1384,0.900,1.600,1.350,0,0,0,0,0,18,316,0,11,0
24-04 06:04:25,0.500,0.750,97.253,0,0,5239416,318608,182248,2265892,6144.165,486.013,0,108.003,0,12.000,903,1313,0.900,1.600,1.350,0,0,1.000,0,0,18,316,0,11,0
24-04 06:04:26,2.499,1.500,95.979,0,0,5247228,310796,182248,2265892,10137.741,485.892,0,0,0,0,1073,1367,0.900,1.600,1.350,0,0,1.000,0,0,18,318,0,11,0
24-04 06:04:27,1.000,0.250,97.537,0,0,5247228,310796,182248,2265892,6764.542,486.183,0,0,0,0,943,1360,0.900,1.600,1.350,0,0,0,0,0,18,318,0,11,0
24-04 06:04:28,1.000,1.000,97.742,0,0,5247228,310796,182248,2265892,8831.301,485.962,0,4.000,0,1.000,911,1280,0.830,1.570,1.340,0,0,0,0,0,18,318,0,11,0
24-04 06:04:29,1.000,0.500,97.491,0,0,5247228,310796,182248,2265892,8068.256,485.955,0,0,0,0,921,1374,0.830,1.570,1.340,0,0,0,0,0,18,318,0,11,0
24-04 06:04:30,1.251,0.500,96.794,0.250,0,5247220,310796,182248,2265900,4969.277,486.223,0,156.072,0,14.006,983,1450,0.830,1.570,1.340,0,0,0,0,0,18,318,0,11,0
24-04 06:04:31,1.249,0.750,96.944,0,0,5247220,310796,182248,2265900,7019.957,485.720,0,1535.116,0,23.986,1014,1393,0.830,1.570,1.340,0,0,0,0,0,18,318,0,11,0
24-04 06:04:32,1.999,0.750,95.471,0.750,0,5247196,310796,182248,2265924,11519.526,539.837,15.995,695.790,1.000,51.984,1519,2230,0.830,1.570,1.340,0,0,0,0,0,18,318,0,7,0
24-04 06:04:33,1.251,0.500,97.806,0,0,5247196,310796,182248,2265924,7727.426,486.279,0,32.018,0,4.002,869,1232,0.840,1.560,1.340,0,0,0,0,0,18,318,0,7,0
24-04 06:04:34,1.000,0.500,97.043,0,0,5247196,310796,182248,2265924,8659.851,540.240,0,8.004,0,1.000,943,1384,0.840,1.560,1.340,0,0,0,0,0,18,318,0,7,0
24-04 06:04:35,1.499,0.999,95.199,0.999,0,5247192,310796,182248,2265928,8366.508,485.739,0,339.818,0,34.981,1380,2069,0.840,1.560,1.340,0,0,0.999,0,0,18,318,0,7,0
24-04 06:04:36,1.500,1.500,95.772,0,0,5247640,310348,182248,2265928,9634.229,610.141,0,61518.234,0,105.024,1294,1640,0.840,1.560,1.340,0,0,1.000,0,0,18,320,0,4,0
24-04 06:04:37,4.267,1.506,91.620,1.757,0,5267016,290972,182248,2265928,7105.663,487.968,0,582.349,0,124.502,1245,1407,0.840,1.560,1.340,1,0,5.020,0,0,18,320,0,4,0
24-04 06:04:38,8.966,3.487,77.707,8.468,0,5272424,283160,182632,2267948,11850.356,8332.609,2371.068,1060.007,506.093,10.959,2490,3232,0.850,1.550,1.340,1,0,0,0,0,18,321,0,4,0
24-04 06:04:39,13.265,2.753,83.092,0.250,0,5273624,281508,182632,2268400,14471.065,7964.842,16.018,128.142,1.001,12.013,2338,2641,0.850,1.550,1.340,0,0,5.006,0,0,18,321,0,6,0
24-04 06:04:40,11.980,2.995,82.863,0.250,0,5272644,282444,182632,2268444,12463.375,6985.440,15.974,275.544,0.998,22.962,2261,2523,0.850,1.550,1.340,0,0,5.990,0,0,18,323,0,8,0
24-04 06:04:41,13.506,3.001,81.033,1.000,0,5272516,282428,182632,2268588,15884.563,10124.183,0,1236.511,0,111.046,2521,2563,0.850,1.550,1.340,0,0,5.002,0,0,18,323,0,9,0
24-04 06:04:42,12.768,3.505,81.863,1.001,0,5269608,285296,182632,2268640,17476.226,9544.231,16.022,380.528,1.001,42.058,2728,3248,0.850,1.550,1.340,0,0,5.007,0,0,18,323,0,10,0
24-04 06:04:43,12.531,3.509,82.957,0,0,5264656,290120,182632,2268784,16932.306,9607.003,0,104.260,0,13.033,2445,2550,0.860,1.540,1.330,1,0,11.028,0,0,18,322,0,11,0
24-04 06:04:44,18.974,2.746,76.894,0.250,0,5242116,312640,182632,2268804,18735.185,10935.931,0,111.846,0,11.983,2960,2938,0.860,1.540,1.330,4,0,18.974,0,0,18,318,0,14,0
24-04 06:04:45,37.145,7.977,53.598,0.249,0,5029756,525012,182632,2268636,9120.187,538.476,3.989,211.402,0.997,13.960,2856,1611,0.860,1.540,1.330,6,0,4.986,0,0,18,306,0,16,0
24-04 06:04:46,80.633,11.806,7.285,0,0,5067984,486892,182632,2268820,6779.189,488.319,4.019,1085.153,1.005,72.344,4738,2373,0.860,1.540,1.330,4,0,2.010,0,0,18,300,0,16,0
24-04 06:04:47,86.017,13.253,0.500,0.750,0,5093972,460296,182636,2269512,10811.174,540.109,328.066,472.095,10.002,20.004,5655,3838,0.860,1.540,1.330,8,0,7.001,0,0,18,290,0,17,0
24-04 06:04:48,70.983,12.204,13.698,2.491,0,5217216,335828,182636,2270736,7783.723,537.977,0,3702.075,0,446.321,8151,12272,1.040,1.570,1.340,3,0,0.996,0,0,18,294,0,23,0
24-04 06:04:49,34.474,9.743,53.959,0.500,0,5233536,318260,182636,2272040,4407.672,485.633,31.976,235.822,1.998,22.983,6283,18422,1.040,1.570,1.340,2,0,41.968,0,0,18,298,0,25,0
24-04 06:04:50,26.600,4.517,63.738,4.015,0,5296976,254812,182640,2272040,10121.871,542.028,0,2669.990,0,170.638,3725,4677,1.040,1.570,1.340,2,0,3.011,0,0,18,298,0,25,0
24-04 06:04:51,43.957,9.491,41.459,3.497,0,5410624,165060,182648,2248364,31007.489,11952.239,1466.557,263.740,20.979,25.974,5918,8013,1.040,1.570,1.340,4,0,10.989,0,0,18,300,0,30,0
24-04 06:04:52,33.158,2.992,59.585,2.742,0,5424728,150736,182648,2248584,136219.821,65277.254,263.271,287.205,3.989,30.914,5018,5187,1.040,1.570,1.340,0,0,0.997,0,0,18,302,0,30,0
24-04 06:04:53,22.991,2.749,73.472,0,0,5430596,144804,182648,2248648,87199.814,38059.516,0,303.884,0,8.997,4380,5844,0.950,1.540,1.340,1,0,0,0,0,18,310,0,29,0
24-04 06:04:54,11.000,1.250,85.751,0.750,0,5430792,144580,182648,2248676,36824.484,15279.201,4.000,1024.013,1.000,154.002,3347,4515,0.950,1.540,1.340,0,0,0,0,0,18,308,0,29,0
24-04 06:04:55,2.749,0.750,94.467,0.500,0,5428328,147044,182648,2248676,8193.122,485.829,0,1747.386,0,13.995,1944,3012,0.950,1.540,1.340,0,0,1.000,0,0,18,308,0,29,0
24-04 06:04:56,4.000,1.250,93.242,0,0,5426388,148980,182648,2248680,8737.282,539.956,0,739.939,0,45.996,2146,3227,0.950,1.540,1.340,0,0,2.000,0,0,18,308,0,29,0
24-04 06:04:57,2.000,0.750,95.008,0.250,0,5311452,263924,182648,2248684,7621.681,486.043,0,116.010,0,15.001,1583,2337,0.950,1.540,1.340,0,0,1.000,0,0,18,297,0,29,0
24-04 06:04:58,1.500,0.500,97.488,0,0,5311452,263924,182648,2248684,5459.336,539.934,0,0,0,0,961,1330,0.880,1.520,1.330,0,0,0,0,0,18,297,0,29,0
24-04 06:04:59,1.000,0.750,97.769,0,0,5311416,263960,182648,2248684,10170.979,486.095,0,0,0,0,919,1313,0.880,1.520,1.330,0,0,0,0,0,18,297,0,29,0
24-04 06:05:00,1.250,0.250,96.514,0.250,0,5311412,263960,182648,2248688,6432.926,540.078,0,96.014,0,13.002,1012,1452,0.880,1.520,1.330,1,0,0,0,0,18,297,0,29,0
24-04 06:05:01,1.750,1.250,95.025,1.000,0,5312420,262960,182648,2248696,4332.121,486.126,0,436.113,0,39.010,1560,2339,0.880,1.520,1.330,0,0,3.001,0,0,18,297,0,29,0
24-04 06:05:02,1.500,1.000,95.757,1.000,0,5312420,262960,182648,2248696,5054.393,634.049,0,188.015,0,20.002,1130,1742,0.880,1.520,1.330,0,0,0,0,0,18,297,0,29,0
24-04 06:05:03,1.000,0.250,97.741,0,0,5312420,262960,182648,2248696,9529.133,485.956,0,0,0,0,921,1255,0.890,1.510,1.330,0,0,0,0,0,18,297,0,29,0
24-04 06:05:04,1.750,1.000,93.763,2.500,0,5311700,263672,182648,2248704,8608.152,540.072,0,744.100,0,68.009,1459,2243,0.890,1.510,1.330,0,0,0,0,0,18,297,0,29,0
24-04 06:05:05,5.245,2.747,90.916,0.500,0,5313324,261916,182652,2248832,8208.380,485.549,0,183.829,0,23.978,2703,4461,0.890,1.510,1.330,0,0,3.996,0,0,18,297,0,29,0
24-04 06:05:06,3.251,0.500,94.290,0,0,5312532,262708,182652,2248832,7418.147,540.229,0,4.002,0,1.000,1350,1726,0.890,1.510,1.330,0,0,2.001,0,0,18,297,0,29,0
24-04 06:05:07,2.250,0.750,96.008,0.250,0,5311232,263992,182652,2248848,9890.823,486.040,0,216.018,0,20.002,1284,1826,0.890,1.510,1.330,1,0,1.000,0,0,18,297,0,29,0
24-04 06:05:08,1.000,0.750,97.266,0,0,5310104,265116,182652,2248852,6376.071,540.091,0,0,0,0,957,1379,0.820,1.480,1.320,0,0,0,0,0,18,297,0,29,0
24-04 06:05:09,1.506,0.502,81.560,15.559,0,5294164,281056,182652,2248852,4500.129,487.857,0,8998.251,0,1042.970,1693,1557,0.820,1.480,1.320,0,0,0,0,0,18,297,0,27,0
24-04 06:05:10,1.245,0.498,97.126,0,0,5294412,280804,182652,2248856,6439.176,537.926,0,31.877,0,3.985,913,1311,0.820,1.480,1.320,0,0,0,0,0,18,297,0,27,0
24-04 06:05:11,1.250,0.750,96.260,0.500,0,5294412,280804,182652,2248856,13286.382,486.051,0,152.016,0,21.002,1225,1760,0.820,1.480,1.320,0,0,0,0,0,18,297,0,27,0
24-04 06:05:12,1.500,0.500,95.994,0.250,0,5294412,280804,182652,2248856,8386.443,539.964,0,899.940,0,106.993,1317,1886,0.820,1.480,1.320,0,0,0,0,0,18,297,0,27,0
24-04 06:05:13,0.750,2.999,93.220,1.999,0,5293068,282148,182652,2248856,11874.127,485.842,0,31.990,0,3.999,1090,1297,0.750,1.460,1.310,0,0,0,0,0,18,297,0,27,0
24-04 06:05:14,2.000,0.750,96.254,0.750,0,5293056,282148,182652,2248868,9598.406,540.023,0,460.019,0,44.002,1424,2137,0.750,1.460,1.310,0,0,0,0,0,18,297,0,27,0
24-04 06:05:15,1.000,1.000,95.711,0.500,0,5293052,282148,182652,2248872,8988.315,485.801,0,127.948,0,15.993,1088,1476,0.750,1.460,1.310,2,0,1.000,0,0,18,297,0,27,0
24-04 06:05:16,1.501,0.250,96.817,0.250,0.250,5293048,282148,182652,2248876,6088.184,540.371,0,52.036,0,6.004,1023,1440,0.750,1.460,1.310,0,0,0,0,0,18,297,0,27,0
24-04 06:05:17,1.000,0.750,97.985,0,0,5293048,282148,182652,2248876,4721.289,485.927,0,0,0,0,845,1241,0.750,1.460,1.310,0,0,0,0,0,18,297,0,27,0
24-04 06:05:18,0.994,0.497,96.954,0,0,5293048,282148,182652,2248876,12131.627,536.974,0,3.978,0,0.994,962,1304,0.690,1.430,1.300,1,0,0,0,0,18,297,0,27,0
24-04 06:05:19,4.032,3.780,89.967,1.260,0,5300192,274732,182664,2249072,10634.726,729.814,286.281,64.514,25.201,3.024,1737,1989,0.690,1.430,1.300,3,0,43.345,0,0,18,297,0,27,0
24-04 06:05:20,53.664,9.984,33.446,1.997,0,5043992,529760,182676,2250412,6703.211,890.567,1034.335,575.074,35.942,38.937,5088,4125,0.690,1.430,1.300,2,0,133.785,0,0,18,293,0,29,0
24-04 06:05:21,44.032,4.253,48.035,2.502,0,5121376,452144,182676,2250644,9015.518,986.713,228.165,0,18.013,0,3038,1771,0.690,1.430,1.300,2,0,2.001,0,0,18,293,0,29,0
24-04 06:05:22,48.381,4.512,46.877,0,0,5193524,379096,182676,2251564,9059.585,721.959,192.522,120.327,15.041,12.033,3959,5023,0.690,1.430,1.300,2,0,16.044,0,0,18,297,0,31,0
24-04 06:05:23,29.166,5.734,63.817,0.499,0,5281440,290996,182676,2251748,24281.481,1354.123,163.532,0,4.986,0,2823,1941,0.710,1.420,1.300,1,0,7.977,0,0,18,298,0,31,0
24-04 06:05:24,12.734,1.498,81.399,2.747,0,5274240,297884,182676,2252060,128132.226,4911.875,0,890.889,0,59.925,2223,2512,0.710,1.420,1.300,0,0,0.999,0,0,18,298,0,31,0
24-04 06:05:25,1.998,1.249,95.677,0,0,5274428,297632,182676,2252124,72746.483,1680.717,0,151.884,0,14.989,1388,1903,0.710,1.420,1.300,0,0,2.998,0,0,18,298,0,31,0
24-04 06:05:26,4.015,1.004,92.594,0.753,0,5272724,299168,182676,2252292,172366.496,3402.644,0,762.835,0,15.056,1753,2248,0.710,1.420,1.300,1,0,0,0,0,18,298,0,31,0
24-04 06:05:27,3.490,0.997,91.727,1.745,0,5269372,302164,182676,2252648,372358.038,7974.251,0,961.138,0,58.825,2308,3135,0.710,1.420,1.300,0,0,0,0,0,18,298,0,31,0
24-04 06:05:28,18.254,2.751,76.766,1.250,0,5291860,279548,182680,2252780,119508.403,3192.652,20.004,504.103,3.001,5.001,2211,1734,0.820,1.430,1.310,1,0,10.002,0,0,18,297,0,32,0
24-04 06:05:29,8.759,8.259,72.075,9.760,0,5309704,260396,183228,2253540,9093.405,630.652,540.559,3647.773,18.019,193.200,3316,3314,0.820,1.430,1.310,1,0,53.055,0,0,18,297,0,32,0
24-04 06:05:30,7.496,5.747,62.214,22.487,0,5306568,263084,183388,2253860,10063.140,485.717,171.900,9798.294,25.985,854.502,4086,4225,0.820,1.430,1.310,1,0,44.974,0,0,18,297,0,32,0
24-04 06:05:31,16.989,4.247,71.204,5.996,0,5300476,269116,183388,2253920,10309.401,539.655,3.997,3777.582,0.999,80.948,3672,4515,0.820,1.430,1.310,0,1,18.988,0,0,18,297,0,32,0
24-04 06:05:32,11.777,9.271,67.655,10.274,0,5377880,162364,183340,2284452,4180.563,487.114,52.119,5348.234,6.014,217.498,3318,3643,0.820,1.430,1.310,1,0,29.066,0,0,18,297,0,32,0
24-04 06:05:33,17.463,5.488,72.844,2.994,0,5363868,172744,183340,2286964,6310.478,678.546,195.581,2614.398,9.979,8.981,2372,1849,0.830,1.430,1.300,1,0,26.942,0,0,18,297,0,32,0
24-04 06:05:34,22.739,3.748,72.714,0.750,0,5340476,195956,183340,2287156,8888.605,485.760,15.992,495.755,1.999,41.979,2751,2421,0.830,1.430,1.300,1,0,33.983,0,0,18,297,0,32,0
24-04 06:05:35,17.514,6.255,71.057,3.503,0,5356428,179536,183472,2287512,6664.361,540.435,340.274,856.689,13.010,64.052,3153,3031,0.830,1.430,1.300,1,1,35.028,0,0,18,297,0,32,0
24-04 06:05:36,14.257,5.253,68.783,10.505,0,5334820,199880,183480,2288760,8221.959,486.234,4.002,4342.091,1.000,204.098,4318,5762,0.830,1.430,1.300,1,0,32.015,0,0,18,297,0,32,0
24-04 06:05:37,10.248,6.998,71.983,8.748,0,5295136,212944,183392,2315672,9189.807,539.871,1791.573,5842.606,16.996,123.970,2754,2711,0.830,1.430,1.300,1,0,24.994,0,0,18,297,0,32,0
24-04 06:05:38,17.318,7.279,71.279,4.267,0,5302780,205284,183392,2315672,11308.304,487.912,0,2891.328,0,24.094,2444,1909,0.850,1.420,1.300,2,0,30.118,0,0,18,297,0,32,0
24-04 06:05:39,20.973,3.495,74.403,0,0,5316216,192880,183392,2314636,6897.987,539.295,0,63.916,0,4.993,2356,1798,0.850,1.420,1.300,1,0,34.954,0,0,18,297,0,32,0
24-04 06:05:40,20.186,2.991,74.763,0.498,0,5235992,388928,183400,2199072,3653.422,574.180,131.583,0,6.978,0,2216,1747,0.850,1.420,1.300,0,0,21.930,0,0,18,297,0,32,0
24-04 06:05:41,1.000,0.500,97.505,0,0,5218980,405812,183400,2199200,8750.478,540.030,0,0,0,0,924,1285,0.850,1.420,1.300,0,0,0,0,0,18,297,0,32,0
24-04 06:05:42,2.000,0.500,95.489,0.750,0,5215540,409252,183400,2199200,35185.083,485.946,0,383.957,0,23.997,1396,1731,0.850,1.420,1.300,0,0,0,0,0,18,297,0,27,0
24-04 06:05:43,1.000,1.000,93.502,3.000,0,5212332,412460,183400,2199200,7967.144,540.010,0,1224.022,0,222.004,1303,1427,0.860,1.410,1.300,1,0,6.000,0,0,18,297,0,27,0
24-04 06:05:44,2.501,1.000,94.774,1.750,0,5209532,415268,183400,2199208,8841.215,486.122,0,464.116,0,42.011,1384,2132,0.860,1.410,1.300,0,0,0,0,0,18,297,0,27,0
24-04 06:05:45,1.000,0.500,95.727,1.500,0,5205472,419316,183400,2199220,6597.423,539.871,0,303.927,0,24.994,1058,2040,0.860,1.410,1.300,0,0,1.000,0,0,18,297,0,27,0
24-04 06:05:46,1.750,0.250,96.989,0,0,5205152,419636,183400,2199220,7865.099,539.938,0,0,0,0,1008,1396,0.860,1.410,1.300,0,0,0,0,0,18,297,0,20,0
24-04 06:05:47,0.750,0.750,97.764,0,0,5203272,421516,183400,2199220,8200.137,680.094,0,0,0,0,876,1253,0.860,1.410,1.300,0,0,0,0,0,18,297,0,20,0
24-04 06:05:48,0.750,0.500,97.520,0,0,5201628,423160,183400,2199220,3843.798,486.101,0,8.002,0,2.000,897,1311,0.790,1.390,1.290,0,0,0,0,0,18,297,0,20,0
24-04 06:05:49,6.248,3.249,89.721,0,0,5190548,434240,183400,2199220,8877.153,485.844,0,0,0,0,2095,8869,0.790,1.390,1.290,0,0,35.988,0,0,18,297,0,21,0
24-04 06:05:50,4.514,8.024,81.996,3.511,0,5197064,427700,183400,2199244,10253.771,631.896,28.084,453.361,3.009,38.114,3531,3654,0.790,1.390,1.290,1,0,181.545,0,0,18,297,0,12,0
24-04 06:05:51,18.526,8.261,72.851,0,0,5260936,363800,183400,2199272,3992.538,486.675,0,0,0,0,3220,2776,0.790,1.390,1.290,1,0,130.181,0,0,18,297,0,12,0
24-04 06:05:52,18.918,2.987,75.672,0.498,0,5326628,298096,183400,2199284,15084.685,7963.519,0,175.241,0,21.905,2782,2859,0.790,1.390,1.290,1,0,0,0,0,18,298,0,13,0
24-04 06:05:53,18.327,3.515,69.793,6.527,0,5322336,302048,183400,2199624,11100.636,2733.484,273.148,947.983,17.072,99.418,5247,7446,0.890,1.400,1.300,1,1,3.013,0,0,18,298,0,14,0
24-04 06:05:54,41.233,7.997,47.481,2.249,0,5403036,221160,183400,2199812,12917.734,3267.668,159.935,755.692,7.997,87.964,4357,4218,0.890,1.400,1.300,2,0,27.989,0,0,18,298,0,10,0
24-04 06:05:55,24.918,3.738,69.272,0.997,0,5448456,175548,183404,2200032,36795.832,27266.213,167.449,199.344,0.997,9.967,3467,3383,0.890,1.400,1.300,1,0,0.997,0,0,18,301,0,17,0
24-04 06:05:56,6.499,2.750,87.490,2.500,0,5417732,206252,183404,2200052,12212.640,9617.929,15.998,2495.722,1.000,423.953,1971,1859,0.890,1.400,1.300,0,1,34.996,0,0,18,297,0,21,0
24-04 06:05:57,0.750,0.500,97.468,0.250,0,5408744,215240,183404,2200052,9891.749,527.827,0,311.897,0,12.996,888,1281,0.890,1.400,1.300,0,0,0,0,0,18,297,0,21,0
24-04 06:05:58,1.251,0.751,93.341,3.503,0,5399664,224316,183408,2200052,6345.169,486.473,0,2598.526,0,155.151,1218,1952,0.900,1.390,1.300,0,0,0,0,0,18,297,0,20,0
24-04 06:05:59,1.498,0.499,94.639,1.998,0,5392612,231368,183408,2200052,4963.200,485.433,0,251.706,0,22.973,1084,1731,0.900,1.390,1.300,0,0,0,0,0,18,297,0,20,0
24-04 06:06:00,2.001,1.250,95.281,0.750,0,5386652,237320,183408,2200060,8698.825,486.158,0,112.036,0,14.005,1306,1836,0.900,1.390,1.300,2,0,1.000,0,0,18,297,0,20,0
24-04 06:06:01,1.999,1.250,94.971,0.250,0,5378484,245476,183412,2200068,8872.246,485.849,7.998,57070.287,1.000,57.982,1269,1748,0.900,1.390,1.300,0,0,1.999,0,0,18,297,0,20,0
24-04 06:06:02,1.500,0.500,95.525,1.250,0,5374096,249860,183412,2200072,12221.262,580.155,0,96.026,0,12.003,1191,1805,0.900,1.390,1.300,2,0,0,0,0,18,297,0,20,0
24-04 06:06:03,1.251,0.750,96.795,0,0,5370260,253696,183412,2200072,8623.018,486.227,0,104.048,0,11.005,1014,1375,0.820,1.370,1.290,1,0,1.000,0,0,18,297,0,20,0
24-04 06:06:04,2.000,1.250,92.478,3.749,0,5366876,257052,183412,2200100,4085.033,485.885,15.996,1111.737,1.000,108.974,1739,3003,0.820,1.370,1.290,0,0,0,0,0,18,297,0,20,0
24-04 06:06:05,2.000,1.000,95.243,0.500,0,5363940,259988,183412,2200100,8091.407,485.964,0,227.983,0,31.998,1492,2246,0.820,1.370,1.290,3,0,1.000,0,0,18,297,0,20,0
24-04 06:06:06,4.499,2.499,89.722,2.499,0,5361624,262160,183412,2200244,10268.796,485.848,0,1887.411,0,114.964,2656,4574,0.820,1.370,1.290,0,0,2.999,0,0,18,297,0,20,0
24-04 06:06:07,2.750,0.750,95.241,0,0,5359984,263796,183412,2200248,7873.229,485.952,0,0,0,0,1269,1672,0.820,1.370,1.290,1,0,2.000,0,0,18,297,0,22,0
24-04 06:06:08,2.249,1.000,95.476,0.250,0,5358748,265020,183412,2200260,8869.748,485.877,0,279.929,0,19.995,1294,1813,0.760,1.350,1.280,2,0,1.000,0,0,18,297,0,22,0
24-04 06:06:09,1.500,0.500,95.274,1.500,0,5358744,265020,183412,2200264,9446.373,486.122,0,256.064,0,21.005,1198,1814,0.760,1.350,1.280,0,0,0,0,0,18,297,0,22,0
24-04 06:06:10,1.000,1.000,97.045,0,0,5358612,265020,183412,2200396,8477.965,540.253,0,168.079,0,8.004,886,1274,0.760,1.350,1.280,0,0,0,0,0,18,297,0,22,0
24-04 06:06:11,1.250,0.500,96.962,0.250,0,5358612,265020,183412,2200396,4354.299,485.810,0,1023.600,0,47.981,900,1427,0.760,1.350,1.280,0,0,0,0,0,18,297,0,22,0
24-04 06:06:12,1.500,0.250,96.245,0.500,0,5358612,265020,183412,2200396,4121.797,485.976,0,1295.936,0,238.988,1327,1808,0.760,1.350,1.280,0,0,0,0,0,18,297,0,22,0
24-04 06:06:13,1.250,1.000,96.501,0,0,5358612,265020,183412,2200396,9685.132,486.007,0,28.000,0,3.000,1145,1569,0.700,1.320,1.270,0,0,0,0,0,18,297,0,22,0
24-04 06:06:14,2.251,0.250,90.037,5.752,0,5358604,265020,183412,2200404,5295.190,486.201,0,1164.482,0,149.062,1669,2677,0.700,1.320,1.270,0,0,0,0,0,18,297,0,22,0
24-04 06:06:15,1.250,1.000,96.737,0.500,0,5358596,265020,183412,2200412,9968.638,485.934,0,123.983,0,15.998,1080,1483,0.700,1.320,1.270,0,0,1.000,0,0,18,297,0,22,0
24-04 06:06:16,5.999,0.500,92.233,0,0,5358592,265020,183412,2200416,29441.677,9662.253,0,27.995,0,2.999,1474,1578,0.700,1.320,1.270,0,0,0,0,0,18,297,0,22,0
24-04 06:06:17,1.000,0.500,97.018,0,0,5358584,265020,183412,2200424,10160.853,626.114,0,56.010,0,6.001,1016,1342,0.700,1.320,1.270,0,0,0,0,0,18,297,0,22,0
24-04 06:06:18,1.491,0.994,97.184,0,0,5358584,265020,183412,2200424,7573.863,483.184,0,7.954,0,1.988,991,1315,0.640,1.300,1.270,1,0,0,0,0,18,297,0,22,0
24-04 06:06:19,1.759,0.503,95.248,0.503,0,5358548,265020,183412,2200460,5178.046,488.552,0,273.428,0,23.121,1295,1835,0.640,1.300,1.270,0,0,0,0,0,18,297,0,22,0
24-04 06:06:20,1.750,0.750,96.014,0.500,0,5358548,265020,183412,2200460,4044.578,486.069,0,168.024,0,24.003,1331,2107,0.640,1.300,1.270,0,0,0,0,0,18,297,0,22,0
24-04 06:06:21,1.000,0.250,97.777,0,0,5358548,265020,183412,2200460,10433.847,486.133,0,0,0,0,913,1318,0.640,1.300,1.270,0,0,0,0,0,18,297,0,22,0
24-04 06:06:22,1.500,1.250,96.500,0.250,0,5358544,265020,183412,2200464,7431.979,485.999,0,191.999,0,20.000,1239,1835,0.640,1.300,1.270,0,0,2.000,0,0,18,297,0,22,0
24-04 06:06:23,1.750,0.500,96.768,0,0,5358540,265020,183412,2200468,8709.609,486.090,0,0,0,0,1080,1397,0.590,1.280,1.260,0,0,0,0,0,18,297,0,18,0
24-04 06:06:24,1.750,0.500,94.227,1.750,0,5358536,265020,183412,2200472,6609.354,485.879,0,971.758,0,83.979,1621,2651,0.590,1.280,1.260,0,0,0,0,0,18,297,0,18,0
24-04 06:06:25,5.500,1.250,91.999,0,0,5358528,265020,183412,2200480,29653.523,9729.843,0,31.999,0,4.000,1508,1570,0.590,1.280,1.260,0,0,1.000,0,0,18,297,0,18,0
24-04 06:06:26,1.500,1.250,95.746,0,0,5359532,264016,183412,2200480,8947.593,485.978,0,0,0,0,1232,1469,0.590,1.280,1.260,0,0,17.999,0,0,18,297,0,18,0
24-04 06:06:27,0.750,0.500,97.503,0,0,5359528,264016,183412,2200484,4208.113,486.013,0,0,0,0,904,1302,0.590,1.280,1.260,1,0,0,0,0,18,297,0,18,0
24-04 06:06:28,1.000,0.750,97.524,0,0,5359528,264016,183412,2200484,12772.142,486.120,0,76.019,0,2.000,1037,1344,0.540,1.260,1.250,0,0,0,0,0,18,297,0,18,0
24-04 06:06:29,1.750,0.750,96.248,0.750,0,5359528,264016,183412,2200484,8708.843,485.991,0,299.995,0,26.000,1197,1733,0.540,1.260,1.250,2,0,0,0,0,18,297,0,18,0
24-04 06:06:30,0.500,0.500,96.983,0,0,5359528,264016,183412,2200484,4726.195,485.917,0,107.982,0,12.998,988,1456,0.540,1.260,1.250,0,0,0,0,0,18,297,0,18,0
24-04 06:06:31,1.000,1.000,97.245,0.250,0,5359528,264016,183412,2200484,10422.411,485.973,0,31.998,0,4.000,974,1296,0.540,1.260,1.250,0,0,0,0,0,18,297,0,17,0
24-04 06:06:32,1.750,0.250,96.507,0,0,5359528,264016,183412,2200484,7350.567,486.037,0,256.020,0,23.002,1155,1702,0.540,1.260,1.250,0,0,0,0,0,18,297,0,17,0
24-04 06:06:33,1.000,1.000,97.260,0.250,0,5359524,264016,183412,2200488,11344.181,486.051,0,56.006,0,7.001,974,1279,0.500,1.240,1.250,0,0,0,0,0,18,297,0,17,0
24-04 06:06:34,1.750,0.750,94.990,1.000,0,5359520,264016,183412,2200492,8480.126,485.950,0,411.958,0,41.996,1326,2005,0.500,1.240,1.250,0,0,0,0,0,18,297,0,17,0
24-04 06:06:35,2.000,1.250,95.760,0.500,0,5359520,264016,183412,2200492,5344.561,486.051,0,188.020,0,28.003,1420,2129,0.500,1.240,1.250,0,0,1.000,0,0,18,297,0,17,0
24-04 06:06:36,0.750,0.500,97.484,0,0,5359508,264016,183412,2200504,9153.510,485.921,0,7.999,0,1.000,971,1355,0.500,1.240,1.250,0,0,0,0,0,18,297,0,17,0
24-04 06:06:37,1.000,0.500,97.748,0,0,5359508,264016,183412,2200504,6476.889,485.992,0,0,0,0,872,1244,0.500,1.240,1.250,0,0,0,0,0,18,297,0,17,0
24-04 06:06:38,1.000,0.250,93.770,2.751,0,5359508,264016,183412,2200504,5097.102,486.105,0,1416.306,0,244.053,1112,1446,0.460,1.220,1.240,0,0,0,0,0,18,297,0,17,0
24-04 06:06:39,1.748,0.999,96.646,0.250,0,5359504,264016,183412,2200508,9586.652,485.476,0,251.728,0,22.975,1209,1743,0.460,1.220,1.240,1,1,0,0,0,18,297,0,17,0
24-04 06:06:40,1.001,0.250,97.102,0.250,0,5359504,264016,183412,2200508,7955.370,486.512,0,56.059,0,7.007,963,1321,0.460,1.220,1.240,0,0,0,0,0,18,297,0,17,0
24-04 06:06:41,1.000,0.750,97.732,0,0,5359504,264016,183412,2200508,9597.263,485.912,0,0,0,0,911,1248,0.460,1.220,1.240,1,0,0,0,0,18,297,0,17,0
24-04 06:06:42,1.500,0.250,96.517,0.500,0,5359504,264016,183412,2200508,6661.198,486.087,0,268.048,0,24.004,1099,1697,0.460,1.220,1.240,0,0,0,0,0,18,297,0,17,0
24-04 06:06:43,1.506,1.756,96.356,0,0,5359504,264016,183412,2200508,5935.920,487.801,0,32.119,0,4.015,1081,1365,0.580,1.230,1.240,0,0,6.022,0,0,18,297,0,17,0
24-04 06:06:44,1.744,0.249,94.905,1.744,0,5359500,264016,183412,2200512,10028.587,430.437,0,406.524,0,40.852,1442,2177,0.580,1.230,1.240,0,0,0,0,0,18,297,0,17,0
24-04 06:06:45,1.248,0.749,96.368,0,0,5359496,264016,183412,2200516,7195.109,485.333,0,215.703,0,38.946,1093,1492,0.580,1.230,1.240,0,0,0.999,0,0,18,297,0,17,0
24-04 06:06:46,5.517,12.037,81.999,0,0,5370956,252540,183412,2200532,7708.419,433.316,0,0,0,0,4032,3532,0.580,1.230,1.240,2,0,255.777,0,0,18,297,0,17,0
24-04 06:06:47,9.270,12.527,77.169,0,0,5375832,247632,183412,2200564,20433.845,2142.702,0,16.035,0,2.004,4275,3602,0.580,1.230,1.240,1,0,239.526,0,0,18,297,0,19,0
24-04 06:06:48,20.926,3.488,72.993,1.744,0,5427636,195196,183416,2201192,8282.835,484.295,613.839,3.986,36.870,0.996,2060,1650,0.620,1.220,1.240,1,0,1.993,0,0,18,297,0,19,0
24-04 06:06:49,27.744,4.749,64.735,2.249,0,5467120,153872,183536,2202912,3961.096,485.889,67.984,1731.605,9.998,202.954,3652,12222,0.620,1.220,1.240,1,0,35.992,0,0,18,297,0,20,0
24-04 06:06:50,23.002,4.000,71.258,0.500,0,5499656,149628,183628,2174948,4623.498,432.047,32.003,648.070,7.001,29.003,3018,3751,0.620,1.220,1.240,2,0,3.000,0,0,18,297,0,20,0
24-04 06:06:51,20.242,3.249,66.974,7.247,0,5516604,132520,183628,2175108,6831.323,485.810,39.984,3418.660,4.998,217.915,4396,6105,0.620,1.220,1.240,1,0,0,0,0,18,298,0,19,0
24-04 06:06:52,21.506,3.501,68.768,5.001,0,5517064,131572,183628,2175584,8994.414,570.153,160.043,536.144,11.003,67.018,5519,7975,0.620,1.220,1.240,0,1,0,0,0,18,303,0,21,0
24-04 06:06:53,24.582,3.010,62.710,8.529,0,5524392,123284,183628,2176548,11396.204,3223.807,806.704,1135.808,51.172,157.528,4858,6772,0.650,1.220,1.240,1,0,1.003,0,0,18,308,0,25,0
24-04 06:06:54,10.711,1.495,80.959,4.733,0,5525536,121772,183628,2176916,14367.318,3141.699,191.312,1398.968,10.961,181.348,3622,5426,0.650,1.220,1.240,0,0,0.996,0,0,18,309,0,25,0
24-04 06:06:55,6.993,1.498,88.658,1.498,0,5526348,120784,183628,2177092,12248.299,2640.262,15.983,875.093,0.999,92.904,2361,3372,0.650,1.220,1.240,0,0,0.999,0,0,18,309,0,16,0
24-04 06:06:56,10.760,1.752,85.330,1.251,0,5518736,128156,183628,2177332,27762.947,11003.284,64.060,992.928,4.004,99.093,2859,4112,0.650,1.220,1.240,1,0,0,0,0,18,310,0,16,0
24-04 06:06:57,10.293,1.757,82.096,4.268,0,5516452,130340,183628,2177432,10738.199,1440.062,16.068,996.193,1.004,110.465,3530,5368,0.650,1.220,1.240,1,0,0,0,0,18,312,0,17,0
24-04 06:06:58,19.941,4.487,60.821,11.715,0,5514480,132184,183628,2177560,3448.835,484.572,0,4083.963,0,362.930,7501,11747,0.670,1.220,1.240,4,1,0.997,0,0,18,312,0,19,0
24-04 06:06:59,14.741,3.748,62.711,16.990,0,5506160,140240,183628,2177824,5426.660,431.734,15.990,8390.836,0.999,824.493,6070,8893,0.670,1.220,1.240,0,1,0,0,0,18,313,0,22,0
24-04 06:07:00,8.237,1.747,77.375,11.232,0,5504000,142200,183628,2178024,14248.044,3202.840,0,1473.626,0,99.839,2929,4264,0.670,1.220,1.240,0,1,0,0,0,18,311,0,19,0
24-04 06:07:01,12.764,1.752,76.582,7.008,0,5502292,143836,183628,2178096,31173.439,11515.352,0,1613.731,0,131.141,3390,4623,0.670,1.220,1.240,0,0,0,0,0,18,312,0,20,0
24-04 06:07:02,15.502,3.750,67.757,11.751,0,5500824,145212,183636,2178180,11065.118,820.083,16.002,2008.203,1.000,228.023,5552,8671,0.670,1.220,1.240,3,0,0,0,0,18,312,0,21,0
24-04 06:07:03,20.513,4.503,64.291,9.006,0,5500840,144876,183640,2178496,6681.298,486.313,0,2517.620,0,234.151,7007,10604,0.700,1.210,1.240,1,0,0,0,0,18,312,0,22,0
24-04 06:07:04,14.243,3.498,70.964,9.745,0,5503208,142284,183640,2178720,13499.246,3148.425,0,4517.740,0,373.813,5083,7881,0.700,1.210,1.240,0,1,0,0,0,18,311,0,25,0
24-04 06:07:05,10.996,2.499,72.976,11.496,0,5504016,141388,183640,2178808,9307.895,3028.990,0,6921.691,0,745.751,4324,6002,0.700,1.210,1.240,0,0,1.000,0,0,18,312,0,26,0
24-04 06:07:06,7.518,2.005,85.958,3.509,0,5501440,143956,183640,2178816,4667.320,661.605,0,765.857,0,101.246,2895,4168,0.700,1.210,1.240,6,0,1.002,0,0,18,312,0,26,0
24-04 06:07:07,7.979,1.745,83.532,5.236,0,5504628,140428,183640,2179156,12947.204,3196.656,0,997.397,0,101.734,3378,6027,0.700,1.210,1.240,0,0,2.992,0,0,18,311,0,28,0
24-04 06:07:08,21.509,3.501,64.277,9.504,0,5505292,139420,183640,2179500,11466.870,2524.072,228.097,656.279,13.006,64.027,4978,6391,0.890,1.240,1.250,1,0,2.001,0,0,18,312,0,29,0
24-04 06:07:09,12.255,1.751,79.532,4.752,0.500,5505332,139196,183640,2179684,28831.648,11825.778,0,852.344,0,116.047,3488,4787,0.890,1.240,1.250,0,0,0,0,0,18,312,0,29,0
24-04 06:07:10,8.757,1.501,85.822,3.003,0,5505292,139196,183640,2179724,28777.067,9846.235,0,1028.860,0,94.079,2600,3489,0.890,1.240,1.250,2,1,0,0,0,18,312,0,29,0
24-04 06:07:11,9.233,1.497,84.349,2.995,0,5505244,139196,183640,2179772,32297.157,12051.416,0,1477.354,0,148.734,3066,4243,0.890,1.240,1.250,1,0,0,0,0,18,311,0,29,0
24-04 06:07:12,20.266,4.253,65.801,7.756,0,5505712,138468,183640,2180032,9431.277,486.375,32.025,4095.160,1.001,381.294,6972,11044,0.890,1.240,1.250,3,0,0,0,0,18,312,0,29,0
24-04 06:07:13,21.831,4.266,64.488,7.528,0,5506040,137964,183640,2180208,8430.104,433.600,0,4103.139,0,293.081,6973,10198,0.890,1.240,1.250,2,1,0,0,0,18,312,0,33,0
24-04 06:07:14,20.971,3.995,59.169,13.981,0,5506304,137460,183640,2180448,4086.416,485.337,0,4741.520,0,420.425,7417,12121,0.890,1.240,1.250,1,1,0,0,0,18,312,0,34,0
24-04 06:07:15,21.189,3.490,71.045,2.244,0,5507196,136200,183640,2180816,9008.016,484.602,0,1507.651,0,187.459,7249,10389,0.890,1.240,1.250,0,1,1.994,0,0,18,313,0,36,0
24-04 06:07:16,8.509,1.251,87.591,2.002,0,5507072,136200,183640,2180956,25633.700,9748.154,0,604.630,0,48.050,2117,2286,0.890,1.240,1.250,0,1,1.001,0,0,18,314,0,36,0
24-04 06:07:17,2.243,0.748,95.190,0,0,5507544,135696,183640,2180988,10163.928,484.424,0,3.987,0,0.997,1270,1540,0.890,1.240,1.250,2,0,0,0,0,18,314,0,36,0
24-04 06:07:18,11.467,2.742,81.018,3.490,0,5507480,135696,183640,2181052,9368.167,430.766,0,1108.824,0,124.643,4457,6455,0.820,1.220,1.240,3,0,0,0,0,18,314,0,37,0
24-04 06:07:19,23.432,4.535,61.225,9.070,0,5507392,135444,183640,2181392,11484.135,489.802,0,3253.250,0,395.066,8358,12982,0.820,1.220,1.240,1,0,0,0,0,18,314,0,39,0
24-04 06:07:20,18.235,3.747,66.695,9.492,0,5508472,134184,183640,2181572,12653.614,485.601,79.934,1834.494,4.996,170.860,6664,10060,0.820,1.220,1.240,4,0,0,0,0,18,314,0,39,0
24-04 06:07:21,8.733,2.246,67.616,19.711,0,5509792,132448,183640,2181988,3688.705,485.041,191.621,12223.826,9.980,687.640,3322,4734,0.820,1.220,1.240,0,1,0,0,0,18,313,0,40,0
24-04 06:07:22,11.512,2.503,70.821,13.013,0,5523072,119092,183640,2182064,4044.049,486.487,0,4420.426,0,338.339,3790,6209,0.820,1.220,1.240,2,0,2.002,0,0,18,313,0,43,0
24-04 06:07:23,4.764,0.752,89.522,3.511,0,5523816,118336,183640,2182076,14553.202,3188.685,0,625.901,0,62.189,2083,2959,0.760,1.200,1.230,3,0,0,0,0,18,314,0,44,0
24-04 06:07:24,8.962,1.992,81.903,5.228,0,5524024,147824,183612,2152980,11036.243,3120.778,63.730,884.254,3.983,138.414,3065,4708,0.760,1.200,1.230,0,0,0,0,0,18,315,0,44,0
24-04 06:07:25,12.007,1.751,80.549,5.003,0,5524080,147576,183612,2153172,28753.365,9669.840,16.010,796.481,1.001,83.050,3177,4067,0.760,1.200,1.230,1,0,2.001,0,0,18,316,0,44,0
24-04 06:07:26,8.497,1.749,77.473,9.996,0,5528788,142816,183612,2153224,7942.218,3183.885,0,4546.407,0,684.760,3115,4397,0.760,1.200,1.230,0,0,0,0,0,18,315,0,47,0
24-04 06:07:27,14.309,2.008,78.073,4.268,0,5536152,135256,183612,2153420,27459.437,9530.371,0,1317.442,0,157.651,3836,5383,0.760,1.200,1.230,0,0,1.004,0,0,18,316,0,52,0
24-04 06:07:28,9.958,1.743,84.395,3.236,0,5536096,135256,183612,2153476,18985.172,5071.675,0,1250.741,0,146.384,3254,4605,0.700,1.180,1.220,0,0,0,0,0,18,315,0,53,0
24-04 06:07:29,10.251,1.000,85.007,1.750,0,5536304,135004,183612,2153520,7533.658,2523.220,0,784.069,0,68.006,2533,3356,0.700,1.180,1.220,0,0,0,0,0,18,316,0,55,0
24-04 06:07:30,9.759,1.251,80.323,6.506,0,5536516,134752,183612,2153560,23765.548,9714.808,0,2822.559,0,181.164,3089,4344,0.700,1.180,1.220,0,1,0,0,0,18,316,0,56,0
24-04 06:07:31,8.239,2.247,80.397,7.990,0,5537256,133744,183612,2153828,9742.556,485.380,15.980,2329.025,0.999,198.746,3438,5121,0.700,1.180,1.220,1,0,0,0,0,18,315,0,56,0
24-04 06:07:32,12.765,2.503,69.833,12.265,0,5538660,132232,183612,2153936,8472.046,3181.773,0,5574.610,0,426.506,4444,7180,0.700,1.180,1.220,0,0,0,0,0,18,315,0,59,0
24-04 06:07:33,9.028,1.755,86.266,2.508,0,5543196,127696,183612,2153936,9480.233,487.503,0,846.611,0,105.325,2903,4326,0.640,1.160,1.220,1,0,0,0,0,18,315,0,63,0
24-04 06:07:34,3.995,1.498,89.398,3.246,0,5542976,127696,183616,2154152,13817.168,3228.301,0,651.254,0,77.911,2276,3367,0.640,1.160,1.220,2,0,0,0,0,18,316,0,63,0
24-04 06:07:35,4.734,1.495,89.937,1.993,0,5543704,126940,183616,2154180,10293.138,430.500,0,589.945,0,68.760,2200,3208,0.640,1.160,1.220,1,0,0.997,0,0,18,315,0,64,0
24-04 06:07:36,4.501,0.750,88.772,4.501,0,5543676,126940,183616,2154208,5794.437,486.121,0,532.132,0,53.013,1872,2750,0.640,1.160,1.220,1,0,0,0,0,18,315,0,64,0
24-04 06:07:37,4.751,1.250,90.521,2.501,0,5543908,126688,183616,2154228,4491.058,486.114,0,516.122,0,48.011,1729,2514,0.640,1.160,1.220,3,0,0,0,0,18,315,0,64,0
24-04 06:07:38,4.747,1.249,91.449,1.749,0,5543892,126688,183616,2154244,4535.459,485.728,0,447.749,0,44.975,1780,2592,0.750,1.170,1.220,0,0,0,0,0,18,315,0,65,0
24-04 06:07:39,11.255,1.251,82.784,3.251,0,5544212,126184,183616,2154428,17775.367,5770.392,0,1548.642,0,189.078,3726,5527,0.750,1.170,1.220,0,0,0,0,0,18,315,0,68,0
24-04 06:07:40,7.997,1.499,87.718,1.999,0,5545160,125176,183616,2154488,10340.248,2835.971,0,743.730,0,58.979,2463,3520,0.750,1.170,1.220,1,0,0,0,0,18,316,0,70,0
24-04 06:07:41,6.007,1.752,82.594,8.009,0,5545108,125176,183616,2154540,12235.897,2559.907,0,5029.712,0,372.423,3205,5104,0.750,1.170,1.220,3,0,0,0,0,18,315,1,70,0
24-04 06:07:42,13.994,1.999,61.472,20.491,0,5544760,125448,183616,2154616,17464.035,6349.104,0,7040.789,0,807.632,4828,6821,0.750,1.170,1.220,0,0,0,0,0,18,316,0,74,0
24-04 06:07:43,11.766,2.003,81.109,3.254,0,5546360,123688,183616,2154776,28339.179,8098.911,0,953.284,0,113.152,3495,4995,0.850,1.180,1.230,0,0,6.008,0,0,18,315,0,74,0
24-04 06:07:44,11.229,2.745,78.603,6.488,0,5546668,123184,183616,2154972,8956.199,2997.377,15.970,1297.566,0.998,152.714,3749,5542,0.850,1.180,1.230,0,0,0,0,0,18,316,0,78,0
24-04 06:07:45,7.020,1.254,87.495,3.008,0,5546908,122932,183616,2154984,6627.594,802.251,0,986.768,0,133.374,2647,4133,0.850,1.180,1.230,3,0,1.003,0,0,18,317,0,79,0
24-04 06:07:46,2.742,0.499,93.978,0.997,0,5546720,122932,183616,2155172,12496.862,2986.364,0,789.716,0,67.804,1554,2375,0.850,1.180,1.230,0,0,0,0,0,18,315,0,79,0
24-04 06:07:47,8.001,2.000,86.265,2.750,0,5546656,122932,183616,2155236,10825.913,2643.467,0,1436.254,0,161.028,2776,4191,0.850,1.180,1.230,0,0,0,0,0,18,315,0,81,0
24-04 06:07:48,14.003,1.750,79.268,3.251,0,5547024,122428,183616,2155372,27782.469,11853.760,0,1336.311,0,153.036,3787,5111,0.860,1.180,1.230,2,0,0,0,0,18,315,0,83,0
24-04 06:07:49,18.266,5.505,71.061,2.752,0,5555540,155324,183528,2113876,8541.379,486.420,0,2069.788,0,254.220,6661,22480,0.860,1.180,1.230,1,0,36.031,0,0,18,316,0,83,0
24-04 06:07:50,20.294,4.009,59.879,14.281,0,5557536,153180,183532,2114300,8338.910,487.046,16.034,4537.746,1.002,444.956,6977,11370,0.860,1.180,1.230,2,1,0,0,0,18,316,0,83,0
24-04 06:07:51,21.474,4.495,61.925,10.987,0.250,5557788,152680,183532,2114548,11147.565,485.415,0,6723.896,0,460.445,7471,11609,0.860,1.180,1.230,3,0,0,0,0,18,315,0,85,0
24-04 06:07:52,5.989,1.497,84.095,6.488,0,5558200,152204,183532,2114612,7628.926,485.105,0,1924.450,0,142.737,2732,4312,0.860,1.180,1.230,0,0,0,0,0,18,315,0,85,0
24-04 06:07:53,11.232,2.246,79.376,5.741,0,5559740,150440,183536,2114832,7673.034,3178.044,0,1417.789,0,163.745,3681,5615,1.030,1.210,1.240,1,0,0,0,0,18,315,0,86,0
24-04 06:07:54,8.804,2.264,82.753,5.534,0,5559720,150440,183540,2114848,13275.767,3177.330,0,1291.859,0,152.930,2936,4654,1.030,1.210,1.240,1,1,0,0,0,18,315,0,87,0
24-04 06:07:55,3.738,0.997,87.967,5.482,0,5559916,150188,183540,2114904,7634.412,484.440,0,3213.650,0,198.361,2173,3380,1.030,1.210,1.240,3,1,0.997,0,0,18,316,0,88,0
24-04 06:07:56,10.236,2.746,75.400,8.988,0,5559708,150188,183540,2115112,12608.314,2693.436,0,3914.819,0,280.629,4147,6253,1.030,1.210,1.240,1,0,0,0,0,18,315,0,89,0
24-04 06:07:57,12.255,2.001,82.287,2.501,0,5559648,150188,183540,2115172,22818.195,6919.091,0,1252.560,0,156.070,3702,5032,1.030,1.210,1.240,0,0,0,0,0,18,316,0,89,0
24-04 06:07:58,11.035,2.257,77.497,8.276,0,5557380,152404,183544,2115220,14369.788,5384.156,0,6251.921,0,805.567,4173,5309,0.950,1.190,1.230,3,0,0,0,0,18,316,0,91,0
24-04 06:07:59,20.687,4.736,58.323,14.705,0,5557456,151940,183544,2115592,9039.619,484.532,47.855,3792.512,1.994,385.831,7285,11444,0.950,1.190,1.230,1,1,0.997,0,0,18,316,0,93,0
24-04 06:08:00,21.091,4.017,63.775,8.788,0,5557192,151940,183544,2115856,5785.950,488.105,0,2920.594,0,278.200,7406,11389,0.950,1.190,1.230,1,0,0,0,0,18,316,0,95,0
24-04 06:08:01,20.649,3.732,66.425,7.712,0,5557772,151184,183544,2116032,3705.892,483.637,0,3658.125,0,250.775,6931,10594,0.950,1.190,1.230,0,1,0,0,0,18,316,0,87,0
24-04 06:08:02,15.282,4.509,60.377,18.038,0,5557804,150932,183548,2116248,11104.388,581.224,0,7872.581,0,541.140,6233,9948,0.950,1.190,1.230,0,1,0,0,0,18,316,0,87,0
24-04 06:08:03,20.752,4.251,67.758,5.501,0,5558184,150432,183548,2116368,5079.611,486.058,0,1328.160,0,154.019,6613,9730,0.950,1.190,1.230,1,0,0,0,0,18,316,0,88,0
24-04 06:08:04,22.212,3.993,64.390,7.238,0,5558588,149676,183552,2116716,10358.279,539.078,31.945,2455.799,0.998,265.546,7484,11214,0.950,1.190,1.230,2,1,0,0,0,18,316,0,88,0
24-04 06:08:05,19.481,3.996,60.441,13.237,0,5554892,153144,183552,2116944,6334.833,485.527,0,4139.970,0,422.589,7377,11659,0.950,1.190,1.230,1,2,0.999,0,0,18,316,0,84,0
24-04 06:08:06,19.018,3.754,64.311,11.010,0,5554392,153528,183552,2117060,9748.178,486.458,0,5160.859,0,362.341,6824,10354,0.950,1.190,1.230,1,0,0,0,0,18,316,0,84,0
24-04 06:08:07,14.491,2.748,76.204,4.997,0,5554396,153276,183552,2117308,10268.842,485.709,0,1487.108,0,162.902,5540,8522,0.950,1.190,1.230,0,0,0,0,0,18,315,0,85,0
24-04 06:08:08,8.736,2.496,83.864,3.744,0,5596480,139704,183552,2089724,6289.775,485.211,23.961,1074.254,2.995,94.846,2881,3981,0.880,1.170,1.220,2,0,0.998,0,0,18,315,0,85,0
24-04 06:08:09,7.519,3.258,86.464,2.256,0,5602032,133996,183552,2089880,3786.365,487.205,0,978.420,0,96.238,3710,6029,0.880,1.170,1.220,2,1,3.007,0,0,18,316,0,79,0
24-04 06:08:10,7.732,1.497,82.563,5.986,0,5601112,134704,183552,2090092,12623.354,3217.698,0,1608.350,0,155.647,3265,5083,0.880,1.170,1.220,0,0,1.995,0,0,18,315,0,86,0
24-04 06:08:11,15.759,2.501,73.041,7.004,0,5601236,134448,183552,2090224,31715.755,11803.608,16.009,1632.914,1.001,169.095,4066,5621,0.880,1.170,1.220,1,0,0,0,0,18,315,0,92,0
24-04 06:08:12,10.261,1.251,83.838,2.503,0,5601424,134224,183552,2090260,28539.968,9674.158,0,1145.202,0,108.114,2986,3839,0.880,1.170,1.220,0,0,0,0,0,18,315,0,92,0
24-04 06:08:13,9.747,2.249,79.476,6.498,0,5601192,134224,183552,2090492,11664.471,485.853,0,3738.869,0,272.917,3929,5670,0.810,1.150,1.210,1,1,0,0,0,18,315,0,91,0
24-04 06:08:14,5.523,2.511,76.822,14.812,0,5600480,134896,183552,2090532,9222.607,488.043,0,7467.259,0,825.455,3273,4305,0.810,1.150,1.210,1,1,0,0,0,18,316,0,91,0
24-04 06:08:15,7.218,1.493,84.375,4.978,0,5600660,134644,183552,2090604,12104.170,3208.730,0,1142.917,0,116.482,2865,4366,0.810,1.150,1.210,0,0,0.996,0,0,18,315,0,94,0
24-04 06:08:16,15.256,3.001,71.778,8.753,0,5601192,133888,183556,2090824,28861.189,12298.768,0,2128.825,0,159.062,3984,5613,0.810,1.150,1.210,0,0,0,0,0,18,315,0,98,0
24-04 06:08:17,5.500,1.250,87.999,3.500,0,5601408,133636,183556,2090860,9420.889,485.994,0,1043.988,0,123.999,2263,3187,0.810,1.150,1.210,0,0,0,0,0,18,315,0,95,0
24-04 06:08:18,6.221,0.995,90.579,1.244,0,5601620,133412,183556,2090872,10444.400,483.749,0,692.776,0,56.736,2176,3028,0.740,1.130,1.210,0,0,0,0,0,18,315,0,98,0
24-04 06:08:19,5.036,1.259,89.390,2.014,0,5601532,133412,183556,2090960,5930.475,489.506,0,898.435,0,111.801,2050,2685,0.740,1.130,1.210,2,1,0,0,0,18,316,0,103,0
24-04 06:08:20,13.984,2.247,63.428,18.729,0,5602028,132712,183556,2091164,32341.497,11820.658,0,5661.610,0,693.218,4628,6238,0.740,1.130,1.210,2,0,0,0,0,18,316,0,104,0
24-04 06:08:21,16.020,3.254,72.592,6.759,0,5602184,132460,183556,2091260,14060.804,2741.471,0,1750.216,0,176.223,5619,8317,0.740,1.130,1.210,2,0,0,0,0,18,316,0,100,0
24-04 06:08:22,21.914,4.981,61.260,9.214,0,5602128,132208,183556,2091568,8789.629,537.897,0,4944.665,0,462.193,8014,12907,0.740,1.130,1.210,3,0,1.992,0,0,18,316,0,101,0
24-04 06:08:23,21.264,4.753,63.290,8.756,0,5603888,130336,183556,2091680,7724.914,486.309,0,5175.292,0,368.234,7464,11341,0.760,1.130,1.200,4,0,0,0,0,18,316,0,101,0
24-04 06:08:24,4.497,1.499,88.187,4.747,0,5603680,130336,183556,2091888,3726.351,485.655,0,1834.696,0,156.888,2525,4121,0.760,1.130,1.200,1,0,0.999,0,0,18,315,0,101,0
24-04 06:08:25,15.267,3.003,74.084,6.257,0,5603828,130084,183556,2091992,34139.592,12353.965,0,1866.109,0,196.222,4439,6136,0.760,1.130,1.200,0,0,1.001,0,0,18,315,0,104,0
24-04 06:08:26,4.249,0.750,92.476,0.500,0,5603804,130084,183556,2092016,10114.425,485.876,0,699.822,0,66.983,1862,2689,0.760,1.130,1.200,0,0,0,0,0,18,316,0,101,0
24-04 06:08:27,11.756,2.251,79.792,4.002,0,5604364,129328,183556,2092212,20500.776,7834.118,0,1636.860,0,132.069,3440,5071,0.760,1.130,1.200,0,0,0,0,0,18,315,0,105,0
24-04 06:08:28,8.002,1.500,87.525,2.251,0,5604576,129076,183556,2092252,11463.276,2523.721,0,1064.304,0,48.014,2433,3197,0.780,1.120,1.200,0,0,0,0,0,18,316,0,110,0
24-04 06:08:29,4.249,1.250,91.488,1.500,0,5604564,129076,183556,2092264,10378.600,659.911,0,771.896,0,76.990,1842,2683,0.780,1.120,1.200,1,1,0,0,0,18,315,0,111,0
24-04 06:08:30,12.236,1.748,78.662,5.744,0,5604520,129076,183556,2092304,31123.147,11625.981,0,914.975,0,103.884,3447,4496,0.780,1.120,1.200,0,1,0,0,0,18,316,0,102,0
24-04 06:08:31,6.260,0.751,91.403,0.250,0,5604492,129076,183556,2092332,22675.983,7146.972,0,468.785,0,26.044,1631,1890,0.780,1.120,1.200,2,0,0,0,0,18,317,0,103,0
24-04 06:08:32,8.989,1.748,84.900,2.747,0,5604448,129076,183556,2092376,26040.212,10000.177,0,1278.488,0,157.813,2985,4135,0.780,1.120,1.200,0,0,0,0,0,18,315,0,103,0
24-04 06:08:33,21.771,4.504,61.560,10.510,0,5604220,129076,183556,2092604,10409.164,486.475,0,5064.946,0,425.415,7585,11635,0.800,1.120,1.200,1,2,0,0,0,18,316,0,103,0
24-04 06:08:34,16.994,4.748,62.478,13.995,0,5604028,129076,183564,2092788,11388.048,485.831,0,5226.186,0,404.859,6625,10337,0.800,1.120,1.200,2,0,0,0,0,18,316,0,95,0
24-04 06:08:35,20.050,4.511,63.658,10.275,0.251,5605160,127620,183564,2093112,9571.727,487.208,0,4210.437,0,719.784,7201,10787,0.800,1.120,1.200,0,2,1.002,0,0,18,316,0,96,0
24-04 06:08:36,5.236,1.496,82.275,9.474,0,5605088,127660,183564,2093144,8613.427,484.674,0,2844.216,0,247.323,2549,3829,0.800,1.120,1.200,0,0,0,0,0,18,315,0,96,0
24-04 06:08:37,13.254,1.500,78.523,5.001,0,5605140,127408,183564,2093344,28744.444,9732.859,0,1988.584,0,147.043,3740,5083,0.800,1.120,1.200,0,0,0,0,0,18,315,0,98,0
24-04 06:08:38,9.753,2.001,80.528,6.502,0,5605332,127156,183564,2093404,11658.104,540.190,0,2740.965,0,207.073,3907,6084,0.740,1.100,1.200,1,1,0,0,0,18,317,0,97,0
24-04 06:08:39,20.998,5.000,59.494,12.499,0,5605524,126656,183568,2093708,4839.527,485.953,0,7299.287,0,594.942,7701,12472,0.740,1.100,1.200,1,0,0,0,0,18,316,0,97,0
24-04 06:08:40,22.506,4.751,66.767,4.501,0,5606572,124892,183568,2094424,4592.139,486.121,0,1904.472,0,195.048,7432,11525,0.740,1.100,1.200,1,0,0,0,0,18,317,0,97,0
24-04 06:08:41,9.991,2.248,74.686,12.239,0,5606680,124668,183568,2094540,13023.761,3249.196,0,5403.337,0,597.484,3849,5559,0.740,1.100,1.200,0,0,0,0,0,18,315,0,98,0
24-04 06:08:42,13.252,2.500,75.511,6.751,0,5606588,124668,183568,2094632,11058.569,3252.461,0,2052.291,0,220.031,4267,6441,0.740,1.100,1.200,0,0,0,0,0,18,315,0,89,0
24-04 06:08:43,7.273,2.257,85.020,3.511,0,5607108,124092,183568,2094688,10261.550,487.546,0,1340.251,0,116.369,2738,3737,0.680,1.080,1.190,0,1,6.019,0,0,18,316,0,89,0
24-04 06:08:44,7.718,1.245,82.159,7.220,0,5607052,124092,183568,2094744,11716.331,3239.543,0,1529.646,0,147.388,2913,4340,0.680,1.080,1.190,0,0,0,0,0,18,315,0,91,0
24-04 06:08:45,12.004,2.751,76.274,8.003,0,5607520,123340,183568,2095028,12312.885,3253.027,0,1824.576,0,204.064,3941,5661,0.680,1.080,1.190,0,1,1.000,0,0,18,315,0,92,0
24-04 06:08:46,13.314,2.763,71.596,11.053,0,5607572,123088,183568,2095228,9927.002,2764.367,0,5591.036,0,350.696,3845,5504,0.680,1.080,1.190,1,0,0,0,0,18,315,0,88,0
24-04 06:08:47,8.495,1.499,83.947,4.747,0,5607656,122952,183568,2095280,22691.796,9657.955,0,1007.369,0,91.942,2551,3489,0.680,1.080,1.190,1,0,0,0,0,18,316,0,88,0
24-04 06:08:48,11.209,1.744,75.975,9.715,0,5606056,124504,183568,2095328,27001.325,11897.960,0,4527.622,0,514.140,3557,4637,0.700,1.080,1.190,0,0,1.993,0,0,18,315,0,88,0
24-04 06:08:49,14.033,3.759,75.176,6.014,0,5625964,133300,183568,2068120,31874.792,11662.365,0,1523.575,0,160.376,3923,7920,0.700,1.080,1.190,2,0,34.080,0,0,18,316,0,88,0
24-04 06:08:50,13.716,2.494,76.312,4.738,0,5609964,152696,182816,2064828,21695.491,6591.742,0,1476.359,0,148.633,4180,9790,0.700,1.080,1.190,0,0,1.995,0,0,18,316,0,84,0
24-04 06:08:51,10.303,2.010,82.671,3.518,0,5609908,152696,182816,2064884,25198.458,5891.032,0,1186.046,0,116.594,3778,5549,0.700,1.080,1.190,3,0,0,0,0,18,315,0,84,0
24-04 06:08:52,16.408,4.475,59.417,17.403,0,5609408,152928,182820,2065148,8832.556,525.061,0,5799.535,0,719.970,6816,10359,0.700,1.080,1.190,1,1,0,0,0,18,316,0,85,0
24-04 06:08:53,22.863,4.271,63.061,8.793,0,5610008,152172,182820,2065304,10845.416,488.405,0,4357.461,0,380.876,7812,12205,0.730,1.080,1.190,1,1,0,0,0,18,316,0,90,0
24-04 06:08:54,21.682,3.738,60.063,12.212,0,5611192,150408,182820,2065884,8258.260,538.322,127.602,6320.300,5.981,446.608,7413,10876,0.730,1.080,1.190,1,0,0,0,0,18,315,0,87,0
24-04 06:08:55,19.057,4.012,65.195,9.779,0,5611276,150156,182820,2066052,6569.634,487.457,0,2712.105,0,276.827,6934,10710,0.730,1.080,1.190,6,1,1.003,0,0,18,316,0,87,0
24-04 06:08:56,22.895,3.982,62.713,7.964,0,5611308,149812,182820,2066364,8308.973,483.786,0,3726.943,0,404.150,7811,12865,0.730,1.080,1.190,2,2,0,0,0,18,316,0,88,0
24-04 06:08:57,20.519,5.005,64.060,9.509,0,5612568,148300,182820,2066616,9832.280,486.459,0,5769.445,0,389.367,7190,10713,0.730,1.080,1.190,1,1,0,0,0,18,316,0,89,0
24-04 06:08:58,7.748,1.250,79.475,8.747,0,5612500,148300,182820,2066684,9577.013,3207.999,0,2531.211,0,152.952,3046,4931,0.670,1.060,1.180,0,0,0,0,0,18,315,0,81,0
24-04 06:08:59,8.248,1.750,81.479,7.748,0,5612452,148300,182820,2066732,12180.832,3149.181,0,1279.667,0,142.963,3104,4414,0.670,1.060,1.180,0,0,0,0,0,18,315,0,82,0
24-04 06:09:00,9.752,1.750,82.518,4.001,0,5612740,147796,182820,2066948,12152.640,3149.684,0,1340.291,0,138.030,3190,4780,0.670,1.060,1.180,0,0,0,0,0,18,315,0,83,0
24-04 06:09:01,5.493,1.498,88.393,3.745,0,5613236,147292,182820,2066956,8764.440,679.182,0,767.076,0,63.923,2166,3182,0.670,1.060,1.180,4,0,0,0,0,18,316,0,84,0
24-04 06:09:02,3.004,0.751,91.631,1.753,0,5613188,147292,182820,2067004,13113.787,2654.803,0,1241.779,0,107.154,2079,3162,0.670,1.060,1.180,2,0,0,0,0,18,316,0,80,0
24-04 06:09:03,7.744,1.749,83.935,6.245,0,5613620,146792,182820,2067072,8887.127,3146.567,0,1330.971,0,131.898,2636,4093,0.610,1.040,1.170,0,0,0,0,0,18,315,0,80,0
24-04 06:09:04,6.753,1.501,86.793,3.252,0,5613696,146540,182820,2067248,13557.767,2698.347,0,1180.589,0,111.055,2645,3789,0.610,1.040,1.170,1,0,0,0,0,18,315,0,81,0
24-04 06:09:05,8.746,1.749,79.214,7.996,0,5614336,145816,182820,2067332,13066.002,3148.555,0,3510.389,0,272.875,3518,5565,0.610,1.040,1.170,1,1,1.000,0,0,18,315,0,82,0
24-04 06:09:06,6.750,1.500,83.495,6.750,0,5614800,145312,182820,2067372,8138.473,2696.825,0,2987.807,0,206.987,2622,4012,0.610,1.040,1.170,0,0,0,0,0,18,315,0,83,0
24-04 06:09:07,8.010,1.502,86.613,3.004,0,5614744,145312,182820,2067428,8904.580,1932.513,0,953.240,0,108.141,2634,3745,0.610,1.040,1.170,1,0,0,0,0,18,316,0,81,0
24-04 06:09:08,4.263,1.254,81.750,11.786,0,5614028,145996,182824,2067456,9866.158,1710.228,0,4758.545,0,464.420,2193,2948,0.570,1.030,1.170,1,0,0,0,0,18,316,0,82,0
24-04 06:09:09,5.476,0.996,89.854,1.991,0,5614320,145504,182824,2067656,12826.497,2685.171,0,1433.684,0,101.553,2268,3440,0.570,1.030,1.170,3,0,0.996,0,0,18,315,0,82,0
24-04 06:09:10,11.256,2.752,77.545,6.754,0,5620620,138980,182824,2067880,9453.435,2698.552,0,1420.817,0,141.081,5036,7918,0.570,1.030,1.170,0,0,3.002,0,0,18,315,0,83,0
24-04 06:09:11,14.752,2.000,78.258,3.250,0,5620564,138980,182824,2067936,27417.896,11930.260,0,1380.146,0,143.015,3780,4842,0.570,1.030,1.170,0,0,2.000,0,0,18,315,0,76,0
24-04 06:09:12,12.814,3.266,77.892,4.271,0,5620384,138980,182824,2068116,8469.625,488.458,0,1873.428,0,179.905,4681,7350,0.570,1.030,1.170,1,0,0,0,0,18,316,0,76,0
24-04 06:09:13,15.676,3.484,60.466,18.911,0,5614640,144596,182824,2068244,19651.859,483.732,0,5729.138,0,913.716,6543,9323,0.680,1.040,1.170,0,1,0.995,0,0,18,316,0,76,0
24-04 06:09:14,15.029,4.008,54.606,24.047,0,5615196,143840,182824,2068444,14732.563,486.944,0,8239.975,0,608.179,6564,10079,0.680,1.040,1.170,1,0,0,0,0,18,316,0,76,0
24-04 06:09:15,20.263,4.253,65.793,9.006,0,5616284,142580,182824,2068616,15659.291,486.320,16.011,3286.160,1.001,254.167,6781,10151,0.680,1.040,1.170,0,2,1.001,0,0,18,315,0,73,0
24-04 06:09:16,7.732,0.998,88.046,1.995,0,5616260,142580,182824,2068640,31145.807,9509.957,0,961.771,0,79.815,2193,2893,0.680,1.040,1.170,1,0,0,0,0,18,315,0,73,0
24-04 06:09:17,11.991,2.248,74.695,8.494,0,5616244,142328,182828,2068904,7797.288,485.644,0,1950.571,0,238.825,4551,7029,0.680,1.040,1.170,0,0,0,0,0,18,315,0,76,0
24-04 06:09:18,10.724,2.245,83.298,2.245,0,5616416,142076,182828,2068984,14154.610,538.691,0,1496.364,0,170.586,4199,6471,0.710,1.040,1.170,3,0,0,0,0,18,316,0,77,0
24-04 06:09:19,20.379,5.032,59.878,12.831,0,5616356,141824,182832,2069292,11279.172,629.975,0,3868.410,0,411.597,7717,12525,0.710,1.040,1.170,0,2,0,0,0,18,316,0,69,0
24-04 06:09:20,21.269,4.004,62.807,9.759,0,5617324,140564,182832,2069584,10415.503,486.444,0,7482.827,0,481.439,7566,12134,0.710,1.040,1.170,1,0,0,0,0,18,316,0,71,0
24-04 06:09:21,20.912,4.232,65.475,7.718,0,5618956,138800,182836,2069712,6416.048,483.967,0,1872.136,0,222.067,6873,10240,0.710,1.040,1.170,2,0,0,0,0,18,316,0,71,0
24-04 06:09:22,20.047,3.258,62.648,11.527,0,5619440,138044,182836,2069984,9757.111,487.154,0,2802.638,0,306.727,6989,10972,0.710,1.040,1.170,1,0,2.005,0,0,18,316,0,71,0
24-04 06:09:23,18.994,5.998,59.481,14.495,0,5619284,130476,182964,2077548,8110.394,485.844,127.959,5394.267,2.999,755.757,6827,9265,0.730,1.040,1.170,0,2,1.999,0,0,18,316,0,64,0
24-04 06:09:24,6.226,1.494,71.471,18.677,0,5619404,130324,182964,2077580,10014.879,484.109,3.984,3426.615,0.996,298.833,3033,4485,0.730,1.040,1.170,2,0,0,0,0,18,316,0,64,0
24-04 06:09:25,22.804,3.759,56.132,15.286,0,5617904,131548,182964,2077856,27823.413,9554.463,0,2890.796,0,334.787,7161,11513,0.730,1.040,1.170,3,1,2.005,0,0,18,316,0,64,0
24-04 06:09:26,19.977,4.245,55.936,16.981,0,5619812,129416,182964,2078080,3342.196,485.448,0,7227.775,0,485.448,7196,11646,0.730,1.040,1.170,1,0,0,0,0,18,316,0,65,0
24-04 06:09:27,20.237,4.247,67.956,6.746,0,5620236,128660,182964,2078412,7776.970,581.624,15.990,2282.524,0.999,263.829,7484,11417,0.730,1.040,1.170,1,0,0,0,0,18,316,0,58,0
24-04 06:09:28,19.507,3.751,63.772,9.003,0,5620264,128408,182964,2078636,6862.373,486.168,0,2736.947,0,302.104,7514,11919,0.670,1.020,1.160,3,2,0,0,0,18,316,0,58,0
24-04 06:09:29,21.523,4.254,64.568,8.509,0,5621340,127148,182964,2078820,8689.138,486.512,0,2931.082,0,254.267,6979,11113,0.670,1.020,1.160,3,0,0,0,0,18,316,0,58,0
24-04 06:09:30,20.682,3.239,65.785,7.725,0,5621856,126392,182964,2079060,10050.109,484.415,0,4501.269,0,272.109,6962,10968,0.670,1.020,1.160,2,1,0,0,0,18,316,0,58,0
24-04 06:09:31,17.351,3.772,67.140,11.567,0,5622644,125384,182964,2079280,13254.053,3233.800,0,5789.658,0,484.818,6035,9158,0.670,1.020,1.160,0,0,0,0,0,18,315,0,52,0
24-04 06:09:32,6.261,1.252,85.901,4.257,0,5622892,125132,182964,2079284,11826.781,2527.441,0,1001.760,0,95.167,2552,3831,0.670,1.020,1.160,0,0,0,0,0,18,316,0,53,0
24-04 06:09:33,8.491,1.249,87.660,1.748,0,5622588,125132,182964,2079596,31679.607,9827.951,0,931.048,0,100.897,2660,3562,0.700,1.020,1.160,3,0,0,0,0,18,316,0,55,0
24-04 06:09:34,9.715,1.993,80.713,5.481,0,5622740,124880,182964,2079696,10886.267,3203.602,0,1502.654,0,178.365,3614,5724,0.700,1.020,1.160,0,0,0,0,0,18,315,0,56,0
24-04 06:09:35,9.498,2.499,78.230,8.498,0,5623048,124376,182964,2079892,10276.434,539.865,15.996,1771.558,1.000,182.954,4049,6029,0.700,1.020,1.160,0,0,1.000,0,0,18,316,0,55,0
24-04 06:09:36,11.022,1.753,76.402,9.018,0,5623244,124124,182964,2079948,15773.342,4693.326,0,1855.687,0,200.398,3760,5515,0.700,1.020,1.160,0,0,0,0,0,18,316,0,55,0
24-04 06:09:37,8.481,1.247,84.310,4.490,0,5623424,123872,182964,2080020,21558.449,7659.750,0,1037.663,0,102.769,2519,3547,0.700,1.020,1.160,1,0,0,0,0,18,316,0,56,0
24-04 06:09:38,19.783,5.008,64.358,9.015,0,5623576,123620,182968,2080116,8940.052,486.820,0,3906.578,0,404.681,7658,11853,0.800,1.040,1.170,1,1,0,0,0,18,316,0,58,0
24-04 06:09:39,17.725,3.994,59.664,17.475,0,5623568,123368,182968,2080376,7211.649,485.303,0,16416.438,0,628.099,7276,11885,0.800,1.040,1.170,3,0,0,0,0,18,316,0,55,0
24-04 06:09:40,21.548,4.761,65.647,5.262,0,5624552,122108,182968,2080652,8716.510,487.090,0,2433.447,0,234.525,7543,11266,0.800,1.040,1.170,1,0,1.002,0,0,18,316,0,56,0
24-04 06:09:41,20.460,3.743,69.116,5.489,0,5624768,121604,182968,2080940,14663.580,3038.112,0,2219.698,0,223.567,6454,9752,0.800,1.040,1.170,2,0,0,0,0,18,315,0,59,0
24-04 06:09:42,7.252,1.250,87.520,2.751,0,5625004,121352,182968,2080956,4686.093,714.167,0,1404.328,0,123.029,2557,3828,0.800,1.040,1.170,1,0,0,0,0,18,316,0,59,0
24-04 06:09:43,14.236,3.746,69.430,9.490,0,5629840,133752,182944,2064080,22209.670,7040.921,439.558,2069.919,14.985,201.797,4733,6741,0.820,1.040,1.170,0,0,5.994,0,0,18,316,0,57,0
24-04 06:09:44,11.275,2.506,73.162,11.776,0,5629128,134296,182944,2064248,17421.546,5457.074,0,3764.329,0,351.778,4669,7013,0.820,1.040,1.170,0,3,0,0,0,18,316,0,57,0
24-04 06:09:45,16.470,4.742,52.406,24.456,0.250,5629516,133820,182944,2064336,9837.368,485.130,0,9974.123,0,676.787,6494,10099,0.820,1.040,1.170,2,0,0.998,0,0,18,316,0,57,0
24-04 06:09:46,23.266,4.503,64.796,6.254,0,5629804,133244,182944,2064624,6445.537,486.342,0,2257.589,0,272.192,7923,12408,0.820,1.040,1.170,1,0,0,0,0,18,316,0,58,0
24-04 06:09:47,19.736,3.997,66.202,7.994,0,5630248,132488,182944,2064936,12579.910,3092.765,0,2630.099,0,262.810,6995,10709,0.820,1.040,1.170,2,0,0,0,0,18,316,0,61,0
24-04 06:09:48,6.495,0.999,85.931,4.746,0,5630136,132488,182944,2065048,11902.447,659.471,0,1522.778,0,139.888,2642,3933,0.750,1.020,1.160,3,1,0,0,0,18,316,0,57,0
24-04 06:09:49,16.004,1.500,79.520,2.000,0,5630948,131480,182944,2065244,60537.874,27256.697,0,1068.262,0,77.019,2825,3415,0.750,1.020,1.160,1,0,0,0,0,18,316,0,57,0
24-04 06:09:50,25.298,5.761,60.113,7.765,0,5644152,227448,181972,1959816,70220.871,30687.630,0,3202.013,0,275.517,5406,20349,0.750,1.020,1.160,3,0,36.068,0,0,18,315,1,58,0
24-04 06:09:51,10.982,1.248,79.372,5.990,0,5640344,231008,181972,1960064,41858.720,16823.959,0,5135.745,0,289.535,2866,3936,0.750,1.020,1.160,0,0,0,0,0,18,315,0,59,0
24-04 06:09:52,13.505,2.501,77.278,4.502,0,5641664,229496,181972,1960256,27882.975,10894.898,0,1212.434,0,131.047,3478,4795,0.750,1.020,1.160,1,0,0,0,0,18,316,0,57,0
24-04 06:09:53,9.752,1.750,81.265,6.751,0,5641480,229496,181972,1960440,14605.654,1434.261,32.006,1148.209,1.000,109.020,3472,5107,0.690,1,1.150,2,0,0,0,0,18,316,0,57,0
24-04 06:09:54,18.287,4.008,61.123,14.028,0,5641304,229496,181972,1960616,6318.692,486.978,4.008,2985.998,1.002,324.652,6529,10261,0.690,1,1.150,2,1,0,0,0,18,316,0,57,0
24-04 06:09:55,18.991,3.498,63.719,12.244,0,5639520,231036,181976,1960856,8275.979,485.764,3.998,6176.999,1.000,547.734,6431,9581,0.690,1,1.150,1,0,1.000,0,0,18,316,0,57,0
24-04 06:09:56,21.038,4.508,66.118,7.013,0,5640896,229536,181976,1960980,6407.443,486.869,0,2244.008,0,219.392,6849,10379,0.690,1,1.150,2,0,0,0,0,18,316,0,49,0
24-04 06:09:57,4.983,1.246,83.467,7.724,0,5641192,229032,181976,1961188,8788.231,3218.099,0,3599.806,0,246.166,2476,4176,0.690,1,1.150,0,1,0,0,0,18,315,0,52,0
24-04 06:09:58,14.996,2.749,75.981,5.999,0.250,5641136,229032,181976,1961244,22814.441,9529.678,0,2627.360,0,203.950,3479,4547,0.800,1.020,1.160,0,0,0,0,0,18,315,0,53,0
24-04 06:09:59,12.756,1.501,78.785,4.752,0,5641096,229032,181976,1961284,31917.192,10919.856,0,2293.020,0,173.077,3413,4619,0.800,1.020,1.160,1,0,0,0,0,18,316,0,54,0
24-04 06:10:00,7.248,2.249,82.482,6.748,0,5640896,229032,181976,1961484,13888.905,1433.680,0,1451.676,0,89.980,3022,4454,0.800,1.020,1.160,2,0,0,0,0,18,316,0,51,0
24-04 06:10:01,19.776,4.256,61.830,11.515,0,5641300,228528,181976,1961584,11218.559,486.632,0,3716.823,0,354.460,7448,11810,0.800,1.020,1.160,3,2,0,0,0,18,316,0,51,0
24-04 06:10:02,22.059,4.261,66.176,6.517,0,5641868,227772,181976,1961772,7286.330,581.543,0,2630.980,0,269.716,7330,11389,0.800,1.020,1.160,0,2,0,0,0,18,316,0,51,0
24-04 06:10:03,18.171,4.232,70.694,5.227,0,5642668,226512,181976,1962232,13164.997,3329.583,0,2612.687,0,254.896,6322,9384,0.810,1.020,1.160,0,0,0,0,0,18,315,0,54,0
24-04 06:10:04,8.256,1.251,80.809,6.755,0,5642496,226512,181976,1962404,12035.782,2698.969,0,3106.267,0,212.155,3238,4903,0.810,1.020,1.160,3,0,0,0,0,18,315,0,51,0
24-04 06:10:05,11.520,2.755,76.135,8.766,0,5642716,226260,181976,1962436,23293.319,9681.173,0,4043.172,0,287.510,3917,5791,0.810,1.020,1.160,2,0,1.002,0,0,18,316,0,51,0
24-04 06:10:06,21.022,4.505,61.313,10.761,0,5642816,226008,181976,1962588,8020.234,540.555,0,4144.255,0,420.432,7691,12480,0.810,1.020,1.160,2,0,0,0,0,18,316,0,51,0
24-04 06:10:07,23.515,4.753,66.042,5.003,0,5643756,224748,181976,1962908,6217.971,486.311,0,2409.539,0,238.152,7929,12291,0.810,1.020,1.160,2,0,0,0,0,18,316,0,51,0
24-04 06:10:08,20.935,4.237,64.799,8.224,0,5643780,224496,181976,1963136,4404.326,484.496,0,2288.894,0,241.251,6621,10112,0.830,1.020,1.160,0,2,0,0,0,18,316,0,49,0
24-04 06:10:09,20.579,4.266,64.245,9.035,0,5642256,225740,181976,1963416,9673.955,487.864,0,2895.059,0,328.254,7407,11506,0.830,1.020,1.160,1,0,0,0,0,18,316,0,51,0
24-04 06:10:10,20.881,4.723,67.117,4.723,0,5644136,223724,181976,1963552,8045.071,483.241,0,2211.375,0,212.785,7562,11194,0.830,1.020,1.160,5,0,0.994,0,0,18,316,0,51,0
24-04 06:10:11,7.508,3.504,76.829,10.010,0,5648268,219188,181976,1963956,14611.106,3229.339,48.050,8945.248,4.004,493.510,4312,7666,0.830,1.020,1.160,0,1,3.003,0,0,18,315,0,52,0
24-04 06:10:12,11.252,2.250,74.014,11.502,0,5648204,219188,181980,1964016,12930.530,3165.619,0,6201.213,0,421.082,4102,6532,0.830,1.020,1.160,0,0,2.000,0,0,18,315,0,51,0
24-04 06:10:13,12.004,3.001,75.774,7.502,0,5648084,219188,181984,1964132,8851.843,2697.867,72.023,1480.476,9.003,145.047,3720,5505,0.840,1.020,1.150,0,1,2.001,0,0,18,315,0,52,0
24-04 06:10:14,6.267,1.253,88.238,3.008,0,5647892,219188,181984,1964324,13771.206,2529.835,0,1074.904,0,89.241,2550,3765,0.840,1.020,1.150,1,0,0,0,0,18,316,0,53,0
24-04 06:10:15,7.995,1.499,85.696,3.498,0,5647844,219188,181984,1964372,29980.252,9753.901,0,1187.258,0,97.939,2590,3543,0.840,1.020,1.150,1,0,0.999,0,0,18,316,0,53,0
24-04 06:10:16,21.262,3.252,56.280,16.759,0,5648004,218964,181984,1964436,23524.733,9603.198,0,4786.591,0,501.271,6762,10151,0.840,1.020,1.150,2,0,1.001,0,0,18,316,0,46,0
24-04 06:10:17,19.716,3.744,61.893,12.728,0,5647700,218964,181984,1964740,9073.275,485.159,0,3014.775,0,319.446,7174,11236,0.840,1.020,1.150,3,0,0,0,0,18,316,0,47,0
24-04 06:10:18,23.127,4.974,64.656,5.720,0,5647436,218964,181984,1965004,9129.359,483.424,0,3831.585,0,300.399,7707,11696,0.860,1.020,1.150,0,3,0,0,0,18,316,0,48,0
24-04 06:10:19,15.575,3.014,65.815,13.314,0,5647128,218964,181984,1965312,16109.156,3273.679,16.077,5016.024,1.005,378.814,5493,8316,0.860,1.020,1.150,1,0,0,0,0,18,315,0,49,0
24-04 06:10:20,7.747,1.000,84.962,4.748,0,5647116,218964,181984,1965324,9656.733,2521.886,0,1263.442,0,134.940,2854,4429,0.860,1.020,1.150,1,0,0,0,0,18,316,0,46,0
24-04 06:10:21,10.515,1.502,78.111,7.511,0,5647252,218712,181984,1965440,24275.461,9773.875,0,1329.888,0,131.186,3319,4790,0.860,1.020,1.150,2,0,0,0,0,18,316,0,46,0
24-04 06:10:22,19.738,3.997,66.458,8.245,0,5647108,218712,181984,1965584,9049.275,485.693,0,3329.893,0,310.803,6696,10892,0.860,1.020,1.150,2,0,1.999,0,0,18,316,0,48,0
24-04 06:10:23,19.720,3.994,62.655,10.734,0,5646944,218712,181984,1965748,9112.227,485.267,0,3814.235,0,415.372,7298,11590,0.870,1.020,1.150,3,0,0,0,0,18,316,0,49,0
24-04 06:10:24,19.317,4.516,66.229,8.530,0,5647508,217704,181984,1966192,8465.310,487.689,0,4114.245,0,333.153,7266,11168,0.870,1.020,1.150,1,1,0,0,0,18,316,0,47,0
24-04 06:10:25,22.123,3.729,58.663,12.677,0,5647820,217200,181984,1966384,29054.231,12112.475,31.817,6220.296,0.994,485.215,6517,9766,0.870,1.020,1.150,0,0,0.994,0,0,18,316,0,48,0
24-04 06:10:26,9.026,1.755,86.502,2.257,0,5647624,217200,181984,1966580,4995.556,728.122,16.047,1388.044,1.003,146.427,2923,4415,0.870,1.020,1.150,1,1,0,0,0,18,315,0,48,0
24-04 06:10:27,6.771,1.003,89.533,1.003,0,5647584,217200,181984,1966620,28674.768,9869.240,0,870.756,0,79.251,2212,2805,0.870,1.020,1.150,1,0,0,0,0,18,316,0,48,0
24-04 06:10:28,14.942,1.494,77.950,4.483,0,5647540,217200,181984,1966664,31358.215,11960.929,0,1271.104,0,122.528,3364,4319,0.960,1.040,1.160,0,0,0,0,0,18,315,0,47,0
24-04 06:10:29,15.765,3.253,71.320,8.008,0,5647492,216948,181984,1966964,4632.516,540.527,0,2086.033,0,219.214,5313,8079,0.960,1.040,1.160,1,0,0,0,0,18,316,0,53,0
24-04 06:10:30,21.324,4.516,62.717,9.784,0,5647464,216696,181984,1967244,9574.069,487.684,0,4326.945,0,457.580,7592,12521,0.960,1.040,1.160,2,2,0,0,0,18,316,0,53,0
24-04 06:10:31,21.474,3.496,64.922,8.989,0,5647348,216696,181984,1967360,10335.647,485.420,0,3044.361,0,235.718,6939,10438,0.960,1.040,1.160,1,1,0,0,0,18,316,0,55,0
24-04 06:10:32,17.268,3.754,57.311,19.771,0,5648608,215184,181984,1967612,11700.491,486.519,0,10927.666,0,574.613,6725,9755,0.960,1.040,1.160,1,0,0,0,0,18,316,0,55,0
24-04 06:10:33,21.197,5.237,61.845,10.224,0,5648748,214932,181984,1967724,6309.237,484.789,0,3810.480,0,423.941,7814,12633,1.280,1.100,1.180,1,0,0,0,0,18,316,0,54,0
24-04 06:10:34,22.582,4.015,67.998,4.266,0,5649308,213924,181984,1968172,9699.383,541.977,0,2473.022,0,242.886,7785,11823,1.280,1.100,1.180,3,0,0,0,0,18,316,0,55,0
24-04 06:10:35,20.750,4.000,66.250,7.000,0,5650044,212916,181984,1968444,6516.976,485.998,0,2587.991,0,263.999,7686,11855,1.280,1.100,1.180,1,0,1.000,0,0,18,316,0,56,0
24-04 06:10:36,17.370,3.226,61.787,13.648,0,5649876,212916,181984,1968612,3485.901,482.388,0,3573.247,0,382.139,6517,10531,1.280,1.100,1.180,3,1,0,0,0,18,316,0,57,0
24-04 06:10:37,20.855,5.277,61.308,11.307,0,5650908,211656,181984,1968840,3563.926,488.457,0,6778.093,0,471.371,7996,12497,1.280,1.100,1.180,1,0,0,0,0,18,317,0,57,0
24-04 06:10:38,17.950,3.241,62.076,14.958,0,5650868,211432,181984,1969104,9244.093,538.491,0,5428.785,0,456.720,5636,7736,1.260,1.100,1.180,3,0,0,0,0,18,316,0,57,0
24-04 06:10:39,21.555,4.511,61.907,9.775,0,5650968,211180,181984,1969256,13985.516,487.237,0,3641.247,0,409.039,8038,12609,1.260,1.100,1.180,1,0,0,0,0,18,316,0,57,0
24-04 06:10:40,22.938,4.239,66.571,4.239,0,5652672,209164,181984,1969580,12337.887,484.699,31.914,2253.951,0.997,212.430,7757,11684,1.260,1.100,1.180,4,0,1.995,0,0,18,317,0,57,0
24-04 06:10:41,10.499,2.000,70.996,14.249,0,5652464,209164,181984,1969788,13956.257,3267.826,0,2599.862,0,228.988,3983,6206,1.260,1.100,1.180,0,1,0,0,0,18,315,0,54,0
24-04 06:10:42,12.259,3.252,66.551,16.012,0,5652356,208408,181984,1970652,12670.672,3348.556,16.012,8610.573,1.001,544.416,4767,7466,1.260,1.100,1.180,2,0,0,0,0,18,315,0,56,0
24-04 06:10:43,9.498,2.749,79.733,6.499,0,5652992,207400,181984,1971024,10664.712,485.896,75.984,1203.742,4.999,125.973,3089,4400,1.160,1.080,1.170,0,1,5.999,0,0,18,315,0,57,0
24-04 06:10:44,5.500,1.250,88.245,3.500,0,5652928,207400,181984,1971088,8329.570,3266.831,0,1007.948,0,105.995,2384,3692,1.160,1.080,1.170,1,0,0,0,0,18,315,0,57,0
24-04 06:10:45,10.743,2.998,77.446,6.745,0,5653092,207148,181984,1971176,14380.983,3137.814,0,1654.847,0,186.870,3939,5925,1.160,1.080,1.170,0,0,0.999,0,0,18,315,0,56,0
24-04 06:10:46,14.041,1.755,75.217,7.772,0,5654892,205132,181984,1971392,23419.698,9293.865,0,1777.137,0,197.571,3719,5372,1.160,1.080,1.170,3,0,0,0,0,18,317,0,57,0
24-04 06:10:47,12.975,1.747,80.595,3.493,0,5654856,205132,181984,1971428,40422.432,16674.003,0,1177.740,0,101.805,3168,4248,1.160,1.080,1.170,2,0,0,0,0,18,315,0,57,0
24-04 06:10:48,9.007,1.501,81.561,5.754,0,5654808,205132,181984,1971476,28579.206,9803.274,0,2461.827,0,238.177,2943,3739,1.070,1.060,1.160,0,2,0,0,0,18,316,0,57,0
24-04 06:10:49,10.987,1.998,75.657,9.738,0,5654752,205132,181984,1971532,33313.121,11860.446,0,5525.220,0,430.472,3527,4816,1.070,1.060,1.160,1,2,0,0,0,18,315,0,53,0
24-04 06:10:50,22.260,6.003,56.527,13.256,0,5672080,187572,181984,1971764,10111.753,486.229,8.004,5590.628,1.000,437.206,7674,22592,1.070,1.060,1.160,2,0,36.017,0,0,18,316,0,54,0
24-04 06:10:51,20.835,3.765,66.019,8.284,0,5672700,186816,181988,1971896,8865.123,542.209,0,2241.132,0,261.064,7274,11215,1.070,1.060,1.160,1,0,0,0,0,18,316,0,54,0
24-04 06:10:52,22.411,4.482,64.494,5.976,0,5671484,187736,181988,1972192,4561.918,484.081,0,3020.030,0,331.685,7786,12295,1.070,1.060,1.160,1,0,0,0,0,18,316,0,56,0
24-04 06:10:53,18.972,4.244,65.903,8.737,0.250,5660924,198028,181988,1972460,9954.278,527.220,0,2883.735,0,246.635,6788,10414,1.140,1.080,1.170,1,0,0,0,0,18,316,0,55,0
24-04 06:10:54,19.522,4.505,64.072,10.262,0,5661676,197020,181988,1972716,5759.489,540.609,0,3151.551,0,284.320,6846,10687,1.140,1.080,1.170,1,1,0,0,0,18,316,0,57,0
24-04 06:10:55,7.999,1.750,76.488,11.498,0,5661616,197020,181988,1972776,8388.657,3213.486,0,6626.939,0,440.929,3493,5849,1.140,1.080,1.170,0,0,1.000,0,0,18,315,0,58,0
24-04 06:10:56,7.999,1.500,84.986,4.499,0,5661564,197020,181988,1972828,11960.038,3153.483,0,1723.717,0,192.968,2938,4259,1.140,1.080,1.170,0,0,0,0,0,18,315,0,58,0
24-04 06:10:57,12.008,2.251,77.799,6.004,0,5661324,197020,181988,1973068,7050.408,2524.578,0,1488.931,0,152.095,3985,5598,1.140,1.080,1.170,1,0,0,0,0,18,316,0,55,0
24-04 06:10:58,3.750,1.000,92.742,1.250,0,5661320,197020,181988,1973072,9868.148,659.943,0,1031.911,0,84.993,1901,2747,1.050,1.060,1.160,1,0,0,0,0,18,316,0,55,0
24-04 06:10:59,10.497,1.500,80.977,4.999,0,5661776,196516,181988,1973120,31338.022,11739.637,0,1423.592,0,149.957,3247,4391,1.050,1.060,1.160,0,0,0,0,0,18,315,0,55,0
24-04 06:11:00,19.007,4.002,67.276,8.503,0,5663456,194752,181988,1973204,3433.332,486.189,0,2949.144,0,306.119,6435,10034,1.050,1.060,1.160,1,0,0,0,0,18,316,0,55,0
24-04 06:11:01,22.484,4.247,63.456,8.244,0,5664160,193744,181988,1973508,9052.738,485.664,0,4273.044,0,314.782,7432,11526,1.050,1.060,1.160,2,2,0,0,0,18,316,0,52,0
24-04 06:11:02,19.768,4.004,60.055,13.262,0,5664632,192988,181992,1973788,7698.031,634.580,0,7350.714,0,520.475,7484,11869,1.050,1.060,1.160,2,0,0,0,0,18,316,0,52,0
24-04 06:11:03,18.328,3.766,72.560,4.268,0,5664608,192736,181992,1974064,15583.504,3221.749,0,2948.583,0,244.041,6148,9151,1.040,1.060,1.160,0,1,0,0,0,18,315,0,53,0
24-04 06:11:04,8.211,1.244,76.887,11.446,0,5664596,192736,181992,1974076,14701.652,2511.155,0,5780.732,0,394.141,3227,4343,1.040,1.060,1.160,0,0,0,0,0,18,316,0,53,0
24-04 06:11:05,11.276,2.255,80.686,4.510,0,5664520,192736,181992,1974152,30654.599,9728.405,0,1459.361,0,152.351,3654,5046,1.040,1.060,1.160,0,1,2.005,0,0,18,316,0,50,0
24-04 06:11:06,18.444,3.489,62.063,13.958,0,5664288,192736,181992,1974384,11557.115,484.537,15.952,2659.971,0.997,281.151,6564,10070,1.040,1.060,1.160,0,1,0,0,0,18,316,0,50,0
24-04 06:11:07,21.528,4.256,62.331,9.763,0,5664628,191980,181992,1974800,6941.061,540.706,0,2335.048,0,250.327,7344,11139,1.040,1.060,1.160,0,1,0,0,0,18,316,0,50,0
24-04 06:11:08,12.739,3.996,63.693,17.984,0,5665508,191000,181992,1974900,8517.326,3207.111,0,7245.472,0,513.537,5013,8054,1.280,1.110,1.180,0,0,0.999,0,0,18,315,0,51,0
24-04 06:11:09,7.005,1.751,79.808,9.757,0,5660828,195504,181992,1975076,13912.080,3151.283,0,3358.433,0,343.249,3415,4888,1.280,1.110,1.180,0,1,0,0,0,18,315,0,49,0
24-04 06:11:10,6.985,1.497,84.565,5.737,0,5661540,194788,181992,1975080,6180.476,484.939,0,1824.009,0,186.592,2525,3469,1.280,1.110,1.180,3,0,0.998,0,0,18,315,0,50,0
24-04 06:11:11,5.282,2.012,90.049,1.258,0,5666388,189752,181992,1975268,17632.402,3222.630,0,1014.178,0,89.545,3295,5392,1.280,1.110,1.180,0,1,3.018,0,0,18,316,0,50,0
24-04 06:11:12,11.192,1.990,81.083,4.974,0,5666548,189528,181992,1975332,17356.750,6909.471,0,1731.099,0,182.064,3583,5358,1.280,1.110,1.180,0,0,1.990,0,0,18,316,0,50,0
24-04 06:11:13,8.002,1.250,83.519,5.251,0,5666492,189528,181992,1975388,29135.558,9468.131,32.007,1440.324,2.000,92.021,2497,3337,1.180,1.090,1.170,0,0,1.000,0,0,18,316,0,50,0
24-04 06:11:14,13.245,2.749,76.219,5.748,0,5666968,188800,181992,1975640,13277.602,3448.598,0,1743.291,0,193.921,4397,6160,1.180,1.090,1.170,0,0,0,0,0,18,315,0,47,0
24-04 06:11:15,7.760,1.502,85.356,4.255,0,5667140,188548,181992,1975720,9856.205,3153.905,0,1573.949,0,143.177,2618,3824,1.180,1.090,1.170,1,0,1.001,0,0,18,315,0,47,0
24-04 06:11:16,12.527,2.004,80.925,3.758,0,5667092,188548,181992,1975768,22273.264,9606.817,0,1286.788,0,128.278,3234,4353,1.180,1.090,1.170,2,0,0,0,0,18,315,0,49,0
24-04 06:11:17,4.736,1.495,86.987,4.985,0,5666920,188548,181992,1975940,14477.207,3108.597,0,2225.269,0,165.499,2338,3549,1.180,1.090,1.170,1,1,0,0,0,18,316,0,49,0
24-04 06:11:18,13.429,1.989,76.346,6.466,0,5666868,188548,181992,1975992,39465.963,16064.910,0,5049.256,0,323.288,3655,4880,1.080,1.070,1.170,0,1,0,0,0,18,317,0,47,0
24-04 06:11:19,4.771,1.256,92.411,1.004,0,5666820,188548,181992,1976040,18976.462,2904.930,4.018,405.806,1.004,32.143,1686,2082,1.080,1.070,1.170,1,0,0,0,0,18,316,0,47,0
24-04 06:11:20,8.511,1.252,85.112,3.755,0,5667252,188100,181992,1976056,31040.800,12240.088,0,3100.075,0,408.537,2389,2622,1.080,1.070,1.170,1,0,0,0,0,18,317,0,47,0
24-04 06:11:21,5.751,0.750,89.509,2.750,0,5667224,188100,181992,1976084,15876.612,4822.490,0,736.075,0,67.007,1997,2895,1.080,1.070,1.170,0,0,0,0,0,18,316,0,47,0
24-04 06:11:22,9.496,1.499,81.716,5.748,0,5667196,188100,181992,1976112,28221.120,9899.832,0,1003.578,0,100.957,2734,3729,1.080,1.070,1.170,0,0,1.999,0,0,18,315,0,43,0
24-04 06:11:23,10.756,2.001,82.549,3.752,0,5667132,188100,181992,1976176,18456.048,7432.449,0,1212.726,0,130.078,3107,4384,1.080,1.070,1.160,1,0,0,0,0,18,316,0,44,0
24-04 06:11:24,12.273,3.006,79.650,3.757,0,5666976,188100,181992,1976332,17242.577,5008.463,0,1418.680,0,145.274,4113,6045,1.080,1.070,1.160,7,0,0,0,0,18,316,0,45,0
24-04 06:11:25,26.205,4.243,58.898,9.234,0,5667380,187344,181992,1976684,27548.404,9515.560,0,2447.771,0,248.571,7499,11464,1.080,1.070,1.160,1,1,2.995,0,0,18,316,0,49,0
24-04 06:11:26,6.498,1.500,86.974,3.249,0,5667164,187344,181992,1976900,10584.778,3260.008,0,2219.324,0,202.938,2963,4634,1.080,1.070,1.160,0,0,0,0,0,18,315,0,48,0
24-04 06:11:27,16.741,3.248,71.213,6.996,0,5667172,187092,181992,1977144,15389.949,4723.529,0,5101.331,0,430.775,5281,7750,1.080,1.070,1.160,1,0,0,0,0,18,316,0,48,0
24-04 06:11:28,11.299,2.260,77.337,7.533,0,5667020,187092,181992,1977296,21971.635,7644.273,0,2876.520,0,181.791,3581,5242,0.990,1.050,1.160,2,1,0,0,0,18,316,0,49,0
24-04 06:11:29,19.733,3.747,65.693,8.742,0,5657424,196536,181992,1977448,8592.542,485.579,0,3660.822,0,283.754,7014,10184,0.990,1.050,1.160,1,0,0,0,0,18,316,0,49,0
24-04 06:11:30,19.964,4.242,67.378,5.740,0,5657620,196068,181992,1977720,8034.470,485.123,0,1657.003,0,159.711,6687,10557,0.990,1.050,1.160,1,0,0,0,0,18,316,0,42,0
24-04 06:11:31,8.987,1.498,79.885,7.739,0,5657764,195844,181992,1977800,8643.516,3259.292,0,2053.035,0,197.714,3033,4899,0.990,1.050,1.160,1,0,0,0,0,18,315,0,44,0
24-04 06:11:32,9.997,2.499,77.229,8.998,0,5658024,195340,181992,1978044,11241.991,485.870,15.996,2395.359,1.000,209.944,3874,5721,0.990,1.050,1.160,0,0,0,0,0,18,316,0,44,0
24-04 06:11:33,14.261,2.252,76.059,5.754,0,5657944,195340,181992,1978124,32301.904,11565.917,0,2013.552,0,209.161,4196,5772,0.990,1.050,1.160,0,0,0,0,0,18,316,0,44,0
24-04 06:11:34,11.742,1.999,78.693,5.496,0,5658360,194836,181992,1978212,14432.584,3447.512,0,2002.555,0,217.843,4040,6032,0.990,1.050,1.160,1,0,0,0,0,18,315,0,40,0
24-04 06:11:35,6.518,2.256,85.487,5.265,0,5658440,194584,181992,1978384,9423.113,541.501,0,1813.024,0,129.358,2553,3711,0.990,1.050,1.160,3,2,1.003,0,0,18,316,0,40,0
24-04 06:11:36,12.224,1.497,69.850,13.970,0,5658796,194120,181992,1978492,32112.241,11717.909,0,9783.052,0,681.541,4117,5608,0.990,1.050,1.160,0,0,0,0,0,18,315,0,40,0
24-04 06:11:37,15.763,3.503,74.313,4.504,0,5658940,193868,181992,1978600,11774.030,540.460,0,2309.968,0,245.209,6048,9225,0.990,1.050,1.160,1,1,0,0,0,18,316,0,42,0
24-04 06:11:38,19.750,4.250,61.749,11.750,0,5658692,193868,181992,1978848,4566.961,485.996,0,3175.973,0,336.997,6890,10646,1.230,1.100,1.170,1,1,0,0,0,18,316,0,37,0
24-04 06:11:39,22.728,4.745,63.937,6.993,0,5659620,192608,181992,1979180,5614.508,539.472,0,3308.764,0,297.709,8086,12464,1.230,1.100,1.170,1,1,0,0,0,18,316,0,38,0
24-04 06:11:40,18.534,4.759,63.616,11.020,0,5660736,191348,181992,1979324,8999.412,540.987,0,2921.327,0,243.444,7217,10845,1.230,1.100,1.170,1,2,0,0,0,18,316,0,39,0
24-04 06:11:41,5.490,0.998,86.838,4.991,0,5660812,191096,181992,1979500,11264.950,3261.905,0,1736.755,0,136.744,2421,3606,1.230,1.100,1.170,0,0,0.998,0,0,18,315,0,40,0
24-04 06:11:42,10.251,2.000,79.256,6.250,0,5660972,190844,181992,1979592,8574.654,540.041,0,2336.178,0,217.017,3711,5647,1.230,1.100,1.170,1,2,0,0,0,18,316,0,37,0
24-04 06:11:43,13.315,3.517,62.554,19.344,0,5662468,189296,181992,1979644,17289.078,5275.656,0,6322.748,0,475.311,4769,7370,1.370,1.130,1.180,1,0,6.029,0,0,18,316,0,38,0
24-04 06:11:44,12.943,1.991,73.926,7.965,0,5662360,189296,181992,1979752,25900.555,9675.621,0,1987.296,0,192.158,4272,6047,1.370,1.130,1.180,0,0,0,0,0,18,316,0,39,0
24-04 06:11:45,6.250,1.750,87.751,3.500,0,5662188,189296,181992,1979924,9607.095,846.008,0,1060.010,0,86.001,2403,3406,1.370,1.130,1.180,0,0,1.000,0,0,18,316,0,40,0
24-04 06:11:46,9.746,1.749,84.462,2.249,0,5662084,189296,181992,1980028,28857.092,12253.519,15.993,1263.435,1.000,134.940,3201,4365,1.370,1.130,1.180,0,0,0,0,0,18,315,0,38,0
24-04 06:11:47,18.002,3.750,67.507,8.751,0,5661852,189296,181992,1980260,3748.397,540.057,0,2516.267,0,260.028,6556,9947,1.370,1.130,1.180,2,0,0,0,0,18,316,0,39,0
24-04 06:11:48,20.304,4.261,61.664,11.781,0,5661700,189296,181996,1980408,9455.171,487.297,0,3966.559,0,431.148,7207,11573,1.420,1.150,1.190,1,0,0,0,0,18,316,0,40,0
24-04 06:11:49,20.705,3.991,65.858,6.735,0,5663224,187532,181996,1980648,6833.238,538.836,0,3464.515,0,275.405,7526,11447,1.420,1.150,1.190,3,0,0,0,0,18,316,0,40,0
24-04 06:11:50,24.297,7.264,55.356,11.272,0,5669116,181348,181996,1980940,7991.356,541.040,0,5987.505,0,437.841,8512,26850,1.420,1.150,1.190,0,1,36.069,0,0,18,316,0,41,0
24-04 06:11:51,6.733,1.746,82.292,8.479,0,5669288,181124,181996,1980992,14194.041,3258.744,0,6559.383,0,457.840,2928,4165,1.420,1.150,1.190,0,0,0,0,0,18,315,0,42,0
24-04 06:11:52,8.993,1.499,78.192,8.244,0.250,5669228,181124,181996,1981052,8856.386,527.606,0,1482.893,0,157.882,3687,5359,1.420,1.150,1.190,0,0,0,0,0,18,316,0,42,0
24-04 06:11:53,15.058,2.510,70.771,10.791,0,5669024,181124,181996,1981256,27487.278,9714.206,0,1818.967,0,208.800,4425,6096,1.390,1.140,1.190,1,0,0,0,0,18,316,0,42,0
24-04 06:11:54,11.704,2.241,77.697,5.728,0,5677024,173060,181996,1981320,12817.096,5498.591,0,1793.019,0,177.310,3916,5689,1.390,1.140,1.190,1,0,0,0,0,18,315,0,39,0
24-04 06:11:55,6.778,1.506,86.861,4.519,0,5677156,172836,181996,1981412,4086.004,488.031,0,1068.446,0,98.410,2551,3839,1.390,1.140,1.190,3,0,1.004,0,0,18,316,0,39,0
24-04 06:11:56,10.458,1.743,78.935,6.723,0,5676120,173808,181996,1981476,31646.627,11750.079,0,2067.743,0,176.296,3370,4749,1.390,1.140,1.190,0,0,0,0,0,18,315,0,39,0
24-04 06:11:57,21.088,4.770,62.762,9.540,0,5675844,173808,181996,1981752,6957.029,542.263,0,7053.431,0,542.263,7495,12264,1.390,1.140,1.190,2,0,0,0,0,18,316,0,39,0
24-04 06:11:58,19.664,4.481,62.727,11.450,0,5675572,173808,181996,1982024,8147.571,483.896,0,3417.141,0,421.169,7079,11133,1.440,1.160,1.190,3,1,0,0,0,18,316,0,39,0
24-04 06:11:59,19.530,4.507,65.850,8.012,0,5675656,173556,181996,1982192,7367.210,540.823,16.024,2980.535,1.002,285.434,7031,10869,1.440,1.160,1.190,2,0,0,0,0,18,315,0,37,0
24-04 06:12:00,5.752,1.000,86.029,5.252,0,5675676,173304,181996,1982424,12366.227,3339.141,0,1748.598,0,145.050,2479,3791,1.440,1.160,1.190,1,0,0,0,0,18,315,0,37,0
24-04 06:12:01,12.485,2.247,75.158,8.739,0,5675564,173304,181996,1982536,21886.198,8052.139,0,2025.519,0,180.779,3618,5237,1.440,1.160,1.190,0,1,0,0,0,18,315,0,38,0
24-04 06:12:02,12.738,2.248,69.686,12.988,0,5675468,173304,181996,1982632,22805.944,8937.748,0,6278.204,0,411.620,4043,5968,1.440,1.160,1.190,2,0,0,0,0,18,316,0,38,0
24-04 06:12:03,10.262,1.752,82.595,3.754,0,5675436,173304,182000,1982660,23050.463,7769.920,4.005,1249.434,1.001,118.136,3174,4355,1.320,1.140,1.180,0,0,0,0,0,18,316,0,38,0
24-04 06:12:04,11.020,2.004,81.147,3.506,0,5675248,173304,182000,1982848,25532.107,7690.889,0,1190.149,0,107.194,3715,5282,1.320,1.140,1.180,1,0,0,0,0,18,317,0,40,0
24-04 06:12:05,22.463,5.241,59.652,10.982,0,5676220,172044,182000,1983136,3461.300,539.112,0,4093.260,0,335.448,7752,12161,1.320,1.140,1.180,1,1,0.998,0,0,18,316,0,43,0
24-04 06:12:06,7.499,2.250,83.735,5.499,0,5675984,172044,182000,1983372,12252.810,3399.392,0,3099.446,0,252.955,3058,4815,1.320,1.140,1.180,0,0,0,0,0,18,315,0,44,0
24-04 06:12:07,12.747,1.750,77.485,5.749,0,5668644,179156,182000,1983600,30510.934,12202.574,0,6398.728,0,495.901,3898,4970,1.320,1.140,1.180,0,0,0,0,0,18,315,0,43,0
24-04 06:12:08,16.325,3.265,72.837,6.028,0,5668672,178932,182000,1983796,9432.598,542.508,0,2788.891,0,240.110,5550,8379,1.380,1.150,1.190,2,0,0,0,0,18,316,0,43,0
24-04 06:12:09,20.628,4.225,63.376,9.196,0,5668832,178456,182000,1984112,7343.720,483.153,0,3022.189,0,302.219,7045,10801,1.380,1.150,1.190,3,1,0,0,0,18,315,0,44,0
24-04 06:12:10,6.751,2.000,78.259,11.751,0,5669044,178216,182000,1984140,9118.000,3258.357,0,6048.663,0,371.041,2942,4798,1.380,1.150,1.190,3,0,1.000,0,0,18,316,0,44,0
24-04 06:12:11,13.268,3.004,75.101,6.509,0,5679876,167152,182000,1984372,12625.949,3207.306,0,1850.484,0,191.257,4907,8421,1.380,1.150,1.190,0,0,3.004,0,0,18,315,0,44,0
24-04 06:12:12,18.005,3.001,71.768,6.502,0,5679000,167868,182000,1984532,28398.165,11757.966,76.019,1576.398,6.002,148.037,4712,6540,1.380,1.150,1.190,0,2,2.001,0,0,18,316,0,47,0
24-04 06:12:13,10.980,1.497,81.855,4.492,0,5678932,167868,182000,1984600,16605.490,5426.357,0,1501.332,0,147.737,3315,4756,1.430,1.170,1.190,2,0,0,0,0,18,316,0,47,0
24-04 06:12:14,12.027,2.255,76.422,7.016,0,5678812,167868,182000,1984720,22392.280,7565.989,0,1723.871,0,149.335,4149,6012,1.430,1.170,1.190,1,2,0,0,0,18,316,0,47,0
24-04 06:12:15,20.286,4.758,63.362,9.767,0,5678620,167620,182000,1985160,6571.584,486.858,0,2684.733,0,277.489,7385,11190,1.430,1.170,1.190,2,2,1.002,0,0,18,316,0,47,0
24-04 06:12:16,25.685,4.489,52.119,15.960,0,5678768,167368,182000,1985264,27572.504,9693.568,0,7804.329,0,559.590,8062,12472,1.430,1.170,1.190,3,0,0,0,0,18,316,0,47,0
24-04 06:12:17,15.003,3.001,71.016,9.002,0,5678816,167116,182000,1985468,11028.481,3207.721,16.004,2116.476,1.000,207.047,5118,8092,1.430,1.170,1.190,1,0,0,0,0,18,315,0,48,0
24-04 06:12:18,11.417,2.978,80.170,5.460,0,5678560,167116,182000,1985724,9293.753,3065.817,0,2211.995,0,176.721,3398,4891,1.310,1.150,1.190,0,0,0,0,0,18,316,0,49,0
24-04 06:12:19,6.289,1.509,84.530,5.283,0,5678496,167116,182000,1985788,11786.874,664.163,0,1163.291,0,99.624,2649,3688,1.310,1.150,1.190,1,0,0,0,0,18,316,0,47,0
24-04 06:12:20,8.255,1.751,82.295,6.754,0,5678772,166612,182000,1986016,12603.906,3264.789,0,1849.013,0,199.109,3327,5403,1.310,1.150,1.190,1,0,0,0,0,18,315,0,49,0
24-04 06:12:21,24.310,3.258,71.176,0.251,0,5689048,156028,182000,1986324,8834.790,541.335,0,573.414,0,32.079,4192,4820,1.310,1.150,1.190,1,0,0,0,0,18,316,0,50,0
24-04 06:12:22,13.217,2.244,77.807,5.736,0,5689400,155552,182000,1986448,34806.633,12031.147,0,6647.505,0,479.809,3976,5155,1.310,1.150,1.190,0,0,1.995,0,0,18,315,0,50,0
24-04 06:12:23,11.500,2.000,79.501,4.750,0,5689224,155552,182000,1986624,33348.299,11743.105,0,2444.022,0,196.002,3459,4682,1.210,1.130,1.180,0,0,0,0,0,18,315,0,49,0
24-04 06:12:24,11.499,1.750,74.994,9.499,0,5689172,155552,182000,1986676,27235.844,9610.239,0,4667.630,0,317.975,3716,5315,1.210,1.130,1.180,1,0,0,0,0,18,316,0,49,0
24-04 06:12:25,16.535,3.006,74.155,5.011,0,5689376,155300,182000,1986724,27830.353,11941.037,0,2092.387,0,201.422,4776,7047,1.210,1.130,1.180,1,1,1.002,0,0,18,316,0,49,0
24-04 06:12:26,20.447,4.239,64.084,8.727,0,5690096,154292,182000,1987012,4657.930,538.604,0,1934.986,0,213.447,6833,10466,1.210,1.130,1.180,3,0,0.997,0,0,18,316,0,50,0
24-04 06:12:27,8.005,2.001,82.048,6.504,0,5690272,154040,182000,1987088,13930.147,3384.980,0,2105.231,0,198.116,3222,5205,1.210,1.130,1.180,0,0,0,0,0,18,315,0,44,0
24-04 06:12:28,16.000,2.750,73.252,6.250,0,5690232,153788,182000,1987380,8844.227,540.014,128.003,1440.037,8.000,122.003,4881,6586,1.110,1.110,1.170,1,0,0,0,0,18,318,0,48,0
24-04 06:12:29,22.495,3.249,63.986,8.248,0,5691400,152276,182008,1987716,10907.679,485.897,223.952,1983.578,15.997,185.960,6767,9528,1.110,1.110,1.170,1,0,1.000,0,0,18,320,0,65,0
24-04 06:12:30,25.610,4.017,67.037,3.515,0,5693252,150008,182008,1988132,7054.246,542.325,0,1639.027,0,139.599,7477,10464,1.110,1.110,1.170,2,0,2.009,0,0,18,319,0,86,0
24-04 06:12:31,16.171,2.488,72.395,6.468,0,5693048,150008,182008,1988336,31618.069,12079.808,0,2798.288,0,222.908,4676,6508,1.110,1.110,1.170,0,1,0,0,0,18,318,0,85,0
24-04 06:12:32,14.993,4.248,65.967,11.494,0,5691224,151676,182008,1988492,10772.677,539.733,3.998,5329.366,1.000,397.803,6268,9636,1.110,1.110,1.170,1,0,0,0,0,18,319,0,85,0
24-04 06:12:33,21.344,4.269,66.291,8.286,0,5691848,150668,182008,1988876,3630.966,488.146,0,2426.671,0,258.135,6803,9974,1.180,1.120,1.180,4,0,0,0,0,18,318,0,87,0
24-04 06:12:34,5.507,1.001,87.369,3.755,0,5691804,150668,182008,1988920,8801.979,3275.458,0,973.325,0,93.127,2434,3722,1.180,1.120,1.180,2,2,0,0,0,18,319,0,87,0
24-04 06:12:35,6.719,1.742,80.382,8.959,0,5691968,150444,182008,1988980,15147.585,3142.599,0,3484.034,0,176.193,3077,4661,1.180,1.120,1.180,0,2,0.995,0,0,18,318,0,86,0
24-04 06:12:36,8.000,1.250,85.748,4.000,0,5691896,150444,182008,1989052,10420.816,3209.943,0,2091.963,0,179.997,2814,4175,1.180,1.120,1.180,1,0,0,0,0,18,318,0,86,0
24-04 06:12:37,7.247,1.999,82.213,6.747,0,5691984,150192,182008,1989216,14852.372,3208.568,0,1327.408,0,140.937,3081,4411,1.180,1.120,1.180,1,0,0,0,0,18,318,0,86,0
24-04 06:12:38,10.514,1.752,86.364,0.250,0,5693852,148176,182008,1989364,6641.791,540.716,0,724.960,0,43.057,2693,3411,1.090,1.110,1.170,1,0,0,0,0,18,319,0,90,0
24-04 06:12:39,9.739,1.249,85.404,1.998,0,5694060,147924,182008,1989408,13351.934,2693.960,0,1710.070,0,116.868,2636,3689,1.090,1.110,1.170,0,0,0,0,0,18,318,0,90,0
24-04 06:12:40,6.501,1.750,87.519,4.501,0,5694408,147420,182008,1989564,10073.173,2697.582,0,1176.254,0,118.025,2385,3530,1.090,1.110,1.170,0,0,0,0,0,18,318,0,87,0
24-04 06:12:41,9.000,1.500,83.000,4.500,0,5694376,147420,182008,1989596,8282.013,2697.004,0,2344.004,0,162.000,2478,3527,1.090,1.110,1.170,1,0,0,0,0,18,318,0,87,0
24-04 06:12:42,10.503,2.000,80.770,5.751,0,5694324,147420,182008,1989648,22406.490,6917.695,0,3840.941,0,278.068,3369,4956,1.090,1.110,1.170,0,0,0,0,0,18,319,0,87,0
24-04 06:12:43,11.043,3.012,77.047,8.282,0,5695796,145936,182008,1989660,19100.744,5544.406,0,6926.743,0,472.825,3669,5053,1,1.090,1.160,1,2,6.023,0,0,18,319,0,87,0
24-04 06:12:44,22.197,4.489,61.103,8.978,0,5696472,144928,182008,1989992,4426.339,484.832,0,3068.609,0,324.219,7645,11926,1,1.090,1.160,1,0,0,0,0,18,318,0,83,0
24-04 06:12:45,10.487,1.748,79.901,6.742,0.250,5696744,144424,182008,1990224,12159.902,3346.845,0,2369.059,0,221.725,3451,5412,1,1.090,1.160,0,0,0.999,0,0,18,318,0,85,0
24-04 06:12:46,7.498,1.500,84.231,4.999,0,5696696,144424,182008,1990272,9830.822,3105.312,0,2151.523,0,167.963,2873,4216,1,1.090,1.160,0,0,0,0,0,18,318,0,86,0
24-04 06:12:47,6.750,1.250,87.499,3.250,0,5696660,144424,182008,1990308,15038.791,2696.963,0,1367.981,0,121.998,2571,3721,1,1.090,1.160,0,0,0,0,0,18,318,0,86,0
24-04 06:12:48,7.265,1.503,84.670,5.010,0,5696600,144424,182008,1990368,10255.631,2702.436,0,1282.580,0,126.254,2634,3723,0.920,1.070,1.160,0,2,0,0,0,18,318,0,83,0
24-04 06:12:49,11.016,2.003,84.369,2.003,0,5696832,144172,182008,1990388,23747.502,9623.577,0,1281.808,0,113.160,3344,4609,0.920,1.070,1.160,1,0,0,0,0,18,320,0,83,0
24-04 06:12:50,28.468,5.744,56.187,7.492,0,5591784,303328,181492,1937084,9208.708,485.457,91.897,3156.472,2.997,297.667,6918,23067,0.920,1.070,1.160,2,1,35.960,0,0,18,318,0,84,0
24-04 06:12:51,4.488,3.989,82.279,7.231,0,5527400,367692,181500,1937176,13548.665,265958.745,127.658,5377.578,7.979,299.198,2245,3055,0.920,1.070,1.160,0,0,13.963,0,0,18,318,0,84,0
24-04 06:12:52,2.751,1.000,92.518,2.751,0,5527136,367948,181500,1937184,92878.353,1568.310,4.001,508.100,1.000,33.007,1399,2124,0.920,1.070,1.160,0,0,3.001,0,0,18,318,0,80,0
24-04 06:12:53,8.004,1.751,84.046,5.003,0,5529420,365616,181500,1937232,192780.094,3517.936,48.026,3297.815,5.003,376.207,2029,2024,0.850,1.050,1.150,3,2,4.002,0,0,18,318,0,80,0
24-04 06:12:54,7.991,2.997,84.409,2.997,0,5539068,355868,181516,1937316,147962.968,5200.411,91.901,1794.072,9.989,119.871,2886,3445,0.850,1.050,1.150,1,0,19.979,0,0,18,318,0,80,0
24-04 06:12:55,7.036,2.764,90.212,0,0,5525440,369332,181524,1937472,155538.253,7148.642,132.680,104.536,5.026,6.031,1900,1866,0.850,1.050,1.150,1,0,13.067,0,0,18,318,0,80,0
24-04 06:12:56,5.475,2.489,88.851,1.493,0,5525504,368576,181532,1938156,149251.847,3426.614,453.962,147.338,26.879,1.991,1782,1800,0.850,1.050,1.150,0,1,13.937,0,0,18,318,0,78,0
24-04 06:12:57,20.997,4.999,72.488,0.500,0,5519616,360272,181532,1952348,3591.406,431.929,623.897,0,13.998,0,2290,1696,0.850,1.050,1.150,1,0,13.998,0,0,18,318,0,78,0
