"pcp-dstat 6.2.0 CSV Output"
"Author:","PCP team <pcp@groups.io> and Dag Wieers <dag@wieers.com>",,,,"URL:","https://pcp.io/ and http://dag.wieers.com/home-made/dstat/"
"Host:","ubuntu",,,,"User:","ubuntu"
"Cmdline:","dstat -tcmndrylpg --tcp --output /tmp/devstack_logs/dstat-csv.log",,,,"Date:","23 Apr 2026 13:25:37 UTC"
"system","total usage",,,,,"memory usage",,,,"net/total",,"dsk/total",,"io/total",,"system",,"load avg",,,"procs",,,"paging",,"tcp sockets",,,,
"time","total usage:usr","total usage:sys","total usage:idl","total usage:wai","total usage:stl","used","free","buf","cach","net/total:recv","net/total:send","dsk/total:read","dsk/total:writ","read","writ","int","csw","1m","5m","15m","run","blk","new","in","out","lis","act","syn","tim","clo"
23-04 13:25:37,,1042168,1625180,160684,4996544,,,,,,,1.270,0.960,0.590,1,0,,,,10,6,1,18,0
23-04 13:25:38,12.011,20.519,58.304,8.258,0,1051620,1615540,160800,4996700,41099.405,7698.193,0,10225.555,0,418.391,6754,5852,1.270,0.960,0.590,2,0,508.475,0,0,10,7,1,17,0
23-04 13:25:39,19.991,18.242,57.225,2.749,0,1041376,1625084,160948,4997132,27020.175,11194.101,0,1707.253,0,53.976,6040,5646,1.270,0.960,0.590,3,0,411.820,0,0,10,7,1,17,0
23-04 13:25:40,28.258,13.004,54.265,3.501,0,1132280,1533416,161100,5122372,26244.359,10666.991,0,1268.356,0,38.011,6420,8105,1.330,0.980,0.600,0,0,200.056,0,0,11,6,1,17,1
23-04 13:25:41,25.170,7.725,61.305,4.735,0,1161528,1503568,161228,5122792,37261.186,8768.042,0,1132.389,0,42.863,3355,2434,1.330,0.980,0.600,1,0,101.676,0,0,11,8,1,17,1
23-04 13:25:42,26.573,10.027,56.404,6.518,0,1205668,1442020,161428,5139308,181111.751,11683.917,256.701,3004.207,11.030,79.216,4155,3450,1.330,0.980,0.600,2,0,179.490,0,0,11,7,1,19,2
23-04 13:25:43,31.188,5.240,46.158,16.467,0,1247540,1390456,161988,5146952,5145.741,578.846,1720.570,8862.332,114.771,267.467,2894,2052,1.330,0.980,0.600,2,0,0.998,0,0,11,7,1,19,2
23-04 13:25:44,33.753,3.500,47.505,13.251,0,1284224,1336708,162812,5160884,9211.933,560.057,16.002,4320.438,1.000,175.018,3357,3263,1.330,0.980,0.600,0,2,1.000,0,0,11,9,1,19,2
23-04 13:25:45,21.749,3.250,44.998,27.748,0,1279916,1327976,163284,5172032,7675.582,485.974,0,7463.593,0,462.975,4938,7767,1.540,1.030,0.620,1,1,9.000,0,0,11,9,1,19,2
23-04 13:25:46,16.247,3.249,45.491,32.743,0,1289980,1297328,163884,5190452,9975.014,539.892,0,11385.733,0,587.883,5394,8533,1.540,1.030,0.620,2,2,0,0,0,11,9,1,19,2
23-04 13:25:47,15.502,3.750,47.255,31.503,0.250,1290252,1287876,164560,5197804,5785.621,486.052,0,9813.053,0,598.064,5013,7977,1.540,1.030,0.620,0,2,3.000,0,0,11,9,1,19,2
23-04 13:25:48,17.799,4.011,40.863,34.847,0,1283344,1285944,165220,5204804,11462.780,561.557,0,13649.843,0,733.032,5824,9429,1.540,1.030,0.620,1,2,15.042,0,0,11,9,1,19,2
23-04 13:25:49,14.719,3.742,43.408,35.924,0,1286304,1260840,165972,5224508,8331.342,538.858,0,14449.376,0,740.431,4954,8170,1.540,1.030,0.620,3,1,5.987,0,0,11,9,1,19,2
23-04 13:25:50,17.741,3.748,46.226,30.235,0,1284972,1252640,166616,5232144,4328.792,485.752,0,8395.718,0,480.755,4852,7665,1.740,1.080,0.640,0,2,9.995,0,0,11,9,1,19,2
23-04 13:25:51,18.256,3.251,49.016,26.759,0,1279048,1272592,166852,5217788,17526.873,3280.099,0,7786.609,0,531.178,4873,7813,1.740,1.080,0.640,1,1,11.004,0,0,11,7,1,19,0
23-04 13:25:52,20.752,4.500,46.754,25.252,0,1302272,1248124,167032,5218844,14192.193,2584.217,0,12005.009,0,910.076,6202,10172,1.740,1.080,0.640,1,2,36.003,0,0,11,8,1,19,0
23-04 13:25:53,15.747,3.749,40.492,38.242,0,1282632,1260768,167276,5224916,5776.826,725.852,0,11137.736,0,819.833,4654,7686,1.740,1.080,0.640,1,4,4.999,0,0,11,7,1,19,0
23-04 13:25:54,19.294,4.510,41.094,33.827,0,1305944,1236584,167380,5225600,8823.090,1565.565,0,15767.902,0,769.753,4147,5689,1.740,1.080,0.640,0,1,27.062,0,0,11,8,1,19,0
23-04 13:25:55,9.724,2.493,41.888,43.882,0,1294512,1241776,167724,5230672,14936.883,2386.590,0,14177.922,0,546.532,2722,3925,2,1.150,0.660,4,1,3.989,0,0,11,8,1,19,0
23-04 13:25:56,22.561,5.766,45.123,25.068,0,1264764,1270044,168036,5231380,8740.810,715.950,0,6461.601,0,583.590,13753,25492,2,1.150,0.660,2,0,25.068,0,0,11,7,1,19,0
23-04 13:25:57,39.653,10.225,37.658,10.973,0,1182512,1351840,168156,5231648,9468.913,558.638,0,5598.350,0,286.302,12389,20706,2,1.150,0.660,2,0,87.786,0,0,11,5,1,19,0
23-04 13:25:58,41.836,7.265,47.598,2.505,0,1191036,1355992,168208,5220396,4198.642,487.002,0,1346.772,0,68.140,3132,1852,2,1.150,0.660,2,0,17.035,0,0,11,5,1,17,0
23-04 13:25:59,38.943,6.990,47.431,5.991,0,1242448,1304548,168268,5220404,11101.760,539.211,0,7153.536,0,415.392,3944,3419,2,1.150,0.660,1,0,75.889,0,0,11,5,1,17,0
23-04 13:26:00,23.749,3.750,71.997,0.250,0,1271512,1275476,168276,5220404,8148.689,485.981,0,9807.626,0,61.998,2295,1708,1.920,1.140,0.660,1,0,1.000,0,0,11,5,1,17,0
23-04 13:26:01,11.012,17.019,68.575,2.252,0,1146788,1400144,168276,5220452,7178.897,486.535,0,576.634,0,21.023,5433,4176,1.920,1.140,0.660,1,0,355.391,0,0,11,5,1,17,0
23-04 13:26:02,11.238,20.229,67.179,0,0,1110008,1436756,168276,5221036,12164.171,485.488,0,55.941,0,11.987,6843,6887,1.920,1.140,0.660,1,0,425.551,0,0,11,5,1,13,0
23-04 13:26:03,25.716,11.984,58.174,3.495,0,1145848,1393416,168276,5228540,9265.855,485.364,7438.251,3.995,74.902,0.999,4796,5398,1.920,1.140,0.660,2,0,194.745,0,0,11,6,1,13,0
23-04 13:26:04,44.789,5.255,48.292,0.751,0,1222344,1316808,168284,5228640,10875.523,486.426,20.018,1293.132,4.004,139.122,2814,1414,1.920,1.140,0.660,2,0,0,0,0,11,6,1,13,0
23-04 13:26:05,41.004,6.251,48.755,3.500,0,1247032,1291160,168288,5229580,9426.993,486.051,492.052,208.022,6.001,3.000,2603,1322,1.930,1.160,0.670,2,0,0,0,0,11,6,1,13,0
23-04 13:26:06,26.565,4.511,49.871,17.793,0,1271832,1263856,168348,5232016,5521.410,487.183,0,21003.010,0,206.502,3551,4682,1.930,1.160,0.670,1,0,24.058,0,0,11,5,1,13,0
23-04 13:26:07,3.989,7.479,76.538,10.970,0,1283864,1251820,168348,5232032,8654.033,484.658,0,14731.202,0,173.519,2700,2720,1.930,1.160,0.670,1,0,115.680,0,0,11,5,1,13,0
23-04 13:26:08,21.998,3.750,73.243,0.750,0,1358996,1176684,168352,5232032,9993.085,485.956,0,371.966,0,15.999,1718,1417,1.930,1.160,0.670,1,0,0,0,0,11,5,1,13,0
23-04 13:26:09,23.999,2.250,68.498,4.750,0,1386272,1149200,168356,5232236,10355.709,485.986,0,2551.928,0,100.997,2014,1285,1.930,1.160,0.670,1,0,2.000,0,0,11,7,1,13,0
23-04 13:26:10,18.556,4.764,67.954,6.520,0,1324652,1210716,168424,5232272,10541.589,487.461,0,2266.793,0,265.796,4518,6807,1.850,1.150,0.670,1,0,44.132,0,0,11,5,1,14,0
23-04 13:26:11,21.939,2.244,72.299,2.244,0,1377592,1156960,168688,5232788,10487.792,484.650,606.311,406.867,16.953,18.947,1791,1251,1.850,1.150,0.670,1,0,0,0,0,11,5,1,14,0
23-04 13:26:12,22.241,4.248,65.722,7.247,0,1401716,1132544,168740,5232936,12775.544,4564.051,167.928,4290.168,40.982,313.866,3919,14965,1.850,1.150,0.670,0,2,36.984,0,0,11,18,1,15,0
23-04 13:26:13,17.795,5.013,71.432,5.263,0,1372464,1161668,168780,5233056,11067.152,4973.652,100.255,7126.127,25.064,151.385,2921,2754,1.850,1.150,0.670,1,0,45.115,0,0,11,29,1,16,0
23-04 13:26:14,18.461,2.245,78.336,0,0.249,1405468,1128660,168780,5233060,7068.244,4556.487,0,47.900,0,2.994,1763,1355,1.850,1.150,0.670,1,0,0,0,0,11,30,1,14,0
23-04 13:26:15,23.998,9.499,64.994,0.500,0,1418224,1115864,168792,5233088,11647.973,3258.713,0,235.979,0,17.998,3519,2948,1.780,1.150,0.670,2,0,155.986,0,0,11,29,1,15,0
23-04 13:26:16,37.333,3.758,59.131,0,0,1481392,1052688,168792,5233096,17914.730,8258.315,0,0,0,0,3105,2408,1.780,1.150,0.670,2,0,0,0,0,11,31,1,15,0
23-04 13:26:17,33.776,7.506,56.043,1.251,0,1377632,1156240,168800,5233296,20476.845,11289.736,0,212.164,0,21.016,6573,8568,1.780,1.150,0.670,5,0,147.114,0,0,11,29,1,16,0
23-04 13:26:18,75.170,22.226,1.748,0,0,1603752,930036,168812,5233340,8041.473,485.485,0,14176.967,0,100.893,5791,4678,1.780,1.150,0.670,6,0,436.537,0,0,11,29,1,16,0
23-04 13:26:19,82.069,9.008,8.507,0,0,1777284,756460,168824,5233368,29975.321,22553.051,0,27595.311,0,188.159,5680,4847,1.780,1.150,0.670,4,0,0,0,0,11,35,1,16,0
23-04 13:26:20,56.972,8.746,25.737,8.496,0,1751668,781816,168840,5233612,30030.077,22182.977,0,18754.680,0,282.859,8500,13481,2.200,1.250,0.710,2,1,100.950,0,0,11,31,1,20,0
23-04 13:26:21,21.694,10.473,40.894,24.686,0,1554104,979352,168852,5233628,7081.729,2257.177,0,23682.899,0,191.506,4288,4010,2.200,1.250,0.710,1,1,209.460,0,0,11,29,1,22,0
23-04 13:26:22,18.752,2.500,67.508,10.251,0,1547760,985672,168868,5233636,7740.889,4396.505,0,9749.120,0,137.016,2247,2171,2.200,1.250,0.710,1,0,0,0,0,11,30,1,22,0
23-04 13:26:23,15.498,6.499,76.990,0.250,0,1514880,1018392,168888,5233776,12554.354,3515.539,0,447.941,0,27.996,3400,3600,2.200,1.250,0.710,1,0,67.991,0,0,11,29,1,23,0
23-04 13:26:24,18.252,2.500,76.507,1.500,0,1511900,1021364,168892,5233780,11612.081,4396.409,0,324.030,0,15.001,1972,1719,2.200,1.250,0.710,1,0,0,0,0,11,30,1,23,0
23-04 13:26:25,13.521,9.515,74.115,2.254,0,1451192,1082032,168900,5233812,12355.240,3600.607,0,1931.007,0,110.172,4443,4673,2.030,1.230,0.700,2,0,217.338,0,0,11,29,1,24,0
23-04 13:26:26,33.052,28.795,37.308,0,0,1457484,1075700,168900,5233852,8644.545,486.763,0,268.421,0,20.031,6480,5765,2.030,1.230,0.700,5,0,822.288,0,0,11,29,1,24,0
23-04 13:26:27,83.637,10.736,5.992,0,0,1686464,846700,168904,5233868,18665.826,9558.109,0,211.714,0,10.985,4882,2401,2.030,1.230,0.700,3,0,0,0,0,11,33,1,23,0
23-04 13:26:28,68.096,8.262,22.282,0.250,0,1698760,834136,168936,5234104,47617.370,38745.819,0,941.332,0,84.119,10202,16332,2.030,1.230,0.700,5,0,30.043,0,0,11,30,1,24,0
23-04 13:26:29,82.747,17.249,0.250,0,0,1623392,909428,168940,5234144,6939.786,2755.915,0,375.988,0,27.999,5811,4908,2.030,1.230,0.700,5,0,279.991,0,0,11,29,2,24,0
23-04 13:26:30,82.163,9.240,8.741,0,0,1790676,742112,168940,5234176,31165.041,22207.514,0,211.776,0,10.988,6020,5535,2.340,1.310,0.730,6,0,0.999,0,0,11,35,1,24,0
23-04 13:26:31,74.254,11.501,13.001,0.250,0,1748068,784288,168944,5234604,48396.598,39171.103,0,404.022,0,37.002,10215,16886,2.340,1.310,0.730,4,0,168.009,0,0,11,30,1,24,0
23-04 13:26:32,48.518,9.503,42.015,0.500,0,1570940,961368,168944,5234652,8539.106,4833.758,0,340.124,0,13.005,3564,2770,2.340,1.310,0.730,1,0,130.047,0,0,11,30,1,25,0
23-04 13:26:33,29.509,7.252,61.518,0,0,1559780,972488,168956,5234680,23732.103,14000.190,0,292.087,0,23.007,5107,6686,2.340,1.310,0.730,5,0,144.043,0,0,11,30,1,26,0
23-04 13:26:34,66.210,14.741,18.489,0,0,1587540,944560,168956,5234852,9743.091,3483.887,0,231.859,0,12.992,4992,3848,2.340,1.310,0.730,2,0,233.858,0,0,11,29,2,27,0
23-04 13:26:35,41.984,4.498,51.231,1.749,0,1592252,939784,168960,5234912,34749.151,25817.453,0,2519.069,0,96.964,6601,8520,2.320,1.320,0.740,3,0,0,0,0,11,32,1,24,0
23-04 13:26:36,74.351,16.272,9.263,0.250,0,1538844,993148,168972,5234944,13983.931,3117.220,0,440.596,0,40.054,5964,5022,2.320,1.320,0.740,4,0,258.350,0,0,11,29,1,25,0
23-04 13:26:37,63.191,6.744,28.723,0,0,1625784,906036,168972,5235116,28504.390,24303.312,0,191.821,0,9.991,5868,6366,2.320,1.320,0.740,1,0,0,0,0,11,33,1,25,0
23-04 13:26:38,59.553,16.014,23.771,0.500,0,1568800,962920,168988,5235200,33359.827,17075.267,0,1157.035,0,79.071,8281,10976,2.320,1.320,0.740,3,0,324.290,0,0,11,29,1,28,0
23-04 13:26:39,53.200,4.995,40.712,0,0,1592880,938820,168988,5235220,18596.462,12278.420,0,151.857,0,8.992,3772,2681,2.320,1.320,0.740,3,0,0,0,0,11,32,1,28,0
23-04 13:26:40,50.897,13.972,34.181,0.249,0,1529744,1001712,168992,5235428,24068.296,17765.051,0,283.426,0,29.939,7376,10845,2.210,1.310,0.740,3,0,299.394,0,0,11,29,1,30,0
23-04 13:26:41,54.884,6.516,38.595,0,0,1599768,931680,168992,5235436,18975.479,8996.035,0,212.521,0,11.027,3648,2167,2.210,1.310,0.740,1,0,0,0,0,11,32,1,30,0
23-04 13:26:42,50.776,11.006,37.269,0.250,0,1549292,981876,168992,5235716,31382.072,20037.262,0,304.156,0,28.014,7154,9848,2.210,1.310,0.740,4,0,237.121,0,0,11,29,1,33,0
23-04 13:26:43,62.708,9.954,27.372,0,0,1590148,940916,168996,5235784,14352.064,3967.496,0,561.382,0,11.944,3773,1784,2.210,1.310,0.740,1,0,49.768,0,0,11,32,1,31,0
23-04 13:26:44,44.959,5.526,45.964,2.763,0,1575104,955620,169012,5236108,29873.939,22859.315,0,357.663,0,31.145,6702,9256,2.210,1.310,0.740,3,0,24.112,0,0,11,29,1,33,0
23-04 13:26:45,63.817,11.966,24.430,0,0,1552820,977896,169012,5236116,3683.442,538.457,0,191.451,0,8.974,4139,2098,2.270,1.340,0.750,3,0,87.748,0,0,11,29,1,33,0
23-04 13:26:46,42.780,4.503,51.285,0,0,1576324,954332,169012,5236176,35678.648,24044.611,0,336.232,0,28.019,6323,8331,2.270,1.340,0.750,4,0,0,0,0,11,31,1,34,0
23-04 13:26:47,69.653,24.554,5.763,0,0,1563296,967280,169016,5236252,7795.124,2476.440,0,509.118,0,43.095,6262,6219,2.270,1.340,0.750,9,0,645.418,0,0,11,29,1,35,0
23-04 13:26:48,76.187,20.483,2.748,0,0,1745468,785148,169016,5236288,20703.752,12364.699,0,2789.676,0,245.795,6225,5958,2.270,1.340,0.750,6,0,575.521,0,0,11,33,1,35,0
23-04 13:26:49,75.514,14.003,9.502,0.250,0,1773772,756532,169036,5236580,50112.514,42119.997,0,1136.216,0,78.015,8667,11276,2.270,1.340,0.750,5,0,327.062,0,0,11,31,1,36,0
23-04 13:26:50,80.799,18.011,1.501,0.250,0,1602872,927248,169040,5236760,20988.774,10672.496,0,428.261,0,33.020,6137,5579,2.570,1.420,0.780,5,0,308.188,0,0,11,29,1,36,0
23-04 13:26:51,77.901,7.491,13.733,0,0,1712396,817680,169044,5236800,32106.371,25694.485,0,2588.724,0,110.860,5873,5836,2.570,1.420,0.780,5,0,0,0,0,11,34,1,36,0
23-04 13:26:52,62.026,16.007,21.759,0,0,1530288,999540,169048,5237044,36721.571,31662.426,0,192.081,0,13.006,8920,15366,2.570,1.420,0.780,2,0,412.175,0,0,11,29,1,41,0
23-04 13:26:53,23.770,32.027,42.285,1.001,0,1504764,1025004,169064,5237088,4198.521,540.453,0,620.520,0,29.024,6976,6734,2.570,1.420,0.780,5,0,949.796,0,0,11,29,1,41,0
23-04 13:26:54,73.944,16.238,9.243,0,0,1617024,912680,169064,5237120,15665.217,6675.978,0,75.943,0,4.996,4897,3256,2.570,1.420,0.780,3,0,240.819,0,0,11,31,1,41,0
23-04 13:26:55,60.489,7.999,30.244,0.250,0,1600904,928600,169072,5237312,33319.884,23919.610,0,255.953,0,29.994,6227,9324,2.530,1.430,0.790,4,0,71.987,0,0,11,31,1,43,0
23-04 13:26:56,75.891,16.227,7.489,0,0,1576464,952988,169088,5237348,15726.504,5876.594,0,443.366,0,36.947,5688,4601,2.530,1.430,0.790,3,0,195.720,0,0,11,30,1,45,0
23-04 13:26:57,62.638,6.514,30.317,0,0,1632504,896876,169092,5237412,36712.726,27499.468,0,188.414,0,8.018,6555,8940,2.530,1.430,0.790,3,0,0,0,0,11,33,1,45,0
23-04 13:26:58,53.209,6.745,38.970,0.749,0,1628308,900668,169092,5237816,50210.599,38989.181,0,1622.759,0,34.973,13930,21813,2.530,1.430,0.790,4,0,29.977,0,0,11,31,1,45,0
23-04 13:26:59,79.854,12.976,7.486,0,0,1562556,966364,169112,5237848,14378.709,7978.412,0,335.387,0,33.938,6169,6051,2.530,1.430,0.790,4,0,89.836,0,0,11,30,1,45,0
23-04 13:27:00,62.626,6.764,29.059,1.503,0,1634980,893868,169116,5237912,31154.900,27187.891,0,148.299,0,8.016,6100,8129,2.640,1.470,0.810,2,0,1.002,0,0,11,33,1,45,0
23-04 13:27:01,52.511,8.252,38.758,0,0,1613236,915200,169116,5238316,49334.705,41943.101,0,192.042,0,14.003,13203,21042,2.640,1.470,0.810,2,0,73.016,0,0,11,31,1,47,0
23-04 13:27:02,76.039,15.258,8.254,0,0,1581816,946580,169120,5238316,18689.538,8784.483,0,156.080,0,10.005,6079,5645,2.640,1.470,0.810,3,0,189.096,0,0,11,30,1,49,0
23-04 13:27:03,62.614,6.985,29.935,0,0,1641984,886352,169124,5238372,34266.488,25512.524,0,143.688,0,8.980,6579,8057,2.640,1.470,0.810,3,0,0,0,0,11,33,1,49,0
23-04 13:27:04,64.292,11.007,23.515,0,0,1611812,916280,169136,5238596,36134.347,25591.535,0,316.204,0,27.017,9949,15000,2.640,1.470,0.810,4,0,98.063,0,0,11,30,1,51,0
23-04 13:27:05,73.076,10.010,16.767,0,0,1644804,883124,169136,5238760,16522.104,11579.988,0,160.166,0,14.015,4855,3169,2.750,1.510,0.820,3,0,30.031,0,0,11,32,1,51,0
23-04 13:27:06,66.031,12.756,21.260,0,0.250,1644640,883232,169140,5238812,29889.036,18992.919,0,3685.731,0,195.092,7680,10154,2.750,1.510,0.820,4,0,120.056,0,0,11,31,1,53,0
23-04 13:27:07,62.597,7.981,27.932,0,0,1625872,901776,169144,5239028,40169.045,29371.376,0,203.504,0,11.971,7758,11434,2.750,1.510,0.820,4,0,58.856,0,0,11,32,1,54,0
23-04 13:27:08,70.420,13.533,15.788,0,0,1534772,992804,169148,5239092,22701.857,15666.858,0,256.620,0,12.029,7010,7744,2.750,1.510,0.820,3,0,168.407,0,0,11,30,1,57,0
23-04 13:27:09,71.384,10.233,18.220,0,0,1664280,863256,169148,5239132,30241.894,18438.061,0,167.728,0,9.984,5560,5441,2.750,1.510,0.820,4,0,33.945,0,0,11,32,1,58,0
23-04 13:27:10,65.427,7.741,25.721,0.749,0,1709356,817992,169152,5239312,28312.361,19127.625,0,175.804,0,15.982,6220,8574,2.850,1.560,0.840,2,0,34.961,0,0,11,31,1,60,0
23-04 13:27:11,57.150,12.533,26.068,3.760,0,1566276,960880,169176,5239480,19398.761,10955.668,0,2281.971,0,148.388,5679,5979,2.850,1.560,0.840,2,0,198.519,0,0,11,30,1,62,0
23-04 13:27:12,54.918,9.985,33.950,0.250,0,1591080,935992,169188,5239548,18971.790,10696.096,0,375.442,0,37.944,5118,14495,2.850,1.560,0.840,2,0,96.856,0,0,11,33,1,62,0
23-04 13:27:13,53.789,8.506,36.777,0,0,1599744,927268,169200,5239592,25870.808,17154.471,0,1124.818,0,18.013,6166,7105,2.850,1.560,0.840,4,0,97.071,0,0,11,34,1,64,0
23-04 13:27:14,55.298,10.509,34.029,0.250,0,1576520,950320,169208,5239752,20473.643,11626.019,0,140.121,0,8.007,4729,4638,2.850,1.560,0.840,2,0,86.074,0,0,11,34,1,65,0
23-04 13:27:15,42.213,7.743,48.458,0.250,0,1574024,952720,169212,5239828,25958.307,17790.447,0,207.818,0,17.984,5715,7211,2.870,1.580,0.850,1,0,85.925,0,0,11,35,1,66,0
23-04 13:27:16,31.964,6.243,59.682,0.999,0,1543080,983476,169232,5239992,15608.254,10040.584,0,403.541,0,33.961,4961,6340,2.870,1.580,0.850,2,0,66.924,0,0,11,33,1,65,0
23-04 13:27:17,38.210,7.992,52.445,0,0,1514556,1011992,169232,5239996,15756.552,5259.510,0,115.879,0,5.994,3380,2314,2.870,1.580,0.850,2,0,73.923,0,0,11,34,1,65,0
23-04 13:27:18,33.185,6.737,59.884,0,0,1470140,1056336,169232,5240064,20516.108,11134.350,0,411.200,0,56.889,4446,4999,2.870,1.580,0.850,3,0,33.934,0,0,11,34,1,66,0
23-04 13:27:19,37.185,7.789,55.274,0.251,0,1473244,1053096,169232,5240208,17961.119,7425.845,0,136.678,0,12.060,4090,3805,2.870,1.580,0.850,4,0,104.519,0,0,11,34,1,67,0
23-04 13:27:20,34.985,7.247,56.226,0.250,0,1505988,1020312,169248,5240232,14485.720,7027.953,0,303.868,0,27.988,3893,3492,2.880,1.600,0.860,2,0,60.974,0,0,11,34,1,67,0
23-04 13:27:21,34.009,5.001,59.015,0.750,0,1484916,1041360,169248,5240256,14823.876,11152.916,0,1020.267,0,55.014,3920,4758,2.880,1.600,0.860,2,1,5.001,0,0,11,34,1,68,0
23-04 13:27:22,35.224,5.496,57.457,1.499,0,1497996,1028244,169248,5240288,21755.821,11949.114,0,2134.413,0,117.912,3675,4524,2.880,1.600,0.860,3,0,42.968,0,0,11,34,1,69,0
23-04 13:27:23,38.674,5.988,54.143,0.749,0,1516552,1009648,169256,5240320,15921.524,6744.666,0,283.440,0,25.949,3567,3611,2.880,1.600,0.860,1,0,4.990,0,0,11,34,1,70,0
23-04 13:27:24,34.724,4.497,58.706,0.749,0,1532960,993076,169260,5240472,16692.436,11791.125,0,335.747,0,12.990,3667,4104,2.880,1.600,0.860,0,0,0,0,0,11,35,1,63,0
23-04 13:27:25,22.768,11.009,64.052,2.002,0,1499280,1026656,169264,5240568,21725.555,10652.608,0,404.327,0,35.028,5518,6657,2.810,1.610,0.870,1,0,277.224,0,0,11,34,1,64,0
23-04 13:27:26,22.241,2.999,73.721,0,0,1471236,1054696,169264,5240572,11298.492,683.727,0,143.943,0,5.998,2005,1473,2.810,1.610,0.870,1,0,4.998,0,0,11,33,1,65,0
23-04 13:27:27,15.795,2.256,80.728,0,0,1465892,1060020,169268,5240588,17577.649,8783.810,0,148.419,0,9.025,2586,3088,2.810,1.610,0.870,1,0,0,0,0,11,34,1,65,0
23-04 13:27:28,12.722,11.475,74.336,0.249,0,1435604,1090264,169284,5240608,9301.533,2969.466,0,275.394,0,27.939,4606,4233,2.810,1.610,0.870,1,0,283.376,0,0,11,33,1,65,0
23-04 13:27:29,20.485,2.998,75.694,0,0,1455968,1069896,169288,5240608,10401.298,2504.146,0,567.580,0,9.993,1753,1280,2.810,1.610,0.870,0,0,0,0,0,11,34,1,65,0
23-04 13:27:30,18.048,2.005,78.710,0.752,0.251,1451296,1074536,169292,5240636,16899.124,9256.717,0,413.103,0,26.070,3243,4078,2.660,1.600,0.870,1,0,1.003,0,0,11,33,1,66,0
23-04 13:27:31,20.192,5.983,73.290,0,0,1395852,1129972,169296,5240640,5302.790,484.610,0,159.542,0,14.957,2178,1754,2.660,1.600,0.870,1,0,45.868,0,0,11,33,1,66,0
23-04 13:27:32,16.505,2.001,80.276,0,0,1401532,1124272,169296,5240660,12285.939,9265.971,0,8.003,0,1.000,3021,3703,2.660,1.600,0.870,0,0,0,0,0,11,34,1,60,0
23-04 13:27:33,15.290,8.021,75.199,0.251,0,1390612,1134880,169308,5240952,18002.545,5808.340,0,216.572,0,22.058,4953,5446,2.660,1.600,0.870,1,0,174.461,0,0,11,33,1,60,0
23-04 13:27:34,24.015,17.511,57.286,0.250,0,1451224,1074136,169336,5241056,9168.834,486.309,36.023,408.260,1.001,29.018,5605,4707,2.660,1.600,0.870,2,0,452.288,0,0,11,33,1,62,0
23-04 13:27:35,43.073,5.478,47.306,3.735,0,1565524,957420,169396,5243120,8913.454,537.795,434.220,1959.964,16.931,53.780,3143,2301,2.610,1.610,0.880,2,1,4.980,0,0,11,37,1,62,0
23-04 13:27:36,27.266,4.753,42.525,23.264,0,1533768,987200,169548,5244644,7340.270,486.283,0,5475.185,0,500.291,5543,8336,2.610,1.610,0.880,4,0,25.015,0,0,11,37,1,59,0
23-04 13:27:37,26.240,5.248,41.484,25.241,0,1573460,946784,169664,5245256,10215.175,559.790,0,9272.528,0,757.716,5698,8533,2.610,1.610,0.880,2,0,22.991,0,0,11,37,1,59,0
23-04 13:27:38,25.836,5.268,42.391,25.084,0.251,1580000,939288,169796,5246060,8885.623,616.054,0,9860.874,0,681.271,5289,8472,2.610,1.610,0.880,1,1,13.043,0,0,11,37,1,59,0
23-04 13:27:39,27.498,4.750,43.247,22.748,0,1620908,897028,170024,5247120,4048.724,559.962,0,10139.308,0,836.943,6099,9959,2.610,1.610,0.880,3,1,28.998,0,0,11,37,1,59,0
23-04 13:27:40,27.425,4.986,40.140,24.931,0,1581424,935568,170124,5247940,4720.031,558.466,0,9091.021,0,735.978,5848,9675,2.640,1.630,0.890,2,1,19.945,0,0,11,37,1,54,0
23-04 13:27:41,27.509,5.002,41.763,23.758,0,1568640,947468,170244,5248668,14323.628,560.181,0,9799.166,0,789.255,6064,9897,2.640,1.630,0.890,3,0,24.008,0,0,11,37,1,54,0
23-04 13:27:42,25.824,5.014,43.876,24.069,0,1587280,928132,170360,5249232,8083.126,615.762,0,11224.112,0,830.376,5551,9287,2.640,1.630,0.890,2,1,11.032,0,0,11,37,1,54,0
23-04 13:27:43,25.167,4.734,45.849,21.928,0,1579236,935692,170448,5249616,9143.872,578.095,0,10640.940,0,759.498,5396,9266,2.640,1.630,0.890,2,2,12.957,0,0,11,37,1,54,0
23-04 13:27:44,26.258,4.501,46.765,21.507,0,1639432,875060,170556,5249932,5947.860,560.175,0,8318.601,0,703.220,6000,9813,2.640,1.630,0.890,3,1,14.004,0,0,11,37,1,54,0
23-04 13:27:45,26.512,4.752,46.021,20.259,0,1609840,903740,170684,5250688,10413.744,486.222,0,10240.666,0,752.343,5467,8822,2.590,1.640,0.900,3,0,7.003,0,0,11,37,1,49,0
23-04 13:27:46,29.329,4.262,40.860,24.316,0,1654388,859816,170872,5249872,10506.398,487.317,0,10833.282,0,866.342,6012,10155,2.590,1.640,0.900,3,1,5.014,0,0,11,37,1,49,0
23-04 13:27:47,44.850,5.731,44.352,3.239,0,1575304,938692,170972,5249980,5528.537,484.382,0,5828.535,0,319.932,3537,3153,2.590,1.640,0.900,3,0,5.980,0,0,11,33,1,49,0
23-04 13:27:48,33.330,5.513,48.116,12.781,0,1607764,905984,171112,5250084,9402.598,561.349,0,3897.367,0,501.205,5615,8023,2.590,1.640,0.900,1,1,2.005,0,0,11,35,1,49,0
23-04 13:27:49,27.250,5.000,41.251,23.750,0,1662252,851256,171236,5250212,12262.168,486.007,0,6748.092,0,845.012,6630,9995,2.590,1.640,0.900,1,1,2.000,0,0,11,35,1,47,0
23-04 13:27:50,29.503,5.501,43.755,19.752,0,1620728,892332,171472,5250420,6134.700,486.055,0,6148.702,0,853.097,7740,12231,2.540,1.640,0.900,2,1,2.000,0,0,11,35,1,47,0
23-04 13:27:51,32.027,8.257,44.538,13.261,0,1558388,954288,171700,5250560,8951.568,486.411,0,7386.244,0,892.755,8242,12257,2.540,1.640,0.900,2,0,57.048,0,0,11,33,1,47,0
23-04 13:27:52,22.438,4.737,70.307,1.496,0,1582948,929688,171716,5250560,10435.287,484.666,0,1001.245,0,54.849,2303,1907,2.540,1.640,0.900,1,0,43.879,0,0,11,33,1,47,0
23-04 13:27:53,14.037,14.288,67.429,3.509,0,1532316,980128,171724,5250720,9310.689,487.292,0,1279.393,0,52.138,4816,3796,2.540,1.640,0.900,1,0,326.867,0,0,11,33,1,41,0
23-04 13:27:54,8.492,21.231,62.194,6.994,0,1490356,1021996,171764,5250760,6188.463,485.566,0,8124.730,0,358.679,6719,6346,2.540,1.640,0.900,1,0,487.564,0,0,11,33,1,41,0
23-04 13:27:55,7.984,21.208,69.113,0.250,0,1460204,1052112,171768,5250792,4668.744,538.932,0,399.209,0,8.982,6003,4726,2.500,1.650,0.910,2,0,447.114,0,0,11,33,1,41,0
23-04 13:27:56,18.997,7.249,72.738,0,0,1495752,1016440,171768,5250912,8564.579,485.919,0,0,0,0,2780,2146,2.500,1.650,0.910,1,0,106.982,0,0,11,33,1,41,0
23-04 13:27:57,22.724,2.997,73.416,0,0,1479992,1032184,171768,5250928,8279.473,559.356,0,15.982,0,0.999,1798,1181,2.500,1.650,0.910,1,0,2.997,0,0,11,33,1,37,0
23-04 13:27:58,22.027,3.755,73.339,0.250,0,1529348,982848,171768,5250908,9061.946,486.588,0,592.716,0,118.143,1970,1435,2.500,1.650,0.910,1,0,0,0,0,11,33,1,37,0
23-04 13:27:59,22.306,3.258,71.932,1.253,0,1514648,997528,171768,5250928,10348.206,487.234,0,144.366,0,12.030,2047,1596,2.500,1.650,0.910,1,0,3.008,0,0,11,33,1,37,0
23-04 13:28:00,21.696,3.741,73.069,0.748,0,1563124,949048,171772,5250928,8972.774,484.799,0,574.577,0,27.931,2089,1704,2.380,1.640,0.910,1,0,2.993,0,0,11,33,1,37,0
23-04 13:28:01,23.026,3.504,73.584,0,0,1543944,968232,171772,5250924,7079.090,486.556,0,68.078,0,7.008,1830,1293,2.380,1.640,0.910,1,0,1.001,0,0,11,33,1,37,0
23-04 13:28:02,21.226,3.995,73.916,0,0,1551004,961172,171772,5250924,3665.844,485.450,0,0,0,0,1777,1261,2.380,1.640,0.910,1,0,1.998,0,0,11,33,1,37,0
23-04 13:28:03,22.000,3.250,73.498,0,0,1494460,1017704,171772,5250932,4339.903,485.989,0,20.000,0,1.000,1781,1336,2.380,1.640,0.910,2,0,1.000,0,0,11,33,1,37,0
23-04 13:28:04,22.996,2.750,73.989,0,0,1535504,976660,171772,5250932,8813.632,485.925,0,11.998,0,1.000,1868,1281,2.380,1.640,0.910,1,0,2.000,0,0,11,33,1,37,0
23-04 13:28:05,22.254,3.251,73.013,0,0,1488592,1023588,171772,5250916,6954.193,486.083,0,376.065,0,3.001,1859,1384,2.270,1.630,0.910,2,0,1.000,0,0,11,33,1,31,0
23-04 13:28:06,22.750,3.000,74.000,0,0,1477584,1034564,171772,5250944,9021.946,485.997,0,28.000,0,1.000,1819,1205,2.270,1.630,0.910,2,0,3.000,0,0,11,33,1,31,0
23-04 13:28:07,22.749,3.250,73.498,0.250,0,1494472,1017760,171772,5250860,8278.725,485.984,0,67.998,0,3.000,1785,1279,2.270,1.630,0.910,2,0,0,0,0,11,33,1,31,0
23-04 13:28:08,22.500,2.750,73.749,0,0,1471704,1040440,171772,5250948,9394.883,485.994,0,87.999,0,1.000,1793,1174,2.270,1.630,0.910,3,0,3.000,0,0,11,33,1,31,0
23-04 13:28:09,22.069,3.511,71.975,2.257,0,1453500,1058632,171772,5250960,8908.866,487.525,0,272.853,0,42.132,1976,1701,2.270,1.630,0.910,2,0,1.003,0,0,11,33,1,25,0
23-04 13:28:10,21.430,3.987,72.762,0.249,0,1492192,1019944,171784,5250944,5336.535,484.415,0,2129.032,0,41.863,2022,1722,2.170,1.620,0.910,2,0,2.990,0,0,11,33,1,25,0
23-04 13:28:11,22.254,3.501,74.012,0,0,1458924,1053216,171784,5250940,3697.622,486.082,0,28.005,0,2.000,1694,1266,2.170,1.620,0.910,2,0,1.000,0,0,11,33,1,25,0
23-04 13:28:12,27.032,5.256,67.079,0,0,1471760,1040340,171784,5250964,9925.752,486.576,0,24.028,0,1.001,2874,13768,2.170,1.620,0.910,2,0,37.044,0,0,11,33,1,26,0
23-04 13:28:13,21.973,3.246,73.661,0,0,1483396,1028716,171784,5250952,6870.653,559.321,0,3.995,0,0.999,1806,1320,2.170,1.620,0.910,2,0,1.998,0,0,11,33,1,18,0
23-04 13:28:14,16.302,11.788,71.479,0,0,1432772,1079308,171784,5251000,9208.458,487.560,0,180.578,0,8.026,4059,3161,2.170,1.620,0.910,1,0,271.870,0,0,11,33,1,18,0
23-04 13:28:15,16.950,10.220,71.292,0.499,0,1484004,1028048,171784,5251028,9991.800,484.584,0,342.998,0,32.904,3484,2756,2.070,1.610,0.910,2,0,188.449,0,0,11,33,1,18,0
23-04 13:28:16,23.787,2.003,74.116,0,0,1488804,1023024,171784,5251248,10955.107,486.760,0,48.075,0,1.002,1676,1004,2.070,1.610,0.910,2,0,3.005,0,0,11,33,1,18,0
23-04 13:28:17,21.213,4.243,73.122,0,0,1495176,1016628,171784,5251272,10278.037,485.152,0,3.993,0,0.998,1878,1336,2.070,1.610,0.910,3,0,8.984,0,0,11,33,1,13,0
23-04 13:28:18,16.007,14.257,67.531,1.501,0,1482252,1029396,171784,5251408,5325.449,486.224,40.018,228.105,2.001,6.003,4520,3632,2.070,1.610,0.910,3,0,341.157,0,0,11,33,1,13,0
23-04 13:28:19,9.021,21.049,65.905,2.756,0,1454428,1057108,171828,5251444,10653.045,487.145,0,3500.229,0,165.389,6849,6051,2.070,1.610,0.910,1,0,539.268,0,0,11,33,1,13,0
23-04 13:28:20,8.501,23.003,68.008,0.250,0,1442224,1069272,171828,5251476,6682.786,486.057,0,892.105,0,53.006,6743,5790,1.990,1.600,0.910,1,0,585.069,0,0,11,33,1,13,0
23-04 13:28:21,8.247,21.993,68.228,0.250,0,1420424,1091028,171832,5251508,4783.461,485.844,0,1735.442,0,73.976,6514,5414,1.990,1.600,0.910,1,0,582.812,0,0,11,33,1,9,0
23-04 13:28:22,8.241,21.976,68.424,0,0,1407412,1104008,171832,5251540,8535.510,485.460,0,1378.467,0,14.983,6378,5117,1.990,1.600,0.910,1,0,541.398,0,0,11,33,1,9,0
23-04 13:28:23,7.997,19.742,70.222,0,0,1389356,1122028,171832,5251572,6020.618,485.808,0,171.932,0,6.997,6079,4760,1.990,1.600,0.910,2,0,462.817,0,0,11,33,1,9,0
23-04 13:28:24,8.008,21.772,69.320,0,0,1375292,1136052,171832,5251608,11082.192,486.491,0,332.336,0,9.009,6131,4738,1.990,1.600,0.910,1,0,467.472,0,0,11,33,1,9,0
23-04 13:28:25,7.736,22.459,68.625,0,0,1375132,1136168,171832,5251648,7784.839,485.118,0,63.884,0,15.971,6377,5372,1.910,1.590,0.910,1,0,589.927,0,0,11,33,1,6,0
23-04 13:28:26,17.790,24.305,56.628,0.251,0,1362020,1149212,171848,5251696,4079.187,487.097,0,805.815,0,31.070,6916,6336,1.910,1.590,0.910,3,0,674.519,0,0,11,33,1,8,0
23-04 13:28:27,62.287,15.509,22.513,0,0,1551136,959672,171864,5252072,9881.880,486.289,0,792.472,0,49.029,4882,3841,1.910,1.590,0.910,3,0,288.171,0,0,11,33,1,12,0
23-04 13:28:28,44.185,6.490,29.956,18.473,0,1652864,852628,172036,5256516,9033.710,485.286,443.348,5679.644,9.985,269.603,4962,5697,1.910,1.590,0.910,1,2,15.976,0,0,11,39,1,12,0
23-04 13:28:29,11.230,3.743,43.671,38.181,0,1653520,849392,172124,5258632,3938.916,539.031,0,11319.643,0,701.738,6467,11391,1.910,1.590,0.910,0,1,18.966,0,0,11,39,1,13,0
23-04 13:28:30,8.749,2.750,54.993,29.996,0,1652852,848384,172232,5260156,8331.871,485.934,0,11322.466,0,820.889,6120,10986,2,1.610,0.920,0,2,30.996,0,0,11,39,1,11,0
23-04 13:28:31,6.999,2.999,49.242,37.494,0,1652936,846648,172400,5261596,7703.673,527.909,0,15725.292,0,1060.817,6307,11774,2,1.610,0.920,1,1,11.998,0,0,11,39,1,11,0
23-04 13:28:32,8.504,3.502,52.778,33.518,0,1652844,844912,172612,5263136,11197.903,486.256,0,8448.453,0,620.327,5384,9596,2,1.610,0.920,0,1,18.009,0,0,11,39,1,11,0
23-04 13:28:33,8.498,2.749,52.987,32.742,0,1652544,844156,172672,5264100,9929.601,485.883,0,12333.021,0,809.804,5291,9442,2,1.610,0.920,0,1,17.996,0,0,11,39,1,11,0
23-04 13:28:34,5.500,3.500,49.496,37.997,0,1652796,842644,172768,5265216,6448.533,485.965,0,14558.946,0,921.933,5447,9865,2,1.610,0.920,0,2,8.999,0,0,11,39,1,10,0
23-04 13:28:35,6.011,3.005,51.843,36.315,0,1652212,842392,172856,5265956,9279.656,486.874,0,13039.405,0,855.536,4920,9030,2.160,1.650,0.940,0,3,6.011,0,0,11,39,1,10,0
23-04 13:28:36,11.494,3.748,47.224,34.731,0,1604248,888940,172880,5267312,7014.186,485.736,0,11517.737,0,802.564,5847,10280,2.160,1.650,0.940,1,3,28.984,0,0,11,37,1,10,0
23-04 13:28:37,23.727,6.494,36.215,30.970,0,1651456,840628,172920,5268332,8496.727,559.455,0,13614.743,0,845.177,6098,9379,2.160,1.650,0.940,1,1,42.958,0,0,11,37,1,10,0
23-04 13:28:38,19.496,3.999,44.241,29.994,0,1658264,832816,172988,5269204,13961.218,8755.255,0,14105.189,0,873.826,6960,11262,2.160,1.650,0.940,1,3,17.996,0,0,11,38,1,8,0
23-04 13:28:39,21.473,6.741,40.698,28.963,0,1625152,864580,173024,5270420,11966.774,1692.846,0,7362.632,0,540.313,6058,8862,2.160,1.650,0.940,2,4,75.903,0,0,11,39,1,9,0
23-04 13:28:40,19.760,5.003,41.772,31.766,0,1659632,828808,173060,5271604,11456.912,5594.887,0,11718.047,0,773.399,5662,9486,2.140,1.660,0.950,1,2,7.004,0,0,11,40,1,9,0
23-04 13:28:41,18.778,3.756,38.308,35.804,0,1658672,828584,173100,5272720,14297.590,7649.551,0,13316.108,0,851.285,7800,13209,2.140,1.660,0.950,1,2,12.018,0,0,11,40,1,9,0
23-04 13:28:42,20.044,5.262,37.582,35.327,0,1594232,892028,173188,5273600,11355.901,8152.877,0,14223.188,0,983.156,7977,13538,2.140,1.660,0.950,1,3,42.092,0,0,11,39,1,9,0
23-04 13:28:43,24.935,5.236,35.906,32.416,0,1657508,827272,173276,5274944,11414.261,2581.275,0,10747.997,0,708.155,5234,8652,2.140,1.660,0.950,0,2,5.984,0,0,11,40,1,9,0
23-04 13:28:44,19.771,3.254,44.548,29.282,0,1658504,825284,173304,5275888,17195.574,9512.275,0,7468.067,0,657.710,6866,11251,2.140,1.660,0.950,1,2,15.016,0,0,11,40,1,9,0
23-04 13:28:45,22.251,3.750,38.001,34.501,0,1657768,825080,173340,5276768,18382.522,9899.281,0,13800.392,0,1017.029,8036,13159,2.290,1.700,0.960,1,2,3.000,0,0,11,39,1,10,0
23-04 13:28:46,25.220,7.491,36.956,28.466,0,1658900,822028,173420,5278544,8398.098,527.378,0,8865.547,0,755.110,7009,10686,2.290,1.700,0.960,1,1,70.916,0,0,11,39,1,10,0
23-04 13:28:47,21.489,4.747,36.231,35.231,0,1678612,801200,173524,5279516,17278.855,6139.751,0,14352.404,0,966.488,6357,10577,2.290,1.700,0.960,2,2,2.998,0,0,11,40,1,10,0
23-04 13:28:48,22.047,5.011,43.594,27.309,0,1674472,804244,173632,5280480,16754.944,8333.879,0,19173.132,0,1208.593,9243,16633,2.290,1.700,0.960,3,2,9.019,0,0,11,40,1,10,0
23-04 13:28:49,22.452,5.738,41.910,27.441,0,1593224,882868,173840,5282828,11214.901,6494.045,0,13063.927,0,858.156,8104,13276,2.290,1.700,0.960,1,1,44.904,0,0,11,39,1,10,0
23-04 13:28:50,34.316,6.763,32.562,24.798,0,1613788,861128,173988,5283808,5119.816,1241.380,0,13830.517,0,933.790,6160,9946,2.350,1.720,0.970,2,2,56.108,0,0,11,38,1,10,0
23-04 13:28:51,29.946,17.718,31.942,18.966,0,1616796,856240,174056,5285932,20881.397,9147.527,626.871,12641.236,7.986,825.513,10808,17012,2.350,1.720,0.970,2,1,337.392,0,0,11,38,1,10,0
23-04 13:28:52,27.057,12.526,31.566,27.307,0,1620852,850924,174144,5286588,19509.802,11191.405,1803.772,13084.364,36.075,958.004,9618,14964,2.350,1.720,0.970,2,1,171.358,0,0,11,37,1,11,0
23-04 13:28:53,24.520,7.006,40.032,26.271,0,1589648,880948,174232,5287652,9291.406,486.388,0,9967.945,0,709.566,6156,9356,2.350,1.720,0.970,1,1,78.062,0,0,11,37,1,11,0
23-04 13:28:54,19.198,4.737,45.877,28.424,0,1600388,869188,174308,5288532,15578.138,7320.329,0,9741.822,0,664.215,5801,9238,2.350,1.720,0.970,1,1,0,0,0,11,38,1,11,0
23-04 13:28:55,22.315,5.767,45.132,24.572,0,1596184,872304,174356,5289520,10984.225,2417.091,0,8392.622,0,603.771,5855,8797,2.480,1.760,0.990,1,1,34.100,0,0,11,37,1,12,0
23-04 13:28:56,21.485,3.498,46.468,26.232,0,1611700,855760,174400,5290496,13582.605,5514.186,0,8250.293,0,598.586,5129,8211,2.480,1.760,0.990,1,2,2.998,0,0,11,38,1,12,0
23-04 13:28:57,19.980,6.244,47.202,24.725,0,1590900,875344,174452,5291628,6207.665,2235.719,0,11959.796,0,776.208,6447,10512,2.480,1.760,0.990,3,0,59.939,0,0,11,37,1,13,0
23-04 13:28:58,20.994,3.249,49.237,23.993,0,1584748,880420,174516,5292608,15595.735,5619.463,0,7805.865,0,590.838,5479,8595,2.480,1.760,0.990,2,2,5.998,0,0,11,38,1,13,0
23-04 13:28:59,20.726,5.494,42.450,28.966,0,1540904,923172,174572,5293624,11621.411,5883.121,0,11846.148,0,803.061,7175,11336,2.480,1.760,0.990,1,2,45.946,0,0,11,37,1,14,0
23-04 13:29:00,23.298,5.010,40.583,29.561,0,1606684,856428,174588,5294544,8945.401,1950.011,0,6910.214,0,500.029,4603,7050,2.440,1.760,1,0,1,1.002,0,0,11,38,1,14,0
23-04 13:29:01,16.217,3.243,51.397,26.696,0,1600784,861300,174632,5295468,15828.269,7337.291,0,11532.880,0,742.511,6406,10748,2.440,1.760,1,1,1,0,0,0,11,38,1,14,0
23-04 13:29:02,12.503,5.001,54.015,26.257,0,1564172,897320,174652,5296020,11847.288,2972.825,0,11899.302,0,627.174,5173,7490,2.440,1.760,1,2,1,66.018,0,0,11,37,1,15,0
23-04 13:29:03,4.249,2.999,65.234,24.744,0,1554548,905800,174684,5297108,10918.271,821.795,0,8665.834,0,733.817,5034,9215,2.440,1.760,1,1,0,5.999,0,0,11,37,1,15,0
23-04 13:29:04,4.501,2.250,66.008,24.253,0,1543368,916100,174728,5297920,9881.262,780.100,0,7508.959,0,597.076,4405,8238,2.440,1.760,1,0,1,6.001,0,0,11,37,1,15,0
23-04 13:29:05,4.749,3.250,60.741,28.246,0,1533776,925312,174792,5298232,5688.149,485.927,0,12438.139,0,932.860,5707,10491,2.410,1.760,1,0,2,14.998,0,0,11,37,1,15,0
23-04 13:29:06,5.249,3.250,57.743,30.746,0,1525720,932340,174860,5299168,8864.947,485.942,0,15878.114,0,1030.878,5681,10434,2.410,1.760,1,1,1,3.000,0,0,11,37,1,15,0
23-04 13:29:07,5.001,2.750,64.011,25.504,0.250,1519856,937796,174908,5299520,6333.044,486.080,0,8825.454,0,660.109,4912,9099,2.410,1.760,1,1,1,6.001,0,0,11,37,1,15,0
23-04 13:29:08,5.747,2.499,61.965,27.235,0,1512088,944192,174960,5300788,3096.238,485.724,0,10070.270,0,671.618,4657,8148,2.410,1.760,1,0,3,8.995,0,0,11,37,1,15,0
23-04 13:29:09,4.002,2.501,62.785,27.516,0,1505852,950180,175000,5300996,9551.385,486.274,0,10365.844,0,742.419,4557,8337,2.410,1.760,1,2,0,12.007,0,0,11,37,1,15,0
23-04 13:29:10,5.997,2.499,63.722,23.739,0,1499528,956324,175060,5301108,10156.488,485.784,0,9103.956,0,789.649,5366,9645,2.450,1.790,1.010,2,0,12.994,0,0,11,37,1,15,0
23-04 13:29:11,4.996,2.748,56.958,32.726,0,1495680,959336,175104,5301876,12191.922,485.638,0,14832.955,0,971.277,5294,9684,2.450,1.790,1.010,1,1,5.996,0,0,11,37,1,15,0
23-04 13:29:12,8.756,4.753,58.791,24.517,0,1479960,973180,175164,5303616,8716.011,486.335,0,9398.482,0,662.457,5429,15942,2.450,1.790,1.010,1,2,42.029,0,0,11,37,1,16,0
23-04 13:29:13,4.746,2.248,65.697,24.730,0,1479348,973180,175292,5304084,5020.967,559.551,0,10395.651,0,805.353,4825,9016,2.450,1.790,1.010,5,1,11.990,0,0,11,37,1,16,0
23-04 13:29:14,3.507,2.505,57.621,33.070,0,1478860,973180,175368,5304480,10924.016,487.026,0,13801.077,0,894.885,4666,8806,2.450,1.790,1.010,0,1,3.006,0,0,11,37,1,16,0
23-04 13:29:15,5.496,1.998,62.452,26.230,0,1478144,973180,175412,5305108,9913.377,485.627,0,8841.201,0,657.494,4348,7985,2.340,1.770,1.010,3,1,11.991,0,0,11,37,1,15,0
23-04 13:29:16,5.250,2.000,64.002,27.001,0,1478024,973180,175436,5305192,12194.400,540.018,0,6972.229,0,541.018,4115,7448,2.340,1.770,1.010,0,1,6.000,0,0,11,37,1,15,0
23-04 13:29:17,4.500,3.000,62.995,25.998,0,1478600,973180,175468,5304580,9273.262,431.966,0,9631.233,0,788.937,5231,9499,2.340,1.770,1.010,0,1,0,0,0,11,37,1,15,0
23-04 13:29:18,5.497,2.998,63.716,24.737,0,1479048,973180,175524,5304024,11414.890,485.740,0,9307.018,0,877.530,5434,9752,2.340,1.770,1.010,0,1,8.995,0,0,11,37,1,15,0
23-04 13:29:19,6.263,2.756,56.867,31.064,0,1479324,973180,175560,5303712,9762.015,541.109,0,17163.190,0,1093.241,5725,10528,2.340,1.770,1.010,0,1,3.006,0,0,11,37,1,15,0
23-04 13:29:20,6.990,2.247,66.152,21.468,0.250,1478912,973180,175568,5304112,4512.329,527.221,0,7417.035,0,610.098,4611,8223,2.230,1.760,1.010,0,3,6.990,0,0,11,37,1,15,0
23-04 13:29:21,7.246,2.499,62.467,24.487,0,1477944,973592,175588,5304648,4023.848,527.718,0,9374.987,0,754.596,5091,9158,2.230,1.760,1.010,1,1,5.997,0,0,11,37,1,15,0
23-04 13:29:22,4.496,2.997,59.198,29.474,0,1477668,973592,175636,5304876,9150.978,485.574,0,15862.095,0,965.154,4884,9046,2.230,1.760,1.010,2,1,5.995,0,0,11,37,1,15,0
23-04 13:29:23,5.258,2.504,66.097,24.035,0,1477196,973592,175648,5305332,7664.270,486.716,0,6733.902,0,661.973,4611,8467,2.230,1.760,1.010,1,1,12.018,0,0,11,37,1,15,0
23-04 13:29:24,5.252,2.501,63.020,26.508,0,1476864,973592,175652,5305652,8174.616,486.156,0,9487.036,0,763.244,4803,8815,2.230,1.760,1.010,0,1,6.002,0,0,11,37,1,15,0
23-04 13:29:25,7.000,3.000,60.747,25.749,0,1476520,973592,175672,5305968,6480.680,485.976,0,13123.353,0,981.952,5831,10653,2.450,1.810,1.030,0,1,9.000,0,0,11,37,1,15,0
23-04 13:29:26,6.498,2.499,64.483,23.744,0,1477280,973592,175700,5305180,8297.763,485.869,0,9881.336,0,860.768,5384,9838,2.450,1.810,1.030,0,1,5.998,0,0,11,37,1,15,0
23-04 13:29:27,4.997,2.499,59.216,29.983,0.250,1477176,973592,175712,5305272,7523.739,485.725,0,12800.751,0,880.501,4938,9243,2.450,1.810,1.030,3,1,0,0,0,11,37,1,9,0
23-04 13:29:28,5.253,3.002,58.531,30.266,0,1476768,973592,175764,5305624,4161.207,486.258,0,12742.758,0,869.461,5169,9403,2.450,1.810,1.030,0,1,3.002,0,0,11,37,1,9,0
23-04 13:29:29,5.995,2.248,64.199,24.481,0.250,1476296,973592,175784,5306068,3830.956,485.614,0,8209.477,0,658.477,4580,8247,2.450,1.810,1.030,1,0,5.995,0,0,11,39,1,9,0
23-04 13:29:30,5.752,3.251,58.523,29.261,0,1475736,973592,175812,5306592,10300.017,486.190,0,14585.688,0,1020.398,5734,10288,2.500,1.830,1.040,0,1,10.004,0,0,11,39,1,9,0
23-04 13:29:31,7.253,2.501,63.778,23.510,0,1475448,973592,175824,5306860,7505.256,486.211,0,5370.329,0,540.234,4707,8329,2.500,1.830,1.040,1,2,12.005,0,0,11,39,1,8,0
23-04 13:29:32,6.999,2.750,59.240,28.245,0,1475212,973592,175848,5307068,9658.425,485.921,0,12701.928,0,833.864,5143,9518,2.500,1.830,1.040,0,1,5.999,0,0,11,39,1,8,0
23-04 13:29:33,10.001,2.250,60.508,24.753,0,1476536,971576,175872,5307720,8446.099,486.063,0,8989.169,0,714.093,4900,8602,2.500,1.830,1.040,1,1,9.001,0,0,11,39,1,8,0
23-04 13:29:34,8.000,2.750,61.751,24.000,0,1476076,971576,175900,5308136,10628.090,486.004,0,9892.084,0,761.006,5471,9783,2.500,1.830,1.040,2,1,12.000,0,0,11,39,1,8,0
23-04 13:29:35,8.743,3.497,59.455,26.230,0,1478068,969056,175940,5308612,7265.534,485.635,0,11279.515,0,860.353,5732,10284,2.540,1.850,1.050,1,1,8.993,0,0,11,39,1,8,0
23-04 13:29:36,4.501,2.501,64.263,26.005,0,1477768,968804,175984,5309112,5813.169,486.098,0,9053.820,0,703.141,4571,8305,2.540,1.850,1.050,0,1,9.002,0,0,11,39,1,8,0
23-04 13:29:37,6.252,3.501,60.518,27.508,0,1477480,968804,176068,5309300,5325.621,560.170,0,11975.644,0,909.277,6159,11366,2.540,1.850,1.050,0,1,9.003,0,0,11,39,1,8,0
23-04 13:29:38,4.502,2.751,57.025,32.764,0,1476944,968804,176084,5309808,9044.915,560.242,0,12261.307,0,841.364,4780,8826,2.540,1.850,1.050,0,2,9.004,0,0,11,39,1,8,0
23-04 13:29:39,4.749,2.749,62.231,27.242,0,1476860,968552,176096,5310124,7012.879,559.831,0,7937.600,0,609.816,4380,7982,2.540,1.850,1.050,2,1,8.997,0,0,11,39,1,7,0
23-04 13:29:40,5.753,3.502,62.032,25.263,0,1476428,968300,176116,5310772,8838.551,560.289,0,13054.723,0,998.514,5769,10687,2.490,1.860,1.060,0,2,7.004,0,0,11,39,1,7,0
23-04 13:29:41,4.508,2.755,63.119,27.051,0,1475944,968300,176132,5311228,6219.699,561.055,0,9622.099,0,691.300,4533,8344,2.490,1.860,1.060,0,2,3.006,0,0,11,39,1,7,0
23-04 13:29:42,4.490,2.744,60.367,28.437,0,1475736,967796,176160,5311892,9938.089,558.768,0,15525.770,0,1011.769,5156,9631,2.490,1.860,1.060,1,2,5.987,0,0,11,39,1,7,0
23-04 13:29:43,7.507,3.003,58.052,28.025,0,1475516,967544,176172,5312336,7653.837,580.519,0,12455.127,0,920.823,6202,10959,2.490,1.860,1.060,0,2,15.013,0,0,11,39,1,7,0
23-04 13:29:44,4.001,2.751,64.270,25.508,0,1475204,967292,176188,5312864,3427.081,560.177,0,9050.856,0,730.230,4764,8745,2.490,1.860,1.060,1,2,12.004,0,0,11,39,1,7,0
23-04 13:29:45,4.750,3.000,56.750,32.750,0,1474732,967292,176196,5313324,9200.953,485.998,0,11231.943,0,842.996,5244,9409,2.450,1.860,1.060,1,2,6.000,0,0,11,39,1,7,0
23-04 13:29:46,4.992,1.997,66.390,23.461,0,1474692,966788,176200,5313848,5888.250,485.197,0,9224.725,0,719.808,4621,8559,2.450,1.860,1.060,0,2,8.985,0,0,11,39,1,7,0
23-04 13:29:47,4.251,3.501,56.513,32.007,0,1474844,966284,176208,5314180,5148.183,486.112,0,14363.300,0,957.220,5706,10476,2.450,1.860,1.060,0,1,6.001,0,0,11,39,1,6,0
23-04 13:29:48,3.501,1.750,66.760,25.254,0,1474352,966284,176220,5314652,10761.568,560.082,0,6412.934,0,565.082,4098,7556,2.450,1.860,1.060,1,1,9.001,0,0,11,39,1,6,0
23-04 13:29:49,3.999,3.249,57.240,32.495,0,1474168,966284,176228,5314820,7273.791,605.899,0,11782.041,0,834.861,4879,8913,2.450,1.860,1.060,0,2,3.000,0,0,11,39,1,6,0
23-04 13:29:50,5.746,2.498,64.700,24.231,0,1474084,966032,176240,5315136,10590.877,605.536,0,8201.709,0,655.497,4759,8405,2.500,1.880,1.080,3,0,9.992,0,0,11,39,1,6,0
23-04 13:29:51,4.762,2.757,59.654,29.576,0,1473824,965776,176260,5315620,10780.828,487.258,0,14874.394,0,1004.593,5233,9636,2.500,1.880,1.080,0,1,9.023,0,0,11,39,1,6,0
23-04 13:29:52,5.740,2.496,67.634,21.214,0,1473248,965776,176272,5316172,4267.661,604.960,0,5606.358,0,546.061,4631,8005,2.500,1.880,1.080,0,1,29.948,0,0,11,39,1,6,0
23-04 13:29:53,5.999,2.999,62.235,25.244,0,1473056,965272,176296,5316824,11890.170,527.874,0,12353.060,0,927.779,5632,10322,2.500,1.880,1.080,4,0,11.997,0,0,11,39,1,6,0
23-04 13:29:54,7.257,2.753,62.558,24.523,0,1472456,965272,176300,5317404,10545.834,528.493,0,8083.538,0,747.697,5252,9311,2.500,1.880,1.080,1,1,18.017,0,0,11,39,1,6,0
23-04 13:29:55,5.498,2.749,59.980,28.990,0,1472108,965272,176308,5317736,10333.609,485.841,0,13091.704,0,864.716,5057,9168,2.700,1.930,1.100,0,3,11.996,0,0,11,39,1,6,0
23-04 13:29:56,4.998,1.999,63.478,27.241,0,1472332,964516,176324,5318240,5868.953,485.831,0,7885.250,0,612.786,5090,9633,2.700,1.930,1.100,0,1,8.997,0,0,11,39,1,4,0
23-04 13:29:57,4.749,2.500,63.493,25.997,0,1471900,964516,176336,5318648,6873.230,559.937,0,12038.651,0,881.901,4988,9312,2.700,1.930,1.100,1,1,11.999,0,0,11,39,1,4,0
23-04 13:29:58,5.752,3.001,58.521,30.261,0,1472460,963760,176344,5318828,7640.787,486.177,0,14281.209,0,991.362,5735,10588,2.700,1.930,1.100,0,1,12.004,0,0,11,39,1,4,0
23-04 13:29:59,3.998,2.999,66.220,24.239,0,1472624,963004,176388,5319360,4548.927,485.779,0,9123.843,0,746.660,4694,8687,2.700,1.930,1.100,3,1,5.997,0,0,11,39,1,4,0
23-04 13:30:00,6.752,4.001,63.269,23.757,0,1475864,959488,176416,5319568,3440.036,486.146,0,10579.187,0,804.242,5118,8949,2.640,1.930,1.100,2,0,9.003,0,0,11,39,1,2,0
23-04 13:30:01,7.999,3.250,62.996,23.498,0,1475392,959488,176420,5320020,9019.423,485.969,0,12455.204,0,930.940,5516,9878,2.640,1.930,1.100,0,1,6.000,0,0,11,39,1,2,0
23-04 13:30:02,6.498,2.499,63.482,24.743,0,1476068,958480,176420,5320344,8807.515,485.863,0,7513.880,0,600.830,4504,7851,2.640,1.930,1.100,0,2,5.998,0,0,11,39,1,2,0
23-04 13:30:03,4.254,3.253,58.300,31.777,0,1476068,958228,176440,5320572,8657.468,486.420,0,15117.040,0,1005.868,4998,9337,2.640,1.930,1.100,1,1,6.005,0,0,11,39,1,2,0
23-04 13:30:04,5.496,2.748,67.702,20.735,0,1478328,957976,176464,5318540,7128.962,485.657,0,6091.695,0,672.525,5251,9478,2.640,1.930,1.100,1,1,0,0,0,11,39,1,1,0
23-04 13:30:05,5.500,3.250,60.504,28.002,0,1479364,957976,176472,5317492,9512.662,486.034,0,15677.090,0,1082.075,5908,11142,2.670,1.950,1.110,1,2,0,0,0,11,39,1,1,0
23-04 13:30:06,6.249,2.750,59.243,28.247,0,1480848,957976,176480,5316016,5787.302,485.941,0,11790.578,0,891.892,6176,11523,2.670,1.950,1.110,0,1,0,0,0,11,39,1,1,0
23-04 13:30:07,5.502,2.251,63.528,25.261,0,1480748,959580,176488,5314508,3273.439,486.214,0,6827.002,0,667.293,4900,9164,2.670,1.950,1.110,0,1,0,0,0,11,39,1,1,0
23-04 13:30:08,4.999,3.000,61.991,27.246,0,1480308,959580,176492,5314944,4103.380,485.927,0,13489.962,0,899.864,4782,9236,2.670,1.950,1.110,0,1,5.999,0,0,11,39,1,1,0
23-04 13:30:09,5.750,2.750,61.249,27.499,0,1480088,959580,176496,5315160,9105.827,485.991,0,10171.806,0,743.986,5282,9218,2.670,1.950,1.110,0,1,9.000,0,0,11,39,1,1,0
23-04 13:30:10,6.251,2.750,63.507,24.753,0,1479832,959580,176500,5315412,6842.730,486.052,0,10865.159,0,787.084,5058,8876,2.700,1.970,1.120,0,2,10.001,0,0,11,39,1,1,0
23-04 13:30:11,5.755,2.502,63.550,25.770,0,1479596,959580,176512,5315636,10216.052,486.383,0,9471.466,0,769.607,4986,9031,2.700,1.970,1.120,0,1,9.007,0,0,11,39,1,1,0
23-04 13:30:12,13.741,2.498,55.712,24.483,0,1479720,959580,176512,5315516,9027.771,485.665,0,11875.805,0,811.440,4823,8300,2.700,1.970,1.120,2,1,13.990,0,0,11,37,1,2,0
23-04 13:30:13,12.034,23.315,61.171,3.008,0,1366664,1072440,176512,5315724,9922.733,615.721,0,4496.568,0,248.695,7566,18360,2.700,1.970,1.120,1,0,622.741,0,0,11,33,1,3,0
23-04 13:30:14,43.757,16.253,37.006,2.000,0,1444616,994272,176524,5315928,7074.182,486.081,0,864.144,0,87.015,5740,4672,2.700,1.970,1.120,4,1,350.058,0,0,11,33,1,9,0
23-04 13:30:15,63.745,7.499,23.748,4.500,0,1639296,797964,176584,5317364,5209.553,485.958,0,3411.708,0,162.986,4011,2302,2.880,2.020,1.140,5,0,3.000,0,0,11,33,1,9,0
23-04 13:30:16,52.757,5.251,31.004,10.751,0,1767056,666700,176712,5320396,9957.266,486.062,0,4720.600,0,122.016,3423,1627,2.880,2.020,1.140,0,1,6.001,0,0,11,33,1,8,0
23-04 13:30:17,26.992,2.999,44.986,22.493,0,1779760,650824,176784,5323232,8484.442,485.854,0,9069.266,0,511.846,5113,6878,2.880,2.020,1.140,0,1,11.996,0,0,11,39,1,8,0
23-04 13:30:18,11.963,3.988,53.832,27.664,0,1787296,641752,176792,5324684,5761.060,484.491,0,11994.649,0,852.346,6324,10949,2.880,2.020,1.140,3,1,47.851,0,0,11,39,1,8,0
23-04 13:30:19,11.763,3.754,48.553,33.286,0,1786636,640240,176792,5326800,9584.489,486.532,0,17659.325,0,1135.242,7182,13320,2.880,2.020,1.140,1,1,33.036,0,0,11,39,1,8,0
23-04 13:30:20,6.755,2.502,51.288,36.027,0,1786568,638728,176808,5328312,6175.619,528.395,0,13101.800,0,879.658,5349,9755,3.050,2.070,1.160,0,3,16.012,0,0,11,39,1,8,0
23-04 13:30:21,6.247,3.248,57.719,29.734,0.250,1786172,637972,176812,5329420,9102.067,485.737,0,14760.001,0,947.486,5994,11273,3.050,2.070,1.160,0,1,29.984,0,0,11,39,1,8,0
23-04 13:30:22,9.261,3.504,53.064,31.538,0,1786752,635956,176840,5330780,7101.576,486.588,0,16431.844,0,1085.311,6494,11899,3.050,2.070,1.160,0,1,27.033,0,0,11,39,1,8,0
23-04 13:30:23,8.230,2.993,54.118,32.421,0,1786356,635200,176860,5331880,4486.030,484.814,0,12649.069,0,847.927,5242,9627,3.050,2.070,1.160,0,1,23.941,0,0,11,39,1,8,0
23-04 13:30:24,7.501,3.501,47.009,39.008,0,1786948,632932,176880,5333468,9285.852,540.108,0,14186.830,0,946.189,6774,12002,3.050,2.070,1.160,0,3,24.005,0,0,11,39,1,8,0
23-04 13:30:25,7.247,3.248,58.972,27.237,0,1786440,632176,176900,5334676,9488.564,485.773,0,12262.267,0,858.599,5694,10027,3.290,2.130,1.190,3,0,35.983,0,0,11,39,1,8,0
23-04 13:30:26,9.754,3.751,48.518,35.013,0,1786440,630412,176932,5336360,4575.705,486.181,0,20851.770,0,1343.501,6928,12893,3.290,2.130,1.190,1,4,24.009,0,0,11,39,1,8,0
23-04 13:30:27,7.248,2.749,49.490,37.242,0,1786172,629432,176940,5337536,9334.020,485.897,0,12937.256,0,858.818,5506,10307,3.290,2.130,1.190,0,4,20.996,0,0,11,39,1,8,0
23-04 13:30:28,8.004,3.002,53.030,31.518,0,1786288,628172,176952,5338644,7661.263,486.271,0,14620.135,0,947.527,6597,12121,3.290,2.130,1.190,0,1,33.018,0,0,11,39,1,8,0
23-04 13:30:29,9.495,3.498,57.217,27.234,0,1786800,626156,176960,5340100,9558.468,485.719,0,9626.429,0,702.593,5823,9960,3.290,2.130,1.190,1,1,38.977,0,0,11,39,1,8,0
23-04 13:30:30,7.248,2.999,55.234,32.490,0,1786784,625148,176968,5341064,5809.272,485.855,0,13559.967,0,884.737,5385,9789,3.350,2.160,1.210,0,2,18.994,0,0,11,39,1,8,0
23-04 13:30:31,6.504,3.002,48.781,38.775,0,1786428,624644,176976,5341880,3188.027,486.309,0,12588.004,0,841.535,6151,11593,3.350,2.160,1.210,0,1,27.017,0,0,11,39,1,8,0
23-04 13:30:32,6.749,2.999,50.491,36.993,0,1786248,623664,176984,5342964,9505.313,485.914,0,12425.795,0,830.853,5089,8994,3.350,2.160,1.210,0,2,8.998,0,0,11,39,1,8,0
23-04 13:30:33,6.259,3.505,51.327,36.555,0,1786108,622656,176992,5344080,6443.674,486.731,0,11401.117,0,839.260,5436,9703,3.350,2.160,1.210,3,2,21.032,0,0,11,39,1,8,0
23-04 13:30:34,5.491,3.245,55.162,33.197,0,1786548,621396,176992,5344856,9322.202,485.230,0,12715.815,0,830.681,4998,9204,3.350,2.160,1.210,5,0,11.981,0,0,11,39,1,8,0
23-04 13:30:35,5.001,2.251,49.011,41.260,0,1786944,620388,176992,5345460,6864.588,486.112,0,10978.540,0,683.158,4308,7751,3.320,2.180,1.220,0,3,9.002,0,0,11,39,1,8,0
23-04 13:30:36,5.499,2.749,52.738,35.992,0,1786548,619884,176996,5346328,9639.794,485.889,0,14748.624,0,928.787,5605,10385,3.320,2.180,1.220,0,1,11.997,0,0,11,39,1,8,0
23-04 13:30:37,6.501,3.751,55.511,31.757,0,1786536,619128,177008,5347072,8257.690,486.100,0,9826.012,0,786.161,5778,10026,3.320,2.180,1.220,0,3,30.006,0,0,11,39,0,8,0
23-04 13:30:38,6.008,3.255,50.321,38.304,0,1786192,618624,177016,5347896,5079.176,486.688,0,13991.768,0,887.254,5290,10158,3.320,2.180,1.220,0,2,9.013,0,0,11,39,0,8,0
23-04 13:30:39,15.977,3.245,45.686,32.205,0,1786016,618120,177028,5348548,5522.212,539.240,0,17039.969,0,1118.423,7433,13603,3.320,2.180,1.220,1,2,23.966,0,0,11,39,0,8,0
23-04 13:30:40,27.318,8.271,37.092,26.817,0,1703528,699440,177032,5349684,12967.199,487.210,0,15161.648,0,943.342,7497,12440,3.370,2.210,1.230,2,1,95.236,0,0,11,37,0,8,0
23-04 13:30:41,31.432,4.490,37.169,24.447,0,1774496,626864,177048,5351232,10793.520,484.945,0,6857.083,0,601.691,5939,9612,3.370,2.210,1.230,1,2,40.911,0,0,11,37,0,8,0
23-04 13:30:42,18.281,5.259,46.077,28.047,0,1722668,677504,177056,5352320,7612.721,486.813,0,15682.205,0,1080.806,6223,10473,3.370,2.210,1.230,0,3,93.156,0,0,11,37,0,8,0
23-04 13:30:43,4.988,3.242,55.117,33.918,0,1713604,685568,177060,5353288,9941.924,578.599,0,14245.503,0,893.835,4972,9195,3.370,2.210,1.230,0,1,14.964,0,0,11,37,0,8,0
23-04 13:30:44,6.753,2.751,47.018,41.266,0,1704764,693380,177072,5354276,10898.131,486.184,0,12284.657,0,847.321,5525,9836,3.370,2.210,1.230,0,2,24.009,0,0,11,37,0,8,0
23-04 13:30:45,5.998,2.249,58.985,29.992,0,1696196,701048,177080,5355144,6098.427,485.875,0,6926.213,0,534.862,4391,7866,3.340,2.220,1.240,0,1,23.994,0,0,11,37,0,8,0
23-04 13:30:46,4.500,3.250,54.248,35.498,0,1682940,713172,177084,5356244,3636.835,485.978,0,14491.343,0,929.958,4841,9146,3.340,2.220,1.240,3,2,6.000,0,0,11,37,0,8,0
23-04 13:30:47,6.502,2.751,53.012,35.258,0.250,1677208,715848,177096,5359160,4877.137,486.113,0,9974.324,0,696.162,5221,9355,3.340,2.220,1.240,0,5,12.003,0,0,11,37,0,8,0
23-04 13:30:48,5.501,3.500,55.007,32.754,0,1680824,711464,177116,5359892,12689.604,486.061,0,15305.935,0,992.125,5801,10379,3.340,2.220,1.240,0,2,18.002,0,0,11,37,0,8,0
23-04 13:30:49,7.247,2.749,54.231,32.738,0,1676648,714548,177132,5360936,7241.413,485.826,0,15226.561,0,999.643,5818,10710,3.340,2.220,1.240,0,3,23.991,0,0,11,37,0,8,0
23-04 13:30:50,6.751,3.500,56.506,32.003,0.250,1674224,715800,177136,5362076,10144.041,486.050,0,9136.937,0,597.061,4725,8114,3.390,2.250,1.260,0,3,19.002,0,0,11,37,0,8,0
23-04 13:30:51,12.508,2.752,51.782,30.019,0,1674732,715104,177152,5362236,8318.170,486.302,0,14961.300,0,984.612,5883,10150,3.390,2.250,1.260,1,2,0,0,0,11,37,0,8,0
23-04 13:30:52,6.246,3.498,49.718,36.726,0,1672456,715636,177160,5363932,8568.457,485.686,0,22177.654,0,1336.136,6302,11931,3.390,2.250,1.260,0,2,0,0,0,11,37,0,8,0
23-04 13:30:53,5.247,1.999,53.219,36.978,0,1669964,716352,177160,5365632,7896.386,485.716,0,9970.174,0,675.605,4478,8000,3.390,2.250,1.260,0,1,0,0,0,11,37,0,8,0
23-04 13:30:54,5.505,2.753,56.556,32.532,0,1668032,716964,177164,5366884,2980.953,486.482,0,11935.823,0,774.767,6014,11918,3.390,2.250,1.260,0,2,0,0,0,11,37,0,8,0
23-04 13:30:55,4.494,2.747,49.190,41.200,0,1666284,717300,177168,5368224,6806.662,539.339,0,10962.572,0,696.147,4441,8028,3.600,2.310,1.280,1,0,0,0,0,11,37,0,8,0
23-04 13:30:56,5.004,3.003,55.046,33.028,0,1664720,717348,177172,5369692,5649.761,486.410,0,13743.581,0,875.738,4992,9410,3.600,2.310,1.280,0,1,0,0,0,11,37,0,8,0
23-04 13:30:57,5.001,3.251,56.014,32.508,0,1663624,716836,177176,5371220,8411.130,486.123,0,13071.310,0,800.203,5340,10033,3.600,2.310,1.280,2,1,0,0,0,11,37,0,8,0
23-04 13:30:58,5.750,2.500,49.997,38.747,0,1662604,716436,177180,5372592,8445.448,485.968,0,13035.148,0,783.949,5147,9618,3.600,2.310,1.280,3,2,0,0,0,11,37,0,8,0
23-04 13:30:59,5.252,2.751,55.770,33.762,0,1661904,715304,177180,5374360,9503.408,486.174,0,9511.411,0,632.227,4791,8746,3.600,2.310,1.280,0,3,0,0,0,11,37,0,8,0
23-04 13:31:00,6.749,2.999,52.739,36.743,0,1661852,713792,177184,5375880,9265.114,485.901,0,11989.560,0,750.847,5576,10067,3.640,2.340,1.300,2,1,1.000,0,0,11,37,0,8,0
23-04 13:31:01,4.501,3.251,56.261,32.256,0.250,1661948,712784,177188,5376768,10775.160,486.097,0,13186.644,0,838.168,5257,9581,3.640,2.340,1.300,0,2,12.002,0,0,11,37,0,8,0
23-04 13:31:02,5.754,2.502,57.793,30.023,0,1662028,712280,177188,5377164,3832.879,486.365,0,15959.990,0,1043.784,5468,10402,3.640,2.340,1.300,0,2,3.002,0,0,11,37,0,8,0
23-04 13:31:03,5.245,3.247,59.945,28.724,0,1662392,711524,177200,5377532,8999.806,485.558,0,13779.455,0,947.138,5633,10371,3.640,2.340,1.300,0,2,11.989,0,0,11,37,0,8,0
23-04 13:31:04,4.999,2.500,64.240,25.746,0,1662676,710768,177208,5377972,8608.696,485.926,0,8002.788,0,713.892,4951,8766,3.640,2.340,1.300,2,1,14.998,0,0,11,37,0,8,0
23-04 13:31:05,4.499,2.999,57.988,31.494,0,1662952,710516,177208,5377924,7545.445,485.900,0,12429.439,0,870.821,5221,9459,3.660,2.370,1.310,0,1,8.998,0,0,11,37,0,8,0
23-04 13:31:06,7.250,2.250,50.748,36.748,0,1663288,709508,177208,5378588,11172.478,485.977,0,11175.478,0,764.964,5137,8965,3.660,2.370,1.310,0,3,11.999,0,0,11,37,0,8,0
23-04 13:31:07,7.751,2.250,62.011,25.504,0,1664600,707744,177212,5379032,9164.617,540.095,0,9393.657,0,681.120,4827,8585,3.660,2.370,1.310,0,2,9.002,0,0,11,37,0,8,0
23-04 13:31:08,7.263,3.757,52.341,34.059,0,1664076,707492,177216,5379776,8711.134,486.846,0,18351.883,0,1145.991,6047,10955,3.660,2.370,1.310,1,3,12.021,0,0,11,37,0,8,0
23-04 13:31:09,6.988,2.246,58.895,28.200,0,1664100,706988,177216,5380244,9452.109,485.133,0,11136.099,0,803.564,5984,10611,3.660,2.370,1.310,0,2,17.968,0,0,11,37,0,8,0
23-04 13:31:10,6.000,2.750,57.503,29.501,0,1663584,706988,177220,5380752,5456.276,486.025,0,14104.714,0,931.047,5398,9904,3.690,2.400,1.330,0,1,15.001,0,0,11,37,0,8,0
23-04 13:31:11,10.528,3.008,60.408,24.564,0,1663088,706736,177228,5381460,9782.587,487.275,0,7756.287,0,719.883,5601,9642,3.690,2.400,1.330,1,1,27.071,0,0,11,37,0,8,0
23-04 13:31:12,23.766,11.508,47.032,16.011,0,1355936,1013704,177228,5381632,7158.946,486.336,0,18440.742,0,1066.737,6625,8591,3.690,2.400,1.330,1,0,224.155,0,0,11,33,0,8,0
23-04 13:31:13,25.670,6.480,66.793,0.748,0,1444020,925616,177232,5381632,10162.461,484.496,0,909.178,0,47.851,3042,12644,3.690,2.400,1.330,2,0,64.799,0,0,11,33,0,7,0
23-04 13:31:14,22.749,2.500,72.497,0.500,0,1503540,866096,177232,5381632,6022.775,485.982,0,411.985,0,41.998,1835,1362,3.690,2.400,1.330,1,1,2.000,0,0,11,35,0,7,0
23-04 13:31:15,22.294,4.258,72.144,1.252,0,1401976,967652,177232,5381640,9824.552,486.969,0,1330.648,0,73.146,2651,2293,3.480,2.370,1.320,1,0,27.054,0,0,11,33,0,7,0
23-04 13:31:16,22.013,3.252,74.044,0,0,1469764,899864,177232,5381640,9315.523,486.288,0,32.019,0,4.002,1806,1248,3.480,2.370,1.320,1,0,1.001,0,0,11,33,0,7,0
23-04 13:31:17,22.004,4.501,72.512,0.250,0,1443560,926056,177236,5381648,5215.885,486.082,0,684.116,0,46.008,2431,2007,3.480,2.370,1.320,1,0,40.007,0,0,11,33,0,7,0
23-04 13:31:18,12.748,36.993,48.990,0,0,1445136,924372,177240,5381720,5960.835,485.905,0,75.985,0,18.996,8493,8624,3.480,2.370,1.320,1,0,1253.755,0,0,11,33,0,1,0
23-04 13:31:19,7.748,21.745,67.735,2.749,0,1427748,941676,177240,5381788,9103.960,485.891,0,343.923,0,26.994,6181,4966,3.480,2.370,1.320,1,0,524.882,0,0,11,33,0,1,0
23-04 13:31:20,8.507,20.768,70.061,0,0,1409636,959736,177240,5381832,6758.897,528.461,0,312.272,0,59.052,6140,4902,3.280,2.350,1.320,2,0,438.382,0,0,11,33,0,1,0
23-04 13:31:21,13.467,18.205,66.336,0.249,0,1405292,963996,177240,5381860,9400.713,484.799,0,99.753,0,9.975,5880,5444,3.280,2.350,1.320,3,0,349.135,0,0,11,33,0,1,0
23-04 13:31:22,37.455,11.986,50.190,0,0,1469976,899232,177248,5382400,6011.812,485.420,0,87.895,0,3.995,5124,5251,3.280,2.350,1.320,3,0,185.778,0,0,11,34,0,1,0
23-04 13:31:23,44.521,6.253,48.523,0,0,1575516,793644,177248,5382444,8268.895,486.229,0,8.004,0,1.000,2788,1433,3.280,2.350,1.320,2,0,0,0,0,11,34,0,1,0
23-04 13:31:24,43.737,5.248,47.736,2.499,0,1642120,725672,177300,5383720,8994.352,539.841,103.969,883.740,1.000,101.970,3843,3128,3.280,2.350,1.320,2,1,18.994,0,0,11,50,0,1,0
23-04 13:31:25,23.563,14.539,50.135,10.779,0,1670208,694188,177316,5386672,3410.160,487.309,0,5382.458,0,326.878,6055,8495,3.170,2.340,1.330,1,0,261.703,0,0,11,49,0,2,0
23-04 13:31:26,14.959,11.967,71.801,0,0,1674320,690004,177316,5386684,3117.361,484.657,0,586.375,0,65.818,5346,6615,3.170,2.340,1.330,0,0,233.353,0,0,11,49,0,2,0
23-04 13:31:27,0.750,0.250,97.505,0.750,0,1674312,690004,177316,5386692,10009.555,486.027,0,396.022,0,31.002,905,1391,3.170,2.340,1.330,0,0,3.000,0,0,11,49,0,2,0
23-04 13:31:28,0.500,0.750,98.259,0,0,1674184,690004,177316,5386820,5902.558,486.046,0,0,0,0,707,970,3.170,2.340,1.330,0,0,2.000,0,0,11,49,0,2,0
23-04 13:31:29,0.750,0.250,98.228,0,0,1674180,690004,177316,5386824,9934.734,485.889,0,35.992,0,3.999,772,993,3.170,2.340,1.330,0,0,2.000,0,0,11,49,0,2,0
23-04 13:31:30,1.503,2.756,95.707,0,0,1666264,697936,177316,5386812,9790.183,487.054,0,789.709,0,3.007,1258,1503,2.920,2.310,1.320,1,0,29.063,0,0,11,49,0,2,0
23-04 13:31:31,15.216,11.724,70.094,0,0,1710104,654100,177316,5386920,9085.777,484.921,0,638.579,0,110.753,5289,5989,2.920,2.310,1.320,1,0,253.436,0,0,11,49,0,2,0
23-04 13:31:32,11.280,16.794,71.939,0,0,1687464,676756,177316,5386852,7125.755,487.283,0,4.011,0,1.003,5264,5132,2.920,2.310,1.320,1,0,331.873,0,0,12,49,0,2,0
23-04 13:31:33,18.512,15.761,63.793,0,0,1664312,699816,177316,5386880,4395.955,724.487,0,0,0,0,6031,7008,2.920,2.310,1.320,2,0,298.200,0,0,12,49,0,2,0
23-04 13:31:34,5.982,5.982,86.485,0.498,0,1662628,701400,177316,5387008,9530.828,484.517,0,526.389,0,41.872,2775,3218,2.920,2.310,1.320,0,0,157.518,0,0,12,65,0,2,0
23-04 13:31:35,16.252,15.502,67.260,0,0,1667560,696428,177316,5387488,6635.013,486.074,0,4.001,0,1.000,6690,8202,2.690,2.270,1.310,1,0,267.041,0,0,14,65,0,2,0
23-04 13:31:36,9.771,17.036,72.153,0,0,1669192,694704,177316,5387084,4677.904,487.031,0,48.102,0,11.023,5479,4752,2.690,2.270,1.310,2,0,372.789,0,0,14,67,0,2,0
23-04 13:31:37,11.001,21.002,66.756,0,0,1650572,713284,177316,5387464,8754.731,486.041,0,756.063,0,53.004,7015,6886,2.690,2.270,1.310,8,0,427.036,0,0,14,67,0,2,0
23-04 13:31:38,22.773,17.268,58.810,0,0,1699616,664228,177328,5387132,9918.061,570.579,0,144.146,0,7.007,6043,6733,2.690,2.270,1.310,2,0,305.310,0,0,14,67,0,2,0
23-04 13:31:39,29.213,24.969,45.193,0,0,1783032,580740,177352,5387176,11938.066,485.393,0,339.575,0,6.991,7083,6005,2.690,2.270,1.310,2,0,665.168,0,0,14,67,0,2,0
23-04 13:31:40,31.040,23.530,44.307,0,0,1864624,497456,177408,5388672,6678.551,540.692,8.010,424.544,1.001,12.015,7289,9166,2.550,2.250,1.310,2,0,584.749,0,0,14,71,0,4,0
23-04 13:31:41,41.087,18.925,38.348,0,0,1928452,433440,177408,5389168,5592.812,484.080,0,35.858,0,5.976,6296,7783,2.550,2.250,1.310,5,0,271.921,0,0,14,71,0,4,0
23-04 13:31:42,62.998,25.099,12.298,0,0,2105752,255792,177420,5389888,10625.874,487.923,0,32.127,0,8.032,5975,6728,2.550,2.250,1.310,4,0,583.299,0,0,14,71,0,4,0
23-04 13:31:43,66.251,20.500,12.750,0,0,2182408,178152,177460,5390352,9072.185,670.014,0,876.018,0,17.000,6206,7264,2.550,2.250,1.310,4,0,373.008,0,0,14,71,0,4,0
23-04 13:31:44,61.988,22.996,5.499,9.248,0,2301804,123000,170384,5334256,5892.863,485.906,2083.598,2255.565,130.975,92.982,6586,7615,2.550,2.250,1.310,6,0,384.926,0,0,14,75,0,4,0
23-04 13:31:45,68.258,20.503,3.250,7.251,0,2451816,182528,164456,5135340,8944.106,486.060,5496.680,3180.393,224.028,141.017,7356,7923,2.670,2.270,1.320,5,2,359.044,0,0,14,77,0,4,0
23-04 13:31:46,50.250,20.500,12.750,15.250,0,2556972,153464,164200,5061560,7295.979,485.999,24.000,10795.969,6.000,754.998,9827,13512,2.670,2.270,1.320,4,1,400.999,0,0,14,77,0,4,0
23-04 13:31:47,56.426,12.234,11.735,18.975,0,2657324,182788,163624,4934964,9296.813,485.364,1022.659,14816.578,31.958,290.619,8221,9938,2.670,2.270,1.320,2,1,137.819,0,0,14,80,0,4,0
23-04 13:31:48,51.366,7.730,26.431,14.213,0,2781740,127848,163532,4867264,7992.195,484.738,123.678,5892.660,7.979,246.359,6551,8790,2.670,2.270,1.320,8,2,3.990,0,0,14,80,0,5,0
23-04 13:31:49,73.529,19.323,6.274,0.502,0,2860644,187876,163548,4731448,5456.680,542.054,305.156,2489.434,44.167,117.445,10442,19432,2.670,2.270,1.320,3,3,414.571,0,0,14,96,0,13,0
23-04 13:31:50,24.684,21.443,51.113,0.499,0,2885888,160872,163552,4733824,8594.021,484.704,0,4324.437,0,72.805,8824,12664,2.690,2.290,1.330,3,0,500.661,0,0,14,98,0,16,0
23-04 13:31:51,32.303,12.771,51.084,3.005,0,2956404,154232,163560,4671104,7458.238,486.799,2576.227,548.901,103.169,31.051,5176,5413,2.690,2.290,1.330,2,1,195.321,0,0,14,99,0,16,0
23-04 13:31:52,41.922,5.739,43.170,7.985,0,3058900,118044,163576,4606052,9558.328,485.103,35.934,12512.866,5.989,698.708,3861,2853,2.690,2.290,1.330,0,1,2.994,0,0,14,103,0,16,0
23-04 13:31:53,9.262,18.525,68.843,2.003,0,3072404,171164,163576,4540776,6186.329,630.849,4.005,1133.526,1.001,55.074,6078,5217,2.690,2.290,1.330,1,1,385.519,0,0,14,102,0,17,0
23-04 13:31:54,7.744,19.486,70.200,1.249,0,3072052,171256,163576,4541036,9414.251,485.652,3.997,739.470,0.999,41.970,6029,4737,2.690,2.290,1.330,1,2,379.728,0,0,14,102,0,17,0
23-04 13:31:55,13.734,13.484,71.168,0.749,0,3117064,125292,163576,4541988,5833.250,485.438,763.117,759.122,27.968,37.956,4211,3370,2.640,2.280,1.340,1,1,222.742,0,0,14,102,0,17,0
23-04 13:31:56,17.752,2.750,73.757,5.251,0,3137528,172124,163576,4476344,11208.078,6253.601,52.005,3700.356,5.000,327.031,2384,2356,2.640,2.280,1.340,1,0,0,0,0,14,103,0,17,0
23-04 13:31:57,18.501,6.500,73.754,0,0,3130356,179272,163580,4476380,20625.157,17377.975,12.001,1228.069,3.000,100.006,3192,2964,2.640,2.280,1.340,1,1,63.004,0,0,14,104,0,18,0
23-04 13:31:58,18.502,2.500,77.257,0.750,0,3175084,134532,163580,4476392,14554.338,6138.564,0,300.028,0,26.002,2072,1988,2.640,2.280,1.340,4,1,0,0,0,14,105,0,18,0
23-04 13:31:59,20.511,3.252,72.538,2.001,0,3175036,134012,163592,4476952,9047.740,1308.686,160.084,640.335,9.005,75.039,3052,3537,2.640,2.280,1.340,1,3,3.002,0,0,14,113,0,18,0
23-04 13:32:00,28.788,6.759,56.826,7.260,0,3243100,130880,163464,4413700,9049.085,540.722,552.738,1838.455,26.035,193.258,5579,7770,2.510,2.260,1.330,4,0,6.008,0,0,14,118,0,18,0
23-04 13:32:01,21.956,7.984,62.874,5.489,0,3196324,177440,163464,4413884,8756.467,1625.745,67.864,5469.049,4.990,310.379,4413,5087,2.510,2.260,1.330,1,0,111.776,0,0,14,117,0,20,0
23-04 13:32:02,18.444,2.492,77.766,0.249,0,3236856,136868,163464,4413924,18020.734,6178.395,31.904,474.571,1.994,28.913,1974,1728,2.510,2.260,1.330,2,0,0.997,0,0,14,120,0,20,0
23-04 13:32:03,17.294,2.506,75.690,3.509,0,3240300,133368,163464,4413980,10879.380,3306.321,36.091,461.161,3.008,50.126,2365,2696,2.510,2.260,1.330,1,1,1.003,0,0,14,122,0,20,0
23-04 13:32:04,29.795,8.513,56.335,3.756,0,3271408,166476,163472,4351356,9016.559,1682.530,56.084,1173.765,5.008,120.181,5541,6870,2.510,2.260,1.330,4,1,97.146,0,0,14,123,0,21,0
23-04 13:32:05,41.209,8.741,48.451,1.498,0,3360864,204596,163472,4227160,14129.820,2449.542,179.820,1074.921,0.999,59.940,3138,1883,2.470,2.260,1.340,2,0,4.995,0,0,14,124,0,21,0
23-04 13:32:06,21.250,6.000,71.252,0,0,3343396,222036,163472,4227188,30916.685,21124.468,0,656.015,0,33.001,2850,2126,2.470,2.260,1.340,1,1,55.001,0,0,14,123,0,22,0
23-04 13:32:07,18.746,2.500,77.485,0.750,0,3393932,171488,163472,4227200,11656.806,6251.823,7.998,179.966,2.000,17.997,1872,1569,2.470,2.260,1.340,1,0,0,0,0,14,124,0,22,0
23-04 13:32:08,19.552,6.016,74.198,0,0,3395988,169416,163472,4227216,25315.535,17357.305,0,0,0,0,2388,1806,2.470,2.260,1.340,1,0,51.136,0,0,14,123,0,23,0
23-04 13:32:09,18.698,1.994,78.284,0.249,0,3423208,142188,163472,4227224,14505.966,6121.107,0,47.868,0,3.989,1660,1240,2.470,2.260,1.340,1,0,0,0,0,14,124,0,23,0
23-04 13:32:10,22.249,7.000,67.745,2.250,0,3403308,161680,163472,4227632,15099.991,2507.832,75.995,1351.910,6.000,129.991,5338,8090,3.230,2.420,1.400,1,1,89.994,0,0,14,127,0,24,0
23-04 13:32:11,18.031,2.003,78.634,0.250,0,3414884,150100,163472,4227636,14962.548,6209.603,0,993.697,0,41.070,2003,1949,3.230,2.420,1.400,1,0,1.002,0,0,14,128,0,24,0
23-04 13:32:12,19.471,5.492,73.641,0.499,0,3420816,144148,163472,4227656,22874.064,17285.355,0,427.366,0,25.961,2497,1919,3.230,2.420,1.400,1,0,54.919,0,0,14,127,0,25,0
23-04 13:32:13,22.990,4.748,70.970,0.250,0,3449372,177712,163472,4167012,18618.202,6196.405,23.990,243.898,1.999,12.995,2872,12898,3.230,2.420,1.400,1,0,35.985,0,0,14,128,0,26,0
23-04 13:32:14,19.784,4.257,68.369,5.259,0,3447892,178884,163476,4167316,7671.355,1565.726,40.070,1891.292,4.007,268.467,5840,9206,3.230,2.420,1.400,1,2,1.002,0,0,14,129,0,26,0
23-04 13:32:15,22.520,6.005,68.061,3.003,0,3433204,193496,163476,4167392,6617.883,1727.536,32.028,2598.310,2.002,185.165,4603,6132,2.970,2.380,1.390,3,0,53.047,0,0,14,128,0,27,0
23-04 13:32:16,19.012,2.752,71.544,5.754,0,3468288,158396,163476,4167408,16354.134,6200.842,0,4999.098,0,294.182,2307,2584,2.970,2.380,1.390,1,0,0,0,0,14,129,0,27,0
23-04 13:32:17,18.950,3.491,74.056,1.745,0,3463536,162984,163476,4167572,11255.521,4794.443,123.676,1464.165,8.976,107.718,4314,6219,2.970,2.380,1.390,2,0,0,0,0,14,129,0,27,0
23-04 13:32:18,33.044,5.507,58.078,2.253,0,3460904,165416,163476,4167800,11242.083,1407.889,12.016,1510.026,2.003,111.149,9257,14679,2.970,2.380,1.390,1,2,6.008,0,0,14,128,0,28,0
23-04 13:32:19,22.529,6.008,69.090,1.752,0,3473136,153176,163476,4167808,7982.421,486.635,0,877.145,0,56.073,3040,2810,2.970,2.380,1.390,1,0,77.101,0,0,14,128,0,28,0
23-04 13:32:20,13.953,2.492,78.733,3.488,0,3465248,161028,163476,4167844,12311.244,8876.892,0,462.432,0,56.807,2365,3083,2.810,2.350,1.390,2,2,0.997,0,0,14,131,0,28,0
23-04 13:32:21,18.753,8.001,69.763,3.001,0,3409844,216408,163476,4167868,9519.715,1741.314,0,1248.225,0,90.016,3848,3962,2.810,2.350,1.390,4,0,148.027,0,0,14,130,0,29,0
23-04 13:32:22,19.004,2.251,77.518,0,0,3440132,186116,163476,4167872,12240.772,6807.542,0,552.125,0,35.008,1852,1485,2.810,2.350,1.390,2,0,0,0,0,14,131,0,29,0
23-04 13:32:23,13.792,3.009,73.726,8.275,0,3421108,205124,163480,4167884,15253.708,5737.569,0,5091.591,0,418.281,3532,4429,2.810,2.350,1.390,2,0,0,0,0,14,131,0,29,0
23-04 13:32:24,28.412,6.729,62.057,1.495,0,3424000,202164,163480,4167952,9073.811,538.328,0,1427.565,0,137.573,9826,15500,2.810,2.350,1.390,6,4,1.994,0,0,14,133,0,29,0
23-04 13:32:25,41.872,14.793,38.612,3.259,0,3387548,238196,163484,4168320,13128.131,2561.440,52.151,1921.581,4.012,178.519,14474,23904,2.750,2.350,1.390,6,1,289.842,0,0,14,134,0,30,0
23-04 13:32:26,20.159,1.742,75.907,0.249,0,3439256,186476,163484,4168332,12561.197,6129.283,0,680.921,0,34.842,2157,1899,2.750,2.350,1.390,0,1,0,0,0,14,135,0,30,0
23-04 13:32:27,16.835,10.553,71.107,0.754,0,3418692,207020,163484,4168352,10025.381,2470.415,0,968.869,0,76.384,4208,3368,2.750,2.350,1.390,1,1,199.000,0,0,14,134,0,30,0
23-04 13:32:28,9.486,20.471,69.151,0.749,0,3376088,249576,163488,4168396,5220.560,485.308,0,367.476,0,29.957,5968,4713,2.750,2.350,1.390,1,2,418.404,0,0,14,134,0,30,0
23-04 13:32:29,22.263,16.760,59.286,0.750,0,3397364,228284,163488,4168416,9295.596,486.293,0,896.540,0,42.025,6583,7589,2.750,2.350,1.390,2,1,275.166,0,0,14,134,0,30,0
23-04 13:32:30,30.779,23.022,44.792,0.500,0.250,3443056,182408,163492,4168596,6224.842,556.522,20.019,620.582,3.003,43.040,6571,5638,2.770,2.360,1.400,2,1,530.498,0,0,14,134,0,30,0
23-04 13:32:31,29.993,16.496,48.239,3.749,0,3499668,125396,163508,4169328,8844.921,539.873,71.983,1491.649,5.999,63.985,6789,9947,2.770,2.360,1.400,3,2,282.933,0,0,16,140,0,30,0
23-04 13:32:32,58.013,26.506,13.753,1.250,0,3634820,149768,163256,4013280,6713.542,486.112,108.025,852.196,8.002,50.011,8313,17281,2.770,2.360,1.400,3,1,657.151,0,0,16,146,0,30,0
23-04 13:32:33,59.474,19.741,15.493,4.748,0,3739204,139744,163256,3919580,8169.416,485.787,51.977,5121.753,5.997,276.879,8402,13917,2.770,2.360,1.400,5,1,299.868,0,0,16,162,0,30,0
23-04 13:32:34,36.721,22.732,38.469,0.500,0,3824524,153244,163256,3822220,6639.682,485.611,7.994,1051.158,1.998,32.974,8016,8572,2.770,2.360,1.400,3,2,634.492,0,0,16,162,0,30,2
23-04 13:32:35,26.933,21.446,50.624,0.249,0,3859240,172344,163256,3769928,7132.206,628.432,0,391.024,0,27.930,6441,6678,2.790,2.370,1.410,1,1,490.776,0,0,17,162,0,30,2
23-04 13:32:36,25.574,18.052,55.661,0.501,0,3904108,127432,163256,3769636,6050.520,487.411,8.023,2174.296,2.006,29.084,6266,6319,2.790,2.370,1.410,2,0,411.191,0,0,17,162,0,30,2
23-04 13:32:37,35.419,22.449,40.907,0.249,0,3980684,144712,163260,3678440,12338.923,484.897,27.936,514.829,5.986,35.918,7312,8402,2.790,2.370,1.410,10,1,448.978,0,0,17,162,0,30,2
23-04 13:32:38,31.286,20.273,47.305,0,0,4042540,121104,163260,3640588,7445.591,610.705,0,192.222,0,17.020,6781,6419,2.790,2.370,1.410,5,0,517.597,0,0,17,168,0,30,2
23-04 13:32:39,36.818,23.544,31.308,7.013,0,4132440,151268,163268,3523444,9459.550,486.903,24.045,8860.438,3.006,800.485,11110,15739,2.790,2.370,1.410,2,3,632.173,0,0,17,176,0,30,2
23-04 13:32:40,14.998,23.496,58.990,2.000,0,4182096,129928,163272,3496184,6857.885,485.921,15.997,663.892,3.999,44.993,8828,11032,2.640,2.350,1.400,16,1,508.917,0,0,17,180,0,30,2
23-04 13:32:41,26.989,13.745,56.728,1.999,0,4226564,126576,163272,3455352,10536.827,485.808,147.941,531.789,2.999,31.987,5528,5905,2.640,2.350,1.400,2,0,196.922,0,0,17,186,0,30,2
23-04 13:32:42,43.475,6.996,47.472,1.499,0,4364504,139064,163272,3307688,8640.947,539.684,439.743,387.773,5.996,33.980,3221,1914,2.640,2.350,1.400,2,0,0.999,0,0,17,186,0,30,2
23-04 13:32:43,39.126,6.479,52.084,1.744,0,4456800,130724,163384,3225232,7423.407,578.163,235.252,346.898,14.952,30.902,3559,2964,2.640,2.350,1.400,1,0,17.943,0,0,17,207,0,30,2
23-04 13:32:44,30.872,21.334,42.669,3.765,0,4396072,190388,163392,3226272,12211.274,487.929,923.651,706.794,10.040,55.218,6816,6774,2.640,2.350,1.400,2,1,567.242,0,0,17,210,0,28,2
23-04 13:32:45,32.246,20.747,34.996,10.749,0,4462576,148824,163396,3202500,18359.744,8458.961,791.903,11174.627,14.998,779.904,7848,7619,2.670,2.360,1.410,2,4,474.942,0,0,17,214,0,28,2
23-04 13:32:46,58.137,16.967,23.454,1.497,0,4513552,184324,163408,3117488,3999.206,1338.392,179.650,391.238,6.986,15.969,6270,6968,2.670,2.360,1.410,3,2,228.555,0,0,17,213,0,29,2
23-04 13:32:47,61.787,11.257,21.263,4.253,0,4609284,166332,163412,3042468,16135.749,8356.049,1576.953,1196.723,34.021,31.019,4866,3799,2.670,2.360,1.410,2,0,22.013,0,0,17,222,0,29,2
23-04 13:32:48,46.051,9.761,23.526,19.772,0,4591628,212952,163448,3014288,13619.096,3646.041,5381.965,1485.647,339.376,49.054,5576,5427,2.670,2.360,1.410,1,3,32.036,0,0,17,229,0,30,2
23-04 13:32:49,52.526,12.256,21.260,12.506,0,4671620,168480,163504,2979380,13844.740,6069.955,1200.584,2589.261,138.067,170.083,7127,8928,2.670,2.360,1.410,3,0,145.071,0,0,17,233,0,34,0
23-04 13:32:50,30.988,24.241,40.235,3.499,0,4663260,174064,163508,2982488,16612.624,5797.775,187.928,10332.034,10.996,80.969,8544,10605,2.460,2.320,1.410,4,1,576.779,0,0,17,232,0,35,0
23-04 13:32:51,48.703,18.482,31.969,0,0,4734560,143504,163512,2942680,8363.931,2545.544,3.996,323.688,0.999,14.986,6802,7217,2.460,2.320,1.410,3,2,352.660,0,0,17,233,0,35,0
23-04 13:32:52,49.793,23.020,24.271,2.502,0,4699312,218004,163516,2904744,21961.814,9465.108,176.151,3498.997,13.011,59.051,7742,9294,2.460,2.320,1.410,5,1,467.400,0,0,17,232,0,24,0
23-04 13:32:53,59.289,23.265,15.260,2.001,0,4816716,133452,163872,2871648,5955.950,556.369,1476.980,1288.855,59.039,51.034,7959,10454,2.460,2.320,1.410,3,1,421.279,0,0,17,236,0,26,0
23-04 13:32:54,44.746,22.622,27.842,2.486,0,4889972,129600,163880,2804348,19691.316,10581.982,322.173,1145.503,18.893,74.577,8249,10099,2.460,2.320,1.410,8,1,419.620,0,0,17,245,0,27,0
23-04 13:32:55,62.047,20.265,12.259,4.503,0,4933312,144856,163888,2745892,10821.211,1279.971,396.301,4719.581,27.021,733.557,8237,10786,2.500,2.330,1.410,3,2,255.194,0,0,17,250,0,28,0
23-04 13:32:56,57.263,9.252,29.757,3.251,0,5051092,147792,163792,2627652,22644.141,14407.271,832.189,5581.267,12.003,287.065,5186,12689,2.500,2.330,1.410,2,1,7.002,0,0,17,254,0,27,0
23-04 13:32:57,50.394,10.029,32.092,7.020,0,5086588,139544,163504,2601428,16123.007,5769.463,1789.105,1115.182,97.278,96.275,5905,7974,2.500,2.330,1.410,4,1,21.060,0,0,17,259,0,34,0
23-04 13:32:58,51.298,16.015,31.530,0.751,0,5086096,175380,163644,2566932,13296.459,9152.576,772.724,2358.210,17.016,222.208,5912,5026,2.500,2.330,1.410,4,2,276.259,0,0,17,261,0,35,0
23-04 13:32:59,43.145,28.182,23.942,4.240,0,5072320,185308,163772,2570864,6815.490,3411.735,4233.744,1886.430,61.850,95.768,8481,10247,2.500,2.330,1.410,4,1,529.717,0,0,17,262,0,36,0
23-04 13:33:00,57.762,19.004,22.255,0.250,0,5115252,142080,163780,2571188,17536.701,8582.811,636.134,612.129,17.004,17.004,6322,6725,2.460,2.330,1.420,5,2,278.059,0,0,18,263,0,35,0
23-04 13:33:01,75.693,13.534,5.514,4.762,0,5169752,147692,163780,2512468,11562.437,3345.517,1864.747,818.083,91.232,47.120,5575,4057,2.460,2.330,1.420,3,4,62.158,0,0,18,269,0,36,0
23-04 13:33:02,73.853,11.190,6.465,8.455,0,5310540,134640,163792,2388268,16021.947,6231.531,3087.418,1316.927,152.183,89.519,6492,6040,2.460,2.330,1.420,5,3,10.941,0,0,18,271,0,37,0
23-04 13:33:03,58.084,14.835,17.853,7.795,0,5281800,187708,163820,2364652,12068.376,5824.483,1375.910,4055.312,44.254,260.497,7864,11077,2.460,2.330,1.420,4,0,233.341,0,0,18,274,0,40,0
23-04 13:33:04,38.234,8.247,51.729,1.000,0,5339992,129360,163828,2364820,18471.328,7802.759,919.618,683.716,14.994,48.980,4009,3392,2.460,2.330,1.420,2,0,9.996,0,0,18,278,0,38,0
23-04 13:33:05,34.995,7.499,54.493,1.500,0,5284552,184732,163828,2364888,92101.658,10444.600,815.891,799.893,8.999,68.991,4604,4759,2.340,2.300,1.420,1,0,12.998,0,0,18,282,0,39,2
23-04 13:33:06,46.641,15.464,33.173,4.240,0,5352372,127012,163832,2356144,16438593.406,151651.599,2797.481,462.921,31.926,26.937,11083,6529,2.340,2.300,1.420,2,0,264.384,0,0,18,282,0,39,0
23-04 13:33:07,35.942,5.990,56.160,0.998,0,5363520,178852,163832,2295780,14554.599,11559.415,259.583,750.793,2.995,70.886,3727,3581,2.340,2.300,1.420,3,0,7.987,0,0,18,286,0,40,0
23-04 13:33:08,38.642,5.520,53.697,1.756,0,5390588,151580,163832,2295988,18885.286,9158.601,96.354,4392.114,6.022,119.438,4530,5650,2.340,2.300,1.420,0,1,2.007,0,0,18,293,0,39,0
23-04 13:33:09,16.660,2.487,72.855,3.978,0,5337996,203512,163836,2296644,425069.755,16342370.793,556.979,664.397,33.817,69.622,5043,4097,2.340,2.300,1.420,1,0,0.995,0,0,18,291,0,41,0
23-04 13:33:10,17.344,4.022,76.667,1.257,0,5332480,203224,163844,2302424,10683229.813,45048.842,36.197,579.148,3.016,40.219,7606,7627,2.240,2.280,1.410,1,0,38.208,0,0,18,296,0,41,0
23-04 13:33:11,13.234,13.983,56.930,15.231,0,5257520,267736,163844,2312840,5897330.118,60950.812,75.906,24258.076,4.994,491.394,8201,6480,2.240,2.280,1.410,1,2,316.609,0,0,18,293,0,44,0
23-04 13:33:12,20.699,6.235,59.355,12.469,0,5328760,196452,163844,2312868,10217.997,484.814,0,10107.268,0,677.343,3534,2854,2.240,2.280,1.410,1,0,148.636,0,0,18,293,0,42,0
23-04 13:33:13,15.545,17.801,61.678,3.761,0,5331448,193556,163844,2313076,7670.108,487.405,168.486,1299.746,8.023,114.330,5910,17642,2.240,2.280,1.410,1,0,362.044,0,0,18,293,0,43,0
23-04 13:33:14,6.727,16.942,72.500,1.744,0,5330488,194464,163844,2313128,4360.947,484.328,15.945,872.987,0.997,53.814,5342,4639,2.240,2.280,1.410,0,0,342.817,0,0,18,293,0,43,0
23-04 13:33:15,4.251,1.750,93.020,0.250,0,5321120,203824,163844,2313136,8917.955,540.118,0,156.034,0,18.004,1451,1834,2.060,2.240,1.410,1,0,9.002,0,0,18,293,0,43,0
23-04 13:33:16,19.247,3.000,76.989,0,0,5339656,185284,163844,2313140,9049.724,2804.605,0,215.970,0,14.998,1824,1476,2.060,2.240,1.410,0,0,0,0,0,18,294,0,40,0
23-04 13:33:17,16.326,8.038,70.581,4.270,0,5318236,206608,163844,2313236,14207.547,7134.417,64.301,4195.652,4.019,138.649,3864,3279,2.060,2.240,1.410,1,0,109.513,0,0,18,301,0,41,0
23-04 13:33:18,11.985,16.480,69.664,0.749,0,5306088,218460,163848,2313512,9269.581,539.336,15.980,0,3.995,0,5308,4048,2.060,2.240,1.410,2,0,225.722,0,0,18,301,0,41,0
23-04 13:33:19,12.722,16.963,67.604,1.497,0,5283276,240800,163848,2313920,7205.394,484.950,3.991,16428.418,0.998,66.855,6121,5440,2.060,2.240,1.410,4,0,273.408,0,0,18,301,0,41,0
23-04 13:33:20,22.475,3.246,70.172,2.497,0,5359152,164892,163848,2313952,8653.424,485.463,31.965,343.620,0.999,25.971,2352,2132,2.050,2.240,1.410,2,0,0.999,0,0,18,301,0,40,0
23-04 13:33:21,22.014,3.502,71.294,2.502,0,5397688,155428,163848,2285672,6100.785,540.335,388.241,352.219,12.007,32.020,2447,2223,2.050,2.240,1.410,2,0,7.004,0,0,18,309,0,40,0
23-04 13:33:22,23.238,2.998,71.713,0.750,0,5342068,211012,163848,2285708,4654.612,485.751,23.988,607.688,3.998,41.978,2465,2291,2.050,2.240,1.410,3,0,4.997,0,0,18,305,0,40,0
23-04 13:33:23,22.236,3.498,71.956,0.999,0,5383740,169324,163848,2285724,8500.778,485.702,0,247.848,0,6.996,2106,1620,2.050,2.240,1.410,2,0,0.999,0,0,18,305,0,40,0
23-04 13:33:24,10.503,1.750,85.773,0,0,5395008,158044,163848,2285736,20291.478,14097.806,0,224.060,0,18.005,2171,2303,2.050,2.240,1.410,2,0,2.001,0,0,18,308,0,40,0
23-04 13:33:25,22.991,4.498,71.222,1.250,0,5361952,191092,163848,2285744,8744.554,5904.673,0,195.923,0,18.993,2840,2598,1.970,2.220,1.410,1,0,15.994,0,0,18,305,0,41,0
23-04 13:33:26,24.265,2.502,72.796,0,0,5395428,157568,163848,2285792,8324.308,486.310,48.031,200.128,2.001,9.006,1921,1364,1.970,2.220,1.410,1,0,0,0,0,18,305,0,41,0
23-04 13:33:27,10.787,16.807,69.989,1.003,0,5311984,240716,163856,2286080,6593.530,487.666,401.371,509.742,7.024,29.099,5423,4488,1.970,2.220,1.410,0,1,360.231,0,0,18,305,0,41,0
23-04 13:33:28,15.191,11.456,71.223,0.996,0,5338836,213600,163972,2286228,11236.376,537.912,151.412,103.598,7.969,3.985,4380,3487,1.970,2.220,1.410,1,0,239.072,0,0,18,305,0,41,0
23-04 13:33:29,19.773,3.254,74.838,1.001,0,5387772,163752,164012,2287100,9988.687,2683.139,8.009,516.604,2.002,18.021,2145,1764,1.970,2.220,1.410,1,0,18.021,0,0,18,308,0,39,0
23-04 13:33:30,21.979,3.497,72.181,1.249,0,5407460,138408,164628,2292012,4648.553,659.369,155.851,903.136,4.995,14.986,2224,2004,1.890,2.200,1.400,1,0,2.997,0,0,18,307,0,39,0
23-04 13:33:31,17.754,2.501,77.519,1.250,0,5400980,139216,165136,2297060,16521.082,3589.887,4.001,1128.279,1.000,30.007,1990,1648,1.890,2.200,1.400,1,0,19.005,0,0,18,307,0,39,0
23-04 13:33:32,18.762,4.503,73.799,1.251,0,5397800,141812,165164,2297600,14587.615,2593.710,52.034,600.396,6.004,18.012,10378,19206,1.890,2.200,1.400,1,0,12.008,0,0,18,308,0,39,0
23-04 13:33:33,21.309,5.515,71.196,1.003,0,5389540,149584,165256,2297992,13378.752,1324.639,28.077,196.540,4.011,4.011,11326,20146,1.890,2.200,1.400,1,0,20.055,0,0,18,308,0,39,0
23-04 13:33:34,17.766,8.508,69.063,3.753,0.250,5341148,207948,165340,2288008,9461.690,660.607,0,1593.463,0,55.051,3975,4012,1.890,2.200,1.400,1,0,170.156,0,0,18,307,0,39,0
23-04 13:33:35,21.492,5.748,71.223,0.500,0,5403380,145716,165340,2288016,12277.432,539.799,0,463.827,0,35.987,3108,2857,1.820,2.180,1.400,1,0,98.963,0,0,18,307,0,39,0
23-04 13:33:36,17.421,2.240,78.645,0.249,0,5417104,131780,165340,2288228,18387.052,9109.903,15.928,234.940,0.996,13.937,2145,1919,1.820,2.180,1.400,1,0,0,0,0,18,310,0,40,0
23-04 13:33:37,20.763,6.754,71.545,0.250,0,5424128,124740,165340,2288244,6305.944,2089.307,4.003,72.045,1.001,4.003,3150,2716,1.820,2.180,1.400,1,0,117.073,0,0,18,307,0,42,0
23-04 13:33:38,18.252,3.000,72.257,5.250,0,5413480,165336,165340,2259332,13874.253,9110.823,0,4620.417,0,514.046,2596,2356,1.820,2.180,1.400,1,0,0,0,0,18,307,0,43,0
23-04 13:33:39,20.763,6.504,71.796,0.250,0,5413400,165412,165340,2259336,9504.122,486.313,0,252.162,0,16.010,2711,2146,1.820,2.180,1.400,1,0,70.045,0,0,18,309,0,43,0
23-04 13:33:40,17.497,2.000,77.487,2.000,0,5421688,157100,165340,2259360,22316.396,13629.799,0,347.944,0,22.996,2458,2350,1.670,2.140,1.390,1,0,2.000,0,0,18,309,0,44,0
23-04 13:33:41,20.989,5.747,71.964,0,0,5414236,164540,165340,2259372,13731.071,485.755,0,303.847,0,18.990,2693,2118,1.670,2.140,1.390,1,0,56.971,0,0,18,309,0,44,0
23-04 13:33:42,16.826,2.763,79.611,0.251,0,5395772,182988,165340,2259388,19528.511,10755.749,16.073,0,1.005,0,2338,2009,1.670,2.140,1.390,1,0,19.087,0,0,18,309,0,47,0
23-04 13:33:43,23.138,4.230,71.405,0,0,5402952,175740,165340,2259456,11407.897,818.049,0,135.346,0,9.952,2326,1967,1.670,2.140,1.390,2,0,13.933,0,0,18,311,1,47,0
23-04 13:33:44,14.000,3.000,79.248,1.500,0,5401292,177244,165340,2259612,21658.549,11140.768,16.000,847.982,1.000,116.998,3810,5133,1.670,2.140,1.390,2,1,4.000,0,0,18,313,0,48,0
23-04 13:33:45,23.502,6.001,66.507,3.500,0,5343924,234604,165340,2259628,4707.475,486.049,0,1632.165,0,62.006,3361,3480,1.620,2.120,1.390,1,0,49.005,0,0,18,313,0,48,0
23-04 13:33:46,18.494,1.749,77.725,1.999,0,5350140,228244,165340,2259772,13614.559,10703.509,0,223.927,0,17.994,2165,2068,1.620,2.120,1.390,1,0,0,0,0,18,313,0,51,0
23-04 13:33:47,21.756,4.501,72.518,0,0,5401524,176860,165340,2259772,10088.565,540.137,0,200.051,0,12.003,2204,1837,1.620,2.120,1.390,1,0,32.008,0,0,18,313,0,51,0
23-04 13:33:48,11.547,2.008,85.345,0,0,5401752,176620,165340,2259784,16690.496,10635.008,0,124.503,0,13.053,2087,2268,1.620,2.120,1.390,1,0,0,0,0,18,314,0,51,0
23-04 13:33:49,10.706,9.710,67.473,9.959,0,5341744,235392,165880,2260480,10915.170,2851.289,1123.386,2406.118,250.969,333.630,4630,4640,1.620,2.120,1.390,1,0,181.256,0,0,18,317,0,50,0
23-04 13:33:50,2.750,2.750,92.265,1.250,0,5328808,248264,165880,2260544,24453.879,2657.421,16.003,384.061,1.000,36.006,1932,2216,1.490,2.090,1.380,1,0,37.006,0,0,18,315,0,51,0
23-04 13:33:51,3.737,4.484,90.424,0,0,5318068,258992,165880,2260556,15046.810,3645.870,0,267.038,0,9.964,2119,2128,1.490,2.090,1.380,1,0,89.677,0,0,18,317,0,51,0
23-04 13:33:52,11.036,11.789,71.485,4.766,0,5315024,261108,165884,2261480,5137.872,830.728,862.833,337.107,78.257,18.059,4259,3653,1.490,2.090,1.380,2,0,209.689,0,0,18,315,0,52,0
23-04 13:33:53,10.026,3.258,72.938,13.034,0,5331224,231032,165896,2275344,3774.728,487.256,7383.028,541.395,567.462,21.054,2251,2621,1.490,2.090,1.380,1,0,3.008,0,0,18,315,0,44,0
23-04 13:33:54,20.203,2.245,75.574,0,0,5339628,218204,165896,2279668,12956.761,1753.907,3.991,3.991,0.998,0.998,2087,1714,1.490,2.090,1.380,0,0,16.960,0,0,18,316,0,44,0
23-04 13:33:55,16.013,2.502,76.063,4.003,0,5338428,215164,165904,2283864,17698.771,3834.200,868.725,1405.173,10.008,40.033,2438,2444,1.450,2.070,1.380,1,0,3.003,0,0,18,315,0,44,0
23-04 13:33:56,8.774,11.531,70.691,8.272,0,5298440,252332,165936,2286636,3685.963,487.317,998.699,3505.475,21.057,116.314,5103,4811,1.450,2.070,1.380,1,0,254.688,0,0,18,315,0,44,0
23-04 13:33:57,21.769,4.254,72.813,0,0,5374756,176008,165936,2286644,9224.997,486.422,0,16.014,0,3.003,2441,1922,1.450,2.070,1.380,1,0,47.041,0,0,18,315,0,35,0
23-04 13:33:58,16.926,3.734,77.910,0.249,0,5293732,257000,165936,2286676,29628.627,22923.903,0,234.974,0,17.922,2570,2310,1.450,2.070,1.380,1,0,46.796,0,0,18,315,0,37,0
23-04 13:33:59,20.500,3.250,73.999,1.000,0,5353120,197608,165936,2286680,10545.892,2451.975,0,203.998,0,27.000,2105,1776,1.450,2.070,1.380,0,0,1.000,0,0,18,318,0,37,0
23-04 13:34:00,17.509,3.752,75.539,2.001,0,5288188,262316,165936,2286904,16441.496,7497.874,208.108,264.136,12.006,15.008,2607,2440,1.410,2.050,1.380,1,0,14.007,0,0,18,317,0,39,0
23-04 13:34:01,20.234,2.998,76.440,0.250,0,5351652,198852,165936,2286904,5522.684,2450.085,0,447.650,0,28.977,1932,1611,1.410,2.050,1.380,0,0,0.999,0,0,18,318,0,36,0
23-04 13:34:02,17.248,2.500,71.990,6.249,0,5352764,196080,165936,2288564,13801.170,5069.328,1615.786,703.907,53.993,85.989,3854,5271,1.410,2.050,1.380,7,0,2.000,0,0,18,320,0,36,0
23-04 13:34:03,21.858,4.522,66.327,6.783,0,5372844,175936,165936,2288628,7378.361,1679.276,16.079,2452.084,1.005,170.842,3600,4504,1.410,2.050,1.380,1,0,5.025,0,0,18,319,0,37,0
23-04 13:34:04,19.457,2.245,75.085,1.996,0,5370560,178076,165936,2288772,12374.824,6837.983,0,2039.521,0,349.233,2689,2656,1.410,2.050,1.380,1,0,0,0,0,18,320,0,37,0
23-04 13:34:05,16.454,3.241,70.551,7.728,0,5366580,181748,165936,2289080,12362.107,4731.645,259.268,2887.849,12.963,167.527,5164,7533,1.540,2.070,1.390,4,0,0,0,0,18,320,0,32,0
23-04 13:34:06,11.559,19.098,68.852,0,0,5312768,235532,165936,2289108,8731.587,771.942,0,582.977,0,51.262,6384,5899,1.540,2.070,1.390,2,0,561.869,0,0,18,319,0,33,0
23-04 13:34:07,8.985,21.964,67.139,0.499,0,5315916,232348,165936,2289144,9524.282,485.199,0,527.130,0,39.934,7043,6255,1.540,2.070,1.390,1,0,655.918,0,0,18,319,0,33,0
23-04 13:34:08,8.509,22.523,65.065,3.003,0,5330372,217852,165936,2289184,7925.931,486.487,0,2186.188,0,127.127,7265,6767,1.540,2.070,1.390,1,0,659.660,0,0,18,319,0,33,0
23-04 13:34:09,8.004,22.010,66.782,1.501,0,5325328,222868,165936,2289212,5609.650,486.230,0,360.170,0,26.012,6750,6057,1.540,2.070,1.390,2,0,633.299,0,0,18,319,0,33,0
23-04 13:34:10,8.498,22.246,68.488,0,0,5319448,228708,165936,2289252,9175.366,485.913,0,235.958,0,13.998,7015,6250,1.420,2.030,1.380,1,0,637.886,0,0,18,319,0,28,0
23-04 13:34:11,8.733,21.459,68.619,0.250,0,5309388,238732,165936,2289288,7622.456,485.074,3.992,35.931,0.998,8.983,6787,5976,1.420,2.030,1.380,2,0,606.842,0,0,18,319,0,28,0
23-04 13:34:12,16.467,8.483,71.356,2.495,0,5327876,316092,166140,2204068,10020.764,485.021,23.952,1864.235,2.994,6.986,2982,2529,1.420,2.030,1.380,1,0,84.829,0,0,18,319,0,28,0
23-04 13:34:13,25.981,4.747,65.203,2.248,0,5350688,288912,166248,2208312,9528.116,485.649,15.988,887.359,2.998,4.996,3481,16332,1.420,2.030,1.380,1,0,52.962,0,0,18,319,0,29,0
23-04 13:34:14,11.504,1.250,80.278,6.002,0,5364716,274044,166264,2209132,19928.936,6595.295,544.189,764.266,27.009,22.008,1582,1534,1.420,2.030,1.380,0,2,0,0,0,18,320,0,25,0
23-04 13:34:15,7.005,1.251,79.554,11.007,0,5359544,278828,166284,2209552,15985.808,6892.660,304.206,5275.567,32.022,249.168,2138,2719,1.300,2,1.370,1,1,0,0,0,18,320,0,25,0
23-04 13:34:16,9.247,1.250,81.726,6.248,0,5366948,270760,166284,2210216,16069.273,9119.318,339.900,4138.783,37.989,192.943,1780,2213,1.300,2,1.370,0,0,0,0,0,18,320,0,25,0
23-04 13:34:17,12.480,1.498,79.875,4.992,0,5386052,250336,166300,2211520,17494.653,7729.917,1130.233,918.564,51.919,29.953,1694,1606,1.300,2,1.370,2,0,0,0,0,18,320,0,25,0
23-04 13:34:18,10.264,1.752,83.110,3.505,0,5383588,252264,166300,2212056,21410.341,8237.905,376.498,841.113,41.054,28.037,1766,1704,1.300,2,1.370,0,0,6.008,0,0,18,320,0,24,0
23-04 13:34:19,14.738,1.249,78.187,4.496,0,5393764,240672,166320,2213452,24152.596,9092.695,1111.107,2366.099,48.961,250.799,2267,2451,1.300,2,1.370,1,0,0,0,0,18,320,0,24,0
23-04 13:34:20,11.517,2.253,74.861,10.766,0,5395316,208428,166348,2244084,14201.028,4454.596,14120.909,1045.548,164.243,42.062,1855,1849,1.360,2,1.370,1,0,1.001,0,0,18,320,0,24,0
23-04 13:34:21,21.749,2.250,72.997,1.750,0,5410024,180216,166688,2256964,6039.720,485.977,0,1291.940,0,59.997,2259,2039,1.360,2,1.370,1,0,1.000,0,0,18,320,0,24,0
23-04 13:34:22,21.498,1.750,72.995,2.750,0,5406196,168384,166852,2272176,8982.352,485.965,0,1287.907,0,29.998,2188,1886,1.360,2,1.370,1,0,0,0,0,18,320,0,24,0
23-04 13:34:23,17.981,2.497,72.922,4.745,0,5426168,127824,166852,2292488,6029.577,485.483,0,2661.165,0,113.879,2358,2327,1.360,2,1.370,1,0,0,0,0,18,320,0,24,0
23-04 13:34:24,19.557,2.758,72.710,4.764,0,5420216,149656,167072,2277000,4326.509,487.409,0,1865.393,0,67.194,2134,2009,1.360,2,1.370,1,0,0,0,0,18,320,0,24,0
23-04 13:34:25,19.948,2.244,70.315,6.234,0,5412876,136060,167364,2297344,6342.348,484.727,31.916,5433.733,0.997,107.717,2819,3158,1.490,2.010,1.380,0,1,0,0,0,18,320,0,24,0
23-04 13:34:26,17.505,3.251,66.270,12.004,0,5340424,222856,167436,2282852,9851.930,660.196,8.002,12627.756,2.001,113.034,2194,1972,1.490,2.010,1.380,1,0,2.001,0,0,18,319,0,22,0
23-04 13:34:27,17.760,3.252,77.292,0.750,0,5376572,185316,167436,2284240,12087.601,2597.418,0,372.203,0,3.002,2158,1750,1.490,2.010,1.380,1,0,33.018,0,0,18,320,0,22,0
23-04 13:34:28,21.999,3.250,72.747,0.750,0,5372832,184604,167512,2288588,11745.484,1152.949,0,851.963,0,6.000,2374,1787,1.490,2.010,1.380,1,0,18.999,0,0,18,320,0,22,0
23-04 13:34:29,19.001,4.250,72.003,2.750,0,5371736,180100,167896,2293676,12981.544,3042.127,0,1388.058,0,30.001,10103,18692,1.490,2.010,1.380,1,0,7.000,0,0,18,319,0,22,0
23-04 13:34:30,23.251,5.250,70.502,0,0,5374116,177088,167960,2294228,10692.311,556.016,0,96.003,0,2.000,9742,17591,1.450,2,1.380,1,0,20.001,0,0,18,319,0,22,0
23-04 13:34:31,20.729,4.995,72.678,0.999,0,5322624,239872,168004,2282968,10831.230,431.571,0,1778.232,0,20.979,2219,1753,1.450,2,1.380,1,0,12.987,0,0,18,319,0,22,0
23-04 13:34:32,22.417,5.729,69.741,0,0,5328560,233928,168004,2282976,5856.279,484.204,0,3.985,0,0.996,11051,19818,1.450,2,1.380,2,0,52.804,0,0,18,319,0,22,0
23-04 13:34:33,18.334,3.014,77.103,0.251,0,5363132,198484,168004,2283852,14470.292,2607.948,0,723.314,0,3.014,2202,1913,1.450,2,1.380,3,0,33.152,0,0,18,320,0,22,0
23-04 13:34:34,22.482,3.497,70.194,3.247,0,5357928,198824,168004,2288716,7473.015,659.472,0,1131.094,0,30.975,2512,2523,1.450,2,1.380,2,0,8.993,0,0,18,319,0,22,0
23-04 13:34:35,17.264,3.503,72.807,4.754,0,5366416,185176,168004,2293840,12058.470,3537.778,32.025,2293.801,1.001,219.172,5147,8145,1.410,1.980,1.380,1,0,16.013,0,0,18,319,0,22,0
23-04 13:34:36,23.232,6.745,68.198,0.250,0,5367100,183924,168008,2294384,8476.515,485.628,0,331.746,0,9.992,16299,30713,1.410,1.980,1.380,2,0,20.984,0,0,18,319,0,22,0
23-04 13:34:37,20.321,5.770,70.497,2.509,0,5339792,222608,168032,2283036,9544.468,487.710,0,1360.772,0,33.116,2498,2155,1.410,1.980,1.380,2,0,12.042,0,0,18,319,0,22,0
23-04 13:34:38,21.695,4.738,72.066,0.249,0,5346512,215872,168032,2283052,10970.939,484.760,0,650.337,0,41.893,2835,2322,1.410,1.980,1.380,1,0,70.819,0,0,18,319,0,19,0
23-04 13:34:39,22.738,3.748,72.463,0,0,5348548,205076,168032,2291820,10409.636,485.750,0,7.996,0,1.999,2653,2239,1.410,1.980,1.380,2,0,42.978,0,0,18,319,0,19,0
23-04 13:34:40,17.995,1.999,77.977,1.500,0,5355992,195484,168036,2293900,15127.607,4909.574,3.999,1139.669,1.000,8.997,2081,1880,1.380,1.960,1.380,0,0,17.995,0,0,18,320,0,19,0
23-04 13:34:41,12.500,1.500,81.997,3.000,0,5366168,185008,168036,2294196,27768.095,12342.598,0,1423.954,0,45.999,1667,1645,1.380,1.960,1.380,0,0,1.000,0,0,18,320,0,19,0
23-04 13:34:42,6.000,0.750,88.003,3.500,0.250,5364900,186076,168036,2294376,47640.840,7850.303,0,796.031,0,28.001,1349,1556,1.380,1.960,1.380,0,0,0,0,0,18,321,0,15,0
23-04 13:34:43,9.253,1.501,85.779,2.251,0,5372984,177620,168076,2294700,128237.885,11289.775,0,1404.470,0,55.018,1650,1780,1.380,1.960,1.380,1,0,0,0,0,18,321,0,15,0
23-04 13:34:44,15.747,1.500,76.735,4.249,0.250,5388748,161584,168164,2294860,23772.503,9182.263,0,1279.758,0,56.989,2049,2077,1.380,1.960,1.380,1,0,0,0,0,18,321,0,15,0
23-04 13:34:45,12.497,1.000,82.728,3.249,0,5407856,142104,168236,2295156,49961.008,8894.687,31.992,1199.688,1.000,63.983,2040,2444,1.350,1.950,1.370,0,0,0,0,0,18,321,0,15,0
23-04 13:34:46,8.750,3.500,80.249,5.750,0,5407744,141440,168444,2295696,306567.086,15644.749,0,6011.904,0,125.998,3069,4215,1.350,1.950,1.370,0,0,3.000,0,0,18,321,0,10,0
23-04 13:34:47,6.759,1.752,74.100,16.022,0.250,5406016,142964,168584,2295892,69348.823,9070.271,28.038,15829.416,4.005,364.493,2338,2478,1.350,1.950,1.370,3,0,2.003,0,0,18,321,0,12,0
23-04 13:34:48,12.237,1.249,78.166,6.743,0,5404492,143976,168720,2296268,29250.674,10694.547,103.889,1554.335,5.994,66.928,2071,2411,1.350,1.950,1.370,0,0,0.999,0,0,18,321,0,12,0
23-04 13:34:49,6.753,2.501,86.042,2.751,0,5410596,123120,168780,2310864,3419338.702,49703.547,0,2441.206,0,55.027,3722,3556,1.350,1.950,1.370,0,0,2.001,0,0,18,321,0,12,0
23-04 13:34:50,4.252,2.251,83.539,7.253,0,5402596,120872,168836,2321056,5074497.484,49707.102,0,5626.615,0,225.105,3595,2829,1.240,1.910,1.370,1,0,2.001,0,0,18,321,0,12,0
23-04 13:34:51,5.248,3.249,84.213,4.498,0,5398932,131216,168884,2315272,9031379.879,70278.534,163.929,11974.809,3.998,35.984,4382,3122,1.240,1.910,1.370,1,0,1.999,0,0,18,321,0,10,0
23-04 13:34:52,11.999,2.500,72.991,10.499,0,5398856,125448,169056,2320880,613264.848,7705.043,4.000,17697.802,1.000,187.977,2481,2334,1.240,1.910,1.370,0,3,1.000,0,0,18,321,0,10,0
23-04 13:34:53,7.247,2.999,70.724,18.243,0,5401500,119680,169248,2323648,11746.740,485.824,3.999,32604.176,1.000,261.905,2164,2383,1.240,1.910,1.370,1,0,0,0,0,18,321,0,10,0
23-04 13:34:54,28.002,9.251,53.753,7.500,0,5435720,160352,172260,2246864,6908.410,486.029,512.030,8392.498,4.000,131.008,3296,2489,1.240,1.910,1.370,3,0,8.000,0,0,18,321,0,10,0
23-04 13:34:55,31.993,5.249,54.989,6.749,0,5439712,168716,172748,2234112,5625.855,485.901,511.896,1839.626,3.999,58.988,3393,3093,1.460,1.950,1.380,1,0,3.999,0,0,18,321,0,9,0
23-04 13:34:56,21.490,1.749,72.466,3.498,0,5443236,145956,173080,2251916,47494.544,485.770,0,1843.129,0,71.966,2664,2126,1.460,1.950,1.380,0,1,0,0,0,18,321,0,9,0
23-04 13:34:57,17.496,2.499,72.235,6.749,0,5448032,122960,173764,2268176,10985.663,485.897,0,1915.592,0,78.983,2319,2224,1.460,1.950,1.380,1,0,0,0,0,18,321,0,9,0
23-04 13:34:58,17.514,3.253,72.808,5.254,0,5442456,151532,174604,2244528,6250.956,486.386,0,1785.415,0,61.048,2078,1891,1.460,1.950,1.380,0,1,0,0,0,18,321,0,9,0
23-04 13:34:59,16.495,1.999,67.730,12.746,0.250,5441440,141540,174816,2254932,8464.458,485.854,0,3263.020,0,66.980,1939,1883,1.460,1.950,1.380,1,0,0,0,0,18,321,0,7,0
23-04 13:35:00,18.225,2.996,69.405,8.239,0,5435508,157576,176036,2243628,8884.776,485.332,3.995,23831.212,0.999,190.738,2402,2192,1.510,1.950,1.380,2,0,0,0,0,18,321,0,7,0
23-04 13:35:01,15.333,2.514,63.847,17.847,0,5436916,133908,176648,2264244,11132.497,434.360,0,11944.912,0,268.459,2244,1908,1.510,1.950,1.380,1,0,1.005,0,0,18,321,0,7,0
23-04 13:35:02,17.925,2.490,71.700,6.473,0,5429840,147528,177412,2256820,6589.395,483.973,0,2154.972,0,69.708,2277,2080,1.510,1.950,1.380,0,1,2.987,0,0,18,321,0,7,0
23-04 13:35:03,18.493,1.999,77.470,1.250,0,5315048,294808,177576,2223840,9481.389,3079.827,0,587.776,0,22.991,1985,1774,1.510,1.950,1.380,1,0,1.999,0,0,18,319,0,4,0
23-04 13:35:04,19.248,3.250,73.991,2.000,0,5368708,240276,177576,2224712,9053.862,2595.674,0,803.899,0,28.996,2662,2717,1.510,1.950,1.380,1,0,32.996,0,0,18,320,0,4,0
23-04 13:35:05,22.859,3.517,68.073,5.275,0,5354688,249020,177676,2229584,10489.815,663.149,0,1892.990,0,57.272,2801,2779,1.470,1.930,1.380,1,0,3.014,0,0,18,319,0,4,0
23-04 13:35:06,17.437,2.740,71.740,6.477,0,5357304,240240,177884,2234632,13010.848,3522.235,0,3598.957,0,169.386,2503,2688,1.470,1.930,1.380,4,0,17.935,0,0,18,319,0,4,0
23-04 13:35:07,22.089,6.777,69.530,0.251,0,5348640,248280,177924,2235128,9201.113,487.968,0,285.150,0,14.057,10753,19166,1.470,1.930,1.380,2,0,12.049,0,0,18,319,0,3,0
23-04 13:35:08,21.923,5.730,67.264,3.239,0,5370640,226160,177980,2235192,8191.311,484.304,0,2487.289,0,22.920,11384,20291,1.470,1.930,1.380,2,0,17.937,0,0,18,319,0,3,0
23-04 13:35:09,20.988,5.497,72.209,0.750,0,5317624,291432,177984,2223952,9001.859,485.723,0,515.705,0,18.989,2275,1774,1.470,1.930,1.380,2,0,7.995,0,0,18,319,0,3,0
23-04 13:35:10,17.245,2.999,72.727,5.998,0,5334400,270012,178248,2228320,7218.720,485.847,2187.309,11.996,310.902,1.999,2531,2597,1.430,1.920,1.380,1,1,1.000,0,0,18,319,0,3,0
23-04 13:35:11,18.265,3.503,69.056,7.256,0,5338964,264468,178256,2229284,4514.640,486.392,580.468,2966.392,28.023,99.080,4603,6604,1.430,1.920,1.380,1,3,1.001,0,0,18,322,0,7,0
23-04 13:35:12,9.740,3.746,49.448,35.712,0,5338796,264216,178256,2229704,4828.910,485.488,239.747,15024.165,12.986,471.503,4031,5823,1.430,1.920,1.380,0,1,0,0,0,18,322,0,8,0
23-04 13:35:13,19.090,10.801,63.046,6.279,0,5311532,290844,178256,2232952,11038.772,488.290,514.413,1282.013,25.118,164.773,6640,13143,1.430,1.920,1.380,3,0,246.154,0,0,18,321,0,9,0
23-04 13:35:14,11.993,12.493,67.462,7.246,0,5314108,287300,178256,2231304,6088.552,431.756,939.468,459.740,12.993,18.989,4578,10931,1.430,1.920,1.380,1,0,230.869,0,0,18,321,0,12,0
23-04 13:35:15,6.230,3.738,71.022,16.946,0,5302588,285392,178256,2244720,8367.124,484.444,13249.442,450.553,1859.029,27.910,3777,5661,1.390,1.900,1.380,1,0,9.968,0,0,18,321,0,11,0
23-04 13:35:16,3.497,1.998,88.426,4.496,0,5302676,285392,178268,2244620,12488.609,2107.247,11.990,4012.661,2.998,167.860,1677,2327,1.390,1.900,1.380,0,0,5.995,0,0,18,322,0,11,0
23-04 13:35:17,4.265,5.269,89.071,1.004,0,5274524,313448,178268,2244716,52635.699,2623.455,180.651,68.246,9.033,9.033,2433,2284,1.390,1.900,1.380,1,0,73.264,0,0,18,321,0,12,0
23-04 13:35:18,9.001,20.253,67.010,2.250,0,5274956,313224,178268,2244852,9689.505,486.075,0,13398.080,0,324.050,7575,6981,1.390,1.900,1.380,1,0,693.108,0,0,18,321,0,12,0
23-04 13:35:19,8.253,20.258,69.777,0.250,0,5283992,304168,178268,2244888,4821.857,486.187,0,216.083,0,27.010,7375,7438,1.390,1.900,1.380,1,0,662.255,0,0,18,321,0,12,0
23-04 13:35:20,8.740,20.727,68.923,0.499,0,5287728,300376,178272,2244940,10796.970,485.459,27.969,291.675,2.997,19.978,7283,6996,1.440,1.910,1.380,1,0,687.234,0,0,18,321,0,12,0
23-04 13:35:21,13.717,5.487,72.824,6.235,0,5307748,223096,178416,2302056,6976.115,484.826,57097.796,15.961,464.875,1.995,3100,2965,1.440,1.910,1.380,1,0,107.739,0,0,18,321,0,12,0
23-04 13:35:22,5.248,3.749,88.474,1.749,0,5337720,192936,178556,2302104,19239.352,1419.583,171.950,103.969,7.998,8.997,2051,2208,1.440,1.910,1.380,0,0,17.995,0,0,18,322,0,12,0
23-04 13:35:23,1.750,1.000,94.981,0.250,0,5334984,195448,178556,2302328,216328.735,6094.809,15.997,2847.444,1.000,45.991,1597,2093,1.440,1.910,1.380,0,0,0,0,0,18,322,0,12,0
23-04 13:35:24,1.500,1.000,92.754,3.750,0,5333052,196932,178556,2302776,480168.843,12894.560,0,2420.105,0,49.002,1616,1818,1.440,1.910,1.380,0,0,0,0,0,18,322,0,12,0
23-04 13:35:25,3.001,1.750,91.017,2.500,0,5329360,199780,178556,2303620,891941.751,22468.200,0,132.025,0,17.003,2565,2624,1.330,1.870,1.370,0,0,0,0,0,18,322,0,12,0
23-04 13:35:26,1.999,0.999,95.448,0.250,0,5326276,202284,178556,2304200,617998.591,17113.656,0,2338.723,0,17.990,1650,1722,1.330,1.870,1.370,0,0,0,0,0,18,322,0,12,0
23-04 13:35:27,1.500,0.750,96.482,0,0,5323100,205372,178556,2304288,95769.099,2345.562,0,75.986,0,3.999,1050,1422,1.330,1.870,1.370,0,0,0,0,0,18,322,0,12,0
23-04 13:35:28,1.751,0.750,94.541,1.751,0,5314100,214060,178556,2304600,334091.153,8013.482,0,1628.708,0,311.135,1534,1629,1.330,1.870,1.370,1,0,0,0,0,18,322,0,12,0
23-04 13:35:29,2.250,2.500,88.506,5.000,0,5314032,213640,178556,2305088,520765.113,11904.757,0,12496.795,0,106.007,1981,2218,1.330,1.870,1.370,1,0,0,0,0,18,322,0,12,0
23-04 13:35:30,1.750,2.250,92.489,2.250,0,5314088,213136,178572,2305516,438844.144,9867.789,15.998,27656.606,4.000,248.969,2072,2467,1.300,1.860,1.370,0,0,0,0,0,18,322,0,12,0
23-04 13:35:31,1.500,1.750,95.237,0,0,5314212,212884,178572,2305636,111462.020,3064.588,0,14882.000,0,203.973,1752,2180,1.300,1.860,1.370,0,0,1.000,0,0,18,322,0,12,0
23-04 13:35:32,1.001,2.001,95.559,0.250,0,5314228,212632,178580,2305860,233213.454,3986.452,8.005,17354.675,2.001,295.182,1923,2431,1.300,1.860,1.370,0,0,0,0,0,18,322,0,12,0
23-04 13:35:33,1.499,1.499,81.471,12.745,0,5314476,211904,178592,2306324,445965.416,3586.708,27.990,16298.131,3.999,272.902,2131,2915,1.300,1.860,1.370,0,0,0,0,0,18,322,0,12,0
23-04 13:35:34,2.000,1.750,73.767,21.505,0,5312892,213392,178600,2306408,98068.087,1410.318,8.002,17491.940,2.000,188.042,1908,2708,1.300,1.860,1.370,0,2,0,0,0,18,322,0,12,0
23-04 13:35:35,6.750,2.250,52.250,36.750,0,5344740,180168,178620,2307764,108304.181,2928.005,1180.002,14836.025,29.000,226.000,2168,2729,1.600,1.910,1.390,1,3,3.000,0,0,18,321,0,13,0
23-04 13:35:36,4.250,4.750,48.747,41.248,0,5323728,198968,178684,2309904,10049.477,485.975,2143.888,28450.518,36.998,201.989,2218,2477,1.600,1.910,1.390,1,5,23.999,0,0,18,321,0,13,0
23-04 13:35:37,3.501,3.251,54.512,37.759,0,5345756,163352,178720,2323448,6667.517,486.111,212.048,16887.843,49.011,156.036,2158,3025,1.600,1.910,1.390,1,1,7.002,0,0,18,321,0,13,0
23-04 13:35:38,3.499,4.998,73.476,16.245,0,5343136,160044,178764,2329000,8881.157,485.844,3.999,20493.440,1.000,422.865,3269,4149,1.600,1.910,1.390,0,1,28.991,0,0,18,321,0,13,0
23-04 13:35:39,3.766,6.277,66.789,21.844,0,5342220,160196,178764,2329640,8664.448,433.875,0,4881.096,0,526.275,3223,3824,1.600,1.910,1.390,1,1,42.182,0,0,18,321,0,13,0
23-04 13:35:40,4.232,6.971,73.941,12.448,0,5333192,166176,178888,2332000,9482.372,483.977,0,5497.027,0,730.945,4243,5892,1.630,1.910,1.390,1,0,46.804,0,0,18,321,0,13,0
23-04 13:35:41,3.488,5.980,73.002,15.447,0,5333008,162648,179076,2335080,10400.620,484.352,0,4891.361,0,444.488,3559,4417,1.630,1.910,1.390,0,0,39.864,0,0,18,321,0,13,0
23-04 13:35:42,15.060,6.024,70.028,7.781,0,5327536,165876,179248,2337076,5425.571,487.940,152.607,3574.211,5.020,284.130,3216,3108,1.630,1.910,1.390,1,0,25.100,0,0,18,321,0,13,0
23-04 13:35:43,19.582,7.029,66.277,6.778,0,5328216,164168,179280,2337916,7338.665,582.434,16.067,4534.950,1.004,115.483,3426,3147,1.630,1.910,1.390,2,0,34.143,0,0,18,321,0,13,0
23-04 13:35:44,18.953,6.235,63.843,9.726,0,5319336,172456,179320,2338384,8921.098,484.810,0,1500.317,0,94.767,3163,2668,1.630,1.910,1.390,1,0,25.936,0,0,18,321,0,13,0
23-04 13:35:45,18.955,4.240,67.341,7.732,0,5315484,173256,179528,2340788,8844.142,484.857,0,1448.584,0,71.831,3223,3184,1.580,1.900,1.390,0,1,17.958,0,0,18,321,0,13,0
23-04 13:35:46,18.300,4.512,71.446,5.014,0,5328672,156376,179572,2343952,8028.069,487.340,128.353,621.709,28.077,28.077,2534,2295,1.580,1.900,1.390,1,0,14.039,0,0,18,321,0,13,0
23-04 13:35:47,16.727,3.745,71.402,6.990,0,5312876,172520,179576,2343164,6464.093,485.331,295.593,2844.081,44.938,36.949,3555,4683,1.580,1.900,1.390,0,1,15.978,0,0,18,321,0,13,0
23-04 13:35:48,6.493,6.742,70.920,15.233,0,5381496,134084,179600,2313952,9267.598,485.455,87.901,5873.407,9.989,223.749,2654,2688,1.580,1.900,1.390,1,1,21.975,0,0,18,321,0,11,0
23-04 13:35:49,17.249,9.749,65.495,6.250,0,5405120,134024,179740,2287808,8983.321,485.963,223.983,3415.742,10.999,296.978,4423,5672,1.580,1.900,1.390,1,0,30.998,0,0,18,321,0,11,0
23-04 13:35:50,20.246,4.499,70.235,3.749,0,5349052,216884,179772,2261340,4464.042,485.896,199.957,2571.448,14.997,5.999,2601,2206,1.530,1.880,1.390,1,0,23.995,0,0,18,321,0,14,0
23-04 13:35:51,8.500,2.250,87.496,0.500,0,5304156,324128,179780,2199052,5317.742,485.976,23.999,163.992,3.000,13.999,1960,2178,1.530,1.880,1.390,0,0,17.999,0,0,18,321,0,14,0
23-04 13:35:52,1.000,0.750,97.502,0,0,5299824,328460,179780,2199052,12084.196,486.008,0,0,0,0,939,1317,1.530,1.880,1.390,0,0,0,0,0,18,321,0,14,0
23-04 13:35:53,1.000,0.500,95.001,2.250,0,5296080,332188,179780,2199068,8463.123,432.006,16.000,476.007,1.000,27.000,1108,1726,1.530,1.880,1.390,0,0,0,0,0,18,321,0,14,0
23-04 13:35:54,16.997,6.499,75.488,1.000,0,5320672,307580,179780,2199084,8918.620,485.925,511.921,319.951,3.999,23.996,2346,1959,1.530,1.880,1.390,1,0,8.999,0,0,18,321,0,14,0
23-04 13:35:55,13.004,3.751,81.277,0.250,0,5343228,285016,179780,2199092,5623.870,486.162,512.170,168.056,4.001,15.005,2173,2155,1.490,1.870,1.390,0,0,4.001,0,0,18,321,0,14,0
23-04 13:35:56,1.250,0.750,97.747,0,0,5334004,294240,179780,2199092,11813.683,485.987,0,4.000,0,1.000,871,1250,1.490,1.870,1.390,0,0,0,0,0,18,321,0,14,0
23-04 13:35:57,1.000,0.750,96.510,0.500,0,5321148,307096,179780,2199092,7748.797,486.050,0,196.020,0,15.002,968,1372,1.490,1.870,1.390,0,0,0,0,0,18,321,0,14,0
23-04 13:35:58,0.750,0,98.003,0,0,5313956,314288,179780,2199092,4479.115,486.013,0,0,0,0,827,1250,1.490,1.870,1.390,0,0,0,0,0,18,321,0,14,0
23-04 13:35:59,2.000,0.250,96.763,0.500,0,5307500,320740,179780,2199096,8201.120,486.066,0,120.016,0,15.002,981,1388,1.490,1.870,1.390,0,0,0,0,0,18,321,0,14,0
23-04 13:36:00,1.250,1.000,93.736,3.250,0,5301608,326632,179780,2199096,7997.825,485.929,0,1111.837,0,209.969,1068,1370,1.370,1.840,1.380,1,0,0,0,0,18,321,0,14,0
23-04 13:36:01,0.750,0.500,97.469,0,0,5296228,332012,179780,2199096,7762.567,485.848,0,3.999,0,1.000,834,1305,1.370,1.840,1.380,1,0,1.000,0,0,18,321,0,14,0
23-04 13:36:02,1.250,0.500,98.036,0,0,5291928,336312,179780,2199096,10160.738,486.179,0,0,0,0,941,1294,1.370,1.840,1.380,0,0,0,0,0,18,321,0,14,0
23-04 13:36:03,1.000,0.500,97.204,0,0,5288420,339820,179780,2199096,6373.969,485.769,0,83.960,0,9.995,1176,1776,1.370,1.840,1.380,0,0,0,0,0,18,321,0,14,0
23-04 13:36:04,2.000,0.750,94.984,1.000,0,5285140,343088,179784,2199104,8872.542,485.920,0,595.902,0,53.991,1485,2313,1.370,1.840,1.380,0,0,0,0,0,18,321,0,14,0
23-04 13:36:05,1.250,1.000,96.259,0.250,0,5283048,345176,179784,2199108,8336.773,486.045,0,100.009,0,13.001,1180,1714,1.260,1.810,1.370,0,0,0,0,0,18,321,0,14,0
23-04 13:36:06,1.250,0,98.024,0,0,5281716,346508,179784,2199108,3315.804,486.118,0,0,0,0,762,1185,1.260,1.810,1.370,0,0,0,0,0,18,321,0,14,0
23-04 13:36:07,0.500,0.750,97.494,0,0,5280740,347484,179784,2199108,10366.388,485.971,0,335.980,0,24.999,928,1320,1.260,1.810,1.370,0,0,0,0,0,18,321,0,14,0
23-04 13:36:08,1.000,0.250,97.506,0,0,5279944,348280,179784,2199108,8741.581,486.032,0,0,0,0,936,1306,1.260,1.810,1.370,0,0,0,0,0,18,321,0,14,0
23-04 13:36:09,1.500,0.750,97.746,0,0,5279944,348280,179784,2199108,7163.699,431.982,0,75.997,0,8.000,916,1306,1.260,1.810,1.370,0,0,0,0,0,18,321,0,14,0
23-04 13:36:10,1.500,0.500,96.732,0,0,5279908,348312,179784,2199112,8972.368,581.894,0,0,0,0,1142,1551,1.160,1.780,1.360,0,0,0,0,0,18,321,0,14,0
23-04 13:36:11,0.750,0.750,92.528,5.002,0,5280128,348092,179784,2199112,8684.661,486.149,0,672.206,0,130.040,1030,1417,1.160,1.780,1.360,0,0,3.001,0,0,18,321,0,14,0
23-04 13:36:12,1.250,0.750,96.992,0.250,0,5279876,348344,179784,2199112,9355.275,485.962,0,67.995,0,6.000,1021,1369,1.160,1.780,1.360,0,0,0,0,0,18,321,0,9,0
23-04 13:36:13,1.250,0.750,96.522,0.750,0,5279844,348344,179784,2199144,11337.559,486.110,32.007,96.022,1.000,10.002,1095,1557,1.160,1.780,1.360,1,0,0,0,0,18,321,0,9,0
23-04 13:36:14,5.749,3.499,88.731,1.000,0,5264288,363892,179784,2199152,4507.035,485.896,0,2139.542,0,57.988,2318,10077,1.160,1.780,1.360,0,0,35.992,0,0,18,321,0,10,0
23-04 13:36:15,2.250,0.750,96.246,0,0,5264280,363892,179784,2199160,9575.620,485.981,0,191.992,0,23.999,1312,1903,1.070,1.750,1.350,0,0,0,0,0,18,321,0,10,0
23-04 13:36:16,0.500,0.750,97.003,0,0,5264280,363892,179784,2199160,7469.249,486.016,0,0,0,0,900,1271,1.070,1.750,1.350,0,0,0,0,0,18,321,0,10,0
23-04 13:36:17,1.000,0.250,97.753,0,0,5264280,363892,179784,2199160,9754.317,486.016,0,8.000,0,1.000,918,1276,1.070,1.750,1.350,0,0,0,0,0,18,321,0,6,0
23-04 13:36:18,2.249,1.499,95.717,0.500,0,5265036,363136,179784,2199160,10259.487,485.834,0,211.927,0,14.995,1198,1528,1.070,1.750,1.350,0,0,5.998,0,0,18,321,0,6,0
23-04 13:36:19,1.250,1.250,84.533,11.004,0,5265256,362912,179788,2199164,9179.568,486.189,0,21408.320,0,130.051,1339,1891,1.070,1.750,1.350,0,1,0,0,0,18,321,0,6,0
23-04 13:36:20,1.499,1.250,86.720,10.246,0,5265264,362912,179788,2199164,5834.962,485.830,0,40993.681,0,73.974,1140,1717,0.980,1.720,1.350,0,0,0,0,0,18,321,0,6,0
23-04 13:36:21,7.533,3.013,80.850,7.281,0,5291884,333184,180224,2201836,3797.418,488.110,3117.478,421.824,549.375,90.391,1954,2523,0.980,1.720,1.350,0,1,6.026,0,0,18,321,0,5,0
23-04 13:36:22,11.256,2.501,81.042,4.002,0,5280360,344524,180316,2201928,12829.643,9547.944,180.093,1060.549,14.007,23.012,2716,3281,0.980,1.720,1.350,1,0,5.003,0,0,18,321,0,7,0
23-04 13:36:23,13.193,2.489,80.654,1.743,0,5279680,344688,180316,2202444,19675.603,10850.458,63.727,211.095,3.983,18.919,2439,2647,0.980,1.720,1.350,1,0,4.979,0,0,18,323,0,9,0
23-04 13:36:24,14.249,3.250,81.742,0.750,0,5286160,338044,180316,2202608,19395.202,10895.990,0,187.983,0,18.998,2503,2692,0.980,1.720,1.350,2,0,5.000,0,0,18,323,0,10,0
23-04 13:36:25,14.252,3.500,80.010,0.500,0,5287076,337096,180316,2202640,17410.153,9610.188,16.002,360.045,1.000,41.005,2903,3360,0.900,1.690,1.340,2,0,5.001,0,0,18,323,0,11,0
23-04 13:36:26,13.246,3.249,79.226,2.249,0,5287900,336120,180316,2202792,19722.905,10935.620,0,2627.188,0,160.950,2759,3190,0.900,1.690,1.340,1,0,4.998,0,0,18,323,0,12,0
23-04 13:36:27,14.722,3.992,79.350,0.499,0,5268112,355876,180316,2202808,19613.825,10918.306,0,135.743,0,10.979,2829,2980,0.900,1.690,1.340,3,0,18.964,0,0,18,319,0,15,0
23-04 13:36:28,50.644,9.778,38.109,0.752,0,4947780,676260,180316,2202536,6959.834,487.389,8.023,164.469,2.006,8.023,3679,2139,0.900,1.690,1.340,3,0,5.014,0,0,18,301,0,17,0
23-04 13:36:29,85.117,14.977,0,0,0,5138700,485316,180316,2203012,5369.627,485.243,0,67.894,0,5.991,4912,2095,0.900,1.690,1.340,4,0,2.995,0,0,18,301,0,17,0
23-04 13:36:30,86.473,13.072,0.503,0.251,0,5183072,439804,180324,2204192,4258.300,488.674,164.902,1262.910,7.039,81.446,6929,7192,1.230,1.740,1.360,5,0,8.044,0,0,18,295,0,20,0
23-04 13:36:31,73.368,14.376,10.906,0.744,0,5267616,354832,180324,2204620,9118.463,481.850,761.442,4469.505,5.949,639.492,7572,7546,1.230,1.740,1.360,3,0,8.923,0,0,18,295,0,25,0
23-04 13:36:32,35.952,10.308,52.797,0.251,0,5252720,368556,180328,2205828,8676.867,488.753,289.631,253.427,4.023,19.108,5655,9527,1.230,1.740,1.360,2,0,9.051,0,0,18,299,0,26,0
23-04 13:36:33,23.459,3.993,71.376,0,0,5327616,293660,180328,2205824,8807.655,555.033,0,0,0,0,2981,3206,1.230,1.740,1.360,1,0,0.998,0,0,18,299,0,26,0
23-04 13:36:34,25.040,4.507,60.346,8.263,0,5403740,215932,180336,2207420,20933.397,7212.507,657.048,1866.979,12.019,74.118,4506,7090,1.230,1.740,1.360,3,0,2.003,0,0,18,301,0,32,0
23-04 13:36:35,30.460,2.247,64.666,1.997,0,5411520,207900,180336,2207672,147259.150,70077.703,0,275.641,0,26.965,4985,5871,1.290,1.750,1.360,0,0,0,0,0,18,303,0,32,0
23-04 13:36:36,24.799,2.755,68.885,1.252,0,5420360,198832,180336,2207900,98140.001,42138.870,32.063,789.553,2.004,125.246,5010,6129,1.290,1.750,1.360,1,1,0,0,0,18,311,0,32,0
23-04 13:36:37,7.730,1.496,79.540,9.475,0,5418888,200288,180336,2207916,26594.829,10725.700,0,7452.337,0,770.966,3506,4501,1.290,1.750,1.360,0,0,0,0,0,18,309,0,31,0
23-04 13:36:38,2.000,1.000,94.488,0,0,5418888,200288,180336,2207916,10294.667,485.937,0,443.943,0,8.999,1975,2996,1.290,1.750,1.360,0,0,0,0,0,18,309,0,31,0
23-04 13:36:39,2.750,0.750,94.765,0.250,0,5418888,200288,180336,2207916,6371.024,486.078,0,104.017,0,7.001,1807,2902,1.290,1.750,1.360,0,0,0,0,0,18,309,0,31,0
23-04 13:36:40,3.251,1.500,91.528,1.000,0,5317316,301900,180336,2207932,7452.309,556.172,0,688.213,0,54.017,2359,3514,1.190,1.720,1.360,0,0,3.001,0,0,18,298,0,32,0
23-04 13:36:41,1.000,0.750,96.972,0.500,0,5317112,302100,180336,2207936,15061.576,485.857,0,103.969,0,12.996,1150,1586,1.190,1.720,1.360,0,0,1.000,0,0,18,298,0,32,0
23-04 13:36:42,1.250,0.500,98.018,0,0,5317016,302196,180336,2207936,6877.228,486.087,0,0,0,0,929,1258,1.190,1.720,1.360,0,0,0,0,0,18,298,0,32,0
23-04 13:36:43,1.500,0.750,96.763,0,0,5317240,301972,180336,2207936,10994.528,580.081,0,16.002,0,2.000,978,1257,1.190,1.720,1.360,0,0,0,0,0,18,298,0,32,0
23-04 13:36:44,2.000,0.750,94.484,1.500,0,5317208,301972,180336,2207968,7045.819,485.919,0,411.931,0,43.993,1416,2235,1.190,1.720,1.360,0,0,0,0,0,18,298,0,32,0
23-04 13:36:45,1.750,0.750,96.002,0.250,0,5317204,301972,180336,2207972,3506.066,486.009,0,184.003,0,20.000,1203,1795,1.090,1.690,1.350,0,0,0,0,0,18,298,0,32,0
23-04 13:36:46,1.250,0.500,97.760,0.250,0,5317204,301972,180336,2207972,8915.897,486.049,0,108.011,0,8.001,929,1291,1.090,1.690,1.350,0,0,0,0,0,18,298,0,32,0
23-04 13:36:47,1.750,0.500,93.228,3.249,0,5317452,301720,180336,2207976,8642.991,485.887,0,679.842,0,60.986,1368,2005,1.090,1.690,1.350,0,0,0,0,0,18,298,0,32,0
23-04 13:36:48,3.251,2.001,93.286,0.250,0,5316096,302960,180336,2208092,5548.133,486.187,0,44.017,0,4.002,2381,3801,1.090,1.690,1.350,0,0,3.001,0,0,18,298,0,32,0
23-04 13:36:49,3.251,1.250,94.025,0.250,0,5316236,302800,180336,2208112,8713.349,432.117,0,420.113,0,41.011,1774,2554,1.090,1.690,1.350,0,0,2.001,0,0,18,298,0,32,0
23-04 13:36:50,2.749,0.750,95.465,0,0,5316468,302548,180336,2208132,6385.650,485.821,0,1291.525,0,128.953,1408,1856,1.010,1.660,1.340,0,0,1.000,0,0,18,298,0,32,0
23-04 13:36:51,1.000,0.500,97.504,0,0,5316468,302548,180336,2208132,12153.438,486.018,0,0,0,0,965,1324,1.010,1.660,1.340,1,0,1.000,0,0,18,298,0,32,0
23-04 13:36:52,0.750,0.500,96.990,0.250,0,5316480,302548,180336,2208136,8686.139,485.952,0,279.972,0,20.998,992,1420,1.010,1.660,1.340,0,0,0,0,0,18,298,0,32,0
23-04 13:36:53,1.250,0.500,97.263,0,0,5316480,302548,180336,2208136,4146.573,486.067,0,0,0,0,885,1307,1.010,1.660,1.340,0,0,0,0,0,18,298,0,29,0
23-04 13:36:54,1.500,0.750,96.743,0.250,0,5316480,302548,180336,2208136,8779.382,485.966,0,155.989,0,20.999,1118,1739,1.010,1.660,1.340,0,0,0,0,0,18,298,0,29,0
23-04 13:36:55,1.750,1.000,95.497,0.500,0,5316476,302548,180336,2208140,9644.715,485.986,0,531.984,0,45.999,1265,1864,0.920,1.630,1.330,0,0,0,0,0,18,298,0,29,0
23-04 13:36:56,1.000,0.250,97.754,0,0,5316472,302548,180336,2208144,8727.352,486.020,0,48.002,0,4.000,889,1272,0.920,1.630,1.330,0,0,0,0,0,18,298,0,29,0
23-04 13:36:57,1.250,0.750,95.505,1.000,0,5316468,302548,180336,2208148,8044.439,486.027,0,396.022,0,36.002,1218,1831,0.920,1.630,1.330,0,0,0,0,0,18,298,0,29,0
23-04 13:36:58,1.000,0.250,97.502,0,0,5316468,302548,180336,2208148,9713.170,486.008,0,36.001,0,4.000,889,1253,0.920,1.630,1.330,0,0,0,0,0,18,298,0,29,0
23-04 13:36:59,1.500,0.750,95.998,1.250,0,5316468,302548,180336,2208148,6058.894,485.991,0,131.998,0,18.000,1006,1458,0.920,1.630,1.330,0,0,0,0,0,18,298,0,29,0
23-04 13:37:00,1.750,0.500,97.495,0,0,5316716,302296,180336,2208152,4498.778,485.976,0,0,0,0,979,1352,0.850,1.610,1.330,0,0,0,0,0,18,298,0,29,0
23-04 13:37:01,1.000,0.750,97.516,0,0,5316716,302296,180336,2208152,7303.172,486.078,0,8.001,0,2.000,873,1268,0.850,1.610,1.330,0,0,1.000,0,0,18,298,0,29,0
23-04 13:37:02,1.002,0.501,97.221,0,0,5317220,301792,180336,2208152,10044.826,487.107,0,0,0,0,1007,1312,0.850,1.610,1.330,2,0,5.011,0,0,18,298,0,29,0
23-04 13:37:03,34.167,8.978,51.126,4.240,0,5018628,600092,180348,2208508,8373.753,722.254,359.132,582.591,27.932,93.773,4213,3149,0.850,1.610,1.330,1,0,73.822,0,0,18,294,0,31,0
23-04 13:37:04,22.253,4.501,69.259,2.500,0,5088780,529864,180348,2208584,9079.117,658.081,72.009,444.055,5.001,41.005,2663,2689,0.850,1.610,1.330,1,0,0,0,0,18,294,0,31,0
23-04 13:37:05,20.740,4.748,69.966,3.248,0,5137432,480036,180352,2209776,6967.659,985.527,327.843,595.714,30.985,12.994,4621,6185,0.860,1.600,1.320,1,0,16.992,0,0,18,298,0,33,0
23-04 13:37:06,22.258,5.502,72.277,0,0,5224004,393460,180352,2209780,8374.077,486.179,0,0,0,0,2238,1747,0.860,1.600,1.320,2,0,6.002,0,0,18,298,0,33,0
23-04 13:37:07,20.002,2.250,76.009,0.500,0,5261428,355848,180352,2209968,9307.104,486.058,0,600.071,0,48.006,2176,2061,0.860,1.600,1.320,2,0,1.000,0,0,18,298,0,33,0
23-04 13:37:08,2.499,1.249,91.448,4.497,0,5257264,360000,180352,2209980,3848.801,569.675,0,4553.399,0,556.682,1652,1932,0.860,1.600,1.320,1,0,0.999,0,0,18,298,0,33,0
23-04 13:37:09,1.250,0.500,97.277,0,0,5253960,363304,180352,2209980,3858.057,626.172,0,0,0,0,986,1398,0.860,1.600,1.320,0,0,0,0,0,18,298,0,33,0
23-04 13:37:10,6.751,1.000,90.767,0.750,0,5251136,366112,180352,2209996,10227.940,528.100,0,612.116,0,37.007,2252,3654,0.790,1.570,1.320,0,0,0,0,0,18,298,0,33,0
23-04 13:37:11,1.250,0.750,90.988,5.499,0,5248676,368572,180352,2209996,6311.135,485.933,0,3059.581,0,158.978,1375,2136,0.790,1.570,1.320,0,0,1.000,0,0,18,298,0,33,0
23-04 13:37:12,1.250,0.750,97.242,0,0,5246508,370740,180352,2209996,11555.051,485.960,0,0,0,0,1000,1276,0.790,1.570,1.320,0,0,0,0,0,18,298,0,33,0
23-04 13:37:13,1.250,0.250,97.013,0,0,5244440,372808,180352,2209996,8699.192,576.079,0,4.001,0,1.000,961,1324,0.790,1.570,1.320,0,0,0,0,0,18,298,0,33,0
23-04 13:37:14,6.249,3.500,89.990,0,0,5245148,372096,180352,2210000,11206.774,485.947,0,0,0,0,2110,13959,0.790,1.570,1.320,0,0,35.996,0,0,18,298,0,33,0
23-04 13:37:15,1.500,0.750,95.995,0.250,0,5244024,373216,180352,2210004,12220.316,485.973,0,331.981,0,29.998,1242,1912,0.730,1.540,1.310,0,0,0,0,0,18,298,0,33,0
23-04 13:37:16,1.000,0.750,97.776,0,0,5241496,375744,180352,2210004,5823.524,486.127,0,0,0,0,885,1273,0.730,1.540,1.310,0,0,0,0,0,18,298,0,33,0
23-04 13:37:17,1.750,0.250,94.479,1.500,0,5238924,378316,180352,2210004,10835.594,625.861,0,411.909,0,39.991,1250,1837,0.730,1.540,1.310,1,0,0,0,0,18,298,0,33,0
23-04 13:37:18,1.750,1.250,96.225,0,0,5236940,380300,180352,2210004,6879.199,485.873,0,155.959,0,3.999,1091,1344,0.730,1.540,1.310,0,0,5.998,0,0,18,298,0,33,0
23-04 13:37:19,1.751,1.000,95.029,1.500,0,5234952,382284,180352,2210008,4691.423,486.147,0,436.132,0,45.014,1361,2175,0.730,1.540,1.310,0,0,0,0,0,18,298,0,33,0
23-04 13:37:20,1.000,0.750,96.735,0.250,0,5233324,383908,180352,2210012,8594.663,485.924,0,87.986,0,8.999,1002,1419,0.670,1.520,1.300,0,0,0,0,0,18,298,0,33,0
23-04 13:37:21,1.750,0.250,97.751,0,0,5232916,384312,180352,2210016,4969.028,486.003,0,0,0,0,919,1303,0.670,1.520,1.300,0,0,1.000,0,0,18,298,0,33,0
23-04 13:37:22,0.750,0.500,96.744,0.750,0,5233140,384088,180352,2210016,8357.455,485.968,0,71.995,0,6.000,990,1348,0.670,1.520,1.300,0,0,0,0,0,18,298,0,33,0
23-04 13:37:23,0.750,0.500,97.277,0.250,0,5232856,384372,180352,2210016,7059.930,576.157,0,36.010,0,4.001,870,1250,0.670,1.520,1.300,0,0,0,0,0,18,298,0,33,0
23-04 13:37:24,1.500,0.500,97.223,0,0,5232856,384372,180352,2210016,4027.890,485.866,0,0,0,0,850,1295,0.670,1.520,1.300,0,0,0,0,0,18,298,0,33,0
23-04 13:37:25,1.250,0.750,94.750,1.750,0,5225508,391712,180352,2210024,13349.063,486.002,0,312.001,0,30.000,1323,1953,0.620,1.490,1.300,0,0,0,0,0,18,298,0,33,0
23-04 13:37:26,1.250,0.500,97.274,0,0,5225728,391488,180352,2210028,8442.103,486.121,0,264.066,0,47.012,985,1312,0.620,1.490,1.300,0,0,0,0,0,18,298,0,27,0
23-04 13:37:27,1.500,0.750,94.722,1.749,0,5225980,391236,180352,2210028,6003.230,431.873,0,407.880,0,41.988,1183,1858,0.620,1.490,1.300,0,0,0,0,0,18,298,0,27,0
23-04 13:37:28,0.750,0.500,97.769,0,0,5225948,391268,180352,2210028,8555.686,486.096,0,0,0,0,899,1220,0.620,1.490,1.300,1,0,0,0,0,18,298,0,27,0
23-04 13:37:29,1.250,1.000,96.229,1.000,0,5226356,390860,180352,2210028,8892.033,485.893,0,1511.666,0,300.933,1259,1442,0.620,1.490,1.300,0,0,0,0,0,18,298,0,27,0
23-04 13:37:30,1.250,0.500,96.759,0,0.250,5226100,391116,180352,2210028,10018.969,486.047,0,0,0,0,1014,1359,0.570,1.470,1.290,0,0,0,0,0,18,298,0,18,0
23-04 13:37:31,1.000,0.250,97.240,0,0,5226572,390644,180352,2210028,9721.003,485.950,0,4.000,0,1.000,990,1360,0.570,1.470,1.290,0,0,1.000,0,0,18,298,0,18,0
23-04 13:37:32,1.250,0.500,97.519,0,0,5226568,390644,180352,2210032,4084.794,486.094,0,8.002,0,1.000,911,1327,0.570,1.470,1.290,0,0,0,0,0,18,298,0,18,0
23-04 13:37:33,2.757,5.764,91.470,0,0,5231348,385860,180352,2210036,10191.515,717.726,0,0,0,0,2205,2142,0.570,1.470,1.290,1,0,101.244,0,0,18,298,0,18,0
23-04 13:37:34,17.963,9.231,69.605,1.497,0,5295992,321196,180352,2210056,6483.485,484.989,0,443.076,0,38.919,4045,4088,0.570,1.470,1.290,1,0,209.563,0,0,18,298,0,10,0
23-04 13:37:35,20.556,3.509,74.953,0.251,0,5365516,251656,180352,2210072,18161.098,9166.782,0,168.455,0,22.060,2977,3109,0.520,1.440,1.280,0,0,0,0,0,18,299,0,12,0
23-04 13:37:36,19.722,3.994,67.904,5.742,0,5374632,242092,180352,2210520,10280.463,2592.334,387.452,1186.323,22.968,139.802,5874,8481,0.520,1.440,1.280,2,0,3.994,0,0,18,299,0,12,0
23-04 13:37:37,39.691,7.489,51.174,0.250,0,5454380,162180,180352,2210684,14916.818,2972.580,143.786,427.364,6.990,33.950,3607,2927,0.520,1.440,1.280,2,0,26.960,0,0,18,299,0,13,0
23-04 13:37:38,23.005,4.751,70.766,0,0,5419092,226320,180308,2182352,45132.974,35620.872,0,156.034,0,8.002,3348,3459,0.520,1.440,1.280,0,0,35.008,0,0,18,298,0,19,0
23-04 13:37:39,1.500,0.500,97.490,0,0,5416576,228836,180308,2182352,3729.623,485.951,0,119.988,0,7.999,883,1382,0.520,1.440,1.280,0,0,0,0,0,18,298,0,19,0
23-04 13:37:40,1.499,0.750,93.706,2.499,0.250,5412972,232436,180308,2182356,3961.148,527.753,0,2774.703,0,162.924,1527,2477,0.480,1.420,1.270,0,0,0,0,0,18,298,0,19,0
23-04 13:37:41,0.500,1.000,97.544,0,0,5409628,235780,180308,2182356,10374.713,540.245,0,0,0,0,1027,1499,0.480,1.420,1.270,0,0,1.000,0,0,18,298,0,19,0
23-04 13:37:42,1.500,0.500,97.268,0,0,5406696,238708,180312,2182356,10241.872,486.089,0,16.003,0,3.001,932,1310,0.480,1.420,1.270,0,0,0,0,0,18,298,0,19,0
23-04 13:37:43,2.000,0.750,95.494,0.500,0,5403356,242044,180312,2182360,10321.401,579.966,0,171.990,0,10.999,1118,1462,0.480,1.420,1.270,0,0,1.000,0,0,18,298,0,18,0
23-04 13:37:44,2.499,1.250,90.218,4.998,0,5396532,248828,180312,2182400,10215.409,485.829,0,1899.332,0,341.880,1593,1990,0.480,1.420,1.270,0,0,1.999,0,0,18,298,0,18,0
23-04 13:37:45,2.000,0.250,96.243,0.250,0,5390608,254752,180312,2182400,13513.003,539.960,0,95.993,0,11.999,1335,1899,0.440,1.390,1.270,0,0,0,0,0,18,298,0,18,0
23-04 13:37:46,1.751,0.750,95.302,1.001,0,5382364,262968,180312,2182428,12075.625,486.267,16.009,224.123,1.001,29.016,1148,1648,0.440,1.390,1.270,0,1,1.001,0,0,18,298,0,18,0
23-04 13:37:47,4.247,2.748,90.691,1.749,0.250,5375272,269920,180312,2182568,3794.540,485.685,0,819.469,0,66.957,2871,5064,0.440,1.390,1.270,0,0,2.998,0,0,18,298,0,18,0
23-04 13:37:48,8.002,1.000,89.527,0.250,0,5372952,272244,180312,2182580,22776.963,9534.915,0,84.026,0,9.003,1744,2000,0.440,1.390,1.270,0,0,2.001,0,0,18,298,0,18,0
23-04 13:37:49,3.751,0.750,92.014,1.500,0,5370904,274276,180312,2182596,9992.472,540.080,0,2596.383,0,175.026,2088,3275,0.440,1.390,1.270,1,0,1.000,0,0,18,298,0,18,0
23-04 13:37:50,1.500,0.250,96.241,0.250,0,5367572,277608,180312,2182596,9452.151,485.956,0,419.962,0,56.995,1229,1764,0.490,1.390,1.260,0,0,0,0,0,18,298,0,18,0
23-04 13:37:51,1.250,1.000,95.754,1.500,0,5366212,278968,180312,2182596,9714.376,486.019,0,992.038,0,49.002,1157,1609,0.490,1.390,1.260,0,0,1.000,0,0,18,298,0,18,0
23-04 13:37:52,1.500,1.000,96.745,0,0,5365016,280160,180312,2182600,5082.748,539.973,0,159.992,0,6.000,1063,1452,0.490,1.390,1.260,0,0,0,0,0,18,298,0,18,0
23-04 13:37:53,1.250,0.250,98.009,0,0,5364504,280672,180312,2182600,11544.095,528.050,0,4.000,0,1.000,937,1339,0.490,1.390,1.260,1,0,0,0,0,18,298,0,18,0
23-04 13:37:54,1.000,0.500,97.243,0,0,5364504,280672,180312,2182600,8870.324,485.963,0,0,0,0,898,1301,0.490,1.390,1.260,0,0,0,0,0,18,298,0,18,0
23-04 13:37:55,1.750,0.750,95.757,0.750,0,5364504,280672,180312,2182600,3426.260,486.037,0,296.022,0,27.002,1210,1870,0.450,1.360,1.260,0,0,0,0,0,18,298,0,18,0
23-04 13:37:56,0.750,0.250,97.691,0,0,5364504,280672,180312,2182600,9172.490,539.676,0,0,0,0,947,1313,0.450,1.360,1.260,0,0,0,0,0,18,298,0,18,0
23-04 13:37:57,1.501,1.000,95.783,1.000,0,5364476,280672,180312,2182628,6469.236,486.168,16.006,988.342,1.000,113.039,1495,2282,0.450,1.360,1.260,1,0,0,0,0,18,298,0,18,0
23-04 13:37:58,1.250,0.500,97.007,0,0,5364472,280672,180312,2182632,4506.339,486.037,0,52.004,0,6.000,900,1351,0.450,1.360,1.260,0,0,0,0,0,18,298,0,18,0
23-04 13:37:59,1.750,0.500,96.743,0.500,0,5364472,280672,180312,2182632,9682.331,485.966,0,131.991,0,18.999,1054,1483,0.450,1.360,1.260,0,0,0,0,0,18,298,0,18,0
23-04 13:38:00,1.250,0.750,94.258,2.500,0,5364464,280672,180312,2182640,11092.954,540.046,0,1200.103,0,237.020,1351,1812,0.490,1.360,1.260,0,0,0,0,0,18,298,0,18,0
23-04 13:38:01,1.000,0.500,96.989,0,0,5364464,280672,180312,2182640,10097.868,485.946,0,179.980,0,11.999,1041,1477,0.490,1.360,1.260,0,0,1.000,0,0,18,298,0,18,0
23-04 13:38:02,1.000,0.500,97.740,0,0,5364464,280672,180312,2182640,7551.225,485.950,0,27.997,0,4.000,948,1319,0.490,1.360,1.260,0,0,0,0,0,18,298,0,18,0
23-04 13:38:03,1.500,0.500,97.757,0,0,5364464,280672,180312,2182640,3464.257,486.036,0,0,0,0,827,1287,0.490,1.360,1.260,0,0,0,0,0,18,298,0,16,0
23-04 13:38:04,1.750,0.750,94.749,1.500,0,5364456,280672,180312,2182648,8547.895,485.994,0,435.995,0,43.999,1472,2318,0.490,1.360,1.260,0,0,0,0,0,18,298,0,16,0
23-04 13:38:05,1.501,0.750,95.289,1.000,0,5364452,280672,180312,2182652,7215.927,540.219,0,108.044,0,14.006,1336,2016,0.450,1.330,1.250,0,0,2.001,0,0,18,298,0,16,0
23-04 13:38:06,0.750,0.500,97.738,0,0,5364200,280924,180312,2182652,9239.910,625.926,0,0,0,0,1001,1384,0.450,1.330,1.250,0,0,0,0,0,18,298,0,16,0
23-04 13:38:07,2.249,1.000,94.716,1.000,0,5364200,280924,180312,2182652,8352.986,485.825,0,827.701,0,69.975,1596,2485,0.450,1.330,1.250,0,0,0,0,0,18,298,0,14,0
23-04 13:38:08,1.254,1.003,96.530,0,0,5364200,280924,180312,2182652,5731.649,487.416,0,100.291,0,2.006,1032,1413,0.450,1.330,1.250,1,0,9.026,0,0,18,298,0,14,0
23-04 13:38:09,1.495,0.747,96.420,0.498,0,5365456,279668,180312,2182652,8796.916,538.160,0,51.823,0,3.986,1016,1417,0.450,1.330,1.250,0,0,8.969,0,0,18,298,0,14,0
23-04 13:38:10,6.256,1.251,91.088,0.500,0,5365444,279668,180312,2182664,28300.471,9715.431,0,272.264,0,21.020,1955,2341,0.500,1.330,1.250,0,0,0,0,0,18,298,0,14,0
23-04 13:38:11,1.000,0.750,96.969,0,0,5365444,279668,180312,2182664,5950.107,485.845,0,175.944,0,10.997,1021,1466,0.500,1.330,1.250,1,0,1.000,0,0,18,298,0,14,0
23-04 13:38:12,1.750,0.500,97.223,0.250,0,5365444,279668,180312,2182664,8562.664,485.867,0,51.986,0,6.998,1015,1412,0.500,1.330,1.250,0,0,0,0,0,18,298,0,14,0
23-04 13:38:13,1.000,0.500,97.772,0,0,5365440,279668,180312,2182668,7565.709,486.110,0,24.005,0,3.001,903,1305,0.500,1.330,1.250,0,0,0,0,0,18,298,0,14,0
23-04 13:38:14,5.496,2.748,89.437,0,0.250,5365776,279328,180312,2182672,8213.227,539.621,0,139.902,0,11.992,2142,12392,0.500,1.330,1.250,0,0,35.975,0,0,18,298,0,15,0
23-04 13:38:15,1.501,1.251,96.305,0.250,0,5365772,279328,180312,2182676,7887.530,486.279,0,276.159,0,27.016,1177,1749,0.460,1.310,1.240,0,0,0,0,0,18,298,0,14,0
23-04 13:38:16,0.750,0.500,97.506,0,0,5365772,279328,180312,2182676,12434.761,486.030,0,0,0,0,1008,1355,0.460,1.310,1.240,0,0,0,0,0,18,298,0,14,0
23-04 13:38:17,2.000,0.500,93.241,2.500,0,5365764,279328,180312,2182684,6339.355,485.951,0,719.927,0,64.993,1551,2490,0.460,1.310,1.240,0,0,0,0,0,18,298,0,14,0
23-04 13:38:18,2.000,1.750,94.266,1.500,0,5365716,279328,180312,2182732,5036.859,540.092,48.008,32.005,3.001,3.001,1185,1565,0.460,1.310,1.240,0,0,6.001,0,0,18,298,0,14,0
23-04 13:38:19,2.000,1.250,94.501,1.500,0,5365712,279328,180312,2182736,6116.067,486.005,0,516.006,0,51.001,1412,2347,0.460,1.310,1.240,2,0,0,0,0,18,298,0,14,0
23-04 13:38:20,1.249,0.250,96.958,0.250,0,5365712,279328,180312,2182736,8486.301,485.788,0,83.963,0,11.995,1180,1773,0.420,1.280,1.230,1,0,0,0,0,18,298,0,14,0
23-04 13:38:21,1.251,0.500,96.799,0,0,5365712,279328,180312,2182736,6837.495,486.249,0,176.090,0,11.006,994,1453,0.420,1.280,1.230,0,0,1.001,0,0,18,298,0,14,0
23-04 13:38:22,1.000,1.000,97.244,0.250,0,5365712,279328,180312,2182736,8931.461,539.967,0,27.998,0,4.000,982,1409,0.420,1.280,1.230,0,0,0,0,0,18,298,0,14,0
23-04 13:38:23,1.249,0.500,97.662,0,0,5365712,279328,180312,2182736,8335.490,485.563,0,0,0,0,898,1285,0.420,1.280,1.230,1,0,0,0,0,18,298,0,14,0
23-04 13:38:24,1.251,0.250,97.572,0,0,5365712,279328,180312,2182736,8954.653,486.361,0,0,0,0,940,1327,0.420,1.280,1.230,0,0,0,0,0,18,298,0,14,0
23-04 13:38:25,1.750,0.750,95.004,0.500,0,5365708,279328,180312,2182740,6589.258,486.019,0,376.015,0,39.002,1298,1935,0.390,1.260,1.230,0,0,0,0,0,18,298,0,14,0
23-04 13:38:26,1.250,1.000,97.758,0.250,0,5365704,279328,180312,2182744,4308.364,540.046,0,924.078,0,193.016,1042,1344,0.390,1.260,1.230,0,0,0,0,0,18,298,0,14,0
23-04 13:38:27,1.500,0.750,96.246,0.250,0,5365704,279328,180312,2182744,3496.842,485.978,0,411.981,0,41.998,1285,1924,0.390,1.260,1.230,0,0,0,0,0,18,298,0,14,0
23-04 13:38:28,1.000,0.250,97.015,0,0,5365704,279328,180312,2182744,10853.678,486.075,0,140.022,0,26.004,933,1281,0.390,1.260,1.230,0,0,0,0,0,18,298,0,14,0
23-04 13:38:29,7.765,20.289,71.136,0.250,0,5382788,262212,180312,2182776,8866.985,486.933,0,152.292,0,16.031,6302,5408,0.390,1.260,1.230,1,0,443.850,0,0,18,298,0,14,0
23-04 13:38:30,15.980,6.492,75.407,0.749,0,5413656,231248,180316,2182868,21550.491,2189.307,63.921,427.474,2.996,15.980,2895,2659,0.430,1.260,1.230,1,0,50.937,0,0,18,298,0,16,0
23-04 13:38:31,22.998,3.000,71.744,1.000,0,5465752,179112,180320,2182904,9376.249,485.961,23.998,351.972,3.000,11.999,2098,1681,0.430,1.260,1.230,1,0,3.000,0,0,18,298,0,16,0
23-04 13:38:32,19.503,2.250,71.260,6.001,0,5488412,149388,180524,2189684,9175.224,486.065,3084.411,512.068,313.042,7.001,2449,2395,0.430,1.260,1.230,1,0,0,0,0,18,298,0,16,0
23-04 13:38:33,22.544,4.008,72.140,0,0,5537680,129932,180288,2161580,6634.841,486.942,0,0,0,0,2187,1764,0.430,1.260,1.230,3,0,3.006,0,0,18,299,0,16,0
23-04 13:38:34,21.774,4.755,65.823,6.007,0,5532392,147668,180164,2150280,4716.251,528.588,24.027,4713.247,3.003,286.319,6883,10964,0.430,1.260,1.230,1,0,0,0,0,18,303,0,18,0
23-04 13:38:35,20.505,3.001,66.017,8.502,0,5538300,140564,180164,2151480,11134.902,528.138,916.239,1968.513,59.015,174.045,4336,6144,0.480,1.250,1.220,1,1,1.000,0,0,18,307,0,19,0
23-04 13:38:36,22.412,2.739,64.994,7.222,0,5538048,157572,180116,2135596,15237.910,5910.691,207.183,1255.051,10.957,172.320,5293,7393,0.480,1.250,1.220,0,0,0.996,0,0,18,308,0,19,0
23-04 13:38:37,5.770,1.505,82.536,9.031,0,5530856,164736,180116,2135624,7074.540,2157.484,0,3391.765,0,466.619,2516,3156,0.480,1.250,1.220,1,0,0,0,0,18,309,0,20,0
23-04 13:38:38,3.737,1.246,92.935,0.747,0,5526740,168808,180116,2135668,9322.420,1029.512,15.946,326.893,0.997,46.841,1740,2466,0.480,1.250,1.220,1,0,0,0,0,18,310,0,20,0
23-04 13:38:39,11.247,1.500,83.228,2.499,0,5525552,169728,180120,2135932,30177.898,11871.813,63.983,1087.708,3.999,116.969,3325,4572,0.480,1.250,1.220,0,0,0,0,0,18,308,0,21,0
23-04 13:38:40,19.576,4.016,66.760,8.282,0,5522660,172452,180124,2136096,9176.784,487.903,32.125,2867.180,2.008,241.943,6478,9866,0.520,1.250,1.220,1,0,1.004,0,0,18,311,0,12,0
23-04 13:38:41,21.161,4.481,63.732,7.966,0,5521092,173704,180124,2136396,8629.705,483.965,0,5198.137,0,394.341,8047,12696,0.520,1.250,1.220,0,1,0.996,0,0,18,312,0,14,0
23-04 13:38:42,9.001,2.000,80.760,6.501,0,5519968,174596,180124,2136624,8447.072,3208.407,16.002,3432.435,1.000,283.036,3571,5496,0.520,1.250,1.220,0,0,0,0,0,18,310,0,15,0
23-04 13:38:43,12.005,2.001,80.030,4.502,0,5521436,173064,180124,2136688,24929.405,7524.839,0,836.316,0,99.037,3241,4308,0.520,1.250,1.220,2,0,0,0,0,18,311,0,15,0
23-04 13:38:44,13.968,3.741,74.577,5.986,0,5519720,174644,180124,2136824,17146.313,5041.331,0,1544.425,0,176.591,5043,7680,0.520,1.250,1.220,3,0,0,0,0,18,311,0,15,0
23-04 13:38:45,23.124,4.524,63.590,6.786,0,5518996,174864,180124,2137328,5022.889,488.616,0,4105.980,0,355.905,8385,13449,0.720,1.280,1.230,1,0,0,0,0,18,312,0,16,0
23-04 13:38:46,10.216,2.243,79.988,5.980,0,5517956,175820,180124,2137412,12653.498,3193.526,0,3145.682,0,269.117,3822,5731,0.720,1.280,1.230,0,0,0,0,0,18,310,0,17,0
23-04 13:38:47,12.000,2.250,79.003,5.250,0,5518468,175076,180124,2137628,12059.383,3204.102,0,1436.046,0,173.005,3859,5562,0.720,1.280,1.230,0,0,0,0,0,18,310,0,19,0
23-04 13:38:48,11.752,2.500,76.762,7.001,0,5518904,174584,180124,2137684,29433.664,9587.519,0,3276.519,0,218.035,3470,4570,0.720,1.280,1.230,0,1,1.000,0,0,18,311,0,19,0
23-04 13:38:49,8.502,3.251,82.770,4.751,0,5527540,165776,180124,2137856,13337.173,3204.762,0,2176.518,0,177.042,3756,6841,0.720,1.280,1.230,0,0,3.001,0,0,18,310,0,21,0
23-04 13:38:50,22.572,3.010,67.715,4.765,0,5528764,164068,180124,2138340,13902.217,5080.158,212.676,1902.050,12.038,121.386,5013,6896,0.820,1.290,1.240,1,0,1.003,0,0,18,311,0,27,0
23-04 13:38:51,10.961,1.993,82.956,2.491,0,5528980,163816,180124,2138376,31326.964,11322.867,0,1080.171,0,117.583,3269,4605,0.820,1.290,1.240,1,0,1.993,0,0,18,311,0,27,0
23-04 13:38:52,10.755,1.251,83.538,3.752,0,5528788,163816,180124,2138568,31356.273,9760.443,0,828.377,0,75.034,2923,3802,0.820,1.290,1.240,0,2,0,0,0,18,310,0,27,0
23-04 13:38:53,9.535,1.756,80.295,6.524,0,5529220,163368,180124,2138584,27519.958,9567.097,0,5552.369,0,520.911,3344,4404,0.820,1.290,1.240,2,0,0,0,0,18,311,0,27,0
23-04 13:38:54,21.424,4.733,60.785,11.210,0,5529308,163116,180124,2138748,8478.046,484.289,0,3806.551,0,356.740,7677,11859,0.820,1.290,1.240,2,2,0,0,0,18,311,0,28,0
23-04 13:38:55,21.507,4.501,66.020,6.002,0,5530292,161856,180124,2139024,9391.867,486.148,0,2260.690,0,215.066,7612,11245,1.080,1.340,1.250,2,0,0,0,0,18,311,0,28,0
23-04 13:38:56,20.987,3.998,62.961,9.744,0,5530492,161352,180124,2139328,8501.758,485.701,0,5080.867,0,430.734,7451,11770,1.080,1.340,1.250,3,2,0,0,0,18,311,0,28,0
23-04 13:38:57,13.494,3.499,75.468,6.247,0,5530656,161100,180124,2139416,3860.355,485.793,0,3702.422,0,248.894,5206,8207,1.080,1.340,1.250,0,0,1.000,0,0,18,312,0,29,0
23-04 13:38:58,3.251,0.750,90.031,4.001,0,5524452,167156,180124,2139564,5405.858,486.167,0,4921.691,0,691.238,2053,2042,1.080,1.340,1.250,1,0,1.000,0,0,18,313,0,30,0
23-04 13:38:59,3.997,0.500,94.678,0.250,0,5524912,166652,180128,2139604,8815.271,485.629,0,211.838,0,10.992,1476,1739,1.080,1.340,1.250,0,0,0,0,0,18,313,0,30,0
23-04 13:39:00,14.996,4.499,71.231,7.498,0,5525564,165900,180128,2139704,8091.841,539.856,0,2659.290,0,229.939,5579,8731,1.070,1.330,1.250,1,0,0,0,0,18,313,0,30,0
23-04 13:39:01,20.767,3.753,62.300,10.258,0,5525788,165396,180128,2139984,9471.568,486.389,0,2437.948,0,285.228,7551,11688,1.070,1.330,1.250,2,0,1.001,0,0,18,313,0,31,0
23-04 13:39:02,19.494,3.749,68.730,6.748,0,5526680,164136,180128,2140352,9692.167,485.858,271.921,1887.448,15.995,190.944,7079,10505,1.070,1.330,1.250,0,1,0,0,0,18,313,0,31,0
23-04 13:39:03,7.498,1.250,84.981,5.249,0,5528724,161896,180128,2140548,10449.618,539.877,0,2855.349,0,229.948,2239,3292,1.070,1.330,1.250,0,0,1.000,0,0,18,312,0,31,0
23-04 13:39:04,12.245,3.249,65.722,16.243,0,5535672,154840,180136,2140648,12222.749,3284.589,0,9527.907,0,439.811,4700,7665,1.070,1.330,1.250,0,1,0,0,0,18,312,0,34,0
23-04 13:39:05,9.508,2.002,78.063,8.507,0,5545880,144508,180136,2140772,9338.496,3191.562,64.051,4463.583,4.003,318.255,3533,5644,0.990,1.310,1.240,1,0,2.002,0,0,18,312,0,36,0
23-04 13:39:06,5.008,1.002,91.654,0.751,0,5546848,143500,180136,2140812,3744.279,540.907,0,592.994,0,54.091,1929,2835,0.990,1.310,1.240,1,0,0,0,0,18,313,0,36,0
23-04 13:39:07,10.981,2.246,81.361,4.243,0,5549896,140272,180136,2140992,14429.412,3097.721,0,1026.251,0,122.791,3359,4945,0.990,1.310,1.240,0,0,0,0,0,18,312,0,39,0
23-04 13:39:08,9.023,1.504,86.723,2.256,0,5557540,132460,180136,2141160,11965.729,2529.496,0,533.370,0,47.121,2473,3417,0.990,1.310,1.240,0,0,1.003,0,0,18,313,0,44,0
23-04 13:39:09,8.733,1.248,86.579,1.248,0,5559768,130192,180136,2141200,29550.604,10012.215,0,850.320,0,102.797,2655,3564,0.990,1.310,1.240,2,0,0,0,0,18,314,0,44,0
23-04 13:39:10,14.226,1.497,80.615,2.496,0,5559928,129940,180136,2141292,31537.222,11962.980,0,1361.721,0,136.771,3493,4762,0.990,1.300,1.240,0,0,0,0,0,18,312,0,47,0
23-04 13:39:11,12.519,1.502,81.621,2.003,0,5560368,129436,180140,2141352,34243.806,12024.841,0,1358.015,0,151.224,3591,4847,0.990,1.300,1.240,0,0,1.001,0,0,18,312,0,49,0
23-04 13:39:12,10.995,1.999,82.211,4.498,0,5561096,128428,180140,2141632,10001.258,485.770,15.992,1503.287,1.000,163.922,3659,5172,0.990,1.300,1.240,1,0,0,0,0,18,312,0,49,0
23-04 13:39:13,4.738,1.496,89.776,1.995,0,5561080,128428,180140,2141648,7318.779,538.659,0,1009.487,0,90.774,1902,2894,0.990,1.300,1.240,1,0,0,0,0,18,313,0,50,1
23-04 13:39:14,12.531,5.263,74.685,7.017,0,5577604,163916,180084,2090896,15482.359,3371.353,0,4098.154,0,297.738,4185,18211,0.990,1.300,1.240,1,0,36.089,0,0,18,312,0,55,0
23-04 13:39:15,11.751,3.250,75.757,7.501,0,5579820,161488,180084,2091108,10877.031,3231.306,0,3848.365,0,290.027,3871,6005,0.910,1.280,1.240,0,0,0,0,0,18,312,0,59,0
23-04 13:39:16,5.502,1.250,91.026,1.250,0,5574524,166760,180084,2091132,8038.299,540.154,0,472.135,0,47.013,1845,2528,0.910,1.280,1.240,0,0,0,0,0,18,312,0,60,0
23-04 13:39:17,5.498,1.000,91.464,0.750,0,5575008,166256,180084,2091152,10576.821,485.808,0,599.763,0,66.974,2162,3083,0.910,1.280,1.240,1,0,0,0,0,18,312,0,59,0
23-04 13:39:18,4.500,1.750,91.243,0.500,0,5575732,165504,180084,2091180,9860.201,485.961,0,519.958,0,49.996,2018,2701,0.910,1.280,1.240,0,0,6.000,0,0,18,312,0,59,0
23-04 13:39:19,5.251,1.250,85.511,7.501,0,5575556,165656,180084,2091204,10992.403,486.062,0,3640.465,0,456.058,2270,2932,0.910,1.280,1.240,1,2,0,0,0,18,312,0,59,0
23-04 13:39:20,6.003,1.251,86.548,4.503,0,5576284,164900,180084,2091232,6436.597,540.302,0,1805.009,0,309.173,2588,3675,0.830,1.260,1.230,5,0,0,0,0,18,313,0,61,0
23-04 13:39:21,6.244,1.499,89.419,2.248,0,5576116,164900,180084,2091400,12036.107,5816.736,0,1422.712,0,89.919,2242,3475,0.830,1.260,1.230,0,0,0.999,0,0,18,312,0,61,0
23-04 13:39:22,11.499,1.750,79.994,4.000,0,5576020,164900,180084,2091496,16409.764,4907.630,0,1735.869,0,200.985,3933,5634,0.830,1.260,1.230,0,0,0,0,0,18,312,0,64,0
23-04 13:39:23,12.755,2.501,77.282,6.753,0,5577732,163136,180084,2091548,17298.084,5096.087,0,1604.657,0,172.070,3763,5110,0.830,1.260,1.230,0,1,0,0,0,18,312,0,68,0
23-04 13:39:24,14.059,1.757,76.067,6.276,0,5577840,162884,180088,2091688,24497.012,9571.860,0,1514.306,0,160.669,3752,5135,0.830,1.260,1.230,0,4,0,0,0,18,312,0,70,0
23-04 13:39:25,2.731,1.738,84.410,8.689,0,5578016,162660,180088,2091736,9691.256,482.626,0,8139.106,0,692.162,2568,3810,0.850,1.250,1.230,0,1,0,0,0,18,313,0,70,0
23-04 13:39:26,10.528,2.256,81.218,5.515,0,5577836,162660,180088,2091916,11067.740,3293.851,16.043,2867.706,1.003,242.652,3667,5691,0.850,1.250,1.230,0,0,0,0,0,18,312,0,73,0
23-04 13:39:27,7.498,1.250,86.225,3.499,0,5577704,162660,180088,2092048,13467.045,3134.080,0,923.729,0,124.963,2822,4060,0.850,1.250,1.230,0,0,0,0,0,18,312,0,74,0
23-04 13:39:28,7.751,1.250,87.508,2.250,0,5577376,162660,180088,2092376,13520.296,2697.259,0,772.074,0,101.010,2667,3952,0.850,1.250,1.230,0,0,0,0,0,18,312,0,77,0
23-04 13:39:29,8.989,1.248,86.396,1.748,0,5577312,162660,180088,2092440,9812.143,2747.680,0,815.015,0,100.878,2636,3930,0.850,1.250,1.230,3,1,0,0,0,18,312,0,80,0
23-04 13:39:30,11.522,1.503,80.653,5.510,0,5577288,162660,180088,2092464,29664.373,9682.400,0,949.805,0,90.171,3105,4274,0.860,1.250,1.230,1,0,0,0,0,18,313,0,80,0
23-04 13:39:31,19.798,4.761,61.147,12.029,0,5574152,165432,180088,2092828,6891.585,487.172,16.039,5445.104,1.002,528.271,8273,13088,0.860,1.250,1.230,0,2,1.002,0,0,18,313,0,80,0
23-04 13:39:32,22.276,5.006,61.571,8.760,0,5575144,164256,180088,2093012,9501.020,486.564,32.037,5202.034,1.001,398.462,8117,12691,0.860,1.250,1.230,2,0,0,0,0,18,313,0,82,0
23-04 13:39:33,11.702,2.241,76.186,7.718,0,5575196,164004,180088,2093244,7094.776,537.785,0,3589.216,0,267.897,4492,6980,0.860,1.250,1.230,0,0,0,0,0,18,312,0,80,0
23-04 13:39:34,10.759,2.502,78.814,6.505,0,5575876,163248,180088,2093316,13614.119,3370.753,0,1897.550,0,186.152,3626,5518,0.860,1.250,1.230,1,1,0,0,0,18,312,0,83,0
23-04 13:39:35,6.525,1.757,86.580,3.513,0,5575696,163248,180088,2093496,7386.182,628.398,0,1766.741,0,174.666,2893,4350,0.790,1.230,1.220,1,0,0,0,0,18,313,0,84,0
23-04 13:39:36,3.480,0.746,93.215,0.994,0,5575680,163248,180088,2093512,9378.183,3096.232,0,974.408,0,81.532,1718,2590,0.790,1.230,1.220,2,0,0,0,0,18,313,0,84,0
23-04 13:39:37,10.254,2.001,82.780,2.751,0,5575440,163248,180092,2093748,10912.913,2697.967,0,1788.641,0,191.069,3868,6073,0.790,1.230,1.220,0,0,0,0,0,18,314,0,83,0
23-04 13:39:38,11.751,2.000,78.759,6.501,0,5575384,163248,180092,2093804,19108.098,5064.556,0,1452.159,0,156.017,3456,4990,0.790,1.230,1.220,1,0,0,0,0,18,315,0,85,0
23-04 13:39:39,13.021,2.003,78.128,5.759,0,5575284,163248,180092,2093904,23143.938,7242.873,0,1402.299,0,131.215,4432,6127,0.790,1.230,1.220,2,0,0,0,0,18,316,0,85,0
23-04 13:39:40,22.478,4.995,59.942,10.240,0,5575244,162996,180096,2094192,8981.346,539.480,31.969,6010.209,0.999,554.466,8879,14422,0.810,1.220,1.220,5,1,0,0,0,18,315,0,87,0
23-04 13:39:41,21.796,4.510,63.134,10.021,0,5574612,163332,180096,2094488,6776.351,487.031,0,9588.307,0,827.753,7671,11076,0.810,1.220,1.220,1,0,1.002,0,0,18,316,0,83,0
23-04 13:39:42,20.504,4.001,64.514,8.502,0,5574672,163080,180096,2094680,8586.875,486.106,0,2740.599,0,278.061,7301,11627,0.810,1.220,1.220,1,0,1.000,0,0,18,315,0,85,0
23-04 13:39:43,21.238,4.747,60.965,11.743,0,5574612,162828,180096,2094992,9611.541,633.640,0,2666.486,0,286.837,6979,10841,0.810,1.220,1.220,1,0,0,0,0,18,315,0,85,0
23-04 13:39:44,21.531,4.256,65.343,8.011,0,5575072,162072,180096,2095288,4098.836,486.693,16.023,5195.397,1.001,395.563,6760,11238,0.810,1.220,1.220,3,1,0,0,0,18,315,0,88,0
23-04 13:39:45,20.016,5.004,59.548,13.511,0,5575428,161568,180104,2095428,3107.526,486.395,0,4879.967,0,434.353,7699,12373,0.900,1.240,1.220,0,1,0,0,0,18,315,0,86,0
23-04 13:39:46,19.006,3.751,65.522,8.753,0,5576356,160364,180104,2095704,8744.903,486.161,0,3305.097,0,408.135,7271,11076,0.900,1.240,1.220,0,2,0,0,0,18,315,0,88,0
23-04 13:39:47,14.686,3.236,68.700,11.450,0,5575484,160988,180108,2095948,9428.861,483.889,0,7578.933,0,754.707,6032,8645,0.900,1.240,1.220,0,0,0,0,0,18,314,0,88,0
23-04 13:39:48,13.248,3.249,80.486,2.000,0,5624328,130788,180108,2078064,29460.744,9782.255,15.997,1071.809,1.000,89.984,3232,4048,0.900,1.240,1.220,1,0,1.000,0,0,18,314,0,89,0
23-04 13:39:49,7.253,3.001,87.533,1.250,0,5630548,125928,180108,2076704,9147.457,486.184,0,880.333,0,69.026,3645,5680,0.900,1.240,1.220,2,0,3.001,0,0,18,315,0,89,0
23-04 13:39:50,11.499,2.500,72.495,11.499,0,5630532,125672,180108,2076976,14188.102,3221.796,47.997,4015.746,2.000,341.978,4473,6773,1.070,1.270,1.230,2,0,2.000,0,0,18,314,0,87,0
23-04 13:39:51,14.000,2.500,72.002,9.250,0,5630436,125672,180108,2077072,20630.698,6970.236,0,5060.171,0,372.013,4514,6812,1.070,1.270,1.230,1,0,1.000,0,0,18,315,0,91,0
23-04 13:39:52,10.249,1.750,83.740,3.000,0,5630388,125672,180108,2077120,24677.087,9662.859,0,747.912,0,65.992,2767,3380,1.070,1.270,1.230,1,0,0,0,0,18,315,0,91,0
23-04 13:39:53,9.999,1.000,85.240,2.500,0,5630156,125672,180108,2077352,24171.240,5312.393,0,859.902,0,81.991,3034,3843,1.070,1.270,1.230,2,1,0,0,0,18,315,0,91,0
23-04 13:39:54,3.000,0.750,91.263,2.750,0,5630128,125672,180108,2077380,13962.949,486.068,0,888.124,0,71.010,1950,2879,1.070,1.270,1.230,0,0,0,0,0,18,314,0,85,0
23-04 13:39:55,11.498,2.499,80.484,3.999,0,5630292,125420,180108,2077468,8507.259,3224.340,0,1595.673,0,198.959,3855,5781,0.990,1.250,1.220,0,0,0,0,0,18,314,0,89,0
23-04 13:39:56,10.538,2.258,79.786,6.273,0,5630336,125168,180108,2077676,12699.597,3289.812,0,1549.564,0,157.566,3553,5011,0.990,1.250,1.220,0,1,0,0,0,18,314,0,93,0
23-04 13:39:57,5.755,1.501,73.818,17.766,0,5629836,125644,180108,2077700,6448.968,486.450,0,4548.209,0,602.558,2619,3378,0.990,1.250,1.220,2,1,0,0,0,18,314,0,95,0
23-04 13:39:58,1.495,0.996,94.167,0.996,0,5630252,125216,180108,2077712,13563.068,484.289,0,1518.633,0,88.687,1514,2214,0.990,1.250,1.220,2,0,0,0,0,18,315,0,94,0
23-04 13:39:59,6.244,1.498,88.910,2.747,0,5630464,124964,180108,2077752,11200.716,485.511,0,875.118,0,83.915,2356,3126,0.990,1.250,1.220,0,0,0,0,0,18,314,0,96,0
23-04 13:40:00,14.279,2.756,70.646,10.522,0,5630368,124964,180108,2077848,12100.977,5058.441,0,3559.347,0,305.631,4422,6574,0.910,1.220,1.220,1,1,0,0,0,18,315,0,102,0
23-04 13:40:01,17.242,3.249,68.969,7.497,0,5630372,124712,180108,2078096,29689.649,9651.660,0,5185.668,0,352.841,5301,8091,0.910,1.220,1.220,2,0,1.000,0,0,18,315,0,103,0
23-04 13:40:02,22.301,3.508,65.399,8.018,0,5630268,124712,180108,2078200,7262.596,487.113,0,2758.303,0,326.747,5984,9160,0.910,1.220,1.220,3,0,0,0,0,18,315,0,102,0
23-04 13:40:03,22.763,4.252,67.288,3.752,0.250,5630972,123704,180108,2078504,8652.844,486.272,0,2033.138,0,195.109,8258,12431,0.910,1.220,1.220,1,0,0,0,0,18,315,0,106,0
23-04 13:40:04,6.470,1.493,88.595,1.244,0,5630800,123704,180108,2078676,6215.566,483.787,0,1596.696,0,158.276,3185,4930,0.910,1.220,1.220,1,0,0,0,0,18,314,0,106,0
23-04 13:40:05,11.748,3.749,74.739,8.999,0.250,5628748,234856,179768,1976504,13094.029,3279.506,0,2507.623,0,224.966,4192,6033,1.080,1.250,1.230,0,0,2.000,0,0,18,314,0,110,0
23-04 13:40:06,4.772,1.005,90.157,3.014,0,5624260,239324,179768,1976524,8696.305,488.207,0,1193.394,0,92.418,2121,2949,1.080,1.250,1.230,0,0,0,0,0,18,315,0,106,0
23-04 13:40:07,12.951,1.992,76.957,6.475,0,5624176,239340,179768,1976592,18376.107,7758.491,0,2048.210,0,149.432,3406,4957,1.080,1.250,1.230,1,1,0,0,0,18,314,0,110,0
23-04 13:40:08,8.246,1.249,84.958,4.748,0,5624256,239088,179768,1976764,6436.842,2521.763,0,1075.472,0,78.961,2404,3370,1.080,1.250,1.230,0,0,0,0,0,18,315,0,115,0
23-04 13:40:09,4.020,2.010,90.191,2.512,0,5626452,236836,179772,1976816,11749.422,663.241,40.196,836.086,7.034,73.359,2070,2770,1.080,1.250,1.230,0,1,4.020,0,0,18,314,0,117,0
23-04 13:40:10,15.489,1.999,73.200,6.745,0,5626252,236964,179772,1976888,45400.921,18565.291,0,5668.120,0,387.735,4215,5935,1.070,1.250,1.230,3,2,0,0,0,18,315,0,109,0
23-04 13:40:11,5.725,0.996,90.358,1.742,0,5630012,233184,179772,1976908,27796.383,9078.605,0,1091.265,0,58.745,1652,2209,1.070,1.250,1.230,0,0,0.996,0,0,18,316,0,109,0
23-04 13:40:12,8.253,1.751,86.277,2.001,0,5629976,233184,179772,1976944,26176.284,9643.052,0,1132.358,0,129.041,2684,3656,1.070,1.250,1.230,1,0,0,0,0,18,315,0,110,0
23-04 13:40:13,22.104,3.768,65.057,6.782,0,5629796,233184,179772,1977124,11735.428,729.445,0,3520.628,0,372.761,7549,11908,1.070,1.250,1.230,2,0,0,0,0,18,315,0,110,0
23-04 13:40:14,21.701,5.488,59.367,11.973,0,5652724,209932,179772,1977428,6524.348,484.911,0,3053.143,0,271.391,7040,22468,1.070,1.250,1.230,1,1,35.919,0,0,18,315,0,105,0
23-04 13:40:15,20.299,5.012,65.659,7.518,0,5652428,209932,179772,1977744,3675.883,541.308,0,2165.232,0,231.560,7138,11357,1.060,1.250,1.220,1,0,0,0,0,18,314,0,108,0
23-04 13:40:16,1.990,0.746,95.253,0.249,0,5652424,209932,179772,1977748,4168.236,525.257,0,799.824,0,48.745,1325,2007,1.060,1.250,1.220,1,0,0,0,0,18,315,0,108,0
23-04 13:40:17,12.754,2.001,78.774,4.751,0,5652212,209932,179772,1977960,30446.323,9732.980,0,1492.457,0,142.043,3935,5219,1.060,1.250,1.220,0,0,0,0,0,18,314,0,109,0
23-04 13:40:18,12.485,2.996,68.668,13.484,0,5644844,217220,179772,1978040,7350.270,485.423,0,5445.532,0,695.174,5232,7059,1.060,1.250,1.220,2,1,5.993,0,0,18,315,0,103,0
23-04 13:40:19,22.249,5.000,58.749,12.250,0,5644688,216716,179772,1978700,10490.750,485.988,0,7283.826,0,599.986,8124,13277,1.060,1.250,1.220,1,0,0,0,0,18,315,0,103,0
23-04 13:40:20,21.069,4.264,65.213,7.775,0,5645444,215708,179772,1978952,9017.409,487.590,0,5582.206,0,365.191,6882,10335,1.060,1.240,1.220,1,0,0,0,0,18,316,0,106,0
23-04 13:40:21,12.223,2.245,79.571,4.240,0,5645340,215708,179772,1979056,13524.628,3244.713,0,2215.026,0,221.503,4348,6516,1.060,1.240,1.220,0,0,0.998,0,0,18,314,0,108,0
23-04 13:40:22,11.007,3.752,78.300,5.253,0,5648376,212576,179772,1979152,10236.518,3254.072,0,1781.134,0,197.126,3934,5652,1.060,1.240,1.220,1,0,0,0,0,18,314,0,104,0
23-04 13:40:23,7.260,1.752,86.615,3.004,0,5648896,212008,179772,1979200,4406.874,540.721,0,1481.976,0,142.190,2620,3937,1.060,1.240,1.220,2,0,0,0,0,18,315,0,104,0
23-04 13:40:24,5.989,1.497,69.368,21.210,0,5648796,211872,179772,1979436,13717.813,3246.802,0,6675.257,0,775.520,3161,4221,1.060,1.240,1.220,0,0,0,0,0,18,314,0,106,0
23-04 13:40:25,12.777,3.257,71.151,11.274,0,5649576,210864,179772,1979664,13449.637,3258.939,0,4862.353,0,413.881,4635,7176,1.050,1.240,1.220,1,0,0,0,0,18,314,0,109,0
23-04 13:40:26,12.518,2.003,79.363,4.256,0,5649248,211116,179772,1979740,8498.134,2700.856,0,3300.713,0,191.273,3391,4556,1.050,1.240,1.220,1,0,0,0,0,18,314,0,101,0
23-04 13:40:27,9.965,0.996,76.979,9.965,0,5649200,211116,179772,1979788,28719.945,9630.115,0,924.746,0,94.667,2946,3974,1.050,1.240,1.220,5,0,0,0,0,18,315,0,102,0
23-04 13:40:28,9.993,1.499,85.444,1.749,0,5649264,210864,179772,1979976,30171.281,11933.201,0,1031.326,0,109.928,2836,3954,1.050,1.240,1.220,0,0,0,0,0,18,314,0,102,0
23-04 13:40:29,12.755,1.501,75.280,8.003,0,5649428,210640,179772,1980036,33556.174,11813.638,0,2508.985,0,413.162,3913,4949,1.050,1.240,1.220,1,1,0,0,0,18,314,0,102,0
23-04 13:40:30,12.754,2.251,79.778,3.751,0,5649604,210416,179772,1980084,28403.819,11573.001,0,2660.920,0,271.094,3677,4924,1.130,1.250,1.230,0,0,0,0,0,18,315,0,96,0
23-04 13:40:31,10.295,2.762,78.344,7.282,0,5649656,210164,179772,1980284,6371.007,729.206,16.071,1522.694,1.004,157.693,4246,6538,1.130,1.250,1.230,1,0,1.004,0,0,18,316,0,97,0
23-04 13:40:32,18.659,4.478,61.947,12.937,0,5649788,209912,179772,1980404,8936.242,483.632,0,3459.062,0,352.275,6549,10189,1.130,1.250,1.230,1,0,0,0,0,18,315,0,97,0
23-04 13:40:33,21.008,4.002,65.275,7.503,0,5650024,209408,179772,1980672,6551.540,486.188,0,4773.851,0,367.142,7490,11769,1.130,1.250,1.230,0,1,0,0,0,18,315,0,98,0
23-04 13:40:34,20.354,4.021,63.074,10.554,0.251,5649816,209184,179772,1981104,4388.527,542.786,96.495,5037.860,5.026,372.914,7444,11497,1.130,1.250,1.230,1,0,0,0,0,18,315,0,102,0
23-04 13:40:35,21.159,4.481,63.478,8.215,0,5642176,216520,179772,1981408,10172.367,483.924,0,2712.366,0,284.778,7416,11373,1.120,1.250,1.220,0,1,0,0,0,18,315,0,100,0
23-04 13:40:36,21.321,4.264,64.966,7.776,0,5642348,216016,179772,1981740,6560.838,487.623,32.107,3724.397,1.003,351.169,7450,11864,1.120,1.250,1.220,1,0,0,0,0,18,315,0,101,0
23-04 13:40:37,21.419,4.981,62.515,8.966,0,5643924,214292,179772,1981872,8953.351,484.180,0,6252.501,0,465.251,7377,12036,1.120,1.250,1.220,3,0,0,0,0,18,314,0,103,0
23-04 13:40:38,5.774,1.506,87.608,4.016,0,5644248,213788,179772,1982052,14150.825,3355.713,0,4229.282,0,192.788,2409,3708,1.120,1.250,1.220,0,2,0,0,0,18,315,0,103,0
23-04 13:40:39,4.729,1.244,84.616,8.213,0,5644212,213788,179776,1982084,7935.956,3134.762,0,1676.386,0,151.313,2185,3506,1.120,1.250,1.220,0,0,0,0,0,18,314,0,96,0
23-04 13:40:40,9.998,2.000,82.235,2.999,0,5644620,213284,179776,1982180,18588.617,3149.427,0,1451.736,0,150.973,3894,5654,1.030,1.220,1.220,0,0,0,0,0,18,314,0,97,0
23-04 13:40:41,8.251,1.500,88.012,2.000,0,5644576,213284,179776,1982224,15033.026,2697.364,0,1376.186,0,140.019,2711,3658,1.030,1.220,1.220,0,0,1.000,0,0,18,314,0,97,0
23-04 13:40:42,7.995,1.499,85.943,2.498,0,5644628,213032,179776,1982424,13507.970,3145.897,0,1211.190,0,117.921,2815,4092,1.030,1.220,1.220,0,0,0,0,0,18,314,0,97,0
23-04 13:40:43,5.783,1.257,91.781,1.006,0,5645060,212532,179776,1982492,12429.978,2608.103,0,675.914,0,46.268,1922,2643,1.030,1.220,1.220,1,0,0,0,0,18,315,0,91,0
23-04 13:40:44,3.749,1.500,88.984,4.499,0,5645044,212532,179776,1982508,14850.258,753.861,0,995.816,0,89.983,2002,2985,1.030,1.220,1.220,1,0,0,0,0,18,315,0,91,0
23-04 13:40:45,7.976,1.495,79.506,9.471,0,5644972,212532,179776,1982580,16635.011,3194.209,0,4394.530,0,527.383,3381,4442,0.950,1.200,1.210,0,1,0,0,0,18,314,0,91,0
23-04 13:40:46,6.487,1.747,88.324,2.495,0,5645272,212056,179776,1982756,7758.513,2691.627,0,2111.785,0,319.363,2805,3791,0.950,1.200,1.210,0,0,0,0,0,18,314,0,91,0
23-04 13:40:47,9.004,2.001,84.040,3.752,0,5645200,212056,179776,1982828,8000.801,3151.497,0,1528.726,0,176.084,3281,4755,0.950,1.200,1.210,0,0,0,0,0,18,314,0,86,0
23-04 13:40:48,10.296,1.758,78.602,7.283,0,5645120,212056,179776,1982908,33944.141,11795.870,0,4419.810,0,275.234,3406,4910,0.950,1.200,1.210,0,1,0,0,0,18,314,0,86,0
23-04 13:40:49,9.244,1.749,84.448,2.998,0,5645556,211552,179776,1982976,9198.360,2521.454,0,2938.198,0,206.873,3457,5029,0.950,1.200,1.210,0,0,0,0,0,18,315,0,88,0
23-04 13:40:50,5.977,1.743,86.162,4.731,0,5645864,211060,179776,1983160,11011.865,657.425,0,976.176,0,103.594,2516,3719,0.870,1.180,1.200,2,0,0.996,0,0,18,314,0,88,0
23-04 13:40:51,11.248,2.500,75.735,8.498,0,5649624,207124,179776,1983336,30331.976,11740.668,0,5194.968,0,638.873,4823,6937,0.870,1.180,1.200,0,0,3.999,0,0,18,314,0,81,0
23-04 13:40:52,20.855,5.276,61.559,11.307,0.251,5645900,210704,179776,1983480,8300.622,488.449,0,2713.607,0,289.451,7094,10846,0.870,1.180,1.200,2,0,3.015,0,0,18,315,0,84,0
23-04 13:40:53,21.692,4.737,64.578,7.231,0,5646696,209700,179776,1983736,8896.272,484.707,0,2533.243,0,273.271,7712,11795,0.870,1.180,1.200,1,0,0.997,0,0,18,315,0,85,0
23-04 13:40:54,20.211,4.242,64.126,9.731,0,5647132,208972,179776,1984024,3873.526,485.064,47.908,2523.131,2.994,248.520,6673,10067,0.870,1.180,1.200,1,1,0,0,0,18,314,0,87,0
23-04 13:40:55,4.253,1.251,87.565,5.254,0,5647996,208044,179776,1984088,3548.646,540.403,0,3262.433,0,206.154,2218,3494,0.800,1.160,1.200,1,1,0,0,0,18,315,0,82,0
23-04 13:40:56,11.236,2.746,70.160,13.233,0,5647936,207972,179776,1984220,10409.579,485.374,0,4753.871,0,386.502,4763,7568,0.800,1.160,1.200,0,0,0,0,0,18,314,0,84,0
23-04 13:40:57,10.766,2.003,83.372,2.504,0,5647708,207972,179780,1984444,6324.285,486.715,0,1662.441,0,156.229,4078,5942,0.800,1.160,1.200,1,0,0,0,0,18,315,0,84,0
23-04 13:40:58,20.223,3.995,64.663,8.239,0,5646268,209288,179780,1984568,9230.609,485.348,0,3750.965,0,389.477,7391,11641,0.800,1.160,1.200,1,0,0,0,0,18,315,0,85,0
23-04 13:40:59,20.750,4.000,64.750,8.750,0,5646828,208460,179780,1984836,6873.967,485.998,0,2007.990,0,199.999,6883,10496,0.800,1.160,1.200,2,0,0,0,0,18,315,0,79,0
23-04 13:41:00,20.009,4.502,63.278,10.505,0,5646932,208236,179780,1984956,8698.805,486.213,0,2176.952,0,214.094,6690,10154,0.820,1.160,1.200,0,1,0,0,0,18,315,0,79,0
23-04 13:41:01,21.241,4.498,62.474,9.996,0,5654780,200172,179780,1985172,9393.017,485.794,0,4494.094,0,404.828,7554,11689,0.820,1.160,1.200,1,1,1.000,0,0,18,315,0,79,0
23-04 13:41:02,17.575,5.775,59.503,15.315,0,5646472,200816,179784,1992832,6268.627,488.073,0,10633.165,0,1110.718,6792,9574,0.820,1.160,1.200,1,0,2.009,0,0,18,315,0,80,0
23-04 13:41:03,2.987,1.245,93.588,0.996,0,5646464,200816,179784,1992824,9499.143,483.868,0,1298.279,0,158.302,1506,1832,0.820,1.160,1.200,0,0,0,0,0,18,315,0,68,0
23-04 13:41:04,20.057,4.513,62.427,10.530,0,5646464,200564,179788,1993072,7430.050,487.381,4.011,2394.785,1.003,290.824,7162,11567,0.820,1.160,1.200,1,0,0,0,0,18,315,0,68,0
23-04 13:41:05,23.955,4.741,64.878,5.490,0,5647168,199556,179788,1993376,7777.351,485.086,0,2619.067,0,282.468,7507,11953,0.830,1.160,1.190,2,0,1.996,0,0,18,315,0,71,0
23-04 13:41:06,20.739,3.998,65.465,7.996,0,5646900,199556,179788,1993644,10786.240,539.712,0,2422.706,0,283.848,7371,11546,0.830,1.160,1.190,3,0,0,0,0,18,315,0,72,0
23-04 13:41:07,17.499,4.000,63.246,12.999,0,5646604,199556,179792,1993936,5917.620,485.969,0,3611.768,0,313.980,6696,10734,0.830,1.160,1.190,1,2,0,0,0,18,315,0,63,0
23-04 13:41:08,20.332,4.769,59.240,13.555,0,5646508,199556,179792,1994032,8184.152,487.977,0,9020.540,0,664.692,7689,12367,0.830,1.160,1.190,1,0,1.004,0,0,18,315,0,63,0
23-04 13:41:09,19.667,3.236,68.212,7.468,0,5647972,197804,179792,1994320,9031.861,483.956,0,1155.122,0,127.462,6746,10328,0.830,1.160,1.190,0,1,0,0,0,18,315,0,64,0
23-04 13:41:10,25.341,3.763,61.219,8.029,0,5648732,196796,179792,1994568,23824.105,9566.172,0,3869.824,0,259.929,6980,9946,0.920,1.170,1.200,1,0,0,0,0,18,314,0,65,0
23-04 13:41:11,4.996,0.500,86.677,5.745,0,5648800,196548,179792,1994748,14509.742,3352.168,0,1338.869,0,109.907,2132,3255,0.920,1.170,1.200,1,0,0.999,0,0,18,315,0,55,0
23-04 13:41:12,10.720,2.244,75.288,10.221,0,5650524,194784,179792,1994800,32570.131,11841.599,0,10275.018,0,239.325,4652,4485,0.920,1.170,1.200,0,0,1.994,0,0,18,314,0,55,0
23-04 13:41:13,10.001,2.500,80.505,5.250,0,5650556,194532,179792,1995020,14239.843,3214.190,0,1816.108,0,184.011,3669,5520,0.920,1.170,1.200,0,0,0,0,0,18,314,0,56,0
23-04 13:41:14,9.525,2.005,79.705,8.021,0,5651000,194032,179792,1995076,6097.685,487.253,16.041,3164.139,1.003,212.547,3377,5009,0.920,1.170,1.200,1,3,4.010,0,0,18,315,0,56,0
23-04 13:41:15,14.721,3.992,68.616,10.729,0,5659044,185904,179792,1995160,12844.861,2518.072,0,4563.070,0,341.332,5449,17538,0.850,1.150,1.190,2,0,31.937,0,0,18,315,0,57,0
23-04 13:41:16,9.771,1.754,86.933,1.754,0,5659100,185652,179792,1995356,29182.394,9954.943,0,945.990,0,87.183,2627,3487,0.850,1.150,1.190,1,0,0,0,0,18,315,0,51,0
23-04 13:41:17,20.480,4.246,64.937,8.242,0,5658964,185652,179792,1995492,5772.437,485.532,0,3232.884,0,384.629,7931,12652,0.850,1.150,1.190,4,0,0,0,0,18,315,0,51,0
23-04 13:41:18,19.256,4.751,59.769,13.254,0,5659688,184648,179796,1995768,5516.722,486.152,0,6866.144,0,596.186,7754,13036,0.850,1.150,1.190,3,0,6.002,0,0,18,315,0,51,0
23-04 13:41:19,19.442,4.736,59.823,13.709,0,5660184,183892,179796,1996028,10633.452,484.562,0,6979.294,0,466.616,7725,12648,0.850,1.150,1.190,2,0,0,0,0,18,315,0,51,0
23-04 13:41:20,15.267,3.504,74.083,5.756,0,5660300,183640,179796,1996164,10773.998,3219.585,0,1950.172,0,219.244,5188,8235,0.940,1.170,1.200,1,0,0,0,0,18,314,0,50,0
23-04 13:41:21,8.248,2.499,82.227,5.998,0,5664056,179356,179796,1996692,8262.693,485.864,503.859,1075.700,17.995,75.979,2905,4102,0.940,1.170,1.200,2,0,1.000,0,0,18,315,0,51,0
23-04 13:41:22,12.256,1.501,81.293,2.501,0,5663848,179356,179796,1996900,27713.533,11815.196,0,1528.802,0,155.081,3710,5569,0.940,1.170,1.200,0,0,0,0,0,18,314,0,51,0
23-04 13:41:23,16.249,3.500,71.996,6.500,0,5663720,179356,179796,1997028,8018.593,485.975,31.998,2831.856,1.000,311.984,6343,9898,0.940,1.170,1.200,2,0,0,0,0,18,315,0,51,0
23-04 13:41:24,20.828,3.764,63.990,8.783,0,5663468,179356,179796,1997280,9443.476,487.833,0,2971.162,0,315.184,7497,11235,0.940,1.170,1.200,2,0,0,0,0,18,315,0,45,0
23-04 13:41:25,20.665,4.233,65.730,7.469,0,5663188,179356,179796,1997560,4808.219,484.009,0,4425.792,0,341.595,6952,10969,0.950,1.160,1.200,0,1,0,0,0,18,315,0,45,0
23-04 13:41:26,9.752,2.250,76.012,10.252,0,5663268,179104,179796,1997732,9481.529,3268.527,0,4960.800,0,371.060,3935,6210,0.950,1.160,1.200,0,0,0,0,0,18,314,0,46,0
23-04 13:41:27,13.508,1.751,78.045,4.503,0,5662252,179916,179796,1997936,33486.347,13662.894,0,1080.624,0,108.062,3405,4531,0.950,1.160,1.200,0,0,0,0,0,18,315,0,47,0
23-04 13:41:28,19.730,1.748,73.925,3.746,0,5662540,179412,179796,1998152,60090.767,25618.894,0,1114.864,0,117.880,3913,4856,0.950,1.160,1.200,2,0,0,0,0,18,316,0,42,0
23-04 13:41:29,14.564,1.004,81.106,2.260,0,5662608,179160,179796,1998336,64257.314,26420.077,0,626.754,0,59.260,2815,2978,0.950,1.160,1.200,2,0,0,0,0,18,315,0,42,0
23-04 13:41:30,17.432,1.992,75.206,3.486,0,5663788,177648,179796,1998668,49033.555,20971.121,0,1119.629,0,121.526,3958,5065,0.870,1.140,1.190,0,0,0,0,0,18,314,0,42,0
23-04 13:41:31,17.075,3.516,72.320,6.278,0,5663928,177396,179796,1998780,10013.254,488.157,0,2081.198,0,233.030,5714,8826,0.870,1.140,1.190,1,0,1.004,0,0,18,315,0,42,0
23-04 13:41:32,20.245,3.499,61.485,12.247,0,5664372,176640,179796,1999092,6107.470,485.878,0,3503.123,0,359.910,7261,11332,0.870,1.140,1.190,4,1,0,0,0,18,315,0,40,0
23-04 13:41:33,16.258,3.752,60.279,18.259,0,5665036,175884,179796,1999184,4984.372,486.231,0,12830.105,0,617.294,6017,9369,0.870,1.140,1.190,3,0,0,0,0,18,315,0,42,0
23-04 13:41:34,15.923,3.732,71.904,7.464,0.249,5665532,175128,179796,1999444,14001.624,3212.541,0,2440.257,0,264.726,5478,8711,0.870,1.140,1.190,0,0,0,0,0,18,314,0,44,0
23-04 13:41:35,9.252,1.250,83.267,3.501,0,5665988,174624,179796,1999492,15929.165,4705.935,0,1404.279,0,144.029,3200,4784,0.880,1.140,1.190,0,0,0,0,0,18,315,0,44,0
23-04 13:41:36,9.002,1.250,87.270,1.250,0,5665964,174624,179796,1999516,16371.827,5314.242,0,644.151,0,38.009,1949,2226,0.880,1.140,1.190,1,0,0,0,0,18,315,0,35,0
23-04 13:41:37,11.744,1.499,81.456,3.498,0,5665904,174624,179796,1999576,33782.582,11736.601,0,1467.200,0,151.917,3380,4604,0.880,1.140,1.190,1,0,0,0,0,18,314,0,35,0
23-04 13:41:38,18.839,3.517,72.341,4.521,0,5666288,174120,179800,1999692,9139.124,488.304,0,3203.114,0,275.299,6307,9755,0.880,1.140,1.190,3,0,0,0,0,18,315,0,35,0
23-04 13:41:39,19.428,4.234,63.016,10.959,0,5666588,173364,179800,2000148,9001.575,484.202,31.882,3216.058,0.996,354.683,7392,11766,0.880,1.140,1.190,1,2,0,0,0,18,315,0,35,0
23-04 13:41:40,21.243,4.498,63.729,8.747,0,5664996,174712,179800,2000408,8038.309,539.819,0,6337.879,0,412.862,7305,11124,0.890,1.140,1.190,1,0,0,0,0,18,315,0,33,0
23-04 13:41:41,7.747,1.250,82.467,6.248,0,5665436,174208,179800,2000472,8242.751,3210.734,0,3030.805,0,163.935,3039,4755,0.890,1.140,1.190,0,0,1.000,0,0,18,314,0,34,0
23-04 13:41:42,10.751,1.500,82.256,4.000,0,5665260,174208,179800,2000648,25985.052,6916.546,0,1100.087,0,110.009,3041,4132,0.890,1.140,1.190,0,0,0,0,0,18,315,0,34,0
23-04 13:41:43,15.538,3.007,76.937,3.258,0,5665556,173704,179800,2000856,22576.794,5420.155,0,1908.632,0,213.518,5026,7578,0.890,1.140,1.190,1,0,0,0,0,18,315,0,34,0
23-04 13:41:44,21.941,4.488,62.830,9.225,0,5665360,173704,179800,2001052,3809.703,484.690,0,3821.670,0,370.000,7350,11540,0.890,1.140,1.190,1,0,0,0,0,18,315,0,34,0
23-04 13:41:45,22.525,5.006,66.573,4.755,0,5666844,171940,179800,2001332,9741.738,486.536,0,2238.468,0,229.253,7952,12663,0.980,1.150,1.190,2,0,0,0,0,18,315,0,37,0
23-04 13:41:46,18.986,3.497,61.954,13.740,0,5666820,171688,179800,2001608,8299.885,485.642,0,4188.914,0,426.686,7218,11549,0.980,1.150,1.190,2,0,0,0,0,18,315,0,39,0
23-04 13:41:47,20.590,4.771,60.011,12.555,0,5667448,170932,179800,2001736,8666.708,488.124,0,5994.080,0,421.835,7399,11402,0.980,1.150,1.190,1,0,0,0,0,18,315,0,39,0
23-04 13:41:48,24.182,3.490,61.327,9.224,0,5667924,170176,179800,2002016,28248.340,9571.010,0,3785.325,0,301.151,6937,10204,0.980,1.150,1.190,2,0,0,0,0,18,314,0,41,0
23-04 13:41:49,5.514,1.504,86.466,5.263,0,5667896,170176,179800,2002044,7740.299,3234.063,0,5277.158,0,295.737,2530,3584,0.980,1.150,1.190,3,0,0,0,0,18,315,0,41,0
23-04 13:41:50,6.968,1.742,82.875,6.720,0,5668192,169684,179800,2002224,13433.273,3217.455,0,1768.007,0,187.154,3226,4843,0.900,1.130,1.180,0,0,0,0,0,18,314,0,41,0
23-04 13:41:51,10.502,1.750,82.017,3.501,0,5668832,168940,179800,2002328,13977.923,2763.578,0,1868.391,0,168.035,3778,5446,0.900,1.130,1.180,0,0,2.000,0,0,18,314,0,42,0
23-04 13:41:52,12.254,2.751,82.775,0.750,0,5674448,163144,179800,2002508,23864.107,7298.173,0,1256.374,0,119.035,4408,6533,0.900,1.130,1.180,1,0,3.001,0,0,18,315,0,37,0
23-04 13:41:53,11.003,2.751,77.518,7.752,0,5674424,163144,179800,2002532,17278.008,4988.157,0,4521.049,0,349.081,4230,6415,0.900,1.130,1.180,0,2,2.000,0,0,18,315,0,39,0
23-04 13:41:54,19.768,4.504,61.806,12.011,0,5674420,162892,179800,2002788,9288.423,486.441,0,7046.390,0,629.571,6992,11343,0.900,1.130,1.180,1,1,1.001,0,0,18,315,0,39,0
23-04 13:41:55,22.799,4.009,64.390,7.516,0,5674632,162388,179800,2003080,6900.963,487.056,0,2268.919,0,244.530,7769,12108,0.910,1.130,1.180,0,1,0,0,0,18,315,0,40,0
23-04 13:41:56,21.184,3.988,68.288,4.735,0,5676120,160624,179804,2003352,5111.166,484.499,15.951,2308.847,0.997,228.293,7288,11122,0.910,1.130,1.180,0,1,0,0,0,18,315,0,34,0
23-04 13:41:57,7.746,1.249,81.709,7.496,0,5676044,160624,179804,2003428,7736.109,3255.363,0,2266.860,0,185.906,2999,4588,0.910,1.130,1.180,0,0,0,0,0,18,314,0,35,0
23-04 13:41:58,12.501,2.250,80.508,4.000,0,5675968,160624,179804,2003504,33242.167,12206.163,16.002,1740.166,1.000,154.015,3480,4825,0.910,1.130,1.180,0,0,0,0,0,18,314,0,35,0
23-04 13:41:59,12.792,2.759,72.486,10.033,0,5675864,160624,179804,2003608,9079.592,487.589,0,2195.154,0,224.732,5118,7999,0.910,1.130,1.180,2,1,0,0,0,18,315,0,35,0
23-04 13:42:00,18.724,4.244,59.168,15.728,0,5675868,160372,179804,2003856,8465.305,485.329,15.978,7789.239,0.999,558.229,7140,10993,1,1.150,1.190,2,0,0,0,0,18,315,0,35,0
23-04 13:42:01,20.805,4.261,63.168,10.277,0,5675676,160372,179804,2004048,7204.187,487.298,0,3004.001,0,355.948,7358,11593,1,1.150,1.190,1,0,1.003,0,0,18,315,0,32,0
23-04 13:42:02,20.497,4.999,67.489,4.999,0,5676756,158860,179804,2004480,11197.161,485.920,0,1999.672,0,188.969,7410,11330,1,1.150,1.190,1,0,0,0,0,18,315,0,32,0
23-04 13:42:03,9.457,1.991,79.393,7.218,0,5676940,158608,179804,2004548,13556.079,3229.487,0,2042.820,0,220.011,3618,5585,1,1.150,1.190,0,0,0,0,0,18,314,0,33,0
23-04 13:42:04,12.254,1.751,79.779,4.001,0,5676748,158608,179804,2004740,24672.835,9535.414,0,1868.669,0,180.064,3706,5273,1,1.150,1.190,0,0,0,0,0,18,314,0,33,0
23-04 13:42:05,9.243,2.748,69.701,16.988,0,5676928,158384,179804,2004784,8522.957,2695.089,0,8298.116,0,573.593,3836,5716,1,1.140,1.180,1,1,1.999,0,0,18,314,0,32,0
23-04 13:42:06,13.811,1.758,77.092,5.022,0,5676852,158384,179804,2004860,29151.279,9707.048,0,3728.535,0,256.136,3990,5527,1,1.140,1.180,1,0,0,0,0,18,315,0,32,0
23-04 13:42:07,21.215,4.992,64.394,8.486,0,5677572,157376,179804,2005148,7874.020,485.200,0,4073.285,0,387.361,7844,12044,1,1.140,1.180,1,0,0,0,0,18,315,0,33,0
23-04 13:42:08,21.772,3.754,63.313,9.009,0,5677260,157376,179808,2005456,8819.727,486.481,0,3671.633,0,325.322,7649,12040,1,1.140,1.180,3,0,0,0,0,18,315,0,35,0
23-04 13:42:09,21.760,4.752,65.531,6.253,0,5679732,154604,179808,2005756,7447.478,486.227,0,2437.138,0,233.109,7731,11739,1,1.140,1.180,1,0,0,0,0,18,315,0,34,0
23-04 13:42:10,25.695,4.989,55.631,11.476,0,5679848,154352,179808,2005892,29002.183,9511.726,15.966,3883.722,0.998,399.149,8212,12736,1.080,1.160,1.190,4,0,0,0,0,18,315,0,35,0
23-04 13:42:11,20.946,3.990,64.583,7.730,0,5680620,153092,179808,2006380,6819.343,484.745,0,5370.095,0,301.220,7186,11107,1.080,1.160,1.190,2,0,0.997,0,0,18,315,0,36,0
23-04 13:42:12,20.032,4.507,60.597,13.522,0,5681488,152084,179808,2006520,3374.402,486.779,0,6097.761,0,378.606,6975,10585,1.080,1.160,1.190,1,0,0,0,0,18,315,0,38,0
23-04 13:42:13,17.493,3.499,62.475,14.244,0,5681216,152084,179808,2006792,10283.899,485.806,0,2926.833,0,345.862,6393,10185,1.080,1.160,1.190,2,0,0,0,0,18,315,0,37,0
23-04 13:42:14,23.741,4.498,65.224,5.498,0,5682512,150648,179808,2006916,8750.508,485.806,0,2219.115,0,223.911,7164,11109,1.080,1.160,1.190,1,0,0,0,0,18,315,0,37,0
23-04 13:42:15,25.525,6.256,62.813,4.004,0,5684344,207056,178824,1949656,6003.975,528.526,0,2022.012,0,202.201,6924,18361,1.070,1.160,1.190,1,0,36.036,0,0,18,316,0,39,0
23-04 13:42:16,18.770,4.004,59.564,14.766,0,5684272,206880,178824,1949904,12526.551,486.526,0,3996.323,0,390.422,6623,10618,1.070,1.160,1.190,3,0,0,0,0,18,315,0,40,0
23-04 13:42:17,21.792,4.759,60.867,10.771,0,5677220,213784,178824,1950052,7173.780,486.935,0,6921.295,0,494.951,7953,12473,1.070,1.160,1.190,1,0,0,0,0,18,315,0,39,0
23-04 13:42:18,15.940,3.487,69.987,8.219,0,5677264,213336,178824,1950456,13546.085,3333.471,171.356,2064.241,10.959,227.146,5335,8333,1.070,1.160,1.190,1,0,5.978,0,0,18,314,0,40,0
23-04 13:42:19,9.033,2.007,85.058,2.509,0,5676756,213084,178824,1951216,7804.275,487.767,0,1389.033,0,142.516,3066,4642,1.070,1.160,1.190,1,0,0,0,0,18,314,0,43,0
23-04 13:42:20,5.247,0.999,86.194,5.746,0,5676608,213084,178824,1951364,9251.029,3211.927,0,919.407,0,80.948,2345,3450,0.990,1.140,1.180,1,0,0,0,0,18,315,0,43,0
23-04 13:42:21,10.225,2.494,72.823,12.220,0,5676264,213084,178824,1951708,16149.732,3259.076,0,5654.252,0,305.258,3852,5613,0.990,1.140,1.180,0,0,0.998,0,0,18,314,0,44,0
23-04 13:42:22,12.241,2.248,79.691,5.246,0,5676192,213084,178824,1951780,10757.979,2963.790,0,1818.644,0,166.876,3650,5224,0.990,1.140,1.180,0,0,0,0,0,18,315,0,45,0
23-04 13:42:23,5.243,0.999,86.382,4.993,0,5676276,212832,178824,1951948,11584.218,659.102,0,2728.283,0,179.755,2249,3257,0.990,1.140,1.180,2,0,0,0,0,18,315,0,45,0
23-04 13:42:24,18.281,2.755,63.108,14.024,0.250,5676424,212580,178824,1952052,60319.517,23249.900,0,4615.922,0,352.605,5058,7211,0.990,1.140,1.180,1,0,0,0,0,18,316,0,45,0
23-04 13:42:25,12.000,1.250,81.249,3.500,0,5676372,212580,178824,1952104,34160.722,11700.905,0,1283.990,0,132.999,3368,4617,0.990,1.130,1.180,1,0,0,0,0,18,316,0,43,0
23-04 13:42:26,9.496,1.999,80.214,6.997,0,5676536,212356,178828,1952160,18905.495,5235.645,0,4062.172,0,451.797,3290,4340,0.990,1.130,1.180,1,0,0,0,0,18,317,0,43,0
23-04 13:42:27,14.508,3.252,76.542,4.002,0,5676628,212104,178828,1952320,17320.401,7168.891,0,1636.888,0,170.092,4923,7196,0.990,1.130,1.180,1,0,0,0,0,18,317,0,44,0
23-04 13:42:28,21.563,4.262,60.678,11.032,0,5676720,211852,178828,1952480,4138.113,487.427,0,4136.107,0,446.306,7575,12306,0.990,1.130,1.180,1,0,0,0,0,18,317,0,44,0
23-04 13:42:29,20.451,3.741,65.593,8.230,0,5677460,210844,178828,1952748,9208.914,484.837,0,3399.846,0,244.414,6865,10265,0.990,1.130,1.180,2,2,0,0,0,18,317,0,42,0
23-04 13:42:30,21.007,4.001,61.521,10.754,0,5677212,210844,178828,1952996,6678.268,486.165,0,6242.120,0,451.153,7599,11751,0.990,1.130,1.180,3,0,0,0,0,18,316,0,42,0
23-04 13:42:31,20.936,4.486,64.305,7.976,0,5677008,210880,178828,1953164,8355.627,484.529,0,2516.359,0,278.155,7300,11349,0.990,1.130,1.180,2,0,0.997,0,0,18,317,0,43,0
23-04 13:42:32,15.024,3.506,74.120,7.011,0,5677512,210124,178828,1953416,12273.934,3218.227,0,2427.943,0,239.389,5187,7929,0.990,1.130,1.180,1,0,0,0,0,18,316,0,44,0
23-04 13:42:33,8.000,1.250,79.248,9.000,0,5677464,210124,178828,1953464,13361.721,3153.934,0,1879.961,0,173.996,3068,4392,0.990,1.130,1.180,0,0,0,0,0,18,316,0,42,0
23-04 13:42:34,5.003,1.251,87.044,5.753,0,5677436,210124,178828,1953492,6914.498,486.246,0,1112.563,0,96.049,2298,3409,0.990,1.130,1.180,3,1,0,0,0,18,317,0,42,0
23-04 13:42:35,13.742,2.748,73.706,7.745,0,5677448,209872,178832,1953728,9227.531,2695.403,0,5492.745,0,402.761,4896,7336,1.150,1.160,1.190,1,1,0,0,0,18,316,0,46,0
23-04 13:42:36,9.753,1.750,83.773,2.751,0,5677408,209872,178832,1953768,22948.249,9559.603,0,2292.624,0,172.047,2924,4123,1.150,1.160,1.190,1,0,0,0,0,18,317,0,46,0
23-04 13:42:37,13.518,2.754,78.103,4.256,0,5679132,208108,178832,1953808,17060.408,2741.601,0,1878.467,0,206.271,4595,7036,1.150,1.160,1.190,0,1,0,0,0,18,317,0,45,0
23-04 13:42:38,21.525,3.754,64.075,9.261,0.250,5679616,207352,178836,1954076,6363.462,540.634,0,2599.048,0,241.283,6572,9769,1.150,1.160,1.190,2,0,0,0,0,18,318,0,46,0
23-04 13:42:39,22.447,4.739,63.601,7.732,0,5679556,207100,178840,1954384,11151.878,484.864,0,3404.027,0,312.269,7938,12271,1.150,1.160,1.190,0,1,0,0,0,18,317,0,46,0
23-04 13:42:40,22.089,5.271,62.754,8.534,0,5680400,206120,178840,1954520,8405.961,487.971,0,2445.882,0,249.006,7107,10874,1.140,1.160,1.190,2,1,0,0,0,18,317,0,46,0
23-04 13:42:41,6.717,1.244,81.352,7.961,0,5680472,205868,178840,1954700,14254.176,3192.362,0,3534.685,0,252.762,3150,4788,1.140,1.160,1.190,0,1,0.995,0,0,18,316,0,47,0
23-04 13:42:42,14.006,2.501,74.783,7.253,0,5680644,205644,178840,1954752,30919.476,12210.322,0,10364.517,0,546.238,4342,5745,1.140,1.160,1.190,0,0,0,0,0,18,316,0,47,0
23-04 13:42:43,16.556,3.512,71.993,6.020,0,5680828,205392,178840,1954820,5475.471,487.645,0,2608.800,0,246.833,5799,8889,1.140,1.160,1.190,6,0,0,0,0,18,317,0,47,0
23-04 13:42:44,18.766,3.753,60.551,15.263,0,5680632,205140,178840,1955268,10057.522,580.492,0,3130.653,0,344.292,6657,10496,1.140,1.160,1.190,1,0,0,0,0,18,317,0,47,0
23-04 13:42:45,18.769,4.004,65.567,9.510,0,5681356,204132,178840,1955552,10453.730,3345.434,0,2963.041,0,275.283,6301,9443,1.130,1.160,1.190,1,0,0,0,0,18,316,0,49,0
23-04 13:42:46,6.491,0.999,87.382,3.495,0,5681432,203880,178840,1955728,5139.066,625.156,0,1605.833,0,137.814,2572,3801,1.130,1.160,1.190,2,0,0.999,0,0,18,317,0,46,0
23-04 13:42:47,4.234,1.245,89.905,3.238,0,5681416,203880,178840,1955744,14940.701,2998.500,0,1434.499,0,118.545,2103,3062,1.130,1.160,1.190,1,0,0,0,0,18,317,0,46,0
23-04 13:42:48,10.495,1.999,82.214,3.998,0,5681352,203880,178840,1955808,33352.380,12388.569,0,1619.290,0,145.936,3161,4218,1.130,1.160,1.190,0,0,0,0,0,18,316,0,46,0
23-04 13:42:49,12.502,2.500,74.011,9.001,0,5681288,203880,178840,1955872,22859.248,7078.006,0,4712.670,0,405.058,4599,6981,1.130,1.160,1.190,0,1,0,0,0,18,317,0,47,0
23-04 13:42:50,5.003,1.251,85.806,5.754,0,5681280,203880,178840,1955880,15601.237,3095.031,0,3534.319,0,226.148,2431,3561,1.040,1.140,1.180,1,0,0,0,0,18,317,0,44,0
23-04 13:42:51,15.005,3.251,73.272,7.252,0,5681760,203124,178840,1956156,21909.621,10023.029,16.005,1832.554,1.000,188.057,4581,6382,1.040,1.140,1.180,0,0,2.001,0,0,18,316,0,46,0
23-04 13:42:52,9.498,2.999,83.479,2.000,0,5684836,199860,178840,1956344,13383.692,3214.206,0,1167.711,0,116.971,4423,6679,1.040,1.140,1.180,0,0,2.999,0,0,18,316,0,47,0
23-04 13:42:53,6.250,1.500,89.745,1.250,0,5684812,199860,178840,1956368,8646.505,485.972,0,747.957,0,51.997,2259,3094,1.040,1.140,1.180,1,0,2.000,0,0,18,317,0,47,0
23-04 13:42:54,9.752,2.500,81.765,5.501,0,5684284,200172,178840,1956584,11387.079,3185.582,0,1648.301,0,177.032,3425,5016,1.040,1.140,1.180,0,0,1.000,0,0,18,316,0,46,0
23-04 13:42:55,14.558,2.008,79.319,2.761,0,5684448,199920,178840,1956672,46056.030,16347.677,32.129,1301.228,2.008,120.484,3446,4408,0.950,1.120,1.170,0,0,1.004,0,0,18,318,0,47,0
23-04 13:42:56,3.484,0.498,93.577,0.498,0,5684436,199920,178840,1956684,13985.720,3141.785,0,772.505,0,42.806,1468,1979,0.950,1.120,1.170,0,0,0,0,0,18,317,0,47,0
23-04 13:42:57,4.502,0.750,91.785,2.001,0,5684432,199920,178840,1956688,14028.342,2719.035,0,716.273,0,58.022,1681,2250,0.950,1.120,1.170,0,0,0,0,0,18,317,0,47,0
23-04 13:42:58,7.747,1.250,84.969,5.498,0,5684760,199444,178840,1956836,28994.265,12038.543,0,4482.341,0,409.848,1973,1961,0.950,1.120,1.170,0,0,0,0,0,18,318,0,45,0
23-04 13:42:59,6.001,1.250,90.019,1.250,0,5684720,199444,178840,1956876,12222.533,5083.053,0,896.186,0,79.016,2019,2827,0.950,1.120,1.170,0,0,0,0,0,18,317,0,45,0
23-04 13:43:00,14.503,2.000,78.265,4.001,0,5684644,199444,178840,1956952,36936.253,14116.772,0,1544.303,0,171.034,3855,5180,0.960,1.120,1.170,1,0,0,0,0,18,317,0,45,0
23-04 13:43:01,9.269,2.004,81.419,5.762,0,5685060,198940,178840,1957040,25173.398,7891.426,0,3431.142,0,224.467,3165,4516,0.960,1.120,1.170,0,2,1.002,0,0,18,317,0,45,0
23-04 13:43:02,23.050,4.760,60.131,10.774,0,5684772,198940,178840,1957328,10625.183,487.063,0,5111.152,0,399.872,8006,12385,0.960,1.120,1.170,1,0,1.002,0,0,18,317,0,47,0
23-04 13:43:03,12.693,3.236,72.177,9.458,0,5685300,198184,178840,1957556,11144.135,3193.709,0,2942.832,0,229.971,4851,7373,0.960,1.120,1.170,0,0,0,0,0,18,316,0,48,0
23-04 13:43:04,12.813,2.512,78.888,4.522,0,5685192,198184,178840,1957664,8679.684,488.402,0,2162.635,0,181.895,4286,6210,0.960,1.120,1.170,5,0,0,0,0,18,316,1,49,0
23-04 13:43:05,8.461,0.995,82.869,5.226,0,5685156,198184,178840,1957700,31077.248,12214.891,0,1548.885,0,135.378,2738,3906,1.040,1.130,1.180,1,0,1.991,0,0,18,317,0,49,0
23-04 13:43:06,20.008,4.002,63.274,11.004,0,5685108,197932,178840,1958000,4992.893,540.205,0,4869.846,0,408.155,7012,10947,1.040,1.130,1.180,1,2,0,0,0,18,317,0,48,0
23-04 13:43:07,20.715,4.742,64.891,7.987,0,5685596,197176,178840,1958268,3855.512,485.184,0,4728.044,0,340.427,7152,11143,1.040,1.130,1.180,2,0,0,0,0,18,317,0,53,0
23-04 13:43:08,18.342,3.769,67.590,8.543,0,5685584,196924,178840,1958532,14276.767,3225.213,0,2488.509,0,258.298,5937,9122,1.040,1.130,1.180,1,0,1.005,0,0,18,316,0,54,0
23-04 13:43:09,7.738,1.997,84.624,4.493,0,5685456,196924,178840,1958660,7046.517,485.278,15.976,1294.075,0.999,114.829,3173,4740,1.040,1.130,1.180,2,1,0,0,0,18,317,0,55,0
23-04 13:43:10,15.188,1.743,76.686,3.984,0,5685396,196924,178840,1958720,32256.118,11695.183,0,2402.178,0,246.990,4440,6375,0.960,1.110,1.170,2,0,0,0,0,18,316,0,48,0
23-04 13:43:11,10.270,2.505,83.659,2.755,0,5685428,196676,178840,1958936,26720.884,9550.186,0,1070.038,0,100.191,3040,3952,0.960,1.110,1.170,1,1,1.002,0,0,18,317,0,48,0
23-04 13:43:12,6.748,1.749,87.720,2.249,0,5685360,196676,178840,1959004,13519.320,3208.889,0,1587.450,0,163.943,2848,4262,0.960,1.110,1.170,0,0,0,0,0,18,316,0,49,0
23-04 13:43:13,15.255,1.500,79.024,2.501,0,5685276,196676,178840,1959088,32405.668,11746.504,0,1680.501,0,157.047,4066,5519,0.960,1.110,1.170,2,0,0,0,0,18,316,0,51,0
23-04 13:43:14,13.298,2.760,72.260,9.785,0,5685292,196424,178840,1959324,4249.273,487.753,0,3376.135,0,245.884,4957,7775,0.960,1.110,1.170,0,1,0,0,0,18,317,0,48,0
23-04 13:43:15,22.691,6.234,52.614,15.959,0,5695024,186556,178840,1959460,4131.285,484.743,7.979,7117.540,0.997,605.430,7708,23594,1.120,1.140,1.180,1,0,35.907,0,0,18,317,0,49,0
23-04 13:43:16,20.324,4.266,62.729,11.291,0,5694600,186696,178840,1959744,11719.878,529.939,0,2902.619,0,321.175,7064,11480,1.120,1.140,1.180,3,0,0,0,0,18,317,0,51,0
23-04 13:43:17,21.466,4.493,64.148,8.237,0.250,5695344,185688,178840,1960008,9416.968,485.225,0,2168.538,0,196.686,7275,10891,1.120,1.140,1.180,3,0,0,0,0,18,317,0,52,0
23-04 13:43:18,14.200,4.235,68.509,10.712,0,5695988,184932,178840,1960120,15746.582,3201.732,0,2750.321,0,254.106,5134,7711,1.120,1.140,1.180,1,0,5.979,0,0,18,316,0,48,0
23-04 13:43:19,9.249,1.500,78.743,8.249,0,5695884,184932,178840,1960224,9020.230,485.959,15.999,7179.387,1.000,456.961,3757,5284,1.120,1.140,1.180,1,0,0,0,0,18,317,0,48,0
23-04 13:43:20,10.257,2.001,78.804,8.005,0,5695688,184932,178840,1960420,8806.993,626.426,0,2697.836,0,244.166,3735,5666,1.030,1.120,1.170,2,0,0,0,0,18,317,0,48,0
23-04 13:43:21,9.288,1.506,82.335,5.774,0,5695664,184932,178840,1960444,30403.876,11650.468,0,4345.706,0,272.109,3085,4609,1.030,1.120,1.170,1,0,1.004,0,0,18,317,0,48,0
23-04 13:43:22,8.710,1.991,83.365,3.733,0,5695560,184932,178840,1960548,7524.238,3198.224,0,1501.065,0,156.278,3212,5004,1.030,1.120,1.170,0,0,0,0,0,18,316,0,48,0
23-04 13:43:23,14.753,2.000,74.266,7.752,0,5695096,185184,178840,1960760,30627.462,11323.389,0,1436.303,0,134.028,3768,5126,1.030,1.120,1.170,2,0,0,0,0,18,317,0,44,0
23-04 13:43:24,11.797,2.761,77.562,6.275,0,5695268,184932,178840,1960840,10773.281,1373.518,0,2004.051,0,176.710,4539,7031,1.030,1.120,1.170,2,0,0,0,0,18,318,0,45,0
23-04 13:43:25,21.195,4.488,61.840,10.224,0,5695000,184932,178848,1961100,4017.629,484.749,0,4237.063,0,430.888,7600,11973,1.270,1.170,1.190,1,0,0,0,0,18,317,0,47,0
23-04 13:43:26,22.313,4.763,65.184,6.518,0,5694800,184964,178848,1961268,9108.767,487.379,0,2811.954,0,296.840,7519,11875,1.270,1.170,1.190,2,0,0,0,0,18,317,0,47,0
23-04 13:43:27,21.425,4.235,66.268,5.979,0,5695544,183956,178848,1961532,6714.524,538.119,0,3344.307,0,268.063,7448,11390,1.270,1.170,1.190,0,1,0,0,0,18,317,0,50,0
23-04 13:43:28,7.742,2.497,77.920,9.490,0,5695468,183956,178848,1961608,14247.365,3288.622,0,5098.763,0,349.641,3852,5981,1.270,1.170,1.190,1,0,0,0,0,18,316,0,52,0
23-04 13:43:29,10.504,1.751,83.284,3.251,0,5695536,183704,178848,1961792,9694.951,540.220,0,1524.621,0,161.066,3561,5361,1.270,1.170,1.190,0,0,0,0,0,18,317,0,52,0
23-04 13:43:30,14.243,2.249,73.962,7.496,0,5695696,183452,178848,1961884,22442.426,9947.870,0,1867.037,0,209.892,4166,6089,1.410,1.200,1.200,1,0,0,0,0,18,317,0,53,0
23-04 13:43:31,10.261,2.253,79.839,5.506,0,5695848,183200,178848,1961984,17943.926,5296.882,0,1393.548,0,142.158,3918,5621,1.410,1.200,1.200,0,0,1.001,0,0,18,317,0,55,0
23-04 13:43:32,6.750,1.250,89.495,1.500,0,5695700,183200,178848,1962132,12020.266,659.960,0,1059.935,0,88.995,2568,3626,1.410,1.200,1.200,1,0,0,0,0,18,316,0,55,0
23-04 13:43:33,10.490,1.499,83.172,2.747,0,5695612,183200,178848,1962220,32446.747,12061.754,0,3093.116,0,149.860,3261,4576,1.410,1.200,1.200,0,0,0,0,0,18,316,0,55,0
23-04 13:43:34,20.593,3.767,65.043,9.292,0,5695512,183200,178848,1962320,8851.830,488.197,0,4496.231,0,357.609,6005,9426,1.410,1.200,1.200,4,1,0,0,0,18,317,0,55,0
23-04 13:43:35,18.923,4.482,57.266,16.931,0,5695248,183200,178848,1962584,10650.567,484.026,0,10791.990,0,856.507,7462,11736,1.540,1.230,1.210,4,0,0,0,0,18,317,0,52,0
23-04 13:43:36,23.044,4.759,63.623,7.514,0,5696716,181436,178848,1962880,6721.953,486.938,0,2809.414,0,313.604,7998,12447,1.540,1.230,1.210,1,0,0,0,0,18,318,0,53,0
23-04 13:43:37,9.977,2.494,73.330,11.473,0,5697024,180960,178848,1963048,8374.574,3198.580,15.963,2813.474,0.998,258.401,4265,6759,1.540,1.230,1.210,0,0,0,0,0,18,316,0,54,0
23-04 13:43:38,12.963,2.244,79.769,4.238,0,5697320,180572,178848,1963140,17812.499,7852.297,0,1738.972,0,152.559,3343,4711,1.540,1.230,1.210,1,0,0.997,0,0,18,316,0,56,0
23-04 13:43:39,8.029,1.255,86.310,2.258,0,5697380,180332,178848,1963320,15570.880,2706.714,0,1521.460,0,135.486,2943,4210,1.540,1.230,1.210,0,1,0,0,0,18,316,0,54,0
23-04 13:43:40,10.273,1.754,80.931,6.013,0,5697288,180372,178852,1963368,31373.190,9553.373,0,3988.924,0,249.558,3327,4814,1.410,1.210,1.200,2,1,0,0,0,18,317,0,54,0
23-04 13:43:41,9.720,1.246,77.763,9.720,0,5697228,180372,178852,1963428,34643.483,11838.941,0,4418.542,0,288.122,3326,4762,1.410,1.210,1.200,1,0,0.997,0,0,18,316,0,54,0
23-04 13:43:42,20.770,5.005,63.810,8.008,0,5697060,180120,178852,1963848,10600.044,486.461,0,3339.164,0,327.310,7731,11707,1.410,1.210,1.200,2,0,0,0,0,18,317,0,54,0
23-04 13:43:43,13.237,3.497,78.423,2.997,0,5696940,180120,178852,1963968,14280.941,3210.839,3.996,2361.675,0.999,236.767,4914,7506,1.410,1.210,1.200,0,0,0,0,0,18,316,0,53,0
23-04 13:43:44,11.496,1.250,83.223,2.499,0,5696844,179868,178852,1964316,24716.862,7387.568,47.984,1667.451,2.999,144.952,3097,4260,1.410,1.210,1.200,1,0,0,0,0,18,317,0,54,0
23-04 13:43:45,11.056,2.513,81.412,3.267,0,5696652,179868,178852,1964508,12895.241,5024.420,0,1937.804,0,173.880,4234,6596,1.300,1.190,1.200,0,1,0,0,0,18,317,0,55,0
23-04 13:43:46,20.918,4.482,65.492,7.222,0,5698016,178356,178852,1964656,2934.446,484.094,0,2709.333,0,279.898,6954,10531,1.300,1.190,1.200,3,0,0,0,0,18,317,0,57,0
23-04 13:43:47,8.246,2.499,79.715,7.996,0,5697816,178356,178852,1964856,14298.634,3201.575,0,3414.480,0,285.873,3736,5779,1.300,1.190,1.200,2,1,0,0,0,18,316,0,56,0
23-04 13:43:48,16.992,2.749,68.219,8.746,0,5697796,178132,178852,1965100,29421.661,12375.389,0,7100.781,0,486.779,5067,7370,1.300,1.190,1.200,0,0,1.000,0,0,18,316,0,60,0
23-04 13:43:49,9.508,1.501,84.572,3.253,0,5698236,177628,178852,1965164,13846.749,2699.290,0,1253.063,0,124.105,3136,4367,1.300,1.190,1.200,0,1,0,0,0,18,316,0,60,0
23-04 13:43:50,11.242,1.499,77.942,7.994,0,5698188,177628,178852,1965212,31267.792,11560.419,0,1295.039,0,124.907,3222,4480,1.190,1.170,1.190,2,0,0,0,0,18,317,0,60,0
23-04 13:43:51,7.758,1.752,81.581,7.507,0.250,5698544,177180,178852,1965304,30353.283,9715.693,0,6009.996,0,467.466,2790,3428,1.190,1.170,1.190,2,0,1.001,0,0,18,317,0,58,0
23-04 13:43:52,23.594,4.518,64.508,6.024,0,5698248,177180,178852,1965600,10158.659,487.953,0,3461.856,0,345.382,8112,12295,1.190,1.170,1.190,1,0,0,0,0,18,317,0,60,0
23-04 13:43:53,21.725,4.245,63.427,8.241,0,5698572,176676,178852,1965780,5202.043,485.444,0,2816.775,0,298.658,7648,11853,1.190,1.170,1.190,1,0,0.999,0,0,18,317,0,60,0
23-04 13:43:54,19.430,4.235,66.011,7.971,0,5703324,171648,178852,1966056,14231.382,3197.403,0,2502.922,0,225.183,7118,11353,1.190,1.170,1.190,3,1,2.989,0,0,18,316,0,61,0
23-04 13:43:55,15.578,3.518,63.569,15.578,0,5703268,171396,178856,1966360,7069.478,488.451,0,7963.967,0,528.653,5376,8189,1.100,1.150,1.180,1,0,2.010,0,0,18,316,0,59,0
23-04 13:43:56,6.728,0.997,87.720,2.990,0,5703244,171396,178856,1966384,9754.817,3197.778,0,948.966,0,66.787,2250,3202,1.100,1.150,1.180,2,0,0,0,0,18,317,0,59,0
23-04 13:43:57,8.984,1.747,84.349,3.244,0,5703028,171396,178856,1966600,13314.209,3203.276,0,1692.975,0,184.670,3172,5006,1.100,1.150,1.180,1,0,0,0,0,18,316,0,60,0
23-04 13:43:58,22.526,3.254,71.832,1.251,0,5707016,167112,178856,1966896,8409.573,540.615,0,780.889,0,34.039,3976,4380,1.100,1.150,1.180,2,0,0,0,0,18,317,0,63,0
23-04 13:43:59,17.233,2.248,74.927,3.746,0,5709896,164088,178856,1967040,32878.018,11863.460,0,1430.608,0,139.864,4005,5167,1.100,1.150,1.180,1,0,0,0,0,18,316,0,64,0
23-04 13:44:00,10.496,1.499,82.967,3.499,0,5709844,164088,178856,1967092,31369.598,11696.376,0,1267.499,0,125.950,3162,4302,1.010,1.130,1.180,0,0,0,0,0,18,317,0,64,0
23-04 13:44:01,10.756,1.501,83.546,2.752,0.250,5710172,163584,178856,1967268,24958.620,9868.385,0,1364.745,0,132.072,3132,4283,1.010,1.130,1.180,1,0,1.001,0,0,18,317,0,64,0
23-04 13:44:02,9.740,2.248,81.670,4.246,0,5710128,163584,178856,1967312,14406.947,2921.151,0,1426.608,0,137.866,3716,5685,1.010,1.130,1.180,0,1,0,0,0,18,317,0,64,0
23-04 13:44:03,21.036,4.508,64.109,8.514,0,5711100,162324,178856,1967600,5806.866,486.827,0,3089.249,0,297.505,7335,11249,1.010,1.130,1.180,1,0,1.002,0,0,18,318,0,61,0
23-04 13:44:04,10.486,2.996,73.400,11.235,0,5711236,162072,178856,1967716,14389.402,3204.635,0,4549.803,0,374.490,4365,7013,1.010,1.130,1.180,0,1,0,0,0,18,316,0,63,0
23-04 13:44:05,16.794,3.008,66.673,12.783,0,5711304,161820,178856,1967900,8581.235,541.403,0,5770.953,0,250.649,5196,7410,1.010,1.130,1.170,1,0,2.005,0,0,18,320,0,67,0
23-04 13:44:06,22.525,3.254,63.069,9.761,0,5712044,160812,178856,1968168,8509.371,486.536,148.163,1689.861,9.010,150.165,6399,9080,1.010,1.130,1.170,4,0,1.001,0,0,18,321,0,84,0
23-04 13:44:07,22.257,3.251,64.269,8.503,0,5713544,159048,178856,1968432,8872.690,486.147,0,6942.105,0,468.142,7040,9602,1.010,1.130,1.170,1,0,2.001,0,0,18,320,0,97,0
23-04 13:44:08,21.007,2.501,69.774,5.252,0,5714204,158040,178856,1968780,25364.748,11759.056,0,1652.570,0,153.053,5192,6890,1.010,1.130,1.170,0,0,0,0,0,18,320,0,95,0
23-04 13:44:09,10.999,2.750,78.494,6.250,0,5714140,158040,178856,1968844,5156.593,725.943,0,1907.849,0,166.987,4010,6091,1.010,1.130,1.170,2,1,0,0,0,18,320,0,96,0
23-04 13:44:10,26.141,4.232,60.747,7.220,0,5713168,158548,178856,1969308,29789.044,9492.500,3.983,3509.397,0.996,327.637,7546,11432,1.170,1.160,1.180,1,1,0,0,0,18,320,0,99,0
23-04 13:44:11,7.002,2.001,81.272,7.252,0,5713032,158608,178860,1969380,13528.627,3217.863,0,2456.659,0,181.049,3312,4845,1.170,1.160,1.180,0,0,1.000,0,0,18,319,0,100,0
23-04 13:44:12,8.512,2.003,81.363,7.761,0,5713208,158384,178860,1969428,13964.448,3213.475,0,4594.398,0,330.460,3199,4902,1.170,1.160,1.180,1,1,0,0,0,18,319,0,97,0
23-04 13:44:13,6.988,1.747,83.360,6.489,0,5712608,158924,178860,1969488,10005.246,3150.724,0,3669.855,0,255.572,3176,4877,1.170,1.160,1.180,0,0,0,0,0,18,319,0,98,0
23-04 13:44:14,6.528,1.255,85.865,4.770,0,5711636,159720,178860,1969664,13063.473,3170.463,0,1277.424,0,125.533,2805,4119,1.170,1.160,1.180,1,0,0,0,0,18,319,0,98,0
23-04 13:44:15,11.722,4.240,81.304,0.748,0,5714140,203188,177928,1924660,8327.873,538.698,263.364,682.351,3.990,47.884,3415,11407,1.080,1.140,1.180,1,0,35.913,0,0,18,320,0,100,0
23-04 13:44:16,12.730,2.496,81.623,1.498,0,5719816,197388,177928,1924784,8618.564,2800.634,0,1250.051,0,136.787,3272,4265,1.080,1.140,1.180,0,0,0,0,0,18,319,0,97,0
23-04 13:44:17,7.266,1.503,87.193,3.257,0,5719652,197388,177928,1924948,10549.296,2769.115,0,1246.753,0,134.297,2594,3832,1.080,1.140,1.180,0,0,0,0,0,18,319,0,97,0
23-04 13:44:18,6.483,1.745,84.772,5.236,0,5721308,195632,177928,1925048,17201.636,2689.750,67.817,917.527,3.989,79.785,2495,3348,1.080,1.140,1.180,1,0,5.984,0,0,18,319,0,97,0
23-04 13:44:19,7.747,1.999,85.219,3.499,0,5721516,195392,177928,1925080,17473.700,4682.312,0,1323.523,0,142.948,2969,4217,1.080,1.140,1.180,0,0,0,0,0,18,320,0,97,0
23-04 13:44:20,9.263,1.502,82.868,4.506,0,5721484,195392,177928,1925112,24804.307,7742.020,0,1081.539,0,109.155,3289,4536,0.990,1.120,1.170,1,0,0,0,0,18,320,0,94,0
23-04 13:44:21,22.232,4.746,62.199,9.492,0,5721448,195140,177928,1925400,5701.284,485.598,0,3217.339,0,312.741,7422,11461,0.990,1.120,1.170,1,1,0.999,0,0,18,320,0,94,0
23-04 13:44:22,13.777,3.256,72.394,9.018,0,5720976,195364,177928,1925648,14195.154,3358.661,0,3466.876,0,421.837,4758,7046,0.990,1.120,1.170,0,2,0,0,0,18,319,0,97,0
23-04 13:44:23,7.733,2.245,71.590,16.214,0,5720920,195364,177928,1925704,10534.470,3273.688,0,9558.650,0,548.774,3591,5427,0.990,1.120,1.170,1,0,0,0,0,18,319,0,97,0
23-04 13:44:24,6.253,1.251,83.541,8.004,0,5720880,195364,177928,1925744,7944.925,2698.333,0,876.433,0,58.029,2129,2991,0.990,1.120,1.170,1,0,0,0,0,18,319,0,95,0
23-04 13:44:25,7.501,1.500,86.506,3.000,0,5720856,195364,177928,1925768,9056.667,2697.199,0,1272.094,0,126.009,2873,4315,0.910,1.100,1.170,1,1,0,0,0,18,319,0,96,0
23-04 13:44:26,8.747,1.000,86.967,1.499,0,5720784,195364,177928,1925840,29150.839,9858.225,0,1055.596,0,96.963,2705,3545,0.910,1.100,1.170,0,1,0,0,0,18,320,0,96,0
23-04 13:44:27,18.756,4.001,59.020,16.256,0,5720568,195364,177928,1926056,6242.158,540.187,0,3177.099,0,327.113,5914,9126,0.910,1.100,1.170,1,0,0,0,0,18,319,0,96,0
23-04 13:44:28,12.243,2.749,80.206,4.498,0,5550536,365300,177936,1926144,16855.826,263054.825,55.970,1167.365,6.996,68.962,2102,2037,0.910,1.100,1.170,0,0,13.992,0,0,18,319,0,88,0
23-04 13:44:29,1.250,0.750,96.498,0.250,0,5550536,365300,177936,1926144,8496.849,0,0,671.988,0,41.999,1100,1700,0.910,1.100,1.170,0,0,0,0,0,18,319,0,88,0
23-04 13:44:30,10.006,2.752,78.044,6.754,0,5555208,359576,177992,1927140,285141.826,8937.072,1044.593,2461.397,51.029,136.077,2954,3099,0.840,1.090,1.160,0,0,20.011,0,0,18,319,0,88,0
23-04 13:44:31,7.501,3.500,84.510,3.250,0,5544968,369596,178000,1927352,288581.667,10361.173,204.023,308.035,16.002,17.002,2543,2328,0.840,1.090,1.160,1,0,20.002,0,0,18,319,0,88,0
23-04 13:44:32,14.745,3.999,80.470,0,0,5557276,352540,178012,1932088,151706.140,5312.044,163.940,227.916,4.998,6.997,2378,2029,0.840,1.090,1.160,1,0,17.993,0,0,18,319,0,83,0
23-04 13:44:33,19.505,6.502,71.518,1.750,0,5548364,348552,178016,1944984,10204.555,486.122,8.002,132.033,1.000,4.001,2564,1923,0.840,1.090,1.160,1,1,23.006,0,0,18,319,0,83,0
