"pcp-dstat 6.2.0 CSV Output"
"Author:","PCP team <pcp@groups.io> and Dag Wieers <dag@wieers.com>",,,,"URL:","https://pcp.io/ and http://dag.wieers.com/home-made/dstat/"
"Host:","ubuntu",,,,"User:","ubuntu"
"Cmdline:","dstat -tcmndrylpg --tcp --output /tmp/devstack_logs/dstat-csv.log",,,,"Date:","22 Apr 2026 18:45:06 UTC"
"system","total usage",,,,,"memory usage",,,,"net/total",,"dsk/total",,"io/total",,"system",,"load avg",,,"procs",,,"paging",,"tcp sockets",,,,
"time","total usage:usr","total usage:sys","total usage:idl","total usage:wai","total usage:stl","used","free","buf","cach","net/total:recv","net/total:send","dsk/total:read","dsk/total:writ","read","writ","int","csw","1m","5m","15m","run","blk","new","in","out","lis","act","syn","tim","clo"
22-04 18:45:06,,994452,1674464,161724,4994296,,,,,,,2.150,1.210,0.730,2,0,,,,10,4,1,17,0
22-04 18:45:07,17.447,20.189,60.317,0.997,0,1002596,1665872,161764,4994640,26172.558,5753.536,0,857.398,0,36.888,6429,5717,2.150,1.210,0.730,1,1,532.384,0,0,10,5,1,17,0
22-04 18:45:08,20.056,19.304,59.917,1.755,0,995764,1672504,161808,4994724,16247.369,5295.788,0,806.251,0,28.078,6325,6566,2.150,1.210,0.730,1,0,373.042,0,0,10,5,1,17,0
22-04 18:45:09,22.936,12.715,60.831,1.745,0,1121144,1546392,161848,5120040,38893.999,10264.497,0,1280.444,0,40.886,5869,8495,1.980,1.190,0.720,0,0,197.452,0,0,11,6,1,17,0
22-04 18:45:10,28.053,9.017,58.360,3.757,0,1152216,1514760,161940,5120444,23977.372,8369.838,0,1102.085,0,39.074,3659,2503,1.980,1.190,0.720,1,1,111.210,0,0,11,8,1,17,0
22-04 18:45:11,19.968,8.985,57.906,11.731,0,1186084,1479980,162084,5120980,37288.407,8878.573,191.689,5686.759,7.987,91.851,3776,3278,1.980,1.190,0.720,2,0,170.723,0,0,11,7,1,19,1
22-04 18:45:12,32.257,4.001,57.262,5.751,0,1259120,1402924,162356,5123976,18861.012,9346.988,1788.380,2588.551,118.025,34.007,2499,1700,1.980,1.190,0.720,2,0,0,0,0,11,6,1,19,2
22-04 18:45:13,25.744,2.999,55.236,14.996,0,1269864,1375748,162636,5139368,142332.334,9756.555,15.996,4870.779,1.000,209.947,3211,3608,1.980,1.190,0.720,0,3,1.000,0,0,11,8,1,19,2
22-04 18:45:14,18.002,4.000,42.005,33.754,0,1279276,1357660,163240,5146616,53836.248,936.109,0,8560.994,0,552.064,5226,7909,2.060,1.220,0.740,0,2,10.001,0,0,11,8,1,19,2
22-04 18:45:15,19.497,3.499,44.244,29.996,0,1301384,1321524,164032,5157832,12387.222,613.912,0,10118.548,0,472.932,5284,8547,2.060,1.220,0.740,0,2,0,0,0,11,8,1,19,2
22-04 18:45:16,18.250,3.750,40.000,36.500,0,1293356,1313808,164584,5171516,10192.103,614.006,0,10788.109,0,769.008,4791,7735,2.060,1.220,0.740,1,1,6.000,0,0,11,8,1,19,2
22-04 18:45:17,17.978,3.496,40.200,35.955,0,1301392,1289684,164948,5186072,6283.137,559.300,0,13239.431,0,727.090,5129,8390,2.060,1.220,0.740,1,1,11.985,0,0,11,8,1,19,2
22-04 18:45:18,14.273,4.007,40.817,39.064,0.250,1309196,1272884,165544,5193480,12126.860,615.007,0,15449.301,0,963.578,5559,8882,2.060,1.220,0.740,1,1,7.011,0,0,11,8,1,19,2
22-04 18:45:19,13.990,2.998,43.719,36.973,0,1303528,1272184,166000,5198492,4374.852,613.559,0,9261.337,0,771.445,4885,7784,2.220,1.270,0.750,1,3,12.991,0,0,11,8,1,19,2
22-04 18:45:20,15.253,3.251,39.757,40.757,0,1297268,1270544,166452,5204856,4610.777,614.103,0,10633.792,0,926.156,5032,7794,2.220,1.270,0.750,1,1,6.001,0,0,11,8,1,19,2
22-04 18:45:21,13.499,3.500,35.748,44.747,0,1301320,1245932,167124,5223376,8283.434,539.963,0,14083.038,0,907.938,4756,7830,2.220,1.270,0.750,0,3,3.000,0,0,11,8,1,19,2
22-04 18:45:22,12.495,2.249,39.734,42.983,0,1297296,1244712,167452,5227844,9435.219,613.754,0,12403.029,0,807.676,3804,5666,2.220,1.270,0.750,2,2,0,0,0,11,8,1,19,2
22-04 18:45:23,20.022,3.754,43.047,31.034,0,1299844,1233232,168140,5234848,9833.699,1617.760,0,10507.431,0,621.676,6039,9750,2.220,1.270,0.750,1,1,15.016,0,0,11,9,1,19,2
22-04 18:45:24,18.789,4.259,45.094,29.812,0,1217664,1332504,168352,5217908,11912.801,2141.458,0,13119.313,0,782.629,5261,8553,2.360,1.310,0.770,1,2,23.048,0,0,11,6,1,19,0
22-04 18:45:25,28.931,6.484,52.624,9.477,0,1175488,1369364,168484,5222564,10545.713,2775.345,0,4197.934,0,275.340,4219,4950,2.360,1.310,0.770,2,0,98.763,0,0,11,4,1,19,1
22-04 18:45:26,42.601,6.516,46.611,5.012,0,1241584,1301732,168532,5223860,9627.919,1217.899,0,2153.125,0,76.181,3071,1834,2.360,1.310,0.770,2,0,19.045,0,0,11,5,1,19,0
22-04 18:45:27,38.921,4.740,50.398,4.740,0,1209988,1326520,168952,5229052,13614.466,3225.477,0,1732.496,0,46.905,8466,13324,2.360,1.310,0.770,3,0,15.968,0,0,11,4,1,19,0
22-04 18:45:28,37.961,6.993,30.968,23.476,0,1278920,1257004,169020,5229420,8720.939,581.396,0,13977.478,0,116.879,6104,8089,2.360,1.310,0.770,4,0,9.990,0,0,11,4,1,19,0
22-04 18:45:29,37.823,15.029,24.046,21.792,0,1246464,1289036,169136,5229676,8162.770,541.045,0,14964.912,0,278.538,13509,21527,2.570,1.370,0.790,3,2,283.548,0,0,11,4,1,13,0
22-04 18:45:30,22.763,22.013,41.774,12.257,0,1161360,1386896,169192,5218672,9724.602,540.311,0,7604.381,0,207.119,6718,6537,2.570,1.370,0.790,3,0,500.288,0,0,11,4,1,13,0
22-04 18:45:31,30.481,12.992,47.970,7.495,0,1143980,1396752,169196,5226272,6523.963,539.666,7443.394,395.755,74.954,15.990,5664,7952,2.570,1.370,0.790,4,0,229.858,0,0,11,4,1,13,0
22-04 18:45:32,45.963,7.244,44.964,1.249,0,1259028,1281588,169204,5226384,3464.237,485.613,19.984,175.860,3.997,6.994,3193,1751,2.570,1.370,0.790,2,0,59.952,0,0,11,5,1,13,0
22-04 18:45:33,44.734,5.498,48.733,0,0,1285792,1253772,169208,5227432,3892.639,539.811,491.828,255.911,8.997,34.988,2744,1373,2.570,1.370,0.790,2,0,0,0,0,11,5,1,13,0
22-04 18:45:34,32.452,8.737,47.680,10.485,0,1318612,1218388,169272,5229880,10252.935,613.099,0,2560.238,0,138.796,5058,6144,2.530,1.380,0.800,1,0,117.827,0,0,11,4,1,13,0
22-04 18:45:35,13.521,4.507,81.127,0,0,1338488,1198484,169284,5229888,7005.960,540.846,0,8561.394,0,82.128,1935,1859,2.530,1.380,0.800,1,0,22.034,0,0,11,4,1,13,0
22-04 18:45:36,22.501,4.000,69.252,2.500,0,1381788,1155172,169292,5229888,8133.221,540.015,0,23340.635,0,305.008,2502,1959,2.530,1.380,0.800,2,0,0,0,0,11,4,1,13,0
22-04 18:45:37,19.497,2.500,70.238,7.249,0,1409684,1126976,169360,5230120,6497.914,539.910,0,5695.048,0,199.967,3252,4287,2.530,1.380,0.800,1,2,1.000,0,0,11,10,1,12,0
22-04 18:45:38,20.001,5.000,62.754,10.751,0,1390512,1146068,169384,5230172,11432.733,540.035,44.003,2808.180,3.000,181.012,2935,2981,2.530,1.380,0.800,1,0,43.003,0,0,11,4,1,14,0
22-04 18:45:39,16.000,2.250,73.749,7.500,0,1416312,1119432,169652,5230664,8559.852,2451.958,567.990,507.991,15.000,7.000,1606,1296,2.400,1.380,0.800,0,0,0,0,0,11,5,1,14,0
22-04 18:45:40,19.243,4.248,70.973,5.248,0,1403880,1131504,169696,5230896,8406.764,3301.729,267.897,799.692,65.975,29.988,3103,14724,2.400,1.380,0.800,1,0,36.986,0,0,11,25,1,15,0
22-04 18:45:41,18.750,5.500,71.250,3.750,0,1417724,1117624,169696,5230916,8730.971,4303.986,0,1159.996,0,8.000,2511,2193,2.400,1.380,0.800,1,0,51.000,0,0,11,28,1,14,0
22-04 18:45:42,17.502,2.500,78.258,0.750,0,1462028,1073304,169704,5230924,15118.517,4620.464,0,764.077,0,20.002,1759,1373,2.400,1.380,0.800,1,0,0,0,0,11,29,1,14,0
22-04 18:45:43,22.068,9.529,67.707,0,0,1482312,1053004,169704,5230940,11534.318,3389.378,0,12.037,0,3.009,3382,2757,2.400,1.380,0.800,2,0,156.479,0,0,11,28,1,15,0
22-04 18:45:44,35.645,3.240,59.823,0,0,1523924,1011396,169704,5230952,13026.459,5160.731,0,0,0,0,2564,1368,2.370,1.390,0.810,1,0,0,0,0,11,30,1,15,0
22-04 18:45:45,33.063,3.978,61.155,0.249,0,1522196,1012916,169708,5231156,22301.130,13933.358,0,250.586,0,21.877,5987,8093,2.370,1.390,0.810,3,0,0,0,0,11,29,1,16,0
22-04 18:45:46,62.735,24.943,12.093,0,0,1547060,988008,169712,5231192,10502.176,1024.922,0,257.994,0,22.171,5783,5031,2.370,1.390,0.810,6,0,582.502,0,0,11,28,1,16,0
22-04 18:45:47,87.993,9.999,1.750,0,0,1771432,763592,169720,5231224,19520.539,12291.080,0,13886.961,0,94.993,5531,3368,2.370,1.390,0.810,5,0,0,0,0,11,32,1,16,0
22-04 18:45:48,62.013,8.002,21.755,8.002,0,1790940,743832,169724,5231464,34744.434,29266.262,0,24769.300,0,227.049,8773,12849,2.370,1.390,0.810,3,1,8.002,0,0,11,32,1,18,0
22-04 18:45:49,36.925,13.722,31.186,16.466,0,1583048,951624,169776,5231496,14854.677,5667.431,0,17783.697,0,310.366,6279,7176,2.740,1.480,0.840,1,1,302.383,0,0,11,28,1,22,0
22-04 18:45:50,17.245,2.249,78.979,0.750,0,1568852,965804,169784,5231504,13057.522,4448.815,0,547.854,0,30.992,1935,1755,2.740,1.480,0.840,1,0,0,0,0,11,29,1,22,0
22-04 18:45:51,13.751,6.001,78.008,1.750,0,1503236,1031400,169788,5231520,7483.799,3644.389,0,372.040,0,21.002,3227,3399,2.740,1.480,0.840,1,0,68.007,0,0,11,28,1,23,0
22-04 18:45:52,18.242,2.249,78.966,0,0,1511968,1022668,169788,5231520,11585.045,2907.756,0,291.875,0,15.993,1635,1171,2.740,1.480,0.840,0,0,0,0,0,11,29,1,23,0
22-04 18:45:53,15.547,3.511,77.987,1.755,0,1480624,1053988,169792,5231540,14328.462,5368.283,0,409.241,0,35.106,3330,3871,2.740,1.480,0.840,2,0,37.113,0,0,11,28,1,24,0
22-04 18:45:54,16.214,27.688,55.376,0.249,0,1454104,1080492,169792,5231556,8248.566,578.707,0,363.188,0,25.942,7006,6281,2.520,1.460,0.840,4,0,858.082,0,0,11,28,1,24,0
22-04 18:45:55,84.467,15.289,0.251,0,0,1676136,858412,169792,5231600,10725.599,2512.465,0,19598.431,0,161.415,5109,3077,2.520,1.460,0.840,4,0,141.364,0,0,11,29,1,24,0
22-04 18:45:56,66.675,7.492,18.979,5.993,0,1732204,802256,169792,5231792,33750.146,31255.943,0,23465.681,0,570.360,7373,9782,2.520,1.460,0.840,6,0,0,0,0,11,33,1,24,0
22-04 18:45:57,70.060,16.264,13.261,0.250,0,1545948,988156,169812,5232128,28731.518,17101.594,0,3210.740,0,151.129,8389,11645,2.520,1.460,0.840,6,0,310.265,0,0,11,28,1,25,0
22-04 18:45:58,88.523,11.253,0.250,0,0,1720512,813564,169820,5232144,16772.343,8296.148,0,268.069,0,13.003,5409,3359,2.520,1.460,0.840,6,0,1.000,0,0,11,30,1,20,0
22-04 18:45:59,74.426,8.242,16.234,0,0.250,1782556,751344,169820,5232316,41402.053,36595.806,0,187.814,0,10.989,7683,10993,2.800,1.530,0.870,4,0,24.975,0,0,11,33,1,21,0
22-04 18:46:00,51.394,12.225,34.928,0.249,0,1518696,1015064,169824,5232452,31291.275,19482.701,0,443.084,0,32.932,7428,10463,2.800,1.530,0.870,3,0,272.436,0,0,11,28,1,25,0
22-04 18:46:01,35.246,4.749,59.993,0,0,1534620,999136,169824,5232456,12633.602,5101.436,0,307.966,0,7.999,2539,1456,2.800,1.530,0.870,2,0,0,0,0,11,30,1,25,0
22-04 18:46:02,31.340,4.513,62.429,0.501,0,1509108,1024484,169824,5232620,24975.791,14257.983,0,288.830,0,21.061,5710,7186,2.800,1.530,0.870,2,0,59.170,0,0,11,28,1,23,1
22-04 18:46:03,60.130,16.717,22.705,0.250,0,1578356,955200,169824,5232656,8571.918,604.795,0,259.483,0,16.966,4587,3051,2.800,1.530,0.870,3,0,318.366,0,0,11,28,1,24,0
22-04 18:46:04,38.786,4.754,55.050,0.250,0,1601048,932464,169828,5232692,24318.301,19829.184,0,188.173,0,8.007,5002,5875,2.740,1.540,0.870,2,0,0,0,0,11,31,1,24,0
22-04 18:46:05,61.583,16.522,19.026,1.502,0,1509068,1024364,169852,5232748,20125.141,9623.979,0,600.810,0,50.068,6581,7449,2.740,1.540,0.870,5,0,258.348,0,0,11,28,1,25,0
22-04 18:46:06,68.747,6.500,24.499,0,0,1630032,903256,169852,5232892,24419.040,16179.364,0,203.992,0,4.000,4957,3432,2.740,1.540,0.870,5,0,0,0,0,11,32,1,25,0
22-04 18:46:07,59.504,11.001,28.002,1.000,0,1541372,991816,169868,5232976,33904.258,25179.677,0,1812.121,0,106.007,9478,14155,2.740,1.540,0.870,6,0,233.016,0,0,11,28,1,28,0
22-04 18:46:08,58.067,9.470,31.650,0,0,1566060,966960,169868,5233144,13098.722,6735.774,0,247.221,0,9.969,3857,2104,2.740,1.540,0.870,0,0,91.711,0,0,11,31,1,28,0
22-04 18:46:09,42.131,4.514,51.911,0.251,0,1545408,987556,169868,5233200,33865.172,20782.542,0,272.847,0,28.087,7086,9834,2.680,1.550,0.880,5,0,2.006,0,0,11,29,1,29,0
22-04 18:46:10,62.609,16.712,19.955,0,0,1577920,955004,169872,5233236,13831.906,3186.836,0,243.453,0,16.962,5004,3895,2.680,1.550,0.880,4,0,296.334,0,0,11,28,1,30,0
22-04 18:46:11,40.630,4.487,54.589,0,0,1603128,929632,169872,5233400,22380.946,18891.245,0,151.553,0,6.979,4508,5308,2.680,1.550,0.880,2,0,0,0,0,11,31,1,30,0
22-04 18:46:12,56.294,15.833,26.388,0.754,0,1511828,1020708,169876,5233588,15291.824,10012.265,0,695.631,0,26.136,6019,6913,2.680,1.550,0.880,3,0,288.506,0,0,11,28,1,33,0
22-04 18:46:13,51.242,5.249,40.994,2.500,0,1603016,929504,169880,5233600,21387.868,12334.194,0,3027.557,0,105.984,4054,2844,2.680,1.550,0.880,3,0,0,0,0,11,31,1,33,0
22-04 18:46:14,47.627,10.224,40.396,1.247,0,1541756,990376,169896,5233960,22438.051,14437.713,0,746.073,0,53.861,7612,9552,2.700,1.570,0.890,3,0,111.711,0,0,11,28,1,33,0
22-04 18:46:15,51.723,6.497,41.228,0,0,1618864,913256,169900,5233964,20937.010,10615.428,0,199.895,0,9.995,4038,2810,2.700,1.570,0.890,3,0,1.999,0,0,11,31,0,33,0
22-04 18:46:16,48.659,10.284,39.630,0.251,0,1526848,1005200,169916,5234020,24940.623,16146.844,0,517.694,0,43.141,6766,9101,2.700,1.570,0.890,6,0,215.706,0,0,11,28,0,35,0
22-04 18:46:17,78.000,21.750,0.500,0,0,1616092,915896,169920,5234076,8329.971,539.998,0,291.999,0,20.000,5681,5021,2.700,1.570,0.890,7,0,543.998,0,0,11,28,0,35,0
22-04 18:46:18,81.446,15.490,2.998,0,0.250,1790388,741552,169928,5234116,28408.233,21024.111,0,195.871,0,11.992,6492,5910,2.700,1.570,0.890,3,0,446.705,0,0,11,33,1,35,0
22-04 18:46:19,71.768,17.254,10.002,0,0,1801228,730396,169952,5234408,51253.604,41579.225,0,624.153,0,53.013,8730,11980,2.890,1.630,0.910,8,0,414.102,0,0,11,30,0,36,0
22-04 18:46:20,80.782,14.256,5.002,0,0,1664216,867212,169964,5234596,13988.487,6911.711,0,308.121,0,26.010,5671,4430,2.890,1.630,0.910,3,0,235.092,0,0,11,30,0,36,0
22-04 18:46:21,71.002,7.500,21.001,0,0,1721780,809584,169968,5234656,37640.006,26710.714,0,180.005,0,8.000,5980,8050,2.890,1.630,0.910,6,0,0,0,0,11,33,0,36,0
22-04 18:46:22,51.631,13.469,34.171,0,0,1526832,1004308,169976,5234872,38832.554,26659.593,0,223.485,0,13.968,8388,12939,2.890,1.630,0.910,3,0,381.122,0,0,11,28,0,41,0
22-04 18:46:23,20.547,29.818,45.604,2.506,0,1480136,1050968,169980,5234904,8533.523,541.238,0,212.486,0,18.041,6895,6355,2.890,1.630,0.910,6,0,919.103,0,0,11,28,0,41,0
22-04 18:46:24,74.999,15.500,9.750,0,0,1619832,911220,169984,5234952,12004.772,6481.877,0,163.997,0,10.000,4851,3422,3.060,1.690,0.930,3,0,302.994,0,0,11,30,0,41,0
22-04 18:46:25,51.988,6.748,39.741,0.250,0,1634832,896024,169992,5235140,32961.220,23786.386,0,459.891,0,41.990,6822,9565,3.060,1.690,0.930,2,0,56.987,0,0,11,30,0,43,0
22-04 18:46:26,74.015,16.003,10.002,0.250,0,1561008,969812,169992,5235176,10651.206,4172.864,0,440.091,0,42.009,6001,5217,3.060,1.690,0.930,5,0,211.044,0,0,11,28,0,45,0
22-04 18:46:27,57.625,6.236,35.673,0,0,1640704,890084,169996,5235220,25958.663,22253.704,0,538.831,0,62.864,4466,5455,3.060,1.690,0.930,5,0,0,0,0,11,32,0,45,0
22-04 18:46:28,48.041,5.254,46.039,0,0,1645892,884632,170000,5235476,46556.708,35372.169,0,184.157,0,9.008,11151,18220,3.060,1.690,0.930,2,0,1.001,0,0,11,32,0,45,0
22-04 18:46:29,62.075,11.013,24.780,2.002,0,1511084,1019220,170012,5235636,30026.166,17421.984,0,3303.980,0,156.188,9066,12123,2.810,1.660,0.930,4,0,122.147,0,0,11,28,0,45,0
22-04 18:46:30,69.955,8.495,21.236,0,0,1622720,907560,170012,5235660,14691.597,10939.998,0,151.903,0,8.994,4348,2489,2.810,1.660,0.930,5,0,0,0,0,11,32,0,45,0
22-04 18:46:31,44.767,4.502,50.019,0,0,1625780,904284,170016,5235868,35862.797,26205.081,0,140.054,0,9.003,7477,11000,2.810,1.660,0.930,3,0,0,0,0,11,32,0,45,0
22-04 18:46:32,40.087,3.486,53.782,0,0,1625532,904284,170016,5236116,45376.869,32552.906,0,147.402,0,9.960,11010,17227,2.810,1.660,0.930,5,0,0,0,0,11,31,0,46,0
22-04 18:46:33,74.830,17.326,8.035,0,0,1557600,972184,170016,5236148,17342.463,8640.094,0,132.585,0,8.035,6466,5893,2.810,1.660,0.930,4,0,261.151,0,0,11,28,0,49,0
22-04 18:46:34,60.914,6.990,31.456,0,0,1633316,896424,170020,5236184,28701.545,19830.050,0,127.820,0,6.990,5057,4916,2.910,1.700,0.950,3,0,0,0,0,11,32,0,49,0
22-04 18:46:35,54.068,8.761,36.796,0.501,0,1607140,922364,170028,5236404,34195.897,26333.034,0,248.311,0,17.021,8953,14021,2.910,1.700,0.950,4,0,68.085,0,0,11,30,0,51,0
22-04 18:46:36,67.598,9.479,21.701,1.247,0,1563004,966428,170056,5236448,26177.163,12651.564,0,1815.918,0,124.720,5790,6403,2.910,1.700,0.950,5,0,59.865,0,0,11,30,0,51,0
22-04 18:46:37,63.308,10.760,25.023,0,0,1601932,927324,170068,5236612,25754.663,15518.258,0,548.504,0,30.028,5659,5284,2.910,1.700,0.950,4,0,120.110,0,0,11,30,0,53,0
22-04 18:46:38,64.047,7.005,27.020,0,0,1682484,846688,170072,5236688,25718.878,20074.735,0,192.141,0,10.007,6467,8855,2.910,1.700,0.950,1,0,1.001,0,0,11,32,0,53,0
22-04 18:46:39,49.465,9.244,40.721,0,0,1596220,932732,170072,5236900,41308.035,28425.068,0,151.893,0,7.994,8393,12783,2.830,1.700,0.950,4,0,140.901,0,0,11,30,0,53,0
22-04 18:46:40,80.114,13.519,6.009,0,0,1579552,949368,170072,5236752,13122.693,4708.707,0,128.183,0,8.011,6307,13727,2.830,1.700,0.950,4,0,122.174,0,0,11,28,0,56,0
22-04 18:46:41,56.208,7.744,35.473,0,0,1639424,889432,170084,5236976,35902.114,23711.244,0,243.817,0,24.981,6208,7146,2.830,1.700,0.950,5,0,7.994,0,0,11,36,0,56,0
22-04 18:46:42,66.497,9.750,22.749,0.250,0,1575888,952776,170104,5237148,23823.977,15179.349,0,363.984,0,34.998,6488,8419,2.830,1.700,0.950,4,0,69.997,0,0,11,32,0,60,0
22-04 18:46:43,47.232,9.247,42.484,0.250,0,1645236,883384,170112,5237180,18247.134,11112.818,0,183.931,0,9.996,3737,3215,2.830,1.700,0.950,3,0,135.949,0,0,11,34,0,58,0
22-04 18:46:44,52.780,10.756,35.020,0.750,0,1583072,945496,170132,5237212,19360.149,7638.399,0,1777.023,0,37.021,4932,4426,2.930,1.740,0.970,3,0,120.069,0,0,11,33,0,60,0
22-04 18:46:45,49.273,8.754,41.519,0.250,0,1622048,906320,170140,5237400,22609.530,14446.728,0,172.080,0,13.006,4993,4956,2.930,1.740,0.970,2,0,96.045,0,0,11,34,0,61,0
22-04 18:46:46,47.200,8.491,43.454,0,0,1518696,1009488,170140,5237576,25756.559,15001.018,0,187.800,0,7.991,7159,8236,2.930,1.740,0.970,4,0,85.908,0,0,11,33,0,63,0
22-04 18:46:47,56.678,6.242,37.203,0.250,0,1615772,912348,170140,5237640,18518.565,10425.806,0,195.752,0,14.981,4620,3915,2.930,1.740,0.970,1,0,0,0,0,11,34,0,62,0
22-04 18:46:48,27.736,6.747,63.717,0.250,0,1584904,943052,170140,5237804,25512.845,15345.088,0,227.882,0,12.993,5135,6219,2.930,1.740,0.970,2,0,86.955,0,0,11,34,0,62,0
22-04 18:46:49,31.808,9.017,58.608,0.250,0,1508952,1018968,170152,5237824,14018.754,5413.946,0,492.906,0,67.123,4901,5171,2.770,1.730,0.970,2,1,135.248,0,0,11,32,0,64,0
22-04 18:46:50,32.936,3.743,61.879,0.250,0,1572328,955572,170160,5237836,13787.129,10024.462,0,3529.122,0,151.704,2909,2182,2.770,1.730,0.970,2,0,0,0,0,11,34,0,64,0
22-04 18:46:51,32.843,7.020,60.171,0,0,1448312,1079508,170168,5237904,14410.968,8459.048,0,549.562,0,33.094,5472,6494,2.770,1.730,0.970,3,0,64.182,0,0,11,32,0,60,0
22-04 18:46:52,38.869,6.976,52.572,0,0,1519116,1008692,170168,5237912,12330.320,2497.558,0,235.205,0,19.933,3249,2139,2.770,1.730,0.970,1,0,73.751,0,0,11,33,0,60,0
22-04 18:46:53,29.291,5.007,64.840,0.250,0,1516084,1011564,170168,5238072,20581.564,13155.257,0,204.284,0,20.028,4383,4879,2.770,1.730,0.970,2,0,60.083,0,0,11,33,0,61,0
22-04 18:46:54,37.312,6.010,55.592,0.250,0,1489696,1037924,170184,5238084,12859.323,4930.175,0,244.405,0,24.040,3341,2934,2.630,1.720,0.970,1,0,5.008,0,0,11,33,0,62,0
22-04 18:46:55,30.969,3.746,64.436,0,0,1524568,1003020,170184,5238116,23859.172,13365.652,0,111.888,0,6.993,4082,4622,2.630,1.720,0.970,1,0,0,0,0,11,34,0,60,0
22-04 18:46:56,34.199,5.991,58.163,0.999,0,1478568,1048992,170184,5238140,17114.385,7807.315,0,247.629,0,23.964,3859,4460,2.630,1.720,0.970,2,0,47.928,0,0,11,32,0,62,0
22-04 18:46:57,35.742,4.749,58.236,0.750,0,1517652,1009892,170188,5238148,17899.767,8009.106,0,151.964,0,9.998,2588,1726,2.630,1.720,0.970,1,0,0,0,0,11,34,0,62,0
22-04 18:46:58,24.993,4.499,68.730,0,0,1498276,1029092,170188,5238324,20913.783,14394.721,0,519.845,0,67.980,5074,6730,2.630,1.720,0.970,2,0,29.991,0,0,11,33,0,63,0
22-04 18:46:59,24.504,10.001,65.009,0.250,0,1478588,1048692,170188,5238408,6460.926,1517.217,0,288.041,0,21.003,3831,3715,2.660,1.740,0.980,1,0,253.036,0,0,11,32,0,63,0
22-04 18:47:00,15.246,2.249,80.979,0.750,0,1484052,1043216,170188,5238420,17090.583,7317.109,0,1807.533,0,148.961,2319,2279,2.660,1.740,0.980,0,0,0,0,0,11,33,0,63,0
22-04 18:47:01,12.025,8.517,76.657,1.754,0,1433280,1093964,170192,5238440,13356.296,4509.215,0,525.073,0,41.084,4382,4602,2.660,1.740,0.980,1,0,189.387,0,0,11,32,0,64,0
22-04 18:47:02,20.020,6.507,72.574,0.250,0,1436552,1090684,170192,5238444,8523.678,540.550,0,156.159,0,10.010,2604,1938,2.660,1.740,0.980,1,0,95.097,0,0,11,32,0,64,0
22-04 18:47:03,13.995,1.749,82.971,0,0,1446148,1081064,170196,5238464,17100.050,7382.431,0,111.961,0,5.998,2470,2847,2.660,1.740,0.980,2,0,0,0,0,11,33,0,57,0
22-04 18:47:04,17.707,4.739,76.815,0.249,0,1418960,1108240,170196,5238476,13672.144,4396.435,0,123.703,0,13.966,2893,2844,2.450,1.710,0.980,1,0,45.890,0,0,11,32,0,58,0
22-04 18:47:05,17.249,2.250,79.747,0,0,1437084,1090108,170196,5238484,15480.429,5571.795,0,119.996,0,10.000,1818,1568,2.450,1.710,0.980,1,0,0,0,0,11,33,0,58,0
22-04 18:47:06,14.005,1.751,81.532,0.750,0,1431332,1095832,170200,5238508,12106.706,7486.910,0,120.047,0,11.004,3748,5063,2.450,1.710,0.980,1,0,0,0,0,11,33,0,58,0
22-04 18:47:07,12.270,15.275,70.614,1.502,0,1379912,1146940,170200,5238820,11727.992,2544.120,0,224.363,0,21.034,5363,4993,2.450,1.710,0.980,1,0,379.615,0,0,11,32,0,54,0
22-04 18:47:08,33.710,13.484,51.689,0,0,1493528,1033184,170244,5238908,9852.434,539.367,35.958,491.423,0.999,28.966,4396,3479,2.450,1.710,0.980,2,0,247.709,0,0,11,32,0,56,0
22-04 18:47:09,35.942,4.992,46.175,11.981,0,1564500,958936,170344,5241560,5234.554,539.130,435.298,3474.394,16.973,142.770,3583,3585,2.410,1.710,0.980,2,0,10.982,0,0,11,36,0,56,0
22-04 18:47:10,26.522,4.754,44.036,21.768,0,1555248,966904,170520,5242600,9681.905,540.441,0,10704.740,0,792.647,5583,8976,2.410,1.710,0.980,1,1,25.020,0,0,11,36,0,56,0
22-04 18:47:11,25.494,5.499,43.990,22.995,0,1618852,902604,170612,5243184,6292.569,539.877,0,9437.854,0,719.836,5278,8601,2.410,1.710,0.980,1,2,22.995,0,0,11,36,0,54,0
22-04 18:47:12,27.003,5.001,42.754,23.502,0,1576164,944252,170688,5244124,9174.957,540.056,0,6832.712,0,599.062,5105,8073,2.410,1.710,0.980,2,1,13.001,0,0,11,36,0,54,0
22-04 18:47:13,26.506,4.501,43.760,23.005,0,1598988,920584,170776,5244860,9433.201,540.126,0,8081.886,0,664.155,5066,8180,2.410,1.710,0.980,1,1,20.005,0,0,11,36,0,54,0
22-04 18:47:14,27.549,5.259,43.827,21.538,0,1625288,893284,170856,5245736,7054.471,486.861,0,9003.917,0,734.298,5715,9478,2.860,1.820,1.020,1,2,22.039,0,0,11,36,0,54,0
22-04 18:47:15,27.234,4.747,44.473,21.237,0,1594756,922984,171036,5246360,9963.015,539.676,0,11884.860,0,857.485,5825,9691,2.860,1.820,1.020,2,2,20.987,0,0,11,36,0,54,0
22-04 18:47:16,26.488,5.248,44.480,22.490,0,1609996,907020,171188,5246916,11765.761,539.760,0,9047.971,0,706.685,5615,9120,2.860,1.820,1.020,1,2,13.994,0,0,11,36,0,49,0
22-04 18:47:17,26.202,4.991,42.671,23.706,0,1569420,947064,171360,5247264,3794.003,539.006,0,8943.506,0,694.719,5405,8758,2.860,1.820,1.020,3,1,9.982,0,0,11,36,0,49,0
22-04 18:47:18,25.832,5.016,45.394,22.070,0,1610812,904912,171624,5247740,8504.002,541.720,0,11841.600,0,932.962,5912,10209,2.860,1.820,1.020,2,1,15.048,0,0,11,36,0,49,0
22-04 18:47:19,28.661,3.738,45.359,20.686,0,1606084,908752,171756,5248468,8933.209,538.325,0,6723.084,0,601.130,5236,8245,2.950,1.850,1.040,1,1,10.966,0,0,11,38,0,49,0
22-04 18:47:20,26.348,5.521,43.663,23.086,0,1650452,864984,171968,5247644,9403.106,542.024,0,9611.885,0,775.897,5751,9644,2.950,1.850,1.040,3,2,5.019,0,0,11,38,0,46,0
22-04 18:47:21,40.637,4.737,44.377,8.476,0,1522004,993272,172024,5247748,10427.033,538.504,0,8029.693,0,563.435,4789,5990,2.950,1.850,1.040,2,0,5.983,0,0,11,32,0,46,0
22-04 18:47:22,39.508,6.251,46.509,7.502,0,1588212,926868,172120,5247848,6384.293,486.098,0,2280.462,0,313.063,4680,5664,2.950,1.850,1.040,1,1,2.000,0,0,11,34,0,46,0
22-04 18:47:23,28.250,5.500,40.501,22.500,0,1634428,880264,172368,5247980,10716.166,540.008,0,10640.165,0,1051.016,7375,12056,2.950,1.850,1.040,2,3,2.000,0,0,11,34,0,46,0
22-04 18:47:24,28.821,6.516,42.605,19.548,0,1587796,926256,172732,5248236,6224.380,541.338,0,6864.963,0,1050.596,8344,13904,2.950,1.870,1.050,3,1,1.002,0,0,11,34,0,41,0
22-04 18:47:25,32.667,7.730,48.128,9.975,0,1507084,1006688,172900,5248340,9423.146,538.637,0,3539.041,0,504.722,6417,8648,2.950,1.870,1.050,2,0,98.750,0,0,11,32,0,41,0
22-04 18:47:26,22.750,2.750,72.001,1.500,0,1559384,954368,172920,5248340,9053.178,540.011,0,792.016,0,42.001,2035,1606,2.950,1.870,1.050,2,0,2.000,0,0,11,32,0,41,0
22-04 18:47:27,11.263,18.021,68.581,1.502,0,1491224,1022296,172944,5248496,9508.294,540.642,0,1249.484,0,48.057,5519,4406,2.950,1.870,1.050,2,0,419.498,0,0,11,32,0,41,0
22-04 18:47:28,7.763,21.036,53.842,16.027,0,1470268,1043132,173008,5248536,9117.616,540.926,0,8218.076,0,496.851,6943,6384,2.950,1.870,1.050,2,2,517.887,0,0,11,32,0,37,0
22-04 18:47:29,11.965,16.951,66.059,4.238,0,1451384,1061980,173012,5248580,4550.868,538.446,0,2026.153,0,99.712,5697,5030,2.960,1.890,1.060,1,0,432.751,0,0,11,32,0,37,0
22-04 18:47:30,22.001,3.750,73.752,0,0,1512420,1000952,173012,5248572,4196.119,486.014,0,8.000,0,2.000,1842,1343,2.960,1.890,1.060,1,0,2.000,0,0,11,32,0,37,0
22-04 18:47:31,22.500,3.000,73.750,0,0,1522256,991100,173012,5248588,9472.999,540.000,0,16.000,0,1.000,1888,1317,2.960,1.890,1.060,1,0,1.000,0,0,11,32,0,37,0
22-04 18:47:32,22.541,3.256,73.885,0,0,1577540,935836,173012,5248568,6876.568,540.989,0,0,0,0,1822,1266,2.960,1.890,1.060,1,0,2.004,0,0,11,32,0,37,0
22-04 18:47:33,22.955,3.244,72.858,0,0,1545584,967764,173020,5248584,8571.239,538.946,0,191.625,0,18.963,2039,1620,2.960,1.890,1.060,1,0,0.998,0,0,11,32,0,37,0
22-04 18:47:34,23.245,2.999,66.236,6.749,0,1580708,932576,173084,5248584,7004.500,539.884,0,4818.968,0,234.950,2291,2116,2.800,1.880,1.060,1,0,2.000,0,0,11,32,0,37,0
22-04 18:47:35,22.006,3.501,73.772,0,0,1607288,905876,173084,5248704,9544.812,540.159,0,60.018,0,4.001,1824,1287,2.800,1.880,1.060,1,0,1.000,0,0,11,32,0,37,0
22-04 18:47:36,22.247,3.499,73.739,0,0,1574584,938572,173084,5248708,4654.315,539.921,0,23.996,0,2.000,1863,1210,2.800,1.880,1.060,1,0,3.000,0,0,11,32,0,31,0
22-04 18:47:37,22.256,3.501,73.769,0,0,1590336,922812,173084,5248716,4516.142,486.123,0,0,0,0,1817,1299,2.800,1.880,1.060,1,0,2.001,0,0,11,32,0,31,0
22-04 18:47:38,22.997,3.000,73.240,0,0,1544112,969020,173084,5248732,10011.577,539.923,0,11.998,0,1.000,1885,1301,2.800,1.880,1.060,1,0,2.000,0,0,11,32,0,31,0
22-04 18:47:39,21.502,4.000,73.506,0,0,1585324,927832,173084,5248704,7819.634,540.044,0,224.018,0,3.000,1863,1301,2.660,1.860,1.060,1,0,2.000,0,0,11,32,0,31,0
22-04 18:47:40,24.826,3.511,70.967,0,0,1530752,982460,173084,5249508,4711.403,541.656,0,36.110,0,2.006,2100,3064,2.660,1.860,1.060,11,0,35.107,0,0,11,32,0,25,0
22-04 18:47:41,25.921,5.234,68.540,0,0,1548720,964460,173084,5248648,8719.316,538.352,0,171.475,0,2.991,2648,11452,2.660,1.860,1.060,1,0,9.969,0,0,11,32,0,26,0
22-04 18:47:42,22.015,3.502,73.300,0,0,1539080,974024,173084,5248724,6643.576,540.372,0,4.003,0,1.001,1798,1315,2.660,1.860,1.060,1,0,1.001,0,0,11,32,0,26,0
22-04 18:47:43,21.987,3.748,73.707,0.250,0,1481860,1031252,173084,5248716,11348.310,539.682,0,123.927,0,11.993,1980,1624,2.660,1.860,1.060,1,0,0.999,0,0,11,32,0,26,0
22-04 18:47:44,21.761,4.502,72.788,0.250,0,1477524,1035564,173088,5248736,6824.529,540.279,0,2289.184,0,32.017,1845,1288,2.520,1.850,1.060,1,0,3.002,0,0,11,32,0,19,0
22-04 18:47:45,22.501,2.500,74.252,0,0,1512492,1000616,173092,5248712,3898.131,486.016,0,64.002,0,2.000,1778,1358,2.520,1.850,1.060,1,0,0,0,0,11,32,0,19,0
22-04 18:47:46,22.482,3.247,73.441,0,0,1498368,1014728,173092,5248724,8697.958,539.563,0,0,0,0,1883,1280,2.520,1.850,1.060,1,0,0.999,0,0,11,32,0,19,0
22-04 18:47:47,22.993,2.749,73.726,0,0,1546944,966152,173092,5248724,9354.989,539.826,0,11.996,0,1.000,1798,1071,2.520,1.850,1.060,1,0,1.999,0,0,11,32,0,19,0
22-04 18:47:48,10.017,19.784,69.369,0,0,1502748,1010284,173092,5248788,3610.216,540.931,0,244.421,0,11.019,5616,4514,2.520,1.850,1.060,1,0,461.795,0,0,11,32,0,15,0
22-04 18:47:49,21.975,3.496,72.666,1.249,0,1526484,986536,173092,5248800,8752.896,539.377,0,311.640,0,4.994,1781,1238,2.400,1.830,1.060,1,0,0,0,0,11,32,0,15,0
22-04 18:47:50,22.809,2.757,73.690,0,0,1536764,975980,173092,5249044,8967.148,541.398,0,12.031,0,1.003,1888,1181,2.400,1.830,1.060,1,0,9.023,0,0,11,32,0,15,0
22-04 18:47:51,23.686,2.244,73.551,0,0,1530820,981924,173092,5249044,9344.738,538.544,0,0,0,0,1708,1060,2.400,1.830,1.060,1,0,0,0,0,11,32,0,15,0
22-04 18:47:52,8.762,21.030,66.845,2.754,0,1467780,1044808,173092,5249196,7453.538,486.688,40.057,696.985,2.003,111.157,6085,4909,2.400,1.830,1.060,1,0,503.712,0,0,11,32,0,11,0
22-04 18:47:53,9.258,22.020,67.560,1.001,0,1454504,1058040,173096,5249224,4520.020,634.564,0,532.474,0,17.015,6724,5888,2.400,1.830,1.060,1,0,570.507,0,0,11,32,0,11,0
22-04 18:47:54,8.505,21.012,66.039,3.002,0,1438164,1074324,173096,5249272,11009.473,540.318,0,1112.654,0,34.020,6380,5291,2.450,1.850,1.070,1,0,532.313,0,0,11,32,0,11,0
22-04 18:47:55,9.489,21.226,68.423,0,0,1416428,1096036,173096,5249292,8519.416,539.393,0,1470.346,0,15.982,6650,5495,2.450,1.850,1.070,1,0,616.307,0,0,11,32,0,11,0
22-04 18:47:56,8.749,20.747,69.491,0,0,1420552,1091864,173096,5249336,9642.728,539.929,0,947.875,0,10.999,6210,4787,2.450,1.850,1.070,1,0,500.934,0,0,11,32,0,11,0
22-04 18:47:57,8.495,20.739,69.712,0,0,1414700,1097680,173096,5249372,13934.332,539.703,0,223.877,0,7.996,6216,4832,2.450,1.850,1.070,1,0,474.739,0,0,11,32,0,7,0
22-04 18:47:58,8.005,21.764,68.543,0,0,1386900,1125468,173096,5249400,13322.291,540.336,0,276.172,0,13.008,6535,5345,2.450,1.850,1.070,3,0,559.348,0,0,11,32,0,7,0
22-04 18:47:59,8.263,20.782,69.107,0.250,0,1332332,1179992,173104,5249436,8662.420,540.838,0,412.639,0,54.084,6251,5073,2.330,1.840,1.070,1,0,490.760,0,0,11,32,0,7,0
22-04 18:48:00,32.489,27.990,38.736,0.500,0,1428868,1083380,173120,5249492,3940.613,485.829,0,1123.604,0,69.975,7322,7316,2.330,1.840,1.070,3,0,820.711,0,0,11,32,0,13,0
22-04 18:48:01,65.329,8.977,23.937,0.499,0,1659948,850824,173124,5250920,4484.262,538.590,15.958,271.290,0.997,7.979,3627,1708,2.330,1.840,1.070,3,0,1.995,0,0,11,34,0,11,0
22-04 18:48:02,27.720,4.995,35.961,29.468,0,1676460,828184,173272,5255888,9576.687,539.419,427.540,10868.297,8.990,594.360,6603,10534,2.330,1.840,1.070,1,1,28.969,0,0,11,38,0,12,0
22-04 18:48:03,5.986,2.494,52.125,36.662,0,1675536,827680,173368,5257176,6710.891,538.707,0,7677.570,0,555.666,4516,8022,2.330,1.840,1.070,1,0,14.964,0,0,11,38,0,12,0
22-04 18:48:04,6.772,3.260,49.408,38.122,0,1674840,827176,173456,5258244,8387.739,541.727,0,12664.373,0,829.645,6989,13241,2.550,1.890,1.090,5,1,18.058,0,0,11,38,0,12,0
22-04 18:48:05,8.747,3.499,49.482,35.737,0,1674428,826168,173552,5259536,8471.931,539.804,0,15590.352,0,1016.632,6567,12278,2.550,1.890,1.090,1,3,23.991,0,0,11,38,0,10,0
22-04 18:48:06,9.757,3.002,54.791,29.772,0,1673020,825664,173696,5261236,11526.694,540.408,0,10183.681,0,724.547,5566,9665,2.550,1.890,1.090,4,1,15.011,0,0,11,38,0,10,0
22-04 18:48:07,5.498,3.249,55.485,32.491,0,1672132,825412,173760,5262284,8134.775,539.852,0,11288.912,0,784.785,5055,9385,2.550,1.890,1.090,0,2,8.998,0,0,11,38,0,10,0
22-04 18:48:08,6.753,3.001,57.024,30.763,0,1672388,824432,173792,5262960,5942.463,486.202,0,15322.352,0,1112.461,5988,11093,2.550,1.890,1.090,0,2,13.005,0,0,11,38,0,10,0
22-04 18:48:09,9.000,2.750,51.250,33.750,0,1672500,823228,173812,5263940,4607.986,539.998,0,11351.965,0,761.998,5226,9835,2.740,1.940,1.110,2,1,3.000,0,0,11,38,0,8,0
22-04 18:48:10,23.783,7.010,33.798,33.547,0,1656140,838348,173860,5265080,11112.628,540.760,0,14035.738,0,896.260,6454,10483,2.740,1.940,1.110,1,1,63.089,0,0,11,36,0,8,0
22-04 18:48:11,18.269,3.253,45.798,31.283,0,1672028,821492,173904,5265980,12124.775,5577.877,0,12373.037,0,793.836,5118,8810,2.740,1.940,1.110,1,1,9.009,0,0,11,37,0,8,0
22-04 18:48:12,16.745,5.248,48.486,26.492,0,1607672,884292,173992,5267384,13252.090,4772.592,0,7185.880,0,597.824,6850,11223,2.740,1.940,1.110,1,2,70.979,0,0,11,38,0,9,0
22-04 18:48:13,26.999,5.000,38.748,28.499,0,1669720,820932,174056,5268596,6339.684,539.973,0,11839.409,0,786.961,5343,8774,2.740,1.940,1.110,1,1,25.999,0,0,11,38,0,9,0
22-04 18:48:14,14.461,3.989,42.136,36.900,0,1672024,817192,174208,5269836,18291.356,6182.221,0,14672.179,0,949.423,6508,11242,2.930,1.990,1.130,0,2,5.984,0,0,11,39,0,9,0
22-04 18:48:15,15.752,4.250,45.255,31.004,0,1669716,818484,174300,5270736,14763.724,7737.903,0,13305.553,0,834.097,7387,12553,2.930,1.990,1.130,1,1,12.001,0,0,11,39,0,9,0
22-04 18:48:16,19.811,4.012,45.140,28.087,0,1630192,855844,174392,5272720,13102.571,7181.236,0,9465.309,0,721.233,7545,12561,2.930,1.990,1.130,1,2,35.109,0,0,11,38,0,9,0
22-04 18:48:17,26.997,6.499,32.747,32.497,0,1688220,796900,174484,5273488,9692.985,539.943,0,12058.737,0,820.914,5945,9292,2.930,1.990,1.130,2,1,21.998,0,0,11,38,0,9,0
22-04 18:48:18,17.444,3.489,49.340,26.414,0,1685060,799192,174528,5274288,14796.095,9085.584,0,12993.930,0,1054.586,6328,10540,2.930,1.990,1.130,1,1,7.974,0,0,11,39,0,9,0
22-04 18:48:19,17.027,4.006,47.575,28.795,0,1676276,806888,174576,5275300,11883.743,7269.465,0,14875.462,0,1103.741,7341,12698,2.930,2.010,1.140,0,1,0,0,0,11,39,0,9,0
22-04 18:48:20,17.476,5.493,38.198,36.451,0,1592348,889484,174640,5276512,16663.424,6081.760,0,10997.101,0,806.907,7540,11862,2.930,2.010,1.140,0,5,50.931,0,0,11,38,0,10,0
22-04 18:48:21,27.504,6.001,29.755,35.005,0,1664464,816400,174732,5277364,6242.949,582.088,0,10613.613,0,857.130,6722,10467,2.930,2.010,1.140,1,1,29.004,0,0,11,38,0,10,0
22-04 18:48:22,19.248,4.749,39.995,34.246,0,1665964,813620,174860,5278488,16489.112,7298.164,0,14394.352,0,966.889,7675,13505,2.930,2.010,1.140,0,1,11.999,0,0,11,39,0,10,0
22-04 18:48:23,24.249,3.250,45.498,24.499,0,1664344,812752,174968,5280792,16155.395,8463.683,0,9247.654,0,679.975,8056,12991,2.930,2.010,1.140,2,1,9.000,0,0,11,39,0,10,0
22-04 18:48:24,27.047,16.278,30.303,25.544,0,1533336,942500,175168,5282228,9307.130,5247.093,372.646,18351.805,6.010,1121.944,10480,16795,3.020,2.040,1.160,4,1,353.613,0,0,11,36,0,10,0
22-04 18:48:25,36.436,13.726,26.703,20.963,0,1582404,891652,175256,5283396,15702.560,1996.511,782.632,7148.508,13.976,504.119,7897,12063,3.020,2.040,1.160,0,2,148.740,0,0,11,37,0,10,0
22-04 18:48:26,17.757,7.003,46.018,26.260,0,1582904,890176,175340,5284236,15586.147,7329.891,1248.492,10300.062,18.007,671.265,7149,11044,3.020,2.040,1.160,0,1,101.040,0,0,11,37,0,10,0
22-04 18:48:27,15.245,3.999,52.484,25.992,0,1579000,893064,175392,5285168,13725.795,8363.438,0,8613.361,0,616.811,7139,11727,3.020,2.040,1.160,1,3,5.998,0,0,11,37,0,10,0
22-04 18:48:28,15.998,7.249,43.745,30.747,0,1512140,959280,175440,5285744,12954.667,4579.529,0,16322.321,0,1151.881,7025,10803,3.020,2.040,1.160,5,0,55.994,0,0,11,36,0,11,0
22-04 18:48:29,22.753,3.751,50.007,21.003,0,1575368,894452,175484,5287228,9746.352,2000.278,0,6040.838,0,537.075,4813,7745,3.020,2.060,1.170,1,1,0,0,0,11,37,0,11,0
22-04 18:48:30,17.498,3.250,51.243,25.747,0,1573164,895600,175576,5288168,20801.300,7790.989,0,8782.860,0,691.910,6153,9823,3.020,2.060,1.170,1,2,3.000,0,0,11,36,0,11,1
22-04 18:48:31,24.017,6.755,43.781,23.016,0,1535716,932112,175616,5289040,8487.077,552.396,0,10035.185,0,717.514,5999,9155,3.020,2.060,1.170,2,2,37.027,0,0,11,36,0,12,0
22-04 18:48:32,17.259,3.502,53.276,23.762,0,1553944,912428,175628,5290420,12814.357,6491.220,0,7155.550,0,581.288,5480,9015,3.020,2.060,1.170,1,1,3.001,0,0,11,37,0,12,0
22-04 18:48:33,21.990,6.997,41.731,26.987,0,1591380,874236,175652,5291132,11210.775,1367.363,0,13745.594,0,883.588,6483,10200,3.020,2.060,1.170,1,1,62.971,0,0,11,36,0,13,0
22-04 18:48:34,19.991,3.998,45.230,28.737,0,1609728,855044,175668,5291936,14792.383,5738.433,0,8947.997,0,617.724,5084,8042,3.180,2.110,1.190,1,1,0,0,0,11,37,0,13,0
22-04 18:48:35,17.473,5.991,49.423,25.460,0,1588120,875660,175692,5292856,14696.105,6018.624,0,9273.553,0,428.333,6579,9826,3.180,2.110,1.190,1,1,42.933,0,0,11,36,0,14,0
22-04 18:48:36,22.532,4.006,43.563,27.540,0,1649284,813636,175704,5293684,9080.031,2509.601,0,9621.808,0,621.892,4994,7739,3.180,2.110,1.190,1,1,0,0,0,11,37,0,14,0
22-04 18:48:37,16.285,4.009,50.608,26.807,0,1628604,833304,175728,5294656,20016.558,8349.753,0,7411.758,0,584.242,6238,10127,3.180,2.110,1.190,0,2,9.019,0,0,11,37,0,14,0
22-04 18:48:38,10.474,5.985,56.111,25.437,0,1604796,856248,175752,5295472,11947.379,1631.954,0,10122.902,0,715.227,5907,9457,3.180,2.110,1.190,0,1,72.819,0,0,11,36,0,15,0
22-04 18:48:39,3.501,3.001,62.267,28.758,0.250,1587684,873216,175812,5295548,7138.001,486.136,0,12559.521,0,802.225,4319,8162,3.240,2.140,1.200,0,2,6.002,0,0,11,36,0,15,0
22-04 18:48:40,4.249,1.499,67.726,23.992,0,1567476,892620,175832,5296320,3608.746,539.812,0,4974.272,0,441.847,3835,6929,3.240,2.140,1.200,0,1,5.998,0,0,11,36,0,15,0
22-04 18:48:41,10.000,6.000,56.502,25.501,0,1541992,916452,175880,5297828,8640.243,540.015,0,8244.232,0,570.016,6230,21497,3.240,2.140,1.200,2,0,48.001,0,0,11,36,0,16,0
22-04 18:48:42,5.253,2.751,57.031,31.767,0,1531848,926352,175936,5298012,9320.071,540.294,0,13699.454,0,929.506,4952,9007,3.240,2.140,1.200,1,1,6.003,0,0,11,36,0,15,0
22-04 18:48:43,6.247,1.999,64.967,23.988,0,1522884,934880,175968,5298400,8960.391,539.722,0,6396.710,0,548.718,4583,7869,3.240,2.140,1.200,0,1,11.994,0,0,11,36,0,15,0
22-04 18:48:44,3.749,2.499,61.485,28.743,0,1515048,942500,176020,5298564,8456.989,539.872,0,13760.727,0,958.772,4522,8148,3.300,2.170,1.220,2,2,5.999,0,0,11,36,0,15,0
22-04 18:48:45,5.754,3.252,60.543,29.020,0,1508412,948896,176072,5298748,9162.464,540.381,0,8401.928,0,640.452,5224,9368,3.300,2.170,1.220,1,1,12.008,0,0,11,36,0,15,0
22-04 18:48:46,3.749,2.749,63.482,26.993,0,1503020,953900,176096,5299096,6130.303,485.866,0,8937.526,0,640.823,4054,7741,3.300,2.170,1.220,0,2,2.999,0,0,11,36,0,15,0
22-04 18:48:47,4.000,2.750,61.749,30.000,0,1498204,957976,176144,5299772,4853.927,539.992,0,7723.883,0,592.991,4172,7605,3.300,2.170,1.220,0,1,9.000,0,0,11,36,0,15,0
22-04 18:48:48,4.502,2.501,64.029,26.012,0,1494056,961488,176192,5300344,10384.761,540.248,0,11957.482,0,827.379,4871,8918,3.300,2.170,1.220,0,1,4.002,0,0,11,36,0,15,0
22-04 18:48:49,3.498,2.249,60.972,29.986,0,1490468,964664,176228,5300704,10721.012,539.749,0,10231.240,0,706.671,4493,7966,3.360,2.200,1.230,1,1,8.996,0,0,11,36,0,15,0
22-04 18:48:50,6.503,3.251,61.774,25.510,0,1489564,964536,176352,5301556,5303.073,540.211,0,11620.542,0,906.354,5893,10919,3.360,2.200,1.230,1,2,12.005,0,0,11,36,0,15,0
22-04 18:48:51,4.755,2.253,64.822,25.779,0,1487968,965884,176380,5301768,10097.264,540.603,0,8425.399,0,634.708,4144,7552,3.360,2.200,1.230,1,1,6.007,0,0,11,36,0,15,0
22-04 18:48:52,5.243,2.497,61.168,27.963,0.250,1485892,968760,176464,5300880,6796.906,539.278,0,11037.233,0,820.902,5406,10040,3.360,2.200,1.230,1,2,2.996,0,0,11,36,0,15,0
22-04 18:48:53,4.501,2.501,59.015,31.008,0,1484604,969864,176504,5301024,9581.382,580.144,0,10994.733,0,759.189,4582,8432,3.360,2.200,1.230,1,1,0,0,0,11,36,0,15,0
22-04 18:48:54,3.497,2.248,61.448,28.976,0,1484456,970532,176536,5300476,6313.678,539.545,0,6754.307,0,595.498,5486,10609,3.250,2.200,1.240,1,2,2.997,0,0,11,36,0,15,0
22-04 18:48:55,4.503,2.251,67.542,23.014,0,1484808,970532,176580,5300084,5885.657,540.336,0,8269.138,0,672.418,4385,8241,3.250,2.200,1.240,0,2,3.002,0,0,11,36,0,15,0
22-04 18:48:56,8.496,2.499,59.224,27.488,0.250,1484340,970532,176632,5300500,9581.774,539.762,0,12290.579,0,888.608,5160,9569,3.250,2.200,1.240,0,2,2.999,0,0,11,36,0,15,0
22-04 18:48:57,6.752,2.251,63.517,24.257,0,1483984,970532,176652,5300836,8074.166,540.145,0,11587.109,0,758.203,4553,8074,3.250,2.200,1.240,0,2,6.002,0,0,11,36,0,15,0
22-04 18:48:58,5.252,3.001,61.019,29.009,0,1483680,970532,176664,5301128,10180.128,540.166,0,7274.235,0,595.183,5580,10173,3.250,2.200,1.240,0,2,7.002,0,0,11,36,0,15,0
22-04 18:48:59,5.254,2.502,60.793,28.020,0,1483380,970532,176680,5301400,41819.818,540.385,0,10395.412,0,839.599,5619,9419,3.310,2.230,1.250,1,2,9.006,0,0,11,36,0,15,0
22-04 18:49:00,5.745,3.247,64.446,24.480,0,1483104,970532,176692,5301656,8381.986,485.594,0,10423.277,0,847.291,5222,9519,3.310,2.230,1.250,2,0,8.992,0,0,11,36,0,15,0
22-04 18:49:01,5.498,3.249,61.983,26.742,0,1482588,970532,176708,5302144,9623.285,539.848,0,8341.647,0,665.812,4734,8355,3.310,2.230,1.250,0,1,5.998,0,0,11,36,0,15,0
22-04 18:49:02,2.500,2.500,60.507,31.253,0,1482460,970532,176732,5302240,8885.974,540.059,0,9185.006,0,607.067,3643,6596,3.310,2.230,1.250,0,2,3.000,0,0,11,36,0,9,0
22-04 18:49:03,4.499,2.250,60.738,31.244,0,1482924,970532,176740,5301768,5897.799,539.890,0,6634.649,0,547.888,3941,6976,3.310,2.230,1.250,1,2,2.999,0,0,11,38,0,9,0
22-04 18:49:04,6.501,3.001,62.761,24.254,0,1482920,970996,176760,5301292,9820.689,540.093,0,10409.791,0,847.146,5216,9551,3.200,2.230,1.260,0,3,6.001,0,0,11,38,0,9,0
22-04 18:49:05,4.500,2.750,61.251,29.500,0,1482804,970492,176812,5301860,7248.086,540.006,0,10216.122,0,775.009,4524,8341,3.200,2.230,1.260,0,1,3.000,0,0,11,38,0,9,0
22-04 18:49:06,6.250,2.500,63.751,25.500,0,1482600,970492,176844,5302028,10507.166,540.009,0,9152.144,0,694.011,4454,7936,3.200,2.230,1.260,0,2,3.000,0,0,11,38,0,8,0
22-04 18:49:07,6.501,3.501,52.260,34.757,0,1482184,970492,176860,5302424,6412.279,540.108,0,18007.592,0,1205.240,6104,11027,3.200,2.230,1.260,0,1,6.001,0,0,11,38,0,8,0
22-04 18:49:08,6.500,2.750,66.246,21.999,0,1482688,969484,176880,5302896,12879.228,485.971,0,4895.707,0,498.970,4537,8109,3.200,2.230,1.260,0,3,12.999,0,0,11,38,0,8,0
22-04 18:49:09,7.990,3.246,59.675,25.967,0,1482164,969484,176908,5303384,8459.383,539.323,0,15144.993,0,1095.625,6399,11943,3.270,2.260,1.270,1,1,8.989,0,0,11,38,0,8,0
22-04 18:49:10,9.506,3.502,54.536,31.021,0,1481692,969484,176940,5303812,4290.863,540.361,0,14637.767,0,987.659,5183,9258,3.270,2.260,1.270,1,2,3.002,0,0,11,38,0,8,0
22-04 18:49:11,9.777,2.006,64.177,21.309,0,1481028,969484,176960,5304440,6644.333,541.494,0,4428.219,0,521.439,4865,8486,3.270,2.260,1.270,4,0,15.042,0,0,11,38,0,8,0
22-04 18:49:12,7.484,2.744,62.867,24.199,0,1480604,969484,176996,5304820,9617.679,538.861,0,9160.644,0,707.505,5094,8933,3.270,2.260,1.270,0,3,8.981,0,0,11,38,0,8,0
22-04 18:49:13,5.746,3.248,61.959,26.482,0,1480332,969484,177024,5305060,6977.366,539.642,0,12447.734,0,825.452,5231,9638,3.270,2.260,1.270,0,2,5.996,0,0,11,38,0,8,0
22-04 18:49:14,6.252,2.501,64.767,22.506,0.250,1479964,969232,177068,5305616,11178.857,540.138,0,7205.842,0,741.189,6104,10877,3.170,2.250,1.280,0,1,15.004,0,0,11,38,0,7,0
22-04 18:49:15,4.500,3.000,57.999,31.000,0,1479616,969232,177132,5305884,13493.828,485.994,0,14531.814,0,1012.987,6340,12025,3.170,2.250,1.280,1,1,6.000,0,0,11,38,0,7,0
22-04 18:49:16,3.500,3.500,60.499,29.500,0,1479240,969232,177164,5306204,9110.860,539.992,0,12123.814,0,830.987,5025,9246,3.170,2.250,1.280,0,1,9.000,0,0,11,38,0,7,0
22-04 18:49:17,6.259,2.253,58.336,31.296,0,1478936,968980,177188,5306720,6230.178,540.797,0,6717.896,0,548.808,4693,8554,3.170,2.250,1.280,2,0,6.009,0,0,11,38,0,7,0
22-04 18:49:18,4.745,2.747,57.690,31.717,0,1479036,968476,177216,5307084,3907.932,539.438,0,10345.230,0,756.213,4647,8408,3.170,2.250,1.280,0,1,6.993,0,0,11,38,0,7,0
22-04 18:49:19,5.498,1.749,62.476,27.489,0,1478660,968224,177228,5307688,4063.444,539.793,0,7964.949,0,649.751,4601,8398,3.230,2.280,1.290,1,1,2.999,0,0,11,38,0,7,0
22-04 18:49:20,4.502,3.501,61.274,28.761,0,1478656,967720,177248,5308160,9389.741,540.215,0,10724.272,0,790.315,4653,8519,3.230,2.280,1.290,2,0,6.002,0,0,11,38,0,7,0
22-04 18:49:21,5.249,2.250,59.489,28.995,0,1478468,967720,177252,5308340,5996.910,539.902,0,13545.539,0,889.838,4800,8730,3.230,2.280,1.290,1,3,8.998,0,0,11,38,0,7,0
22-04 18:49:22,5.001,3.001,61.761,28.005,0,1477944,967464,177268,5309084,9323.590,486.083,0,9353.595,0,722.123,5518,9889,3.230,2.280,1.290,1,1,15.003,0,0,11,38,0,7,0
22-04 18:49:23,4.251,2.750,63.261,26.505,0,1478028,966960,177280,5309480,6055.094,540.098,0,9737.759,0,775.140,5494,10254,3.230,2.280,1.290,3,0,9.002,0,0,11,38,0,6,0
22-04 18:49:24,5.997,2.749,60.971,27.987,0,1477724,966708,177312,5309988,8606.964,539.747,0,11618.551,0,884.585,5018,9259,3.130,2.280,1.290,1,1,8.996,0,0,11,38,0,6,0
22-04 18:49:25,4.250,2.000,64.501,25.750,0,1477172,966708,177312,5310528,7601.085,540.006,0,7288.081,0,578.006,4292,8261,3.130,2.280,1.290,0,2,3.000,0,0,11,38,0,6,0
22-04 18:49:26,4.756,3.004,61.831,28.037,0,1477540,966204,177324,5310632,4870.394,540.710,0,13806.124,0,939.233,4913,9115,3.130,2.280,1.290,1,1,9.012,0,0,11,38,0,6,0
22-04 18:49:27,3.745,2.247,61.171,29.961,0,1477580,965952,177332,5310828,3806.107,539.307,0,9731.490,0,679.127,4441,8194,3.130,2.280,1.290,0,2,2.996,0,0,11,38,0,6,0
22-04 18:49:28,4.503,2.502,65.297,25.268,0,1477344,965952,177340,5311048,9893.055,582.415,0,7901.635,0,653.466,4954,9036,3.130,2.280,1.290,1,1,10.007,0,0,11,38,0,6,0
22-04 18:49:29,5.500,3.000,64.997,24.499,0,1477188,965448,177352,5311676,9796.532,539.974,0,9355.553,0,806.961,5157,9454,3.120,2.290,1.300,0,2,9.000,0,0,11,38,0,6,0
22-04 18:49:30,4.503,2.752,59.786,28.517,0,1476700,965448,177360,5312148,8827.272,486.290,0,15865.476,0,1042.623,5359,9842,3.120,2.290,1.300,0,3,18.011,0,0,11,38,0,6,0
22-04 18:49:31,5.744,2.497,63.186,26.223,0,1477328,964188,177376,5312752,9859.973,539.451,0,6753.132,0,612.377,4851,8431,3.120,2.290,1.300,0,1,23.976,0,0,11,38,0,4,0
22-04 18:49:32,5.750,2.750,62.745,25.998,0,1476852,964188,177388,5313204,10126.203,539.958,0,9703.237,0,753.941,4853,8902,3.120,2.290,1.300,1,1,8.999,0,0,11,38,0,4,0
22-04 18:49:33,6.250,3.000,59.999,27.250,0,1476648,963936,177392,5313644,10210.817,539.990,0,9619.827,0,840.985,5663,10056,3.120,2.290,1.300,0,1,18.000,0,0,11,38,0,4,0
22-04 18:49:34,6.504,3.252,60.291,28.269,0,1477428,962928,177412,5313844,4797.287,540.370,0,14814.150,0,1008.691,5391,9737,3.030,2.280,1.310,2,2,15.010,0,0,11,38,0,4,0
22-04 18:49:35,4.496,2.248,66.936,23.478,0,1477256,962424,177416,5314492,9965.465,539.484,0,6565.718,0,595.430,4476,7999,3.030,2.280,1.310,1,0,8.991,0,0,11,38,0,3,0
22-04 18:49:36,4.504,2.502,61.801,28.774,0,1477160,962424,177420,5314580,8474.033,540.449,0,10668.854,0,741.615,4426,7995,3.030,2.280,1.310,0,4,9.007,0,0,11,38,0,3,0
22-04 18:49:37,5.252,2.751,64.274,25.509,0,1477380,960660,177428,5316080,8157.999,486.179,0,7982.934,0,587.216,4417,7853,3.030,2.280,1.310,1,2,12.004,0,0,11,38,0,3,0
22-04 18:49:38,2.997,2.497,60.184,31.715,0,1477140,960660,177448,5316280,10951.999,539.409,0,12186.646,0,781.144,4006,7470,3.030,2.280,1.310,0,1,0.999,0,0,11,38,0,3,0
22-04 18:49:39,8.001,2.500,64.760,22.504,0,1476580,960660,177452,5316828,11317.766,540.084,0,5920.924,0,609.095,5131,8951,3.110,2.310,1.320,0,1,9.001,0,0,11,38,0,1,0
22-04 18:49:40,5.750,4.000,58.247,29.748,0,1476540,960408,177484,5317084,9249.464,539.969,0,13683.207,0,981.943,5368,9768,3.110,2.310,1.320,2,1,6.000,0,0,11,38,0,1,0
22-04 18:49:41,11.247,4.749,52.738,28.493,0,1475572,961112,177492,5317296,11108.367,539.872,0,9897.654,0,709.832,5694,18860,3.110,2.310,1.320,1,1,44.989,0,0,11,38,0,2,0
22-04 18:49:42,5.252,3.501,61.772,27.510,0,1476288,960356,177512,5317308,4925.738,540.191,0,11340.002,0,791.279,5406,10007,3.110,2.310,1.320,0,3,6.002,0,0,11,38,0,2,0
22-04 18:49:43,5.007,2.253,65.096,25.287,0,1477776,960104,177512,5316064,9791.430,540.797,0,5920.725,0,564.832,4636,8429,3.110,2.310,1.320,0,1,0,0,0,11,38,0,1,0
22-04 18:49:44,4.493,2.996,61.410,27.460,0,1478584,960104,177532,5315236,7890.479,539.213,0,13176.760,0,918.659,5423,10488,3.100,2.320,1.330,2,1,0,0,0,11,38,0,1,0
22-04 18:49:45,5.249,2.500,64.741,24.747,0,1480348,960104,177544,5313456,9007.798,485.935,0,6059.192,0,642.914,4908,8764,3.100,2.320,1.330,0,1,2.000,0,0,11,38,0,1,0
22-04 18:49:46,4.513,2.758,64.941,25.575,0,1478748,962584,177552,5312568,5852.223,541.594,0,9708.573,0,725.134,4995,9321,3.100,2.320,1.330,1,0,0,0,0,11,38,0,1,0
22-04 18:49:47,4.987,2.992,59.843,29.173,0,1479724,962584,177564,5311580,9574.844,538.585,0,12922.050,0,839.794,5222,9659,3.100,2.320,1.330,0,1,0,0,0,11,38,0,1,0
22-04 18:49:48,5.998,2.749,61.234,27.243,0,1479360,962584,177564,5311944,10432.308,539.861,0,10145.383,0,751.806,5340,9696,3.100,2.320,1.330,1,1,5.998,0,0,11,38,0,1,0
22-04 18:49:49,4.750,2.500,61.745,28.747,0,1479204,962584,177572,5312112,5398.530,539.953,0,10815.057,0,819.929,4707,8587,2.930,2.300,1.330,5,1,9.999,0,0,11,38,0,1,0
22-04 18:49:50,5.998,2.249,61.984,26.993,0,1479108,962332,177572,5312460,5424.558,539.856,0,8597.714,0,728.806,4898,8731,2.930,2.300,1.330,0,1,11.997,0,0,11,38,0,1,0
22-04 18:49:51,6.263,2.255,59.628,28.812,0,1479472,961828,177576,5312596,9854.147,583.252,0,13769.549,0,980.103,5234,9657,2.930,2.300,1.330,1,1,6.013,0,0,11,38,0,1,0
22-04 18:49:52,11.977,4.242,61.131,20.211,0,1347400,1094076,177580,5312416,8343.757,485.056,0,6702.951,0,466.093,4692,7138,2.930,2.300,1.330,1,0,37.926,0,0,11,32,0,3,0
22-04 18:49:53,9.019,21.545,65.387,3.006,0,1343896,1097376,177580,5312620,8325.433,635.330,0,2280.776,0,118.248,6592,5508,2.930,2.300,1.330,2,0,567.188,0,0,11,32,0,3,0
22-04 18:49:54,47.813,15.520,34.545,2.003,0,1496432,944636,177580,5312824,11549.179,540.711,0,2283.001,0,151.199,6039,5200,2.860,2.300,1.330,3,0,346.455,0,0,11,32,0,9,0
22-04 18:49:55,60.555,7.725,26.415,4.984,0,1704604,734216,177608,5314920,12175.813,538.268,0,1846.059,0,108.650,3911,1869,2.860,2.300,1.330,0,1,1.994,0,0,11,32,0,9,0
22-04 18:49:56,55.392,5.263,26.819,11.780,0,1793860,641508,177648,5317952,6363.266,541.384,0,6785.345,0,199.510,3904,2209,2.860,2.300,1.330,0,1,6.015,0,0,11,32,0,9,0
22-04 18:49:57,17.485,3.497,48.208,28.725,0,1806404,627172,177664,5319588,4337.228,539.531,0,7733.274,0,430.625,3937,5667,2.860,2.300,1.330,3,1,0,0,0,11,38,0,9,0
22-04 18:49:58,8.758,2.753,54.052,32.531,0,1805944,626416,177672,5320768,4980.791,540.520,0,9437.077,0,649.625,4971,8782,2.860,2.300,1.330,0,2,27.026,0,0,11,38,0,9,0
22-04 18:49:59,9.724,2.743,53.856,30.419,0,1805084,625660,177680,5322324,11099.280,538.558,0,10551.746,0,766.946,6363,11450,2.950,2.320,1.350,0,4,42.885,0,0,11,38,0,9,0
22-04 18:50:00,8.775,3.009,56.411,29.835,0,1805124,624148,177684,5323740,6072.355,487.393,0,12860.757,0,874.499,7446,13965,2.950,2.320,1.350,1,1,18.052,0,0,11,38,0,9,0
22-04 18:50:01,5.483,2.492,53.086,35.640,0,1804200,623896,177684,5324868,8306.415,538.342,0,12716.830,0,805.519,5009,9404,2.950,2.320,1.350,7,1,11.963,0,0,11,38,0,9,0
22-04 18:50:02,6.251,2.750,47.758,41.007,0,1803832,623392,177700,5325700,8604.378,540.087,0,12966.077,0,881.141,5180,9578,2.950,2.320,1.350,0,1,18.003,0,0,11,38,0,9,0
22-04 18:50:03,5.500,2.500,51.751,37.000,0,1803280,622636,177716,5326928,9659.097,540.005,0,11920.120,0,784.008,5206,9655,2.950,2.320,1.350,0,2,18.000,0,0,11,38,0,9,0
22-04 18:50:04,11.249,3.250,55.494,28.247,0,1802828,621376,177736,5328572,5817.327,539.938,0,7211.166,0,618.928,5885,10121,2.870,2.320,1.350,2,1,41.995,0,0,11,38,0,9,0
22-04 18:50:05,6.508,3.505,53.069,34.545,0,1802828,620116,177740,5329764,6430.326,540.700,0,14162.338,0,915.185,6109,11267,2.870,2.320,1.350,0,2,23.030,0,0,11,38,0,9,0
22-04 18:50:06,5.255,2.502,51.798,37.535,0,1802936,619136,177752,5330600,10127.433,540.503,0,11138.375,0,808.753,5472,10173,2.870,2.320,1.350,1,2,18.017,0,0,11,38,0,9,0
22-04 18:50:07,7.234,3.742,53.379,33.175,0,1802404,618632,177764,5331580,6249.851,484.902,0,12755.123,0,870.030,6697,12452,2.870,2.320,1.350,0,2,32.925,0,0,11,38,0,9,0
22-04 18:50:08,7.520,2.757,50.383,35.845,0,1803144,616616,177776,5332808,5355.142,541.430,0,13732.265,0,897.370,5742,10379,2.870,2.320,1.350,1,3,12.032,0,0,11,38,0,9,0
22-04 18:50:09,5.982,3.240,53.092,35.145,0,1802912,615356,177792,5334220,9212.605,538.399,0,8446.882,0,574.292,5384,9552,2.800,2.310,1.360,2,2,24.926,0,0,11,38,0,9,0
22-04 18:50:10,7.506,3.253,56.295,29.774,0.250,1803216,614096,177796,5335152,9366.507,540.433,0,14487.611,0,966.775,5964,10922,2.800,2.310,1.360,0,2,33.026,0,0,11,38,0,9,0
22-04 18:50:11,5.998,1.499,58.480,31.489,0,1802916,613844,177800,5335684,11248.067,539.811,0,9656.623,0,680.762,4109,7397,2.800,2.310,1.360,2,1,18.993,0,0,11,38,0,9,0
22-04 18:50:12,6.740,3.245,54.419,33.450,0.250,1802856,612848,177808,5336688,11946.263,539.199,0,12856.911,0,841.750,6476,11986,2.800,2.310,1.360,4,2,20.969,0,0,11,38,0,9,0
22-04 18:50:13,8.013,2.754,50.582,35.057,0,1803024,611336,177820,5337988,4443.170,540.873,0,12131.576,0,868.401,5599,9952,2.800,2.310,1.360,0,2,33.053,0,0,11,38,0,9,0
22-04 18:50:14,7.251,3.000,54.506,32.504,0,1803144,609824,177832,5339324,10545.175,486.054,0,13197.471,0,858.096,5239,9436,2.820,2.320,1.360,0,6,18.002,0,0,11,38,0,9,0
22-04 18:50:15,6.234,3.242,55.112,32.668,0,1803108,609068,177836,5340096,8384.013,538.652,0,13873.272,0,880.795,5457,9981,2.820,2.320,1.360,1,3,11.970,0,0,11,38,0,9,0
22-04 18:50:16,5.261,3.006,51.856,36.825,0,1803440,608060,177836,5340728,4951.101,541.104,0,12212.915,0,764.560,4678,8338,2.820,2.320,1.360,1,1,15.031,0,0,11,38,0,9,0
22-04 18:50:17,7.256,3.503,55.799,30.777,0,1803236,607052,177840,5341908,9177.141,582.517,0,11229.962,0,864.767,5513,9709,2.820,2.320,1.360,3,1,18.016,0,0,11,38,0,9,0
22-04 18:50:18,4.997,2.748,60.461,28.732,0.250,1803452,606296,177840,5342412,10842.094,539.656,0,13299.529,0,879.440,5307,10115,2.820,2.320,1.360,0,2,8.994,0,0,11,38,0,9,0
22-04 18:50:19,6.748,3.249,52.736,33.491,0,1803080,605820,177844,5343216,12290.652,539.853,0,10389.170,0,784.786,5803,10285,2.750,2.320,1.370,0,1,24.993,0,0,11,38,0,9,0
22-04 18:50:20,6.500,2.750,56.998,31.499,0,1803336,604560,177852,5344172,11187.612,539.981,0,10735.627,0,750.974,5062,9015,2.750,2.320,1.370,0,1,12.000,0,0,11,38,0,9,0
22-04 18:50:21,5.502,3.501,56.270,32.011,0,1803264,604056,177856,5344720,5097.805,540.191,0,13340.723,0,896.317,5416,9684,2.750,2.320,1.370,0,2,15.005,0,0,11,38,0,9,0
22-04 18:50:22,16.050,3.260,45.391,32.601,0,1662384,744104,177868,5345520,10882.707,487.510,0,16234.283,0,1093.387,6716,11785,2.750,2.320,1.370,2,1,24.075,0,0,11,36,0,9,0
22-04 18:50:23,28.238,6.997,33.986,28.988,0,1726564,678468,177892,5346920,6784.225,539.779,0,11787.179,0,882.639,8710,14678,2.750,2.320,1.370,2,1,105.957,0,0,11,36,0,9,0
22-04 18:50:24,28.412,4.486,36.138,28.661,0,1796624,607404,177896,5347884,9068.967,538.336,0,14012.686,0,929.128,6670,10634,3.250,2.430,1.410,1,1,22.929,0,0,11,36,0,9,0
22-04 18:50:25,16.523,5.007,45.565,29.542,0,1738752,663048,177904,5350052,8646.294,540.769,0,12670.015,0,817.162,6141,9879,3.250,2.430,1.410,0,4,93.132,0,0,11,36,0,9,0
22-04 18:50:26,5.494,2.997,53.193,35.212,0,1721784,679176,177904,5350872,9726.569,539.422,0,13529.491,0,843.096,5074,9108,3.250,2.430,1.410,0,2,14.984,0,0,11,36,0,9,0
22-04 18:50:27,6.251,2.250,52.756,36.004,0,1713320,686492,177916,5351948,9761.089,540.060,0,5764.643,0,509.057,4303,7462,3.250,2.430,1.410,0,1,27.003,0,0,11,36,0,9,0
22-04 18:50:28,3.997,2.498,55.961,34.726,0,1706488,692716,177928,5352524,4208.045,539.621,0,10096.911,0,617.566,4054,7342,3.250,2.430,1.410,3,0,14.989,0,0,11,36,0,9,0
22-04 18:50:29,5.754,3.753,53.038,35.275,0,1700232,697952,177932,5353496,3505.513,486.349,0,14410.332,0,938.673,6840,13165,3.150,2.420,1.410,0,5,10.007,0,0,11,36,0,9,0
22-04 18:50:30,5.748,2.499,49.982,38.236,0,1695040,701952,177952,5354644,9237.676,539.806,0,14814.669,0,918.669,4920,9241,3.150,2.420,1.410,2,2,8.997,0,0,11,36,0,9,0
22-04 18:50:31,6.251,3.001,55.513,32.508,0,1690064,705280,177968,5356180,7399.759,540.128,0,9230.194,0,682.162,5690,10404,3.150,2.420,1.410,0,1,12.003,0,0,11,36,0,9,0
22-04 18:50:32,6.250,3.500,58.753,29.001,0,1685864,708596,177984,5357016,9419.437,540.025,0,14168.658,0,994.046,5716,11123,3.150,2.420,1.410,0,2,27.001,0,0,11,36,0,9,0
22-04 18:50:33,7.249,3.250,50.246,36.747,0,1682140,710916,177988,5358376,11005.219,539.962,0,12035.146,0,915.935,5561,9607,3.150,2.420,1.410,0,1,23.998,0,0,11,36,0,9,0
22-04 18:50:34,11.754,2.751,51.016,31.010,0,1684324,708060,177996,5359024,12782.949,540.167,0,12207.771,0,873.270,6807,12272,3.140,2.430,1.420,0,1,0,0,0,11,36,0,9,0
22-04 18:50:35,5.263,2.757,54.134,35.588,0,1681208,709960,177996,5360204,7399.259,541.336,0,14146.910,0,824.033,4662,8451,3.140,2.430,1.420,0,2,0,0,0,11,36,0,9,0
22-04 18:50:36,5.236,3.242,53.113,35.408,0,1678764,710776,178000,5361776,4466.442,484.746,0,9770.715,0,663.284,4546,8340,3.140,2.430,1.420,0,1,0,0,0,11,36,0,9,0
22-04 18:50:37,5.249,2.999,52.490,36.493,0,1676492,711600,178000,5363156,5078.036,539.897,0,11525.811,0,730.861,4623,8549,3.140,2.430,1.420,1,1,0,0,0,11,36,0,9,0
22-04 18:50:38,5.501,3.000,50.756,37.504,0,1674792,711732,178004,5364648,10642.268,540.064,0,16109.920,0,982.117,6050,11607,3.140,2.430,1.420,0,3,0,0,0,11,36,0,9,0
22-04 18:50:39,4.503,2.752,51.282,38.524,0,1673200,712092,178008,5365844,8310.208,540.339,0,14605.154,0,888.557,4682,8673,3.210,2.460,1.440,1,4,1.001,0,0,11,36,0,9,0
22-04 18:50:40,5.258,2.254,58.091,31.800,0,1672032,711620,178008,5367396,9287.596,582.916,0,5901.274,0,440.693,3883,7002,3.210,2.460,1.440,1,1,0,0,0,11,36,0,9,0
22-04 18:50:41,9.976,5.736,44.642,36.661,0,1673440,708728,178012,5368796,7880.930,538.697,0,16109.021,0,947.707,7138,20427,3.210,2.460,1.440,2,1,41.899,0,0,11,36,0,10,0
22-04 18:50:42,4.754,2.252,55.291,34.776,0,1672784,707972,178016,5370152,9003.739,540.405,0,6893.160,0,476.357,3978,7124,3.210,2.460,1.440,0,1,0,0,0,11,36,0,10,0
22-04 18:50:43,4.498,3.249,49.981,39.485,0,1671928,707468,178016,5371476,7312.214,539.794,0,13934.691,0,878.665,5071,9359,3.210,2.460,1.440,0,1,0,0,0,11,36,0,10,0
22-04 18:50:44,5.754,3.252,45.031,42.779,0,1671184,706964,178020,5372688,3709.519,486.330,0,16531.226,0,1045.710,5728,10542,3.430,2.520,1.460,0,1,6.004,0,0,11,36,0,9,0
22-04 18:50:45,6.993,3.247,55.197,32.469,0,1670580,706712,178024,5373516,10676.838,539.487,0,7816.560,0,597.431,5426,9484,3.430,2.520,1.460,1,0,8.991,0,0,11,36,0,9,0
22-04 18:50:46,4.250,2.750,59.747,30.498,0,1670636,706208,178024,5373904,6196.688,539.973,0,11191.437,0,865.956,5121,9350,3.430,2.520,1.460,1,1,9.000,0,0,11,36,0,9,0
22-04 18:50:47,3.749,2.999,59.237,31.743,0,1670620,706208,178024,5373916,4572.996,539.882,0,11113.561,0,761.833,4321,7883,3.430,2.520,1.460,3,2,5.999,0,0,11,36,0,9,0
22-04 18:50:48,3.502,3.001,56.775,33.765,0,1670416,705956,178024,5374364,8986.966,540.238,0,9784.318,0,745.329,4862,8630,3.430,2.520,1.460,0,1,12.005,0,0,11,36,0,9,0
22-04 18:50:49,3.994,2.996,61.410,28.459,0,1670624,705704,178024,5374404,7062.704,539.214,0,8675.353,0,624.090,5240,9411,3.320,2.510,1.460,1,1,12.981,0,0,11,36,0,9,0
22-04 18:50:50,4.506,2.754,58.825,31.791,0,1670356,705704,178024,5374648,9960.704,540.690,0,13873.695,0,909.160,5376,9632,3.320,2.510,1.460,0,1,12.015,0,0,11,36,0,9,0
22-04 18:50:51,8.000,2.750,52.997,33.248,0.250,1669988,705452,178024,5375252,9242.522,485.975,0,11407.410,0,803.958,4913,8700,3.320,2.510,1.460,1,1,0,0,0,11,36,0,9,0
22-04 18:50:52,7.497,3.249,49.481,38.235,0,1671272,703688,178028,5375708,4477.288,539.794,0,10008.173,0,682.739,4936,9075,3.320,2.510,1.460,4,0,11.995,0,0,11,36,0,9,0
22-04 18:50:53,6.001,3.251,56.014,31.508,0,1670656,703688,178032,5376308,9187.262,634.156,0,11610.859,0,815.201,5466,9821,3.320,2.510,1.460,1,2,15.004,0,0,11,36,0,7,0
22-04 18:50:54,7.505,2.752,54.533,32.270,0,1670256,703436,178032,5376944,7024.309,540.331,0,11919.312,0,840.516,5410,9725,3.130,2.480,1.460,3,2,15.009,0,0,11,36,0,7,0
22-04 18:50:55,5.500,3.000,57.748,30.499,0,1670308,702932,178036,5377388,8330.660,539.978,0,12591.487,0,867.965,7046,13096,3.130,2.480,1.460,2,1,14.999,0,0,11,36,0,7,0
22-04 18:50:56,9.016,2.505,53.346,32.559,0,1670268,702428,178040,5377904,4648.375,540.975,0,9945.919,0,739.332,5276,8968,3.130,2.480,1.460,2,0,21.038,0,0,11,36,0,7,0
22-04 18:50:57,30.783,10.511,48.552,9.010,0,1390444,982148,178040,5378004,6954.405,540.576,0,6575.001,0,413.440,4870,4972,3.130,2.480,1.460,1,1,249.265,0,0,11,32,0,1,0
22-04 18:50:58,22.945,3.492,68.835,4.489,0,1458988,913604,178040,5378004,10062.926,484.840,0,1963.303,0,121.709,2122,1881,3.130,2.480,1.460,1,0,0.998,0,0,11,32,0,1,0
22-04 18:50:59,23.794,2.505,68.878,3.757,0,1508876,863708,178040,5378012,7854.651,541.009,0,3366.279,0,199.372,2618,2643,2.960,2.460,1.460,1,0,3.006,0,0,11,38,0,1,0
22-04 18:51:00,21.003,4.251,74.011,0.250,0,1500588,871996,178040,5378012,3920.596,540.082,0,84.013,0,7.001,2184,1489,2.960,2.460,1.460,1,0,28.004,0,0,11,32,0,1,0
22-04 18:51:01,22.971,2.497,72.908,0,0,1500588,871996,178040,5378012,9320.190,539.317,0,247.686,0,38.951,2039,1687,2.960,2.460,1.460,1,0,0,0,0,11,32,0,1,0
22-04 18:51:02,18.014,10.258,66.051,5.004,0,1424804,947768,178040,5378024,8722.786,540.420,0,916.713,0,67.052,3805,3635,2.960,2.460,1.460,2,0,251.195,0,0,11,32,0,1,0
22-04 18:51:03,12.257,32.269,52.282,2.251,0,1417248,955260,178040,5378088,9497.727,540.326,0,328.198,0,31.019,8162,7873,2.960,2.460,1.460,1,0,1093.660,0,0,11,32,0,1,0
22-04 18:51:04,8.229,21.694,68.572,0.249,0,1404608,967828,178040,5378160,8302.436,538.601,0,367.047,0,53.860,6334,4844,2.800,2.430,1.450,1,0,523.640,0,0,11,32,0,1,0
22-04 18:51:05,8.768,20.792,69.892,0,0,1392264,980128,178040,5378204,10105.574,541.102,0,20.041,0,5.010,5849,4462,2.800,2.430,1.450,1,0,398.812,0,0,11,32,0,1,0
22-04 18:51:06,13.504,17.505,66.267,1.750,0,1381796,990404,178040,5378356,12152.199,486.128,0,944.249,0,144.038,6678,6596,2.800,2.430,1.450,3,0,332.087,0,0,11,32,0,1,0
22-04 18:51:07,36.875,11.959,49.333,0,0,1476136,896036,178044,5378836,4210.715,538.174,0,39.865,0,0.997,5351,5494,2.800,2.430,1.450,2,0,186.368,0,0,11,33,0,1,0
22-04 18:51:08,44.053,7.008,48.559,0,0,1595732,776336,178044,5378936,6039.301,540.654,0,8.010,0,1.001,2703,1441,2.800,2.430,1.450,3,0,0,0,0,11,33,0,1,0
22-04 18:51:09,42.497,4.500,46.746,5.500,0,1632544,737980,178088,5380204,10262.176,539.957,103.992,1603.871,1.000,155.987,3876,3295,2.740,2.430,1.460,3,0,19.998,0,0,11,49,0,1,0
22-04 18:51:10,23.537,15.274,59.344,1.002,0,1656272,711180,178096,5383064,6802.747,540.854,0,661.044,0,40.063,6179,9195,2.740,2.430,1.460,2,0,291.460,0,0,11,48,0,1,0
22-04 18:51:11,16.217,10.978,71.854,0,0,1656788,710608,178096,5383080,8709.362,538.909,0,87.822,0,3.992,5761,7265,2.740,2.430,1.460,0,0,203.588,0,0,11,48,0,1,0
22-04 18:51:12,0.750,0.750,97.504,0.250,0,1656780,710608,178096,5383088,8420.345,540.022,0,488.020,0,39.002,910,1454,2.740,2.430,1.460,0,0,3.000,0,0,11,48,0,1,0
22-04 18:51:13,0.500,0.250,98.249,0,0,1656780,710608,178096,5383088,9150.945,539.997,0,36.000,0,4.000,664,915,2.740,2.430,1.460,0,0,2.000,0,0,11,48,0,1,0
22-04 18:51:14,1.000,0.500,97.717,0,0,1656748,710608,178096,5383120,10885.282,485.834,0,0,0,0,787,948,2.520,2.390,1.450,0,0,1.999,0,0,11,48,0,1,0
22-04 18:51:15,1.254,2.508,95.561,0,0,1650828,716524,178096,5383120,4531.736,541.762,0,4.013,0,1.003,1156,1401,2.520,2.390,1.450,0,0,28.091,0,0,11,48,0,1,0
22-04 18:51:16,17.189,11.708,66.016,3.488,0,1707932,659408,178096,5383484,12668.077,538.092,0,3718.813,0,231.180,5553,7117,2.520,2.390,1.450,1,0,253.102,0,0,11,48,0,1,0
22-04 18:51:17,10.789,15.557,72.514,0,0,1713812,653400,178096,5383256,6101.202,584.126,0,4.015,0,1.004,5297,5146,2.520,2.390,1.450,2,0,347.264,0,0,12,48,0,1,0
22-04 18:51:18,18.749,16.250,63.498,0,0,1696272,670828,178096,5383312,3834.894,777.979,0,95.997,0,4.000,6727,8246,2.520,2.390,1.450,3,0,300.992,0,0,12,48,0,1,0
22-04 18:51:19,5.234,5.484,86.493,2.493,0,1697468,669512,178096,5383444,10397.105,538.400,0,522.448,0,44.867,2715,3291,2.480,2.380,1.450,0,0,143.573,0,0,12,64,0,1,0
22-04 18:51:20,17.254,15.503,66.014,0,0,1703480,663448,178096,5383928,3378.729,540.116,0,0,0,0,6203,8113,2.480,2.380,1.450,1,0,267.058,0,0,14,66,0,1,0
22-04 18:51:21,9.265,17.779,71.867,0,0,1707268,659604,178096,5383524,12435.281,486.794,0,52.085,0,8.013,5680,4894,2.480,2.380,1.450,1,0,379.619,0,0,14,66,0,2,0
22-04 18:51:22,10.766,19.028,66.097,2.754,0,1655052,711784,178100,5383900,9509.022,582.859,0,1494.203,0,139.205,6793,6475,2.480,2.380,1.450,1,0,397.586,0,0,14,66,0,2,0
22-04 18:51:23,23.719,16.728,58.174,0,0,1681844,684992,178108,5383652,3629.281,581.244,0,71.906,0,2.996,5926,6725,2.480,2.380,1.450,2,0,343.553,0,0,14,66,0,2,0
22-04 18:51:24,30.032,24.026,45.549,0,0,1794828,571920,178132,5383608,9906.709,540.584,0,544.589,0,12.013,7086,6080,2.520,2.390,1.460,4,0,680.736,0,0,14,66,0,2,0
22-04 18:51:25,31.240,23.492,44.236,0,0,1872472,492676,178156,5385100,7495.552,539.824,7.997,43.986,1.000,10.996,7345,9087,2.520,2.390,1.460,2,0,578.811,0,0,14,70,0,4,0
22-04 18:51:26,45.296,18.666,34.843,0,0,1981612,383352,178156,5385616,4698.878,537.583,0,497.762,0,8.960,6520,8686,2.520,2.390,1.460,4,0,287.707,0,0,14,70,0,4,0
22-04 18:51:27,63.925,23.815,6.518,5.264,0,2085864,278712,178172,5386332,10889.781,541.481,0,6750.461,0,322.883,7052,8265,2.520,2.390,1.460,3,1,542.484,0,0,14,70,0,4,0
22-04 18:51:28,68.475,21.492,9.996,0.250,0,2201448,162072,178224,5386880,6016.821,629.772,0,1331.518,0,44.984,5936,7515,2.520,2.390,1.460,5,0,415.849,0,0,14,70,0,4,0
22-04 18:51:29,65.776,21.258,2.751,9.504,0,2280976,189488,172740,5287724,12463.863,486.190,732.286,1660.648,78.030,83.032,6985,8783,2.720,2.430,1.480,4,0,372.145,0,0,14,74,0,4,0
22-04 18:51:30,67.086,22.779,4.756,5.006,0,2471372,222736,171448,5070400,8499.868,540.691,1421.818,7117.100,63.081,292.374,7987,9307,2.720,2.430,1.480,4,1,409.524,0,0,14,76,0,4,0
22-04 18:51:31,52.031,18.011,15.509,14.759,0,2574092,185384,171052,5007100,3960.365,540.323,4.002,12839.667,1.001,452.270,8115,13161,2.720,2.430,1.480,3,2,322.192,0,0,14,76,0,4,0
22-04 18:51:32,60.139,11.978,13.475,13.475,0,2714376,180508,170396,4875592,9315.826,539.006,147.728,14405.443,9.982,581.927,8586,11145,2.720,2.430,1.480,2,1,138.744,0,0,14,79,0,4,0
22-04 18:51:33,61.868,9.442,22.362,4.721,0,2798192,166020,170232,4807792,7530.557,536.690,290.210,3546.130,36.773,184.860,6837,9114,2.720,2.430,1.480,8,0,119.264,0,0,14,82,0,8,0
22-04 18:51:34,56.406,22.663,18.886,1.007,0,2845608,184448,170240,4743684,9132.745,543.916,24.174,1700.240,5.036,94.682,12041,18623,2.980,2.490,1.500,3,0,550.966,0,0,14,95,0,14,0
22-04 18:51:35,23.695,16.462,51.380,7.233,0,2881352,147036,170244,4745832,10723.002,538.744,0,3439.981,0,340.207,8269,12753,2.980,2.490,1.500,1,0,317.260,0,0,14,97,0,17,0
22-04 18:51:36,40.338,11.454,37.350,9.462,0,2992112,168456,170252,4615992,9251.947,537.846,19.920,4752.965,1.992,234.063,4567,3931,2.980,2.490,1.500,4,0,126.493,0,0,14,98,0,17,0
22-04 18:51:37,30.077,10.527,56.394,2.757,0,3057096,169560,170272,4551352,10376.426,487.241,0,1580.024,0,101.258,4645,4234,2.980,2.490,1.500,1,0,145.370,0,0,14,101,0,17,0
22-04 18:51:38,8.281,19.323,70.769,0.251,0,3067920,158692,170272,4551396,8402.885,632.400,4.015,317.204,1.004,23.088,6048,4884,2.980,2.490,1.500,1,0,423.607,0,0,14,101,0,17,0
22-04 18:51:39,7.507,20.268,71.063,0.250,0,3073104,153468,170272,4551436,5623.993,540.480,4.004,112.100,1.001,11.010,6027,4758,2.820,2.470,1.500,1,0,416.370,0,0,14,101,0,17,0
22-04 18:51:40,20.929,3.987,74.498,0,0,3125704,168272,170272,4485652,9082.276,1222.863,0,55.811,0,0.997,1858,1238,2.820,2.470,1.500,0,0,8.970,0,0,14,102,0,17,0
22-04 18:51:41,20.560,4.513,73.965,0.251,0,3124588,169352,170272,4485688,30129.453,22588.565,24.070,340.990,2.006,15.044,3240,15062,2.820,2.470,1.500,2,0,41.119,0,0,14,103,0,20,0
22-04 18:51:42,20.191,6.232,72.289,0.249,0,3114992,178936,170272,4485700,9230.999,538.425,0,191.440,0,10.968,2505,1786,2.820,2.470,1.500,1,0,63.813,0,0,14,103,0,19,0
22-04 18:51:43,12.987,2.248,82.915,0.499,0,3132340,161576,170272,4485712,16299.363,7006.848,0,695.290,0,40.958,2121,2263,2.820,2.470,1.500,1,0,1.998,0,0,14,108,0,19,0
22-04 18:51:44,22.578,4.516,63.721,8.530,0,3140380,153060,170292,4486108,8971.121,487.692,136.473,1842.391,9.031,212.738,4985,7098,2.680,2.440,1.500,0,1,5.017,0,0,14,117,0,19,0
22-04 18:51:45,31.762,8.253,56.021,2.501,0,3223644,134908,170196,4422572,11368.278,1725.649,104.039,1644.619,6.002,135.051,5231,6771,2.680,2.440,1.500,1,0,77.029,0,0,14,118,0,21,0
22-04 18:51:46,21.190,4.986,68.308,3.989,0,3294416,128548,170196,4359864,8073.331,538.488,0,710.006,0,46.868,2264,1785,2.680,2.440,1.500,1,0,36.896,0,0,14,118,1,21,0
22-04 18:51:47,15.751,2.500,78.005,3.500,0,3298144,124796,170196,4359888,13694.805,6935.408,4.000,1484.087,1.000,60.004,2328,2370,2.680,2.440,1.500,1,0,2.000,0,0,14,123,0,21,0
22-04 18:51:48,17.503,4.001,72.263,4.251,0,3297232,125636,170196,4359960,13772.541,2656.490,4.001,1776.328,1.000,119.022,3768,5305,2.680,2.440,1.500,1,0,1.000,0,0,14,123,0,21,0
22-04 18:51:49,40.220,9.743,45.965,3.997,0,3348268,138808,170200,4297404,8497.580,1732.691,7.994,1095.173,1.998,92.930,4585,4425,2.620,2.440,1.500,2,0,101.923,0,0,14,124,0,22,0
22-04 18:51:50,33.373,4.015,60.724,1.255,0,3362576,187352,170200,4236152,17569.870,6276.172,180.667,630.327,1.004,28.104,2612,1599,2.620,2.440,1.500,1,0,0,0,0,14,125,0,22,0
22-04 18:51:51,18.710,5.239,73.342,1.247,0,3401196,148716,170200,4236168,23702.960,17459.404,0,774.333,0,37.918,2547,2008,2.620,2.440,1.500,1,0,54.882,0,0,14,124,0,23,0
22-04 18:51:52,16.739,1.749,80.447,0.250,0,3399836,150064,170200,4236180,15960.578,6194.955,7.995,79.948,1.999,7.995,1775,1455,2.620,2.440,1.500,1,0,0,0,0,14,125,0,23,0
22-04 18:51:53,18.489,4.747,74.956,0.750,0,3347684,202192,170200,4236204,26927.263,17448.802,0,1263.262,0,136.920,2603,1928,2.620,2.440,1.500,1,0,50.970,0,0,14,124,0,24,0
22-04 18:51:54,17.004,2.501,80.769,0,0,3368348,181528,170200,4236204,9626.232,6752.566,0,44.010,0,4.001,1637,1293,2.490,2.410,1.500,0,0,0,0,0,14,125,0,24,0
22-04 18:51:55,23.238,7.246,64.966,2.998,0,3352668,196924,170200,4236488,10878.303,1947.980,3.998,2230.832,0.999,183.904,8287,14274,2.490,2.410,1.500,1,0,112.941,0,0,14,132,0,28,0
22-04 18:51:56,17.498,2.250,75.241,4.499,0,3377848,171736,170200,4236496,14515.345,6252.287,0,1899.783,0,106.988,1990,1779,2.490,2.410,1.500,2,0,0,0,0,14,133,0,28,0
22-04 18:51:57,18.754,5.001,74.266,0.750,0,3387720,161844,170200,4236516,21329.584,17368.733,0,1040.224,0,55.012,2514,2090,2.490,2.410,1.500,2,0,55.012,0,0,14,132,0,29,0
22-04 18:51:58,17.252,2.250,79.759,0.250,0,3429688,119872,170200,4236520,14914.722,6253.722,0,524.061,0,32.004,1796,1467,2.490,2.410,1.500,1,0,0,0,0,14,133,0,29,0
22-04 18:51:59,18.795,5.012,64.656,10.275,0,3422532,188776,170200,4176264,9940.014,1428.451,52.126,3263.885,4.010,299.724,5204,7930,2.370,2.390,1.500,2,0,2.005,0,0,14,136,0,29,0
22-04 18:52:00,21.511,5.253,69.037,3.252,0,3381892,229288,170200,4176392,13044.920,1780.945,92.049,4310.286,6.003,110.058,4423,5715,2.370,2.390,1.500,1,0,53.028,0,0,14,135,0,31,0
22-04 18:52:01,16.698,2.243,78.756,0.997,0,3426268,184772,170200,4176532,9881.376,6100.095,0,909.182,0,36.886,1733,1488,2.370,2.390,1.500,0,0,0,0,0,14,136,0,31,0
22-04 18:52:02,15.758,3.002,76.290,3.502,0,3425980,185044,170204,4176544,11766.166,4995.618,0,1981.038,0,133.070,2806,3405,2.370,2.390,1.500,1,0,0,0,0,14,136,0,31,0
22-04 18:52:03,27.492,4.999,54.734,11.247,0,3425368,185568,170204,4176632,9795.131,539.842,0,11036.768,0,591.827,5965,8625,2.370,2.390,1.500,1,2,1.000,0,0,14,138,0,31,0
22-04 18:52:04,24.059,6.015,62.655,6.265,0,3454332,156580,170204,4176656,11539.512,1409.483,0,1684.161,0,182.451,3890,4085,2.340,2.380,1.500,1,0,78.193,0,0,14,137,0,32,0
22-04 18:52:05,15.452,2.243,80.502,0.748,0,3458796,152100,170208,4176668,10451.844,6915.723,0,554.295,0,35.890,1793,1666,2.340,2.380,1.500,1,0,0,0,0,14,141,0,32,0
22-04 18:52:06,15.013,8.257,71.313,4.254,0,3371268,239572,170212,4176720,11934.490,3834.370,0,1969.731,0,209.184,4468,5124,2.340,2.380,1.500,1,0,147.129,0,0,14,139,0,33,0
22-04 18:52:07,18.737,3.248,75.447,2.248,0,3428972,181864,170212,4176724,9300.412,2516.218,0,563.601,0,37.973,1702,1365,2.340,2.380,1.500,0,0,0,0,0,14,140,0,33,0
22-04 18:52:08,12.998,1.500,81.740,2.500,0,3429212,181612,170216,4176732,21633.245,10060.719,0,1843.765,0,106.986,2360,2565,2.340,2.380,1.500,2,0,0,0,0,14,140,0,33,0
22-04 18:52:09,23.744,6.248,58.735,10.247,0,3431460,179304,170216,4176792,7048.228,581.854,0,7190.192,0,500.874,6376,9832,2.230,2.360,1.500,1,0,1.000,0,0,14,140,0,33,0
22-04 18:52:10,33.898,10.797,53.734,0.753,0,3372604,237840,170216,4177080,5203.699,2139.332,48.210,1289.626,3.013,113.495,9598,14674,2.230,2.360,1.500,3,0,185.811,0,0,14,141,0,34,0
22-04 18:52:11,26.901,6.476,62.769,1.993,0,3446504,163828,170216,4177144,10666.678,1040.166,15.941,932.562,0.996,71.736,4368,5207,2.230,2.360,1.500,1,0,104.614,0,0,14,141,0,34,0
22-04 18:52:12,15.040,3.259,79.464,1.253,0,3431736,178584,170216,4177156,14285.409,7971.433,0,413.111,0,26.070,2206,2026,2.230,2.360,1.500,2,0,26.070,0,0,14,141,0,35,0
22-04 18:52:13,8.498,19.996,69.735,0.500,0,3395924,214356,170216,4177196,10260.821,671.857,0,503.893,0,26.994,6067,4845,2.230,2.360,1.500,3,0,419.911,0,0,14,141,0,35,0
22-04 18:52:14,16.212,17.958,62.852,0.499,0,3373016,237196,170216,4177620,8783.367,484.861,11.972,347.184,2.993,28.932,6830,8161,2.220,2.350,1.500,1,0,323.241,0,0,14,141,0,35,0
22-04 18:52:15,29.069,20.549,49.869,0,0,3410908,199168,170216,4177436,10031.846,541.287,0,268.639,0,20.048,6377,5858,2.220,2.350,1.500,2,0,499.187,0,0,14,141,0,35,0
22-04 18:52:16,35.161,18.703,44.637,0.499,0,3455356,154212,170228,4178256,6847.630,608.457,23.939,283.281,0.997,20.947,7705,9496,2.220,2.350,1.500,1,0,392.006,0,0,14,147,0,35,0
22-04 18:52:17,47.904,22.573,28.592,0.502,0,3561780,165416,170228,4063236,5205.787,541.747,48.155,349.126,2.006,18.058,6726,7781,2.220,2.350,1.500,4,0,531.715,0,0,16,147,0,35,2
22-04 18:52:18,59.770,24.258,15.255,0,0,3718144,146448,170044,3927696,4659.533,540.178,16.005,896.295,4.001,71.023,9685,15851,2.220,2.350,1.500,4,0,445.146,0,0,16,155,0,35,2
22-04 18:52:19,47.982,20.243,29.989,1.000,0,3799688,161568,170044,3832020,10611.104,539.802,39.985,683.749,4.998,50.981,9269,13373,2.280,2.360,1.510,5,0,490.820,0,0,16,169,0,35,2
22-04 18:52:20,28.477,22.732,47.712,0.500,0,3847124,167388,169992,3780076,7180.314,539.573,11.991,915.275,2.998,33.973,6918,6366,2.280,2.360,1.510,3,0,580.540,0,0,17,169,0,35,2
22-04 18:52:21,22.997,15.498,60.243,0,0,3885600,128908,169992,3780088,9968.846,629.927,0,215.975,0,11.999,6897,8572,2.280,2.360,1.510,3,0,280.967,0,0,17,169,0,35,2
22-04 18:52:22,30.530,23.273,45.045,0,0,3940836,127364,169992,3728020,11458.380,486.483,0,148.147,0,15.015,6828,6067,2.280,2.360,1.510,4,0,524.521,0,0,17,169,0,35,2
22-04 18:52:23,34.747,16.999,47.496,0,0,4001836,143624,170000,3652236,9839.254,539.959,7.999,423.968,2.000,26.998,6940,9004,2.280,2.360,1.510,4,0,353.973,0,0,17,175,0,34,2
22-04 18:52:24,37.493,27.245,33.993,0.750,0,4132004,133908,170008,3534720,6677.685,609.880,19.996,443.913,2.000,29.994,8479,13747,2.260,2.360,1.510,2,0,747.853,0,0,17,183,0,34,0
22-04 18:52:25,21.982,23.231,51.458,1.749,0,4178004,156232,170008,3467788,4556.237,539.554,11.990,743.386,2.998,51.957,9613,13436,2.260,2.360,1.510,1,0,564.534,0,0,17,189,0,34,0
22-04 18:52:26,20.772,16.017,62.066,0.751,0,4204904,129320,170008,3467808,6794.269,540.578,4.004,4612.935,1.001,40.043,6810,8550,2.260,2.360,1.510,2,0,271.290,0,0,17,195,0,34,0
22-04 18:52:27,39.860,8.968,46.337,3.488,0,4336172,146552,170008,3321692,9553.438,538.110,745.381,123.566,11.958,9.965,3398,2045,2.260,2.360,1.510,2,0,55.804,0,0,17,195,0,32,0
22-04 18:52:28,43.657,7.527,46.668,1.505,0,4461148,159112,170008,3187188,4213.137,541.947,248.894,465.673,13.047,42.151,3509,2501,2.260,2.360,1.510,3,0,8.029,0,0,17,199,0,32,0
22-04 18:52:29,30.203,15.975,50.173,2.995,0,4399560,219584,170012,3188300,8548.807,485.251,918.582,1373.880,9.985,180.721,6136,6184,2.240,2.350,1.510,3,0,438.324,0,0,17,217,0,32,0
22-04 18:52:30,28.540,24.034,45.815,0.501,0,4435500,183480,170016,3188772,12874.230,6261.867,24.034,556.788,1.001,41.058,7681,8682,2.240,2.350,1.510,3,0,583.827,0,0,17,218,0,32,0
22-04 18:52:31,51.667,18.470,27.955,1.997,0,4437416,239160,170028,3132308,13114.854,3662.095,930.500,854.622,18.969,9.984,7002,8005,2.240,2.350,1.510,3,0,247.601,0,0,17,220,0,33,0
22-04 18:52:32,68.801,12.509,14.761,3.753,0,4628864,162400,170040,3021260,9348.995,2001.498,856.641,276.207,25.019,13.010,4347,3462,2.240,2.350,1.510,4,1,26.019,0,0,17,221,0,33,0
22-04 18:52:33,39.296,8.260,30.035,19.773,0,4663008,161828,170064,2988368,15544.074,9058.533,4501.234,1629.895,263.306,77.090,5369,5735,2.240,2.350,1.510,4,0,31.036,0,0,17,235,0,33,0
22-04 18:52:34,53.626,11.723,23.446,11.473,0,4667536,193356,170128,2953320,12146.818,1469.590,2442.334,2250.778,226.475,152.646,7494,8933,2.300,2.360,1.520,2,0,119.722,0,0,17,237,0,38,0
22-04 18:52:35,29.528,23.272,39.288,6.256,0,4679756,178744,170132,2956024,14644.129,6301.080,200.193,16648.063,3.003,757.731,8206,8255,2.300,2.360,1.520,3,0,551.532,0,0,17,240,0,25,0
22-04 18:52:36,40.542,18.019,40.042,1.001,0,4646876,209892,170132,2957412,9945.391,5727.985,72.075,10122.576,4.004,69.072,6163,10021,2.300,2.360,1.520,3,0,312.326,0,0,17,239,0,26,0
22-04 18:52:37,58.279,25.902,14.943,0,0,4775612,159216,170136,2881684,11747.378,1094.841,35.864,2386.933,1.992,197.251,6983,8408,2.300,2.360,1.520,2,0,556.885,0,0,17,242,0,26,0
22-04 18:52:38,49.807,18.271,25.780,5.506,0,4829664,145112,170160,2842120,18797.559,9942.403,1273.461,873.001,57.065,46.053,8544,11415,2.300,2.360,1.520,10,2,362.416,0,0,17,246,0,28,0
22-04 18:52:39,57.180,23.222,17.229,1.498,0,4861496,136328,170164,2820096,11857.501,1541.116,175.785,970.813,9.988,59.927,7297,8696,2.590,2.420,1.550,2,0,459.438,0,0,17,251,0,30,0
22-04 18:52:40,54.105,18.786,24.047,3.006,0,4949072,206880,170176,2664380,17051.006,8355.173,424.822,3190.175,30.058,185.359,8252,13561,2.590,2.420,1.550,2,0,268.520,0,0,17,258,0,30,0
22-04 18:52:41,60.921,12.484,22.471,2.746,0,5049384,124540,169924,2649616,10323.550,9294.890,1154.496,743.032,30.960,42.944,8120,18081,2.590,2.420,1.550,4,0,51.932,0,0,17,258,0,31,0
22-04 18:52:42,53.730,9.497,30.739,5.248,0,5116620,153820,169640,2553436,18105.351,7868.111,1243.543,1051.614,91.966,66.975,6430,11655,2.590,2.420,1.550,2,0,18.993,0,0,17,265,0,39,0
22-04 18:52:43,45.347,12.276,39.334,1.754,0,5020936,249088,169640,2553856,16830.838,7488.946,1254.672,1030.194,18.038,80.171,5725,5605,2.590,2.420,1.550,3,0,216.461,0,0,17,267,0,38,0
22-04 18:52:44,46.048,26.384,23.397,3.485,0,5092848,173136,169904,2557532,5212.125,1991.261,4460.424,1544.223,67.703,80.646,8337,10331,2.630,2.430,1.550,2,0,593.396,0,0,17,268,0,38,0
22-04 18:52:45,56.006,16.324,24.612,3.014,0,5059464,206384,169908,2558104,19248.842,9925.294,888.053,1064.859,17.078,44.202,6508,8275,2.630,2.430,1.550,6,0,228.041,0,0,18,267,0,39,0
22-04 18:52:46,79.132,13.979,1.997,3.994,0,5210876,154652,169908,2461084,9788.380,1151.280,1282.085,451.326,68.897,18.972,5470,3517,2.630,2.430,1.550,1,2,112.831,0,0,18,271,0,39,0
22-04 18:52:47,66.762,11.002,14.753,7.001,0,5298584,153716,169924,2376600,19525.377,10027.735,3244.561,4208.728,148.026,81.014,5897,5876,2.630,2.430,1.550,4,1,13.002,0,0,18,275,0,38,0
22-04 18:52:48,64.216,15.492,16.991,2.998,0,5310584,171464,169952,2347572,9142.206,1818.047,1323.306,1727.094,44.976,149.921,7817,11190,2.630,2.430,1.550,2,1,234.877,0,0,18,282,0,40,0
22-04 18:52:49,31.434,6.736,59.875,0.499,0,5371624,143064,169960,2317028,16455.698,9824.521,778.377,578.794,8.981,42.911,3572,3137,2.580,2.430,1.560,2,0,8.981,0,0,18,284,0,40,0
22-04 18:52:50,36.778,8.757,51.039,2.252,0,5384780,129792,169960,2317144,26567.248,7258.532,564.430,792.604,8.006,67.051,4386,4952,2.580,2.430,1.560,2,0,14.011,0,0,18,288,0,41,0
22-04 18:52:51,36.773,7.255,53.034,1.501,0,5366852,137344,169960,2327504,10639779.391,88491.368,768.490,536.342,6.004,39.025,6848,3630,2.580,2.430,1.560,3,0,7.004,0,0,18,288,0,39,0
22-04 18:52:52,21.483,13.489,58.454,5.995,0,5298532,197456,169960,2335684,5934456.050,50477.015,2286.189,2170.281,26.979,137.891,7091,6089,2.580,2.430,1.560,2,0,263.791,0,0,18,290,0,40,0
22-04 18:52:53,38.485,4.748,55.729,0,0,5382448,144176,169960,2306112,9418.388,4769.171,3.998,187.928,1.000,26.990,3073,2345,2.580,2.430,1.560,0,0,1.999,0,0,18,294,0,40,0
22-04 18:52:54,29.362,3.764,65.501,0.753,0,5387836,138860,169964,2306168,26916.029,16367.652,0,738.828,0,63.242,4444,5213,2.450,2.400,1.550,3,0,0,0,0,18,298,0,42,0
22-04 18:52:55,27.710,4.993,61.411,4.743,0,5402340,154016,169964,2277388,161335.734,6373060.574,495.284,619.105,29.957,54.921,4263,4089,2.450,2.400,1.550,2,0,5.991,0,0,18,296,0,43,0
22-04 18:52:56,12.268,2.003,76.615,7.011,0,5411068,145252,169968,2277420,802808.656,10081152.968,0,14013.080,0,779.172,4060,2609,2.450,2.400,1.550,3,0,0,0,0,18,302,0,38,0
22-04 18:52:57,23.982,4.497,66.950,2.998,0,5311136,229040,169976,2293524,15979150.273,109769.821,67.949,855.360,4.996,70.947,10155,10049,2.450,2.400,1.550,1,0,37.972,0,0,18,298,0,42,0
22-04 18:52:58,12.475,15.968,68.861,0.998,0,5276780,263252,169976,2293652,9696.416,580.827,43.911,558.871,2.994,36.925,5731,5293,2.450,2.400,1.550,1,0,464.063,0,0,18,298,0,42,0
22-04 18:52:59,21.993,4.999,71.479,0.750,0,5313288,226728,169976,2293668,10200.979,539.840,0,443.869,0,29.991,2620,2096,2.330,2.380,1.550,2,0,40.988,0,0,18,298,0,42,0
22-04 18:53:00,8.281,20.075,70.514,0.251,0,5308384,231596,169976,2293704,13475.385,542.027,0,999.738,0,68.255,6419,5728,2.330,2.380,1.550,1,0,415.554,0,0,18,298,0,41,0
22-04 18:53:01,4.734,9.220,71.266,12.708,0,5300464,239432,169976,2293784,6254.444,484.408,47.843,23211.712,1.993,549.195,3888,3254,2.330,2.380,1.550,0,2,216.289,0,0,18,302,0,41,0
22-04 18:53:02,12.243,3.498,71.212,11.994,0,5347940,191952,169976,2293788,9245.075,539.712,0,7128.202,0,228.878,1996,1741,2.330,2.380,1.550,1,0,8.995,0,0,18,302,0,41,0
22-04 18:53:03,17.752,1.750,79.010,0.250,0,5364428,175480,169976,2293788,15287.950,6678.852,0,240.031,0,22.003,2237,2211,2.330,2.380,1.550,1,0,1.000,0,0,18,303,0,41,0
22-04 18:53:04,12.999,11.999,72.745,1.250,0,5339428,200204,169980,2294060,7518.449,3377.752,75.994,347.974,6.999,28.998,4576,4143,2.310,2.370,1.550,3,0,176.987,0,0,18,306,0,39,0
22-04 18:53:05,10.504,16.506,71.024,0.750,0,5318832,220516,169980,2294312,10992.714,540.183,4.001,48.016,1.000,5.002,5460,4240,2.310,2.370,1.550,1,0,237.080,0,0,18,306,0,39,0
22-04 18:53:06,15.491,12.493,70.957,0.250,0,5317464,221644,169980,2294536,9531.286,539.676,3.998,91.945,0.999,11.993,4591,3606,2.310,2.370,1.550,1,0,187.887,0,0,18,306,0,39,0
22-04 18:53:07,23.846,3.765,64.760,6.526,0,5360852,178220,169980,2294572,6948.944,612.463,32.129,2867.531,1.004,161.650,2714,2758,2.310,2.370,1.550,1,0,3.012,0,0,18,310,0,39,0
22-04 18:53:08,19.247,2.250,72.489,4.749,0,5404672,133988,169980,2294984,9647.507,485.925,403.938,16193.495,12.998,51.992,2460,2423,2.310,2.370,1.550,1,0,3.999,0,0,18,314,0,38,0
22-04 18:53:09,23.411,2.989,72.225,0.249,0,5340384,198248,169984,2295008,6738.362,537.953,23.909,414.423,3.985,23.909,2206,1853,2.200,2.350,1.550,1,0,5.977,0,0,18,310,0,38,0
22-04 18:53:10,24.352,4.268,71.046,0.251,0,5387228,151376,169984,2295036,9404.243,542.263,0,349.458,0,34.142,2690,2499,2.200,2.350,1.550,1,0,4.017,0,0,18,314,0,38,0
22-04 18:53:11,6.236,0.998,91.048,0.249,0,5387208,151376,169984,2295056,20929.510,17431.280,0,175.610,0,11.973,1984,2294,2.200,2.350,1.550,0,0,0,0,0,18,315,0,39,0
22-04 18:53:12,20.708,3.992,73.600,0.249,0,5305120,233324,169984,2295196,8334.067,2575.767,0,87.822,0,7.984,2403,2026,2.200,2.350,1.550,1,0,16.966,0,0,18,312,0,39,0
22-04 18:53:13,24.005,2.751,72.515,0.500,0,5343296,195020,169984,2295324,9753.965,540.109,0,228.046,0,18.004,2089,1583,2.200,2.350,1.550,1,0,0,0,0,18,312,0,39,0
22-04 18:53:14,10.533,17.053,69.217,1.505,0,5332324,205896,169992,2295412,6774.208,541.696,397.244,469.470,6.019,27.085,5421,4462,2.270,2.360,1.560,2,0,340.065,0,0,18,312,0,39,0
22-04 18:53:15,14.506,12.255,71.280,1.000,0.250,5364232,173860,170000,2295564,7352.053,540.224,56.023,0,5.002,0,4447,3644,2.270,2.360,1.560,1,0,260.108,0,0,18,312,0,39,0
22-04 18:53:16,18.255,1.500,78.771,0.250,0,5399928,137264,170032,2296432,15408.057,2596.684,0,184.048,0,4.001,1930,1677,2.270,2.360,1.560,2,0,17.004,0,0,18,313,0,38,0
22-04 18:53:17,23.158,2.988,70.471,2.490,0,5346552,185200,170508,2301268,10414.801,711.187,95.622,1239.098,5.976,35.858,2400,2174,2.270,2.360,1.560,1,0,2.988,0,0,18,312,0,38,0
22-04 18:53:18,16.255,2.501,78.526,1.751,0,5340812,184484,170968,2307152,15675.183,3482.151,0,1156.382,0,38.013,2217,2341,2.270,2.360,1.560,1,0,18.006,0,0,18,313,0,38,0
22-04 18:53:19,21.739,4.998,71.464,0.500,0,5326972,198388,171072,2306952,7078.477,1789.110,3.998,883.560,1.000,34.983,10240,18392,2.160,2.340,1.550,0,0,14.993,0,0,18,313,0,38,0
22-04 18:53:20,19.013,4.753,73.049,1.501,0,5328380,196624,171112,2307268,9628.487,2406.621,20.013,784.529,3.002,33.022,10974,20040,2.160,2.340,1.550,1,0,13.009,0,0,18,313,0,38,0
22-04 18:53:21,19.516,4.754,71.811,2.502,0,5283796,250980,171232,2297328,9831.294,756.638,0,916.773,0,30.025,2412,2023,2.160,2.340,1.550,2,2,19.016,0,0,18,312,0,38,0
22-04 18:53:22,14.978,11.982,70.644,0.749,0,5329764,205060,171232,2297348,9752.393,539.192,0,467.300,0,4.993,4329,3666,2.160,2.340,1.550,1,0,256.616,0,0,18,312,0,38,0
22-04 18:53:23,19.257,1.501,79.278,0,0,5358596,176040,171232,2297536,15023.332,6255.220,0,4.001,0,1.000,1908,1626,2.160,2.340,1.550,3,0,0,0,0,18,313,0,38,0
22-04 18:53:24,15.996,6.998,74.983,0.500,0,5345896,188688,171232,2297588,12639.083,5038.837,31.993,23.994,2.000,2.000,3211,2687,2.070,2.310,1.550,1,0,115.973,0,0,18,312,0,42,0
22-04 18:53:25,19.495,2.999,76.478,0,0,5362192,172388,171232,2297592,11447.771,2505.293,0,0,0,0,2029,1743,2.070,2.310,1.550,0,0,1.999,0,0,18,313,0,42,0
22-04 18:53:26,17.260,5.003,76.795,0,0,5329708,204864,171232,2297600,13861.074,7268.234,0,8.005,0,1.001,2718,2357,2.070,2.310,1.550,1,0,70.041,0,0,18,312,0,43,0
22-04 18:53:27,18.487,3.248,76.696,0.749,0.250,5355248,179236,171236,2297684,5856.849,2856.975,63.955,551.609,2.998,58.958,2219,2216,2.070,2.310,1.550,0,0,0,0,0,18,313,0,43,0
22-04 18:53:28,18.465,4.491,75.605,0,0,5335468,198984,171236,2297716,17269.851,11267.373,15.969,215.586,0.998,20.960,2933,2605,2.070,2.310,1.550,3,0,56.891,0,0,18,312,0,44,0
22-04 18:53:29,21.544,4.008,74.152,0.501,0,5392080,142240,171236,2297848,12736.038,2790.705,0,180.369,0,18.037,2393,4125,1.980,2.290,1.550,0,0,3.006,0,0,18,315,0,44,0
22-04 18:53:30,19.984,4.496,72.693,1.249,0,5374760,159508,171236,2297900,17555.131,8509.277,31.975,299.763,1.998,24.980,3317,3261,1.980,2.290,1.550,1,0,33.973,0,0,18,314,0,47,0
22-04 18:53:31,19.263,2.502,76.053,0.751,0,5376192,158060,171236,2297916,11185.804,2806.958,0,380.265,0,22.015,2279,2161,1.980,2.290,1.550,0,0,1.001,0,0,18,315,0,47,0
22-04 18:53:32,12.757,2.001,79.046,5.503,0,5373276,160932,171236,2297960,15944.338,9189.382,32.019,1709.001,2.001,125.073,2418,2687,1.980,2.290,1.550,1,2,0,0,0,18,314,0,47,0
22-04 18:53:33,22.503,4.751,69.009,2.500,0,5364408,169792,171236,2297968,9404.176,540.068,0,3432.429,0,471.059,3121,2713,1.980,2.290,1.550,1,0,48.006,0,0,18,314,0,47,0
22-04 18:53:34,16.000,2.250,80.499,0.250,0,5375316,158876,171236,2297988,19815.640,10760.805,0,323.994,0,23.000,2577,2651,1.830,2.250,1.540,1,0,2.000,0,0,18,316,0,50,0
22-04 18:53:35,21.737,4.997,72.458,0.250,0,5395696,138492,171236,2297992,6053.450,539.683,0,187.890,0,9.994,2415,1953,1.830,2.250,1.540,2,0,31.981,0,0,18,316,0,50,0
22-04 18:53:36,10.748,2.000,85.232,0.750,0,5396348,137828,171236,2298004,17460.320,9681.959,0,223.953,0,21.995,2006,2123,1.830,2.250,1.540,1,0,0,0,0,18,317,0,44,0
22-04 18:53:37,8.495,7.745,78.949,2.748,0,5357196,176588,171400,2298232,12145.138,3415.789,279.819,387.749,24.984,38.975,3716,3999,1.830,2.250,1.540,0,1,179.884,0,0,18,318,0,45,0
22-04 18:53:38,3.255,1.002,92.907,2.504,0,5348536,184348,171776,2298756,10431.588,2768.668,905.527,280.473,226.382,12.020,1332,1923,1.830,2.250,1.540,0,0,0,0,0,18,318,0,45,0
22-04 18:53:39,5.494,7.492,84.161,1.748,0,5335900,196932,171776,2298808,23335.450,3352.473,0,351.630,0,17.981,3083,2673,2,2.280,1.550,0,0,125.868,0,0,18,318,0,46,0
22-04 18:53:40,6.004,11.258,80.554,0.500,0,5322780,209980,171776,2298880,10754.266,1540.041,16.011,804.544,1.001,57.039,4268,4222,2,2.280,1.550,0,1,208.141,0,0,18,316,0,47,0
22-04 18:53:41,12.252,4.001,72.514,10.752,0,5328860,192744,171780,2310032,9716.812,540.101,6049.128,448.084,447.083,15.003,2406,2527,2,2.280,1.550,1,0,5.001,0,0,18,316,0,43,0
22-04 18:53:42,26.818,5.765,66.418,0.251,0,5368948,146416,171780,2316188,8496.554,1620.110,429.089,8.020,50.127,2.005,3440,15204,2,2.280,1.550,0,0,59.150,0,0,18,317,0,44,0
22-04 18:53:43,12.987,1.498,82.916,1.498,0,5365440,145820,171780,2320256,15723.043,3891.051,867.120,1214.767,9.990,22.977,1716,1655,2,2.280,1.550,2,0,1.998,0,0,18,316,0,44,0
22-04 18:53:44,10.016,11.519,69.613,8.013,0,5305084,203352,171816,2323044,9040.684,582.947,1001.627,3533.740,22.036,114.185,5116,5038,2.080,2.300,1.560,1,0,264.429,0,0,18,318,0,44,0
22-04 18:53:45,21.672,3.986,72.986,0,0,5354500,153928,171816,2323052,10095.439,779.178,0,15.942,0,1.993,2369,1895,2.080,2.300,1.560,1,0,36.866,0,0,18,318,1,33,0
22-04 18:53:46,15.763,3.253,79.814,1.001,0,5336548,171852,171816,2323080,28051.382,22800.192,0,132.105,0,6.005,2352,2211,2.080,2.300,1.560,2,0,47.038,0,0,18,318,0,35,0
22-04 18:53:47,21.733,3.997,71.695,1.749,0,5383512,155760,171816,2293240,10710.759,1292.006,79.938,359.723,3.997,42.967,2380,2293,2.080,2.300,1.560,0,0,0,0,0,18,319,0,35,0
22-04 18:53:48,16.049,2.257,78.989,1.254,0,5310556,228612,171816,2293344,15400.683,8667.273,112.341,240.730,7.021,23.070,2605,2713,2.080,2.300,1.560,1,0,13.040,0,0,18,318,0,37,0
22-04 18:53:49,21.680,4.236,72.515,0.249,0,5373276,165880,171816,2293356,10654.481,1149.277,0,267.135,0,22.926,2397,2144,1.990,2.270,1.560,0,0,3.987,0,0,18,319,0,33,0
22-04 18:53:50,11.496,1.749,79.225,5.498,0,5368396,169184,171820,2294928,14093.621,6474.988,1455.548,475.852,46.985,58.982,2684,3437,1.990,2.270,1.560,0,1,0,0,0,18,319,0,33,0
22-04 18:53:51,18.259,4.252,60.778,15.007,0,5351536,185200,171820,2295772,5138.400,1779.831,816.381,3565.666,44.021,274.128,5662,8623,1.990,2.270,1.560,2,0,7.003,0,0,18,320,0,34,0
22-04 18:53:52,19.757,3.001,75.528,0.750,0,5408516,128212,171820,2295780,11926.485,2506.943,0,296.111,0,19.007,1961,1615,1.990,2.270,1.560,2,0,0,0,0,18,321,0,34,0
22-04 18:53:53,12.741,1.499,80.942,3.248,0,5401132,135528,171820,2295848,14817.333,8208.091,47.965,2714.046,1.999,428.691,2642,2937,1.990,2.270,1.560,0,2,0,0,0,18,321,0,32,0
22-04 18:53:54,16.826,11.301,66.801,3.014,0.251,5372448,163988,171820,2296072,10074.369,1814.170,48.217,2913.119,2.009,110.498,5955,7204,1.990,2.270,1.560,1,0,250.126,0,0,18,320,0,33,0
22-04 18:53:55,8.490,23.473,67.172,0.499,0,5350216,186192,171820,2296100,5891.193,539.377,0,535.381,0,37.956,6999,6459,1.990,2.270,1.560,2,0,654.244,0,0,18,320,0,33,0
22-04 18:53:56,8.510,23.026,64.574,2.503,0,5349664,186572,171824,2296268,9560.912,540.617,0,2590.957,0,143.163,7225,6841,1.990,2.270,1.560,1,0,645.737,0,0,18,320,0,33,0
22-04 18:53:57,7.732,23.446,67.594,0,0,5357808,178400,171824,2296296,7378.977,538.757,0,247.429,0,23.945,7104,6504,1.990,2.270,1.560,2,0,675.442,0,0,18,320,0,29,0
22-04 18:53:58,9.275,22.812,66.933,0,0,5352364,183800,171824,2296340,5421.791,541.477,0,48.131,0,12.033,6973,6123,1.990,2.270,1.560,4,0,644.759,0,0,18,320,0,29,0
22-04 18:53:59,27.496,25.996,45.744,0,0,5356708,179420,171824,2296376,5359.257,539.925,767.893,67.991,5.999,16.998,7694,7428,1.990,2.260,1.560,3,0,824.886,0,0,18,320,0,29,0
22-04 18:54:00,22.408,10.955,61.994,3.237,0,5320000,309720,171832,2213184,9808.541,537.782,258.932,2931.906,2.988,27.885,3950,3558,1.990,2.260,1.560,3,0,157.351,0,0,18,320,0,29,0
22-04 18:54:01,23.251,2.250,72.252,0.750,0,5340256,285108,171832,2217532,8920.246,728.020,16.000,1268.035,3.000,7.000,2187,1836,1.990,2.260,1.560,0,0,16.000,0,0,18,321,0,26,0
22-04 18:54:02,6.000,1.250,88.244,3.750,0,5341012,284128,171840,2217744,20086.626,6338.566,151.990,575.961,17.999,16.999,1300,1508,1.990,2.260,1.560,0,0,0,0,0,18,321,0,26,0
22-04 18:54:03,8.498,1.000,86.231,3.499,0,5348180,276372,171860,2218308,13728.980,3839.156,547.879,819.820,22.995,41.991,1762,2244,1.990,2.260,1.560,1,0,1.000,0,0,18,321,0,26,0
22-04 18:54:04,4.500,1.500,78.242,14.749,0,5347892,276372,171876,2218624,15624.448,4379.565,187.981,5507.453,17.998,414.959,1949,2546,1.830,2.230,1.550,0,0,1.000,0,0,18,321,0,26,0
22-04 18:54:05,8.752,0.750,86.021,3.001,0,5349568,274104,171908,2219184,19913.818,7823.893,280.068,1132.274,30.007,41.010,1569,1712,1.830,2.230,1.550,1,0,0,0,0,18,321,0,25,0
22-04 18:54:06,6.999,1.250,89.992,1.500,0.250,5365884,256968,171928,2219984,12401.855,5363.505,711.934,807.925,23.998,32.997,1281,1555,1.830,2.230,1.550,1,0,0,0,0,18,321,0,25,0
22-04 18:54:07,10.247,0.750,84.226,3.249,0,5372384,249912,171944,2220524,10443.008,5364.463,427.877,459.868,26.992,14.996,1375,1452,1.830,2.230,1.550,1,0,0,0,0,18,321,0,25,0
22-04 18:54:08,9.002,1.000,87.019,2.501,0,5371864,249912,171944,2221044,22365.793,7477.603,356.076,972.208,30.006,31.007,1471,1568,1.830,2.230,1.550,0,1,0,0,0,18,321,0,25,0
22-04 18:54:09,11.748,1.500,82.736,2.750,0,5389020,231636,171944,2222164,20214.494,8357.551,863.850,1355.765,38.993,29.995,1667,1690,1.690,2.190,1.540,0,0,1.000,0,0,18,321,0,25,0
22-04 18:54:10,9.784,2.007,76.520,10.537,0,5395868,199948,171944,2246984,16110.758,4517.917,11994.256,1015.578,140.495,41.145,2127,2412,1.690,2.190,1.540,0,1,0,0,0,18,321,0,25,0
22-04 18:54:11,20.695,1.995,71.807,3.740,0,5399788,179536,171944,2263476,7975.616,538.556,2409.540,1878.962,28.922,64.826,2235,2078,1.690,2.190,1.540,1,0,0.997,0,0,18,321,0,25,0
22-04 18:54:12,22.988,1.999,72.962,1.749,0,5405004,158128,171944,2279424,11497.039,539.720,0,1083.438,0,29.984,2310,2067,1.690,2.190,1.540,1,0,0,0,0,18,321,0,25,0
22-04 18:54:13,20.000,2.500,71.751,4.250,0,5417144,157360,171944,2268644,6658.115,540.009,0,2092.036,0,81.001,2291,2267,1.690,2.190,1.540,1,0,0,0,0,18,321,0,23,0
22-04 18:54:14,19.253,3.251,67.011,9.002,0,5405632,156896,171944,2280420,5167.882,540.092,32.005,8753.494,1.000,225.038,2953,3310,1.790,2.200,1.550,1,0,0,0,0,18,321,0,23,0
22-04 18:54:15,18.253,3.001,70.512,7.001,0,5404436,135476,172256,2302420,10715.821,540.092,0,10653.810,0,131.022,2487,2364,1.790,2.200,1.550,1,0,0,0,0,18,321,0,23,0
22-04 18:54:16,19.244,1.749,71.729,6.498,0,5299392,250824,172632,2291556,9351.210,713.787,0,1499.553,0,49.985,2143,1917,1.790,2.200,1.550,0,2,1.000,0,0,18,320,0,23,0
22-04 18:54:17,18.744,3.249,76.225,0.750,0,5350776,199424,172632,2291572,10495.579,1757.427,0,199.935,0,4.998,2140,1803,1.790,2.200,1.550,0,0,33.989,0,0,18,321,0,23,0
22-04 18:54:18,21.257,2.501,72.525,1.751,0,5344016,200416,172708,2297220,10788.716,1552.535,0,1956.674,0,35.012,2472,2367,1.790,2.200,1.550,1,0,4.001,0,0,18,320,0,23,0
22-04 18:54:19,12.744,1.999,81.709,2.999,0,5360856,182092,172720,2298676,13681.205,3479.272,0,551.726,0,30.985,1988,2210,1.890,2.220,1.560,2,0,18.991,0,0,18,321,0,23,0
22-04 18:54:20,23.004,5.501,69.261,1.000,0,5356088,182108,173132,2302848,9367.448,714.110,0,1972.305,0,167.026,11246,19876,1.890,2.220,1.560,1,0,13.002,0,0,18,320,0,23,0
22-04 18:54:21,21.497,6.749,68.742,0.750,0,5357748,180216,173200,2303012,7185.119,539.934,0,1595.804,0,10.999,10917,19442,1.890,2.220,1.560,1,0,19.998,0,0,18,320,0,23,0
22-04 18:54:22,22.315,4.012,72.461,0.501,0,5352636,196764,173208,2291688,6150.888,541.575,0,766.228,0,17.050,2878,2625,1.890,2.220,1.560,1,0,51.149,0,0,18,320,0,23,0
22-04 18:54:23,23.698,4.989,68.351,1.497,0,5380884,168492,173208,2291712,10956.184,580.738,0,578.742,0,27.939,10007,18456,1.890,2.220,1.560,1,0,23.948,0,0,18,320,0,23,0
22-04 18:54:24,17.250,2.500,76.251,3.000,0,5383836,160196,173212,2297052,15432.254,2770.046,32.001,1160.019,1.000,30.000,2123,2248,1.740,2.180,1.550,1,0,17.000,0,0,18,320,0,23,0
22-04 18:54:25,16.490,2.748,79.450,0.750,0,5380624,162960,173212,2297500,10673.305,3346.901,0,519.674,0,15.990,1981,1880,1.740,2.180,1.550,0,1,19.987,0,0,18,321,0,23,0
22-04 18:54:26,21.514,5.003,69.294,2.502,0,5379244,158884,173244,2302872,9617.089,780.494,0,1132.717,0,25.016,10274,18887,1.740,2.180,1.550,1,0,14.009,0,0,18,320,0,19,0
22-04 18:54:27,21.749,6.750,69.747,0,0,5377728,160064,173248,2303188,6335.745,539.978,0,335.986,0,6.000,10372,18872,1.740,2.180,1.550,2,0,19.999,0,0,18,320,0,19,0
22-04 18:54:28,20.998,5.499,71.742,1.250,0,5354972,194300,173248,2291760,9550.996,539.943,0,979.897,0,17.998,2499,1968,1.740,2.180,1.550,3,0,21.998,0,0,18,320,0,19,0
22-04 18:54:29,22.493,4.999,70.229,0.750,0,5355336,193916,173248,2291780,7248.847,539.840,0,371.890,0,24.993,3406,3343,1.680,2.160,1.550,2,0,95.971,0,0,18,320,0,19,0
22-04 18:54:30,22.597,3.515,70.301,2.762,0,5361516,177180,173252,2302332,3878.622,584.505,0,1337.733,0,40.172,2549,2605,1.680,2.160,1.550,1,0,18.077,0,0,18,320,0,17,0
22-04 18:54:31,13.473,0.998,83.584,1.248,0,5370780,167592,173252,2302656,20524.155,6382.299,0,990.030,0,23.952,1639,1679,1.680,2.160,1.550,1,0,0.998,0,0,18,321,0,17,0
22-04 18:54:32,12.223,2.245,81.817,2.245,0,5371200,166764,173252,2303064,23564.366,11236.901,0,1277.147,0,42.904,2293,4160,1.680,2.160,1.550,0,0,2.993,0,0,18,321,0,17,0
22-04 18:54:33,8.502,2.000,84.516,3.251,0,5369152,168620,173252,2303240,49684.207,6896.278,0,1232.228,0,77.014,2385,3074,1.680,2.160,1.550,1,0,3.001,0,0,18,322,0,19,0
22-04 18:54:34,5.248,1.499,83.718,7.497,0,5367728,169848,173252,2303440,123171.881,7768.028,0,3610.619,0,206.921,2240,3419,1.540,2.120,1.540,1,0,1.000,0,0,18,322,0,15,0
22-04 18:54:35,13.752,1.500,76.510,7.751,0,5394136,143216,173312,2303600,19537.670,7471.021,0,3308.452,0,241.033,1873,1720,1.540,2.120,1.540,0,0,0,0,0,18,322,0,15,0
22-04 18:54:36,8.250,1.500,72.246,16.249,0,5392116,145212,173364,2303680,16184.047,5448.679,0,16971.000,0,387.977,1751,1897,1.540,2.120,1.540,1,0,0,0,0,18,322,0,15,0
22-04 18:54:37,12.251,1.250,84.006,1.500,0,5408824,128168,173440,2303940,26812.968,8553.628,0,856.063,0,29.002,1485,1525,1.540,2.120,1.540,0,0,0,0,0,18,322,0,15,0
22-04 18:54:38,6.251,1.250,86.762,4.751,0,5409436,127068,173556,2304296,298276.289,12486.770,0,1192.169,0,43.006,1483,1783,1.540,2.120,1.540,0,0,0,0,0,18,322,0,11,0
22-04 18:54:39,5.997,1.000,87.961,3.498,0,5406048,130028,173764,2304516,86912.563,12886.301,27.988,1911.155,3.998,89.960,1681,2079,1.420,2.090,1.530,0,0,1.000,0,0,18,322,0,11,0
22-04 18:54:40,9.255,1.501,84.042,4.002,0,5404452,131168,173912,2304824,40022.141,10452.260,104.052,1764.888,6.003,78.039,1955,2307,1.420,2.090,1.530,1,0,0,0,0,18,322,0,11,0
22-04 18:54:41,6.498,2.499,89.475,0.250,0,5377648,175732,173968,2287900,495607.467,15401.695,0,399.888,0,12.996,1838,1779,1.420,2.090,1.530,0,0,1.000,0,0,18,322,0,11,0
22-04 18:54:42,8.249,6.499,81.237,1.750,0,5396100,151212,173984,2293916,2959829.235,38579.642,0,15161.501,0,168.972,4275,11592,1.420,2.090,1.530,0,0,43.993,0,0,18,322,0,9,0
22-04 18:54:43,4.500,2.000,81.995,10.499,0,5391348,150812,174040,2298996,2794120.150,30794.282,0,4659.740,0,37.998,2387,2375,1.420,2.090,1.530,0,0,2.000,0,0,18,322,0,9,0
22-04 18:54:44,4.502,2.251,88.041,2.751,0,5395872,134984,174040,2310268,5688418.765,52572.424,0,500.232,0,37.017,3170,3050,1.390,2.070,1.530,0,0,0,0,0,18,322,0,9,0
22-04 18:54:45,4.750,2.750,87.250,3.500,0,5386076,160072,174072,2295752,5612801.239,42841.208,0,11600.056,0,21.000,2801,2441,1.390,2.070,1.530,0,0,1.000,0,0,18,322,0,9,0
22-04 18:54:46,7.249,1.500,78.490,10.999,0,5390284,147732,174184,2303740,622047.821,10608.650,163.979,2255.713,3.999,179.977,1867,1874,1.390,2.070,1.530,1,0,2.000,0,0,18,322,0,8,0
22-04 18:54:47,14.747,2.999,70.484,10.997,0,5389596,140356,175496,2309824,10982.476,539.876,0,17475.983,0,196.955,2421,2446,1.390,2.070,1.530,0,2,1.000,0,0,18,322,0,8,0
22-04 18:54:48,4.004,3.503,54.299,36.783,0,5388848,137296,176960,2311328,11112.054,540.489,4.004,28153.474,1.001,234.212,2251,2844,1.390,2.070,1.530,0,1,1.001,0,0,18,322,0,8,0
22-04 18:54:49,13.995,3.749,63.228,17.494,0,5366304,175192,177520,2295136,8812.950,539.813,0,33336.462,0,212.926,2659,2834,1.440,2.070,1.530,2,0,1.999,0,0,18,322,0,8,0
22-04 18:54:50,21.240,2.249,68.969,5.997,0,5373340,151816,177940,2310000,10153.378,539.754,0,1899.136,0,56.974,2634,2751,1.440,2.070,1.530,1,0,0,0,0,18,322,0,5,0
22-04 18:54:51,20.500,2.250,71.001,5.000,0,5372908,132304,178416,2328416,9882.116,540.006,0,2508.029,0,180.002,2636,2632,1.440,2.070,1.530,1,0,0,0,0,18,322,0,5,0
22-04 18:54:52,20.014,4.253,71.800,3.753,0,5406380,143996,179228,2283528,10088.087,540.380,0,1509.060,0,59.041,2402,2262,1.440,2.070,1.530,1,0,0,0,0,18,322,0,5,0
22-04 18:54:53,19.988,2.998,71.207,5.247,0,5404136,131116,179900,2296944,4043.550,539.673,3.998,2410.539,0.999,83.949,2375,2357,1.440,2.070,1.530,1,1,0.999,0,0,18,322,0,5,0
22-04 18:54:54,21.507,2.001,64.022,11.254,0,5413380,126716,181164,2290584,10889.763,580.200,16.006,2688.929,1.000,83.029,2661,2926,1.400,2.050,1.530,1,0,0,0,0,18,322,0,3,0
22-04 18:54:55,19.992,2.999,70.971,4.998,0,5416888,131952,181884,2281552,7543.875,539.776,0,2175.099,0,66.972,2358,2220,1.400,2.050,1.530,1,1,0,0,0,18,322,0,3,0
22-04 18:54:56,17.753,1.500,72.511,6.751,0,5410272,123476,182292,2295140,9394.387,540.080,0,1700.251,0,56.008,2059,1990,1.400,2.050,1.530,1,0,0,0,0,18,322,0,3,0
22-04 18:54:57,15.757,1.751,79.784,2.251,0,5300536,266440,182348,2261512,19462.355,3136.346,0,556.239,0,19.008,1918,1771,1.400,2.050,1.530,2,0,1.000,0,0,18,320,0,3,0
22-04 18:54:58,18.316,4.767,75.523,0.502,0,5360324,206632,182348,2261528,14034.772,1818.579,0,554.004,0,7.025,2357,1872,1.400,2.050,1.530,1,0,36.131,0,0,18,321,0,3,0
22-04 18:54:59,39.907,7.732,49.634,1.497,0,5410216,150680,182460,2267252,11472.234,1548.387,766.212,1336.881,5.986,17.958,3489,2184,1.450,2.050,1.530,2,0,10.974,0,0,18,320,0,3,0
22-04 18:55:00,18.461,5.239,59.126,15.467,0,5398260,181324,182460,2248832,13706.190,3473.698,255.463,7236.788,1.996,67.857,2821,2605,1.450,2.050,1.530,2,1,18.960,0,0,18,321,0,3,0
22-04 18:55:01,18.763,4.503,59.292,15.761,0,5389160,184444,182728,2254084,4290.041,702.498,0,6228.414,0,74.052,10974,20219,1.450,2.050,1.530,2,0,11.008,0,0,18,320,0,3,0
22-04 18:55:02,18.779,5.759,70.611,3.756,0,5383136,190056,182760,2254380,8914.960,582.913,0,3205.019,0,211.331,6475,10162,1.450,2.050,1.530,1,0,11.017,0,0,18,320,0,3,0
22-04 18:55:03,21.715,5.990,70.138,1.248,0,5383108,189844,182800,2254544,6761.238,539.142,0,710.868,0,23.962,7224,11869,1.450,2.050,1.530,1,0,15.975,0,0,18,320,0,3,0
22-04 18:55:04,22.509,4.252,70.779,1.251,0,5377876,206452,182800,2243768,9473.856,540.220,280.114,1216.495,5.002,44.018,2744,2774,1.410,2.030,1.530,2,0,7.003,0,0,18,320,0,3,0
22-04 18:55:05,19.749,3.750,70.997,3.500,0,5375224,206528,182804,2246340,7346.665,539.975,327.985,2103.904,9.000,55.997,3221,3969,1.410,2.030,1.530,1,0,0,0,0,18,321,0,3,0
22-04 18:55:06,18.812,4.013,65.465,9.531,0,5371396,209704,182804,2246992,4544.894,541.775,401.315,1276.182,23.076,158.519,6145,9130,1.410,2.030,1.530,2,0,1.003,0,0,18,323,0,8,0
22-04 18:55:07,13.211,14.208,60.569,11.217,0,5302420,278156,182808,2247576,9981.249,538.395,494.526,5806.692,23.929,377.874,6529,7869,1.410,2.030,1.530,1,0,312.070,0,0,18,322,0,8,0
22-04 18:55:08,11.485,9.238,70.408,7.990,0,5287856,290804,182808,2249496,6979.909,539.298,1877.554,227.703,123.839,11.984,3544,3131,1.410,2.030,1.530,0,1,135.823,0,0,18,322,0,10,0
22-04 18:55:09,5.750,3.000,72.745,16.999,0,5287656,253092,182808,2287396,6479.539,485.965,37901.301,1391.901,2762.803,33.998,4613,7265,1.380,2.010,1.520,0,1,1.000,0,0,18,322,0,10,0
22-04 18:55:10,6.750,2.000,85.256,4.000,0,5283192,253992,182808,2290956,9721.631,1555.101,3564.231,1452.094,612.040,41.003,2743,3775,1.380,2.010,1.520,0,0,6.000,0,0,18,323,0,10,0
22-04 18:55:11,1.753,1.002,89.927,6.513,0,5281748,255276,182808,2291116,47974.292,2375.669,56.110,6023.840,1.002,323.636,1402,1493,1.380,2.010,1.520,0,2,1.002,0,0,18,323,0,10,0
22-04 18:55:12,4.010,4.010,76.687,14.786,0,5274792,261512,182852,2291792,92485.495,3671.953,641.564,10084.588,20.049,500.220,2493,2113,1.380,2.010,1.520,4,0,26.064,0,0,18,322,0,11,0
22-04 18:55:13,11.725,26.194,54.883,4.490,0,5278228,257484,183004,2292128,6604.924,538.852,427.090,15.966,21.953,3.991,8212,9200,1.380,2.010,1.520,1,0,1094.667,0,0,18,322,0,11,0
22-04 18:55:14,7.754,20.762,70.540,0,0,5277576,258068,183004,2292196,11283.346,540.304,0,0,0,0,7076,6598,1.350,2,1.520,1,0,633.356,0,0,18,322,0,11,0
22-04 18:55:15,7.992,21.230,68.935,0.250,0,5276064,259528,183004,2292248,10105.486,539.492,23.977,11.989,1.998,1.998,7286,6996,1.350,2,1.520,1,0,712.329,0,0,18,322,0,11,0
22-04 18:55:16,10.732,7.987,67.390,12.979,0,5294868,204356,183024,2328912,6309.692,539.119,36592.223,427.302,315.485,18.969,3668,3403,1.350,2,1.520,1,1,170.721,0,0,18,322,0,11,0
22-04 18:55:17,11.748,3.749,74.986,8.248,0,5312440,186400,183164,2329140,5802.938,1137.792,351.936,5439.005,11.998,153.972,3043,3336,1.350,2,1.520,0,0,26.995,0,0,18,323,0,11,0
22-04 18:55:18,2.000,1.000,95.744,0.250,0,5312924,185672,183164,2329388,268679.447,6281.636,0,199.988,0,14.999,1513,2081,1.350,2,1.520,0,0,1.000,0,0,18,323,0,11,0
22-04 18:55:19,2.000,1.250,93.999,0.250,0,5312340,185424,183164,2330220,863855.841,17699.874,0,215.998,0,20.000,1916,2338,1.240,1.960,1.510,0,0,2.000,0,0,18,323,0,11,0
22-04 18:55:20,3.249,1.000,90.230,3.999,0,5312052,184696,183164,2331236,1072568.285,19086.770,0,2315.487,0,29.993,2041,2269,1.240,1.960,1.510,0,0,0,0,0,18,323,0,11,0
22-04 18:55:21,1.250,0.750,97.000,0,0,5311900,184696,183164,2331388,165670.450,3972.011,0,0,0,0,1130,1439,1.240,1.960,1.510,0,0,0,0,0,18,323,0,11,0
22-04 18:55:22,1.750,1.750,95.268,0,0,5312232,183940,183164,2331812,627945.772,13148.466,0,288.054,0,15.003,1716,1803,1.240,1.960,1.510,0,0,0,0,0,18,323,0,11,0
22-04 18:55:23,1.501,2.501,90.552,3.752,0,5311964,183436,183164,2332584,642783.362,11447.560,0,21112.099,0,132.076,1988,2118,1.240,1.960,1.510,0,0,0,0,0,18,323,0,11,0
22-04 18:55:24,1.500,2.750,94.745,0,0,5311952,183184,183164,2332848,244260.748,3196.827,0,29474.401,0,291.984,1902,2388,1.220,1.950,1.510,0,0,0,0,0,18,323,0,11,0
22-04 18:55:25,1.750,2.000,94.247,0,0,5291748,202992,183164,2333244,477174.743,5555.799,0,20319.265,0,309.989,2201,2674,1.220,1.950,1.510,0,0,2.000,0,0,18,323,0,11,0
22-04 18:55:26,7.001,3.250,81.262,7.251,0,5303256,190228,183456,2334244,201476.140,2784.403,988.143,21239.072,91.013,330.048,2464,2767,1.220,1.950,1.510,1,1,3.000,0,0,18,322,0,12,0
22-04 18:55:27,4.747,3.998,54.468,34.979,0,5317612,172400,183528,2337644,7410.657,539.684,3378.020,17885.518,42.975,179.895,2365,2887,1.220,1.950,1.510,0,1,23.986,0,0,18,322,0,12,0
22-04 18:55:28,1.999,2.999,56.984,37.489,0,5333680,156312,183528,2337664,9080.396,539.845,19.994,18250.767,4.999,429.877,1668,2124,1.220,1.950,1.510,1,0,0,0,0,18,322,0,12,0
22-04 18:55:29,2.000,1.750,64.249,30.499,0,5333792,156020,183536,2337840,7136.869,539.990,171.997,21239.609,38.999,137.997,1657,2144,1.280,1.950,1.510,3,0,5.000,0,0,18,322,0,12,0
22-04 18:55:30,5.752,6.002,73.280,13.255,0,5338760,132544,183612,2356260,10084.148,540.222,8.003,29135.985,2.001,330.136,3791,4929,1.280,1.950,1.510,0,1,22.009,0,0,18,322,0,12,0
22-04 18:55:31,2.752,6.254,71.796,17.261,0,5340004,130080,183708,2357276,6830.394,486.313,0,7728.972,0,517.333,3377,4237,1.280,1.950,1.510,0,1,42.027,0,0,18,322,0,12,0
22-04 18:55:32,3.248,6.746,71.960,15.991,0,5339372,127836,183720,2359620,3871.832,539.698,0,5524.907,0,723.595,4114,5657,1.280,1.950,1.510,1,1,38.978,0,0,18,322,0,12,0
22-04 18:55:33,4.753,7.004,69.287,17.509,0,5336424,127720,183824,2362228,12442.579,540.286,0,5999.172,0,568.301,4223,5498,1.280,1.950,1.510,3,0,52.028,0,0,18,322,0,12,0
22-04 18:55:34,16.031,8.266,67.380,7.014,0,5333092,127788,184048,2365052,9015.417,541.045,148.286,3947.627,4.008,315.610,4422,6569,1.260,1.930,1.510,1,0,32.062,0,0,18,322,0,12,0
22-04 18:55:35,17.789,6.765,66.645,7.767,0,5336372,123896,184068,2365524,5034.934,541.175,0,3960.601,0,98.213,3384,2985,1.260,1.930,1.510,3,0,31.067,0,0,18,322,0,12,0
22-04 18:55:36,22.495,7.248,67.235,2.499,0,5321436,137892,184112,2366316,9383.898,539.879,0,1631.634,0,95.978,3683,3306,1.260,1.930,1.510,1,0,31.993,0,0,18,322,0,12,0
22-04 18:55:37,19.409,4.728,66.190,7.963,0,5325924,130376,184336,2368724,4516.870,537.486,0,1600.513,0,70.669,3241,3312,1.260,1.930,1.510,0,1,17.916,0,0,18,322,0,12,0
22-04 18:55:38,19.001,4.500,70.254,5.750,0.250,5303152,149344,184440,2371880,11343.700,540.033,120.007,1116.069,26.002,58.004,2746,2567,1.260,1.930,1.510,1,0,14.001,0,0,18,322,0,12,0
22-04 18:55:39,16.753,3.251,71.013,7.751,0,5308164,144644,184440,2371148,9572.816,486.092,300.057,1408.267,46.009,15.003,3128,3866,1.240,1.920,1.510,2,0,17.003,0,0,18,322,0,12,0
22-04 18:55:40,11.279,10.025,69.175,7.770,0,5373432,154908,184464,2296716,5958.105,541.373,677.718,4511.438,70.178,119.302,3505,3689,1.240,1.920,1.510,1,0,41.104,0,0,18,322,0,12,0
22-04 18:55:41,17.023,7.260,72.848,1.752,0,5388332,134184,184476,2299332,9551.875,540.729,236.319,2767.731,14.019,17.023,2491,1932,1.240,1.920,1.510,1,0,28.038,0,0,18,322,0,12,0
22-04 18:55:42,24.403,5.727,67.481,1.245,0,5291336,320588,184504,2211268,5658.412,537.853,43.825,7.968,7.968,1.992,3424,11153,1.240,1.920,1.510,0,0,60.757,0,0,18,322,0,13,0
22-04 18:55:43,1.004,3.013,93.895,1.757,0,5274452,337468,184504,2211180,8123.143,542.279,0,1337.622,0,244.026,1230,1400,1.240,1.920,1.510,0,0,0,0,0,18,322,0,12,0
22-04 18:55:44,1.245,0,96.582,0.249,0,5274532,337384,184504,2211184,6039.840,537.671,0,135.413,0,14.935,1032,1452,1.140,1.880,1.500,0,0,0,0,0,18,322,0,12,0
22-04 18:55:45,1.250,0.750,97.034,0,0,5274164,337752,184504,2211184,9058.198,540.191,0,32.011,0,3.001,1011,1403,1.140,1.880,1.500,0,1,0,0,0,18,322,0,12,0
22-04 18:55:46,0.750,1.000,93.469,3.749,0,5262664,349252,184504,2211184,8482.150,485.837,0,5294.221,0,257.913,1154,1402,1.140,1.880,1.500,0,0,0,0,0,18,322,0,12,0
22-04 18:55:47,1.500,0.500,95.984,1.250,0,5262744,349252,184504,2211200,5767.038,539.910,15.997,131.978,1.000,13.998,1108,1670,1.140,1.880,1.500,0,0,0,0,0,18,322,0,12,0
22-04 18:55:48,1.500,0.750,95.013,1.250,0,5262956,349028,184504,2211212,3629.511,540.076,0,528.074,0,44.006,1467,2342,1.140,1.880,1.500,0,0,1.000,0,0,18,322,0,12,0
22-04 18:55:49,1.750,0.750,94.275,2.251,0,5262956,349028,184504,2211212,9559.488,540.141,0,200.052,0,23.006,1350,2010,1.130,1.870,1.500,0,0,2.001,0,0,18,322,0,12,0
22-04 18:55:50,1.749,0.750,96.194,0.250,0,5261184,350800,184504,2211212,9804.283,539.685,0,231.865,0,22.987,1371,1983,1.130,1.870,1.500,0,0,0,0,0,18,322,0,12,0
22-04 18:55:51,1.500,0.500,97.227,0,0,5259416,352564,184504,2211216,9977.658,539.873,0,107.975,0,7.998,955,1397,1.130,1.870,1.500,0,0,0,0,0,18,322,0,12,0
22-04 18:55:52,0.500,0.500,97.309,0.250,0,5257876,354104,184504,2211216,5611.387,582.352,0,252.152,0,15.009,910,1363,1.130,1.870,1.500,0,0,0,0,0,18,322,0,12,0
22-04 18:55:53,1.250,0.500,97.736,0.250,0,5256528,355452,184504,2211216,8797.725,485.930,0,35.995,0,4.999,888,1297,1.130,1.870,1.500,0,0,0,0,0,18,322,0,12,0
22-04 18:55:54,1.250,0.750,97.272,0,0,5255348,356632,184504,2211216,7547.683,634.141,0,4.001,0,1.000,918,1338,1.040,1.840,1.490,0,0,0,0,0,18,322,0,12,0
22-04 18:55:55,1.250,0.500,96.997,0,0,5254764,357212,184504,2211220,3739.876,539.982,0,0,0,0,1051,1525,1.040,1.840,1.490,0,0,0,0,0,18,322,0,12,0
22-04 18:55:56,1.500,0.500,96.996,0,0,5247316,364660,184504,2211220,3584.848,539.977,0,43.998,0,3.000,954,1499,1.040,1.840,1.490,0,0,0,0,0,18,322,0,12,0
22-04 18:55:57,1.000,0.750,93.017,3.501,0,5247276,364660,184504,2211260,8827.593,540.097,32.006,2228.402,1.000,108.019,1339,2047,1.040,1.840,1.490,0,0,0,0,0,18,322,0,12,0
22-04 18:55:58,1.255,1.506,95.118,1.255,0,5247344,364592,184504,2211260,6937.875,542.100,0,349.353,0,27.105,1219,1808,1.040,1.840,1.490,1,0,2.008,0,0,18,322,0,12,0
22-04 18:55:59,21.161,5.228,70.703,1.992,0,5292156,319772,184504,2211268,10690.101,537.741,509.859,792.671,3.983,161.322,2689,2070,1.030,1.820,1.480,1,0,6.971,0,0,18,322,0,12,0
22-04 18:56:00,10.501,4.000,84.255,0.250,0,5277004,334920,184504,2211272,6944.440,556.035,512.032,148.009,4.000,19.001,2120,2183,1.030,1.820,1.480,0,0,4.000,0,0,18,322,0,12,0
22-04 18:56:01,1.000,0.500,97.503,0,0,5276112,335812,184504,2211272,9449.259,540.015,0,0,0,0,931,1324,1.030,1.820,1.480,0,0,0,0,0,18,322,0,12,0
22-04 18:56:02,1.000,0.500,96.491,0.750,0,5273908,338016,184504,2211272,9194.138,539.949,0,259.976,0,17.998,1023,1430,1.030,1.820,1.480,0,0,0,0,0,18,322,0,12,0
22-04 18:56:03,1.500,1.000,95.265,1.250,0,5271976,339944,184504,2211276,6519.001,540.083,0,252.039,0,23.004,1214,1830,1.030,1.820,1.480,0,0,1.000,0,0,18,322,0,12,0
22-04 18:56:04,1.750,0.750,96.251,0,0,5269336,342584,184504,2211276,9301.067,540.004,0,88.001,0,13.000,1310,1912,0.950,1.790,1.480,1,0,1.000,0,0,18,322,0,12,0
22-04 18:56:05,1.250,0.500,97.507,0,0,5267596,344324,184504,2211276,8731.624,540.039,0,20.001,0,3.000,995,1380,0.950,1.790,1.480,1,0,0,0,0,18,322,0,12,0
22-04 18:56:06,1.250,0.750,96.510,0.250,0,5266304,345616,184504,2211276,4771.518,540.059,0,188.020,0,11.001,991,1475,0.950,1.790,1.480,0,0,0,0,0,18,322,0,12,0
22-04 18:56:07,1.500,0.750,95.758,1.500,0,5258460,353428,184504,2211308,9694.789,486.040,32.003,2628.214,1.000,36.003,1156,1586,0.950,1.790,1.480,0,0,0,0,0,18,322,0,12,0
22-04 18:56:08,1.500,0.750,95.241,1.000,0,5258444,353428,184504,2211324,8867.151,539.948,0,455.956,0,30.997,1216,1822,0.950,1.790,1.480,0,0,0,0,0,18,322,0,7,0
22-04 18:56:09,1.000,0.750,96.747,0.500,0,5251240,360628,184504,2211328,11299.652,539.983,0,811.975,0,156.995,1183,1518,0.870,1.760,1.470,0,0,1.000,0,0,18,322,0,7,0
22-04 18:56:10,2.000,1.000,95.758,0.250,0,5251240,360628,184504,2211328,6891.595,540.047,0,368.032,0,32.003,1383,2020,0.870,1.760,1.470,0,0,0,0,0,18,322,0,7,0
22-04 18:56:11,1.000,0.250,97.501,0,0,5251236,360628,184504,2211332,4653.047,540.006,0,56.001,0,6.000,889,1331,0.870,1.760,1.470,0,0,0,0,0,18,322,0,7,0
22-04 18:56:12,4.251,2.250,93.015,0,0,5255276,356588,184508,2211328,11171.802,540.087,0,25176.060,0,44.007,1402,1564,0.870,1.760,1.470,1,0,5.001,0,0,18,322,0,5,0
22-04 18:56:13,7.750,3.000,76.750,11.000,0,5260268,349196,184920,2213316,12677.993,3040.998,2375.999,36323.980,503.000,57.000,2026,2551,0.870,1.760,1.470,2,0,0,0,0,18,323,0,5,0
22-04 18:56:14,15.259,3.252,78.296,1.751,0,5280076,329068,184920,2213636,13553.896,8763.105,32.019,344.201,2.001,29.017,2970,3533,0.800,1.730,1.460,2,0,5.003,0,0,18,323,0,7,0
22-04 18:56:15,11.990,2.997,83.429,0.999,0.250,5279372,329648,184920,2213760,19237.737,9293.144,95.919,239.797,5.995,25.978,2515,2757,0.800,1.730,1.460,1,0,4.996,0,0,18,324,0,9,0
22-04 18:56:16,9.752,2.000,86.516,0.250,0,5263140,345736,184920,2213904,21048.955,11019.070,0,140.026,0,15.003,2238,2541,0.800,1.730,1.460,1,0,5.001,0,0,18,324,0,9,0
22-04 18:56:17,12.251,2.500,83.758,1.250,0,5268796,340068,184920,2213916,18082.724,9531.909,0,316.030,0,25.002,2313,2532,0.800,1.730,1.460,1,0,5.000,0,0,18,324,0,10,0
22-04 18:56:18,10.771,2.254,84.661,0.250,0,5279952,328752,184924,2214072,16822.032,10791.549,0,1294.465,0,123.235,2448,2849,0.800,1.730,1.460,1,0,1.002,0,0,18,325,0,10,0
22-04 18:56:19,12.471,2.993,81.558,1.496,0,5294064,314632,184924,2214080,14487.852,10101.191,0,243.426,0,20.951,2541,2857,0.820,1.720,1.460,0,0,6.984,0,0,18,325,0,11,0
22-04 18:56:20,54.269,8.253,36.013,1.751,0,4978188,630548,184924,2214092,11482.078,1564.556,4.001,2244.797,1.000,343.122,4541,3138,0.820,1.720,1.460,2,0,22.008,0,0,18,298,0,17,0
22-04 18:56:21,72.395,12.024,15.281,0.251,0,5116772,491924,184924,2214276,7452.911,541.083,4.008,176.353,1.002,9.018,4398,2219,0.820,1.720,1.460,4,0,5.010,0,0,18,298,0,17,0
22-04 18:56:22,86.922,11.989,0.500,0.749,0,5161308,445756,184924,2215908,12318.887,485.562,195.823,1550.601,8.992,70.936,6681,6843,0.820,1.720,1.460,4,0,5.995,0,0,18,298,0,18,0
22-04 18:56:23,70.188,11.740,16.985,0,0,5227832,378884,184924,2216336,10794.449,539.523,0,139.876,0,12.989,5990,5942,0.820,1.720,1.460,2,0,0.999,0,0,18,298,0,23,0
22-04 18:56:24,41.503,11.001,46.253,0,0,5293064,312824,184924,2217164,12547.927,540.040,256.019,236.017,2.000,19.001,6182,8536,0.920,1.730,1.460,2,0,5.000,0,0,18,302,0,25,0
22-04 18:56:25,42.112,9.967,47.594,0,0,5372468,233456,184924,2217180,7813.313,538.231,765.483,518.296,5.980,90.702,4288,3647,0.920,1.730,1.460,2,0,14.951,0,0,18,300,0,25,0
22-04 18:56:26,22.574,3.512,69.980,2.508,0,5305200,300004,184932,2217920,3956.986,541.778,433.422,642.107,7.023,37.122,2462,2373,0.920,1.730,1.460,1,0,2.007,0,0,18,291,0,27,0
22-04 18:56:27,30.985,3.998,62.470,2.249,0,5331408,272916,184936,2218796,121982.911,60430.727,35.983,387.812,2.999,37.982,4690,7090,0.920,1.730,1.460,1,0,1.999,0,0,18,290,0,31,0
22-04 18:56:28,27.940,2.495,68.104,0,0,5348900,255340,184936,2218880,120067.529,53148.030,0,139.700,0,11.974,4304,4572,0.920,1.730,1.460,1,0,0,0,0,18,301,0,31,0
22-04 18:56:29,8.769,1.002,86.434,2.255,0,5346932,257284,184936,2218904,40704.561,14911.711,0,460.980,0,52.111,2399,2877,0.920,1.710,1.460,0,0,1.002,0,0,18,299,0,30,0
22-04 18:56:30,1.998,0.749,94.927,1.249,0,5344876,259340,184936,2218904,11398.236,485.627,0,539.585,0,22.982,1280,1881,0.920,1.710,1.460,0,0,0,0,0,18,299,0,30,0
22-04 18:56:31,1.000,1.000,97.535,0,0,5342820,261396,184936,2218904,10408.709,540.192,0,104.037,0,8.003,998,1381,0.920,1.710,1.460,0,0,0,0,0,18,299,0,30,0
22-04 18:56:32,2.000,1.250,94.505,1.250,0,5356892,247324,184936,2218904,10136.522,540.028,0,1644.085,0,36.002,1202,1602,0.920,1.710,1.460,0,0,1.000,0,0,18,301,0,30,0
22-04 18:56:33,2.000,0.500,96.263,0.250,0,5355536,248676,184936,2218908,4674.627,540.072,0,172.023,0,24.003,1250,1924,0.920,1.710,1.460,0,0,1.000,0,0,18,301,0,30,0
22-04 18:56:34,1.750,0.500,95.990,0,0,5354396,249816,184936,2218908,4280.567,539.945,0,83.991,0,11.999,1263,1861,0.850,1.690,1.450,0,0,1.000,0,0,18,301,0,30,0
22-04 18:56:35,2.001,1.000,96.543,0,0,5352912,251296,184936,2218912,9834.426,540.243,0,4.002,0,1.000,1124,1507,0.850,1.690,1.450,0,0,1.000,0,0,18,301,0,30,0
22-04 18:56:36,3.499,1.749,92.971,0.500,0,5351444,252640,184936,2219036,10503.750,539.833,0,291.910,0,23.993,2577,4071,0.850,1.690,1.450,0,0,2.999,0,0,18,301,0,30,0
22-04 18:56:37,4.250,1.250,93.254,0.500,0,5350544,253524,184936,2219052,7923.344,486.021,0,284.012,0,30.001,1833,2635,0.850,1.690,1.450,0,0,2.000,0,0,18,301,0,30,0
22-04 18:56:38,1.500,0.500,96.251,0.250,0,5350176,253880,184936,2219064,9670.067,540.004,0,256.002,0,17.000,1268,1851,0.850,1.690,1.450,0,0,0,0,0,18,301,0,30,0
22-04 18:56:39,2.750,1.500,87.491,6.999,0,5349764,254280,184936,2219076,11844.764,539.944,0,2767.711,0,182.981,1887,2876,0.780,1.660,1.440,0,0,1.000,0,0,18,301,0,30,0
22-04 18:56:40,1.500,1.000,96.509,0.250,0,5348592,255452,184936,2219076,12466.150,540.050,0,112.010,0,14.001,1261,1779,0.780,1.660,1.440,0,0,0,0,0,18,301,0,30,0
22-04 18:56:41,1.000,1.000,88.497,8.250,0,5338628,265412,184936,2219080,6566.803,539.984,0,9583.712,0,1142.966,1713,1393,0.780,1.660,1.440,0,0,0,0,0,18,301,0,30,0
22-04 18:56:42,7.001,4.251,87.761,0.500,0,5350160,253880,184936,2218968,4515.581,540.070,0,276.036,0,23.003,2733,17268,0.780,1.660,1.440,0,0,42.005,0,0,18,303,0,31,0
22-04 18:56:43,1.750,0.750,96.488,0,0,5349940,254096,184936,2219084,11320.640,539.935,0,115.986,0,8.999,1084,1492,0.780,1.660,1.440,0,0,0,0,0,18,303,0,31,0
22-04 18:56:44,1.500,0.250,97.256,0,0,5349940,254096,184936,2219084,9649.609,486.031,0,60.004,0,6.000,1044,1458,0.960,1.680,1.450,0,0,0,0,0,18,303,0,31,0
22-04 18:56:45,1.249,0.250,97.444,0,0,5350192,253844,184936,2219084,6293.359,539.688,0,0,0,0,962,1389,0.960,1.680,1.450,0,0,0,0,0,18,303,0,30,0
22-04 18:56:46,1.501,1.001,97.307,0,0,5350192,253844,184936,2219084,10960.422,540.317,0,36.021,0,3.002,1000,1390,0.960,1.680,1.450,0,0,0,0,0,18,303,0,30,0
22-04 18:56:47,1.250,0.250,96.501,0.500,0,5350016,254020,184936,2219084,9467.104,582.006,0,60.001,0,7.000,1139,1520,0.960,1.680,1.450,0,0,0,0,0,18,303,0,30,0
22-04 18:56:48,1.749,0.750,94.192,2.249,0,5348604,255300,184936,2219216,13014.961,539.667,0,615.620,0,84.948,1368,1997,0.960,1.680,1.450,0,1,0,0,0,18,303,0,30,0
22-04 18:56:49,2.500,0.750,94.513,0.750,0,5347184,256712,184936,2219224,10582.413,540.072,0,376.050,0,52.007,1572,2383,0.880,1.650,1.440,0,0,1.000,0,0,18,303,0,30,0
22-04 18:56:50,1.751,0.751,96.068,1.251,0,5346244,257652,184936,2219224,3805.703,540.384,0,192.136,0,22.016,1144,1756,0.880,1.650,1.440,0,0,0,0,0,18,303,0,30,0
22-04 18:56:51,0.999,0.500,97.199,0,0,5345640,258252,184936,2219228,10461.475,485.743,0,103.945,0,6.996,939,1380,0.880,1.650,1.440,0,0,0,0,0,18,303,0,30,0
22-04 18:56:52,1.751,0.750,96.293,0.750,0,5345608,258284,184936,2219228,9256.181,540.244,0,392.177,0,28.013,1144,1586,0.880,1.650,1.440,0,0,0,0,0,18,303,0,30,0
22-04 18:56:53,2.250,0.750,96.261,0,0,5345548,258340,184936,2219232,10806.281,540.064,0,128.015,0,13.002,1192,1663,0.880,1.650,1.440,1,0,1.000,0,0,18,303,0,30,0
22-04 18:56:54,1.500,0.500,96.249,0.250,0,5345548,258340,184936,2219232,8126.882,633.991,0,219.997,0,15.000,1214,1785,0.810,1.620,1.430,0,0,0,0,0,18,303,0,30,0
22-04 18:56:55,30.596,7.022,58.182,3.260,0,5005160,598420,184948,2219604,12244.296,780.441,357.117,429.343,27.085,42.132,4640,5299,0.810,1.620,1.430,5,0,74.232,0,0,18,299,0,32,0
22-04 18:56:56,21.690,4.238,72.052,0.499,0,5078380,525172,184948,2219680,6161.082,1037.152,71.803,3.989,4.986,0.997,2168,1890,0.810,1.620,1.430,1,0,4.986,0,0,18,299,0,32,0
22-04 18:56:57,21.241,4.748,70.219,2.999,0,5133920,468596,184948,2220716,6749.064,539.765,327.857,415.819,30.987,21.990,2971,4897,0.810,1.620,1.430,1,0,10.995,0,0,18,303,0,33,0
22-04 18:56:58,21.504,5.251,72.262,0.500,0,5228508,373860,184952,2220880,4148.716,486.084,4.001,0,1.000,0,2370,1983,0.810,1.620,1.430,1,0,12.002,0,0,18,303,0,34,0
22-04 18:56:59,24.247,3.250,70.990,0.500,0,5251496,350720,184952,2221064,10215.604,581.920,0,831.886,0,40.994,2554,2351,0.830,1.610,1.430,1,0,1.000,0,0,18,303,0,34,0
22-04 18:57:00,3.749,0.750,94.233,0,0,5256208,345984,184956,2221084,9811.208,721.868,0,203.963,0,23.996,1442,2004,0.830,1.610,1.430,0,0,1.000,0,0,18,303,0,34,0
22-04 18:57:01,0.750,1.000,97.235,0,0,5253316,348876,184956,2221084,9154.622,539.919,0,0,0,0,931,1377,0.830,1.610,1.430,1,0,0,0,0,18,303,0,34,0
22-04 18:57:02,2.000,1.000,94.267,3.001,0,5250676,351516,184956,2221084,9120.658,540.098,0,808.147,0,109.020,1149,1540,0.830,1.610,1.430,0,0,0,0,0,18,303,0,34,0
22-04 18:57:03,1.000,0.250,96.233,0.250,0,5243664,358524,184956,2221088,9629.336,539.907,0,439.924,0,23.996,1189,1811,0.830,1.610,1.430,0,0,0,0,0,18,303,0,34,0
22-04 18:57:04,1.750,0.750,96.261,0,0,5233940,368248,184956,2221088,7440.833,540.060,0,84.009,0,12.001,1226,1820,0.760,1.590,1.420,0,0,0,0,0,18,303,0,34,0
22-04 18:57:05,1.500,0.750,97.022,0,0,5230192,371996,184956,2221088,5568.280,630.145,0,80.018,0,10.002,1005,1484,0.760,1.590,1.420,0,0,0,0,0,18,303,0,34,0
22-04 18:57:06,1.500,0.500,96.740,0.750,0,5218124,384060,184960,2221088,4008.590,485.950,0,339.965,0,15.998,941,1476,0.760,1.590,1.420,0,0,0,0,0,18,303,0,34,0
22-04 18:57:07,1.000,0.750,93.474,3.749,0,5211320,390864,184960,2221088,9681.308,679.811,0,4222.826,0,538.850,1471,1519,0.760,1.590,1.420,0,0,0,0,0,18,303,0,34,0
22-04 18:57:08,1.500,0.500,96.983,0,0,5211572,390612,184960,2221088,9250.380,539.905,0,0,0,0,1003,1386,0.760,1.590,1.420,0,0,0,0,0,18,303,0,34,0
22-04 18:57:09,1.754,0.752,95.704,0.251,0,5211816,390364,184960,2221092,10336.066,541.155,0,376.804,0,35.075,1423,2050,0.700,1.560,1.410,1,0,1.002,0,0,18,303,0,34,0
22-04 18:57:10,1.746,0.748,96.541,0.249,0,5211816,390364,184960,2221092,7020.801,538.834,0,91.801,0,11.974,1177,1766,0.700,1.560,1.410,0,0,0,0,0,18,303,0,34,0
22-04 18:57:11,1.000,0.500,97.787,0,0,5211816,390364,184960,2221092,9950.748,540.203,0,4.002,0,1.000,919,1316,0.700,1.560,1.410,0,0,0,0,0,18,303,0,34,0
22-04 18:57:12,1.250,0.750,96.774,0.250,0,5211816,390364,184960,2221092,8321.080,540.135,0,192.048,0,15.004,1066,1470,0.700,1.560,1.410,0,0,0,0,0,18,303,0,34,0
22-04 18:57:13,1.500,0.250,96.977,0,0,5211812,390364,184960,2221096,4112.012,485.883,0,63.985,0,5.999,971,1429,0.700,1.560,1.410,0,0,0,0,0,18,303,0,34,0
22-04 18:57:14,1.750,1.000,96.768,0.500,0,5211992,390140,184960,2221140,11887.199,540.100,0,332.061,0,60.011,1156,1541,0.640,1.530,1.410,0,0,0,0,0,18,303,0,34,0
22-04 18:57:15,1.000,0.500,96.982,0,0,5211992,390140,184960,2221140,10411.050,629.882,0,0,0,0,959,1374,0.640,1.530,1.410,0,0,0,0,0,18,303,0,34,0
22-04 18:57:16,1.250,0.500,97.747,0,0,5211992,390140,184960,2221140,5350.823,539.982,0,0,0,0,877,1351,0.640,1.530,1.410,0,0,0,0,0,18,303,0,34,0
22-04 18:57:17,1.501,1.000,97.287,0,0,5211992,390140,184960,2221140,10661.072,540.206,0,8.003,0,2.001,1048,1434,0.640,1.530,1.410,0,0,0,0,0,18,303,0,34,0
22-04 18:57:18,1.500,0.500,95.980,0,0,5212244,389888,184960,2221140,6798.604,539.889,0,243.950,0,20.996,1164,1823,0.640,1.530,1.410,0,0,0,0,0,18,303,0,28,0
22-04 18:57:19,2.500,0.750,93.485,2.500,0,5212244,389888,184960,2221140,10568.323,539.914,0,367.942,0,43.993,1633,2381,0.590,1.510,1.400,0,0,1.000,0,0,18,303,0,28,0
22-04 18:57:20,1.500,0.750,96.256,0.250,0,5212240,389888,184960,2221144,6893.431,486.030,0,184.011,0,22.001,1197,1869,0.590,1.510,1.400,0,0,0,0,0,18,303,0,28,0
22-04 18:57:21,1.000,0.750,96.971,0,0,5212240,389888,184960,2221144,5181.451,581.826,0,103.969,0,7.998,908,1387,0.590,1.510,1.400,0,0,0,0,0,18,303,0,28,0
22-04 18:57:22,1.250,0.750,97.034,0.500,0,5212240,389888,184960,2221144,11401.018,680.240,0,308.109,0,22.008,1152,1568,0.590,1.510,1.400,1,0,0,0,0,18,303,0,20,0
22-04 18:57:23,1.500,0,96.759,0,0,5212236,389888,184960,2221148,7734.735,540.051,0,52.005,0,4.000,1035,1438,0.590,1.510,1.400,0,0,0,0,0,18,303,0,20,0
22-04 18:57:24,1.250,1.000,97.742,0,0,5212236,389888,184960,2221148,8645.328,539.958,0,0,0,0,1004,1435,0.540,1.480,1.390,0,0,0,0,0,18,303,0,20,0
22-04 18:57:25,1.500,0.250,97.240,0,0,5212476,389648,184960,2221148,6191.342,539.943,0,0,0,0,992,1422,0.540,1.480,1.390,0,0,0,0,0,18,303,0,20,0
22-04 18:57:26,12.512,14.514,71.569,0,0,5258728,343376,184960,2221168,10330.978,630.609,0,0,0,0,4897,4234,0.540,1.480,1.390,1,0,311.301,0,0,18,303,0,12,0
22-04 18:57:27,18.494,1.999,78.975,0,0,5301104,300992,184960,2221176,14947.269,6197.038,0,0,0,0,2032,1713,0.540,1.480,1.390,1,0,0,0,0,18,304,0,12,0
22-04 18:57:28,15.168,1.989,71.615,7.957,0,5303540,298248,184960,2221484,8018.878,4496.818,286.460,2534.371,16.909,298.395,3745,4783,0.540,1.480,1.390,7,0,0.995,0,0,18,304,0,14,0
22-04 18:57:29,37.298,8.568,48.891,5.040,0,5336604,265084,184960,2221584,5269.123,1758.054,48.387,3415.303,3.024,273.184,5850,7609,0.580,1.470,1.390,4,0,30.242,0,0,18,303,0,15,0
22-04 18:57:30,32.978,4.997,59.710,0.999,0,5429732,171788,184968,2221744,30874.562,22631.019,111.926,979.352,4.997,58.961,3781,3943,0.580,1.470,1.390,4,0,3.997,0,0,18,304,0,16,0
22-04 18:57:31,13.189,4.231,80.380,0.249,0,5428268,173232,184968,2221764,24166.756,15978.448,0,147.322,0,6.968,2787,2667,0.580,1.470,1.390,0,0,35.835,0,0,18,303,0,20,0
22-04 18:57:32,3.507,1.753,93.431,0.250,0,5417824,183544,184968,2221896,8475.448,583.132,0,116.226,0,7.014,2469,4019,0.580,1.470,1.390,1,0,3.006,0,0,18,303,0,20,0
22-04 18:57:33,8.498,1.250,88.979,0.250,0,5407712,193496,184968,2222056,26428.647,9625.686,0,219.947,0,22.994,2184,2637,0.580,1.470,1.390,0,0,2.000,0,0,18,303,0,21,0
22-04 18:57:34,2.749,1.000,94.483,0.500,0,5401036,200168,184968,2222060,8663.405,485.911,0,183.966,0,29.994,1802,2586,0.610,1.470,1.390,0,0,0,0,0,18,303,0,21,0
22-04 18:57:35,1.250,0.750,97.013,0,0,5398172,203028,184968,2222064,6400.850,540.072,0,4.001,0,1.000,1029,1478,0.610,1.470,1.390,1,0,0,0,0,18,303,0,21,0
22-04 18:57:36,1.999,0.750,94.974,1.999,0,5395452,205748,184968,2222064,3763.966,539.852,0,963.735,0,58.984,1147,1832,0.610,1.470,1.390,0,0,0,0,0,18,303,0,21,0
22-04 18:57:37,1.251,0.250,96.793,0.500,0,5392848,208348,184972,2222064,4721.107,540.241,0,240.107,0,11.005,998,1499,0.610,1.470,1.390,0,0,0,0,0,18,303,0,21,0
22-04 18:57:38,1.250,0.750,95.017,2.000,0,5381672,219524,184972,2222064,10142.796,582.103,0,2012.356,0,366.065,1236,1467,0.610,1.470,1.390,1,0,0,0,0,18,303,0,19,0
22-04 18:57:39,2.000,1.250,94.235,1.750,0,5378204,222984,184976,2222068,8700.622,539.915,0,739.883,0,65.990,1576,2512,0.560,1.440,1.380,0,0,2.000,0,0,18,303,0,19,0
22-04 18:57:40,2.000,0.500,96.513,0,0,5376656,224528,184976,2222072,8529.120,540.071,0,92.012,0,12.002,1163,1734,0.560,1.440,1.380,0,0,0,0,0,18,303,0,19,0
22-04 18:57:41,1.250,0.750,96.983,0.250,0,5375104,226076,184976,2222076,8884.432,485.914,0,99.982,0,10.998,981,1434,0.560,1.440,1.380,1,0,0,0,0,18,303,0,19,0
22-04 18:57:42,6.777,3.765,88.597,0,0,5411960,189220,184976,2225580,8883.817,542.125,0,192.755,0,15.059,2344,7868,0.560,1.440,1.380,1,0,42.165,0,0,19,304,0,19,0
22-04 18:57:43,1.245,0.996,96.643,0.249,0,5381380,219800,184976,2222076,8808.439,538.011,0,99.632,0,11.956,1085,1727,0.560,1.440,1.380,0,0,0,0,0,18,303,0,20,0
22-04 18:57:44,6.987,0.749,90.826,0.250,0,5381624,219548,184976,2222084,23180.686,9633.584,0,363.305,0,38.926,1746,2201,0.520,1.420,1.370,0,0,0,0,0,18,303,0,20,0
22-04 18:57:45,1.503,0.501,97.422,0,0,5381616,219548,184976,2222092,8753.429,540.954,0,80.141,0,5.009,910,1370,0.520,1.420,1.370,4,0,0,0,0,18,303,0,20,0
22-04 18:57:46,1.250,0.500,97.260,0,0,5381616,219548,184976,2222092,8580.893,540.056,0,0,0,0,972,1390,0.520,1.420,1.370,0,0,0,0,0,18,303,0,19,0
22-04 18:57:47,1.250,0.750,97.486,0,0,5381616,219548,184976,2222092,3996.442,539.925,0,3.999,0,1.000,958,1392,0.520,1.420,1.370,0,0,0,0,0,18,303,0,19,0
22-04 18:57:48,1.500,0.500,95.276,1.000,0,5381616,219548,184976,2222092,10272.753,486.130,0,244.065,0,23.006,1256,1879,0.520,1.420,1.370,0,0,0,0,0,18,303,0,19,0
22-04 18:57:49,2.249,1.000,92.458,3.249,0,5381568,219548,184976,2222140,6723.948,539.755,31.985,363.835,1.000,46.979,1756,2783,0.480,1.390,1.360,0,0,1.000,0,0,18,303,0,19,0
22-04 18:57:50,2.001,0.750,95.794,0.250,0,5381568,219548,184976,2222140,9831.537,540.249,0,488.225,0,78.036,1334,1885,0.480,1.390,1.360,0,0,0,0,0,18,303,0,19,0
22-04 18:57:51,1.000,0.500,97.233,0,0,5381568,219548,184976,2222140,11037.116,679.884,0,107.982,0,7.999,1014,1428,0.480,1.390,1.360,0,0,0,0,0,18,303,0,19,0
22-04 18:57:52,1.750,0.750,96.496,0.500,0,5381324,219792,184976,2222140,6953.679,539.975,0,487.977,0,31.999,1140,1583,0.480,1.390,1.360,0,0,0,0,0,18,303,0,19,0
22-04 18:57:53,1.249,0.750,97.195,0,0,5381324,219792,184976,2222140,8717.098,539.696,0,3.998,0,0.999,998,1407,0.480,1.390,1.360,1,0,0,0,0,18,303,0,19,0
22-04 18:57:54,1.000,1.000,95.023,1.250,0,5380752,220360,184976,2222144,6468.595,634.156,0,1376.339,0,263.065,1495,1868,0.440,1.370,1.360,0,0,0,0,0,18,303,0,19,0
22-04 18:57:55,1.250,0.500,97.493,0.250,0,5380752,220360,184976,2222144,5552.602,485.965,0,35.997,0,4.000,900,1410,0.440,1.370,1.360,0,0,0,0,0,18,303,0,19,0
22-04 18:57:56,1.251,0.250,97.541,0,0,5380752,220360,184976,2222144,7871.296,540.226,0,0,0,0,850,1298,0.440,1.370,1.360,1,0,0,0,0,18,303,0,19,0
22-04 18:57:57,1.750,0.750,96.511,0,0,5380752,220360,184976,2222144,10432.200,540.062,0,0,0,0,1072,1470,0.440,1.370,1.360,0,0,2.000,0,0,18,303,0,19,0
22-04 18:57:58,1.000,0.750,97.491,0,0,5380748,220360,184976,2222148,9680.112,539.950,0,47.996,0,5.999,979,1470,0.440,1.370,1.360,0,0,0,0,0,18,303,0,19,0
22-04 18:57:59,2.000,0.750,90.507,4.750,0,5380720,220360,184976,2222176,8390.623,582.043,16.001,808.060,1.000,76.006,1800,2801,0.400,1.350,1.350,2,0,1.000,0,0,18,303,0,15,0
22-04 18:58:00,1.750,1.000,95.997,0,0,5380720,220360,184976,2222176,5085.864,539.986,0,115.997,0,16.000,1192,1813,0.400,1.350,1.350,0,0,0,0,0,18,303,0,15,0
22-04 18:58:01,1.750,1.250,96.243,0,0,5382480,218600,184976,2222176,11833.174,539.962,0,83.994,0,2.000,1237,1507,0.400,1.350,1.350,0,0,17.999,0,0,18,303,0,15,0
22-04 18:58:02,1.000,0.750,96.539,1.000,0,5381220,219860,184976,2222176,6050.459,486.198,0,224.091,0,15.006,1027,1467,0.400,1.350,1.350,0,0,0,0,0,18,303,0,15,0
22-04 18:58:03,1.749,0.750,95.470,1.000,0,5381444,219636,184976,2222176,9890.893,539.830,0,207.935,0,20.993,1290,1835,0.400,1.350,1.350,0,0,0,0,0,18,303,0,15,0
22-04 18:58:04,2.000,1.000,95.744,0.500,0,5381432,219636,184980,2222184,8775.487,539.968,0,167.990,0,26.998,1451,2190,0.370,1.320,1.340,0,0,0,0,0,18,303,0,15,0
22-04 18:58:05,1.000,0.500,97.018,0,0,5381428,219636,184980,2222188,5580.042,540.101,0,20.004,0,2.000,899,1379,0.370,1.320,1.340,0,0,0,0,0,18,303,0,15,0
22-04 18:58:06,1.250,0.500,96.749,0.500,0,5381424,219636,184980,2222192,10405.918,539.996,0,315.998,0,22.000,999,1451,0.370,1.320,1.340,0,0,0,0,0,18,303,0,15,0
22-04 18:58:07,1.250,0.750,96.756,0.250,0,5381140,219920,184980,2222192,7190.474,540.036,0,32.002,0,3.000,1086,1448,0.370,1.320,1.340,0,0,0,0,0,18,303,0,15,0
22-04 18:58:08,1.750,0.750,97.239,0,0,5381364,219696,184980,2222192,3455.597,539.937,0,0,0,0,955,1401,0.370,1.320,1.340,1,0,0,0,0,18,303,0,15,0
22-04 18:58:09,1.750,0.750,91.994,4.000,0,5381360,219696,184980,2222196,10475.361,539.967,0,1263.923,0,187.989,1693,2444,0.340,1.300,1.330,0,0,1.000,0,0,18,303,0,15,0
22-04 18:58:10,2.000,1.250,87.000,8.250,0,5381356,219696,184980,2222200,7329.970,485.998,0,2927.988,0,190.999,1671,2667,0.340,1.300,1.330,0,0,0,0,0,18,303,0,15,0
22-04 18:58:11,1.500,0.500,97.239,0,0,5381356,219696,184980,2222200,9058.974,539.939,0,51.994,0,4.999,1013,1412,0.340,1.300,1.330,0,0,0,0,0,18,303,0,15,0
22-04 18:58:12,1.250,1.000,97.030,0,0,5381356,219696,184980,2222200,5983.826,540.165,0,0,0,0,1018,1417,0.340,1.300,1.330,0,0,0,0,0,18,303,0,15,0
22-04 18:58:13,0.999,0.250,96.193,0.750,0,5381356,219696,184980,2222200,9033.663,539.681,0,47.972,0,5.996,1081,1485,0.340,1.300,1.330,0,0,0,0,0,18,303,0,15,0
22-04 18:58:14,1.501,1.751,94.295,1.501,0,5381320,219696,184980,2222236,10701.089,540.257,0,268.128,0,27.013,1414,1980,0.310,1.280,1.330,0,0,0,0,0,18,303,0,15,0
22-04 18:58:15,1.501,0.250,97.534,0,0,5381572,219444,184980,2222236,6604.279,540.186,0,0,0,0,927,1374,0.310,1.280,1.330,0,0,0,0,0,18,303,0,15,0
22-04 18:58:16,0.750,0.500,97.447,0.250,0,5381572,219444,184980,2222236,4151.722,539.704,0,91.950,0,10.994,868,1353,0.310,1.280,1.330,0,0,0,0,0,18,303,0,15,0
22-04 18:58:17,1.751,0.250,96.781,0,0,5381568,219444,184980,2222240,9194.930,486.155,0,4.001,0,1.000,1079,1448,0.310,1.280,1.330,0,0,0,0,0,18,303,0,15,0
22-04 18:58:18,1.500,1.000,96.260,0.500,0,5381568,219444,184980,2222240,6442.638,540.053,0,220.022,0,21.002,1216,1864,0.310,1.280,1.330,0,0,0,0,0,18,303,0,15,0
22-04 18:58:19,2.999,1.000,92.977,2.000,0,5381556,219444,184984,2222248,9466.681,539.868,0,391.904,0,50.988,1867,2889,0.290,1.260,1.320,0,0,1.000,0,0,18,303,0,15,0
22-04 18:58:20,1.250,0.750,96.494,0.250,0,5381780,219220,184984,2222248,5970.611,539.965,0,683.955,0,126.992,1251,1859,0.290,1.260,1.320,0,0,0,0,0,18,303,0,15,0
22-04 18:58:21,2.255,1.754,94.709,0.251,0,5382820,218176,184984,2222252,11931.354,541.195,0,224.496,0,35.077,1515,1717,0.290,1.260,1.320,2,0,31.069,0,0,18,303,0,15,0
22-04 18:58:22,7.487,18.967,71.626,0.499,0,5389120,211844,184984,2222284,6181.319,1102.096,0,555.041,0,38.933,6137,5397,0.290,1.260,1.320,0,0,424.267,0,0,18,304,0,15,0
22-04 18:58:23,16.746,5.749,74.734,1.250,0,5428420,172336,184984,2222492,17376.222,1627.646,239.948,403.912,13.997,25.994,2866,2774,0.290,1.260,1.320,1,0,37.992,0,0,18,303,0,17,0
22-04 18:58:24,24.094,3.765,71.026,1.004,0,5477948,122720,184988,2222576,9662.566,487.897,16.062,485.889,1.004,12.047,2452,2232,0.340,1.250,1.320,1,0,2.008,0,0,18,305,0,17,0
22-04 18:58:25,22.750,2.500,72.501,1.250,0,5456744,169572,185168,2197228,8811.152,540.009,36.001,0,6.000,0,2167,1810,0.340,1.250,1.320,1,0,3.000,0,0,18,305,0,17,0
22-04 18:58:26,22.499,3.750,71.246,1.250,0,5503724,122476,185168,2197344,10041.377,539.967,4.000,1559.903,1.000,166.990,2959,3266,0.340,1.250,1.320,2,1,0,0,0,18,306,0,17,0
22-04 18:58:27,23.153,4.232,66.223,4.481,0,5506340,119452,185176,2197748,8578.182,579.580,55.767,2397.987,5.975,190.206,6671,9918,0.340,1.250,1.320,1,0,0,0,0,18,309,0,18,0
22-04 18:58:28,23.006,3.751,64.766,7.252,0,5525628,120960,185176,2177852,11557.908,3135.789,996.251,1112.280,64.016,150.038,4585,6380,0.340,1.250,1.320,1,0,1.000,0,0,18,315,0,20,0
22-04 18:58:29,15.742,2.749,72.461,6.247,0,5524808,139928,185096,2160712,14580.167,3379.185,207.888,1371.263,11.994,195.895,4967,7499,0.400,1.250,1.320,0,0,1.999,0,0,18,313,0,21,0
22-04 18:58:30,8.005,1.501,82.049,7.004,0,5526884,137832,185096,2160732,14461.640,2884.724,16.010,4054.422,1.001,251.150,2979,4481,0.400,1.250,1.320,1,2,1.001,0,0,18,313,0,22,0
22-04 18:58:31,9.263,2.754,84.365,2.253,0,5532016,132428,185096,2161004,9500.951,2754.755,64.087,997.359,4.005,105.143,4169,6575,0.400,1.250,1.320,1,0,2.003,0,0,18,313,0,9,0
22-04 18:58:32,16.230,2.996,77.403,2.747,0,5530820,133420,185096,2161208,29655.005,9520.123,127.841,1721.852,7.990,86.892,4335,5759,0.400,1.250,1.320,1,1,1.998,0,0,18,314,0,10,0
22-04 18:58:33,25.511,4.002,60.777,7.003,0.250,5531844,131908,185096,2161680,28179.611,9590.292,32.014,3109.392,1.000,320.143,7665,11984,0.400,1.250,1.320,1,0,2.001,0,0,18,316,0,13,0
22-04 18:58:34,22.296,4.760,65.385,5.511,0,5534468,129164,185096,2161800,7070.620,541.119,16.033,1895.920,1.002,221.458,7473,11024,0.450,1.250,1.310,3,3,0,0,0,18,315,0,16,0
22-04 18:58:35,4.483,1.245,86.928,5.978,0,5534248,129164,185096,2162020,13857.692,3248.971,0,1080.001,0,97.638,2159,3256,0.450,1.250,1.310,1,0,0,0,0,18,315,1,15,0
22-04 18:58:36,12.763,1.752,73.324,10.260,0,5534632,128716,185096,2162084,31010.140,12007.057,0,5413.436,0,575.578,3830,4732,0.450,1.250,1.310,1,0,0,0,0,18,315,0,15,0
22-04 18:58:37,13.283,3.509,70.925,10.777,0,5534796,128464,185100,2162168,9812.203,541.335,16.040,2510.192,1.002,237.586,5468,8433,0.450,1.250,1.310,4,1,0,0,0,18,316,0,15,0
22-04 18:58:38,20.005,4.251,58.014,16.004,0,5535512,127456,185104,2162456,7847.835,540.126,0,8125.900,0,528.123,7049,11266,0.450,1.250,1.310,1,0,0,0,0,18,316,0,16,0
22-04 18:58:39,15.704,3.240,69.794,8.724,0,5536016,126700,185108,2162704,9287.595,3248.415,0,2676.104,0,274.191,5601,8770,0.490,1.240,1.310,0,1,0.997,0,0,18,315,0,18,0
22-04 18:58:40,10.252,2.250,81.262,5.001,0,5536256,126448,185108,2162716,10458.598,626.096,0,1260.193,0,146.022,3472,5281,0.490,1.240,1.310,1,0,0,0,0,18,316,0,19,0
22-04 18:58:41,5.764,1.754,85.953,5.262,0,5536416,126196,185108,2162808,13298.412,3125.382,0,890.103,0,79.187,2463,3597,0.490,1.240,1.310,1,0,0,0,0,18,316,0,19,0
22-04 18:58:42,8.468,2.740,73.724,13.699,0,5533684,128732,185108,2163004,12512.227,3244.870,0,4941.527,0,656.546,3655,4768,0.490,1.240,1.310,0,0,5.978,0,0,18,315,0,21,0
22-04 18:58:43,22.781,4.756,65.588,5.007,0,5550796,139068,185072,2136872,17978.091,5124.867,148.199,1173.573,8.011,122.164,5461,13911,0.490,1.240,1.310,1,0,36.048,0,0,18,316,0,24,0
22-04 18:58:44,14.557,2.008,80.313,1.757,0,5550000,139688,185072,2137048,49714.880,20741.890,0,1280.996,0,137.536,3762,4612,0.530,1.240,1.310,0,0,0,0,0,18,316,0,23,0
22-04 18:58:45,7.483,1.995,82.059,6.984,0,5548440,141216,185072,2137080,26191.882,7778.848,0,4876.621,0,311.274,2939,4175,0.530,1.240,1.310,2,1,0,0,0,18,316,0,23,0
22-04 18:58:46,9.732,0.998,83.592,3.992,0,5547060,142556,185072,2137120,27774.534,11906.509,0,1113.896,0,110.791,2733,3852,0.530,1.240,1.310,0,0,0,0,0,18,315,0,23,0
22-04 18:58:47,21.350,4.521,66.812,5.777,0,5546404,142932,185072,2137400,5796.083,488.282,0,2246.497,0,269.258,7502,11319,0.530,1.240,1.310,1,0,0,0,0,18,316,0,23,0
22-04 18:58:48,23.891,3.982,66.945,3.484,0,5547540,141628,185072,2137568,9639.048,537.549,0,2775.345,0,199.092,8005,11959,0.530,1.240,1.310,3,0,0,0,0,18,316,0,24,0
22-04 18:58:49,22.342,4.770,64.517,6.276,0.251,5548380,140368,185072,2137988,11921.315,542.243,0,2831.714,0,304.259,7840,12488,0.890,1.300,1.330,1,0,1.004,0,0,18,316,0,27,0
22-04 18:58:50,14.188,2.987,74.673,6.969,0,5548912,139612,185076,2138208,8821.360,579.462,0,1493.458,0,132.420,5416,8077,0.890,1.300,1.330,0,0,0.996,0,0,18,317,0,28,0
22-04 18:58:51,4.001,1.250,93.273,0.500,0,5548888,139612,185076,2138232,9327.331,540.135,0,1552.388,0,128.032,1844,2264,0.890,1.300,1.330,0,0,1.000,0,0,18,318,0,28,0
22-04 18:58:52,3.501,0.750,93.779,0.250,0,5549340,139108,185076,2138284,10286.201,680.212,0,512.159,0,32.010,1635,1959,0.890,1.300,1.330,0,0,0,0,0,18,318,0,28,0
22-04 18:58:53,16.775,3.505,70.854,7.010,0,5549524,138884,185076,2138324,6405.381,634.930,0,1758.576,0,217.318,5674,8734,0.890,1.300,1.330,1,1,1.001,0,0,18,318,0,28,0
22-04 18:58:54,20.446,3.989,60.590,12.716,0,5549196,138884,185076,2138652,5133.465,538.580,0,5525.432,0,480.733,7265,11957,0.980,1.310,1.330,1,1,0,0,0,18,318,0,28,0
22-04 18:58:55,21.275,4.005,64.577,9.011,0,5551144,136616,185076,2138972,3287.907,486.578,96.114,4405.235,6.007,306.364,7237,11035,0.980,1.310,1.330,0,1,0,0,0,18,318,0,28,0
22-04 18:58:56,7.992,1.498,82.163,6.993,0,5553148,134348,185080,2139232,12316.993,539.430,191.797,2581.274,9.989,158.832,2647,3900,0.980,1.310,1.330,0,0,0,0,0,18,317,0,28,0
22-04 18:58:57,12.262,2.502,76.576,6.506,0,5555836,131576,185080,2139316,10160.034,3290.250,0,5577.509,0,200.198,3842,5784,0.980,1.310,1.330,0,0,2.002,0,0,18,317,0,33,0
22-04 18:58:58,5.250,0.750,78.756,13.251,0,5556404,130848,185080,2139476,9793.727,540.040,80.006,7020.521,5.000,849.063,2742,3322,0.980,1.310,1.330,2,1,0,0,0,18,318,0,34,0
22-04 18:58:59,6.995,1.499,85.685,4.497,0,5560356,126816,185080,2139556,11705.103,3184.579,95.927,1139.134,4.996,130.901,2691,3982,0.900,1.290,1.330,1,0,0.999,0,0,18,317,0,34,0
22-04 18:59:00,8.006,2.252,84.060,4.253,0,5560668,126312,185080,2139748,11362.112,540.386,16.011,840.600,1.001,82.059,2938,4004,0.900,1.290,1.330,0,1,0,0,0,18,318,0,34,0
22-04 18:59:01,8.735,1.747,80.611,7.986,0,5563268,123540,185080,2139920,10494.950,3097.672,0,3342.252,0,243.581,2987,4701,0.900,1.290,1.330,0,1,0,0,0,18,317,0,38,0
22-04 18:59:02,16.026,2.504,71.866,7.011,0,5560668,169752,185080,2097056,26217.380,11587.731,0,3337.395,0,285.461,4472,6371,0.900,1.290,1.330,0,0,0,0,0,18,318,0,43,0
22-04 18:59:03,8.249,1.500,85.239,3.250,0,5559356,171004,185084,2097112,15015.995,2990.601,47.994,1035.862,2.000,122.984,3246,4704,0.900,1.290,1.330,0,0,0,0,0,18,317,0,44,0
22-04 18:59:04,10.505,1.751,85.292,2.251,0,5560108,170168,185084,2097196,11275.567,2752.359,0,876.433,0,87.043,2755,4053,0.830,1.270,1.320,3,0,0,0,0,18,317,0,47,0
22-04 18:59:05,9.257,1.501,85.316,2.502,0,5559868,170168,185084,2097436,24093.516,9659.423,48.037,1365.049,3.002,142.109,2771,3874,0.830,1.270,1.320,1,0,0,0,0,18,318,0,47,0
22-04 18:59:06,5.741,1.498,88.117,2.247,0,5559748,170168,185084,2097556,8671.920,539.187,0,1270.084,0,131.801,2959,4521,0.830,1.270,1.320,0,0,0,0,0,18,317,0,48,0
22-04 18:59:07,12.748,2.000,79.240,5.499,0,5560908,168908,185084,2097656,10897.564,3418.549,0,1711.774,0,199.974,3941,6049,0.830,1.270,1.320,0,0,0,0,0,18,317,0,51,0
22-04 18:59:08,11.021,2.505,77.895,7.013,0,5561224,168404,185084,2097844,14863.688,3117.808,0,5494.235,0,377.704,3714,5861,0.830,1.270,1.320,4,0,0,0,0,18,318,0,55,0
22-04 18:59:09,6.994,1.249,87.421,2.248,0,5561436,168152,185084,2097884,12726.477,659.403,0,2178.028,0,163.852,2857,4147,0.760,1.250,1.310,1,1,0.999,0,0,18,317,0,56,0
22-04 18:59:10,1.748,0.999,95.118,1.498,0,5561420,168152,185084,2097900,4744.411,539.251,0,367.490,0,32.954,1413,2172,0.760,1.250,1.310,1,0,0,0,0,18,318,0,56,0
22-04 18:59:11,4.753,0.751,90.566,1.751,0,5561400,168152,185084,2097920,9248.716,540.392,0,536.389,0,55.040,1954,2805,0.760,1.250,1.310,0,0,0,0,0,18,317,0,56,0
22-04 18:59:12,5.249,1.250,91.735,1.750,0,5561632,167900,185084,2097940,9495.426,539.911,0,511.915,0,50.992,1954,2798,0.760,1.250,1.310,0,0,0,0,0,18,317,0,56,0
22-04 18:59:13,4.500,1.000,89.005,3.750,0,5561608,167900,185084,2097964,4882.265,540.029,0,552.030,0,59.003,1889,2809,0.760,1.250,1.310,0,0,0,0,0,18,317,0,57,0
22-04 18:59:14,11.000,2.500,81.000,4.750,0,5561892,167396,185084,2098184,19380.957,5873.987,0,1439.997,0,180.000,3704,5380,0.700,1.220,1.300,0,0,0,0,0,18,317,0,60,0
22-04 18:59:15,9.541,1.255,84.863,2.260,0,5561828,167396,185084,2098248,18431.862,5049.605,0,895.833,0,93.400,3035,4243,0.700,1.220,1.300,0,1,0,0,0,18,317,0,63,0
22-04 18:59:16,7.229,1.745,86.742,3.490,0,5562108,166920,185084,2098444,9285.388,538.399,0,905.308,0,114.659,2771,4010,0.700,1.220,1.300,1,0,0,0,0,18,318,0,66,0
22-04 18:59:17,14.727,1.498,75.881,6.240,0,5564756,164176,185084,2098540,34360.960,14129.778,0,1645.412,0,182.713,3959,5698,0.700,1.220,1.300,0,0,0,0,0,18,317,0,67,0
22-04 18:59:18,9.751,2.000,81.258,5.000,0,5564324,164468,185084,2098680,6101.601,540.053,0,1428.141,0,149.015,3832,5503,0.700,1.220,1.300,0,0,0,0,0,18,317,0,67,0
22-04 18:59:19,7.504,2.001,66.038,22.013,0,5563932,164760,185084,2098780,11690.679,540.309,16.009,8696.969,1.001,940.537,4079,5807,0.640,1.200,1.300,6,0,1.001,0,0,18,318,0,67,1
22-04 18:59:20,7.499,1.750,81.492,7.999,0,5564952,163556,185084,2098964,14004.704,3286.696,0,2907.731,0,204.981,3017,4757,0.640,1.200,1.300,0,0,0,0,0,18,317,0,70,0
22-04 18:59:21,8.496,1.499,86.705,2.499,0,5564704,163624,185084,2099144,15997.765,3186.360,0,791.593,0,99.949,2925,4144,0.640,1.200,1.300,1,0,0,0,0,18,317,0,73,0
22-04 18:59:22,8.500,2.000,85.496,2.250,0,5564876,163400,185084,2099196,13147.406,2750.876,0,751.966,0,97.996,3117,4371,0.640,1.200,1.300,0,0,0,0,0,18,317,0,77,0
22-04 18:59:23,10.736,1.498,79.898,6.242,0,5565536,162656,185084,2099280,13788.356,2929.252,0,1150.528,0,154.802,3237,4615,0.640,1.200,1.300,1,0,0,0,0,18,318,0,79,0
22-04 18:59:24,10.525,2.255,84.705,1.504,0,5565476,162708,185084,2099288,27986.616,9414.746,0,878.122,0,91.220,3465,4756,0.670,1.200,1.290,2,0,0,0,0,18,318,0,79,0
22-04 18:59:25,19.246,4.499,56.987,17.496,0,5565588,162260,185084,2099624,3936.085,539.875,0,7762.196,0,767.822,7316,11165,0.670,1.200,1.290,1,1,0,0,0,18,318,0,77,0
22-04 18:59:26,16.498,3.750,63.494,13.749,0,5565760,162008,185088,2099700,5833.409,539.945,15.998,4467.548,1.000,353.964,6080,9657,0.670,1.200,1.290,0,1,0,0,0,18,318,0,78,0
22-04 18:59:27,19.985,4.497,65.201,8.743,0,5567184,160248,185088,2100036,8916.264,539.592,0,3745.171,0,304.770,6944,10395,0.670,1.200,1.290,0,0,0,0,0,18,317,0,79,0
22-04 18:59:28,2.507,0.752,93.009,2.256,0,5567184,160248,185088,2100036,9667.948,541.509,0,970.706,0,43.120,1472,1998,0.670,1.200,1.290,2,0,0,0,0,18,318,0,79,0
22-04 18:59:29,10.474,1.746,82.293,3.491,0,5568224,158992,185088,2100252,12738.940,3281.741,0,1975.029,0,215.458,4037,6180,0.780,1.210,1.300,0,0,0.997,0,0,18,319,0,79,0
22-04 18:59:30,8.009,1.752,72.833,16.519,0,5568200,158992,185092,2100272,11216.845,3215.683,0,3568.086,0,418.479,3190,4570,0.780,1.210,1.300,0,1,0,0,0,18,319,0,80,0
22-04 18:59:31,10.960,1.993,78.465,6.227,0,5576628,150436,185092,2100400,13901.475,2741.038,0,2570.657,0,290.943,3981,5766,0.780,1.210,1.300,1,1,0.996,0,0,18,319,0,84,0
22-04 18:59:32,7.530,4.016,85.337,2.510,0,5619080,118576,185092,2090304,9404.090,487.924,0,923.643,0,67.265,3517,5462,0.780,1.210,1.300,0,1,2.008,0,0,18,320,0,85,0
22-04 18:59:33,16.224,1.498,75.130,4.243,0,5616168,124304,185092,2087548,47122.580,21007.378,0,1297.923,0,142.771,4118,5226,0.780,1.210,1.300,0,0,1.997,0,0,18,319,0,84,0
22-04 18:59:34,21.234,5.246,60.454,11.741,0,5616056,124052,185092,2087912,4797.383,539.593,47.964,7382.434,1.998,581.562,7990,13214,0.720,1.190,1.290,2,1,1.998,0,0,18,320,0,84,0
22-04 18:59:35,20.767,3.753,63.551,9.758,0,5616988,122792,185092,2088240,9536.581,540.430,0,5216.147,0,396.315,7437,12047,0.720,1.190,1.290,0,1,0,0,0,18,320,0,85,0
22-04 18:59:36,20.587,3.766,68.287,5.774,0,5618000,121532,185092,2088488,6644.957,662.788,32.135,1707.182,1.004,182.769,7056,10563,0.720,1.190,1.290,1,0,0,0,0,18,320,0,88,0
22-04 18:59:37,17.459,3.741,61.606,14.965,0,5617804,121532,185092,2088684,12280.368,538.744,0,2334.557,0,260.393,7731,12880,0.720,1.190,1.290,2,0,0,0,0,18,320,0,84,0
22-04 18:59:38,19.052,4.512,62.671,11.531,0,5617824,121280,185092,2088916,7212.680,661.806,0,4051.053,0,335.917,6985,10935,0.720,1.190,1.290,4,0,0,0,0,18,319,0,84,0
22-04 18:59:39,21.662,3.735,63.244,8.964,0,5618764,120020,185092,2089244,12158.798,657.340,31.871,5625.237,0.996,424.283,7449,11366,0.820,1.210,1.300,1,1,0.996,0,0,18,320,0,85,0
22-04 18:59:40,16.486,4.496,61.948,15.237,0,5618640,120020,185092,2089368,6543.515,485.593,0,1934.378,0,228.808,6250,9715,0.820,1.210,1.300,2,0,0,0,0,18,320,0,86,0
22-04 18:59:41,23.552,4.259,63.892,6.765,0,5619128,119264,185096,2089632,4009.916,583.297,0,2481.517,0,272.606,7487,12005,0.820,1.210,1.300,3,0,0,0,0,18,320,0,85,0
22-04 18:59:42,15.467,4.241,68.356,10.727,0,5620144,125580,185096,2082484,9878.211,580.778,0,2562.607,0,239.496,5834,9203,0.820,1.210,1.300,1,0,5.987,0,0,18,319,0,86,0
22-04 18:59:43,10.999,5.000,79.744,2.750,0,5628272,221452,185092,1980104,5918.545,539.958,31.998,1155.911,1.000,101.992,3772,10840,0.820,1.210,1.300,0,0,35.997,0,0,18,319,0,88,0
22-04 18:59:44,10.751,1.750,79.010,7.501,0,5628364,221248,185092,1980216,23502.866,9917.209,0,1344.164,0,137.017,3105,4202,0.750,1.190,1.290,1,0,0,0,0,18,320,0,88,0
22-04 18:59:45,6.500,2.250,80.750,8.000,0,5628588,220832,185092,1980408,14735.079,3278.017,0,5812.031,0,390.002,3284,5425,0.750,1.190,1.290,0,2,0,0,0,18,319,0,87,0
22-04 18:59:46,16.738,2.498,59.958,19.486,0,5624136,225168,185092,1980524,25244.153,9933.977,15.989,8386.071,0.999,1042.263,5130,6295,0.750,1.190,1.290,1,0,1.999,0,0,18,320,0,91,0
22-04 18:59:47,8.505,1.751,84.302,4.253,0.250,5624356,224920,185092,1980552,21688.506,6961.335,0,800.498,0,77.048,2642,3531,0.750,1.190,1.290,0,0,0,0,0,18,320,0,91,0
22-04 18:59:48,13.797,2.007,80.524,2.509,0,5624168,224920,185092,1980740,17913.876,5517.751,0,1256.269,0,133.454,3942,5390,0.750,1.190,1.290,0,0,0,0,0,18,319,0,94,0
22-04 18:59:49,2.741,0.498,92.210,2.243,0,5624336,224672,185092,1980820,6269.300,538.308,0,701.795,0,64.796,2031,3125,0.690,1.170,1.280,1,0,0.997,0,0,18,320,0,92,0
22-04 18:59:50,10.744,2.499,80.706,5.247,0,5624228,224672,185096,1980924,15326.570,3276.198,0,2638.549,0,204.887,3774,5671,0.690,1.170,1.280,0,0,0,0,0,18,319,0,95,0
22-04 18:59:51,10.999,2.000,80.496,4.250,0,5624016,224672,185096,1981136,11500.477,3276.851,0,1607.927,0,163.993,3490,5299,0.690,1.170,1.280,0,0,0,0,0,18,319,0,99,0
22-04 18:59:52,5.993,1.249,90.648,1.748,0,5624016,224672,185096,1981136,6063.151,539.391,0,1178.669,0,106.879,2253,3188,0.690,1.170,1.280,0,0,0,0,0,18,319,0,100,0
22-04 18:59:53,4.758,1.002,90.395,1.252,0,5623952,224672,185096,1981200,10083.210,582.937,0,905.456,0,95.153,2097,3011,0.690,1.170,1.280,0,1,0,0,0,18,319,0,99,0
22-04 18:59:54,6.023,1.255,92.102,0.753,0,5623952,224672,185096,1981200,9039.593,582.228,0,550.105,0,39.150,2081,2893,0.640,1.150,1.270,1,0,0,0,0,18,320,0,103,0
22-04 18:59:55,14.943,2.241,72.724,8.717,0,5624108,224420,185096,1981296,36737.355,14152.205,0,5714.279,0,424.387,4558,6740,0.640,1.150,1.270,0,1,0,0,0,18,319,0,104,0
22-04 18:59:56,19.839,3.516,67.049,7.282,0,5624048,224168,185100,1981604,4572.399,542.420,16.072,3435.326,1.004,356.591,7098,11245,0.640,1.150,1.270,0,1,0,0,0,18,320,0,105,0
22-04 18:59:57,23.882,4.229,65.677,4.229,0,5624280,223664,185100,1981876,3718.702,607.013,0,2432.033,0,276.639,8166,12358,0.640,1.150,1.270,2,0,1.990,0,0,18,320,0,101,0
22-04 18:59:58,14.999,3.000,75.495,4.750,0,5624132,223664,185100,1982024,11809.217,539.964,0,1739.885,0,175.988,5567,8367,0.640,1.150,1.270,0,0,0,0,0,18,319,0,101,0
22-04 18:59:59,9.747,2.499,77.974,8.497,0,5623924,223664,185100,1982232,13287.539,539.819,0,1607.460,0,169.943,3663,5419,0.590,1.130,1.270,1,0,1.000,0,0,18,320,0,104,0
22-04 19:00:00,5.255,0.751,87.338,4.755,0,5623904,223664,185104,1982248,13435.613,3285.329,0,1117.132,0,106.108,2308,3605,0.590,1.130,1.270,1,0,0,0,0,18,320,0,105,0
22-04 19:00:01,9.992,3.247,76.939,8.493,0,5624100,223412,185104,1982304,8621.152,539.571,0,4208.657,0,275.781,3705,5622,0.590,1.130,1.270,3,2,0,0,0,18,320,0,106,0
22-04 19:00:02,6.993,1.498,71.925,17.482,0,5624648,222824,185104,1982344,25173.619,7779.847,0,8463.131,0,926.030,3302,3767,0.590,1.130,1.270,0,0,1.998,0,0,18,319,0,105,0
22-04 19:00:03,8.761,1.502,85.355,3.254,0,5624476,222824,185108,1982512,9927.228,2580.178,0,1341.653,0,86.106,2683,3820,0.590,1.130,1.270,0,0,0,0,0,18,320,0,109,0
22-04 19:00:04,12.755,2.251,79.780,3.501,0,5626196,221060,185108,1982556,30717.628,13137.973,0,1860.704,0,162.061,3462,5112,0.540,1.110,1.260,1,0,0,0,0,18,322,0,111,0
22-04 19:00:05,5.250,1.250,92.501,0.250,0,5628424,218792,185108,1982596,14967.106,5931.042,0,436.003,0,25.000,1519,1961,0.540,1.110,1.260,0,0,0,0,0,18,321,0,113,0
22-04 19:00:06,10.772,1.503,78.658,6.513,0,5628140,219056,185108,1982616,30099.443,9978.037,0,1270.551,0,154.310,3306,4820,0.540,1.110,1.260,2,0,0,0,0,18,321,0,103,0
22-04 19:00:07,20.710,4.741,62.877,10.230,0,5628212,218804,185108,1982796,8748.946,778.483,0,3101.953,0,348.321,7233,12049,0.540,1.110,1.260,2,0,0,0,0,18,320,0,105,0
22-04 19:00:08,19.992,4.498,61.475,10.496,0,5628576,218100,185108,1983136,8916.440,539.784,0,6521.396,0,471.812,7488,11844,0.540,1.110,1.260,1,1,0,0,0,18,320,0,105,0
22-04 19:00:09,16.500,4.000,71.501,6.750,0,5629328,217096,185108,1983388,9150.191,486.010,0,2536.053,0,255.005,6114,9654,0.660,1.120,1.260,0,0,1.000,0,0,18,319,0,107,0
22-04 19:00:10,9.045,1.759,85.430,2.764,0,5629292,217096,185108,1983424,13303.904,2539.772,0,1238.227,0,124.627,3311,4945,0.660,1.120,1.260,0,0,0,0,0,18,320,0,101,0
22-04 19:00:11,6.981,1.745,88.515,2.493,0,5630092,216092,185108,1983628,26418.736,7578.843,3.989,682.186,0.997,46.875,1984,2468,0.660,1.120,1.260,1,1,1.995,0,0,18,320,0,101,0
22-04 19:00:12,22.718,4.743,62.910,6.990,0,5629864,216092,185112,1983852,5550.096,539.232,39.943,4126.124,4.993,439.374,8211,13634,0.660,1.120,1.260,2,0,1.997,0,0,18,320,0,102,0
22-04 19:00:13,22.487,4.497,65.712,5.996,0,5630612,214844,185112,1984336,11410.338,539.685,0,2866.326,0,256.850,7771,11669,0.660,1.120,1.260,1,0,0,0,0,18,320,0,103,0
22-04 19:00:14,16.241,3.998,65.715,11.494,0,5630444,214592,185112,1984756,12279.429,3305.231,0,5636.983,0,426.772,6033,9329,0.680,1.120,1.260,0,1,0,0,0,18,319,0,104,0
22-04 19:00:15,10.779,2.256,81.219,4.763,0,5631200,213836,185112,1984756,7720.779,681.835,0,2161.818,0,212.572,3517,5251,0.680,1.120,1.260,1,0,0,0,0,18,320,0,106,0
22-04 19:00:16,4.492,0.998,87.337,5.739,0,5631092,213836,185112,1984864,13907.013,3161.093,0,1876.494,0,118.778,2093,3060,0.680,1.120,1.260,3,0,0,0,0,18,319,0,106,0
22-04 19:00:17,10.743,2.248,79.446,5.746,0,5630548,214236,185112,1985008,9494.530,3249.785,0,4261.096,0,594.595,3997,5467,0.680,1.120,1.260,0,0,0,0,0,18,319,0,107,0
22-04 19:00:18,12.506,3.251,75.784,7.003,0,5638316,206112,185112,1985364,14237.438,3308.496,0,4309.949,0,269.122,4266,5883,0.680,1.120,1.260,0,0,0,0,0,18,319,0,98,0
22-04 19:00:19,10.253,1.500,85.273,1.750,0.250,5638312,206112,185112,1985368,11299.081,540.147,0,1132.309,0,103.028,3340,4718,0.630,1.100,1.260,2,0,1.000,0,0,18,320,0,98,0
22-04 19:00:20,9.246,1.499,85.214,2.249,0,5638192,206112,185112,1985488,27918.166,11792.001,0,1427.395,0,141.940,2853,4198,0.630,1.100,1.260,1,0,0,0,0,18,319,0,98,0
22-04 19:00:21,12.751,2.000,76.756,7.001,0,5638136,206112,185112,1985544,33278.647,12061.959,0,1596.127,0,146.012,3664,5045,0.630,1.100,1.260,1,0,0,0,0,18,319,0,99,0
22-04 19:00:22,13.002,2.250,81.260,2.750,0,5638320,205860,185116,1985608,33214.044,11798.436,0,1348.164,0,136.017,3643,4854,0.630,1.100,1.260,1,0,0,0,0,18,319,0,89,0
22-04 19:00:23,6.748,1.500,73.477,16.245,0,5638512,205636,185116,1985640,6074.083,539.830,0,6046.092,0,760.760,3359,4322,0.630,1.100,1.260,0,2,0,0,0,18,319,0,90,0
22-04 19:00:24,13.011,2.252,72.062,10.259,0,5638452,205636,185116,1985700,34775.887,11849.183,0,4768.098,0,362.311,4024,5807,0.740,1.120,1.260,3,0,0,0,0,18,320,0,90,0
22-04 19:00:25,20.487,4.747,61.211,10.993,0,5638284,205636,185116,1985868,6405.937,485.692,0,2966.119,0,340.784,7473,11893,0.740,1.120,1.260,0,1,0,0,0,18,320,0,90,0
22-04 19:00:26,21.852,4.019,67.063,5.777,0,5638108,205384,185116,1986296,11773.941,542.532,0,2065.639,0,193.905,6895,10405,0.740,1.120,1.260,4,0,0,0,0,18,320,0,89,0
22-04 19:00:27,22.750,3.250,64.749,7.500,0,5638720,204376,185116,1986692,8483.906,539.994,95.999,2639.971,5.000,264.997,7499,11166,0.740,1.120,1.260,4,1,0,0,0,18,320,0,93,0
22-04 19:00:28,18.457,4.988,62.355,13.219,0,5646552,196196,185116,1987040,3976.760,538.748,0,4457.643,0,373.133,7148,11078,0.740,1.120,1.260,0,2,0,0,0,18,320,0,94,0
22-04 19:00:29,21.948,3.741,58.611,12.969,0,5640312,202360,185120,1987112,10906.177,538.724,0,5925.969,0,519.769,8049,12463,1,1.170,1.270,2,0,0.998,0,0,18,320,0,94,0
22-04 19:00:30,20.490,4.498,65.967,6.497,0,5641644,200700,185120,1987440,6903.574,539.732,0,2082.966,0,182.909,7329,11157,1,1.170,1.270,1,0,0,0,0,18,320,0,88,0
22-04 19:00:31,7.501,2.000,79.255,9.251,0,5641948,200196,185120,1987640,13576.923,3264.222,0,2312.157,0,232.016,3325,5358,1,1.170,1.270,0,0,0,0,0,18,319,0,90,0
22-04 19:00:32,8.248,1.500,82.476,6.998,0,5641888,200196,185120,1987700,10544.985,3149.100,0,1559.554,0,153.956,2845,4181,1,1.170,1.270,0,0,0,0,0,18,319,0,90,0
22-04 19:00:33,15.043,1.504,72.455,8.524,0,5642200,199704,185120,1987880,34106.457,12548.489,0,2551.215,0,177.502,4253,5760,1,1.170,1.270,0,0,1.003,0,0,18,319,0,90,0
22-04 19:00:34,7.486,3.244,76.355,10.979,0,5637016,204688,185120,1988088,8436.985,678.712,0,7262.215,0,847.392,4488,6238,0.920,1.150,1.270,1,0,1.996,0,0,18,320,0,82,0
22-04 19:00:35,5.250,1.750,84.245,6.750,0,5637216,204464,185120,1988112,8584.446,2610.832,0,3247.790,0,230.985,2641,3996,0.920,1.150,1.270,0,1,2.000,0,0,18,320,0,84,0
22-04 19:00:36,9.495,2.249,76.713,9.995,0,5636820,204720,185120,1988252,8830.727,3202.450,0,3534.290,0,258.875,3486,5278,0.920,1.150,1.270,0,0,1.000,0,0,18,319,0,84,0
22-04 19:00:37,7.251,1.500,89.508,0.750,0,5637252,204244,185120,1988296,14687.350,2751.253,0,996.092,0,86.008,2610,3560,0.920,1.150,1.270,0,0,0,0,0,18,319,0,84,0
22-04 19:00:38,8.497,1.749,84.970,3.499,0,5637368,203992,185120,1988432,13827.169,3201.881,0,1103.614,0,118.958,3194,4460,0.920,1.150,1.270,0,0,0,0,0,18,319,0,81,0
22-04 19:00:39,7.537,1.005,87.928,2.010,0,5637256,203992,185120,1988544,14417.117,2764.445,0,1113.415,0,92.450,2626,3750,0.850,1.130,1.260,1,1,1.005,0,0,18,319,0,81,0
22-04 19:00:40,4.482,1.245,90.634,1.245,0,5637248,203992,185120,1988552,8613.191,484.044,0,1103.540,0,115.533,2371,3695,0.850,1.130,1.260,0,1,0,0,0,18,320,0,82,0
22-04 19:00:41,4.747,1.249,89.947,2.998,0,5637180,203992,185120,1988620,13028.320,3201.113,0,1095.354,0,116.931,2353,3470,0.850,1.130,1.260,0,0,0,0,0,18,319,0,82,0
22-04 19:00:42,7.499,2.250,84.986,3.749,0,5638156,202988,185120,1988680,12158.946,2750.535,0,1127.809,0,100.983,2816,3930,0.850,1.130,1.260,0,0,5.999,0,0,18,319,0,76,0
22-04 19:00:43,14.004,3.001,77.772,3.251,0,5653300,187556,185120,1988952,7826.176,2751.765,32.009,1836.511,1.000,166.046,4509,16426,0.850,1.130,1.260,0,0,36.010,0,0,18,319,0,79,0
22-04 19:00:44,14.000,2.000,79.251,4.000,0,5653720,187080,185120,1989008,36148.277,16214.124,0,1180.009,0,123.001,3430,4454,0.780,1.110,1.250,1,0,0,0,0,18,320,0,80,0
22-04 19:00:45,12.256,2.751,81.042,2.501,0,5639644,201152,185120,1989040,20397.530,5369.772,0,1728.893,0,147.076,4489,6712,0.780,1.110,1.250,2,1,1.001,0,0,18,320,0,80,0
22-04 19:00:46,19.019,4.004,60.059,14.514,0,5639580,200912,185124,1989324,6402.263,540.529,0,3579.502,0,376.368,6998,11245,0.780,1.110,1.250,1,2,1.001,0,0,18,320,0,80,0
22-04 19:00:47,18.009,4.252,63.533,11.756,0,5638936,201432,185124,1989448,9304.838,626.326,0,7319.806,0,486.253,7325,11992,0.780,1.110,1.250,1,0,0,0,0,18,320,0,71,0
22-04 19:00:48,12.719,2.743,76.815,5.487,0,5639188,200928,185124,1989700,7851.063,538.701,15.962,1967.255,0.998,213.485,4812,7602,0.780,1.110,1.250,0,0,0,0,0,18,319,0,72,0
22-04 19:00:49,11.261,2.753,77.827,6.256,0,5639100,200928,185124,1989788,9123.039,540.536,0,1645.631,0,178.177,4370,6414,0.720,1.090,1.250,2,1,1.001,0,0,18,320,0,72,0
22-04 19:00:50,5.246,1.249,85.191,6.496,0,5639420,200424,185128,1989968,8662.006,539.627,0,1810.747,0,170.882,2771,4536,0.720,1.090,1.250,0,0,0,0,0,18,319,0,73,0
22-04 19:00:51,16.757,3.752,65.778,11.755,0,5639296,200424,185128,1990092,4182.803,540.233,0,5874.533,0,434.187,6106,9644,0.720,1.090,1.250,0,1,0,0,0,18,320,0,67,0
22-04 19:00:52,20.758,4.752,63.524,9.504,0,5639300,200172,185132,1990336,5713.196,540.208,0,3829.472,0,398.153,7610,12019,0.720,1.090,1.250,2,0,0,0,0,18,320,0,67,0
22-04 19:00:53,23.736,4.997,66.960,2.748,0,5639928,199240,185132,1990640,9809.084,581.649,0,2482.503,0,183.889,7749,11570,0.720,1.090,1.250,3,0,0.999,0,0,18,320,0,70,0
22-04 19:00:54,21.000,4.250,61.499,10.000,0,5639592,199296,185136,1990916,6028.912,633.991,0,2979.957,0,356.995,7634,12361,0.740,1.090,1.250,1,0,0,0,0,18,320,0,71,0
22-04 19:00:55,19.849,3.769,59.798,15.326,0,5639324,199444,185136,1991036,8576.775,488.436,0,6387.858,0,814.060,7427,10372,0.740,1.090,1.250,1,0,0,0,0,18,320,0,61,0
22-04 19:00:56,10.698,4.727,64.186,18.410,0,5635540,195784,185136,1998480,6271.335,537.372,0,9250.766,0,898.606,4845,6631,0.740,1.090,1.250,0,1,1.990,0,0,18,320,0,62,0
22-04 19:00:57,15.011,3.252,72.301,7.505,0,5635540,195560,185136,1998704,9533.767,540.384,4.003,3502.486,1.001,277.197,5450,8666,0.740,1.090,1.250,1,0,2.001,0,0,18,320,0,63,0
22-04 19:00:58,20.579,4.517,63.996,9.537,0,5636288,194556,185140,1998956,7123.336,542.080,0,2838.894,0,328.260,7480,12149,0.740,1.090,1.250,1,0,0,0,0,18,320,0,64,0
22-04 19:00:59,20.752,4.501,66.508,5.751,0,5638228,192292,185140,1999280,6034.714,540.064,0,2236.265,0,247.029,7727,11646,0.760,1.090,1.240,0,1,1.000,0,0,18,320,0,64,0
22-04 19:01:00,19.181,3.986,63.022,11.708,0,5638404,192040,185140,1999356,10836.775,538.052,0,3559.117,0,362.687,7708,11989,0.760,1.090,1.240,1,0,0,0,0,18,320,0,65,0
22-04 19:01:01,19.230,3.496,61.435,14.485,0,5638104,192040,185140,1999656,5943.714,539.429,0,3748.036,0,357.622,6391,10628,0.760,1.090,1.240,0,1,0,0,0,18,320,0,65,0
22-04 19:01:02,20.093,4.270,61.033,12.307,0,5646960,182940,185144,1999896,5106.700,488.266,0,7024.601,0,471.187,7504,12138,0.760,1.090,1.240,1,1,0,0,0,18,320,0,65,0
22-04 19:01:03,21.407,3.236,64.720,8.712,0,5646824,182784,185144,2000188,11049.209,537.674,0,2357.802,0,195.156,6686,10060,0.760,1.090,1.240,1,1,0,0,0,18,320,0,54,0
22-04 19:01:04,8.238,1.747,82.379,4.993,0,5647348,182056,185144,2000392,13513.229,3264.224,0,1933.172,0,199.708,3502,5531,0.860,1.100,1.250,0,0,0,0,0,18,319,0,56,0
22-04 19:01:05,12.523,2.004,78.892,6.011,0,5647292,182056,185144,2000448,33420.147,11884.389,0,1815.267,0,129.233,3570,5017,0.860,1.100,1.250,1,0,0,0,0,18,319,0,56,0
22-04 19:01:06,9.493,2.498,83.190,3.248,0,5647752,181552,185144,2000492,10965.112,3266.650,0,1402.991,0,164.881,3484,5378,0.860,1.100,1.250,0,0,0,0,0,18,319,0,58,0
22-04 19:01:07,9.027,1.504,85.502,2.758,0,5647776,181300,185144,2000720,3762.107,541.599,16.047,1400.134,1.003,150.444,3334,4968,0.860,1.100,1.250,1,1,0,0,0,18,320,0,52,0
22-04 19:01:08,9.226,1.496,77.047,9.974,0,5647716,181300,185144,2000780,13216.099,2570.213,0,1883.027,0,198.476,3567,5300,0.860,1.100,1.250,1,0,0,0,0,18,320,0,53,0
22-04 19:01:09,10.266,2.254,79.624,6.761,0,5648028,180796,185144,2000972,31549.018,9775.188,0,4454.922,0,307.478,3628,5380,0.870,1.100,1.250,1,1,1.002,0,0,18,320,0,53,0
22-04 19:01:10,16.461,2.993,63.598,13.468,0,5647916,180796,185144,2001084,7517.072,484.844,0,4050.340,0,415.010,6827,11582,0.870,1.100,1.250,4,0,0,0,0,18,320,0,53,0
22-04 19:01:11,13.767,3.254,62.829,18.774,0,5647796,180796,185144,2001204,8924.205,540.679,0,10264.888,0,287.361,5620,8880,0.870,1.100,1.250,1,0,0,0,0,18,320,0,50,0
22-04 19:01:12,22.286,4.007,63.854,8.013,0,5648036,180292,185148,2001464,6917.272,540.881,0,3181.184,0,344.561,7976,12794,0.870,1.100,1.250,2,1,0,0,0,18,320,0,50,0
22-04 19:01:13,18.960,4.241,65.611,9.729,0,5649264,178780,185148,2001748,13931.392,538.855,0,4829.736,0,350.256,7276,11225,0.870,1.100,1.250,0,1,0,0,0,18,320,0,50,0
22-04 19:01:14,7.498,1.750,80.734,7.748,0,5649148,178780,185148,2001864,13032.376,3270.341,15.997,3311.333,1.000,215.957,3218,4911,0.800,1.080,1.240,0,0,0,0,0,18,319,0,51,0
22-04 19:01:15,16.293,2.757,72.693,6.517,0,5650904,176768,185148,2002120,11826.386,2898.693,60.160,1772.705,4.011,186.495,5039,7418,0.800,1.080,1.240,1,0,0,0,0,18,320,0,46,0
22-04 19:01:16,8.003,1.000,82.783,6.753,0,5651080,176544,185152,2002164,32088.628,9515.745,0,4013.579,0,339.133,2861,3759,0.800,1.080,1.240,1,0,0,0,0,18,320,0,46,0
22-04 19:01:17,21.195,4.488,62.587,9.226,0,5651200,176292,185152,2002296,8262.498,484.739,0,3746.251,0,384.001,7744,12101,0.800,1.080,1.240,5,0,0,0,0,18,320,0,47,0
22-04 19:01:18,20.581,4.267,65.007,8.785,0,5651608,175536,185152,2002644,10171.208,542.143,0,2586.224,0,264.044,7320,11470,0.800,1.080,1.240,2,0,0,0,0,18,320,0,48,0
22-04 19:01:19,18.760,3.252,61.031,14.257,0,5652216,174780,185152,2002792,6633.410,540.278,0,3465.782,0,312.160,6732,10359,0.820,1.080,1.240,0,4,1.001,0,0,18,319,0,46,0
22-04 19:01:20,5.960,1.738,76.986,13.410,0,5652308,174528,185152,2002952,13225.647,3299.955,0,5654.227,0,378.472,3957,6964,0.820,1.080,1.240,3,0,0,0,0,18,320,0,46,0
22-04 19:01:21,16.788,2.005,78.929,1.253,0,5652596,174024,185152,2003168,55673.002,23188.481,0,753.706,0,73.166,3425,4124,0.820,1.080,1.240,2,0,0,0,0,18,319,0,47,0
22-04 19:01:22,20.997,1.500,70.491,4.499,0,5652900,173520,185152,2003368,62103.080,30274.139,0,1043.867,0,107.986,4179,5233,0.820,1.080,1.240,0,0,0,0,0,18,320,0,47,0
22-04 19:01:23,13.499,1.500,82.991,1.000,0,5652940,173268,185152,2003580,49937.524,21977.590,0,595.935,0,54.994,2742,3110,0.820,1.080,1.240,1,0,0,0,0,18,319,0,45,0
22-04 19:01:24,10.237,1.997,83.142,3.246,0,5653664,172512,185152,2003612,13379.550,3019.063,0,998.698,0,114.850,3327,4670,0.830,1.080,1.240,1,0,0,0,0,18,320,0,45,0
22-04 19:01:25,10.014,1.752,84.115,2.754,0,5653356,172512,185152,2003920,31949.539,9603.087,0,1189.621,0,129.176,3046,4089,0.830,1.080,1.240,0,1,0,0,0,18,320,0,45,0
22-04 19:01:26,20.591,3.516,62.275,11.300,0,5653684,172008,185152,2004096,11444.550,542.396,0,3885.161,0,397.757,7232,11833,0.830,1.080,1.240,1,1,0,0,0,18,320,0,46,0
22-04 19:01:27,14.936,3.485,61.488,17.426,0,5653724,171756,185152,2004308,10677.523,537.710,0,6309.128,0,528.748,5893,9183,0.830,1.080,1.240,0,1,0,0,0,18,320,0,47,0
22-04 19:01:28,20.991,4.498,63.472,9.746,0,5654612,170748,185152,2004428,9103.987,539.762,31.986,5237.692,1.000,363.840,7401,11407,0.830,1.080,1.240,0,1,0,0,0,18,320,0,43,0
22-04 19:01:29,9.000,1.500,79.251,8.750,0,5654612,170496,185152,2004680,13892.192,3283.045,0,1652.023,0,182.003,3445,5276,0.770,1.060,1.230,0,0,1.000,0,0,18,319,0,44,0
22-04 19:01:30,12.752,2.000,78.765,5.001,0,5654804,170244,185152,2004740,22991.261,9587.777,0,2108.391,0,179.033,3718,5052,0.770,1.060,1.230,0,0,0,0,0,18,319,0,44,0
22-04 19:01:31,12.498,1.250,81.736,3.249,0,5654752,170244,185152,2004792,12794.858,4869.185,0,1183.802,0,116.980,3065,4100,0.770,1.060,1.230,0,0,0,0,0,18,320,0,44,0
22-04 19:01:32,11.289,2.258,79.273,6.021,0,5654828,169992,185152,2004968,27240.962,7625.302,0,1172.043,0,114.395,3779,5056,0.770,1.060,1.230,2,0,0,0,0,18,320,0,41,0
22-04 19:01:33,20.715,4.492,62.645,10.233,0,5646900,177804,185152,2005084,6891.447,485.187,0,4216.931,0,433.274,7607,12280,0.770,1.060,1.230,3,0,0,0,0,18,319,0,41,0
22-04 19:01:34,23.490,4.248,61.724,7.497,0,5648280,176068,185152,2005440,8996.282,539.777,0,4122.296,0,341.859,8616,13039,0.860,1.080,1.230,3,1,1.000,0,0,18,320,0,41,0
22-04 19:01:35,16.234,4.745,66.433,10.240,0,5653560,170340,185156,2005884,11105.757,3263.696,0,6889.026,0,472.522,6440,10988,0.860,1.080,1.230,0,0,1.998,0,0,18,319,0,44,0
22-04 19:01:36,11.488,1.748,83.664,2.248,0,5653536,170340,185156,2005908,19201.318,5112.759,0,1402.562,0,100.897,3196,4401,0.860,1.080,1.230,1,0,1.998,0,0,18,320,0,45,0
22-04 19:01:37,11.550,2.009,81.856,3.515,0,5653288,170340,185156,2006156,18198.186,7250.550,0,1185.157,0,121.529,3831,5685,0.860,1.080,1.230,1,1,1.004,0,0,18,320,0,45,0
22-04 19:01:38,20.513,4.253,62.791,11.257,0,5653216,170340,185156,2006228,5594.629,540.350,0,3486.261,0,384.249,7215,11243,0.860,1.080,1.230,2,0,0,0,0,18,320,0,45,0
22-04 19:01:39,21.656,3.983,66.709,4.978,0,5653364,169840,185156,2006580,9892.883,537.657,0,2369.672,0,240.950,7565,11993,0.960,1.090,1.240,2,0,0.996,0,0,18,319,0,45,0
22-04 19:01:40,22.502,4.250,63.256,7.501,0,5653132,169840,185156,2006812,10098.949,540.051,0,2676.252,0,313.029,7598,11881,0.960,1.090,1.240,5,0,0,0,0,18,320,0,44,0
22-04 19:01:41,23.514,4.503,62.286,8.005,0,5653072,169588,185160,2007120,8018.646,486.282,0,5355.103,0,463.268,8353,13079,0.960,1.090,1.240,2,1,0,0,0,18,320,0,45,0
22-04 19:01:42,16.240,4.997,59.713,16.740,0,5653552,168860,185160,2007368,12578.163,539.664,0,7699.203,0,439.726,6378,9564,0.960,1.090,1.240,0,1,5.996,0,0,18,320,0,45,0
22-04 19:01:43,11.754,4.252,78.029,5.002,0,5660200,162112,185164,2007436,14469.460,3413.288,0,2528.954,0,197.074,3803,11140,0.960,1.090,1.240,0,0,36.014,0,0,18,319,0,47,0
22-04 19:01:44,12.247,1.750,77.984,5.999,0,5660400,161860,185164,2007488,33147.149,12263.465,0,3351.307,0,166.965,3628,4939,1.120,1.120,1.250,1,0,0,0,0,18,319,0,44,0
22-04 19:01:45,13.504,1.751,80.776,3.001,0,5660164,161860,185164,2007724,11850.885,2751.902,0,1500.492,0,145.048,3691,5129,1.120,1.120,1.250,0,0,0,0,0,18,319,0,45,0
22-04 19:01:46,5.250,1.250,85.994,6.250,0,5660156,161860,185164,2007732,7977.469,539.964,0,879.941,0,71.995,2141,3029,1.120,1.120,1.250,1,2,0,0,0,18,319,0,46,0
22-04 19:01:47,9.500,1.500,82.750,4.250,0,5660108,161860,185164,2007780,33840.856,11862.950,0,1135.995,0,117.999,3035,4226,1.120,1.120,1.250,1,0,0,0,0,18,320,0,46,0
22-04 19:01:48,19.235,4.497,61.453,12.990,0,5660080,161636,185168,2008028,8480.468,539.584,0,5287.927,0,542.582,7275,11216,1.120,1.120,1.250,0,1,0.999,0,0,18,320,0,44,0
22-04 19:01:49,19.772,4.755,61.069,11.263,0,5659792,161636,185168,2008316,6141.945,486.550,0,4437.017,0,414.469,7430,12099,1.110,1.120,1.250,1,1,1.001,0,0,18,320,0,45,0
22-04 19:01:50,20.497,3.999,62.739,11.748,0,5659700,161636,185168,2008408,14657.498,539.908,0,7330.749,0,493.916,7456,11869,1.110,1.120,1.250,2,0,0,0,0,18,320,0,45,0
22-04 19:01:51,14.460,2.992,69.059,10.970,0,5659648,161384,185168,2008712,13620.362,3434.509,15.956,1767.117,0.997,201.443,5164,7874,1.110,1.120,1.250,0,0,0,0,0,18,319,0,46,0
22-04 19:01:52,8.548,1.508,83.968,5.279,0,5659636,161384,185168,2008724,14878.863,2899.146,0,1049.847,0,88.493,2677,3567,1.110,1.120,1.250,2,1,0,0,0,18,319,0,45,0
22-04 19:01:53,10.465,1.744,81.474,4.485,0,5659548,161384,185168,2008812,26364.627,9595.472,0,1239.797,0,116.605,3124,4258,1.110,1.120,1.250,2,1,0,0,0,18,320,0,45,0
22-04 19:01:54,20.088,4.269,65.035,8.286,0,5659408,161384,185168,2008952,5193.758,636.790,32.141,3366.752,1.004,343.505,7455,11727,1.100,1.120,1.250,0,1,0,0,0,18,320,0,48,0
22-04 19:01:55,21.901,4.480,60.477,10.453,0,5659416,161132,185168,2009196,9019.330,537.576,0,6223.935,0,574.410,8509,13792,1.100,1.120,1.250,0,1,0,0,0,18,320,0,49,0
22-04 19:01:56,21.788,4.508,64.112,7.513,0,5659200,160880,185168,2009664,6937.170,486.854,0,4816.450,0,349.613,7570,11479,1.100,1.120,1.250,2,0,0,0,0,18,321,0,42,0
22-04 19:01:57,12.977,3.244,76.865,5.490,0,5659072,160880,185168,2009792,13560.237,3424.000,31.944,2495.627,0.998,239.580,4541,7022,1.100,1.120,1.250,0,0,1.997,0,0,18,319,0,43,0
22-04 19:01:58,11.502,1.250,81.765,4.251,0,5659136,160628,185168,2009980,28470.082,9479.692,0,1384.247,0,134.024,3166,4475,1.100,1.120,1.250,0,0,0,0,0,18,320,0,43,0
22-04 19:01:59,8.502,1.750,77.520,10.503,0,5659368,160376,185168,2010000,16813.363,2949.766,0,5289.373,0,343.089,3019,4078,1.090,1.120,1.240,0,0,1.000,0,0,18,320,0,43,0
22-04 19:02:00,10.530,1.504,79.478,7.522,0,5659316,160376,185168,2010052,30700.205,10052.883,0,1251.596,0,122.352,3146,4301,1.090,1.120,1.240,1,0,0,0,0,18,320,0,38,0
22-04 19:02:01,22.196,3.741,65.091,6.983,0,5659552,159872,185168,2010320,3813.695,538.686,0,2581.701,0,259.367,6762,9996,1.090,1.120,1.240,1,0,0,0,0,18,320,0,42,0
22-04 19:02:02,21.255,4.501,58.262,13.253,0,5666872,152380,185168,2010492,3514.751,540.115,0,4508.963,0,461.098,7671,12298,1.090,1.120,1.240,1,2,0,0,0,18,320,0,42,0
22-04 19:02:03,20.964,4.991,63.641,8.236,0.250,5666640,152380,185168,2010724,10018.796,539.074,0,6428.960,0,421.277,7968,12195,1.090,1.120,1.240,4,0,0,0,0,18,320,0,43,0
22-04 19:02:04,21.561,4.011,66.437,6.017,0,5666840,151876,185168,2011028,6959.637,487.375,0,2194.191,0,243.688,7355,11106,1.080,1.110,1.240,1,1,0,0,0,18,320,0,43,0
22-04 19:02:05,19.256,4.251,61.269,13.504,0,5667264,151372,185168,2011108,11066.430,540.167,0,3929.218,0,410.127,7326,11687,1.080,1.110,1.240,1,0,0,0,0,18,320,0,43,0
22-04 19:02:06,20.468,3.994,65.898,7.738,0,5667756,150364,185168,2011624,6443.074,539.169,0,2695.847,0,182.719,6912,10495,1.080,1.110,1.240,0,2,0,0,0,18,320,0,46,0
22-04 19:02:07,19.728,3.496,63.929,10.988,0,5667872,150112,185168,2011760,8720.276,539.399,15.982,2689.001,0.999,227.746,6679,9750,1.080,1.110,1.240,4,0,0,0,0,18,320,0,46,0
22-04 19:02:08,15.467,4.490,57.627,20.207,0,5667672,150112,185168,2011960,8054.855,538.853,0,7675.663,0,607.707,6692,10874,1.080,1.110,1.240,1,0,0,0,0,18,320,0,43,0
22-04 19:02:09,23.580,5.268,64.719,4.515,0,5668496,149104,185168,2012144,5293.938,541.836,0,2492.446,0,247.840,7976,12471,1.080,1.110,1.240,1,0,1.003,0,0,18,320,0,45,0
22-04 19:02:10,22.988,3.498,66.215,5.747,0.250,5669208,148096,185168,2012440,3235.279,539.713,0,2454.694,0,250.867,7325,11048,1.080,1.110,1.240,2,0,0,0,0,18,320,0,47,0
22-04 19:02:11,20.076,4.517,61.733,11.795,0,5669500,147592,185168,2012652,10353.103,542.047,0,3509.254,0,404.528,7521,11779,1.080,1.110,1.240,1,0,0,0,0,18,320,0,47,0
22-04 19:02:12,22.604,4.223,64.583,7.203,0,5670412,146332,185168,2013000,10155.438,482.883,0,3882.932,0,291.121,7661,11848,1.080,1.110,1.240,0,1,0,0,0,18,320,0,47,0
22-04 19:02:13,9.522,3.007,76.676,9.271,0,5670604,146080,185168,2013060,13736.549,3275.523,0,6021.831,0,424.976,4248,6678,1.080,1.110,1.240,0,0,0,0,0,18,319,0,46,0
22-04 19:02:14,11.746,2.749,80.225,3.999,0,5670724,145072,185168,2013948,11972.342,3267.002,0,1451.556,0,164.950,3806,5549,0.990,1.090,1.230,0,0,0,0,0,18,319,0,48,0
22-04 19:02:15,10.007,2.001,81.560,5.004,0,5671756,143868,185168,2014120,15803.687,3096.290,0,7033.201,0,330.244,3551,4780,0.990,1.090,1.230,0,0,0,0,0,18,320,0,50,0
22-04 19:02:16,4.764,1.254,88.260,4.513,0,5671480,143868,185168,2014396,9748.727,848.500,0,826.435,0,71.210,2187,3082,0.990,1.090,1.230,1,0,0,0,0,18,321,0,50,0
22-04 19:02:17,10.461,1.993,77.212,7.721,0,5671652,143616,185168,2014476,8101.750,3182.119,0,1677.736,0,191.286,4131,6061,0.990,1.090,1.230,0,0,0,0,0,18,319,0,51,0
22-04 19:02:18,13.998,2.750,75.488,6.249,0,5673808,141348,185168,2014588,36600.979,12189.995,0,1847.696,0,198.967,4408,6573,0.990,1.090,1.230,1,0,0,0,0,18,321,0,53,0
22-04 19:02:19,14.998,2.000,76.489,5.249,0,5674032,141096,185168,2014616,40585.338,16575.688,0,2023.718,0,187.974,4277,5777,0.990,1.090,1.230,1,0,1.000,0,0,18,320,0,53,0
22-04 19:02:20,11.029,2.005,74.195,10.528,0,5673840,141096,185168,2014808,23201.059,9859.949,0,8257.732,0,641.689,4104,5801,0.990,1.090,1.230,1,1,0,0,0,18,319,0,53,0
22-04 19:02:21,11.011,1.501,83.833,2.753,0,5673800,141096,185168,2014848,29439.160,9661.570,0,2574.550,0,195.193,3414,5079,0.990,1.090,1.230,1,0,0,0,0,18,320,0,49,0
22-04 19:02:22,19.698,4.239,63.833,9.974,0,5673788,140844,185168,2015112,9747.436,538.587,0,2784.697,0,341.105,7127,11223,0.990,1.090,1.230,1,1,0,0,0,18,320,0,49,0
22-04 19:02:23,22.847,3.515,66.534,5.272,0,5674696,139836,185168,2015212,10386.266,584.491,0,2378.136,0,231.989,7500,11523,0.990,1.090,1.230,2,0,0,0,0,18,321,0,50,0
22-04 19:02:24,23.399,3.734,64.224,6.721,0,5675036,139332,185168,2015376,8902.693,537.686,0,2672.501,0,280.792,7074,10747,1.070,1.110,1.240,3,0,0,0,0,18,320,0,50,0
22-04 19:02:25,20.252,4.750,64.506,8.751,0,5675060,139080,185168,2015604,3938.376,540.052,0,2680.256,0,291.028,7218,11222,1.070,1.110,1.240,2,0,0,0,0,18,320,0,50,0
22-04 19:02:26,17.983,3.996,64.938,11.989,0,5675416,138324,185168,2016004,13591.118,3264.905,0,3760.436,0,322.694,5941,9286,1.070,1.110,1.240,0,1,0,0,0,18,319,0,53,0
22-04 19:02:27,8.250,2.000,74.754,12.751,0,5675628,138072,185168,2016044,14575.745,3153.161,0,7084.362,0,509.026,3825,6161,1.070,1.110,1.240,2,0,0,0,0,18,319,0,53,0
22-04 19:02:28,5.015,1.254,88.015,4.514,0,5675612,138072,185168,2016060,10022.126,541.628,0,834.509,0,74.223,2204,3137,1.070,1.110,1.240,2,3,0,0,0,18,320,0,53,0
22-04 19:02:29,10.971,1.995,75.054,10.223,0,5675860,137568,185168,2016316,13802.017,2809.675,0,1759.413,0,188.509,4237,6599,1.150,1.120,1.240,0,0,0.997,0,0,18,321,0,50,0
22-04 19:02:30,11.752,2.000,79.260,5.251,0,5675820,137568,185168,2016356,27632.644,11798.556,0,1456.192,0,147.019,3474,4769,1.150,1.120,1.240,1,1,0,0,0,18,321,0,50,0
22-04 19:02:31,10.749,3.000,71.242,13.249,0.250,5677872,135328,185168,2016528,8854.028,539.941,0,6391.298,0,518.943,4661,6779,1.150,1.120,1.240,1,1,0,0,0,18,322,0,50,0
22-04 19:02:32,21.338,3.766,62.759,10.544,0,5677936,135076,185168,2016716,7233.897,542.241,0,3442.226,0,283.170,7232,11230,1.150,1.120,1.240,2,0,0,0,0,18,322,0,50,0
22-04 19:02:33,20.997,3.750,57.993,15.498,0,5677748,135076,185168,2016904,23476.155,9650.830,0,6523.209,0,498.940,6682,10583,1.150,1.120,1.240,1,0,0,0,0,18,321,0,49,0
22-04 19:02:34,22.904,4.481,63.236,6.224,0,5678880,133564,185168,2017284,13126.118,483.976,15.933,2318.307,0.996,255.930,8133,12508,1.140,1.120,1.240,2,1,1.992,0,0,18,319,0,51,0
22-04 19:02:35,7.506,1.251,82.812,7.506,0,5679072,133312,185168,2017344,10866.075,3265.427,16.012,1232.916,1.001,115.086,2642,3882,1.140,1.120,1.240,1,1,0,0,0,18,322,0,51,0
22-04 19:02:36,12.002,2.000,80.512,4.501,0,5679016,133312,185168,2017400,32447.961,11930.824,0,1892.289,0,161.025,3413,4582,1.140,1.120,1.240,1,0,2.000,0,0,18,321,0,51,0
22-04 19:02:37,19.520,3.253,64.818,9.760,0,5679560,132568,185168,2017600,6598.929,540.568,0,3984.183,0,341.358,6921,10783,1.140,1.120,1.240,4,3,1.001,0,0,18,322,0,45,0
22-04 19:02:38,20.471,5.243,61.165,10.985,0,5684720,126772,185168,2018236,9658.524,539.248,0,4929.123,0,393.451,8148,13111,1.140,1.120,1.240,0,1,1.997,0,0,18,322,0,47,0
22-04 19:02:39,14.247,3.499,70.233,10.248,0,5684876,126520,185168,2018332,12666.930,3263.209,0,5246.728,0,420.898,5210,8228,1.200,1.130,1.250,0,0,2.999,0,0,18,321,0,50,0
22-04 19:02:40,8.250,2.000,84.248,4.250,0,5684932,126268,185168,2018528,9323.740,3202.911,0,1563.956,0,171.995,3096,4814,1.200,1.130,1.250,0,0,1.000,0,0,18,321,0,50,0
22-04 19:02:41,6.749,0.500,87.484,2.749,0,5684912,126268,185168,2018548,8182.512,3203.417,0,1807.671,0,129.976,2875,4460,1.200,1.130,1.250,0,0,0,0,0,18,321,0,49,0
22-04 19:02:42,6.749,2.250,88.240,1.750,0,5685880,125264,185168,2018584,13654.520,2696.708,0,1071.884,0,92.990,2460,3396,1.200,1.130,1.250,1,0,5.999,0,0,18,321,0,49,0
22-04 19:02:43,11.504,4.752,76.775,5.502,0,5686660,179988,184364,1964240,14489.661,4855.562,0,1332.429,0,139.045,3996,14224,1.200,1.130,1.250,0,0,36.012,0,0,18,322,0,50,0
22-04 19:02:44,13.743,1.999,80.461,2.999,0,5685072,181608,184364,1964380,48445.577,19258.689,0,1063.486,0,97.953,3331,4121,1.190,1.130,1.240,1,0,0,0,0,18,322,0,50,0
22-04 19:02:45,9.504,1.751,82.283,4.002,0,5685040,181384,184364,1964636,11114.419,3397.351,0,1464.582,0,157.062,3451,5251,1.190,1.130,1.240,0,0,0,0,0,18,321,0,47,0
22-04 19:02:46,6.999,1.500,82.243,7.249,0,5684956,181416,184364,1964688,13974.865,3202.740,0,4835.607,0,407.967,3015,4061,1.190,1.130,1.240,0,1,0,0,0,18,321,0,47,0
22-04 19:02:47,12.004,2.751,80.274,5.002,0,5684748,181416,184364,1964896,10635.209,3239.978,0,2064.623,0,180.054,3709,5376,1.190,1.130,1.240,0,0,0,0,0,18,321,0,48,0
22-04 19:02:48,7.498,1.500,86.479,2.999,0,5684708,181416,184364,1964936,11069.325,4748.852,0,1251.697,0,118.971,2624,3802,1.190,1.130,1.240,0,0,0,0,0,18,323,0,48,0
22-04 19:02:49,10.795,2.008,78.074,7.531,0,5684676,181416,184364,1964968,42873.874,14472.041,0,4145.198,0,280.162,3203,4334,1.090,1.110,1.240,0,1,1.004,0,0,18,322,0,45,0
22-04 19:02:50,3.735,0.996,86.649,6.225,0,5684648,181416,184364,1964996,12020.309,2760.817,0,3135.300,0,209.153,2214,3441,1.090,1.110,1.240,0,0,0,0,0,18,322,0,46,0
22-04 19:02:51,6.251,1.250,91.765,0,0,5684628,181416,184364,1965016,20802.431,7831.292,0,148.024,0,9.001,1487,1752,1.090,1.110,1.240,1,0,0,0,0,18,323,0,46,0
22-04 19:02:52,6.748,1.000,85.978,4.749,0,5684828,181192,184364,1965040,25383.624,9466.622,0,2591.349,0,314.921,2345,2868,1.090,1.110,1.240,4,0,0,0,0,18,323,0,46,0
22-04 19:02:53,8.273,1.504,85.238,3.760,0,5684816,181192,184364,1965052,22967.082,9039.221,0,894.496,0,99.277,2512,3485,1.090,1.110,1.240,0,0,1.003,0,0,18,322,0,46,0
22-04 19:02:54,12.709,1.994,77.498,5.482,0,5684740,181192,184364,1965128,37191.065,12835.263,0,1351.605,0,152.504,4008,5489,1,1.090,1.230,1,0,0,0,0,18,321,0,44,0
22-04 19:02:55,19.061,3.511,71.480,4.765,0,5684588,180940,184364,1965532,8678.910,541.742,32.103,2058.620,1.003,227.732,6331,9605,1,1.090,1.230,1,0,1.003,0,0,18,322,0,45,0
22-04 19:02:56,19.199,3.740,63.581,10.472,0,5685112,180184,184364,1965764,7161.997,3200.508,0,3379.034,0,312.172,6277,9769,1,1.090,1.230,0,0,0,0,0,18,321,0,46,0
22-04 19:02:57,8.252,1.500,87.524,2.001,0,5685032,180184,184364,1965844,9991.717,540.147,0,1908.519,0,116.032,3019,4425,1,1.090,1.230,2,0,2.001,0,0,18,322,0,46,0
22-04 19:02:58,13.996,1.750,72.732,9.248,0,5684664,180184,184364,1966212,30997.123,12123.919,0,2939.253,0,274.930,4260,6094,1,1.090,1.230,1,1,0,0,0,18,321,0,43,0
22-04 19:02:59,14.562,3.515,67.539,11.549,0,5681280,183484,184364,1966296,4873.836,542.319,0,5784.731,0,410.756,5409,8692,1,1.090,1.230,2,1,1.004,0,0,18,322,0,43,0
22-04 19:03:00,21.949,4.240,66.595,6.734,0,5680904,183588,184364,1966568,13601.292,538.744,0,1863.655,0,193.549,6987,10326,1,1.090,1.230,2,0,0,0,0,18,322,0,44,0
22-04 19:03:01,19.219,4.243,65.145,8.736,0,5681652,182580,184364,1966828,12578.686,3084.019,0,2535.905,0,249.597,7039,10845,1,1.090,1.230,0,0,0,0,0,18,322,0,48,0
22-04 19:03:02,5.270,1.255,89.081,3.262,0,5681592,182580,184364,1966888,11077.102,716.659,0,1340.976,0,101.376,2191,3400,1,1.090,1.230,2,0,0,0,0,18,322,0,44,0
22-04 19:03:03,11.255,2.001,72.034,12.506,0,5680612,183436,184364,1967012,11390.452,540.259,16.008,6315.023,1.000,616.295,4840,7068,1,1.090,1.230,1,0,0,0,0,18,322,0,44,0
22-04 19:03:04,10.205,1.742,82.881,2.987,0,5680548,183436,184364,1967076,30176.605,11732.747,0,1696.445,0,165.264,3555,5167,1,1.090,1.230,1,0,0,0,0,18,321,0,45,0
22-04 19:03:05,11.241,2.498,74.192,10.242,0,5680564,183184,184364,1967312,14764.474,3260.455,0,4732.306,0,354.723,4141,6207,1,1.090,1.230,0,1,0,0,0,18,321,0,46,0
22-04 19:03:06,11.739,2.498,77.179,6.994,0,5680448,183184,184364,1967428,16410.862,4973.412,31.971,2833.386,0.999,218.798,3941,5554,1,1.090,1.230,1,0,0,0,0,18,322,0,43,0
22-04 19:03:07,11.023,1.754,83.175,3.006,0,5680412,183184,184364,1967464,25417.581,7506.825,0,1166.459,0,101.213,3389,4832,1,1.090,1.230,1,0,0,0,0,18,322,0,44,0
22-04 19:03:08,21.312,4.513,62.932,8.775,0,5680112,183184,184368,1967760,8801.432,541.565,0,3774.908,0,381.101,7816,12436,1,1.090,1.230,1,0,0,0,0,18,322,0,45,0
22-04 19:03:09,23.171,3.986,64.281,5.980,0,5681056,181924,184368,1968076,11308.411,538.164,0,3304.723,0,384.687,8427,13720,1.160,1.120,1.240,1,0,0.997,0,0,18,322,0,45,0
22-04 19:03:10,22.597,5.022,65.532,6.026,0,5681792,180916,184368,1968348,9221.628,542.331,0,2607.204,0,261.122,8245,12975,1.160,1.120,1.240,3,0,1.004,0,0,18,322,0,38,0
22-04 19:03:11,4.978,1.991,84.623,5.973,0,5681684,180916,184368,1968456,9687.859,3253.512,0,4738.897,0,329.533,2986,4921,1.160,1.120,1.240,1,1,0,0,0,18,321,0,39,0
22-04 19:03:12,10.496,2.499,73.474,11.746,0,5681576,180916,184368,1968564,4263.510,485.830,0,4754.338,0,285.900,3982,6056,1.160,1.120,1.240,0,0,0,0,0,18,322,0,40,0
22-04 19:03:13,14.756,2.251,73.778,7.503,0,5681508,180916,184368,1968632,30902.820,11759.498,0,1640.628,0,198.076,4371,6198,1.160,1.120,1.240,0,0,0,0,0,18,322,0,40,0
22-04 19:03:14,12.003,2.501,79.271,4.501,0,5681728,180412,184368,1968916,15550.090,3508.923,0,1396.367,0,152.040,3721,5345,1.070,1.100,1.230,1,1,0,0,0,18,321,0,39,0
22-04 19:03:15,7.006,1.251,87.330,3.503,0,5681728,180412,184372,1968912,11269.296,540.494,0,888.812,0,87.080,2707,3853,1.070,1.100,1.230,1,1,0,0,0,18,322,0,39,0
22-04 19:03:16,8.740,0.749,84.898,3.496,0,5681632,180412,184372,1969008,35483.557,12046.591,0,1250.504,0,121.854,2848,3965,1.070,1.100,1.230,0,0,0,0,0,18,321,0,39,0
22-04 19:03:17,20.751,4.500,64.254,8.751,0,5681416,180412,184372,1969224,8966.587,540.035,0,2592.170,0,289.019,7387,11398,1.070,1.100,1.230,0,1,0,0,0,18,322,0,40,0
22-04 19:03:18,18.266,4.004,59.552,15.514,0,5681352,180160,184376,1969536,6519.727,540.475,0,3731.277,0,390.343,7059,11675,1.070,1.100,1.230,1,1,0,0,0,18,322,0,33,0
22-04 19:03:19,19.510,4.002,58.029,17.259,0,5681236,180160,184376,1969652,4141.041,486.240,0,11641.738,0,812.400,7415,11591,1.230,1.130,1.240,1,0,1.000,0,0,18,322,0,34,0
22-04 19:03:20,20.952,4.490,65.351,7.483,0,5681248,179908,184376,1969892,3671.650,538.775,0,1732.061,0,178.594,7061,10837,1.230,1.130,1.240,3,0,0,0,0,18,322,0,37,0
22-04 19:03:21,6.505,1.251,83.065,7.006,0,5681152,179908,184376,1969988,13819.889,3270.577,0,1681.325,0,161.127,2890,4545,1.230,1.130,1.240,0,0,0,0,0,18,321,0,38,0
22-04 19:03:22,10.001,1.500,82.005,5.500,0,5681100,179908,184376,1970040,12592.753,540.032,0,1548.093,0,161.010,3696,5406,1.230,1.130,1.240,0,0,0,0,0,18,322,0,38,0
22-04 19:03:23,15.006,2.251,76.279,5.252,0,5681148,179656,184376,1970244,27319.296,9854.714,0,1656.624,0,191.072,4140,5947,1.230,1.130,1.240,2,0,0,0,0,18,322,0,38,0
22-04 19:03:24,10.747,1.999,76.727,8.247,0,5681304,179404,184376,1970340,16218.043,5343.367,0,4422.648,0,450.862,3719,5207,1.210,1.130,1.240,0,0,0,0,0,18,322,0,39,0
22-04 19:03:25,5.740,1.747,85.348,4.492,0,5681276,179404,184376,1970368,10820.728,712.731,0,5186.762,0,334.404,3100,4960,1.210,1.130,1.240,3,0,0,0,0,18,322,0,39,0
22-04 19:03:26,10.769,1.503,80.893,6.011,0,5681068,179404,184380,1970572,30168.382,11950.145,0,1306.311,0,131.232,3182,4577,1.210,1.130,1.240,0,0,0,0,0,18,321,0,35,0
22-04 19:03:27,19.001,3.750,65.754,9.001,0,5680944,179404,184380,1970696,3546.207,486.028,0,3064.179,0,329.019,7418,11668,1.210,1.130,1.240,0,1,0,0,0,18,322,0,35,0
22-04 19:03:28,21.806,4.762,62.660,9.274,0,5680928,179152,184380,1970964,9312.850,541.386,0,4623.841,0,455.166,8051,12775,1.210,1.130,1.240,1,0,0,0,0,18,322,0,35,0
22-04 19:03:29,19.256,4.251,62.021,12.504,0,5681304,178396,184380,1971344,7658.535,540.179,16.005,3357.111,1.000,300.099,6906,10783,1.190,1.130,1.240,2,0,1.000,0,0,18,321,0,36,0
22-04 19:03:30,6.986,1.746,83.328,6.237,0,5681244,178396,184380,1971404,9968.437,3253.289,0,4319.091,0,295.391,2952,4635,1.190,1.130,1.240,2,1,0,0,0,18,322,0,35,0
22-04 19:03:31,10.994,2.249,80.457,4.747,0,5681092,178396,184384,1971552,22934.636,8189.585,0,3494.116,0,253.863,3615,5319,1.190,1.130,1.240,0,0,0,0,0,18,321,0,37,0
22-04 19:03:32,11.990,1.748,79.432,4.746,0,5680908,178396,184384,1971736,30380.822,11984.673,0,1486.719,0,137.881,3473,4803,1.190,1.130,1.240,1,0,0,0,0,18,321,0,37,0
22-04 19:03:33,13.503,2.000,76.266,7.252,0,5680876,178396,184384,1971768,38724.259,13984.983,0,1200.256,0,119.025,3526,4677,1.190,1.130,1.240,1,0,0,0,0,18,321,0,37,0
22-04 19:03:34,14.011,2.502,75.809,6.255,0,5680816,178396,184384,1971828,23846.609,7682.996,0,1709.334,0,151.118,4377,6245,1.170,1.130,1.240,0,1,0,0,0,18,322,0,37,0
22-04 19:03:35,20.756,4.251,64.768,8.002,0,5680988,177892,184384,1972160,4359.240,540.154,0,2976.847,0,296.084,6936,10754,1.170,1.130,1.240,1,0,0,0,0,18,322,0,38,0
22-04 19:03:36,9.743,2.748,75.694,11.492,0,5680980,177640,184384,1972420,15067.904,3397.498,0,2614.075,0,249.816,3638,5720,1.170,1.130,1.240,0,1,0,0,0,18,321,0,40,0
22-04 19:03:37,13.001,1.750,74.254,9.250,0,5681060,177388,184384,1972592,31174.549,11623.577,0,2084.104,0,171.008,3584,4674,1.170,1.130,1.240,1,0,0,0,0,18,322,0,40,0
22-04 19:03:38,13.298,2.760,74.516,8.280,0,5680972,177388,184384,1972680,8852.631,782.797,0,2079.430,0,202.724,4960,7531,1.170,1.130,1.240,3,0,1.004,0,0,18,321,0,41,0
22-04 19:03:39,20.435,5.732,59.312,11.962,0,5686584,171352,184384,1973104,9795.012,538.297,75.760,5155.689,2.991,364.846,8092,13267,1.320,1.160,1.250,8,1,2.991,0,0,18,322,0,42,0
22-04 19:03:40,15.249,3.500,53.496,25.748,0.250,5686160,171352,184384,1973528,11296.175,3256.762,127.991,10367.243,7.999,628.954,5514,8243,1.320,1.160,1.250,0,0,2.000,0,0,18,321,0,45,0
22-04 19:03:41,12.277,2.255,78.425,5.763,0,5685984,171352,184384,1973704,10091.573,487.090,0,1427.192,0,144.323,3843,5656,1.320,1.160,1.250,0,1,1.002,0,0,18,321,0,46,0
22-04 19:03:42,6.511,2.254,84.641,5.008,0,5686572,170596,184384,1973880,10371.332,3263.454,96.161,961.607,7.012,86.144,2556,3510,1.320,1.160,1.250,2,0,6.010,0,0,18,322,0,46,0
22-04 19:03:43,11.971,2.494,78.312,5.986,0,5707444,149680,184384,1974440,27508.063,11900.474,7.981,1252.997,0.998,123.703,3436,6832,1.320,1.160,1.250,9,0,33.919,0,0,18,321,0,43,0
22-04 19:03:44,18.726,2.996,73.404,2.996,0,5695504,161420,184384,1974124,54728.437,20947.609,0,1474.073,0,149.804,5057,13604,1.220,1.140,1.240,1,0,1.997,0,0,18,321,0,44,0
22-04 19:03:45,16.738,3.248,64.454,13.490,0,5695624,161196,184384,1974228,13718.173,539.613,0,5576.006,0,664.524,5826,8485,1.220,1.140,1.240,1,1,0,0,0,18,322,0,44,0
22-04 19:03:46,17.743,4.248,64.223,12.245,0,5695504,161196,184384,1974348,11096.375,539.775,0,6897.125,0,452.811,6408,9815,1.220,1.140,1.240,1,0,0,0,0,18,322,0,45,0
22-04 19:03:47,21.284,4.257,65.103,7.011,0,5695308,161196,184384,1974544,7360.657,540.857,0,2620.150,0,312.495,7161,11955,1.220,1.140,1.240,1,0,0,0,0,18,322,0,44,0
22-04 19:03:48,13.479,3.245,74.882,6.240,0,5695196,161196,184384,1974656,13780.272,3257.863,0,2667.794,0,265.581,4890,7593,1.220,1.140,1.240,0,0,0,0,0,18,321,0,45,0
22-04 19:03:49,11.502,2.751,79.015,5.001,0,5695064,161196,184384,1974788,13360.502,3208.601,0,2364.443,0,234.044,4206,6313,1.120,1.120,1.230,0,0,1.000,0,0,18,321,0,46,0
22-04 19:03:50,8.766,2.254,84.401,3.757,0,5694756,161196,184384,1975096,4060.264,540.968,0,1502.689,0,153.274,3117,4673,1.120,1.120,1.230,1,0,0,0,0,18,321,0,47,0
22-04 19:03:51,5.997,1.249,87.462,4.498,0,5694692,161196,184384,1975160,10062.667,3261.595,0,1267.454,0,102.956,2257,3295,1.120,1.120,1.230,2,0,0,0,0,18,322,0,45,0
22-04 19:03:52,25.988,3.748,68.220,0.750,0,5697540,158020,184384,1975488,10555.313,539.760,0,659.707,0,35.984,4511,5027,1.120,1.120,1.230,1,0,0,0,0,18,322,0,45,0
22-04 19:03:53,12.996,1.999,75.478,7.998,0,5697700,157768,184384,1975580,29814.473,12165.521,0,4578.691,0,333.905,3992,5848,1.120,1.120,1.230,0,1,0,0,0,18,321,0,45,0
22-04 19:03:54,12.496,1.749,76.976,6.248,0,5697640,157768,184384,1975640,32961.879,11953.330,0,3542.912,0,261.920,3988,5617,1.270,1.150,1.240,0,0,0,0,0,18,321,0,45,0
22-04 19:03:55,10.502,2.251,83.520,2.501,0,5697440,157768,184384,1975840,26833.277,9547.233,0,1100.257,0,111.026,3144,4356,1.270,1.150,1.240,2,0,0,0,0,18,322,0,45,0
22-04 19:03:56,11.000,2.500,76.750,8.500,0,5697388,157768,184384,1975892,13450.006,2792.001,0,5520.002,0,519.000,4505,6384,1.270,1.150,1.240,0,1,0,0,0,18,322,0,45,0
22-04 19:03:57,21.096,5.023,63.287,8.539,0,5697108,157768,184384,1976172,7549.190,488.211,0,2804.702,0,310.406,7701,11832,1.270,1.150,1.240,0,1,3.014,0,0,18,322,0,47,0
22-04 19:03:58,6.216,1.492,85.288,4.973,0,5697048,157768,184384,1976232,7853.454,3244.423,0,1778.366,0,160.132,2743,4556,1.270,1.150,1.240,1,0,0,0,0,18,321,0,49,0
22-04 19:03:59,24.487,2.998,68.714,2.749,0,5697312,157264,184384,1976472,11149.234,539.721,31.983,3270.309,1.999,161.916,6370,8758,1.330,1.160,1.250,1,0,0.999,0,0,18,324,0,50,0
22-04 19:04:00,23.117,3.518,64.827,6.030,0,5697764,156508,184384,1976776,47001.297,542.740,172.873,2323.732,11.056,216.091,7876,10721,1.330,1.160,1.250,1,2,3.015,0,0,18,327,0,69,0
22-04 19:04:01,23.440,4.488,64.085,6.982,0,5698484,155248,184384,1977316,9395.803,538.613,0,5150.735,0,345.111,7331,10634,1.330,1.160,1.250,0,1,0,0,0,18,325,0,89,0
22-04 19:04:02,9.982,1.248,83.602,3.494,0,5698448,155248,184384,1977352,32552.302,11907.894,0,1860.702,0,140.751,2957,4186,1.330,1.160,1.250,1,0,0,0,0,18,324,0,89,0
22-04 19:04:03,20.354,4.020,64.579,9.800,0,5698436,154996,184384,1977616,9204.846,542.762,4.020,3220.390,1.005,299.524,6844,10779,1.330,1.160,1.250,1,0,0,0,0,18,325,0,84,0
22-04 19:04:04,17.165,3.731,66.917,10.448,0,5699356,153988,184384,1977704,14149.581,3027.931,0,2212.987,0,224.881,5604,8563,1.300,1.160,1.240,0,0,0.995,0,0,18,325,0,87,0
22-04 19:04:05,7.537,2.010,83.159,5.778,0,5699292,153988,184384,1977768,11786.929,2168.658,0,1684.278,0,158.780,3119,4701,1.300,1.160,1.240,0,0,0,0,0,18,325,0,87,0
22-04 19:04:06,3.494,0.749,93.351,1.747,0,5699140,153988,184384,1977920,9490.819,1764.178,0,910.544,0,71.885,1747,2559,1.300,1.160,1.240,1,0,0,0,0,18,325,0,87,0
22-04 19:04:07,6.972,1.494,82.170,7.719,0,5699084,153988,184384,1977976,15633.150,3263.878,0,1290.811,0,135.455,2906,4190,1.300,1.160,1.240,0,0,0,0,0,18,324,0,84,0
22-04 19:04:08,6.005,1.251,86.827,3.753,0,5699032,153988,184384,1978028,13871.231,3212.833,0,1605.416,0,150.132,2796,4240,1.300,1.160,1.240,0,0,0,0,0,18,324,0,85,0
22-04 19:04:09,17.821,2.761,74.799,4.769,0,5700760,151972,184384,1978316,10443.689,2762.026,0,3811.214,0,211.846,4010,5518,1.200,1.140,1.240,4,1,1.004,0,0,18,324,0,86,0
22-04 19:04:10,3.737,1.495,88.698,4.236,0,5700684,151972,184384,1978392,11594.491,538.166,0,3228.997,0,221.246,2546,4145,1.200,1.140,1.240,0,1,0,0,0,18,325,0,86,0
22-04 19:04:11,4.748,1.000,90.958,1.249,0,5700648,151972,184384,1978428,13015.054,2749.744,0,983.551,0,102.953,2277,3426,1.200,1.140,1.240,0,0,0,0,0,18,324,0,83,0
22-04 19:04:12,5.499,1.750,88.484,3.249,0,5699464,153124,184384,1978460,15797.115,2696.508,0,5994.905,0,421.923,2708,3636,1.200,1.140,1.240,0,0,0,0,0,18,324,0,83,0
22-04 19:04:13,13.043,1.505,79.012,4.013,0,5699924,152620,184384,1978504,35389.224,11836.207,0,1216.028,0,119.395,3482,4591,1.200,1.140,1.240,0,0,0,0,0,18,324,0,83,0
22-04 19:04:14,16.454,3.241,72.797,6.731,0,5699704,152620,184384,1978724,7107.173,538.498,7.978,1914.659,1.994,218.391,4985,7518,1.340,1.170,1.250,1,0,0,0,0,18,325,0,84,0
22-04 19:04:15,18.813,4.014,65.220,10.285,0,5699492,152620,184384,1978936,12856.269,541.824,0,2203.416,0,197.665,6333,9606,1.340,1.170,1.250,1,0,0,0,0,18,325,0,83,0
22-04 19:04:16,8.714,1.992,80.170,6.473,0,5699992,151864,184384,1979192,13936.669,3261.583,0,2569.430,0,245.988,3682,5641,1.340,1.170,1.250,0,0,0,0,0,18,324,0,85,0
22-04 19:04:17,7.500,2.000,82.998,6.000,0,5700072,151612,184384,1979364,8872.750,3214.909,0,1791.950,0,174.995,3003,4456,1.340,1.170,1.250,0,0,0,0,0,18,324,0,85,0
22-04 19:04:18,7.251,1.500,82.509,6.501,0,5700016,151612,184384,1979420,13452.543,2751.316,0,2936.337,0,216.025,2902,4328,1.340,1.170,1.250,1,0,0,0,0,18,324,0,87,0
22-04 19:04:19,10.255,2.001,77.785,8.754,0,5701224,150356,184384,1979468,16346.448,5330.429,0,3993.820,0,298.136,3758,5735,1.230,1.150,1.240,1,0,1.000,0,0,18,325,0,87,0
22-04 19:04:20,12.753,2.501,79.016,4.501,0,5701192,150356,184384,1979500,26287.269,7352.474,0,1568.314,0,125.025,4037,5842,1.230,1.150,1.240,1,1,0,0,0,18,325,0,85,0
22-04 19:04:21,21.483,2.498,65.448,7.494,0,5592352,258780,184384,1979916,8634.152,581.539,0,2749.819,0,275.781,4842,6962,1.230,1.150,1.240,0,1,0,0,0,18,324,0,85,0
22-04 19:04:22,8.001,3.500,85.256,3.000,0,5533000,318152,184392,1979888,11549.823,262610.704,100.007,796.057,7.000,39.003,1993,1987,1.230,1.150,1.240,0,0,14.001,0,0,18,324,0,85,0
22-04 19:04:23,1.752,1.001,89.867,5.757,0,5533124,318020,184392,1979896,8919.602,0,0,3027.939,0,179.233,1619,2591,1.230,1.150,1.240,0,1,0,0,0,18,324,0,85,0
22-04 19:04:24,11.791,3.763,82.785,1.254,0,5554252,296840,184400,1979940,419649.290,12842.168,40.138,646.223,5.017,49.169,3073,3246,1.130,1.130,1.230,1,0,25.086,0,0,18,324,0,81,0
22-04 19:04:25,10.460,3.238,84.180,0.498,0,5554096,296840,184404,1980092,298777.598,12612.114,151.425,15.939,8.966,2.989,2612,2395,1.130,1.130,1.230,1,0,21.917,0,0,18,324,0,81,0
22-04 19:04:26,20.250,5.500,71.999,1.000,0,5561032,277956,184404,1992040,5977.925,539.993,99.999,151.998,4.000,6.000,2491,2135,1.130,1.130,1.230,1,0,20.000,0,0,18,324,0,81,0
