"pcp-dstat 6.2.0 CSV Output"
"Author:","PCP team <pcp@groups.io> and Dag Wieers <dag@wieers.com>",,,,"URL:","https://pcp.io/ and http://dag.wieers.com/home-made/dstat/"
"Host:","ubuntu",,,,"User:","ubuntu"
"Cmdline:","dstat -tcmndrylpg --tcp --output /tmp/devstack_logs/dstat-csv.log",,,,"Date:","09 Mar 2026 12:05:00 UTC"
"system","total usage",,,,,"memory usage",,,,"net/total",,"dsk/total",,"io/total",,"system",,"load avg",,,"procs",,,"paging",,"tcp sockets",,,,
"time","total usage:usr","total usage:sys","total usage:idl","total usage:wai","total usage:stl","used","free","buf","cach","net/total:recv","net/total:send","dsk/total:read","dsk/total:writ","read","writ","int","csw","1m","5m","15m","run","blk","new","in","out","lis","act","syn","tim","clo"
09-03 12:05:00,,992744,1459684,164504,5198900,,,,,,,1.190,1.020,0.630,2,1,,,,10,6,1,17,0
09-03 12:05:01,16.711,20.701,49.384,11.473,0,1005024,1444524,164540,5201552,14962.781,7147.177,1979.341,1919.482,30.927,89.789,6722,6588,1.180,1.020,0.640,1,5,540.727,0,0,10,5,2,17,1
09-03 12:05:02,25.572,17.800,51.646,4.513,0,1034020,1414976,164568,5201972,23004.845,10208.776,0,1817.122,0,56.158,6361,6349,1.180,1.020,0.640,2,0,375.057,0,0,10,5,2,17,1
09-03 12:05:03,25.925,15.206,55.090,2.742,0,1166260,1282000,164608,5327280,44368.156,12585.452,0,1762.881,0,53.844,6888,8102,1.180,1.020,0.640,2,0,250.273,0,0,11,5,2,17,1
09-03 12:05:04,16.507,4.752,75.282,3.001,0,1178836,1268884,164632,5327688,23978.269,11724.021,0,1464.627,0,44.019,2479,2127,1.180,1.020,0.640,1,1,79.034,0,0,11,6,2,17,2
09-03 12:05:05,21.774,8.510,43.549,25.028,0,1190568,1239656,164716,5344420,168594.533,3766.212,0,12950.482,0,513.574,4019,2457,1.180,1.020,0.640,1,1,111.124,0,0,11,6,2,17,2
09-03 12:05:06,35.444,9.235,47.924,6.989,0,1250196,1165052,165628,5356252,9508.988,686.916,0,4812.403,0,113.820,3861,2853,1.240,1.030,0.640,0,3,96.847,0,0,11,6,2,19,2
09-03 12:05:07,41.622,3.761,46.887,7.522,0,1277216,1119576,166188,5372124,8025.468,541.584,0,3221.420,0,50.147,2934,1816,1.240,1.030,0.640,2,0,1.003,0,0,11,6,2,19,2
09-03 12:05:08,24.439,4.489,47.631,21.945,0.249,1314224,1062204,166860,5390156,4591.496,612.466,0,7134.126,0,417.953,4787,6835,1.240,1.030,0.640,1,3,9.975,0,0,11,8,2,19,2
09-03 12:05:09,9.981,3.244,39.176,44.666,0,1309120,1059236,167380,5396796,9197.677,538.985,0,11745.877,0,578.910,4708,7698,1.240,1.030,0.640,1,3,0,0,0,11,8,2,19,2
09-03 12:05:10,19.292,4.510,44.596,30.316,0,1313780,1043048,168204,5405820,7859.983,615.329,0,9268.025,0,513.109,5124,7747,1.240,1.030,0.640,1,3,6.013,0,0,11,8,2,19,2
09-03 12:05:11,16.737,2.998,42.716,35.471,0,1311876,1022256,169028,5426052,3886.866,539.565,0,8780.919,0,543.562,5395,8574,1.310,1.050,0.650,0,1,17.985,0,0,11,8,2,19,2
09-03 12:05:12,17.773,3.254,33.544,43.557,0,1313240,1011000,169808,5433868,7321.630,560.738,0,15760.730,0,803.056,5394,8949,1.310,1.050,0.650,1,2,0,0,0,11,8,2,19,2
09-03 12:05:13,21.006,3.751,44.513,28.508,0,1269064,1069560,170108,5419172,13317.928,3267.964,0,11419.368,0,764.225,5639,8963,1.310,1.050,0.650,1,1,17.005,0,0,11,6,2,19,0
09-03 12:05:14,20.214,4.492,47.166,25.455,0,1291984,1041616,170188,5423924,13563.929,2711.189,0,7315.019,0,557.012,5076,7957,1.310,1.050,0.650,0,3,41.926,0,0,11,7,2,19,0
09-03 12:05:15,23.304,4.761,36.584,33.828,0,1315352,1015092,170272,5426416,6211.306,715.648,0,10556.313,0,617.422,4926,7479,1.310,1.050,0.650,2,1,15.035,0,0,11,6,2,19,0
09-03 12:05:16,9.728,2.744,48.392,37.666,0,1324796,998808,170384,5432100,12148.969,3539.126,0,16527.228,0,190.576,2358,2930,1.680,1.130,0.680,0,3,7.982,0,0,11,7,2,19,0
09-03 12:05:17,21.003,6.001,40.505,29.754,0,1281512,1040744,170604,5432892,8931.083,714.087,0,9377.137,0,471.057,12386,23213,1.680,1.130,0.680,1,1,14.002,0,0,11,6,2,19,0
09-03 12:05:18,23.251,6.000,38.002,31.251,0,1277048,1044480,170768,5433404,8303.349,540.023,0,9204.387,0,675.028,13648,24760,1.680,1.130,0.680,2,3,25.001,0,0,11,6,2,19,0
09-03 12:05:19,13.770,5.258,35.552,42.562,0,1264272,1060244,170932,5430504,4152.070,614.899,0,12318.007,0,1024.498,4596,6985,1.680,1.130,0.680,0,3,16.023,0,0,11,6,2,19,0
09-03 12:05:20,25.538,6.510,39.809,26.790,0.250,1152612,1181008,170988,5422524,8485.567,486.721,0,4490.651,0,362.537,4985,6206,1.680,1.130,0.680,2,0,67.099,0,0,11,4,2,19,0
09-03 12:05:21,33.146,6.480,55.576,4.486,0,1196248,1137420,171000,5422532,8023.896,612.085,0,2137.313,0,139.563,3167,2554,1.630,1.130,0.680,1,0,89.719,0,0,11,4,2,19,0
09-03 12:05:22,23.067,3.009,65.942,6.268,0,1196552,1137100,171008,5422540,7511.833,541.574,0,11324.916,0,214.624,2329,1615,1.630,1.130,0.680,1,0,10.029,0,0,11,4,2,19,0
09-03 12:05:23,22.494,3.999,57.983,14.746,0,1267276,1066328,171056,5422540,9365.316,539.845,0,7253.921,0,418.880,2587,2892,1.630,1.130,0.680,1,0,0,0,0,11,4,2,13,0
09-03 12:05:24,20.468,5.991,72.886,0.250,0,1251636,1081944,171060,5422560,2895.464,539.155,0,59.906,0,8.986,2662,1961,1.630,1.130,0.680,1,0,80.873,0,0,11,4,2,13,0
09-03 12:05:25,9.770,19.790,69.139,0.251,0,1173908,1159636,171060,5422596,9098.271,541.087,0,168.338,0,20.040,6006,4628,1.630,1.130,0.680,1,0,416.837,0,0,11,4,2,13,0
09-03 12:05:26,14.708,18.448,65.564,0,0,1157124,1176104,171060,5423304,5646.021,538.476,0,23.932,0,5.983,6832,8386,1.900,1.190,0.710,1,0,351.007,0,0,11,4,2,13,0
09-03 12:05:27,41.253,10.001,48.003,0,0,1171324,1161848,171064,5423356,8808.564,540.035,0,2640.169,0,28.002,4000,2795,1.900,1.190,0.710,2,0,132.008,0,0,11,5,2,13,0
09-03 12:05:28,45.504,4.500,49.004,0,0,1221772,1110944,171104,5423776,5309.475,486.043,0,27082.423,0,246.022,3417,2061,1.900,1.190,0.710,3,0,0,0,0,11,5,2,13,0
09-03 12:05:29,36.595,7.519,43.863,11.780,0,1244872,1085680,171236,5425792,8519.021,541.400,0,4551.766,0,125.324,3299,4767,1.900,1.190,0.710,3,0,0,0,0,11,5,2,13,0
09-03 12:05:30,4.985,5.484,86.742,1.994,0,1276432,1053644,171240,5426220,6938.341,538.397,0,985.067,0,35.893,2219,2436,1.900,1.190,0.710,0,0,117.650,0,0,11,4,2,14,0
09-03 12:05:31,17.999,3.000,76.247,1.000,0,1341976,988124,171248,5426220,4229.834,539.979,0,143.994,0,7.000,1883,1587,1.820,1.190,0.710,1,0,22.999,0,0,11,4,2,13,0
09-03 12:05:32,23.507,2.501,74.022,0,0,1376248,953852,171248,5426220,5521.647,540.161,0,440.131,0,4.001,1759,1299,1.820,1.190,0.710,1,0,0,0,0,11,4,2,13,0
09-03 12:05:33,18.042,2.506,69.163,8.771,0,1396060,933720,171332,5426456,9880.253,541.274,0,1491.510,0,224.528,3885,5581,1.820,1.190,0.710,1,0,2.005,0,0,11,10,2,13,0
09-03 12:05:34,20.200,4.489,67.332,6.484,0,1385504,943804,171632,5426588,8645.463,538.658,387.036,2880.824,11.970,170.575,2562,2306,1.820,1.190,0.710,1,0,41.896,0,0,11,4,2,15,0
09-03 12:05:35,18.742,1.999,75.720,2.999,0,1402848,926220,171636,5426780,11225.480,2943.815,0,1099.557,0,45.981,2260,2207,1.820,1.190,0.710,1,1,1.000,0,0,11,13,2,15,0
09-03 12:05:36,17.288,3.508,75.165,2.255,0,1389680,938900,171680,5427156,11949.231,6596.481,268.590,649.426,66.145,35.077,2835,2726,1.760,1.190,0.710,2,0,34.075,0,0,11,28,2,15,0
09-03 12:05:37,20.462,3.743,70.869,4.492,0,1459024,869544,171684,5427156,9083.174,2575.230,0,3565.395,0,139.741,2074,1497,1.760,1.190,0.710,0,0,11.978,0,0,11,29,2,15,0
09-03 12:05:38,19.223,7.739,72.647,0,0,1432916,895632,171684,5427176,13218.307,5551.150,0,11.983,0,2.996,3331,2770,1.760,1.190,0.710,3,0,155.780,0,0,11,28,2,16,0
09-03 12:05:39,37.052,5.257,50.071,6.760,0,1518212,810324,171684,5427188,9349.227,4863.881,0,5740.121,0,271.384,2903,1516,1.760,1.190,0.710,2,0,0,0,0,11,30,2,16,0
09-03 12:05:40,30.506,4.751,50.759,12.752,0,1513792,814540,171684,5427392,20388.772,14798.738,0,18783.475,0,220.041,6780,9118,1.760,1.190,0.710,2,1,0,0,0,11,28,3,17,0
09-03 12:05:41,58.421,22.817,12.788,5.767,0,1510020,818284,171684,5427420,8559.105,607.783,0,25651.239,0,409.200,6008,5458,2.180,1.280,0.740,6,1,558.639,0,0,11,28,2,17,0
09-03 12:05:42,86.716,12.995,0.750,0,0,1737888,590392,171684,5427448,21137.814,16481.617,0,30568.162,0,185.928,6359,5243,2.180,1.280,0.740,7,0,20.992,0,0,11,32,2,17,0
09-03 12:05:43,69.449,9.493,17.737,2.248,0,1753888,574168,171692,5427708,36273.139,28745.713,0,14153.519,0,215.840,9230,13804,2.180,1.280,0.740,4,0,91.932,0,0,11,29,2,21,1
09-03 12:05:44,26.948,11.228,57.140,3.493,0,1567184,760824,171728,5427720,8272.109,1828.487,0,3457.358,0,181.651,4265,4494,2.180,1.280,0.740,1,0,217.582,0,0,11,28,2,23,0
09-03 12:05:45,19.526,1.252,78.603,0.250,0,1559728,768264,171728,5427736,12707.655,5796.597,0,324.425,0,15.020,2278,2289,2.180,1.280,0.740,1,0,0,0,0,11,29,2,23,0
09-03 12:05:46,16.478,6.491,73.650,1.748,0,1519572,808416,171740,5427728,10220.191,2227.990,0,683.077,0,41.943,3234,3265,2.160,1.290,0.750,1,0,67.908,0,0,11,28,2,24,0
09-03 12:05:47,17.736,2.748,78.686,0.250,0,1520568,807416,171740,5427732,11412.762,5182.805,0,1131.084,0,17.985,2032,1786,2.160,1.290,0.750,3,0,0.999,0,0,11,29,2,24,0
09-03 12:05:48,16.040,13.283,66.414,3.258,0,1414520,913416,171764,5427756,12152.959,2907.167,0,477.176,0,32.079,5500,14983,2.160,1.290,0.750,2,0,378.934,0,0,11,28,2,25,0
09-03 12:05:49,43.811,27.539,28.540,0.250,0,1481600,846324,171768,5427764,6105.539,540.756,0,372.521,0,27.038,6164,5234,2.160,1.290,0.750,5,0,696.975,0,0,11,28,2,25,0
09-03 12:05:50,81.140,8.988,8.988,0,0,1704228,623640,171768,5427816,20630.032,17123.786,0,291.605,0,14.980,5652,4140,2.160,1.290,0.750,5,0,0,0,0,11,33,2,25,0
09-03 12:05:51,74.599,9.012,15.020,1.752,0,1664652,662960,171812,5428024,43731.768,33186.839,0,1966.598,0,143.189,11704,17208,2.390,1.360,0.770,5,0,60.079,0,0,11,28,2,26,0
09-03 12:05:52,81.251,18.250,0.250,0,0,1644260,683224,171812,5428152,11102.162,4450.065,0,204.003,0,15.000,5491,4110,2.390,1.360,0.770,6,0,250.004,0,0,11,29,2,21,0
09-03 12:05:53,81.141,8.489,9.987,0,0,1762732,564572,171812,5428328,39542.915,28005.404,0,327.560,0,13.981,6845,7439,2.390,1.360,0.770,6,0,0,0,0,11,33,2,22,0
09-03 12:05:54,70.345,12.767,15.771,0.250,0,1607208,719716,171840,5428672,39821.902,31933.224,0,440.596,0,35.047,9797,15846,2.390,1.360,0.770,2,0,268.363,0,0,11,28,2,26,0
09-03 12:05:55,38.885,7.229,53.342,0,0,1602640,724248,171844,5428704,9912.561,5121.789,0,223.337,0,7.976,3073,2111,2.390,1.360,0.770,1,0,29.911,0,0,11,30,2,26,0
09-03 12:05:56,32.586,12.533,53.892,0.501,0,1502556,824296,171848,5428736,23970.010,14273.521,0,268.706,0,26.069,6081,7871,2.600,1.420,0.800,5,0,316.833,0,0,11,28,2,25,0
09-03 12:05:57,63.309,9.721,27.168,0,0,1542160,784652,171848,5428776,16013.643,6297.982,0,219.338,0,9.970,3922,2026,2.600,1.420,0.800,1,0,62.810,0,0,11,31,2,25,0
09-03 12:05:58,47.392,6.269,44.885,0.251,0,1544952,781628,171888,5428968,32360.222,23042.227,0,485.458,0,48.145,7932,11136,2.600,1.420,0.800,7,0,91.274,0,0,11,28,2,26,0
09-03 12:05:59,82.776,16.005,1.000,0,0,1606056,720496,171892,5428992,5484.734,614.194,0,260.082,0,13.004,5001,2597,2.600,1.420,0.800,4,0,167.053,0,0,11,28,2,26,0
09-03 12:06:00,54.137,5.988,38.420,0.748,0,1624368,701964,171892,5429208,43836.855,35723.723,0,319.336,0,22.952,8628,11909,2.600,1.420,0.800,4,0,0,0,0,11,31,2,27,0
09-03 12:06:01,65.388,16.785,16.535,1.002,0.251,1562600,763684,171912,5429232,12565.424,5760.113,128.270,1058.225,1.002,67.141,6092,6432,2.630,1.440,0.810,3,0,325.685,0,0,11,28,1,29,0
09-03 12:06:02,48.335,5.232,46.591,0,0,1599816,726288,171916,5429408,24271.028,20974.298,0,135.537,0,8.969,5384,6031,2.630,1.440,0.810,3,0,0,0,0,11,31,1,29,0
09-03 12:06:03,55.775,15.507,26.762,0.750,0,1523540,802376,171928,5429580,16237.375,9223.189,0,1076.489,0,32.015,6432,7374,2.630,1.440,0.810,3,0,299.136,0,0,11,28,1,31,0
09-03 12:06:04,52.886,5.264,41.106,0.251,0,1594624,731264,171928,5429604,23737.932,14327.777,0,437.122,0,12.031,4140,3336,2.630,1.440,0.810,2,0,0,0,0,11,31,1,31,0
09-03 12:06:05,55.375,14.467,29.683,0,0,1516776,808920,171936,5429788,21624.164,14722.750,0,331.252,0,28.935,7534,9348,2.630,1.440,0.810,3,0,286.353,0,0,11,28,1,34,0
09-03 12:06:06,54.494,6.499,38.246,0,0,1596964,728636,171940,5429880,19538.704,12342.550,0,191.977,0,10.999,4173,2857,2.660,1.470,0.820,3,0,0,0,0,11,31,1,34,0
09-03 12:06:07,53.645,10.779,34.343,0.752,0,1544812,780588,171952,5430068,21322.591,14448.023,0,397.072,0,36.097,7697,9407,2.660,1.470,0.820,4,0,113.306,0,0,11,28,1,36,0
09-03 12:06:08,55.546,5.978,38.110,0,0,1603700,721544,171952,5430220,19873.876,12797.911,0,3303.844,0,111.589,4386,3088,2.660,1.470,0.820,4,0,0,0,0,11,31,1,34,0
09-03 12:06:09,56.206,17.564,25.343,0.502,0,1555960,769228,171956,5430272,21137.356,14011.277,0,686.512,0,53.195,7578,10091,2.660,1.470,0.820,5,0,440.612,0,0,11,28,1,36,0
09-03 12:06:10,82.757,17.251,0,0,0,1692536,632580,171956,5430340,3819.302,660.052,0,240.019,0,17.001,5616,4751,2.660,1.470,0.820,7,0,429.034,0,0,11,28,1,36,0
09-03 12:06:11,75.742,18.498,4.999,0.250,0,1788260,536672,171964,5430424,45059.151,42553.420,0,403.957,0,23.997,7524,9015,2.770,1.510,0.840,5,0,531.943,0,0,11,33,1,36,0
09-03 12:06:12,78.007,20.252,2.000,0.250,0,1613460,711224,171996,5430644,35500.979,22350.876,0,1520.128,0,104.009,8398,10076,2.770,1.510,0.840,5,0,430.036,0,0,11,28,1,37,0
09-03 12:06:13,82.712,10.245,6.997,0,0,1724268,600228,172000,5430840,19691.953,14734.231,0,119.945,0,7.996,5435,3646,2.770,1.510,0.840,2,0,29.986,0,0,11,32,1,37,0
09-03 12:06:14,68.752,10.500,19.251,0,0,1616500,707748,172004,5431076,51131.395,40031.092,0,1568.043,0,50.001,9906,16297,2.770,1.510,0.840,3,0,168.005,0,0,11,29,1,41,0
09-03 12:06:15,20.747,28.496,50.242,0,0,1547764,776496,172008,5431152,11329.212,3318.476,0,243.961,0,16.997,7580,7569,2.770,1.510,0.840,4,0,877.861,0,0,11,28,1,42,0
09-03 12:06:16,71.719,22.240,5.748,0,0,1595584,728648,172012,5431192,11097.231,2835.781,0,2590.887,0,177.924,5782,4449,2.790,1.540,0.850,4,0,557.760,0,0,11,29,1,42,0
09-03 12:06:17,59.533,8.004,31.767,0.250,0,1599336,724820,172024,5431252,30535.761,25592.047,0,344.189,0,34.019,6739,8843,2.790,1.540,0.850,3,0,68.037,0,0,11,30,1,44,0
09-03 12:06:18,73.534,16.258,10.005,0,0,1541988,781980,172032,5431428,11185.179,6209.876,0,400.185,0,39.018,6062,6073,2.790,1.540,0.850,3,0,201.093,0,0,11,28,2,46,0
09-03 12:06:19,64.702,6.995,27.730,0,0,1619888,704020,172032,5431484,28670.881,25716.058,0,191.859,0,9.993,5711,6839,2.790,1.540,0.850,3,0,0,0,0,11,32,1,46,0
09-03 12:06:20,53.270,6.252,38.514,0.250,0,1588764,734864,172032,5431756,48849.001,40045.757,0,296.109,0,23.008,13624,22348,2.790,1.540,0.850,3,0,2.001,0,0,11,31,1,46,0
09-03 12:06:21,77.240,13.998,8.249,0.750,0,1556656,766784,172048,5431928,16636.912,9043.865,0,471.941,0,46.994,6836,7658,2.890,1.580,0.870,4,0,117.985,0,0,11,28,1,46,0
09-03 12:06:22,64.275,7.253,27.761,0,0,1614456,708936,172052,5431980,30612.051,25130.893,0,144.057,0,9.004,5477,6837,2.890,1.580,0.870,2,0,0,0,0,11,32,1,46,0
09-03 12:06:23,53.235,5.748,39.989,0,0,1616700,706416,172056,5432244,50112.190,42039.415,0,139.961,0,8.998,14037,22245,2.890,1.580,0.870,3,0,0,0,0,11,31,1,47,0
09-03 12:06:24,73.776,18.006,8.253,0,0,1545316,777600,172060,5432400,18268.338,10732.723,0,216.075,0,14.005,6866,6861,2.890,1.580,0.870,4,0,262.091,0,0,11,28,1,50,0
09-03 12:06:25,65.971,7.247,26.238,0,0,1643808,679036,172064,5432460,31382.019,24962.879,0,131.941,0,7.996,5333,6579,2.890,1.580,0.870,2,0,0,0,0,11,32,1,50,0
09-03 12:06:26,65.275,9.254,23.759,0.250,0,1580296,742296,172080,5432692,35827.653,28356.806,0,332.127,0,31.012,10371,15659,3.050,1.630,0.890,4,0,68.026,0,0,11,28,1,52,0
09-03 12:06:27,74.887,10.983,14.229,0,0,1615132,707444,172084,5432704,18531.106,9201.150,0,103.844,0,7.988,4617,2978,3.050,1.630,0.890,5,0,60.908,0,0,11,30,1,52,0
09-03 12:06:28,63.770,11.754,23.007,0.750,0,1615672,706848,172092,5432752,26517.134,19673.035,0,352.108,0,36.011,6766,8551,3.050,1.630,0.890,2,0,120.037,0,0,11,30,1,54,0
09-03 12:06:29,64.702,7.494,27.480,0.749,0,1657320,664936,172120,5432980,38646.571,32727.925,0,2018.515,0,146.892,9611,14274,3.050,1.630,0.890,4,0,51.962,0,0,11,30,1,56,0
09-03 12:06:30,75.897,14.027,9.268,0,0,1568732,753356,172120,5433148,20917.603,11924.146,0,112.218,0,7.014,6188,7036,3.050,1.630,0.890,5,0,175.340,0,0,11,28,1,58,0
09-03 12:06:31,68.599,7.733,23.199,0,0,1603308,718720,172120,5433208,29085.921,22607.194,0,0,0,0,5249,5785,3.050,1.660,0.900,4,0,33.925,0,0,11,30,1,60,0
09-03 12:06:32,71.119,10.768,17.029,1.252,0,1634696,687112,172132,5433404,26655.653,16971.430,0,228.383,0,27.045,6353,8556,3.050,1.660,0.900,4,0,106.178,0,0,11,29,1,62,0
09-03 12:06:33,52.252,10.750,35.751,0.750,0,1525076,796712,172132,5433424,19859.740,14241.530,0,360.013,0,35.001,5949,5491,3.050,1.660,0.900,2,0,164.006,0,0,11,29,1,63,0
09-03 12:06:34,56.101,8.228,34.159,0.499,0,1576660,744936,172132,5433616,13149.985,10136.010,0,5118.371,0,161.570,4945,4796,3.050,1.660,0.900,1,0,21.942,0,0,11,30,1,64,0
09-03 12:06:35,52.665,9.530,37.367,0.502,0,1607168,714348,172136,5433680,28330.503,20425.809,0,312.978,0,23.072,5990,7906,3.050,1.660,0.900,3,0,97.304,0,0,11,30,1,66,0
09-03 12:06:36,55.100,10.222,33.409,0,0,1627612,693836,172140,5433740,15941.494,8343.230,0,291.205,0,25.929,4851,4659,2.970,1.660,0.910,3,0,86.763,0,0,11,33,1,66,0
09-03 12:06:37,35.482,6.746,57.220,0.250,0,1597460,723864,172140,5433864,31146.821,21267.953,0,151.921,0,11.994,5351,6856,2.970,1.660,0.910,1,0,86.955,0,0,11,34,1,64,0
09-03 12:06:38,37.372,9.782,51.920,0.752,0,1527756,793552,172144,5433876,9930.486,4023.161,0,405.326,0,36.118,4699,4726,2.970,1.660,0.910,2,0,135.443,0,0,11,32,1,66,0
09-03 12:06:39,33.393,3.738,61.802,0,0,1556480,764512,172148,5434184,21756.389,12712.326,0,183.413,0,12.959,2981,3090,2.970,1.660,0.910,1,0,0,0,0,11,34,1,66,0
09-03 12:06:40,38.622,9.781,51.162,0.251,0,1476524,844428,172152,5434220,10146.162,5744.208,0,216.687,0,14.045,5098,5465,2.970,1.660,0.910,2,0,138.439,0,0,11,32,1,68,0
09-03 12:06:41,34.886,3.987,60.303,0,0,1531256,789684,172156,5434228,17526.695,11535.284,0,147.518,0,7.974,3061,2477,2.810,1.650,0.910,2,0,0,0,0,11,34,1,66,0
09-03 12:06:42,38.761,7.252,52.764,0.750,0,1486896,833992,172168,5434264,9563.619,6393.751,0,420.115,0,47.013,5024,5515,2.810,1.650,0.910,2,0,65.018,0,0,11,32,1,68,0
09-03 12:06:43,35.172,4.241,59.368,0,0,1515540,805324,172168,5434284,20579.409,14023.932,0,135.699,0,8.980,3799,3878,2.810,1.650,0.910,1,0,0,0,0,11,34,1,68,0
09-03 12:06:44,36.572,6.763,56.611,0.250,0,1468280,852548,172172,5434316,16962.382,8994.702,0,268.528,0,23.045,5086,5721,2.810,1.650,0.910,2,0,48.095,0,0,11,32,1,70,0
09-03 12:06:45,38.272,4.002,56.533,0,0,1520488,800192,172172,5434464,18518.694,11398.582,0,444.257,0,57.033,3097,2666,2.810,1.650,0.910,1,0,0,0,0,11,34,1,64,0
09-03 12:06:46,29.327,12.282,57.652,0.251,0,1434468,886112,172172,5434564,21133.767,12014.704,0,376.995,0,31.082,7143,8662,2.740,1.660,0.910,3,0,281.743,0,0,11,32,1,66,0
09-03 12:06:47,18.429,2.739,77.701,0,0,1453112,867452,172176,5434572,10346.158,2814.163,0,211.187,0,10.958,1737,1237,2.740,1.660,0.910,0,0,1.992,0,0,11,33,1,66,0
09-03 12:06:48,23.331,3.763,71.246,1.003,0,1434524,886012,172184,5434484,17157.351,8928.887,0,260.903,0,22.076,4439,12599,2.740,1.660,0.910,1,0,36.125,0,0,11,32,1,68,0
09-03 12:06:49,15.205,12.712,70.290,0.748,0,1445368,875156,172184,5434604,4935.253,538.391,0,163.511,0,15.952,4034,3125,2.740,1.660,0.910,1,0,283.154,0,0,11,32,1,65,0
09-03 12:06:50,19.002,2.500,78.508,0,0,1470832,849680,172188,5434612,9684.021,6267.660,0,272.029,0,9.001,2026,1867,2.740,1.660,0.910,2,0,0,0,0,11,33,1,65,0
09-03 12:06:51,19.052,4.262,74.452,0.251,0,1462636,857848,172192,5434632,15962.395,5606.241,0,545.483,0,36.098,3640,4205,2.600,1.650,0.910,1,0,46.125,0,0,11,32,1,66,0
09-03 12:06:52,19.443,2.493,77.771,0.249,0,1456596,863756,172192,5434764,16121.515,5555.636,0,127.624,0,9.971,1923,1573,2.600,1.650,0.910,1,0,0,0,0,11,33,1,66,0
09-03 12:06:53,18.509,1.751,77.539,0.250,0,1400964,919356,172192,5434796,17416.716,9542.775,0,96.048,0,12.006,4471,5979,2.600,1.650,0.910,1,0,2.001,0,0,11,32,1,65,0
09-03 12:06:54,13.272,23.289,62.353,0.751,0,1392476,927648,172228,5434952,6576.895,540.896,0,484.803,0,39.065,6768,5976,2.600,1.650,0.910,2,0,625.035,0,0,11,32,1,67,0
09-03 12:06:55,44.423,5.990,49.165,0,0,1501636,817408,172348,5435840,7413.151,539.066,0,2739.252,0,132.770,2847,1595,2.600,1.650,0.910,2,0,1.997,0,0,11,32,1,67,0
09-03 12:06:56,30.551,4.508,44.074,19.533,0,1501856,814216,172748,5437972,7716.922,540.906,0,6126.258,0,430.721,5152,7336,2.640,1.670,0.930,3,0,28.047,0,0,11,36,1,67,0
09-03 12:06:57,26.700,6.737,38.429,25.952,0,1553916,761128,172976,5438752,2792.816,485.100,0,10915.740,0,814.488,5708,9050,2.640,1.670,0.930,1,2,23.956,0,0,11,36,1,60,0
09-03 12:06:58,28.502,4.500,39.003,26.002,0,1531032,782836,173112,5439768,7490.639,540.046,0,7928.676,0,703.060,5781,9140,2.640,1.670,0.930,2,1,19.002,0,0,11,36,1,60,0
09-03 12:06:59,25.505,5.751,37.757,29.256,0,1556988,756188,173256,5440296,10120.937,540.103,0,10345.980,0,636.122,4963,7525,2.640,1.670,0.930,2,3,10.002,0,0,11,36,0,60,0
09-03 12:07:00,27.782,5.006,40.796,25.028,0,1552420,759740,173392,5441156,3837.366,634.722,0,7036.005,0,636.724,5327,8419,2.640,1.670,0.930,1,2,28.032,0,0,11,36,0,60,0
09-03 12:07:01,25.763,5.253,34.518,32.267,0,1583796,727596,173576,5441688,7200.721,540.279,0,10177.258,0,714.369,5122,8335,2.660,1.690,0.940,1,1,20.010,0,0,11,36,0,60,0
09-03 12:07:02,26.896,4.732,32.375,34.368,0,1531628,779004,173684,5442316,9537.300,537.930,0,8523.202,0,674.405,5183,8017,2.660,1.690,0.940,1,3,12.950,0,0,11,36,0,56,0
09-03 12:07:03,27.560,4.259,34.826,31.569,0,1567376,743144,173760,5442344,7628.627,541.180,0,10863.677,0,762.662,5389,8383,2.660,1.690,0.940,1,3,8.017,0,0,11,36,0,56,0
09-03 12:07:04,25.999,5.750,40.499,26.749,0,1531496,778380,173820,5442916,7009.751,485.983,0,7127.747,0,599.979,5876,9194,2.660,1.690,0.940,1,1,10.000,0,0,11,36,0,56,0
09-03 12:07:05,25.326,4.764,41.124,26.831,0,1545948,763680,173884,5443068,4767.356,541.631,0,7378.218,0,555.673,5162,7790,2.660,1.690,0.940,2,1,12.036,0,0,11,36,0,56,0
09-03 12:07:06,27.419,4.985,44.368,20.938,0,1541024,767932,173992,5443620,8240.514,538.400,0,9551.618,0,766.722,5931,9370,2.850,1.750,0.960,3,1,11.964,0,0,11,38,0,51,0
09-03 12:07:07,27.319,6.015,38.346,27.820,0,1534156,774556,174124,5443716,6680.786,541.360,0,9511.899,0,749.884,5671,9199,2.850,1.750,0.960,1,2,8.020,0,0,11,38,0,51,0
09-03 12:07:08,31.265,6.003,39.019,21.760,0,1489152,819860,174244,5443260,4508.154,540.258,0,8055.848,0,576.275,5855,8746,2.850,1.750,0.960,2,0,6.003,0,0,11,32,0,51,0
09-03 12:07:09,45.732,5.498,48.730,0.500,0,1577136,731872,174248,5443260,8345.640,539.783,0,571.770,0,31.987,2958,1582,2.850,1.750,0.960,2,0,2.999,0,0,11,34,0,51,0
09-03 12:07:10,28.170,5.484,42.629,21.190,0,1586832,721920,174380,5443360,5421.579,538.468,0,4168.145,0,589.324,6066,9572,2.850,1.750,0.960,1,1,6.980,0,0,11,34,0,47,0
09-03 12:07:11,28.992,6.248,41.489,21.994,0,1593864,714540,174532,5443552,7616.977,539.857,0,7466.017,0,910.758,7008,11760,2.860,1.770,0.970,2,0,1.000,0,0,11,34,0,47,0
09-03 12:07:12,26.996,5.499,40.745,24.747,0,1610528,697648,174664,5443648,6490.124,485.934,0,5715.229,0,732.901,6029,9907,2.860,1.770,0.970,2,1,2.000,0,0,11,34,0,47,0
09-03 12:07:13,20.060,20.310,47.391,10.782,0,1487148,820568,174780,5443960,3338.925,541.610,0,7077.036,0,609.813,8963,11877,2.860,1.770,0.970,2,0,645.920,0,0,11,32,0,47,0
09-03 12:07:14,8.504,21.009,64.028,5.753,0,1482176,825460,174808,5444004,7233.216,540.240,0,2036.906,0,90.040,6186,4979,2.860,1.770,0.970,2,0,450.200,0,0,11,32,0,46,0
09-03 12:07:15,11.997,16.745,61.482,8.498,0,1470060,837476,174848,5444064,8598.523,539.844,0,4362.743,0,221.936,5644,5115,2.860,1.770,0.970,1,2,372.893,0,0,11,32,0,46,0
09-03 12:07:16,21.940,3.989,67.315,5.734,0,1520984,786552,174864,5444048,8006.003,538.520,0,2397.413,0,122.663,2130,1867,2.710,1.750,0.970,2,0,1.995,0,0,11,32,0,46,0
09-03 12:07:17,22.811,3.760,73.697,0,0,1506096,801420,174864,5444064,4925.151,541.446,0,16.043,0,1.003,1852,1332,2.710,1.750,0.970,1,0,2.005,0,0,11,32,0,46,0
09-03 12:07:18,22.193,3.242,73.313,0,0,1552728,754808,174864,5444044,6377.709,538.624,0,23.939,0,1.995,1882,1237,2.710,1.750,0.970,1,0,1.995,0,0,11,32,0,38,0
09-03 12:07:19,22.539,3.005,73.877,0,0,1539728,767788,174864,5444064,4981.583,540.932,0,0,0,0,1826,1270,2.710,1.750,0.970,1,0,1.002,0,0,11,32,0,38,0
09-03 12:07:20,22.782,3.004,73.354,0.250,0,1558592,748936,174864,5444052,4129.844,486.689,0,1161.644,0,158.224,1843,1126,2.710,1.750,0.970,2,0,2.003,0,0,11,32,0,38,0
09-03 12:07:21,21.727,3.746,73.171,0.499,0,1512576,794992,174864,5444052,3461.282,539.421,0,1150.764,0,80.913,2079,1767,2.580,1.740,0.970,2,1,0.999,0,0,11,32,0,38,0
09-03 12:07:22,22.212,3.744,73.374,0.499,0,1495924,811624,174864,5444072,9367.912,539.074,0,882.484,0,126.782,1983,1310,2.580,1.740,0.970,1,0,2.995,0,0,11,32,0,37,0
09-03 12:07:23,22.245,3.499,73.483,0,0,1557928,749632,174864,5444060,8880.986,581.868,0,35.992,0,3.999,1889,1236,2.580,1.740,0.970,3,0,2.000,0,0,11,32,0,37,0
09-03 12:07:24,22.244,3.499,73.230,0,0,1517956,789588,174864,5444076,7735.885,539.852,0,67.981,0,4.999,1923,1414,2.580,1.740,0.970,3,0,1.000,0,0,11,32,0,37,0
09-03 12:07:25,22.258,3.751,67.275,6.502,0,1524056,783488,174888,5444052,9058.319,540.198,0,3737.369,0,183.067,2118,1915,2.580,1.740,0.970,2,0,2.001,0,0,11,32,0,37,0
09-03 12:07:26,23.501,2.500,72.503,0.750,0,1482724,824796,174888,5444076,11904.561,540.025,0,1368.064,0,14.001,1828,1185,2.450,1.730,0.970,2,0,1.000,0,0,11,32,0,31,0
09-03 12:07:27,22.999,3.000,73.497,0,0.250,1529076,778532,174888,5443988,5763.778,485.981,0,87.997,0,1.000,1739,1088,2.450,1.730,0.970,1,0,3.000,0,0,11,32,0,31,0
09-03 12:07:28,22.751,2.750,73.753,0,0,1499456,808064,174888,5444076,3942.165,540.023,0,12.001,0,1.000,1818,1360,2.450,1.730,0.970,2,0,2.000,0,0,11,32,0,31,0
09-03 12:07:29,21.999,3.750,73.746,0,0,1497660,809876,174888,5444060,3957.775,539.969,0,0,0,0,1801,1296,2.450,1.730,0.970,2,0,2.000,0,0,11,32,0,31,0
09-03 12:07:30,22.748,3.000,73.245,0,0,1473456,834080,174888,5444060,7811.433,539.961,0,23.998,0,2.000,1786,1249,2.450,1.730,0.970,2,0,1.000,0,0,11,32,0,25,0
09-03 12:07:31,23.261,2.751,73.034,0.750,0,1460080,847432,174892,5444080,7845.705,540.255,0,1016.480,0,15.007,2032,1682,2.330,1.720,0.970,2,0,1.000,0,0,11,32,0,25,0
09-03 12:07:32,22.485,3.498,73.451,0.250,0,1517892,789632,174892,5444068,8546.260,539.638,0,287.807,0,17.988,1866,1373,2.330,1.720,0.970,2,0,1.999,0,0,11,32,0,25,0
09-03 12:07:33,17.540,10.775,70.913,0,0,1484432,823048,174896,5444108,5546.736,541.243,0,204.469,0,11.025,3843,2993,2.330,1.720,0.970,1,0,260.598,0,0,11,32,0,25,0
09-03 12:07:34,17.011,10.507,72.295,0,0,1531692,775768,174896,5444128,10252.449,540.340,0,80.050,0,4.003,3423,2746,2.330,1.720,0.970,1,0,200.126,0,0,11,32,0,19,0
09-03 12:07:35,22.468,2.247,74.144,0,0,1456884,850308,174900,5444384,7661.060,485.307,0,0,0,0,1709,979,2.330,1.720,0.970,1,0,8.987,0,0,11,32,0,19,0
09-03 12:07:36,22.723,2.996,73.164,0,0,1474772,832420,174900,5444384,4150.114,539.365,0,63.925,0,2.996,1772,1269,2.230,1.700,0.970,1,0,0,0,0,11,32,0,19,0
09-03 12:07:37,14.542,15.545,69.200,0,0,1454576,852476,174900,5444524,7923.850,541.562,40.116,240.694,2.006,40.116,4803,3731,2.230,1.700,0.970,1,0,363.047,0,0,11,32,0,19,0
09-03 12:07:38,8.502,21.756,69.018,0.500,0,1434184,872828,174900,5444556,5535.414,540.138,0,376.096,0,8.002,6259,5034,2.230,1.700,0.970,2,0,523.134,0,0,11,32,0,13,0
09-03 12:07:39,8.232,22.451,68.601,0,0,1421788,885184,174900,5444592,4547.153,538.833,0,462.997,0,5.987,6541,5487,2.230,1.700,0.970,2,0,579.745,0,0,11,32,0,13,0
09-03 12:07:40,8.762,22.280,67.591,0,0,1407852,899076,174900,5444616,7964.691,540.726,0,1473.979,0,16.022,6575,5440,2.230,1.700,0.970,2,0,611.821,0,0,11,32,0,13,0
09-03 12:07:41,9.487,20.721,69.654,0.250,0,1398204,908664,174908,5444660,6583.899,539.255,0,1386.084,0,23.967,6597,5583,2.130,1.690,0.970,1,0,556.231,0,0,11,32,0,13,0
09-03 12:07:42,9.492,19.983,68.690,0.250,0,1393280,913540,174920,5444696,8158.896,539.530,0,575.499,0,30.973,6215,4934,2.130,1.690,0.970,1,0,485.577,0,0,11,32,0,9,0
09-03 12:07:43,8.777,21.065,69.463,0,0,1391800,914976,174920,5444732,6599.280,487.498,0,280.863,0,11.034,6135,4744,2.130,1.690,0.970,1,0,487.498,0,0,11,32,0,9,0
09-03 12:07:44,7.995,21.236,69.453,0,0,1380216,926520,174920,5444768,4231.126,539.634,0,43.970,0,10.993,6194,4932,2.130,1.690,0.970,2,0,517.648,0,0,11,32,0,9,0
09-03 12:07:45,23.016,28.019,47.532,0.751,0,1386496,920192,174960,5444776,7948.358,540.364,0,976.658,0,50.034,7448,6959,2.130,1.690,0.970,5,0,809.546,0,0,11,32,0,13,0
09-03 12:07:46,65.498,11.250,22.499,0,0,1593236,712512,175088,5445552,7069.810,581.984,0,763.979,0,29.999,4190,2726,2.200,1.720,0.980,3,0,104.997,0,0,11,32,0,15,0
09-03 12:07:47,35.641,5.234,29.410,28.164,0,1655996,643532,175476,5450384,7431.332,538.358,374.857,8258.808,3.988,494.492,5883,7999,2.200,1.720,0.980,6,0,22.930,0,0,11,38,0,11,0
09-03 12:07:48,10.267,3.506,53.340,30.552,0,1655976,641516,175616,5452200,6234.571,540.917,0,9415.965,0,680.153,5230,9068,2.200,1.720,0.980,1,2,26.044,0,0,11,38,0,12,0
09-03 12:07:49,10.483,5.241,44.676,36.689,0,1654632,641612,175732,5453280,7909.949,539.110,0,12040.134,0,797.684,6396,16692,2.200,1.720,0.980,0,2,46.923,0,0,11,38,0,13,0
09-03 12:07:50,9.006,3.252,48.532,36.524,0,1651636,642900,175912,5454760,8943.900,540.356,0,13560.946,0,941.621,5817,10421,2.200,1.720,0.980,2,3,21.014,0,0,11,38,0,13,0
09-03 12:07:51,6.743,3.247,48.948,38.209,0,1649272,643780,176068,5456036,7693.839,539.428,0,12406.841,0,832.117,5392,9718,2.500,1.790,1.010,1,2,11.987,0,0,11,38,0,11,0
09-03 12:07:52,8.528,3.010,47.406,37.875,0,1647716,644140,176216,5457056,4184.785,487.606,0,12388.811,0,806.657,5505,9815,2.500,1.790,1.010,2,2,12.040,0,0,11,38,0,11,0
09-03 12:07:53,7.477,3.240,51.842,34.894,0,1645468,644700,176400,5458428,8535.050,538.363,0,10930.766,0,798.572,5377,9649,2.500,1.790,1.010,0,1,14.955,0,0,11,38,0,11,0
09-03 12:07:54,7.000,3.000,49.249,37.749,0,1643768,645300,176496,5459408,7150.897,539.992,0,12907.814,0,881.987,5027,9324,2.500,1.790,1.010,1,3,6.000,0,0,11,38,0,11,0
09-03 12:07:55,19.258,7.503,36.516,35.015,0,1593584,694476,176564,5460324,8786.834,540.236,0,14074.141,0,930.406,7732,12897,2.500,1.790,1.010,4,0,63.028,0,0,11,36,0,8,0
09-03 12:07:56,23.303,4.260,33.828,37.085,0,1636580,650388,176612,5461348,12715.174,5584.814,0,14192.564,0,967.219,6013,9057,2.700,1.840,1.030,1,2,12.028,0,0,11,37,0,8,0
09-03 12:07:57,20.950,5.487,45.891,25.190,0,1623156,661984,176708,5463012,12607.053,4762.687,0,9361.762,0,726.275,7312,11778,2.700,1.840,1.030,1,3,88.789,0,0,11,36,0,9,0
09-03 12:07:58,24.243,5.248,34.989,33.490,0,1684340,599920,176736,5463812,9152.229,2505.242,0,13235.993,0,933.717,5540,8983,2.700,1.840,1.030,0,2,5.998,0,0,11,39,0,9,0
09-03 12:07:59,21.056,4.261,38.351,34.090,0,1678104,604828,176768,5465068,14815.152,9979.372,0,9489.077,0,667.765,7465,11994,2.700,1.840,1.030,0,1,6.016,0,0,11,39,0,9,0
09-03 12:08:00,20.728,5.244,41.705,29.718,0,1620432,660984,176784,5466480,17543.070,8900.396,0,10564.600,0,712.231,8064,12836,2.700,1.840,1.030,1,2,45.950,0,0,11,38,0,9,0
09-03 12:08:01,23.461,5.990,35.440,32.945,0,1684032,596248,176836,5467532,10566.255,2585.658,0,13569.211,0,850.572,5918,9443,2.730,1.860,1.040,0,1,8.985,0,0,11,39,0,9,0
09-03 12:08:02,19.494,4.748,43.986,29.490,0,1678156,600972,176924,5468568,15904.799,8078.358,0,13875.462,0,871.715,7440,12050,2.730,1.860,1.040,1,1,5.998,0,0,11,39,0,9,0
09-03 12:08:03,22.025,4.255,45.801,25.529,0,1673584,604184,177012,5469808,19563.952,11234.606,0,10720.029,0,784.881,9245,15192,2.730,1.860,1.040,1,3,15.017,0,0,11,38,0,10,0
09-03 12:08:04,24.648,7.469,29.627,36.598,0,1704648,572120,177052,5470744,6546.791,603.492,0,10787.167,0,713.037,6672,10329,2.730,1.860,1.040,3,1,70.706,0,0,11,38,0,10,0
09-03 12:08:05,23.335,3.764,43.156,27.851,0,1712672,562652,177080,5472128,14130.227,7399.827,0,8988.587,0,687.492,6687,10775,2.730,1.860,1.040,1,1,3.011,0,0,11,39,0,10,0
09-03 12:08:06,18.766,4.003,43.537,31.026,0,1703440,571176,177116,5472776,14840.471,8385.046,0,13911.690,0,910.765,7834,13236,2.830,1.900,1.060,1,2,3.003,0,0,11,39,0,10,0
09-03 12:08:07,22.794,6.012,34.316,35.068,0,1686660,586896,177188,5473736,9912.111,5248.119,0,11389.960,0,685.321,7050,11181,2.830,1.900,1.060,1,4,43.083,0,0,11,38,0,10,0
09-03 12:08:08,23.439,3.990,39.398,31.169,0,1723588,549076,177288,5474504,14828.506,5503.713,0,13389.242,0,949.535,5729,8946,2.830,1.900,1.060,1,2,2.992,0,0,11,39,0,10,0
09-03 12:08:09,31.542,4.756,39.553,23.281,0,1709604,561476,177456,5475860,18341.642,8311.166,0,9745.092,0,771.036,8425,13553,2.830,1.900,1.060,1,2,9.012,0,0,11,39,0,10,0
09-03 12:08:10,25.785,18.776,30.792,23.282,0,1521696,747612,177524,5477768,12651.327,7871.781,372.510,11323.509,6.008,640.878,10420,16362,2.830,1.900,1.060,10,1,435.597,0,0,11,36,0,11,0
09-03 12:08:11,35.997,13.499,23.248,26.248,0,1570044,698092,177592,5478492,9331.235,1226.899,1527.875,9720.203,29.998,618.949,6796,10054,2.840,1.910,1.070,1,1,117.990,0,0,11,37,0,11,0
09-03 12:08:12,20.954,7.234,46.898,22.202,0,1486772,780124,177672,5479660,15639.843,8678.047,666.544,9351.576,11.974,646.588,7453,11706,2.840,1.910,1.070,1,1,95.791,0,0,11,36,0,12,0
09-03 12:08:13,23.981,6.495,38.970,28.478,0,1534232,731620,177756,5480560,9044.970,781.393,0,10280.010,0,725.436,5855,9318,2.840,1.910,1.070,0,2,32.974,0,0,11,36,1,12,0
09-03 12:08:14,18.257,4.252,47.269,28.512,0,1465192,799432,177836,5481676,12129.941,7010.856,0,9860.016,0,702.286,5705,9295,2.840,1.910,1.070,2,2,3.001,0,0,11,36,0,13,0
09-03 12:08:15,22.498,7.249,33.248,35.247,0,1519696,744080,177896,5482448,5013.627,485.964,0,10667.207,0,693.948,5688,8262,2.840,1.910,1.070,2,1,56.996,0,0,11,36,0,13,0
09-03 12:08:16,19.543,4.259,46.353,27.561,0,1532468,729728,177996,5483848,16790.167,8951.816,0,8578.991,0,624.382,6634,10710,2.700,1.900,1.070,2,2,3.007,0,0,11,37,0,13,0
09-03 12:08:17,20.958,6.986,46.905,22.954,0,1561820,699396,178044,5484736,9618.584,2615.720,0,10834.131,0,536.916,5815,8377,2.700,1.900,1.070,3,1,43.911,0,0,11,36,0,14,0
09-03 12:08:18,20.738,4.497,38.978,32.982,0,1584632,675708,178060,5485576,8444.266,6303.466,0,12560.958,0,832.533,6161,10199,2.700,1.900,1.070,0,1,5.997,0,0,11,37,0,14,0
09-03 12:08:19,17.002,5.751,50.757,25.503,0,1554116,704840,178100,5486888,13451.748,5849.760,0,9465.230,0,719.093,7125,11451,2.700,1.900,1.070,0,3,69.009,0,0,11,36,0,15,0
09-03 12:08:20,2.750,2.750,56.246,35.497,0,1546928,711436,178148,5487416,5611.596,539.961,0,10327.256,0,689.950,5225,9908,2.700,1.900,1.070,0,1,0,0,0,11,36,0,15,0
09-03 12:08:21,4.000,2.000,63.748,27.749,0,1529732,727600,178200,5488372,6829.735,539.979,0,7335.716,0,534.979,3818,6984,2.640,1.900,1.080,0,1,0,0,0,11,36,0,15,0
09-03 12:08:22,4.250,2.500,63.997,27.499,0,1518980,737280,178224,5489352,7134.644,539.973,0,8147.594,0,563.972,4016,7334,2.640,1.900,1.080,1,1,0,0,0,11,36,0,15,0
09-03 12:08:23,4.255,2.503,61.076,29.036,0,1509444,744796,178240,5491308,4147.191,486.609,0,10272.858,0,786.985,4933,8895,2.640,1.900,1.080,0,4,9.011,0,0,11,36,0,15,0
09-03 12:08:24,3.246,2.497,52.187,38.703,0,1500940,752728,178276,5491820,10157.740,539.349,0,11578.026,0,851.972,4641,8488,2.640,1.900,1.080,2,1,2.996,0,0,11,36,0,15,0
09-03 12:08:25,4.756,2.753,64.324,25.780,0,1490060,763144,178292,5492248,6856.931,834.966,0,8389.704,0,696.806,4953,8899,2.640,1.900,1.080,1,2,15.017,0,0,11,36,0,15,0
09-03 12:08:26,3.496,2.247,56.429,34.956,0,1484796,767772,178308,5492852,11004.116,832.949,0,12068.773,0,737.070,4265,7669,2.590,1.900,1.080,0,2,0,0,0,11,36,0,15,0
09-03 12:08:27,6.000,2.750,66.003,21.501,0,1482744,769040,178352,5493556,7555.337,582.026,0,8616.384,0,751.034,5356,9456,2.590,1.900,1.080,0,2,10.000,0,0,11,36,0,15,0
09-03 12:08:28,6.761,2.504,55.842,32.553,0,1478320,773120,178416,5493816,9031.814,540.887,0,12853.081,0,928.523,4937,8861,2.590,1.900,1.080,2,2,9.015,0,0,11,36,0,15,0
09-03 12:08:29,5.491,2.745,64.394,24.210,0.250,1474592,776600,178440,5494028,6849.676,539.109,0,6864.651,0,610.990,4989,8682,2.590,1.900,1.080,0,1,11.980,0,0,11,36,0,15,0
09-03 12:08:30,4.748,2.749,57.476,31.737,0,1471052,779964,178460,5494180,4036.299,485.795,0,13582.274,0,873.632,4683,8641,2.590,1.900,1.080,1,1,5.997,0,0,11,36,0,15,0
09-03 12:08:31,5.003,2.501,62.532,27.514,0,1465852,783496,178520,5495740,3827.968,540.278,0,10205.245,0,722.371,4954,8900,2.540,1.900,1.090,1,0,9.005,0,0,11,36,0,15,0
09-03 12:08:32,4.258,2.254,65.616,24.544,0,1464520,784196,178564,5496320,8245.634,540.960,0,9256.428,0,716.271,4627,8345,2.540,1.900,1.090,1,1,9.016,0,0,11,36,0,15,0
09-03 12:08:33,4.491,2.495,60.622,30.436,0,1462880,785096,178604,5497004,5316.807,538.866,0,7248.740,0,558.824,4151,7540,2.540,1.900,1.090,0,2,2.994,0,0,11,36,0,15,0
09-03 12:08:34,3.750,2.750,49.000,41.500,0,1461984,785676,178672,5497244,7052.964,539.997,0,9887.949,0,711.996,4320,7802,2.540,1.900,1.090,0,2,9.000,0,0,11,36,0,15,0
09-03 12:08:35,5.246,2.998,54.462,35.225,0,1461576,785676,178744,5497560,4041.181,539.624,0,12958.961,0,858.401,4799,8621,2.540,1.900,1.090,1,1,5.996,0,0,11,36,0,15,0
09-03 12:08:36,7.005,2.252,63.549,24.018,0,1462912,783660,178776,5498164,6941.306,540.413,0,6216.752,0,607.464,5544,9746,2.500,1.910,1.090,0,1,12.009,0,0,11,36,0,15,0
09-03 12:08:37,5.751,3.000,58.258,30.004,0,1463420,783660,178824,5497604,6205.845,540.074,0,12221.664,0,868.118,5573,10230,2.500,1.910,1.090,0,2,4.001,0,0,11,36,0,15,0
09-03 12:08:38,3.993,2.745,59.402,30.200,0,1463528,783408,178888,5497684,5210.375,485.197,0,11748.551,0,837.613,4760,8758,2.500,1.910,1.090,1,0,0,0,0,11,36,0,15,0
09-03 12:08:39,5.007,2.754,57.826,32.042,0,1463544,783728,178932,5497308,4788.334,540.715,0,9949.160,0,805.065,4913,8673,2.500,1.910,1.090,1,0,3.004,0,0,11,36,0,15,0
09-03 12:08:40,5.251,2.751,62.763,26.505,0,1463448,784432,178968,5496672,8180.647,540.109,0,7769.565,0,651.131,4440,8020,2.500,1.910,1.090,0,2,3.001,0,0,11,36,0,15,0
09-03 12:08:41,5.002,2.501,54.768,34.761,0,1463104,784432,179024,5496960,6107.001,582.191,0,12692.158,0,810.265,4208,7634,2.540,1.920,1.100,1,1,0,0,0,11,36,0,15,0
09-03 12:08:42,6.985,2.744,53.383,33.676,0,1463024,784180,179052,5497264,7669.127,580.722,0,14364.397,0,879.066,4850,8551,2.540,1.920,1.100,1,3,5.987,0,0,11,36,0,15,0
09-03 12:08:43,7.266,2.505,63.136,24.052,0,1462940,783676,179096,5497804,7460.065,541.165,0,7556.272,0,681.468,5127,9118,2.540,1.920,1.100,0,1,12.026,0,0,11,36,0,15,0
09-03 12:08:44,3.749,2.250,57.242,32.996,0,1462688,783676,179120,5498028,8871.799,581.921,0,11726.412,0,843.886,5055,9365,2.540,1.920,1.100,0,2,5.999,0,0,11,36,0,15,0
09-03 12:08:45,4.749,2.999,63.233,27.243,0,1462348,783676,179132,5498344,6302.350,485.873,0,5974.436,0,561.853,4359,7690,2.540,1.920,1.100,0,1,5.998,0,0,11,36,0,15,0
09-03 12:08:46,6.507,2.503,63.064,25.776,0,1461996,783676,179144,5498672,4533.626,540.552,0,7920.082,0,699.714,4794,8660,2.410,1.910,1.100,0,1,9.009,0,0,11,36,0,15,0
09-03 12:08:47,3.751,3.001,58.268,31.510,0,1461888,783424,179160,5499008,8634.639,540.165,0,13384.091,0,898.275,4608,8555,2.410,1.910,1.100,0,2,4.001,0,0,11,36,0,15,0
09-03 12:08:48,6.001,2.500,59.511,29.505,0,1462788,783424,179164,5498104,6837.272,540.101,0,10189.896,0,823.153,5166,9386,2.410,1.910,1.100,0,1,3.001,0,0,11,38,0,8,0
09-03 12:08:49,9.760,4.755,57.809,25.276,0,1458832,787268,179180,5498196,4145.265,540.556,0,8308.549,0,664.684,5428,12795,2.410,1.910,1.100,1,2,42.043,0,0,11,38,0,9,0
09-03 12:08:50,3.741,2.244,54.613,35.910,0,1458588,787268,179192,5498428,7549.055,538.648,0,11774.451,0,812.960,4956,9074,2.410,1.910,1.100,0,2,2.992,0,0,11,38,0,9,0
09-03 12:08:51,4.252,2.751,57.020,33.262,0.250,1458268,787268,179192,5498748,8714.102,540.192,0,9011.207,0,656.234,4456,7870,2.300,1.890,1.100,1,1,0,0,0,11,38,0,9,0
09-03 12:08:52,7.011,2.504,62.602,25.291,0,1458024,787268,179228,5498960,8756.324,540.885,0,6562.736,0,622.018,4740,8367,2.300,1.890,1.100,5,1,9.015,0,0,11,38,0,8,0
09-03 12:08:53,4.742,2.995,57.409,31.700,0,1457356,787268,179260,5499584,6298.978,485.228,0,12508.099,0,909.553,5421,9927,2.300,1.890,1.100,1,1,8.986,0,0,11,38,0,8,0
09-03 12:08:54,6.249,2.000,67.741,21.747,0,1458000,786512,179272,5499676,3199.568,539.927,0,3731.496,0,376.949,3835,6762,2.300,1.890,1.100,1,1,5.999,0,0,11,38,0,8,0
09-03 12:08:55,7.749,2.750,53.742,32.745,0,1457628,786512,179284,5500036,9590.518,539.917,0,12406.083,0,828.872,5741,10409,2.300,1.890,1.100,1,1,8.999,0,0,11,38,0,8,0
09-03 12:08:56,9.250,2.750,58.497,26.999,0,1457208,786512,179288,5500440,6639.675,539.974,0,11107.457,0,780.962,4725,8162,2.360,1.910,1.110,3,1,3.000,0,0,11,38,0,8,0
09-03 12:08:57,8.748,2.499,64.984,20.995,0,1457904,785252,179316,5500960,7324.183,539.866,0,5594.612,0,628.844,5305,9285,2.360,1.910,1.110,1,2,15.996,0,0,11,38,0,8,0
09-03 12:08:58,7.504,2.501,52.280,34.770,0,1457588,785252,179336,5501252,7421.204,540.306,0,12895.305,0,924.524,5433,9780,2.360,1.910,1.110,0,1,9.005,0,0,11,38,0,8,0
09-03 12:08:59,5.249,2.749,57.489,31.744,0,1457380,785252,179360,5501428,8161.374,539.892,0,11481.713,0,746.851,4506,8192,2.360,1.910,1.110,0,2,2.999,0,0,11,38,0,8,0
09-03 12:09:00,6.000,2.000,65.253,24.001,0,1457232,785000,179400,5501776,5335.241,634.029,0,4836.219,0,519.023,4424,7853,2.360,1.910,1.110,0,1,12.001,0,0,11,38,0,7,0
09-03 12:09:01,5.000,3.250,60.247,29.249,0,1457272,784496,179444,5502184,3861.830,485.979,0,14447.363,0,1030.955,5948,10974,2.410,1.930,1.120,0,1,9.000,0,0,11,38,0,7,0
09-03 12:09:02,5.001,2.750,60.258,29.254,0,1456648,784496,179464,5502772,4188.556,540.072,0,5856.778,0,590.078,4720,8276,2.410,1.930,1.120,0,1,15.002,0,0,11,38,0,7,0
09-03 12:09:03,7.002,3.001,55.765,31.258,0,1456220,784496,179480,5503172,7398.970,540.144,0,13827.681,0,937.250,5339,9588,2.410,1.930,1.120,0,2,3.001,0,0,11,38,0,7,0
09-03 12:09:04,3.248,2.499,50.975,40.480,0,1455880,784496,179492,5503488,5267.429,539.737,0,10203.021,0,655.680,4241,7829,2.410,1.930,1.120,0,2,2.999,0,0,11,38,0,6,0
09-03 12:09:05,5.009,2.505,63.370,27.302,0,1455856,783992,179508,5503984,7853.883,541.025,0,7353.936,0,612.160,4335,7734,2.410,1.930,1.120,0,2,3.006,0,0,11,38,0,6,0
09-03 12:09:06,4.990,2.745,60.633,28.695,0.250,1455176,783992,179536,5504620,5699.038,538.963,0,7781.034,0,668.714,4498,8111,2.460,1.950,1.130,0,2,8.983,0,0,11,38,0,6,0
09-03 12:09:07,6.000,3.000,53.250,35.000,0,1455364,783488,179560,5504904,10341.017,540.001,0,13492.022,0,938.002,5146,9238,2.460,1.950,1.130,0,1,13.000,0,0,11,38,0,6,0
09-03 12:09:08,4.501,3.751,58.262,31.006,0,1454892,783236,179580,5505592,7274.453,540.108,0,13738.744,0,918.183,5374,9676,2.460,1.950,1.130,1,2,12.002,0,0,11,38,0,6,0
09-03 12:09:09,4.751,2.500,65.761,24.254,0,1454680,782984,179588,5506036,6455.032,486.078,0,5796.927,0,595.095,4681,8418,2.460,1.950,1.130,0,1,6.001,0,0,11,38,0,6,0
09-03 12:09:10,5.998,3.749,51.730,35.736,0,1455260,781724,179612,5506640,8775.632,539.793,0,13438.842,0,924.645,6032,10879,2.460,1.950,1.130,0,2,14.994,0,0,11,38,0,6,0
09-03 12:09:11,4.751,2.750,64.759,25.003,0.250,1455160,781472,179628,5506964,6594.917,540.075,0,6748.938,0,608.085,4520,8085,2.420,1.950,1.140,0,1,6.001,0,0,11,38,0,6,0
09-03 12:09:12,4.500,3.500,55.505,33.753,0,1455132,781220,179640,5507220,4092.339,540.045,0,15185.257,0,1059.088,5597,10302,2.420,1.950,1.140,1,1,9.001,0,0,11,38,0,6,0
09-03 12:09:13,3.750,2.750,61.496,28.998,0,1454852,781220,179644,5507496,9145.387,539.964,0,9651.353,0,700.953,4545,8246,2.420,1.950,1.140,0,1,3.000,0,0,11,38,0,4,0
09-03 12:09:14,4.500,2.000,60.751,29.500,0,1454916,780716,179656,5507912,5965.094,540.009,0,7960.125,0,633.010,4459,8215,2.420,1.950,1.140,2,1,9.000,0,0,11,38,0,4,0
09-03 12:09:15,4.999,3.499,59.986,29.493,0,1454360,780716,179672,5508444,8687.042,539.878,0,10125.718,0,784.823,5142,9366,2.420,1.950,1.140,1,1,8.998,0,0,11,38,0,4,0
09-03 12:09:16,5.502,2.501,56.520,33.512,0,1454252,780464,179684,5508780,7759.689,486.168,0,9803.397,0,724.251,4593,8095,2.390,1.950,1.140,2,0,21.007,0,0,11,38,0,4,0
09-03 12:09:17,5.250,2.750,58.004,30.502,0,1454220,779960,179688,5509296,3230.208,540.035,0,12180.786,0,794.051,5361,9612,2.390,1.950,1.140,2,1,19.001,0,0,11,38,0,2,0
09-03 12:09:18,7.499,2.000,64.490,23.246,0,1453728,779708,179704,5509992,8120.695,539.913,0,6187.006,0,614.901,5138,9062,2.390,1.950,1.140,0,1,14.998,0,0,11,38,0,2,0
09-03 12:09:19,5.252,3.001,55.270,33.512,0,1453616,779456,179712,5510340,5229.896,540.196,0,12392.493,0,879.319,5458,9911,2.390,1.950,1.140,1,1,12.004,0,0,11,38,0,2,0
09-03 12:09:20,6.750,2.000,65.496,23.499,0,1453804,778952,179716,5510644,3595.775,539.966,0,5099.681,0,504.968,5344,9847,2.390,1.950,1.140,0,2,14.999,0,0,11,38,0,2,0
09-03 12:09:21,3.997,2.748,60.951,29.976,0,1454400,777944,179720,5511040,8376.205,539.562,0,11742.474,0,755.387,4196,7559,2.270,1.930,1.140,3,1,2.998,0,0,11,38,0,1,0
09-03 12:09:22,3.251,1.751,59.271,32.012,0,1454092,777944,179732,5511328,5360.932,540.195,0,11216.042,0,751.271,4519,8246,2.270,1.930,1.140,2,1,9.003,0,0,11,38,0,1,0
09-03 12:09:23,5.258,3.255,65.854,24.038,0,1454432,777188,179740,5511724,8368.245,582.923,0,7824.384,0,687.087,4843,8473,2.270,1.930,1.140,0,2,15.024,0,0,11,38,0,1,0
09-03 12:09:24,2.996,2.247,62.414,28.960,0,1454608,776684,179768,5512012,7158.087,485.328,0,8923.641,0,679.060,4305,7924,2.270,1.930,1.140,0,2,2.996,0,0,11,38,0,1,0
09-03 12:09:25,3.497,2.998,57.956,32.725,0,1454264,776684,179792,5512316,5339.990,539.595,0,10416.177,0,689.482,3902,7151,2.270,1.930,1.140,3,3,0,0,0,11,38,0,1,0
09-03 12:09:26,6.999,2.250,62.493,25.247,0,1456504,773912,179808,5512820,9055.052,539.943,0,5831.389,0,597.937,4783,8375,2.250,1.940,1.140,2,1,8.999,0,0,11,38,0,1,0
09-03 12:09:27,4.765,2.006,57.435,32.103,0,1456644,773660,179824,5512912,8390.048,541.746,0,13017.967,0,895.888,4914,8939,2.250,1.940,1.140,0,1,7.023,0,0,11,38,0,1,0
09-03 12:09:28,6.734,1.995,60.106,29.180,0,1456992,772652,179828,5513552,7713.463,538.705,0,7793.272,0,636.470,4603,7934,2.250,1.940,1.140,0,1,5.986,0,0,11,38,0,1,0
09-03 12:09:29,3.000,3.250,57.257,33.254,0,1457708,772400,179836,5513072,6112.725,540.064,0,10537.250,0,738.088,5008,9250,2.250,1.940,1.140,0,2,3.000,0,0,11,38,0,1,0
09-03 12:09:30,5.499,2.500,57.493,30.996,0,1458812,772400,179840,5511964,7750.049,539.934,0,12654.447,0,880.892,6335,11770,2.250,1.940,1.140,0,1,0,0,0,11,38,0,1,0
09-03 12:09:31,6.502,3.001,62.515,25.506,0,1460504,772400,179852,5510256,7292.702,486.113,0,6769.580,0,684.160,5672,10321,2.310,1.950,1.160,0,1,0,0,0,11,38,0,1,0
09-03 12:09:32,4.498,2.999,56.730,32.239,0,1461668,772400,179868,5509072,7645.337,539.812,0,12439.667,0,896.688,5476,10122,2.310,1.950,1.160,1,1,0,0,0,11,38,0,1,0
09-03 12:09:33,3.251,2.251,57.768,33.761,0,1462616,772400,179876,5508116,3655.137,540.168,0,8358.601,0,585.182,4689,8535,2.310,1.950,1.160,0,1,0,0,0,11,38,0,1,0
09-03 12:09:34,5.250,2.500,64.248,25.999,0,1463196,772400,179880,5507532,7490.824,539.987,0,8247.806,0,635.985,4348,7669,2.310,1.950,1.160,1,0,3.000,0,0,11,38,0,1,0
09-03 12:09:35,5.750,3.000,64.753,23.001,0,1462740,772400,179884,5507988,5751.270,540.025,0,10420.489,0,811.038,5088,9284,2.310,1.950,1.160,2,1,6.000,0,0,11,38,0,1,0
09-03 12:09:36,6.749,3.250,54.742,33.245,0,1462552,772400,179888,5508168,8551.823,539.926,0,14214.044,0,879.879,5223,9165,2.450,1.990,1.170,0,2,8.999,0,0,11,38,0,1,0
09-03 12:09:37,5.751,2.750,66.262,22.504,0,1462268,772400,179888,5508456,5887.051,540.096,0,6629.184,0,649.116,4991,8925,2.450,1.990,1.170,4,0,13.002,0,0,11,38,0,1,0
09-03 12:09:38,4.999,2.000,61.986,27.993,0,1462088,772400,179900,5508624,7595.229,539.874,0,9013.898,0,710.834,4589,8451,2.450,1.990,1.170,0,3,8.998,0,0,11,38,0,1,0
09-03 12:09:39,14.044,9.530,55.423,19.812,0,1337944,896760,179900,5508408,8525.574,487.520,0,9613.966,0,610.904,4909,6057,2.450,1.990,1.170,1,1,166.519,0,0,11,32,0,2,0
09-03 12:09:40,12.250,24.501,53.252,8.750,0,1371788,862740,179916,5508564,5198.175,540.018,0,7152.241,0,379.013,7763,7899,2.450,1.990,1.170,2,3,757.025,0,0,11,34,0,4,0
09-03 12:09:41,63.319,8.974,24.680,2.493,0,1553152,680484,179944,5509428,4574.950,538.464,0,1216.530,0,67.807,4238,2604,2.490,2.010,1.180,3,1,22.935,0,0,11,32,0,8,0
09-03 12:09:42,61.749,7.250,25.750,4.750,0,1706564,524020,180056,5512052,7936.882,539.992,0,3447.949,0,129.998,3890,1802,2.490,2.010,1.180,4,2,0,0,0,11,32,0,8,0
09-03 12:09:43,40.481,3.998,38.233,15.743,0,1791392,435092,180168,5515676,6715.926,539.753,0,7728.463,0,381.825,4929,5441,2.490,2.010,1.180,1,1,14.993,0,0,11,38,0,8,0
09-03 12:09:44,11.782,3.509,42.865,40.358,0,1790644,434084,180184,5517368,8283.215,541.452,0,11382.528,0,801.149,6717,11449,2.490,2.010,1.180,2,3,45.121,0,0,11,38,0,8,0
09-03 12:09:45,10.219,2.243,49.850,34.396,0,1790172,433076,180196,5518796,7705.757,580.250,0,12426.517,0,854.423,5692,10007,2.490,2.010,1.180,0,2,26.919,0,0,11,38,0,8,0
09-03 12:09:46,7.507,3.003,52.049,35.534,0,1789256,432824,180204,5519928,7604.186,486.460,0,10754.163,0,670.634,6205,11642,2.610,2.040,1.200,4,1,9.009,0,0,11,38,0,8,0
09-03 12:09:47,7.001,3.500,46.504,39.754,0,1788264,432320,180216,5521372,8257.784,540.051,0,10765.022,0,756.072,6656,12073,2.610,2.040,1.200,4,1,22.002,0,0,11,38,0,8,0
09-03 12:09:48,5.746,2.748,51.961,36.472,0,1788148,431312,180228,5522448,4207.818,539.592,0,12194.778,0,778.411,4917,8889,2.610,2.040,1.200,1,1,17.986,0,0,11,38,0,8,0
09-03 12:09:49,9.753,3.751,47.763,36.010,0,1810376,408380,180244,5523100,7487.079,540.150,0,10038.788,0,660.183,5452,12903,2.610,2.040,1.200,0,1,51.014,0,0,11,38,0,8,0
09-03 12:09:50,7.505,2.252,52.286,35.024,0,1810360,407624,180252,5523832,6661.630,540.376,0,10715.448,0,747.520,4600,8122,2.610,2.040,1.200,4,2,24.017,0,0,11,38,0,8,0
09-03 12:09:51,7.994,3.497,47.213,38.470,0,1809264,407624,180264,5524892,4422.502,539.573,0,12470.138,0,864.316,5899,10736,2.640,2.050,1.210,0,3,26.979,0,0,11,38,0,8,0
09-03 12:09:52,7.498,2.749,48.736,38.989,0,1806764,408876,180264,5526104,8341.549,539.841,0,12508.325,0,794.767,4948,8791,2.640,2.050,1.210,0,1,14.996,0,0,11,38,0,8,0
09-03 12:09:53,8.005,2.501,50.529,35.521,0,1803836,410604,180296,5527240,7729.492,540.314,0,12018.985,0,812.472,6090,10872,2.640,2.050,1.210,1,3,27.016,0,0,11,38,0,8,0
09-03 12:09:54,7.497,3.249,52.981,33.488,0,1799884,413484,180320,5528260,8551.981,485.829,0,13207.338,0,842.703,5726,10150,2.640,2.050,1.210,0,2,20.993,0,0,11,38,0,8,0
09-03 12:09:55,6.000,3.000,49.496,39.247,0,1798124,414216,180328,5529256,8763.371,539.961,0,10719.230,0,694.950,4410,7836,2.640,2.050,1.210,0,2,11.999,0,0,11,38,0,8,0
09-03 12:09:56,7.751,3.251,52.760,34.006,0,1796836,414168,180332,5530516,4151.789,540.103,0,13386.545,0,913.174,5557,9765,3.470,2.240,1.270,0,4,27.005,0,0,11,38,0,8,0
09-03 12:09:57,8.250,3.500,51.751,32.751,0,1795192,414492,180344,5531776,8372.197,540.013,0,9664.228,0,735.017,7170,13038,3.470,2.240,1.270,0,3,31.001,0,0,11,38,0,8,0
09-03 12:09:58,6.751,2.501,53.011,35.007,0.250,1794800,414144,180348,5532484,8025.674,540.113,0,12382.583,0,813.170,4919,8770,3.470,2.240,1.270,1,2,27.006,0,0,11,38,0,8,0
09-03 12:09:59,6.747,2.999,48.729,38.733,0,1794512,413388,180356,5533468,3479.483,539.765,0,12086.730,0,761.668,6413,11844,3.470,2.240,1.270,0,1,17.992,0,0,11,38,0,8,0
09-03 12:10:00,6.768,2.757,49.885,38.855,0,1794056,412884,180368,5534408,7297.792,635.724,0,10697.011,0,775.102,5981,10386,3.470,2.240,1.270,1,1,21.057,0,0,11,38,0,8,0
09-03 12:10:01,6.233,2.742,53.851,33.906,0,1793564,412380,180388,5535356,7513.142,538.505,0,10806.001,0,756.899,5446,9751,3.280,2.220,1.270,0,1,20.942,0,0,11,38,0,8,0
09-03 12:10:02,5.750,3.250,46.753,41.253,0,1793456,411624,180388,5536200,8999.578,486.031,0,13876.891,0,925.059,5570,10057,3.280,2.220,1.270,0,2,12.001,0,0,11,38,0,8,0
09-03 12:10:03,6.751,2.751,52.761,35.507,0,1793420,410868,180388,5536972,7140.443,540.109,0,12850.596,0,851.172,5264,9428,3.280,2.220,1.270,0,2,15.003,0,0,11,38,0,8,0
09-03 12:10:04,5.754,3.252,47.031,41.027,0,1792932,410392,180392,5537872,6108.059,540.359,0,15013.976,0,947.630,5427,9655,3.280,2.220,1.270,0,1,12.008,0,0,11,38,0,8,0
09-03 12:10:05,5.497,3.248,54.969,33.731,0,1792892,409636,180392,5538600,10350.151,539.695,0,10546.040,0,755.573,4732,8411,3.280,2.220,1.270,1,2,14.992,0,0,11,38,0,8,0
09-03 12:10:06,5.750,3.000,52.248,35.749,0,1792828,408880,180400,5539388,7841.735,539.982,0,9387.683,0,679.977,5139,8962,3.250,2.230,1.280,3,0,14.999,0,0,11,38,0,8,0
09-03 12:10:07,5.754,2.752,51.786,36.526,0,1793112,407872,180400,5540096,7850.499,540.379,0,13017.118,0,900.631,5086,9262,3.250,2.230,1.280,1,2,13.009,0,0,11,38,0,8,0
09-03 12:10:08,5.246,3.247,51.460,37.221,0,1794816,405856,180408,5540372,7578.101,539.580,0,11527.028,0,791.384,5183,9136,3.250,2.230,1.280,2,3,20.984,0,0,11,38,0,8,0
09-03 12:10:09,27.087,6.521,31.350,34.109,0,1683712,515764,180416,5541508,7649.441,487.558,0,13097.850,0,880.814,7253,10927,3.250,2.230,1.280,1,2,93.298,0,0,11,36,0,8,0
09-03 12:10:10,29.231,5.996,30.730,32.729,0,1754488,443944,180428,5542496,6963.539,539.654,0,12755.828,0,825.471,7022,11283,3.250,2.230,1.280,2,3,24.984,0,0,11,36,0,8,0
09-03 12:10:11,26.219,6.492,34.709,30.964,0,1725676,471664,180432,5543560,3918.398,539.367,0,10219.997,0,715.160,6847,10353,3.390,2.280,1.300,6,1,100.882,0,0,11,36,0,8,0
09-03 12:10:12,6.248,2.749,56.729,31.739,0,1718788,477392,180444,5544676,4025.542,539.804,0,9416.589,0,724.737,4971,8839,3.390,2.280,1.300,0,3,20.992,0,0,11,36,0,8,0
09-03 12:10:13,4.745,2.747,49.947,39.209,0,1709908,485456,180448,5545472,8280.282,539.432,0,12454.886,0,769.190,4659,8434,3.390,2.280,1.300,1,3,14.984,0,0,11,36,0,8,0
09-03 12:10:14,5.750,2.750,50.002,38.752,0,1701420,492960,180456,5546420,8447.355,540.023,0,8528.359,0,632.027,4634,7980,3.390,2.280,1.300,0,1,21.001,0,0,11,36,0,8,0
09-03 12:10:15,6.249,3.249,52.989,34.743,0,1693868,499636,180468,5547260,9923.886,539.885,0,11213.612,0,655.860,4738,8245,3.390,2.280,1.300,1,1,23.995,0,0,11,36,0,8,0
09-03 12:10:16,3.750,2.750,48.751,42.000,0,1687920,503628,180472,5549168,8164.089,540.006,0,10504.115,0,615.007,6367,11847,3.440,2.300,1.310,0,3,9.000,0,0,11,36,0,8,0
09-03 12:10:17,5.250,2.250,51.252,38.751,0,1682472,508440,180484,5549772,7307.235,486.016,0,9700.313,0,683.022,4626,8398,3.440,2.300,1.310,0,1,13.000,0,0,11,36,0,8,0
09-03 12:10:18,5.752,3.001,48.016,39.763,0,1676708,512948,180496,5550984,6578.166,540.178,0,14056.629,0,917.302,6406,11689,3.440,2.300,1.310,0,3,6.002,0,0,11,36,0,8,0
09-03 12:10:19,5.252,2.501,54.771,34.763,0,1672036,516660,180500,5551916,5428.049,540.204,0,12620.764,0,810.306,5265,9643,3.440,2.300,1.310,1,0,12.005,0,0,11,36,0,8,0
09-03 12:10:20,5.497,2.249,54.222,35.232,0,1667564,519908,180508,5553080,9162.309,539.724,0,7276.274,0,556.715,4857,8541,3.440,2.300,1.310,0,1,14.992,0,0,11,36,0,8,0
09-03 12:10:21,6.500,3.000,49.997,37.248,0,1664100,522520,180512,5553892,35943.982,539.970,0,11975.328,0,838.953,5403,9024,3.410,2.320,1.320,0,2,17.999,0,0,11,36,0,8,0
09-03 12:10:22,8.489,2.247,53.684,32.460,0,1662616,523232,180520,5554632,8286.737,539.332,0,11106.245,0,765.052,5158,8919,3.410,2.320,1.320,0,2,11.985,0,0,11,36,0,8,0
09-03 12:10:23,4.512,3.509,56.147,34.590,0,1659828,525028,180528,5555592,6997.298,583.526,0,10491.434,0,732.917,4888,8812,3.410,2.320,1.320,1,4,6.016,0,0,11,36,0,8,0
09-03 12:10:24,8.240,2.497,48.942,36.956,0,1658008,525916,180536,5556464,7732.800,539.358,0,14738.465,0,878.954,5367,9364,3.410,2.320,1.320,3,1,0,0,0,11,36,0,8,0
09-03 12:10:25,4.499,1.750,50.242,40.244,0,1657788,524656,180540,5557856,6561.977,485.924,0,10698.333,0,691.892,4312,7829,3.410,2.320,1.320,0,1,0,0,0,11,36,0,8,0
09-03 12:10:26,4.997,2.748,47.719,41.972,0,1656532,524552,180544,5559176,6185.917,539.644,0,8822.177,0,619.591,4595,8323,3.450,2.340,1.340,2,1,0,0,0,11,36,0,8,0
09-03 12:10:27,4.255,3.003,44.801,44.801,0,1654812,524752,180556,5560644,4921.557,540.610,4.005,13038.722,1.001,818.925,5529,10296,3.450,2.340,1.340,0,1,1.001,0,0,11,36,0,8,0
09-03 12:10:28,5.006,2.503,55.820,33.793,0,1653372,524572,180556,5562144,7582.567,540.682,0,9075.450,0,621.784,4624,8349,3.450,2.340,1.340,0,2,0,0,0,11,36,0,8,0
09-03 12:10:29,4.242,2.745,49.161,41.175,0,1652672,524240,180560,5563148,6007.079,539.020,0,12441.380,0,810.526,5007,9377,3.450,2.340,1.340,1,2,0,0,0,11,36,0,8,0
09-03 12:10:30,4.747,2.998,49.719,39.475,0.250,1651928,523736,180560,5564364,3978.524,539.664,0,12692.102,0,746.535,5124,9624,3.450,2.340,1.340,0,1,0,0,0,11,36,0,8,0
09-03 12:10:31,5.261,2.255,54.362,35.574,0,1651248,522728,180564,5566024,7623.752,541.118,0,8613.798,0,639.321,4524,7919,3.420,2.360,1.350,0,2,0,0,0,11,36,0,8,0
09-03 12:10:32,4.745,3.496,50.442,38.705,0,1651228,521468,180568,5567260,10247.210,485.441,0,13959.938,0,824.052,5304,9784,3.420,2.360,1.350,0,2,0,0,0,11,36,0,8,0
09-03 12:10:33,4.498,2.999,49.977,39.232,0,1651112,520472,180568,5568320,7832.467,539.757,0,11914.626,0,734.669,5300,9760,3.420,2.360,1.350,1,3,5.997,0,0,11,36,0,8,0
09-03 12:10:34,5.248,2.499,47.986,41.488,0,1651436,519464,180568,5568980,7176.904,539.842,0,11072.766,0,737.784,4496,8046,3.420,2.360,1.350,0,1,0,0,0,11,36,0,8,0
09-03 12:10:35,5.258,3.255,55.331,33.048,0,1651472,518708,180576,5569656,4568.676,540.790,0,11132.266,0,813.188,5549,9899,3.420,2.360,1.350,0,1,12.018,0,0,11,36,0,8,0
09-03 12:10:36,5.751,3.751,55.511,32.756,0,1652056,517700,180576,5570064,7196.371,540.103,0,13230.520,0,990.189,6513,12216,3.540,2.400,1.370,8,0,12.002,0,0,11,36,0,8,0
09-03 12:10:37,5.744,2.497,50.696,37.710,0,1651720,517700,180576,5570380,6558.015,539.425,0,11427.829,0,792.156,4936,8795,3.540,2.400,1.370,0,1,12.986,0,0,11,36,0,8,0
09-03 12:10:38,5.749,3.000,57.743,31.496,0,1651104,517700,180576,5570984,10733.757,539.937,0,8227.047,0,609.929,4397,7792,3.540,2.400,1.370,0,2,5.999,0,0,11,36,0,8,0
09-03 12:10:39,7.005,2.502,53.287,34.274,0,1651236,517196,180580,5571344,7128.012,540.380,0,13777.688,0,920.647,5148,9378,3.540,2.400,1.370,1,2,9.006,0,0,11,36,0,8,0
09-03 12:10:40,4.496,2.498,54.203,35.220,0,1651468,516692,180584,5571596,7003.946,485.580,0,12381.297,0,796.312,4569,8266,3.540,2.400,1.370,0,2,11.990,0,0,11,36,0,8,0
09-03 12:10:41,5.251,2.500,57.258,32.505,0,1651124,516692,180588,5571928,5268.748,540.077,0,7521.068,0,619.088,4678,8285,3.740,2.460,1.390,0,3,12.002,0,0,11,36,0,8,0
09-03 12:10:42,7.249,3.250,52.994,32.996,0,1652880,514172,180596,5572660,5286.352,539.934,0,13662.326,0,930.886,6825,12598,3.740,2.460,1.390,0,1,8.999,0,0,11,36,0,8,0
09-03 12:10:43,7.250,3.500,50.251,36.751,0,1652112,514172,180596,5573416,6870.192,540.015,0,12084.338,0,848.024,5480,9537,3.740,2.460,1.390,1,1,18.001,0,0,11,38,0,1,0
09-03 12:10:44,14.289,4.512,46.376,32.338,0,1506164,660116,180596,5573408,8641.470,541.471,0,14443.227,0,947.574,5692,9251,3.740,2.460,1.390,0,2,47.128,0,0,11,36,0,1,0
09-03 12:10:45,4.748,2.249,58.479,31.988,0,1506104,659864,180600,5573708,7444.284,539.803,0,8161.022,0,614.776,4142,7390,3.740,2.460,1.390,0,2,5.998,0,0,11,36,0,1,0
09-03 12:10:46,12.480,1.498,60.154,23.962,0,1505964,659864,180600,5573836,7822.555,581.076,0,5814.749,0,485.228,3600,5597,3.600,2.450,1.390,1,1,8.986,0,0,11,34,0,1,0
09-03 12:10:47,17.045,10.277,66.678,5.264,0,1402780,763020,180600,5573864,6307.833,487.300,0,3437.172,0,193.516,3738,3369,3.600,2.450,1.390,1,0,214.573,0,0,11,32,0,1,0
09-03 12:10:48,22.434,2.991,62.567,10.220,0.249,1465528,700272,180600,5573864,10772.460,538.424,0,3429.958,0,214.372,2282,2334,3.600,2.450,1.390,1,1,0,0,0,11,32,0,1,0
09-03 12:10:49,27.999,6.000,63.249,3.000,0,1435504,730288,180600,5573872,10954.788,539.990,0,511.990,0,36.999,3559,14886,3.600,2.450,1.390,2,0,64.999,0,0,11,32,0,2,0
09-03 12:10:50,22.252,3.500,73.256,0,0,1450876,714916,180600,5573872,5082.405,540.043,0,0,0,0,1773,1226,3.600,2.450,1.390,2,0,1.000,0,0,11,32,0,2,0
09-03 12:10:51,23.995,1.750,73.484,0.250,0.250,1495368,670420,180600,5573876,5895.709,539.882,0,147.968,0,16.996,1971,1620,3.390,2.430,1.390,3,0,2.000,0,0,11,34,0,1,0
09-03 12:10:52,13.788,35.348,49.637,0.501,0,1436184,729552,180604,5573924,9085.093,541.496,0,1046.892,0,98.271,7896,7680,3.390,2.430,1.390,5,0,1119.091,0,0,11,32,0,1,0
09-03 12:10:53,8.242,21.478,67.181,1.748,0,1421260,744416,180604,5573968,5594.262,539.447,0,291.701,0,24.974,6150,5043,3.390,2.430,1.390,1,0,584.401,0,0,11,32,0,1,0
09-03 12:10:54,8.490,20.225,68.916,1.248,0,1409864,755728,180604,5574048,7270.184,539.346,0,107.869,0,7.990,5969,4485,3.390,2.430,1.390,1,0,423.486,0,0,11,32,0,1,0
09-03 12:10:55,10.776,20.801,67.917,0,0,1385132,780420,180604,5574428,7420.224,487.197,0,44.108,0,11.027,6373,5370,3.390,2.430,1.390,8,0,439.078,0,0,11,32,0,1,0
09-03 12:10:56,29.918,14.710,54.601,0,0,1429708,735668,180612,5574572,10472.354,538.527,0,0,0,0,5550,6995,3.280,2.420,1.400,3,0,222.392,0,0,11,33,0,1,0
09-03 12:10:57,43.747,6.999,48.746,0,0,1539964,625292,180612,5574796,5491.602,539.961,0,0,0,0,2633,1520,3.280,2.420,1.400,3,0,1.000,0,0,11,33,0,1,0
09-03 12:10:58,42.973,3.998,47.221,4.747,0,1605808,559044,180636,5575124,3046.114,539.666,0,2022.748,0,222.862,3569,2937,3.280,2.420,1.400,4,0,17.989,0,0,11,49,0,1,0
09-03 12:10:59,31.816,11.774,55.866,0,0,1637696,523016,180688,5578800,6861.237,541.123,0,1006.088,0,116.241,5427,8069,3.280,2.420,1.400,2,0,157.326,0,0,11,48,0,1,0
09-03 12:11:00,18.019,15.516,63.066,2.753,0,1647448,513196,180692,5578824,6693.963,634.660,0,364.379,0,14.015,6417,7627,3.280,2.420,1.400,1,0,318.331,0,0,11,48,0,1,0
09-03 12:11:01,0.997,1.495,96.458,0,0,1648996,511644,180692,5578832,3675.863,538.369,0,103.686,0,12.961,1086,1579,3.020,2.380,1.390,0,0,21.934,0,0,11,48,0,1,0
09-03 12:11:02,0.250,0.500,97.753,0.250,0,1648996,511644,180692,5578832,8343.263,540.017,0,840.027,0,83.003,797,1033,3.020,2.380,1.390,0,0,3.000,0,0,11,48,0,1,0
09-03 12:11:03,1.000,0.500,98.019,0,0,1648996,511644,180692,5578832,6854.337,486.095,0,36.007,0,4.001,807,1056,3.020,2.380,1.390,0,0,3.001,0,0,11,48,0,1,0
09-03 12:11:04,0.250,0.500,98.249,0,0,1648996,511644,180692,5578832,6890.904,539.993,0,0,0,0,679,981,3.020,2.380,1.390,0,0,1.000,0,0,11,48,0,1,0
09-03 12:11:05,12.278,11.276,75.922,0,0,1693040,467608,180692,5579172,6919.677,541.226,0,0,0,0,4962,6011,3.020,2.380,1.390,3,0,228.518,0,0,11,48,0,1,0
09-03 12:11:06,14.002,14.002,70.761,0,0,1642180,518428,180692,5578848,5100.768,540.081,0,8.001,0,2.000,5096,6218,2.860,2.360,1.390,1,0,336.051,0,0,12,48,0,1,0
09-03 12:11:07,18.463,15.968,64.619,0,0,1641852,518652,180692,5578992,9744.316,776.432,0,15.968,0,3.992,6323,7859,2.860,2.360,1.390,1,0,305.383,0,0,12,48,0,1,0
09-03 12:11:08,7.495,7.495,83.441,0.999,0,1636036,524480,180692,5578900,8099.273,539.618,0,475.664,0,41.970,3164,3852,2.860,2.360,1.390,0,0,196.861,0,0,12,64,0,1,0
09-03 12:11:09,15.001,14.501,69.255,0,0,1637872,522448,180692,5579420,3483.246,540.038,0,0,0,0,5870,7322,2.860,2.360,1.390,1,0,269.019,0,0,14,66,0,1,0
09-03 12:11:10,10.780,17.047,71.446,0,0,1633576,526568,180692,5579232,8944.586,541.488,0,52.143,0,8.022,5483,4808,2.860,2.360,1.390,2,0,396.089,0,0,14,66,0,2,0
09-03 12:11:11,11.722,21.199,65.593,0.499,0,1636256,523832,180692,5579636,7010.172,526.736,0,215.483,0,20.950,6823,6784,2.710,2.330,1.380,1,0,412.011,0,0,14,66,0,2,0
09-03 12:11:12,25.037,18.027,47.821,8.012,0,1682940,477120,180700,5579300,7986.863,582.866,0,4450.610,0,198.295,6776,7506,2.710,2.330,1.380,2,1,393.585,0,0,14,66,0,2,0
09-03 12:11:13,31.280,22.271,42.040,3.253,0,1777108,382692,180744,5579500,6684.319,540.511,0,5092.814,0,339.321,7566,6565,2.710,2.330,1.380,2,1,695.658,0,0,14,66,0,2,0
09-03 12:11:14,30.769,24.015,41.526,3.502,0,1926668,231652,180780,5580820,5711.553,540.336,0,3282.042,0,155.096,7726,8611,2.710,2.330,1.380,3,0,532.331,0,0,14,70,0,4,0
09-03 12:11:15,51.414,17.970,29.950,0,0,2006636,151588,180780,5581228,9532.041,539.097,0,11.980,0,2.995,6105,6955,2.710,2.330,1.380,4,0,338.433,0,0,14,70,0,4,0
09-03 12:11:16,60.001,23.000,12.000,5.750,0,2096536,139260,175724,5510608,6087.102,540.009,16.000,2548.043,4.000,270.005,6098,6552,3.610,2.530,1.450,0,8,461.008,0,0,14,70,0,4,0
09-03 12:11:17,61.582,22.530,9.763,5.507,0,2192848,159096,172188,5400532,7056.372,630.838,160.213,2078.761,24.032,79.105,6359,8703,3.610,2.530,1.450,5,1,471.626,0,0,14,70,0,4,0
09-03 12:11:18,67.406,18.474,4.743,8.239,0,2313044,205916,173260,5235836,7632.391,539.250,2899.969,2212.924,177.753,82.885,6354,7776,3.610,2.530,1.450,4,0,311.567,0,0,14,74,0,4,0
09-03 12:11:19,63.200,23.731,4.746,7.744,0,2506096,165768,172752,5086784,7136.409,485.620,1079.155,5775.475,62.951,291.771,8018,9926,3.610,2.530,1.450,7,1,510.600,0,0,14,76,0,4,0
09-03 12:11:20,59.313,18.520,11.512,10.011,0,2615688,121616,172632,5023264,5548.853,540.570,8.008,13774.531,2.002,466.492,8717,13649,3.610,2.530,1.450,5,1,318.336,0,0,14,76,0,4,0
09-03 12:11:21,59.935,8.990,15.983,14.734,0,2744344,126352,172632,4892872,4344.263,539.412,7.991,8874.322,1.998,209.771,7314,9569,3.720,2.570,1.470,3,0,44.951,0,0,14,79,0,4,0
09-03 12:11:22,64.370,9.730,16.217,8.982,0,2850356,162804,172728,4753512,4248.400,538.909,79.838,3684.542,6.986,196.602,6434,9914,3.720,2.570,1.470,6,0,99.798,0,0,14,84,0,7,0
09-03 12:11:23,53.177,23.578,20.318,2.007,0,2943776,133624,172748,4690932,7534.063,583.943,28.093,1605.340,6.020,84.280,14251,24364,3.720,2.570,1.470,3,0,545.816,0,0,14,97,0,16,0
09-03 12:11:24,16.760,17.010,63.037,2.251,0,2941644,135220,172752,4691912,7244.237,540.316,8.005,4530.650,2.001,68.040,7002,8385,3.720,2.570,1.470,1,0,343.201,0,0,14,97,0,16,0
09-03 12:11:25,37.149,10.472,40.141,11.469,0,3050844,152200,172756,4568180,6722.765,538.539,3171.398,4834.886,35.903,262.289,4246,3699,3.720,2.570,1.470,2,0,126.656,0,0,14,98,0,16,0
09-03 12:11:26,32.084,10.026,53.390,3.259,0,3125672,142668,172772,4504224,7608.981,541.422,12.032,822.159,3.008,65.171,4313,3922,3.500,2.540,1.470,1,0,125.329,0,0,14,101,0,16,0
09-03 12:11:27,8.237,19.968,68.891,1.747,0,3134740,133380,172772,4504444,7159.698,575.092,0,583.080,0,34.945,5983,4664,3.500,2.540,1.470,2,0,406.359,0,0,14,101,0,16,0
09-03 12:11:28,8.512,19.027,71.101,0,0,3138156,129948,172772,4504460,5804.228,540.767,0,148.210,0,9.013,5695,4232,3.500,2.540,1.470,1,0,363.515,0,0,14,101,0,16,0
09-03 12:11:29,19.248,7.249,72.242,0.250,0,3193668,141720,172772,4439464,4823.489,539.943,15.998,179.981,3.000,12.999,2901,2313,3.500,2.540,1.470,1,0,96.990,0,0,14,101,0,16,0
09-03 12:11:30,16.959,1.995,79.058,0.998,0,3203260,132068,172776,4439520,13745.633,22823.596,39.903,442.925,3.990,17.956,2550,2672,3.500,2.540,1.470,0,0,0,0,0,14,104,0,16,0
09-03 12:11:31,20.800,6.014,72.424,0.501,0,3219440,180572,172776,4376316,22294.567,805.936,0,192.462,0,11.026,2545,1796,3.300,2.520,1.460,1,0,63.152,0,0,14,103,0,17,0
09-03 12:11:32,15.756,2.751,78.528,2.501,0,3233132,166864,172776,4376332,13126.737,7016.532,8.003,1960.708,2.001,278.100,2526,2411,3.300,2.520,1.460,3,1,2.001,0,0,14,111,0,17,0
09-03 12:11:33,21.512,4.002,62.033,10.756,0,3229012,170052,172784,4377276,7941.281,540.291,628.339,2053.107,28.015,185.100,4349,5923,3.300,2.520,1.460,1,1,5.003,0,0,14,117,0,17,0
09-03 12:11:34,31.229,6.995,54.713,6.246,0,3300596,161644,172788,4315240,5600.258,1681.876,183.877,3525.644,11.992,180.879,5554,6766,3.300,2.520,1.460,1,1,48.967,0,0,14,118,0,19,0
09-03 12:11:35,20.252,6.251,69.756,2.750,0,3336444,189780,172788,4252784,6674.573,486.042,0,3396.291,0,121.010,2585,1920,3.300,2.520,1.460,1,0,65.006,0,0,14,118,0,19,0
09-03 12:11:36,18.929,2.491,75.965,1.993,0,3331452,194692,172788,4252864,13326.920,6909.037,75.715,729.260,6.974,50.809,2412,2436,3.120,2.490,1.460,1,0,0.996,0,0,14,121,0,19,0
09-03 12:11:37,24.091,4.266,64.744,6.023,0,3352876,173080,172864,4252976,7238.319,3822.427,68.258,1469.546,6.023,146.553,4791,6512,3.120,2.490,1.460,2,0,6.023,0,0,14,122,0,20,0
09-03 12:11:38,41.181,10.482,46.422,0.749,0,3375864,213312,172864,4191288,7900.685,539.091,0,798.654,0,56.904,3844,2891,3.120,2.490,1.460,2,0,96.837,0,0,14,122,0,20,0
09-03 12:11:39,26.541,4.257,67.604,1.753,0,3344672,244480,172864,4191312,31272.098,23178.650,0,685.054,0,35.054,2753,1972,3.120,2.490,1.460,1,0,31.048,0,0,14,122,0,21,0
09-03 12:11:40,21.190,4.238,60.079,13.960,0,3411308,177836,172868,4191316,5297.916,2125.947,0,6772.716,0,497.583,2455,1654,3.120,2.490,1.460,1,0,23.932,0,0,14,123,0,21,0
09-03 12:11:41,17.049,4.262,77.223,0.251,0,3432620,156504,172868,4191336,29664.605,21547.180,0,473.366,0,29.084,2557,2041,2.950,2.470,1.460,1,0,51.148,0,0,14,122,0,22,0
09-03 12:11:42,18.945,2.243,77.523,0,0,3432484,156500,172868,4191476,10324.816,6185.916,7.977,63.813,1.994,7.977,1879,1551,2.950,2.470,1.460,1,0,0,0,0,14,123,0,22,0
09-03 12:11:43,16.809,5.770,71.753,4.767,0,3390820,198140,172868,4191500,9652.093,2516.890,12.043,2047.231,3.011,156.553,3765,4271,2.950,2.470,1.460,1,0,77.273,0,0,14,124,0,23,0
09-03 12:11:44,26.156,4.982,67.507,0.747,0,3461040,127824,172872,4191592,9623.349,2497.009,3.986,817.058,0.996,34.874,6025,10441,2.950,2.470,1.460,1,0,36.867,0,0,14,133,0,27,0
09-03 12:11:45,17.806,5.768,73.982,1.505,0,3460500,190448,172872,4131056,26791.019,21243.622,0,304.956,0,18.057,2559,2032,2.950,2.470,1.460,1,0,55.173,0,0,14,132,0,28,0
09-03 12:11:46,19.688,1.744,77.505,0.498,0,3460484,190568,172872,4130952,13513.273,6233.291,7.975,83.735,1.994,7.975,1952,1592,2.790,2.440,1.460,1,0,0,0,0,14,133,0,28,0
09-03 12:11:47,18.063,4.265,60.211,15.555,0,3456736,194148,172876,4131116,8001.089,1484.211,88.310,4820.925,8.028,362.272,5660,8888,2.790,2.440,1.460,0,4,2.007,0,0,14,138,0,28,0
09-03 12:11:48,20.495,7.248,64.733,5.998,0,3441180,209404,172876,4131416,5498.555,1779.532,79.979,4310.867,4.999,301.921,5037,6666,2.790,2.440,1.460,1,0,52.986,0,0,14,137,0,30,0
09-03 12:11:49,23.177,4.984,69.779,1.246,0,3473844,176700,172876,4131320,13110.484,6231.268,23.924,398.737,1.994,22.927,2930,12419,2.790,2.440,1.460,1,0,35.886,0,0,14,138,0,31,0
09-03 12:11:50,18.063,3.011,74.260,3.763,0,3471916,178584,172880,4131496,12867.109,4823.912,24.084,1059.715,3.011,76.267,3194,3828,2.790,2.440,1.460,3,0,0,0,0,14,138,0,31,0
09-03 12:11:51,30.729,5.246,58.461,4.247,0,3459884,190528,172880,4131584,10013.276,1447.028,0,1666.881,0,142.904,6957,10196,2.810,2.450,1.460,2,0,12.991,0,0,14,137,0,32,0
09-03 12:11:52,23.753,4.501,69.760,1.250,0,3472208,178188,172880,4131600,9189.324,1153.166,0,724.104,0,57.008,3088,3307,2.810,2.450,1.460,0,0,57.008,0,0,14,138,0,31,0
09-03 12:11:53,15.453,2.492,77.513,3.489,0,3471092,179132,172880,4131772,14670.054,9519.833,0,1076.701,0,114.649,3380,4425,2.810,2.450,1.460,1,0,0.997,0,0,14,137,0,32,0
09-03 12:11:54,19.813,8.025,69.219,2.006,0,3482220,167988,172880,4131788,7381.368,541.715,0,782.477,0,53.168,3324,2867,2.810,2.450,1.460,1,0,147.467,0,0,14,139,0,32,0
09-03 12:11:55,16.454,1.994,75.540,4.986,0,3491400,158796,172880,4131800,17916.184,11014.375,0,670.137,0,38.892,2165,1954,2.810,2.450,1.460,0,0,0,0,0,14,140,0,32,0
09-03 12:11:56,19.540,4.509,67.889,7.014,0,3481732,168424,172884,4131836,12303.121,1526.116,0,2388.878,0,146.299,5937,8845,2.660,2.430,1.460,1,0,0,0,0,14,140,0,32,0
09-03 12:11:57,36.704,9.738,51.186,1.248,0,3444800,205200,172884,4131992,8995.706,2125.332,35.955,1390.255,2.996,119.850,10972,17114,2.660,2.430,1.460,3,0,69.912,0,0,14,141,0,33,0
09-03 12:11:58,28.492,10.247,48.236,11.747,0,3492464,157380,172884,4132100,7278.923,899.743,31.991,4958.585,2.999,331.905,6569,8712,2.660,2.430,1.460,2,0,219.937,0,0,14,141,0,33,0
09-03 12:11:59,18.287,2.255,76.406,3.006,0,3502652,147056,172884,4132236,14013.655,8055.472,0,1819.721,0,102.209,2192,1988,2.660,2.430,1.460,1,0,0,0,0,14,141,0,34,0
09-03 12:12:00,9.757,19.764,67.296,1.251,0,3429280,220388,172884,4132276,3924.695,724.497,0,656.451,0,28.019,6120,5058,2.660,2.430,1.460,2,0,426.293,0,0,14,141,0,34,0
09-03 12:12:01,17.183,16.685,60.765,4.234,0,3395468,254176,172884,4132656,4009.480,537.918,0,3689.717,0,372.558,7194,8591,2.610,2.420,1.460,1,0,344.666,0,0,14,141,0,34,0
09-03 12:12:02,30.104,19.818,48.668,1.254,0,3458580,191016,172888,4132348,9006.117,584.018,0,674.330,0,35.121,6404,5658,2.610,2.420,1.460,3,0,459.588,0,0,14,141,0,34,0
09-03 12:12:03,33.488,19.743,43.235,1.999,0,3520844,128224,172900,4133180,5249.180,539.813,47.983,699.757,2.999,79.972,7741,10416,2.610,2.420,1.460,1,0,435.849,0,0,14,147,0,35,2
09-03 12:12:04,45.885,21.945,30.922,0.499,0,3624860,141756,172900,4018276,6994.435,608.472,0,263.339,0,12.967,5981,7161,2.610,2.420,1.460,6,0,544.632,0,0,16,147,0,35,2
09-03 12:12:05,60.630,23.550,15.784,0.251,0.251,3766260,131096,172908,3889048,7299.608,541.157,16.034,705.509,4.009,50.107,8515,12703,2.610,2.420,1.460,3,0,432.926,0,0,16,157,0,35,2
09-03 12:12:06,47.799,19.770,32.033,0,0,3835304,160564,172908,3791612,9350.566,540.553,8.008,1633.671,2.002,38.039,8804,10945,2.560,2.410,1.470,2,0,486.498,0,0,16,169,0,35,2
09-03 12:12:07,27.426,22.190,49.617,0,0,3876196,172692,172912,3739760,6394.808,484.697,3.989,1053.169,0.997,32.912,7007,6698,2.560,2.410,1.470,3,0,593.405,0,0,17,169,0,35,2
09-03 12:12:08,24.544,15.778,58.354,0.501,0,3903608,199412,172912,3686832,5489.812,631.128,0,392.702,0,29.052,6860,8238,2.560,2.410,1.470,3,0,347.621,0,0,17,169,0,35,2
09-03 12:12:09,32.653,22.683,43.620,0,0,3983664,119312,172912,3687352,4899.444,538.400,7.976,247.265,1.994,21.935,7406,7866,2.560,2.410,1.470,2,0,514.471,0,0,17,169,0,35,2
09-03 12:12:10,43.631,20.562,34.353,1.254,0,4079752,155928,172924,3557316,8124.321,541.621,136.408,866.594,3.009,60.180,7732,11034,2.560,2.410,1.470,2,0,433.297,0,0,17,181,0,35,2
09-03 12:12:11,29.510,25.009,44.265,0.250,0,4156120,157892,172924,3481240,6086.083,540.185,24.008,212.073,3.001,19.007,7625,7183,2.440,2.390,1.460,2,0,751.257,0,0,17,181,0,35,2
09-03 12:12:12,18.005,21.756,59.265,0.250,0,4197072,155892,172924,3443456,7432.909,610.157,8.002,728.187,2.001,46.012,7908,10981,2.440,2.390,1.460,11,0,470.121,0,0,17,187,0,35,2
09-03 12:12:13,27.697,13.973,56.393,0.250,0,4245836,148040,172924,3403208,5616.323,538.975,11.977,770.535,2.994,23.954,6197,7527,2.440,2.390,1.460,2,0,247.529,0,0,17,195,0,34,2
09-03 12:12:14,43.927,6.988,45.674,2.745,0,4374520,176548,172924,3249220,6668.928,539.105,806.661,87.854,12.978,9.983,3314,2057,2.440,2.390,1.460,3,0,2.995,0,0,17,195,0,34,2
09-03 12:12:15,42.081,7.264,46.840,2.505,0,4478780,169872,172928,3154336,7202.880,486.938,164.317,741.429,13.025,56.108,4031,3467,2.440,2.390,1.460,2,0,9.017,0,0,17,204,0,34,0
09-03 12:12:16,30.998,21.498,44.747,3.250,0,4437044,210488,172932,3155420,4241.703,539.962,923.935,423.970,10.999,42.997,7502,7723,2.640,2.430,1.480,5,0,562.961,0,0,17,217,0,34,0
09-03 12:12:17,33.026,22.768,42.034,0.250,0,4464728,181736,172940,3156832,15548.402,8466.753,32.026,540.431,3.002,43.034,9201,11373,2.640,2.430,1.480,7,0,489.390,0,0,17,223,0,32,0
09-03 12:12:18,62.972,17.423,17.174,1.742,0,4552280,135012,172964,3117548,4411.503,1388.862,748.691,688.955,21.903,25.886,5689,6118,2.640,2.430,1.480,3,0,226.997,0,0,17,224,0,33,0
09-03 12:12:19,59.579,11.061,21.116,8.296,0,4686344,157532,173000,2964200,18251.680,8385.255,1870.317,832.593,46.255,20.111,4989,4629,2.640,2.430,1.480,2,2,28.155,0,0,17,229,0,33,0
09-03 12:12:20,46.713,9.492,20.484,21.983,0,4655592,212796,173056,2940392,12017.448,3639.108,5951.270,2282.186,431.657,164.869,5893,7047,2.640,2.430,1.480,3,2,29.976,0,0,17,240,0,34,0
09-03 12:12:21,44.780,17.762,33.522,2.752,0,4680664,184144,173072,2943924,10798.199,6257.171,196.131,888.592,24.016,37.025,7636,9272,2.590,2.420,1.490,3,0,407.272,0,0,17,240,0,39,0
09-03 12:12:22,31.867,19.419,42.573,4.979,0,4635800,227292,173072,2946076,13519.770,5698.300,99.586,5791.911,4.979,200.167,8372,11707,2.590,2.420,1.490,2,0,381.414,0,0,17,241,0,40,0
09-03 12:12:23,55.978,25.604,17.321,0.502,0,4757800,139008,173072,2913116,7036.648,2462.023,8.033,9249.657,2.008,53.217,6832,7821,2.590,2.420,1.490,2,0,561.285,0,0,17,242,0,40,0
09-03 12:12:24,53.711,18.736,25.981,1.499,0,4832520,149848,173088,2829088,12832.707,9528.100,1123.187,979.291,53.961,56.959,8937,11651,2.590,2.420,1.490,6,0,306.778,0,0,17,243,0,43,0
09-03 12:12:25,58.258,27.504,12.752,0.750,0,4880996,132068,173088,2799000,9571.274,540.072,64.009,724.096,6.001,49.007,7397,10533,2.590,2.420,1.490,3,0,557.074,0,0,17,251,0,31,0
09-03 12:12:26,47.360,18.196,24.178,8.973,0,4903072,163320,173100,2746536,16226.003,10610.614,5555.567,4155.707,77.770,60.820,9500,15028,2.860,2.480,1.510,3,1,296.124,0,0,17,260,0,32,0
09-03 12:12:27,68.434,15.792,10.779,5.013,0,5041744,149676,173100,2624744,8262.219,1336.594,6473.409,10480.184,78.210,575.548,5991,4968,2.860,2.480,1.510,4,1,125.337,0,0,17,259,0,33,0
09-03 12:12:28,52.981,8.747,30.739,6.498,0,5069684,194212,173112,2554276,26348.658,17069.947,1331.528,4474.413,82.971,443.843,6003,6288,2.860,2.480,1.510,2,0,18.993,0,0,17,264,0,37,0
09-03 12:12:29,60.944,13.238,20.231,4.496,0,5107964,150832,173140,2559316,9465.303,3869.445,1874.278,843.225,46.957,69.936,12575,22186,2.860,2.480,1.510,3,2,23.978,0,0,17,269,0,39,1
09-03 12:12:30,44.027,22.514,31.520,2.001,0,5109952,163012,173396,2545388,17978.178,8601.348,4038.511,1696.055,60.037,76.047,7873,8218,2.860,2.480,1.510,3,0,498.310,0,0,17,270,0,40,0
09-03 12:12:31,53.335,25.040,20.282,0.250,0,5104612,167948,173396,2546148,9543.256,3467.543,1169.870,669.070,15.024,44.070,6949,9479,3.840,2.690,1.580,3,0,459.735,0,0,17,271,0,41,0
09-03 12:12:32,65.091,16.210,17.457,0.499,0,5185700,162428,173400,2473872,13278.577,8765.596,618.490,989.584,9.976,39.903,6960,8515,3.840,2.690,1.580,5,1,166.593,0,0,18,275,0,41,0
09-03 12:12:33,73.378,11.770,6.261,8.264,0,5253920,149080,173400,2421056,12861.364,3256.663,3005.226,2969.163,131.228,180.314,5893,4861,3.840,2.690,1.580,4,0,18.031,0,0,18,274,0,41,0
09-03 12:12:34,65.726,8.216,15.934,10.705,0,5342156,134692,173436,2349624,12748.857,8548.367,1386.222,2963.646,48.797,261.908,5248,3991,3.840,2.690,1.580,1,1,16.929,0,0,18,279,0,41,0
09-03 12:12:35,47.290,15.263,32.778,3.753,0,5330988,168936,173440,2327368,12036.278,4500.843,1173.002,1104.944,29.025,96.082,6781,10275,3.840,2.690,1.580,2,0,223.191,0,0,18,284,0,45,0
09-03 12:12:36,39.536,8.758,47.043,2.753,0,5402080,138468,173448,2288260,22405.654,10383.572,1145.056,1237.140,28.026,107.099,5942,7130,3.610,2.660,1.580,1,0,8.007,0,0,18,293,0,45,0
09-03 12:12:37,38.930,9.483,49.910,0.749,0,5341420,195444,173448,2292428,10612284.935,100637.871,830.505,754.642,9.982,64.883,7386,5154,3.610,2.660,1.580,2,0,15.971,0,0,18,291,0,44,0
09-03 12:12:38,22.106,7.536,65.816,3.768,0,5372176,156664,173448,2300420,5960115.371,47085.276,2282.971,659.168,25.121,49.237,5380,4450,3.610,2.660,1.580,1,0,124.599,0,0,18,291,0,44,0
09-03 12:12:39,35.996,9.999,51.745,1.250,0,5367816,179432,173448,2283144,8683.131,3584.641,15.998,843.916,1.000,72.993,4750,4486,3.610,2.660,1.580,2,0,141.986,0,0,18,296,0,45,0
09-03 12:12:40,33.480,4.247,60.713,0.750,0,5413852,133368,173448,2283176,18592.709,15610.520,0,471.714,0,36.978,3756,3722,3.610,2.660,1.580,1,0,0,0,0,18,303,0,46,0
09-03 12:12:41,17.644,4.473,69.582,5.964,0,5331516,215168,173448,2283712,227118.554,9201307.399,588.467,998.009,33.797,102.385,6060,7112,3.320,2.620,1.570,0,0,38.767,0,0,18,302,0,45,0
09-03 12:12:42,1.503,0.501,94.448,1.002,0,5329060,217448,173448,2283888,202303.829,7158677.515,0,2340.904,0,32.067,1779,1778,3.320,2.620,1.570,0,0,0,0,0,18,302,0,45,0
09-03 12:12:43,1.999,1.000,94.453,2.249,0,5329060,217448,173448,2283888,11674.167,539.730,0,8975.515,0,38.981,1203,1727,3.320,2.620,1.570,0,0,0,0,0,18,302,0,45,0
09-03 12:12:44,12.053,1.758,82.109,3.013,0,5338272,208236,173456,2283880,8204433.699,26548.198,68.299,1518.647,4.018,83.365,5328,5672,3.320,2.620,1.570,3,0,1.004,0,0,18,308,0,45,0
09-03 12:12:45,16.241,11.494,67.962,2.748,0,5266208,263812,173456,2300336,8352478.301,83682.944,59.966,535.699,3.998,38.978,9543,8985,3.320,2.620,1.570,2,0,252.858,0,0,18,304,0,48,0
09-03 12:12:46,20.921,7.223,70.236,0.747,0,5334912,195068,173456,2300376,10197.649,484.179,0,414.441,0,32.876,3717,3786,3.130,2.590,1.570,1,0,212.202,0,0,18,306,0,42,0
09-03 12:12:47,14.311,15.566,61.764,8.285,0,5317324,212608,173456,2300424,4788.436,542.315,0,17040.727,0,87.373,5774,5141,3.130,2.590,1.570,1,0,313.337,0,0,18,308,0,42,0
09-03 12:12:48,6.721,13.443,74.930,3.983,0,5315080,214808,173456,2300468,5084.256,537.700,0,6675.450,0,494.883,5461,5002,3.130,2.590,1.570,1,0,357.471,0,0,18,308,0,42,0
09-03 12:12:49,9.006,3.752,83.803,2.251,0,5329408,200468,173456,2300480,10286.477,540.340,160.101,4951.118,6.004,91.057,2078,2217,3.130,2.590,1.570,2,0,20.013,0,0,18,308,0,42,0
09-03 12:12:50,23.743,4.249,70.228,0.500,0,5367012,162700,173456,2300644,13016.996,6251.077,7.998,43.986,1.999,4.998,2964,11089,3.130,2.590,1.570,1,0,24.992,0,0,18,309,0,40,0
09-03 12:12:51,14.049,10.035,73.256,1.505,0,5349116,180344,173460,2300892,12352.187,3774.196,76.267,108.379,7.025,12.042,4356,3749,2.960,2.560,1.560,2,0,140.491,0,0,18,312,0,41,0
09-03 12:12:52,12.249,15.499,69.996,0.250,0,5333780,195292,173464,2301248,8792.539,539.972,0,123.993,0,11.999,5730,4766,2.960,2.560,1.560,1,0,228.988,0,0,18,312,0,41,0
09-03 12:12:53,14.192,15.188,69.467,0.498,0,5336740,192196,173464,2301352,7467.572,537.809,3.984,362.523,0.996,28.882,5650,4881,2.960,2.560,1.560,1,0,233.050,0,0,18,312,0,41,0
09-03 12:12:54,23.268,3.753,64.549,7.256,0,5391760,157236,173464,2282156,6886.268,486.372,20.015,18886.448,2.002,712.545,2810,1855,2.960,2.560,1.560,1,1,1.001,0,0,18,312,0,39,0
09-03 12:12:55,22.499,3.250,68.996,3.500,0,5450000,136300,173464,2245040,3801.763,581.964,443.972,739.954,15.999,72.995,2985,3223,2.960,2.560,1.560,1,0,6.000,0,0,18,320,0,39,0
09-03 12:12:56,23.996,3.000,71.238,0.750,0,5356624,229776,173464,2245044,7712.730,539.911,23.996,275.955,3.999,14.998,2608,2281,2.890,2.560,1.570,1,0,4.999,0,0,18,316,0,39,0
09-03 12:12:57,23.516,4.503,69.797,1.501,0,5412948,173448,173464,2245048,7223.905,540.367,0,520.353,0,41.028,2730,2729,2.890,2.560,1.570,2,0,4.003,0,0,18,318,0,39,0
09-03 12:12:58,19.728,3.246,75.416,0,0,5367112,219272,173464,2245060,10217.553,7681.394,0,187.790,0,9.989,2638,2424,2.890,2.560,1.570,3,0,16.981,0,0,18,318,0,39,0
09-03 12:12:59,24.488,3.248,72.214,0,0,5362604,223780,173464,2245060,7328.355,539.732,0,0,0,0,2189,1803,2.890,2.560,1.570,1,1,0,0,0,18,318,0,39,0
09-03 12:13:00,16.058,11.541,70.001,1.756,0,5333872,252384,173468,2245220,6662.900,636.282,401.440,537.930,7.025,23.083,4251,3592,2.890,2.560,1.570,2,0,189.680,0,0,18,318,0,39,0
09-03 12:13:01,12.720,15.963,69.089,0.748,0,5341564,244552,173468,2245364,10789.857,538.745,23.944,195.544,2.993,21.949,5799,5051,2.730,2.530,1.560,1,0,393.084,0,0,18,318,0,39,0
09-03 12:13:02,20.245,2.999,75.232,0.500,0,5361768,224308,173500,2245372,12271.100,2529.402,7.998,147.965,2.000,5.999,2412,2108,2.730,2.530,1.560,0,0,32.992,0,0,18,319,0,38,0
09-03 12:13:03,22.305,2.506,70.925,3.509,0,5360216,219428,174128,2251080,8226.242,781.924,124.306,761.875,3.007,17.042,2312,2015,2.730,2.530,1.560,2,0,2.005,0,0,18,318,0,38,0
09-03 12:13:04,19.950,2.494,76.060,0.249,0,5369464,208584,174200,2252588,13384.597,3472.334,0,438.905,0,5.985,2246,2051,2.730,2.530,1.560,2,0,17.955,0,0,18,319,0,38,0
09-03 12:13:05,22.003,5.751,67.008,3.500,0,5348836,224444,174700,2256712,7954.917,956.110,88.010,1592.184,7.001,43.005,11550,20724,2.730,2.530,1.560,0,0,13.001,0,0,18,318,1,38,0
09-03 12:13:06,15.814,3.263,80.075,0.502,0,5336364,236684,174724,2256920,11547.826,3322.472,16.065,293.189,3.012,8.033,9435,17167,2.590,2.500,1.560,1,0,5.020,0,0,18,319,0,37,0
09-03 12:13:07,23.412,4.483,69.489,0.996,0,5331716,240000,174816,2258160,8904.509,537.977,0,1071.968,0,46.824,4503,5947,2.590,2.500,1.560,1,0,17.933,0,0,18,319,0,37,0
09-03 12:13:08,16.309,11.291,66.743,4.767,0,5323836,258852,174848,2247172,6583.985,716.611,48.176,3388.344,2.007,176.644,4885,5169,2.590,2.500,1.560,1,0,269.984,0,0,18,318,0,37,0
09-03 12:13:09,20.412,2.240,75.425,1.245,0,5366976,215520,174848,2247364,9855.471,2846.716,0,258.883,0,14.936,2018,1655,2.590,2.500,1.560,0,0,0,0,0,18,319,0,37,0
09-03 12:13:10,19.550,8.522,70.430,1.003,0,5367508,214936,174848,2247400,16333.641,8455.556,16.041,332.849,1.003,14.036,3567,3147,2.590,2.500,1.560,1,0,122.312,0,0,18,318,0,40,0
09-03 12:13:11,20.523,2.753,75.837,0,0,5417676,164764,174848,2247404,11456.067,6260.140,0,0,0,0,2295,2124,2.550,2.500,1.560,3,0,0,0,0,18,319,0,40,0
09-03 12:13:12,20.746,5.499,72.736,0,0,5426976,155456,174848,2247412,11009.903,3450.343,0,3.999,0,1.000,2953,2667,2.550,2.500,1.560,1,0,69.987,0,0,18,318,0,41,0
09-03 12:13:13,19.434,2.242,77.737,0,0,5421336,161088,174848,2247420,12957.125,7617.207,0,0,0,0,2064,1860,2.550,2.500,1.560,2,0,0,0,0,18,319,0,41,0
09-03 12:13:14,20.763,5.253,72.795,0.500,0,5363736,218512,174848,2247596,15156.300,6466.968,32.020,56.034,2.001,4.002,3002,2709,2.550,2.500,1.560,1,0,58.036,0,0,18,318,0,42,0
09-03 12:13:15,20.737,2.498,73.204,2.249,0,5384540,197616,174848,2247688,17498.913,10796.160,31.980,383.757,1.999,26.983,2840,2860,2.550,2.500,1.560,2,0,0,0,0,18,318,0,45,0
09-03 12:13:16,26.058,6.013,67.650,0,0,5371384,210628,174848,2247832,7532.656,541.197,12.027,132.293,1.002,8.018,4245,5603,2.420,2.470,1.560,1,0,33.073,0,0,18,318,0,45,0
09-03 12:13:17,14.399,2.483,78.700,1.986,0,5373576,208380,174848,2247888,15503.572,10322.805,31.778,389.277,1.986,39.722,2903,3323,2.420,2.470,1.560,1,0,0.993,0,0,18,319,0,45,0
09-03 12:13:18,22.582,5.771,71.761,0.753,0,5408792,173144,174848,2247908,6653.201,1587.776,0,465.694,0,45.164,3245,3065,2.420,2.470,1.560,1,0,47.172,0,0,18,318,0,45,0
09-03 12:13:19,18.522,2.002,78.094,0,0,5418484,163440,174848,2247920,14494.413,10719.878,0,148.178,0,10.012,2405,2329,2.420,2.470,1.560,2,0,0,0,0,18,318,0,48,0
09-03 12:13:20,22.744,4.999,69.483,2.499,0,5400560,181380,174848,2247920,7927.038,539.866,0,1539.619,0,130.968,2688,2316,2.420,2.470,1.560,2,0,31.992,0,0,18,318,0,48,0
09-03 12:13:21,13.245,1.999,82.216,0.250,0,5400804,181120,174848,2247936,18093.611,11434.331,0,307.874,0,29.988,2519,2905,2.310,2.450,1.560,2,0,0,0,0,18,318,0,49,0
09-03 12:13:22,8.504,6.253,77.534,6.503,0,5320464,260156,175388,2248700,11260.972,3003.326,1204.532,404.178,256.113,31.014,3749,4460,2.310,2.450,1.560,0,0,181.080,0,0,18,320,0,42,0
09-03 12:13:23,5.501,6.001,86.010,0.500,0,5320820,259752,175388,2248748,16899.005,3615.429,0,500.059,0,40.005,3195,3488,2.310,2.450,1.560,0,0,127.015,0,0,18,322,0,43,0
09-03 12:13:24,5.524,7.031,87.632,0,0,5301324,279188,175388,2248808,11783.377,2427.584,0,196.858,0,10.044,3185,3193,2.310,2.450,1.560,1,0,178.779,0,0,18,320,0,44,0
09-03 12:13:25,18.679,5.230,65.751,9.215,0,5331872,240884,175392,2256560,7144.970,537.965,203.231,3701.995,20.921,381.557,3127,3026,2.310,2.450,1.560,1,0,35.864,0,0,18,320,0,44,0
09-03 12:13:26,19.769,2.252,74.573,2.002,0,5348412,216956,175420,2263828,11783.459,3124.038,4.004,1185.152,1.001,24.023,2589,2530,2.200,2.420,1.550,1,0,16.016,0,0,18,322,0,44,0
09-03 12:13:27,14.477,4.493,74.131,5.741,0,5325504,239244,175548,2264304,9933.015,2529.929,339.454,2348.221,8.986,100.838,3295,3587,2.200,2.420,1.550,0,1,47.923,0,0,18,320,0,40,0
09-03 12:13:28,13.755,11.254,70.523,3.251,0,5332180,231028,175548,2265828,9399.096,540.178,752.248,1392.459,10.003,41.014,4671,4382,2.200,2.420,1.550,1,0,257.085,0,0,18,320,0,40,0
09-03 12:13:29,20.251,2.750,76.002,0.250,0,5375252,187948,175548,2265836,13065.410,6253.196,0,108.003,0,7.000,2327,2099,2.200,2.420,1.550,1,0,0,0,0,18,321,0,40,0
09-03 12:13:30,21.999,5.500,71.998,0,0,5360116,203068,175548,2265852,24385.420,17429.585,0,155.996,0,5.000,2846,2415,2.200,2.420,1.550,2,0,46.999,0,0,18,320,0,42,0
09-03 12:13:31,19.001,2.500,74.502,2.750,0,5375928,187240,175548,2265868,11636.330,6907.196,0,148.004,0,15.000,2436,2313,2.200,2.420,1.550,1,1,0,0,0,18,321,0,34,0
09-03 12:13:32,19.259,3.752,71.035,5.253,0,5328900,233812,175548,2266324,13160.394,3028.471,448.218,180.087,27.013,16.008,2584,2297,2.270,2.430,1.560,1,0,14.007,0,0,18,320,0,35,0
09-03 12:13:33,18.743,2.749,77.970,0.250,0,5361020,201556,175548,2266460,15661.956,6810.372,0,183.929,0,3.998,2187,2004,2.270,2.430,1.560,1,0,0,0,0,18,323,0,35,0
09-03 12:13:34,16.802,3.762,62.945,15.047,0,5361188,199316,175548,2268532,6313.538,2009.218,2006.209,1440.458,81.251,182.565,6055,9365,2.270,2.430,1.560,1,0,1.003,0,0,18,324,0,36,0
09-03 12:13:35,23.430,3.490,71.286,0.997,0,5402256,158244,175548,2268536,6856.461,538.387,0,426.722,0,24.925,2219,1985,2.270,2.430,1.560,1,0,4.985,0,0,18,324,0,33,0
09-03 12:13:36,15.813,2.761,78.814,1.004,0,5399840,160624,175548,2268572,15316.071,10179.590,0,714.850,0,69.276,3369,4184,2.270,2.430,1.560,3,0,0,0,0,18,325,0,33,0
09-03 12:13:37,16.737,13.490,65.950,2.248,0,5372188,188180,175552,2268664,5059.170,1764.664,47.964,1342.983,1.998,122.907,6652,7961,2.170,2.410,1.560,1,0,338.744,0,0,18,324,0,34,0
09-03 12:13:38,8.754,23.261,67.283,0.500,0,5369596,190740,175552,2268696,9169.439,540.262,0,724.351,0,56.027,7639,7425,2.170,2.410,1.560,1,0,745.361,0,0,18,324,0,34,0
09-03 12:13:39,7.503,23.259,67.525,0.250,0,5377612,182684,175552,2268736,7826.937,540.203,0,548.206,0,46.017,7251,6750,2.170,2.410,1.560,1,0,674.253,0,0,18,324,0,31,0
09-03 12:13:40,9.004,22.509,63.775,4.252,0,5374848,185416,175556,2268764,8363.260,540.211,4.002,4441.731,1.000,168.066,7582,7350,2.170,2.410,1.560,1,0,706.275,0,0,18,324,0,31,0
09-03 12:13:41,8.245,22.237,66.960,1.249,0,5351936,208276,175556,2268816,5814.491,539.674,0,347.790,0,25.984,7252,6765,2.170,2.410,1.560,1,0,636.616,0,0,18,324,0,31,0
09-03 12:13:42,8.724,21.935,67.798,0,0,5355944,204228,175556,2268852,3481.608,484.554,0,119.643,0,14.955,7005,6304,2.070,2.380,1.550,1,0,621.146,0,0,18,324,0,31,0
09-03 12:13:43,35.625,13.547,50.928,0.251,0,5363764,295092,175748,2180236,8232.843,541.899,778.728,20.070,8.028,3.011,4301,3193,2.070,2.380,1.550,1,0,127.447,0,0,18,324,0,27,0
09-03 12:13:44,30.110,4.977,60.718,2.488,0,5385528,269168,175876,2184268,8734.497,1028.232,266.763,2309.291,3.982,4.977,3016,2193,2.070,2.380,1.550,1,0,18.912,0,0,18,325,0,27,0
09-03 12:13:45,12.250,1.250,79.749,5.750,0,5400092,253796,175924,2185028,23079.774,9387.908,655.994,1099.989,40.000,27.000,1870,1979,2.070,2.380,1.550,1,0,0,0,0,18,325,0,27,0
09-03 12:13:46,10.504,1.251,78.782,8.253,0,5399592,253488,175972,2185788,25886.570,11794.816,384.157,1604.655,40.016,60.025,2116,2414,2.070,2.380,1.550,2,0,0,0,0,18,325,0,27,0
09-03 12:13:47,17.992,1.749,75.215,3.498,0,5423788,227912,176040,2187096,18552.455,9272.729,1111.488,1679.227,46.978,94.956,2559,2846,1.990,2.360,1.550,0,0,1.000,0,0,18,325,0,24,0
09-03 12:13:48,13.753,1.500,77.516,7.001,0,5436448,214112,176120,2188148,25835.273,10761.196,908.185,1448.296,44.009,58.012,2049,2147,1.990,2.360,1.550,1,0,0,0,0,18,325,0,24,0
09-03 12:13:49,12.492,1.249,77.700,6.746,0,5432904,216616,176184,2189116,24395.226,10196.407,227.853,1195.227,23.984,39.974,2008,2059,1.990,2.360,1.550,1,0,0,0,0,18,325,0,24,0
09-03 12:13:50,21.589,4.519,65.770,7.280,0,5409888,207344,176252,2221312,4177.173,488.006,11696.086,1293.317,118.487,56.231,3331,13442,1.990,2.360,1.550,1,1,37.153,0,0,18,325,0,25,0
09-03 12:13:51,19.682,2.242,68.761,7.972,0,5417304,185192,176556,2235584,8358.944,538.129,0,5931.383,0,310.919,2630,2230,1.990,2.360,1.550,1,0,0,0,0,18,325,0,23,0
09-03 12:13:52,23.012,2.251,69.786,4.252,0,5423952,157232,176700,2256496,9535.900,540.278,0,972.500,0,38.020,2618,2556,1.990,2.350,1.550,1,0,1.001,0,0,18,325,0,23,0
09-03 12:13:53,16.250,2.250,63.251,16.250,0,5430420,140876,176700,2266216,7960.087,540.006,16.000,6204.068,1.000,274.003,3053,3768,1.990,2.350,1.550,1,0,1.000,0,0,18,325,0,23,0
09-03 12:13:54,19.719,2.496,71.889,4.493,0,5414876,147372,176944,2274968,5100.109,539.166,0,1984.929,0,73.886,2480,2433,1.990,2.350,1.550,2,0,0,0,0,18,325,0,23,0
09-03 12:13:55,18.018,2.753,71.573,7.257,0,5407308,144880,177324,2284396,7340.490,540.552,0,1829.867,0,63.064,2441,2467,1.990,2.350,1.550,1,0,0,0,0,18,325,0,23,0
09-03 12:13:56,22.996,3.999,64.988,6.999,0,5349268,218132,177428,2269000,6944.743,713.871,31.994,5167.064,1.000,392.929,3031,2488,1.990,2.350,1.550,1,1,18.997,0,0,18,324,0,23,0
09-03 12:13:57,16.998,3.500,54.745,23.248,0,5360272,202264,177492,2273772,13251.736,2823.731,0,14790.589,0,168.984,3045,3551,2.150,2.380,1.560,1,0,17.998,0,0,18,324,0,23,0
09-03 12:13:58,19.505,2.751,76.520,0.250,0,5367524,193988,177508,2274744,9905.628,3493.927,0,432.115,0,6.002,2214,2035,2.150,2.380,1.560,1,0,18.005,0,0,18,325,0,23,0
09-03 12:13:59,23.503,5.001,69.008,1.000,0,5362612,192996,177912,2280100,7334.881,714.086,0,816.098,0,17.002,10487,19177,2.150,2.380,1.560,1,0,14.002,0,0,18,324,0,22,0
09-03 12:14:00,22.745,5.499,69.236,0.250,0,5359948,195232,178012,2280424,5592.870,633.872,0,171.965,0,2.999,10563,19167,2.150,2.380,1.560,2,0,19.996,0,0,18,324,0,22,0
09-03 12:14:01,21.330,4.266,72.523,1.757,0,5312432,254148,178020,2269128,8760.932,542.037,0,1606.037,0,13.049,2716,2436,2.150,2.380,1.560,1,0,28.106,0,0,18,324,0,22,0
09-03 12:14:02,23.167,5.729,68.754,0.498,0,5342616,223940,178020,2269152,8338.118,579.922,0,721.415,0,10.961,11145,19717,2.060,2.360,1.560,1,0,46.832,0,0,18,324,0,22,0
09-03 12:14:03,18.749,2.500,75.994,1.250,0,5376504,185640,178020,2273564,13296.948,2889.771,0,767.939,0,14.999,2226,2003,2.060,2.360,1.560,1,0,16.999,0,0,18,324,0,22,0
09-03 12:14:04,19.760,3.002,75.289,1.001,0,5375432,185416,178020,2274860,11374.896,1812.940,0,296.154,0,3.002,2374,2106,2.060,2.360,1.560,0,0,18.009,0,0,18,325,0,22,0
09-03 12:14:05,21.499,4.750,70.247,2.250,0,5371476,183892,178020,2280232,6926.679,2328.892,0,1019.953,0,18.999,10368,18539,2.060,2.360,1.560,1,0,13.999,0,0,18,324,0,22,0
09-03 12:14:06,21.751,7.000,69.254,0,0,5369772,185256,178028,2280548,7665.410,540.029,0,172.009,0,3.000,11125,19610,2.060,2.360,1.560,1,0,20.001,0,0,18,324,0,22,0
09-03 12:14:07,22.503,4.751,68.259,3.750,0,5359856,206644,178028,2269188,8953.179,540.071,32.004,1808.238,1.000,70.009,3084,3292,1.970,2.340,1.560,1,0,8.001,0,0,18,324,0,22,0
09-03 12:14:08,22.327,5.017,69.742,1.254,0,5369152,197324,178028,2269212,3864.412,541.881,0,357.240,0,22.077,3662,3571,1.970,2.340,1.560,1,0,111.387,0,0,18,324,0,22,0
09-03 12:14:09,22.656,4.233,71.455,1.245,0,5381204,174640,178028,2279796,7444.266,537.780,0,872.398,0,9.959,2525,2209,1.970,2.340,1.560,1,0,18.922,0,0,18,324,0,22,0
09-03 12:14:10,15.740,1.999,75.953,5.247,0,5386836,168632,178028,2280108,17711.995,7931.072,0,1499.069,0,52.967,2124,2368,1.970,2.340,1.560,1,0,0.999,0,0,18,325,0,22,0
09-03 12:14:11,9.752,1.500,84.522,2.501,0,5380900,174184,178028,2280484,32016.158,12913.290,0,1580.403,0,53.014,1941,2199,1.970,2.340,1.560,0,0,5.001,0,0,18,325,0,22,0
09-03 12:14:12,6.270,1.254,90.785,1.505,0,5373228,181640,178028,2280684,144403.678,9479.717,0,906.843,0,38.119,1632,1896,1.890,2.310,1.550,0,0,0,0,0,18,326,0,19,0
09-03 12:14:13,14.467,0.748,80.567,2.245,0,5396720,157940,178080,2280840,22924.065,7835.249,0,997.740,0,35.919,1773,1861,1.890,2.310,1.550,1,0,0,0,0,18,326,0,19,0
09-03 12:14:14,16.233,1.748,78.920,2.248,0,5395236,158996,178208,2281136,25810.717,13027.734,0,1542.429,0,47.951,2159,2245,1.890,2.310,1.550,1,0,1.998,0,0,18,326,0,19,0
09-03 12:14:15,10.256,1.501,84.046,2.501,0,5401336,152400,178288,2281552,297016.705,11629.331,0,1168.636,0,50.027,2337,2513,1.890,2.310,1.550,1,0,0,0,0,18,326,0,19,0
09-03 12:14:16,7.248,1.749,81.475,7.998,0,5401288,151896,178548,2281816,93666.516,16233.064,27.991,2135.351,3.999,96.971,2100,2483,1.890,2.310,1.550,1,0,0,0,0,18,326,0,14,0
09-03 12:14:17,14.251,1.750,76.506,6.751,0,5407456,145092,178724,2282264,41727.229,12933.001,120.009,2492.193,7.001,131.010,2518,3028,1.820,2.290,1.550,1,0,1.000,0,0,18,326,0,14,0
09-03 12:14:18,6.499,2.750,85.238,3.250,0,5404504,135080,178764,2295148,2458143.703,42183.006,0,13186.126,0,140.980,3809,3516,1.820,2.290,1.550,0,0,2.000,0,0,18,326,0,14,0
09-03 12:14:19,8.502,4.001,80.521,4.251,0,5401456,126036,178804,2307164,6018694.760,52655.672,0,4585.191,0,31.008,6115,6747,1.820,2.290,1.550,0,0,3.001,0,0,18,326,0,14,0
09-03 12:14:20,9.496,3.498,78.963,5.497,0,5395832,164676,178828,2274996,8737561.993,67453.765,163.924,11850.513,3.998,52.975,5131,4230,1.820,2.290,1.550,0,0,1.000,0,0,18,326,0,12,0
09-03 12:14:21,15.513,2.002,75.812,5.505,0,5397144,157380,179084,2280672,608601.200,7489.131,0,2313.894,0,78.064,2299,2230,1.820,2.290,1.550,1,0,1.001,0,0,18,326,0,12,0
09-03 12:14:22,19.490,2.999,68.716,8.246,0,5397200,142524,181668,2292584,7456.306,539.733,0,5225.411,0,265.868,2854,2928,1.840,2.290,1.550,1,0,1.000,0,0,18,326,0,12,0
09-03 12:14:23,24.266,2.752,70.547,1.751,0,5401584,153824,182148,2276520,5096.428,540.363,0,2865.928,0,66.044,2841,2784,1.840,2.290,1.550,2,0,1.001,0,0,18,326,0,12,0
09-03 12:14:24,13.002,3.251,63.010,19.253,0,5405348,149660,182292,2276780,7177.136,540.086,0,33973.379,0,558.088,2921,3210,1.840,2.290,1.550,0,0,0,0,0,18,326,0,10,0
09-03 12:14:25,5.997,2.749,64.215,25.986,0,5409020,134036,182460,2288492,5687.939,539.710,11.994,29704.012,2.998,293.842,2344,2695,1.840,2.290,1.550,0,0,0,0,0,18,326,0,10,0
09-03 12:14:26,9.285,3.513,68.254,18.569,0,5423264,143760,182700,2264596,7574.153,542.015,4.015,35054.297,1.004,262.977,2509,2818,1.840,2.290,1.550,0,1,0,0,0,18,326,0,10,0
09-03 12:14:27,18.172,3.734,66.465,9.708,0,5412608,141712,183432,2276872,7264.797,537.691,31.863,2278.215,0.996,90.611,2680,3018,1.850,2.280,1.560,2,1,0.996,0,0,18,326,0,10,0
09-03 12:14:28,20.755,2.251,71.769,3.751,0,5410212,154096,184084,2266544,6017.582,540.142,0,2088.549,0,74.019,2533,2560,1.850,2.280,1.560,1,0,0,0,0,18,326,0,9,0
09-03 12:14:29,21.572,2.258,72.241,3.261,0,5407348,134596,185444,2287312,4752.852,487.626,0,2010.706,0,34.114,2385,2358,1.850,2.280,1.560,1,0,0,0,0,18,326,0,9,0
09-03 12:14:30,19.689,2.243,72.028,4.985,0,5408348,138740,186024,2281980,7941.480,538.338,0,2081.573,0,72.775,2439,2490,1.850,2.280,1.560,1,0,0,0,0,18,326,0,9,0
09-03 12:14:31,18.007,2.001,76.278,2.501,0,5427004,160116,186520,2241432,13967.047,3136.133,0,1836.664,0,61.022,2395,2355,1.850,2.280,1.560,1,0,0,0,0,18,324,0,9,0
09-03 12:14:32,21.745,3.499,70.484,3.249,0,5350540,236728,186520,2241308,10438.674,539.880,0,659.853,0,13.997,2381,2042,1.860,2.280,1.560,1,0,18.996,0,0,18,324,0,5,0
09-03 12:14:33,19.253,2.750,76.510,1.000,0,5353224,228428,186572,2246860,11066.438,2824.367,0,1156.150,0,15.002,2334,2118,1.860,2.280,1.560,1,0,18.002,0,0,18,324,0,5,0
09-03 12:14:34,19.496,2.749,75.734,0.750,0,5360524,219888,186576,2248060,13925.055,3480.264,0,475.899,0,5.999,2336,2001,1.860,2.280,1.560,1,0,17.996,0,0,18,325,0,5,0
09-03 12:14:35,21.749,5.500,69.246,2.250,0,5356164,219232,186740,2252384,4304.780,713.964,0,787.960,0,11.999,11002,19959,1.860,2.280,1.560,1,0,12.999,0,0,18,324,0,5,0
09-03 12:14:36,22.508,5.752,69.775,0,0,5358108,216964,186760,2252640,4101.467,540.193,0,88.031,0,2.001,10479,19186,1.860,2.280,1.560,2,0,13.005,0,0,18,324,0,4,0
09-03 12:14:37,21.740,5.747,68.718,3.248,0,5324116,262416,186792,2241468,7882.296,485.772,0,3566.324,0,101.952,3085,3344,1.870,2.270,1.560,2,0,8.996,0,0,18,324,0,4,0
09-03 12:14:38,20.505,4.251,61.014,12.253,0,5351512,233744,186792,2242824,7264.652,540.123,248.056,5441.238,4.001,314.071,3155,3579,1.870,2.270,1.560,1,0,7.002,0,0,18,324,0,4,0
09-03 12:14:39,20.042,3.507,68.142,7.516,0,5362408,221188,186792,2244484,4033.414,583.217,292.610,1346.809,6.013,49.102,3959,5253,1.870,2.270,1.560,1,0,0,0,0,18,325,0,8,0
09-03 12:14:40,18.748,4.000,61.995,13.999,0,5359536,223020,186792,2245524,8002.303,539.953,751.934,1847.839,42.996,234.980,6521,10004,1.870,2.270,1.560,2,1,1.000,0,0,18,327,0,9,0
09-03 12:14:41,12.720,15.713,66.841,3.492,0,5293592,288132,186792,2246356,5971.830,538.722,686.371,1731.891,7.981,117.721,6587,6775,1.870,2.270,1.560,0,1,426.987,0,0,18,326,0,9,0
09-03 12:14:42,8.751,2.250,63.257,24.003,0,5289536,291360,186792,2247184,8465.984,540.063,884.103,10057.169,39.005,109.013,2189,2409,1.880,2.270,1.560,0,2,11.001,0,0,18,326,0,11,0
09-03 12:14:43,23.844,8.533,47.436,19.828,0,5303524,241336,186868,2283136,7516.498,542.128,36687.980,2449.613,2300.026,38.150,5545,6805,1.880,2.270,1.560,1,1,18.071,0,0,18,326,0,11,0
09-03 12:14:44,16.432,4.731,64.733,11.702,0,5310356,228776,186868,2288852,9393.283,1548.617,6202.435,3812.286,1149.263,164.323,4000,5193,1.880,2.270,1.560,1,0,9.959,0,0,18,327,0,11,0
09-03 12:14:45,3.252,0.750,93.295,1.501,0,5303188,235940,186868,2288856,15362.406,2338.127,0,136.066,0,16.008,1551,2081,1.880,2.270,1.560,1,0,0,0,0,18,327,0,11,0
09-03 12:14:46,2.999,0.750,94.978,0,0,5303092,236036,186868,2288856,48384.997,3862.122,0,47.989,0,3.999,1370,1823,1.880,2.270,1.560,0,0,0,0,0,18,327,0,11,0
09-03 12:14:47,4.502,2.751,88.038,3.752,0,5284072,254880,186868,2289064,19007.196,1457.629,152.066,876.378,7.003,45.019,1950,2546,1.810,2.250,1.560,0,0,19.008,0,0,18,327,0,11,1
09-03 12:14:48,41.994,8.999,44.744,3.000,0,5078220,460324,187000,2289340,270103.126,4671.345,139.980,383.946,4.999,19.997,3962,2636,1.810,2.250,1.560,2,0,18.997,0,0,18,308,0,18,0
09-03 12:14:49,58.604,16.780,21.288,3.757,0,5075872,462648,187000,2289268,3815.753,583.032,4.007,2516.453,1.002,401.711,4745,2662,1.810,2.250,1.560,4,0,7.012,0,0,18,306,0,18,0
09-03 12:14:50,84.107,13.767,2.003,0.250,0,5176584,360952,187000,2290240,11339.401,540.687,0,624.793,0,46.058,6470,14912,1.810,2.250,1.560,4,0,38.048,0,0,18,309,0,21,0
09-03 12:14:51,84.952,13.453,0.498,0.249,0,5216568,320192,187000,2291112,8767.210,538.110,685.592,777.270,10.962,58.794,7517,8454,1.810,2.250,1.560,6,0,9.965,0,0,18,300,0,27,0
09-03 12:14:52,58.791,12.562,28.139,0.251,0,5190932,344692,187000,2292256,6526.344,542.690,514.550,297.474,4.020,37.184,8991,11325,2.150,2.310,1.580,4,0,11.055,0,0,18,290,0,29,0
09-03 12:14:53,24.140,4.480,63.709,6.470,0,5257124,278424,187000,2292328,8026.309,483.788,0,8513.084,0,85.609,2926,3002,2.150,2.310,1.580,3,0,1.991,0,0,18,291,0,28,0
09-03 12:14:54,12.249,2.500,65.993,17.748,0,5285668,249204,187008,2292988,7885.141,539.941,319.965,19137.916,7.999,162.982,2331,2703,2.150,2.310,1.580,0,1,0,0,0,18,293,0,30,0
09-03 12:14:55,30.892,4.270,36.920,26.874,0,5312760,221288,187008,2293812,117079.773,59084.397,16.074,15993.736,1.005,150.695,5233,6579,2.150,2.310,1.580,1,1,2.009,0,0,18,293,0,34,0
09-03 12:14:56,30.362,2.489,60.226,5.475,0,5327536,206420,187008,2293904,145470.176,67646.773,0,6227.624,0,37.828,4115,3311,2.150,2.310,1.580,2,0,0,0,0,18,296,0,34,0
09-03 12:14:57,15.498,1.750,79.741,1.250,0,5332920,200876,187008,2294064,59636.315,25572.134,0,467.948,0,58.993,3620,5072,2.220,2.320,1.590,0,0,1.000,0,0,18,301,0,34,0
09-03 12:14:58,1.500,0.500,96.234,0.250,0,5331512,202284,187008,2294064,8663.553,539.910,0,139.977,0,9.998,1170,1679,2.220,2.320,1.590,0,0,0,0,0,18,301,0,34,0
09-03 12:14:59,2.500,1.000,94.760,1.250,0,5329248,204548,187008,2294064,6265.689,540.059,0,904.099,0,39.004,1249,1883,2.220,2.320,1.590,0,0,0,0,0,18,301,0,34,0
09-03 12:15:00,1.500,0.500,93.748,2.250,0,5325640,208156,187008,2294064,3371.915,633.984,0,4439.888,0,227.994,1296,1734,2.220,2.320,1.590,0,0,0,0,0,18,301,0,34,0
09-03 12:15:01,2.248,1.998,92.424,3.247,0,5323424,210372,187008,2294064,7337.955,485.600,0,14344.183,0,345.715,1840,2155,2.220,2.320,1.590,0,0,0,0,0,18,301,0,34,0
09-03 12:15:02,2.502,1.751,84.559,10.507,0,5323180,210616,187008,2294064,6892.772,540.374,0,18921.099,0,317.220,1874,2573,2.200,2.310,1.590,0,1,3.002,0,0,18,301,0,34,0
09-03 12:15:03,2.496,1.498,64.401,29.704,0,5319988,213800,187008,2294072,9370.576,539.170,0,15739.772,0,199.693,1903,2710,2.200,2.310,1.590,0,1,0,0,0,18,301,0,34,0
09-03 12:15:04,1.752,2.002,91.589,3.003,0,5319276,214488,187016,2294088,5357.228,540.528,8.008,19671.198,2.002,271.265,1941,2666,2.200,2.310,1.590,0,1,0,0,0,18,301,0,34,0
09-03 12:15:05,2.251,2.251,63.765,31.007,0,5316624,217112,187016,2294116,8540.060,540.130,16.004,17288.170,1.000,1083.261,2550,2885,2.200,2.310,1.590,0,1,0,0,0,18,301,0,34,0
09-03 12:15:06,2.000,1.500,62.262,32.006,0,5317124,216608,187016,2294116,9182.800,540.106,0,25853.067,0,254.050,1856,2642,2.200,2.310,1.590,1,0,0,0,0,18,301,0,34,0
09-03 12:15:07,3.249,2.250,58.239,34.994,0,5317924,215880,187016,2294120,5056.082,539.902,0,19972.375,0,269.951,2143,3114,2.260,2.330,1.600,0,3,2.000,0,0,18,301,0,34,0
09-03 12:15:08,2.250,0.750,88.765,6.251,0,5316616,217188,187016,2294120,4073.677,486.081,0,2484.413,0,46.008,1724,2649,2.260,2.330,1.600,0,0,1.000,0,0,18,301,0,34,0
09-03 12:15:09,1.750,0.500,94.262,2.000,0,5316604,217188,187016,2294132,8955.182,540.071,0,124.016,0,11.001,1133,1681,2.260,2.330,1.600,0,0,0,0,0,18,301,0,34,0
09-03 12:15:10,1.750,0.750,95.751,0.500,0,5317068,216724,187016,2294132,6423.060,540.005,0,368.003,0,22.000,1282,1816,2.260,2.330,1.600,0,0,0,0,0,18,301,0,34,0
09-03 12:15:11,2.000,1.500,94.497,1.500,0,5317568,216224,187016,2294132,7835.738,539.982,0,31.999,0,4.000,1353,1746,2.260,2.330,1.600,1,0,6.000,0,0,18,301,0,34,0
09-03 12:15:12,2.751,1.750,90.524,3.251,0,5318392,215224,187016,2294308,6368.714,540.145,176.047,4.001,8.002,1.000,1671,2025,2.080,2.290,1.590,1,0,29.008,0,0,18,301,0,34,0
09-03 12:15:13,8.031,22.084,67.507,2.761,0,5329196,204360,187016,2294368,8521.418,542.062,4.015,3095.777,1.004,39.149,8094,8586,2.080,2.290,1.590,2,0,844.212,0,0,18,301,0,34,0
09-03 12:15:14,8.747,20.994,68.979,0,0,5332676,200836,187016,2294412,6511.019,539.836,0,35.989,0,3.999,8323,8946,2.080,2.290,1.590,1,0,942.713,0,0,18,301,0,34,0
09-03 12:15:15,14.949,10.962,70.010,2.242,0,5350620,182520,187168,2294632,4814.468,538.152,291.001,103.644,31.890,8.969,5079,5204,2.080,2.290,1.590,1,0,382.686,0,0,18,301,0,34,0
09-03 12:15:16,7.245,2.498,87.193,1.749,0,5372488,160596,187172,2294684,21468.843,1335.120,39.974,391.742,3.997,23.984,2555,2852,2.080,2.290,1.590,0,0,26.982,0,0,18,302,0,34,0
09-03 12:15:17,3.501,1.000,91.535,2.751,0,5371272,161676,187172,2294820,150314.771,4567.725,0,368.139,0,45.017,2121,3042,1.910,2.250,1.580,0,0,1.000,0,0,18,302,0,34,0
09-03 12:15:18,2.000,0.500,95.015,0,0,5369488,163112,187172,2295168,372377.236,9979.614,0,148.024,0,16.003,1641,2044,1.910,2.250,1.580,0,0,0,0,0,18,302,0,34,0
09-03 12:15:19,3.499,1.500,93.982,1.000,0,5366740,165380,187172,2295648,518879.697,14463.260,0,675.872,0,19.996,1739,2067,1.910,2.250,1.580,0,0,0,0,0,18,302,0,34,0
09-03 12:15:20,2.751,1.750,93.777,0,0,5363980,167316,187172,2296472,880918.385,25363.238,0,84.024,0,7.002,2205,2449,1.910,2.250,1.580,0,0,0,0,0,18,302,0,34,0
09-03 12:15:21,5.500,2.750,90.507,0,0,5359868,171024,187172,2296880,299892.893,10115.738,0,2080.152,0,4.000,3709,5662,1.910,2.250,1.580,0,0,1.000,0,0,18,302,0,32,0
09-03 12:15:22,4.999,1.000,92.738,0,0,5359252,171548,187172,2296972,101530.386,2387.703,0,315.961,0,22.997,2134,2630,1.760,2.210,1.580,0,0,1.000,0,0,18,302,0,34,0
09-03 12:15:23,4.500,1.500,91.744,1.000,0,5356368,174136,187172,2297268,298632.005,7073.526,0,379.975,0,40.997,2417,3065,1.760,2.210,1.580,3,0,1.000,0,0,18,302,0,34,0
09-03 12:15:24,2.249,1.499,94.708,0,0,5354448,175732,187172,2297592,485596.364,11041.052,0,3.998,0,1.000,1846,1974,1.760,2.210,1.580,0,0,0,0,0,18,302,0,34,0
09-03 12:15:25,2.749,0.750,93.481,1.000,0,5352896,176712,187172,2298164,503863.838,10904.767,0,1619.668,0,28.994,2043,2379,1.760,2.210,1.580,1,0,0,0,0,18,302,0,34,0
09-03 12:15:26,1.751,0.750,94.059,2.502,0.250,5343504,186004,187172,2298264,78892.617,2324.462,0,1536.967,0,237.149,1422,1824,1.760,2.210,1.580,0,0,0,0,0,18,302,0,34,0
09-03 12:15:27,3.250,1.500,92.996,1.000,0,5342368,187140,187172,2298264,28398.773,1077.953,0,423.982,0,44.998,2094,3051,1.620,2.170,1.570,1,0,1.000,0,0,18,302,0,34,0
09-03 12:15:28,2.003,0.250,95.402,1.002,0,5341956,187396,187172,2298420,145689.470,4903.825,0,172.275,0,9.014,1389,1901,1.620,2.170,1.570,0,0,0,0,0,18,302,0,34,0
09-03 12:15:29,1.747,0.749,95.336,0.499,0,5341904,187396,187172,2298472,120645.498,3503.973,0,555.045,0,20.964,1312,1844,1.620,2.170,1.570,0,0,0,0,0,18,302,0,34,0
09-03 12:15:30,2.251,0.750,96.279,0.500,0,5341688,187396,187172,2298688,157812.752,4963.470,0,92.027,0,6.002,1362,1837,1.620,2.170,1.570,1,0,0,0,0,18,302,0,34,0
09-03 12:15:31,2.250,0.750,95.755,0,0,5341444,187396,187172,2298932,263222.539,6690.319,0,376.018,0,2.000,1451,1853,1.620,2.170,1.570,0,0,0,0,0,18,302,0,34,0
09-03 12:15:32,4.502,1.501,93.036,0.500,0,5349420,179324,187176,2299024,237639.489,5756.240,4.002,392.153,1.000,15.006,1521,1881,1.490,2.140,1.560,1,0,0,0,0,18,301,0,35,0
09-03 12:15:33,10.243,6.995,66.705,13.741,0,5345064,189928,186936,2293208,9500.641,539.639,3465.680,15737.466,33.977,185.876,3989,4723,1.490,2.140,1.560,3,0,53.964,0,0,18,301,0,35,0
09-03 12:15:34,4.502,7.753,73.525,13.255,0,5344460,184796,186952,2298904,9655.324,540.186,80.028,8951.082,5.002,627.216,4357,5665,1.490,2.140,1.560,1,0,45.015,0,0,18,301,0,35,0
09-03 12:15:35,4.001,5.752,71.519,16.754,0,5346236,180484,187096,2301264,8864.352,540.143,264.070,4549.207,11.003,639.170,4008,5578,1.490,2.140,1.560,1,0,33.009,0,0,18,301,0,35,0
09-03 12:15:36,4.996,6.994,69.940,15.737,0,5346928,176296,187224,2304388,7213.817,539.538,503.568,6094.776,11.990,557.522,4257,5423,1.490,2.140,1.560,1,1,47.959,0,0,18,301,0,35,0
09-03 12:15:37,16.258,7.254,63.532,11.006,0.250,5360188,159732,187392,2307324,5512.803,540.275,280.142,5062.574,8.004,471.240,4907,6041,1.370,2.100,1.550,2,1,36.018,0,0,18,301,0,35,0
09-03 12:15:38,15.244,5.498,64.726,13.245,0,5367828,151444,187412,2307808,4111.457,539.797,0,1391.478,0,92.965,3340,3470,1.370,2.100,1.550,1,0,26.990,0,0,18,301,0,35,0
09-03 12:15:39,20.520,5.756,64.812,8.008,0,5370480,148100,187428,2308496,4802.614,486.467,0,3391.258,0,295.284,3507,2895,1.370,2.100,1.550,1,0,28.027,0,0,18,301,0,35,0
09-03 12:15:40,19.483,6.245,67.940,5.495,0,5367964,149120,187536,2309756,8621.441,539.527,0,1486.697,0,83.926,3485,3284,1.370,2.100,1.550,1,0,23.979,0,0,18,301,0,35,0
09-03 12:15:41,17.500,4.250,70.252,6.750,0,5367012,146320,187612,2312904,6149.165,540.015,0,1080.029,0,36.001,2740,2677,1.370,2.100,1.550,0,1,12.000,0,0,18,301,0,35,0
09-03 12:15:42,19.001,4.500,71.254,4.250,0,5362456,148984,187616,2314088,8052.398,540.027,64.003,112.006,16.001,9.000,4137,5326,1.420,2.100,1.550,2,1,18.001,0,0,18,301,0,27,0
09-03 12:15:43,9.252,8.502,66.267,14.504,0,5355744,267040,187100,2209688,5744.462,540.137,1416.361,5841.487,105.027,127.032,3268,3520,1.420,2.100,1.550,1,0,23.006,0,0,18,301,0,27,0
09-03 12:15:44,15.247,8.748,64.985,9.498,0,5393156,225856,187236,2209852,8461.112,539.880,211.953,5318.813,14.997,159.964,3261,3210,1.420,2.100,1.550,2,0,34.992,0,0,18,301,0,27,0
09-03 12:15:45,23.568,2.758,71.706,1.504,0,5431140,187728,187268,2209992,6740.327,541.553,232.667,156.449,16.046,13.037,2568,2136,1.420,2.100,1.550,3,1,21.060,0,0,18,301,0,27,0
09-03 12:15:46,5.237,2.245,90.778,0.499,0,5361760,318736,187272,2149828,5616.275,538.684,87.785,223.454,2.993,12.968,2003,2477,1.420,2.100,1.550,0,0,15.961,0,0,18,301,0,27,0
09-03 12:15:47,3.499,1.000,93.221,1.000,0,5352296,328188,187272,2149840,4514.581,485.847,7.997,1047.671,1.999,203.936,2093,3018,1.310,2.060,1.540,0,0,1.000,0,0,18,301,0,27,0
09-03 12:15:48,2.000,0.750,95.987,0,0,5351756,328724,187272,2149844,8112.900,539.927,0,55.992,0,6.999,1240,1744,1.310,2.060,1.540,0,0,0,0,0,18,301,0,27,0
09-03 12:15:49,1.750,1.000,94.491,2.000,0,5344304,336176,187272,2149844,7519.317,539.951,0,783.929,0,49.995,1293,1862,1.310,2.060,1.540,0,0,0,0,0,18,301,0,27,0
09-03 12:15:50,7.252,3.001,88.526,0,0,5361744,318736,187272,2149844,7488.185,540.158,0,44.013,0,4.001,2438,7548,1.310,2.060,1.540,0,0,36.011,0,0,18,301,0,21,0
09-03 12:15:51,2.000,0.500,96.243,0,0,5353056,327424,187272,2149844,8156.401,539.960,0,119.991,0,1.000,1202,1675,1.310,2.060,1.540,0,0,0,0,0,18,301,0,21,0
09-03 12:15:52,2.500,0.750,95.485,0.500,0,5350396,330084,187272,2149844,10136.377,539.914,0,259.958,0,22.996,1491,2151,1.200,2.030,1.530,0,0,1.000,0,0,18,301,0,21,0
09-03 12:15:53,2.499,0.750,94.726,0.750,0,5344152,336324,187272,2149848,8803.761,539.863,0,251.936,0,30.992,1675,2532,1.200,2.030,1.530,0,0,1.000,0,0,18,301,0,21,0
09-03 12:15:54,1.750,0.250,96.505,0,0,5341128,339344,187272,2149852,3541.183,486.025,0,8.000,0,1.000,1077,1611,1.200,2.030,1.530,0,0,0,0,0,18,301,0,9,0
09-03 12:15:55,1.750,1.000,95.243,1.250,0,5338540,341932,187272,2149852,6936.527,539.963,0,315.978,0,21.998,1217,1789,1.200,2.030,1.530,0,0,0,0,0,18,301,0,9,0
09-03 12:15:56,2.000,0.750,96.024,0.250,0,5336364,344100,187272,2149860,7871.945,540.133,0,408.101,0,31.008,1464,2190,1.200,2.030,1.530,0,0,0,0,0,18,301,0,9,0
09-03 12:15:57,3.250,1.000,93.249,0.750,0,5335136,345324,187272,2149864,4941.966,539.996,0,327.998,0,44.000,2046,3022,1.110,2,1.530,0,0,1.000,0,0,18,301,0,9,0
09-03 12:15:58,1.750,0.500,96.525,0,0,5333868,346592,187272,2149864,8550.206,540.139,0,440.114,0,99.026,1247,1722,1.110,2,1.530,0,0,0,0,0,18,301,0,4,0
09-03 12:15:59,1.999,0.750,96.697,0.500,0,5332756,347704,187272,2149864,5043.255,539.706,0,291.841,0,16.991,1213,1800,1.110,2,1.530,0,0,0,0,0,18,301,0,4,0
09-03 12:16:00,1.251,0.500,96.554,0,0,5332676,347784,187272,2149864,7662.310,634.357,0,32.018,0,5.003,1214,1732,1.110,2,1.530,0,0,0,0,0,18,301,0,4,0
09-03 12:16:01,2.750,0.750,96.514,0,0,5332676,347784,187272,2149864,5335.785,486.072,0,0,0,0,1239,1714,1.110,2,1.530,0,0,0,0,0,18,301,0,4,0
09-03 12:16:02,2.000,0.750,95.982,0,0,5332676,347784,187272,2149864,4518.164,539.900,0,47.991,0,5.999,1171,1742,1.020,1.960,1.520,0,0,0,0,0,18,301,0,4,0
09-03 12:16:03,1.750,0.750,90.503,5.500,0,5330648,349808,187272,2149868,6862.236,540.019,0,364.013,0,36.001,1549,2338,1.020,1.960,1.520,2,0,0,0,0,18,301,0,4,0
09-03 12:16:04,6.749,1.000,91.740,0,0,5330648,349808,187272,2149868,30013.724,9914.918,0,303.967,0,64.993,1707,1899,1.020,1.960,1.520,0,0,0,0,0,18,301,0,4,0
09-03 12:16:05,7.001,0.500,91.262,0,0,5330628,349808,187272,2149888,23334.046,9719.269,0,60.008,0,6.001,1676,1968,1.020,1.960,1.520,1,0,0,0,0,18,301,0,4,0
09-03 12:16:06,2.250,0.750,96.260,0,0,5330628,349808,187272,2149888,8464.859,540.055,0,4.000,0,1.000,1283,1761,1.020,1.960,1.520,0,0,0,0,0,18,301,0,4,0
09-03 12:16:07,3.500,1.000,92.993,0.750,0,5330624,349808,187272,2149892,8386.412,539.962,0,823.942,0,80.994,2211,3377,0.930,1.930,1.510,0,0,2.000,0,0,18,301,0,4,0
09-03 12:16:08,2.250,1.000,95.758,0.250,0,5330624,349808,187272,2149892,10151.871,540.046,0,84.007,0,12.001,1427,2087,0.930,1.930,1.510,0,0,1.000,0,0,18,301,0,4,0
09-03 12:16:09,1.750,0.500,93.983,2.250,0,5330368,350064,187272,2149892,5497.028,485.914,0,591.895,0,112.980,1185,1715,0.930,1.930,1.510,0,0,0,0,0,18,301,0,4,0
09-03 12:16:10,2.000,1.500,92.265,3.751,0,5330384,350064,187272,2149896,3704.599,540.087,0,4004.648,0,219.035,1593,2291,0.930,1.930,1.510,0,0,0,0,0,18,301,0,4,0
09-03 12:16:11,2.999,1.500,94.727,0,0,5330636,349812,187272,2149896,8378.986,539.870,0,27.993,0,3.999,1431,1786,0.930,1.930,1.510,0,0,5.999,0,0,18,301,0,4,0
09-03 12:16:12,2.000,0.500,96.768,0,0,5330636,349812,187272,2149896,7406.341,540.098,0,4.001,0,1.000,1110,1624,0.940,1.910,1.510,2,0,0,0,0,18,301,0,4,0
09-03 12:16:13,2.500,0.500,94.987,0.250,0,5330636,349812,187272,2149896,6993.033,539.925,0,255.965,0,22.997,1458,2132,0.940,1.910,1.510,0,0,0,0,0,18,301,0,4,0
09-03 12:16:14,1.500,0.750,96.242,0,0,5330632,349812,187272,2149900,5915.531,539.957,0,0,0,0,1177,1752,0.940,1.910,1.510,0,0,2.000,0,0,18,301,0,4,0
09-03 12:16:15,2.500,1.000,94.995,0.750,0,5330632,349812,187272,2149900,8874.574,539.974,0,291.986,0,29.999,1500,2148,0.940,1.910,1.510,0,0,0,0,0,18,301,0,4,0
09-03 12:16:16,9.502,4.001,74.269,11.253,0,5349888,328564,187512,2151656,10286.589,486.122,1936.487,60155.141,268.067,119.030,2620,2940,0.940,1.910,1.510,0,1,5.001,0,0,18,301,0,4,0
09-03 12:16:17,14.029,3.758,71.899,9.019,0,5352440,324316,187980,2152888,13526.071,8684.022,1695.519,1948.043,319.663,164.341,4812,6778,0.950,1.900,1.500,1,0,3.006,0,0,18,306,0,5,0
09-03 12:16:18,18.221,3.245,75.128,1.997,0.250,5389964,286340,187980,2153344,7949.138,3833.797,143.767,159.742,7.987,18.969,2622,2670,0.950,1.900,1.500,1,0,4.992,0,0,18,308,0,6,0
09-03 12:16:19,20.320,4.766,72.750,1.756,0,5375408,300772,187980,2153516,16139.430,8545.348,32.110,220.758,2.007,24.083,4520,6108,0.950,1.900,1.500,1,0,6.021,0,0,18,311,0,7,0
09-03 12:16:20,17.676,2.988,76.930,0.747,0,5388472,287360,187980,2153864,16529.173,10905.590,0,446.142,0,43.818,3424,3820,0.950,1.900,1.500,1,0,4.979,0,0,18,311,0,8,0
09-03 12:16:21,15.256,3.251,79.781,0.500,0,5419832,255860,187980,2154004,18065.007,11527.471,0,496.192,0,25.010,2813,3085,0.950,1.900,1.500,0,0,5.002,0,0,18,312,0,9,0
09-03 12:16:22,14.745,3.749,76.474,3.999,0,5390972,284692,187980,2154032,17757.953,10989.258,0,3110.941,0,208.929,3278,4247,0.950,1.880,1.500,0,0,5.998,0,0,18,312,0,10,0
09-03 12:16:23,35.514,5.752,55.771,1.501,0,5159492,516016,187980,2154188,16352.240,9004.436,12.005,316.121,1.000,39.015,4209,3728,0.950,1.880,1.500,1,0,20.008,0,0,18,303,0,11,0
09-03 12:16:24,35.878,8.781,52.186,3.262,0,5202572,472968,187980,2154240,4750.969,487.742,44.158,8.029,7.025,1.004,2940,1990,0.950,1.880,1.500,1,2,4.014,0,0,18,303,0,11,0
09-03 12:16:25,65.768,9.183,22.088,1.737,0,5271696,403548,187980,2154536,3263.107,536.075,107.215,837.865,6.949,46.658,4309,2376,0.950,1.880,1.500,2,1,0,0,0,18,303,0,11,0
09-03 12:16:26,67.836,12.813,5.527,13.818,0,5250296,418692,187980,2160812,4078.188,542.686,6279.082,200.995,487.413,19.095,5688,5216,0.950,1.880,1.500,4,0,6.030,0,0,18,299,0,11,0
09-03 12:16:27,55.198,9.241,34.967,0.250,0,5322260,346020,187980,2161536,11333.333,539.492,139.868,719.323,19.981,66.937,4981,5675,1.430,1.970,1.530,2,0,1.998,0,0,18,299,0,16,0
09-03 12:16:28,65.975,10.246,21.492,2.499,0,5281168,385276,187980,2163460,36980.090,14320.613,1135.573,203.923,58.978,21.992,6287,7753,1.430,1.970,1.530,6,0,8.997,0,0,18,301,0,19,0
09-03 12:16:29,45.747,6.750,43.747,2.500,0,5382904,281456,187980,2165564,16505.898,5175.654,767.949,103.993,30.998,11.999,7926,11863,1.430,1.970,1.530,2,0,2.000,0,0,18,303,0,20,0
09-03 12:16:30,34.824,4.259,54.115,5.011,0,5449336,213308,187980,2167280,92111.813,43470.410,982.088,4485.535,21.045,223.475,7360,10417,1.430,1.970,1.530,3,0,2.004,0,0,18,305,0,25,0
09-03 12:16:31,33.018,2.501,63.785,0,0,5457052,205496,187980,2167376,149344.890,70396.600,0,0,0,0,5736,6485,1.430,1.970,1.530,2,0,0,0,0,18,306,0,25,0
09-03 12:16:32,22.187,2.493,72.544,0.748,0,5362308,300280,187980,2167440,85330.171,36557.965,0,1068.958,0,74.787,4281,5027,1.560,1.990,1.540,0,0,0.997,0,0,18,303,0,25,0
09-03 12:16:33,2.250,0.750,95.493,0.250,0,5362532,300056,187980,2167440,3384.747,539.960,0,127.990,0,15.999,1275,1853,1.560,1.990,1.540,0,0,0,0,0,18,303,0,25,0
09-03 12:16:34,1.750,0.750,96.740,0,0.250,5362532,300056,187980,2167440,8362.160,539.946,0,0,0,0,1181,1690,1.560,1.990,1.540,0,0,0,0,0,18,303,0,25,0
09-03 12:16:35,1.501,0.751,96.076,0.500,0,5362532,300056,187980,2167440,7743.162,540.430,0,732.583,0,136.108,1289,1752,1.560,1.990,1.540,0,1,0,0,0,18,303,0,24,0
09-03 12:16:36,2.247,0.499,87.138,8.739,0,5362532,300056,187980,2167440,3662.306,539.309,0,6667.455,0,1024.687,2038,2014,1.560,1.990,1.540,0,0,0,0,0,18,303,0,24,0
09-03 12:16:37,2.752,1.001,94.564,0.500,0,5362780,299804,187980,2167444,8403.656,540.364,0,476.321,0,44.030,1714,2595,1.520,1.970,1.540,0,0,1.001,0,0,18,303,0,24,0
09-03 12:16:38,2.750,0.500,95.485,0.250,0,5361104,301476,187980,2167448,7752.802,539.917,0,83.987,0,11.998,1411,2175,1.520,1.970,1.540,0,0,0,0,0,18,303,0,24,0
09-03 12:16:39,2.000,0.500,95.258,0.750,0,5354384,308196,187980,2167448,10088.798,610.048,0,84.007,0,12.001,1415,2089,1.520,1.970,1.540,0,0,0,0,0,18,303,0,24,0
09-03 12:16:40,2.249,0.750,95.693,0.250,0,5349268,313312,187980,2167448,8050.175,485.709,0,287.827,0,18.989,1313,1859,1.520,1.970,1.540,0,0,0,0,0,18,303,0,24,0
09-03 12:16:41,3.250,1.250,95.252,0.250,0,5345072,317508,187980,2167448,5702.140,540.013,0,104.003,0,16.000,1633,2247,1.520,1.970,1.540,0,0,0,0,0,18,303,0,24,0
09-03 12:16:42,3.252,1.001,94.300,0.500,0,5343728,318864,187980,2167448,7174.798,540.286,0,1492.790,0,144.076,1785,2524,1.470,1.950,1.530,0,0,0,0,0,18,303,0,24,0
09-03 12:16:43,2.000,0.500,96.513,0,0,5342632,319960,187980,2167448,6563.878,540.072,0,0,0,0,1210,1724,1.470,1.950,1.530,0,0,0,0,0,18,303,0,24,0
09-03 12:16:44,7.249,1.000,86.240,3.750,0,5341828,320496,187980,2167716,3771.543,539.935,175.979,379.954,17.998,40.995,2607,3867,1.470,1.950,1.530,1,0,0,0,0,18,303,0,24,0
09-03 12:16:45,2.250,0.750,96.494,0,0,5340888,321436,187980,2167716,8134.526,539.969,0,0,0,0,1251,1734,1.470,1.950,1.530,0,0,0,0,0,18,303,0,24,0
09-03 12:16:46,2.000,0.750,95.999,0.250,0,5341112,321212,187980,2167716,6396.915,539.993,0,311.996,0,17.000,1273,1859,1.470,1.950,1.530,0,0,0,0,0,18,303,0,24,0
09-03 12:16:47,2.250,0.750,94.761,0.750,0,5341364,320960,187980,2167716,8821.980,486.054,0,252.028,0,24.003,1530,2143,1.440,1.940,1.530,0,0,1.000,0,0,18,303,0,24,0
09-03 12:16:48,17.983,5.994,73.930,1.499,0,5265284,396696,188124,2167916,5927.382,777.263,643.390,51.951,36.965,5.994,3218,3013,1.440,1.940,1.530,3,0,70.933,0,0,18,299,0,26,0
09-03 12:16:49,27.290,5.508,65.347,0.501,0,5009288,652364,188124,2168240,3324.911,893.320,56.083,416.615,1.001,24.036,2919,2636,1.440,1.940,1.530,2,0,8.012,0,0,18,299,0,26,0
09-03 12:16:50,25.341,5.018,66.991,2.007,0,5086384,575000,188128,2170964,7091.556,863.110,84.304,0,9.033,0,3108,4885,1.440,1.940,1.530,5,0,36.130,0,0,18,299,0,26,0
09-03 12:16:51,23.003,7.001,68.258,0.750,0,5165992,494536,188132,2169376,9222.021,762.084,12.001,0,3.000,0,4625,12164,1.440,1.940,1.530,1,0,23.003,0,0,18,303,0,28,0
09-03 12:16:52,25.396,2.490,67.973,2.241,0,5186060,474288,188132,2169556,10052.962,537.805,0,2410.161,0,63.740,2869,2854,1.480,1.940,1.530,1,0,0,0,0,18,303,0,28,0
09-03 12:16:53,4.748,1.250,92.967,0,0,5195612,464712,188132,2169580,5754.967,539.809,0,135.952,0,16.994,1645,2264,1.480,1.940,1.530,1,0,1.000,0,0,18,303,0,28,0
09-03 12:16:54,1.999,1.249,96.458,0.250,0,5195612,464712,188132,2169580,6990.977,679.706,0,103.955,0,9.996,1219,1770,1.480,1.940,1.530,0,0,0,0,0,18,303,0,28,0
09-03 12:16:55,2.502,0.250,95.562,0.500,0,5195612,464712,188132,2169580,4941.204,486.315,0,176.114,0,11.007,1287,1825,1.480,1.940,1.530,0,0,0,0,0,18,303,0,28,0
09-03 12:16:56,2.000,1.000,96.244,0,0,5195612,464712,188132,2169580,4833.718,539.968,0,215.987,0,5.000,1239,1751,1.480,1.940,1.530,0,0,0,0,0,18,303,0,28,0
09-03 12:16:57,2.250,1.250,95.257,0.500,0,5191536,468788,188132,2169580,3888.304,540.042,0,340.027,0,35.003,1556,2294,1.440,1.920,1.530,0,0,1.000,0,0,18,303,0,28,0
09-03 12:16:58,1.750,0.500,95.977,0,0,5187516,472808,188132,2169580,7307.234,629.848,0,31.992,0,3.999,1240,1765,1.440,1.920,1.530,1,0,0,0,0,18,303,0,28,0
09-03 12:16:59,2.501,0.750,96.022,0.500,0,5183996,476324,188132,2169584,6871.598,540.126,0,172.040,0,18.004,1385,2063,1.440,1.920,1.530,0,0,0,0,0,18,303,0,28,0
09-03 12:17:00,2.001,0.500,96.044,0,0,5180936,479380,188132,2169588,9259.260,634.292,0,52.024,0,4.002,1246,1757,1.440,1.920,1.530,0,0,0,0,0,18,303,0,28,0
09-03 12:17:01,2.249,0.750,96.696,0,0,5178244,482072,188132,2169588,5448.981,539.701,0,0,0,0,1186,1678,1.440,1.920,1.530,0,0,0,0,0,18,303,0,28,0
09-03 12:17:02,2.501,1.750,83.273,10.753,0,5176136,484176,188136,2169588,7843.140,626.171,4.001,6809.858,1.000,677.185,2462,3216,1.330,1.890,1.520,0,0,3.001,0,0,18,303,0,28,0
09-03 12:17:03,1.500,0.500,95.986,0.250,0,5174088,486224,188136,2169588,8229.842,539.924,0,167.976,0,14.998,1237,1795,1.330,1.890,1.520,1,0,0,0,0,18,303,0,28,0
09-03 12:17:04,2.000,0.750,96.735,0,0,5171972,488340,188136,2169588,3265.490,539.916,0,0,0,0,1093,1674,1.330,1.890,1.520,0,0,0,0,0,18,303,0,28,0
09-03 12:17:05,1.750,0.750,96.497,0,0,5170364,489948,188136,2169588,4677.849,539.983,0,107.997,0,8.000,1171,1713,1.330,1.890,1.520,0,0,0,0,0,18,303,0,28,0
09-03 12:17:06,1.750,1.000,96.518,0,0,5168960,491352,188136,2169588,9505.764,540.100,0,36.007,0,5.001,1309,1745,1.330,1.890,1.520,0,0,0,0,0,18,303,0,28,0
09-03 12:17:07,2.500,1.000,94.481,0.500,0,5167728,492580,188136,2169592,9208.172,539.893,0,439.913,0,40.992,1801,2704,1.300,1.880,1.520,0,0,1.000,0,0,18,303,0,28,0
09-03 12:17:08,2.000,0.750,95.241,0.250,0,5166812,493496,188136,2169592,7853.282,539.951,0,1055.903,0,190.983,1544,2138,1.300,1.880,1.520,0,0,0,0,0,18,303,0,28,0
09-03 12:17:09,2.251,0.750,95.777,0.250,0,5166812,493492,188136,2169596,7643.146,630.177,0,120.034,0,15.004,1436,2100,1.300,1.880,1.520,0,0,0,0,0,18,303,0,28,0
09-03 12:17:10,1.750,0.750,96.499,0,0,5166808,493492,188136,2169600,7250.907,485.994,0,0,0,0,1176,1721,1.300,1.880,1.520,0,0,0,0,0,18,303,0,28,0
09-03 12:17:11,2.250,1.500,94.986,0.250,0,5167032,493268,188136,2169600,7800.845,539.920,0,287.957,0,17.997,1403,1861,1.300,1.880,1.520,0,0,5.999,0,0,18,303,0,28,0
09-03 12:17:12,2.750,0.500,94.502,1.500,0,5166780,493520,188136,2169600,3790.100,540.014,0,584.015,0,87.002,1592,2328,1.200,1.840,1.510,0,0,0,0,0,18,303,0,28,0
09-03 12:17:13,2.250,1.000,96.257,0,0,5166772,493520,188136,2169608,8070.623,540.042,0,0,0,0,1168,1717,1.200,1.840,1.510,0,0,0,0,0,18,303,0,28,0
09-03 12:17:14,1.500,0.500,96.509,0,0,5167020,493268,188136,2169612,7332.660,540.049,0,0,0,0,1105,1621,1.200,1.840,1.510,0,0,0,0,0,18,303,0,28,0
09-03 12:17:15,3.500,0.750,94.742,0.250,0,5166724,493524,188136,2169652,4291.639,539.955,0,163.986,0,9.999,1438,1879,1.200,1.840,1.510,0,0,0,0,0,18,303,0,28,0
09-03 12:17:16,3.250,1.000,94.251,0.250,0,5166724,493524,188136,2169652,9519.053,540.003,32.000,36.000,2.000,3.000,1796,2133,1.200,1.840,1.510,0,0,0,0,0,18,303,0,28,0
09-03 12:17:17,3.000,1.000,94.991,0.250,0,5166912,493300,188136,2169688,7176.321,485.954,0,123.988,0,17.998,1639,2308,1.100,1.810,1.500,0,0,1.000,0,0,18,303,0,28,0
09-03 12:17:18,5.262,2.506,90.457,0.501,0,5167300,492808,188136,2169792,6873.739,681.561,0,100.230,0,11.025,3625,5976,1.100,1.810,1.500,0,0,1.002,0,0,18,303,0,28,0
09-03 12:17:19,10.492,12.241,74.943,1.249,0,5190912,469140,188136,2169848,5005.195,629.521,7.994,387.705,1.998,29.977,5023,4978,1.100,1.810,1.500,2,0,310.764,0,0,18,304,0,28,0
09-03 12:17:20,21.468,2.247,74.390,0.250,0,5248588,411432,188144,2169872,9490.989,6243.783,15.976,115.829,3.994,11.982,2772,2763,1.100,1.810,1.500,1,0,0,0,0,18,304,0,25,0
09-03 12:17:21,15.006,2.501,74.277,6.002,0,5248292,411432,188152,2170160,11492.248,4522.672,192.071,484.179,31.011,55.020,3331,4097,1.100,1.810,1.500,2,0,0,0,0,18,304,0,27,0
09-03 12:17:22,31.006,6.751,57.012,4.751,0,5263524,395812,188160,2170540,6994.413,1744.352,304.061,996.201,20.004,122.025,6015,7934,1.090,1.800,1.500,2,0,26.005,0,0,18,303,0,28,0
09-03 12:17:23,36.472,6.745,54.208,0.999,0,5325016,334100,188168,2170752,28538.740,24074.223,139.891,447.651,5.995,24.981,3881,3603,1.090,1.800,1.500,3,0,4.996,0,0,18,305,0,36,0
09-03 12:17:24,14.518,13.267,69.837,0.751,0,5320440,338632,188168,2170796,25307.622,14557.189,16.020,140.175,1.001,9.011,5254,4705,1.090,1.800,1.500,3,0,282.353,0,0,18,303,0,34,0
09-03 12:17:25,15.489,10.243,73.699,0.250,0,5338628,320412,188168,2170828,19932.302,2178.503,3.997,247.830,0.999,13.990,4200,3756,1.090,1.800,1.500,1,0,189.870,0,0,18,303,0,36,0
09-03 12:17:26,20.498,4.249,65.742,7.999,0,5390540,267884,188172,2171440,11292.657,581.931,595.929,2971.646,46.994,153.982,2610,2755,1.090,1.800,1.500,2,0,2.000,0,0,18,303,0,36,0
09-03 12:17:27,21.751,2.250,70.004,5.250,0,5422424,231540,188320,2175684,13818.717,540.028,1848.096,568.029,195.010,27.001,2848,3023,1.080,1.790,1.500,1,0,1.000,0,0,18,303,0,36,0
09-03 12:17:28,21.799,4.009,72.163,1.002,0,5452088,199080,188380,2178368,3600.142,541.224,1210.738,368.834,117.265,7.016,2448,2514,1.080,1.790,1.500,1,0,3.007,0,0,18,303,0,28,0
09-03 12:17:29,24.762,4.002,64.281,6.253,0,5464392,186436,188384,2178704,12412.955,540.259,16.008,4370.096,1.000,532.255,6336,8880,1.080,1.790,1.500,1,0,0,0,0,18,304,0,30,0
09-03 12:17:30,18.683,3.487,68.504,8.220,0,5460492,189396,188384,2179660,13245.435,538.068,797.137,601.839,51.814,70.746,4322,5817,1.080,1.790,1.500,0,1,0,0,0,18,309,0,31,0
09-03 12:17:31,29.861,3.764,52.947,12.296,0,5472900,176212,188384,2180440,15166.538,3419.748,273.018,3400.677,15.056,322.201,6195,8752,1.080,1.790,1.500,2,2,2.007,0,0,18,315,0,35,0
09-03 12:17:32,4.735,1.495,83.483,8.971,0,5467108,181972,188388,2180468,15017.001,3057.228,0,2551.844,0,181.420,2895,4252,1.240,1.810,1.500,0,0,0.997,0,0,18,313,0,29,0
09-03 12:17:33,7.998,1.500,87.480,2.000,0,5458840,190160,188388,2180548,17999.978,2762.383,31.993,603.865,2.000,72.984,2791,3815,1.240,1.810,1.500,0,0,0,0,0,18,313,0,30,0
09-03 12:17:34,12.754,1.751,79.028,5.002,0,5454144,194612,188388,2180792,32495.414,11933.191,64.022,1428.502,4.001,158.056,3677,4934,1.240,1.810,1.500,1,0,0,0,0,18,313,0,30,0
09-03 12:17:35,13.001,3.500,72.256,9.251,0,5451508,197048,188388,2180992,9666.837,540.047,80.007,1500.130,4.000,135.012,4835,7266,1.240,1.810,1.500,1,2,0,0,0,18,316,0,30,0
09-03 12:17:36,19.295,3.759,59.390,16.539,0,5449300,199000,188392,2181244,8064.998,541.275,16.038,3580.434,1.002,327.772,6578,9885,1.240,1.810,1.500,3,2,0,0,0,18,316,0,30,0
09-03 12:17:37,22.445,4.489,57.857,12.719,0,5447472,200588,188392,2181484,7377.804,678.327,15.961,5662.035,0.998,441.910,8032,12101,1.460,1.840,1.520,2,0,0.998,0,0,18,316,0,31,0
09-03 12:17:38,6.269,1.755,83.253,7.523,0,5445696,202272,188392,2181576,9656.340,3131.515,0,4132.556,0,264.805,2778,4244,1.460,1.840,1.520,1,0,0,0,0,18,317,0,31,0
09-03 12:17:39,11.214,1.744,72.021,12.710,0,5441700,206080,188392,2181764,35353.700,11825.437,0,5717.837,0,706.755,4057,4970,1.460,1.840,1.520,0,0,0,0,0,18,315,0,31,0
09-03 12:17:40,16.016,3.503,68.317,10.010,0,5439988,207580,188392,2181976,11323.077,540.529,0,2770.711,0,249.244,5911,9128,1.460,1.840,1.520,1,0,0,0,0,18,316,0,32,0
09-03 12:17:41,21.547,4.259,65.644,6.264,0,5438932,208348,188392,2182264,8610.920,487.070,0,2485.461,0,234.515,7635,11488,1.460,1.840,1.520,1,0,0,0,0,18,317,0,32,0
09-03 12:17:42,11.218,2.742,74.537,8.974,0,5438760,208428,188392,2182356,11146.201,3249.729,0,2456.990,0,249.289,4388,6821,1.420,1.830,1.520,0,0,0,0,0,18,315,0,33,0
09-03 12:17:43,12.496,2.749,72.478,10.747,0,5437716,209396,188392,2182432,10101.924,3257.008,0,3434.954,0,271.917,4225,6153,1.420,1.830,1.520,0,1,0,0,0,18,315,0,34,0
09-03 12:17:44,9.269,1.754,81.917,6.012,0,5437112,209800,188396,2182628,5222.675,541.106,0,2232.564,0,175.358,3075,4517,1.420,1.830,1.520,6,0,0,0,0,18,315,0,37,0
09-03 12:17:45,4.735,1.246,89.967,2.492,0,5436016,210872,188396,2182652,13753.802,3247.799,0,1503.278,0,112.646,2265,3348,1.420,1.830,1.520,0,0,0,0,0,18,315,0,38,0
09-03 12:17:46,21.776,2.753,69.333,5.256,0,5436628,209880,188396,2183032,25849.845,9622.482,148.177,1469.754,8.010,126.151,4655,5964,1.420,1.830,1.520,1,0,0,0,0,18,316,0,37,0
09-03 12:17:47,9.499,1.750,83.987,2.000,0,5437208,209260,188396,2183072,26946.748,9220.545,0,911.856,0,115.982,3391,4703,1.310,1.800,1.510,0,0,1.000,0,0,18,316,0,37,0
09-03 12:17:48,9.503,1.750,83.522,4.501,0,5436960,209476,188396,2183120,22984.167,7580.034,0,2280.612,0,219.059,2929,3725,1.310,1.800,1.510,2,1,0,0,0,18,315,0,38,0
09-03 12:17:49,9.249,2.000,84.238,3.250,0,5436956,209448,188396,2183152,26833.083,9860.561,0,1295.811,0,99.985,3046,4110,1.310,1.800,1.510,0,2,0,0,0,18,316,0,36,0
09-03 12:17:50,21.574,4.265,62.214,10.285,0,5437480,208680,188396,2183396,5638.353,682.342,0,3861.253,0,377.295,7568,11849,1.310,1.800,1.510,1,1,0,0,0,18,315,0,37,0
09-03 12:17:51,25.488,6.247,62.222,4.498,0,5433704,212048,188396,2183804,7189.720,539.754,0,1663.241,0,183.916,8678,17262,1.310,1.800,1.510,1,0,37.983,0,0,18,316,0,39,0
09-03 12:17:52,21.408,3.734,62.483,10.206,0,5433512,212048,188396,2183996,4675.985,537.698,0,3887.360,0,346.517,7506,11396,1.280,1.790,1.500,0,1,0,0,0,18,316,0,39,0
09-03 12:17:53,15.767,3.254,71.078,7.759,0,5434056,211292,188396,2184208,8001.792,582.640,0,4781.253,0,230.253,6005,8807,1.280,1.790,1.500,0,0,1.001,0,0,18,317,0,37,0
09-03 12:17:54,4.749,1.000,93.481,0.250,0,5434040,211292,188396,2184224,6848.598,539.889,0,291.940,0,15.997,1810,2312,1.280,1.790,1.500,1,0,1.000,0,0,18,318,0,37,0
09-03 12:17:55,4.001,1.250,89.782,3.501,0,5434976,210312,188396,2184268,7302.606,540.193,0,4357.555,0,622.222,2132,2136,1.280,1.790,1.500,0,0,0,0,0,18,318,0,37,0
09-03 12:17:56,15.056,3.513,70.513,10.037,0,5434892,210312,188400,2184348,10570.442,487.820,0,2148.015,0,216.809,5496,8590,1.280,1.790,1.500,1,0,0,0,0,18,318,0,37,0
09-03 12:17:57,21.955,4.491,64.368,7.485,0,5435092,209808,188408,2184644,9828.876,538.897,0,2965.927,0,323.338,8084,12648,1.260,1.770,1.500,1,0,0.998,0,0,18,318,0,38,0
09-03 12:17:58,20.212,4.491,63.879,9.981,0,5437016,207288,188408,2185240,8036.789,538.980,271.486,3090.151,15.970,213.596,7329,11075,1.260,1.770,1.500,0,2,0,0,0,18,317,0,38,0
09-03 12:17:59,9.791,2.008,69.791,17.322,0,5437244,207036,188408,2185264,22762.782,9451.354,0,6109.439,0,213.891,3086,4353,1.260,1.770,1.500,1,4,0,0,0,18,319,0,38,0
09-03 12:18:00,9.708,1.991,75.421,10.206,0,5445608,198468,188408,2185468,14277.799,3735.725,0,3142.311,0,251.903,3594,5648,1.260,1.770,1.500,0,2,0,0,0,18,317,0,41,0
09-03 12:18:01,10.755,2.501,63.277,22.510,0,5447504,196480,188408,2185560,12985.642,3189.386,64.028,9159.980,4.002,845.367,4066,5796,1.260,1.770,1.500,0,0,0,0,0,18,317,0,42,0
09-03 12:18:02,8.247,1.499,86.966,1.749,0,5447720,196228,188408,2185596,4678.188,539.791,0,723.720,0,72.972,2461,3579,1.160,1.740,1.490,0,0,0,0,0,18,318,0,42,0
09-03 12:18:03,10.499,1.750,81.745,3.500,0,5455220,188672,188408,2185652,11128.369,3102.824,0,979.944,0,108.994,3396,4979,1.160,1.740,1.490,0,0,0,0,0,18,317,0,46,0
09-03 12:18:04,8.282,1.757,89.097,0.753,0,5455424,188420,188408,2185700,8950.895,487.902,0,558.176,0,39.153,2376,3177,1.160,1.740,1.490,3,0,0,0,0,18,318,0,50,0
09-03 12:18:05,10.211,0.996,83.432,3.487,0,5460560,183128,188408,2185856,33677.715,12015.232,0,916.509,0,109.583,3110,4195,1.160,1.740,1.490,0,0,0,0,0,18,317,0,50,0
09-03 12:18:06,8.001,1.500,83.762,5.751,0,5460476,183128,188408,2185940,10842.535,2751.390,0,1200.170,0,118.017,2953,4381,1.160,1.740,1.490,0,0,0,0,0,18,317,0,51,0
09-03 12:18:07,15.498,2.500,75.740,4.499,0,5460436,183128,188408,2185980,28780.034,11927.357,0,1623.776,0,188.974,4280,5862,1.070,1.710,1.480,0,0,1.000,0,0,18,317,0,54,0
09-03 12:18:08,9.250,1.750,84.001,3.500,0.250,5461048,182372,188408,2186124,8220.098,540.006,16.000,1544.018,1.000,177.002,3699,5452,1.070,1.710,1.480,0,0,0,0,0,18,317,0,54,0
09-03 12:18:09,8.752,1.750,84.771,3.501,0,5460896,182372,188408,2186276,9355.334,540.135,0,1044.261,0,100.025,2567,3687,1.070,1.710,1.480,1,0,0,0,0,18,318,0,54,0
09-03 12:18:10,7.247,1.749,80.212,8.496,0,5461064,182120,188408,2186360,12142.255,3283.446,0,2506.814,0,200.905,3195,5005,1.070,1.710,1.480,1,1,0,0,0,18,317,0,57,0
09-03 12:18:11,13.000,4.250,64.752,15.750,0,5462616,180356,188408,2186572,12092.315,3363.088,0,6112.159,0,452.012,4967,7299,1.070,1.710,1.480,1,0,6.000,0,0,18,317,0,62,0
09-03 12:18:12,6.997,1.250,88.215,2.499,0,5462868,180104,188408,2186572,10823.708,539.786,0,559.778,0,61.975,2435,3410,0.980,1.680,1.480,0,0,0,0,0,18,317,0,63,0
09-03 12:18:13,5.504,1.251,91.319,1.001,0,5463068,179852,188408,2186624,8515.413,540.407,0,456.344,0,47.035,2090,2907,0.980,1.680,1.480,0,0,0,0,0,18,317,0,63,0
09-03 12:18:14,3.760,1.253,94.512,0.251,0,5463068,179852,188408,2186624,5632.612,541.501,0,288.800,0,17.047,1543,2236,0.980,1.680,1.480,1,0,0,0,0,18,318,0,63,0
09-03 12:18:15,3.739,0.997,91.724,1.496,0,5463000,179852,188408,2186692,4331.987,538.383,0,586.239,0,57.826,2068,3211,0.980,1.680,1.480,0,0,0,0,0,18,317,0,63,0
09-03 12:18:16,4.999,1.500,90.477,1.500,0,5462988,179852,188408,2186712,8039.977,539.864,0,519.869,0,51.987,2220,3154,0.980,1.680,1.480,1,0,1.000,0,0,18,317,0,63,0
09-03 12:18:17,12.001,1.750,80.755,4.250,0,5463172,179600,188408,2186780,14707.865,5876.346,0,1464.086,0,198.012,3823,5626,0.900,1.660,1.470,1,0,1.000,0,0,18,317,0,65,0
09-03 12:18:18,11.242,2.248,80.944,3.997,0,5463372,179348,188408,2186832,15303.433,4958.576,0,1506.959,0,186.871,3929,5971,0.900,1.660,1.470,0,0,0,0,0,18,317,0,69,0
09-03 12:18:19,11.026,1.503,84.946,2.005,0,5464680,177848,188408,2187028,13540.319,5051.685,0,1363.153,0,130.301,3165,4168,0.900,1.660,1.470,0,1,0,0,0,18,317,0,72,0
09-03 12:18:20,17.552,4.263,68.704,8.525,0,5468276,173816,188408,2187464,27807.636,9614.572,0,1937.758,0,206.614,6709,10330,0.900,1.660,1.470,1,0,1.003,0,0,18,318,0,72,0
09-03 12:18:21,12.698,1.743,79.926,4.482,0,5468452,173564,188408,2187540,5473.781,537.817,95.612,2238.912,5.976,305.759,3987,5292,0.900,1.660,1.470,0,1,0,0,0,18,317,0,74,0
09-03 12:18:22,12.244,3.498,66.468,14.993,0,5468712,173088,188412,2187768,7938.200,3284.428,15.992,7464.427,1.000,716.657,5210,7385,0.910,1.640,1.470,1,0,0,0,0,18,317,0,77,0
09-03 12:18:23,12.501,2.000,74.503,8.750,0,5469708,172080,188412,2187780,25790.203,12127.565,0,3880.181,0,303.014,4073,6069,0.910,1.640,1.470,2,0,0,0,0,18,318,0,78,0
09-03 12:18:24,9.998,1.750,86.231,1.750,0,5469456,172080,188412,2188032,16169.395,2990.333,0,1831.592,0,100.977,3145,4357,0.910,1.640,1.470,1,0,0,0,0,18,317,0,79,0
09-03 12:18:25,5.000,1.000,91.244,1.000,0,5469452,172080,188412,2188036,5862.617,539.965,0,383.975,0,32.998,1938,2740,0.910,1.640,1.470,1,0,0,0,0,18,318,0,80,0
09-03 12:18:26,11.744,1.749,81.461,3.748,0,5469380,172080,188412,2188108,31196.176,11803.391,0,875.584,0,122.942,3358,4518,0.910,1.640,1.470,0,0,0,0,0,18,317,0,66,0
09-03 12:18:27,15.765,3.754,62.061,16.516,0,5466556,174668,188412,2188344,5988.877,540.530,0,5169.073,0,646.635,6156,8856,0.840,1.620,1.460,0,2,1.001,0,0,18,318,0,66,0
09-03 12:18:28,20.241,4.248,61.722,12.244,0,5466916,174164,188412,2188488,9393.741,539.755,0,5049.711,0,440.800,7193,11503,0.840,1.620,1.460,2,1,1.000,0,0,18,318,0,66,0
09-03 12:18:29,19.523,4.255,61.572,13.266,0,5467604,173408,188412,2188556,7123.383,582.686,0,4881.745,0,341.402,6770,10370,0.840,1.620,1.460,2,0,0,0,0,18,318,0,68,0
09-03 12:18:30,13.738,2.498,77.181,4.246,0,5467804,172904,188412,2188860,6691.024,539.518,0,1714.469,0,153.863,5215,7664,0.840,1.620,1.460,0,0,0,0,0,18,317,0,66,0
09-03 12:18:31,10.506,2.751,80.793,5.253,0,5468308,172400,188412,2188860,13447.226,3117.675,16.009,1220.656,1.001,138.074,3677,5262,0.840,1.620,1.460,1,0,0,0,0,18,318,0,69,0
09-03 12:18:32,4.760,0.752,90.935,1.253,0,5468052,172400,188412,2189116,8435.175,715.457,0,1030.097,0,93.190,2375,3340,0.770,1.590,1.450,1,0,0,0,0,18,318,0,70,0
09-03 12:18:33,6.980,1.994,73.787,15.954,0,5467980,172456,188412,2189132,8617.154,3202.766,0,4403.304,0,563.376,3324,4708,0.770,1.590,1.450,1,0,0.997,0,0,18,317,0,70,0
09-03 12:18:34,11.309,1.508,80.421,5.529,0,5468128,172204,188412,2189236,9627.341,2536.262,0,1330.959,0,108.568,3478,4923,0.770,1.590,1.450,2,0,0,0,0,18,319,0,66,0
09-03 12:18:35,3.483,0.995,87.065,6.965,0,5468360,171952,188412,2189256,8788.043,710.446,0,1126.366,0,107.462,2188,3510,0.770,1.590,1.450,0,0,0,0,0,18,317,0,66,0
09-03 12:18:36,15.003,2.250,72.262,9.252,0,5470480,169684,188412,2189404,31665.421,11799.020,0,3088.529,0,253.043,4339,6146,0.770,1.590,1.450,0,1,0,0,0,18,317,0,69,0
09-03 12:18:37,16.519,4.005,59.819,17.270,0,5470768,169180,188412,2189620,5865.811,540.628,32.037,6035.007,1.001,494.574,6940,10807,0.790,1.580,1.450,1,0,1.001,0,0,18,318,0,70,0
09-03 12:18:38,23.327,4.515,61.201,9.030,0,5470616,168928,188412,2190024,3728.271,541.783,16.053,2793.193,1.003,324.067,8010,12667,0.790,1.580,1.450,1,0,0,0,0,18,318,0,71,0
09-03 12:18:39,22.997,4.249,63.990,7.749,0,5471672,167668,188416,2190224,9979.510,539.919,31.995,2099.686,1.000,204.969,7646,11458,0.790,1.580,1.450,1,0,0,0,0,18,318,0,74,0
09-03 12:18:40,18.921,4.481,63.734,10.456,0,5471784,167164,188416,2190616,5771.896,537.754,0,3238.476,0,335.599,7451,11908,0.790,1.580,1.450,1,1,0,0,0,18,318,0,74,0
09-03 12:18:41,22.505,3.751,62.013,9.502,0,5472420,166408,188416,2190736,4297.889,540.112,0,2596.537,0,273.056,7932,11654,0.790,1.580,1.450,0,1,0,0,0,18,318,0,74,0
09-03 12:18:42,21.509,5.002,59.274,13.756,0,5473336,165160,188420,2191048,8461.426,486.197,0,7290.952,0,516.209,7965,11980,1.210,1.650,1.470,2,0,0,0,0,18,318,0,75,0
09-03 12:18:43,18.966,3.743,63.138,11.480,0.250,5473612,164656,188420,2191276,5292.580,539.041,0,2890.855,0,301.463,6828,10989,1.210,1.650,1.470,4,0,0,0,0,18,318,0,75,0
09-03 12:18:44,23.024,3.253,62.064,10.010,0,5474248,163900,188424,2191392,7739.022,540.560,0,1901.971,0,220.228,7613,11207,1.210,1.650,1.470,0,1,0,0,0,18,318,0,76,0
09-03 12:18:45,14.500,3.250,71.250,8.500,0,5474728,163144,188424,2191668,6089.010,540.001,0,2276.004,0,215.000,5704,8585,1.210,1.650,1.470,0,0,0,0,0,18,317,0,78,0
09-03 12:18:46,7.248,1.500,84.981,5.499,0,5474724,163144,188424,2191672,4373.043,539.882,31.993,1155.747,1.000,98.978,2699,4014,1.210,1.650,1.470,0,0,0,0,0,18,317,0,75,0
09-03 12:18:47,5.513,1.504,85.953,5.262,0,5474880,162892,188424,2191768,8648.438,541.279,0,2642.244,0,164.388,2386,3363,1.110,1.630,1.460,0,1,1.002,0,0,18,318,0,75,0
09-03 12:18:48,10.475,2.744,74.326,10.974,0,5475332,162388,188424,2191820,12082.736,3270.350,0,4740.910,0,367.141,4305,6635,1.110,1.630,1.460,1,0,0,0,0,18,317,0,79,0
09-03 12:18:49,13.005,2.001,74.529,9.003,0,5474672,162848,188424,2192020,12595.840,2752.057,0,5185.993,0,699.269,4265,5229,1.110,1.630,1.460,0,2,0,0,0,18,317,0,84,0
09-03 12:18:50,12.249,1.500,81.995,2.000,0,5474592,162848,188424,2192100,35070.714,13750.104,0,1347.912,0,144.991,3350,4430,1.110,1.630,1.460,0,0,0,0,0,18,318,0,83,0
09-03 12:18:51,13.057,4.017,81.604,0.251,0,5468936,243084,187468,2118740,22296.696,5589.239,0,566.457,0,36.157,3542,11721,1.110,1.630,1.460,1,0,38.166,0,0,18,318,0,85,0
09-03 12:18:52,7.462,1.492,84.815,4.477,0,5469280,242516,187468,2118964,11043.403,537.247,0,1353.066,0,148.240,3399,5154,1.100,1.620,1.460,1,0,0,0,0,18,317,0,86,0
09-03 12:18:53,11.506,2.501,77.792,6.253,0,5469096,242616,187468,2119048,9760.316,3278.786,0,1784.972,0,192.105,3927,5912,1.100,1.620,1.460,0,0,0,0,0,18,317,0,90,0
09-03 12:18:54,9.293,1.758,78.366,9.796,0,5469012,242700,187468,2119048,3826.852,542.531,0,5437.365,0,628.934,3374,4459,1.100,1.620,1.460,1,0,0,0,0,18,317,0,90,0
09-03 12:18:55,4.725,1.244,88.040,4.477,0,5468664,242836,187468,2119260,10952.805,3259.976,0,2455.179,0,106.444,2237,3322,1.100,1.620,1.460,1,0,0,0,0,18,318,0,90,0
09-03 12:18:56,4.504,1.251,89.076,3.003,0,5468632,242836,187468,2119292,5407.633,540.463,0,848.727,0,75.064,2242,3438,1.100,1.620,1.460,0,0,0,0,0,18,317,0,92,0
09-03 12:18:57,7.496,1.499,89.203,0.999,0,5468600,242836,187468,2119324,7164.230,581.694,0,851.552,0,76.960,2473,3489,1.010,1.590,1.450,0,0,0.999,0,0,18,317,0,93,0
09-03 12:18:58,14.756,2.001,79.281,3.001,0,5464512,246864,187468,2119384,20564.990,7417.882,0,1536.597,0,189.073,4275,6029,1.010,1.590,1.450,2,0,0,0,0,18,318,0,97,0
09-03 12:18:59,13.498,2.250,71.740,11.248,0,5464584,246612,187468,2119564,38470.395,16220.637,0,1691.754,0,124.982,3638,4749,1.010,1.590,1.450,1,2,0,0,0,18,319,0,97,0
09-03 12:19:00,18.992,4.748,57.727,15.494,0,5464652,246372,187468,2119736,10447.819,873.650,0,8104.757,0,580.768,7376,11639,1.010,1.590,1.450,1,0,0,0,0,18,318,0,98,0
09-03 12:19:01,22.104,4.521,66.061,6.531,0,5464660,246120,187468,2119980,3798.907,542.557,0,1937.131,0,228.075,7704,11489,1.010,1.590,1.450,1,0,0,0,0,18,318,0,98,0
09-03 12:19:02,15.433,3.734,74.178,4.729,0,5465644,244608,187468,2120508,4160.950,537.668,0,1967.465,0,201.128,6164,9183,1.170,1.610,1.460,0,0,0,0,0,18,317,0,94,0
09-03 12:19:03,9.271,2.004,79.426,8.268,0,5465644,244608,187468,2120508,8243.312,541.202,0,1551.446,0,142.316,3193,4761,1.170,1.610,1.460,1,0,0,0,0,18,317,0,97,0
09-03 12:19:04,4.490,0.998,89.804,2.744,0,5465360,244608,187468,2120792,10338.417,3274.846,0,1305.149,0,103.773,2122,3218,1.170,1.610,1.460,2,0,0,0,0,18,318,0,97,0
09-03 12:19:05,13.752,2.500,80.763,2.000,0,5465484,244356,187468,2120920,16258.600,5128.820,0,1296.207,0,134.021,3885,5490,1.170,1.610,1.460,0,0,0,0,0,18,318,0,101,0
09-03 12:19:06,6.750,1.500,88.003,2.250,0,5465388,244356,187468,2121016,14419.444,3636.112,0,956.029,0,89.003,2665,3687,1.170,1.610,1.460,1,0,0,0,0,18,318,0,104,0
09-03 12:19:07,6.999,1.250,88.991,1.750,0,5465864,243856,187468,2121040,15610.376,2576.732,0,843.912,0,78.992,2643,3768,1.320,1.640,1.470,0,0,1.000,0,0,18,318,0,97,0
09-03 12:19:08,11.274,2.004,77.165,8.268,0,5465816,243856,187468,2121088,28903.736,9780.891,0,3423.312,0,275.589,3552,4928,1.320,1.640,1.470,0,1,0,0,0,18,317,0,98,0
09-03 12:19:09,10.473,1.995,79.046,6.234,0,5467304,242092,187468,2121364,20891.957,9148.335,239.381,2740.910,3.990,178.538,3188,4359,1.320,1.640,1.470,0,0,0,0,0,18,319,0,100,0
09-03 12:19:10,6.251,1.500,87.521,3.501,0,5467524,241840,187468,2121396,11585.724,2875.676,0,1012.238,0,120.028,2624,3754,1.320,1.640,1.470,0,0,0,0,0,18,318,0,101,0
09-03 12:19:11,17.054,3.260,72.730,5.517,0,5468432,240836,187468,2121492,22661.686,7821.743,88.279,1914.055,9.029,178.565,5385,7540,1.320,1.640,1.470,1,1,6.019,0,0,18,318,0,96,0
09-03 12:19:12,20.988,4.747,57.467,14.492,0,5467848,240836,187468,2122076,3722.891,539.694,0,4865.243,0,484.725,7895,12436,1.370,1.640,1.470,1,0,0,0,0,18,318,0,96,0
09-03 12:19:13,23.027,4.005,67.329,3.754,0,5467728,240836,187468,2122196,8996.584,486.572,0,2030.389,0,195.230,8006,12102,1.370,1.640,1.470,3,0,0,0,0,18,319,0,98,0
09-03 12:19:14,5.977,1.245,86.173,4.981,0,5467776,240584,187468,2122400,4974.107,537.957,0,1307.036,0,122.535,2839,4291,1.370,1.640,1.470,0,0,0,0,0,18,317,0,98,0
09-03 12:19:15,14.057,2.510,68.528,13.555,0,5467912,240376,187472,2122468,27925.453,9625.104,0,5835.709,0,697.835,4420,5364,1.370,1.640,1.470,0,2,0,0,0,18,317,0,92,0
09-03 12:19:16,13.479,2.746,66.897,14.727,0,5468176,239900,187472,2122680,5713.205,539.170,0,6478.028,0,440.322,5551,8585,1.370,1.640,1.470,6,0,0,0,0,18,318,0,92,0
09-03 12:19:17,21.459,4.242,57.140,14.472,0,5468000,239900,187472,2122856,3454.374,538.966,0,4419.522,0,434.167,7879,12367,1.340,1.630,1.470,2,1,0.998,0,0,18,318,0,93,0
09-03 12:19:18,23.002,4.000,65.756,5.751,0,5468932,238640,187472,2123184,7371.695,540.051,0,1908.180,0,170.016,7561,11282,1.340,1.630,1.470,1,0,0,0,0,18,318,0,93,0
09-03 12:19:19,10.746,2.999,71.976,12.496,0,5468824,238680,187472,2123252,12930.658,3304.890,0,2767.071,0,258.913,4221,6450,1.340,1.630,1.470,1,0,0,0,0,18,317,0,89,0
09-03 12:19:20,14.246,3.749,72.979,5.998,0,5471716,235416,187472,2123624,11207.745,3304.040,0,1823.470,0,197.943,6018,9743,1.340,1.630,1.470,1,0,1.000,0,0,18,317,0,90,0
09-03 12:19:21,10.519,2.504,77.639,8.766,0,5473120,233960,187472,2123676,5024.972,486.869,0,6687.941,0,794.418,3886,4735,1.340,1.630,1.470,4,0,0,0,0,18,317,0,91,1
09-03 12:19:22,7.732,1.995,81.065,7.483,0,5472936,233960,187472,2123860,11132.547,3298.458,0,2753.704,0,225.484,3453,5306,1.310,1.620,1.470,1,0,0,0,0,18,317,0,92,0
09-03 12:19:23,16.260,3.752,64.290,14.509,0,5472832,233960,187472,2123964,20107.367,7530.632,0,5943.656,0,462.284,5217,7534,1.310,1.620,1.470,0,0,0,0,0,18,318,0,83,0
09-03 12:19:24,15.058,3.263,71.276,9.286,0,5469784,229604,187472,2131368,14538.276,5520.369,96.373,2919.300,14.054,406.574,3591,4043,1.310,1.620,1.470,3,0,2.008,0,0,18,319,0,83,0
09-03 12:19:25,9.213,1.245,79.432,8.217,0,5469508,229604,187472,2131644,27011.851,11815.693,0,948.204,0,85.657,2709,3766,1.310,1.620,1.470,1,0,0,0,0,18,317,0,83,0
09-03 12:19:26,13.000,1.500,78.499,5.000,0,5469448,229604,187472,2131704,35118.472,11994.820,0,1807.973,0,131.998,3662,4974,1.310,1.620,1.470,0,0,0,0,0,18,317,0,83,0
09-03 12:19:27,14.007,2.251,75.036,7.754,0,5470272,228600,187472,2131884,29245.934,11802.623,0,1312.625,0,139.066,3770,5052,1.210,1.590,1.460,0,2,1.000,0,0,18,317,0,80,0
09-03 12:19:28,10.248,2.000,78.738,7.749,0,5470224,228600,187472,2131932,14767.797,4737.293,0,1447.784,0,154.977,3471,5112,1.210,1.590,1.460,0,0,0,0,0,18,318,0,80,0
09-03 12:19:29,10.506,1.751,81.300,5.003,0,5470180,228600,187472,2131976,21998.473,7591.650,0,1004.615,0,97.059,3345,4657,1.210,1.590,1.460,2,0,0,0,0,18,318,0,80,0
09-03 12:19:30,21.752,4.250,59.004,13.001,0,5470452,228096,187472,2132208,7890.596,540.041,0,4460.337,0,425.032,8250,13154,1.210,1.590,1.460,1,1,1.000,0,0,18,318,0,81,0
09-03 12:19:31,19.735,4.996,57.208,15.988,0,5471064,227340,187472,2132352,5959.583,539.600,0,6754.993,0,442.672,7453,11479,1.210,1.590,1.460,1,0,0,0,0,18,318,0,79,0
09-03 12:19:32,19.195,2.991,66.309,9.722,0,5471272,226584,187476,2132896,7474.497,538.451,95.725,1986.286,4.986,221.363,6469,9650,1.270,1.600,1.460,1,1,0,0,0,18,318,0,80,0
09-03 12:19:33,21.890,4.026,64.916,7.548,0,5471212,226332,187480,2133204,4252.226,543.480,0,2713.373,0,289.856,7890,11936,1.270,1.600,1.460,0,1,0,0,0,18,318,0,80,0
09-03 12:19:34,20.929,4.485,62.040,11.461,0,5471124,226080,187484,2133540,7196.620,538.177,0,3623.724,0,400.643,7898,12243,1.270,1.600,1.460,2,0,0,0,0,18,318,0,80,0
09-03 12:19:35,20.505,4.251,64.767,7.752,0,5472432,224572,187484,2133740,6414.637,540.138,0,3064.782,0,242.062,7446,11215,1.270,1.600,1.460,3,0,0,0,0,18,318,0,75,0
09-03 12:19:36,10.493,2.998,71.452,13.491,0,5472400,224320,187484,2134024,12841.422,3260.822,0,6355.754,0,464.690,4583,7236,1.270,1.600,1.460,0,0,0,0,0,18,317,0,77,0
09-03 12:19:37,9.251,1.750,81.255,6.250,0,5472636,224068,187488,2134036,11031.708,3203.206,0,8988.577,0,147.009,3390,4906,1.170,1.570,1.450,0,0,1.000,0,0,18,317,0,77,0
09-03 12:19:38,11.003,2.751,79.019,6.752,0,5472732,223816,187488,2134192,12072.844,3149.742,32.008,1412.333,1.000,154.036,3653,5443,1.170,1.570,1.450,0,0,0,0,0,18,317,0,78,0
09-03 12:19:39,7.016,1.253,89.200,1.253,0,5472984,223564,187488,2134192,11228.118,2757.168,0,853.910,0,65.146,2540,3527,1.170,1.570,1.450,2,1,0,0,0,18,317,0,71,0
09-03 12:19:40,4.997,0.999,85.195,6.246,0,5472780,223564,187488,2134396,3814.537,539.652,0,903.417,0,86.944,2334,3523,1.170,1.570,1.450,1,0,0,0,0,18,318,0,71,0
09-03 12:19:41,5.489,1.497,87.083,4.491,0,5472992,223312,187488,2134436,14514.163,3197.867,0,1038.009,0,109.789,2496,3753,1.170,1.570,1.450,0,0,0,0,0,18,317,0,71,0
09-03 12:19:42,9.001,1.500,76.762,12.002,0,5473172,223088,187488,2134480,10091.607,2817.449,0,3136.499,0,308.049,3135,4341,1.080,1.550,1.440,0,0,0,0,0,18,317,0,71,0
09-03 12:19:43,7.748,1.500,79.484,7.748,0,5473624,222584,187488,2134532,8022.360,3202.345,0,3123.361,0,245.950,3258,4975,1.080,1.550,1.440,0,1,0,0,0,18,317,0,66,0
09-03 12:19:44,7.751,2.250,82.264,6.501,0.250,5473700,222332,187488,2134708,12660.139,2751.465,0,3576.604,0,244.041,2991,4450,1.080,1.550,1.440,3,0,0,0,0,18,317,0,68,0
09-03 12:19:45,9.251,1.500,84.505,3.750,0,5473664,222332,187488,2134744,13562.828,3149.192,0,1124.069,0,133.008,3093,4520,1.080,1.550,1.440,0,0,0,0,0,18,317,0,69,0
09-03 12:19:46,6.517,1.253,89.734,1.504,0,5473808,222080,187492,2134848,12503.546,2758.179,0,1840.791,0,82.214,2509,3506,1.080,1.550,1.440,1,1,0,0,0,18,317,0,70,0
09-03 12:19:47,5.734,1.496,86.756,4.238,0,5473776,222080,187492,2134880,7622.598,538.488,0,953.323,0,93.737,2703,4027,0.990,1.520,1.440,2,0,0.997,0,0,18,318,0,66,0
09-03 12:19:48,6.251,1.500,85.257,5.500,0,5474072,221576,187492,2135088,9164.757,2751.227,0,1104.091,0,114.009,2725,4127,0.990,1.520,1.440,1,0,0,0,0,18,317,0,66,0
09-03 12:19:49,12.002,2.000,82.013,2.500,0,5474280,221324,187492,2135132,30816.756,11798.821,0,1276.197,0,140.022,3543,4900,0.990,1.520,1.440,0,0,0,0,0,18,317,0,66,0
09-03 12:19:50,16.757,4.252,69.278,7.753,0,5474308,221072,187492,2135356,6616.630,540.215,0,2408.957,0,247.098,5982,9095,0.990,1.520,1.440,1,0,0,0,0,18,318,0,66,0
09-03 12:19:51,26.501,6.250,54.751,10.500,0,5486664,208576,187492,2135472,3481.072,540.011,8.000,4124.086,1.000,393.008,9215,22121,0.990,1.520,1.440,1,0,38.001,0,0,18,318,0,68,0
09-03 12:19:52,19.257,5.252,60.771,13.005,0,5486672,208072,187492,2135988,8938.154,486.172,16.006,6826.409,1.000,526.186,7644,11785,1.070,1.530,1.440,0,0,0,0,0,18,317,0,59,0
09-03 12:19:53,5.021,1.004,88.623,4.017,0,5486664,208072,187492,2135996,5467.012,542.283,0,847.568,0,63.266,2222,3240,1.070,1.530,1.440,1,0,0,0,0,18,317,0,59,0
09-03 12:19:54,10.945,3.234,74.871,9.203,0,5486656,207568,187492,2136508,9970.589,537.284,0,2296.390,0,260.682,4442,6824,1.070,1.530,1.440,0,0,0,0,0,18,317,0,62,0
09-03 12:19:55,12.059,2.764,78.637,6.030,0,5486608,207568,187492,2136556,10027.354,542.671,0,1483.301,0,162.801,4281,6421,1.070,1.530,1.440,1,0,0,0,0,18,318,0,64,0
09-03 12:19:56,23.504,4.751,59.510,10.752,0,5486544,207316,187496,2136868,3484.605,540.094,0,4212.732,0,457.079,7949,12887,1.070,1.530,1.440,1,2,0,0,0,18,318,0,53,0
09-03 12:19:57,23.461,4.742,60.649,8.486,0,5487108,206560,187496,2137060,8391.079,581.036,0,4105.189,0,330.452,8483,13040,1.150,1.540,1.440,1,1,0.998,0,0,18,318,0,56,0
09-03 12:19:58,15.701,4.237,56.075,22.430,0,5487132,206308,187496,2137288,7070.976,538.323,0,10156.366,0,584.180,6011,9022,1.150,1.540,1.440,0,1,0,0,0,18,318,0,56,0
09-03 12:19:59,25.104,4.268,59.748,9.540,0,5487124,206056,187496,2137548,26001.860,9521.497,0,2964.296,0,346.437,8140,12362,1.150,1.540,1.440,1,0,0,0,0,18,319,0,56,0
09-03 12:20:00,18.417,3.733,73.667,2.986,0,5487096,205804,187496,2137828,10446.710,816.305,0,1668.447,0,157.288,6710,9992,1.150,1.540,1.440,0,0,0,0,0,18,318,0,50,0
09-03 12:20:01,7.276,1.756,87.812,2.760,0,5487316,205552,187496,2137860,8020.511,541.926,0,1669.936,0,71.253,2637,3855,1.150,1.540,1.440,1,0,0,0,0,18,318,0,50,0
09-03 12:20:02,19.222,4.244,59.912,13.231,0,5487076,205552,187500,2138096,8063.214,539.212,0,3562.792,0,366.464,7609,11899,1.130,1.530,1.440,2,0,0,0,0,18,318,0,50,0
09-03 12:20:03,20.214,3.993,62.889,11.729,0,5487800,204572,187504,2138348,3707.462,539.049,0,4647.804,0,464.181,6906,10048,1.130,1.530,1.440,0,2,0,0,0,18,318,0,51,0
09-03 12:20:04,18.996,4.249,59.737,14.997,0,5488420,203816,187504,2138484,4204.050,539.878,0,8410.100,0,621.860,7559,11985,1.130,1.530,1.440,0,1,0,0,0,18,318,0,51,0
09-03 12:20:05,18.258,4.752,62.528,12.756,0,5488900,203088,187504,2138732,7750.448,540.240,0,2489.107,0,284.126,6949,10807,1.130,1.530,1.440,1,1,0,0,0,18,318,0,51,0
09-03 12:20:06,23.041,4.007,64.364,6.261,0,5489584,202080,187504,2139056,8123.371,540.957,0,2620.636,0,281.498,8202,12695,1.130,1.530,1.440,1,0,0,0,0,18,318,0,51,0
09-03 12:20:07,21.711,3.993,66.131,6.738,0,5490760,200820,187504,2139140,8520.664,539.030,0,2267.918,0,239.569,7947,12162,1.200,1.540,1.440,1,0,0.998,0,0,18,317,0,51,1
09-03 12:20:08,14.246,3.749,72.979,8.248,0,5493160,198048,187512,2139504,11314.705,3213.064,67.980,4034.825,8.997,324.905,5003,7608,1.200,1.540,1.440,0,1,2.999,0,0,18,317,0,42,0
09-03 12:20:09,12.504,2.251,73.025,10.253,0,5493148,198048,187512,2139516,26664.955,9680.251,0,4525.520,0,315.106,3722,5270,1.200,1.540,1.440,1,0,0,0,0,18,318,0,43,0
09-03 12:20:10,11.244,2.748,80.954,3.248,0,5493692,197292,187512,2139728,19143.114,5540.849,0,1247.291,0,135.923,3889,5477,1.200,1.540,1.440,0,0,0,0,0,18,318,0,45,0
09-03 12:20:11,8.292,2.261,83.925,5.025,0,5494020,196900,187512,2139792,6650.683,783.970,16.081,832.215,1.005,76.387,3025,4092,1.200,1.540,1.440,1,0,6.031,0,0,18,318,0,46,0
09-03 12:20:12,12.442,1.991,77.392,5.723,0.249,5494168,196648,187512,2139896,11657.026,2738.321,0,2130.137,0,279.705,4666,7118,1.270,1.540,1.450,1,0,0,0,0,18,317,0,44,0
09-03 12:20:13,9.787,1.004,82.564,5.019,0,5494340,196424,187512,2139948,29612.670,9688.864,0,935.560,0,87.332,2836,3887,1.270,1.540,1.450,1,0,0,0,0,18,317,0,44,0
09-03 12:20:14,18.935,3.986,59.047,17.191,0,5494272,196200,187512,2140240,3610.574,538.148,31.890,6549.459,0.997,599.935,7219,10998,1.270,1.540,1.450,1,0,0,0,0,18,318,0,44,0
09-03 12:20:15,21.580,5.019,59.220,12.547,0,5494072,196200,187512,2140440,10263.093,487.811,8.030,4468.586,2.007,440.635,7894,12259,1.270,1.540,1.450,1,1,0,0,0,18,318,0,45,0
09-03 12:20:16,20.661,4.232,58.498,14.189,0,5494240,195948,187512,2140524,5138.868,537.684,0,7189.038,0,515.779,7314,11308,1.270,1.540,1.450,2,0,0,0,0,18,318,0,44,0
09-03 12:20:17,21.588,4.267,63.508,9.037,0,5494432,195448,187512,2140832,7569.795,542.206,0,2980.124,0,194.792,7360,10869,1.330,1.550,1.450,0,1,1.004,0,0,18,317,0,48,0
09-03 12:20:18,5.479,0.747,88.164,4.732,0,5494260,195448,187512,2141004,11608.812,3259.593,0,1211.389,0,100.617,2102,3171,1.330,1.550,1.450,1,0,0,0,0,18,318,0,48,0
09-03 12:20:19,17.999,3.250,67.495,8.749,0,5495704,193712,187512,2141296,18437.622,7349.451,59.996,2227.834,4.000,215.984,5283,7830,1.330,1.550,1.450,1,0,0,0,0,18,318,0,48,0
09-03 12:20:20,10.256,2.251,82.049,4.253,0,5495016,194376,187512,2141320,15976.512,4989.971,0,1709.018,0,190.113,3909,5905,1.330,1.550,1.450,2,0,0,0,0,18,318,0,44,0
09-03 12:20:21,21.255,4.501,60.264,12.503,0,5495456,193660,187512,2141596,7582.744,540.124,0,3608.830,0,377.087,7686,11841,1.330,1.550,1.450,1,1,0,0,0,18,318,0,44,0
09-03 12:20:22,21.738,5.247,50.473,20.489,0,5501912,186860,187516,2141936,3050.385,539.714,0,8115.704,0,547.710,8969,15009,1.380,1.560,1.450,1,0,0.999,0,0,18,318,0,46,0
09-03 12:20:23,23.989,3.748,62.720,8.246,0,5502660,185880,187516,2142168,26074.670,10254.151,0,2366.881,0,259.877,7607,11011,1.380,1.560,1.450,2,0,0,0,0,18,318,0,53,0
09-03 12:20:24,12.019,1.502,79.624,5.258,0,5503500,184872,187516,2142336,9504.809,4242.610,0,1478.303,0,126.197,3602,5058,1.380,1.560,1.450,1,0,0,0,0,18,318,0,50,0
09-03 12:20:25,15.991,1.749,79.204,1.499,0,5503484,184872,187516,2142352,62510.986,26476.746,0,847.512,0,79.954,3276,3669,1.380,1.560,1.450,2,0,0,0,0,18,319,0,50,0
09-03 12:20:26,18.220,1.747,75.374,3.245,0,5503448,184620,187516,2142640,52654.960,21716.689,0,886.518,0,80.865,3680,4473,1.380,1.560,1.450,1,0,0,0,0,18,318,0,50,0
09-03 12:20:27,21.228,2.248,70.926,3.746,0,5504520,183360,187516,2142828,59088.020,27405.253,0,1666.252,0,182.808,4650,5970,1.350,1.550,1.450,2,0,0.999,0,0,18,317,0,51,0
09-03 12:20:28,12.787,3.009,81.233,3.009,0,5504584,183108,187516,2143016,7429.347,583.677,0,1355.896,0,130.375,4487,6711,1.350,1.550,1.450,3,0,0,0,0,18,318,0,50,0
09-03 12:20:29,20.238,4.497,58.964,13.991,0,5504420,183108,187516,2143180,6634.922,539.668,0,3557.813,0,393.758,7342,11352,1.350,1.550,1.450,5,2,0,0,0,18,318,0,50,0
09-03 12:20:30,16.496,3.999,56.485,20.744,0,5504628,182632,187516,2143448,8357.744,539.854,0,10245.234,0,632.829,6697,10480,1.350,1.550,1.450,2,0,0,0,0,18,318,0,52,0
09-03 12:20:31,19.747,3.999,65.488,8.748,0,5500316,186892,187516,2143500,9300.366,3121.452,0,2783.511,0,250.956,6821,9845,1.350,1.550,1.450,0,0,0,0,0,18,318,0,55,0
09-03 12:20:32,7.247,1.749,85.466,4.498,0,5498872,188068,187516,2143768,13008.901,779.694,0,1215.524,0,132.948,2960,4408,1.320,1.540,1.450,3,0,0,0,0,18,318,0,55,0
09-03 12:20:33,9.003,1.250,83.774,4.751,0,5499292,187620,187516,2143796,27129.701,9588.722,0,1548.440,0,88.025,2591,3566,1.320,1.540,1.450,0,0,0,0,0,18,317,0,52,0
09-03 12:20:34,13.477,1.997,76.123,6.240,0,5499224,187620,187516,2143864,28303.705,11909.100,0,1413.638,0,142.761,3922,5266,1.320,1.540,1.450,0,0,0,0,0,18,317,0,53,0
09-03 12:20:35,15.541,4.261,68.680,11.029,0,5499400,187368,187516,2143940,3633.508,541.417,0,2225.824,0,218.572,6052,9162,1.320,1.540,1.450,2,2,0,0,0,18,318,0,55,0
09-03 12:20:36,21.777,4.506,57.072,14.518,0,5499580,186892,187516,2144236,7513.485,540.683,0,6988.822,0,665.841,7690,12359,1.320,1.540,1.450,1,1,1.001,0,0,18,318,0,55,0
09-03 12:20:37,20.758,4.752,60.272,12.755,0,5500344,185888,187516,2144476,5282.924,540.197,0,7138.600,0,408.149,7842,11941,1.300,1.530,1.450,1,0,1.000,0,0,18,319,0,54,0
09-03 12:20:38,10.474,2.244,75.812,8.728,0,5500584,185384,187516,2144740,13026.651,3257.910,0,1719.729,0,197.510,4198,6351,1.300,1.530,1.450,0,0,0,0,0,18,317,0,56,0
09-03 12:20:39,13.751,2.000,76.755,6.750,0,5500784,185132,187516,2144792,29587.953,11503.760,0,1284.085,0,127.008,3743,4943,1.300,1.530,1.450,1,0,0,0,0,18,318,0,56,0
09-03 12:20:40,13.255,2.501,77.527,5.002,0,5500820,185064,187516,2144824,9625.375,780.274,0,1716.602,0,162.057,4851,7198,1.300,1.530,1.450,2,0,0,0,0,18,318,0,56,0
09-03 12:20:41,19.743,4.748,57.979,14.495,0,5500484,185064,187516,2145160,7028.495,539.808,0,4086.544,0,399.858,7889,12259,1.300,1.530,1.450,0,1,0,0,0,18,318,0,55,0
09-03 12:20:42,21.749,5.500,59.999,11.250,0,5502040,183300,187516,2145368,3568.916,539.987,0,6803.840,0,462.989,8262,12549,1.350,1.540,1.450,1,0,0,0,0,18,319,0,57,0
09-03 12:20:43,20.334,4.017,63.763,9.790,0,5501944,183048,187516,2145716,7492.858,542.233,0,2140.817,0,254.046,6647,10617,1.350,1.540,1.450,1,0,0,0,0,18,318,0,57,0
09-03 12:20:44,23.188,4.239,62.583,8.228,0,5501780,182292,187516,2146636,15529.468,538.560,0,2601.044,0,278.256,7854,11682,1.350,1.540,1.450,1,0,0,0,0,18,318,0,57,0
09-03 12:20:45,22.732,4.746,64.449,6.745,0,5501804,181788,187516,2147116,14002.974,3103.556,0,2865.743,0,280.779,7515,11547,1.350,1.540,1.450,0,1,0,0,0,18,318,0,57,0
09-03 12:20:46,4.515,1.505,84.777,7.775,0,5501984,181536,187516,2147188,18188.370,716.338,0,5778.863,0,427.395,2747,3558,1.350,1.540,1.450,2,0,0,0,0,18,318,0,57,0
09-03 12:20:47,5.973,1.493,85.122,5.476,0,5502448,181032,187516,2147228,14262.722,3152.016,0,1600.897,0,153.320,2849,4290,1.480,1.560,1.460,0,0,0.996,0,0,18,317,0,58,0
09-03 12:20:48,12.754,2.751,74.274,9.003,0,5502348,181032,187516,2147328,17237.573,2751.890,0,3685.191,0,286.092,4325,6241,1.480,1.560,1.460,0,1,0,0,0,18,317,0,58,0
09-03 12:20:49,11.751,2.000,73.503,11.250,0,5503388,180024,187516,2147328,33685.477,11821.518,0,4952.217,0,331.015,3676,5208,1.480,1.560,1.460,0,0,1.000,0,0,18,318,0,56,0
09-03 12:20:50,9.756,2.001,80.299,5.753,0,5503180,180024,187516,2147532,12368.521,846.515,0,1552.944,0,179.109,4217,6419,1.480,1.560,1.460,0,1,0,0,0,18,318,0,56,0
09-03 12:20:51,24.336,6.774,54.442,13.046,0,5513340,169740,187516,2147556,12247.184,541.911,0,2942.375,0,329.161,8113,19019,1.480,1.560,1.460,2,0,38.134,0,0,18,318,0,57,0
09-03 12:20:52,22.653,3.983,63.230,8.713,0,5520960,161820,187516,2147956,7154.501,537.708,0,2477.439,0,226.036,7454,11338,1.530,1.570,1.460,2,0,0,0,0,18,318,0,58,0
09-03 12:20:53,22.749,5.000,64.249,6.500,0,5519644,162828,187516,2148264,12149.725,539.988,16.000,3655.917,1.000,297.993,7638,11553,1.530,1.570,1.460,1,0,0,0,0,18,317,0,56,0
09-03 12:20:54,5.267,1.505,86.283,6.020,0,5519040,163404,187516,2148292,17914.702,3267.708,0,1516.971,0,119.391,2589,3765,1.530,1.570,1.460,1,0,0,0,0,18,318,0,56,0
09-03 12:20:55,11.999,1.500,72.242,11.749,0,5517732,164676,187516,2148328,30716.476,11927.632,0,2991.657,0,226.974,3481,5113,1.530,1.570,1.460,0,1,0,0,0,18,317,0,57,0
09-03 12:20:56,19.746,4.749,59.739,14.247,0,5517136,165004,187516,2148596,7079.727,539.903,0,6106.902,0,474.915,7175,11564,1.530,1.570,1.460,1,1,0,0,0,18,318,0,58,0
09-03 12:20:57,20.441,4.736,58.829,13.212,0,5516668,165188,187516,2148880,11268.289,580.315,0,3996.399,0,432.744,7826,12174,1.880,1.640,1.490,2,0,0.997,0,0,18,318,0,51,0
09-03 12:20:58,21.597,4.520,65.293,8.538,0,5516788,164936,187516,2149012,7031.603,542.438,0,2676.027,0,270.214,7526,11440,1.880,1.640,1.490,2,0,0,0,0,18,318,0,52,0
09-03 12:20:59,26.499,3.750,59.247,8.500,0,5517824,163676,187516,2149236,26000.586,9477.484,0,2447.867,0,239.987,7132,10216,1.880,1.640,1.490,1,0,0,0,0,18,318,0,54,0
09-03 12:21:00,5.228,0.996,85.634,5.726,0,5517704,163676,187516,2149356,12027.572,3617.532,0,3313.831,0,239.974,2731,4344,1.880,1.640,1.490,1,1,0,0,0,18,318,0,54,0
09-03 12:21:01,13.494,2.249,69.469,12.994,0,5517792,163424,187516,2149520,28141.489,9647.711,0,5269.657,0,349.844,4162,5882,1.880,1.640,1.490,0,0,0,0,0,18,317,0,53,0
09-03 12:21:02,13.002,1.750,77.261,6.001,0,5517724,163424,187516,2149588,30889.386,11636.652,0,5444.773,0,423.060,3748,4832,1.730,1.620,1.480,0,0,0,0,0,18,318,0,53,0
09-03 12:21:03,11.015,1.752,81.358,4.506,0,5517936,163172,187516,2149628,8933.808,781.032,0,1814.398,0,123.163,3801,5310,1.730,1.620,1.480,1,0,0,0,0,18,318,0,54,0
09-03 12:21:04,19.737,4.747,63.959,9.744,0,5518208,162416,187516,2150112,6811.664,539.656,31.980,2578.359,0.999,267.830,6953,10423,1.730,1.620,1.480,2,0,0,0,0,18,318,0,54,0
09-03 12:21:05,22.997,4.999,63.741,6.999,0,5518208,162192,187516,2150336,5608.199,539.923,0,3399.514,0,379.946,8266,12549,1.730,1.620,1.480,1,0,0,0,0,18,318,0,49,0
09-03 12:21:06,23.230,4.496,65.693,5.495,0,5519316,160680,187520,2150736,4615.987,539.531,0,2146.134,0,200.825,6842,10045,1.730,1.620,1.480,1,0,0,0,0,18,318,0,53,0
09-03 12:21:07,19.806,3.761,60.672,14.290,0,5519584,160180,187520,2150968,8332.578,541.532,0,4789.552,0,482.365,7493,11309,1.750,1.620,1.480,0,3,1.003,0,0,18,318,0,54,0
09-03 12:21:08,16.787,4.009,56.125,20.546,0,5519680,159956,187524,2151092,5471.143,541.201,0,10795.962,0,788.751,6954,10858,1.750,1.620,1.480,2,0,0,0,0,18,318,0,54,0
09-03 12:21:09,23.436,4.238,62.579,8.228,0,5521136,158192,187524,2151400,7170.435,538.531,0,2269.807,0,194.469,7758,11484,1.750,1.620,1.480,1,0,0,0,0,18,318,0,55,0
09-03 12:21:10,19.011,4.503,62.787,11.257,0,5521172,157940,187524,2151616,5498.280,486.290,0,2801.671,0,302.180,7540,11489,1.750,1.620,1.480,1,1,0,0,0,18,318,0,55,0
09-03 12:21:11,21.535,5.509,61.851,9.265,0.250,5521804,156932,187524,2151992,10310.816,540.882,32.052,2856.659,1.002,303.495,8010,12028,1.750,1.620,1.480,1,0,6.010,0,0,18,318,0,55,0
09-03 12:21:12,23.351,4.720,62.352,8.695,0,5522324,156176,187524,2152228,5499.922,536.578,0,2337.094,0,240.466,8340,12955,1.690,1.610,1.480,2,3,0,0,0,18,318,0,58,0
09-03 12:21:13,17.550,4.011,55.407,20.809,0,5522432,155924,187524,2152372,3632.268,541.531,0,9113.763,0,642.817,6802,10790,1.690,1.610,1.480,1,0,0,0,0,18,318,0,53,0
09-03 12:21:14,20.764,4.003,64.542,9.006,0,5522816,155420,187524,2152492,5037.297,540.354,0,1745.142,0,182.119,6877,10296,1.690,1.610,1.480,0,1,0,0,0,18,318,0,54,0
09-03 12:21:15,16.978,4.244,69.410,7.740,0,5523008,154916,187524,2152804,12760.405,3263.755,31.958,2305.002,0.999,241.686,5859,8761,1.690,1.610,1.480,1,0,0,0,0,18,317,0,55,0
09-03 12:21:16,9.776,1.755,83.973,3.008,0,5523440,154412,187524,2152876,6214.486,541.436,0,1327.522,0,133.354,3244,4653,1.690,1.610,1.480,2,0,0,0,0,18,317,0,56,0
09-03 12:21:17,5.488,1.497,80.826,10.477,0,5523488,154176,187524,2153064,11256.745,3207.090,0,5516.114,0,409.118,2649,3349,1.800,1.640,1.490,1,0,2.994,0,0,18,318,0,56,0
09-03 12:21:18,10.998,2.250,79.235,6.499,0,5523908,153672,187524,2153148,12941.595,3407.367,0,3107.423,0,327.939,3789,5438,1.800,1.640,1.490,0,0,0,0,0,18,317,0,52,0
09-03 12:21:19,13.487,2.997,70.932,10.989,0,5523700,153672,187524,2153356,12405.032,3190.922,0,3684.445,0,302.708,4618,6618,1.800,1.640,1.490,0,1,0,0,0,18,317,0,55,0
09-03 12:21:20,11.507,2.251,76.795,8.005,0,5524168,153168,187524,2153392,14693.687,4964.935,0,3722.201,0,251.148,3560,5196,1.800,1.640,1.490,3,0,0,0,0,18,319,0,55,0
09-03 12:21:21,13.784,1.253,79.695,3.258,0,5525936,151164,187524,2153628,44416.412,18713.677,0,1399.416,0,141.345,3556,4685,1.800,1.640,1.490,2,1,0,0,0,18,320,0,55,0
09-03 12:21:22,13.720,2.993,77.578,3.991,0.249,5529780,147156,187524,2153792,30404.630,11770.918,0,1608.436,0,164.635,5623,8898,1.650,1.610,1.480,1,0,0.998,0,0,18,319,0,55,0
09-03 12:21:23,16.795,2.256,75.701,3.259,0,5529712,147156,187524,2153860,45670.106,18772.781,0,1379.659,0,137.364,4448,5476,1.650,1.610,1.480,3,0,0,0,0,18,320,0,55,0
09-03 12:21:24,20.465,4.492,65.138,8.236,0,5529500,147156,187528,2154068,7778.645,2787.215,0,3030.797,0,341.414,7307,10987,1.650,1.610,1.480,3,0,0,0,0,18,320,0,55,0
09-03 12:21:25,23.089,4.768,62.992,8.031,0,5529332,147156,187528,2154236,7069.211,487.878,0,3497.463,0,353.360,8147,12411,1.650,1.610,1.480,1,0,0,0,0,18,321,0,55,0
09-03 12:21:26,23.416,4.484,61.777,8.220,0,5529004,147156,187528,2154564,6733.739,538.061,0,4344.348,0,396.571,8767,13504,1.650,1.610,1.480,1,3,0,0,0,18,320,0,48,0
09-03 12:21:27,22.232,4.996,53.706,16.736,0,5529184,146904,187528,2154636,7878.597,539.561,0,7222.130,0,501.592,8382,12882,1.760,1.630,1.490,2,1,0.999,0,0,18,320,0,48,0
09-03 12:21:28,18.544,3.007,63.903,12.530,0,5529228,146400,187528,2155096,7786.586,723.728,0,2313.522,0,218.522,6398,9523,1.760,1.630,1.490,1,0,0,0,0,18,320,0,49,0
09-03 12:21:29,5.981,1.744,83.733,6.230,0,5529196,146400,187528,2155128,7869.930,3117.071,0,2304.659,0,148.527,2900,4572,1.760,1.630,1.490,0,2,0,0,0,18,320,0,49,0
09-03 12:21:30,5.503,0.750,87.296,4.502,0,5529140,146400,187528,2155184,12327.479,3209.687,0,1440.757,0,120.063,2351,3577,1.760,1.630,1.490,0,0,0,0,0,18,319,0,49,0
09-03 12:21:31,15.002,2.750,72.760,8.501,0,5529056,146400,187528,2155268,12513.775,2751.390,0,2312.328,0,245.035,4850,7313,1.760,1.630,1.490,0,0,0,0,0,18,319,0,49,0
09-03 12:21:32,8.756,1.751,83.308,4.753,0,5528872,146400,187528,2155452,11064.671,2752.909,0,2529.754,0,199.138,3172,4495,1.620,1.610,1.480,0,2,0,0,0,18,319,0,50,0
09-03 12:21:33,12.527,2.756,73.658,9.520,0,5529036,146176,187528,2155512,26980.792,9552.461,0,4934.570,0,320.687,4477,6412,1.620,1.610,1.480,1,2,0,0,0,18,321,0,50,0
09-03 12:21:34,21.538,4.258,58.604,14.275,0,5531040,143908,187528,2155776,5567.870,540.959,0,7962.113,0,589.044,7810,11819,1.620,1.610,1.480,1,0,0,0,0,18,321,0,45,0
09-03 12:21:35,23.879,4.726,64.175,5.472,0,5531452,143152,187528,2156120,7860.168,537.277,0,2917.217,0,295.503,9186,14221,1.620,1.610,1.480,2,0,0,0,0,18,320,0,46,0
09-03 12:21:36,21.832,3.764,63.740,9.285,0,5532068,142396,187528,2156260,10094.050,3100.688,0,2360.899,0,234.885,6961,10374,1.620,1.610,1.480,0,0,0,0,0,18,320,0,49,0
09-03 12:21:37,7.255,1.501,85.061,4.503,0,5532064,142396,187528,2156264,5551.988,714.513,0,1601.150,0,138.099,3067,4555,1.570,1.600,1.470,1,0,1.001,0,0,18,320,0,49,0
09-03 12:21:38,9.709,1.743,81.902,5.228,0,5532004,142396,187528,2156324,32404.335,11878.536,0,1704.758,0,160.319,3100,4420,1.570,1.600,1.470,0,0,0,0,0,18,319,0,44,0
09-03 12:21:39,20.833,4.267,63.253,8.785,0,5531924,142396,187528,2156404,6891.594,542.171,0,4498.010,0,385.544,7493,11984,1.570,1.600,1.470,4,1,1.004,0,0,18,320,0,44,0
09-03 12:21:40,20.448,4.987,56.856,15.960,0,5532588,141388,187528,2156748,7894.027,538.637,0,7185.819,0,542.627,8200,13013,1.570,1.600,1.470,1,1,0,0,0,18,320,0,45,0
09-03 12:21:41,11.733,2.746,75.643,7.989,0,5532316,141388,187528,2157020,12741.957,3337.274,0,2496.465,0,256.637,4740,7306,1.570,1.600,1.470,0,0,0,0,0,18,319,0,46,0
09-03 12:21:42,8.748,1.750,81.984,5.749,0,5532400,141136,187528,2157188,11566.710,3202.366,0,1915.621,0,178.965,3423,4991,1.450,1.570,1.470,0,0,0,0,0,18,319,0,45,0
09-03 12:21:43,7.501,1.500,82.761,6.751,0,5532356,141136,187528,2157232,10151.347,3203.425,0,1660.220,0,152.020,2899,4287,1.450,1.570,1.470,0,0,0,0,0,18,319,0,45,0
09-03 12:21:44,9.004,1.501,86.535,2.001,0,5532548,140884,187528,2157292,8390.379,2752.108,0,1320.532,0,123.050,3040,4453,1.450,1.570,1.470,0,2,0,0,0,18,319,0,46,0
09-03 12:21:45,6.497,1.499,87.456,2.999,0,5532520,140884,187528,2157320,12931.542,4785.610,0,2010.996,0,120.940,2551,3797,1.450,1.570,1.470,0,0,0,0,0,18,320,0,46,0
09-03 12:21:46,9.270,1.503,81.681,5.512,0,5532488,140884,187528,2157352,29108.347,9980.062,0,3275.240,0,227.503,3128,4439,1.450,1.570,1.470,6,0,0,0,0,18,320,0,43,0
09-03 12:21:47,12.728,2.995,73.126,9.983,0,5533252,139876,187528,2157596,11138.054,3390.233,0,3613.853,0,278.526,4212,6365,1.650,1.610,1.480,0,0,0.998,0,0,18,319,0,45,0
09-03 12:21:48,8.245,1.999,81.955,6.496,0,5533188,139876,187528,2157660,12023.437,3202.252,15.991,1295.293,0.999,121.933,2794,4032,1.650,1.610,1.480,0,0,0,0,0,18,319,0,45,0
09-03 12:21:49,8.251,1.500,79.262,9.751,0,5533156,139876,187532,2157688,8851.288,486.071,0,4940.719,0,330.048,3003,3928,1.650,1.610,1.480,0,4,0,0,0,18,319,0,45,0
09-03 12:21:50,9.253,1.751,73.275,13.255,0,5532936,139876,187532,2157908,12061.136,3173.088,0,2428.833,0,266.091,3524,5131,1.650,1.610,1.480,0,1,0,0,0,18,320,0,46,0
09-03 12:21:51,16.497,4.749,76.987,1.000,0,5552468,172768,187136,2106072,48134.890,18604.866,0,991.833,0,83.986,3786,10071,1.650,1.610,1.480,0,0,37.994,0,0,18,320,0,47,0
09-03 12:21:52,4.749,1.750,90.481,1.750,0,5546444,178816,187136,2106068,7324.470,2529.471,0,863.820,0,68.986,2027,2847,1.520,1.580,1.470,0,0,0,0,0,18,321,0,47,0
09-03 12:21:53,5.749,1.000,91.242,0.500,0,5546432,178816,187136,2106080,16264.568,5404.524,0,639.944,0,46.996,1788,2465,1.520,1.580,1.470,1,0,0,0,0,18,321,0,47,0
09-03 12:21:54,9.496,1.249,85.214,2.749,0,5545324,179916,187136,2106088,27117.548,11997.933,0,1203.492,0,125.947,2563,3288,1.520,1.580,1.470,1,0,0,0,0,18,320,0,43,0
09-03 12:21:55,4.504,1.001,91.330,1.501,0,5545268,179916,187136,2106144,9323.180,854.750,0,836.734,0,83.073,1941,2728,1.520,1.580,1.470,1,0,0,0,0,18,320,0,43,0
09-03 12:21:56,17.741,1.999,75.460,4.248,0,5545064,179916,187136,2106348,50288.497,20692.095,0,1391.267,0,143.924,4048,5275,1.520,1.580,1.470,0,0,0,0,0,18,319,0,44,0
09-03 12:21:57,16.054,2.759,73.746,5.769,0,5545276,179668,187136,2106384,7422.741,487.625,0,2243.478,0,235.786,5587,8552,1.400,1.560,1.460,1,1,1.003,0,0,18,320,0,44,0
09-03 12:21:58,22.182,4.985,63.556,7.726,0,5544392,180304,187136,2106632,10403.298,3078.619,0,3916.067,0,349.934,7566,11504,1.400,1.560,1.460,0,1,0,0,0,18,320,0,45,0
09-03 12:21:59,10.003,2.001,77.269,8.752,0,5544140,180392,187136,2106796,21236.348,7509.891,0,4885.230,0,313.079,3399,5022,1.400,1.560,1.460,1,1,0,0,0,18,321,0,43,0
09-03 12:22:00,17.746,2.249,69.484,8.748,0,5543876,180392,187136,2107060,33367.498,14139.821,0,1863.581,0,188.958,5018,7081,1.400,1.560,1.460,0,0,0,0,0,18,319,0,44,0
09-03 12:22:01,12.052,2.762,76.578,7.532,0,5543856,180392,187140,2107076,9062.857,542.325,0,2125.112,0,184.792,4370,6604,1.400,1.560,1.460,0,1,0,0,0,18,320,0,44,0
09-03 12:22:02,23.902,3.984,63.490,6.225,0,5543548,180392,187140,2107384,7177.602,537.797,0,2597.362,0,274.874,7999,12036,1.440,1.560,1.470,2,0,0,0,0,18,320,0,46,0
09-03 12:22:03,21.018,4.754,64.805,8.757,0,5543280,180392,187140,2107652,4948.176,540.456,0,2245.895,0,206.174,7017,10379,1.440,1.560,1.470,2,0,0,0,0,18,320,0,46,0
09-03 12:22:04,5.738,1.247,83.826,6.736,0,5543476,180140,187140,2107708,11931.210,3257.232,0,1852.152,0,151.685,2635,4159,1.440,1.560,1.470,0,1,0,0,0,18,319,0,46,0
09-03 12:22:05,11.784,2.758,64.935,18.804,0,5543652,179692,187144,2107976,6092.348,487.388,16.046,10870.954,1.003,767.185,4748,6868,1.440,1.560,1.470,0,0,0,0,0,18,320,0,46,0
09-03 12:22:06,15.219,1.996,76.097,4.740,0,5543572,179692,187144,2108056,31449.833,11773.353,0,1700.584,0,193.611,4451,6114,1.440,1.560,1.470,0,0,0,0,0,18,319,0,47,0
09-03 12:22:07,12.751,2.750,77.008,6.751,0,5543824,179440,187144,2108056,9257.931,3263.328,0,1512.152,0,187.019,4276,6195,1.330,1.540,1.460,0,0,1.000,0,0,18,319,0,43,0
09-03 12:22:08,9.503,1.500,83.273,3.501,0,5543504,179440,187144,2108376,7662.122,2577.714,0,988.274,0,91.025,3209,4462,1.330,1.540,1.460,0,0,0,0,0,18,320,0,43,0
09-03 12:22:09,9.257,1.251,85.813,1.751,0,5543492,179440,187144,2108388,29574.615,9767.138,0,1116.816,0,112.082,2927,3980,1.330,1.540,1.460,2,0,0,0,0,18,320,0,43,0
09-03 12:22:10,19.522,4.755,63.573,10.262,0,5543200,179440,187144,2108680,5875.768,540.623,0,3319.824,0,324.374,7597,11796,1.330,1.540,1.460,3,1,0,0,0,18,320,0,43,0
09-03 12:22:11,17.468,4.991,60.640,14.474,0,5543336,179192,187148,2108788,5304.350,539.019,35.935,4044.641,0.998,417.241,7137,11266,1.330,1.540,1.460,1,1,5.989,0,0,18,320,0,40,0
09-03 12:22:12,22.293,4.509,58.614,13.526,0,5543788,178436,187148,2109092,7516.580,486.945,0,7290.141,0,525.018,8109,12484,1.300,1.530,1.460,2,0,0,0,0,18,320,0,41,0
09-03 12:22:13,22.309,4.512,64.923,6.768,0,5543784,178184,187148,2109348,5136.676,541.441,0,2073.520,0,228.609,7408,11133,1.300,1.530,1.460,1,0,0,0,0,18,319,0,42,0
09-03 12:22:14,5.746,0.999,88.943,2.998,0,5543712,178184,187148,2109420,11206.830,3396.827,0,999.361,0,75.951,2233,3349,1.300,1.530,1.460,1,0,0,0,0,18,320,0,42,0
09-03 12:22:15,11.699,1.991,75.917,8.214,0,5543584,178184,187148,2109548,7133.730,537.643,0,3018.768,0,208.088,4354,6487,1.300,1.530,1.460,0,1,0,0,0,18,320,0,39,0
09-03 12:22:16,14.500,2.000,70.000,12.000,0,5543520,178184,187148,2109612,29248.804,11796.921,0,1479.990,0,154.999,4226,5806,1.300,1.530,1.460,0,0,0,0,0,18,319,0,39,0
09-03 12:22:17,13.249,3.000,70.495,11.499,0,5543724,177932,187148,2109660,13783.065,3267.778,0,2891.804,0,248.983,4447,6272,1.200,1.500,1.450,0,1,1.000,0,0,18,319,0,41,0
09-03 12:22:18,9.747,1.999,78.725,8.247,0,5543536,177932,187148,2109848,7704.567,2203.304,0,4122.698,0,265.916,3412,5031,1.200,1.500,1.450,1,0,0,0,0,18,320,0,41,0
09-03 12:22:19,9.760,2.002,81.331,5.756,0,5543216,177932,187148,2110168,27803.673,10341.293,0,1129.124,0,116.116,3165,4420,1.200,1.500,1.450,1,0,0,0,0,18,320,0,36,0
09-03 12:22:20,20.838,4.268,61.760,11.047,0,5538680,182224,187148,2110412,7135.062,488.056,0,2811.847,0,312.316,7826,11949,1.200,1.500,1.450,1,2,0,0,0,18,320,0,36,0
09-03 12:22:21,14.212,3.241,59.342,20.695,0,5538996,181760,187148,2110560,8459.479,538.566,0,7559.874,0,637.303,6097,8953,1.200,1.500,1.450,1,0,0.997,0,0,18,320,0,36,0
09-03 12:22:22,23.284,4.006,65.595,5.258,0,5540252,180008,187148,2111056,8407.149,540.781,0,2591.745,0,263.381,8302,12694,1.180,1.490,1.440,1,0,0,0,0,18,320,0,38,0
09-03 12:22:23,25.690,5.986,59.860,7.233,0,5542760,177248,187148,2111308,22605.199,10103.401,0,3176.580,0,284.336,9238,14487,1.180,1.490,1.440,1,3,0.998,0,0,18,320,0,37,0
09-03 12:22:24,12.791,2.508,57.684,25.582,0,5542960,176996,187148,2111360,7778.850,2933.371,0,5714.254,0,399.275,4405,6615,1.180,1.490,1.440,1,0,0,0,0,18,320,0,40,0
09-03 12:22:25,10.979,1.996,76.851,7.735,0,5542744,176996,187148,2111576,7237.942,538.953,0,2215.697,0,237.539,4169,6166,1.180,1.490,1.440,2,0,0,0,0,18,319,0,41,0
09-03 12:22:26,8.730,1.247,82.313,5.737,0,5542684,176996,187148,2111636,30883.729,11901.919,0,1149.385,0,108.753,2859,3887,1.180,1.490,1.440,0,0,0,0,0,18,319,0,41,0
09-03 12:22:27,11.751,2.500,78.258,6.251,0,5542700,176744,187148,2111872,14029.430,3214.328,0,1568.160,0,168.017,3782,5470,1.170,1.490,1.440,0,0,1.000,0,0,18,319,0,41,0
09-03 12:22:28,13.498,2.000,76.991,5.249,0,5542632,176744,187148,2111940,29333.689,11621.688,0,1791.798,0,167.981,3922,5421,1.170,1.490,1.440,0,0,0,0,0,18,320,0,41,0
09-03 12:22:29,12.505,2.251,77.778,6.502,0,5542568,176744,187148,2112004,11319.130,912.333,0,1844.673,0,175.064,4642,7037,1.170,1.490,1.440,3,1,0,0,0,18,320,0,41,0
09-03 12:22:30,18.827,4.017,63.009,12.050,0.251,5542324,176744,187148,2112248,10919.944,542.232,0,3835.787,0,426.756,7182,11143,1.170,1.490,1.440,2,0,0,0,0,18,320,0,42,0
09-03 12:22:31,22.900,4.480,63.224,8.214,0,5542384,176492,187152,2112436,5282.912,537.650,0,3516.631,0,353.455,7857,12437,1.170,1.490,1.440,0,2,0,0,0,18,320,0,39,0
09-03 12:22:32,17.493,3.998,60.726,15.994,0,5542392,176240,187152,2112680,11672.462,3258.733,15.994,7349.143,1.000,514.800,6711,9979,1.310,1.510,1.450,1,0,0,0,0,18,319,0,40,0
09-03 12:22:33,7.008,1.502,84.843,4.755,0,5542276,176240,187152,2112796,11020.109,540.594,0,913.003,0,76.084,2708,3780,1.310,1.510,1.450,0,1,0,0,0,18,320,0,40,0
09-03 12:22:34,9.242,1.249,85.926,2.248,0,5542104,176240,187152,2112968,19917.754,8053.027,0,1039.100,0,103.910,3013,4211,1.310,1.510,1.450,0,0,0,0,0,18,319,0,42,0
09-03 12:22:35,13.750,2.000,79.502,4.000,0,5542032,176240,187152,2113040,31206.821,11875.312,0,1688.044,0,130.003,3535,4670,1.310,1.510,1.450,0,0,0,0,0,18,319,0,40,0
09-03 12:22:36,12.250,1.500,79.253,5.000,0,5542264,175988,187152,2113060,31324.108,11863.420,0,1352.048,0,149.005,3563,4951,1.310,1.510,1.450,1,0,0,0,0,18,319,0,41,0
09-03 12:22:37,12.280,3.007,69.421,14.035,0,5542164,175988,187152,2113160,8248.346,541.335,0,6520.083,0,573.414,4684,6443,1.290,1.500,1.450,1,1,1.002,0,0,18,320,0,41,0
09-03 12:22:38,21.482,4.246,63.196,9.492,0,5543700,174224,187152,2113388,6152.787,539.543,0,3133.345,0,280.762,7382,11162,1.290,1.500,1.450,3,1,0,0,0,18,320,0,41,0
09-03 12:22:39,11.229,2.495,68.621,14.722,0,5543644,174000,187152,2113668,9700.764,3261.868,31.940,6344.074,0.998,467.122,4669,7304,1.290,1.500,1.450,0,0,0,0,0,18,319,0,42,0
09-03 12:22:40,11.002,2.000,81.512,5.001,0,5541488,176132,187152,2113692,13584.057,4195.635,0,1040.158,0,99.015,3155,4344,1.290,1.500,1.450,1,0,0,0,0,18,320,0,40,0
09-03 12:22:41,10.499,2.500,79.243,5.750,0,5541628,175908,187152,2113776,24942.917,8339.304,0,1179.901,0,83.993,3468,4861,1.290,1.500,1.450,1,0,0,0,0,18,320,0,40,0
09-03 12:22:42,24.350,3.765,62.005,8.033,0,5541712,175588,187152,2114012,4767.610,488.007,0,3393.960,0,373.536,8466,13065,1.430,1.530,1.460,1,0,1.004,0,0,18,321,0,40,0
09-03 12:22:43,9.958,2.489,78.170,7.468,0,5541828,175336,187152,2114148,13732.006,3244.299,0,2708.561,0,252.932,4016,6084,1.430,1.530,1.460,0,1,0,0,0,18,319,0,43,0
09-03 12:22:44,13.746,2.999,76.980,5.749,0,5541848,175084,187152,2114380,13188.614,3257.164,0,2283.414,0,206.947,4307,6153,1.430,1.530,1.460,0,0,0,0,0,18,319,0,42,0
09-03 12:22:45,8.007,1.001,87.080,1.752,0,5541844,175084,187152,2114384,12910.908,2753.540,0,1161.071,0,100.092,2697,3726,1.430,1.530,1.460,0,1,0,0,0,18,319,0,42,0
09-03 12:22:46,8.250,1.750,82.503,6.000,0,5541776,175084,187152,2114452,28668.978,9586.327,0,4316.147,0,202.007,2840,4004,1.430,1.530,1.460,0,1,0,0,0,18,320,0,42,0
09-03 12:22:47,12.743,1.999,75.709,8.495,0,5543208,173604,187152,2114500,28138.588,11856.506,0,3566.047,0,267.853,3745,5414,1.470,1.540,1.460,0,0,0.999,0,0,18,319,0,42,0
09-03 12:22:48,17.780,3.756,67.114,10.017,0,5543060,173540,187152,2114712,8195.904,582.989,0,2508.255,0,247.420,6284,9528,1.470,1.540,1.460,0,1,0,0,0,18,320,0,39,0
09-03 12:22:49,20.485,4.247,63.703,8.993,0,5542996,173288,187152,2115028,6058.526,539.602,0,2110.441,0,221.836,7891,12004,1.470,1.540,1.460,3,3,0,0,0,18,320,0,40,0
09-03 12:22:50,22.287,4.257,64.107,7.262,0,5543624,172572,187152,2115116,9276.529,540.906,0,2900.856,0,290.486,7345,11190,1.470,1.540,1.460,1,1,0,0,0,18,320,0,40,0
09-03 12:22:51,7.974,2.741,83.225,4.734,0,5553120,162752,187152,2115440,11527.847,3328.982,0,2659.199,0,232.231,3609,5472,1.470,1.540,1.460,1,0,15.947,0,0,18,319,0,41,0
09-03 12:22:52,15.511,4.253,70.550,7.255,0,5545228,170560,187152,2115524,12037.467,3265.297,0,3082.168,0,275.194,5349,14239,1.430,1.530,1.460,2,0,22.015,0,0,18,319,0,40,0
09-03 12:22:53,12.254,2.751,68.274,14.255,0,5545312,170276,187152,2115724,10532.665,3264.136,0,10883.787,0,766.267,5005,6832,1.430,1.530,1.460,1,0,0,0,0,18,319,0,41,0
09-03 12:22:54,10.039,1.004,84.578,3.514,0,5547016,168512,187152,2115784,4107.924,542.101,0,606.350,0,33.128,2269,2887,1.430,1.530,1.460,1,0,0,0,0,18,319,0,43,0
09-03 12:22:55,25.717,3.246,67.912,2.247,0,5555132,159944,187152,2116236,5658.636,539.298,0,751.023,0,53.930,4319,5002,1.430,1.530,1.460,3,1,0,0,0,18,320,0,43,0
09-03 12:22:56,9.723,1.246,82.517,5.235,0,5555072,159944,187152,2116296,30593.621,11763.786,0,1080.948,0,114.676,3064,4218,1.430,1.530,1.460,0,0,0,0,0,18,319,0,42,0
09-03 12:22:57,12.750,1.750,79.502,4.000,0,5555008,159944,187156,2116356,30244.651,12061.260,0,1364.029,0,149.003,3648,4912,1.480,1.530,1.460,0,0,1.000,0,0,18,319,0,45,0
09-03 12:22:58,13.252,1.750,75.760,8.001,0,5554960,159944,187156,2116404,33798.457,12128.600,0,1352.178,0,137.018,3618,4802,1.480,1.530,1.460,1,0,0,0,0,18,319,0,47,0
09-03 12:22:59,21.841,3.264,69.288,4.268,0,5554732,159944,187156,2116632,25169.542,9397.031,0,1980.225,0,224.934,5484,8168,1.480,1.530,1.460,4,1,0,0,0,18,321,0,47,0
09-03 12:23:00,24.400,4.482,61.995,7.967,0,5555928,158432,187156,2116948,9320.687,1009.849,0,2816.423,0,289.809,7753,11905,1.480,1.530,1.460,1,0,0,0,0,18,320,0,46,0
09-03 12:23:01,6.014,1.504,86.201,4.260,0,5555892,158432,187156,2116984,13794.178,3130.302,0,3856.997,0,275.643,2881,4165,1.480,1.530,1.460,3,2,0,0,0,18,323,0,47,0
09-03 12:23:02,23.190,3.990,62.089,9.476,0,5556520,157424,187156,2117364,5902.739,538.607,127.670,3782.221,7.979,246.363,7502,10817,1.760,1.590,1.480,0,1,0,0,0,18,322,0,51,0
09-03 12:23:03,24.786,3.004,66.848,3.505,0,5557952,155912,187156,2117444,7269.681,540.795,4.006,1422.089,1.001,127.187,7163,9888,1.760,1.590,1.480,1,0,3.004,0,0,18,326,0,69,0
09-03 12:23:04,24.962,3.994,65.401,3.994,0,5559136,154148,187156,2118024,9687.370,3018.442,0,1845.213,0,178.730,6993,9685,1.760,1.590,1.480,1,0,0,0,0,18,323,0,79,0
09-03 12:23:05,9.253,1.751,84.530,3.001,0,5559124,154148,187156,2118036,24160.476,9647.385,0,1108.389,0,99.035,3279,4584,1.760,1.590,1.480,3,0,0,0,0,18,323,0,80,0
09-03 12:23:06,23.060,4.762,62.915,8.021,0,5560076,152888,187156,2118344,8942.441,487.277,4.011,4503.806,1.003,395.036,8256,12549,1.760,1.590,1.480,1,0,0,0,0,18,323,0,80,0
09-03 12:23:07,12.459,2.990,73.008,10.465,0,5560240,152636,187156,2118432,9001.120,3259.181,0,2794.723,0,269.107,4550,6916,1.700,1.580,1.480,1,0,0.997,0,0,18,322,0,82,0
09-03 12:23:08,8.758,2.002,70.816,16.766,0,5560436,152412,187156,2118460,12160.418,3213.017,16.015,7286.842,1.001,551.518,3584,4842,1.700,1.580,1.480,1,0,0,0,0,18,322,0,79,0
09-03 12:23:09,8.493,1.749,81.682,5.995,0,5560256,152412,187156,2118640,9863.741,3208.314,0,1994.330,0,201.831,3331,5069,1.700,1.580,1.480,0,0,0,0,0,18,324,0,79,0
09-03 12:23:10,4.001,1.250,89.767,4.251,0,5560212,152412,187156,2118684,3901.720,540.100,0,1000.185,0,60.011,1694,2320,1.700,1.580,1.480,1,1,0,0,0,18,325,0,79,0
09-03 12:23:11,6.750,2.250,80.504,9.000,0,5561168,151408,187160,2118728,12812.703,3209.176,0,5784.318,0,368.020,3440,5223,1.700,1.580,1.480,0,0,6.000,0,0,18,324,0,80,0
09-03 12:23:12,15.992,2.749,75.211,4.748,0,5562872,149392,187160,2119040,11510.012,2815.535,0,1223.364,0,111.942,4388,5798,1.810,1.610,1.480,0,0,0,0,0,18,324,0,80,0
09-03 12:23:13,6.500,1.250,89.496,1.250,0.250,5562872,149392,187160,2119040,7569.646,2750.871,0,1047.951,0,88.996,2378,3436,1.810,1.610,1.480,0,0,0,0,0,18,324,0,80,0
09-03 12:23:14,7.002,1.500,87.279,3.001,0,5562808,149392,187160,2119104,13030.335,2763.919,0,1132.377,0,113.038,3083,4641,1.810,1.610,1.480,0,0,0,0,0,18,324,0,80,0
09-03 12:23:15,8.254,1.751,87.793,1.000,0,5563060,149140,187160,2119104,14789.252,2892.418,0,1056.518,0,102.050,2698,3705,1.810,1.610,1.480,1,0,0,0,0,18,325,0,80,0
09-03 12:23:16,8.745,1.499,85.704,1.749,0,5562956,149140,187160,2119208,30387.860,9770.810,0,967.486,0,85.954,3152,4226,1.810,1.610,1.480,1,0,0,0,0,18,325,0,77,0
09-03 12:23:17,24.301,4.760,63.635,7.015,0,5563472,148412,187160,2119420,7923.755,541.144,0,4725.993,0,342.725,7597,11807,1.820,1.610,1.490,1,0,1.002,0,0,18,325,0,79,0
09-03 12:23:18,17.785,2.755,66.129,11.522,0,5564420,147152,187160,2119732,7405.399,3281.380,0,2376.621,0,218.425,4724,6741,1.820,1.610,1.490,0,0,0,0,0,18,322,0,83,0
09-03 12:23:19,7.715,1.742,84.863,3.484,0,5564416,147152,187160,2119736,12790.619,3200.392,0,1819.694,0,172.214,3324,4812,1.820,1.610,1.490,0,0,0,0,0,18,322,0,84,0
09-03 12:23:20,6.511,1.503,90.654,0.751,0,5564324,147152,187160,2119828,9177.542,2755.667,0,925.567,0,56.095,2121,2855,1.820,1.610,1.490,2,0,0,0,0,18,322,0,82,0
09-03 12:23:21,4.245,1.249,87.405,4.745,0,5564312,147152,187160,2119840,7633.693,485.472,0,3064.665,0,216.764,2407,3795,1.820,1.610,1.490,0,1,0,0,0,18,323,0,82,0
09-03 12:23:22,15.749,2.500,72.246,8.500,0,5564256,147152,187160,2119896,27749.430,11796.332,0,3719.789,0,280.984,4169,5739,1.920,1.640,1.500,0,0,0,0,0,18,322,0,82,0
09-03 12:23:23,20.318,3.512,64.467,11.037,0,5564556,146648,187160,2120100,19813.607,7358.738,0,3194.740,0,273.921,6135,9087,1.920,1.640,1.500,1,1,0,0,0,18,324,0,82,0
09-03 12:23:24,21.178,4.236,65.528,7.724,0,5391472,318804,187164,2121024,19012.609,261157.530,972.706,5860.153,43.851,545.154,6045,8330,1.920,1.640,1.500,0,0,14.949,0,0,18,322,0,82,0
09-03 12:23:25,7.750,2.000,88.248,0.500,0,5390268,319988,187164,2121044,6029.836,0,0,627.983,0,31.999,2905,3837,1.920,1.640,1.500,0,0,0,0,0,18,322,0,78,0
09-03 12:23:26,9.295,2.512,85.410,2.010,0,5410876,299352,187164,2121072,281619.363,6965.424,20.096,739.549,2.010,44.212,2629,2889,1.920,1.640,1.500,1,0,7.034,0,0,18,322,0,78,0
09-03 12:23:27,11.447,3.982,81.124,1.493,0,5413376,296616,187176,2121296,290539.071,13419.878,218.986,780.388,14.931,43.797,3335,3246,1.760,1.610,1.490,1,0,32.848,0,0,18,322,0,78,0
09-03 12:23:28,15.566,5.021,76.824,3.013,0,5393920,311012,187176,2126356,153426.294,5667.912,152.644,674.847,3.013,43.182,2808,2647,1.760,1.610,1.490,1,0,22.093,0,0,18,322,0,78,0
09-03 12:23:29,21.255,5.751,67.267,5.001,0,5395028,296408,187176,2139852,7232.792,540.134,0,1616.400,0,102.025,2902,2759,1.760,1.610,1.490,1,0,14.003,0,0,18,322,0,75,0
