"pcp-dstat 6.2.0 CSV Output"
"Author:","PCP team <pcp@groups.io> and Dag Wieers <dag@wieers.com>",,,,"URL:","https://pcp.io/ and http://dag.wieers.com/home-made/dstat/"
"Host:","ubuntu",,,,"User:","ubuntu"
"Cmdline:","dstat -tcmndrylpg --tcp --output /tmp/devstack_logs/dstat-csv.log",,,,"Date:","02 Mar 2026 17:07:16 UTC"
"system","total usage",,,,,"memory usage",,,,"net/total",,"dsk/total",,"io/total",,"system",,"load avg",,,"procs",,,"paging",,"tcp sockets",,,,
"time","total usage:usr","total usage:sys","total usage:idl","total usage:wai","total usage:stl","used","free","buf","cach","net/total:recv","net/total:send","dsk/total:read","dsk/total:writ","read","writ","int","csw","1m","5m","15m","run","blk","new","in","out","lis","act","syn","tim","clo"
02-03 17:07:16,,988516,1499620,164548,5164752,,,,,,,1.480,1.210,0.700,1,0,,,,10,6,0,18,0
02-03 17:07:17,16.491,20.489,52.222,9.495,0,992060,1495136,164748,5165300,34129.900,13744.711,0,3362.217,0,134.928,6756,5869,1.480,1.210,0.700,2,0,553.706,0,0,10,6,0,18,0
02-03 17:07:18,27.029,17.769,51.554,4.004,0,1009688,1476844,164892,5165688,21727.946,11432.073,0,1881.988,0,60.063,6630,6627,1.480,1.210,0.700,2,0,391.413,0,0,10,6,0,18,0
02-03 17:07:19,26.678,9.973,59.091,2.743,0,1161976,1323632,165040,5291068,43441.816,11138.953,0,1507.932,0,45.876,5971,7552,1.480,1.210,0.700,0,1,146.605,0,0,11,6,0,18,0
02-03 17:07:20,25.203,7.985,60.885,4.991,0,1183808,1283588,165244,5308412,178021.780,9105.853,0,1812.587,0,53.899,3336,2344,1.520,1.220,0.710,3,0,100.810,0,0,11,6,0,18,2
02-03 17:07:21,36.930,10.803,47.732,5.276,0,1222152,1229596,166184,5320620,4495.875,542.640,192.939,2162.522,8.039,70.342,4460,3435,1.520,1.220,0.710,2,0,186.909,0,0,11,6,0,20,2
02-03 17:07:22,19.395,2.984,35.309,40.780,0,1253412,1191808,166328,5326576,7821.735,537.098,254.624,16761.429,7.957,492.340,2446,1731,1.520,1.220,0.710,3,0,0,0,0,11,6,0,20,2
02-03 17:07:23,41.099,4.511,48.867,5.012,0,1281368,1149120,166820,5338932,9867.677,541.299,128.308,1900.560,6.014,24.058,2896,1712,1.520,1.220,0.710,3,0,0,0,0,11,8,0,20,2
02-03 17:07:24,16.717,3.743,40.170,36.926,0,1315588,1095500,167552,5356108,9442.082,538.920,0,8618.732,0,494.010,4760,7130,1.520,1.220,0.710,3,2,9.980,0,0,11,8,0,20,2
02-03 17:07:25,13.028,2.756,47.601,34.073,0,1311684,1090040,168152,5363680,5824.417,541.154,0,10049.424,0,582.241,4236,6527,1.720,1.270,0.730,2,1,0,0,0,11,8,0,20,2
02-03 17:07:26,17.526,3.505,46.570,30.295,0,1314624,1069992,168976,5378260,7565.326,540.810,0,8512.744,0,478.717,4783,7133,1.720,1.270,0.730,2,1,0,0,0,11,8,0,20,2
02-03 17:07:27,16.723,3.494,41.432,35.941,0,1315904,1051680,169584,5393188,6857.770,485.205,0,11329.447,0,610.001,5216,8495,1.720,1.270,0.730,0,3,2.995,0,0,11,8,0,20,2
02-03 17:07:28,16.752,3.000,48.005,31.003,0,1315016,1044720,170248,5399220,8729.862,1878.185,0,10000.987,0,615.061,5070,8129,1.720,1.270,0.730,1,1,15.001,0,0,11,9,0,20,2
02-03 17:07:29,23.997,6.499,40.245,27.997,0,1273076,1102960,170456,5383080,7411.133,1994.767,0,11346.673,0,756.911,5697,8992,1.720,1.270,0.730,1,1,30.996,0,0,11,6,0,20,0
02-03 17:07:30,19.744,4.748,43.236,30.490,0,1281852,1087588,170644,5388932,13467.737,2889.085,0,12184.143,0,731.768,5462,8354,1.820,1.290,0.740,2,1,25.992,0,0,11,6,0,20,0
02-03 17:07:31,21.007,4.001,43.515,29.260,0,1277248,1090188,170768,5390628,10879.812,2643.926,0,10167.562,0,687.241,5683,9007,1.820,1.290,0.740,2,0,25.009,0,0,11,7,0,20,0
02-03 17:07:32,25.505,7.752,32.006,31.256,0,1304192,1055188,171208,5396984,10459.079,1552.309,0,12402.466,0,749.149,15077,35442,1.820,1.290,0.740,1,1,43.009,0,0,11,6,0,21,0
02-03 17:07:33,20.999,5.500,41.247,29.748,0,1303724,1054940,171296,5397460,6436.597,623.961,0,12283.231,0,216.986,11079,20648,1.820,1.290,0.740,1,4,20.999,0,0,11,6,0,21,0
02-03 17:07:34,19.998,6.999,39.496,32.747,0,1284992,1073196,171400,5397776,7116.284,485.951,0,14934.497,0,568.943,4991,7046,1.820,1.290,0.740,0,1,20.998,0,0,11,6,0,21,0
02-03 17:07:35,14.238,5.246,40.967,37.469,0,1231408,1139380,171488,5386676,5343.630,539.559,0,12050.146,0,939.232,4882,7402,2,1.340,0.760,3,2,21.982,0,0,11,6,0,21,0
02-03 17:07:36,33.008,7.252,45.761,12.753,0,1156632,1213992,171548,5386780,3757.908,540.131,0,3280.793,0,258.062,4268,4362,2,1.340,0.760,1,0,141.034,0,0,11,4,0,16,0
02-03 17:07:37,23.249,2.500,71.497,2.250,0,1207108,1163508,171552,5386784,4530.811,539.977,0,711.970,0,37.998,1873,1482,2,1.340,0.760,1,0,0,0,0,11,4,0,16,0
02-03 17:07:38,22.502,3.500,65.505,7.501,0,1191108,1179468,171580,5386796,7352.559,540.041,0,3204.244,0,182.014,2216,2012,2,1.340,0.760,1,1,10.001,0,0,11,4,0,16,0
02-03 17:07:39,23.496,4.249,63.240,8.749,0,1201540,1168988,171628,5386796,5788.100,539.916,0,15969.518,0,307.952,2646,2499,2,1.340,0.760,1,2,0,0,0,11,4,0,16,0
02-03 17:07:40,13.009,14.260,65.047,6.505,0,1159716,1210772,171632,5386832,7524.429,540.390,0,8610.212,0,85.061,4817,3665,1.840,1.320,0.760,1,0,274.198,0,0,11,4,0,14,0
02-03 17:07:41,10.007,20.764,68.545,0,0,1112572,1257748,171632,5386988,6491.275,540.356,0,424.279,0,62.041,6089,4875,1.840,1.320,0.760,2,0,444.293,0,0,11,4,0,14,0
02-03 17:07:42,23.304,11.526,60.890,3.759,0,1126588,1236324,171632,5394816,7811.944,487.119,7465.147,4.009,75.173,1.002,5520,6941,1.840,1.320,0.760,5,0,215.495,0,0,11,4,0,14,0
02-03 17:07:43,44.869,6.730,46.613,0,0,1210904,1151896,171640,5394924,7435.222,538.423,19.942,83.755,3.988,5.982,3042,1654,1.840,1.320,0.760,3,0,43.871,0,0,11,5,0,14,0
02-03 17:07:44,43.752,6.250,48.503,0.750,0,1236380,1125372,171640,5395972,4403.235,540.029,492.026,400.021,5.000,36.002,2742,1475,1.840,1.320,0.760,3,1,0,0,0,11,5,0,14,0
02-03 17:07:45,28.482,9.994,45.222,14.991,0,1265628,1093724,171668,5398296,8311.827,539.664,0,10077.728,0,217.864,4866,6216,2.090,1.380,0.780,0,2,117.927,0,0,11,4,0,14,0
02-03 17:07:46,3.246,3.745,83.143,8.739,0,1274148,1085160,171696,5398296,8914.525,539.306,0,16786.393,0,229.704,1749,1970,2.090,1.380,0.780,3,0,28.963,0,0,11,4,0,14,0
02-03 17:07:47,22.208,2.994,73.862,0,0,1361592,997716,171696,5398296,7130.657,538.991,0,0,0,0,1822,1301,2.090,1.380,0.780,2,0,0,0,0,11,4,0,14,0
02-03 17:07:48,24.110,1.507,73.584,0.251,0,1383312,975792,171696,5398500,9456.968,542.465,0,8.037,0,1.005,1761,1130,2.090,1.380,0.780,1,1,1.005,0,0,11,6,0,12,0
02-03 17:07:49,15.774,4.256,59.340,19.029,0,1283568,1075388,171804,5398540,8005.184,540.823,0,4430.744,0,385.587,4531,6579,2.090,1.380,0.780,1,0,42.064,0,0,11,4,0,14,0
02-03 17:07:50,21.448,3.242,73.823,0.998,0,1341728,1016420,172068,5399060,10228.426,484.835,610.533,375.099,17.957,2.993,1780,1206,2,1.370,0.780,1,0,0,0,0,11,4,0,14,0
02-03 17:07:51,17.746,2.499,68.483,9.498,0,1365408,992480,172112,5399184,9836.621,4618.883,139.966,5582.650,33.992,183.956,2686,2979,2,1.370,0.780,0,1,2.000,0,0,11,17,0,14,0
02-03 17:07:52,19.682,4.734,72.501,2.741,0,1372392,985288,172128,5399324,8439.057,4870.297,131.549,12971.512,32.887,183.371,3046,2773,2,1.370,0.780,3,0,44.846,0,0,11,28,0,15,0
02-03 17:07:53,19.483,2.248,77.433,0,0,1422080,935588,172128,5399336,11652.969,4616.027,0,0,0,0,1712,1249,2,1.370,0.780,3,0,0,0,0,11,29,0,15,0
02-03 17:07:54,27.277,9.760,62.312,0,0,1423644,933872,172128,5399488,9271.253,3316.310,0,12.012,0,3.003,3594,2662,2,1.370,0.780,5,0,156.156,0,0,11,28,0,16,0
02-03 17:07:55,38.672,3.767,57.254,0,0,1456964,900540,172128,5399496,12647.213,9025.114,0,76.339,0,4.018,3176,2502,2,1.380,0.790,3,0,0,0,0,11,30,0,16,0
02-03 17:07:56,40.834,16.534,41.335,1.002,0,1470296,887124,172136,5399572,19176.370,10623.811,0,408.839,0,49.101,7668,9850,2,1.380,0.790,5,0,436.897,0,0,11,28,0,17,0
02-03 17:07:57,84.993,14.499,0.250,0,0,1688580,668764,172136,5399616,10896.165,4856.628,0,1479.887,0,200.985,5507,3424,2,1.380,0.790,5,1,141.989,0,0,11,30,0,17,0
02-03 17:07:58,78.604,8.983,6.737,3.993,0,1783308,573832,172136,5399816,39794.107,32553.552,0,30036.226,0,352.346,8198,10816,2,1.380,0.790,4,1,0,0,0,11,34,0,17,0
02-03 17:07:59,40.698,9.738,32.459,15.980,0,1612868,744056,172144,5400020,18713.240,9561.859,0,28971.215,0,220.720,5625,8087,2,1.380,0.790,2,0,249.683,0,0,11,28,0,23,0
02-03 17:08:00,20.748,6.999,65.493,6.749,0,1524460,832544,172148,5400024,3393.636,539.942,0,18869.974,0,187.980,2842,2273,1.920,1.380,0.790,2,0,59.994,0,0,11,28,0,23,0
02-03 17:08:01,14.503,2.500,80.264,1.250,0,1518192,838796,172152,5400036,14527.618,7481.348,0,1976.356,0,101.018,2643,3147,1.920,1.380,0.790,1,0,1.000,0,0,11,28,0,24,0
02-03 17:08:02,19.498,6.999,72.992,0,0,1498788,858192,172152,5400044,7096.174,539.937,0,151.982,0,9.999,2514,1836,1.920,1.380,0.790,1,0,67.992,0,0,11,28,0,24,0
02-03 17:08:03,15.999,1.750,74.996,5.750,0,1489016,867888,172204,5400068,14870.152,7504.572,0,3043.826,0,177.990,3196,4104,1.920,1.380,0.790,3,0,0,0,0,11,28,0,25,0
02-03 17:08:04,10.278,22.312,65.180,1.504,0,1455060,901816,172216,5400080,5519.265,541.498,0,365.010,0,21.058,6294,5309,1.920,1.380,0.790,2,0,651.803,0,0,11,28,0,25,0
02-03 17:08:05,77.272,21.006,2.501,0,0,1613428,743392,172224,5400112,16725.771,486.139,0,316.090,0,22.006,5273,3575,2.170,1.440,0.810,5,0,388.111,0,0,11,28,0,24,0
02-03 17:08:06,75.237,7.249,16.997,0.250,0,1702468,654260,172236,5400188,43186.385,35962.659,0,1479.739,0,68.988,7182,10252,2.170,1.440,0.810,3,0,0,0,0,11,33,0,24,0
02-03 17:08:07,74.526,16.006,7.503,0.250,0,1541296,815080,172248,5400528,20472.248,14314.068,0,804.285,0,83.029,8063,11420,2.170,1.440,0.810,6,0,310.110,0,0,11,28,0,25,0
02-03 17:08:08,87.996,10.000,2.000,0,0,1770136,586224,172248,5400544,14121.398,10347.559,0,183.992,0,11.000,5083,2903,2.170,1.440,0.810,3,0,0,0,0,11,32,0,25,0
02-03 17:08:09,76.933,8.992,13.239,0.250,0,1777956,578160,172268,5400764,55663.844,44956.108,0,815.295,0,56.951,10286,16711,2.170,1.440,0.810,8,0,49.957,0,0,11,32,0,22,0
02-03 17:08:10,60.632,12.975,25.700,0,0,1577544,778376,172272,5400956,18324.474,9130.299,0,243.528,0,14.971,5832,6602,2.150,1.450,0.820,2,0,247.520,0,0,11,28,0,25,0
02-03 17:08:11,33.033,4.504,61.561,0,0,1590848,765044,172272,5400984,26021.913,14796.735,0,244.243,0,21.021,4948,5688,2.150,1.450,0.820,5,0,1.001,0,0,11,29,0,26,0
02-03 17:08:12,53.685,18.478,27.467,0,0,1552388,803404,172272,5401064,9997.842,4693.293,0,247.699,0,16.979,5420,4805,2.150,1.450,0.820,3,0,377.541,0,0,11,28,0,27,0
02-03 17:08:13,50.580,5.258,42.817,0.250,0,1608900,746732,172272,5401224,26224.249,18575.218,0,148.233,0,7.011,4615,4712,2.150,1.450,0.820,2,0,0,0,0,11,31,0,24,0
02-03 17:08:14,61.340,16.023,22.283,0.501,0,1521544,834016,172288,5401280,18066.427,10771.756,0,536.785,0,46.067,7388,8694,2.150,1.450,0.820,4,0,258.378,0,0,11,28,0,25,0
02-03 17:08:15,73.497,7.750,19.249,0,0,1634052,721476,172296,5401304,21388.076,16804.274,0,151.993,0,8.000,5245,3595,2.220,1.470,0.830,4,0,0,0,0,11,32,0,25,0
02-03 17:08:16,57.569,15.701,25.171,0.249,0,1520816,834488,172308,5401516,33154.486,24569.549,0,542.291,0,40.871,9540,13923,2.220,1.470,0.830,4,0,322.982,0,0,11,28,0,28,0
02-03 17:08:17,55.510,6.501,37.006,0.250,0,1612304,742960,172312,5401552,18244.180,12338.151,0,300.052,0,19.003,4254,3230,2.220,1.470,0.830,3,0,0,0,0,11,31,0,28,0
02-03 17:08:18,53.244,14.998,30.747,0.500,0,1485280,869780,172332,5401736,20965.832,17845.155,0,663.931,0,47.995,7423,10290,2.220,1.470,0.830,4,0,298.969,0,0,11,28,0,30,0
02-03 17:08:19,54.822,6.759,36.798,1.252,0,1584600,770424,172336,5401768,17797.337,12021.764,0,284.373,0,9.012,3863,2629,2.220,1.470,0.830,3,0,0,0,0,11,31,0,30,0
02-03 17:08:20,54.098,13.274,30.054,1.503,0,1544476,810256,172364,5402032,27236.221,16997.718,0,1350.441,0,78.141,7542,9770,2.440,1.530,0.850,3,0,287.520,0,0,11,28,0,33,0
02-03 17:08:21,56.927,5.992,37.951,0.250,0,1609648,745012,172364,5402072,14737.108,7583.279,0,1418.182,0,15.980,3686,2222,2.440,1.530,0.850,2,0,0.999,0,0,11,31,0,33,0
02-03 17:08:22,53.320,9.512,35.797,0.501,0,1526736,827592,172380,5402388,30306.676,18990.862,0,392.514,0,39.051,7600,9517,2.440,1.530,0.850,3,0,112.147,0,0,11,28,0,35,0
02-03 17:08:23,57.304,6.727,35.130,0,0,1580020,774288,172388,5402400,11226.688,9120.874,0,163.442,0,9.966,3948,2298,2.440,1.530,0.850,3,0,0,0,0,11,31,0,35,0
02-03 17:08:24,53.432,15.051,27.845,3.261,0,1465248,888984,172408,5402456,24957.026,17580.896,0,561.914,0,47.161,7437,10349,2.440,1.530,0.850,6,0,359.224,0,0,11,28,0,37,0
02-03 17:08:25,80.500,19.750,0,0,0,1647084,707052,172408,5402520,7921.022,2506.007,0,284.001,0,17.000,5577,4656,2.810,1.620,0.890,6,0,433.001,0,0,11,29,0,35,0
02-03 17:08:26,77.590,16.965,4.740,0,0,1779532,574524,172416,5402592,38264.219,35714.468,0,997.945,0,52.891,7647,9086,2.810,1.620,0.890,5,0,465.043,0,0,11,32,0,35,0
02-03 17:08:27,76.656,21.794,1.503,0,0,1737740,616056,172416,5402844,37829.980,26815.567,0,525.068,0,41.084,8153,10170,2.810,1.620,0.890,5,0,538.095,0,0,11,28,0,36,0
02-03 17:08:28,83.993,11.249,4.000,0,0,1685068,668548,172416,5403024,16032.658,11442.042,0,139.988,0,9.999,5033,3206,2.810,1.620,0.890,2,0,59.995,0,0,11,31,0,36,0
02-03 17:08:29,66.506,13.251,20.502,0,0,1680952,672408,172428,5403260,49758.807,37787.651,0,128.012,0,10.001,10183,15722,2.810,1.620,0.890,2,0,266.026,0,0,11,30,0,39,0
02-03 17:08:30,27.499,21.000,50.999,0.250,0,1476448,876860,172428,5403312,17530.612,8742.806,0,195.996,0,16.000,7294,8208,2.580,1.590,0.880,2,0,662.985,0,0,11,28,0,41,0
02-03 17:08:31,66.736,25.745,7.748,0,0,1568368,784952,172428,5403356,7529.426,2505.476,0,775.838,0,40.991,5528,4708,2.580,1.590,0.880,3,0,673.859,0,0,11,29,0,41,0
02-03 17:08:32,65.853,8.232,24.446,0.249,0,1645448,707824,172440,5403400,34187.859,24487.463,0,3368.498,0,111.751,6960,19970,2.580,1.590,0.880,3,0,40.909,0,0,11,31,0,43,0
02-03 17:08:33,73.159,17.538,8.769,0.251,0,1553404,799652,172480,5403576,15326.317,7468.235,0,553.203,0,52.113,6559,6544,2.580,1.590,0.880,4,0,263.573,0,0,11,28,0,45,0
02-03 17:08:34,67.244,6.499,26.498,0,0,1619916,733068,172480,5403644,31731.092,25740.641,0,179.984,0,8.999,6465,7353,2.580,1.590,0.880,2,0,0,0,0,11,32,0,45,0
02-03 17:08:35,52.960,6.495,39.970,0.250,0,1596000,756688,172488,5403920,52955.931,42670.713,0,235.822,0,19.985,13443,22173,2.540,1.600,0.890,3,0,28.978,0,0,11,31,0,45,0
02-03 17:08:36,80.310,13.260,5.754,0.250,0,1572240,780272,172500,5404084,14141.498,7217.358,0,452.336,0,45.033,6144,5822,2.540,1.600,0.890,3,0,91.068,0,0,11,29,0,45,0
02-03 17:08:37,63.260,6.501,29.255,0,0,1628812,723628,172504,5404148,37722.892,29843.661,0,152.024,0,10.002,7849,9757,2.540,1.600,0.890,6,0,0,0,0,11,32,0,45,0
02-03 17:08:38,52.233,7.748,39.487,0,0,1600648,751352,172512,5404568,54992.571,43927.078,0,139.956,0,7.997,15017,23536,2.540,1.600,0.890,6,0,70.978,0,0,11,29,0,48,0
02-03 17:08:39,79.437,16.487,3.997,0,0,1556848,795124,172512,5404560,7850.746,5337.748,0,123.901,0,7.994,5283,3492,2.540,1.600,0.890,3,0,190.848,0,0,11,29,0,49,0
02-03 17:08:40,59.871,5.738,33.428,0.249,0,1614432,737460,172512,5404632,37504.053,30134.958,0,115.750,0,8.981,7838,10427,2.580,1.620,0.900,5,0,0,0,0,11,31,0,49,1
02-03 17:08:41,70.241,11.038,17.309,0.502,0,1560352,791328,172528,5404824,28883.966,21292.957,0,329.128,0,36.124,8760,12511,2.580,1.620,0.900,4,0,99.340,0,0,11,28,0,51,0
02-03 17:08:42,69.774,8.223,20.932,0.997,0,1639060,712564,172532,5404872,19626.510,13192.324,0,299.033,0,27.910,4626,3767,2.580,1.620,0.900,4,0,29.903,0,0,11,30,0,52,0
02-03 17:08:43,71.152,11.274,17.537,0,0,1676748,674696,172540,5405044,25863.181,20349.417,0,288.616,0,22.047,6457,9599,2.580,1.620,0.900,4,0,120.257,0,0,11,30,0,53,0
02-03 17:08:44,61.715,8.245,25.486,2.748,0,1603136,748080,172552,5405256,37881.663,29371.457,0,3274.156,0,164.907,8800,11705,2.580,1.620,0.900,5,0,72.959,0,0,11,30,0,55,0
02-03 17:08:45,72.953,13.991,13.242,0,0,1569472,781680,172564,5405308,22895.342,13080.625,0,151.903,0,8.994,6654,7225,2.690,1.660,0.920,3,0,155.900,0,0,11,29,0,57,0
02-03 17:08:46,71.259,9.251,18.752,0,0,1649392,701700,172572,5405356,24494.194,20370.656,0,120.016,0,8.001,5247,5796,2.690,1.660,0.920,3,0,40.005,0,0,11,30,0,59,0
02-03 17:08:47,68.484,10.708,19.175,0.747,0,1631848,719016,172588,5405560,28010.128,20586.981,0,478.142,0,39.845,7087,9354,2.690,1.660,0.920,6,0,105.590,0,0,11,29,0,61,0
02-03 17:08:48,53.913,12.287,32.598,1.254,0,1561448,789396,172592,5405576,20842.916,10396.382,0,365.102,0,34.103,5287,4695,2.690,1.660,0.920,3,0,180.545,0,0,11,29,0,63,0
02-03 17:08:49,54.235,7.215,37.318,0.746,0,1625020,725752,172596,5405640,21929.981,14036.501,0,199.029,0,13.932,4480,4594,2.690,1.660,0.920,3,0,5.971,0,0,11,30,0,64,0
02-03 17:08:50,53.796,9.552,35.193,0,0,1580844,769864,172596,5405696,26416.163,16569.051,0,189.039,0,10.055,7487,8827,2.630,1.670,0.920,3,0,139.768,0,0,11,28,0,64,0
02-03 17:08:51,54.908,9.234,34.941,0.250,0,1552140,798140,172608,5406112,19105.899,11113.328,0,267.550,0,25.956,5081,5104,2.630,1.670,0.920,5,0,44.925,0,0,11,32,0,64,0
02-03 17:08:52,35.877,6.478,56.556,0.498,0,1554040,796172,172620,5406164,27915.398,20688.149,0,1985.201,0,36.874,6809,9092,2.630,1.670,0.920,4,0,86.703,0,0,11,33,0,66,0
02-03 17:08:53,40.185,9.795,49.478,0.753,0,1500464,849732,172624,5406172,9409.349,1597.359,0,237.092,0,22.102,3930,3102,2.630,1.670,0.920,2,0,135.625,0,0,11,32,0,67,0
02-03 17:08:54,32.933,4.241,61.873,0,0,1516792,833376,172628,5406196,18102.961,15196.907,0,183.624,0,12.973,3632,4182,2.630,1.670,0.920,4,0,0,0,0,11,33,0,67,0
02-03 17:08:55,39.834,10.773,46.848,2.255,0,1473100,876856,172652,5406384,10615.264,3257.833,0,1875.935,0,117.246,4819,4798,2.660,1.690,0.930,2,0,138.290,0,0,11,32,0,68,0
02-03 17:08:56,34.585,4.260,60.398,0,0,1481876,868048,172660,5406408,18698.924,12427.521,0,256.630,0,28.069,3709,3684,2.660,1.690,0.930,3,0,25.062,0,0,11,33,0,69,0
02-03 17:08:57,37.883,6.685,51.996,2.476,0,1515528,834364,172668,5406428,11365.786,6260.294,0,439.736,0,30.702,4443,4619,2.660,1.690,0.930,3,0,39.616,0,0,11,33,0,70,0
02-03 17:08:58,35.760,4.029,59.684,0.252,0,1513904,835956,172668,5406460,22857.047,16264.152,0,149.083,0,9.066,4528,5269,2.660,1.690,0.930,3,0,0,0,0,11,33,0,69,0
02-03 17:08:59,36.811,8.264,53.339,1.252,0,1453120,896684,172680,5406496,11096.443,6275.430,0,252.420,0,24.040,4171,4607,2.660,1.690,0.930,3,0,48.080,0,0,11,32,0,70,0
02-03 17:09:00,35.722,3.997,59.953,0.250,0,1513200,836452,172680,5406648,21679.091,12218.470,0,139.891,0,8.993,3378,3774,2.610,1.700,0.940,4,0,0,0,0,11,34,0,70,0
02-03 17:09:01,27.620,11.197,59.470,0.746,0,1381672,967868,172700,5406736,18691.866,11094.687,0,358.311,0,32.845,6098,7233,2.610,1.700,0.940,2,0,281.672,0,0,11,32,0,72,0
02-03 17:09:02,18.800,3.259,75.450,1.253,0,1415408,934128,172700,5406736,7449.753,2458.519,0,2097.562,0,114.303,1807,1316,2.610,1.700,0.940,1,1,0,0,0,11,33,0,65,0
02-03 17:09:03,18.012,2.001,77.300,1.751,0,1415380,934128,172704,5406760,18701.172,9277.038,0,1532.998,0,121.079,3540,4323,2.610,1.700,0.940,1,0,0,0,0,11,32,0,66,0
02-03 17:09:04,16.257,11.255,71.029,0,0,1431604,917896,172704,5406768,5990.473,540.223,0,204.084,0,18.007,3801,3060,2.610,1.700,0.940,2,0,284.117,0,0,11,32,0,66,0
02-03 17:09:05,18.032,2.755,78.889,0,0,1447452,902032,172704,5406784,9324.476,6749.927,0,112.198,0,8.014,2236,2288,2.480,1.690,0.940,0,0,0,0,0,11,33,0,66,0
02-03 17:09:06,18.210,4.989,75.085,0.249,0,1418032,931436,172708,5406796,12390.803,5108.787,0,147.676,0,8.980,3351,3362,2.480,1.690,0.940,1,0,45.899,0,0,11,32,0,66,0
02-03 17:09:07,18.749,2.500,78.496,0,0,1428724,920740,172708,5406800,10550.400,5571.683,0,107.994,0,7.000,1897,1575,2.480,1.690,0.940,1,0,0,0,0,11,33,0,66,0
02-03 17:09:08,18.561,3.010,75.750,2.257,0,1404144,945148,172716,5406964,19473.170,9569.534,0,1328.377,0,159.526,4772,6188,2.480,1.690,0.940,1,0,23.076,0,0,11,32,0,66,0
02-03 17:09:09,18.202,20.945,59.594,0.249,0,1414728,934384,172720,5407136,4004.544,538.594,0,406.938,0,32.914,6437,5786,2.480,1.690,0.940,2,0,601.430,0,0,11,32,0,68,0
02-03 17:09:10,44.260,5.501,48.761,1.000,0,1520148,826988,172816,5408756,5353.190,486.108,472.105,896.199,18.004,12.003,2953,1593,2.520,1.710,0.950,2,0,3.001,0,0,11,34,0,62,0
02-03 17:09:11,28.049,4.758,42.825,22.289,0,1518000,826484,173188,5410672,9087.942,540.949,0,6479.366,0,526.924,6119,9101,2.520,1.710,0.950,3,1,28.049,0,0,11,36,0,62,0
02-03 17:09:12,26.738,4.748,43.980,22.990,0,1590640,752860,173392,5411428,7221.729,539.756,0,5157.664,0,490.778,5355,7857,2.520,1.710,0.950,1,1,22.990,0,0,11,36,0,62,0
02-03 17:09:13,25.906,5.231,40.603,27.401,0.249,1556464,786012,173616,5412208,7300.560,538.051,0,12036.408,0,887.785,6035,9638,2.520,1.710,0.950,6,1,12.953,0,0,11,36,0,62,0
02-03 17:09:14,26.279,5.506,42.547,24.027,0,1596936,744456,173768,5413116,6901.650,540.599,0,6711.439,0,593.658,5248,8026,2.520,1.710,0.950,7,1,23.026,0,0,11,36,0,59,0
02-03 17:09:15,27.005,4.751,34.756,31.756,0,1560480,780140,173904,5413732,7717.423,540.100,0,12890.378,0,837.154,5712,9175,2.720,1.760,0.970,2,1,13.002,0,0,11,36,0,59,0
02-03 17:09:16,27.270,5.254,43.782,22.767,0,1586828,752724,174004,5414668,8408.228,634.470,0,4835.582,0,575.426,5271,8658,2.720,1.760,0.970,1,2,35.026,0,0,11,36,0,59,0
02-03 17:09:17,26.486,4.748,39.230,27.486,0,1582636,756252,174172,5415144,4324.757,539.720,0,13301.100,0,870.548,5304,9213,2.720,1.760,0.970,1,1,6.996,0,0,11,36,0,59,0
02-03 17:09:18,27.000,4.750,47.250,20.750,0,1595444,742996,174240,5415508,3398.004,486.001,0,5288.006,0,578.001,4476,7706,2.720,1.760,0.970,1,2,14.000,0,0,11,36,0,54,0
02-03 17:09:19,25.644,4.730,39.089,28.881,0,1583644,754488,174316,5415732,7781.890,537.781,0,9843.383,0,640.358,4730,7558,2.720,1.760,0.970,2,1,6.971,0,0,11,36,0,54,0
02-03 17:09:20,26.499,4.500,43.749,22.999,0,1555448,782100,174380,5416228,10226.775,539.988,0,10367.772,0,788.983,6124,9632,2.660,1.770,0.980,4,0,16.000,0,0,11,38,0,54,0
02-03 17:09:21,28.619,6.025,41.422,23.096,0,1581464,755820,174444,5416412,9539.539,542.247,0,9503.389,0,797.305,6344,9806,2.660,1.770,0.980,2,1,9.037,0,0,11,38,0,54,0
02-03 17:09:22,28.344,5.017,40.384,24.331,0,1562196,775544,174496,5415900,8368.769,541.798,0,7926.301,0,616.044,5564,9038,2.660,1.770,0.980,4,2,1.003,0,0,11,38,0,49,0
02-03 17:09:23,44.501,6.750,37.751,10.500,0,1530892,806792,174528,5415924,8265.188,540.012,0,6940.158,0,380.009,3768,3427,2.660,1.770,0.980,4,0,6.000,0,0,11,32,0,49,0
02-03 17:09:24,30.470,4.745,44.705,18.232,0,1595428,742096,174620,5415992,5520.475,539.460,0,4271.725,0,475.524,4848,7067,2.660,1.770,0.980,5,1,2.997,0,0,11,34,0,49,0
02-03 17:09:25,26.133,5.227,45.794,21.653,0,1596680,740600,174736,5416116,4782.536,537.587,0,4698.911,0,613.248,4919,8491,2.770,1.800,1,6,0,0.996,0,0,11,34,0,49,0
02-03 17:09:26,27.385,5.527,42.961,22.862,0,1603044,733996,174840,5416248,3852.946,488.402,0,4606.652,0,670.296,5697,9476,2.770,1.800,1,1,1,1.005,0,0,11,34,0,49,0
02-03 17:09:27,30.426,5.736,41.399,20.949,0,1639332,697360,174972,5416456,7925.601,538.681,0,7389.912,0,925.734,7055,11824,2.770,1.800,1,2,0,1.995,0,0,11,34,0,47,0
02-03 17:09:28,16.748,18.998,61.244,2.250,0,1493692,842808,174980,5416612,7232.293,539.947,0,2439.761,0,135.987,6386,5438,2.770,1.800,1,3,0,508.950,0,0,11,32,0,47,0
02-03 17:09:29,7.769,22.055,67.168,2.005,0,1458880,877492,175000,5416656,7895.748,541.354,0,2145.366,0,90.226,6402,5329,2.770,1.800,1,2,0,507.269,0,0,11,32,0,47,0
02-03 17:09:30,9.978,19.457,62.611,6.984,0,1441796,894468,175072,5416688,6330.946,538.804,0,6070.524,0,311.309,6378,5952,2.630,1.790,1,1,0,450.999,0,0,11,32,0,47,0
02-03 17:09:31,22.235,3.997,73.450,0,0,1501220,835060,175072,5416672,7324.973,539.630,0,35.975,0,3.997,1959,1393,2.630,1.790,1,1,0,2.998,0,0,11,32,0,41,0
02-03 17:09:32,25.062,4.261,70.173,0,0,1496836,839424,175072,5418952,8190.196,541.335,0,16.040,0,1.002,2174,3581,2.630,1.790,1,3,0,35.087,0,0,11,32,0,41,0
02-03 17:09:33,23.447,4.739,67.598,2.744,0,1549776,786504,175072,5416668,6496.386,538.788,0,1871.789,0,206.535,2612,6152,2.630,1.790,1,1,0,3.991,0,0,11,32,0,42,0
02-03 17:09:34,22.408,2.988,73.450,0,0,1520896,815376,175072,5416676,7378.847,484.022,0,458.128,0,85.650,1925,1304,2.630,1.790,1,2,0,0.996,0,0,11,32,0,42,0
02-03 17:09:35,22.597,2.762,73.817,0,0,1515524,820748,175072,5416676,6544.142,542.332,0,12.052,0,1.004,1800,1184,2.500,1.780,1,1,0,2.009,0,0,11,32,0,37,0
02-03 17:09:36,22.912,3.487,72.471,0.249,0,1512296,823968,175076,5416696,3483.604,537.931,0,390.498,0,30.881,2179,1932,2.500,1.780,1,2,0,0.996,0,0,11,32,0,37,0
02-03 17:09:37,21.832,3.764,73.527,0,0,1486236,850024,175076,5416700,7893.751,542.043,0,52.197,0,5.019,1866,1208,2.500,1.780,1,2,0,3.011,0,0,11,32,0,37,0
02-03 17:09:38,22.752,3.250,74.006,0,0,1522968,813304,175076,5416688,4739.394,540.045,0,60.005,0,4.000,1827,1280,2.500,1.780,1,2,0,2.000,0,0,11,32,0,37,0
02-03 17:09:39,22.247,3.249,73.489,0,0,1501980,834280,175076,5416700,7923.761,539.916,0,127.980,0,26.996,1855,1280,2.500,1.780,1,1,0,1.000,0,0,11,32,0,33,0
02-03 17:09:40,22.998,3.000,73.492,0,0,1549068,787216,175076,5416676,5796.408,539.945,0,27.997,0,2.000,1814,1198,2.380,1.760,1,1,0,2.000,0,0,11,32,0,33,0
02-03 17:09:41,22.503,3.000,73.510,0,0,1507116,829224,175076,5416620,4637.633,486.066,0,0,0,0,1806,1208,2.380,1.760,1,2,0,2.000,0,0,11,32,0,33,0
02-03 17:09:42,23.497,3.000,73.741,0.250,0,1522704,813636,175076,5416620,8060.031,539.935,0,147.982,0,3.000,1819,1177,2.380,1.760,1,1,0,2.000,0,0,11,32,0,33,0
02-03 17:09:43,21.238,4.248,73.209,0,0,1478288,857960,175076,5416708,8211.423,539.699,0,2082.839,0,22.987,1877,1375,2.380,1.760,1,2,0,1.999,0,0,11,32,0,29,0
02-03 17:09:44,22.740,3.748,73.719,0,0,1501764,834504,175076,5416688,6019.441,539.771,0,0,0,0,1825,1274,2.380,1.760,1,1,0,1.999,0,0,11,32,0,29,0
02-03 17:09:45,22.791,2.755,73.132,0,0,1501516,834732,175076,5416708,8148.693,540.975,0,152.275,0,30.054,1816,1186,2.270,1.750,1,3,0,1.002,0,0,11,32,0,29,0
02-03 17:09:46,23.232,3.997,71.445,1.249,0,1514072,822136,175088,5416708,6809.804,539.588,0,499.619,0,29.977,2146,1772,2.270,1.750,1,2,0,6.995,0,0,11,32,0,29,0
02-03 17:09:47,22.002,3.750,73.508,0,0,1566840,769380,175088,5416696,9470.048,540.060,0,44.005,0,4.000,1679,1147,2.270,1.750,1,1,0,2.000,0,0,11,32,0,23,0
02-03 17:09:48,15.537,12.781,70.921,0,0,1523084,813072,175088,5416744,9297.438,487.176,0,172.416,0,9.022,4344,3383,2.270,1.750,1,2,0,324.784,0,0,11,32,0,23,0
02-03 17:09:49,18.695,8.226,67.552,4.487,0,1531492,804628,175104,5416764,4205.698,538.425,0,2309.245,0,113.668,3226,2980,2.270,1.750,1,1,0,135.603,0,0,11,32,0,23,0
02-03 17:09:50,23.002,3.000,73.256,0,0,1516224,819644,175104,5417008,8260.709,540.046,0,56.005,0,4.000,1848,1111,2.170,1.740,1,1,0,9.001,0,0,11,32,0,23,0
02-03 17:09:51,22.996,3.499,73.737,0,0,1527264,808604,175104,5417008,9276.425,539.908,0,0,0,0,1898,1400,2.170,1.740,1,1,0,1.000,0,0,11,32,0,16,0
02-03 17:09:52,13.521,16.776,68.354,0,0,1487928,847788,175104,5417156,7393.258,540.824,40.061,100.153,2.003,5.008,5332,4319,2.170,1.740,1,1,0,439.670,0,0,11,32,0,16,0
02-03 17:09:53,8.267,22.547,68.893,0,0,1466068,869612,175104,5417188,5624.661,583.209,0,340.706,0,7.015,6411,5270,2.170,1.740,1,1,0,548.136,0,0,11,32,0,16,0
02-03 17:09:54,8.985,21.464,68.386,0,0,1448240,887396,175104,5417228,7436.609,539.102,0,555.075,0,6.988,6518,5308,2.170,1.740,1,2,0,573.045,0,0,11,32,0,16,0
02-03 17:09:55,8.510,22.527,68.581,0,0,1440796,894808,175104,5417256,6746.959,540.638,0,1742.055,0,19.022,6605,5443,2.150,1.740,1,1,0,608.718,0,0,11,32,0,11,0
02-03 17:09:56,7.490,21.721,68.158,0.999,0,1421968,913584,175108,5417296,4838.488,539.274,0,1378.145,0,37.949,6472,5475,2.150,1.740,1,3,0,521.298,0,0,11,32,0,11,0
02-03 17:09:57,8.761,20.526,69.840,0,0,1404344,931168,175112,5417332,4851.224,486.624,0,268.344,0,12.015,6179,4942,2.150,1.740,1,2,0,495.636,0,0,11,32,0,11,0
02-03 17:09:58,8.256,22.015,68.297,0,0,1396376,939096,175112,5417364,7615.269,540.374,0,700.485,0,18.012,6464,5267,2.150,1.740,1,1,0,559.387,0,0,11,32,0,11,0
02-03 17:09:59,9.211,20.413,69.702,0,0,1361400,974028,175136,5417392,6974.209,537.703,0,179.234,0,10.953,6263,5189,2.150,1.740,1,3,0,524.758,0,0,11,32,0,7,0
02-03 17:10:00,39.173,26.618,32.896,1.004,0,1443648,891696,175180,5417436,9636.624,542.399,0,1092.834,0,68.302,7058,6826,2.300,1.780,1.020,4,0,769.403,0,0,11,32,0,13,0
02-03 17:10:01,62.737,8.248,23.995,4.499,0,1659904,672120,175260,5420236,5454.848,539.886,443.906,2103.556,9.998,60.987,3968,2457,2.300,1.780,1.020,2,2,4.999,0,0,11,34,0,13,0
02-03 17:10:02,24.355,4.473,36.036,33.302,0,1667164,660064,175528,5424108,7517.313,536.809,0,9626.773,0,615.342,6167,9534,2.300,1.780,1.020,6,1,32.805,0,0,11,38,0,14,0
02-03 17:10:03,6.769,2.005,53.647,35.096,0,1666212,659560,175612,5425440,7548.648,541.481,0,6758.487,0,490.341,4292,7487,2.300,1.780,1.020,1,1,15.041,0,0,11,38,0,12,0
02-03 17:10:04,5.003,1.751,47.525,42.022,0,1665736,659308,175700,5426060,3892.064,540.287,0,9689.138,0,684.363,4052,7487,2.300,1.780,1.020,5,2,15.008,0,0,11,38,0,12,0
02-03 17:10:05,6.991,3.246,46.692,39.950,0,1664900,658804,175804,5427260,8296.626,485.393,0,13547.061,0,862.921,5813,10762,2.600,1.850,1.050,3,3,11.985,0,0,11,38,0,12,0
02-03 17:10:06,6.761,3.506,46.326,40.066,0,1662080,659780,175932,5428932,8655.212,540.888,0,13125.553,0,869.428,5405,9931,2.600,1.850,1.050,2,1,12.020,0,0,11,38,0,12,0
02-03 17:10:07,9.217,3.737,53.806,31.138,0,1660656,660140,176044,5429864,3695.690,538.062,0,12797.907,0,849.939,5437,9638,2.600,1.850,1.050,1,2,14.946,0,0,11,38,0,10,0
02-03 17:10:08,4.764,3.009,52.158,37.363,0,1658960,660908,176148,5430660,7218.919,541.645,0,13216.128,0,942.863,5196,9284,2.600,1.850,1.050,0,2,12.037,0,0,11,38,0,10,0
02-03 17:10:09,7.499,2.250,53.492,34.245,0,1657392,661440,176232,5431584,5646.155,539.919,0,6870.972,0,534.920,4944,8672,2.600,1.850,1.050,0,1,5.999,0,0,11,38,0,10,0
02-03 17:10:10,14.978,6.491,44.435,31.953,0,1599596,718188,176324,5432484,7430.141,539.212,0,11287.503,0,769.875,5769,9361,2.790,1.900,1.070,5,2,59.912,0,0,11,36,0,10,0
02-03 17:10:11,22.538,4.257,41.069,30.301,0,1655684,661024,176416,5433400,7803.147,2895.879,0,10345.431,0,665.121,5218,8405,2.790,1.900,1.070,0,3,10.017,0,0,11,37,0,10,0
02-03 17:10:12,19.248,4.500,39.246,35.497,0,1654748,661024,176472,5434252,10491.003,6621.371,0,12342.827,0,832.921,7126,11552,2.790,1.900,1.070,0,2,14.999,0,0,11,39,0,8,0
02-03 17:10:13,23.010,8.253,34.514,32.514,0,1684772,629964,176516,5435172,7842.285,1319.553,0,11816.950,0,716.300,5764,8445,2.790,1.900,1.070,3,4,77.032,0,0,11,38,0,9,0
02-03 17:10:14,22.454,4.491,43.910,26.945,0,1698060,615144,176572,5436608,16290.474,7363.845,0,8498.510,0,652.657,6123,9883,2.790,1.900,1.070,7,1,14.969,0,0,11,39,0,9,0
02-03 17:10:15,17.303,4.012,46.391,30.091,0.251,1691504,620484,176616,5437772,15956.475,8473.743,0,13063.687,0,936.846,8192,13612,3.050,1.970,1.090,2,3,8.024,0,0,11,39,0,9,0
02-03 17:10:16,22.242,6.998,39.736,28.740,0,1655844,654264,176684,5439512,12246.817,5372.165,0,10436.436,0,784.732,7767,12118,3.050,1.970,1.090,2,0,47.984,0,0,11,38,0,9,0
02-03 17:10:17,20.476,3.995,44.447,28.716,0.250,1670036,638832,176720,5440664,10801.079,5607.292,0,11106.714,0,730.127,5686,9089,3.050,1.970,1.090,1,1,8.989,0,0,11,39,0,9,0
02-03 17:10:18,19.530,4.257,39.561,33.802,0.250,1665124,642480,176760,5441860,15661.151,7629.766,0,12823.776,0,863.331,8100,13664,3.050,1.970,1.090,5,0,12.019,0,0,11,39,0,9,0
02-03 17:10:19,19.235,5.995,45.214,27.228,0,1632760,674084,176792,5442564,15316.763,8678.067,0,11334.944,0,727.419,7619,11951,3.050,1.970,1.090,3,2,64.948,0,0,11,38,0,10,0
02-03 17:10:20,28.454,6.240,34.944,28.454,0,1705400,600204,176824,5443728,5303.497,485.222,0,10179.678,0,711.859,5917,9539,3.120,2.010,1.110,3,1,11.981,0,0,11,38,0,10,0
02-03 17:10:21,21.528,4.506,43.557,29.038,0,1696212,608084,176856,5444972,22472.560,11453.065,0,7906.400,0,588.774,6959,11480,3.120,2.010,1.110,6,0,4.005,0,0,11,39,0,10,0
02-03 17:10:22,20.967,3.494,41.434,31.200,0,1688280,614232,176908,5446656,15252.732,9128.476,0,14468.979,0,888.586,9344,15791,3.120,2.010,1.110,3,4,2.995,0,0,11,38,0,10,0
02-03 17:10:23,28.563,6.458,30.798,32.289,0,1660044,641464,176924,5447616,7157.130,536.487,0,12680.956,0,820.626,6019,9056,3.120,2.010,1.110,5,0,41.727,0,0,11,38,0,10,0
02-03 17:10:24,19.143,3.526,43.826,30.225,0,1663748,636572,176992,5448680,14560.471,8786.456,0,12682.480,0,826.155,6658,10988,3.120,2.010,1.110,0,1,6.045,0,0,11,39,0,10,0
02-03 17:10:25,28.755,5.251,39.256,27.254,0,1559092,740468,177112,5449296,17102.716,9637.531,0,9209.463,0,704.112,7737,11832,3.190,2.040,1.130,7,2,15.002,0,0,11,37,0,10,0
02-03 17:10:26,31.952,20.719,26.710,18.722,0,1521396,776904,177252,5450796,8115.863,3370.959,371.445,9589.659,5.991,679.983,10243,14732,3.190,2.040,1.130,3,1,433.352,0,0,11,36,0,11,0
02-03 17:10:27,30.294,13.269,31.295,23.534,0,1574920,722168,177348,5451408,9885.359,6213.025,1782.589,10075.635,31.045,656.954,7416,11366,3.190,2.040,1.130,2,2,141.205,0,0,11,37,0,11,0
02-03 17:10:28,21.750,7.500,39.250,29.750,0,1574664,721460,177432,5452264,8240.077,3600.034,0,12608.118,0,754.007,6969,10795,3.190,2.040,1.130,1,1,80.001,0,0,11,36,0,12,0
02-03 17:10:29,16.498,3.250,52.494,25.497,0,1606856,688280,177484,5453176,11599.731,3264.643,0,5195.432,0,444.951,4829,8002,3.190,2.040,1.130,1,0,5.999,0,0,11,37,0,12,0
02-03 17:10:30,18.958,6.985,44.153,27.939,0,1586860,707312,177544,5454056,10991.832,4888.252,0,10013.982,0,702.456,6272,9330,3.420,2.110,1.150,3,1,59.868,0,0,11,36,0,13,0
02-03 17:10:31,22.061,4.262,41.614,30.083,0,1642136,651060,177604,5454912,10142.851,2898.960,0,9453.959,0,722.985,5004,7603,3.420,2.110,1.150,0,1,1.003,0,0,11,37,0,13,0
02-03 17:10:32,21.675,3.986,45.343,26.658,0,1628444,663300,177648,5456288,17162.683,8632.166,0,8713.884,0,629.823,6743,10839,3.420,2.110,1.150,3,1,2.990,0,0,11,36,0,14,0
02-03 17:10:33,28.847,8.027,33.613,28.345,0,1590596,700356,177764,5456940,9175.724,541.814,0,11390.139,0,739.476,6722,20582,3.420,2.110,1.150,1,3,80.269,0,0,11,36,0,15,0
02-03 17:10:34,18.496,3.249,54.489,21.746,0,1583952,705616,177820,5458176,15308.963,10369.943,0,6998.612,0,588.883,6341,10293,3.420,2.110,1.150,0,1,5.999,0,0,11,37,0,15,0
02-03 17:10:35,9.999,6.249,53.245,28.497,0,1561840,727192,177868,5458628,5694.445,1519.852,0,12186.813,0,515.950,4867,7100,3.470,2.140,1.170,1,2,65.994,0,0,11,36,0,16,0
02-03 17:10:36,4.250,2.000,66.498,24.499,0,1546668,741072,177916,5459840,3049.915,485.986,0,5951.834,0,501.986,3812,7181,3.470,2.140,1.170,0,2,3.000,0,0,11,36,0,15,0
02-03 17:10:37,3.752,2.502,59.037,31.270,0,1533376,753456,177968,5460676,10928.870,540.340,0,10770.770,0,743.467,4675,8459,3.470,2.140,1.170,0,1,0,0,0,11,36,0,15,0
02-03 17:10:38,4.503,3.252,56.043,33.025,0,1521920,763752,178016,5461744,5286.029,540.412,0,15900.120,0,1011.771,5326,9975,3.470,2.140,1.170,0,1,0,0,0,11,36,0,15,0
02-03 17:10:39,4.721,1.739,63.609,26.090,0,1512056,772460,178036,5462848,8480.850,536.700,0,6575.566,0,576.455,4426,8147,3.470,2.140,1.170,2,2,8.945,0,0,11,36,0,15,0
02-03 17:10:40,3.768,3.266,61.291,28.887,0,1503796,779936,178064,5463564,5200.723,542.579,0,10152.262,0,789.754,4531,8107,3.350,2.130,1.170,0,1,9.043,0,0,11,36,0,15,0
02-03 17:10:41,4.252,3.252,58.531,31.267,0,1497312,785248,178080,5464692,8595.613,540.290,0,12006.443,0,774.416,5273,9530,3.350,2.130,1.170,2,1,10.005,0,0,11,36,0,15,0
02-03 17:10:42,5.748,2.499,63.723,25.989,0,1491140,790396,178092,5465680,8550.427,539.774,0,8392.493,0,671.719,4703,8553,3.350,2.130,1.170,0,1,2.999,0,0,11,36,0,15,0
02-03 17:10:43,3.749,2.500,59.740,29.745,0,1487608,793572,178116,5466000,4218.263,539.906,0,11785.941,0,800.860,5764,11085,3.350,2.130,1.170,0,2,5.999,0,0,11,36,0,15,0
02-03 17:10:44,6.001,3.001,48.510,39.508,0,1485024,795920,178124,5466220,8883.789,486.098,0,14242.868,0,900.181,5480,9807,3.350,2.130,1.170,0,1,9.002,0,0,11,36,0,15,0
02-03 17:10:45,5.749,2.000,62.987,26.495,0,1481452,799328,178148,5466324,7103.570,539.891,0,7794.431,0,648.869,4625,8513,3.400,2.170,1.190,1,1,11.998,0,0,11,36,0,15,0
02-03 17:10:46,5.250,3.000,57.504,31.002,0,1478464,801988,178172,5466612,4889.328,540.036,0,11148.749,0,860.058,4353,7628,3.400,2.170,1.190,0,2,15.001,0,0,11,36,0,15,0
02-03 17:10:47,5.000,2.500,63.005,27.002,0,1476368,803504,178200,5467148,9270.801,540.047,0,10532.910,0,812.070,4970,9171,3.400,2.170,1.190,0,1,6.001,0,0,11,36,0,15,0
02-03 17:10:48,4.750,2.750,57.750,31.750,0,1475012,804132,178228,5467832,7583.036,540.003,0,12296.058,0,840.004,5138,9342,3.400,2.170,1.190,0,1,9.000,0,0,11,36,0,15,0
02-03 17:10:49,5.981,2.991,64.047,24.423,0,1473008,805304,178276,5468596,7987.671,538.293,0,10048.137,0,804.449,5317,9504,3.400,2.170,1.190,2,3,8.972,0,0,11,36,0,15,0
02-03 17:10:50,4.017,2.260,63.519,27.366,0,1471680,806244,178348,5468904,7443.508,542.296,0,10717.367,0,786.329,4498,8315,3.450,2.200,1.200,1,0,9.038,0,0,11,36,0,15,0
02-03 17:10:51,5.481,3.239,60.294,28.154,0,1471172,805992,178440,5469548,5420.489,484.346,0,8506.949,0,687.652,4896,8726,3.450,2.200,1.200,2,2,12.956,0,0,11,36,0,15,0
02-03 17:10:52,5.513,2.255,58.643,30.825,0,1470892,806244,178516,5469492,8447.583,541.319,0,12338.063,0,797.944,4568,8208,3.450,2.200,1.200,2,2,3.007,0,0,11,36,0,15,0
02-03 17:10:53,6.499,2.750,63.742,23.497,0,1471452,805992,178560,5469140,5285.377,539.936,0,9198.915,0,944.889,6134,11429,3.450,2.200,1.200,1,2,3.000,0,0,11,36,0,15,0
02-03 17:10:54,5.500,3.250,56.253,32.252,0,1472664,805992,178624,5467864,3412.196,540.031,0,12820.735,0,906.052,5893,10870,3.450,2.200,1.200,2,1,0,0,0,11,36,0,15,0
02-03 17:10:55,6.752,2.751,58.263,30.007,0,1472068,806244,178676,5468156,8770.961,540.121,0,13551.030,0,948.212,5180,9239,3.730,2.280,1.230,1,0,3.001,0,0,11,36,0,15,0
02-03 17:10:56,7.971,2.740,63.770,23.166,0.249,1471884,805992,178728,5468540,6627.094,538.059,0,6560.335,0,599.836,4662,8012,3.730,2.280,1.230,2,1,5.978,0,0,11,36,0,15,0
02-03 17:10:57,7.274,2.007,61.953,25.584,0,1471848,805488,178776,5469032,8412.500,541.771,0,7949.988,0,653.135,4693,8457,3.730,2.280,1.230,0,1,9.030,0,0,11,36,0,15,0
02-03 17:10:58,5.000,3.250,57.752,30.501,0,1471676,805488,178812,5469168,7016.231,540.018,0,14724.485,0,1024.034,6393,11989,3.730,2.280,1.230,1,3,9.000,0,0,11,36,0,15,0
02-03 17:10:59,5.006,2.002,64.329,26.032,0,1471128,805488,178852,5469672,3637.485,540.667,0,8935.018,0,726.896,4767,8625,3.730,2.280,1.230,0,1,6.007,0,0,11,36,0,15,0
02-03 17:11:00,4.751,2.750,62.510,27.004,0,1471176,805236,178872,5469848,9381.549,486.080,0,10729.772,0,767.127,4560,8204,3.920,2.340,1.260,0,1,6.001,0,0,11,36,0,15,0
02-03 17:11:01,5.994,2.248,62.435,26.972,0,1471028,804984,178916,5470192,7883.813,539.440,0,7276.444,0,591.386,4398,7768,3.920,2.340,1.260,2,1,6.993,0,0,11,36,0,9,0
02-03 17:11:02,5.747,2.748,61.966,26.735,0,1471892,804984,178936,5469308,7403.959,539.705,0,10210.427,0,800.563,5003,9082,3.920,2.340,1.260,0,2,2.998,0,0,11,38,0,9,0
02-03 17:11:03,4.999,2.750,55.992,33.745,0,1472048,804984,178952,5469144,5328.218,539.921,0,9030.674,0,693.898,4586,8145,3.920,2.340,1.260,1,1,5.999,0,0,11,38,0,9,0
02-03 17:11:04,6.003,3.502,63.783,25.263,0,1471544,804984,178976,5469620,8018.134,540.279,0,9753.028,0,804.415,5201,9526,3.920,2.340,1.260,1,3,3.002,0,0,11,38,0,9,0
02-03 17:11:05,5.000,2.250,59.748,30.249,0,1471228,804984,178988,5469924,7557.735,539.981,0,8991.685,0,666.977,4342,7783,3.920,2.370,1.280,0,1,6.000,0,0,11,38,0,8,0
02-03 17:11:06,5.997,2.998,57.218,29.983,0,1471116,804984,179016,5470008,4084.695,539.695,0,15655.166,0,1033.417,5119,9546,3.920,2.370,1.280,0,1,2.998,0,0,11,38,0,8,0
02-03 17:11:07,5.752,3.001,59.773,29.261,0,1470396,804984,179024,5470704,5703.166,486.185,0,12604.786,0,900.342,5332,9686,3.920,2.370,1.280,1,0,9.003,0,0,11,38,0,8,0
02-03 17:11:08,8.716,2.739,62.260,23.908,0,1469992,805236,179036,5470836,7382.510,537.924,0,7662.430,0,674.397,5112,8942,3.920,2.370,1.280,1,1,11.954,0,0,11,38,0,8,0
02-03 17:11:09,10.042,2.008,59.250,26.110,0,1469924,804732,179052,5471380,7618.104,542.285,0,9873.609,0,687.899,5383,9724,3.920,2.370,1.280,0,1,6.025,0,0,11,38,0,8,0
02-03 17:11:10,5.999,2.750,65.239,23.246,0,1469612,804732,179052,5471692,8437.641,539.913,0,5227.158,0,488.921,4339,7584,3.770,2.360,1.280,0,1,8.999,0,0,11,38,0,8,0
02-03 17:11:11,7.263,2.504,60.106,27.549,0,1469784,804228,179072,5471988,8533.112,583.033,0,11865.013,0,779.380,4485,7667,3.770,2.360,1.280,0,2,7.012,0,0,11,38,0,8,0
02-03 17:11:12,8.950,2.983,64.638,20.137,0,1469584,803724,179076,5472672,8067.819,536.993,0,5974.542,0,679.196,5956,10418,3.770,2.360,1.280,1,1,14.916,0,0,11,38,0,8,0
02-03 17:11:13,5.018,2.509,57.460,32.118,0,1469192,803724,179096,5473036,5678.803,541.985,0,11835.357,0,819.000,4637,8489,3.770,2.360,1.280,0,1,9.033,0,0,11,38,0,7,0
02-03 17:11:14,4.499,2.750,60.739,28.495,0,1468448,803976,179136,5473472,7088.725,485.913,0,12025.837,0,879.842,5528,10143,3.770,2.360,1.280,3,1,8.998,0,0,11,38,0,7,0
02-03 17:11:15,6.752,2.501,59.768,28.759,0,1468548,803220,179184,5474060,3992.206,540.163,0,10647.217,0,866.262,5551,9899,3.630,2.350,1.280,0,2,15.005,0,0,11,38,0,7,0
02-03 17:11:16,6.249,2.250,59.744,28.747,0,1468136,803220,179244,5474400,7176.251,633.934,0,10822.870,0,764.920,4560,8149,3.630,2.350,1.280,4,2,0,0,0,11,38,0,7,0
02-03 17:11:17,4.749,2.250,62.242,27.996,0,1468392,802568,179268,5474764,7202.029,539.927,0,8898.801,0,721.903,4618,8340,3.630,2.350,1.280,0,1,5.999,0,0,11,38,0,7,0
02-03 17:11:18,5.748,2.999,64.475,24.491,0,1467992,802316,179280,5475392,9347.399,539.792,0,9472.351,0,747.712,4955,8822,3.630,2.350,1.280,2,1,5.998,0,0,11,38,0,7,0
02-03 17:11:19,3.735,2.241,60.758,30.379,0,1468092,801812,179288,5475776,7058.859,537.856,0,8466.249,0,613.554,4070,7321,3.630,2.350,1.280,1,1,5.976,0,0,11,38,0,7,0
02-03 17:11:20,6.277,2.260,62.766,26.362,0,1467784,801812,179304,5476040,8055.108,542.296,0,8130.427,0,662.807,4697,8297,3.580,2.360,1.290,2,1,12.051,0,0,11,38,0,7,0
02-03 17:11:21,4.750,3.000,57.747,31.498,0,1467280,801560,179336,5476736,7345.644,539.974,0,14259.310,0,963.953,5430,9869,3.580,2.360,1.290,0,1,12.999,0,0,11,38,0,6,0
02-03 17:11:22,4.500,2.750,63.252,26.751,0,1467116,801308,179368,5477100,4278.141,486.016,0,7364.242,0,616.020,4697,8537,3.580,2.360,1.290,0,2,6.000,0,0,11,38,0,6,0
02-03 17:11:23,5.749,3.250,59.743,28.246,0,1466732,801056,179396,5477696,8920.882,539.932,0,12114.482,0,898.887,5612,10182,3.580,2.360,1.290,0,1,5.999,0,0,11,38,0,6,0
02-03 17:11:24,4.999,2.499,62.487,27.994,0,1466784,800552,179432,5478100,7934.388,539.890,0,7130.552,0,642.869,4720,8553,3.580,2.360,1.290,4,0,8.998,0,0,11,38,0,6,0
02-03 17:11:25,4.502,3.002,56.781,33.268,0,1466576,800552,179436,5478300,4476.446,540.295,0,14091.700,0,901.493,5109,9257,3.530,2.380,1.300,1,2,6.003,0,0,11,38,0,6,0
02-03 17:11:26,4.251,3.251,62.014,28.256,0,1466516,800300,179444,5478596,8012.777,540.120,0,7669.701,0,654.145,4576,8248,3.530,2.380,1.300,1,1,6.001,0,0,11,38,0,6,0
02-03 17:11:27,4.249,2.499,61.981,27.991,0,1466580,800048,179452,5478764,8304.413,539.832,0,8249.430,0,650.797,4702,8448,3.530,2.380,1.300,0,1,8.997,0,0,11,38,0,6,0
02-03 17:11:28,4.251,2.000,60.510,31.005,0,1466824,799380,179468,5479164,7438.277,540.093,0,8825.515,0,686.118,4840,9023,3.530,2.380,1.300,0,1,3.001,0,0,11,38,0,6,0
02-03 17:11:29,5.731,2.492,62.545,25.915,0,1466448,799128,179484,5479760,9356.406,484.416,0,7850.331,0,677.784,4871,8442,3.530,2.380,1.300,3,1,26.912,0,0,11,38,0,4,0
02-03 17:11:30,5.015,2.508,61.436,28.085,0,1466132,799128,179492,5480060,3917.859,541.639,0,12770.656,0,862.611,4767,8654,3.410,2.370,1.310,0,1,18.055,0,0,11,38,0,4,0
02-03 17:11:31,5.259,3.005,61.861,27.800,0,1466276,798372,179504,5480632,7199.949,540.973,0,9272.677,0,661.189,4480,7893,3.410,2.370,1.310,0,1,10.018,0,0,11,38,0,4,0
02-03 17:11:32,5.490,2.246,64.883,25.454,0,1465940,798372,179504,5480960,9088.672,539.032,0,6739.892,0,556.999,4169,7380,3.410,2.370,1.310,0,3,11.978,0,0,11,38,0,4,0
02-03 17:11:33,8.747,4.248,52.730,31.738,0,1468004,796076,179508,5481180,6289.642,539.798,0,9740.348,0,675.747,5945,17534,3.410,2.370,1.310,0,2,41.984,0,0,11,38,0,2,0
02-03 17:11:34,5.253,2.752,54.032,35.521,0,1467536,796200,179512,5481508,8983.368,540.323,0,10554.307,0,725.433,4593,8056,3.410,2.370,1.310,1,0,12.007,0,0,11,38,0,2,0
02-03 17:11:35,5.250,2.250,64.747,25.249,0,1467096,795976,179516,5482120,7246.719,539.979,0,6311.755,0,605.977,4413,7979,3.370,2.380,1.320,0,3,12.000,0,0,11,38,0,2,0
02-03 17:11:36,4.001,2.500,56.759,34.255,0,1466996,795976,179524,5482208,10133.534,540.082,0,12397.877,0,830.126,4527,8188,3.370,2.380,1.320,0,3,6.001,0,0,11,38,0,2,0
02-03 17:11:37,6.000,2.500,61.999,26.749,0,1467340,794288,179528,5483508,6142.863,485.989,0,6343.859,0,553.988,4597,8051,3.370,2.380,1.320,0,5,15.000,0,0,11,38,0,2,0
02-03 17:11:38,3.506,2.755,59.850,31.052,0,1466820,794460,179536,5483844,4761.934,540.901,0,14187.639,0,921.535,4550,8497,3.370,2.380,1.320,0,3,0,0,0,11,38,0,1,0
02-03 17:11:39,6.988,2.496,65.389,22.961,0,1467756,793088,179540,5484268,7371.451,539.082,0,5734.238,0,511.130,4437,7813,3.370,2.380,1.320,1,1,8.985,0,0,11,38,0,1,0
02-03 17:11:40,5.001,2.250,58.258,30.754,0,1467660,793088,179548,5484348,7477.040,540.075,0,12233.701,0,913.127,5083,9140,3.500,2.420,1.340,0,2,3.000,0,0,11,38,0,1,0
02-03 17:11:41,8.500,2.750,62.497,23.499,0,1468096,791828,179564,5485140,8166.626,539.975,0,6459.704,0,640.971,5305,9099,3.500,2.420,1.340,1,1,10.000,0,0,11,38,0,1,0
02-03 17:11:42,4.748,2.499,57.978,31.738,0,1468640,791828,179580,5484572,7978.943,539.793,0,11603.554,0,837.679,5285,9667,3.500,2.420,1.340,1,3,2.999,0,0,11,38,0,1,0
02-03 17:11:43,4.248,2.999,59.227,30.738,0,1469020,792420,179588,5483584,10310.029,581.776,0,12451.204,0,859.669,4892,8857,3.500,2.420,1.340,1,2,0,0,0,11,38,0,1,0
02-03 17:11:44,5.749,2.500,65.490,23.496,0,1469324,793692,179592,5482000,8115.710,485.923,0,5311.156,0,617.902,4762,8456,3.500,2.420,1.340,0,1,0,0,0,11,38,0,1,0
02-03 17:11:45,5.755,2.752,53.294,35.279,0,1470576,793692,179604,5480732,5003.151,540.448,0,13295.032,0,987.820,5425,9956,3.460,2.430,1.340,3,1,0,0,0,11,38,0,1,0
02-03 17:11:46,5.497,3.498,56.217,31.731,0,1463036,802580,179616,5479344,5795.558,539.680,0,10129.984,0,772.541,5922,10540,3.460,2.430,1.340,2,0,5.996,0,0,11,38,0,1,0
02-03 17:11:47,4.503,2.251,65.040,25.265,0,1463236,802308,179624,5479412,9125.587,540.331,0,6724.117,0,515.315,4006,7031,3.460,2.430,1.340,0,1,3.002,0,0,11,38,0,1,0
02-03 17:11:48,5.231,2.989,59.288,30.890,0,1463024,802308,179628,5479620,9763.097,538.076,0,11447.077,0,734.375,4168,7438,3.460,2.430,1.340,2,2,2.989,0,0,11,38,0,1,0
02-03 17:11:49,6.022,2.258,64.986,24.589,0,1462284,802768,179640,5479888,8521.963,541.969,0,7579.539,0,637.316,4702,8144,3.460,2.430,1.340,0,2,12.044,0,0,11,38,0,1,0
02-03 17:11:50,5.250,2.750,60.249,29.000,0,1463336,801508,179644,5480088,7862.901,539.993,0,10235.871,0,801.990,5390,9890,3.510,2.460,1.360,0,1,9.000,0,0,11,38,0,1,0
02-03 17:11:51,4.994,2.497,62.173,26.967,0,1463544,801004,179652,5480376,7403.887,485.403,0,9064.842,0,754.072,4648,8367,3.510,2.460,1.360,1,1,9.988,0,0,11,38,0,1,0
02-03 17:11:52,12.272,3.757,51.092,30.555,0,1331040,933804,179656,5480076,7704.919,540.977,0,11168.175,0,776.403,4969,8327,3.510,2.460,1.360,2,2,22.040,0,0,11,32,0,2,0
02-03 17:11:53,9.023,20.803,62.909,6.516,0,1339428,925268,179656,5480268,4742.974,541.367,0,3504.848,0,175.443,6423,5616,3.510,2.460,1.360,1,0,549.387,0,0,11,32,0,2,0
02-03 17:11:54,44.461,16.735,34.969,2.997,0,1446476,818012,179668,5480464,4705.874,539.527,0,1670.535,0,103.909,5884,4915,3.510,2.460,1.360,4,0,376.670,0,0,11,32,0,8,0
02-03 17:11:55,61.242,7.249,22.747,7.999,0,1652684,609760,179744,5482300,7130.045,539.928,0,3639.513,0,213.971,3951,2206,3.470,2.470,1.370,4,1,2.000,0,0,11,32,0,8,0
02-03 17:11:56,65.284,5.482,22.675,5.482,0,1773972,484012,179896,5486144,5043.288,538.217,0,7212.102,0,210.303,4306,2305,3.470,2.470,1.370,4,1,5.980,0,0,11,38,0,8,0
02-03 17:11:57,10.510,2.753,50.300,34.034,0.250,1776680,479224,179924,5488080,8322.309,540.540,0,9929.914,0,714.714,5393,9048,3.470,2.470,1.370,6,0,27.027,0,0,11,38,0,8,0
02-03 17:11:58,12.704,2.989,49.322,32.134,0,1775432,478468,179944,5489996,6598.213,538.060,0,13096.786,0,906.731,7129,12562,3.470,2.470,1.370,1,3,44.838,0,0,11,38,0,8,0
02-03 17:11:59,8.011,3.004,51.572,35.049,0,1773944,478468,179948,5491440,7156.977,486.678,0,10843.116,0,692.966,5659,10172,3.470,2.470,1.370,4,1,12.017,0,0,11,38,0,8,0
02-03 17:12:00,7.790,2.513,48.749,38.195,0,1772652,478216,179948,5492944,8095.421,542.777,0,10099.676,0,683.497,5582,9863,3.510,2.500,1.380,1,2,21.108,0,0,11,38,0,8,0
02-03 17:12:01,5.977,2.739,49.058,38.848,0,1772072,477712,179968,5493980,3373.830,537.900,0,13037.108,0,842.710,5746,10652,3.510,2.500,1.380,2,1,18.926,0,0,11,38,0,8,0
02-03 17:12:02,8.258,3.253,44.795,40.541,0,1772188,476452,179980,5495072,7058.162,540.549,0,13501.701,0,929.944,6023,10814,3.510,2.500,1.380,0,2,27.027,0,0,11,38,0,8,0
02-03 17:12:03,8.000,3.250,52.250,33.750,0,1771776,475948,179984,5495956,6272.978,539.998,0,12347.957,0,830.997,5203,9124,3.510,2.500,1.380,2,5,24.000,0,0,11,38,0,8,0
02-03 17:12:04,7.019,3.008,50.639,36.099,0,1770780,475696,179984,5497176,5246.393,541.486,0,14114.723,0,918.520,6623,12154,3.510,2.500,1.380,0,2,21.058,0,0,11,38,0,8,0
02-03 17:12:05,8.477,3.241,52.608,32.911,0.499,1770848,473932,179996,5498816,8197.829,538.544,0,8640.631,0,653.233,5394,9205,3.550,2.520,1.400,3,2,35.903,0,0,11,38,0,8,0
02-03 17:12:06,7.252,3.501,52.511,33.757,0,1770568,473176,180000,5499820,3690.797,540.117,0,13218.854,0,920.199,6399,11662,3.550,2.520,1.400,0,4,24.005,0,0,11,38,0,8,0
02-03 17:12:07,6.250,3.250,53.747,34.748,0,1770440,472420,180008,5500672,9115.450,485.971,0,12407.251,0,807.951,5649,10212,3.550,2.520,1.400,0,1,8.999,0,0,11,38,0,8,0
02-03 17:12:08,5.999,2.500,53.993,34.495,0,1770188,471664,180024,5501636,9545.723,539.928,0,12006.393,0,788.894,5478,10107,3.550,2.520,1.400,1,1,14.998,0,0,11,38,0,8,0
02-03 17:12:09,7.250,3.250,49.249,36.749,0,1770704,470152,180040,5502588,3497.948,539.992,0,12807.808,0,861.987,5492,9918,3.550,2.520,1.400,1,1,27.000,0,0,11,38,0,8,0
02-03 17:12:10,10.208,2.988,49.794,34.358,0,1770676,468388,180048,5504292,7477.997,579.597,0,9648.001,0,745.908,5965,10160,3.580,2.550,1.410,0,2,38.839,0,0,11,38,0,8,0
02-03 17:12:11,6.784,3.769,53.266,34.170,0,1770236,467884,180056,5505196,6847.145,542.706,0,12836.010,0,870.340,6533,11557,3.580,2.550,1.410,1,5,31.155,0,0,11,38,0,8,0
02-03 17:12:12,6.245,2.998,49.212,37.971,0,1770260,466876,180072,5506144,8025.873,539.588,0,13313.835,0,890.320,6398,11710,3.580,2.550,1.410,0,3,20.984,0,0,11,38,0,8,0
02-03 17:12:13,7.000,3.250,50.753,36.252,0,1770308,465616,180084,5507308,5323.325,540.033,0,13488.824,0,854.052,5725,10357,3.580,2.550,1.410,0,3,15.001,0,0,11,38,0,8,0
02-03 17:12:14,5.749,3.250,54.245,34.247,0,1770652,464356,180096,5508184,7317.271,485.952,0,13434.661,0,921.908,5318,9286,3.580,2.550,1.410,1,3,14.999,0,0,11,38,0,8,0
02-03 17:12:15,6.500,3.000,53.749,32.749,0,1770356,463600,180104,5509180,5821.853,539.986,0,11971.697,0,841.979,5644,9915,3.620,2.570,1.430,2,1,20.999,0,0,11,38,0,8,0
02-03 17:12:16,5.249,3.250,58.242,31.246,0,1770324,462844,180116,5509912,3424.528,633.913,0,13654.116,0,851.882,5020,9247,3.620,2.570,1.430,0,3,8.999,0,0,11,38,0,8,0
02-03 17:12:17,5.751,3.251,54.514,34.009,0,1769772,462340,180116,5510880,3602.923,540.138,0,13199.380,0,866.222,5992,11187,3.620,2.570,1.430,0,1,9.002,0,0,11,38,0,8,0
02-03 17:12:18,5.754,2.752,57.286,31.520,0,1770048,461584,180132,5511312,7932.013,540.342,0,11847.488,0,840.531,5015,9050,3.620,2.570,1.430,1,1,24.015,0,0,11,38,0,8,0
02-03 17:12:19,5.488,2.495,50.145,38.669,0,1769888,460828,180132,5512204,7043.203,538.868,0,9172.729,0,669.593,4864,8819,3.620,2.570,1.430,3,2,8.981,0,0,11,38,0,8,0
02-03 17:12:20,4.512,2.507,55.897,33.337,0,1770112,460072,180140,5512712,8603.578,541.421,0,12544.921,0,850.231,4745,8514,3.650,2.590,1.440,1,1,15.039,0,0,11,38,0,8,0
02-03 17:12:21,7.706,3.231,47.975,39.275,0,1770672,459064,180148,5513132,7722.741,536.923,0,12265.705,0,816.322,5061,8748,3.650,2.590,1.440,2,1,15.909,0,0,11,38,0,8,0
02-03 17:12:22,26.042,6.260,37.310,28.796,0,1664880,563688,180160,5514260,7656.282,486.781,0,13509.673,0,901.446,6394,9787,3.650,2.590,1.440,3,1,90.145,0,0,11,36,0,8,0
02-03 17:12:23,29.005,4.501,36.256,27.504,0,1740444,486828,180172,5515512,7826.261,540.087,0,8013.291,0,575.093,5952,9843,3.650,2.590,1.440,3,4,37.006,0,0,11,36,0,8,0
02-03 17:12:24,24.338,6.022,39.894,28.854,0.251,1705952,520416,180180,5516388,3785.638,541.952,0,12167.837,0,870.135,7547,12215,3.650,2.590,1.440,0,2,98.354,0,0,11,36,0,8,0
02-03 17:12:25,4.997,2.748,47.467,41.971,0,1703160,522356,180180,5517216,7024.158,539.628,0,12995.043,0,867.402,4623,8253,3.680,2.620,1.450,0,2,11.992,0,0,11,36,0,8,0
02-03 17:12:26,5.743,3.246,55.683,33.210,0,1694424,530168,180184,5518108,10284.674,539.354,0,12381.162,0,786.058,5375,9560,3.680,2.620,1.450,2,0,14.982,0,0,11,36,0,8,0
02-03 17:12:27,8.259,2.753,54.810,30.283,0,1686596,535388,180212,5520624,6272.877,540.593,0,9586.509,0,727.798,5740,9739,3.680,2.620,1.450,1,0,39.043,0,0,11,36,0,8,0
02-03 17:12:28,6.251,3.501,52.261,35.757,0,1679032,541896,180216,5521652,8283.723,540.112,0,15675.261,0,919.191,5213,9137,3.680,2.620,1.450,1,3,9.002,0,0,11,36,0,8,0
02-03 17:12:29,3.999,1.999,49.733,40.736,0,1673264,546540,180220,5522696,7333.496,485.834,0,11368.118,0,725.752,4663,8541,3.680,2.620,1.450,0,2,2.999,0,0,11,36,0,8,0
02-03 17:12:30,5.750,3.250,52.254,35.253,0,1667168,551272,180228,5524020,8680.728,540.045,0,14313.201,0,897.075,5623,10063,3.620,2.620,1.460,0,4,9.001,0,0,11,36,0,8,0
02-03 17:12:31,6.999,3.000,52.246,36.747,0,1662484,554988,180240,5524952,5682.553,539.958,0,9003.292,0,641.950,4550,7777,3.620,2.620,1.460,1,2,24.998,0,0,11,36,0,8,0
02-03 17:12:32,6.250,3.250,56.004,31.752,0,1658560,558120,180248,5525708,5551.424,540.041,0,10648.813,0,736.056,5039,8925,3.620,2.620,1.460,1,2,18.001,0,0,11,36,0,8,0
02-03 17:12:33,10.000,5.500,49.251,32.751,0,1652168,563592,180268,5526552,8414.239,540.015,0,13264.376,0,881.025,6614,18650,3.620,2.620,1.460,1,0,51.001,0,0,11,36,0,9,0
02-03 17:12:34,11.750,3.000,52.498,29.749,0,1655780,559560,180276,5526952,6438.735,539.978,0,14455.405,0,923.962,5983,10398,3.620,2.620,1.460,0,2,0,0,0,11,36,0,9,0
02-03 17:12:35,4.498,2.998,55.470,34.481,0,1655004,559056,180276,5528204,6989.212,539.707,0,10722.189,0,664.640,4686,8619,3.570,2.630,1.470,1,2,0,0,0,11,36,0,8,0
02-03 17:12:36,5.752,1.750,58.266,31.009,0,1654520,558300,180280,5529404,9798.739,540.151,0,8598.403,0,585.164,4466,8078,3.570,2.630,1.470,0,1,0,0,0,11,36,0,8,0
02-03 17:12:37,6.001,3.001,51.010,38.008,0,1653560,557544,180280,5531028,8844.748,486.096,0,11882.348,0,769.152,4799,8619,3.570,2.630,1.470,0,1,0,0,0,11,36,0,8,0
02-03 17:12:38,5.001,2.250,54.257,34.754,0,1652188,557488,180284,5532400,8099.978,540.065,0,10045.213,0,665.080,4557,8328,3.570,2.630,1.470,3,1,0,0,0,11,36,0,8,0
02-03 17:12:39,3.752,3.252,56.027,34.517,0,1650048,558520,180284,5533452,6775.295,540.263,0,13046.344,0,792.385,4399,8228,3.570,2.630,1.470,0,2,0,0,0,11,36,0,8,0
02-03 17:12:40,4.748,2.749,53.730,36.736,0,1648492,558756,180292,5534696,5914.825,539.802,0,12755.311,0,746.725,4745,8826,3.610,2.650,1.480,6,1,0,0,0,11,36,0,8,0
02-03 17:12:41,6.751,2.500,55.007,31.754,0,1647432,557484,180300,5536944,8735.098,540.068,0,9349.175,0,685.086,5267,9383,3.610,2.650,1.480,1,3,1.000,0,0,11,36,0,8,0
02-03 17:12:42,4.003,3.002,51.290,39.531,0,1646584,557496,180300,5537756,6026.732,540.424,0,12133.528,0,739.581,4091,7445,3.610,2.650,1.480,0,3,0,0,0,11,36,0,8,0
02-03 17:12:43,5.502,2.751,51.765,37.511,0,1646752,555492,180308,5539524,7726.299,540.161,0,11051.288,0,767.228,4779,8595,3.610,2.650,1.480,2,2,0,0,0,11,36,0,8,0
02-03 17:12:44,4.495,2.497,46.196,43.949,0,1646000,555240,180312,5540496,7847.864,527.386,0,10587.675,0,671.219,4460,8071,3.610,2.650,1.480,0,2,0,0,0,11,36,0,8,0
02-03 17:12:45,5.496,3.498,50.217,37.725,0,1647364,552972,180312,5541376,9865.530,539.646,0,13115.398,0,867.431,5404,9599,3.480,2.640,1.490,0,1,11.992,0,0,11,36,0,8,0
02-03 17:12:46,6.517,3.760,52.886,34.840,0,1647896,552216,180316,5541548,7894.332,541.394,0,10743.670,0,722.862,5105,9086,3.480,2.640,1.490,0,2,9.023,0,0,11,36,0,8,0
02-03 17:12:47,3.992,2.246,60.380,30.689,0,1647944,551712,180316,5542020,6672.693,538.925,0,11189.685,0,806.392,4790,8733,3.480,2.640,1.490,2,0,8.982,0,0,11,36,0,8,0
02-03 17:12:48,4.748,2.749,56.974,32.485,0,1648296,551208,180316,5542160,4819.809,539.755,0,9507.678,0,728.669,4740,8449,3.480,2.640,1.490,1,1,8.996,0,0,11,36,0,8,0
02-03 17:12:49,4.252,2.501,58.524,31.263,0,1647836,551208,180316,5542608,7421.100,540.226,0,10608.431,0,812.339,4944,8906,3.480,2.640,1.490,1,1,12.005,0,0,11,36,0,8,0
02-03 17:12:50,5.000,3.250,59.995,29.747,0,1648072,550956,180316,5542624,7777.333,539.954,0,10571.093,0,746.936,5232,9457,3.280,2.610,1.480,0,2,11.999,0,0,11,36,0,8,0
02-03 17:12:51,6.016,2.005,53.138,35.342,0,1648468,550200,180316,5542964,8001.732,541.403,0,12343.982,0,763.979,4660,8204,3.280,2.610,1.480,0,2,10.026,0,0,11,36,0,8,0
02-03 17:12:52,7.481,2.743,49.374,37.654,0,1650856,547176,180320,5543568,7580.637,484.762,0,11027.831,0,807.936,5120,9037,3.280,2.610,1.480,0,2,5.985,0,0,11,36,0,8,0
02-03 17:12:53,6.750,3.000,53.498,34.749,0,1650212,546924,180324,5544448,6947.784,539.983,0,11743.635,0,786.976,4544,8061,3.280,2.610,1.480,2,2,12.000,0,0,11,36,0,8,0
02-03 17:12:54,6.250,2.250,59.253,29.752,0,1650572,546168,180328,5544828,7258.378,540.028,0,6584.342,0,560.029,4334,7480,3.280,2.610,1.480,1,1,18.001,0,0,11,36,0,8,0
02-03 17:12:55,6.499,3.000,52.996,34.747,0,1650704,545664,180336,5545184,3449.712,539.955,0,12758.936,0,861.928,4914,8804,3.260,2.620,1.490,0,1,11.999,0,0,11,36,0,1,0
02-03 17:12:56,6.252,3.251,49.515,38.761,0,1650236,545412,180344,5545880,4575.350,540.159,0,13139.878,0,844.249,5996,10959,3.260,2.620,1.490,0,3,15.004,0,0,11,36,0,1,0
02-03 17:12:57,25.782,3.504,51.314,18.523,0,1339200,856660,180348,5545660,7964.866,540.670,0,7321.068,0,492.610,4151,5543,3.260,2.620,1.490,4,0,42.052,0,0,11,32,0,1,0
02-03 17:12:58,16.735,10.241,68.437,3.247,0,1404124,791716,180348,5545692,5028.403,539.507,0,1710.436,0,103.905,3413,3015,3.260,2.620,1.490,1,0,211.806,0,0,11,32,0,1,0
02-03 17:12:59,22.757,3.001,71.771,1.500,0,1469868,725972,180348,5545692,6681.945,540.157,0,1416.412,0,87.025,2048,1800,3.260,2.620,1.490,1,0,1.000,0,0,11,32,0,1,0
02-03 17:13:00,22.022,4.755,66.316,7.257,0,1389220,806612,180348,5545700,6478.414,486.482,0,2662.636,0,175.173,2791,2537,3.080,2.590,1.490,2,0,28.028,0,0,11,32,0,1,0
02-03 17:13:01,22.214,2.995,71.633,1.248,0,1447684,748148,180348,5545700,7082.478,539.123,0,39.935,0,3.994,1903,1267,3.080,2.590,1.490,2,0,1.997,0,0,11,32,0,1,0
02-03 17:13:02,23.562,2.757,70.435,3.259,0,1489004,706820,180348,5545708,9390.641,541.421,0,457.200,0,45.118,2302,2140,3.080,2.590,1.490,1,0,2.005,0,0,11,34,0,1,0
02-03 17:13:03,13.502,34.756,50.008,0.250,0,1436828,758948,180352,5545752,4327.689,540.086,0,720.115,0,49.008,7961,7817,3.080,2.590,1.490,3,0,1145.182,0,0,11,32,0,1,0
02-03 17:13:04,8.251,22.003,66.008,3.000,0,1446684,748980,180352,5545844,7329.924,540.068,0,200.025,0,19.002,6226,4986,3.080,2.590,1.490,2,0,567.072,0,0,11,32,0,1,0
02-03 17:13:05,8.483,20.210,70.612,0.250,0,1418604,777008,180352,5545888,7316.673,538.945,0,179.648,0,12.975,5942,4618,2.910,2.570,1.490,2,0,415.187,0,0,11,32,0,1,0
02-03 17:13:06,9.518,18.284,65.872,5.009,0,1409160,786408,180352,5545916,4609.542,541.003,0,581.077,0,112.208,5617,4331,2.910,2.570,1.490,2,0,390.724,0,0,11,32,0,1,0
02-03 17:13:07,28.893,14.197,56.291,0,0,1450368,745140,180356,5546280,9456.829,537.999,0,3.985,0,0.996,6436,7229,2.910,2.570,1.490,4,0,264.018,0,0,11,33,0,1,0
02-03 17:13:08,42.035,8.507,48.790,0,0,1547752,647508,180360,5546632,8757.195,486.400,0,0,0,0,2799,1531,2.910,2.570,1.490,2,0,0,0,0,11,33,0,1,0
02-03 17:13:09,45.728,4.722,48.462,0.497,0,1626000,568948,180376,5546892,8331.457,536.808,103.385,413.541,0.994,21.870,3702,3003,2.910,2.570,1.490,5,0,17.894,0,0,11,49,0,1,0
02-03 17:13:10,32.704,10.817,54.338,1.258,0,1657468,533196,180428,5550740,4833.095,543.384,0,1513.424,0,137.858,5109,7937,2.760,2.540,1.480,3,0,155.971,0,0,11,48,0,1,0
02-03 17:13:11,18.488,15.240,64.209,1.499,0,1665640,524892,180432,5550796,3135.988,581.627,0,115.926,0,6.996,6927,8506,2.760,2.540,1.480,3,0,312.799,0,0,11,48,0,1,0
02-03 17:13:12,2.250,1.500,93.743,1.750,0,1663912,526608,180432,5550804,7464.443,539.960,0,171.987,0,20.998,1440,1995,2.760,2.540,1.480,0,0,28.998,0,0,11,48,0,1,0
02-03 17:13:13,0.500,1.000,97.514,0.500,0,1663912,526608,180432,5550804,5422.806,540.080,0,360.054,0,21.003,747,1077,2.760,2.540,1.480,0,0,3.000,0,0,11,48,0,1,0
02-03 17:13:14,0.250,0.750,96.751,1.000,0,1663916,526608,180432,5550804,4618.058,540.007,0,620.008,0,75.001,778,1048,2.760,2.540,1.480,0,0,3.000,0,0,11,48,0,1,0
02-03 17:13:15,0.750,0,98.506,0,0,1663916,526608,180432,5550804,7445.431,540.031,0,0,0,0,667,937,2.540,2.500,1.480,0,0,1.000,0,0,11,48,0,1,0
02-03 17:13:16,11.286,10.283,74.235,4.013,0,1603908,586612,180432,5550804,9053.677,581.843,0,3707.744,0,217.690,4302,5528,2.540,2.500,1.480,2,0,216.686,0,0,11,48,0,1,0
02-03 17:13:17,12.985,15.482,69.919,0,0,1660284,530212,180432,5550832,8122.644,539.379,0,3.995,0,0.999,5381,6842,2.540,2.500,1.480,2,0,332.617,0,0,12,48,0,1,0
02-03 17:13:18,17.216,16.218,65.122,0,0,1658232,532172,180432,5551320,5934.306,776.470,0,0,0,0,6453,8133,2.540,2.500,1.480,3,0,310.388,0,0,12,48,0,1,0
02-03 17:13:19,8.750,9.750,76.496,4.000,0,1653524,536800,180432,5551000,3202.850,539.975,0,463.978,0,42.998,3677,4002,2.540,2.500,1.480,1,0,194.991,0,0,12,64,0,1,0
02-03 17:13:20,15.266,14.015,69.573,0,0,1673096,517128,180432,5551404,7759.154,540.568,0,0,0,0,5933,7171,2.490,2.490,1.480,2,0,267.281,0,0,14,66,0,1,0
02-03 17:13:21,11.020,14.777,72.631,0,0,1670800,519404,180432,5551080,5799.476,583.053,0,24.043,0,5.009,5444,4931,2.490,2.490,1.480,1,0,394.713,0,0,14,66,0,2,0
02-03 17:13:22,13.215,19.448,66.073,0.499,0,1652852,537336,180432,5551472,7777.116,580.441,0,1495.983,0,128.655,6434,6205,2.490,2.490,1.480,1,0,406.907,0,0,14,66,0,2,0
02-03 17:13:23,25.306,19.794,54.370,0,0,1709228,480788,180440,5551260,4140.176,583.293,0,124.275,0,9.020,6587,7037,2.490,2.490,1.480,2,0,414.920,0,0,14,66,0,2,0
02-03 17:13:24,29.758,23.506,44.511,1.500,0,1794120,395412,180500,5551648,6787.732,486.124,0,468.119,0,7.002,7208,6339,2.490,2.490,1.480,2,0,732.187,0,0,14,66,0,2,0
02-03 17:13:25,31.963,25.221,42.201,0,0,1953720,234588,180520,5553156,9111.476,539.377,7.991,67.922,0.999,13.984,7899,10656,2.450,2.480,1.480,3,0,537.379,0,0,14,70,0,4,0
02-03 17:13:26,56.287,18.430,25.155,0,0,2026976,161116,180532,5553332,5350.797,537.969,0,0,0,0,5226,5789,2.450,2.480,1.480,5,0,367.612,0,0,14,70,0,4,0
02-03 17:13:27,62.979,21.829,14.553,0,0,2136088,130668,167452,5489540,4438.162,541.974,16.058,56.205,4.015,9.033,7184,9758,2.450,2.480,1.480,7,0,420.531,0,0,14,70,0,4,0
02-03 17:13:28,68.319,23.438,6.233,1.496,0,2248168,169136,164700,5345484,8344.889,628.335,4930.935,1432.205,213.434,98.738,6101,6049,2.450,2.480,1.480,7,0,507.655,0,0,14,70,0,4,0
02-03 17:13:29,74.435,17.734,2.748,5.495,0,2435212,138916,166608,5190152,8455.600,539.528,2921.443,2757.587,163.857,29.974,7269,8471,2.450,2.480,1.480,6,0,273.760,0,0,14,74,0,4,0
02-03 17:13:30,58.304,23.623,7.791,9.298,0,2580516,145116,166452,5042464,7923.255,542.826,8.042,8761.620,2.010,582.031,9462,13216,2.660,2.520,1.500,2,2,539.811,0,0,14,76,0,4,0
02-03 17:13:31,53.465,17.738,15.490,12.991,0,2657848,120340,166328,4991196,6227.912,539.646,1618.937,14054.775,58.961,299.803,9675,13696,2.660,2.520,1.500,5,1,271.822,0,0,14,79,0,4,0
02-03 17:13:32,53.969,7.461,25.865,11.689,0,2772712,147700,166436,4852256,10771.940,483.484,314.364,7409.439,12.933,320.333,6632,9607,2.660,2.520,1.500,5,1,1.990,0,0,14,79,0,4,0
02-03 17:13:33,76.952,21.124,2.263,0,0,2894988,162504,166448,4717792,8109.584,543.187,64.378,2023.875,9.053,101.596,8812,25341,2.660,2.520,1.500,5,0,436.562,0,0,14,88,0,13,0
02-03 17:13:34,35.882,22.925,38.125,1.744,0,2942156,179892,166460,4655188,3761.642,538.232,15.948,4999.575,3.987,85.718,10153,15330,2.660,2.520,1.500,2,0,516.304,0,0,14,97,0,17,0
02-03 17:13:35,33.736,12.995,46.730,6.247,0,3018640,165568,166464,4594276,5801.572,539.774,2454.973,1159.515,69.971,49.979,4915,4669,2.600,2.520,1.500,2,0,194.918,0,0,14,98,0,17,0
02-03 17:13:36,38.855,7.019,48.381,5.014,0,3101968,148944,166484,4528952,7790.047,541.463,24.065,1824.931,4.011,115.312,3666,3497,2.600,2.520,1.500,2,0,29.079,0,0,14,101,0,16,0
02-03 17:13:37,8.710,19.660,58.981,11.448,0,3121356,128732,166488,4529772,7470.932,537.549,0,9225.929,0,471.848,6702,5704,2.600,2.520,1.500,2,0,419.089,0,0,14,101,0,16,0
02-03 17:13:38,7.770,20.052,70.433,0,0,3107776,208364,166488,4465312,6794.674,631.643,4.010,224.584,1.003,14.037,5951,4676,2.600,2.520,1.500,2,0,390.014,0,0,14,101,0,16,0
02-03 17:13:39,16.741,10.245,62.217,9.995,0,3165184,150156,166488,4466112,5939.887,539.717,787.587,5409.165,36.981,263.862,3896,3603,2.600,2.520,1.500,1,0,151.920,0,0,14,101,0,16,0
02-03 17:13:40,19.004,2.000,77.266,0.500,0,3185776,129532,166492,4466140,14125.874,6862.396,24.005,124.025,4.001,14.003,2594,2634,2.470,2.490,1.500,2,0,0,0,0,14,104,0,16,0
02-03 17:13:41,19.422,6.723,72.956,0,0,3168084,147200,166492,4466164,24779.275,16700.787,0,266.926,0,14.940,2596,1897,2.470,2.490,1.500,3,0,63.743,0,0,14,103,0,17,0
02-03 17:13:42,16.311,2.007,78.542,2.509,0,3187456,127824,166492,4466168,11451.586,6843.449,0,1437.345,0,19.071,2057,2065,2.470,2.490,1.500,0,0,0,0,0,14,104,0,17,0
02-03 17:13:43,21.253,4.501,65.259,8.251,0,3191756,122644,166508,4467004,10470.465,802.112,692.097,8605.204,41.006,474.066,4164,5002,2.470,2.490,1.500,4,0,3.000,0,0,14,110,0,17,0
02-03 17:13:44,24.562,4.010,62.157,7.770,0,3205052,175328,166508,4403208,7615.198,1687.254,870.194,2903.319,41.104,363.917,5895,8577,2.470,2.490,1.500,2,0,9.023,0,0,14,118,0,18,1
02-03 17:13:45,28.680,8.978,57.111,4.738,0,3299528,144172,166512,4341100,6236.814,604.528,47.883,1093.338,4.988,75.815,3948,3814,2.360,2.460,1.500,2,0,110.730,0,0,14,118,0,19,0
02-03 17:13:46,19.919,3.486,73.203,3.237,0,3310848,132720,166512,4341232,14980.295,6907.010,19.919,868.481,1.992,59.758,2421,2309,2.360,2.460,1.500,2,0,7.968,0,0,14,123,0,19,0
02-03 17:13:47,16.066,3.012,72.297,6.276,0,3312036,131380,166512,4341380,10289.203,2654.890,112.461,976.003,6.025,95.391,3447,4559,2.360,2.460,1.500,3,0,0,0,0,14,123,0,19,0
02-03 17:13:48,39.620,11.284,47.394,1.505,0,3360908,145840,166516,4279420,10244.022,1751.303,8.024,1516.593,2.006,114.346,4888,4778,2.360,2.460,1.500,4,0,102.310,0,0,14,124,0,20,0
02-03 17:13:49,34.252,3.971,59.321,0.993,0,3431148,139008,166516,4217572,32592.272,22988.731,0,675.117,0,40.706,2969,2247,2.360,2.460,1.500,2,0,0,0,0,14,125,0,20,0
02-03 17:13:50,20.766,6.005,70.305,2.502,0,3429616,140528,166516,4217584,6251.892,792.620,0,2762.161,0,315.247,2687,1825,2.250,2.440,1.490,3,0,55.043,0,0,14,124,0,21,0
02-03 17:13:51,16.589,4.022,78.671,0.251,0,3367124,202996,166516,4217608,30947.682,23243.436,0,325.744,0,20.108,2316,1860,2.250,2.440,1.490,3,0,40.215,0,0,14,124,0,22,0
02-03 17:13:52,19.706,3.492,75.330,0,0,3426316,143668,166516,4217744,5542.524,2500.372,7.982,83.811,1.996,8.980,1897,1493,2.250,2.440,1.490,0,0,11.973,0,0,14,125,0,22,0
02-03 17:13:53,16.947,3.240,75.765,3.489,0,3404020,165888,166520,4217816,11775.487,6174.853,39.876,638.022,3.988,83.740,2922,3697,2.250,2.440,1.490,2,0,1.994,0,0,14,124,0,23,0
02-03 17:13:54,21.863,6.534,69.862,1.257,0,3471888,160192,166520,4157208,8602.545,542.811,40.208,655.394,4.021,44.229,3151,3010,2.250,2.440,1.490,2,0,88.458,0,0,14,126,0,23,0
02-03 17:13:55,21.209,4.990,71.612,0.250,0,3441884,190020,166520,4157384,27882.401,23032.724,115.777,738.580,7.985,55.893,6507,10893,2.150,2.420,1.490,2,0,78.848,0,0,14,132,0,29,0
02-03 17:13:56,19.743,2.999,76.723,0.500,0,3488252,143644,166520,4157392,8977.784,2505.103,0,479.828,0,28.990,1644,1309,2.150,2.420,1.490,3,0,0,0,0,14,133,0,29,0
02-03 17:13:57,17.498,4.249,69.490,6.499,0,3499304,132232,166520,4157752,12230.272,5213.263,139.980,1367.807,9.999,197.972,4606,6429,2.150,2.420,1.490,4,1,1.000,0,0,14,134,0,29,2
02-03 17:13:58,22.564,7.020,52.900,16.547,0,3420816,210492,166520,4157980,5739.309,1785.072,144.410,6835.424,9.026,441.254,6411,9747,2.150,2.420,1.490,1,1,54.154,0,0,14,133,0,31,2
02-03 17:13:59,19.200,2.244,77.050,0.249,0,3439344,191948,166520,4157996,12608.226,6234.793,0,570.517,0,30.920,1862,1526,2.150,2.420,1.490,2,0,0,0,0,14,134,0,31,2
02-03 17:14:00,19.315,4.264,72.744,3.512,0,3441460,189680,166520,4158148,11731.329,4877.351,112.377,1420.763,7.024,106.357,4478,6305,2.140,2.410,1.490,2,0,0,0,0,14,134,0,31,2
02-03 17:14:01,34.208,4.994,56.681,1.498,0,3447588,183392,166520,4158308,7696.642,1404.293,0,1494.183,0,155.811,10594,17979,2.140,2.410,1.490,2,0,0.999,0,0,14,137,0,32,2
02-03 17:14:02,22.215,6.240,69.141,1.747,0,3461956,168968,166520,4158364,5605.176,539.151,0,567.107,0,33.947,2756,2378,2.140,2.410,1.490,3,0,68.892,0,0,14,137,0,32,2
02-03 17:14:03,15.230,2.247,77.150,3.995,0,3470164,160664,166524,4158456,12621.663,8949.416,47.938,1126.542,1.997,120.844,3121,4286,2.140,2.410,1.490,2,2,1.997,0,0,14,138,0,32,2
02-03 17:14:04,16.256,7.753,66.775,8.253,0,3422984,207824,166524,4158476,10376.886,1741.652,0,3617.354,0,359.134,3590,3542,2.140,2.410,1.490,1,0,147.055,0,0,14,137,0,33,2
02-03 17:14:05,18.280,2.504,78.126,0.751,0,3460764,170036,166528,4158480,11980.355,6891.133,4.006,1750.829,1.002,45.073,1917,1721,2.040,2.390,1.490,3,0,0,0,0,14,140,0,33,2
02-03 17:14:06,21.110,3.974,68.795,4.222,0,3460688,170036,166536,4158548,10824.426,5596.991,3.974,1406.698,0.993,150.008,5640,8224,2.040,2.390,1.490,2,0,0,0,0,14,140,0,33,2
02-03 17:14:07,31.578,8.020,58.645,1.754,0,3468340,162276,166536,4158656,9431.265,2135.267,36.089,1243.066,3.007,99.245,11217,18230,2.040,2.390,1.490,4,0,3.007,0,0,14,141,0,34,2
02-03 17:14:08,32.079,11.529,50.625,4.762,0,3486924,143340,166540,4158956,5738.219,1022.534,64.159,2365.862,5.012,202.502,7496,10161,2.040,2.390,1.490,1,0,286.710,0,0,14,141,0,34,2
02-03 17:14:09,19.254,3.501,68.015,8.002,0,3509880,181720,166540,4099112,15364.430,8041.795,0,5781.291,0,341.076,2789,3202,2.040,2.390,1.490,1,0,0,0,0,14,141,0,35,2
02-03 17:14:10,11.534,18.054,68.203,1.254,0,3423412,268140,166540,4099160,6443.204,631.883,8.024,92.275,2.006,9.027,5687,4544,1.880,2.350,1.480,2,0,352.049,0,0,14,141,0,35,2
02-03 17:14:11,14.745,17.744,65.477,0.750,0,3423760,267724,166540,4099676,8578.038,539.814,0,327.887,0,21.992,6705,7640,1.880,2.350,1.480,6,0,358.876,0,0,14,143,0,35,0
02-03 17:14:12,27.000,20.000,52.499,0,0,3475960,215488,166540,4099268,37454.601,539.994,0,20.000,0,5.000,6272,5712,1.880,2.350,1.480,2,0,446.995,0,0,14,143,0,35,0
02-03 17:14:13,34.226,19.736,44.718,0.500,0,3525072,165876,166552,4099760,3880.244,555.605,47.966,311.779,4.996,24.982,7512,8524,1.880,2.350,1.480,3,0,441.686,0,0,14,149,0,35,0
02-03 17:14:14,41.249,20.000,36.499,1.250,0,3621848,129260,166552,4041420,3455.941,539.991,0,2747.953,0,281.995,7069,7527,1.880,2.350,1.480,5,0,506.991,0,0,16,149,0,35,0
02-03 17:14:15,60.896,23.460,15.224,0,0,3763388,175536,166560,3855456,7533.190,539.083,31.946,774.683,5.990,50.913,7007,11822,2.130,2.390,1.500,7,0,457.222,0,0,16,155,0,35,0
02-03 17:14:16,47.358,20.547,31.823,0.501,0,3854304,128828,166560,3812264,7194.471,635.455,32.073,605.386,3.007,33.076,8869,13597,2.130,2.390,1.500,5,0,493.129,0,0,16,171,0,35,0
02-03 17:14:17,34.736,22.491,41.983,0,0,3899620,187620,166576,3710256,10113.910,539.782,15.994,595.759,3.998,21.991,7353,6222,2.130,2.390,1.500,2,0,564.772,0,0,17,171,0,35,0
02-03 17:14:18,18.498,15.498,63.492,0.750,0,3909864,177212,166576,3710420,6746.180,629.923,7.999,683.917,2.000,41.995,6814,8572,2.130,2.390,1.500,3,0,270.967,0,0,17,173,0,35,0
02-03 17:14:19,31.052,23.289,44.825,0.751,0,3970896,169360,166576,3658496,7666.813,540.904,0,372.623,0,28.047,7042,6254,2.130,2.390,1.500,3,0,571.956,0,0,17,173,0,35,0
02-03 17:14:20,44.477,18.241,34.982,1.249,0,4082984,159952,166592,3558100,6962.468,539.726,147.925,631.680,5.997,44.977,8217,12154,2.440,2.450,1.530,2,0,303.846,0,0,17,185,0,35,0
02-03 17:14:21,30.263,26.511,43.518,0.250,0,4154792,156516,166592,3491428,5817.421,486.202,16.007,452.188,1.000,26.011,7569,7205,2.440,2.450,1.530,2,0,765.318,0,0,17,185,0,34,0
02-03 17:14:22,25.415,21.428,51.827,0,0,4213700,132696,166596,3457204,5966.044,607.966,19.933,402.653,4.983,30.897,8900,10212,2.440,2.450,1.530,3,0,551.156,0,0,17,191,0,34,0
02-03 17:14:23,19.510,15.508,61.782,1.751,0,4235412,143272,166596,3425740,11739.116,540.281,12.006,512.267,3.002,36.019,7341,8481,2.440,2.450,1.530,3,0,289.151,0,0,17,197,0,34,0
02-03 17:14:24,39.167,9.916,46.604,3.471,0,4360436,128216,166596,3317892,6996.535,535.449,979.673,356.966,15.865,14.874,3871,2728,2.440,2.450,1.530,3,0,98.166,0,0,17,197,0,34,0
02-03 17:14:25,43.826,7.053,44.330,4.534,0,4479404,133812,166596,3196532,7620.761,544.052,334.491,467.482,18.135,39.293,3651,2752,2.400,2.440,1.530,3,0,6.045,0,0,17,197,0,34,0
02-03 17:14:26,29.554,15.529,50.593,3.757,0,4409200,229828,166600,3171280,5175.518,540.995,204.376,1226.255,4.007,145.267,5790,5683,2.400,2.440,1.530,2,1,356.656,0,0,17,217,0,32,0
02-03 17:14:27,33.073,22.049,42.343,2.255,0,4450512,186776,166608,3172980,13357.387,6266.787,577.270,260.573,6.013,23.051,8525,10402,2.400,2.440,1.530,6,0,554.219,0,0,17,220,0,32,0
02-03 17:14:28,51.242,21.497,24.746,1.750,0,4485380,150480,166628,3174716,8353.674,3601.428,647.897,639.898,16.997,40.993,7202,8905,2.400,2.440,1.530,4,0,364.942,0,0,17,226,0,33,0
02-03 17:14:29,65.679,11.987,17.231,4.495,0,4639356,152812,166640,3022476,9331.866,6192.275,926.993,823.106,17.980,16.982,4463,3943,2.400,2.440,1.530,3,0,25.972,0,0,17,227,0,33,0
02-03 17:14:30,44.009,8.002,25.505,22.005,0,4621556,208976,166660,2985604,13136.725,5729.188,3012.625,6537.356,144.030,258.054,5400,5259,2.450,2.450,1.540,2,2,28.006,0,0,17,242,0,34,0
02-03 17:14:31,50.609,8.726,20.194,19.196,0,4718132,170832,166728,2928436,9284.047,2499.014,4056.660,1982.458,353.013,114.679,5976,6780,2.450,2.450,1.540,2,0,29.916,0,0,17,245,0,37,0
02-03 17:14:32,34.308,22.538,40.819,1.252,0,4680368,205832,166736,2931148,13919.628,9485.101,204.347,781.326,11.019,51.087,8303,10348,2.450,2.450,1.540,5,0,546.928,0,0,17,245,0,39,0
02-03 17:14:33,43.324,20.034,33.307,1.753,0,4729076,155508,166736,2932768,11447.649,2905.988,12.021,9776.781,3.005,48.083,7175,8585,2.450,2.450,1.540,4,2,351.604,0,0,17,246,0,39,0
02-03 17:14:34,51.548,25.899,19.175,2.241,0,4743592,271112,166740,2806028,14722.335,9188.012,179.298,992.114,9.961,63.750,8262,20126,2.450,2.450,1.540,6,0,560.803,0,0,17,245,0,31,0
02-03 17:14:35,56.139,17.293,14.285,11.528,0,4844160,167600,166760,2808952,11818.178,2512.202,1058.614,10983.116,47.116,902.228,7313,8382,2.740,2.510,1.560,4,2,280.693,0,0,17,252,0,31,0
02-03 17:14:36,54.330,25.037,19.028,2.003,0,4840404,198832,166760,2782228,17000.965,9549.022,124.182,5496.071,10.015,101.149,10037,14567,2.740,2.510,1.560,11,0,596.876,0,0,17,253,0,34,0
02-03 17:14:37,57.970,17.991,18.740,4.498,0,4939336,129008,166772,2753296,5178.334,2450.738,599.691,847.564,32.983,46.976,8448,13335,2.740,2.510,1.560,2,0,302.844,0,0,17,262,0,35,0
02-03 17:14:38,61.916,11.235,22.719,3.246,0,5026428,202796,166772,2595960,18973.232,11419.491,463.371,738.996,13.981,43.940,5386,4702,2.740,2.510,1.560,3,1,28.961,0,0,17,262,0,33,0
02-03 17:14:39,62.910,12.482,18.224,5.991,0.250,5123548,125576,166784,2576804,11003.309,5939.530,1685.596,1018.548,93.866,50.927,10408,21715,2.740,2.510,1.560,1,1,14.979,0,0,17,269,0,38,0
02-03 17:14:40,51.816,14.518,28.536,4.255,0,5061448,257440,166812,2509164,20945.634,13080.633,1457.854,648.825,30.038,53.067,6117,5799,2.760,2.520,1.570,4,0,212.270,0,0,17,271,0,40,0
02-03 17:14:41,44.084,25.860,24.382,4.433,0,5143100,171948,167072,2513028,12013.638,6160.006,4641.924,2083.546,71.914,86.691,8406,9310,2.760,2.520,1.570,6,0,584.181,0,0,17,272,0,40,0
02-03 17:14:42,58.503,18.823,21.621,1.272,0,5111032,203572,167076,2513456,15837.412,5953.019,655.229,1098.831,10.174,51.889,8303,12067,2.760,2.520,1.570,8,0,259.446,0,0,18,273,0,40,0
02-03 17:14:43,73.198,12.991,5.246,8.244,0,5251308,136360,167076,2443760,12987.769,2504.220,2829.989,679.517,121.913,44.968,5621,4221,2.760,2.520,1.570,5,0,86.938,0,0,18,277,0,40,0
02-03 17:14:44,73.422,9.740,11.238,4.745,0,5268612,195636,167096,2369492,14123.947,9593.775,1961.909,1558.339,88.905,77.917,5674,4391,2.760,2.520,1.570,4,0,15.983,0,0,18,276,0,41,0
02-03 17:14:45,57.882,14.970,22.454,3.493,0,5353056,136584,167116,2344976,7618.516,3481.923,1097.769,4151.562,27.943,254.483,7338,11045,2.700,2.510,1.570,1,0,222.548,0,0,18,285,0,42,0
02-03 17:14:46,37.449,8.239,47.686,6.242,0,5371996,143028,167124,2320428,26794.774,11625.283,1238.326,1322.212,35.951,151.795,6462,8394,2.700,2.510,1.570,3,0,15.978,0,0,18,292,0,41,0
02-03 17:14:47,44.280,12.258,37.775,4.003,0,5364516,133428,167128,2337472,16584372.546,149305.458,1717.155,588.396,17.011,46.031,10960,6341,2.700,2.510,1.570,2,1,103.069,0,0,18,293,0,41,0
02-03 17:14:48,34.587,10.025,49.876,4.261,0,5401588,139204,167128,2295820,22056.792,10778.263,1612.078,9487.999,20.051,93.236,5252,5524,2.700,2.510,1.570,4,1,172.436,0,0,18,292,0,42,0
02-03 17:14:49,38.523,5.468,52.192,2.734,0,5410872,129980,167128,2295768,15613.983,9607.381,0,922.563,0,48.713,3869,3795,2.700,2.510,1.570,4,0,5.965,0,0,18,300,0,43,0
02-03 17:14:50,23.155,3.735,64.983,5.975,0,5422964,146728,167128,2267868,209638.035,8169509.590,450.147,820.622,24.898,88.635,6026,6794,2.560,2.480,1.570,2,0,2.988,0,0,18,302,0,43,0
02-03 17:14:51,4.013,2.759,86.785,4.766,0,5344480,225204,167128,2267876,221231.340,8225626.137,0,5265.287,0,774.543,2877,2175,2.560,2.480,1.570,3,0,38.125,0,0,18,302,0,43,0
02-03 17:14:52,2.511,1.004,94.916,0.502,0,5343568,226116,167128,2267876,3523.453,542.379,0,522.291,0,41.181,1602,2271,2.560,2.480,1.570,0,0,0,0,0,18,302,0,43,0
02-03 17:14:53,10.999,1.500,84.993,2.000,0,5347464,222180,167128,2267916,7233541.535,25655.931,31.997,1715.862,1.000,37.997,4832,4932,2.560,2.480,1.570,1,0,1.000,0,0,18,308,0,43,0
02-03 17:14:54,18.325,10.794,65.267,4.016,0,5277296,275996,167136,2284224,9345518.178,93285.708,68.279,1851.576,5.021,116.477,10343,9940,2.560,2.480,1.570,1,1,221.908,0,0,18,306,0,44,0
02-03 17:14:55,17.828,9.409,70.569,0.248,0,5343472,209756,167136,2284288,6884.584,534.840,27.732,154.509,1.981,12.876,3907,3922,2.440,2.460,1.570,4,0,242.659,0,0,18,306,0,44,0
02-03 17:14:56,13.635,14.897,64.890,6.060,0,5286504,266684,167136,2284328,7077.824,545.380,0,8948.276,0,333.288,5266,4241,2.440,2.460,1.570,3,1,263.600,0,0,18,306,0,44,0
02-03 17:14:57,7.466,16.177,74.913,0.249,0,5293304,259828,167136,2284400,8702.906,537.585,15.928,2831.282,0.996,404.184,6192,5417,2.440,2.460,1.570,0,0,406.175,0,0,18,306,0,44,0
02-03 17:14:58,6.496,2.249,88.692,1.499,0,5292188,260844,167136,2284500,9293.910,539.646,95.937,343.775,5.996,33.978,1854,2271,2.440,2.460,1.570,2,0,10.993,0,0,18,310,0,36,0
02-03 17:14:59,19.518,3.003,75.069,1.251,0,5342276,210748,167136,2284508,14215.048,6258.745,0,16178.851,0,42.039,2298,2045,2.440,2.460,1.570,1,0,0,0,0,18,311,0,36,0
02-03 17:15:00,16.779,8.014,72.625,2.254,0,5314852,237928,167140,2284732,7422.768,3713.388,76.131,120.207,7.012,12.021,4216,3890,2.320,2.440,1.560,3,0,143.246,0,0,18,314,0,37,0
02-03 17:15:01,11.520,16.028,70.374,0,0,5292052,260404,167140,2285024,14544.689,540.955,0,2404.246,0,4.007,6021,4894,2.320,2.440,1.560,1,0,279.494,0,0,18,314,0,37,0
02-03 17:15:02,17.183,11.455,70.722,0,0,5315260,236960,167140,2285244,6535.353,537.889,3.984,346.640,0.996,0.996,4476,3696,2.320,2.440,1.560,1,0,182.285,0,0,18,314,0,36,0
02-03 17:15:03,23.790,2.755,70.869,1.252,0,5387776,164276,167140,2285412,4873.213,540.912,152.257,380.642,2.003,32.054,2537,2416,2.320,2.440,1.560,1,1,3.005,0,0,18,314,0,36,0
02-03 17:15:04,23.466,3.245,69.150,3.495,0,5348712,203028,167140,2285724,8808.255,581.159,315.543,555.197,12.981,60.912,3079,3202,2.320,2.440,1.560,2,0,10.984,0,0,18,318,0,36,0
02-03 17:15:05,23.738,2.998,71.964,0.250,0,5417028,134672,167140,2285764,6168.899,539.729,23.988,251.873,3.998,14.992,2275,2018,2.210,2.410,1.560,1,0,0,0,0,18,318,0,36,0
02-03 17:15:06,18.256,4.251,76.276,0,0,5395300,188324,167140,2255556,14128.769,6867.318,0,172.058,0,8.003,2445,2274,2.210,2.410,1.560,0,0,3.001,0,0,18,321,0,35,0
02-03 17:15:07,23.498,4.750,69.744,0.500,0,5324964,258640,167140,2255572,11273.009,1430.874,0,635.944,0,42.996,3111,3018,2.210,2.410,1.560,1,0,15.999,0,0,18,322,0,36,0
02-03 17:15:08,25.087,2.509,72.000,0.502,0,5328432,255044,167140,2255700,4673.206,487.691,0,256.891,0,24.084,2302,1912,2.210,2.410,1.560,1,0,3.010,0,0,18,322,0,36,0
02-03 17:15:09,9.222,18.443,69.785,1.246,0,5336428,246744,167140,2256004,8075.144,538.343,446.625,490.490,9.969,18.942,5810,4949,2.210,2.410,1.560,3,0,366.871,0,0,18,322,0,36,0
02-03 17:15:10,15.064,11.047,69.294,2.511,0,5372548,210444,167300,2256024,7065.943,542.298,164.698,204.868,10.043,19.081,4571,3820,2.120,2.390,1.560,2,0,228.970,0,0,18,322,0,36,0
02-03 17:15:11,19.963,2.745,75.860,0,0,5398320,183724,167336,2256936,10525.619,2687.052,3.993,139.743,0.998,3.993,2244,2011,2.120,2.390,1.560,3,0,17.967,0,0,18,323,0,34,0
02-03 17:15:12,22.236,3.498,72.204,1.749,0,5413128,163148,167956,2261956,8045.826,713.541,287.815,591.620,4.997,5.996,2367,2075,2.120,2.390,1.560,1,0,2.998,0,0,18,322,0,34,0
02-03 17:15:13,18.211,2.744,75.837,2.495,0,5412964,157664,168468,2266976,12374.433,3796.848,3.991,1345.112,0.998,26.942,2265,2105,2.120,2.390,1.560,2,0,17.961,0,0,18,322,0,34,0
02-03 17:15:14,18.508,4.752,72.780,2.251,0,5407992,162052,168492,2267520,12803.320,2713.127,32.013,800.333,2.001,39.016,10943,20516,2.120,2.390,1.560,2,0,12.005,0,0,18,323,0,34,0
02-03 17:15:15,22.749,6.000,68.997,0.500,0,5404032,165520,168580,2267904,8746.633,1416.940,15.999,463.981,3.000,8.000,10300,18574,2.030,2.360,1.550,1,0,19.999,0,0,18,323,0,34,0
02-03 17:15:16,17.806,6.520,71.725,3.260,0,5347900,231624,168672,2257928,3181.973,798.503,8.025,1115.496,2.006,29.091,3014,2752,2.030,2.360,1.550,2,0,89.280,0,0,18,322,0,34,0
02-03 17:15:17,19.940,8.973,69.042,1.246,0,5373668,205824,168676,2257956,6916.124,538.375,3.988,16035.596,0.997,33.898,3835,3662,2.030,2.360,1.550,1,0,179.458,0,0,18,322,0,34,0
02-03 17:15:18,19.997,2.000,69.488,6.999,0,5388168,191132,168676,2258148,14469.591,9137.479,0,3123.480,0,179.970,2794,3148,2.030,2.360,1.550,1,0,2.000,0,0,18,325,0,35,0
02-03 17:15:19,18.966,8.235,71.122,0.250,0,5391240,188024,168676,2258184,11055.069,2441.598,19.964,231.582,1.996,16.969,3671,3461,2.030,2.360,1.550,3,0,115.791,0,0,18,322,0,37,0
02-03 17:15:20,19.782,2.504,76.624,0,0,5413320,165932,168676,2258196,17121.638,9220.885,0,0,0,0,2368,2149,1.940,2.340,1.550,4,0,0,0,0,18,322,0,38,0
02-03 17:15:21,22.550,5.763,71.909,0,0,5409216,170028,168676,2258204,7408.371,541.196,0,0,0,0,2816,2333,1.940,2.340,1.550,3,0,71.157,0,0,18,322,0,38,0
02-03 17:15:22,20.046,1.754,73.921,3.007,0,5315816,263416,168676,2258216,18971.947,13663.650,0,1523.529,0,311.722,2965,2631,1.940,2.340,1.550,2,2,3.007,0,0,18,322,0,39,0
02-03 17:15:23,22.404,5.228,70.946,0.996,0,5388384,190840,168676,2258224,5054.345,537.696,0,1565.294,0,127.454,2775,2280,1.940,2.340,1.550,1,0,52.774,0,0,18,322,0,39,0
02-03 17:15:24,16.736,4.247,75.188,2.248,0,5379680,199476,168676,2258292,14130.427,10740.204,43.964,303.751,1.998,22.981,3067,3162,1.940,2.340,1.550,2,0,31.974,0,0,18,322,0,42,0
02-03 17:15:25,20.254,3.251,75.516,0.500,0,5381280,197868,168676,2258300,10706.329,2785.606,0,160.035,0,9.002,2148,1961,1.870,2.320,1.550,3,0,2.000,0,0,18,323,0,42,0
02-03 17:15:26,18.747,5.249,75.239,0.250,0,5362136,216864,168676,2258448,16400.598,9298.638,0,227.967,0,23.996,4971,6833,1.870,2.320,1.550,5,0,36.995,0,0,18,322,0,43,0
02-03 17:15:27,24.872,3.769,69.593,0.754,0,5402040,176960,168676,2258448,9200.288,2560.605,0,727.582,0,106.524,3333,3061,1.870,2.320,1.550,0,0,11.054,0,0,18,323,0,43,0
02-03 17:15:28,20.169,4.482,72.706,0.747,0,5346848,231996,168676,2258604,16308.106,8867.171,0,912.314,0,40.835,3324,3302,1.870,2.320,1.550,2,0,31.871,0,0,18,322,0,46,0
02-03 17:15:29,20.748,2.750,76.493,0,0,5391464,187372,168676,2258612,14283.705,6294.429,0,175.984,0,10.999,2277,2066,1.870,2.320,1.550,1,0,0,0,0,18,323,0,46,0
02-03 17:15:30,13.554,6.526,76.806,1.506,0,5374232,204584,168676,2258632,11867.272,5815.164,0,437.744,0,46.184,3921,4254,1.800,2.300,1.540,1,0,132.528,0,0,18,322,0,47,0
02-03 17:15:31,3.485,2.987,88.117,3.734,0,5373484,204116,169224,2259300,9246.827,3436.072,1119.138,242.945,249.914,9.957,2162,2763,1.800,2.300,1.540,0,0,49.784,0,0,18,324,0,45,0
02-03 17:15:32,5.502,5.502,86.285,1.501,0,5346152,231396,169224,2259352,22294.064,3925.596,0,288.117,0,16.007,2855,2815,1.800,2.300,1.540,0,0,125.051,0,0,18,324,0,46,0
02-03 17:15:33,6.529,11.551,79.099,1.758,0,5343564,233908,169232,2259420,8474.409,1588.010,20.089,851.760,3.013,37.164,4256,4093,1.800,2.300,1.540,1,1,211.936,0,0,18,324,0,47,0
02-03 17:15:34,17.561,5.936,63.566,11.872,0,5343624,220552,169232,2272716,5482.981,534.249,6695.925,415.527,478.846,32.649,3694,12447,1.800,2.300,1.540,3,0,40.563,0,0,18,324,0,48,0
02-03 17:15:35,21.612,2.262,72.123,2.764,0,5355492,204156,169320,2277044,7732.956,1624.393,4.021,848.384,1.005,11.057,2326,1998,1.730,2.280,1.540,1,0,17.088,0,0,18,325,0,41,0
02-03 17:15:36,17.267,3.253,76.827,2.753,0,5351756,204424,169360,2280456,17968.064,4031.053,0,1613.622,0,41.041,2293,2151,1.730,2.280,1.540,0,1,7.007,0,0,18,324,0,41,0
02-03 17:15:37,11.545,12.549,69.772,4.769,0,5314708,238852,169360,2283028,7932.972,542.117,971.794,3112.150,17.067,128.502,5957,6187,1.730,2.280,1.540,1,0,297.160,0,0,18,324,0,41,0
02-03 17:15:38,19.922,2.988,69.974,5.727,0,5368312,185244,169360,2283032,10852.242,6270.295,0,2012.072,0,307.787,2397,2090,1.730,2.280,1.540,1,0,0,0,0,18,325,0,41,0
02-03 17:15:39,20.998,4.999,72.992,0,0,5370400,183136,169360,2283052,20530.782,17362.124,0,0,0,0,2747,2421,1.730,2.280,1.540,1,0,46.995,0,0,18,324,0,33,0
02-03 17:15:40,19.991,2.749,75.464,0.500,0.250,5405036,148488,169360,2283064,13417.682,6196.082,0,211.900,0,24.988,2318,2188,1.680,2.250,1.540,1,0,0,0,0,18,325,0,33,0
02-03 17:15:41,16.147,4.471,73.281,5.217,0,5406060,147040,169360,2283488,11639.503,3657.590,413.354,0,25.835,0,2606,2516,1.680,2.250,1.540,3,0,14.905,0,0,18,324,0,35,0
02-03 17:15:42,20.124,2.012,76.973,0,0,5391848,193076,169360,2253284,11697.871,6358.064,0,48.297,0,3.019,2141,1889,1.680,2.250,1.540,1,0,0,0,0,18,325,0,35,0
02-03 17:15:43,17.837,3.517,67.581,9.547,0,5386384,196948,169360,2254860,11044.086,2696.204,1511.402,1330.516,59.290,139.684,5068,7265,1.680,2.250,1.540,1,1,3.015,0,0,18,328,0,33,0
02-03 17:15:44,23.984,3.248,70.954,1.249,0,5397640,185692,169360,2254860,8248.661,539.651,0,543.648,0,42.972,2471,2338,1.680,2.250,1.540,1,0,4.997,0,0,18,328,0,33,0
02-03 17:15:45,15.731,2.497,77.659,2.497,0,5400884,182072,169360,2255236,17783.081,10193.009,95.887,659.225,3.995,61.927,3066,3633,1.620,2.230,1.530,1,0,0,0,0,18,329,0,33,0
02-03 17:15:46,17.764,12.009,66.301,3.002,0,5363600,219136,169360,2255456,7353.646,1767.357,160.123,1016.781,9.007,99.076,6415,7543,1.620,2.230,1.530,3,0,304.234,0,0,18,328,0,34,0
02-03 17:15:47,9.264,21.784,65.352,1.502,0,5346112,236592,169360,2255488,4655.261,582.909,0,705.100,0,53.083,7535,7316,1.620,2.230,1.530,2,0,735.147,0,0,18,328,0,31,0
02-03 17:15:48,8.997,21.244,59.732,8.997,0,5343052,239632,169364,2255536,10135.012,485.857,0,5182.472,0,206.939,7673,7790,1.620,2.230,1.530,1,1,683.798,0,0,18,328,0,31,0
02-03 17:15:49,8.481,23.447,66.599,0.998,0,5337848,244800,169364,2255572,7416.216,538.781,0,363.178,0,36.916,7514,7214,1.620,2.230,1.530,3,0,710.392,0,0,18,328,0,31,0
02-03 17:15:50,9.267,22.040,68.125,0,0,5326916,255700,169364,2255604,8979.478,540.993,0,164.302,0,19.035,7202,6566,1.490,2.200,1.530,1,0,665.221,0,0,18,328,0,31,0
02-03 17:15:51,8.489,21.972,67.914,0.250,0,5332628,249928,169364,2255664,5224.414,539.320,15.980,255.678,0.999,23.970,7237,6836,1.490,2.200,1.530,3,0,652.178,0,0,18,328,0,31,0
02-03 17:15:52,18.103,8.928,71.669,0,0,5338840,336632,169560,2173036,7400.047,535.660,0,115.068,0,7.936,3236,2904,1.490,2.200,1.530,3,0,96.220,0,0,18,328,0,27,0
02-03 17:15:53,23.128,2.011,71.897,1.257,0,5355572,315812,169700,2176964,6584.331,1624.966,0,2493.760,0,6.033,2318,1991,1.490,2.200,1.530,0,0,16.089,0,0,18,329,0,27,0
02-03 17:15:54,9.499,1.250,77.244,10.999,0,5369100,301628,169700,2177620,19891.580,7189.487,587.958,2403.828,30.998,281.980,1883,1979,1.490,2.200,1.530,1,0,0,0,0,18,329,0,27,0
02-03 17:15:55,11.748,1.250,79.239,6.499,0,5370408,299444,169700,2178492,23406.645,13073.126,471.932,1775.745,49.993,60.991,1980,2254,1.370,2.160,1.520,3,0,0,0,0,18,329,0,27,0
02-03 17:15:56,17.752,1.500,76.260,3.750,0,5395476,273064,169700,2179800,21078.758,9224.207,1116.146,1252.164,48.006,51.007,2320,2342,1.370,2.160,1.520,2,0,0,0,0,18,329,0,24,0
02-03 17:15:57,12.993,1.499,76.211,7.246,0,5397200,270456,169700,2180680,23888.914,10885.493,579.707,1539.221,39.980,62.968,2213,2473,1.370,2.160,1.520,0,1,0,0,0,18,329,0,24,0
02-03 17:15:58,13.001,2.000,77.007,6.751,0,5413796,239700,169700,2194832,21364.840,10095.869,7124.613,1428.123,63.005,58.005,2028,2079,1.370,2.160,1.520,1,0,0,0,0,18,329,0,24,0
02-03 17:15:59,14.508,1.751,68.036,14.258,0,5412324,223756,169700,2212364,8651.625,540.289,5054.702,5679.036,84.045,297.159,2439,2340,1.370,2.160,1.520,0,1,1.001,0,0,18,329,0,24,0
02-03 17:16:00,21.324,3.261,69.993,6.021,0,5426540,197720,169868,2223764,6655.144,541.884,0,1661.779,0,40.140,2488,2533,1.340,2.140,1.510,0,1,0,0,0,18,329,0,24,0
02-03 17:16:01,22.505,2.250,67.515,6.501,0,5426464,183368,169900,2237880,6910.505,540.118,0,3960.862,0,153.033,2600,2711,1.340,2.140,1.510,1,0,1.000,0,0,18,329,0,24,0
02-03 17:16:02,19.937,2.741,72.023,5.234,0,5438364,150872,170000,2258208,4185.823,538.305,0,2432.343,0,117.630,2570,2654,1.340,2.140,1.510,2,0,0,0,0,18,329,0,24,0
02-03 17:16:03,20.143,2.487,69.380,6.466,0,5434580,136548,170576,2275444,7432.356,537.135,0,2805.038,0,110.411,2973,3237,1.340,2.140,1.510,3,0,1.989,0,0,18,329,0,24,0
02-03 17:16:04,18.083,2.260,71.078,7.032,0,5414440,162336,170800,2269644,5621.922,488.251,0,3230.897,0,92.426,2390,2623,1.340,2.140,1.510,0,0,0,0,0,18,329,0,23,0
02-03 17:16:05,18.749,3.750,67.745,8.499,0,5333624,257408,170896,2255216,6009.520,713.943,31.997,7307.416,1.000,98.992,2490,2383,1.390,2.140,1.520,3,1,2.000,0,0,18,328,0,23,0
02-03 17:16:06,18.724,2.996,75.895,0.499,0,5381732,204756,170952,2259672,13129.804,2778.150,0,1394.068,0,33.953,2648,2451,1.390,2.140,1.520,1,0,32.954,0,0,18,328,0,23,1
02-03 17:16:07,22.285,3.255,73.365,0.751,0,5373528,211604,170972,2260972,9770.294,1989.114,0,548.859,0,19.030,2759,2626,1.390,2.140,1.520,0,0,19.030,0,0,18,329,0,23,0
02-03 17:16:08,22.005,4.751,70.517,1.250,0,5373668,205572,171352,2266340,13232.221,2383.580,0,1168.284,0,30.007,10062,18477,1.390,2.140,1.520,1,0,14.003,0,0,18,328,0,22,0
02-03 17:16:09,22.754,5.501,68.262,1.500,0,5372376,206568,171400,2266588,5209.911,540.094,0,1948.341,0,122.021,10478,19108,1.390,2.140,1.520,1,0,13.002,0,0,18,328,0,22,0
02-03 17:16:10,21.732,5.495,71.690,0.500,0,5334044,256168,171444,2255384,4378.311,539.545,0,7561.629,0,94.920,2800,2392,1.360,2.120,1.510,1,0,16.986,0,0,18,328,0,22,0
02-03 17:16:11,24.298,5.260,68.885,0,0,5362376,227788,171448,2255428,7052.793,529.035,0,0,0,0,11242,20392,1.360,2.120,1.510,3,0,49.096,0,0,18,328,0,22,0
02-03 17:16:12,17.713,2.994,76.590,0.998,0,5400908,184696,171468,2259972,11402.200,2883.980,0,1460.951,0,11.975,2277,2060,1.360,2.120,1.510,3,0,32.931,0,0,18,328,0,22,0
02-03 17:16:13,20.959,4.242,75.353,0,0,5392396,192036,171468,2261144,8196.002,1874.341,0,163.681,0,6.986,2405,2190,1.360,2.120,1.510,1,1,18.963,0,0,18,329,0,22,0
02-03 17:16:14,22.548,4.510,69.649,1.253,0,5390848,188060,171504,2266512,11760.084,2321.953,0,1162.480,0,23.049,10900,19507,1.360,2.120,1.510,1,0,14.030,0,0,18,328,0,22,0
02-03 17:16:15,22.503,6.501,69.009,0,0,5390256,188300,171536,2266828,7281.982,540.073,0,168.023,0,2.000,10390,18940,1.330,2.100,1.510,1,0,20.003,0,0,18,328,0,22,0
02-03 17:16:16,22.347,4.771,70.306,2.260,0.251,5357588,232420,171536,2255472,8090.240,636.774,32.140,1478.440,1.004,49.214,2741,2645,1.330,2.100,1.510,1,0,22.096,0,0,18,328,0,22,0
02-03 17:16:17,22.918,5.231,70.000,0.498,0,5373696,216296,171536,2255488,5571.089,538.077,0,406.547,0,27.900,3683,3567,1.330,2.100,1.510,1,0,95.658,0,0,18,328,0,22,0
02-03 17:16:18,24.325,3.260,69.214,2.759,0,5359524,219840,171536,2266048,3064.460,541.672,0,1215.753,0,29.090,2625,2534,1.330,2.100,1.510,2,1,19.059,0,0,18,328,0,22,0
02-03 17:16:19,13.953,1.246,79.730,3.986,0,5372408,206568,171536,2266420,22466.862,9387.188,3.986,1630.474,0.997,45.845,1995,2260,1.330,2.100,1.510,0,0,0,0,0,18,329,0,22,0
02-03 17:16:20,10.245,1.249,83.459,3.248,0,5367744,210836,171540,2266808,56640.493,13693.350,0,2258.903,0,179.913,2208,2580,1.230,2.060,1.500,0,0,0,0,0,18,330,0,19,0
02-03 17:16:21,15.507,1.501,79.786,2.501,0,5398108,180128,171540,2267124,131419.726,12833.833,0,1704.775,0,72.033,2259,2213,1.230,2.060,1.500,1,0,1.000,0,0,18,330,0,19,0
02-03 17:16:22,13.747,1.500,81.983,2.250,0,5396344,181476,171668,2267384,27140.528,12905.398,0,1555.686,0,54.989,2025,2166,1.230,2.060,1.500,1,0,0,0,0,18,330,0,19,0
02-03 17:16:23,12.502,2.000,80.266,3.751,0,5410364,166728,171864,2267904,324780.672,18084.545,0,1756.344,0,70.014,2348,2264,1.230,2.060,1.500,2,1,0,0,0,18,330,0,19,0
02-03 17:16:24,21.164,5.478,67.227,5.727,0,5425920,150508,172144,2268264,97525.879,18221.988,545.783,2354.437,9.960,101.587,3022,2713,1.230,2.060,1.500,3,0,5.976,0,0,18,330,0,14,0
02-03 17:16:25,24.748,5.249,65.744,2.000,0,5436220,156804,172248,2251800,2328092.149,31724.922,611.941,2611.747,8.999,45.996,4083,3114,1.130,2.030,1.490,2,0,9.999,0,0,18,330,0,14,0
02-03 17:16:26,7.782,3.263,74.055,13.305,0,5417196,143556,172344,2283916,14937609.922,113362.911,196.811,28055.553,5.021,293.208,7517,5365,1.130,2.030,1.490,3,0,3.012,0,0,18,330,0,14,0
02-03 17:16:27,18.780,2.254,73.616,4.757,0,5413172,136412,172744,2294560,613521.724,6065.548,0,2688.231,0,106.167,2765,2931,1.130,2.030,1.490,2,0,1.002,0,0,18,330,0,14,0
02-03 17:16:28,20.759,3.752,70.532,3.251,0,5418128,135336,175844,2287380,8139.677,610.276,0,3689.667,0,72.033,2504,2480,1.130,2.030,1.490,4,0,0,0,0,18,330,0,10,0
02-03 17:16:29,22.819,3.224,66.226,5.953,0,5402748,156292,176220,2281472,8154.462,535.760,0,1420.755,0,39.686,4381,6068,1.130,2.030,1.490,2,0,0.992,0,0,18,330,0,10,0
02-03 17:16:30,21.375,3.521,66.892,7.293,0,5431196,133876,176920,2274856,5139.111,543.183,0,3154.483,0,277.627,3158,3074,1.120,2.010,1.490,2,0,0,0,0,18,330,0,12,0
02-03 17:16:31,18.999,4.000,64.746,10.999,0,5418944,134688,177508,2285552,6947.603,539.969,0,10743.386,0,325.981,3035,2949,1.120,2.010,1.490,1,1,1.000,0,0,18,330,0,12,0
02-03 17:16:32,7.510,2.754,63.582,24.782,0,5419516,131440,177688,2288000,8889.424,540.695,0,26542.109,0,234.301,2279,2503,1.120,2.010,1.490,0,1,0,0,0,18,330,0,10,0
02-03 17:16:33,7.017,2.255,62.147,27.064,0,5417696,130860,177884,2290172,3970.403,541.282,0,28331.096,0,226.537,2465,3100,1.120,2.010,1.490,0,4,2.005,0,0,18,330,0,10,0
02-03 17:16:34,10.958,3.736,60.766,22.165,0,5411972,151552,178028,2275344,4647.084,537.926,0,15097.794,0,142.451,3135,15894,1.120,2.010,1.490,1,1,35.862,0,0,18,330,0,11,0
02-03 17:16:35,15.189,2.739,66.981,14.442,0,5417592,133212,178556,2287456,7413.197,484.054,3.984,23609.086,0.996,165.335,2512,2624,1.190,2.010,1.490,2,0,0,0,0,18,330,0,11,0
02-03 17:16:36,20.582,2.008,69.276,6.526,0,5416844,134952,179424,2285372,6161.522,542.158,0,2485.893,0,58.232,2509,2620,1.190,2.010,1.490,2,0,0,0,0,18,330,0,11,0
02-03 17:16:37,18.007,2.751,70.529,7.253,0,5416884,148572,180176,2271280,7383.997,540.219,0,1764.716,0,77.031,2804,3052,1.190,2.010,1.490,0,1,0,0,0,18,330,0,9,0
02-03 17:16:38,17.746,2.000,73.483,6.249,0,5418828,133968,180868,2283008,11846.245,1877.563,0,2067.519,0,74.983,2368,2331,1.190,2.010,1.490,1,0,0,0,0,18,331,0,9,0
02-03 17:16:39,21.476,2.997,72.418,1.748,0,5347104,240244,180868,2248488,9062.750,1860.895,0,427.517,0,13.984,2403,2071,1.190,2.010,1.490,3,0,18.979,0,0,18,328,0,9,0
02-03 17:16:40,17.477,2.746,76.400,2.746,0,5351460,231428,180908,2252900,14015.726,2886.237,0,1386.193,0,15.979,2215,2030,1.170,1.990,1.490,2,0,16.978,0,0,18,328,0,9,0
02-03 17:16:41,19.537,2.505,76.145,0.250,0,5365936,215592,180928,2254204,9705.476,3421.513,0,416.793,0,5.010,2309,2158,1.170,1.990,1.490,1,0,19.036,0,0,18,329,0,6,0
02-03 17:16:42,21.518,5.254,70.058,1.501,0,5368428,206676,181204,2259568,5958.915,726.599,0,896.740,0,16.013,10626,19561,1.170,1.990,1.490,1,0,14.012,0,0,18,328,0,6,0
02-03 17:16:43,23.815,5.014,68.437,1.003,0,5367280,207540,181240,2259728,9834.865,541.479,0,2141.851,0,9.025,10516,19083,1.170,1.990,1.490,2,1,10.027,0,0,18,328,0,6,0
02-03 17:16:44,20.441,6.731,71.544,0.748,0,5371808,202784,181272,2259892,8266.242,538.452,0,426.773,0,9.971,2410,1963,1.170,1.990,1.490,1,0,9.971,0,0,18,328,0,6,0
02-03 17:16:45,20.566,4.013,72.231,2.759,0,5342848,242384,181300,2249940,7968.518,541.735,798.557,248.797,63.202,12.039,2499,2343,1.160,1.980,1.490,1,1,6.019,0,0,18,328,0,4,0
02-03 17:16:46,18.266,3.503,68.061,9.258,0,5359612,221724,181428,2253688,5729.134,540.484,1829.639,3679.297,266.239,200.179,3362,3980,1.160,1.980,1.490,1,0,6.005,0,0,18,329,0,4,0
02-03 17:16:47,17.933,4.732,60.525,13.948,0,5359704,221000,181428,2254320,8808.240,537.999,366.636,4873.873,19.926,385.566,6663,10425,1.160,1.980,1.490,1,0,0,0,0,18,331,0,8,0
02-03 17:16:48,17.572,9.288,62.254,10.543,0,5324796,255272,181428,2254956,6915.245,542.215,530.165,1470.004,25.103,180.738,6441,8412,1.160,1.980,1.490,1,0,167.685,0,0,18,330,0,9,0
02-03 17:16:49,10.928,13.412,69.541,4.222,0,5329584,249508,181428,2255936,4580.782,536.461,933.840,512.618,12.915,22.849,5009,4505,1.160,1.980,1.490,3,0,273.198,0,0,18,330,0,10,0
02-03 17:16:50,6.511,3.255,69.866,18.781,0,5316656,244348,181504,2273932,8894.754,486.808,18198.187,625.037,1360.256,17.028,3384,4687,1.150,1.960,1.490,0,1,10.017,0,0,18,330,0,10,0
02-03 17:16:51,4.502,2.751,57.521,34.013,0,5315096,225456,181504,2294372,6194.284,540.199,20343.501,11444.220,1433.529,144.053,3297,5081,1.150,1.960,1.490,2,2,1.000,0,0,18,330,0,10,0
02-03 17:16:52,6.746,2.749,79.457,9.745,0,5316300,220492,181512,2298180,4312.663,1554.158,3821.929,4241.702,683.630,137.925,2966,4164,1.150,1.960,1.490,0,0,5.997,0,0,18,331,0,10,0
02-03 17:16:53,2.750,1.000,92.750,2.000,0,5315900,220888,181512,2298184,48052.123,3665.009,0,404.001,0,22.000,1550,2246,1.150,1.960,1.490,0,0,0,0,0,18,331,0,10,0
02-03 17:16:54,6.723,4.731,87.643,0.498,0,5289052,247040,181572,2298812,132330.571,5317.325,99.594,478.051,2.988,4.980,2396,2388,1.150,1.960,1.490,1,0,33.862,0,0,18,331,0,12,0
02-03 17:16:55,35.257,7.001,56.011,1.000,0.250,5059528,476188,181704,2299056,247840.429,2784.544,132.026,644.126,3.001,15.003,3086,2030,1.130,1.950,1.480,2,0,3.001,0,0,18,314,0,17,0
02-03 17:16:56,53.462,11.852,34.548,0,0,5129464,406228,181704,2299060,3397.335,544.703,8.070,209.812,2.017,21.183,3933,2623,1.130,1.950,1.480,3,0,6.052,0,0,18,303,0,18,0
02-03 17:16:57,74.611,8.484,12.976,3.493,0,5055936,479404,181704,2299416,3435.595,538.995,159.702,2762.849,5.989,373.304,5034,3259,1.130,1.950,1.480,4,0,9.981,0,0,18,291,0,19,0
02-03 17:16:58,67.660,9.452,18.656,2.985,0,5256372,277072,181704,2301316,9533.061,525.358,378.099,887.537,10.945,75.620,7264,9055,1.130,1.950,1.480,3,0,2.985,0,0,18,289,2,29,0
02-03 17:16:59,36.168,4.989,54.876,2.993,0,5235672,296476,181704,2302620,7071.956,622.588,323.267,299.321,18.957,23.946,6951,9300,1.130,1.950,1.480,2,0,2.993,0,0,18,289,2,30,0
02-03 17:17:00,25.497,4.039,70.433,0.252,0,5276368,254908,181704,2303492,9412.253,630.109,0,266.585,0,21.206,4539,7032,1.280,1.960,1.490,3,0,1.010,0,0,18,291,2,33,0
02-03 17:17:01,3.234,0.995,94.289,0.498,0,5277724,253396,181704,2303648,8545.187,537.371,0,1273.767,0,15.922,1706,2692,1.280,1.960,1.490,0,0,0.995,0,0,18,293,0,33,0
02-03 17:17:02,2.000,1.750,94.995,0.250,0,5277948,253172,181704,2303648,7972.615,581.972,0,8323.598,0,155.992,1688,2106,1.280,1.960,1.490,2,0,3.000,0,0,18,293,2,33,0
02-03 17:17:03,2.503,1.502,71.083,22.276,0,5278616,252500,181704,2303652,7785.086,582.680,0,18121.149,0,129.151,1976,2840,1.280,1.960,1.490,0,2,2.002,0,0,18,293,2,33,0
02-03 17:17:04,1.249,3.496,77.916,15.483,0,5298800,232316,181704,2303652,4194.476,581.373,0,24377.708,0,234.747,2147,3073,1.280,1.960,1.490,1,0,0,0,0,18,293,2,33,0
02-03 17:17:05,2.000,2.250,93.985,0,0,5293512,237604,181704,2303652,4470.263,539.911,0,19824.734,0,328.946,1848,2703,1.260,1.950,1.490,0,0,0,0,0,18,293,2,33,0
02-03 17:17:06,1.500,1.750,90.764,4.751,0,5285696,245416,181704,2303652,7869.199,486.074,0,19066.906,0,330.050,1788,2583,1.260,1.950,1.490,0,0,0,0,0,18,293,0,33,0
02-03 17:17:07,2.492,1.993,67.529,27.410,0,5273952,257160,181704,2303652,4772.385,538.239,0,22430.610,0,578.108,2207,2822,1.260,1.950,1.490,1,4,0,0,0,18,293,0,33,0
02-03 17:17:08,1.505,1.505,69.489,25.086,0,5264232,266868,181704,2303672,9180.567,541.863,16.055,17745.015,1.003,767.639,2079,2682,1.260,1.950,1.490,0,1,0,0,0,18,293,0,33,0
02-03 17:17:09,1.750,1.750,85.759,9.001,0,5264484,266616,181704,2303672,7431.745,582.058,0,18861.891,0,203.020,1939,2608,1.260,1.950,1.490,0,0,0,0,0,18,293,2,33,0
02-03 17:17:10,3.232,1.989,86.009,8.452,0,5264480,266616,181708,2303672,7251.636,578.699,3.977,27184.933,0.994,179.973,1765,2324,1.240,1.930,1.490,2,0,0,0,0,18,293,2,33,0
02-03 17:17:11,1.500,1.000,95.755,0.500,0,5264872,266316,181708,2303672,7724.383,582.029,0,388.019,0,11.001,1198,1711,1.240,1.930,1.490,1,0,1.000,0,0,18,293,2,33,0
02-03 17:17:12,1.508,0.754,96.495,0,0,5264832,266316,181708,2303712,4646.848,585.002,0,64.330,0,6.031,1086,1597,1.240,1.930,1.490,0,0,0,0,0,18,293,0,33,0
02-03 17:17:13,1.751,0.750,91.035,5.502,0,5265280,265868,181708,2303712,5122.946,528.201,0,5005.901,0,355.135,1447,1728,1.240,1.930,1.490,0,0,0,0,0,18,293,0,33,0
02-03 17:17:14,2.000,0.250,95.013,1.500,0,5265280,265868,181708,2303712,9190.219,582.077,0,60.008,0,6.001,1165,1661,1.240,1.930,1.490,0,0,0,0,0,18,293,0,33,0
02-03 17:17:15,1.750,1.000,96.491,0,0,5265504,265644,181708,2303712,5519.482,539.949,0,103.990,0,2.000,1181,1716,1.140,1.900,1.480,0,0,0,0,0,18,293,0,33,0
02-03 17:17:16,1.750,1.000,96.510,0,0,5265504,265644,181708,2303712,7977.822,634.065,0,712.073,0,6.001,1148,1652,1.140,1.900,1.480,2,0,0,0,0,18,293,0,33,0
02-03 17:17:17,2.500,0.500,94.743,1.000,0,5265492,265644,181708,2303724,5414.596,539.960,0,219.984,0,20.998,1433,2141,1.140,1.900,1.480,0,0,0,0,0,18,293,0,33,0
02-03 17:17:18,2.246,0.998,88.589,6.488,0,5265488,265644,181712,2303724,8779.057,539.021,0,2958.627,0,181.670,1845,2901,1.140,1.900,1.480,1,0,1.996,0,0,18,293,0,33,0
02-03 17:17:19,8.037,15.321,73.844,1.256,0,5287832,243080,181712,2303944,7409.475,584.721,196.916,329.533,10.047,31.145,5935,5823,1.140,1.900,1.480,1,0,447.080,0,0,18,293,2,33,0
02-03 17:17:20,9.004,19.759,70.531,0.250,0,5287828,243048,181712,2303980,4679.052,582.255,0,176.077,0,8.004,6745,6164,1.130,1.880,1.470,1,0,516.226,0,0,18,293,2,33,0
02-03 17:17:21,8.490,20.725,66.921,2.497,0,5280064,250760,181720,2304024,7807.770,527.377,3.995,3148.278,0.999,72.914,7507,7294,1.130,1.880,1.470,3,0,688.186,0,0,18,293,2,33,0
02-03 17:17:22,8.225,18.693,69.039,1.994,0,5284960,245768,181728,2304112,10238.773,538.358,51.842,55.830,8.973,5.982,6646,6111,1.130,1.880,1.470,1,1,542.346,0,0,18,293,0,33,0
02-03 17:17:23,17.264,3.503,74.560,4.253,0,5326276,148304,181884,2360104,7569.071,1192.957,56197.077,16.013,468.376,3.002,3330,3245,1.130,1.880,1.470,0,0,29.023,0,0,18,294,0,33,0
02-03 17:17:24,1.990,0.746,95.279,0,0,5326072,148304,181884,2360308,222995.038,6448.107,0,0,0,0,1528,1895,1.130,1.880,1.470,1,0,0,0,0,18,294,0,33,0
02-03 17:17:25,3.014,1.256,93.676,0,0,5325056,148304,181884,2361324,1081302.142,33030.049,0,0,0,0,2336,2481,1.120,1.870,1.470,0,0,2.009,0,0,18,294,0,33,0
02-03 17:17:26,3.252,1.251,93.569,0.250,0,5322220,150260,181884,2362204,933330.635,22671.776,0,2954.186,0,17.013,2248,2198,1.120,1.870,1.470,0,1,0,0,0,18,294,0,33,0
02-03 17:17:27,2.749,1.500,94.473,0.250,0,5319776,152304,181884,2362604,434826.390,9975.141,0,275.921,0,13.996,2033,2391,1.120,1.870,1.470,1,0,0,0,0,18,294,0,33,0
02-03 17:17:28,3.000,1.500,93.491,0.250,0,5317116,154096,181884,2363472,921452.592,20739.010,0,1511.855,0,19.998,2355,2357,1.120,1.870,1.470,0,0,0,0,0,18,294,0,33,0
02-03 17:17:29,2.000,1.250,94.749,0.500,0,5315256,155660,181884,2363768,292787.116,5776.963,0,639.996,0,32.000,1740,2327,1.120,1.870,1.470,0,0,0,0,0,18,294,0,33,0
02-03 17:17:30,2.250,0.750,95.507,0,0.250,5313444,156968,181892,2364264,506457.324,10968.787,4.000,488.035,1.000,6.000,1592,1946,1.030,1.840,1.460,0,0,0,0,0,18,294,0,33,0
02-03 17:17:31,11.264,5.256,72.338,10.262,0,5348528,149412,182156,2336776,200391.472,3117.788,4389.333,1157.406,157.191,51.062,3181,3213,1.030,1.840,1.460,0,1,35.043,0,0,18,293,0,34,0
02-03 17:17:32,8.022,7.270,69.688,13.286,0,5330820,182112,182136,2322152,6761.209,541.458,8.022,21281.313,2.005,518.396,6257,9274,1.030,1.840,1.460,1,1,29.078,0,0,18,293,0,34,0
02-03 17:17:33,7.754,8.504,65.032,16.508,0,5333424,177804,182260,2323700,8569.257,540.268,0,4442.207,0,458.228,5011,6055,1.030,1.840,1.460,0,2,56.028,0,0,18,293,0,36,0
02-03 17:17:34,8.963,6.971,60.751,21.910,0,5347492,162100,182364,2325132,6754.277,537.793,3.984,5218.581,0.996,741.955,4802,13845,1.030,1.840,1.460,0,1,62.742,0,0,18,293,0,35,0
02-03 17:17:35,4.749,6.749,72.735,13.747,0,5343684,162348,182592,2328388,4449.100,539.891,0,5610.865,0,515.896,4037,5131,0.950,1.810,1.450,0,0,44.991,0,0,18,293,0,35,0
02-03 17:17:36,15.000,5.750,69.249,8.750,0,5340648,163312,182744,2330260,4094.937,485.993,147.998,3795.942,5.000,287.996,3365,3515,0.950,1.810,1.450,0,1,25.000,0,0,18,293,0,35,0
02-03 17:17:37,21.823,6.773,66.724,3.763,0,5343832,159184,182768,2331036,7387.788,583.959,0,1476.956,0,98.330,3717,3484,0.950,1.810,1.450,3,0,35.118,0,0,18,293,2,35,0
02-03 17:17:38,20.702,7.483,67.343,3.242,0,5348204,154084,182824,2331628,6391.110,580.647,0,1420.690,0,85.800,3534,2981,0.950,1.810,1.450,3,0,29.930,0,0,18,293,2,34,0
02-03 17:17:39,20.823,4.767,69.241,4.767,0,5335764,163028,183056,2334472,7897.538,584.036,32.112,1324.619,1.003,65.227,3514,3609,0.950,1.810,1.450,1,1,19.066,0,0,18,293,2,34,0
02-03 17:17:40,21.655,3.734,67.453,5.476,0,5340772,154372,183140,2337140,5723.784,537.631,286.737,732.772,34.846,33.851,2888,3077,0.950,1.790,1.450,0,1,7.965,0,0,18,293,0,34,0
02-03 17:17:41,11.195,5.473,69.655,12.190,0,5400096,123616,183200,2308884,7246.130,579.133,238.818,8692.968,29.852,302.503,4287,5719,0.950,1.790,1.450,4,0,18.906,0,0,18,293,2,34,0
02-03 17:17:42,15.529,8.766,70.880,3.506,0,5365292,153404,183504,2311956,8213.099,583.072,2288.207,124.228,54.099,5.009,3114,2623,0.950,1.790,1.450,2,0,44.081,0,0,18,293,2,34,0
02-03 17:17:43,20.407,6.047,71.048,2.771,0,5379348,149276,183544,2301480,4510.792,586.524,274.114,2821.764,21.163,21.163,2801,2331,0.950,1.790,1.450,3,0,33.257,0,0,18,293,2,34,0
02-03 17:17:44,9.955,2.489,84.123,0.996,0,5312100,276780,183556,2241276,4571.521,483.833,27.875,67.697,3.982,6.969,2088,2194,0.950,1.790,1.450,2,0,15.929,0,0,18,293,0,34,0
02-03 17:17:45,1.999,0.750,96.707,0,0,5310676,278204,183556,2241276,7917.446,581.739,0,47.978,0,1.999,1112,1616,0.870,1.760,1.440,0,0,0,0,0,18,293,2,34,0
02-03 17:17:46,2.500,1.000,95.748,0,0,5310416,278460,183556,2241280,6790.837,581.986,0,8.000,0,2.000,1284,1693,0.870,1.760,1.440,1,0,6.000,0,0,18,293,2,34,0
02-03 17:17:47,2.501,1.250,92.525,2.751,0,5310432,278460,183556,2241280,9607.563,582.155,0,280.075,0,24.006,1586,2249,0.870,1.760,1.440,2,0,0,0,0,18,293,2,34,0
02-03 17:17:48,2.491,0.747,94.141,1.245,0,5310420,278460,183556,2241292,7187.606,537.950,0,414.421,0,36.860,1531,2263,0.870,1.760,1.440,5,1,1.992,0,0,18,293,0,34,0
02-03 17:17:49,2.256,0.501,95.268,1.003,0,5309940,278892,183556,2241340,8825.874,541.526,32.090,228.644,1.003,25.071,1460,2321,0.870,1.760,1.440,1,0,0,0,0,18,293,0,34,0
02-03 17:17:50,2.001,1.000,94.037,2.251,0,5308680,280152,183556,2241340,7889.063,540.210,0,1692.657,0,314.122,1361,1709,0.800,1.730,1.440,0,0,0,0,0,18,293,0,27,0
02-03 17:17:51,1.751,0.500,96.065,0.250,0,5307172,281660,183556,2241340,4274.904,528.359,0,504.343,0,32.022,1235,1812,0.800,1.730,1.440,0,0,1.001,0,0,18,293,2,27,0
02-03 17:17:52,2.250,0.750,96.742,0,0,5305852,282980,183556,2241340,7718.364,581.952,0,4.000,0,1.000,1165,1650,0.800,1.730,1.440,0,0,0,0,0,18,293,2,27,0
02-03 17:17:53,2.003,0.751,96.659,0,0,5304700,284132,183556,2241340,4934.136,582.961,0,0,0,0,1066,1573,0.800,1.730,1.440,2,0,0,0,0,18,293,2,27,0
02-03 17:17:54,1.497,0.499,96.572,0,0,5304316,284516,183556,2241340,3994.642,539.007,0,0,0,0,1083,1642,0.800,1.730,1.440,1,0,0,0,0,18,293,0,26,0
02-03 17:17:55,1.750,0.750,96.758,0,0,5304316,284516,183556,2241340,8953.778,540.047,0,0,0,0,1146,1647,0.740,1.700,1.430,0,0,0,0,0,18,293,0,26,0
02-03 17:17:56,1.750,1.000,96.522,0,0,5304312,284516,183556,2241344,8554.962,540.124,0,68.016,0,3.001,1192,1693,0.740,1.700,1.430,0,0,0,0,0,18,293,0,26,0
02-03 17:17:57,2.249,0.750,95.712,0.250,0,5304312,284516,183556,2241344,7849.873,539.785,0,115.954,0,12.995,1436,2114,0.740,1.700,1.430,0,0,0,0,0,18,293,0,26,0
02-03 17:17:58,2.001,1.001,96.051,0.250,0,5304308,284516,183556,2241348,6040.193,486.257,0,272.144,0,25.013,1236,1811,0.740,1.700,1.430,0,0,0,0,0,18,293,0,14,0
02-03 17:17:59,1.500,0.750,95.247,1.000,0,5304284,284516,183556,2241372,5111.814,539.980,23.999,223.992,2.000,25.999,1457,2316,0.740,1.700,1.430,0,0,0,0,0,18,293,0,8,0
02-03 17:18:00,1.749,0.250,96.717,0,0,5304284,284516,183556,2241372,9155.886,539.816,0,107.963,0,7.997,1189,1732,0.680,1.680,1.420,0,0,0,0,0,18,293,0,8,0
02-03 17:18:01,1.500,0.750,96.018,0.500,0,5304284,284516,183556,2241372,7473.422,582.111,0,184.035,0,14.003,1224,1757,0.680,1.680,1.420,0,0,1.000,0,0,18,293,2,8,0
02-03 17:18:02,2.000,0.500,96.741,0,0,5304280,284516,183560,2241372,10980.942,581.944,4.000,179.983,1.000,6.999,1208,1659,0.680,1.680,1.420,0,0,0,0,0,18,293,2,8,0
02-03 17:18:03,2.251,0.750,95.030,0.250,0,5304276,284516,183560,2241376,6763.140,582.184,0,376.119,0,29.009,1390,2128,0.680,1.680,1.420,3,1,2.001,0,0,18,293,2,4,0
02-03 17:18:04,1.500,1.000,95.239,1.000,0,5304268,284516,183560,2241384,8634.999,539.937,0,111.987,0,14.998,1332,2055,0.680,1.680,1.420,0,0,0,0,0,18,293,0,4,0
02-03 17:18:05,1.750,0.250,96.729,0,0,5304268,284516,183560,2241384,7149.473,539.885,0,0,0,0,1135,1681,0.620,1.650,1.410,1,0,0,0,0,18,293,0,4,0
02-03 17:18:06,2.000,0.750,94.272,2.251,0,5304268,284516,183560,2241384,3606.845,486.114,0,620.145,0,108.025,1241,1790,0.620,1.650,1.410,0,0,0,0,0,18,293,0,4,0
02-03 17:18:07,2.250,1.250,94.987,0.250,0,5304264,284516,183560,2241388,3700.497,539.927,0,1183.839,0,34.995,1510,2229,0.620,1.650,1.410,0,0,0,0,0,18,293,0,4,0
02-03 17:18:08,2.500,0.500,93.001,2.750,0,5304264,284516,183560,2241388,8013.106,540.007,0,1988.026,0,104.001,1498,2269,0.620,1.650,1.410,0,0,0,0,0,18,293,0,4,0
02-03 17:18:09,2.000,0.750,96.496,0,0,5304264,284516,183560,2241388,7819.700,539.979,0,51.998,0,5.000,1116,1594,0.620,1.650,1.410,0,0,0,0,0,18,293,0,4,0
02-03 17:18:10,1.500,0.750,96.753,0,0,5304260,284516,183560,2241392,6519.233,540.019,0,4.000,0,1.000,1120,1617,0.570,1.620,1.400,1,0,0,0,0,18,293,0,4,0
02-03 17:18:11,2.001,1.250,95.035,0.250,0,5304216,284516,183560,2241436,9824.585,540.197,0,256.093,0,23.008,1520,2155,0.570,1.620,1.400,0,0,1.000,0,0,18,293,0,4,0
02-03 17:18:12,1.999,1.999,91.473,3.499,0,5304208,284516,183564,2241440,10495.890,539.840,0,61557.759,0,197.941,1521,1923,0.570,1.620,1.400,0,0,0,0,0,18,293,0,4,0
02-03 17:18:13,2.000,1.000,95.755,1.000,0,5304208,284516,183564,2241440,7226.372,486.025,0,108.006,0,6.000,1209,1749,0.570,1.620,1.400,0,0,0,0,0,18,293,0,4,0
02-03 17:18:14,7.962,2.737,83.348,4.478,0,5314172,272344,183800,2243408,3791.715,537.408,2193.422,55.731,329.411,6.966,2085,2635,0.570,1.620,1.400,2,0,4.976,0,0,18,293,0,4,0
02-03 17:18:15,14.767,3.003,78.588,3.003,0,5324652,259884,184076,2244496,11777.208,8675.730,1209.356,0,249.280,0,3452,4797,0.690,1.630,1.410,2,0,0,0,0,18,298,0,4,0
02-03 17:18:16,16.225,4.493,76.134,1.248,0,5335684,248672,184076,2244680,18375.040,9421.663,19.970,890.645,1.997,13.979,2944,2978,0.690,1.630,1.410,2,0,4.992,0,0,18,300,0,5,0
02-03 17:18:17,18.847,3.016,73.378,3.769,0,5345844,238476,184076,2244716,10391.542,4422.788,16.083,1459.520,1.005,228.176,2874,2943,0.690,1.630,1.410,1,0,5.026,0,0,18,304,0,6,0
02-03 17:18:18,15.953,3.240,79.017,1.246,0,5361700,222380,184076,2244956,17421.529,9778.111,0,358.940,0,35.894,3147,3597,0.690,1.630,1.410,2,1,6.979,0,0,18,303,1,7,0
02-03 17:18:19,13.290,3.009,80.495,1.505,0,5353104,230960,184076,2244972,14320.624,11357.598,0,252.770,0,31.095,2824,3267,0.690,1.630,1.410,0,0,5.015,0,0,18,304,2,8,0
02-03 17:18:20,13.498,3.250,80.738,0.750,0,5345468,238456,184076,2245112,18832.253,10979.398,0,555.919,0,34.995,2881,3324,0.630,1.600,1.400,0,0,4.999,0,0,18,304,2,9,0
02-03 17:18:21,35.657,6.278,56.247,0.502,0,5160760,423012,184076,2245264,17822.229,9082.868,0,285.252,0,32.141,4023,3503,0.630,1.600,1.400,4,0,20.088,0,0,18,297,2,11,0
02-03 17:18:22,34.099,9.707,52.020,3.485,0,5160164,423684,184076,2245292,8230.632,537.624,31.859,119.472,5.974,8.960,2982,1989,0.630,1.600,1.400,3,0,3.982,0,0,18,295,0,12,0
02-03 17:18:23,64.706,9.993,21.735,2.748,0,5238880,344676,184076,2245584,7481.950,539.636,103.930,1383.066,6.995,77.947,4136,2157,0.630,1.600,1.400,4,0,0,0,0,18,295,0,12,0
02-03 17:18:24,60.308,12.062,15.077,12.313,0,5221992,357860,184076,2249284,6888.170,542.771,3891.871,164.842,254.298,16.082,4628,3049,0.630,1.600,1.400,4,2,6.031,0,0,18,291,0,12,0
02-03 17:18:25,59.219,10.450,26.623,3.732,0,5296036,280564,184076,2252556,4108.472,537.446,2484.193,127.394,231.898,13.934,4456,4957,0.900,1.640,1.410,2,0,2.986,0,0,18,291,0,16,0
02-03 17:18:26,57.482,10.247,30.490,1.500,0,5123996,451148,184076,2254160,7668.566,539.829,283.910,215.931,12.996,23.992,5599,8470,0.900,1.640,1.410,5,0,8.997,0,0,18,293,0,17,0
02-03 17:18:27,38.865,6.269,42.877,11.284,0,5232344,341520,184076,2255468,5330.834,541.609,1247.706,4216.524,47.140,412.224,3344,2347,0.900,1.640,1.410,1,1,2.006,0,0,18,293,0,17,0
02-03 17:18:28,23.442,4.239,68.331,2.993,0,5292056,279948,184076,2257328,7803.653,526.694,594.526,474.823,22.943,52.869,7594,12480,0.900,1.640,1.410,0,0,1.995,0,0,18,297,2,24,0
02-03 17:18:29,4.493,2.246,92.103,0,0,5292168,279708,184076,2257456,5295.558,581.074,0,235.624,0,14.976,3077,5394,0.900,1.640,1.410,3,0,0.998,0,0,18,297,2,24,0
02-03 17:18:30,4.507,1.502,91.902,1.252,0,5292404,279468,184076,2257460,3341.544,582.967,0,600.997,0,50.083,2028,2732,0.830,1.610,1.410,1,0,0,0,0,18,297,2,25,0
02-03 17:18:31,3.000,0.500,93.745,0.500,0,5292388,279468,184076,2257476,10645.474,539.973,0,1615.920,0,28.999,1715,2337,0.830,1.610,1.410,1,0,1.000,0,0,18,297,0,24,0
02-03 17:18:32,1.750,0.750,96.507,0,0,5292640,279216,184076,2257476,7728.588,582.044,0,104.008,0,8.001,1188,1763,0.830,1.610,1.410,0,0,0,0,0,18,297,2,24,0
02-03 17:18:33,2.251,1.001,83.293,12.506,0,5289892,281964,184076,2257476,5051.606,582.300,0,8432.350,0,1079.557,2125,2259,0.830,1.610,1.410,2,0,2.001,0,0,18,297,2,24,0
02-03 17:18:34,6.516,3.258,89.214,0.251,0,5312304,259544,184076,2261056,8981.577,583.402,0,224.539,0,14.034,2425,11122,0.830,1.610,1.410,5,0,36.087,0,0,19,298,2,24,0
02-03 17:18:35,2.243,0.748,95.217,0.499,0,5275196,296648,184076,2257488,5195.533,538.397,0,131.608,0,15.953,1370,2315,0.760,1.590,1.400,0,0,0,0,0,18,297,0,22,0
02-03 17:18:36,1.500,0.750,96.273,0.250,0,5275548,296324,184076,2257492,7211.736,486.117,0,268.065,0,19.005,1260,1832,0.760,1.590,1.400,0,0,0,0,0,18,297,0,22,0
02-03 17:18:37,1.992,0.747,96.125,0,0,5275548,296324,184076,2257492,5316.269,537.902,0,83.674,0,11.953,1331,2009,0.760,1.590,1.400,1,0,0,0,0,18,297,0,22,0
02-03 17:18:38,2.007,0.251,95.341,1.254,0,5275800,296072,184076,2257492,5443.442,584.086,0,192.688,0,15.054,1087,1635,0.760,1.590,1.400,0,0,0,0,0,18,297,2,22,0
02-03 17:18:39,1.500,0.750,97.000,0,0,5275800,296072,184076,2257492,7914.021,582.002,0,0,0,0,1038,1533,0.760,1.590,1.400,0,0,0,0,0,18,297,2,22,0
02-03 17:18:40,1.750,0.500,96.259,0,0,5275796,296072,184076,2257496,5626.521,582.054,0,120.011,0,10.001,1183,1765,0.700,1.560,1.390,1,0,0,0,0,18,297,2,22,0
02-03 17:18:41,2.500,0.500,96.248,0,0,5276044,295824,184076,2257496,7597.814,539.987,0,0,0,0,1179,1701,0.700,1.560,1.390,0,0,1.000,0,0,18,297,0,22,0
02-03 17:18:42,1.750,0.750,97.237,0,0,5276044,295824,184076,2257496,7299.012,539.927,0,0,0,0,1119,1648,0.700,1.560,1.390,1,0,0,0,0,18,297,0,22,0
02-03 17:18:43,1.751,0.500,96.306,0.500,0,5276044,295824,184076,2257496,7862.603,486.285,0,1084.635,0,110.064,1232,1730,0.700,1.560,1.390,0,0,0,0,0,18,297,0,22,0
02-03 17:18:44,1.499,0.500,88.703,7.246,0,5276280,295600,184076,2257496,10665.310,609.675,0,559.701,0,114.939,1323,1819,0.700,1.560,1.390,0,0,1.999,0,0,18,297,0,22,0
02-03 17:18:45,2.000,0.500,96.740,0,0,5276276,295600,184076,2257500,6112.362,539.944,0,23.997,0,3.000,1037,1638,0.650,1.530,1.380,0,0,0,0,0,18,297,0,22,0
02-03 17:18:46,15.232,6.492,76.158,1.498,0,5206396,364584,184220,2258156,5144.787,777.062,511.382,51.937,31.961,3.995,3050,3082,0.650,1.530,1.380,5,0,76.907,0,0,18,293,0,24,0
02-03 17:18:47,29.545,5.759,63.847,0.501,0,4954996,616064,184220,2258200,10431.801,713.080,56.085,244.370,1.002,25.038,3010,2528,0.650,1.530,1.380,1,0,8.012,0,0,18,293,0,24,0
02-03 17:18:48,24.265,4.503,69.292,0.750,0,5023204,547080,184220,2258996,8812.336,902.547,72.044,432.262,6.004,35.021,3391,5180,0.650,1.530,1.380,3,1,6.004,0,0,18,293,2,24,0
02-03 17:18:49,22.387,4.975,70.893,0.249,0,5142364,427800,184220,2259132,7596.796,758.187,0,127.360,0,11.940,2930,2755,0.650,1.530,1.380,3,0,16.915,0,0,18,297,2,26,0
02-03 17:18:50,23.979,2.748,72.437,0,0,5161328,408644,184220,2259324,7972.085,527.542,0,0,0,0,2302,1954,0.670,1.520,1.380,1,0,0.999,0,0,18,297,2,26,0
02-03 17:18:51,2.262,0.503,95.772,0.503,0,5160712,409260,184220,2259324,10818.950,542.958,0,253.381,0,15.082,1246,1793,0.670,1.520,1.380,2,0,1.005,0,0,18,297,0,26,0
02-03 17:18:52,1.999,0.750,95.203,0.500,0,5156948,413020,184224,2259324,9248.422,539.733,0,291.856,0,28.986,1463,2119,0.670,1.520,1.380,1,0,0,0,0,18,297,0,26,0
02-03 17:18:53,1.988,0.994,96.656,0,0,5153676,416292,184224,2259324,4264.792,675.847,0,35.780,0,4.969,1114,1688,0.670,1.520,1.380,1,0,0,0,0,18,297,0,26,0
02-03 17:18:54,2.013,0.503,96.368,0,0,5150592,419376,184224,2259324,3692.679,543.485,0,185.188,0,1.006,1185,1708,0.670,1.520,1.380,0,0,0,0,0,18,297,0,26,0
02-03 17:18:55,6.251,2.250,85.259,4.751,0,5164440,405508,184224,2259344,9291.023,540.059,0,2560.282,0,148.016,2815,4348,0.700,1.510,1.380,0,0,0,0,0,18,297,0,26,0
02-03 17:18:56,2.000,0.750,96.259,0,0,5160356,409592,184224,2259344,6085.595,630.062,0,32.003,0,4.000,1264,1803,0.700,1.510,1.380,0,0,0,0,0,18,297,0,26,0
02-03 17:18:57,2.501,1.000,95.531,0.250,0,5156716,413232,184224,2259344,7231.325,486.156,0,92.030,0,12.004,1468,2120,0.700,1.510,1.380,0,0,0,0,0,18,297,0,26,0
02-03 17:18:58,1.749,0.500,96.186,0,0,5153316,416632,184224,2259344,6440.721,539.642,0,179.881,0,11.992,1228,1779,0.700,1.510,1.380,0,0,0,0,0,18,297,0,26,0
02-03 17:18:59,1.500,0.750,96.766,0,0,5150336,419612,184224,2259344,6561.066,540.088,0,32.005,0,4.001,1181,1754,0.700,1.510,1.380,0,0,0,0,0,18,297,0,26,0
02-03 17:19:00,1.748,0.749,96.162,0,0,5147928,422020,184224,2259344,6924.632,539.504,0,7.993,0,1.998,1182,1733,0.640,1.490,1.370,0,0,0,0,0,18,297,0,26,0
02-03 17:19:01,2.990,0.997,95.172,0.997,0,5146520,423424,184224,2259348,5185.153,677.668,0,203.300,0,8.969,1334,2189,0.640,1.490,1.370,2,0,0.997,0,0,18,297,0,26,0
02-03 17:19:02,1.506,0.502,96.659,0,0,5145200,424740,184224,2259352,7509.815,542.297,0,373.583,0,1.004,1159,1671,0.640,1.490,1.370,0,0,0,0,0,18,297,0,26,0
02-03 17:19:03,1.501,1.000,96.032,0,0,5144608,425328,184224,2259356,6938.328,540.181,0,148.050,0,12.004,1343,2072,0.640,1.490,1.370,1,0,0,0,0,18,297,0,26,0
02-03 17:19:04,2.749,0.250,94.730,1.000,0,5144608,425328,184224,2259356,4028.160,539.887,0,115.976,0,13.997,1327,2067,0.640,1.490,1.370,0,0,0,0,0,18,297,0,26,0
02-03 17:19:05,1.500,1.000,91.728,4.749,0,5144608,425324,184224,2259360,7945.071,485.882,0,4298.956,0,555.865,1617,1804,0.590,1.460,1.360,0,0,0,0,0,18,297,0,26,0
02-03 17:19:06,2.001,0.500,96.030,0.250,0,5144608,425324,184224,2259360,8752.743,582.182,0,300.094,0,23.007,1203,1738,0.590,1.460,1.360,0,0,0,0,0,18,297,2,26,0
02-03 17:19:07,2.502,1.251,93.586,1.501,0,5144604,425324,184224,2259364,7616.985,672.617,0,192.176,0,25.023,1557,2237,0.590,1.460,1.360,0,0,0,0,0,18,297,2,26,0
02-03 17:19:08,1.748,0,96.377,0.250,0,5144604,425324,184224,2259364,7575.297,581.255,0,175.775,0,10.986,1131,1689,0.590,1.460,1.360,0,0,0,0,0,18,297,2,26,0
02-03 17:19:09,2.750,1.500,95.262,0,0,5144364,425324,184224,2259604,3661.478,582.076,240.031,32.004,4.001,4.001,1291,1864,0.590,1.460,1.360,0,0,0,0,0,18,297,0,26,0
02-03 17:19:10,1.750,1.000,95.998,0,0,5144324,425324,184224,2259644,9083.850,581.990,0,4.000,0,1.000,1219,1731,0.550,1.440,1.360,0,0,0,0,0,18,297,2,26,0
02-03 17:19:11,1.999,0.999,96.188,0,0,5144288,425324,184224,2259680,5699.331,581.626,0,3.997,0,0.999,1255,1776,0.550,1.440,1.360,1,0,0.999,0,0,18,297,2,26,0
02-03 17:19:12,1.501,0.750,96.309,0,0,5144288,425324,184224,2259680,3863.363,528.323,0,48.029,0,3.002,1170,1749,0.550,1.440,1.360,0,0,1.001,0,0,18,297,2,26,0
02-03 17:19:13,2.501,0.250,96.523,0.250,0,5144288,425324,184224,2259680,14903.611,540.131,0,48.012,0,6.001,1208,1757,0.550,1.440,1.360,0,0,0,0,0,18,297,2,26,0
02-03 17:19:14,1.499,1.000,95.717,1.000,0,5144288,425324,184224,2259680,7421.473,539.816,0,323.890,0,60.979,1280,1779,0.550,1.440,1.360,0,0,0,0,0,18,297,0,26,0
02-03 17:19:15,2.251,0.250,95.796,0.250,0,5144288,425324,184224,2259680,9010.286,582.277,0,528.251,0,93.044,1286,1748,0.500,1.420,1.350,0,0,0,0,0,18,297,2,26,0
02-03 17:19:16,2.000,0.750,96.998,0,0,5144288,425324,184224,2259680,6957.875,675.988,0,4.000,0,1.000,1224,1749,0.500,1.420,1.350,0,0,0,0,0,18,297,2,25,0
02-03 17:19:17,6.516,14.285,77.438,1.002,0,5148288,421300,184224,2259704,6670.184,673.634,4.010,188.457,1.002,17.041,5064,4885,0.500,1.420,1.350,2,0,311.756,0,0,18,297,2,25,0
02-03 17:19:18,21.688,3.490,73.538,0,0,5217440,352136,184224,2259716,9488.702,2498.811,0,394.864,0,36.894,2391,2280,0.500,1.420,1.350,0,0,0,0,0,18,298,0,25,0
02-03 17:19:19,14.306,2.259,78.556,3.765,0,5219328,350120,184224,2259844,14162.181,8440.889,112.438,257.001,25.098,22.086,2852,3354,0.500,1.420,1.350,3,0,0,0,0,18,298,0,27,0
02-03 17:19:20,27.161,5.233,58.308,7.974,0,5248452,320648,184228,2260188,9459.856,1684.454,303.002,1024.627,17.941,129.573,6131,8472,0.620,1.430,1.350,5,0,4.984,0,0,18,297,0,24,0
02-03 17:19:21,37.856,6.518,52.648,1.755,0,5292432,276352,184240,2260492,17952.495,9450.582,144.406,176.496,7.020,10.028,3521,2838,0.620,1.430,1.350,2,0,27.076,0,0,18,301,2,27,0
02-03 17:19:22,20.475,9.239,69.666,0.250,0,5297088,271596,184240,2260560,37070.154,29322.526,15.981,195.763,0.999,8.989,4693,4429,0.620,1.430,1.350,2,0,128.844,0,0,18,297,2,36,0
02-03 17:19:23,8.190,16.628,72.715,0.496,0,5277312,291328,184240,2260604,18683.628,2301.081,0,170.745,0,12.905,5610,4945,0.620,1.430,1.350,2,0,340.496,0,0,18,297,2,38,0
02-03 17:19:24,20.861,4.273,71.630,2.011,0,5326256,242300,184244,2260684,4383.230,542.877,72.384,361.918,4.021,8.043,2253,2082,0.620,1.430,1.350,1,0,2.011,0,0,18,297,0,38,0
02-03 17:19:25,22.009,3.001,68.529,5.752,0,5368608,198732,184284,2261828,6429.750,540.231,480.205,2176.931,47.020,118.050,2518,2771,0.650,1.420,1.350,1,0,0,0,0,18,297,0,35,0
02-03 17:19:26,25.097,4.266,67.260,2.259,0,5372392,188452,184464,2267664,9925.384,542.096,2598.047,666.578,267.033,10.039,4864,6896,0.650,1.420,1.350,1,0,4.016,0,0,18,297,0,35,0
02-03 17:19:27,26.615,4.229,66.662,2.487,0,5421612,138908,184464,2267912,7935.783,537.277,27.859,628.813,1.990,49.748,4739,6166,0.650,1.420,1.350,5,0,0,0,0,18,298,0,36,0
02-03 17:19:28,23.517,3.502,66.547,4.753,0,5420644,139336,184468,2268452,8230.812,486.343,228.161,760.537,30.021,84.059,5967,8479,0.650,1.420,1.350,1,0,0,0,0,18,301,0,38,0
02-03 17:19:29,20.749,2.750,63.747,11.249,0,5419616,139336,184468,2269492,5487.721,539.973,895.954,1247.937,57.997,166.992,4627,6416,0.650,1.420,1.350,1,0,1.000,0,0,18,308,0,28,0
02-03 17:19:30,5.749,1.250,84.229,6.498,0,5419500,139336,184468,2269608,8134.974,539.866,31.992,3643.093,2.000,226.943,2570,3717,0.600,1.390,1.340,0,0,1.000,0,0,18,306,0,31,0
02-03 17:19:31,19.012,4.003,69.045,7.005,0,5419228,139084,184472,2270128,6744.351,582.376,128.083,2145.384,7.005,255.165,6488,9727,0.600,1.390,1.340,1,0,1.001,0,0,18,309,2,32,0
02-03 17:19:32,20.263,3.502,64.541,8.756,0,5417044,141112,184472,2270300,5331.423,582.374,16.010,3378.169,1.001,277.178,6600,10030,0.600,1.390,1.340,2,0,0,0,0,18,309,2,33,0
02-03 17:19:33,16.490,3.248,72.704,7.245,0,5405872,152000,184472,2270584,9124.263,581.634,15.990,3949.517,0.999,306.807,5889,9220,0.600,1.390,1.340,0,0,0,0,0,18,308,2,33,0
02-03 17:19:34,10.532,2.508,82.500,3.260,0,5394608,163148,184472,2270700,7596.989,541.639,16.049,1480.480,1.003,162.492,4222,6250,0.600,1.390,1.340,1,0,0,0,0,18,309,0,33,0
02-03 17:19:35,22.253,6.251,52.257,16.252,0,5415536,141928,184480,2270968,3340.460,540.074,16.002,9109.254,1.000,630.087,8724,20418,0.710,1.400,1.350,1,1,36.005,0,0,18,309,0,35,0
02-03 17:19:36,16.981,3.996,58.434,17.980,0,5411640,145708,184480,2271084,7364.707,485.453,0,7207.884,0,883.006,7076,9833,0.710,1.400,1.350,2,0,0,0,0,18,307,0,36,0
02-03 17:19:37,3.492,0.499,91.552,2.744,0,5409520,147672,184480,2271240,6622.673,538.834,0,1496.762,0,111.758,2070,3297,0.710,1.400,1.350,0,0,0,0,0,18,308,0,35,0
02-03 17:19:38,16.755,4.001,62.018,15.504,0,5407720,149376,184480,2271336,7607.205,540.157,0,1976.573,0,251.073,6388,9664,0.710,1.400,1.350,2,0,0,0,0,18,309,0,36,0
02-03 17:19:39,22.543,5.010,65.877,5.260,0.250,5405672,151064,184480,2271696,8837.027,541.042,0,2260.355,0,233.450,8027,12128,0.710,1.400,1.350,1,0,0,0,0,18,309,0,36,0
02-03 17:19:40,23.380,4.477,62.430,7.959,0,5404440,152032,184480,2271960,4070.110,537.243,0,2248.460,0,251.708,7991,12119,0.820,1.410,1.350,2,0,0,0,0,18,309,0,37,0
02-03 17:19:41,16.802,4.012,59.433,18.306,0,5402740,153468,184480,2272224,7776.906,541.665,0,5284.244,0,368.132,6583,10146,0.820,1.410,1.350,1,1,1.003,0,0,18,309,0,39,0
02-03 17:19:42,8.995,2.249,82.953,3.748,0,5401808,154360,184480,2272264,8619.088,539.692,0,2302.688,0,139.920,3829,5784,0.820,1.410,1.350,0,0,2.998,0,0,18,312,0,40,0
02-03 17:19:43,13.029,3.508,74.918,7.016,0,5400780,155308,184480,2272344,4316.670,487.091,0,1330.982,0,160.359,5012,7708,0.820,1.410,1.350,1,0,1.002,0,0,18,312,0,40,0
02-03 17:19:44,24.501,4.000,62.502,7.250,0,5399632,156172,184484,2272624,8295.204,540.013,0,2612.064,0,321.008,8468,13200,0.820,1.410,1.350,2,0,1.000,0,0,18,312,0,41,0
02-03 17:19:45,20.959,4.491,67.868,5.240,0,5400908,154300,184488,2273216,5259.761,538.951,287.440,1544.992,16.967,171.666,7113,10538,0.990,1.440,1.360,0,0,0,0,0,18,311,0,42,0
02-03 17:19:46,3.010,1.505,90.042,4.515,0,5402420,152788,184488,2273216,9666.326,541.756,0,1894.138,0,107.348,1750,2507,0.990,1.440,1.360,1,0,6.020,0,0,18,312,0,42,0
02-03 17:19:47,11.208,2.491,75.216,8.219,0,5403972,151024,184488,2273416,8543.720,537.967,99.624,2295.328,5.977,220.168,4122,6240,0.990,1.440,1.360,1,0,0,0,0,18,311,0,42,0
02-03 17:19:48,8.539,2.763,74.088,13.813,0,5404716,150268,184488,2273428,5879.798,542.472,0,6750.767,0,375.712,3448,5270,0.990,1.440,1.360,1,1,0,0,0,18,312,0,42,0
02-03 17:19:49,6.227,0.996,87.182,3.985,0,5404876,150016,184488,2273520,7590.346,579.887,0,968.472,0,103.622,2738,4076,0.990,1.440,1.360,0,0,1.993,0,0,18,311,2,39,0
02-03 17:19:50,17.191,4.235,72.003,4.485,0,5405148,149512,184488,2273764,7761.348,580.008,0,3631.530,0,397.635,6512,9862,0.990,1.430,1.360,2,0,0,0,0,18,312,2,41,0
02-03 17:19:51,21.879,4.275,62.618,9.808,0,5404836,149512,184488,2274076,8135.829,531.122,0,3468.390,0,379.229,8240,13075,0.990,1.430,1.360,2,0,1.006,0,0,18,312,2,42,0
02-03 17:19:52,18.369,4.220,65.037,10.922,0,5405044,149008,184488,2274372,5580.279,536.183,0,6199.869,0,582.851,6714,9603,0.990,1.430,1.360,3,0,0,0,0,18,313,0,45,0
02-03 17:19:53,3.765,1.255,89.109,4.267,0,5405028,149008,184488,2274388,7273.294,682.750,0,1337.387,0,114.461,2159,3401,0.990,1.430,1.360,0,0,0,0,0,18,311,0,45,0
02-03 17:19:54,18.024,3.755,68.592,8.011,0,5404908,149008,184488,2274508,7583.144,582.780,0,2086.792,0,246.330,6249,9494,0.990,1.430,1.360,1,1,0,0,0,18,312,2,45,0
02-03 17:19:55,17.982,4.246,54.946,20.230,0,5405240,148504,184488,2274680,3588.441,581.423,0,6785.271,0,511.493,7125,11049,0.990,1.430,1.360,1,2,0.999,0,0,18,312,2,46,0
02-03 17:19:56,22.505,4.501,64.015,7.752,0,5405864,147496,184488,2275064,5178.249,582.140,0,3204.773,0,260.063,7903,12104,0.990,1.430,1.360,3,0,0,0,0,18,313,2,47,0
02-03 17:19:57,14.765,3.504,63.064,16.016,0,5405616,147468,184488,2275340,7493.633,540.551,0,3103.161,0,389.397,6703,10198,0.990,1.430,1.360,0,1,0,0,0,18,311,0,48,0
02-03 17:19:58,18.277,4.507,60.090,15.774,0,5405908,147052,184488,2275464,7422.114,582.873,0,6702.035,0,874.309,7036,9912,0.990,1.430,1.360,1,0,0,0,0,18,312,2,48,0
02-03 17:19:59,19.104,3.722,59.545,14.638,0,5406808,146044,184488,2275572,6980.665,523.996,0,7006.468,0,476.360,7470,11556,0.990,1.430,1.360,2,0,0,0,0,18,312,2,48,0
02-03 17:20:00,20.126,4.277,65.912,8.554,0,5407780,144784,184488,2275860,7974.905,585.665,0,6214.891,0,190.190,6696,9617,0.990,1.420,1.350,1,0,0,0,0,18,312,2,50,0
02-03 17:20:01,18.475,4.244,62.665,12.233,0,5402272,150044,184488,2276108,9826.740,539.272,0,3067.860,0,322.565,6909,10597,0.990,1.420,1.350,4,0,0.999,0,0,18,312,0,50,0
02-03 17:20:02,23.871,3.730,64.898,6.465,0,5398604,153476,184488,2276344,7979.768,537.090,0,1857.934,0,205.885,7797,11805,0.990,1.420,1.350,3,0,0,0,0,18,312,0,52,0
02-03 17:20:03,11.551,2.762,81.110,3.265,0,5398480,153476,184488,2276468,7086.481,542.410,0,1410.265,0,147.656,4367,6824,0.990,1.420,1.350,0,0,0,0,0,18,311,0,52,0
02-03 17:20:04,8.753,2.251,78.773,8.252,0,5398412,153476,184488,2276536,4353.279,582.171,0,1852.544,0,193.057,3781,5922,0.990,1.420,1.350,1,0,0,0,0,18,311,2,52,0
02-03 17:20:05,6.783,1.759,88.686,2.010,0,5398764,152976,184488,2276684,17215.639,584.875,0,1712.419,0,131.647,2629,3854,1.310,1.480,1.370,1,0,0,0,0,18,312,2,53,0
02-03 17:20:06,18.735,4.496,60.451,14.488,0,5398856,152724,184488,2276844,5898.245,527.575,0,7557.908,0,580.532,7755,12347,1.310,1.480,1.370,0,3,0,0,0,18,312,2,54,0
02-03 17:20:07,20.949,4.988,60.602,11.472,0,5398772,152724,184492,2276924,8158.105,538.686,0,3810.707,0,338.175,7442,11223,1.310,1.480,1.370,2,0,0,0,0,18,312,0,55,0
02-03 17:20:08,15.764,3.753,55.549,23.271,0,5399920,151272,184492,2277228,9105.032,540.477,16.014,6245.510,1.001,796.703,6472,9014,1.310,1.480,1.370,3,0,0,0,0,18,312,0,55,0
02-03 17:20:09,3.243,0.748,91.558,2.744,0,5399904,151272,184492,2277244,8353.464,538.869,0,1057.779,0,71.849,1916,2958,1.310,1.480,1.370,0,0,0,0,0,18,311,0,55,0
02-03 17:20:10,20.588,4.770,66.033,7.532,0,5400144,150780,184496,2277492,7618.701,542.328,0,2466.587,0,277.190,6666,9997,1.370,1.490,1.380,1,0,0,0,0,18,312,0,55,0
02-03 17:20:11,19.588,4.463,56.781,17.357,0,5400004,150780,184496,2277632,3806.581,577.236,0,6688.791,0,541.530,7533,11952,1.370,1.490,1.380,3,1,0.992,0,0,18,312,0,56,0
02-03 17:20:12,21.840,5.774,63.762,7.280,0,5400148,150276,184496,2277992,5028.648,542.226,32.132,3522.463,1.004,266.093,7940,11838,1.370,1.490,1.380,2,1,0,0,0,18,312,0,57,0
02-03 17:20:13,4.247,0.999,85.450,7.995,0,5400132,150276,184496,2278008,9099.638,539.682,0,1463.138,0,116.931,2199,3419,1.370,1.490,1.380,0,0,0.999,0,0,18,311,0,57,0
02-03 17:20:14,16.080,3.015,72.107,6.281,0,5400132,150024,184496,2278260,8808.626,530.628,0,1728.561,0,197.981,5658,8500,1.370,1.490,1.380,1,1,0,0,0,18,312,2,57,0
02-03 17:20:15,20.407,3.982,62.465,10.452,0,5400044,150024,184496,2278348,7213.133,579.360,0,3157.612,0,354.385,7421,11414,1.420,1.500,1.380,1,0,0,0,0,18,312,2,57,0
02-03 17:20:16,23.048,4.760,67.390,3.507,0,5401476,148260,184496,2278680,7088.739,677.408,0,2204.584,0,192.400,7932,11933,1.420,1.500,1.380,1,0,0,0,0,18,312,2,58,0
02-03 17:20:17,7.482,2.494,69.836,17.459,0,5402636,147028,184496,2278752,8528.026,538.738,15.963,6800.073,0.998,485.862,4136,6616,1.420,1.500,1.380,0,0,0,0,0,18,311,0,60,0
02-03 17:20:18,15.512,3.503,70.557,8.257,0,5402400,147020,184496,2278996,5955.771,540.433,32.026,1909.530,1.001,210.168,5818,8763,1.420,1.500,1.380,2,0,0,0,0,18,312,0,60,0
02-03 17:20:19,18.245,3.499,59.233,17.245,0,5402540,146796,184496,2279080,4021.831,539.843,0,5246.476,0,373.891,6848,10776,1.420,1.500,1.380,0,2,1.000,0,0,18,312,0,60,0
02-03 17:20:20,21.094,4.715,65.515,6.949,0,5402492,146544,184496,2279380,10084.367,536.033,0,2179.867,0,216.398,7355,11154,1.390,1.490,1.380,2,0,0,0,0,18,312,0,60,0
02-03 17:20:21,22.010,3.289,64.511,9.613,0,5403552,145284,184496,2279584,8139.973,546.443,97.145,2845.550,4.048,296.496,6974,10143,1.390,1.490,1.380,0,1,1.012,0,0,18,312,0,64,0
02-03 17:20:22,18.730,4.495,60.185,13.985,0,5404004,144280,184496,2280136,4406.260,485.478,0,7312.135,0,554.404,7911,12594,1.390,1.490,1.380,1,1,0,0,0,18,312,0,55,0
02-03 17:20:23,22.263,4.753,61.037,10.756,0,5404168,144028,184496,2280224,8369.024,540.324,0,4186.513,0,382.229,8039,12608,1.390,1.490,1.380,1,0,1.001,0,0,18,311,0,55,0
02-03 17:20:24,15.251,3.500,62.005,16.751,0,5402096,145796,184496,2280528,9774.717,540.040,0,5348.392,0,925.068,6273,8707,1.390,1.490,1.380,3,0,0,0,0,18,312,0,56,0
02-03 17:20:25,9.459,1.991,79.154,7.716,0.249,5402548,145292,184496,2280580,8071.739,537.651,0,1859.875,0,182.204,3831,5927,1.280,1.460,1.370,0,0,0,0,0,18,311,0,59,0
02-03 17:20:26,12.020,3.005,75.874,8.013,0,5402860,144788,184496,2280772,8565.975,540.882,0,1554.536,0,162.265,4696,6900,1.280,1.460,1.370,2,0,0,0,0,18,313,0,52,0
02-03 17:20:27,23.773,5.756,55.554,12.512,0,5406604,140516,184496,2281300,3492.414,540.528,0,3239.166,0,385.377,9647,15732,1.280,1.460,1.370,1,0,1.001,0,0,18,312,0,52,0
02-03 17:20:28,18.203,4.489,59.099,15.959,0,5407140,139508,184496,2281772,6886.360,538.620,0,5442.060,0,392.993,6883,10577,1.280,1.460,1.370,0,1,0,0,0,18,314,0,53,0
02-03 17:20:29,20.732,4.246,63.944,8.992,0,5407964,138500,184496,2281956,7365.517,539.525,63.944,4763.807,3.996,369.675,7050,10929,1.280,1.460,1.370,0,0,0,0,0,18,311,0,56,0
02-03 17:20:30,7.226,1.744,76.496,13.206,0,5408020,138276,184496,2282124,5266.488,538.210,0,5912.341,0,556.151,2939,3830,1.410,1.490,1.380,2,0,0,0,0,18,312,0,48,0
02-03 17:20:31,9.986,2.746,78.643,6.242,0,5408148,138024,184496,2282248,6831.699,485.339,0,2364.780,0,187.744,3791,5804,1.410,1.490,1.380,1,0,0.999,0,0,18,311,0,51,0
02-03 17:20:32,12.734,2.747,75.657,7.491,0,5408472,137524,184504,2282416,8234.876,581.285,63.921,1482.178,9.988,169.791,4763,7034,1.410,1.490,1.380,3,0,1.998,0,0,18,312,2,51,0
02-03 17:20:33,19.385,4.280,60.925,12.840,0,5408172,137524,184504,2282716,8638.279,586.090,32.225,3548.764,1.007,365.551,7183,11424,1.410,1.490,1.380,0,1,0,0,0,18,312,2,51,0
02-03 17:20:34,20.807,4.011,64.177,10.278,0,5407484,137956,184504,2282972,8057.233,583.610,0,2823.792,0,251.695,7200,10887,1.410,1.490,1.380,2,0,0,0,0,18,312,2,48,0
02-03 17:20:35,23.795,6.512,55.104,11.772,0,5413892,156276,184404,2259500,4556.637,541.026,8.015,6592.496,2.004,447.849,8461,18009,1.940,1.600,1.410,2,0,36.068,0,0,18,313,0,54,0
02-03 17:20:36,20.673,5.480,61.769,9.714,0,5413404,156276,184404,2259988,7940.333,537.990,0,4028.947,0,410.466,7658,12102,1.940,1.600,1.410,1,0,0,0,0,18,312,0,54,0
02-03 17:20:37,23.831,4.766,66.224,3.512,0,5414808,154764,184404,2260096,8307.069,541.831,0,2131.201,0,209.709,8316,12470,1.940,1.600,1.410,1,0,0,0,0,18,312,0,58,0
02-03 17:20:38,3.236,0.747,91.097,2.987,0,5414776,154540,184404,2260352,7292.704,483.857,59.735,896.032,2.987,56.749,1812,2552,1.940,1.600,1.410,0,0,0,0,0,18,312,0,54,0
02-03 17:20:39,21.008,5.002,64.275,8.253,0,5414944,154288,184404,2260436,5243.055,582.228,0,2621.027,0,320.125,7500,11513,1.940,1.600,1.410,2,0,0,0,0,18,312,2,54,0
02-03 17:20:40,19.799,4.762,63.408,11.028,0,5416264,152776,184404,2260628,7209.995,583.456,0,2742.846,0,274.686,7118,11100,1.870,1.590,1.410,1,0,0,0,0,18,312,2,54,0
02-03 17:20:41,17.879,4.470,59.099,17.630,0,5416280,152524,184404,2260864,9541.227,536.359,0,5856.243,0,412.202,6877,10635,1.870,1.590,1.410,3,2,0.993,0,0,18,312,2,54,0
02-03 17:20:42,21.292,4.509,65.629,5.511,0,5416272,152272,184404,2261124,4594.060,583.150,0,4548.971,0,407.804,8336,13266,1.870,1.590,1.410,2,0,0,0,0,18,312,2,52,0
02-03 17:20:43,21.609,4.774,63.571,8.543,0,5416960,151292,184404,2261416,5219.352,542.740,0,2874.513,0,327.654,7490,11826,1.870,1.590,1.410,4,0,0,0,0,18,312,0,52,0
02-03 17:20:44,22.945,4.739,65.843,5.736,0,5418600,149528,184404,2261540,8639.405,580.616,0,3922.649,0,207.505,8221,12533,1.870,1.590,1.410,3,0,0,0,0,18,312,2,54,0
02-03 17:20:45,14.746,2.999,72.731,7.748,0,5418636,149276,184404,2261756,7123.124,581.847,0,2331.386,0,256.932,5615,8473,1.720,1.560,1.400,0,0,0,0,0,18,311,2,57,0
02-03 17:20:46,6.014,1.253,75.173,15.285,0,5418840,149052,184404,2261776,8222.891,529.216,0,8776.162,0,845.943,2926,3894,1.720,1.560,1.400,1,1,1.002,0,0,18,312,2,55,0
02-03 17:20:47,9.219,2.741,81.477,4.983,0,5410036,157828,184408,2261864,8598.148,538.194,0,2451.773,0,225.244,3780,5677,1.720,1.560,1.400,0,0,4.983,0,0,18,311,0,57,0
02-03 17:20:48,12.764,3.504,73.579,9.010,0,5408532,159180,184408,2262016,8662.280,540.579,0,1789.918,0,221.237,4958,7597,1.720,1.560,1.400,0,1,0,0,0,18,312,0,58,0
02-03 17:20:49,21.532,4.507,59.839,11.517,0,5408676,158676,184408,2262376,8749.948,540.800,0,3993.910,0,406.602,8136,13122,1.720,1.560,1.400,0,1,2.003,0,0,18,312,0,60,0
02-03 17:20:50,22.557,4.010,63.409,9.273,0,5403312,163864,184408,2262552,5133.872,583.463,0,3805.541,0,373.938,7673,11893,1.740,1.570,1.410,1,0,0,0,0,18,312,2,60,0
02-03 17:20:51,24.132,3.980,65.678,3.732,0,5404276,162612,184408,2262840,3287.892,579.163,0,1838.990,0,159.220,7737,11380,1.740,1.570,1.410,4,0,0.995,0,0,18,312,2,57,0
02-03 17:20:52,6.750,2.000,66.504,23.001,0.250,5404532,162296,184408,2262900,7403.418,582.033,0,12908.729,0,1316.074,4515,6564,1.740,1.570,1.410,0,0,0,0,0,18,311,2,58,0
02-03 17:20:53,11.791,2.509,79.274,4.014,0,5404376,162296,184408,2263056,7993.580,541.870,0,1601.526,0,182.630,4578,6905,1.740,1.570,1.410,2,0,0,0,0,18,312,0,58,0
02-03 17:20:54,18.633,4.969,58.633,15.652,0,5404220,162296,184408,2263212,7841.921,482.977,0,4479.962,0,377.637,7036,11160,1.740,1.570,1.410,2,0,0,0,0,18,312,0,58,0
02-03 17:20:55,22.322,4.514,65.209,6.772,0,5404968,161288,184408,2263472,8321.724,541.740,0,2102.753,0,201.648,7686,11508,1.680,1.560,1.410,2,0,0,0,0,18,312,0,54,0
02-03 17:20:56,14.995,5.498,55.983,21.493,0,5405900,152936,184412,2270872,10591.732,539.833,0,4886.492,0,602.814,5995,8479,1.680,1.560,1.410,0,0,1.999,0,0,18,311,0,56,0
02-03 17:20:57,7.535,1.758,84.892,5.023,0,5405764,152936,184412,2271008,6999.289,542.503,32.148,1402.470,1.005,108.501,2736,3966,1.680,1.560,1.410,1,1,0,0,0,18,312,0,56,0
02-03 17:20:58,20.504,4.501,63.011,10.252,0,5405556,152936,184412,2271216,3730.655,540.095,0,3460.608,0,376.066,7782,12021,1.680,1.560,1.410,1,1,0,0,0,18,312,0,56,0
02-03 17:20:59,16.431,3.983,59.749,18.174,0,5405612,152684,184412,2271412,6736.657,537.738,0,6843.209,0,489.939,6385,9972,1.680,1.560,1.410,1,1,0,0,0,18,312,0,53,0
02-03 17:21:00,21.750,4.750,65.000,5.750,0,5406280,151676,184412,2271752,4506.005,582.001,16.000,3972.004,1.000,305.000,7821,11968,1.710,1.570,1.410,0,1,0,0,0,18,312,2,54,0
02-03 17:21:01,5.496,1.249,87.685,4.996,0,5408488,149412,184412,2271808,4686.516,527.608,0,1586.820,0,134.900,2600,4072,1.710,1.570,1.410,0,0,0.999,0,0,18,311,2,55,0
02-03 17:21:02,18.529,4.006,64.099,11.768,0,5409212,148432,184412,2272064,7547.684,582.902,0,1822.822,0,224.347,6349,9470,1.710,1.570,1.410,1,0,0,0,0,18,312,2,55,0
02-03 17:21:03,18.056,3.260,64.199,12.539,0.251,5416104,141432,184412,2272172,5475.947,724.241,0,2583.997,0,278.863,6522,10059,1.710,1.570,1.410,2,1,0,0,0,18,311,0,51,0
02-03 17:21:04,22.147,4.977,57.234,14.433,0,5417620,139680,184412,2272408,9214.154,537.501,0,7855.472,0,519.584,7948,12302,1.710,1.570,1.410,3,1,0,0,0,18,313,0,52,0
02-03 17:21:05,9.752,2.000,83.019,3.251,0,5417836,139176,184412,2272680,6434.445,540.121,0,1460.328,0,159.036,3638,5475,1.570,1.540,1.400,0,0,0,0,0,18,311,0,54,0
02-03 17:21:06,15.579,3.518,72.618,7.287,0,5417868,138924,184412,2272900,4952.079,542.749,0,1539.798,0,179.911,5206,7890,1.570,1.540,1.400,1,0,0,0,0,18,312,0,57,0
02-03 17:21:07,20.333,4.711,61.495,11.654,0,5418120,138420,184416,2273148,8790.766,535.599,0,3903.921,0,348.139,7312,11233,1.570,1.540,1.400,3,0,0,0,0,18,312,0,55,0
02-03 17:21:08,21.866,4.021,65.345,7.037,0,5419496,136908,184416,2273284,8187.270,542.869,0,2042.796,0,184.978,7804,11383,1.570,1.540,1.400,2,0,0,0,0,18,312,0,56,0
02-03 17:21:09,20.718,4.243,62.653,10.484,0,5419452,136656,184416,2273580,6943.224,485.247,0,2687.828,0,291.548,7286,11469,1.570,1.540,1.400,1,1,0,0,0,18,312,0,56,0
02-03 17:21:10,20.311,4.764,64.694,8.526,0,5420184,135648,184416,2273856,6333.003,541.625,0,2623.873,0,271.816,7477,11222,1.520,1.530,1.400,0,1,0,0,0,18,312,0,56,0
02-03 17:21:11,19.949,4.738,59.348,14.214,0,5421080,134644,184420,2273960,8699.763,538.623,0,8362.625,0,591.488,7661,11870,1.520,1.530,1.400,5,0,0.997,0,0,18,312,0,56,0
02-03 17:21:12,2.997,0.999,91.895,2.997,0,5421140,134392,184420,2274152,7538.387,539.384,0,743.151,0,66.924,1763,2858,1.520,1.530,1.400,0,0,0,0,0,18,311,0,56,0
02-03 17:21:13,18.338,4.019,65.814,10.802,0,5421288,134140,184420,2274256,3377.116,542.589,0,10699.059,0,259.237,6472,9811,1.520,1.530,1.400,1,0,0,0,0,18,312,0,58,0
02-03 17:21:14,22.396,4.977,59.473,10.949,0,5421512,133636,184420,2274536,6466.913,537.499,0,3794.347,0,394.166,8075,13010,1.520,1.530,1.400,3,0,0,0,0,18,312,0,60,0
02-03 17:21:15,22.998,5.249,63.243,7.749,0,5423204,131632,184420,2274832,7750.181,539.943,0,3811.597,0,195.979,7940,11789,1.560,1.540,1.400,1,0,0,0,0,18,312,0,61,0
02-03 17:21:16,13.451,2.989,75.477,7.224,0,5423612,131128,184420,2274928,6243.391,631.712,15.942,2431.196,0.996,238.138,4852,7448,1.560,1.540,1.400,1,0,0,0,0,18,311,0,63,0
02-03 17:21:17,9.789,2.259,81.075,5.020,0,5423864,130624,184420,2275180,6823.332,487.955,0,2092.381,0,190.764,3362,5353,1.560,1.540,1.400,2,0,0,0,0,18,311,0,64,0
02-03 17:21:18,19.752,4.250,57.255,16.502,0,5424216,130148,184420,2275304,8381.785,582.055,0,6556.614,0,551.052,8020,12796,1.560,1.540,1.400,0,3,0,0,0,18,312,2,64,0
02-03 17:21:19,21.260,4.752,58.278,13.757,0,5424472,129644,184420,2275552,8283.007,582.282,0,6299.047,0,536.259,8281,12857,1.560,1.540,1.400,1,1,0,0,0,18,312,2,61,0
02-03 17:21:20,23.331,4.265,62.467,9.031,0,5425448,128384,184420,2275836,6227.636,584.029,0,2392.311,0,225.784,8220,12588,1.680,1.560,1.410,0,1,0,0,0,18,312,2,61,0
02-03 17:21:21,14.188,3.734,73.430,6.721,0,5438888,132104,184420,2259688,4503.399,537.660,7.965,2214.362,1.991,224.025,5877,9426,1.680,1.560,1.410,0,0,0.996,0,0,18,319,0,62,0
02-03 17:21:22,11.497,2.249,81.232,3.749,0,5438964,131852,184420,2259864,3914.115,539.878,0,2067.532,0,210.952,3877,5601,1.680,1.560,1.410,0,1,0,0,0,18,320,0,64,0
02-03 17:21:23,22.599,4.520,64.534,6.026,0,5439272,131348,184420,2260060,7617.482,542.384,0,3206.092,0,349.536,8079,12166,1.680,1.560,1.410,6,1,0,0,0,18,320,0,60,0
02-03 17:21:24,20.346,3.474,54.835,19.602,0,5439144,131348,184420,2260188,7532.943,535.941,0,6975.167,0,515.098,6374,10094,1.680,1.560,1.410,2,2,0.992,0,0,18,320,0,60,0
02-03 17:21:25,19.902,4.787,65.250,9.321,0,5439456,130592,184420,2260632,9002.941,489.750,0,5107.108,0,344.639,7402,11318,1.620,1.550,1.410,3,0,0,0,0,18,320,0,62,0
02-03 17:21:26,18.683,3.488,63.523,11.459,0,5441064,128828,184420,2260788,6106.172,538.076,0,2076.577,0,226.191,6676,10218,1.620,1.550,1.410,5,0,0,0,0,18,320,0,63,0
02-03 17:21:27,21.761,6.253,59.279,10.505,0,5445928,131812,184420,2252940,7966.956,540.268,32.016,3269.624,1.000,381.189,9683,15807,1.620,1.550,1.410,1,0,1.000,0,0,18,320,0,59,0
02-03 17:21:28,19.983,4.496,57.452,15.987,0,5445916,131644,184420,2253280,5814.178,539.552,0,12289.807,0,639.470,7540,11520,1.620,1.550,1.410,0,1,0,0,0,18,320,0,59,0
02-03 17:21:29,25.317,4.512,65.924,3.760,0,5445592,131644,184420,2253604,6284.613,541.431,16.042,3032.015,1.003,257.681,8381,12564,1.620,1.550,1.410,2,0,0,0,0,18,320,0,59,0
02-03 17:21:30,17.615,3.722,58.553,17.615,0,5445472,131644,184420,2253724,7902.656,535.908,0,3477.447,0,366.204,6835,10676,1.570,1.540,1.410,2,0,0,0,0,18,320,0,59,0
02-03 17:21:31,22.858,4.521,65.811,5.024,0,5446680,130144,184420,2254000,5860.699,542.564,0,2371.207,0,234.106,7857,12051,1.570,1.540,1.410,4,0,1.005,0,0,18,320,0,52,0
02-03 17:21:32,22.764,4.503,63.540,6.254,0,5446904,129640,184420,2254280,5392.428,540.343,0,2865.822,0,300.191,8031,12281,1.570,1.540,1.410,2,0,0,0,0,18,320,0,55,0
02-03 17:21:33,17.737,4.247,58.206,17.737,0,5446632,129640,184420,2254552,7464.340,539.591,0,6746.884,0,535.594,7752,12592,1.570,1.540,1.410,3,1,0,0,0,18,320,0,56,0
02-03 17:21:34,21.938,4.737,65.066,7.728,0,5447508,128632,184420,2254684,7440.932,484.628,0,2943.665,0,217.384,7092,10046,1.570,1.540,1.410,3,0,0,0,0,18,320,0,57,0
02-03 17:21:35,15.290,5.514,73.189,4.261,0,5457084,218604,183948,2157712,7539.490,541.400,0,2061.329,0,197.511,5499,14202,1.450,1.520,1.400,1,0,36.093,0,0,18,319,0,60,0
02-03 17:21:36,13.794,4.515,78.252,2.257,0,5464540,211088,183948,2157772,9999.170,541.743,0,1356.364,0,133.429,4751,7064,1.450,1.520,1.400,3,1,0,0,0,18,320,0,54,0
02-03 17:21:37,22.246,5.249,59.740,11.248,0,5464704,210640,183948,2158056,5208.134,539.910,0,3519.415,0,418.930,8097,12838,1.450,1.520,1.400,2,0,0,0,0,18,320,0,54,0
02-03 17:21:38,20.367,5.464,57.374,15.151,0,5464700,210388,183952,2158308,7085.598,536.487,0,8138.701,0,517.610,7769,12093,1.450,1.520,1.400,1,1,0,0,0,18,320,0,54,0
02-03 17:21:39,19.390,3.777,62.201,12.088,0,5464812,210136,183952,2158448,7516.459,543.941,0,2909.077,0,245.781,6965,10498,1.450,1.520,1.400,1,0,0,0,0,18,321,0,54,0
02-03 17:21:40,21.177,3.986,62.783,10.215,0,5459672,215004,183952,2158720,5251.809,538.136,3.986,2622.915,0.997,293.982,7432,11400,1.650,1.560,1.410,3,0,0,0,0,18,320,0,50,0
02-03 17:21:41,16.248,3.250,66.493,11.749,0,5460180,214248,183952,2158968,8892.060,485.949,0,2211.766,0,226.976,5971,8970,1.650,1.560,1.410,0,0,1.000,0,0,18,319,0,51,0
02-03 17:21:42,5.251,1.250,84.015,8.752,0,5460168,214248,183952,2158980,5934.038,540.094,0,1424.249,0,97.017,2102,3038,1.650,1.560,1.410,0,2,0,0,0,18,320,0,51,0
02-03 17:21:43,21.540,5.009,60.611,10.519,0,5460292,214024,183952,2159080,7806.338,540.994,0,7133.101,0,440.810,7835,11643,1.650,1.560,1.410,2,0,0,0,0,18,320,0,51,0
02-03 17:21:44,22.911,5.230,59.519,10.709,0,5462032,212008,183952,2159356,9199.369,537.917,0,2936.626,0,272.943,7870,11653,1.650,1.560,1.410,2,0,0,0,0,18,320,0,48,0
02-03 17:21:45,19.587,4.018,59.013,15.318,0,5462344,211504,183952,2159548,3855.185,542.418,0,7509.474,0,479.136,7401,11478,2,1.630,1.440,5,1,0,0,0,18,320,0,48,0
02-03 17:21:46,12.226,3.493,70.359,11.976,0,5462732,210748,183952,2159916,7922.127,538.920,0,3792.401,0,176.646,4802,7453,2,1.630,1.440,1,0,0,0,0,18,319,0,49,0
02-03 17:21:47,8.249,2.750,83.235,4.499,0,5462224,211100,183952,2160136,6935.754,539.903,191.966,1231.779,9.998,119.978,3247,4704,2,1.630,1.440,2,1,5.999,0,0,18,320,0,50,0
02-03 17:21:48,21.505,4.501,59.265,12.503,0,5462116,211100,183952,2160244,10011.527,540.136,0,3688.931,0,421.106,7879,12484,2,1.630,1.440,3,0,0,0,0,18,320,0,43,0
02-03 17:21:49,21.712,4.742,60.894,12.728,0,5462580,210372,183952,2160508,7007.764,485.153,0,5690.065,0,467.184,7080,10485,2,1.630,1.440,2,0,1.997,0,0,18,320,0,43,0
02-03 17:21:50,6.258,2.253,78.347,11.014,0,5462492,210372,183952,2160596,8181.175,540.672,0,6692.323,0,470.585,3572,5799,1.840,1.610,1.430,0,0,0,0,0,18,319,0,45,0
02-03 17:21:51,10.249,2.750,77.744,7.249,0,5462516,210120,183952,2160824,6987.446,539.957,0,1867.852,0,199.984,3824,5634,1.840,1.610,1.430,0,0,1.000,0,0,18,319,0,48,0
02-03 17:21:52,10.992,1.749,82.690,2.498,0,5462740,209868,183952,2160852,4127.980,539.605,0,1083.208,0,104.923,3723,5381,1.840,1.610,1.430,3,0,0,0,0,18,320,0,45,0
02-03 17:21:53,20.787,4.759,62.112,11.270,0,5462448,209868,183952,2161144,3694.642,583.048,0,2760.964,0,303.546,6970,10716,1.840,1.610,1.430,2,0,0,0,0,18,320,0,45,0
02-03 17:21:54,10.011,2.252,77.084,8.509,0,5462372,209868,183952,2161220,8097.858,540.591,0,2054.247,0,201.220,4131,6274,1.840,1.610,1.430,2,0,0,0,0,18,319,0,46,0
02-03 17:21:55,11.734,2.996,79.889,3.245,0,5462340,209868,183952,2161252,6803.508,539.248,0,1453.971,0,140.804,4218,6338,2.010,1.650,1.440,0,1,0,0,0,18,320,0,46,0
02-03 17:21:56,22.659,4.233,63.744,7.968,0,5463092,208860,183952,2161508,7183.189,537.843,0,2545.789,0,245.017,7467,11406,2.010,1.650,1.440,2,0,0,0,0,18,320,0,46,0
02-03 17:21:57,20.061,4.764,66.200,7.272,0,5464296,207348,183952,2161816,8904.930,487.474,0,2174.576,0,213.646,7204,10752,2.010,1.650,1.440,0,1,0,0,0,18,320,0,49,0
02-03 17:21:58,6.500,1.750,84.749,5.500,0,5464252,207348,183952,2161860,7513.881,539.991,0,2055.967,0,188.997,2939,4643,2.010,1.650,1.440,0,0,0,0,0,18,319,0,51,0
02-03 17:21:59,12.251,2.750,69.253,14.001,0,5464408,207096,183952,2161956,8488.386,540.025,0,7408.337,0,503.023,4847,7422,2.010,1.650,1.440,1,1,0,0,0,18,319,0,53,0
02-03 17:22:00,8.540,1.507,81.632,7.033,0,5464172,207328,183952,2161960,4128.294,542.536,0,5103.853,0,413.935,3209,4372,1.930,1.630,1.440,1,0,0,0,0,18,320,0,51,0
02-03 17:22:01,21.212,3.993,63.885,9.483,0,5463840,207392,183952,2162244,8363.999,539.033,0,2523.474,0,306.450,7519,11854,1.930,1.630,1.440,2,0,0.998,0,0,18,320,0,51,0
02-03 17:22:02,21.934,3.739,62.561,10.219,0,5463972,207140,183952,2162364,6737.604,538.370,0,2963.030,0,342.962,7251,11094,1.930,1.630,1.440,4,3,0,0,0,18,320,0,51,0
02-03 17:22:03,22.327,4.516,63.970,7.275,0,5464452,206384,183952,2162640,4023.841,541.864,0,2095.207,0,190.656,7498,11334,1.930,1.630,1.440,1,1,0,0,0,18,320,0,54,0
02-03 17:22:04,14.450,3.239,72.003,8.720,0,5464708,205880,183952,2162888,7029.871,484.338,0,2244.297,0,221.241,5434,8262,1.930,1.630,1.440,0,0,0,0,0,18,319,0,53,0
02-03 17:22:05,9.755,2.251,80.792,5.753,0,5465136,205376,183952,2162964,9000.720,540.283,0,2209.159,0,227.119,3607,5629,1.940,1.640,1.440,1,0,0,0,0,18,319,0,54,0
02-03 17:22:06,4.748,1.749,81.712,10.245,0,5465080,205376,183952,2163020,7687.404,539.748,0,5421.464,0,320.850,2417,3704,1.940,1.640,1.440,1,0,0,0,0,18,320,0,54,0
02-03 17:22:07,22.495,4.499,61.736,9.498,0,5465100,205124,183952,2163252,7356.303,539.875,0,3427.209,0,346.920,7973,12136,1.940,1.640,1.440,0,1,0,0,0,18,320,0,54,0
02-03 17:22:08,22.751,5.000,57.251,13.750,0,5465400,204620,183956,2163452,3794.097,540.014,0,4800.123,0,446.011,8085,13218,1.940,1.640,1.440,2,0,0,0,0,18,320,0,51,0
02-03 17:22:09,22.661,3.984,66.239,5.478,0,5466860,202856,183956,2163756,8914.838,537.879,0,2187.373,0,189.254,7719,11516,1.940,1.640,1.440,3,0,0,0,0,18,320,0,51,0
02-03 17:22:10,17.584,3.517,70.085,6.531,0,5467156,202352,183956,2163964,5472.145,542.592,0,2270.850,0,228.090,6230,9428,1.780,1.610,1.440,0,0,0,0,0,18,319,0,52,0
02-03 17:22:11,6.252,1.250,78.028,12.504,0,5467044,202352,183956,2164076,3384.212,540.194,4.001,5465.958,1.000,341.122,2661,4147,1.780,1.610,1.440,0,2,1.000,0,0,18,320,0,52,0
02-03 17:22:12,8.243,1.998,81.429,6.494,0,5466968,202352,183956,2164152,8275.832,485.579,0,2749.618,0,216.812,3511,5377,1.780,1.610,1.440,2,0,0,0,0,18,319,0,51,0
02-03 17:22:13,14.672,3.482,74.605,5.471,0,5467352,201092,183956,2165028,8925.731,537.155,0,1886.012,0,184.025,5563,8420,1.780,1.610,1.440,4,0,0,0,0,18,321,0,51,0
02-03 17:22:14,22.132,4.779,61.367,9.809,0,5467084,200840,183956,2165548,8483.732,543.249,16.096,3637.753,1.006,413.473,8220,12871,1.780,1.610,1.440,2,0,0,0,0,18,320,0,51,0
02-03 17:22:15,21.054,3.760,63.662,9.274,0,5467752,200096,183960,2165620,5356.639,541.378,0,3039.740,0,315.804,7690,11846,1.720,1.600,1.430,2,0,0,0,0,18,320,0,51,0
02-03 17:22:16,10.419,3.225,63.756,21.335,0,5467740,199844,183960,2165884,3480.035,629.125,0,10697.113,0,691.641,4806,7231,1.720,1.600,1.430,1,1,0,0,0,18,319,0,52,0
02-03 17:22:17,14.067,2.512,75.861,5.024,0,5467704,199844,183960,2165920,7543.936,542.585,0,3721.729,0,200.957,4873,7160,1.720,1.600,1.430,0,1,0,0,0,18,320,0,43,0
02-03 17:22:18,22.181,5.483,63.553,8.224,0,5468636,198584,183960,2166248,6141.955,538.331,0,3537.033,0,336.955,7880,11851,1.720,1.600,1.430,1,1,0,0,0,18,320,0,44,0
02-03 17:22:19,3.512,0.753,86.289,7.274,0,5468588,198584,183960,2166300,7689.722,541.812,0,1705.706,0,125.420,2119,3453,1.720,1.600,1.430,0,0,0,0,0,18,319,0,45,0
02-03 17:22:20,21.162,4.730,63.983,9.212,0,5468352,198584,183960,2166536,8624.026,483.981,0,2883.970,0,315.683,7204,10687,1.900,1.640,1.450,2,1,0,0,0,18,320,0,46,0
02-03 17:22:21,18.571,3.764,67.005,8.783,0,5468440,198108,183960,2166924,7885.955,542.059,0,5388.468,0,550.090,6863,10198,1.900,1.640,1.450,1,0,1.004,0,0,18,319,0,47,0
02-03 17:22:22,6.503,1.501,85.037,6.253,0,5468396,198108,183960,2166968,6953.039,540.236,0,1628.712,0,124.054,2365,3396,1.900,1.640,1.450,3,0,0,0,0,18,320,0,48,0
02-03 17:22:23,20.527,3.254,56.824,17.022,0,5468288,198108,183960,2167076,6274.136,540.701,0,7117.230,0,501.651,6398,9833,1.900,1.640,1.450,1,1,0,0,0,18,320,0,48,0
02-03 17:22:24,21.207,4.740,64.121,7.734,0,5469300,196848,183960,2167324,5609.736,538.918,0,3628.714,0,325.347,8118,12569,1.900,1.640,1.450,0,1,0.998,0,0,18,320,0,49,0
02-03 17:22:25,21.681,4.237,64.794,7.975,0,5470008,195840,183960,2167624,8537.906,538.292,0,2380.446,0,251.203,7794,12253,1.910,1.650,1.450,1,1,0,0,0,18,320,0,46,0
02-03 17:22:26,4.767,1.004,82.545,9.283,0,5470196,195588,183960,2167688,8117.972,541.934,0,2376.481,0,208.745,2858,4528,1.910,1.650,1.450,0,0,0,0,0,18,319,0,48,0
02-03 17:22:27,19.177,4.234,67.243,8.717,0,5470216,195336,183964,2167916,8651.985,537.947,0,2877.022,0,324.761,6874,10556,1.910,1.650,1.450,4,0,0,0,0,18,320,0,48,0
02-03 17:22:28,20.321,5.017,66.230,6.021,0,5472976,192348,183964,2168144,6854.815,487.694,0,2962.291,0,280.976,8486,13583,1.910,1.650,1.450,0,0,1.003,0,0,18,319,0,50,0
02-03 17:22:29,8.542,2.010,83.155,5.527,0,5472892,192348,183964,2168228,9372.661,542.644,0,1716.362,0,135.661,3177,4388,1.910,1.650,1.450,2,0,0,0,0,18,320,0,50,0
02-03 17:22:30,17.428,4.481,58.756,16.930,0,5472892,192096,183964,2168480,8571.379,537.765,0,5616.658,0,467.059,7153,11388,2,1.670,1.460,3,1,0,0,0,18,320,0,50,0
02-03 17:22:31,19.549,3.759,58.396,17.795,0,5475500,189384,183964,2168584,4033.115,541.358,0,9243.182,0,707.775,6759,10036,2,1.670,1.460,0,1,1.003,0,0,18,319,0,52,0
02-03 17:22:32,2.249,0.750,94.476,0.750,0,5475336,189384,183964,2168748,6579.295,539.860,0,935.757,0,55.985,1493,2336,2,1.670,1.460,1,0,0,0,0,18,319,0,52,0
02-03 17:22:33,20.963,5.241,63.639,8.485,0,5467348,197224,183964,2168896,8057.957,539.061,0,2902.941,0,290.494,7525,11509,2,1.670,1.460,1,0,0,0,0,18,320,0,49,0
02-03 17:22:34,17.233,3.746,71.181,5.744,0,5467584,196748,183964,2169136,7422.841,539.480,15.985,2445.641,0.999,244.764,6066,9214,2,1.670,1.460,1,0,0,0,0,18,319,0,50,0
02-03 17:22:35,12.008,4.003,78.300,4.753,0,5481924,182292,183964,2169252,8533.433,540.344,8.005,1733.103,1.001,143.091,3848,11175,2,1.680,1.460,3,0,36.023,0,0,18,320,0,51,0
02-03 17:22:36,22.060,3.760,63.924,8.523,0,5367116,296996,183968,2169352,9662.267,487.325,0,3116.472,0,295.804,6371,9520,2,1.680,1.460,1,0,0,0,0,18,319,0,52,0
02-03 17:22:37,9.411,1.238,85.196,3.220,0,5298888,364436,183972,2170136,15360.953,257649.131,114.915,1664.285,5.944,94.111,2219,2593,2,1.680,1.460,1,0,0,0,0,18,319,0,48,0
02-03 17:22:38,3.531,1.765,80.447,12.357,0,5298884,364436,183976,2170136,138152.597,3082.701,4.035,6540.651,1.009,344.988,2429,3875,2,1.680,1.460,2,1,3.026,0,0,18,319,0,48,0
02-03 17:22:39,12.471,2.993,79.563,3.492,0,5312912,350340,183996,2170184,283295.227,10114.195,83.803,2362.440,10.974,91.784,2621,2802,2,1.680,1.460,1,0,21.948,0,0,18,319,0,48,0
02-03 17:22:40,10.005,4.002,84.293,0.250,0,5312248,350796,184008,2170380,299603.565,12852.631,156.081,12.006,10.005,3.002,2635,2480,1.920,1.670,1.460,1,0,22.011,0,0,18,319,0,48,0
02-03 17:22:41,21.154,6.719,71.425,0,0,5297524,353104,184016,2182788,6778.192,537.557,99.548,0,3.982,0,2903,2238,1.920,1.670,1.460,4,0,26.878,0,0,18,319,0,48,0
