{0} setUpClass (tempest.api.compute.admin.test_live_migration.LiveAutoBlockMigrationV225Test) ... SKIPPED: Less than 2 compute nodes, skipping migration test.
{0} setUpClass (tempest.api.compute.admin.test_live_migration.LiveMigrationTest) ... SKIPPED: Less than 2 compute nodes, skipping migration test.
{0} setUpClass (tempest.api.compute.admin.test_live_migration.LiveMigrationWithoutHostTest) ... SKIPPED: Less than 2 compute nodes, skipping migration test.
{0} setUpClass (tempest.api.compute.servers.test_server_rescue.ServerBootFromVolumeStableRescueTest) ... SKIPPED: Stable rescue not available.
{0} setUpClass (tempest.api.compute.servers.test_server_rescue.ServerStableDeviceRescueTest) ... SKIPPED: Stable rescue not available.
{0} tempest.api.compute.volumes.test_volume_snapshots.VolumesSnapshotsTestJSON.test_volume_snapshot_create_get_list_delete [2.743870s] ... FAILED

Captured traceback:
~~~~~~~~~~~~~~~~~~~
    Traceback (most recent call last):

      File "/opt/stack/tempest/tempest/api/compute/volumes/test_volume_snapshots.py", line 54, in test_volume_snapshot_create_get_list_delete
    volume = self.create_volume()
             ^^^^^^^^^^^^^^^^^^^^

      File "/opt/stack/tempest/tempest/api/compute/base.py", line 551, in create_volume
    waiters.wait_for_volume_resource_status(cls.volumes_client,

      File "/opt/stack/tempest/tempest/common/waiters.py", line 379, in wait_for_volume_resource_status
    raise exceptions.VolumeResourceBuildErrorException(

    tempest.exceptions.VolumeResourceBuildErrorException: volume db850179-5063-41fc-9ea8-9107cb4a24b7 failed to build and is in ERROR status


Captured pythonlogging:
~~~~~~~~~~~~~~~~~~~~~~~
    2026-03-01 04:16:57,766 125145 INFO     [tempest.lib.common.rest_client] Request (VolumesSnapshotsTestJSON:test_volume_snapshot_create_get_list_delete): 200 POST http://10.201.5.130/compute/v2.1/os-volumes 1.570s
2026-03-01 04:16:57,767 125145 DEBUG    [tempest.lib.common.rest_client] Request - Headers: {'Content-Type': 'application/json', 'Accept': 'application/json', 'X-Auth-Token': '<omitted>'}
        Body: {"volume": {"size": 1, "display_name": "tempest-VolumesSnapshotsTestJSON-volume-1129090154"}}
    Response - Headers: {'date': 'Sun, 01 Mar 2026 04:16:56 GMT', 'server': 'Apache/2.4.58 (Ubuntu)', 'content-length': '339', 'location': 'http://10.201.5.130/compute/v2.1/os-volumes/db850179-5063-41fc-9ea8-9107cb4a24b7', 'content-type': 'application/json', 'openstack-api-version': 'compute 2.1', 'x-openstack-nova-api-version': '2.1', 'vary': 'OpenStack-API-Version,X-OpenStack-Nova-API-Version', 'x-openstack-request-id': 'req-727f448f-ea69-4537-95bf-80f0a349bf44', 'x-compute-request-id': 'req-727f448f-ea69-4537-95bf-80f0a349bf44', 'connection': 'close', 'status': '200', 'content-location': 'http://10.201.5.130/compute/v2.1/os-volumes'}
        Body: b'{"volume": {"id": "db850179-5063-41fc-9ea8-9107cb4a24b7", "status": "creating", "size": 1, "availabilityZone": "nova", "createdAt": "2026-03-01T04:16:57.274094", "attachments": [{}], "displayName": "tempest-VolumesSnapshotsTestJSON-volume-1129090154", "displayDescription": null, "volumeType": "3par1", "snapshotId": null, "metadata": {}}}'
2026-03-01 04:16:57,883 125145 INFO     [tempest.lib.common.rest_client] Request (VolumesSnapshotsTestJSON:test_volume_snapshot_create_get_list_delete): 200 GET http://10.201.5.130/compute/v2.1/os-volumes/db850179-5063-41fc-9ea8-9107cb4a24b7 0.110s
2026-03-01 04:16:57,884 125145 DEBUG    [tempest.lib.common.rest_client] Request - Headers: {'Content-Type': 'application/json', 'Accept': 'application/json', 'X-Auth-Token': '<omitted>'}
        Body: None
    Response - Headers: {'date': 'Sun, 01 Mar 2026 04:16:57 GMT', 'server': 'Apache/2.4.58 (Ubuntu)', 'content-length': '336', 'content-type': 'application/json', 'openstack-api-version': 'compute 2.1', 'x-openstack-nova-api-version': '2.1', 'vary': 'OpenStack-API-Version,X-OpenStack-Nova-API-Version', 'x-openstack-request-id': 'req-f98d376f-f111-4cd3-8fcb-dd38e9e950f2', 'x-compute-request-id': 'req-f98d376f-f111-4cd3-8fcb-dd38e9e950f2', 'connection': 'close', 'status': '200', 'content-location': 'http://10.201.5.130/compute/v2.1/os-volumes/db850179-5063-41fc-9ea8-9107cb4a24b7'}
        Body: b'{"volume": {"id": "db850179-5063-41fc-9ea8-9107cb4a24b7", "status": "error", "size": 1, "availabilityZone": "nova", "createdAt": "2026-03-01T04:16:57.000000", "attachments": [{}], "displayName": "tempest-VolumesSnapshotsTestJSON-volume-1129090154", "displayDescription": null, "volumeType": "3par1", "snapshotId": null, "metadata": {}}}'
2026-03-01 04:16:58,935 125145 INFO     [tempest.lib.common.rest_client] Request (VolumesSnapshotsTestJSON:test_volume_snapshot_create_get_list_delete): 200 GET http://10.201.5.130/compute/v2.1/os-volumes/db850179-5063-41fc-9ea8-9107cb4a24b7 0.049s
2026-03-01 04:16:58,936 125145 DEBUG    [tempest.lib.common.rest_client] Request - Headers: {'Content-Type': 'application/json', 'Accept': 'application/json', 'X-Auth-Token': '<omitted>'}
        Body: None
    Response - Headers: {'date': 'Sun, 01 Mar 2026 04:16:58 GMT', 'server': 'Apache/2.4.58 (Ubuntu)', 'content-length': '336', 'content-type': 'application/json', 'openstack-api-version': 'compute 2.1', 'x-openstack-nova-api-version': '2.1', 'vary': 'OpenStack-API-Version,X-OpenStack-Nova-API-Version', 'x-openstack-request-id': 'req-507e4999-a750-4589-b971-01ab431f6d31', 'x-compute-request-id': 'req-507e4999-a750-4589-b971-01ab431f6d31', 'connection': 'close', 'status': '200', 'content-location': 'http://10.201.5.130/compute/v2.1/os-volumes/db850179-5063-41fc-9ea8-9107cb4a24b7'}
        Body: b'{"volume": {"id": "db850179-5063-41fc-9ea8-9107cb4a24b7", "status": "error", "size": 1, "availabilityZone": "nova", "createdAt": "2
    026-03-01T04:16:57.000000", "attachments": [{}], "displayName": "tempest-VolumesSnapshotsTestJSON-volume-1129090154", "displayDescription": null, "volumeType": "3par1", "snapshotId": null, "metadata": {}}}'

{0} tempest.api.compute.volumes.test_volumes_get.VolumesGetTestJSON.test_volume_create_get_delete [1.461028s] ... FAILED

Captured traceback:
~~~~~~~~~~~~~~~~~~~
    Traceback (most recent call last):

      File "/opt/stack/tempest/tempest/api/compute/volumes/test_volumes_get.py", line 56, in test_volume_create_get_delete
    volume = self.create_volume(size=CONF.volume.volume_size,
             ^^^^^^^^^^^^^^^^^^^^^^^^^^^^^^^^^^^^^^^^^^^^^^^^

      File "/opt/stack/tempest/tempest/api/compute/base.py", line 551, in create_volume
    waiters.wait_for_volume_resource_status(cls.volumes_client,

      File "/opt/stack/tempest/tempest/common/waiters.py", line 379, in wait_for_volume_resource_status
    raise exceptions.VolumeResourceBuildErrorException(

    tempest.exceptions.VolumeResourceBuildErrorException: volume 15b91e59-a142-42b9-b66e-ae9909f8cdc5 failed to build and is in ERROR status


Captured pythonlogging:
~~~~~~~~~~~~~~~~~~~~~~~
    2026-03-01 04:17:01,274 125145 INFO     [tempest.lib.common.rest_client] Request (VolumesGetTestJSON:test_volume_create_get_delete): 200 POST http://10.201.5.130/compute/v2.1/os-volumes 0.358s
2026-03-01 04:17:01,275 125145 DEBUG    [tempest.lib.common.rest_client] Request - Headers: {'Content-Type': 'application/json', 'Accept': 'application/json', 'X-Auth-Token': '<omitted>'}
        Body: {"volume": {"size": 1, "display_name": "tempest-VolumesGetTestJSON-Volume-179764318", "metadata": {"Type": "work"}}}
    Response - Headers: {'date': 'Sun, 01 Mar 2026 04:17:00 GMT', 'server': 'Apache/2.4.58 (Ubuntu)', 'content-length': '346', 'location': 'http://10.201.5.130/compute/v2.1/os-volumes/15b91e59-a142-42b9-b66e-ae9909f8cdc5', 'content-type': 'application/json', 'openstack-api-version': 'compute 2.1', 'x-openstack-nova-api-version': '2.1', 'vary': 'OpenStack-API-Version,X-OpenStack-Nova-API-Version', 'x-openstack-request-id': 'req-eb4fba69-2f7a-4735-b68d-32c40711b619', 'x-compute-request-id': 'req-eb4fba69-2f7a-4735-b68d-32c40711b619', 'connection': 'close', 'status': '200', 'content-location': 'http://10.201.5.130/compute/v2.1/os-volumes'}
        Body: b'{"volume": {"id": "15b91e59-a142-42b9-b66e-ae9909f8cdc5", "status": "creating", "size": 1, "availabilityZone": "nova", "createdAt": "2026-03-01T04:17:01.191806", "attachments": [{}], "displayName": "tempest-VolumesGetTestJSON-Volume-179764318", "displayDescription": null, "volumeType": "3par1", "snapshotId": null, "metadata": {"Type": "work"}}}'
2026-03-01 04:17:01,317 125145 INFO     [tempest.lib.common.rest_client] Request (VolumesGetTestJSON:test_volume_create_get_delete): 200 GET http://10.201.5.130/compute/v2.1/os-volumes/15b91e59-a142-42b9-b66e-ae9909f8cdc5 0.036s
2026-03-01 04:17:01,317 125145 DEBUG    [tempest.lib.common.rest_client] Request - Headers: {'Content-Type': 'application/json', 'Accept': 'application/json', 'X-Auth-Token': '<omitted>'}
        Body: None
    Response - Headers: {'date': 'Sun, 01 Mar 2026 04:17:01 GMT', 'server': 'Apache/2.4.58 (Ubuntu)', 'content-length': '346', 'content-type': 'application/json', 'openstack-api-version': 'compute 2.1', 'x-openstack-nova-api-version': '2.1', 'vary': 'OpenStack-API-Version,X-OpenStack-Nova-API-Version', 'x-openstack-request-id': 'req-712ef20f-9dfa-45a8-a407-3361a665032c', 'x-compute-request-id': 'req-712ef20f-9dfa-45a8-a407-3361a665032c', 'connection': 'close', 'status': '200', 'content-location': 'http://10.201.5.130/compute/v2.1/os-volumes/15b91e59-a142-42b9-b66e-ae9909f8cdc5'}
        Body: b'{"volume": {"id": "15b91e59-a142-42b9-b66e-ae9909f8cdc5", "status": "creating", "size": 1, "availabilityZone": "nova", "createdAt": "2026-03-01T04:17:01.000000", "attachments": [{}], "displayName": "tempest-VolumesGetTestJSON-Volume-179764318", "displayDescription": null, "volumeType": "3par1", "snapshotId": null, "metadata": {"Type": "work"}}}'
2026-03-01 04:17:02,371 125145 INFO     [tempest.lib.common.rest_client] Request (VolumesGetTestJSON:test_volume_create_get_delete): 200 GET http://10.201.5.130/compute/v2.1/os-volumes/15b91e59-a142-42b9-b66e-ae9909f8cdc5 0.050s
2026-03-01 04:17:02,371 125145 DEBUG    [tempest.lib.common.rest_client] Request - Headers: {'Content-Type': 'application/json', 'Accept': 'application/json', 'X-Auth-Token': '<omitted>'}
        Body: None
    Response - Headers: {'date': 'Sun, 01 Mar 2026 04:17:02 GMT', 'server': 'Apache/2.4.58 (Ubuntu)', 'content-length': '343', 'content-type': 'application/json', 'openstack-api-version': 'compute 2.1', 'x-openstack-nova-api-version': '2.1', 'vary': 'OpenStack-API-Version,X-OpenStack-Nova-API-Version', 'x-openstack-request-id': 'req-4568da57-e270-4bfa-aae2-ef33a09e672d', 'x-compute-request-id': 'req-4568da57-e270-4bfa-aae2-ef33a09e672d', 'connection': 'close', 'status': '200', 'content-location': 'http://10.201.5.130/compute/v2.1/os-volumes/15b91e59-a142-42b9-b66e-ae9909f8cdc5'}
        Body: b'{"volume": {"id": "15b91e59-a142-42b9-b66e-ae9909f8cdc5", "status": "error", "size": 1, "availabilityZone": "nova", "createdAt": "2026-03-01T04:17:01.0
    00000", "attachments": [{}], "displayName": "tempest-VolumesGetTestJSON-Volume-179764318", "displayDescription": null, "volumeType": "3par1", "snapshotId": null, "metadata": {"Type": "work"}}}'

{0} setUpClass (tempest.api.compute.volumes.test_volumes_list.VolumesTestJSON) [0.000000s] ... FAILED

Captured traceback:
~~~~~~~~~~~~~~~~~~~
    Traceback (most recent call last):

      File "/opt/stack/tempest/tempest/test.py", line 185, in setUpClass
    raise value.with_traceback(trace)

      File "/opt/stack/tempest/tempest/test.py", line 178, in setUpClass
    cls.resource_setup()

      File "/opt/stack/tempest/tempest/api/compute/volumes/test_volumes_list.py", line 57, in resource_setup
    volume = cls.create_volume(metadata=metadata)
             ^^^^^^^^^^^^^^^^^^^^^^^^^^^^^^^^^^^^

      File "/opt/stack/tempest/tempest/api/compute/base.py", line 551, in create_volume
    waiters.wait_for_volume_resource_status(cls.volumes_client,

      File "/opt/stack/tempest/tempest/common/waiters.py", line 379, in wait_for_volume_resource_status
    raise exceptions.VolumeResourceBuildErrorException(

    tempest.exceptions.VolumeResourceBuildErrorException: volume 7795e791-70a7-4158-82a3-057e01f27403 failed to build and is in ERROR status

{0} tempest.api.compute.volumes.test_volumes_negative.VolumesNegativeTest.test_create_volume_with_invalid_size [0.106153s] ... ok
{0} tempest.api.compute.volumes.test_volumes_negative.VolumesNegativeTest.test_create_volume_with_size_zero [0.010318s] ... ok
{0} tempest.api.compute.volumes.test_volumes_negative.VolumesNegativeTest.test_create_volume_without_passing_size [0.008201s] ... ok
{0} tempest.api.compute.volumes.test_volumes_negative.VolumesNegativeTest.test_delete_invalid_volume_id [0.018590s] ... ok
{0} tempest.api.compute.volumes.test_volumes_negative.VolumesNegativeTest.test_delete_volume_without_passing_volume_id [0.004865s] ... ok
{0} tempest.api.compute.volumes.test_volumes_negative.VolumesNegativeTest.test_get_volume_without_passing_volume_id [0.003956s] ... ok
{0} tempest.api.compute.volumes.test_volumes_negative.VolumesNegativeTest.test_volume_delete_nonexistent_volume_id [0.020366s] ... ok
{0} tempest.api.compute.volumes.test_volumes_negative.VolumesNegativeTest.test_volume_get_nonexistent_volume_id [0.020429s] ... ok
{0} tempest.api.volume.admin.test_backends_capabilities.BackendsCapabilitiesAdminTestsJSON.test_compare_volume_stats_values [1.612817s] ... ok
{0} tempest.api.volume.admin.test_backends_capabilities.BackendsCapabilitiesAdminTestsJSON.test_get_capabilities_backend [0.524303s] ... ok
{0} setUpClass (tempest.api.volume.admin.test_encrypted_volumes_extend.EncryptedVolumesExtendAttachedTest) ... SKIPPED: Attached encrypted volume extend is disabled.
{0} tempest.api.volume.admin.test_group_snapshots.GroupSnapshotsTest.test_create_group_from_group_snapshot [9.632109s] ... ok
{0} tempest.api.volume.admin.test_group_snapshots.GroupSnapshotsTest.test_delete_group_snapshots_following_updated_volumes [12.114567s] ... ok
{0} tempest.api.volume.admin.test_group_snapshots.GroupSnapshotsTest.test_group_snapshot_create_show_list_delete [6.299566s] ... ok
{0} tempest.api.volume.admin.test_group_snapshots.GroupSnapshotsV319Test.test_reset_group_snapshot_status [6.454322s] ... ok
{0} tempest.api.volume.admin.test_group_type_specs.GroupTypeSpecsTest.test_group_type_specs_create_show_update_list_delete [0.477722s] ... ok
{0} tempest.api.volume.admin.test_group_types.GroupTypesTest.test_group_type_create_list_update_show_delete [0.221868s] ... ok
{0} tempest.api.volume.admin.test_group_types.GroupTypesTest.test_group_type_list_by_optional_params [0.136076s] ... ok
{0} tempest.api.volume.admin.test_groups.GroupsTest.test_group_create_show_list_delete [6.366025s] ... ok
{0} tempest.api.volume.admin.test_groups.GroupsTest.test_group_update [7.367514s] ... ok
{0} tempest.api.volume.admin.test_groups.GroupsV314Test.test_create_group_from_group [8.305223s] ... ok
{0} tempest.api.volume.admin.test_groups.GroupsV320Test.test_reset_group_status [2.598662s] ... ok
{0} setUpClass (tempest.api.volume.admin.test_multi_backend.VolumeMultiBackendTest) [0.000000s] ... FAILED

Captured traceback:
~~~~~~~~~~~~~~~~~~~
    Traceback (most recent call last):

      File "/opt/stack/tempest/tempest/test.py", line 185, in setUpClass
    raise value.with_traceback(trace)

      File "/opt/stack/tempest/tempest/test.py", line 178, in setUpClass
    cls.resource_setup()

      File "/opt/stack/tempest/tempest/api/volume/admin/test_multi_backend.py", line 50, in resource_setup
    cls._create_type_and_volume(backend_name, False)

      File "/opt/stack/tempest/tempest/api/volume/admin/test_multi_backend.py", line 74, in _create_type_and_volume
    cls.volume = cls.create_volume(**params)
                 ^^^^^^^^^^^^^^^^^^^^^^^^^^^

      File "/opt/stack/tempest/tempest/api/volume/base.py", line 144, in create_volume
    waiters.wait_for_volume_resource_status(self.volumes_client,

      File "/opt/stack/tempest/tempest/common/waiters.py", line 379, in wait_for_volume_resource_status
    raise exceptions.VolumeResourceBuildErrorException(

    tempest.exceptions.VolumeResourceBuildErrorException: volume 931854f0-e456-46d3-ba83-328965d2d020 failed to build and is in ERROR status

{0} tempest.api.volume.admin.test_qos.QosSpecsTestJSON.test_associate_disassociate_qos [0.610199s] ... ok
{0} tempest.api.volume.admin.test_qos.QosSpecsTestJSON.test_create_delete_qos_with_back_end_consumer [0.130000s] ... ok
{0} tempest.api.volume.admin.test_qos.QosSpecsTestJSON.test_create_delete_qos_with_both_consumer [0.123434s] ... ok
{0} tempest.api.volume.admin.test_qos.QosSpecsTestJSON.test_create_delete_qos_with_front_end_consumer [0.114974s] ... ok
{0} tempest.api.volume.admin.test_qos.QosSpecsTestJSON.test_get_qos [0.009446s] ... ok
{0} tempest.api.volume.admin.test_qos.QosSpecsTestJSON.test_list_qos [0.007698s] ... ok
{0} tempest.api.volume.admin.test_qos.QosSpecsTestJSON.test_set_unset_qos_key [0.078726s] ... ok
{0} setUpClass (tempest.api.volume.admin.test_snapshots_actions.SnapshotsActionsTest) [0.000000s] ... FAILED

Captured traceback:
~~~~~~~~~~~~~~~~~~~
    Traceback (most recent call last):

      File "/opt/stack/tempest/tempest/test.py", line 185, in setUpClass
    raise value.with_traceback(trace)

      File "/opt/stack/tempest/tempest/test.py", line 178, in setUpClass
    cls.resource_setup()

      File "/opt/stack/tempest/tempest/api/volume/admin/test_snapshots_actions.py", line 38, in resource_setup
    cls.volume = cls.create_volume()
                 ^^^^^^^^^^^^^^^^^^^

      File "/opt/stack/tempest/tempest/api/volume/base.py", line 144, in create_volume
    waiters.wait_for_volume_resource_status(self.volumes_client,

      File "/opt/stack/tempest/tempest/common/waiters.py", line 379, in wait_for_volume_resource_status
    raise exceptions.VolumeResourceBuildErrorException(

    tempest.exceptions.VolumeResourceBuildErrorException: volume d5e790eb-7c05-4738-9728-df2094b01261 failed to build and is in ERROR status

{0} tempest.api.volume.admin.test_user_messages.UserMessagesTest.test_delete_message [1.690883s] ... ok
{0} tempest.api.volume.admin.test_user_messages.UserMessagesTest.test_list_show_messages [1.566915s] ... ok
{0} tempest.api.volume.admin.test_volume_hosts.VolumeHostsAdminTestsJSON.test_list_hosts [0.070019s] ... ok
{0} tempest.api.volume.admin.test_volume_hosts.VolumeHostsAdminTestsJSON.test_show_host [0.105532s] ... ok
{0} setUpClass (tempest.api.volume.admin.test_volume_manage.VolumeManageAdminTest) ... SKIPPED: Manage volume tests are disabled
{0} tempest.api.volume.admin.test_volume_pools.VolumePoolsAdminTestsJSON.test_get_pools_with_details [0.576507s] ... ok
{0} tempest.api.volume.admin.test_volume_pools.VolumePoolsAdminTestsJSON.test_get_pools_without_details [0.517744s] ... ok
{0} tempest.api.volume.admin.test_volume_quota_classes.VolumeQuotaClassesTest.test_show_default_quota [0.086044s] ... ok
{0} tempest.api.volume.admin.test_volume_quota_classes.VolumeQuotaClassesTest.test_update_default_quota [0.526999s] ... ok
{0} tempest.api.volume.admin.test_volume_quotas.VolumeQuotasAdminTestJSON.test_delete_quota [0.359657s] ... ok
{0} tempest.api.volume.admin.test_volume_quotas.VolumeQuotasAdminTestJSON.test_list_default_quotas [0.027428s] ... ok
{0} tempest.api.volume.admin.test_volume_quotas.VolumeQuotasAdminTestJSON.test_list_quotas [0.026526s] ... ok
{0} tempest.api.volume.admin.test_volume_quotas.VolumeQuotasAdminTestJSON.test_quota_usage [1.775082s] ... FAILED

Captured traceback:
~~~~~~~~~~~~~~~~~~~
    Traceback (most recent call last):

      File "/opt/stack/tempest/tempest/api/volume/admin/test_volume_quotas.py", line 123, in test_quota_usage
    volume = self.create_volume()
             ^^^^^^^^^^^^^^^^^^^^

      File "/opt/stack/tempest/tempest/api/volume/base.py", line 144, in create_volume
    waiters.wait_for_volume_resource_status(self.volumes_client,

      File "/opt/stack/tempest/tempest/common/waiters.py", line 379, in wait_for_volume_resource_status
    raise exceptions.VolumeResourceBuildErrorException(

    tempest.exceptions.VolumeResourceBuildErrorException: volume b3d98a8e-493a-44fb-aa20-c9182df7634b failed to build and is in ERROR status


Captured pythonlogging:
~~~~~~~~~~~~~~~~~~~~~~~
    2026-03-01 04:19:05,510 125145 INFO     [tempest.lib.common.rest_client] Request (VolumeQuotasAdminTestJSON:test_quota_usage): 200 GET http://10.201.5.130/volume/v3/os-quota-sets/94361c213ebe4bcb93704a98f29de70f?usage=True 0.024s
2026-03-01 04:19:05,511 125145 DEBUG    [tempest.lib.common.rest_client] Request - Headers: {'Content-Type': 'application/json', 'Accept': 'application/json', 'X-Auth-Token': '<omitted>'}
        Body: None
    Response - Headers: {'date': 'Sun, 01 Mar 2026 04:19:05 GMT', 'server': 'Apache/2.4.58 (Ubuntu)', 'content-type': 'application/json', 'x-compute-request-id': 'req-6a7afd69-fe9c-4bf1-9e5c-c75c11cc16ec', 'content-length': '1236', 'openstack-api-version': 'volume 3.0', 'vary': 'OpenStack-API-Version', 'x-openstack-request-id': 'req-6a7afd69-fe9c-4bf1-9e5c-c75c11cc16ec', 'connection': 'close', 'status': '200', 'content-location': 'http://10.201.5.130/volume/v3/os-quota-sets/94361c213ebe4bcb93704a98f29de70f?usage=True'}
        Body: b'{"quota_set": {"volumes": {"limit": 10, "in_use": 0, "reserved": 0}, "per_volume_gigabytes": {"limit": -1, "in_use": 0, "reserved": 0}, "snapshots": {"limit": 10, "in_use": 0, "reserved": 0}, "gigabytes": {"limit": 1000, "in_use": 0, "reserved": 0}, "backups": {"limit": 10, "in_use": 0, "reserved": 0}, "backup_gigabytes": {"limit": 1000, "in_use": 0, "reserved": 0}, "volumes_3par2": {"limit": -1, "in_use": 0, "reserved": 0}, "gigabytes_3par2": {"limit": -1, "in_use": 0, "reserved": 0}, "snapshots_3par2": {"limit": -1, "in_use": 0, "reserved": 0}, "volumes_3par1": {"limit": -1, "in_use": 0, "reserved": 0}, "gigabytes_3par1": {"limit": -1, "in_use": 0, "reserved": 0}, "snapshots_3par1": {"limit": -1, "in_use": 0, "reserved": 0}, "volumes_lvmdriver-1": {"limit": -1, "in_use": 0, "reserved": 0}, "gigabytes_lvmdriver-1": {"limit": -1, "in_use": 0, "reserved": 0}, "snapshots_lvmdriver-1": {"limit": -1, "in_use": 0, "reserved": 0}, "volumes___DEFAULT__": {"limit": -1, "in_use": 0, "reserved": 0}, "gigabytes___DEFAULT__": {"limit": -1, "in_use": 0, "reserved": 0}, "snapshots___DEFAULT__": {"limit": -1, "in_use": 0, "reserved": 0}, "groups": {"limit": 10, "in_use": 0, "reserved": 0}, "id": "94361c213ebe4bcb93704a98f29de70f"}}'
2026-03-01 04:19:05,825 125145 INFO     [tempest.lib.common.rest_client] Request (VolumeQuotasAdminTestJSON:test_quota_usage): 202 POST http://10.201.5.130/volume/v3/volumes 0.308s
2026-03-01 04:19:05,825 125145 DEBUG    [tempest.lib.common.rest_client] Request - Headers: {'Content-Type': 'application/json', 'Accept': 'application/json', 'X-Auth-Token': '<omitted>'}
        Body: {"volume": {"size": 1, "name": "tempest-VolumeQuotasAdminTestJSON-Volume-803201807"}}
    Response - Headers: {'date': 'Sun, 01 Mar 2026 04:19:05 GMT', 'server': 'Apache/2.4.58 (Ubuntu)', 'content-type': 'application/json', 'x-compute-request-id': 'req-28874fdd-8963-4e6a-9159-5e1cf765d5ad', 'content-length': '754', 'openstack-api-version': 'volume 3.0', 'vary': 'OpenStack-API-Version', 'x-openstack-request-id': 'req-28874fdd-8963-4e6a-9159-5e1cf765d5ad', 'connection': 'close', 'status': '202', 'content-location': 'http://10.201.5.130/volume/v3/volumes'}
        Body: b'{"volume": {"id": "b3d98a8e-493a-44fb-aa20-c9182df7634b", "status": "creating", "size": 1, "availability_zone": "nova", "created_at": "2026-03-01T04:19:05.688288", "updated_at": null, "name": "tempest-VolumeQuotasAdminTestJSON-Volume-803201807", "description": null, "volume_type": "3par1", "snapshot_id": null, "source_volid": null, "metadata": {}, "links": [{"rel": "self", "href": "http://10.201.5.130/volume/v3/volumes/b3d98a8e-493a-44fb-aa20-c9182df7634b"}, {"rel": "bookmark", "href": "http://10.201.5.130/volume/volumes/b3d98a8e-493a-44fb-aa20-c9182df7634b"}], "user_id": "e1c3214116ac497c8c8bb6cec383bbe0", "bootable": "false", "encrypted": false, "replication_status": null, "consistencygroup_id": null, "multiattach": false, "attachments": []}}'
2026-03-01 04:19:05,860 125145 INFO     [tempest.lib.common.rest_client] Request (VolumeQuotasAdminTestJSON:test_quota_usage): 200 GET http://10.201.5.130/volume/v3/
    volumes/b3d98a8e-493a-44fb-aa20-c9182df7634b 0.026s
2026-03-01 04:19:05,860 125145 DEBUG    [tempest.lib.common.rest_client] Request - Headers: {'Content-Type': 'application/json', 'Accept': 'application/json', 'X-Auth-Token': '<omitted>'}
        Body: None
    Response - Headers: {'date': 'Sun, 01 Mar 2026 04:19:05 GMT', 'server': 'Apache/2.4.58 (Ubuntu)', 'content-type': 'application/json', 'x-compute-request-id': 'req-31a89f38-093e-45b6-8d08-7a302813fef4', 'content-length': '822', 'openstack-api-version': 'volume 3.0', 'vary': 'OpenStack-API-Version', 'x-openstack-request-id': 'req-31a89f38-093e-45b6-8d08-7a302813fef4', 'connection': 'close', 'status': '200', 'content-location': 'http://10.201.5.130/volume/v3/volumes/b3d98a8e-493a-44fb-aa20-c9182df7634b'}
        Body: b'{"volume": {"id": "b3d98a8e-493a-44fb-aa20-c9182df7634b", "status": "creating", "size": 1, "availability_zone": "nova", "created_at": "2026-03-01T04:19:06.000000", "updated_at": null, "name": "tempest-VolumeQuotasAdminTestJSON-Volume-803201807", "description": null, "volume_type": "3par1", "snapshot_id": null, "source_volid": null, "metadata": {}, "links": [{"rel": "self", "href": "http://10.201.5.130/volume/v3/volumes/b3d98a8e-493a-44fb-aa20-c9182df7634b"}, {"rel": "bookmark", "href": "http://10.201.5.130/volume/volumes/b3d98a8e-493a-44fb-aa20-c9182df7634b"}], "user_id": "e1c3214116ac497c8c8bb6cec383bbe0", "bootable": "false", "encrypted": false, "replication_status": null, "consistencygroup_id": null, "multiattach": false, "attachments": [], "os-vol-tenant-attr:tenant_id": "94361c213ebe4bcb93704a98f29de70f"}}'
2026-03-01 04:19:06,900 125145 INFO     [tempest.lib.common.rest_client] Request (VolumeQuotasAdminTestJSON:test_quota_usage): 200 GET http://10.201.5.130/volume/v3/volumes/b3d98a8e-493a-44fb-aa20-c9182df7634b 0.034s
2026-03-01 04:19:06,900 125145 DEBUG    [tempest.lib.common.rest_client] Request - Headers: {'Content-Type': 'application/json', 'Accept': 'application/json', 'X-Auth-Token': '<omitted>'}
        Body: None
    Response - Headers: {'date': 'Sun, 01 Mar 2026 04:19:06 GMT', 'server': 'Apache/2.4.58 (Ubuntu)', 'content-type': 'application/json', 'x-compute-request-id': 'req-9bd45a08-c0ba-403a-94a4-ae4231836776', 'content-length': '843', 'openstack-api-version': 'volume 3.0', 'vary': 'OpenStack-API-Version', 'x-openstack-request-id': 'req-9bd45a08-c0ba-403a-94a4-ae4231836776', 'connection': 'close', 'status': '200', 'content-location': 'http://10.201.5.130/volume/v3/volumes/b3d98a8e-493a-44fb-aa20-c9182df7634b'}
        Body: b'{"volume": {"id": "b3d98a8e-493a-44fb-aa20-c9182df7634b", "status": "error", "size": 1, "availability_zone": "nova", "created_at": "2026-03-01T04:19:06.000000", "updated_at": "2026-03-01T04:19:06.000000", "name": "tempest-VolumeQuotasAdminTestJSON-Volume-803201807", "description": null, "volume_type": "3par1", "snapshot_id": null, "source_volid": null, "metadata": {}, "links": [{"rel": "self", "href": "http://10.201.5.130/volume/v3/volumes/b3d98a8e-493a-44fb-aa20-c9182df7634b"}, {"rel": "bookmark", "href": "http://10.201.5.130/volume/volumes/b3d98a8e-493a-44fb-aa20-c9182df7634b"}], "user_id": "e1c3214116ac497c8c8bb6cec383bbe0", "bootable": "false", "encrypted": false, "replication_status": null, "consistencygroup_id": null, "multiattach": false, "attachments": [], "os-vol-tenant-attr:tenant_id": "94361c213ebe4bcb93704a98f29de70f"}}'
2026-03-01 04:19:06,937 125145 INFO     [tempest.lib.common.rest_client] Request (VolumeQuotasAdminTestJSON:_run_cleanups): 200 GET http://10.201.5.130/volume/v3/volumes/b3d98a8e-493a-44fb-aa20-c9182df7634b 0.019s
2026-03-01 04:19:06,938 125145 DEBUG    [tempest.lib.common.rest_client] Request - Headers: {'Content-Type': 'application/json', 'Accept': 'application/json', 'X-Auth-Token': '<omitted>'}
        Body: None
    Response - Headers: {'date': 'Sun, 01 Mar 2026 04:19:06 GMT', 'server': 'Apache/2.4.58 (Ubuntu)', 'content-type': 'application/json', 'x-compute-request-id': 'req-8c2eb03a-ea4c-4d09-bce0-b3ec7bfa6df7', 'content-length': '843', 'openstack-api-version': 'volume 3.0',
     'vary': 'OpenStack-API-Version', 'x-openstack-request-id': 'req-8c2eb03a-ea4c-4d09-bce0-b3ec7bfa6df7', 'connection': 'close', 'status': '200', 'content-location': 'http://10.201.5.130/volume/v3/volumes/b3d98a8e-493a-44fb-aa20-c9182df7634b'}
        Body: b'{"volume": {"id": "b3d98a8e-493a-44fb-aa20-c9182df7634b", "status": "error", "size": 1, "availability_zone": "nova", "created_at": "2026-03-01T04:19:06.000000", "updated_at": "2026-03-01T04:19:06.000000", "name": "tempest-VolumeQuotasAdminTestJSON-Volume-803201807", "description": null, "volume_type": "3par1", "snapshot_id": null, "source_volid": null, "metadata": {}, "links": [{"rel": "self", "href": "http://10.201.5.130/volume/v3/volumes/b3d98a8e-493a-44fb-aa20-c9182df7634b"}, {"rel": "bookmark", "href": "http://10.201.5.130/volume/volumes/b3d98a8e-493a-44fb-aa20-c9182df7634b"}], "user_id": "e1c3214116ac497c8c8bb6cec383bbe0", "bootable": "false", "encrypted": false, "replication_status": null, "consistencygroup_id": null, "multiattach": false, "attachments": [], "os-vol-tenant-attr:tenant_id": "94361c213ebe4bcb93704a98f29de70f"}}'
2026-03-01 04:19:07,239 125145 INFO     [tempest.lib.common.rest_client] Request (VolumeQuotasAdminTestJSON:_run_cleanups): 202 DELETE http://10.201.5.130/volume/v3/volumes/b3d98a8e-493a-44fb-aa20-c9182df7634b 0.296s
2026-03-01 04:19:07,239 125145 DEBUG    [tempest.lib.common.rest_client] Request - Headers: {'Content-Type': 'application/json', 'Accept': 'application/json', 'X-Auth-Token': '<omitted>'}
        Body: None
    Response - Headers: {'date': 'Sun, 01 Mar 2026 04:19:06 GMT', 'server': 'Apache/2.4.58 (Ubuntu)', 'content-length': '0', 'content-type': 'text/html; charset=UTF-8', 'openstack-api-version': 'volume 3.0', 'vary': 'OpenStack-API-Version', 'x-openstack-request-id': 'req-edbbdf29-a87d-4f2f-9d8c-41909594db15', 'connection': 'close', 'status': '202', 'content-location': 'http://10.201.5.130/volume/v3/volumes/b3d98a8e-493a-44fb-aa20-c9182df7634b'}
        Body: b''
2026-03-01 04:19:07,260 125145 INFO     [tempest.lib.common.rest_client] Request (VolumeQuotasAdminTestJSON:_run_cleanups): 404 GET http://10.201.5.130/volume/v3/volumes/b3d98a8e-493a-44fb-aa20-c9182df7634b 0.019s
2026-03-01 04:19:07,260 125145 DEBUG    [tempest.lib.common.rest_client] Request - Headers: {'Content-Type': 'application/json', 'Accept': 'application/json', 'X-Auth-Token': '<omitted>'}
        Body: None
    Response - Headers: {'date': 'Sun, 01 Mar 2026 04:19:07 GMT', 'server': 'Apache/2.4.58 (Ubuntu)', 'openstack-api-version': 'volume 3.0', 'vary': 'OpenStack-API-Version', 'content-length': '109', 'content-type': 'application/json', 'x-compute-request-id': 'req-6a2f1092-9355-4eff-ad21-cd22cf4003ed', 'x-openstack-request-id': 'req-6a2f1092-9355-4eff-ad21-cd22cf4003ed', 'connection': 'close', 'status': '404', 'content-location': 'http://10.201.5.130/volume/v3/volumes/b3d98a8e-493a-44fb-aa20-c9182df7634b'}
        Body: b'{"itemNotFound": {"code": 404, "message": "Volume b3d98a8e-493a-44fb-aa20-c9182df7634b could not be found."}}'

{0} tempest.api.volume.admin.test_volume_quotas.VolumeQuotasAdminTestJSON.test_quota_usage_after_volume_transfer [1.440388s] ... FAILED

Captured traceback:
~~~~~~~~~~~~~~~~~~~
    Traceback (most recent call last):

      File "/opt/stack/tempest/tempest/api/volume/admin/test_volume_quotas.py", line 141, in test_quota_usage_after_volume_transfer
    volume = self.create_volume()
             ^^^^^^^^^^^^^^^^^^^^

      File "/opt/stack/tempest/tempest/api/volume/base.py", line 144, in create_volume
    waiters.wait_for_volume_resource_status(self.volumes_client,

      File "/opt/stack/tempest/tempest/common/waiters.py", line 379, in wait_for_volume_resource_status
    raise exceptions.VolumeResourceBuildErrorException(

    tempest.exceptions.VolumeResourceBuildErrorException: volume 3bc46789-3ec8-4e53-a3f3-b03f46b1f694 failed to build and is in ERROR status


Captured pythonlogging:
~~~~~~~~~~~~~~~~~~~~~~~
    2026-03-01 04:19:07,418 125145 INFO     [tempest.lib.common.rest_client] Request (VolumeQuotasAdminTestJSON:test_quota_usage_after_volume_transfer): 202 POST http://10.201.5.130/volume/v3/volumes 0.156s
2026-03-01 04:19:07,418 125145 DEBUG    [tempest.lib.common.rest_client] Request - Headers: {'Content-Type': 'application/json', 'Accept': 'application/json', 'X-Auth-Token': '<omitted>'}
        Body: {"volume": {"size": 1, "name": "tempest-VolumeQuotasAdminTestJSON-Volume-1478535679"}}
    Response - Headers: {'date': 'Sun, 01 Mar 2026 04:19:07 GMT', 'server': 'Apache/2.4.58 (Ubuntu)', 'content-type': 'application/json', 'x-compute-request-id': 'req-2600fdee-c8ae-40cd-994f-b90618a7fed5', 'content-length': '755', 'openstack-api-version': 'volume 3.0', 'vary': 'OpenStack-API-Version', 'x-openstack-request-id': 'req-2600fdee-c8ae-40cd-994f-b90618a7fed5', 'connection': 'close', 'status': '202', 'content-location': 'http://10.201.5.130/volume/v3/volumes'}
        Body: b'{"volume": {"id": "3bc46789-3ec8-4e53-a3f3-b03f46b1f694", "status": "creating", "size": 1, "availability_zone": "nova", "created_at": "2026-03-01T04:19:07.343725", "updated_at": null, "name": "tempest-VolumeQuotasAdminTestJSON-Volume-1478535679", "description": null, "volume_type": "3par1", "snapshot_id": null, "source_volid": null, "metadata": {}, "links": [{"rel": "self", "href": "http://10.201.5.130/volume/v3/volumes/3bc46789-3ec8-4e53-a3f3-b03f46b1f694"}, {"rel": "bookmark", "href": "http://10.201.5.130/volume/volumes/3bc46789-3ec8-4e53-a3f3-b03f46b1f694"}], "user_id": "e1c3214116ac497c8c8bb6cec383bbe0", "bootable": "false", "encrypted": false, "replication_status": null, "consistencygroup_id": null, "multiattach": false, "attachments": []}}'
2026-03-01 04:19:07,448 125145 INFO     [tempest.lib.common.rest_client] Request (VolumeQuotasAdminTestJSON:test_quota_usage_after_volume_transfer): 200 GET http://10.201.5.130/volume/v3/volumes/3bc46789-3ec8-4e53-a3f3-b03f46b1f694 0.026s
2026-03-01 04:19:07,448 125145 DEBUG    [tempest.lib.common.rest_client] Request - Headers: {'Content-Type': 'application/json', 'Accept': 'application/json', 'X-Auth-Token': '<omitted>'}
        Body: None
    Response - Headers: {'date': 'Sun, 01 Mar 2026 04:19:07 GMT', 'server': 'Apache/2.4.58 (Ubuntu)', 'content-type': 'application/json', 'x-compute-request-id': 'req-f1966f6f-c85e-4287-a273-af28e94f18ae', 'content-length': '823', 'openstack-api-version': 'volume 3.0', 'vary': 'OpenStack-API-Version', 'x-openstack-request-id': 'req-f1966f6f-c85e-4287-a273-af28e94f18ae', 'connection': 'close', 'status': '200', 'content-location': 'http://10.201.5.130/volume/v3/volumes/3bc46789-3ec8-4e53-a3f3-b03f46b1f694'}
        Body: b'{"volume": {"id": "3bc46789-3ec8-4e53-a3f3-b03f46b1f694", "status": "creating", "size": 1, "availability_zone": "nova", "created_at": "2026-03-01T04:19:07.000000", "updated_at": null, "name": "tempest-VolumeQuotasAdminTestJSON-Volume-1478535679", "description": null, "volume_type": "3par1", "snapshot_id": null, "source_volid": null, "metadata": {}, "links": [{"rel": "self", "href": "http://10.201.5.130/volume/v3/volumes/3bc46789-3ec8-4e53-a3f3-b03f46b1f694"}, {"rel": "bookmark", "href": "http://10.201.5.130/volume/volumes/3bc46789-3ec8-4e53-a3f3-b03f46b1f694"}], "user_id": "e1c3214116ac497c8c8bb6cec383bbe0", "bootable": "false", "encrypted": false, "replication_status": null, "consistencygroup_id": null, "multiattach": false, "attachments": [], "os-vol-tenant-attr:tenant_id": "94361c213ebe4bcb93704a98f29de70f"}}'
2026-03-01 04:19:08,490 125145 INFO     [tempest.lib.common.rest_client] Request (VolumeQuotasAdminTestJSON:test_quota_usage_after_volume_transfer): 200 GET http://10.201.5.130/volume/v3/volumes/3bc46789-3ec8-4e53-a3f3-b03f46b1f694 0.032s
2026-03-01 04:19:08,490 125145 DEBUG    [tempest.lib.common.rest_client] Request - Headers: {'Content-Type': 'application/json', 'Accept': 'application/json', 'X-Auth-Token': '<omitted>'}
        Body: None
    Response - Headers: {'date': 'Sun, 01 Mar 2026 04:19:08 GMT', 'server': 'Apache/2.4.58 (Ubuntu)', 'content-ty
    pe': 'application/json', 'x-compute-request-id': 'req-c7e6a326-c59b-44e7-9860-d338d327a5aa', 'content-length': '844', 'openstack-api-version': 'volume 3.0', 'vary': 'OpenStack-API-Version', 'x-openstack-request-id': 'req-c7e6a326-c59b-44e7-9860-d338d327a5aa', 'connection': 'close', 'status': '200', 'content-location': 'http://10.201.5.130/volume/v3/volumes/3bc46789-3ec8-4e53-a3f3-b03f46b1f694'}
        Body: b'{"volume": {"id": "3bc46789-3ec8-4e53-a3f3-b03f46b1f694", "status": "error", "size": 1, "availability_zone": "nova", "created_at": "2026-03-01T04:19:07.000000", "updated_at": "2026-03-01T04:19:07.000000", "name": "tempest-VolumeQuotasAdminTestJSON-Volume-1478535679", "description": null, "volume_type": "3par1", "snapshot_id": null, "source_volid": null, "metadata": {}, "links": [{"rel": "self", "href": "http://10.201.5.130/volume/v3/volumes/3bc46789-3ec8-4e53-a3f3-b03f46b1f694"}, {"rel": "bookmark", "href": "http://10.201.5.130/volume/volumes/3bc46789-3ec8-4e53-a3f3-b03f46b1f694"}], "user_id": "e1c3214116ac497c8c8bb6cec383bbe0", "bootable": "false", "encrypted": false, "replication_status": null, "consistencygroup_id": null, "multiattach": false, "attachments": [], "os-vol-tenant-attr:tenant_id": "94361c213ebe4bcb93704a98f29de70f"}}'
2026-03-01 04:19:08,522 125145 INFO     [tempest.lib.common.rest_client] Request (VolumeQuotasAdminTestJSON:_run_cleanups): 200 GET http://10.201.5.130/volume/v3/volumes/3bc46789-3ec8-4e53-a3f3-b03f46b1f694 0.027s
2026-03-01 04:19:08,522 125145 DEBUG    [tempest.lib.common.rest_client] Request - Headers: {'Content-Type': 'application/json', 'Accept': 'application/json', 'X-Auth-Token': '<omitted>'}
        Body: None
    Response - Headers: {'date': 'Sun, 01 Mar 2026 04:19:08 GMT', 'server': 'Apache/2.4.58 (Ubuntu)', 'content-type': 'application/json', 'x-compute-request-id': 'req-e29c5bfb-4340-4f37-b260-2d8943202f2f', 'content-length': '844', 'openstack-api-version': 'volume 3.0', 'vary': 'OpenStack-API-Version', 'x-openstack-request-id': 'req-e29c5bfb-4340-4f37-b260-2d8943202f2f', 'connection': 'close', 'status': '200', 'content-location': 'http://10.201.5.130/volume/v3/volumes/3bc46789-3ec8-4e53-a3f3-b03f46b1f694'}
        Body: b'{"volume": {"id": "3bc46789-3ec8-4e53-a3f3-b03f46b1f694", "status": "error", "size": 1, "availability_zone": "nova", "created_at": "2026-03-01T04:19:07.000000", "updated_at": "2026-03-01T04:19:07.000000", "name": "tempest-VolumeQuotasAdminTestJSON-Volume-1478535679", "description": null, "volume_type": "3par1", "snapshot_id": null, "source_volid": null, "metadata": {}, "links": [{"rel": "self", "href": "http://10.201.5.130/volume/v3/volumes/3bc46789-3ec8-4e53-a3f3-b03f46b1f694"}, {"rel": "bookmark", "href": "http://10.201.5.130/volume/volumes/3bc46789-3ec8-4e53-a3f3-b03f46b1f694"}], "user_id": "e1c3214116ac497c8c8bb6cec383bbe0", "bootable": "false", "encrypted": false, "replication_status": null, "consistencygroup_id": null, "multiattach": false, "attachments": [], "os-vol-tenant-attr:tenant_id": "94361c213ebe4bcb93704a98f29de70f"}}'
2026-03-01 04:19:08,683 125145 INFO     [tempest.lib.common.rest_client] Request (VolumeQuotasAdminTestJSON:_run_cleanups): 202 DELETE http://10.201.5.130/volume/v3/volumes/3bc46789-3ec8-4e53-a3f3-b03f46b1f694 0.155s
2026-03-01 04:19:08,683 125145 DEBUG    [tempest.lib.common.rest_client] Request - Headers: {'Content-Type': 'application/json', 'Accept': 'application/json', 'X-Auth-Token': '<omitted>'}
        Body: None
    Response - Headers: {'date': 'Sun, 01 Mar 2026 04:19:08 GMT', 'server': 'Apache/2.4.58 (Ubuntu)', 'content-length': '0', 'content-type': 'text/html; charset=UTF-8', 'openstack-api-version': 'volume 3.0', 'vary': 'OpenStack-API-Version', 'x-openstack-request-id': 'req-73504dbc-9b2d-40be-8906-49ee22e9a8b1', 'connection': 'close', 'status': '202', 'content-location': 'http://10.201.5.130/volume/v3/volumes/3bc46789-3ec8-4e53-a3f3-b03f46b1f694'}
        Body: b''
2026-03-01 04:19:08,701 125145 INFO     [tempest.lib.common.rest_client] Request (VolumeQuotasAdminTestJSON:_run_cleanups): 404 GET http://10.201.5.130
    /volume/v3/volumes/3bc46789-3ec8-4e53-a3f3-b03f46b1f694 0.017s
2026-03-01 04:19:08,701 125145 DEBUG    [tempest.lib.common.rest_client] Request - Headers: {'Content-Type': 'application/json', 'Accept': 'application/json', 'X-Auth-Token': '<omitted>'}
        Body: None
    Response - Headers: {'date': 'Sun, 01 Mar 2026 04:19:08 GMT', 'server': 'Apache/2.4.58 (Ubuntu)', 'openstack-api-version': 'volume 3.0', 'vary': 'OpenStack-API-Version', 'content-length': '109', 'content-type': 'application/json', 'x-compute-request-id': 'req-20faff02-dc93-4a41-8173-d168c7213b33', 'x-openstack-request-id': 'req-20faff02-dc93-4a41-8173-d168c7213b33', 'connection': 'close', 'status': '404', 'content-location': 'http://10.201.5.130/volume/v3/volumes/3bc46789-3ec8-4e53-a3f3-b03f46b1f694'}
        Body: b'{"itemNotFound": {"code": 404, "message": "Volume 3bc46789-3ec8-4e53-a3f3-b03f46b1f694 could not be found."}}'

{0} tempest.api.volume.admin.test_volume_quotas.VolumeQuotasAdminTestJSON.test_show_quota_usage [0.022661s] ... ok
{0} tempest.api.volume.admin.test_volume_quotas.VolumeQuotasAdminTestJSON.test_update_all_quota_resources_for_tenant [0.286602s] ... ok
{0} setUpClass (tempest.api.volume.admin.test_volume_quotas_negative.VolumeQuotasNegativeTestJSON) [0.000000s] ... FAILED

Captured traceback:
~~~~~~~~~~~~~~~~~~~
    Traceback (most recent call last):

      File "/opt/stack/tempest/tempest/test.py", line 185, in setUpClass
    raise value.with_traceback(trace)

      File "/opt/stack/tempest/tempest/test.py", line 178, in setUpClass
    cls.resource_setup()

      File "/opt/stack/tempest/tempest/api/volume/admin/test_volume_quotas_negative.py", line 51, in resource_setup
    cls.volume = cls.create_volume()
                 ^^^^^^^^^^^^^^^^^^^

      File "/opt/stack/tempest/tempest/api/volume/base.py", line 144, in create_volume
    waiters.wait_for_volume_resource_status(self.volumes_client,

      File "/opt/stack/tempest/tempest/common/waiters.py", line 379, in wait_for_volume_resource_status
    raise exceptions.VolumeResourceBuildErrorException(

    tempest.exceptions.VolumeResourceBuildErrorException: volume e578e389-fe9e-4fe7-9843-bd51750fc65c failed to build and is in ERROR status

{0} tempest.api.volume.admin.test_volume_retype.VolumeRetypeMultiattachTest.test_volume_retype_multiattach [5.045991s] ... ok
{0} tempest.api.volume.admin.test_volume_retype.VolumeRetypeWithoutMigrationTest.test_available_volume_retype [3.915788s] ... ok
{0} tempest.api.volume.admin.test_volume_services.VolumesServicesTestJSON.test_get_service_by_host_name [0.020353s] ... ok
{0} tempest.api.volume.admin.test_volume_services.VolumesServicesTestJSON.test_get_service_by_service_and_host_name [0.014293s] ... ok
{0} tempest.api.volume.admin.test_volume_services.VolumesServicesTestJSON.test_get_service_by_service_binary_name [0.009047s] ... ok
{0} tempest.api.volume.admin.test_volume_services.VolumesServicesTestJSON.test_get_service_by_volume_host_name [1.517746s] ... FAILED

Captured traceback:
~~~~~~~~~~~~~~~~~~~
    Traceback (most recent call last):

      File "/opt/stack/tempest/tempest/api/volume/admin/test_volume_services.py", line 76, in test_get_service_by_volume_host_name
    volume_id = self.create_volume()['id']
                ^^^^^^^^^^^^^^^^^^^^

      File "/opt/stack/tempest/tempest/api/volume/base.py", line 144, in create_volume
    waiters.wait_for_volume_resource_status(self.volumes_client,

      File "/opt/stack/tempest/tempest/common/waiters.py", line 379, in wait_for_volume_resource_status
    raise exceptions.VolumeResourceBuildErrorException(

    tempest.exceptions.VolumeResourceBuildErrorException: volume 123d21aa-ed53-4a67-bf96-aea303b27443 failed to build and is in ERROR status


Captured pythonlogging:
~~~~~~~~~~~~~~~~~~~~~~~
    2026-03-01 04:19:32,334 125145 INFO     [tempest.lib.common.rest_client] Request (VolumesServicesTestJSON:test_get_service_by_volume_host_name): 202 POST http://10.201.5.130/volume/v3/volumes 0.317s
2026-03-01 04:19:32,334 125145 DEBUG    [tempest.lib.common.rest_client] Request - Headers: {'Content-Type': 'application/json', 'Accept': 'application/json', 'X-Auth-Token': '<omitted>'}
        Body: {"volume": {"size": 1, "name": "tempest-VolumesServicesTestJSON-Volume-687831907"}}
    Response - Headers: {'date': 'Sun, 01 Mar 2026 04:19:32 GMT', 'server': 'Apache/2.4.58 (Ubuntu)', 'content-type': 'application/json', 'x-compute-request-id': 'req-f9891c3e-fad2-44fa-abda-66194197291c', 'content-length': '752', 'openstack-api-version': 'volume 3.0', 'vary': 'OpenStack-API-Version', 'x-openstack-request-id': 'req-f9891c3e-fad2-44fa-abda-66194197291c', 'connection': 'close', 'status': '202', 'content-location': 'http://10.201.5.130/volume/v3/volumes'}
        Body: b'{"volume": {"id": "123d21aa-ed53-4a67-bf96-aea303b27443", "status": "creating", "size": 1, "availability_zone": "nova", "created_at": "2026-03-01T04:19:32.223986", "updated_at": null, "name": "tempest-VolumesServicesTestJSON-Volume-687831907", "description": null, "volume_type": "3par1", "snapshot_id": null, "source_volid": null, "metadata": {}, "links": [{"rel": "self", "href": "http://10.201.5.130/volume/v3/volumes/123d21aa-ed53-4a67-bf96-aea303b27443"}, {"rel": "bookmark", "href": "http://10.201.5.130/volume/volumes/123d21aa-ed53-4a67-bf96-aea303b27443"}], "user_id": "b2ee99bf595b416eaa12eda1a253540f", "bootable": "false", "encrypted": false, "replication_status": null, "consistencygroup_id": null, "multiattach": false, "attachments": []}}'
2026-03-01 04:19:32,362 125145 INFO     [tempest.lib.common.rest_client] Request (VolumesServicesTestJSON:test_get_service_by_volume_host_name): 200 GET http://10.201.5.130/volume/v3/volumes/123d21aa-ed53-4a67-bf96-aea303b27443 0.020s
2026-03-01 04:19:32,362 125145 DEBUG    [tempest.lib.common.rest_client] Request - Headers: {'Content-Type': 'application/json', 'Accept': 'application/json', 'X-Auth-Token': '<omitted>'}
        Body: None
    Response - Headers: {'date': 'Sun, 01 Mar 2026 04:19:32 GMT', 'server': 'Apache/2.4.58 (Ubuntu)', 'content-type': 'application/json', 'x-compute-request-id': 'req-7403fffe-9018-498f-bea3-351f2d85ade1', 'content-length': '820', 'openstack-api-version': 'volume 3.0', 'vary': 'OpenStack-API-Version', 'x-openstack-request-id': 'req-7403fffe-9018-498f-bea3-351f2d85ade1', 'connection': 'close', 'status': '200', 'content-location': 'http://10.201.5.130/volume/v3/volumes/123d21aa-ed53-4a67-bf96-aea303b27443'}
        Body: b'{"volume": {"id": "123d21aa-ed53-4a67-bf96-aea303b27443", "status": "creating", "size": 1, "availability_zone": "nova", "created_at": "2026-03-01T04:19:32.000000", "updated_at": null, "name": "tempest-VolumesServicesTestJSON-Volume-687831907", "description": null, "volume_type": "3par1", "snapshot_id": null, "source_volid": null, "metadata": {}, "links": [{"rel": "self", "href": "http://10.201.5.130/volume/v3/volumes/123d21aa-ed53-4a67-bf96-aea303b27443"}, {"rel": "bookmark", "href": "http://10.201.5.130/volume/volumes/123d21aa-ed53-4a67-bf96-aea303b27443"}], "user_id": "b2ee99bf595b416eaa12eda1a253540f", "bootable": "false", "encrypted": false, "replication_status": null, "consistencygroup_id": null, "multiattach": false, "attachments": [], "os-vol-tenant-attr:tenant_id": "f9226a5e815a4e2a8ce8319a226b509c"}}'
2026-03-01 04:19:33,402 125145 INFO     [tempest.lib.common.rest_client] Request (VolumesServicesTestJSON:test_get_service_by_volume_host_name): 200 GET http://10.201.5.130/volume/v3/volumes/123d21aa-ed53-4a67-bf96-aea303b27443 0.033s
2026-03-01 04:19:33,402 125145 DEBUG    [tempest.lib.common.rest_client] Request - Headers: {'Content-Type': 'application/json', 'Accept': 'application/json', 'X-Auth-Token': '<omitted>'}
        Body: None
    Response - Headers: {'date': 'Sun, 01 Mar 2026 04:19:33 GMT', 'server': 'Apache/2.4.58 (Ubuntu)', 'content-type': 'application/jso
    n', 'x-compute-request-id': 'req-f01e07a5-e148-4c2e-a19e-5292c4152177', 'content-length': '841', 'openstack-api-version': 'volume 3.0', 'vary': 'OpenStack-API-Version', 'x-openstack-request-id': 'req-f01e07a5-e148-4c2e-a19e-5292c4152177', 'connection': 'close', 'status': '200', 'content-location': 'http://10.201.5.130/volume/v3/volumes/123d21aa-ed53-4a67-bf96-aea303b27443'}
        Body: b'{"volume": {"id": "123d21aa-ed53-4a67-bf96-aea303b27443", "status": "error", "size": 1, "availability_zone": "nova", "created_at": "2026-03-01T04:19:32.000000", "updated_at": "2026-03-01T04:19:32.000000", "name": "tempest-VolumesServicesTestJSON-Volume-687831907", "description": null, "volume_type": "3par1", "snapshot_id": null, "source_volid": null, "metadata": {}, "links": [{"rel": "self", "href": "http://10.201.5.130/volume/v3/volumes/123d21aa-ed53-4a67-bf96-aea303b27443"}, {"rel": "bookmark", "href": "http://10.201.5.130/volume/volumes/123d21aa-ed53-4a67-bf96-aea303b27443"}], "user_id": "b2ee99bf595b416eaa12eda1a253540f", "bootable": "false", "encrypted": false, "replication_status": null, "consistencygroup_id": null, "multiattach": false, "attachments": [], "os-vol-tenant-attr:tenant_id": "f9226a5e815a4e2a8ce8319a226b509c"}}'
2026-03-01 04:19:33,447 125145 INFO     [tempest.lib.common.rest_client] Request (VolumesServicesTestJSON:_run_cleanups): 200 GET http://10.201.5.130/volume/v3/volumes/123d21aa-ed53-4a67-bf96-aea303b27443 0.030s
2026-03-01 04:19:33,448 125145 DEBUG    [tempest.lib.common.rest_client] Request - Headers: {'Content-Type': 'application/json', 'Accept': 'application/json', 'X-Auth-Token': '<omitted>'}
        Body: None
    Response - Headers: {'date': 'Sun, 01 Mar 2026 04:19:33 GMT', 'server': 'Apache/2.4.58 (Ubuntu)', 'content-type': 'application/json', 'x-compute-request-id': 'req-4f1edc0f-33ca-41c3-bc83-914a079a617f', 'content-length': '841', 'openstack-api-version': 'volume 3.0', 'vary': 'OpenStack-API-Version', 'x-openstack-request-id': 'req-4f1edc0f-33ca-41c3-bc83-914a079a617f', 'connection': 'close', 'status': '200', 'content-location': 'http://10.201.5.130/volume/v3/volumes/123d21aa-ed53-4a67-bf96-aea303b27443'}
        Body: b'{"volume": {"id": "123d21aa-ed53-4a67-bf96-aea303b27443", "status": "error", "size": 1, "availability_zone": "nova", "created_at": "2026-03-01T04:19:32.000000", "updated_at": "2026-03-01T04:19:32.000000", "name": "tempest-VolumesServicesTestJSON-Volume-687831907", "description": null, "volume_type": "3par1", "snapshot_id": null, "source_volid": null, "metadata": {}, "links": [{"rel": "self", "href": "http://10.201.5.130/volume/v3/volumes/123d21aa-ed53-4a67-bf96-aea303b27443"}, {"rel": "bookmark", "href": "http://10.201.5.130/volume/volumes/123d21aa-ed53-4a67-bf96-aea303b27443"}], "user_id": "b2ee99bf595b416eaa12eda1a253540f", "bootable": "false", "encrypted": false, "replication_status": null, "consistencygroup_id": null, "multiattach": false, "attachments": [], "os-vol-tenant-attr:tenant_id": "f9226a5e815a4e2a8ce8319a226b509c"}}'
2026-03-01 04:19:33,524 125145 INFO     [tempest.lib.common.rest_client] Request (VolumesServicesTestJSON:_run_cleanups): 202 DELETE http://10.201.5.130/volume/v3/volumes/123d21aa-ed53-4a67-bf96-aea303b27443 0.066s
2026-03-01 04:19:33,525 125145 DEBUG    [tempest.lib.common.rest_client] Request - Headers: {'Content-Type': 'application/json', 'Accept': 'application/json', 'X-Auth-Token': '<omitted>'}
        Body: None
    Response - Headers: {'date': 'Sun, 01 Mar 2026 04:19:33 GMT', 'server': 'Apache/2.4.58 (Ubuntu)', 'content-length': '0', 'content-type': 'text/html; charset=UTF-8', 'openstack-api-version': 'volume 3.0', 'vary': 'OpenStack-API-Version', 'x-openstack-request-id': 'req-2d072b73-9b5b-417b-9aff-6dde8b070467', 'connection': 'close', 'status': '202', 'content-location': 'http://10.201.5.130/volume/v3/volumes/123d21aa-ed53-4a67-bf96-aea303b27443'}
        Body: b''
2026-03-01 04:19:33,534 125145 INFO     [tempest.lib.common.rest_client] Request (VolumesServicesTestJSON:_run_cleanups): 404 GET http://10.201.5.130/volume/v3/volumes/123d21aa-ed53-
    4a67-bf96-aea303b27443 0.009s
2026-03-01 04:19:33,534 125145 DEBUG    [tempest.lib.common.rest_client] Request - Headers: {'Content-Type': 'application/json', 'Accept': 'application/json', 'X-Auth-Token': '<omitted>'}
        Body: None
    Response - Headers: {'date': 'Sun, 01 Mar 2026 04:19:33 GMT', 'server': 'Apache/2.4.58 (Ubuntu)', 'openstack-api-version': 'volume 3.0', 'vary': 'OpenStack-API-Version', 'content-length': '109', 'content-type': 'application/json', 'x-compute-request-id': 'req-c49cee32-43aa-4211-8c6f-4be2f2da14e8', 'x-openstack-request-id': 'req-c49cee32-43aa-4211-8c6f-4be2f2da14e8', 'connection': 'close', 'status': '404', 'content-location': 'http://10.201.5.130/volume/v3/volumes/123d21aa-ed53-4a67-bf96-aea303b27443'}
        Body: b'{"itemNotFound": {"code": 404, "message": "Volume 123d21aa-ed53-4a67-bf96-aea303b27443 could not be found."}}'

{0} tempest.api.volume.admin.test_volume_services.VolumesServicesTestJSON.test_list_services [0.015517s] ... ok
{0} tempest.api.volume.admin.test_volume_services_negative.VolumeServicesNegativeTest.test_disable_log_reason_with_no_reason [0.010319s] ... ok
{0} tempest.api.volume.admin.test_volume_services_negative.VolumeServicesNegativeTest.test_disable_service_with_invalid_binary [0.011230s] ... ok
{0} tempest.api.volume.admin.test_volume_services_negative.VolumeServicesNegativeTest.test_enable_service_with_invalid_host [0.011377s] ... ok
{0} tempest.api.volume.admin.test_volume_services_negative.VolumeServicesNegativeTest.test_freeze_host_with_invalid_host [0.015935s] ... ok
{0} tempest.api.volume.admin.test_volume_services_negative.VolumeServicesNegativeTest.test_thaw_host_with_invalid_host [0.024877s] ... ok
{0} setUpClass (tempest.api.volume.admin.test_volume_snapshot_quotas_negative.VolumeSnapshotQuotasNegativeTestJSON) [0.000000s] ... FAILED

Captured traceback:
~~~~~~~~~~~~~~~~~~~
    Traceback (most recent call last):

      File "/opt/stack/tempest/tempest/test.py", line 185, in setUpClass
    raise value.with_traceback(trace)

      File "/opt/stack/tempest/tempest/test.py", line 178, in setUpClass
    cls.resource_setup()

      File "/opt/stack/tempest/tempest/api/volume/admin/test_volume_snapshot_quotas_negative.py", line 65, in resource_setup
    cls.volume = cls.create_volume()
                 ^^^^^^^^^^^^^^^^^^^

      File "/opt/stack/tempest/tempest/api/volume/base.py", line 144, in create_volume
    waiters.wait_for_volume_resource_status(self.volumes_client,

      File "/opt/stack/tempest/tempest/common/waiters.py", line 379, in wait_for_volume_resource_status
    raise exceptions.VolumeResourceBuildErrorException(

    tempest.exceptions.VolumeResourceBuildErrorException: volume a47895e7-7a10-4a7a-a161-121830280589 failed to build and is in ERROR status

{0} tempest.api.volume.admin.test_volume_type_access.VolumeTypesAccessTest.test_volume_type_access_add [2.696677s] ... ok
{0} tempest.api.volume.admin.test_volume_type_access.VolumeTypesAccessTest.test_volume_type_access_list [0.229151s] ... ok
{0} tempest.api.volume.admin.test_volume_types.VolumeTypesTest.test_volume_crud_with_volume_type_and_extra_specs [4.042055s] ... ok
{0} tempest.api.volume.admin.test_volume_types.VolumeTypesTest.test_volume_type_create_get_delete [0.091123s] ... ok
{0} tempest.api.volume.admin.test_volume_types.VolumeTypesTest.test_volume_type_encryption_create_get_update_delete [0.417021s] ... ok
{0} tempest.api.volume.admin.test_volume_types.VolumeTypesTest.test_volume_type_list [0.019347s] ... ok
{0} tempest.api.volume.admin.test_volume_types.VolumeTypesTest.test_volume_type_update [0.099062s] ... ok
{0} tempest.api.volume.admin.test_volume_types_extra_specs.VolumeTypesExtraSpecsTest.test_volume_type_extra_spec_create_get_delete [0.155100s] ... ok
{0} tempest.api.volume.admin.test_volume_types_extra_specs.VolumeTypesExtraSpecsTest.test_volume_type_extra_specs_list [0.058443s] ... ok
{0} tempest.api.volume.admin.test_volume_types_extra_specs.VolumeTypesExtraSpecsTest.test_volume_type_extra_specs_update [0.150978s] ... ok
{0} tempest.api.volume.admin.test_volume_types_extra_specs_negative.ExtraSpecsNegativeTest.test_create_invalid_body [0.011393s] ... ok
{0} tempest.api.volume.admin.test_volume_types_extra_specs_negative.ExtraSpecsNegativeTest.test_create_none_body [0.010221s] ... ok
{0} tempest.api.volume.admin.test_volume_types_extra_specs_negative.ExtraSpecsNegativeTest.test_create_nonexistent_type_id [0.016077s] ... ok
{0} tempest.api.volume.admin.test_volume_types_extra_specs_negative.ExtraSpecsNegativeTest.test_delete_nonexistent_volume_type_id [0.008592s] ... ok
{0} tempest.api.volume.admin.test_volume_types_extra_specs_negative.ExtraSpecsNegativeTest.test_get_nonexistent_extra_spec_name [0.010278s] ... ok
{0} tempest.api.volume.admin.test_volume_types_extra_specs_negative.ExtraSpecsNegativeTest.test_get_nonexistent_volume_type_id [0.008013s] ... ok
{0} tempest.api.volume.admin.test_volume_types_extra_specs_negative.ExtraSpecsNegativeTest.test_list_nonexistent_volume_type_id [0.007427s] ... ok
{0} tempest.api.volume.admin.test_volume_types_extra_specs_negative.ExtraSpecsNegativeTest.test_update_multiple_extra_spec [0.005604s] ... ok
{0} tempest.api.volume.admin.test_volume_types_extra_specs_negative.ExtraSpecsNegativeTest.test_update_no_body [0.005808s] ... ok
{0} tempest.api.volume.admin.test_volume_types_extra_specs_negative.ExtraSpecsNegativeTest.test_update_none_extra_spec_id [0.014504s] ... ok
{0} tempest.api.volume.admin.test_volume_types_extra_specs_negative.ExtraSpecsNegativeTest.test_update_nonexistent_extra_spec_id [0.013862s] ... ok
{0} tempest.api.volume.admin.test_volume_types_extra_specs_negative.ExtraSpecsNegativeTest.test_update_nonexistent_type_id [0.015778s] ... ok
{0} tempest.api.volume.admin.test_volume_types_negative.VolumeTypesNegativeTest.test_create_volume_type_encryption_nonexistent_type_id [0.073846s] ... ok
{0} tempest.api.volume.admin.test_volume_types_negative.VolumeTypesNegativeTest.test_create_volume_with_private_volume_type [0.173284s] ... ok
{0} tempest.api.volume.admin.test_volume_types_negative.VolumeTypesNegativeTest.test_create_with_empty_name [0.005915s] ... ok
{0} tempest.api.volume.admin.test_volume_types_negative.VolumeTypesNegativeTest.test_create_with_repeated_name [0.080329s] ... ok
{0} tempest.api.volume.admin.test_volume_types_negative.VolumeTypesNegativeTest.test_delete_nonexistent_type_id [0.012202s] ... ok
{0} tempest.api.volume.admin.test_volume_types_negative.VolumeTypesNegativeTest.test_get_nonexistent_type_id [0.009246s] ... ok
{0} setUpClass (tempest.api.volume.admin.test_volumes_list.VolumesListAdminTestJSON) [0.000000s] ... FAILED

Captured traceback:
~~~~~~~~~~~~~~~~~~~
    Traceback (most recent call last):

      File "/opt/stack/tempest/tempest/test.py", line 185, in setUpClass
    raise value.with_traceback(trace)

      File "/opt/stack/tempest/tempest/test.py", line 178, in setUpClass
    cls.resource_setup()

      File "/opt/stack/tempest/tempest/api/volume/admin/test_volumes_list.py", line 37, in resource_setup
    volume = cls.create_volume()
             ^^^^^^^^^^^^^^^^^^^

      File "/opt/stack/tempest/tempest/api/volume/base.py", line 144, in create_volume
    waiters.wait_for_volume_resource_status(self.volumes_client,

      File "/opt/stack/tempest/tempest/common/waiters.py", line 379, in wait_for_volume_resource_status
    raise exceptions.VolumeResourceBuildErrorException(

    tempest.exceptions.VolumeResourceBuildErrorException: volume ea5d431e-930d-4638-a3af-95a656bc0031 failed to build and is in ERROR status

{0} tempest.api.volume.test_availability_zone.AvailabilityZoneTestJSON.test_get_availability_zone_list [0.069286s] ... ok
{0} tempest.api.volume.test_extensions.ExtensionsTestJSON.test_list_extensions [0.066722s] ... ok
{0} setUpClass (tempest.api.volume.test_snapshot_metadata.SnapshotMetadataTestJSON) [0.000000s] ... FAILED

Captured traceback:
~~~~~~~~~~~~~~~~~~~
    Traceback (most recent call last):

      File "/opt/stack/tempest/tempest/test.py", line 185, in setUpClass
    raise value.with_traceback(trace)

      File "/opt/stack/tempest/tempest/test.py", line 178, in setUpClass
    cls.resource_setup()

      File "/opt/stack/tempest/tempest/api/volume/test_snapshot_metadata.py", line 38, in resource_setup
    cls.volume = cls.create_volume()
                 ^^^^^^^^^^^^^^^^^^^

      File "/opt/stack/tempest/tempest/api/volume/base.py", line 144, in create_volume
    waiters.wait_for_volume_resource_status(self.volumes_client,

      File "/opt/stack/tempest/tempest/common/waiters.py", line 379, in wait_for_volume_resource_status
    raise exceptions.VolumeResourceBuildErrorException(

    tempest.exceptions.VolumeResourceBuildErrorException: volume 38bb1923-920e-432e-aeec-641c0841f0c3 failed to build and is in ERROR status

{0} tempest.api.volume.test_versions.VersionsTest.test_list_versions [0.005725s] ... ok
{0} tempest.api.volume.test_versions.VersionsTest.test_show_version [0.070466s] ... ok
{0} setUpClass (tempest.api.volume.test_volume_absolute_limits.AbsoluteLimitsTests) [0.000000s] ... FAILED

Captured traceback:
~~~~~~~~~~~~~~~~~~~
    Traceback (most recent call last):

      File "/opt/stack/tempest/tempest/test.py", line 185, in setUpClass
    raise value.with_traceback(trace)

      File "/opt/stack/tempest/tempest/test.py", line 178, in setUpClass
    cls.resource_setup()

      File "/opt/stack/tempest/tempest/api/volume/test_volume_absolute_limits.py", line 37, in resource_setup
    cls.volume = cls.create_volume()
                 ^^^^^^^^^^^^^^^^^^^

      File "/opt/stack/tempest/tempest/api/volume/base.py", line 144, in create_volume
    waiters.wait_for_volume_resource_status(self.volumes_client,

      File "/opt/stack/tempest/tempest/common/waiters.py", line 379, in wait_for_volume_resource_status
    raise exceptions.VolumeResourceBuildErrorException(

    tempest.exceptions.VolumeResourceBuildErrorException: volume f4c95926-5049-4c77-b2a6-9c198299922e failed to build and is in ERROR status

{0} tempest.api.volume.test_volume_delete_cascade.VolumesDeleteCascade.test_volume_delete_cascade [1.535060s] ... FAILED

Captured traceback:
~~~~~~~~~~~~~~~~~~~
    Traceback (most recent call last):

      File "/opt/stack/tempest/tempest/api/volume/test_volume_delete_cascade.py", line 68, in test_volume_delete_cascade
    volume = self.create_volume()
             ^^^^^^^^^^^^^^^^^^^^

      File "/opt/stack/tempest/tempest/api/volume/base.py", line 144, in create_volume
    waiters.wait_for_volume_resource_status(self.volumes_client,

      File "/opt/stack/tempest/tempest/common/waiters.py", line 379, in wait_for_volume_resource_status
    raise exceptions.VolumeResourceBuildErrorException(

    tempest.exceptions.VolumeResourceBuildErrorException: volume 5d04a6ad-347d-4b20-80da-01f80ba49850 failed to build and is in ERROR status


Captured pythonlogging:
~~~~~~~~~~~~~~~~~~~~~~~
    2026-03-01 04:20:20,777 125145 INFO     [tempest.lib.common.rest_client] Request (VolumesDeleteCascade:test_volume_delete_cascade): 202 POST http://10.201.5.130/volume/v3/volumes 0.337s
2026-03-01 04:20:20,778 125145 DEBUG    [tempest.lib.common.rest_client] Request - Headers: {'Content-Type': 'application/json', 'Accept': 'application/json', 'X-Auth-Token': '<omitted>'}
        Body: {"volume": {"size": 1, "name": "tempest-VolumesDeleteCascade-Volume-1470025826"}}
    Response - Headers: {'date': 'Sun, 01 Mar 2026 04:20:20 GMT', 'server': 'Apache/2.4.58 (Ubuntu)', 'content-type': 'application/json', 'x-compute-request-id': 'req-cae49f0c-8f60-44b5-a181-cbff09da85f4', 'content-length': '750', 'openstack-api-version': 'volume 3.0', 'vary': 'OpenStack-API-Version', 'x-openstack-request-id': 'req-cae49f0c-8f60-44b5-a181-cbff09da85f4', 'connection': 'close', 'status': '202', 'content-location': 'http://10.201.5.130/volume/v3/volumes'}
        Body: b'{"volume": {"id": "5d04a6ad-347d-4b20-80da-01f80ba49850", "status": "creating", "size": 1, "availability_zone": "nova", "created_at": "2026-03-01T04:20:20.658920", "updated_at": null, "name": "tempest-VolumesDeleteCascade-Volume-1470025826", "description": null, "volume_type": "3par1", "snapshot_id": null, "source_volid": null, "metadata": {}, "links": [{"rel": "self", "href": "http://10.201.5.130/volume/v3/volumes/5d04a6ad-347d-4b20-80da-01f80ba49850"}, {"rel": "bookmark", "href": "http://10.201.5.130/volume/volumes/5d04a6ad-347d-4b20-80da-01f80ba49850"}], "user_id": "f328b12002684037b440a21fd7c9f548", "bootable": "false", "encrypted": false, "replication_status": null, "consistencygroup_id": null, "multiattach": false, "attachments": []}}'
2026-03-01 04:20:20,810 125145 INFO     [tempest.lib.common.rest_client] Request (VolumesDeleteCascade:test_volume_delete_cascade): 200 GET http://10.201.5.130/volume/v3/volumes/5d04a6ad-347d-4b20-80da-01f80ba49850 0.028s
2026-03-01 04:20:20,810 125145 DEBUG    [tempest.lib.common.rest_client] Request - Headers: {'Content-Type': 'application/json', 'Accept': 'application/json', 'X-Auth-Token': '<omitted>'}
        Body: None
    Response - Headers: {'date': 'Sun, 01 Mar 2026 04:20:20 GMT', 'server': 'Apache/2.4.58 (Ubuntu)', 'content-type': 'application/json', 'x-compute-request-id': 'req-ebba4d2e-4e5b-4316-86a5-3ca67691e59f', 'content-length': '818', 'openstack-api-version': 'volume 3.0', 'vary': 'OpenStack-API-Version', 'x-openstack-request-id': 'req-ebba4d2e-4e5b-4316-86a5-3ca67691e59f', 'connection': 'close', 'status': '200', 'content-location': 'http://10.201.5.130/volume/v3/volumes/5d04a6ad-347d-4b20-80da-01f80ba49850'}
        Body: b'{"volume": {"id": "5d04a6ad-347d-4b20-80da-01f80ba49850", "status": "creating", "size": 1, "availability_zone": "nova", "created_at": "2026-03-01T04:20:21.000000", "updated_at": null, "name": "tempest-VolumesDeleteCascade-Volume-1470025826", "description": null, "volume_type": "3par1", "snapshot_id": null, "source_volid": null, "metadata": {}, "links": [{"rel": "self", "href": "http://10.201.5.130/volume/v3/volumes/5d04a6ad-347d-4b20-80da-01f80ba49850"}, {"rel": "bookmark", "href": "http://10.201.5.130/volume/volumes/5d04a6ad-347d-4b20-80da-01f80ba49850"}], "user_id": "f328b12002684037b440a21fd7c9f548", "bootable": "false", "encrypted": false, "replication_status": null, "consistencygroup_id": null, "multiattach": false, "attachments": [], "os-vol-tenant-attr:tenant_id": "2bd1221fd25e450884a485f22a00228d"}}'
2026-03-01 04:20:21,851 125145 INFO     [tempest.lib.common.rest_client] Request (VolumesDeleteCascade:test_volume_delete_cascade): 200 GET http://10.201.5.130/volume/v3/volumes/5d04a6ad-347d-4b20-80da-01f80ba49850 0.031s
2026-03-01 04:20:21,852 125145 DEBUG    [tempest.lib.common.rest_client] Request - Headers: {'Content-Type': 'application/json', 'Accept': 'application/json', 'X-Auth-Token': '<omitted>'}
        Body: None
    Response - Headers: {'date': 'Sun, 01 Mar 2026 04:20:21 GMT', 'server': 'Apache/2.4.58 (Ubuntu)', 'content-type': 'application/json', 'x-compute-request-id': 'req-2e4046a5-465
    1-46b3-97d8-5492b6ec6ab8', 'content-length': '839', 'openstack-api-version': 'volume 3.0', 'vary': 'OpenStack-API-Version', 'x-openstack-request-id': 'req-2e4046a5-4651-46b3-97d8-5492b6ec6ab8', 'connection': 'close', 'status': '200', 'content-location': 'http://10.201.5.130/volume/v3/volumes/5d04a6ad-347d-4b20-80da-01f80ba49850'}
        Body: b'{"volume": {"id": "5d04a6ad-347d-4b20-80da-01f80ba49850", "status": "error", "size": 1, "availability_zone": "nova", "created_at": "2026-03-01T04:20:21.000000", "updated_at": "2026-03-01T04:20:21.000000", "name": "tempest-VolumesDeleteCascade-Volume-1470025826", "description": null, "volume_type": "3par1", "snapshot_id": null, "source_volid": null, "metadata": {}, "links": [{"rel": "self", "href": "http://10.201.5.130/volume/v3/volumes/5d04a6ad-347d-4b20-80da-01f80ba49850"}, {"rel": "bookmark", "href": "http://10.201.5.130/volume/volumes/5d04a6ad-347d-4b20-80da-01f80ba49850"}], "user_id": "f328b12002684037b440a21fd7c9f548", "bootable": "false", "encrypted": false, "replication_status": null, "consistencygroup_id": null, "multiattach": false, "attachments": [], "os-vol-tenant-attr:tenant_id": "2bd1221fd25e450884a485f22a00228d"}}'
2026-03-01 04:20:21,887 125145 INFO     [tempest.lib.common.rest_client] Request (VolumesDeleteCascade:_run_cleanups): 200 GET http://10.201.5.130/volume/v3/volumes/5d04a6ad-347d-4b20-80da-01f80ba49850 0.022s
2026-03-01 04:20:21,887 125145 DEBUG    [tempest.lib.common.rest_client] Request - Headers: {'Content-Type': 'application/json', 'Accept': 'application/json', 'X-Auth-Token': '<omitted>'}
        Body: None
    Response - Headers: {'date': 'Sun, 01 Mar 2026 04:20:21 GMT', 'server': 'Apache/2.4.58 (Ubuntu)', 'content-type': 'application/json', 'x-compute-request-id': 'req-06b165de-dde4-4269-b47a-c1997bb97e0c', 'content-length': '839', 'openstack-api-version': 'volume 3.0', 'vary': 'OpenStack-API-Version', 'x-openstack-request-id': 'req-06b165de-dde4-4269-b47a-c1997bb97e0c', 'connection': 'close', 'status': '200', 'content-location': 'http://10.201.5.130/volume/v3/volumes/5d04a6ad-347d-4b20-80da-01f80ba49850'}
        Body: b'{"volume": {"id": "5d04a6ad-347d-4b20-80da-01f80ba49850", "status": "error", "size": 1, "availability_zone": "nova", "created_at": "2026-03-01T04:20:21.000000", "updated_at": "2026-03-01T04:20:21.000000", "name": "tempest-VolumesDeleteCascade-Volume-1470025826", "description": null, "volume_type": "3par1", "snapshot_id": null, "source_volid": null, "metadata": {}, "links": [{"rel": "self", "href": "http://10.201.5.130/volume/v3/volumes/5d04a6ad-347d-4b20-80da-01f80ba49850"}, {"rel": "bookmark", "href": "http://10.201.5.130/volume/volumes/5d04a6ad-347d-4b20-80da-01f80ba49850"}], "user_id": "f328b12002684037b440a21fd7c9f548", "bootable": "false", "encrypted": false, "replication_status": null, "consistencygroup_id": null, "multiattach": false, "attachments": [], "os-vol-tenant-attr:tenant_id": "2bd1221fd25e450884a485f22a00228d"}}'
2026-03-01 04:20:21,959 125145 INFO     [tempest.lib.common.rest_client] Request (VolumesDeleteCascade:_run_cleanups): 202 DELETE http://10.201.5.130/volume/v3/volumes/5d04a6ad-347d-4b20-80da-01f80ba49850 0.068s
2026-03-01 04:20:21,959 125145 DEBUG    [tempest.lib.common.rest_client] Request - Headers: {'Content-Type': 'application/json', 'Accept': 'application/json', 'X-Auth-Token': '<omitted>'}
        Body: None
    Response - Headers: {'date': 'Sun, 01 Mar 2026 04:20:21 GMT', 'server': 'Apache/2.4.58 (Ubuntu)', 'content-length': '0', 'content-type': 'text/html; charset=UTF-8', 'openstack-api-version': 'volume 3.0', 'vary': 'OpenStack-API-Version', 'x-openstack-request-id': 'req-0ea282bf-9f12-4850-97f5-939c92dc8fc6', 'connection': 'close', 'status': '202', 'content-location': 'http://10.201.5.130/volume/v3/volumes/5d04a6ad-347d-4b20-80da-01f80ba49850'}
        Body: b''
2026-03-01 04:20:21,973 125145 INFO     [tempest.lib.common.rest_client] Request (VolumesDeleteCascade:_run_cleanups): 404 GET http://10.201.5.130/volume/v3/volumes/5d04a6ad-347d-4b20-80da-01f80ba49850 0.014s
2026-03-01 04:20:21,974 1251
    45 DEBUG    [tempest.lib.common.rest_client] Request - Headers: {'Content-Type': 'application/json', 'Accept': 'application/json', 'X-Auth-Token': '<omitted>'}
        Body: None
    Response - Headers: {'date': 'Sun, 01 Mar 2026 04:20:21 GMT', 'server': 'Apache/2.4.58 (Ubuntu)', 'openstack-api-version': 'volume 3.0', 'vary': 'OpenStack-API-Version', 'content-length': '109', 'content-type': 'application/json', 'x-compute-request-id': 'req-6091c27a-b934-40a2-be82-fbd045f33aa9', 'x-openstack-request-id': 'req-6091c27a-b934-40a2-be82-fbd045f33aa9', 'connection': 'close', 'status': '404', 'content-location': 'http://10.201.5.130/volume/v3/volumes/5d04a6ad-347d-4b20-80da-01f80ba49850'}
        Body: b'{"itemNotFound": {"code": 404, "message": "Volume 5d04a6ad-347d-4b20-80da-01f80ba49850 could not be found."}}'

{0} tempest.api.volume.test_volume_delete_cascade.VolumesDeleteCascade.test_volume_from_snapshot_cascade_delete [1.359592s] ... FAILED

Captured traceback:
~~~~~~~~~~~~~~~~~~~
    Traceback (most recent call last):

      File "/opt/stack/tempest/tempest/api/volume/test_volume_delete_cascade.py", line 93, in test_volume_from_snapshot_cascade_delete
    volume = self.create_volume()
             ^^^^^^^^^^^^^^^^^^^^

      File "/opt/stack/tempest/tempest/api/volume/base.py", line 144, in create_volume
    waiters.wait_for_volume_resource_status(self.volumes_client,

      File "/opt/stack/tempest/tempest/common/waiters.py", line 379, in wait_for_volume_resource_status
    raise exceptions.VolumeResourceBuildErrorException(

    tempest.exceptions.VolumeResourceBuildErrorException: volume abb55060-1d91-40da-9a31-f78527591257 failed to build and is in ERROR status


Captured pythonlogging:
~~~~~~~~~~~~~~~~~~~~~~~
    2026-03-01 04:20:22,153 125145 INFO     [tempest.lib.common.rest_client] Request (VolumesDeleteCascade:test_volume_from_snapshot_cascade_delete): 202 POST http://10.201.5.130/volume/v3/volumes 0.178s
2026-03-01 04:20:22,154 125145 DEBUG    [tempest.lib.common.rest_client] Request - Headers: {'Content-Type': 'application/json', 'Accept': 'application/json', 'X-Auth-Token': '<omitted>'}
        Body: {"volume": {"size": 1, "name": "tempest-VolumesDeleteCascade-Volume-1851571678"}}
    Response - Headers: {'date': 'Sun, 01 Mar 2026 04:20:21 GMT', 'server': 'Apache/2.4.58 (Ubuntu)', 'content-type': 'application/json', 'x-compute-request-id': 'req-0a76a1d4-d210-4ba9-aae2-4915cb181ad0', 'content-length': '750', 'openstack-api-version': 'volume 3.0', 'vary': 'OpenStack-API-Version', 'x-openstack-request-id': 'req-0a76a1d4-d210-4ba9-aae2-4915cb181ad0', 'connection': 'close', 'status': '202', 'content-location': 'http://10.201.5.130/volume/v3/volumes'}
        Body: b'{"volume": {"id": "abb55060-1d91-40da-9a31-f78527591257", "status": "creating", "size": 1, "availability_zone": "nova", "created_at": "2026-03-01T04:20:22.075433", "updated_at": null, "name": "tempest-VolumesDeleteCascade-Volume-1851571678", "description": null, "volume_type": "3par1", "snapshot_id": null, "source_volid": null, "metadata": {}, "links": [{"rel": "self", "href": "http://10.201.5.130/volume/v3/volumes/abb55060-1d91-40da-9a31-f78527591257"}, {"rel": "bookmark", "href": "http://10.201.5.130/volume/volumes/abb55060-1d91-40da-9a31-f78527591257"}], "user_id": "f328b12002684037b440a21fd7c9f548", "bootable": "false", "encrypted": false, "replication_status": null, "consistencygroup_id": null, "multiattach": false, "attachments": []}}'
2026-03-01 04:20:22,183 125145 INFO     [tempest.lib.common.rest_client] Request (VolumesDeleteCascade:test_volume_from_snapshot_cascade_delete): 200 GET http://10.201.5.130/volume/v3/volumes/abb55060-1d91-40da-9a31-f78527591257 0.020s
2026-03-01 04:20:22,183 125145 DEBUG    [tempest.lib.common.rest_client] Request - Headers: {'Content-Type': 'application/json', 'Accept': 'application/json', 'X-Auth-Token': '<omitted>'}
        Body: None
    Response - Headers: {'date': 'Sun, 01 Mar 2026 04:20:22 GMT', 'server': 'Apache/2.4.58 (Ubuntu)', 'content-type': 'application/json', 'x-compute-request-id': 'req-66dfd78d-c167-4220-a0ed-c3b70246e897', 'content-length': '818', 'openstack-api-version': 'volume 3.0', 'vary': 'OpenStack-API-Version', 'x-openstack-request-id': 'req-66dfd78d-c167-4220-a0ed-c3b70246e897', 'connection': 'close', 'status': '200', 'content-location': 'http://10.201.5.130/volume/v3/volumes/abb55060-1d91-40da-9a31-f78527591257'}
        Body: b'{"volume": {"id": "abb55060-1d91-40da-9a31-f78527591257", "status": "creating", "size": 1, "availability_zone": "nova", "created_at": "2026-03-01T04:20:22.000000", "updated_at": null, "name": "tempest-VolumesDeleteCascade-Volume-1851571678", "description": null, "volume_type": "3par1", "snapshot_id": null, "source_volid": null, "metadata": {}, "links": [{"rel": "self", "href": "http://10.201.5.130/volume/v3/volumes/abb55060-1d91-40da-9a31-f78527591257"}, {"rel": "bookmark", "href": "http://10.201.5.130/volume/volumes/abb55060-1d91-40da-9a31-f78527591257"}], "user_id": "f328b12002684037b440a21fd7c9f548", "bootable": "false", "encrypted": false, "replication_status": null, "consistencygroup_id": null, "multiattach": false, "attachments": [], "os-vol-tenant-attr:tenant_id": "2bd1221fd25e450884a485f22a00228d"}}'
2026-03-01 04:20:23,221 125145 INFO     [tempest.lib.common.rest_client] Request (VolumesDeleteCascade:test_volume_from_snapshot_cascade_delete): 200 GET http://10.201.5.130/volume/v3/volumes/abb55060-1d91-40da-9a31-f78527591257 0.033s
2026-03-01 04:20:23,222 125145 DEBUG    [tempest.lib.common.rest_client] Request - Headers: {'Content-Type': 'application/json', 'Accept': 'application/json', 'X-Auth-Token': '<omitted>'}
        Body: None
    Response - Headers: {'date': 'Sun, 01 Mar 2026 04:20:23 GMT', 'server': 'Apache/2.4.58 (Ubuntu)', 'content-type': 'application/json',
     'x-compute-request-id': 'req-e7e061d9-3fbd-4d3c-90e6-50146bfabdaf', 'content-length': '839', 'openstack-api-version': 'volume 3.0', 'vary': 'OpenStack-API-Version', 'x-openstack-request-id': 'req-e7e061d9-3fbd-4d3c-90e6-50146bfabdaf', 'connection': 'close', 'status': '200', 'content-location': 'http://10.201.5.130/volume/v3/volumes/abb55060-1d91-40da-9a31-f78527591257'}
        Body: b'{"volume": {"id": "abb55060-1d91-40da-9a31-f78527591257", "status": "error", "size": 1, "availability_zone": "nova", "created_at": "2026-03-01T04:20:22.000000", "updated_at": "2026-03-01T04:20:22.000000", "name": "tempest-VolumesDeleteCascade-Volume-1851571678", "description": null, "volume_type": "3par1", "snapshot_id": null, "source_volid": null, "metadata": {}, "links": [{"rel": "self", "href": "http://10.201.5.130/volume/v3/volumes/abb55060-1d91-40da-9a31-f78527591257"}, {"rel": "bookmark", "href": "http://10.201.5.130/volume/volumes/abb55060-1d91-40da-9a31-f78527591257"}], "user_id": "f328b12002684037b440a21fd7c9f548", "bootable": "false", "encrypted": false, "replication_status": null, "consistencygroup_id": null, "multiattach": false, "attachments": [], "os-vol-tenant-attr:tenant_id": "2bd1221fd25e450884a485f22a00228d"}}'
2026-03-01 04:20:23,253 125145 INFO     [tempest.lib.common.rest_client] Request (VolumesDeleteCascade:_run_cleanups): 200 GET http://10.201.5.130/volume/v3/volumes/abb55060-1d91-40da-9a31-f78527591257 0.023s
2026-03-01 04:20:23,253 125145 DEBUG    [tempest.lib.common.rest_client] Request - Headers: {'Content-Type': 'application/json', 'Accept': 'application/json', 'X-Auth-Token': '<omitted>'}
        Body: None
    Response - Headers: {'date': 'Sun, 01 Mar 2026 04:20:23 GMT', 'server': 'Apache/2.4.58 (Ubuntu)', 'content-type': 'application/json', 'x-compute-request-id': 'req-6d8950ab-962e-47fc-a2f5-3d3b41cd5697', 'content-length': '839', 'openstack-api-version': 'volume 3.0', 'vary': 'OpenStack-API-Version', 'x-openstack-request-id': 'req-6d8950ab-962e-47fc-a2f5-3d3b41cd5697', 'connection': 'close', 'status': '200', 'content-location': 'http://10.201.5.130/volume/v3/volumes/abb55060-1d91-40da-9a31-f78527591257'}
        Body: b'{"volume": {"id": "abb55060-1d91-40da-9a31-f78527591257", "status": "error", "size": 1, "availability_zone": "nova", "created_at": "2026-03-01T04:20:22.000000", "updated_at": "2026-03-01T04:20:22.000000", "name": "tempest-VolumesDeleteCascade-Volume-1851571678", "description": null, "volume_type": "3par1", "snapshot_id": null, "source_volid": null, "metadata": {}, "links": [{"rel": "self", "href": "http://10.201.5.130/volume/v3/volumes/abb55060-1d91-40da-9a31-f78527591257"}, {"rel": "bookmark", "href": "http://10.201.5.130/volume/volumes/abb55060-1d91-40da-9a31-f78527591257"}], "user_id": "f328b12002684037b440a21fd7c9f548", "bootable": "false", "encrypted": false, "replication_status": null, "consistencygroup_id": null, "multiattach": false, "attachments": [], "os-vol-tenant-attr:tenant_id": "2bd1221fd25e450884a485f22a00228d"}}'
2026-03-01 04:20:23,321 125145 INFO     [tempest.lib.common.rest_client] Request (VolumesDeleteCascade:_run_cleanups): 202 DELETE http://10.201.5.130/volume/v3/volumes/abb55060-1d91-40da-9a31-f78527591257 0.064s
2026-03-01 04:20:23,321 125145 DEBUG    [tempest.lib.common.rest_client] Request - Headers: {'Content-Type': 'application/json', 'Accept': 'application/json', 'X-Auth-Token': '<omitted>'}
        Body: None
    Response - Headers: {'date': 'Sun, 01 Mar 2026 04:20:23 GMT', 'server': 'Apache/2.4.58 (Ubuntu)', 'content-length': '0', 'content-type': 'text/html; charset=UTF-8', 'openstack-api-version': 'volume 3.0', 'vary': 'OpenStack-API-Version', 'x-openstack-request-id': 'req-086d8d30-d99d-4b0b-ba7d-3c2ca806275a', 'connection': 'close', 'status': '202', 'content-location': 'http://10.201.5.130/volume/v3/volumes/abb55060-1d91-40da-9a31-f78527591257'}
        Body: b''
2026-03-01 04:20:23,334 125145 INFO     [tempest.lib.common.rest_client] Request (VolumesDeleteCascade:_run_cleanups): 404 GET http://10.201.5.130/volume/v3/volumes/abb55060-1d91-40da-9a31-f78527
    591257 0.012s
2026-03-01 04:20:23,334 125145 DEBUG    [tempest.lib.common.rest_client] Request - Headers: {'Content-Type': 'application/json', 'Accept': 'application/json', 'X-Auth-Token': '<omitted>'}
        Body: None
    Response - Headers: {'date': 'Sun, 01 Mar 2026 04:20:23 GMT', 'server': 'Apache/2.4.58 (Ubuntu)', 'openstack-api-version': 'volume 3.0', 'vary': 'OpenStack-API-Version', 'content-length': '109', 'content-type': 'application/json', 'x-compute-request-id': 'req-1ee7a6e2-e3c4-4b94-a52b-820570fbdd9e', 'x-openstack-request-id': 'req-1ee7a6e2-e3c4-4b94-a52b-820570fbdd9e', 'connection': 'close', 'status': '404', 'content-location': 'http://10.201.5.130/volume/v3/volumes/abb55060-1d91-40da-9a31-f78527591257'}
        Body: b'{"itemNotFound": {"code": 404, "message": "Volume abb55060-1d91-40da-9a31-f78527591257 could not be found."}}'

{0} setUpClass (tempest.api.volume.test_volume_metadata.VolumesMetadataTest) [0.000000s] ... FAILED

Captured traceback:
~~~~~~~~~~~~~~~~~~~
    Traceback (most recent call last):

      File "/opt/stack/tempest/tempest/test.py", line 185, in setUpClass
    raise value.with_traceback(trace)

      File "/opt/stack/tempest/tempest/test.py", line 178, in setUpClass
    cls.resource_setup()

      File "/opt/stack/tempest/tempest/api/volume/test_volume_metadata.py", line 29, in resource_setup
    cls.volume = cls.create_volume()
                 ^^^^^^^^^^^^^^^^^^^

      File "/opt/stack/tempest/tempest/api/volume/base.py", line 144, in create_volume
    waiters.wait_for_volume_resource_status(self.volumes_client,

      File "/opt/stack/tempest/tempest/common/waiters.py", line 379, in wait_for_volume_resource_status
    raise exceptions.VolumeResourceBuildErrorException(

    tempest.exceptions.VolumeResourceBuildErrorException: volume 2466d450-bf7c-4988-8aab-bdce5d420866 failed to build and is in ERROR status

{0} tempest.api.volume.test_volume_transfers.VolumesTransfersTest.test_create_get_list_accept_volume_transfer [1.554508s] ... FAILED

Captured traceback:
~~~~~~~~~~~~~~~~~~~
    Traceback (most recent call last):

      File "/opt/stack/tempest/tempest/api/volume/test_volume_transfers.py", line 40, in test_create_get_list_accept_volume_transfer
    volume = self.create_volume()
             ^^^^^^^^^^^^^^^^^^^^

      File "/opt/stack/tempest/tempest/api/volume/base.py", line 144, in create_volume
    waiters.wait_for_volume_resource_status(self.volumes_client,

      File "/opt/stack/tempest/tempest/common/waiters.py", line 379, in wait_for_volume_resource_status
    raise exceptions.VolumeResourceBuildErrorException(

    tempest.exceptions.VolumeResourceBuildErrorException: volume a6fd9260-fc2f-4440-8d0d-53c6a8ab62f3 failed to build and is in ERROR status


Captured pythonlogging:
~~~~~~~~~~~~~~~~~~~~~~~
    2026-03-01 04:20:28,334 125145 INFO     [tempest.lib.common.rest_client] Request (VolumesTransfersTest:test_create_get_list_accept_volume_transfer): 202 POST http://10.201.5.130/volume/v3/volumes 0.300s
2026-03-01 04:20:28,334 125145 DEBUG    [tempest.lib.common.rest_client] Request - Headers: {'Content-Type': 'application/json', 'Accept': 'application/json', 'X-Auth-Token': '<omitted>'}
        Body: {"volume": {"size": 1, "name": "tempest-VolumesTransfersTest-Volume-495457461"}}
    Response - Headers: {'date': 'Sun, 01 Mar 2026 04:20:28 GMT', 'server': 'Apache/2.4.58 (Ubuntu)', 'content-type': 'application/json', 'x-compute-request-id': 'req-565ef1cb-fa6d-4a2f-8a05-55c4868c8651', 'content-length': '749', 'openstack-api-version': 'volume 3.0', 'vary': 'OpenStack-API-Version', 'x-openstack-request-id': 'req-565ef1cb-fa6d-4a2f-8a05-55c4868c8651', 'connection': 'close', 'status': '202', 'content-location': 'http://10.201.5.130/volume/v3/volumes'}
        Body: b'{"volume": {"id": "a6fd9260-fc2f-4440-8d0d-53c6a8ab62f3", "status": "creating", "size": 1, "availability_zone": "nova", "created_at": "2026-03-01T04:20:28.239259", "updated_at": null, "name": "tempest-VolumesTransfersTest-Volume-495457461", "description": null, "volume_type": "3par1", "snapshot_id": null, "source_volid": null, "metadata": {}, "links": [{"rel": "self", "href": "http://10.201.5.130/volume/v3/volumes/a6fd9260-fc2f-4440-8d0d-53c6a8ab62f3"}, {"rel": "bookmark", "href": "http://10.201.5.130/volume/volumes/a6fd9260-fc2f-4440-8d0d-53c6a8ab62f3"}], "user_id": "00eeb28c61684a5480309d220a8970ec", "bootable": "false", "encrypted": false, "replication_status": null, "consistencygroup_id": null, "multiattach": false, "attachments": []}}'
2026-03-01 04:20:28,362 125145 INFO     [tempest.lib.common.rest_client] Request (VolumesTransfersTest:test_create_get_list_accept_volume_transfer): 200 GET http://10.201.5.130/volume/v3/volumes/a6fd9260-fc2f-4440-8d0d-53c6a8ab62f3 0.019s
2026-03-01 04:20:28,362 125145 DEBUG    [tempest.lib.common.rest_client] Request - Headers: {'Content-Type': 'application/json', 'Accept': 'application/json', 'X-Auth-Token': '<omitted>'}
        Body: None
    Response - Headers: {'date': 'Sun, 01 Mar 2026 04:20:28 GMT', 'server': 'Apache/2.4.58 (Ubuntu)', 'content-type': 'application/json', 'x-compute-request-id': 'req-303e6b34-160b-44de-ba87-07b0e50c62c1', 'content-length': '817', 'openstack-api-version': 'volume 3.0', 'vary': 'OpenStack-API-Version', 'x-openstack-request-id': 'req-303e6b34-160b-44de-ba87-07b0e50c62c1', 'connection': 'close', 'status': '200', 'content-location': 'http://10.201.5.130/volume/v3/volumes/a6fd9260-fc2f-4440-8d0d-53c6a8ab62f3'}
        Body: b'{"volume": {"id": "a6fd9260-fc2f-4440-8d0d-53c6a8ab62f3", "status": "creating", "size": 1, "availability_zone": "nova", "created_at": "2026-03-01T04:20:28.000000", "updated_at": null, "name": "tempest-VolumesTransfersTest-Volume-495457461", "description": null, "volume_type": "3par1", "snapshot_id": null, "source_volid": null, "metadata": {}, "links": [{"rel": "self", "href": "http://10.201.5.130/volume/v3/volumes/a6fd9260-fc2f-4440-8d0d-53c6a8ab62f3"}, {"rel": "bookmark", "href": "http://10.201.5.130/volume/volumes/a6fd9260-fc2f-4440-8d0d-53c6a8ab62f3"}], "user_id": "00eeb28c61684a5480309d220a8970ec", "bootable": "false", "encrypted": false, "replication_status": null, "consistencygroup_id": null, "multiattach": false, "attachments": [], "os-vol-tenant-attr:tenant_id": "5bac90460ae54b8fa9b31b8ec2eeaa76"}}'
2026-03-01 04:20:29,405 125145 INFO     [tempest.lib.common.rest_client] Request (VolumesTransfersTest:test_create_get_list_accept_volume_transfer): 200 GET http://10.201.5.130/volume/v3/volumes/a6fd9260-fc2f-4440-8d0d-53c6a8ab62f3 0.036s
2026-03-01 04:20:29,406 125145 DEBUG    [tempest.lib.common.rest_client] Request - Headers: {'Content-Type': 'application/json', 'Accept': 'application/json', 'X-Auth-Token': '<omitted>'}
        Body: None
    Response - Headers: {'date': 'Sun, 01 Mar 2026 04:20:29 GMT', 'server': 'Apache/2.4.58 (Ubuntu)', 'content-type': 'application/
    json', 'x-compute-request-id': 'req-1b562494-9c44-492b-a99c-3da820f4a598', 'content-length': '838', 'openstack-api-version': 'volume 3.0', 'vary': 'OpenStack-API-Version', 'x-openstack-request-id': 'req-1b562494-9c44-492b-a99c-3da820f4a598', 'connection': 'close', 'status': '200', 'content-location': 'http://10.201.5.130/volume/v3/volumes/a6fd9260-fc2f-4440-8d0d-53c6a8ab62f3'}
        Body: b'{"volume": {"id": "a6fd9260-fc2f-4440-8d0d-53c6a8ab62f3", "status": "error", "size": 1, "availability_zone": "nova", "created_at": "2026-03-01T04:20:28.000000", "updated_at": "2026-03-01T04:20:28.000000", "name": "tempest-VolumesTransfersTest-Volume-495457461", "description": null, "volume_type": "3par1", "snapshot_id": null, "source_volid": null, "metadata": {}, "links": [{"rel": "self", "href": "http://10.201.5.130/volume/v3/volumes/a6fd9260-fc2f-4440-8d0d-53c6a8ab62f3"}, {"rel": "bookmark", "href": "http://10.201.5.130/volume/volumes/a6fd9260-fc2f-4440-8d0d-53c6a8ab62f3"}], "user_id": "00eeb28c61684a5480309d220a8970ec", "bootable": "false", "encrypted": false, "replication_status": null, "consistencygroup_id": null, "multiattach": false, "attachments": [], "os-vol-tenant-attr:tenant_id": "5bac90460ae54b8fa9b31b8ec2eeaa76"}}'
2026-03-01 04:20:29,439 125145 INFO     [tempest.lib.common.rest_client] Request (VolumesTransfersTest:_run_cleanups): 200 GET http://10.201.5.130/volume/v3/volumes/a6fd9260-fc2f-4440-8d0d-53c6a8ab62f3 0.021s
2026-03-01 04:20:29,439 125145 DEBUG    [tempest.lib.common.rest_client] Request - Headers: {'Content-Type': 'application/json', 'Accept': 'application/json', 'X-Auth-Token': '<omitted>'}
        Body: None
    Response - Headers: {'date': 'Sun, 01 Mar 2026 04:20:29 GMT', 'server': 'Apache/2.4.58 (Ubuntu)', 'content-type': 'application/json', 'x-compute-request-id': 'req-6bc32b75-0ef8-4368-a08a-387c2a82e176', 'content-length': '838', 'openstack-api-version': 'volume 3.0', 'vary': 'OpenStack-API-Version', 'x-openstack-request-id': 'req-6bc32b75-0ef8-4368-a08a-387c2a82e176', 'connection': 'close', 'status': '200', 'content-location': 'http://10.201.5.130/volume/v3/volumes/a6fd9260-fc2f-4440-8d0d-53c6a8ab62f3'}
        Body: b'{"volume": {"id": "a6fd9260-fc2f-4440-8d0d-53c6a8ab62f3", "status": "error", "size": 1, "availability_zone": "nova", "created_at": "2026-03-01T04:20:28.000000", "updated_at": "2026-03-01T04:20:28.000000", "name": "tempest-VolumesTransfersTest-Volume-495457461", "description": null, "volume_type": "3par1", "snapshot_id": null, "source_volid": null, "metadata": {}, "links": [{"rel": "self", "href": "http://10.201.5.130/volume/v3/volumes/a6fd9260-fc2f-4440-8d0d-53c6a8ab62f3"}, {"rel": "bookmark", "href": "http://10.201.5.130/volume/volumes/a6fd9260-fc2f-4440-8d0d-53c6a8ab62f3"}], "user_id": "00eeb28c61684a5480309d220a8970ec", "bootable": "false", "encrypted": false, "replication_status": null, "consistencygroup_id": null, "multiattach": false, "attachments": [], "os-vol-tenant-attr:tenant_id": "5bac90460ae54b8fa9b31b8ec2eeaa76"}}'
2026-03-01 04:20:29,569 125145 INFO     [tempest.lib.common.rest_client] Request (VolumesTransfersTest:_run_cleanups): 202 DELETE http://10.201.5.130/volume/v3/volumes/a6fd9260-fc2f-4440-8d0d-53c6a8ab62f3 0.123s
2026-03-01 04:20:29,570 125145 DEBUG    [tempest.lib.common.rest_client] Request - Headers: {'Content-Type': 'application/json', 'Accept': 'application/json', 'X-Auth-Token': '<omitted>'}
        Body: None
    Response - Headers: {'date': 'Sun, 01 Mar 2026 04:20:29 GMT', 'server': 'Apache/2.4.58 (Ubuntu)', 'content-length': '0', 'content-type': 'text/html; charset=UTF-8', 'openstack-api-version': 'volume 3.0', 'vary': 'OpenStack-API-Version', 'x-openstack-request-id': 'req-942595e7-8c25-459e-8bc9-7b6979eb21ce', 'connection': 'close', 'status': '202', 'content-location': 'http://10.201.5.130/volume/v3/volumes/a6fd9260-fc2f-4440-8d0d-53c6a8ab62f3'}
        Body: b''
2026-03-01 04:20:29,586 125145 INFO     [tempest.lib.common.rest_client] Request (VolumesTransfersTest:_run_cleanups): 404 GET http://10.201.5.130/volume/v3/volumes/a6fd9260-fc2f-4440-8d0d-53
    c6a8ab62f3 0.016s
2026-03-01 04:20:29,586 125145 DEBUG    [tempest.lib.common.rest_client] Request - Headers: {'Content-Type': 'application/json', 'Accept': 'application/json', 'X-Auth-Token': '<omitted>'}
        Body: None
    Response - Headers: {'date': 'Sun, 01 Mar 2026 04:20:29 GMT', 'server': 'Apache/2.4.58 (Ubuntu)', 'openstack-api-version': 'volume 3.0', 'vary': 'OpenStack-API-Version', 'content-length': '109', 'content-type': 'application/json', 'x-compute-request-id': 'req-4401f97e-58de-4919-bd30-198342984e5b', 'x-openstack-request-id': 'req-4401f97e-58de-4919-bd30-198342984e5b', 'connection': 'close', 'status': '404', 'content-location': 'http://10.201.5.130/volume/v3/volumes/a6fd9260-fc2f-4440-8d0d-53c6a8ab62f3'}
        Body: b'{"itemNotFound": {"code": 404, "message": "Volume a6fd9260-fc2f-4440-8d0d-53c6a8ab62f3 could not be found."}}'

{0} tempest.api.volume.test_volume_transfers.VolumesTransfersTest.test_create_list_delete_volume_transfer [1.343998s] ... FAILED

Captured traceback:
~~~~~~~~~~~~~~~~~~~
    Traceback (most recent call last):

      File "/opt/stack/tempest/tempest/api/volume/test_volume_transfers.py", line 81, in test_create_list_delete_volume_transfer
    volume = self.create_volume()
             ^^^^^^^^^^^^^^^^^^^^

      File "/opt/stack/tempest/tempest/api/volume/base.py", line 144, in create_volume
    waiters.wait_for_volume_resource_status(self.volumes_client,

      File "/opt/stack/tempest/tempest/common/waiters.py", line 379, in wait_for_volume_resource_status
    raise exceptions.VolumeResourceBuildErrorException(

    tempest.exceptions.VolumeResourceBuildErrorException: volume 6abe75cc-3e04-4c34-8012-6c8856546865 failed to build and is in ERROR status


Captured pythonlogging:
~~~~~~~~~~~~~~~~~~~~~~~
    2026-03-01 04:20:29,719 125145 INFO     [tempest.lib.common.rest_client] Request (VolumesTransfersTest:test_create_list_delete_volume_transfer): 202 POST http://10.201.5.130/volume/v3/volumes 0.131s
2026-03-01 04:20:29,719 125145 DEBUG    [tempest.lib.common.rest_client] Request - Headers: {'Content-Type': 'application/json', 'Accept': 'application/json', 'X-Auth-Token': '<omitted>'}
        Body: {"volume": {"size": 1, "name": "tempest-VolumesTransfersTest-Volume-798378572"}}
    Response - Headers: {'date': 'Sun, 01 Mar 2026 04:20:29 GMT', 'server': 'Apache/2.4.58 (Ubuntu)', 'content-type': 'application/json', 'x-compute-request-id': 'req-301d15bc-f53a-4999-a38f-de20e57e25ab', 'content-length': '749', 'openstack-api-version': 'volume 3.0', 'vary': 'OpenStack-API-Version', 'x-openstack-request-id': 'req-301d15bc-f53a-4999-a38f-de20e57e25ab', 'connection': 'close', 'status': '202', 'content-location': 'http://10.201.5.130/volume/v3/volumes'}
        Body: b'{"volume": {"id": "6abe75cc-3e04-4c34-8012-6c8856546865", "status": "creating", "size": 1, "availability_zone": "nova", "created_at": "2026-03-01T04:20:29.669727", "updated_at": null, "name": "tempest-VolumesTransfersTest-Volume-798378572", "description": null, "volume_type": "3par1", "snapshot_id": null, "source_volid": null, "metadata": {}, "links": [{"rel": "self", "href": "http://10.201.5.130/volume/v3/volumes/6abe75cc-3e04-4c34-8012-6c8856546865"}, {"rel": "bookmark", "href": "http://10.201.5.130/volume/volumes/6abe75cc-3e04-4c34-8012-6c8856546865"}], "user_id": "00eeb28c61684a5480309d220a8970ec", "bootable": "false", "encrypted": false, "replication_status": null, "consistencygroup_id": null, "multiattach": false, "attachments": []}}'
2026-03-01 04:20:29,747 125145 INFO     [tempest.lib.common.rest_client] Request (VolumesTransfersTest:test_create_list_delete_volume_transfer): 200 GET http://10.201.5.130/volume/v3/volumes/6abe75cc-3e04-4c34-8012-6c8856546865 0.024s
2026-03-01 04:20:29,748 125145 DEBUG    [tempest.lib.common.rest_client] Request - Headers: {'Content-Type': 'application/json', 'Accept': 'application/json', 'X-Auth-Token': '<omitted>'}
        Body: None
    Response - Headers: {'date': 'Sun, 01 Mar 2026 04:20:29 GMT', 'server': 'Apache/2.4.58 (Ubuntu)', 'content-type': 'application/json', 'x-compute-request-id': 'req-658dfb09-cc33-48cd-bd36-82d15339c3d8', 'content-length': '817', 'openstack-api-version': 'volume 3.0', 'vary': 'OpenStack-API-Version', 'x-openstack-request-id': 'req-658dfb09-cc33-48cd-bd36-82d15339c3d8', 'connection': 'close', 'status': '200', 'content-location': 'http://10.201.5.130/volume/v3/volumes/6abe75cc-3e04-4c34-8012-6c8856546865'}
        Body: b'{"volume": {"id": "6abe75cc-3e04-4c34-8012-6c8856546865", "status": "creating", "size": 1, "availability_zone": "nova", "created_at": "2026-03-01T04:20:30.000000", "updated_at": null, "name": "tempest-VolumesTransfersTest-Volume-798378572", "description": null, "volume_type": "3par1", "snapshot_id": null, "source_volid": null, "metadata": {}, "links": [{"rel": "self", "href": "http://10.201.5.130/volume/v3/volumes/6abe75cc-3e04-4c34-8012-6c8856546865"}, {"rel": "bookmark", "href": "http://10.201.5.130/volume/volumes/6abe75cc-3e04-4c34-8012-6c8856546865"}], "user_id": "00eeb28c61684a5480309d220a8970ec", "bootable": "false", "encrypted": false, "replication_status": null, "consistencygroup_id": null, "multiattach": false, "attachments": [], "os-vol-tenant-attr:tenant_id": "5bac90460ae54b8fa9b31b8ec2eeaa76"}}'
2026-03-01 04:20:30,787 125145 INFO     [tempest.lib.common.rest_client] Request (VolumesTransfersTest:test_create_list_delete_volume_transfer): 200 GET http://10.201.5.130/volume/v3/volumes/6abe75cc-3e04-4c34-8012-6c8856546865 0.033s
2026-03-01 04:20:30,787 125145 DEBUG    [tempest.lib.common.rest_client] Request - Headers: {'Content-Type': 'application/json', 'Accept': 'application/json', 'X-Auth-Token': '<omitted>'}
        Body: None
    Response - Headers: {'date': 'Sun, 01 Mar 2026 04:20:30 GMT', 'server': 'Apache/2.4.58 (Ubuntu)', 'content-type': 'application/json', 'x-co
    mpute-request-id': 'req-02f207bd-8a37-48d2-a111-e6ad32127c54', 'content-length': '838', 'openstack-api-version': 'volume 3.0', 'vary': 'OpenStack-API-Version', 'x-openstack-request-id': 'req-02f207bd-8a37-48d2-a111-e6ad32127c54', 'connection': 'close', 'status': '200', 'content-location': 'http://10.201.5.130/volume/v3/volumes/6abe75cc-3e04-4c34-8012-6c8856546865'}
        Body: b'{"volume": {"id": "6abe75cc-3e04-4c34-8012-6c8856546865", "status": "error", "size": 1, "availability_zone": "nova", "created_at": "2026-03-01T04:20:30.000000", "updated_at": "2026-03-01T04:20:30.000000", "name": "tempest-VolumesTransfersTest-Volume-798378572", "description": null, "volume_type": "3par1", "snapshot_id": null, "source_volid": null, "metadata": {}, "links": [{"rel": "self", "href": "http://10.201.5.130/volume/v3/volumes/6abe75cc-3e04-4c34-8012-6c8856546865"}, {"rel": "bookmark", "href": "http://10.201.5.130/volume/volumes/6abe75cc-3e04-4c34-8012-6c8856546865"}], "user_id": "00eeb28c61684a5480309d220a8970ec", "bootable": "false", "encrypted": false, "replication_status": null, "consistencygroup_id": null, "multiattach": false, "attachments": [], "os-vol-tenant-attr:tenant_id": "5bac90460ae54b8fa9b31b8ec2eeaa76"}}'
2026-03-01 04:20:30,819 125145 INFO     [tempest.lib.common.rest_client] Request (VolumesTransfersTest:_run_cleanups): 200 GET http://10.201.5.130/volume/v3/volumes/6abe75cc-3e04-4c34-8012-6c8856546865 0.019s
2026-03-01 04:20:30,819 125145 DEBUG    [tempest.lib.common.rest_client] Request - Headers: {'Content-Type': 'application/json', 'Accept': 'application/json', 'X-Auth-Token': '<omitted>'}
        Body: None
    Response - Headers: {'date': 'Sun, 01 Mar 2026 04:20:30 GMT', 'server': 'Apache/2.4.58 (Ubuntu)', 'content-type': 'application/json', 'x-compute-request-id': 'req-70e69f30-5cc2-4e04-9a36-28d6731243c0', 'content-length': '838', 'openstack-api-version': 'volume 3.0', 'vary': 'OpenStack-API-Version', 'x-openstack-request-id': 'req-70e69f30-5cc2-4e04-9a36-28d6731243c0', 'connection': 'close', 'status': '200', 'content-location': 'http://10.201.5.130/volume/v3/volumes/6abe75cc-3e04-4c34-8012-6c8856546865'}
        Body: b'{"volume": {"id": "6abe75cc-3e04-4c34-8012-6c8856546865", "status": "error", "size": 1, "availability_zone": "nova", "created_at": "2026-03-01T04:20:30.000000", "updated_at": "2026-03-01T04:20:30.000000", "name": "tempest-VolumesTransfersTest-Volume-798378572", "description": null, "volume_type": "3par1", "snapshot_id": null, "source_volid": null, "metadata": {}, "links": [{"rel": "self", "href": "http://10.201.5.130/volume/v3/volumes/6abe75cc-3e04-4c34-8012-6c8856546865"}, {"rel": "bookmark", "href": "http://10.201.5.130/volume/volumes/6abe75cc-3e04-4c34-8012-6c8856546865"}], "user_id": "00eeb28c61684a5480309d220a8970ec", "bootable": "false", "encrypted": false, "replication_status": null, "consistencygroup_id": null, "multiattach": false, "attachments": [], "os-vol-tenant-attr:tenant_id": "5bac90460ae54b8fa9b31b8ec2eeaa76"}}'
2026-03-01 04:20:30,913 125145 INFO     [tempest.lib.common.rest_client] Request (VolumesTransfersTest:_run_cleanups): 202 DELETE http://10.201.5.130/volume/v3/volumes/6abe75cc-3e04-4c34-8012-6c8856546865 0.089s
2026-03-01 04:20:30,914 125145 DEBUG    [tempest.lib.common.rest_client] Request - Headers: {'Content-Type': 'application/json', 'Accept': 'application/json', 'X-Auth-Token': '<omitted>'}
        Body: None
    Response - Headers: {'date': 'Sun, 01 Mar 2026 04:20:30 GMT', 'server': 'Apache/2.4.58 (Ubuntu)', 'content-length': '0', 'content-type': 'text/html; charset=UTF-8', 'openstack-api-version': 'volume 3.0', 'vary': 'OpenStack-API-Version', 'x-openstack-request-id': 'req-fe9bce97-2325-42cb-99e8-b3fd9f601b3f', 'connection': 'close', 'status': '202', 'content-location': 'http://10.201.5.130/volume/v3/volumes/6abe75cc-3e04-4c34-8012-6c8856546865'}
        Body: b''
2026-03-01 04:20:30,930 125145 INFO     [tempest.lib.common.rest_client] Request (VolumesTransfersTest:_run_cleanups): 404 GET http://10.201.5.130/volume/v3/volumes/6abe75cc-3e04-4c34-8012-6c8856546865 0
    .016s
2026-03-01 04:20:30,931 125145 DEBUG    [tempest.lib.common.rest_client] Request - Headers: {'Content-Type': 'application/json', 'Accept': 'application/json', 'X-Auth-Token': '<omitted>'}
        Body: None
    Response - Headers: {'date': 'Sun, 01 Mar 2026 04:20:30 GMT', 'server': 'Apache/2.4.58 (Ubuntu)', 'openstack-api-version': 'volume 3.0', 'vary': 'OpenStack-API-Version', 'content-length': '109', 'content-type': 'application/json', 'x-compute-request-id': 'req-2edd3348-3ff7-4456-9cb1-8fbe4725ddb4', 'x-openstack-request-id': 'req-2edd3348-3ff7-4456-9cb1-8fbe4725ddb4', 'connection': 'close', 'status': '404', 'content-location': 'http://10.201.5.130/volume/v3/volumes/6abe75cc-3e04-4c34-8012-6c8856546865'}
        Body: b'{"itemNotFound": {"code": 404, "message": "Volume 6abe75cc-3e04-4c34-8012-6c8856546865 could not be found."}}'

{0} tempest.api.volume.test_volume_transfers.VolumesTransfersV355Test.test_create_get_list_accept_volume_transfer [1.520212s] ... FAILED

Captured traceback:
~~~~~~~~~~~~~~~~~~~
    Traceback (most recent call last):

      File "/opt/stack/tempest/tempest/api/volume/test_volume_transfers.py", line 125, in test_create_get_list_accept_volume_transfer
    test_create_get_list_accept_volume_transfer()

      File "/opt/stack/tempest/tempest/api/volume/test_volume_transfers.py", line 40, in test_create_get_list_accept_volume_transfer
    volume = self.create_volume()
             ^^^^^^^^^^^^^^^^^^^^

      File "/opt/stack/tempest/tempest/api/volume/base.py", line 144, in create_volume
    waiters.wait_for_volume_resource_status(self.volumes_client,

      File "/opt/stack/tempest/tempest/common/waiters.py", line 379, in wait_for_volume_resource_status
    raise exceptions.VolumeResourceBuildErrorException(

    tempest.exceptions.VolumeResourceBuildErrorException: volume 3083d615-89f1-436c-9d9d-028f07593273 failed to build and is in ERROR status


Captured pythonlogging:
~~~~~~~~~~~~~~~~~~~~~~~
    2026-03-01 04:20:34,761 125145 INFO     [tempest.lib.common.rest_client] Request (VolumesTransfersV355Test:test_create_get_list_accept_volume_transfer): 202 POST http://10.201.5.130/volume/v3/volumes 0.263s
2026-03-01 04:20:34,761 125145 DEBUG    [tempest.lib.common.rest_client] Request - Headers: {'Content-Type': 'application/json', 'Accept': 'application/json', 'Openstack-Api-Version': 'volume 3.55', 'X-Auth-Token': '<omitted>'}
        Body: {"volume": {"size": 1, "name": "tempest-VolumesTransfersV355Test-Volume-1994183081"}}
    Response - Headers: {'date': 'Sun, 01 Mar 2026 04:20:34 GMT', 'server': 'Apache/2.4.58 (Ubuntu)', 'content-type': 'application/json', 'x-compute-request-id': 'req-39dcae14-ed56-49b0-a069-0e4d9bff4e29', 'content-length': '818', 'openstack-api-version': 'volume 3.55', 'vary': 'OpenStack-API-Version', 'x-openstack-request-id': 'req-39dcae14-ed56-49b0-a069-0e4d9bff4e29', 'connection': 'close', 'status': '202', 'content-location': 'http://10.201.5.130/volume/v3/volumes'}
        Body: b'{"volume": {"id": "3083d615-89f1-436c-9d9d-028f07593273", "status": "creating", "size": 1, "availability_zone": "nova", "created_at": "2026-03-01T04:20:34.694674", "updated_at": null, "name": "tempest-VolumesTransfersV355Test-Volume-1994183081", "description": null, "volume_type": "3par1", "snapshot_id": null, "source_volid": null, "metadata": {}, "links": [{"rel": "self", "href": "http://10.201.5.130/volume/v3/volumes/3083d615-89f1-436c-9d9d-028f07593273"}, {"rel": "bookmark", "href": "http://10.201.5.130/volume/volumes/3083d615-89f1-436c-9d9d-028f07593273"}], "user_id": "43d3263e9d2d4b598e123b8cab08654e", "bootable": "false", "encrypted": false, "replication_status": null, "consistencygroup_id": null, "multiattach": false, "attachments": [], "group_id": null, "shared_targets": true, "service_uuid": null}}'
2026-03-01 04:20:34,784 125145 INFO     [tempest.lib.common.rest_client] Request (VolumesTransfersV355Test:test_create_get_list_accept_volume_transfer): 200 GET http://10.201.5.130/volume/v3/volumes/3083d615-89f1-436c-9d9d-028f07593273 0.017s
2026-03-01 04:20:34,784 125145 DEBUG    [tempest.lib.common.rest_client] Request - Headers: {'Content-Type': 'application/json', 'Accept': 'application/json', 'Openstack-Api-Version': 'volume 3.55', 'X-Auth-Token': '<omitted>'}
        Body: None
    Response - Headers: {'date': 'Sun, 01 Mar 2026 04:20:34 GMT', 'server': 'Apache/2.4.58 (Ubuntu)', 'content-type': 'application/json', 'x-compute-request-id': 'req-432f845d-284f-498a-a6ca-572d68ae3ca5', 'content-length': '886', 'openstack-api-version': 'volume 3.55', 'vary': 'OpenStack-API-Version', 'x-openstack-request-id': 'req-432f845d-284f-498a-a6ca-572d68ae3ca5', 'connection': 'close', 'status': '200', 'content-location': 'http://10.201.5.130/volume/v3/volumes/3083d615-89f1-436c-9d9d-028f07593273'}
        Body: b'{"volume": {"id": "3083d615-89f1-436c-9d9d-028f07593273", "status": "creating", "size": 1, "availability_zone": "nova", "created_at": "2026-03-01T04:20:35.000000", "updated_at": null, "name": "tempest-VolumesTransfersV355Test-Volume-1994183081", "description": null, "volume_type": "3par1", "snapshot_id": null, "source_volid": null, "metadata": {}, "links": [{"rel": "self", "href": "http://10.201.5.130/volume/v3/volumes/3083d615-89f1-436c-9d9d-028f07593273"}, {"rel": "bookmark", "href": "http://10.201.5.130/volume/volumes/3083d615-89f1-436c-9d9d-028f07593273"}], "user_id": "43d3263e9d2d4b598e123b8cab08654e", "bootable": "false", "encrypted": false, "replication_status": null, "consistencygroup_id": null, "multiattach": false, "attachments": [], "group_id": null, "shared_targets": true, "service_uuid": null, "os-vol-tenant-attr:tenant_id": "805b611260084b0dafd89e15b14a1081"}}'
2026-03-01 04:20:35,821 125145 INFO     [tempest.lib.common.rest_client] Request (VolumesTransfersV355Test:test_create_get_list_accept_volume_transfer): 200 GET http://10.201.5.130/volume/v3/volumes/3083d615-89f1-436c-9d9d-028f07593273 0.032s
2026-03-01 04:20:35,821 125145 DEBUG    [tempest.lib.common.rest_client] Request - Headers: {'Content
    -Type': 'application/json', 'Accept': 'application/json', 'Openstack-Api-Version': 'volume 3.55', 'X-Auth-Token': '<omitted>'}
        Body: None
    Response - Headers: {'date': 'Sun, 01 Mar 2026 04:20:35 GMT', 'server': 'Apache/2.4.58 (Ubuntu)', 'content-type': 'application/json', 'x-compute-request-id': 'req-083bf643-7809-45c5-a68d-d1a687d84761', 'content-length': '907', 'openstack-api-version': 'volume 3.55', 'vary': 'OpenStack-API-Version', 'x-openstack-request-id': 'req-083bf643-7809-45c5-a68d-d1a687d84761', 'connection': 'close', 'status': '200', 'content-location': 'http://10.201.5.130/volume/v3/volumes/3083d615-89f1-436c-9d9d-028f07593273'}
        Body: b'{"volume": {"id": "3083d615-89f1-436c-9d9d-028f07593273", "status": "error", "size": 1, "availability_zone": "nova", "created_at": "2026-03-01T04:20:35.000000", "updated_at": "2026-03-01T04:20:35.000000", "name": "tempest-VolumesTransfersV355Test-Volume-1994183081", "description": null, "volume_type": "3par1", "snapshot_id": null, "source_volid": null, "metadata": {}, "links": [{"rel": "self", "href": "http://10.201.5.130/volume/v3/volumes/3083d615-89f1-436c-9d9d-028f07593273"}, {"rel": "bookmark", "href": "http://10.201.5.130/volume/volumes/3083d615-89f1-436c-9d9d-028f07593273"}], "user_id": "43d3263e9d2d4b598e123b8cab08654e", "bootable": "false", "encrypted": false, "replication_status": null, "consistencygroup_id": null, "multiattach": false, "attachments": [], "group_id": null, "shared_targets": true, "service_uuid": null, "os-vol-tenant-attr:tenant_id": "805b611260084b0dafd89e15b14a1081"}}'
2026-03-01 04:20:35,854 125145 INFO     [tempest.lib.common.rest_client] Request (VolumesTransfersV355Test:_run_cleanups): 200 GET http://10.201.5.130/volume/v3/volumes/3083d615-89f1-436c-9d9d-028f07593273 0.027s
2026-03-01 04:20:35,854 125145 DEBUG    [tempest.lib.common.rest_client] Request - Headers: {'Content-Type': 'application/json', 'Accept': 'application/json', 'Openstack-Api-Version': 'volume 3.55', 'X-Auth-Token': '<omitted>'}
        Body: None
    Response - Headers: {'date': 'Sun, 01 Mar 2026 04:20:35 GMT', 'server': 'Apache/2.4.58 (Ubuntu)', 'content-type': 'application/json', 'x-compute-request-id': 'req-64897941-651a-4037-885e-64a309b350db', 'content-length': '907', 'openstack-api-version': 'volume 3.55', 'vary': 'OpenStack-API-Version', 'x-openstack-request-id': 'req-64897941-651a-4037-885e-64a309b350db', 'connection': 'close', 'status': '200', 'content-location': 'http://10.201.5.130/volume/v3/volumes/3083d615-89f1-436c-9d9d-028f07593273'}
        Body: b'{"volume": {"id": "3083d615-89f1-436c-9d9d-028f07593273", "status": "error", "size": 1, "availability_zone": "nova", "created_at": "2026-03-01T04:20:35.000000", "updated_at": "2026-03-01T04:20:35.000000", "name": "tempest-VolumesTransfersV355Test-Volume-1994183081", "description": null, "volume_type": "3par1", "snapshot_id": null, "source_volid": null, "metadata": {}, "links": [{"rel": "self", "href": "http://10.201.5.130/volume/v3/volumes/3083d615-89f1-436c-9d9d-028f07593273"}, {"rel": "bookmark", "href": "http://10.201.5.130/volume/volumes/3083d615-89f1-436c-9d9d-028f07593273"}], "user_id": "43d3263e9d2d4b598e123b8cab08654e", "bootable": "false", "encrypted": false, "replication_status": null, "consistencygroup_id": null, "multiattach": false, "attachments": [], "group_id": null, "shared_targets": true, "service_uuid": null, "os-vol-tenant-attr:tenant_id": "805b611260084b0dafd89e15b14a1081"}}'
2026-03-01 04:20:35,943 125145 INFO     [tempest.lib.common.rest_client] Request (VolumesTransfersV355Test:_run_cleanups): 202 DELETE http://10.201.5.130/volume/v3/volumes/3083d615-89f1-436c-9d9d-028f07593273 0.076s
2026-03-01 04:20:35,944 125145 DEBUG    [tempest.lib.common.rest_client] Request - Headers: {'Content-Type': 'application/json', 'Accept': 'application/json', 'Openstack-Api-Version': 'volume 3.55', 'X-Auth-Token': '<omitted>'}
        Body: None
    Response - Headers: {'date': 'Sun, 01 Mar 2026 04:20:35 GMT', 'server': 'Apache/2.4.58 (Ubuntu)', 'content-length': '0', 'content-type': 'text/html; 
    charset=UTF-8', 'openstack-api-version': 'volume 3.55', 'vary': 'OpenStack-API-Version', 'x-openstack-request-id': 'req-806ee273-1ef9-4e81-beb8-e1120624fc48', 'connection': 'close', 'status': '202', 'content-location': 'http://10.201.5.130/volume/v3/volumes/3083d615-89f1-436c-9d9d-028f07593273'}
        Body: b''
2026-03-01 04:20:35,962 125145 INFO     [tempest.lib.common.rest_client] Request (VolumesTransfersV355Test:_run_cleanups): 404 GET http://10.201.5.130/volume/v3/volumes/3083d615-89f1-436c-9d9d-028f07593273 0.017s
2026-03-01 04:20:36,017 125145 DEBUG    [tempest.lib.common.rest_client] Request - Headers: {'Content-Type': 'application/json', 'Accept': 'application/json', 'Openstack-Api-Version': 'volume 3.55', 'X-Auth-Token': '<omitted>'}
        Body: None
    Response - Headers: {'date': 'Sun, 01 Mar 2026 04:20:35 GMT', 'server': 'Apache/2.4.58 (Ubuntu)', 'openstack-api-version': 'volume 3.55', 'vary': 'OpenStack-API-Version', 'content-length': '109', 'content-type': 'application/json', 'x-compute-request-id': 'req-7b7f3afd-82e4-4d94-b169-44a7e18d5696', 'x-openstack-request-id': 'req-7b7f3afd-82e4-4d94-b169-44a7e18d5696', 'connection': 'close', 'status': '404', 'content-location': 'http://10.201.5.130/volume/v3/volumes/3083d615-89f1-436c-9d9d-028f07593273'}
        Body: b'{"itemNotFound": {"code": 404, "message": "Volume 3083d615-89f1-436c-9d9d-028f07593273 could not be found."}}'

{0} tempest.api.volume.test_volume_transfers.VolumesTransfersV355Test.test_create_list_delete_volume_transfer [1.609251s] ... FAILED

Captured traceback:
~~~~~~~~~~~~~~~~~~~
    Traceback (most recent call last):

      File "/opt/stack/tempest/tempest/api/volume/test_volume_transfers.py", line 131, in test_create_list_delete_volume_transfer
    test_create_list_delete_volume_transfer()

      File "/opt/stack/tempest/tempest/api/volume/test_volume_transfers.py", line 81, in test_create_list_delete_volume_transfer
    volume = self.create_volume()
             ^^^^^^^^^^^^^^^^^^^^

      File "/opt/stack/tempest/tempest/api/volume/base.py", line 144, in create_volume
    waiters.wait_for_volume_resource_status(self.volumes_client,

      File "/opt/stack/tempest/tempest/common/waiters.py", line 379, in wait_for_volume_resource_status
    raise exceptions.VolumeResourceBuildErrorException(

    tempest.exceptions.VolumeResourceBuildErrorException: volume 1b0895a3-874c-4fc4-a748-5dc487b1aa75 failed to build and is in ERROR status


Captured pythonlogging:
~~~~~~~~~~~~~~~~~~~~~~~
    2026-03-01 04:20:36,287 125145 INFO     [tempest.lib.common.rest_client] Request (VolumesTransfersV355Test:test_create_list_delete_volume_transfer): 202 POST http://10.201.5.130/volume/v3/volumes 0.265s
2026-03-01 04:20:36,287 125145 DEBUG    [tempest.lib.common.rest_client] Request - Headers: {'Content-Type': 'application/json', 'Accept': 'application/json', 'Openstack-Api-Version': 'volume 3.55', 'X-Auth-Token': '<omitted>'}
        Body: {"volume": {"size": 1, "name": "tempest-VolumesTransfersV355Test-Volume-1060724044"}}
    Response - Headers: {'date': 'Sun, 01 Mar 2026 04:20:36 GMT', 'server': 'Apache/2.4.58 (Ubuntu)', 'content-type': 'application/json', 'x-compute-request-id': 'req-1597fc5e-d989-4154-b133-3e60151856c6', 'content-length': '818', 'openstack-api-version': 'volume 3.55', 'vary': 'OpenStack-API-Version', 'x-openstack-request-id': 'req-1597fc5e-d989-4154-b133-3e60151856c6', 'connection': 'close', 'status': '202', 'content-location': 'http://10.201.5.130/volume/v3/volumes'}
        Body: b'{"volume": {"id": "1b0895a3-874c-4fc4-a748-5dc487b1aa75", "status": "creating", "size": 1, "availability_zone": "nova", "created_at": "2026-03-01T04:20:36.130519", "updated_at": null, "name": "tempest-VolumesTransfersV355Test-Volume-1060724044", "description": null, "volume_type": "3par1", "snapshot_id": null, "source_volid": null, "metadata": {}, "links": [{"rel": "self", "href": "http://10.201.5.130/volume/v3/volumes/1b0895a3-874c-4fc4-a748-5dc487b1aa75"}, {"rel": "bookmark", "href": "http://10.201.5.130/volume/volumes/1b0895a3-874c-4fc4-a748-5dc487b1aa75"}], "user_id": "43d3263e9d2d4b598e123b8cab08654e", "bootable": "false", "encrypted": false, "replication_status": null, "consistencygroup_id": null, "multiattach": false, "attachments": [], "group_id": null, "shared_targets": true, "service_uuid": null}}'
2026-03-01 04:20:36,326 125145 INFO     [tempest.lib.common.rest_client] Request (VolumesTransfersV355Test:test_create_list_delete_volume_transfer): 200 GET http://10.201.5.130/volume/v3/volumes/1b0895a3-874c-4fc4-a748-5dc487b1aa75 0.029s
2026-03-01 04:20:36,327 125145 DEBUG    [tempest.lib.common.rest_client] Request - Headers: {'Content-Type': 'application/json', 'Accept': 'application/json', 'Openstack-Api-Version': 'volume 3.55', 'X-Auth-Token': '<omitted>'}
        Body: None
    Response - Headers: {'date': 'Sun, 01 Mar 2026 04:20:36 GMT', 'server': 'Apache/2.4.58 (Ubuntu)', 'content-type': 'application/json', 'x-compute-request-id': 'req-4628b64c-0f0c-49b9-adc0-7d32b9e835c2', 'content-length': '886', 'openstack-api-version': 'volume 3.55', 'vary': 'OpenStack-API-Version', 'x-openstack-request-id': 'req-4628b64c-0f0c-49b9-adc0-7d32b9e835c2', 'connection': 'close', 'status': '200', 'content-location': 'http://10.201.5.130/volume/v3/volumes/1b0895a3-874c-4fc4-a748-5dc487b1aa75'}
        Body: b'{"volume": {"id": "1b0895a3-874c-4fc4-a748-5dc487b1aa75", "status": "creating", "size": 1, "availability_zone": "nova", "created_at": "2026-03-01T04:20:36.000000", "updated_at": null, "name": "tempest-VolumesTransfersV355Test-Volume-1060724044", "description": null, "volume_type": "3par1", "snapshot_id": null, "source_volid": null, "metadata": {}, "links": [{"rel": "self", "href": "http://10.201.5.130/volume/v3/volumes/1b0895a3-874c-4fc4-a748-5dc487b1aa75"}, {"rel": "bookmark", "href": "http://10.201.5.130/volume/volumes/1b0895a3-874c-4fc4-a748-5dc487b1aa75"}], "user_id": "43d3263e9d2d4b598e123b8cab08654e", "bootable": "false", "encrypted": false, "replication_status": null, "consistencygroup_id": null, "multiattach": false, "attachments": [], "group_id": null, "shared_targets": true, "service_uuid": null, "os-vol-tenant-attr:tenant_id": "805b611260084b0dafd89e15b14a1081"}}'
2026-03-01 04:20:37,490 125145 INFO     [tempest.lib.common.rest_client] Request (VolumesTransfersV355Test:test_create_list_delete_volume_transfer): 200 GET http://10.201.5.130/volume/v3/volumes/1b0895a3-874c-4fc4-a748-5dc487b1aa75 0.153s
2026-03-01 04:20:37,491 125145 DEBUG    [tempest.lib.common.rest_client] Request - Headers: {'Content-Type': 'app
    lication/json', 'Accept': 'application/json', 'Openstack-Api-Version': 'volume 3.55', 'X-Auth-Token': '<omitted>'}
        Body: None
    Response - Headers: {'date': 'Sun, 01 Mar 2026 04:20:37 GMT', 'server': 'Apache/2.4.58 (Ubuntu)', 'content-type': 'application/json', 'x-compute-request-id': 'req-4f4a0145-d5a6-435a-ab98-e7e4dd484acb', 'content-length': '907', 'openstack-api-version': 'volume 3.55', 'vary': 'OpenStack-API-Version', 'x-openstack-request-id': 'req-4f4a0145-d5a6-435a-ab98-e7e4dd484acb', 'connection': 'close', 'status': '200', 'content-location': 'http://10.201.5.130/volume/v3/volumes/1b0895a3-874c-4fc4-a748-5dc487b1aa75'}
        Body: b'{"volume": {"id": "1b0895a3-874c-4fc4-a748-5dc487b1aa75", "status": "error", "size": 1, "availability_zone": "nova", "created_at": "2026-03-01T04:20:36.000000", "updated_at": "2026-03-01T04:20:36.000000", "name": "tempest-VolumesTransfersV355Test-Volume-1060724044", "description": null, "volume_type": "3par1", "snapshot_id": null, "source_volid": null, "metadata": {}, "links": [{"rel": "self", "href": "http://10.201.5.130/volume/v3/volumes/1b0895a3-874c-4fc4-a748-5dc487b1aa75"}, {"rel": "bookmark", "href": "http://10.201.5.130/volume/volumes/1b0895a3-874c-4fc4-a748-5dc487b1aa75"}], "user_id": "43d3263e9d2d4b598e123b8cab08654e", "bootable": "false", "encrypted": false, "replication_status": null, "consistencygroup_id": null, "multiattach": false, "attachments": [], "group_id": null, "shared_targets": true, "service_uuid": null, "os-vol-tenant-attr:tenant_id": "805b611260084b0dafd89e15b14a1081"}}'
2026-03-01 04:20:37,531 125145 INFO     [tempest.lib.common.rest_client] Request (VolumesTransfersV355Test:_run_cleanups): 200 GET http://10.201.5.130/volume/v3/volumes/1b0895a3-874c-4fc4-a748-5dc487b1aa75 0.027s
2026-03-01 04:20:37,532 125145 DEBUG    [tempest.lib.common.rest_client] Request - Headers: {'Content-Type': 'application/json', 'Accept': 'application/json', 'Openstack-Api-Version': 'volume 3.55', 'X-Auth-Token': '<omitted>'}
        Body: None
    Response - Headers: {'date': 'Sun, 01 Mar 2026 04:20:37 GMT', 'server': 'Apache/2.4.58 (Ubuntu)', 'content-type': 'application/json', 'x-compute-request-id': 'req-a357c273-bf24-4ebf-855e-85cc92c9180e', 'content-length': '907', 'openstack-api-version': 'volume 3.55', 'vary': 'OpenStack-API-Version', 'x-openstack-request-id': 'req-a357c273-bf24-4ebf-855e-85cc92c9180e', 'connection': 'close', 'status': '200', 'content-location': 'http://10.201.5.130/volume/v3/volumes/1b0895a3-874c-4fc4-a748-5dc487b1aa75'}
        Body: b'{"volume": {"id": "1b0895a3-874c-4fc4-a748-5dc487b1aa75", "status": "error", "size": 1, "availability_zone": "nova", "created_at": "2026-03-01T04:20:36.000000", "updated_at": "2026-03-01T04:20:36.000000", "name": "tempest-VolumesTransfersV355Test-Volume-1060724044", "description": null, "volume_type": "3par1", "snapshot_id": null, "source_volid": null, "metadata": {}, "links": [{"rel": "self", "href": "http://10.201.5.130/volume/v3/volumes/1b0895a3-874c-4fc4-a748-5dc487b1aa75"}, {"rel": "bookmark", "href": "http://10.201.5.130/volume/volumes/1b0895a3-874c-4fc4-a748-5dc487b1aa75"}], "user_id": "43d3263e9d2d4b598e123b8cab08654e", "bootable": "false", "encrypted": false, "replication_status": null, "consistencygroup_id": null, "multiattach": false, "attachments": [], "group_id": null, "shared_targets": true, "service_uuid": null, "os-vol-tenant-attr:tenant_id": "805b611260084b0dafd89e15b14a1081"}}'
2026-03-01 04:20:37,619 125145 INFO     [tempest.lib.common.rest_client] Request (VolumesTransfersV355Test:_run_cleanups): 202 DELETE http://10.201.5.130/volume/v3/volumes/1b0895a3-874c-4fc4-a748-5dc487b1aa75 0.074s
2026-03-01 04:20:37,619 125145 DEBUG    [tempest.lib.common.rest_client] Request - Headers: {'Content-Type': 'application/json', 'Accept': 'application/json', 'Openstack-Api-Version': 'volume 3.55', 'X-Auth-Token': '<omitted>'}
        Body: None
    Response - Headers: {'date': 'Sun, 01 Mar 2026 04:20:37 GMT', 'server': 'Apache/2.4.58 (Ubuntu)', 'content-length': '0', 'content-type': 'text/html; charset=UTF-
    8', 'openstack-api-version': 'volume 3.55', 'vary': 'OpenStack-API-Version', 'x-openstack-request-id': 'req-dd0c0712-e923-4b0c-99c3-1dc1c9e2b5ad', 'connection': 'close', 'status': '202', 'content-location': 'http://10.201.5.130/volume/v3/volumes/1b0895a3-874c-4fc4-a748-5dc487b1aa75'}
        Body: b''
2026-03-01 04:20:37,629 125145 INFO     [tempest.lib.common.rest_client] Request (VolumesTransfersV355Test:_run_cleanups): 404 GET http://10.201.5.130/volume/v3/volumes/1b0895a3-874c-4fc4-a748-5dc487b1aa75 0.010s
2026-03-01 04:20:37,629 125145 DEBUG    [tempest.lib.common.rest_client] Request - Headers: {'Content-Type': 'application/json', 'Accept': 'application/json', 'Openstack-Api-Version': 'volume 3.55', 'X-Auth-Token': '<omitted>'}
        Body: None
    Response - Headers: {'date': 'Sun, 01 Mar 2026 04:20:37 GMT', 'server': 'Apache/2.4.58 (Ubuntu)', 'openstack-api-version': 'volume 3.55', 'vary': 'OpenStack-API-Version', 'content-length': '109', 'content-type': 'application/json', 'x-compute-request-id': 'req-6a874fd4-f117-4dae-ae68-f709c7759358', 'x-openstack-request-id': 'req-6a874fd4-f117-4dae-ae68-f709c7759358', 'connection': 'close', 'status': '404', 'content-location': 'http://10.201.5.130/volume/v3/volumes/1b0895a3-874c-4fc4-a748-5dc487b1aa75'}
        Body: b'{"itemNotFound": {"code": 404, "message": "Volume 1b0895a3-874c-4fc4-a748-5dc487b1aa75 could not be found."}}'

{0} tempest.api.volume.test_volume_transfers.VolumesTransfersV357Test.test_create_get_list_accept_volume_transfer [1.540180s] ... FAILED

Captured traceback:
~~~~~~~~~~~~~~~~~~~
    Traceback (most recent call last):

      File "/opt/stack/tempest/tempest/api/volume/test_volume_transfers.py", line 144, in test_create_get_list_accept_volume_transfer
    test_create_get_list_accept_volume_transfer()

      File "/opt/stack/tempest/tempest/api/volume/test_volume_transfers.py", line 125, in test_create_get_list_accept_volume_transfer
    test_create_get_list_accept_volume_transfer()

      File "/opt/stack/tempest/tempest/api/volume/test_volume_transfers.py", line 40, in test_create_get_list_accept_volume_transfer
    volume = self.create_volume()
             ^^^^^^^^^^^^^^^^^^^^

      File "/opt/stack/tempest/tempest/api/volume/base.py", line 144, in create_volume
    waiters.wait_for_volume_resource_status(self.volumes_client,

      File "/opt/stack/tempest/tempest/common/waiters.py", line 379, in wait_for_volume_resource_status
    raise exceptions.VolumeResourceBuildErrorException(

    tempest.exceptions.VolumeResourceBuildErrorException: volume 6727f979-0247-43e2-bfaa-14baf5d07995 failed to build and is in ERROR status


Captured pythonlogging:
~~~~~~~~~~~~~~~~~~~~~~~
    2026-03-01 04:20:41,538 125145 INFO     [tempest.lib.common.rest_client] Request (VolumesTransfersV357Test:test_create_get_list_accept_volume_transfer): 202 POST http://10.201.5.130/volume/v3/volumes 0.309s
2026-03-01 04:20:41,538 125145 DEBUG    [tempest.lib.common.rest_client] Request - Headers: {'Content-Type': 'application/json', 'Accept': 'application/json', 'Openstack-Api-Version': 'volume 3.57', 'X-Auth-Token': '<omitted>'}
        Body: {"volume": {"size": 1, "name": "tempest-VolumesTransfersV357Test-Volume-390857062"}}
    Response - Headers: {'date': 'Sun, 01 Mar 2026 04:20:41 GMT', 'server': 'Apache/2.4.58 (Ubuntu)', 'content-type': 'application/json', 'x-compute-request-id': 'req-9afa8f18-1eb5-46ae-ba16-8aa67a27186c', 'content-length': '817', 'openstack-api-version': 'volume 3.57', 'vary': 'OpenStack-API-Version', 'x-openstack-request-id': 'req-9afa8f18-1eb5-46ae-ba16-8aa67a27186c', 'connection': 'close', 'status': '202', 'content-location': 'http://10.201.5.130/volume/v3/volumes'}
        Body: b'{"volume": {"id": "6727f979-0247-43e2-bfaa-14baf5d07995", "status": "creating", "size": 1, "availability_zone": "nova", "created_at": "2026-03-01T04:20:41.476908", "updated_at": null, "name": "tempest-VolumesTransfersV357Test-Volume-390857062", "description": null, "volume_type": "3par1", "snapshot_id": null, "source_volid": null, "metadata": {}, "links": [{"rel": "self", "href": "http://10.201.5.130/volume/v3/volumes/6727f979-0247-43e2-bfaa-14baf5d07995"}, {"rel": "bookmark", "href": "http://10.201.5.130/volume/volumes/6727f979-0247-43e2-bfaa-14baf5d07995"}], "user_id": "9a9af554415e48fab10c7bc14ed0e37d", "bootable": "false", "encrypted": false, "replication_status": null, "consistencygroup_id": null, "multiattach": false, "attachments": [], "group_id": null, "shared_targets": true, "service_uuid": null}}'
2026-03-01 04:20:41,569 125145 INFO     [tempest.lib.common.rest_client] Request (VolumesTransfersV357Test:test_create_get_list_accept_volume_transfer): 200 GET http://10.201.5.130/volume/v3/volumes/6727f979-0247-43e2-bfaa-14baf5d07995 0.026s
2026-03-01 04:20:41,569 125145 DEBUG    [tempest.lib.common.rest_client] Request - Headers: {'Content-Type': 'application/json', 'Accept': 'application/json', 'Openstack-Api-Version': 'volume 3.57', 'X-Auth-Token': '<omitted>'}
        Body: None
    Response - Headers: {'date': 'Sun, 01 Mar 2026 04:20:41 GMT', 'server': 'Apache/2.4.58 (Ubuntu)', 'content-type': 'application/json', 'x-compute-request-id': 'req-aa6c3334-10ae-4ce8-8536-d5158f53f289', 'content-length': '885', 'openstack-api-version': 'volume 3.57', 'vary': 'OpenStack-API-Version', 'x-openstack-request-id': 'req-aa6c3334-10ae-4ce8-8536-d5158f53f289', 'connection': 'close', 'status': '200', 'content-location': 'http://10.201.5.130/volume/v3/volumes/6727f979-0247-43e2-bfaa-14baf5d07995'}
        Body: b'{"volume": {"id": "6727f979-0247-43e2-bfaa-14baf5d07995", "status": "creating", "size": 1, "availability_zone": "nova", "created_at": "2026-03-01T04:20:41.000000", "updated_at": null, "name": "tempest-VolumesTransfersV357Test-Volume-390857062", "description": null, "volume_type": "3par1", "snapshot_id": null, "source_volid": null, "metadata": {}, "links": [{"rel": "self", "href": "http://10.201.5.130/volume/v3/volumes/6727f979-0247-43e2-bfaa-14baf5d07995"}, {"rel": "bookmark", "href": "http://10.201.5.130/volume/volumes/6727f979-0247-43e2-bfaa-14baf5d07995"}], "user_id": "9a9af554415e48fab10c7bc14ed0e37d", "bootable": "false", "encrypted": false, "replication_status": null, "consistencygroup_id": null, "multiattach": false, "attachments": [], "group_id": null, "shared_targets": true, "service_uuid": null, "os-vol-tenant-attr:tenant_id": "1e8d119d9f16473bb1ade7a893b1127c"}}'
2026-03-01 04:20:42,609 125145 INFO     [tempest.lib.common.rest_client] Request (VolumesTransfersV357Test:test_create_get_list_accept_volume_transfer): 200 GET http://10.201.5.130/volume/v3/volumes/6727f979-0247-43e2-bfaa-14baf5d07995 0.035s
2026-03-01 04:20:42,609 125145 DEBUG    [tempest.lib.common.rest_client] Request - Headers: {'Content-Ty
    pe': 'application/json', 'Accept': 'application/json', 'Openstack-Api-Version': 'volume 3.57', 'X-Auth-Token': '<omitted>'}
        Body: None
    Response - Headers: {'date': 'Sun, 01 Mar 2026 04:20:42 GMT', 'server': 'Apache/2.4.58 (Ubuntu)', 'content-type': 'application/json', 'x-compute-request-id': 'req-780938ef-ba24-4963-bafc-df90a60f7157', 'content-length': '906', 'openstack-api-version': 'volume 3.57', 'vary': 'OpenStack-API-Version', 'x-openstack-request-id': 'req-780938ef-ba24-4963-bafc-df90a60f7157', 'connection': 'close', 'status': '200', 'content-location': 'http://10.201.5.130/volume/v3/volumes/6727f979-0247-43e2-bfaa-14baf5d07995'}
        Body: b'{"volume": {"id": "6727f979-0247-43e2-bfaa-14baf5d07995", "status": "error", "size": 1, "availability_zone": "nova", "created_at": "2026-03-01T04:20:41.000000", "updated_at": "2026-03-01T04:20:42.000000", "name": "tempest-VolumesTransfersV357Test-Volume-390857062", "description": null, "volume_type": "3par1", "snapshot_id": null, "source_volid": null, "metadata": {}, "links": [{"rel": "self", "href": "http://10.201.5.130/volume/v3/volumes/6727f979-0247-43e2-bfaa-14baf5d07995"}, {"rel": "bookmark", "href": "http://10.201.5.130/volume/volumes/6727f979-0247-43e2-bfaa-14baf5d07995"}], "user_id": "9a9af554415e48fab10c7bc14ed0e37d", "bootable": "false", "encrypted": false, "replication_status": null, "consistencygroup_id": null, "multiattach": false, "attachments": [], "group_id": null, "shared_targets": true, "service_uuid": null, "os-vol-tenant-attr:tenant_id": "1e8d119d9f16473bb1ade7a893b1127c"}}'
2026-03-01 04:20:42,639 125145 INFO     [tempest.lib.common.rest_client] Request (VolumesTransfersV357Test:_run_cleanups): 200 GET http://10.201.5.130/volume/v3/volumes/6727f979-0247-43e2-bfaa-14baf5d07995 0.025s
2026-03-01 04:20:42,640 125145 DEBUG    [tempest.lib.common.rest_client] Request - Headers: {'Content-Type': 'application/json', 'Accept': 'application/json', 'Openstack-Api-Version': 'volume 3.57', 'X-Auth-Token': '<omitted>'}
        Body: None
    Response - Headers: {'date': 'Sun, 01 Mar 2026 04:20:42 GMT', 'server': 'Apache/2.4.58 (Ubuntu)', 'content-type': 'application/json', 'x-compute-request-id': 'req-75f76498-6867-4743-ade5-a09d8a9712c4', 'content-length': '906', 'openstack-api-version': 'volume 3.57', 'vary': 'OpenStack-API-Version', 'x-openstack-request-id': 'req-75f76498-6867-4743-ade5-a09d8a9712c4', 'connection': 'close', 'status': '200', 'content-location': 'http://10.201.5.130/volume/v3/volumes/6727f979-0247-43e2-bfaa-14baf5d07995'}
        Body: b'{"volume": {"id": "6727f979-0247-43e2-bfaa-14baf5d07995", "status": "error", "size": 1, "availability_zone": "nova", "created_at": "2026-03-01T04:20:41.000000", "updated_at": "2026-03-01T04:20:42.000000", "name": "tempest-VolumesTransfersV357Test-Volume-390857062", "description": null, "volume_type": "3par1", "snapshot_id": null, "source_volid": null, "metadata": {}, "links": [{"rel": "self", "href": "http://10.201.5.130/volume/v3/volumes/6727f979-0247-43e2-bfaa-14baf5d07995"}, {"rel": "bookmark", "href": "http://10.201.5.130/volume/volumes/6727f979-0247-43e2-bfaa-14baf5d07995"}], "user_id": "9a9af554415e48fab10c7bc14ed0e37d", "bootable": "false", "encrypted": false, "replication_status": null, "consistencygroup_id": null, "multiattach": false, "attachments": [], "group_id": null, "shared_targets": true, "service_uuid": null, "os-vol-tenant-attr:tenant_id": "1e8d119d9f16473bb1ade7a893b1127c"}}'
2026-03-01 04:20:42,755 125145 INFO     [tempest.lib.common.rest_client] Request (VolumesTransfersV357Test:_run_cleanups): 202 DELETE http://10.201.5.130/volume/v3/volumes/6727f979-0247-43e2-bfaa-14baf5d07995 0.107s
2026-03-01 04:20:42,756 125145 DEBUG    [tempest.lib.common.rest_client] Request - Headers: {'Content-Type': 'application/json', 'Accept': 'application/json', 'Openstack-Api-Version': 'volume 3.57', 'X-Auth-Token': '<omitted>'}
        Body: None
    Response - Headers: {'date': 'Sun, 01 Mar 2026 04:20:42 GMT', 'server': 'Apache/2.4.58 (Ubuntu)', 'content-length': '0', 'content-type': 'text/html; chars
    et=UTF-8', 'openstack-api-version': 'volume 3.57', 'vary': 'OpenStack-API-Version', 'x-openstack-request-id': 'req-2479cb48-9076-4fe4-b151-fd123d6d2d3d', 'connection': 'close', 'status': '202', 'content-location': 'http://10.201.5.130/volume/v3/volumes/6727f979-0247-43e2-bfaa-14baf5d07995'}
        Body: b''
2026-03-01 04:20:42,768 125145 INFO     [tempest.lib.common.rest_client] Request (VolumesTransfersV357Test:_run_cleanups): 404 GET http://10.201.5.130/volume/v3/volumes/6727f979-0247-43e2-bfaa-14baf5d07995 0.012s
2026-03-01 04:20:42,768 125145 DEBUG    [tempest.lib.common.rest_client] Request - Headers: {'Content-Type': 'application/json', 'Accept': 'application/json', 'Openstack-Api-Version': 'volume 3.57', 'X-Auth-Token': '<omitted>'}
        Body: None
    Response - Headers: {'date': 'Sun, 01 Mar 2026 04:20:42 GMT', 'server': 'Apache/2.4.58 (Ubuntu)', 'openstack-api-version': 'volume 3.57', 'vary': 'OpenStack-API-Version', 'content-length': '109', 'content-type': 'application/json', 'x-compute-request-id': 'req-a4c0508a-9eb9-4b51-9388-71eeb86ec13f', 'x-openstack-request-id': 'req-a4c0508a-9eb9-4b51-9388-71eeb86ec13f', 'connection': 'close', 'status': '404', 'content-location': 'http://10.201.5.130/volume/v3/volumes/6727f979-0247-43e2-bfaa-14baf5d07995'}
        Body: b'{"itemNotFound": {"code": 404, "message": "Volume 6727f979-0247-43e2-bfaa-14baf5d07995 could not be found."}}'

{0} tempest.api.volume.test_volume_transfers.VolumesTransfersV357Test.test_create_list_delete_volume_transfer [1.425693s] ... FAILED

Captured traceback:
~~~~~~~~~~~~~~~~~~~
    Traceback (most recent call last):

      File "/opt/stack/tempest/tempest/api/volume/test_volume_transfers.py", line 150, in test_create_list_delete_volume_transfer
    test_create_list_delete_volume_transfer()

      File "/opt/stack/tempest/tempest/api/volume/test_volume_transfers.py", line 131, in test_create_list_delete_volume_transfer
    test_create_list_delete_volume_transfer()

      File "/opt/stack/tempest/tempest/api/volume/test_volume_transfers.py", line 81, in test_create_list_delete_volume_transfer
    volume = self.create_volume()
             ^^^^^^^^^^^^^^^^^^^^

      File "/opt/stack/tempest/tempest/api/volume/base.py", line 144, in create_volume
    waiters.wait_for_volume_resource_status(self.volumes_client,

      File "/opt/stack/tempest/tempest/common/waiters.py", line 379, in wait_for_volume_resource_status
    raise exceptions.VolumeResourceBuildErrorException(

    tempest.exceptions.VolumeResourceBuildErrorException: volume 9168f26a-9b41-424a-81aa-7542c285d299 failed to build and is in ERROR status


Captured pythonlogging:
~~~~~~~~~~~~~~~~~~~~~~~
    2026-03-01 04:20:42,898 125145 INFO     [tempest.lib.common.rest_client] Request (VolumesTransfersV357Test:test_create_list_delete_volume_transfer): 202 POST http://10.201.5.130/volume/v3/volumes 0.128s
2026-03-01 04:20:42,898 125145 DEBUG    [tempest.lib.common.rest_client] Request - Headers: {'Content-Type': 'application/json', 'Accept': 'application/json', 'Openstack-Api-Version': 'volume 3.57', 'X-Auth-Token': '<omitted>'}
        Body: {"volume": {"size": 1, "name": "tempest-VolumesTransfersV357Test-Volume-174066180"}}
    Response - Headers: {'date': 'Sun, 01 Mar 2026 04:20:42 GMT', 'server': 'Apache/2.4.58 (Ubuntu)', 'content-type': 'application/json', 'x-compute-request-id': 'req-8613b9bc-b65a-45c4-979d-738e59a6c1a6', 'content-length': '817', 'openstack-api-version': 'volume 3.57', 'vary': 'OpenStack-API-Version', 'x-openstack-request-id': 'req-8613b9bc-b65a-45c4-979d-738e59a6c1a6', 'connection': 'close', 'status': '202', 'content-location': 'http://10.201.5.130/volume/v3/volumes'}
        Body: b'{"volume": {"id": "9168f26a-9b41-424a-81aa-7542c285d299", "status": "creating", "size": 1, "availability_zone": "nova", "created_at": "2026-03-01T04:20:42.844151", "updated_at": null, "name": "tempest-VolumesTransfersV357Test-Volume-174066180", "description": null, "volume_type": "3par1", "snapshot_id": null, "source_volid": null, "metadata": {}, "links": [{"rel": "self", "href": "http://10.201.5.130/volume/v3/volumes/9168f26a-9b41-424a-81aa-7542c285d299"}, {"rel": "bookmark", "href": "http://10.201.5.130/volume/volumes/9168f26a-9b41-424a-81aa-7542c285d299"}], "user_id": "9a9af554415e48fab10c7bc14ed0e37d", "bootable": "false", "encrypted": false, "replication_status": null, "consistencygroup_id": null, "multiattach": false, "attachments": [], "group_id": null, "shared_targets": true, "service_uuid": null}}'
2026-03-01 04:20:42,920 125145 INFO     [tempest.lib.common.rest_client] Request (VolumesTransfersV357Test:test_create_list_delete_volume_transfer): 200 GET http://10.201.5.130/volume/v3/volumes/9168f26a-9b41-424a-81aa-7542c285d299 0.018s
2026-03-01 04:20:42,920 125145 DEBUG    [tempest.lib.common.rest_client] Request - Headers: {'Content-Type': 'application/json', 'Accept': 'application/json', 'Openstack-Api-Version': 'volume 3.57', 'X-Auth-Token': '<omitted>'}
        Body: None
    Response - Headers: {'date': 'Sun, 01 Mar 2026 04:20:42 GMT', 'server': 'Apache/2.4.58 (Ubuntu)', 'content-type': 'application/json', 'x-compute-request-id': 'req-14100008-c379-4acd-bd37-22c84f3facb3', 'content-length': '885', 'openstack-api-version': 'volume 3.57', 'vary': 'OpenStack-API-Version', 'x-openstack-request-id': 'req-14100008-c379-4acd-bd37-22c84f3facb3', 'connection': 'close', 'status': '200', 'content-location': 'http://10.201.5.130/volume/v3/volumes/9168f26a-9b41-424a-81aa-7542c285d299'}
        Body: b'{"volume": {"id": "9168f26a-9b41-424a-81aa-7542c285d299", "status": "creating", "size": 1, "availability_zone": "nova", "created_at": "2026-03-01T04:20:43.000000", "updated_at": null, "name": "tempest-VolumesTransfersV357Test-Volume-174066180", "description": null, "volume_type": "3par1", "snapshot_id": null, "source_volid": null, "metadata": {}, "links": [{"rel": "self", "href": "http://10.201.5.130/volume/v3/volumes/9168f26a-9b41-424a-81aa-7542c285d299"}, {"rel": "bookmark", "href": "http://10.201.5.130/volume/volumes/9168f26a-9b41-424a-81aa-7542c285d299"}], "user_id": "9a9af554415e48fab10c7bc14ed0e37d", "bootable": "false", "encrypted": false, "replication_status": null, "consistencygroup_id": null, "multiattach": false, "attachments": [], "group_id": null, "shared_targets": true, "service_uuid": null, "os-vol-tenant-attr:tenant_id": "1e8d119d9f16473bb1ade7a893b1127c"}}'
2026-03-01 04:20:43,956 125145 INFO     [tempest.lib.common.rest_client] Request (VolumesTransfersV357Test:test_create_list_delete_volume_transfer): 200 GET http://10.201.5.130/volume/v3/volumes/9168f26a-9b41-424a-81aa-7542c285d299 0.031s
2026-03-01 04:20:43,956 125145 DEBUG    [tempest.lib.common.rest_client] Request - Headers: {'Content-Type': 'applic
    ation/json', 'Accept': 'application/json', 'Openstack-Api-Version': 'volume 3.57', 'X-Auth-Token': '<omitted>'}
        Body: None
    Response - Headers: {'date': 'Sun, 01 Mar 2026 04:20:43 GMT', 'server': 'Apache/2.4.58 (Ubuntu)', 'content-type': 'application/json', 'x-compute-request-id': 'req-5464dad0-7133-423e-963f-b74d2600889d', 'content-length': '906', 'openstack-api-version': 'volume 3.57', 'vary': 'OpenStack-API-Version', 'x-openstack-request-id': 'req-5464dad0-7133-423e-963f-b74d2600889d', 'connection': 'close', 'status': '200', 'content-location': 'http://10.201.5.130/volume/v3/volumes/9168f26a-9b41-424a-81aa-7542c285d299'}
        Body: b'{"volume": {"id": "9168f26a-9b41-424a-81aa-7542c285d299", "status": "error", "size": 1, "availability_zone": "nova", "created_at": "2026-03-01T04:20:43.000000", "updated_at": "2026-03-01T04:20:43.000000", "name": "tempest-VolumesTransfersV357Test-Volume-174066180", "description": null, "volume_type": "3par1", "snapshot_id": null, "source_volid": null, "metadata": {}, "links": [{"rel": "self", "href": "http://10.201.5.130/volume/v3/volumes/9168f26a-9b41-424a-81aa-7542c285d299"}, {"rel": "bookmark", "href": "http://10.201.5.130/volume/volumes/9168f26a-9b41-424a-81aa-7542c285d299"}], "user_id": "9a9af554415e48fab10c7bc14ed0e37d", "bootable": "false", "encrypted": false, "replication_status": null, "consistencygroup_id": null, "multiattach": false, "attachments": [], "group_id": null, "shared_targets": true, "service_uuid": null, "os-vol-tenant-attr:tenant_id": "1e8d119d9f16473bb1ade7a893b1127c"}}'
2026-03-01 04:20:43,995 125145 INFO     [tempest.lib.common.rest_client] Request (VolumesTransfersV357Test:_run_cleanups): 200 GET http://10.201.5.130/volume/v3/volumes/9168f26a-9b41-424a-81aa-7542c285d299 0.034s
2026-03-01 04:20:43,995 125145 DEBUG    [tempest.lib.common.rest_client] Request - Headers: {'Content-Type': 'application/json', 'Accept': 'application/json', 'Openstack-Api-Version': 'volume 3.57', 'X-Auth-Token': '<omitted>'}
        Body: None
    Response - Headers: {'date': 'Sun, 01 Mar 2026 04:20:43 GMT', 'server': 'Apache/2.4.58 (Ubuntu)', 'content-type': 'application/json', 'x-compute-request-id': 'req-9013c471-e8d9-44a7-8035-733d64216a08', 'content-length': '906', 'openstack-api-version': 'volume 3.57', 'vary': 'OpenStack-API-Version', 'x-openstack-request-id': 'req-9013c471-e8d9-44a7-8035-733d64216a08', 'connection': 'close', 'status': '200', 'content-location': 'http://10.201.5.130/volume/v3/volumes/9168f26a-9b41-424a-81aa-7542c285d299'}
        Body: b'{"volume": {"id": "9168f26a-9b41-424a-81aa-7542c285d299", "status": "error", "size": 1, "availability_zone": "nova", "created_at": "2026-03-01T04:20:43.000000", "updated_at": "2026-03-01T04:20:43.000000", "name": "tempest-VolumesTransfersV357Test-Volume-174066180", "description": null, "volume_type": "3par1", "snapshot_id": null, "source_volid": null, "metadata": {}, "links": [{"rel": "self", "href": "http://10.201.5.130/volume/v3/volumes/9168f26a-9b41-424a-81aa-7542c285d299"}, {"rel": "bookmark", "href": "http://10.201.5.130/volume/volumes/9168f26a-9b41-424a-81aa-7542c285d299"}], "user_id": "9a9af554415e48fab10c7bc14ed0e37d", "bootable": "false", "encrypted": false, "replication_status": null, "consistencygroup_id": null, "multiattach": false, "attachments": [], "group_id": null, "shared_targets": true, "service_uuid": null, "os-vol-tenant-attr:tenant_id": "1e8d119d9f16473bb1ade7a893b1127c"}}'
2026-03-01 04:20:44,175 125145 INFO     [tempest.lib.common.rest_client] Request (VolumesTransfersV357Test:_run_cleanups): 202 DELETE http://10.201.5.130/volume/v3/volumes/9168f26a-9b41-424a-81aa-7542c285d299 0.172s
2026-03-01 04:20:44,176 125145 DEBUG    [tempest.lib.common.rest_client] Request - Headers: {'Content-Type': 'application/json', 'Accept': 'application/json', 'Openstack-Api-Version': 'volume 3.57', 'X-Auth-Token': '<omitted>'}
        Body: None
    Response - Headers: {'date': 'Sun, 01 Mar 2026 04:20:44 GMT', 'server': 'Apache/2.4.58 (Ubuntu)', 'content-length': '0', 'content-type': 'text/html; charset=UTF-8', '
    openstack-api-version': 'volume 3.57', 'vary': 'OpenStack-API-Version', 'x-openstack-request-id': 'req-90ca4989-7025-4f93-b3fa-cc7a693afd91', 'connection': 'close', 'status': '202', 'content-location': 'http://10.201.5.130/volume/v3/volumes/9168f26a-9b41-424a-81aa-7542c285d299'}
        Body: b''
2026-03-01 04:20:44,194 125145 INFO     [tempest.lib.common.rest_client] Request (VolumesTransfersV357Test:_run_cleanups): 404 GET http://10.201.5.130/volume/v3/volumes/9168f26a-9b41-424a-81aa-7542c285d299 0.018s
2026-03-01 04:20:44,195 125145 DEBUG    [tempest.lib.common.rest_client] Request - Headers: {'Content-Type': 'application/json', 'Accept': 'application/json', 'Openstack-Api-Version': 'volume 3.57', 'X-Auth-Token': '<omitted>'}
        Body: None
    Response - Headers: {'date': 'Sun, 01 Mar 2026 04:20:44 GMT', 'server': 'Apache/2.4.58 (Ubuntu)', 'openstack-api-version': 'volume 3.57', 'vary': 'OpenStack-API-Version', 'content-length': '109', 'content-type': 'application/json', 'x-compute-request-id': 'req-2976fd05-9bd7-4330-a326-fbdf3c288a6b', 'x-openstack-request-id': 'req-2976fd05-9bd7-4330-a326-fbdf3c288a6b', 'connection': 'close', 'status': '404', 'content-location': 'http://10.201.5.130/volume/v3/volumes/9168f26a-9b41-424a-81aa-7542c285d299'}
        Body: b'{"itemNotFound": {"code": 404, "message": "Volume 9168f26a-9b41-424a-81aa-7542c285d299 could not be found."}}'

{0} tempest.api.volume.test_volumes_clone.VolumesCloneTest.test_create_from_volume [1.639239s] ... FAILED

Captured traceback:
~~~~~~~~~~~~~~~~~~~
    Traceback (most recent call last):

      File "/opt/stack/tempest/tempest/api/volume/test_volumes_clone.py", line 54, in test_create_from_volume
    src_vol = self.create_volume(size=src_size)
              ^^^^^^^^^^^^^^^^^^^^^^^^^^^^^^^^^

      File "/opt/stack/tempest/tempest/api/volume/base.py", line 144, in create_volume
    waiters.wait_for_volume_resource_status(self.volumes_client,

      File "/opt/stack/tempest/tempest/common/waiters.py", line 379, in wait_for_volume_resource_status
    raise exceptions.VolumeResourceBuildErrorException(

    tempest.exceptions.VolumeResourceBuildErrorException: volume 27bb8407-4da4-426a-8c9c-f63a7df6f9bd failed to build and is in ERROR status


Captured pythonlogging:
~~~~~~~~~~~~~~~~~~~~~~~
    2026-03-01 04:20:46,973 125145 INFO     [tempest.lib.common.rest_client] Request (VolumesCloneTest:test_create_from_volume): 202 POST http://10.201.5.130/volume/v3/volumes 0.274s
2026-03-01 04:20:46,974 125145 DEBUG    [tempest.lib.common.rest_client] Request - Headers: {'Content-Type': 'application/json', 'Accept': 'application/json', 'X-Auth-Token': '<omitted>'}
        Body: {"volume": {"size": 1, "name": "tempest-VolumesCloneTest-Volume-217223499"}}
    Response - Headers: {'date': 'Sun, 01 Mar 2026 04:20:46 GMT', 'server': 'Apache/2.4.58 (Ubuntu)', 'content-type': 'application/json', 'x-compute-request-id': 'req-7c5dec72-8774-4bd3-a2da-9e0264aa068c', 'content-length': '745', 'openstack-api-version': 'volume 3.0', 'vary': 'OpenStack-API-Version', 'x-openstack-request-id': 'req-7c5dec72-8774-4bd3-a2da-9e0264aa068c', 'connection': 'close', 'status': '202', 'content-location': 'http://10.201.5.130/volume/v3/volumes'}
        Body: b'{"volume": {"id": "27bb8407-4da4-426a-8c9c-f63a7df6f9bd", "status": "creating", "size": 1, "availability_zone": "nova", "created_at": "2026-03-01T04:20:46.857813", "updated_at": null, "name": "tempest-VolumesCloneTest-Volume-217223499", "description": null, "volume_type": "3par1", "snapshot_id": null, "source_volid": null, "metadata": {}, "links": [{"rel": "self", "href": "http://10.201.5.130/volume/v3/volumes/27bb8407-4da4-426a-8c9c-f63a7df6f9bd"}, {"rel": "bookmark", "href": "http://10.201.5.130/volume/volumes/27bb8407-4da4-426a-8c9c-f63a7df6f9bd"}], "user_id": "a79e35be2b734cc19174c2846ea7110f", "bootable": "false", "encrypted": false, "replication_status": null, "consistencygroup_id": null, "multiattach": false, "attachments": []}}'
2026-03-01 04:20:47,004 125145 INFO     [tempest.lib.common.rest_client] Request (VolumesCloneTest:test_create_from_volume): 200 GET http://10.201.5.130/volume/v3/volumes/27bb8407-4da4-426a-8c9c-f63a7df6f9bd 0.019s
2026-03-01 04:20:47,004 125145 DEBUG    [tempest.lib.common.rest_client] Request - Headers: {'Content-Type': 'application/json', 'Accept': 'application/json', 'X-Auth-Token': '<omitted>'}
        Body: None
    Response - Headers: {'date': 'Sun, 01 Mar 2026 04:20:46 GMT', 'server': 'Apache/2.4.58 (Ubuntu)', 'content-type': 'application/json', 'x-compute-request-id': 'req-2fd302b1-74e7-40cc-b298-5dc2d85b5fab', 'content-length': '813', 'openstack-api-version': 'volume 3.0', 'vary': 'OpenStack-API-Version', 'x-openstack-request-id': 'req-2fd302b1-74e7-40cc-b298-5dc2d85b5fab', 'connection': 'close', 'status': '200', 'content-location': 'http://10.201.5.130/volume/v3/volumes/27bb8407-4da4-426a-8c9c-f63a7df6f9bd'}
        Body: b'{"volume": {"id": "27bb8407-4da4-426a-8c9c-f63a7df6f9bd", "status": "creating", "size": 1, "availability_zone": "nova", "created_at": "2026-03-01T04:20:47.000000", "updated_at": null, "name": "tempest-VolumesCloneTest-Volume-217223499", "description": null, "volume_type": "3par1", "snapshot_id": null, "source_volid": null, "metadata": {}, "links": [{"rel": "self", "href": "http://10.201.5.130/volume/v3/volumes/27bb8407-4da4-426a-8c9c-f63a7df6f9bd"}, {"rel": "bookmark", "href": "http://10.201.5.130/volume/volumes/27bb8407-4da4-426a-8c9c-f63a7df6f9bd"}], "user_id": "a79e35be2b734cc19174c2846ea7110f", "bootable": "false", "encrypted": false, "replication_status": null, "consistencygroup_id": null, "multiattach": false, "attachments": [], "os-vol-tenant-attr:tenant_id": "a7ebbe55ee17470a909f56b6d497015a"}}'
2026-03-01 04:20:48,045 125145 INFO     [tempest.lib.common.rest_client] Request (VolumesCloneTest:test_create_from_volume): 200 GET http://10.201.5.130/volume/v3/volumes/27bb8407-4da4-426a-8c9c-f63a7df6f9bd 0.034s
2026-03-01 04:20:48,045 125145 DEBUG    [tempest.lib.common.rest_client] Request - Headers: {'Content-Type': 'application/json', 'Accept': 'application/json', 'X-Auth-Token': '<omitted>'}
        Body: None
    Response - Headers: {'date': 'Sun, 01 Mar 2026 04:20:48 GMT', 'server': 'Apache/2.4.58 (Ubuntu)', 'content-type': 'application/json', 'x-compute-request-id': 'req-962efce7-6275-4c57-9bc3-ccfb62b1e8d8', 'content-
    length': '834', 'openstack-api-version': 'volume 3.0', 'vary': 'OpenStack-API-Version', 'x-openstack-request-id': 'req-962efce7-6275-4c57-9bc3-ccfb62b1e8d8', 'connection': 'close', 'status': '200', 'content-location': 'http://10.201.5.130/volume/v3/volumes/27bb8407-4da4-426a-8c9c-f63a7df6f9bd'}
        Body: b'{"volume": {"id": "27bb8407-4da4-426a-8c9c-f63a7df6f9bd", "status": "error", "size": 1, "availability_zone": "nova", "created_at": "2026-03-01T04:20:47.000000", "updated_at": "2026-03-01T04:20:47.000000", "name": "tempest-VolumesCloneTest-Volume-217223499", "description": null, "volume_type": "3par1", "snapshot_id": null, "source_volid": null, "metadata": {}, "links": [{"rel": "self", "href": "http://10.201.5.130/volume/v3/volumes/27bb8407-4da4-426a-8c9c-f63a7df6f9bd"}, {"rel": "bookmark", "href": "http://10.201.5.130/volume/volumes/27bb8407-4da4-426a-8c9c-f63a7df6f9bd"}], "user_id": "a79e35be2b734cc19174c2846ea7110f", "bootable": "false", "encrypted": false, "replication_status": null, "consistencygroup_id": null, "multiattach": false, "attachments": [], "os-vol-tenant-attr:tenant_id": "a7ebbe55ee17470a909f56b6d497015a"}}'
2026-03-01 04:20:48,086 125145 INFO     [tempest.lib.common.rest_client] Request (VolumesCloneTest:_run_cleanups): 200 GET http://10.201.5.130/volume/v3/volumes/27bb8407-4da4-426a-8c9c-f63a7df6f9bd 0.031s
2026-03-01 04:20:48,086 125145 DEBUG    [tempest.lib.common.rest_client] Request - Headers: {'Content-Type': 'application/json', 'Accept': 'application/json', 'X-Auth-Token': '<omitted>'}
        Body: None
    Response - Headers: {'date': 'Sun, 01 Mar 2026 04:20:48 GMT', 'server': 'Apache/2.4.58 (Ubuntu)', 'content-type': 'application/json', 'x-compute-request-id': 'req-06ed083b-e4f4-49ff-9701-f975600943b5', 'content-length': '834', 'openstack-api-version': 'volume 3.0', 'vary': 'OpenStack-API-Version', 'x-openstack-request-id': 'req-06ed083b-e4f4-49ff-9701-f975600943b5', 'connection': 'close', 'status': '200', 'content-location': 'http://10.201.5.130/volume/v3/volumes/27bb8407-4da4-426a-8c9c-f63a7df6f9bd'}
        Body: b'{"volume": {"id": "27bb8407-4da4-426a-8c9c-f63a7df6f9bd", "status": "error", "size": 1, "availability_zone": "nova", "created_at": "2026-03-01T04:20:47.000000", "updated_at": "2026-03-01T04:20:47.000000", "name": "tempest-VolumesCloneTest-Volume-217223499", "description": null, "volume_type": "3par1", "snapshot_id": null, "source_volid": null, "metadata": {}, "links": [{"rel": "self", "href": "http://10.201.5.130/volume/v3/volumes/27bb8407-4da4-426a-8c9c-f63a7df6f9bd"}, {"rel": "bookmark", "href": "http://10.201.5.130/volume/volumes/27bb8407-4da4-426a-8c9c-f63a7df6f9bd"}], "user_id": "a79e35be2b734cc19174c2846ea7110f", "bootable": "false", "encrypted": false, "replication_status": null, "consistencygroup_id": null, "multiattach": false, "attachments": [], "os-vol-tenant-attr:tenant_id": "a7ebbe55ee17470a909f56b6d497015a"}}'
2026-03-01 04:20:48,322 125145 INFO     [tempest.lib.common.rest_client] Request (VolumesCloneTest:_run_cleanups): 202 DELETE http://10.201.5.130/volume/v3/volumes/27bb8407-4da4-426a-8c9c-f63a7df6f9bd 0.228s
2026-03-01 04:20:48,323 125145 DEBUG    [tempest.lib.common.rest_client] Request - Headers: {'Content-Type': 'application/json', 'Accept': 'application/json', 'X-Auth-Token': '<omitted>'}
        Body: None
    Response - Headers: {'date': 'Sun, 01 Mar 2026 04:20:48 GMT', 'server': 'Apache/2.4.58 (Ubuntu)', 'content-length': '0', 'content-type': 'text/html; charset=UTF-8', 'openstack-api-version': 'volume 3.0', 'vary': 'OpenStack-API-Version', 'x-openstack-request-id': 'req-02a8adfd-28e9-4a69-9a13-1d5a579919b3', 'connection': 'close', 'status': '202', 'content-location': 'http://10.201.5.130/volume/v3/volumes/27bb8407-4da4-426a-8c9c-f63a7df6f9bd'}
        Body: b''
2026-03-01 04:20:48,337 125145 INFO     [tempest.lib.common.rest_client] Request (VolumesCloneTest:_run_cleanups): 404 GET http://10.201.5.130/volume/v3/volumes/27bb8407-4da4-426a-8c9c-f63a7df6f9bd 0.013s
2026-03-01 04:20:48,337 125145 DEBUG    [tempest.lib.common.rest_client] Request - Hea
    ders: {'Content-Type': 'application/json', 'Accept': 'application/json', 'X-Auth-Token': '<omitted>'}
        Body: None
    Response - Headers: {'date': 'Sun, 01 Mar 2026 04:20:48 GMT', 'server': 'Apache/2.4.58 (Ubuntu)', 'openstack-api-version': 'volume 3.0', 'vary': 'OpenStack-API-Version', 'content-length': '109', 'content-type': 'application/json', 'x-compute-request-id': 'req-d55c6137-8c53-425b-abc4-c202d2e8841a', 'x-openstack-request-id': 'req-d55c6137-8c53-425b-abc4-c202d2e8841a', 'connection': 'close', 'status': '404', 'content-location': 'http://10.201.5.130/volume/v3/volumes/27bb8407-4da4-426a-8c9c-f63a7df6f9bd'}
        Body: b'{"itemNotFound": {"code": 404, "message": "Volume 27bb8407-4da4-426a-8c9c-f63a7df6f9bd could not be found."}}'

{0} tempest.api.volume.test_volumes_clone_negative.VolumesCloneNegativeTest.test_create_from_volume_decreasing_size [1.468226s] ... FAILED

Captured traceback:
~~~~~~~~~~~~~~~~~~~
    Traceback (most recent call last):

      File "/opt/stack/tempest/tempest/api/volume/test_volumes_clone_negative.py", line 40, in test_create_from_volume_decreasing_size
    src_vol = self.create_volume(size=src_size)
              ^^^^^^^^^^^^^^^^^^^^^^^^^^^^^^^^^

      File "/opt/stack/tempest/tempest/api/volume/base.py", line 144, in create_volume
    waiters.wait_for_volume_resource_status(self.volumes_client,

      File "/opt/stack/tempest/tempest/common/waiters.py", line 379, in wait_for_volume_resource_status
    raise exceptions.VolumeResourceBuildErrorException(

    tempest.exceptions.VolumeResourceBuildErrorException: volume f38a529d-f7e4-4107-bbda-f336ecb48efa failed to build and is in ERROR status


Captured pythonlogging:
~~~~~~~~~~~~~~~~~~~~~~~
    2026-03-01 04:20:49,876 125145 INFO     [tempest.lib.common.rest_client] Request (VolumesCloneNegativeTest:test_create_from_volume_decreasing_size): 202 POST http://10.201.5.130/volume/v3/volumes 0.252s
2026-03-01 04:20:49,876 125145 DEBUG    [tempest.lib.common.rest_client] Request - Headers: {'Content-Type': 'application/json', 'Accept': 'application/json', 'X-Auth-Token': '<omitted>'}
        Body: {"volume": {"size": 2, "name": "tempest-VolumesCloneNegativeTest-Volume-588851084"}}
    Response - Headers: {'date': 'Sun, 01 Mar 2026 04:20:49 GMT', 'server': 'Apache/2.4.58 (Ubuntu)', 'content-type': 'application/json', 'x-compute-request-id': 'req-90777df1-028d-4f8e-8bd5-07042964a534', 'content-length': '753', 'openstack-api-version': 'volume 3.0', 'vary': 'OpenStack-API-Version', 'x-openstack-request-id': 'req-90777df1-028d-4f8e-8bd5-07042964a534', 'connection': 'close', 'status': '202', 'content-location': 'http://10.201.5.130/volume/v3/volumes'}
        Body: b'{"volume": {"id": "f38a529d-f7e4-4107-bbda-f336ecb48efa", "status": "creating", "size": 2, "availability_zone": "nova", "created_at": "2026-03-01T04:20:49.778242", "updated_at": null, "name": "tempest-VolumesCloneNegativeTest-Volume-588851084", "description": null, "volume_type": "3par1", "snapshot_id": null, "source_volid": null, "metadata": {}, "links": [{"rel": "self", "href": "http://10.201.5.130/volume/v3/volumes/f38a529d-f7e4-4107-bbda-f336ecb48efa"}, {"rel": "bookmark", "href": "http://10.201.5.130/volume/volumes/f38a529d-f7e4-4107-bbda-f336ecb48efa"}], "user_id": "f3710e1153e643a1937bc18d556bd600", "bootable": "false", "encrypted": false, "replication_status": null, "consistencygroup_id": null, "multiattach": false, "attachments": []}}'
2026-03-01 04:20:49,901 125145 INFO     [tempest.lib.common.rest_client] Request (VolumesCloneNegativeTest:test_create_from_volume_decreasing_size): 200 GET http://10.201.5.130/volume/v3/volumes/f38a529d-f7e4-4107-bbda-f336ecb48efa 0.019s
2026-03-01 04:20:49,901 125145 DEBUG    [tempest.lib.common.rest_client] Request - Headers: {'Content-Type': 'application/json', 'Accept': 'application/json', 'X-Auth-Token': '<omitted>'}
        Body: None
    Response - Headers: {'date': 'Sun, 01 Mar 2026 04:20:49 GMT', 'server': 'Apache/2.4.58 (Ubuntu)', 'content-type': 'application/json', 'x-compute-request-id': 'req-62505877-a35c-4603-9eb5-5309666eff46', 'content-length': '821', 'openstack-api-version': 'volume 3.0', 'vary': 'OpenStack-API-Version', 'x-openstack-request-id': 'req-62505877-a35c-4603-9eb5-5309666eff46', 'connection': 'close', 'status': '200', 'content-location': 'http://10.201.5.130/volume/v3/volumes/f38a529d-f7e4-4107-bbda-f336ecb48efa'}
        Body: b'{"volume": {"id": "f38a529d-f7e4-4107-bbda-f336ecb48efa", "status": "creating", "size": 2, "availability_zone": "nova", "created_at": "2026-03-01T04:20:50.000000", "updated_at": null, "name": "tempest-VolumesCloneNegativeTest-Volume-588851084", "description": null, "volume_type": "3par1", "snapshot_id": null, "source_volid": null, "metadata": {}, "links": [{"rel": "self", "href": "http://10.201.5.130/volume/v3/volumes/f38a529d-f7e4-4107-bbda-f336ecb48efa"}, {"rel": "bookmark", "href": "http://10.201.5.130/volume/volumes/f38a529d-f7e4-4107-bbda-f336ecb48efa"}], "user_id": "f3710e1153e643a1937bc18d556bd600", "bootable": "false", "encrypted": false, "replication_status": null, "consistencygroup_id": null, "multiattach": false, "attachments": [], "os-vol-tenant-attr:tenant_id": "6cb987dd8658422d8ce77482d9f4090c"}}'
2026-03-01 04:20:50,937 125145 INFO     [tempest.lib.common.rest_client] Request (VolumesCloneNegativeTest:test_create_from_volume_decreasing_size): 200 GET http://10.201.5.130/volume/v3/volumes/f38a529d-f7e4-4107-bbda-f336ecb48efa 0.031s
2026-03-01 04:20:50,937 125145 DEBUG    [tempest.lib.common.rest_client] Request - Headers: {'Content-Type': 'application/json', 'Accept': 'application/json', 'X-Auth-Token': '<omitted>'}
        Body: None
    Response - Headers: {'date': 'Sun, 01 Mar 2026 04:20:50 GMT', 'server': 'Apache/2.4.58 (Ubuntu)', 'content-type': '
    application/json', 'x-compute-request-id': 'req-bd903687-92d0-4807-860e-6cce069f14f9', 'content-length': '842', 'openstack-api-version': 'volume 3.0', 'vary': 'OpenStack-API-Version', 'x-openstack-request-id': 'req-bd903687-92d0-4807-860e-6cce069f14f9', 'connection': 'close', 'status': '200', 'content-location': 'http://10.201.5.130/volume/v3/volumes/f38a529d-f7e4-4107-bbda-f336ecb48efa'}
        Body: b'{"volume": {"id": "f38a529d-f7e4-4107-bbda-f336ecb48efa", "status": "error", "size": 2, "availability_zone": "nova", "created_at": "2026-03-01T04:20:50.000000", "updated_at": "2026-03-01T04:20:50.000000", "name": "tempest-VolumesCloneNegativeTest-Volume-588851084", "description": null, "volume_type": "3par1", "snapshot_id": null, "source_volid": null, "metadata": {}, "links": [{"rel": "self", "href": "http://10.201.5.130/volume/v3/volumes/f38a529d-f7e4-4107-bbda-f336ecb48efa"}, {"rel": "bookmark", "href": "http://10.201.5.130/volume/volumes/f38a529d-f7e4-4107-bbda-f336ecb48efa"}], "user_id": "f3710e1153e643a1937bc18d556bd600", "bootable": "false", "encrypted": false, "replication_status": null, "consistencygroup_id": null, "multiattach": false, "attachments": [], "os-vol-tenant-attr:tenant_id": "6cb987dd8658422d8ce77482d9f4090c"}}'
2026-03-01 04:20:50,965 125145 INFO     [tempest.lib.common.rest_client] Request (VolumesCloneNegativeTest:_run_cleanups): 200 GET http://10.201.5.130/volume/v3/volumes/f38a529d-f7e4-4107-bbda-f336ecb48efa 0.022s
2026-03-01 04:20:50,965 125145 DEBUG    [tempest.lib.common.rest_client] Request - Headers: {'Content-Type': 'application/json', 'Accept': 'application/json', 'X-Auth-Token': '<omitted>'}
        Body: None
    Response - Headers: {'date': 'Sun, 01 Mar 2026 04:20:50 GMT', 'server': 'Apache/2.4.58 (Ubuntu)', 'content-type': 'application/json', 'x-compute-request-id': 'req-97027b73-2ccc-4d59-9bca-1668b9faa4b5', 'content-length': '842', 'openstack-api-version': 'volume 3.0', 'vary': 'OpenStack-API-Version', 'x-openstack-request-id': 'req-97027b73-2ccc-4d59-9bca-1668b9faa4b5', 'connection': 'close', 'status': '200', 'content-location': 'http://10.201.5.130/volume/v3/volumes/f38a529d-f7e4-4107-bbda-f336ecb48efa'}
        Body: b'{"volume": {"id": "f38a529d-f7e4-4107-bbda-f336ecb48efa", "status": "error", "size": 2, "availability_zone": "nova", "created_at": "2026-03-01T04:20:50.000000", "updated_at": "2026-03-01T04:20:50.000000", "name": "tempest-VolumesCloneNegativeTest-Volume-588851084", "description": null, "volume_type": "3par1", "snapshot_id": null, "source_volid": null, "metadata": {}, "links": [{"rel": "self", "href": "http://10.201.5.130/volume/v3/volumes/f38a529d-f7e4-4107-bbda-f336ecb48efa"}, {"rel": "bookmark", "href": "http://10.201.5.130/volume/volumes/f38a529d-f7e4-4107-bbda-f336ecb48efa"}], "user_id": "f3710e1153e643a1937bc18d556bd600", "bootable": "false", "encrypted": false, "replication_status": null, "consistencygroup_id": null, "multiattach": false, "attachments": [], "os-vol-tenant-attr:tenant_id": "6cb987dd8658422d8ce77482d9f4090c"}}'
2026-03-01 04:20:51,080 125145 INFO     [tempest.lib.common.rest_client] Request (VolumesCloneNegativeTest:_run_cleanups): 202 DELETE http://10.201.5.130/volume/v3/volumes/f38a529d-f7e4-4107-bbda-f336ecb48efa 0.111s
2026-03-01 04:20:51,081 125145 DEBUG    [tempest.lib.common.rest_client] Request - Headers: {'Content-Type': 'application/json', 'Accept': 'application/json', 'X-Auth-Token': '<omitted>'}
        Body: None
    Response - Headers: {'date': 'Sun, 01 Mar 2026 04:20:50 GMT', 'server': 'Apache/2.4.58 (Ubuntu)', 'content-length': '0', 'content-type': 'text/html; charset=UTF-8', 'openstack-api-version': 'volume 3.0', 'vary': 'OpenStack-API-Version', 'x-openstack-request-id': 'req-326945e8-809c-4d5e-815e-ca67db367fc4', 'connection': 'close', 'status': '202', 'content-location': 'http://10.201.5.130/volume/v3/volumes/f38a529d-f7e4-4107-bbda-f336ecb48efa'}
        Body: b''
2026-03-01 04:20:51,092 125145 INFO     [tempest.lib.common.rest_client] Request (VolumesCloneNegativeTest:_run_cleanups): 404 GET http://10.201.5.130/volume/v3/vo
    lumes/f38a529d-f7e4-4107-bbda-f336ecb48efa 0.011s
2026-03-01 04:20:51,092 125145 DEBUG    [tempest.lib.common.rest_client] Request - Headers: {'Content-Type': 'application/json', 'Accept': 'application/json', 'X-Auth-Token': '<omitted>'}
        Body: None
    Response - Headers: {'date': 'Sun, 01 Mar 2026 04:20:51 GMT', 'server': 'Apache/2.4.58 (Ubuntu)', 'openstack-api-version': 'volume 3.0', 'vary': 'OpenStack-API-Version', 'content-length': '109', 'content-type': 'application/json', 'x-compute-request-id': 'req-bad7d031-e56f-4398-86eb-917744624421', 'x-openstack-request-id': 'req-bad7d031-e56f-4398-86eb-917744624421', 'connection': 'close', 'status': '404', 'content-location': 'http://10.201.5.130/volume/v3/volumes/f38a529d-f7e4-4107-bbda-f336ecb48efa'}
        Body: b'{"itemNotFound": {"code": 404, "message": "Volume f38a529d-f7e4-4107-bbda-f336ecb48efa could not be found."}}'

{0} tempest.api.volume.test_volumes_get.VolumesGetTest.test_volume_create_get_update_delete [1.534030s] ... FAILED

Captured traceback:
~~~~~~~~~~~~~~~~~~~
    Traceback (most recent call last):

      File "/opt/stack/tempest/tempest/api/volume/test_volumes_get.py", line 117, in test_volume_create_get_update_delete
    self._volume_create_get_update_delete(size=CONF.volume.volume_size)

      File "/opt/stack/tempest/tempest/api/volume/test_volumes_get.py", line 40, in _volume_create_get_update_delete
    volume = self.create_volume(wait_until='available', **kwargs)
             ^^^^^^^^^^^^^^^^^^^^^^^^^^^^^^^^^^^^^^^^^^^^^^^^^^^^

      File "/opt/stack/tempest/tempest/api/volume/base.py", line 144, in create_volume
    waiters.wait_for_volume_resource_status(self.volumes_client,

      File "/opt/stack/tempest/tempest/common/waiters.py", line 379, in wait_for_volume_resource_status
    raise exceptions.VolumeResourceBuildErrorException(

    tempest.exceptions.VolumeResourceBuildErrorException: volume 65e6b472-55dc-4e6b-b2a0-4591ff396eb4 failed to build and is in ERROR status


Captured pythonlogging:
~~~~~~~~~~~~~~~~~~~~~~~
    2026-03-01 04:20:52,665 125145 INFO     [tempest.lib.common.rest_client] Request (VolumesGetTest:test_volume_create_get_update_delete): 202 POST http://10.201.5.130/volume/v3/volumes 0.341s
2026-03-01 04:20:52,665 125145 DEBUG    [tempest.lib.common.rest_client] Request - Headers: {'Content-Type': 'application/json', 'Accept': 'application/json', 'X-Auth-Token': '<omitted>'}
        Body: {"volume": {"size": 1, "name": "tempest-VolumesGetTest-Volume-1013516103", "metadata": {"Type": "Test"}}}
    Response - Headers: {'date': 'Sun, 01 Mar 2026 04:20:52 GMT', 'server': 'Apache/2.4.58 (Ubuntu)', 'content-type': 'application/json', 'x-compute-request-id': 'req-14729097-db5c-4c29-aecb-e0668376f6f7', 'content-length': '758', 'openstack-api-version': 'volume 3.0', 'vary': 'OpenStack-API-Version', 'x-openstack-request-id': 'req-14729097-db5c-4c29-aecb-e0668376f6f7', 'connection': 'close', 'status': '202', 'content-location': 'http://10.201.5.130/volume/v3/volumes'}
        Body: b'{"volume": {"id": "65e6b472-55dc-4e6b-b2a0-4591ff396eb4", "status": "creating", "size": 1, "availability_zone": "nova", "created_at": "2026-03-01T04:20:52.553897", "updated_at": null, "name": "tempest-VolumesGetTest-Volume-1013516103", "description": null, "volume_type": "3par1", "snapshot_id": null, "source_volid": null, "metadata": {"Type": "Test"}, "links": [{"rel": "self", "href": "http://10.201.5.130/volume/v3/volumes/65e6b472-55dc-4e6b-b2a0-4591ff396eb4"}, {"rel": "bookmark", "href": "http://10.201.5.130/volume/volumes/65e6b472-55dc-4e6b-b2a0-4591ff396eb4"}], "user_id": "3dcf2dd8af8f41d1906b295c1d891be6", "bootable": "false", "encrypted": false, "replication_status": null, "consistencygroup_id": null, "multiattach": false, "attachments": []}}'
2026-03-01 04:20:52,696 125145 INFO     [tempest.lib.common.rest_client] Request (VolumesGetTest:test_volume_create_get_update_delete): 200 GET http://10.201.5.130/volume/v3/volumes/65e6b472-55dc-4e6b-b2a0-4591ff396eb4 0.027s
2026-03-01 04:20:52,696 125145 DEBUG    [tempest.lib.common.rest_client] Request - Headers: {'Content-Type': 'application/json', 'Accept': 'application/json', 'X-Auth-Token': '<omitted>'}
        Body: None
    Response - Headers: {'date': 'Sun, 01 Mar 2026 04:20:52 GMT', 'server': 'Apache/2.4.58 (Ubuntu)', 'content-type': 'application/json', 'x-compute-request-id': 'req-288b2b8e-95c7-40bc-9e34-2aa00b8cf8a0', 'content-length': '826', 'openstack-api-version': 'volume 3.0', 'vary': 'OpenStack-API-Version', 'x-openstack-request-id': 'req-288b2b8e-95c7-40bc-9e34-2aa00b8cf8a0', 'connection': 'close', 'status': '200', 'content-location': 'http://10.201.5.130/volume/v3/volumes/65e6b472-55dc-4e6b-b2a0-4591ff396eb4'}
        Body: b'{"volume": {"id": "65e6b472-55dc-4e6b-b2a0-4591ff396eb4", "status": "creating", "size": 1, "availability_zone": "nova", "created_at": "2026-03-01T04:20:53.000000", "updated_at": null, "name": "tempest-VolumesGetTest-Volume-1013516103", "description": null, "volume_type": "3par1", "snapshot_id": null, "source_volid": null, "metadata": {"Type": "Test"}, "links": [{"rel": "self", "href": "http://10.201.5.130/volume/v3/volumes/65e6b472-55dc-4e6b-b2a0-4591ff396eb4"}, {"rel": "bookmark", "href": "http://10.201.5.130/volume/volumes/65e6b472-55dc-4e6b-b2a0-4591ff396eb4"}], "user_id": "3dcf2dd8af8f41d1906b295c1d891be6", "bootable": "false", "encrypted": false, "replication_status": null, "consistencygroup_id": null, "multiattach": false, "attachments": [], "os-vol-tenant-attr:tenant_id": "571deb61cd9a4cc29e315988b239b004"}}'
2026-03-01 04:20:53,736 125145 INFO     [tempest.lib.common.rest_client] Request (VolumesGetTest:test_volume_create_get_update_delete): 200 GET http://10.201.5.130/volume/v3/volumes/65e6b472-55dc-4e6b-b2a0-4591ff396eb4 0.029s
2026-03-01 04:20:53,736 125145 DEBUG    [tempest.lib.common.rest_client] Request - Headers: {'Content-Type': 'application/json', 'Accept': 'application/json', 'X-Auth-Token': '<omitted>'}
        Body: None
    Response - Headers: {'date': 'Sun, 01 Mar 2026 04:20:53 GMT', 'server': 'Apache/2.4.58 (Ubuntu)', 'content-type': 'applicat
    ion/json', 'x-compute-request-id': 'req-7e132cae-7b0d-4156-b1e0-5e8d948822d3', 'content-length': '847', 'openstack-api-version': 'volume 3.0', 'vary': 'OpenStack-API-Version', 'x-openstack-request-id': 'req-7e132cae-7b0d-4156-b1e0-5e8d948822d3', 'connection': 'close', 'status': '200', 'content-location': 'http://10.201.5.130/volume/v3/volumes/65e6b472-55dc-4e6b-b2a0-4591ff396eb4'}
        Body: b'{"volume": {"id": "65e6b472-55dc-4e6b-b2a0-4591ff396eb4", "status": "error", "size": 1, "availability_zone": "nova", "created_at": "2026-03-01T04:20:53.000000", "updated_at": "2026-03-01T04:20:53.000000", "name": "tempest-VolumesGetTest-Volume-1013516103", "description": null, "volume_type": "3par1", "snapshot_id": null, "source_volid": null, "metadata": {"Type": "Test"}, "links": [{"rel": "self", "href": "http://10.201.5.130/volume/v3/volumes/65e6b472-55dc-4e6b-b2a0-4591ff396eb4"}, {"rel": "bookmark", "href": "http://10.201.5.130/volume/volumes/65e6b472-55dc-4e6b-b2a0-4591ff396eb4"}], "user_id": "3dcf2dd8af8f41d1906b295c1d891be6", "bootable": "false", "encrypted": false, "replication_status": null, "consistencygroup_id": null, "multiattach": false, "attachments": [], "os-vol-tenant-attr:tenant_id": "571deb61cd9a4cc29e315988b239b004"}}'
2026-03-01 04:20:53,769 125145 INFO     [tempest.lib.common.rest_client] Request (VolumesGetTest:_run_cleanups): 200 GET http://10.201.5.130/volume/v3/volumes/65e6b472-55dc-4e6b-b2a0-4591ff396eb4 0.027s
2026-03-01 04:20:53,769 125145 DEBUG    [tempest.lib.common.rest_client] Request - Headers: {'Content-Type': 'application/json', 'Accept': 'application/json', 'X-Auth-Token': '<omitted>'}
        Body: None
    Response - Headers: {'date': 'Sun, 01 Mar 2026 04:20:53 GMT', 'server': 'Apache/2.4.58 (Ubuntu)', 'content-type': 'application/json', 'x-compute-request-id': 'req-d0778885-965f-41a6-9931-a853071c6858', 'content-length': '847', 'openstack-api-version': 'volume 3.0', 'vary': 'OpenStack-API-Version', 'x-openstack-request-id': 'req-d0778885-965f-41a6-9931-a853071c6858', 'connection': 'close', 'status': '200', 'content-location': 'http://10.201.5.130/volume/v3/volumes/65e6b472-55dc-4e6b-b2a0-4591ff396eb4'}
        Body: b'{"volume": {"id": "65e6b472-55dc-4e6b-b2a0-4591ff396eb4", "status": "error", "size": 1, "availability_zone": "nova", "created_at": "2026-03-01T04:20:53.000000", "updated_at": "2026-03-01T04:20:53.000000", "name": "tempest-VolumesGetTest-Volume-1013516103", "description": null, "volume_type": "3par1", "snapshot_id": null, "source_volid": null, "metadata": {"Type": "Test"}, "links": [{"rel": "self", "href": "http://10.201.5.130/volume/v3/volumes/65e6b472-55dc-4e6b-b2a0-4591ff396eb4"}, {"rel": "bookmark", "href": "http://10.201.5.130/volume/volumes/65e6b472-55dc-4e6b-b2a0-4591ff396eb4"}], "user_id": "3dcf2dd8af8f41d1906b295c1d891be6", "bootable": "false", "encrypted": false, "replication_status": null, "consistencygroup_id": null, "multiattach": false, "attachments": [], "os-vol-tenant-attr:tenant_id": "571deb61cd9a4cc29e315988b239b004"}}'
2026-03-01 04:20:53,838 125145 INFO     [tempest.lib.common.rest_client] Request (VolumesGetTest:_run_cleanups): 202 DELETE http://10.201.5.130/volume/v3/volumes/65e6b472-55dc-4e6b-b2a0-4591ff396eb4 0.062s
2026-03-01 04:20:53,838 125145 DEBUG    [tempest.lib.common.rest_client] Request - Headers: {'Content-Type': 'application/json', 'Accept': 'application/json', 'X-Auth-Token': '<omitted>'}
        Body: None
    Response - Headers: {'date': 'Sun, 01 Mar 2026 04:20:53 GMT', 'server': 'Apache/2.4.58 (Ubuntu)', 'content-length': '0', 'content-type': 'text/html; charset=UTF-8', 'openstack-api-version': 'volume 3.0', 'vary': 'OpenStack-API-Version', 'x-openstack-request-id': 'req-293e0a36-1661-46d0-9c5f-1ec030728c43', 'connection': 'close', 'status': '202', 'content-location': 'http://10.201.5.130/volume/v3/volumes/65e6b472-55dc-4e6b-b2a0-4591ff396eb4'}
        Body: b''
2026-03-01 04:20:53,856 125145 INFO     [tempest.lib.common.rest_client] Request (VolumesGetTest:_run_cleanups): 404 GET http://10.201.5.130/volume/v3/volumes/65e6b472-55dc-4e6b-b2a
    0-4591ff396eb4 0.018s
2026-03-01 04:20:53,856 125145 DEBUG    [tempest.lib.common.rest_client] Request - Headers: {'Content-Type': 'application/json', 'Accept': 'application/json', 'X-Auth-Token': '<omitted>'}
        Body: None
    Response - Headers: {'date': 'Sun, 01 Mar 2026 04:20:53 GMT', 'server': 'Apache/2.4.58 (Ubuntu)', 'openstack-api-version': 'volume 3.0', 'vary': 'OpenStack-API-Version', 'content-length': '109', 'content-type': 'application/json', 'x-compute-request-id': 'req-386078e7-86a7-4ff4-8449-c835a7a9c41c', 'x-openstack-request-id': 'req-386078e7-86a7-4ff4-8449-c835a7a9c41c', 'connection': 'close', 'status': '404', 'content-location': 'http://10.201.5.130/volume/v3/volumes/65e6b472-55dc-4e6b-b2a0-4591ff396eb4'}
        Body: b'{"itemNotFound": {"code": 404, "message": "Volume 65e6b472-55dc-4e6b-b2a0-4591ff396eb4 could not be found."}}'

{0} tempest.api.volume.test_volumes_get.VolumesSummaryTest.test_show_volume_summary [0.074108s] ... ok
{0} setUpClass (tempest.api.volume.test_volumes_list.VolumesListTestJSON) [0.000000s] ... FAILED

Captured traceback:
~~~~~~~~~~~~~~~~~~~
    Traceback (most recent call last):

      File "/opt/stack/tempest/tempest/test.py", line 185, in setUpClass
    raise value.with_traceback(trace)

      File "/opt/stack/tempest/tempest/test.py", line 178, in setUpClass
    cls.resource_setup()

      File "/opt/stack/tempest/tempest/api/volume/test_volumes_list.py", line 89, in resource_setup
    volume = cls.create_volume(metadata=cls.metadata)
             ^^^^^^^^^^^^^^^^^^^^^^^^^^^^^^^^^^^^^^^^

      File "/opt/stack/tempest/tempest/api/volume/base.py", line 144, in create_volume
    waiters.wait_for_volume_resource_status(self.volumes_client,

      File "/opt/stack/tempest/tempest/common/waiters.py", line 379, in wait_for_volume_resource_status
    raise exceptions.VolumeResourceBuildErrorException(

    tempest.exceptions.VolumeResourceBuildErrorException: volume f55b69b8-48ee-49d8-9d86-a5a7be12c7f2 failed to build and is in ERROR status

{0} setUpClass (tempest.api.volume.test_volumes_negative.VolumesNegativeTest) [0.000000s] ... FAILED

Captured traceback:
~~~~~~~~~~~~~~~~~~~
    Traceback (most recent call last):

      File "/opt/stack/tempest/tempest/test.py", line 185, in setUpClass
    raise value.with_traceback(trace)

      File "/opt/stack/tempest/tempest/test.py", line 178, in setUpClass
    cls.resource_setup()

      File "/opt/stack/tempest/tempest/api/volume/test_volumes_negative.py", line 38, in resource_setup
    cls.volume = cls.create_volume()
                 ^^^^^^^^^^^^^^^^^^^

      File "/opt/stack/tempest/tempest/api/volume/base.py", line 144, in create_volume
    waiters.wait_for_volume_resource_status(self.volumes_client,

      File "/opt/stack/tempest/tempest/common/waiters.py", line 379, in wait_for_volume_resource_status
    raise exceptions.VolumeResourceBuildErrorException(

    tempest.exceptions.VolumeResourceBuildErrorException: volume 6a7da162-296e-4f7f-badf-2c2a08c1b991 failed to build and is in ERROR status

{0} setUpClass (tempest.api.volume.test_volumes_snapshots_list.VolumesSnapshotListTestJSON) [0.000000s] ... FAILED

Captured traceback:
~~~~~~~~~~~~~~~~~~~
    Traceback (most recent call last):

      File "/opt/stack/tempest/tempest/test.py", line 185, in setUpClass
    raise value.with_traceback(trace)

      File "/opt/stack/tempest/tempest/test.py", line 178, in setUpClass
    cls.resource_setup()

      File "/opt/stack/tempest/tempest/api/volume/test_volumes_snapshots_list.py", line 32, in resource_setup
    volume_origin = cls.create_volume()
                    ^^^^^^^^^^^^^^^^^^^

      File "/opt/stack/tempest/tempest/api/volume/base.py", line 144, in create_volume
    waiters.wait_for_volume_resource_status(self.volumes_client,

      File "/opt/stack/tempest/tempest/common/waiters.py", line 379, in wait_for_volume_resource_status
    raise exceptions.VolumeResourceBuildErrorException(

    tempest.exceptions.VolumeResourceBuildErrorException: volume 85b6317d-68a2-40b8-aba1-1244390fdb17 failed to build and is in ERROR status

{0} tempest.api.volume.test_volumes_snapshots_negative.VolumesSnapshotNegativeTestJSON.test_create_snapshot_with_nonexistent_volume_id [0.064720s] ... ok
{0} tempest.api.volume.test_volumes_snapshots_negative.VolumesSnapshotNegativeTestJSON.test_create_snapshot_without_passing_volume_id [0.034407s] ... ok
{0} tempest.api.volume.test_volumes_snapshots_negative.VolumesSnapshotNegativeTestJSON.test_list_snapshot_invalid_param_limit [0.007184s] ... ok
{0} tempest.api.volume.test_volumes_snapshots_negative.VolumesSnapshotNegativeTestJSON.test_list_snapshots_invalid_param_marker [0.013272s] ... ok
{0} tempest.api.volume.test_volumes_snapshots_negative.VolumesSnapshotNegativeTestJSON.test_list_snapshots_invalid_param_sort [0.005929s] ... ok
{0} tempest.api.volume.test_volumes_snapshots_negative.VolumesSnapshotNegativeTestJSON.test_volume_from_snapshot_decreasing_size [1.441018s] ... FAILED

Captured traceback:
~~~~~~~~~~~~~~~~~~~
    Traceback (most recent call last):

      File "/opt/stack/tempest/tempest/api/volume/test_volumes_snapshots_negative.py", line 65, in test_volume_from_snapshot_decreasing_size
    src_vol = self.create_volume(size=src_size)
              ^^^^^^^^^^^^^^^^^^^^^^^^^^^^^^^^^

      File "/opt/stack/tempest/tempest/api/volume/base.py", line 144, in create_volume
    waiters.wait_for_volume_resource_status(self.volumes_client,

      File "/opt/stack/tempest/tempest/common/waiters.py", line 379, in wait_for_volume_resource_status
    raise exceptions.VolumeResourceBuildErrorException(

    tempest.exceptions.VolumeResourceBuildErrorException: volume b67fb317-ec61-4488-85e5-b1a27767441b failed to build and is in ERROR status


Captured pythonlogging:
~~~~~~~~~~~~~~~~~~~~~~~
    2026-03-01 04:21:05,358 125145 INFO     [tempest.lib.common.rest_client] Request (VolumesSnapshotNegativeTestJSON:test_volume_from_snapshot_decreasing_size): 202 POST http://10.201.5.130/volume/v3/volumes 0.204s
2026-03-01 04:21:05,359 125145 DEBUG    [tempest.lib.common.rest_client] Request - Headers: {'Content-Type': 'application/json', 'Accept': 'application/json', 'X-Auth-Token': '<omitted>'}
        Body: {"volume": {"size": 2, "name": "tempest-VolumesSnapshotNegativeTestJSON-Volume-724380926"}}
    Response - Headers: {'date': 'Sun, 01 Mar 2026 04:21:05 GMT', 'server': 'Apache/2.4.58 (Ubuntu)', 'content-type': 'application/json', 'x-compute-request-id': 'req-19e39c63-71aa-4522-bc93-d0e723b640a0', 'content-length': '760', 'openstack-api-version': 'volume 3.0', 'vary': 'OpenStack-API-Version', 'x-openstack-request-id': 'req-19e39c63-71aa-4522-bc93-d0e723b640a0', 'connection': 'close', 'status': '202', 'content-location': 'http://10.201.5.130/volume/v3/volumes'}
        Body: b'{"volume": {"id": "b67fb317-ec61-4488-85e5-b1a27767441b", "status": "creating", "size": 2, "availability_zone": "nova", "created_at": "2026-03-01T04:21:05.254110", "updated_at": null, "name": "tempest-VolumesSnapshotNegativeTestJSON-Volume-724380926", "description": null, "volume_type": "3par1", "snapshot_id": null, "source_volid": null, "metadata": {}, "links": [{"rel": "self", "href": "http://10.201.5.130/volume/v3/volumes/b67fb317-ec61-4488-85e5-b1a27767441b"}, {"rel": "bookmark", "href": "http://10.201.5.130/volume/volumes/b67fb317-ec61-4488-85e5-b1a27767441b"}], "user_id": "b37ce803ed2c4aee92dcc68ce10c4406", "bootable": "false", "encrypted": false, "replication_status": null, "consistencygroup_id": null, "multiattach": false, "attachments": []}}'
2026-03-01 04:21:05,388 125145 INFO     [tempest.lib.common.rest_client] Request (VolumesSnapshotNegativeTestJSON:test_volume_from_snapshot_decreasing_size): 200 GET http://10.201.5.130/volume/v3/volumes/b67fb317-ec61-4488-85e5-b1a27767441b 0.025s
2026-03-01 04:21:05,388 125145 DEBUG    [tempest.lib.common.rest_client] Request - Headers: {'Content-Type': 'application/json', 'Accept': 'application/json', 'X-Auth-Token': '<omitted>'}
        Body: None
    Response - Headers: {'date': 'Sun, 01 Mar 2026 04:21:05 GMT', 'server': 'Apache/2.4.58 (Ubuntu)', 'content-type': 'application/json', 'x-compute-request-id': 'req-57b43c85-0e7c-4369-834a-c86c92988323', 'content-length': '828', 'openstack-api-version': 'volume 3.0', 'vary': 'OpenStack-API-Version', 'x-openstack-request-id': 'req-57b43c85-0e7c-4369-834a-c86c92988323', 'connection': 'close', 'status': '200', 'content-location': 'http://10.201.5.130/volume/v3/volumes/b67fb317-ec61-4488-85e5-b1a27767441b'}
        Body: b'{"volume": {"id": "b67fb317-ec61-4488-85e5-b1a27767441b", "status": "creating", "size": 2, "availability_zone": "nova", "created_at": "2026-03-01T04:21:05.000000", "updated_at": null, "name": "tempest-VolumesSnapshotNegativeTestJSON-Volume-724380926", "description": null, "volume_type": "3par1", "snapshot_id": null, "source_volid": null, "metadata": {}, "links": [{"rel": "self", "href": "http://10.201.5.130/volume/v3/volumes/b67fb317-ec61-4488-85e5-b1a27767441b"}, {"rel": "bookmark", "href": "http://10.201.5.130/volume/volumes/b67fb317-ec61-4488-85e5-b1a27767441b"}], "user_id": "b37ce803ed2c4aee92dcc68ce10c4406", "bootable": "false", "encrypted": false, "replication_status": null, "consistencygroup_id": null, "multiattach": false, "attachments": [], "os-vol-tenant-attr:tenant_id": "8cb2c16e037141e4ac37cd25ec53b926"}}'
2026-03-01 04:21:06,428 125145 INFO     [tempest.lib.common.rest_client] Request (VolumesSnapshotNegativeTestJSON:test_volume_from_snapshot_decreasing_size): 200 GET http://10.201.5.130/volume/v3/volumes/b67fb317-ec61-4488-85e5-b1a27767441b 0.031s
2026-03-01 04:21:06,428 125145 DEBUG    [tempest.lib.common.rest_client] Request - Headers: {'Content-Type': 'application/json', 'Accept': 'application/json', 'X-Auth-Token': '<omitted>'}
        Body: None
    Response - Headers: {'date': 'Sun, 01 Mar 2026 04:21:06 GMT', 'serv
    er': 'Apache/2.4.58 (Ubuntu)', 'content-type': 'application/json', 'x-compute-request-id': 'req-28e42e53-0cf3-4423-bd1a-d7ebbabbae67', 'content-length': '849', 'openstack-api-version': 'volume 3.0', 'vary': 'OpenStack-API-Version', 'x-openstack-request-id': 'req-28e42e53-0cf3-4423-bd1a-d7ebbabbae67', 'connection': 'close', 'status': '200', 'content-location': 'http://10.201.5.130/volume/v3/volumes/b67fb317-ec61-4488-85e5-b1a27767441b'}
        Body: b'{"volume": {"id": "b67fb317-ec61-4488-85e5-b1a27767441b", "status": "error", "size": 2, "availability_zone": "nova", "created_at": "2026-03-01T04:21:05.000000", "updated_at": "2026-03-01T04:21:05.000000", "name": "tempest-VolumesSnapshotNegativeTestJSON-Volume-724380926", "description": null, "volume_type": "3par1", "snapshot_id": null, "source_volid": null, "metadata": {}, "links": [{"rel": "self", "href": "http://10.201.5.130/volume/v3/volumes/b67fb317-ec61-4488-85e5-b1a27767441b"}, {"rel": "bookmark", "href": "http://10.201.5.130/volume/volumes/b67fb317-ec61-4488-85e5-b1a27767441b"}], "user_id": "b37ce803ed2c4aee92dcc68ce10c4406", "bootable": "false", "encrypted": false, "replication_status": null, "consistencygroup_id": null, "multiattach": false, "attachments": [], "os-vol-tenant-attr:tenant_id": "8cb2c16e037141e4ac37cd25ec53b926"}}'
2026-03-01 04:21:06,466 125145 INFO     [tempest.lib.common.rest_client] Request (VolumesSnapshotNegativeTestJSON:_run_cleanups): 200 GET http://10.201.5.130/volume/v3/volumes/b67fb317-ec61-4488-85e5-b1a27767441b 0.032s
2026-03-01 04:21:06,466 125145 DEBUG    [tempest.lib.common.rest_client] Request - Headers: {'Content-Type': 'application/json', 'Accept': 'application/json', 'X-Auth-Token': '<omitted>'}
        Body: None
    Response - Headers: {'date': 'Sun, 01 Mar 2026 04:21:06 GMT', 'server': 'Apache/2.4.58 (Ubuntu)', 'content-type': 'application/json', 'x-compute-request-id': 'req-58a7a1eb-181f-4797-90d7-b03fba392a32', 'content-length': '849', 'openstack-api-version': 'volume 3.0', 'vary': 'OpenStack-API-Version', 'x-openstack-request-id': 'req-58a7a1eb-181f-4797-90d7-b03fba392a32', 'connection': 'close', 'status': '200', 'content-location': 'http://10.201.5.130/volume/v3/volumes/b67fb317-ec61-4488-85e5-b1a27767441b'}
        Body: b'{"volume": {"id": "b67fb317-ec61-4488-85e5-b1a27767441b", "status": "error", "size": 2, "availability_zone": "nova", "created_at": "2026-03-01T04:21:05.000000", "updated_at": "2026-03-01T04:21:05.000000", "name": "tempest-VolumesSnapshotNegativeTestJSON-Volume-724380926", "description": null, "volume_type": "3par1", "snapshot_id": null, "source_volid": null, "metadata": {}, "links": [{"rel": "self", "href": "http://10.201.5.130/volume/v3/volumes/b67fb317-ec61-4488-85e5-b1a27767441b"}, {"rel": "bookmark", "href": "http://10.201.5.130/volume/volumes/b67fb317-ec61-4488-85e5-b1a27767441b"}], "user_id": "b37ce803ed2c4aee92dcc68ce10c4406", "bootable": "false", "encrypted": false, "replication_status": null, "consistencygroup_id": null, "multiattach": false, "attachments": [], "os-vol-tenant-attr:tenant_id": "8cb2c16e037141e4ac37cd25ec53b926"}}'
2026-03-01 04:21:06,575 125145 INFO     [tempest.lib.common.rest_client] Request (VolumesSnapshotNegativeTestJSON:_run_cleanups): 202 DELETE http://10.201.5.130/volume/v3/volumes/b67fb317-ec61-4488-85e5-b1a27767441b 0.097s
2026-03-01 04:21:06,575 125145 DEBUG    [tempest.lib.common.rest_client] Request - Headers: {'Content-Type': 'application/json', 'Accept': 'application/json', 'X-Auth-Token': '<omitted>'}
        Body: None
    Response - Headers: {'date': 'Sun, 01 Mar 2026 04:21:06 GMT', 'server': 'Apache/2.4.58 (Ubuntu)', 'content-length': '0', 'content-type': 'text/html; charset=UTF-8', 'openstack-api-version': 'volume 3.0', 'vary': 'OpenStack-API-Version', 'x-openstack-request-id': 'req-eb64649d-13a6-457f-90c5-407d1a6b6d67', 'connection': 'close', 'status': '202', 'content-location': 'http://10.201.5.130/volume/v3/volumes/b67fb317-ec61-4488-85e5-b1a27767441b'}
        Body: b''
2026-03-01 04:21:06,594 125145 INFO     [tempest.lib.common.rest_client] Request (Volum
    esSnapshotNegativeTestJSON:_run_cleanups): 404 GET http://10.201.5.130/volume/v3/volumes/b67fb317-ec61-4488-85e5-b1a27767441b 0.018s
2026-03-01 04:21:06,594 125145 DEBUG    [tempest.lib.common.rest_client] Request - Headers: {'Content-Type': 'application/json', 'Accept': 'application/json', 'X-Auth-Token': '<omitted>'}
        Body: None
    Response - Headers: {'date': 'Sun, 01 Mar 2026 04:21:06 GMT', 'server': 'Apache/2.4.58 (Ubuntu)', 'openstack-api-version': 'volume 3.0', 'vary': 'OpenStack-API-Version', 'content-length': '109', 'content-type': 'application/json', 'x-compute-request-id': 'req-04e4066b-b74f-410a-8405-10f3bee76d38', 'x-openstack-request-id': 'req-04e4066b-b74f-410a-8405-10f3bee76d38', 'connection': 'close', 'status': '404', 'content-location': 'http://10.201.5.130/volume/v3/volumes/b67fb317-ec61-4488-85e5-b1a27767441b'}
        Body: b'{"itemNotFound": {"code": 404, "message": "Volume b67fb317-ec61-4488-85e5-b1a27767441b could not be found."}}'


==============================
Failed 29 tests - output below:
==============================

tempest.api.compute.volumes.test_volume_snapshots.VolumesSnapshotsTestJSON.test_volume_snapshot_create_get_list_delete[id-cd4ec87d-7825-450d-8040-6e2068f2da8f]
---------------------------------------------------------------------------------------------------------------------------------------------------------------

Captured traceback:
~~~~~~~~~~~~~~~~~~~
    Traceback (most recent call last):

      File "/opt/stack/tempest/tempest/api/compute/volumes/test_volume_snapshots.py", line 54, in test_volume_snapshot_create_get_list_delete
    volume = self.create_volume()
             ^^^^^^^^^^^^^^^^^^^^

      File "/opt/stack/tempest/tempest/api/compute/base.py", line 551, in create_volume
    waiters.wait_for_volume_resource_status(cls.volumes_client,

      File "/opt/stack/tempest/tempest/common/waiters.py", line 379, in wait_for_volume_resource_status
    raise exceptions.VolumeResourceBuildErrorException(

    tempest.exceptions.VolumeResourceBuildErrorException: volume db850179-5063-41fc-9ea8-9107cb4a24b7 failed to build and is in ERROR status


Captured pythonlogging:
~~~~~~~~~~~~~~~~~~~~~~~
    2026-03-01 04:16:57,766 125145 INFO     [tempest.lib.common.rest_client] Request (VolumesSnapshotsTestJSON:test_volume_snapshot_create_get_list_delete): 200 POST http://10.201.5.130/compute/v2.1/os-volumes 1.570s
2026-03-01 04:16:57,767 125145 DEBUG    [tempest.lib.common.rest_client] Request - Headers: {'Content-Type': 'application/json', 'Accept': 'application/json', 'X-Auth-Token': '<omitted>'}
        Body: {"volume": {"size": 1, "display_name": "tempest-VolumesSnapshotsTestJSON-volume-1129090154"}}
    Response - Headers: {'date': 'Sun, 01 Mar 2026 04:16:56 GMT', 'server': 'Apache/2.4.58 (Ubuntu)', 'content-length': '339', 'location': 'http://10.201.5.130/compute/v2.1/os-volumes/db850179-5063-41fc-9ea8-9107cb4a24b7', 'content-type': 'application/json', 'openstack-api-version': 'compute 2.1', 'x-openstack-nova-api-version': '2.1', 'vary': 'OpenStack-API-Version,X-OpenStack-Nova-API-Version', 'x-openstack-request-id': 'req-727f448f-ea69-4537-95bf-80f0a349bf44', 'x-compute-request-id': 'req-727f448f-ea69-4537-95bf-80f0a349bf44', 'connection': 'close', 'status': '200', 'content-location': 'http://10.201.5.130/compute/v2.1/os-volumes'}
        Body: b'{"volume": {"id": "db850179-5063-41fc-9ea8-9107cb4a24b7", "status": "creating", "size": 1, "availabilityZone": "nova", "createdAt": "2026-03-01T04:16:57.274094", "attachments": [{}], "displayName": "tempest-VolumesSnapshotsTestJSON-volume-1129090154", "displayDescription": null, "volumeType": "3par1", "snapshotId": null, "metadata": {}}}'
2026-03-01 04:16:57,883 125145 INFO     [tempest.lib.common.rest_client] Request (VolumesSnapshotsTestJSON:test_volume_snapshot_create_get_list_delete): 200 GET http://10.201.5.130/compute/v2.1/os-volumes/db850179-5063-41fc-9ea8-9107cb4a24b7 0.110s
2026-03-01 04:16:57,884 125145 DEBUG    [tempest.lib.common.rest_client] Request - Headers: {'Content-Type': 'application/json', 'Accept': 'application/json', 'X-Auth-Token': '<omitted>'}
        Body: None
    Response - Headers: {'date': 'Sun, 01 Mar 2026 04:16:57 GMT', 'server': 'Apache/2.4.58 (Ubuntu)', 'content-length': '336', 'content-type': 'application/json', 'openstack-api-version': 'compute 2.1', 'x-openstack-nova-api-version': '2.1', 'vary': 'OpenStack-API-Version,X-OpenStack-Nova-API-Version', 'x-openstack-request-id': 'req-f98d376f-f111-4cd3-8fcb-dd38e9e950f2', 'x-compute-request-id': 'req-f98d376f-f111-4cd3-8fcb-dd38e9e950f2', 'connection': 'close', 'status': '200', 'content-location': 'http://10.201.5.130/compute/v2.1/os-volumes/db850179-5063-41fc-9ea8-9107cb4a24b7'}
        Body: b'{"volume": {"id": "db850179-5063-41fc-9ea8-9107cb4a24b7", "status": "error", "size": 1, "availabilityZone": "nova", "createdAt": "2026-03-01T04:16:57.000000", "attachments": [{}], "displayName": "tempest-VolumesSnapshotsTestJSON-volume-1129090154", "displayDescription": null, "volumeType": "3par1", "snapshotId": null, "metadata": {}}}'
2026-03-01 04:16:58,935 125145 INFO     [tempest.lib.common.rest_client] Request (VolumesSnapshotsTestJSON:test_volume_snapshot_create_get_list_delete): 200 GET http://10.201.5.130/compute/v2.1/os-volumes/db850179-5063-41fc-9ea8-9107cb4a24b7 0.049s
2026-03-01 04:16:58,936 125145 DEBUG    [tempest.lib.common.rest_client] Request - Headers: {'Content-Type': 'application/json', 'Accept': 'application/json', 'X-Auth-Token': '<omitted>'}
        Body: None
    Response - Headers: {'date': 'Sun, 01 Mar 2026 04:16:58 GMT', 'server': 'Apache/2.4.58 (Ubuntu)', 'content-length': '336', 'content-type': 'application/json', 'openstack-api-version': 'compute 2.1', 'x-openstack-nova-api-version': '2.1', 'vary': 'OpenStack-API-Version,X-OpenStack-Nova-API-Version', 'x-openstack-request-id': 'req-507e4999-a750-4589-b971-01ab431f6d31', 'x-compute-request-id': 'req-507e4999-a750-4589-b971-01ab431f6d31', 'connection': 'close', 'status': '200', 'content-location': 'http://10.201.5.130/compute/v2.1/os-volumes/db850179-5063-41fc-9ea8-9107cb4a24b7'}
        Body: b'{"volume": {"id": "db850179-5063-41fc-9ea8-9107cb4a24b7", "status": "error", "size": 1, "availabilityZone": "nova", "createdAt": "2
    026-03-01T04:16:57.000000", "attachments": [{}], "displayName": "tempest-VolumesSnapshotsTestJSON-volume-1129090154", "displayDescription": null, "volumeType": "3par1", "snapshotId": null, "metadata": {}}}'


tempest.api.compute.volumes.test_volumes_get.VolumesGetTestJSON.test_volume_create_get_delete[id-f10f25eb-9775-4d9d-9cbe-1cf54dae9d5f]
--------------------------------------------------------------------------------------------------------------------------------------

Captured traceback:
~~~~~~~~~~~~~~~~~~~
    Traceback (most recent call last):

      File "/opt/stack/tempest/tempest/api/compute/volumes/test_volumes_get.py", line 56, in test_volume_create_get_delete
    volume = self.create_volume(size=CONF.volume.volume_size,
             ^^^^^^^^^^^^^^^^^^^^^^^^^^^^^^^^^^^^^^^^^^^^^^^^

      File "/opt/stack/tempest/tempest/api/compute/base.py", line 551, in create_volume
    waiters.wait_for_volume_resource_status(cls.volumes_client,

      File "/opt/stack/tempest/tempest/common/waiters.py", line 379, in wait_for_volume_resource_status
    raise exceptions.VolumeResourceBuildErrorException(

    tempest.exceptions.VolumeResourceBuildErrorException: volume 15b91e59-a142-42b9-b66e-ae9909f8cdc5 failed to build and is in ERROR status


Captured pythonlogging:
~~~~~~~~~~~~~~~~~~~~~~~
    2026-03-01 04:17:01,274 125145 INFO     [tempest.lib.common.rest_client] Request (VolumesGetTestJSON:test_volume_create_get_delete): 200 POST http://10.201.5.130/compute/v2.1/os-volumes 0.358s
2026-03-01 04:17:01,275 125145 DEBUG    [tempest.lib.common.rest_client] Request - Headers: {'Content-Type': 'application/json', 'Accept': 'application/json', 'X-Auth-Token': '<omitted>'}
        Body: {"volume": {"size": 1, "display_name": "tempest-VolumesGetTestJSON-Volume-179764318", "metadata": {"Type": "work"}}}
    Response - Headers: {'date': 'Sun, 01 Mar 2026 04:17:00 GMT', 'server': 'Apache/2.4.58 (Ubuntu)', 'content-length': '346', 'location': 'http://10.201.5.130/compute/v2.1/os-volumes/15b91e59-a142-42b9-b66e-ae9909f8cdc5', 'content-type': 'application/json', 'openstack-api-version': 'compute 2.1', 'x-openstack-nova-api-version': '2.1', 'vary': 'OpenStack-API-Version,X-OpenStack-Nova-API-Version', 'x-openstack-request-id': 'req-eb4fba69-2f7a-4735-b68d-32c40711b619', 'x-compute-request-id': 'req-eb4fba69-2f7a-4735-b68d-32c40711b619', 'connection': 'close', 'status': '200', 'content-location': 'http://10.201.5.130/compute/v2.1/os-volumes'}
        Body: b'{"volume": {"id": "15b91e59-a142-42b9-b66e-ae9909f8cdc5", "status": "creating", "size": 1, "availabilityZone": "nova", "createdAt": "2026-03-01T04:17:01.191806", "attachments": [{}], "displayName": "tempest-VolumesGetTestJSON-Volume-179764318", "displayDescription": null, "volumeType": "3par1", "snapshotId": null, "metadata": {"Type": "work"}}}'
2026-03-01 04:17:01,317 125145 INFO     [tempest.lib.common.rest_client] Request (VolumesGetTestJSON:test_volume_create_get_delete): 200 GET http://10.201.5.130/compute/v2.1/os-volumes/15b91e59-a142-42b9-b66e-ae9909f8cdc5 0.036s
2026-03-01 04:17:01,317 125145 DEBUG    [tempest.lib.common.rest_client] Request - Headers: {'Content-Type': 'application/json', 'Accept': 'application/json', 'X-Auth-Token': '<omitted>'}
        Body: None
    Response - Headers: {'date': 'Sun, 01 Mar 2026 04:17:01 GMT', 'server': 'Apache/2.4.58 (Ubuntu)', 'content-length': '346', 'content-type': 'application/json', 'openstack-api-version': 'compute 2.1', 'x-openstack-nova-api-version': '2.1', 'vary': 'OpenStack-API-Version,X-OpenStack-Nova-API-Version', 'x-openstack-request-id': 'req-712ef20f-9dfa-45a8-a407-3361a665032c', 'x-compute-request-id': 'req-712ef20f-9dfa-45a8-a407-3361a665032c', 'connection': 'close', 'status': '200', 'content-location': 'http://10.201.5.130/compute/v2.1/os-volumes/15b91e59-a142-42b9-b66e-ae9909f8cdc5'}
        Body: b'{"volume": {"id": "15b91e59-a142-42b9-b66e-ae9909f8cdc5", "status": "creating", "size": 1, "availabilityZone": "nova", "createdAt": "2026-03-01T04:17:01.000000", "attachments": [{}], "displayName": "tempest-VolumesGetTestJSON-Volume-179764318", "displayDescription": null, "volumeType": "3par1", "snapshotId": null, "metadata": {"Type": "work"}}}'
2026-03-01 04:17:02,371 125145 INFO     [tempest.lib.common.rest_client] Request (VolumesGetTestJSON:test_volume_create_get_delete): 200 GET http://10.201.5.130/compute/v2.1/os-volumes/15b91e59-a142-42b9-b66e-ae9909f8cdc5 0.050s
2026-03-01 04:17:02,371 125145 DEBUG    [tempest.lib.common.rest_client] Request - Headers: {'Content-Type': 'application/json', 'Accept': 'application/json', 'X-Auth-Token': '<omitted>'}
        Body: None
    Response - Headers: {'date': 'Sun, 01 Mar 2026 04:17:02 GMT', 'server': 'Apache/2.4.58 (Ubuntu)', 'content-length': '343', 'content-type': 'application/json', 'openstack-api-version': 'compute 2.1', 'x-openstack-nova-api-version': '2.1', 'vary': 'OpenStack-API-Version,X-OpenStack-Nova-API-Version', 'x-openstack-request-id': 'req-4568da57-e270-4bfa-aae2-ef33a09e672d', 'x-compute-request-id': 'req-4568da57-e270-4bfa-aae2-ef33a09e672d', 'connection': 'close', 'status': '200', 'content-location': 'http://10.201.5.130/compute/v2.1/os-volumes/15b91e59-a142-42b9-b66e-ae9909f8cdc5'}
        Body: b'{"volume": {"id": "15b91e59-a142-42b9-b66e-ae9909f8cdc5", "status": "error", "size": 1, "availabilityZone": "nova", "createdAt": "2026-03-01T04:17:01.0
    00000", "attachments": [{}], "displayName": "tempest-VolumesGetTestJSON-Volume-179764318", "displayDescription": null, "volumeType": "3par1", "snapshotId": null, "metadata": {"Type": "work"}}}'


setUpClass (tempest.api.compute.volumes.test_volumes_list.VolumesTestJSON)
--------------------------------------------------------------------------

Captured traceback:
~~~~~~~~~~~~~~~~~~~
    Traceback (most recent call last):

      File "/opt/stack/tempest/tempest/test.py", line 185, in setUpClass
    raise value.with_traceback(trace)

      File "/opt/stack/tempest/tempest/test.py", line 178, in setUpClass
    cls.resource_setup()

      File "/opt/stack/tempest/tempest/api/compute/volumes/test_volumes_list.py", line 57, in resource_setup
    volume = cls.create_volume(metadata=metadata)
             ^^^^^^^^^^^^^^^^^^^^^^^^^^^^^^^^^^^^

      File "/opt/stack/tempest/tempest/api/compute/base.py", line 551, in create_volume
    waiters.wait_for_volume_resource_status(cls.volumes_client,

      File "/opt/stack/tempest/tempest/common/waiters.py", line 379, in wait_for_volume_resource_status
    raise exceptions.VolumeResourceBuildErrorException(

    tempest.exceptions.VolumeResourceBuildErrorException: volume 7795e791-70a7-4158-82a3-057e01f27403 failed to build and is in ERROR status


setUpClass (tempest.api.volume.admin.test_multi_backend.VolumeMultiBackendTest)
-------------------------------------------------------------------------------

Captured traceback:
~~~~~~~~~~~~~~~~~~~
    Traceback (most recent call last):

      File "/opt/stack/tempest/tempest/test.py", line 185, in setUpClass
    raise value.with_traceback(trace)

      File "/opt/stack/tempest/tempest/test.py", line 178, in setUpClass
    cls.resource_setup()

      File "/opt/stack/tempest/tempest/api/volume/admin/test_multi_backend.py", line 50, in resource_setup
    cls._create_type_and_volume(backend_name, False)

      File "/opt/stack/tempest/tempest/api/volume/admin/test_multi_backend.py", line 74, in _create_type_and_volume
    cls.volume = cls.create_volume(**params)
                 ^^^^^^^^^^^^^^^^^^^^^^^^^^^

      File "/opt/stack/tempest/tempest/api/volume/base.py", line 144, in create_volume
    waiters.wait_for_volume_resource_status(self.volumes_client,

      File "/opt/stack/tempest/tempest/common/waiters.py", line 379, in wait_for_volume_resource_status
    raise exceptions.VolumeResourceBuildErrorException(

    tempest.exceptions.VolumeResourceBuildErrorException: volume 931854f0-e456-46d3-ba83-328965d2d020 failed to build and is in ERROR status


setUpClass (tempest.api.volume.admin.test_snapshots_actions.SnapshotsActionsTest)
---------------------------------------------------------------------------------

Captured traceback:
~~~~~~~~~~~~~~~~~~~
    Traceback (most recent call last):

      File "/opt/stack/tempest/tempest/test.py", line 185, in setUpClass
    raise value.with_traceback(trace)

      File "/opt/stack/tempest/tempest/test.py", line 178, in setUpClass
    cls.resource_setup()

      File "/opt/stack/tempest/tempest/api/volume/admin/test_snapshots_actions.py", line 38, in resource_setup
    cls.volume = cls.create_volume()
                 ^^^^^^^^^^^^^^^^^^^

      File "/opt/stack/tempest/tempest/api/volume/base.py", line 144, in create_volume
    waiters.wait_for_volume_resource_status(self.volumes_client,

      File "/opt/stack/tempest/tempest/common/waiters.py", line 379, in wait_for_volume_resource_status
    raise exceptions.VolumeResourceBuildErrorException(

    tempest.exceptions.VolumeResourceBuildErrorException: volume d5e790eb-7c05-4738-9728-df2094b01261 failed to build and is in ERROR status


tempest.api.volume.admin.test_volume_quotas.VolumeQuotasAdminTestJSON.test_quota_usage[id-ae8b6091-48ad-4bfa-a188-bbf5cc02115f]
-------------------------------------------------------------------------------------------------------------------------------

Captured traceback:
~~~~~~~~~~~~~~~~~~~
    Traceback (most recent call last):

      File "/opt/stack/tempest/tempest/api/volume/admin/test_volume_quotas.py", line 123, in test_quota_usage
    volume = self.create_volume()
             ^^^^^^^^^^^^^^^^^^^^

      File "/opt/stack/tempest/tempest/api/volume/base.py", line 144, in create_volume
    waiters.wait_for_volume_resource_status(self.volumes_client,

      File "/opt/stack/tempest/tempest/common/waiters.py", line 379, in wait_for_volume_resource_status
    raise exceptions.VolumeResourceBuildErrorException(

    tempest.exceptions.VolumeResourceBuildErrorException: volume b3d98a8e-493a-44fb-aa20-c9182df7634b failed to build and is in ERROR status


Captured pythonlogging:
~~~~~~~~~~~~~~~~~~~~~~~
    2026-03-01 04:19:05,510 125145 INFO     [tempest.lib.common.rest_client] Request (VolumeQuotasAdminTestJSON:test_quota_usage): 200 GET http://10.201.5.130/volume/v3/os-quota-sets/94361c213ebe4bcb93704a98f29de70f?usage=True 0.024s
2026-03-01 04:19:05,511 125145 DEBUG    [tempest.lib.common.rest_client] Request - Headers: {'Content-Type': 'application/json', 'Accept': 'application/json', 'X-Auth-Token': '<omitted>'}
        Body: None
    Response - Headers: {'date': 'Sun, 01 Mar 2026 04:19:05 GMT', 'server': 'Apache/2.4.58 (Ubuntu)', 'content-type': 'application/json', 'x-compute-request-id': 'req-6a7afd69-fe9c-4bf1-9e5c-c75c11cc16ec', 'content-length': '1236', 'openstack-api-version': 'volume 3.0', 'vary': 'OpenStack-API-Version', 'x-openstack-request-id': 'req-6a7afd69-fe9c-4bf1-9e5c-c75c11cc16ec', 'connection': 'close', 'status': '200', 'content-location': 'http://10.201.5.130/volume/v3/os-quota-sets/94361c213ebe4bcb93704a98f29de70f?usage=True'}
        Body: b'{"quota_set": {"volumes": {"limit": 10, "in_use": 0, "reserved": 0}, "per_volume_gigabytes": {"limit": -1, "in_use": 0, "reserved": 0}, "snapshots": {"limit": 10, "in_use": 0, "reserved": 0}, "gigabytes": {"limit": 1000, "in_use": 0, "reserved": 0}, "backups": {"limit": 10, "in_use": 0, "reserved": 0}, "backup_gigabytes": {"limit": 1000, "in_use": 0, "reserved": 0}, "volumes_3par2": {"limit": -1, "in_use": 0, "reserved": 0}, "gigabytes_3par2": {"limit": -1, "in_use": 0, "reserved": 0}, "snapshots_3par2": {"limit": -1, "in_use": 0, "reserved": 0}, "volumes_3par1": {"limit": -1, "in_use": 0, "reserved": 0}, "gigabytes_3par1": {"limit": -1, "in_use": 0, "reserved": 0}, "snapshots_3par1": {"limit": -1, "in_use": 0, "reserved": 0}, "volumes_lvmdriver-1": {"limit": -1, "in_use": 0, "reserved": 0}, "gigabytes_lvmdriver-1": {"limit": -1, "in_use": 0, "reserved": 0}, "snapshots_lvmdriver-1": {"limit": -1, "in_use": 0, "reserved": 0}, "volumes___DEFAULT__": {"limit": -1, "in_use": 0, "reserved": 0}, "gigabytes___DEFAULT__": {"limit": -1, "in_use": 0, "reserved": 0}, "snapshots___DEFAULT__": {"limit": -1, "in_use": 0, "reserved": 0}, "groups": {"limit": 10, "in_use": 0, "reserved": 0}, "id": "94361c213ebe4bcb93704a98f29de70f"}}'
2026-03-01 04:19:05,825 125145 INFO     [tempest.lib.common.rest_client] Request (VolumeQuotasAdminTestJSON:test_quota_usage): 202 POST http://10.201.5.130/volume/v3/volumes 0.308s
2026-03-01 04:19:05,825 125145 DEBUG    [tempest.lib.common.rest_client] Request - Headers: {'Content-Type': 'application/json', 'Accept': 'application/json', 'X-Auth-Token': '<omitted>'}
        Body: {"volume": {"size": 1, "name": "tempest-VolumeQuotasAdminTestJSON-Volume-803201807"}}
    Response - Headers: {'date': 'Sun, 01 Mar 2026 04:19:05 GMT', 'server': 'Apache/2.4.58 (Ubuntu)', 'content-type': 'application/json', 'x-compute-request-id': 'req-28874fdd-8963-4e6a-9159-5e1cf765d5ad', 'content-length': '754', 'openstack-api-version': 'volume 3.0', 'vary': 'OpenStack-API-Version', 'x-openstack-request-id': 'req-28874fdd-8963-4e6a-9159-5e1cf765d5ad', 'connection': 'close', 'status': '202', 'content-location': 'http://10.201.5.130/volume/v3/volumes'}
        Body: b'{"volume": {"id": "b3d98a8e-493a-44fb-aa20-c9182df7634b", "status": "creating", "size": 1, "availability_zone": "nova", "created_at": "2026-03-01T04:19:05.688288", "updated_at": null, "name": "tempest-VolumeQuotasAdminTestJSON-Volume-803201807", "description": null, "volume_type": "3par1", "snapshot_id": null, "source_volid": null, "metadata": {}, "links": [{"rel": "self", "href": "http://10.201.5.130/volume/v3/volumes/b3d98a8e-493a-44fb-aa20-c9182df7634b"}, {"rel": "bookmark", "href": "http://10.201.5.130/volume/volumes/b3d98a8e-493a-44fb-aa20-c9182df7634b"}], "user_id": "e1c3214116ac497c8c8bb6cec383bbe0", "bootable": "false", "encrypted": false, "replication_status": null, "consistencygroup_id": null, "multiattach": false, "attachments": []}}'
2026-03-01 04:19:05,860 125145 INFO     [tempest.lib.common.rest_client] Request (VolumeQuotasAdminTestJSON:test_quota_usage): 200 GET http://10.201.5.130/volume/v3/
    volumes/b3d98a8e-493a-44fb-aa20-c9182df7634b 0.026s
2026-03-01 04:19:05,860 125145 DEBUG    [tempest.lib.common.rest_client] Request - Headers: {'Content-Type': 'application/json', 'Accept': 'application/json', 'X-Auth-Token': '<omitted>'}
        Body: None
    Response - Headers: {'date': 'Sun, 01 Mar 2026 04:19:05 GMT', 'server': 'Apache/2.4.58 (Ubuntu)', 'content-type': 'application/json', 'x-compute-request-id': 'req-31a89f38-093e-45b6-8d08-7a302813fef4', 'content-length': '822', 'openstack-api-version': 'volume 3.0', 'vary': 'OpenStack-API-Version', 'x-openstack-request-id': 'req-31a89f38-093e-45b6-8d08-7a302813fef4', 'connection': 'close', 'status': '200', 'content-location': 'http://10.201.5.130/volume/v3/volumes/b3d98a8e-493a-44fb-aa20-c9182df7634b'}
        Body: b'{"volume": {"id": "b3d98a8e-493a-44fb-aa20-c9182df7634b", "status": "creating", "size": 1, "availability_zone": "nova", "created_at": "2026-03-01T04:19:06.000000", "updated_at": null, "name": "tempest-VolumeQuotasAdminTestJSON-Volume-803201807", "description": null, "volume_type": "3par1", "snapshot_id": null, "source_volid": null, "metadata": {}, "links": [{"rel": "self", "href": "http://10.201.5.130/volume/v3/volumes/b3d98a8e-493a-44fb-aa20-c9182df7634b"}, {"rel": "bookmark", "href": "http://10.201.5.130/volume/volumes/b3d98a8e-493a-44fb-aa20-c9182df7634b"}], "user_id": "e1c3214116ac497c8c8bb6cec383bbe0", "bootable": "false", "encrypted": false, "replication_status": null, "consistencygroup_id": null, "multiattach": false, "attachments": [], "os-vol-tenant-attr:tenant_id": "94361c213ebe4bcb93704a98f29de70f"}}'
2026-03-01 04:19:06,900 125145 INFO     [tempest.lib.common.rest_client] Request (VolumeQuotasAdminTestJSON:test_quota_usage): 200 GET http://10.201.5.130/volume/v3/volumes/b3d98a8e-493a-44fb-aa20-c9182df7634b 0.034s
2026-03-01 04:19:06,900 125145 DEBUG    [tempest.lib.common.rest_client] Request - Headers: {'Content-Type': 'application/json', 'Accept': 'application/json', 'X-Auth-Token': '<omitted>'}
        Body: None
    Response - Headers: {'date': 'Sun, 01 Mar 2026 04:19:06 GMT', 'server': 'Apache/2.4.58 (Ubuntu)', 'content-type': 'application/json', 'x-compute-request-id': 'req-9bd45a08-c0ba-403a-94a4-ae4231836776', 'content-length': '843', 'openstack-api-version': 'volume 3.0', 'vary': 'OpenStack-API-Version', 'x-openstack-request-id': 'req-9bd45a08-c0ba-403a-94a4-ae4231836776', 'connection': 'close', 'status': '200', 'content-location': 'http://10.201.5.130/volume/v3/volumes/b3d98a8e-493a-44fb-aa20-c9182df7634b'}
        Body: b'{"volume": {"id": "b3d98a8e-493a-44fb-aa20-c9182df7634b", "status": "error", "size": 1, "availability_zone": "nova", "created_at": "2026-03-01T04:19:06.000000", "updated_at": "2026-03-01T04:19:06.000000", "name": "tempest-VolumeQuotasAdminTestJSON-Volume-803201807", "description": null, "volume_type": "3par1", "snapshot_id": null, "source_volid": null, "metadata": {}, "links": [{"rel": "self", "href": "http://10.201.5.130/volume/v3/volumes/b3d98a8e-493a-44fb-aa20-c9182df7634b"}, {"rel": "bookmark", "href": "http://10.201.5.130/volume/volumes/b3d98a8e-493a-44fb-aa20-c9182df7634b"}], "user_id": "e1c3214116ac497c8c8bb6cec383bbe0", "bootable": "false", "encrypted": false, "replication_status": null, "consistencygroup_id": null, "multiattach": false, "attachments": [], "os-vol-tenant-attr:tenant_id": "94361c213ebe4bcb93704a98f29de70f"}}'
2026-03-01 04:19:06,937 125145 INFO     [tempest.lib.common.rest_client] Request (VolumeQuotasAdminTestJSON:_run_cleanups): 200 GET http://10.201.5.130/volume/v3/volumes/b3d98a8e-493a-44fb-aa20-c9182df7634b 0.019s
2026-03-01 04:19:06,938 125145 DEBUG    [tempest.lib.common.rest_client] Request - Headers: {'Content-Type': 'application/json', 'Accept': 'application/json', 'X-Auth-Token': '<omitted>'}
        Body: None
    Response - Headers: {'date': 'Sun, 01 Mar 2026 04:19:06 GMT', 'server': 'Apache/2.4.58 (Ubuntu)', 'content-type': 'application/json', 'x-compute-request-id': 'req-8c2eb03a-ea4c-4d09-bce0-b3ec7bfa6df7', 'content-length': '843', 'openstack-api-version': 'volume 3.0',
     'vary': 'OpenStack-API-Version', 'x-openstack-request-id': 'req-8c2eb03a-ea4c-4d09-bce0-b3ec7bfa6df7', 'connection': 'close', 'status': '200', 'content-location': 'http://10.201.5.130/volume/v3/volumes/b3d98a8e-493a-44fb-aa20-c9182df7634b'}
        Body: b'{"volume": {"id": "b3d98a8e-493a-44fb-aa20-c9182df7634b", "status": "error", "size": 1, "availability_zone": "nova", "created_at": "2026-03-01T04:19:06.000000", "updated_at": "2026-03-01T04:19:06.000000", "name": "tempest-VolumeQuotasAdminTestJSON-Volume-803201807", "description": null, "volume_type": "3par1", "snapshot_id": null, "source_volid": null, "metadata": {}, "links": [{"rel": "self", "href": "http://10.201.5.130/volume/v3/volumes/b3d98a8e-493a-44fb-aa20-c9182df7634b"}, {"rel": "bookmark", "href": "http://10.201.5.130/volume/volumes/b3d98a8e-493a-44fb-aa20-c9182df7634b"}], "user_id": "e1c3214116ac497c8c8bb6cec383bbe0", "bootable": "false", "encrypted": false, "replication_status": null, "consistencygroup_id": null, "multiattach": false, "attachments": [], "os-vol-tenant-attr:tenant_id": "94361c213ebe4bcb93704a98f29de70f"}}'
2026-03-01 04:19:07,239 125145 INFO     [tempest.lib.common.rest_client] Request (VolumeQuotasAdminTestJSON:_run_cleanups): 202 DELETE http://10.201.5.130/volume/v3/volumes/b3d98a8e-493a-44fb-aa20-c9182df7634b 0.296s
2026-03-01 04:19:07,239 125145 DEBUG    [tempest.lib.common.rest_client] Request - Headers: {'Content-Type': 'application/json', 'Accept': 'application/json', 'X-Auth-Token': '<omitted>'}
        Body: None
    Response - Headers: {'date': 'Sun, 01 Mar 2026 04:19:06 GMT', 'server': 'Apache/2.4.58 (Ubuntu)', 'content-length': '0', 'content-type': 'text/html; charset=UTF-8', 'openstack-api-version': 'volume 3.0', 'vary': 'OpenStack-API-Version', 'x-openstack-request-id': 'req-edbbdf29-a87d-4f2f-9d8c-41909594db15', 'connection': 'close', 'status': '202', 'content-location': 'http://10.201.5.130/volume/v3/volumes/b3d98a8e-493a-44fb-aa20-c9182df7634b'}
        Body: b''
2026-03-01 04:19:07,260 125145 INFO     [tempest.lib.common.rest_client] Request (VolumeQuotasAdminTestJSON:_run_cleanups): 404 GET http://10.201.5.130/volume/v3/volumes/b3d98a8e-493a-44fb-aa20-c9182df7634b 0.019s
2026-03-01 04:19:07,260 125145 DEBUG    [tempest.lib.common.rest_client] Request - Headers: {'Content-Type': 'application/json', 'Accept': 'application/json', 'X-Auth-Token': '<omitted>'}
        Body: None
    Response - Headers: {'date': 'Sun, 01 Mar 2026 04:19:07 GMT', 'server': 'Apache/2.4.58 (Ubuntu)', 'openstack-api-version': 'volume 3.0', 'vary': 'OpenStack-API-Version', 'content-length': '109', 'content-type': 'application/json', 'x-compute-request-id': 'req-6a2f1092-9355-4eff-ad21-cd22cf4003ed', 'x-openstack-request-id': 'req-6a2f1092-9355-4eff-ad21-cd22cf4003ed', 'connection': 'close', 'status': '404', 'content-location': 'http://10.201.5.130/volume/v3/volumes/b3d98a8e-493a-44fb-aa20-c9182df7634b'}
        Body: b'{"itemNotFound": {"code": 404, "message": "Volume b3d98a8e-493a-44fb-aa20-c9182df7634b could not be found."}}'


tempest.api.volume.admin.test_volume_quotas.VolumeQuotasAdminTestJSON.test_quota_usage_after_volume_transfer[id-8911036f-9d54-4720-80cc-a1c9796a8805]
-----------------------------------------------------------------------------------------------------------------------------------------------------

Captured traceback:
~~~~~~~~~~~~~~~~~~~
    Traceback (most recent call last):

      File "/opt/stack/tempest/tempest/api/volume/admin/test_volume_quotas.py", line 141, in test_quota_usage_after_volume_transfer
    volume = self.create_volume()
             ^^^^^^^^^^^^^^^^^^^^

      File "/opt/stack/tempest/tempest/api/volume/base.py", line 144, in create_volume
    waiters.wait_for_volume_resource_status(self.volumes_client,

      File "/opt/stack/tempest/tempest/common/waiters.py", line 379, in wait_for_volume_resource_status
    raise exceptions.VolumeResourceBuildErrorException(

    tempest.exceptions.VolumeResourceBuildErrorException: volume 3bc46789-3ec8-4e53-a3f3-b03f46b1f694 failed to build and is in ERROR status


Captured pythonlogging:
~~~~~~~~~~~~~~~~~~~~~~~
    2026-03-01 04:19:07,418 125145 INFO     [tempest.lib.common.rest_client] Request (VolumeQuotasAdminTestJSON:test_quota_usage_after_volume_transfer): 202 POST http://10.201.5.130/volume/v3/volumes 0.156s
2026-03-01 04:19:07,418 125145 DEBUG    [tempest.lib.common.rest_client] Request - Headers: {'Content-Type': 'application/json', 'Accept': 'application/json', 'X-Auth-Token': '<omitted>'}
        Body: {"volume": {"size": 1, "name": "tempest-VolumeQuotasAdminTestJSON-Volume-1478535679"}}
    Response - Headers: {'date': 'Sun, 01 Mar 2026 04:19:07 GMT', 'server': 'Apache/2.4.58 (Ubuntu)', 'content-type': 'application/json', 'x-compute-request-id': 'req-2600fdee-c8ae-40cd-994f-b90618a7fed5', 'content-length': '755', 'openstack-api-version': 'volume 3.0', 'vary': 'OpenStack-API-Version', 'x-openstack-request-id': 'req-2600fdee-c8ae-40cd-994f-b90618a7fed5', 'connection': 'close', 'status': '202', 'content-location': 'http://10.201.5.130/volume/v3/volumes'}
        Body: b'{"volume": {"id": "3bc46789-3ec8-4e53-a3f3-b03f46b1f694", "status": "creating", "size": 1, "availability_zone": "nova", "created_at": "2026-03-01T04:19:07.343725", "updated_at": null, "name": "tempest-VolumeQuotasAdminTestJSON-Volume-1478535679", "description": null, "volume_type": "3par1", "snapshot_id": null, "source_volid": null, "metadata": {}, "links": [{"rel": "self", "href": "http://10.201.5.130/volume/v3/volumes/3bc46789-3ec8-4e53-a3f3-b03f46b1f694"}, {"rel": "bookmark", "href": "http://10.201.5.130/volume/volumes/3bc46789-3ec8-4e53-a3f3-b03f46b1f694"}], "user_id": "e1c3214116ac497c8c8bb6cec383bbe0", "bootable": "false", "encrypted": false, "replication_status": null, "consistencygroup_id": null, "multiattach": false, "attachments": []}}'
2026-03-01 04:19:07,448 125145 INFO     [tempest.lib.common.rest_client] Request (VolumeQuotasAdminTestJSON:test_quota_usage_after_volume_transfer): 200 GET http://10.201.5.130/volume/v3/volumes/3bc46789-3ec8-4e53-a3f3-b03f46b1f694 0.026s
2026-03-01 04:19:07,448 125145 DEBUG    [tempest.lib.common.rest_client] Request - Headers: {'Content-Type': 'application/json', 'Accept': 'application/json', 'X-Auth-Token': '<omitted>'}
        Body: None
    Response - Headers: {'date': 'Sun, 01 Mar 2026 04:19:07 GMT', 'server': 'Apache/2.4.58 (Ubuntu)', 'content-type': 'application/json', 'x-compute-request-id': 'req-f1966f6f-c85e-4287-a273-af28e94f18ae', 'content-length': '823', 'openstack-api-version': 'volume 3.0', 'vary': 'OpenStack-API-Version', 'x-openstack-request-id': 'req-f1966f6f-c85e-4287-a273-af28e94f18ae', 'connection': 'close', 'status': '200', 'content-location': 'http://10.201.5.130/volume/v3/volumes/3bc46789-3ec8-4e53-a3f3-b03f46b1f694'}
        Body: b'{"volume": {"id": "3bc46789-3ec8-4e53-a3f3-b03f46b1f694", "status": "creating", "size": 1, "availability_zone": "nova", "created_at": "2026-03-01T04:19:07.000000", "updated_at": null, "name": "tempest-VolumeQuotasAdminTestJSON-Volume-1478535679", "description": null, "volume_type": "3par1", "snapshot_id": null, "source_volid": null, "metadata": {}, "links": [{"rel": "self", "href": "http://10.201.5.130/volume/v3/volumes/3bc46789-3ec8-4e53-a3f3-b03f46b1f694"}, {"rel": "bookmark", "href": "http://10.201.5.130/volume/volumes/3bc46789-3ec8-4e53-a3f3-b03f46b1f694"}], "user_id": "e1c3214116ac497c8c8bb6cec383bbe0", "bootable": "false", "encrypted": false, "replication_status": null, "consistencygroup_id": null, "multiattach": false, "attachments": [], "os-vol-tenant-attr:tenant_id": "94361c213ebe4bcb93704a98f29de70f"}}'
2026-03-01 04:19:08,490 125145 INFO     [tempest.lib.common.rest_client] Request (VolumeQuotasAdminTestJSON:test_quota_usage_after_volume_transfer): 200 GET http://10.201.5.130/volume/v3/volumes/3bc46789-3ec8-4e53-a3f3-b03f46b1f694 0.032s
2026-03-01 04:19:08,490 125145 DEBUG    [tempest.lib.common.rest_client] Request - Headers: {'Content-Type': 'application/json', 'Accept': 'application/json', 'X-Auth-Token': '<omitted>'}
        Body: None
    Response - Headers: {'date': 'Sun, 01 Mar 2026 04:19:08 GMT', 'server': 'Apache/2.4.58 (Ubuntu)', 'content-ty
    pe': 'application/json', 'x-compute-request-id': 'req-c7e6a326-c59b-44e7-9860-d338d327a5aa', 'content-length': '844', 'openstack-api-version': 'volume 3.0', 'vary': 'OpenStack-API-Version', 'x-openstack-request-id': 'req-c7e6a326-c59b-44e7-9860-d338d327a5aa', 'connection': 'close', 'status': '200', 'content-location': 'http://10.201.5.130/volume/v3/volumes/3bc46789-3ec8-4e53-a3f3-b03f46b1f694'}
        Body: b'{"volume": {"id": "3bc46789-3ec8-4e53-a3f3-b03f46b1f694", "status": "error", "size": 1, "availability_zone": "nova", "created_at": "2026-03-01T04:19:07.000000", "updated_at": "2026-03-01T04:19:07.000000", "name": "tempest-VolumeQuotasAdminTestJSON-Volume-1478535679", "description": null, "volume_type": "3par1", "snapshot_id": null, "source_volid": null, "metadata": {}, "links": [{"rel": "self", "href": "http://10.201.5.130/volume/v3/volumes/3bc46789-3ec8-4e53-a3f3-b03f46b1f694"}, {"rel": "bookmark", "href": "http://10.201.5.130/volume/volumes/3bc46789-3ec8-4e53-a3f3-b03f46b1f694"}], "user_id": "e1c3214116ac497c8c8bb6cec383bbe0", "bootable": "false", "encrypted": false, "replication_status": null, "consistencygroup_id": null, "multiattach": false, "attachments": [], "os-vol-tenant-attr:tenant_id": "94361c213ebe4bcb93704a98f29de70f"}}'
2026-03-01 04:19:08,522 125145 INFO     [tempest.lib.common.rest_client] Request (VolumeQuotasAdminTestJSON:_run_cleanups): 200 GET http://10.201.5.130/volume/v3/volumes/3bc46789-3ec8-4e53-a3f3-b03f46b1f694 0.027s
2026-03-01 04:19:08,522 125145 DEBUG    [tempest.lib.common.rest_client] Request - Headers: {'Content-Type': 'application/json', 'Accept': 'application/json', 'X-Auth-Token': '<omitted>'}
        Body: None
    Response - Headers: {'date': 'Sun, 01 Mar 2026 04:19:08 GMT', 'server': 'Apache/2.4.58 (Ubuntu)', 'content-type': 'application/json', 'x-compute-request-id': 'req-e29c5bfb-4340-4f37-b260-2d8943202f2f', 'content-length': '844', 'openstack-api-version': 'volume 3.0', 'vary': 'OpenStack-API-Version', 'x-openstack-request-id': 'req-e29c5bfb-4340-4f37-b260-2d8943202f2f', 'connection': 'close', 'status': '200', 'content-location': 'http://10.201.5.130/volume/v3/volumes/3bc46789-3ec8-4e53-a3f3-b03f46b1f694'}
        Body: b'{"volume": {"id": "3bc46789-3ec8-4e53-a3f3-b03f46b1f694", "status": "error", "size": 1, "availability_zone": "nova", "created_at": "2026-03-01T04:19:07.000000", "updated_at": "2026-03-01T04:19:07.000000", "name": "tempest-VolumeQuotasAdminTestJSON-Volume-1478535679", "description": null, "volume_type": "3par1", "snapshot_id": null, "source_volid": null, "metadata": {}, "links": [{"rel": "self", "href": "http://10.201.5.130/volume/v3/volumes/3bc46789-3ec8-4e53-a3f3-b03f46b1f694"}, {"rel": "bookmark", "href": "http://10.201.5.130/volume/volumes/3bc46789-3ec8-4e53-a3f3-b03f46b1f694"}], "user_id": "e1c3214116ac497c8c8bb6cec383bbe0", "bootable": "false", "encrypted": false, "replication_status": null, "consistencygroup_id": null, "multiattach": false, "attachments": [], "os-vol-tenant-attr:tenant_id": "94361c213ebe4bcb93704a98f29de70f"}}'
2026-03-01 04:19:08,683 125145 INFO     [tempest.lib.common.rest_client] Request (VolumeQuotasAdminTestJSON:_run_cleanups): 202 DELETE http://10.201.5.130/volume/v3/volumes/3bc46789-3ec8-4e53-a3f3-b03f46b1f694 0.155s
2026-03-01 04:19:08,683 125145 DEBUG    [tempest.lib.common.rest_client] Request - Headers: {'Content-Type': 'application/json', 'Accept': 'application/json', 'X-Auth-Token': '<omitted>'}
        Body: None
    Response - Headers: {'date': 'Sun, 01 Mar 2026 04:19:08 GMT', 'server': 'Apache/2.4.58 (Ubuntu)', 'content-length': '0', 'content-type': 'text/html; charset=UTF-8', 'openstack-api-version': 'volume 3.0', 'vary': 'OpenStack-API-Version', 'x-openstack-request-id': 'req-73504dbc-9b2d-40be-8906-49ee22e9a8b1', 'connection': 'close', 'status': '202', 'content-location': 'http://10.201.5.130/volume/v3/volumes/3bc46789-3ec8-4e53-a3f3-b03f46b1f694'}
        Body: b''
2026-03-01 04:19:08,701 125145 INFO     [tempest.lib.common.rest_client] Request (VolumeQuotasAdminTestJSON:_run_cleanups): 404 GET http://10.201.5.130
    /volume/v3/volumes/3bc46789-3ec8-4e53-a3f3-b03f46b1f694 0.017s
2026-03-01 04:19:08,701 125145 DEBUG    [tempest.lib.common.rest_client] Request - Headers: {'Content-Type': 'application/json', 'Accept': 'application/json', 'X-Auth-Token': '<omitted>'}
        Body: None
    Response - Headers: {'date': 'Sun, 01 Mar 2026 04:19:08 GMT', 'server': 'Apache/2.4.58 (Ubuntu)', 'openstack-api-version': 'volume 3.0', 'vary': 'OpenStack-API-Version', 'content-length': '109', 'content-type': 'application/json', 'x-compute-request-id': 'req-20faff02-dc93-4a41-8173-d168c7213b33', 'x-openstack-request-id': 'req-20faff02-dc93-4a41-8173-d168c7213b33', 'connection': 'close', 'status': '404', 'content-location': 'http://10.201.5.130/volume/v3/volumes/3bc46789-3ec8-4e53-a3f3-b03f46b1f694'}
        Body: b'{"itemNotFound": {"code": 404, "message": "Volume 3bc46789-3ec8-4e53-a3f3-b03f46b1f694 could not be found."}}'


setUpClass (tempest.api.volume.admin.test_volume_quotas_negative.VolumeQuotasNegativeTestJSON)
----------------------------------------------------------------------------------------------

Captured traceback:
~~~~~~~~~~~~~~~~~~~
    Traceback (most recent call last):

      File "/opt/stack/tempest/tempest/test.py", line 185, in setUpClass
    raise value.with_traceback(trace)

      File "/opt/stack/tempest/tempest/test.py", line 178, in setUpClass
    cls.resource_setup()

      File "/opt/stack/tempest/tempest/api/volume/admin/test_volume_quotas_negative.py", line 51, in resource_setup
    cls.volume = cls.create_volume()
                 ^^^^^^^^^^^^^^^^^^^

      File "/opt/stack/tempest/tempest/api/volume/base.py", line 144, in create_volume
    waiters.wait_for_volume_resource_status(self.volumes_client,

      File "/opt/stack/tempest/tempest/common/waiters.py", line 379, in wait_for_volume_resource_status
    raise exceptions.VolumeResourceBuildErrorException(

    tempest.exceptions.VolumeResourceBuildErrorException: volume e578e389-fe9e-4fe7-9843-bd51750fc65c failed to build and is in ERROR status


tempest.api.volume.admin.test_volume_services.VolumesServicesTestJSON.test_get_service_by_volume_host_name[id-67ec6902-f91d-4dec-91fa-338523208bbc]
---------------------------------------------------------------------------------------------------------------------------------------------------

Captured traceback:
~~~~~~~~~~~~~~~~~~~
    Traceback (most recent call last):

      File "/opt/stack/tempest/tempest/api/volume/admin/test_volume_services.py", line 76, in test_get_service_by_volume_host_name
    volume_id = self.create_volume()['id']
                ^^^^^^^^^^^^^^^^^^^^

      File "/opt/stack/tempest/tempest/api/volume/base.py", line 144, in create_volume
    waiters.wait_for_volume_resource_status(self.volumes_client,

      File "/opt/stack/tempest/tempest/common/waiters.py", line 379, in wait_for_volume_resource_status
    raise exceptions.VolumeResourceBuildErrorException(

    tempest.exceptions.VolumeResourceBuildErrorException: volume 123d21aa-ed53-4a67-bf96-aea303b27443 failed to build and is in ERROR status


Captured pythonlogging:
~~~~~~~~~~~~~~~~~~~~~~~
    2026-03-01 04:19:32,334 125145 INFO     [tempest.lib.common.rest_client] Request (VolumesServicesTestJSON:test_get_service_by_volume_host_name): 202 POST http://10.201.5.130/volume/v3/volumes 0.317s
2026-03-01 04:19:32,334 125145 DEBUG    [tempest.lib.common.rest_client] Request - Headers: {'Content-Type': 'application/json', 'Accept': 'application/json', 'X-Auth-Token': '<omitted>'}
        Body: {"volume": {"size": 1, "name": "tempest-VolumesServicesTestJSON-Volume-687831907"}}
    Response - Headers: {'date': 'Sun, 01 Mar 2026 04:19:32 GMT', 'server': 'Apache/2.4.58 (Ubuntu)', 'content-type': 'application/json', 'x-compute-request-id': 'req-f9891c3e-fad2-44fa-abda-66194197291c', 'content-length': '752', 'openstack-api-version': 'volume 3.0', 'vary': 'OpenStack-API-Version', 'x-openstack-request-id': 'req-f9891c3e-fad2-44fa-abda-66194197291c', 'connection': 'close', 'status': '202', 'content-location': 'http://10.201.5.130/volume/v3/volumes'}
        Body: b'{"volume": {"id": "123d21aa-ed53-4a67-bf96-aea303b27443", "status": "creating", "size": 1, "availability_zone": "nova", "created_at": "2026-03-01T04:19:32.223986", "updated_at": null, "name": "tempest-VolumesServicesTestJSON-Volume-687831907", "description": null, "volume_type": "3par1", "snapshot_id": null, "source_volid": null, "metadata": {}, "links": [{"rel": "self", "href": "http://10.201.5.130/volume/v3/volumes/123d21aa-ed53-4a67-bf96-aea303b27443"}, {"rel": "bookmark", "href": "http://10.201.5.130/volume/volumes/123d21aa-ed53-4a67-bf96-aea303b27443"}], "user_id": "b2ee99bf595b416eaa12eda1a253540f", "bootable": "false", "encrypted": false, "replication_status": null, "consistencygroup_id": null, "multiattach": false, "attachments": []}}'
2026-03-01 04:19:32,362 125145 INFO     [tempest.lib.common.rest_client] Request (VolumesServicesTestJSON:test_get_service_by_volume_host_name): 200 GET http://10.201.5.130/volume/v3/volumes/123d21aa-ed53-4a67-bf96-aea303b27443 0.020s
2026-03-01 04:19:32,362 125145 DEBUG    [tempest.lib.common.rest_client] Request - Headers: {'Content-Type': 'application/json', 'Accept': 'application/json', 'X-Auth-Token': '<omitted>'}
        Body: None
    Response - Headers: {'date': 'Sun, 01 Mar 2026 04:19:32 GMT', 'server': 'Apache/2.4.58 (Ubuntu)', 'content-type': 'application/json', 'x-compute-request-id': 'req-7403fffe-9018-498f-bea3-351f2d85ade1', 'content-length': '820', 'openstack-api-version': 'volume 3.0', 'vary': 'OpenStack-API-Version', 'x-openstack-request-id': 'req-7403fffe-9018-498f-bea3-351f2d85ade1', 'connection': 'close', 'status': '200', 'content-location': 'http://10.201.5.130/volume/v3/volumes/123d21aa-ed53-4a67-bf96-aea303b27443'}
        Body: b'{"volume": {"id": "123d21aa-ed53-4a67-bf96-aea303b27443", "status": "creating", "size": 1, "availability_zone": "nova", "created_at": "2026-03-01T04:19:32.000000", "updated_at": null, "name": "tempest-VolumesServicesTestJSON-Volume-687831907", "description": null, "volume_type": "3par1", "snapshot_id": null, "source_volid": null, "metadata": {}, "links": [{"rel": "self", "href": "http://10.201.5.130/volume/v3/volumes/123d21aa-ed53-4a67-bf96-aea303b27443"}, {"rel": "bookmark", "href": "http://10.201.5.130/volume/volumes/123d21aa-ed53-4a67-bf96-aea303b27443"}], "user_id": "b2ee99bf595b416eaa12eda1a253540f", "bootable": "false", "encrypted": false, "replication_status": null, "consistencygroup_id": null, "multiattach": false, "attachments": [], "os-vol-tenant-attr:tenant_id": "f9226a5e815a4e2a8ce8319a226b509c"}}'
2026-03-01 04:19:33,402 125145 INFO     [tempest.lib.common.rest_client] Request (VolumesServicesTestJSON:test_get_service_by_volume_host_name): 200 GET http://10.201.5.130/volume/v3/volumes/123d21aa-ed53-4a67-bf96-aea303b27443 0.033s
2026-03-01 04:19:33,402 125145 DEBUG    [tempest.lib.common.rest_client] Request - Headers: {'Content-Type': 'application/json', 'Accept': 'application/json', 'X-Auth-Token': '<omitted>'}
        Body: None
    Response - Headers: {'date': 'Sun, 01 Mar 2026 04:19:33 GMT', 'server': 'Apache/2.4.58 (Ubuntu)', 'content-type': 'application/jso
    n', 'x-compute-request-id': 'req-f01e07a5-e148-4c2e-a19e-5292c4152177', 'content-length': '841', 'openstack-api-version': 'volume 3.0', 'vary': 'OpenStack-API-Version', 'x-openstack-request-id': 'req-f01e07a5-e148-4c2e-a19e-5292c4152177', 'connection': 'close', 'status': '200', 'content-location': 'http://10.201.5.130/volume/v3/volumes/123d21aa-ed53-4a67-bf96-aea303b27443'}
        Body: b'{"volume": {"id": "123d21aa-ed53-4a67-bf96-aea303b27443", "status": "error", "size": 1, "availability_zone": "nova", "created_at": "2026-03-01T04:19:32.000000", "updated_at": "2026-03-01T04:19:32.000000", "name": "tempest-VolumesServicesTestJSON-Volume-687831907", "description": null, "volume_type": "3par1", "snapshot_id": null, "source_volid": null, "metadata": {}, "links": [{"rel": "self", "href": "http://10.201.5.130/volume/v3/volumes/123d21aa-ed53-4a67-bf96-aea303b27443"}, {"rel": "bookmark", "href": "http://10.201.5.130/volume/volumes/123d21aa-ed53-4a67-bf96-aea303b27443"}], "user_id": "b2ee99bf595b416eaa12eda1a253540f", "bootable": "false", "encrypted": false, "replication_status": null, "consistencygroup_id": null, "multiattach": false, "attachments": [], "os-vol-tenant-attr:tenant_id": "f9226a5e815a4e2a8ce8319a226b509c"}}'
2026-03-01 04:19:33,447 125145 INFO     [tempest.lib.common.rest_client] Request (VolumesServicesTestJSON:_run_cleanups): 200 GET http://10.201.5.130/volume/v3/volumes/123d21aa-ed53-4a67-bf96-aea303b27443 0.030s
2026-03-01 04:19:33,448 125145 DEBUG    [tempest.lib.common.rest_client] Request - Headers: {'Content-Type': 'application/json', 'Accept': 'application/json', 'X-Auth-Token': '<omitted>'}
        Body: None
    Response - Headers: {'date': 'Sun, 01 Mar 2026 04:19:33 GMT', 'server': 'Apache/2.4.58 (Ubuntu)', 'content-type': 'application/json', 'x-compute-request-id': 'req-4f1edc0f-33ca-41c3-bc83-914a079a617f', 'content-length': '841', 'openstack-api-version': 'volume 3.0', 'vary': 'OpenStack-API-Version', 'x-openstack-request-id': 'req-4f1edc0f-33ca-41c3-bc83-914a079a617f', 'connection': 'close', 'status': '200', 'content-location': 'http://10.201.5.130/volume/v3/volumes/123d21aa-ed53-4a67-bf96-aea303b27443'}
        Body: b'{"volume": {"id": "123d21aa-ed53-4a67-bf96-aea303b27443", "status": "error", "size": 1, "availability_zone": "nova", "created_at": "2026-03-01T04:19:32.000000", "updated_at": "2026-03-01T04:19:32.000000", "name": "tempest-VolumesServicesTestJSON-Volume-687831907", "description": null, "volume_type": "3par1", "snapshot_id": null, "source_volid": null, "metadata": {}, "links": [{"rel": "self", "href": "http://10.201.5.130/volume/v3/volumes/123d21aa-ed53-4a67-bf96-aea303b27443"}, {"rel": "bookmark", "href": "http://10.201.5.130/volume/volumes/123d21aa-ed53-4a67-bf96-aea303b27443"}], "user_id": "b2ee99bf595b416eaa12eda1a253540f", "bootable": "false", "encrypted": false, "replication_status": null, "consistencygroup_id": null, "multiattach": false, "attachments": [], "os-vol-tenant-attr:tenant_id": "f9226a5e815a4e2a8ce8319a226b509c"}}'
2026-03-01 04:19:33,524 125145 INFO     [tempest.lib.common.rest_client] Request (VolumesServicesTestJSON:_run_cleanups): 202 DELETE http://10.201.5.130/volume/v3/volumes/123d21aa-ed53-4a67-bf96-aea303b27443 0.066s
2026-03-01 04:19:33,525 125145 DEBUG    [tempest.lib.common.rest_client] Request - Headers: {'Content-Type': 'application/json', 'Accept': 'application/json', 'X-Auth-Token': '<omitted>'}
        Body: None
    Response - Headers: {'date': 'Sun, 01 Mar 2026 04:19:33 GMT', 'server': 'Apache/2.4.58 (Ubuntu)', 'content-length': '0', 'content-type': 'text/html; charset=UTF-8', 'openstack-api-version': 'volume 3.0', 'vary': 'OpenStack-API-Version', 'x-openstack-request-id': 'req-2d072b73-9b5b-417b-9aff-6dde8b070467', 'connection': 'close', 'status': '202', 'content-location': 'http://10.201.5.130/volume/v3/volumes/123d21aa-ed53-4a67-bf96-aea303b27443'}
        Body: b''
2026-03-01 04:19:33,534 125145 INFO     [tempest.lib.common.rest_client] Request (VolumesServicesTestJSON:_run_cleanups): 404 GET http://10.201.5.130/volume/v3/volumes/123d21aa-ed53-
    4a67-bf96-aea303b27443 0.009s
2026-03-01 04:19:33,534 125145 DEBUG    [tempest.lib.common.rest_client] Request - Headers: {'Content-Type': 'application/json', 'Accept': 'application/json', 'X-Auth-Token': '<omitted>'}
        Body: None
    Response - Headers: {'date': 'Sun, 01 Mar 2026 04:19:33 GMT', 'server': 'Apache/2.4.58 (Ubuntu)', 'openstack-api-version': 'volume 3.0', 'vary': 'OpenStack-API-Version', 'content-length': '109', 'content-type': 'application/json', 'x-compute-request-id': 'req-c49cee32-43aa-4211-8c6f-4be2f2da14e8', 'x-openstack-request-id': 'req-c49cee32-43aa-4211-8c6f-4be2f2da14e8', 'connection': 'close', 'status': '404', 'content-location': 'http://10.201.5.130/volume/v3/volumes/123d21aa-ed53-4a67-bf96-aea303b27443'}
        Body: b'{"itemNotFound": {"code": 404, "message": "Volume 123d21aa-ed53-4a67-bf96-aea303b27443 could not be found."}}'


setUpClass (tempest.api.volume.admin.test_volume_snapshot_quotas_negative.VolumeSnapshotQuotasNegativeTestJSON)
---------------------------------------------------------------------------------------------------------------

Captured traceback:
~~~~~~~~~~~~~~~~~~~
    Traceback (most recent call last):

      File "/opt/stack/tempest/tempest/test.py", line 185, in setUpClass
    raise value.with_traceback(trace)

      File "/opt/stack/tempest/tempest/test.py", line 178, in setUpClass
    cls.resource_setup()

      File "/opt/stack/tempest/tempest/api/volume/admin/test_volume_snapshot_quotas_negative.py", line 65, in resource_setup
    cls.volume = cls.create_volume()
                 ^^^^^^^^^^^^^^^^^^^

      File "/opt/stack/tempest/tempest/api/volume/base.py", line 144, in create_volume
    waiters.wait_for_volume_resource_status(self.volumes_client,

      File "/opt/stack/tempest/tempest/common/waiters.py", line 379, in wait_for_volume_resource_status
    raise exceptions.VolumeResourceBuildErrorException(

    tempest.exceptions.VolumeResourceBuildErrorException: volume a47895e7-7a10-4a7a-a161-121830280589 failed to build and is in ERROR status


setUpClass (tempest.api.volume.admin.test_volumes_list.VolumesListAdminTestJSON)
--------------------------------------------------------------------------------

Captured traceback:
~~~~~~~~~~~~~~~~~~~
    Traceback (most recent call last):

      File "/opt/stack/tempest/tempest/test.py", line 185, in setUpClass
    raise value.with_traceback(trace)

      File "/opt/stack/tempest/tempest/test.py", line 178, in setUpClass
    cls.resource_setup()

      File "/opt/stack/tempest/tempest/api/volume/admin/test_volumes_list.py", line 37, in resource_setup
    volume = cls.create_volume()
             ^^^^^^^^^^^^^^^^^^^

      File "/opt/stack/tempest/tempest/api/volume/base.py", line 144, in create_volume
    waiters.wait_for_volume_resource_status(self.volumes_client,

      File "/opt/stack/tempest/tempest/common/waiters.py", line 379, in wait_for_volume_resource_status
    raise exceptions.VolumeResourceBuildErrorException(

    tempest.exceptions.VolumeResourceBuildErrorException: volume ea5d431e-930d-4638-a3af-95a656bc0031 failed to build and is in ERROR status


setUpClass (tempest.api.volume.test_snapshot_metadata.SnapshotMetadataTestJSON)
-------------------------------------------------------------------------------

Captured traceback:
~~~~~~~~~~~~~~~~~~~
    Traceback (most recent call last):

      File "/opt/stack/tempest/tempest/test.py", line 185, in setUpClass
    raise value.with_traceback(trace)

      File "/opt/stack/tempest/tempest/test.py", line 178, in setUpClass
    cls.resource_setup()

      File "/opt/stack/tempest/tempest/api/volume/test_snapshot_metadata.py", line 38, in resource_setup
    cls.volume = cls.create_volume()
                 ^^^^^^^^^^^^^^^^^^^

      File "/opt/stack/tempest/tempest/api/volume/base.py", line 144, in create_volume
    waiters.wait_for_volume_resource_status(self.volumes_client,

      File "/opt/stack/tempest/tempest/common/waiters.py", line 379, in wait_for_volume_resource_status
    raise exceptions.VolumeResourceBuildErrorException(

    tempest.exceptions.VolumeResourceBuildErrorException: volume 38bb1923-920e-432e-aeec-641c0841f0c3 failed to build and is in ERROR status


setUpClass (tempest.api.volume.test_volume_absolute_limits.AbsoluteLimitsTests)
-------------------------------------------------------------------------------

Captured traceback:
~~~~~~~~~~~~~~~~~~~
    Traceback (most recent call last):

      File "/opt/stack/tempest/tempest/test.py", line 185, in setUpClass
    raise value.with_traceback(trace)

      File "/opt/stack/tempest/tempest/test.py", line 178, in setUpClass
    cls.resource_setup()

      File "/opt/stack/tempest/tempest/api/volume/test_volume_absolute_limits.py", line 37, in resource_setup
    cls.volume = cls.create_volume()
                 ^^^^^^^^^^^^^^^^^^^

      File "/opt/stack/tempest/tempest/api/volume/base.py", line 144, in create_volume
    waiters.wait_for_volume_resource_status(self.volumes_client,

      File "/opt/stack/tempest/tempest/common/waiters.py", line 379, in wait_for_volume_resource_status
    raise exceptions.VolumeResourceBuildErrorException(

    tempest.exceptions.VolumeResourceBuildErrorException: volume f4c95926-5049-4c77-b2a6-9c198299922e failed to build and is in ERROR status


tempest.api.volume.test_volume_delete_cascade.VolumesDeleteCascade.test_volume_delete_cascade[id-994e2d40-de37-46e8-b328-a58fba7e4a95]
--------------------------------------------------------------------------------------------------------------------------------------

Captured traceback:
~~~~~~~~~~~~~~~~~~~
    Traceback (most recent call last):

      File "/opt/stack/tempest/tempest/api/volume/test_volume_delete_cascade.py", line 68, in test_volume_delete_cascade
    volume = self.create_volume()
             ^^^^^^^^^^^^^^^^^^^^

      File "/opt/stack/tempest/tempest/api/volume/base.py", line 144, in create_volume
    waiters.wait_for_volume_resource_status(self.volumes_client,

      File "/opt/stack/tempest/tempest/common/waiters.py", line 379, in wait_for_volume_resource_status
    raise exceptions.VolumeResourceBuildErrorException(

    tempest.exceptions.VolumeResourceBuildErrorException: volume 5d04a6ad-347d-4b20-80da-01f80ba49850 failed to build and is in ERROR status


Captured pythonlogging:
~~~~~~~~~~~~~~~~~~~~~~~
    2026-03-01 04:20:20,777 125145 INFO     [tempest.lib.common.rest_client] Request (VolumesDeleteCascade:test_volume_delete_cascade): 202 POST http://10.201.5.130/volume/v3/volumes 0.337s
2026-03-01 04:20:20,778 125145 DEBUG    [tempest.lib.common.rest_client] Request - Headers: {'Content-Type': 'application/json', 'Accept': 'application/json', 'X-Auth-Token': '<omitted>'}
        Body: {"volume": {"size": 1, "name": "tempest-VolumesDeleteCascade-Volume-1470025826"}}
    Response - Headers: {'date': 'Sun, 01 Mar 2026 04:20:20 GMT', 'server': 'Apache/2.4.58 (Ubuntu)', 'content-type': 'application/json', 'x-compute-request-id': 'req-cae49f0c-8f60-44b5-a181-cbff09da85f4', 'content-length': '750', 'openstack-api-version': 'volume 3.0', 'vary': 'OpenStack-API-Version', 'x-openstack-request-id': 'req-cae49f0c-8f60-44b5-a181-cbff09da85f4', 'connection': 'close', 'status': '202', 'content-location': 'http://10.201.5.130/volume/v3/volumes'}
        Body: b'{"volume": {"id": "5d04a6ad-347d-4b20-80da-01f80ba49850", "status": "creating", "size": 1, "availability_zone": "nova", "created_at": "2026-03-01T04:20:20.658920", "updated_at": null, "name": "tempest-VolumesDeleteCascade-Volume-1470025826", "description": null, "volume_type": "3par1", "snapshot_id": null, "source_volid": null, "metadata": {}, "links": [{"rel": "self", "href": "http://10.201.5.130/volume/v3/volumes/5d04a6ad-347d-4b20-80da-01f80ba49850"}, {"rel": "bookmark", "href": "http://10.201.5.130/volume/volumes/5d04a6ad-347d-4b20-80da-01f80ba49850"}], "user_id": "f328b12002684037b440a21fd7c9f548", "bootable": "false", "encrypted": false, "replication_status": null, "consistencygroup_id": null, "multiattach": false, "attachments": []}}'
2026-03-01 04:20:20,810 125145 INFO     [tempest.lib.common.rest_client] Request (VolumesDeleteCascade:test_volume_delete_cascade): 200 GET http://10.201.5.130/volume/v3/volumes/5d04a6ad-347d-4b20-80da-01f80ba49850 0.028s
2026-03-01 04:20:20,810 125145 DEBUG    [tempest.lib.common.rest_client] Request - Headers: {'Content-Type': 'application/json', 'Accept': 'application/json', 'X-Auth-Token': '<omitted>'}
        Body: None
    Response - Headers: {'date': 'Sun, 01 Mar 2026 04:20:20 GMT', 'server': 'Apache/2.4.58 (Ubuntu)', 'content-type': 'application/json', 'x-compute-request-id': 'req-ebba4d2e-4e5b-4316-86a5-3ca67691e59f', 'content-length': '818', 'openstack-api-version': 'volume 3.0', 'vary': 'OpenStack-API-Version', 'x-openstack-request-id': 'req-ebba4d2e-4e5b-4316-86a5-3ca67691e59f', 'connection': 'close', 'status': '200', 'content-location': 'http://10.201.5.130/volume/v3/volumes/5d04a6ad-347d-4b20-80da-01f80ba49850'}
        Body: b'{"volume": {"id": "5d04a6ad-347d-4b20-80da-01f80ba49850", "status": "creating", "size": 1, "availability_zone": "nova", "created_at": "2026-03-01T04:20:21.000000", "updated_at": null, "name": "tempest-VolumesDeleteCascade-Volume-1470025826", "description": null, "volume_type": "3par1", "snapshot_id": null, "source_volid": null, "metadata": {}, "links": [{"rel": "self", "href": "http://10.201.5.130/volume/v3/volumes/5d04a6ad-347d-4b20-80da-01f80ba49850"}, {"rel": "bookmark", "href": "http://10.201.5.130/volume/volumes/5d04a6ad-347d-4b20-80da-01f80ba49850"}], "user_id": "f328b12002684037b440a21fd7c9f548", "bootable": "false", "encrypted": false, "replication_status": null, "consistencygroup_id": null, "multiattach": false, "attachments": [], "os-vol-tenant-attr:tenant_id": "2bd1221fd25e450884a485f22a00228d"}}'
2026-03-01 04:20:21,851 125145 INFO     [tempest.lib.common.rest_client] Request (VolumesDeleteCascade:test_volume_delete_cascade): 200 GET http://10.201.5.130/volume/v3/volumes/5d04a6ad-347d-4b20-80da-01f80ba49850 0.031s
2026-03-01 04:20:21,852 125145 DEBUG    [tempest.lib.common.rest_client] Request - Headers: {'Content-Type': 'application/json', 'Accept': 'application/json', 'X-Auth-Token': '<omitted>'}
        Body: None
    Response - Headers: {'date': 'Sun, 01 Mar 2026 04:20:21 GMT', 'server': 'Apache/2.4.58 (Ubuntu)', 'content-type': 'application/json', 'x-compute-request-id': 'req-2e4046a5-465
    1-46b3-97d8-5492b6ec6ab8', 'content-length': '839', 'openstack-api-version': 'volume 3.0', 'vary': 'OpenStack-API-Version', 'x-openstack-request-id': 'req-2e4046a5-4651-46b3-97d8-5492b6ec6ab8', 'connection': 'close', 'status': '200', 'content-location': 'http://10.201.5.130/volume/v3/volumes/5d04a6ad-347d-4b20-80da-01f80ba49850'}
        Body: b'{"volume": {"id": "5d04a6ad-347d-4b20-80da-01f80ba49850", "status": "error", "size": 1, "availability_zone": "nova", "created_at": "2026-03-01T04:20:21.000000", "updated_at": "2026-03-01T04:20:21.000000", "name": "tempest-VolumesDeleteCascade-Volume-1470025826", "description": null, "volume_type": "3par1", "snapshot_id": null, "source_volid": null, "metadata": {}, "links": [{"rel": "self", "href": "http://10.201.5.130/volume/v3/volumes/5d04a6ad-347d-4b20-80da-01f80ba49850"}, {"rel": "bookmark", "href": "http://10.201.5.130/volume/volumes/5d04a6ad-347d-4b20-80da-01f80ba49850"}], "user_id": "f328b12002684037b440a21fd7c9f548", "bootable": "false", "encrypted": false, "replication_status": null, "consistencygroup_id": null, "multiattach": false, "attachments": [], "os-vol-tenant-attr:tenant_id": "2bd1221fd25e450884a485f22a00228d"}}'
2026-03-01 04:20:21,887 125145 INFO     [tempest.lib.common.rest_client] Request (VolumesDeleteCascade:_run_cleanups): 200 GET http://10.201.5.130/volume/v3/volumes/5d04a6ad-347d-4b20-80da-01f80ba49850 0.022s
2026-03-01 04:20:21,887 125145 DEBUG    [tempest.lib.common.rest_client] Request - Headers: {'Content-Type': 'application/json', 'Accept': 'application/json', 'X-Auth-Token': '<omitted>'}
        Body: None
    Response - Headers: {'date': 'Sun, 01 Mar 2026 04:20:21 GMT', 'server': 'Apache/2.4.58 (Ubuntu)', 'content-type': 'application/json', 'x-compute-request-id': 'req-06b165de-dde4-4269-b47a-c1997bb97e0c', 'content-length': '839', 'openstack-api-version': 'volume 3.0', 'vary': 'OpenStack-API-Version', 'x-openstack-request-id': 'req-06b165de-dde4-4269-b47a-c1997bb97e0c', 'connection': 'close', 'status': '200', 'content-location': 'http://10.201.5.130/volume/v3/volumes/5d04a6ad-347d-4b20-80da-01f80ba49850'}
        Body: b'{"volume": {"id": "5d04a6ad-347d-4b20-80da-01f80ba49850", "status": "error", "size": 1, "availability_zone": "nova", "created_at": "2026-03-01T04:20:21.000000", "updated_at": "2026-03-01T04:20:21.000000", "name": "tempest-VolumesDeleteCascade-Volume-1470025826", "description": null, "volume_type": "3par1", "snapshot_id": null, "source_volid": null, "metadata": {}, "links": [{"rel": "self", "href": "http://10.201.5.130/volume/v3/volumes/5d04a6ad-347d-4b20-80da-01f80ba49850"}, {"rel": "bookmark", "href": "http://10.201.5.130/volume/volumes/5d04a6ad-347d-4b20-80da-01f80ba49850"}], "user_id": "f328b12002684037b440a21fd7c9f548", "bootable": "false", "encrypted": false, "replication_status": null, "consistencygroup_id": null, "multiattach": false, "attachments": [], "os-vol-tenant-attr:tenant_id": "2bd1221fd25e450884a485f22a00228d"}}'
2026-03-01 04:20:21,959 125145 INFO     [tempest.lib.common.rest_client] Request (VolumesDeleteCascade:_run_cleanups): 202 DELETE http://10.201.5.130/volume/v3/volumes/5d04a6ad-347d-4b20-80da-01f80ba49850 0.068s
2026-03-01 04:20:21,959 125145 DEBUG    [tempest.lib.common.rest_client] Request - Headers: {'Content-Type': 'application/json', 'Accept': 'application/json', 'X-Auth-Token': '<omitted>'}
        Body: None
    Response - Headers: {'date': 'Sun, 01 Mar 2026 04:20:21 GMT', 'server': 'Apache/2.4.58 (Ubuntu)', 'content-length': '0', 'content-type': 'text/html; charset=UTF-8', 'openstack-api-version': 'volume 3.0', 'vary': 'OpenStack-API-Version', 'x-openstack-request-id': 'req-0ea282bf-9f12-4850-97f5-939c92dc8fc6', 'connection': 'close', 'status': '202', 'content-location': 'http://10.201.5.130/volume/v3/volumes/5d04a6ad-347d-4b20-80da-01f80ba49850'}
        Body: b''
2026-03-01 04:20:21,973 125145 INFO     [tempest.lib.common.rest_client] Request (VolumesDeleteCascade:_run_cleanups): 404 GET http://10.201.5.130/volume/v3/volumes/5d04a6ad-347d-4b20-80da-01f80ba49850 0.014s
2026-03-01 04:20:21,974 1251
    45 DEBUG    [tempest.lib.common.rest_client] Request - Headers: {'Content-Type': 'application/json', 'Accept': 'application/json', 'X-Auth-Token': '<omitted>'}
        Body: None
    Response - Headers: {'date': 'Sun, 01 Mar 2026 04:20:21 GMT', 'server': 'Apache/2.4.58 (Ubuntu)', 'openstack-api-version': 'volume 3.0', 'vary': 'OpenStack-API-Version', 'content-length': '109', 'content-type': 'application/json', 'x-compute-request-id': 'req-6091c27a-b934-40a2-be82-fbd045f33aa9', 'x-openstack-request-id': 'req-6091c27a-b934-40a2-be82-fbd045f33aa9', 'connection': 'close', 'status': '404', 'content-location': 'http://10.201.5.130/volume/v3/volumes/5d04a6ad-347d-4b20-80da-01f80ba49850'}
        Body: b'{"itemNotFound": {"code": 404, "message": "Volume 5d04a6ad-347d-4b20-80da-01f80ba49850 could not be found."}}'


tempest.api.volume.test_volume_delete_cascade.VolumesDeleteCascade.test_volume_from_snapshot_cascade_delete[id-59a77ede-609b-4ee8-9f68-fc3c6ffe97b5]
----------------------------------------------------------------------------------------------------------------------------------------------------

Captured traceback:
~~~~~~~~~~~~~~~~~~~
    Traceback (most recent call last):

      File "/opt/stack/tempest/tempest/api/volume/test_volume_delete_cascade.py", line 93, in test_volume_from_snapshot_cascade_delete
    volume = self.create_volume()
             ^^^^^^^^^^^^^^^^^^^^

      File "/opt/stack/tempest/tempest/api/volume/base.py", line 144, in create_volume
    waiters.wait_for_volume_resource_status(self.volumes_client,

      File "/opt/stack/tempest/tempest/common/waiters.py", line 379, in wait_for_volume_resource_status
    raise exceptions.VolumeResourceBuildErrorException(

    tempest.exceptions.VolumeResourceBuildErrorException: volume abb55060-1d91-40da-9a31-f78527591257 failed to build and is in ERROR status


Captured pythonlogging:
~~~~~~~~~~~~~~~~~~~~~~~
    2026-03-01 04:20:22,153 125145 INFO     [tempest.lib.common.rest_client] Request (VolumesDeleteCascade:test_volume_from_snapshot_cascade_delete): 202 POST http://10.201.5.130/volume/v3/volumes 0.178s
2026-03-01 04:20:22,154 125145 DEBUG    [tempest.lib.common.rest_client] Request - Headers: {'Content-Type': 'application/json', 'Accept': 'application/json', 'X-Auth-Token': '<omitted>'}
        Body: {"volume": {"size": 1, "name": "tempest-VolumesDeleteCascade-Volume-1851571678"}}
    Response - Headers: {'date': 'Sun, 01 Mar 2026 04:20:21 GMT', 'server': 'Apache/2.4.58 (Ubuntu)', 'content-type': 'application/json', 'x-compute-request-id': 'req-0a76a1d4-d210-4ba9-aae2-4915cb181ad0', 'content-length': '750', 'openstack-api-version': 'volume 3.0', 'vary': 'OpenStack-API-Version', 'x-openstack-request-id': 'req-0a76a1d4-d210-4ba9-aae2-4915cb181ad0', 'connection': 'close', 'status': '202', 'content-location': 'http://10.201.5.130/volume/v3/volumes'}
        Body: b'{"volume": {"id": "abb55060-1d91-40da-9a31-f78527591257", "status": "creating", "size": 1, "availability_zone": "nova", "created_at": "2026-03-01T04:20:22.075433", "updated_at": null, "name": "tempest-VolumesDeleteCascade-Volume-1851571678", "description": null, "volume_type": "3par1", "snapshot_id": null, "source_volid": null, "metadata": {}, "links": [{"rel": "self", "href": "http://10.201.5.130/volume/v3/volumes/abb55060-1d91-40da-9a31-f78527591257"}, {"rel": "bookmark", "href": "http://10.201.5.130/volume/volumes/abb55060-1d91-40da-9a31-f78527591257"}], "user_id": "f328b12002684037b440a21fd7c9f548", "bootable": "false", "encrypted": false, "replication_status": null, "consistencygroup_id": null, "multiattach": false, "attachments": []}}'
2026-03-01 04:20:22,183 125145 INFO     [tempest.lib.common.rest_client] Request (VolumesDeleteCascade:test_volume_from_snapshot_cascade_delete): 200 GET http://10.201.5.130/volume/v3/volumes/abb55060-1d91-40da-9a31-f78527591257 0.020s
2026-03-01 04:20:22,183 125145 DEBUG    [tempest.lib.common.rest_client] Request - Headers: {'Content-Type': 'application/json', 'Accept': 'application/json', 'X-Auth-Token': '<omitted>'}
        Body: None
    Response - Headers: {'date': 'Sun, 01 Mar 2026 04:20:22 GMT', 'server': 'Apache/2.4.58 (Ubuntu)', 'content-type': 'application/json', 'x-compute-request-id': 'req-66dfd78d-c167-4220-a0ed-c3b70246e897', 'content-length': '818', 'openstack-api-version': 'volume 3.0', 'vary': 'OpenStack-API-Version', 'x-openstack-request-id': 'req-66dfd78d-c167-4220-a0ed-c3b70246e897', 'connection': 'close', 'status': '200', 'content-location': 'http://10.201.5.130/volume/v3/volumes/abb55060-1d91-40da-9a31-f78527591257'}
        Body: b'{"volume": {"id": "abb55060-1d91-40da-9a31-f78527591257", "status": "creating", "size": 1, "availability_zone": "nova", "created_at": "2026-03-01T04:20:22.000000", "updated_at": null, "name": "tempest-VolumesDeleteCascade-Volume-1851571678", "description": null, "volume_type": "3par1", "snapshot_id": null, "source_volid": null, "metadata": {}, "links": [{"rel": "self", "href": "http://10.201.5.130/volume/v3/volumes/abb55060-1d91-40da-9a31-f78527591257"}, {"rel": "bookmark", "href": "http://10.201.5.130/volume/volumes/abb55060-1d91-40da-9a31-f78527591257"}], "user_id": "f328b12002684037b440a21fd7c9f548", "bootable": "false", "encrypted": false, "replication_status": null, "consistencygroup_id": null, "multiattach": false, "attachments": [], "os-vol-tenant-attr:tenant_id": "2bd1221fd25e450884a485f22a00228d"}}'
2026-03-01 04:20:23,221 125145 INFO     [tempest.lib.common.rest_client] Request (VolumesDeleteCascade:test_volume_from_snapshot_cascade_delete): 200 GET http://10.201.5.130/volume/v3/volumes/abb55060-1d91-40da-9a31-f78527591257 0.033s
2026-03-01 04:20:23,222 125145 DEBUG    [tempest.lib.common.rest_client] Request - Headers: {'Content-Type': 'application/json', 'Accept': 'application/json', 'X-Auth-Token': '<omitted>'}
        Body: None
    Response - Headers: {'date': 'Sun, 01 Mar 2026 04:20:23 GMT', 'server': 'Apache/2.4.58 (Ubuntu)', 'content-type': 'application/json',
     'x-compute-request-id': 'req-e7e061d9-3fbd-4d3c-90e6-50146bfabdaf', 'content-length': '839', 'openstack-api-version': 'volume 3.0', 'vary': 'OpenStack-API-Version', 'x-openstack-request-id': 'req-e7e061d9-3fbd-4d3c-90e6-50146bfabdaf', 'connection': 'close', 'status': '200', 'content-location': 'http://10.201.5.130/volume/v3/volumes/abb55060-1d91-40da-9a31-f78527591257'}
        Body: b'{"volume": {"id": "abb55060-1d91-40da-9a31-f78527591257", "status": "error", "size": 1, "availability_zone": "nova", "created_at": "2026-03-01T04:20:22.000000", "updated_at": "2026-03-01T04:20:22.000000", "name": "tempest-VolumesDeleteCascade-Volume-1851571678", "description": null, "volume_type": "3par1", "snapshot_id": null, "source_volid": null, "metadata": {}, "links": [{"rel": "self", "href": "http://10.201.5.130/volume/v3/volumes/abb55060-1d91-40da-9a31-f78527591257"}, {"rel": "bookmark", "href": "http://10.201.5.130/volume/volumes/abb55060-1d91-40da-9a31-f78527591257"}], "user_id": "f328b12002684037b440a21fd7c9f548", "bootable": "false", "encrypted": false, "replication_status": null, "consistencygroup_id": null, "multiattach": false, "attachments": [], "os-vol-tenant-attr:tenant_id": "2bd1221fd25e450884a485f22a00228d"}}'
2026-03-01 04:20:23,253 125145 INFO     [tempest.lib.common.rest_client] Request (VolumesDeleteCascade:_run_cleanups): 200 GET http://10.201.5.130/volume/v3/volumes/abb55060-1d91-40da-9a31-f78527591257 0.023s
2026-03-01 04:20:23,253 125145 DEBUG    [tempest.lib.common.rest_client] Request - Headers: {'Content-Type': 'application/json', 'Accept': 'application/json', 'X-Auth-Token': '<omitted>'}
        Body: None
    Response - Headers: {'date': 'Sun, 01 Mar 2026 04:20:23 GMT', 'server': 'Apache/2.4.58 (Ubuntu)', 'content-type': 'application/json', 'x-compute-request-id': 'req-6d8950ab-962e-47fc-a2f5-3d3b41cd5697', 'content-length': '839', 'openstack-api-version': 'volume 3.0', 'vary': 'OpenStack-API-Version', 'x-openstack-request-id': 'req-6d8950ab-962e-47fc-a2f5-3d3b41cd5697', 'connection': 'close', 'status': '200', 'content-location': 'http://10.201.5.130/volume/v3/volumes/abb55060-1d91-40da-9a31-f78527591257'}
        Body: b'{"volume": {"id": "abb55060-1d91-40da-9a31-f78527591257", "status": "error", "size": 1, "availability_zone": "nova", "created_at": "2026-03-01T04:20:22.000000", "updated_at": "2026-03-01T04:20:22.000000", "name": "tempest-VolumesDeleteCascade-Volume-1851571678", "description": null, "volume_type": "3par1", "snapshot_id": null, "source_volid": null, "metadata": {}, "links": [{"rel": "self", "href": "http://10.201.5.130/volume/v3/volumes/abb55060-1d91-40da-9a31-f78527591257"}, {"rel": "bookmark", "href": "http://10.201.5.130/volume/volumes/abb55060-1d91-40da-9a31-f78527591257"}], "user_id": "f328b12002684037b440a21fd7c9f548", "bootable": "false", "encrypted": false, "replication_status": null, "consistencygroup_id": null, "multiattach": false, "attachments": [], "os-vol-tenant-attr:tenant_id": "2bd1221fd25e450884a485f22a00228d"}}'
2026-03-01 04:20:23,321 125145 INFO     [tempest.lib.common.rest_client] Request (VolumesDeleteCascade:_run_cleanups): 202 DELETE http://10.201.5.130/volume/v3/volumes/abb55060-1d91-40da-9a31-f78527591257 0.064s
2026-03-01 04:20:23,321 125145 DEBUG    [tempest.lib.common.rest_client] Request - Headers: {'Content-Type': 'application/json', 'Accept': 'application/json', 'X-Auth-Token': '<omitted>'}
        Body: None
    Response - Headers: {'date': 'Sun, 01 Mar 2026 04:20:23 GMT', 'server': 'Apache/2.4.58 (Ubuntu)', 'content-length': '0', 'content-type': 'text/html; charset=UTF-8', 'openstack-api-version': 'volume 3.0', 'vary': 'OpenStack-API-Version', 'x-openstack-request-id': 'req-086d8d30-d99d-4b0b-ba7d-3c2ca806275a', 'connection': 'close', 'status': '202', 'content-location': 'http://10.201.5.130/volume/v3/volumes/abb55060-1d91-40da-9a31-f78527591257'}
        Body: b''
2026-03-01 04:20:23,334 125145 INFO     [tempest.lib.common.rest_client] Request (VolumesDeleteCascade:_run_cleanups): 404 GET http://10.201.5.130/volume/v3/volumes/abb55060-1d91-40da-9a31-f78527
    591257 0.012s
2026-03-01 04:20:23,334 125145 DEBUG    [tempest.lib.common.rest_client] Request - Headers: {'Content-Type': 'application/json', 'Accept': 'application/json', 'X-Auth-Token': '<omitted>'}
        Body: None
    Response - Headers: {'date': 'Sun, 01 Mar 2026 04:20:23 GMT', 'server': 'Apache/2.4.58 (Ubuntu)', 'openstack-api-version': 'volume 3.0', 'vary': 'OpenStack-API-Version', 'content-length': '109', 'content-type': 'application/json', 'x-compute-request-id': 'req-1ee7a6e2-e3c4-4b94-a52b-820570fbdd9e', 'x-openstack-request-id': 'req-1ee7a6e2-e3c4-4b94-a52b-820570fbdd9e', 'connection': 'close', 'status': '404', 'content-location': 'http://10.201.5.130/volume/v3/volumes/abb55060-1d91-40da-9a31-f78527591257'}
        Body: b'{"itemNotFound": {"code": 404, "message": "Volume abb55060-1d91-40da-9a31-f78527591257 could not be found."}}'


setUpClass (tempest.api.volume.test_volume_metadata.VolumesMetadataTest)
------------------------------------------------------------------------

Captured traceback:
~~~~~~~~~~~~~~~~~~~
    Traceback (most recent call last):

      File "/opt/stack/tempest/tempest/test.py", line 185, in setUpClass
    raise value.with_traceback(trace)

      File "/opt/stack/tempest/tempest/test.py", line 178, in setUpClass
    cls.resource_setup()

      File "/opt/stack/tempest/tempest/api/volume/test_volume_metadata.py", line 29, in resource_setup
    cls.volume = cls.create_volume()
                 ^^^^^^^^^^^^^^^^^^^

      File "/opt/stack/tempest/tempest/api/volume/base.py", line 144, in create_volume
    waiters.wait_for_volume_resource_status(self.volumes_client,

      File "/opt/stack/tempest/tempest/common/waiters.py", line 379, in wait_for_volume_resource_status
    raise exceptions.VolumeResourceBuildErrorException(

    tempest.exceptions.VolumeResourceBuildErrorException: volume 2466d450-bf7c-4988-8aab-bdce5d420866 failed to build and is in ERROR status


tempest.api.volume.test_volume_transfers.VolumesTransfersTest.test_create_get_list_accept_volume_transfer[id-4d75b645-a478-48b1-97c8-503f64242f1a]
--------------------------------------------------------------------------------------------------------------------------------------------------

Captured traceback:
~~~~~~~~~~~~~~~~~~~
    Traceback (most recent call last):

      File "/opt/stack/tempest/tempest/api/volume/test_volume_transfers.py", line 40, in test_create_get_list_accept_volume_transfer
    volume = self.create_volume()
             ^^^^^^^^^^^^^^^^^^^^

      File "/opt/stack/tempest/tempest/api/volume/base.py", line 144, in create_volume
    waiters.wait_for_volume_resource_status(self.volumes_client,

      File "/opt/stack/tempest/tempest/common/waiters.py", line 379, in wait_for_volume_resource_status
    raise exceptions.VolumeResourceBuildErrorException(

    tempest.exceptions.VolumeResourceBuildErrorException: volume a6fd9260-fc2f-4440-8d0d-53c6a8ab62f3 failed to build and is in ERROR status


Captured pythonlogging:
~~~~~~~~~~~~~~~~~~~~~~~
    2026-03-01 04:20:28,334 125145 INFO     [tempest.lib.common.rest_client] Request (VolumesTransfersTest:test_create_get_list_accept_volume_transfer): 202 POST http://10.201.5.130/volume/v3/volumes 0.300s
2026-03-01 04:20:28,334 125145 DEBUG    [tempest.lib.common.rest_client] Request - Headers: {'Content-Type': 'application/json', 'Accept': 'application/json', 'X-Auth-Token': '<omitted>'}
        Body: {"volume": {"size": 1, "name": "tempest-VolumesTransfersTest-Volume-495457461"}}
    Response - Headers: {'date': 'Sun, 01 Mar 2026 04:20:28 GMT', 'server': 'Apache/2.4.58 (Ubuntu)', 'content-type': 'application/json', 'x-compute-request-id': 'req-565ef1cb-fa6d-4a2f-8a05-55c4868c8651', 'content-length': '749', 'openstack-api-version': 'volume 3.0', 'vary': 'OpenStack-API-Version', 'x-openstack-request-id': 'req-565ef1cb-fa6d-4a2f-8a05-55c4868c8651', 'connection': 'close', 'status': '202', 'content-location': 'http://10.201.5.130/volume/v3/volumes'}
        Body: b'{"volume": {"id": "a6fd9260-fc2f-4440-8d0d-53c6a8ab62f3", "status": "creating", "size": 1, "availability_zone": "nova", "created_at": "2026-03-01T04:20:28.239259", "updated_at": null, "name": "tempest-VolumesTransfersTest-Volume-495457461", "description": null, "volume_type": "3par1", "snapshot_id": null, "source_volid": null, "metadata": {}, "links": [{"rel": "self", "href": "http://10.201.5.130/volume/v3/volumes/a6fd9260-fc2f-4440-8d0d-53c6a8ab62f3"}, {"rel": "bookmark", "href": "http://10.201.5.130/volume/volumes/a6fd9260-fc2f-4440-8d0d-53c6a8ab62f3"}], "user_id": "00eeb28c61684a5480309d220a8970ec", "bootable": "false", "encrypted": false, "replication_status": null, "consistencygroup_id": null, "multiattach": false, "attachments": []}}'
2026-03-01 04:20:28,362 125145 INFO     [tempest.lib.common.rest_client] Request (VolumesTransfersTest:test_create_get_list_accept_volume_transfer): 200 GET http://10.201.5.130/volume/v3/volumes/a6fd9260-fc2f-4440-8d0d-53c6a8ab62f3 0.019s
2026-03-01 04:20:28,362 125145 DEBUG    [tempest.lib.common.rest_client] Request - Headers: {'Content-Type': 'application/json', 'Accept': 'application/json', 'X-Auth-Token': '<omitted>'}
        Body: None
    Response - Headers: {'date': 'Sun, 01 Mar 2026 04:20:28 GMT', 'server': 'Apache/2.4.58 (Ubuntu)', 'content-type': 'application/json', 'x-compute-request-id': 'req-303e6b34-160b-44de-ba87-07b0e50c62c1', 'content-length': '817', 'openstack-api-version': 'volume 3.0', 'vary': 'OpenStack-API-Version', 'x-openstack-request-id': 'req-303e6b34-160b-44de-ba87-07b0e50c62c1', 'connection': 'close', 'status': '200', 'content-location': 'http://10.201.5.130/volume/v3/volumes/a6fd9260-fc2f-4440-8d0d-53c6a8ab62f3'}
        Body: b'{"volume": {"id": "a6fd9260-fc2f-4440-8d0d-53c6a8ab62f3", "status": "creating", "size": 1, "availability_zone": "nova", "created_at": "2026-03-01T04:20:28.000000", "updated_at": null, "name": "tempest-VolumesTransfersTest-Volume-495457461", "description": null, "volume_type": "3par1", "snapshot_id": null, "source_volid": null, "metadata": {}, "links": [{"rel": "self", "href": "http://10.201.5.130/volume/v3/volumes/a6fd9260-fc2f-4440-8d0d-53c6a8ab62f3"}, {"rel": "bookmark", "href": "http://10.201.5.130/volume/volumes/a6fd9260-fc2f-4440-8d0d-53c6a8ab62f3"}], "user_id": "00eeb28c61684a5480309d220a8970ec", "bootable": "false", "encrypted": false, "replication_status": null, "consistencygroup_id": null, "multiattach": false, "attachments": [], "os-vol-tenant-attr:tenant_id": "5bac90460ae54b8fa9b31b8ec2eeaa76"}}'
2026-03-01 04:20:29,405 125145 INFO     [tempest.lib.common.rest_client] Request (VolumesTransfersTest:test_create_get_list_accept_volume_transfer): 200 GET http://10.201.5.130/volume/v3/volumes/a6fd9260-fc2f-4440-8d0d-53c6a8ab62f3 0.036s
2026-03-01 04:20:29,406 125145 DEBUG    [tempest.lib.common.rest_client] Request - Headers: {'Content-Type': 'application/json', 'Accept': 'application/json', 'X-Auth-Token': '<omitted>'}
        Body: None
    Response - Headers: {'date': 'Sun, 01 Mar 2026 04:20:29 GMT', 'server': 'Apache/2.4.58 (Ubuntu)', 'content-type': 'application/
    json', 'x-compute-request-id': 'req-1b562494-9c44-492b-a99c-3da820f4a598', 'content-length': '838', 'openstack-api-version': 'volume 3.0', 'vary': 'OpenStack-API-Version', 'x-openstack-request-id': 'req-1b562494-9c44-492b-a99c-3da820f4a598', 'connection': 'close', 'status': '200', 'content-location': 'http://10.201.5.130/volume/v3/volumes/a6fd9260-fc2f-4440-8d0d-53c6a8ab62f3'}
        Body: b'{"volume": {"id": "a6fd9260-fc2f-4440-8d0d-53c6a8ab62f3", "status": "error", "size": 1, "availability_zone": "nova", "created_at": "2026-03-01T04:20:28.000000", "updated_at": "2026-03-01T04:20:28.000000", "name": "tempest-VolumesTransfersTest-Volume-495457461", "description": null, "volume_type": "3par1", "snapshot_id": null, "source_volid": null, "metadata": {}, "links": [{"rel": "self", "href": "http://10.201.5.130/volume/v3/volumes/a6fd9260-fc2f-4440-8d0d-53c6a8ab62f3"}, {"rel": "bookmark", "href": "http://10.201.5.130/volume/volumes/a6fd9260-fc2f-4440-8d0d-53c6a8ab62f3"}], "user_id": "00eeb28c61684a5480309d220a8970ec", "bootable": "false", "encrypted": false, "replication_status": null, "consistencygroup_id": null, "multiattach": false, "attachments": [], "os-vol-tenant-attr:tenant_id": "5bac90460ae54b8fa9b31b8ec2eeaa76"}}'
2026-03-01 04:20:29,439 125145 INFO     [tempest.lib.common.rest_client] Request (VolumesTransfersTest:_run_cleanups): 200 GET http://10.201.5.130/volume/v3/volumes/a6fd9260-fc2f-4440-8d0d-53c6a8ab62f3 0.021s
2026-03-01 04:20:29,439 125145 DEBUG    [tempest.lib.common.rest_client] Request - Headers: {'Content-Type': 'application/json', 'Accept': 'application/json', 'X-Auth-Token': '<omitted>'}
        Body: None
    Response - Headers: {'date': 'Sun, 01 Mar 2026 04:20:29 GMT', 'server': 'Apache/2.4.58 (Ubuntu)', 'content-type': 'application/json', 'x-compute-request-id': 'req-6bc32b75-0ef8-4368-a08a-387c2a82e176', 'content-length': '838', 'openstack-api-version': 'volume 3.0', 'vary': 'OpenStack-API-Version', 'x-openstack-request-id': 'req-6bc32b75-0ef8-4368-a08a-387c2a82e176', 'connection': 'close', 'status': '200', 'content-location': 'http://10.201.5.130/volume/v3/volumes/a6fd9260-fc2f-4440-8d0d-53c6a8ab62f3'}
        Body: b'{"volume": {"id": "a6fd9260-fc2f-4440-8d0d-53c6a8ab62f3", "status": "error", "size": 1, "availability_zone": "nova", "created_at": "2026-03-01T04:20:28.000000", "updated_at": "2026-03-01T04:20:28.000000", "name": "tempest-VolumesTransfersTest-Volume-495457461", "description": null, "volume_type": "3par1", "snapshot_id": null, "source_volid": null, "metadata": {}, "links": [{"rel": "self", "href": "http://10.201.5.130/volume/v3/volumes/a6fd9260-fc2f-4440-8d0d-53c6a8ab62f3"}, {"rel": "bookmark", "href": "http://10.201.5.130/volume/volumes/a6fd9260-fc2f-4440-8d0d-53c6a8ab62f3"}], "user_id": "00eeb28c61684a5480309d220a8970ec", "bootable": "false", "encrypted": false, "replication_status": null, "consistencygroup_id": null, "multiattach": false, "attachments": [], "os-vol-tenant-attr:tenant_id": "5bac90460ae54b8fa9b31b8ec2eeaa76"}}'
2026-03-01 04:20:29,569 125145 INFO     [tempest.lib.common.rest_client] Request (VolumesTransfersTest:_run_cleanups): 202 DELETE http://10.201.5.130/volume/v3/volumes/a6fd9260-fc2f-4440-8d0d-53c6a8ab62f3 0.123s
2026-03-01 04:20:29,570 125145 DEBUG    [tempest.lib.common.rest_client] Request - Headers: {'Content-Type': 'application/json', 'Accept': 'application/json', 'X-Auth-Token': '<omitted>'}
        Body: None
    Response - Headers: {'date': 'Sun, 01 Mar 2026 04:20:29 GMT', 'server': 'Apache/2.4.58 (Ubuntu)', 'content-length': '0', 'content-type': 'text/html; charset=UTF-8', 'openstack-api-version': 'volume 3.0', 'vary': 'OpenStack-API-Version', 'x-openstack-request-id': 'req-942595e7-8c25-459e-8bc9-7b6979eb21ce', 'connection': 'close', 'status': '202', 'content-location': 'http://10.201.5.130/volume/v3/volumes/a6fd9260-fc2f-4440-8d0d-53c6a8ab62f3'}
        Body: b''
2026-03-01 04:20:29,586 125145 INFO     [tempest.lib.common.rest_client] Request (VolumesTransfersTest:_run_cleanups): 404 GET http://10.201.5.130/volume/v3/volumes/a6fd9260-fc2f-4440-8d0d-53
    c6a8ab62f3 0.016s
2026-03-01 04:20:29,586 125145 DEBUG    [tempest.lib.common.rest_client] Request - Headers: {'Content-Type': 'application/json', 'Accept': 'application/json', 'X-Auth-Token': '<omitted>'}
        Body: None
    Response - Headers: {'date': 'Sun, 01 Mar 2026 04:20:29 GMT', 'server': 'Apache/2.4.58 (Ubuntu)', 'openstack-api-version': 'volume 3.0', 'vary': 'OpenStack-API-Version', 'content-length': '109', 'content-type': 'application/json', 'x-compute-request-id': 'req-4401f97e-58de-4919-bd30-198342984e5b', 'x-openstack-request-id': 'req-4401f97e-58de-4919-bd30-198342984e5b', 'connection': 'close', 'status': '404', 'content-location': 'http://10.201.5.130/volume/v3/volumes/a6fd9260-fc2f-4440-8d0d-53c6a8ab62f3'}
        Body: b'{"itemNotFound": {"code": 404, "message": "Volume a6fd9260-fc2f-4440-8d0d-53c6a8ab62f3 could not be found."}}'


tempest.api.volume.test_volume_transfers.VolumesTransfersTest.test_create_list_delete_volume_transfer[id-ab526943-b725-4c07-b875-8e8ef87a2c30]
----------------------------------------------------------------------------------------------------------------------------------------------

Captured traceback:
~~~~~~~~~~~~~~~~~~~
    Traceback (most recent call last):

      File "/opt/stack/tempest/tempest/api/volume/test_volume_transfers.py", line 81, in test_create_list_delete_volume_transfer
    volume = self.create_volume()
             ^^^^^^^^^^^^^^^^^^^^

      File "/opt/stack/tempest/tempest/api/volume/base.py", line 144, in create_volume
    waiters.wait_for_volume_resource_status(self.volumes_client,

      File "/opt/stack/tempest/tempest/common/waiters.py", line 379, in wait_for_volume_resource_status
    raise exceptions.VolumeResourceBuildErrorException(

    tempest.exceptions.VolumeResourceBuildErrorException: volume 6abe75cc-3e04-4c34-8012-6c8856546865 failed to build and is in ERROR status


Captured pythonlogging:
~~~~~~~~~~~~~~~~~~~~~~~
    2026-03-01 04:20:29,719 125145 INFO     [tempest.lib.common.rest_client] Request (VolumesTransfersTest:test_create_list_delete_volume_transfer): 202 POST http://10.201.5.130/volume/v3/volumes 0.131s
2026-03-01 04:20:29,719 125145 DEBUG    [tempest.lib.common.rest_client] Request - Headers: {'Content-Type': 'application/json', 'Accept': 'application/json', 'X-Auth-Token': '<omitted>'}
        Body: {"volume": {"size": 1, "name": "tempest-VolumesTransfersTest-Volume-798378572"}}
    Response - Headers: {'date': 'Sun, 01 Mar 2026 04:20:29 GMT', 'server': 'Apache/2.4.58 (Ubuntu)', 'content-type': 'application/json', 'x-compute-request-id': 'req-301d15bc-f53a-4999-a38f-de20e57e25ab', 'content-length': '749', 'openstack-api-version': 'volume 3.0', 'vary': 'OpenStack-API-Version', 'x-openstack-request-id': 'req-301d15bc-f53a-4999-a38f-de20e57e25ab', 'connection': 'close', 'status': '202', 'content-location': 'http://10.201.5.130/volume/v3/volumes'}
        Body: b'{"volume": {"id": "6abe75cc-3e04-4c34-8012-6c8856546865", "status": "creating", "size": 1, "availability_zone": "nova", "created_at": "2026-03-01T04:20:29.669727", "updated_at": null, "name": "tempest-VolumesTransfersTest-Volume-798378572", "description": null, "volume_type": "3par1", "snapshot_id": null, "source_volid": null, "metadata": {}, "links": [{"rel": "self", "href": "http://10.201.5.130/volume/v3/volumes/6abe75cc-3e04-4c34-8012-6c8856546865"}, {"rel": "bookmark", "href": "http://10.201.5.130/volume/volumes/6abe75cc-3e04-4c34-8012-6c8856546865"}], "user_id": "00eeb28c61684a5480309d220a8970ec", "bootable": "false", "encrypted": false, "replication_status": null, "consistencygroup_id": null, "multiattach": false, "attachments": []}}'
2026-03-01 04:20:29,747 125145 INFO     [tempest.lib.common.rest_client] Request (VolumesTransfersTest:test_create_list_delete_volume_transfer): 200 GET http://10.201.5.130/volume/v3/volumes/6abe75cc-3e04-4c34-8012-6c8856546865 0.024s
2026-03-01 04:20:29,748 125145 DEBUG    [tempest.lib.common.rest_client] Request - Headers: {'Content-Type': 'application/json', 'Accept': 'application/json', 'X-Auth-Token': '<omitted>'}
        Body: None
    Response - Headers: {'date': 'Sun, 01 Mar 2026 04:20:29 GMT', 'server': 'Apache/2.4.58 (Ubuntu)', 'content-type': 'application/json', 'x-compute-request-id': 'req-658dfb09-cc33-48cd-bd36-82d15339c3d8', 'content-length': '817', 'openstack-api-version': 'volume 3.0', 'vary': 'OpenStack-API-Version', 'x-openstack-request-id': 'req-658dfb09-cc33-48cd-bd36-82d15339c3d8', 'connection': 'close', 'status': '200', 'content-location': 'http://10.201.5.130/volume/v3/volumes/6abe75cc-3e04-4c34-8012-6c8856546865'}
        Body: b'{"volume": {"id": "6abe75cc-3e04-4c34-8012-6c8856546865", "status": "creating", "size": 1, "availability_zone": "nova", "created_at": "2026-03-01T04:20:30.000000", "updated_at": null, "name": "tempest-VolumesTransfersTest-Volume-798378572", "description": null, "volume_type": "3par1", "snapshot_id": null, "source_volid": null, "metadata": {}, "links": [{"rel": "self", "href": "http://10.201.5.130/volume/v3/volumes/6abe75cc-3e04-4c34-8012-6c8856546865"}, {"rel": "bookmark", "href": "http://10.201.5.130/volume/volumes/6abe75cc-3e04-4c34-8012-6c8856546865"}], "user_id": "00eeb28c61684a5480309d220a8970ec", "bootable": "false", "encrypted": false, "replication_status": null, "consistencygroup_id": null, "multiattach": false, "attachments": [], "os-vol-tenant-attr:tenant_id": "5bac90460ae54b8fa9b31b8ec2eeaa76"}}'
2026-03-01 04:20:30,787 125145 INFO     [tempest.lib.common.rest_client] Request (VolumesTransfersTest:test_create_list_delete_volume_transfer): 200 GET http://10.201.5.130/volume/v3/volumes/6abe75cc-3e04-4c34-8012-6c8856546865 0.033s
2026-03-01 04:20:30,787 125145 DEBUG    [tempest.lib.common.rest_client] Request - Headers: {'Content-Type': 'application/json', 'Accept': 'application/json', 'X-Auth-Token': '<omitted>'}
        Body: None
    Response - Headers: {'date': 'Sun, 01 Mar 2026 04:20:30 GMT', 'server': 'Apache/2.4.58 (Ubuntu)', 'content-type': 'application/json', 'x-co
    mpute-request-id': 'req-02f207bd-8a37-48d2-a111-e6ad32127c54', 'content-length': '838', 'openstack-api-version': 'volume 3.0', 'vary': 'OpenStack-API-Version', 'x-openstack-request-id': 'req-02f207bd-8a37-48d2-a111-e6ad32127c54', 'connection': 'close', 'status': '200', 'content-location': 'http://10.201.5.130/volume/v3/volumes/6abe75cc-3e04-4c34-8012-6c8856546865'}
        Body: b'{"volume": {"id": "6abe75cc-3e04-4c34-8012-6c8856546865", "status": "error", "size": 1, "availability_zone": "nova", "created_at": "2026-03-01T04:20:30.000000", "updated_at": "2026-03-01T04:20:30.000000", "name": "tempest-VolumesTransfersTest-Volume-798378572", "description": null, "volume_type": "3par1", "snapshot_id": null, "source_volid": null, "metadata": {}, "links": [{"rel": "self", "href": "http://10.201.5.130/volume/v3/volumes/6abe75cc-3e04-4c34-8012-6c8856546865"}, {"rel": "bookmark", "href": "http://10.201.5.130/volume/volumes/6abe75cc-3e04-4c34-8012-6c8856546865"}], "user_id": "00eeb28c61684a5480309d220a8970ec", "bootable": "false", "encrypted": false, "replication_status": null, "consistencygroup_id": null, "multiattach": false, "attachments": [], "os-vol-tenant-attr:tenant_id": "5bac90460ae54b8fa9b31b8ec2eeaa76"}}'
2026-03-01 04:20:30,819 125145 INFO     [tempest.lib.common.rest_client] Request (VolumesTransfersTest:_run_cleanups): 200 GET http://10.201.5.130/volume/v3/volumes/6abe75cc-3e04-4c34-8012-6c8856546865 0.019s
2026-03-01 04:20:30,819 125145 DEBUG    [tempest.lib.common.rest_client] Request - Headers: {'Content-Type': 'application/json', 'Accept': 'application/json', 'X-Auth-Token': '<omitted>'}
        Body: None
    Response - Headers: {'date': 'Sun, 01 Mar 2026 04:20:30 GMT', 'server': 'Apache/2.4.58 (Ubuntu)', 'content-type': 'application/json', 'x-compute-request-id': 'req-70e69f30-5cc2-4e04-9a36-28d6731243c0', 'content-length': '838', 'openstack-api-version': 'volume 3.0', 'vary': 'OpenStack-API-Version', 'x-openstack-request-id': 'req-70e69f30-5cc2-4e04-9a36-28d6731243c0', 'connection': 'close', 'status': '200', 'content-location': 'http://10.201.5.130/volume/v3/volumes/6abe75cc-3e04-4c34-8012-6c8856546865'}
        Body: b'{"volume": {"id": "6abe75cc-3e04-4c34-8012-6c8856546865", "status": "error", "size": 1, "availability_zone": "nova", "created_at": "2026-03-01T04:20:30.000000", "updated_at": "2026-03-01T04:20:30.000000", "name": "tempest-VolumesTransfersTest-Volume-798378572", "description": null, "volume_type": "3par1", "snapshot_id": null, "source_volid": null, "metadata": {}, "links": [{"rel": "self", "href": "http://10.201.5.130/volume/v3/volumes/6abe75cc-3e04-4c34-8012-6c8856546865"}, {"rel": "bookmark", "href": "http://10.201.5.130/volume/volumes/6abe75cc-3e04-4c34-8012-6c8856546865"}], "user_id": "00eeb28c61684a5480309d220a8970ec", "bootable": "false", "encrypted": false, "replication_status": null, "consistencygroup_id": null, "multiattach": false, "attachments": [], "os-vol-tenant-attr:tenant_id": "5bac90460ae54b8fa9b31b8ec2eeaa76"}}'
2026-03-01 04:20:30,913 125145 INFO     [tempest.lib.common.rest_client] Request (VolumesTransfersTest:_run_cleanups): 202 DELETE http://10.201.5.130/volume/v3/volumes/6abe75cc-3e04-4c34-8012-6c8856546865 0.089s
2026-03-01 04:20:30,914 125145 DEBUG    [tempest.lib.common.rest_client] Request - Headers: {'Content-Type': 'application/json', 'Accept': 'application/json', 'X-Auth-Token': '<omitted>'}
        Body: None
    Response - Headers: {'date': 'Sun, 01 Mar 2026 04:20:30 GMT', 'server': 'Apache/2.4.58 (Ubuntu)', 'content-length': '0', 'content-type': 'text/html; charset=UTF-8', 'openstack-api-version': 'volume 3.0', 'vary': 'OpenStack-API-Version', 'x-openstack-request-id': 'req-fe9bce97-2325-42cb-99e8-b3fd9f601b3f', 'connection': 'close', 'status': '202', 'content-location': 'http://10.201.5.130/volume/v3/volumes/6abe75cc-3e04-4c34-8012-6c8856546865'}
        Body: b''
2026-03-01 04:20:30,930 125145 INFO     [tempest.lib.common.rest_client] Request (VolumesTransfersTest:_run_cleanups): 404 GET http://10.201.5.130/volume/v3/volumes/6abe75cc-3e04-4c34-8012-6c8856546865 0
    .016s
2026-03-01 04:20:30,931 125145 DEBUG    [tempest.lib.common.rest_client] Request - Headers: {'Content-Type': 'application/json', 'Accept': 'application/json', 'X-Auth-Token': '<omitted>'}
        Body: None
    Response - Headers: {'date': 'Sun, 01 Mar 2026 04:20:30 GMT', 'server': 'Apache/2.4.58 (Ubuntu)', 'openstack-api-version': 'volume 3.0', 'vary': 'OpenStack-API-Version', 'content-length': '109', 'content-type': 'application/json', 'x-compute-request-id': 'req-2edd3348-3ff7-4456-9cb1-8fbe4725ddb4', 'x-openstack-request-id': 'req-2edd3348-3ff7-4456-9cb1-8fbe4725ddb4', 'connection': 'close', 'status': '404', 'content-location': 'http://10.201.5.130/volume/v3/volumes/6abe75cc-3e04-4c34-8012-6c8856546865'}
        Body: b'{"itemNotFound": {"code": 404, "message": "Volume 6abe75cc-3e04-4c34-8012-6c8856546865 could not be found."}}'


tempest.api.volume.test_volume_transfers.VolumesTransfersV355Test.test_create_get_list_accept_volume_transfer[id-9f36bb2b-619f-4507-b246-76aeb9a28851]
------------------------------------------------------------------------------------------------------------------------------------------------------

Captured traceback:
~~~~~~~~~~~~~~~~~~~
    Traceback (most recent call last):

      File "/opt/stack/tempest/tempest/api/volume/test_volume_transfers.py", line 125, in test_create_get_list_accept_volume_transfer
    test_create_get_list_accept_volume_transfer()

      File "/opt/stack/tempest/tempest/api/volume/test_volume_transfers.py", line 40, in test_create_get_list_accept_volume_transfer
    volume = self.create_volume()
             ^^^^^^^^^^^^^^^^^^^^

      File "/opt/stack/tempest/tempest/api/volume/base.py", line 144, in create_volume
    waiters.wait_for_volume_resource_status(self.volumes_client,

      File "/opt/stack/tempest/tempest/common/waiters.py", line 379, in wait_for_volume_resource_status
    raise exceptions.VolumeResourceBuildErrorException(

    tempest.exceptions.VolumeResourceBuildErrorException: volume 3083d615-89f1-436c-9d9d-028f07593273 failed to build and is in ERROR status


Captured pythonlogging:
~~~~~~~~~~~~~~~~~~~~~~~
    2026-03-01 04:20:34,761 125145 INFO     [tempest.lib.common.rest_client] Request (VolumesTransfersV355Test:test_create_get_list_accept_volume_transfer): 202 POST http://10.201.5.130/volume/v3/volumes 0.263s
2026-03-01 04:20:34,761 125145 DEBUG    [tempest.lib.common.rest_client] Request - Headers: {'Content-Type': 'application/json', 'Accept': 'application/json', 'Openstack-Api-Version': 'volume 3.55', 'X-Auth-Token': '<omitted>'}
        Body: {"volume": {"size": 1, "name": "tempest-VolumesTransfersV355Test-Volume-1994183081"}}
    Response - Headers: {'date': 'Sun, 01 Mar 2026 04:20:34 GMT', 'server': 'Apache/2.4.58 (Ubuntu)', 'content-type': 'application/json', 'x-compute-request-id': 'req-39dcae14-ed56-49b0-a069-0e4d9bff4e29', 'content-length': '818', 'openstack-api-version': 'volume 3.55', 'vary': 'OpenStack-API-Version', 'x-openstack-request-id': 'req-39dcae14-ed56-49b0-a069-0e4d9bff4e29', 'connection': 'close', 'status': '202', 'content-location': 'http://10.201.5.130/volume/v3/volumes'}
        Body: b'{"volume": {"id": "3083d615-89f1-436c-9d9d-028f07593273", "status": "creating", "size": 1, "availability_zone": "nova", "created_at": "2026-03-01T04:20:34.694674", "updated_at": null, "name": "tempest-VolumesTransfersV355Test-Volume-1994183081", "description": null, "volume_type": "3par1", "snapshot_id": null, "source_volid": null, "metadata": {}, "links": [{"rel": "self", "href": "http://10.201.5.130/volume/v3/volumes/3083d615-89f1-436c-9d9d-028f07593273"}, {"rel": "bookmark", "href": "http://10.201.5.130/volume/volumes/3083d615-89f1-436c-9d9d-028f07593273"}], "user_id": "43d3263e9d2d4b598e123b8cab08654e", "bootable": "false", "encrypted": false, "replication_status": null, "consistencygroup_id": null, "multiattach": false, "attachments": [], "group_id": null, "shared_targets": true, "service_uuid": null}}'
2026-03-01 04:20:34,784 125145 INFO     [tempest.lib.common.rest_client] Request (VolumesTransfersV355Test:test_create_get_list_accept_volume_transfer): 200 GET http://10.201.5.130/volume/v3/volumes/3083d615-89f1-436c-9d9d-028f07593273 0.017s
2026-03-01 04:20:34,784 125145 DEBUG    [tempest.lib.common.rest_client] Request - Headers: {'Content-Type': 'application/json', 'Accept': 'application/json', 'Openstack-Api-Version': 'volume 3.55', 'X-Auth-Token': '<omitted>'}
        Body: None
    Response - Headers: {'date': 'Sun, 01 Mar 2026 04:20:34 GMT', 'server': 'Apache/2.4.58 (Ubuntu)', 'content-type': 'application/json', 'x-compute-request-id': 'req-432f845d-284f-498a-a6ca-572d68ae3ca5', 'content-length': '886', 'openstack-api-version': 'volume 3.55', 'vary': 'OpenStack-API-Version', 'x-openstack-request-id': 'req-432f845d-284f-498a-a6ca-572d68ae3ca5', 'connection': 'close', 'status': '200', 'content-location': 'http://10.201.5.130/volume/v3/volumes/3083d615-89f1-436c-9d9d-028f07593273'}
        Body: b'{"volume": {"id": "3083d615-89f1-436c-9d9d-028f07593273", "status": "creating", "size": 1, "availability_zone": "nova", "created_at": "2026-03-01T04:20:35.000000", "updated_at": null, "name": "tempest-VolumesTransfersV355Test-Volume-1994183081", "description": null, "volume_type": "3par1", "snapshot_id": null, "source_volid": null, "metadata": {}, "links": [{"rel": "self", "href": "http://10.201.5.130/volume/v3/volumes/3083d615-89f1-436c-9d9d-028f07593273"}, {"rel": "bookmark", "href": "http://10.201.5.130/volume/volumes/3083d615-89f1-436c-9d9d-028f07593273"}], "user_id": "43d3263e9d2d4b598e123b8cab08654e", "bootable": "false", "encrypted": false, "replication_status": null, "consistencygroup_id": null, "multiattach": false, "attachments": [], "group_id": null, "shared_targets": true, "service_uuid": null, "os-vol-tenant-attr:tenant_id": "805b611260084b0dafd89e15b14a1081"}}'
2026-03-01 04:20:35,821 125145 INFO     [tempest.lib.common.rest_client] Request (VolumesTransfersV355Test:test_create_get_list_accept_volume_transfer): 200 GET http://10.201.5.130/volume/v3/volumes/3083d615-89f1-436c-9d9d-028f07593273 0.032s
2026-03-01 04:20:35,821 125145 DEBUG    [tempest.lib.common.rest_client] Request - Headers: {'Content
    -Type': 'application/json', 'Accept': 'application/json', 'Openstack-Api-Version': 'volume 3.55', 'X-Auth-Token': '<omitted>'}
        Body: None
    Response - Headers: {'date': 'Sun, 01 Mar 2026 04:20:35 GMT', 'server': 'Apache/2.4.58 (Ubuntu)', 'content-type': 'application/json', 'x-compute-request-id': 'req-083bf643-7809-45c5-a68d-d1a687d84761', 'content-length': '907', 'openstack-api-version': 'volume 3.55', 'vary': 'OpenStack-API-Version', 'x-openstack-request-id': 'req-083bf643-7809-45c5-a68d-d1a687d84761', 'connection': 'close', 'status': '200', 'content-location': 'http://10.201.5.130/volume/v3/volumes/3083d615-89f1-436c-9d9d-028f07593273'}
        Body: b'{"volume": {"id": "3083d615-89f1-436c-9d9d-028f07593273", "status": "error", "size": 1, "availability_zone": "nova", "created_at": "2026-03-01T04:20:35.000000", "updated_at": "2026-03-01T04:20:35.000000", "name": "tempest-VolumesTransfersV355Test-Volume-1994183081", "description": null, "volume_type": "3par1", "snapshot_id": null, "source_volid": null, "metadata": {}, "links": [{"rel": "self", "href": "http://10.201.5.130/volume/v3/volumes/3083d615-89f1-436c-9d9d-028f07593273"}, {"rel": "bookmark", "href": "http://10.201.5.130/volume/volumes/3083d615-89f1-436c-9d9d-028f07593273"}], "user_id": "43d3263e9d2d4b598e123b8cab08654e", "bootable": "false", "encrypted": false, "replication_status": null, "consistencygroup_id": null, "multiattach": false, "attachments": [], "group_id": null, "shared_targets": true, "service_uuid": null, "os-vol-tenant-attr:tenant_id": "805b611260084b0dafd89e15b14a1081"}}'
2026-03-01 04:20:35,854 125145 INFO     [tempest.lib.common.rest_client] Request (VolumesTransfersV355Test:_run_cleanups): 200 GET http://10.201.5.130/volume/v3/volumes/3083d615-89f1-436c-9d9d-028f07593273 0.027s
2026-03-01 04:20:35,854 125145 DEBUG    [tempest.lib.common.rest_client] Request - Headers: {'Content-Type': 'application/json', 'Accept': 'application/json', 'Openstack-Api-Version': 'volume 3.55', 'X-Auth-Token': '<omitted>'}
        Body: None
    Response - Headers: {'date': 'Sun, 01 Mar 2026 04:20:35 GMT', 'server': 'Apache/2.4.58 (Ubuntu)', 'content-type': 'application/json', 'x-compute-request-id': 'req-64897941-651a-4037-885e-64a309b350db', 'content-length': '907', 'openstack-api-version': 'volume 3.55', 'vary': 'OpenStack-API-Version', 'x-openstack-request-id': 'req-64897941-651a-4037-885e-64a309b350db', 'connection': 'close', 'status': '200', 'content-location': 'http://10.201.5.130/volume/v3/volumes/3083d615-89f1-436c-9d9d-028f07593273'}
        Body: b'{"volume": {"id": "3083d615-89f1-436c-9d9d-028f07593273", "status": "error", "size": 1, "availability_zone": "nova", "created_at": "2026-03-01T04:20:35.000000", "updated_at": "2026-03-01T04:20:35.000000", "name": "tempest-VolumesTransfersV355Test-Volume-1994183081", "description": null, "volume_type": "3par1", "snapshot_id": null, "source_volid": null, "metadata": {}, "links": [{"rel": "self", "href": "http://10.201.5.130/volume/v3/volumes/3083d615-89f1-436c-9d9d-028f07593273"}, {"rel": "bookmark", "href": "http://10.201.5.130/volume/volumes/3083d615-89f1-436c-9d9d-028f07593273"}], "user_id": "43d3263e9d2d4b598e123b8cab08654e", "bootable": "false", "encrypted": false, "replication_status": null, "consistencygroup_id": null, "multiattach": false, "attachments": [], "group_id": null, "shared_targets": true, "service_uuid": null, "os-vol-tenant-attr:tenant_id": "805b611260084b0dafd89e15b14a1081"}}'
2026-03-01 04:20:35,943 125145 INFO     [tempest.lib.common.rest_client] Request (VolumesTransfersV355Test:_run_cleanups): 202 DELETE http://10.201.5.130/volume/v3/volumes/3083d615-89f1-436c-9d9d-028f07593273 0.076s
2026-03-01 04:20:35,944 125145 DEBUG    [tempest.lib.common.rest_client] Request - Headers: {'Content-Type': 'application/json', 'Accept': 'application/json', 'Openstack-Api-Version': 'volume 3.55', 'X-Auth-Token': '<omitted>'}
        Body: None
    Response - Headers: {'date': 'Sun, 01 Mar 2026 04:20:35 GMT', 'server': 'Apache/2.4.58 (Ubuntu)', 'content-length': '0', 'content-type': 'text/html; 
    charset=UTF-8', 'openstack-api-version': 'volume 3.55', 'vary': 'OpenStack-API-Version', 'x-openstack-request-id': 'req-806ee273-1ef9-4e81-beb8-e1120624fc48', 'connection': 'close', 'status': '202', 'content-location': 'http://10.201.5.130/volume/v3/volumes/3083d615-89f1-436c-9d9d-028f07593273'}
        Body: b''
2026-03-01 04:20:35,962 125145 INFO     [tempest.lib.common.rest_client] Request (VolumesTransfersV355Test:_run_cleanups): 404 GET http://10.201.5.130/volume/v3/volumes/3083d615-89f1-436c-9d9d-028f07593273 0.017s
2026-03-01 04:20:36,017 125145 DEBUG    [tempest.lib.common.rest_client] Request - Headers: {'Content-Type': 'application/json', 'Accept': 'application/json', 'Openstack-Api-Version': 'volume 3.55', 'X-Auth-Token': '<omitted>'}
        Body: None
    Response - Headers: {'date': 'Sun, 01 Mar 2026 04:20:35 GMT', 'server': 'Apache/2.4.58 (Ubuntu)', 'openstack-api-version': 'volume 3.55', 'vary': 'OpenStack-API-Version', 'content-length': '109', 'content-type': 'application/json', 'x-compute-request-id': 'req-7b7f3afd-82e4-4d94-b169-44a7e18d5696', 'x-openstack-request-id': 'req-7b7f3afd-82e4-4d94-b169-44a7e18d5696', 'connection': 'close', 'status': '404', 'content-location': 'http://10.201.5.130/volume/v3/volumes/3083d615-89f1-436c-9d9d-028f07593273'}
        Body: b'{"itemNotFound": {"code": 404, "message": "Volume 3083d615-89f1-436c-9d9d-028f07593273 could not be found."}}'


tempest.api.volume.test_volume_transfers.VolumesTransfersV355Test.test_create_list_delete_volume_transfer[id-af4a5b97-0859-4f31-aa3c-85b05bb63322]
--------------------------------------------------------------------------------------------------------------------------------------------------

Captured traceback:
~~~~~~~~~~~~~~~~~~~
    Traceback (most recent call last):

      File "/opt/stack/tempest/tempest/api/volume/test_volume_transfers.py", line 131, in test_create_list_delete_volume_transfer
    test_create_list_delete_volume_transfer()

      File "/opt/stack/tempest/tempest/api/volume/test_volume_transfers.py", line 81, in test_create_list_delete_volume_transfer
    volume = self.create_volume()
             ^^^^^^^^^^^^^^^^^^^^

      File "/opt/stack/tempest/tempest/api/volume/base.py", line 144, in create_volume
    waiters.wait_for_volume_resource_status(self.volumes_client,

      File "/opt/stack/tempest/tempest/common/waiters.py", line 379, in wait_for_volume_resource_status
    raise exceptions.VolumeResourceBuildErrorException(

    tempest.exceptions.VolumeResourceBuildErrorException: volume 1b0895a3-874c-4fc4-a748-5dc487b1aa75 failed to build and is in ERROR status


Captured pythonlogging:
~~~~~~~~~~~~~~~~~~~~~~~
    2026-03-01 04:20:36,287 125145 INFO     [tempest.lib.common.rest_client] Request (VolumesTransfersV355Test:test_create_list_delete_volume_transfer): 202 POST http://10.201.5.130/volume/v3/volumes 0.265s
2026-03-01 04:20:36,287 125145 DEBUG    [tempest.lib.common.rest_client] Request - Headers: {'Content-Type': 'application/json', 'Accept': 'application/json', 'Openstack-Api-Version': 'volume 3.55', 'X-Auth-Token': '<omitted>'}
        Body: {"volume": {"size": 1, "name": "tempest-VolumesTransfersV355Test-Volume-1060724044"}}
    Response - Headers: {'date': 'Sun, 01 Mar 2026 04:20:36 GMT', 'server': 'Apache/2.4.58 (Ubuntu)', 'content-type': 'application/json', 'x-compute-request-id': 'req-1597fc5e-d989-4154-b133-3e60151856c6', 'content-length': '818', 'openstack-api-version': 'volume 3.55', 'vary': 'OpenStack-API-Version', 'x-openstack-request-id': 'req-1597fc5e-d989-4154-b133-3e60151856c6', 'connection': 'close', 'status': '202', 'content-location': 'http://10.201.5.130/volume/v3/volumes'}
        Body: b'{"volume": {"id": "1b0895a3-874c-4fc4-a748-5dc487b1aa75", "status": "creating", "size": 1, "availability_zone": "nova", "created_at": "2026-03-01T04:20:36.130519", "updated_at": null, "name": "tempest-VolumesTransfersV355Test-Volume-1060724044", "description": null, "volume_type": "3par1", "snapshot_id": null, "source_volid": null, "metadata": {}, "links": [{"rel": "self", "href": "http://10.201.5.130/volume/v3/volumes/1b0895a3-874c-4fc4-a748-5dc487b1aa75"}, {"rel": "bookmark", "href": "http://10.201.5.130/volume/volumes/1b0895a3-874c-4fc4-a748-5dc487b1aa75"}], "user_id": "43d3263e9d2d4b598e123b8cab08654e", "bootable": "false", "encrypted": false, "replication_status": null, "consistencygroup_id": null, "multiattach": false, "attachments": [], "group_id": null, "shared_targets": true, "service_uuid": null}}'
2026-03-01 04:20:36,326 125145 INFO     [tempest.lib.common.rest_client] Request (VolumesTransfersV355Test:test_create_list_delete_volume_transfer): 200 GET http://10.201.5.130/volume/v3/volumes/1b0895a3-874c-4fc4-a748-5dc487b1aa75 0.029s
2026-03-01 04:20:36,327 125145 DEBUG    [tempest.lib.common.rest_client] Request - Headers: {'Content-Type': 'application/json', 'Accept': 'application/json', 'Openstack-Api-Version': 'volume 3.55', 'X-Auth-Token': '<omitted>'}
        Body: None
    Response - Headers: {'date': 'Sun, 01 Mar 2026 04:20:36 GMT', 'server': 'Apache/2.4.58 (Ubuntu)', 'content-type': 'application/json', 'x-compute-request-id': 'req-4628b64c-0f0c-49b9-adc0-7d32b9e835c2', 'content-length': '886', 'openstack-api-version': 'volume 3.55', 'vary': 'OpenStack-API-Version', 'x-openstack-request-id': 'req-4628b64c-0f0c-49b9-adc0-7d32b9e835c2', 'connection': 'close', 'status': '200', 'content-location': 'http://10.201.5.130/volume/v3/volumes/1b0895a3-874c-4fc4-a748-5dc487b1aa75'}
        Body: b'{"volume": {"id": "1b0895a3-874c-4fc4-a748-5dc487b1aa75", "status": "creating", "size": 1, "availability_zone": "nova", "created_at": "2026-03-01T04:20:36.000000", "updated_at": null, "name": "tempest-VolumesTransfersV355Test-Volume-1060724044", "description": null, "volume_type": "3par1", "snapshot_id": null, "source_volid": null, "metadata": {}, "links": [{"rel": "self", "href": "http://10.201.5.130/volume/v3/volumes/1b0895a3-874c-4fc4-a748-5dc487b1aa75"}, {"rel": "bookmark", "href": "http://10.201.5.130/volume/volumes/1b0895a3-874c-4fc4-a748-5dc487b1aa75"}], "user_id": "43d3263e9d2d4b598e123b8cab08654e", "bootable": "false", "encrypted": false, "replication_status": null, "consistencygroup_id": null, "multiattach": false, "attachments": [], "group_id": null, "shared_targets": true, "service_uuid": null, "os-vol-tenant-attr:tenant_id": "805b611260084b0dafd89e15b14a1081"}}'
2026-03-01 04:20:37,490 125145 INFO     [tempest.lib.common.rest_client] Request (VolumesTransfersV355Test:test_create_list_delete_volume_transfer): 200 GET http://10.201.5.130/volume/v3/volumes/1b0895a3-874c-4fc4-a748-5dc487b1aa75 0.153s
2026-03-01 04:20:37,491 125145 DEBUG    [tempest.lib.common.rest_client] Request - Headers: {'Content-Type': 'app
    lication/json', 'Accept': 'application/json', 'Openstack-Api-Version': 'volume 3.55', 'X-Auth-Token': '<omitted>'}
        Body: None
    Response - Headers: {'date': 'Sun, 01 Mar 2026 04:20:37 GMT', 'server': 'Apache/2.4.58 (Ubuntu)', 'content-type': 'application/json', 'x-compute-request-id': 'req-4f4a0145-d5a6-435a-ab98-e7e4dd484acb', 'content-length': '907', 'openstack-api-version': 'volume 3.55', 'vary': 'OpenStack-API-Version', 'x-openstack-request-id': 'req-4f4a0145-d5a6-435a-ab98-e7e4dd484acb', 'connection': 'close', 'status': '200', 'content-location': 'http://10.201.5.130/volume/v3/volumes/1b0895a3-874c-4fc4-a748-5dc487b1aa75'}
        Body: b'{"volume": {"id": "1b0895a3-874c-4fc4-a748-5dc487b1aa75", "status": "error", "size": 1, "availability_zone": "nova", "created_at": "2026-03-01T04:20:36.000000", "updated_at": "2026-03-01T04:20:36.000000", "name": "tempest-VolumesTransfersV355Test-Volume-1060724044", "description": null, "volume_type": "3par1", "snapshot_id": null, "source_volid": null, "metadata": {}, "links": [{"rel": "self", "href": "http://10.201.5.130/volume/v3/volumes/1b0895a3-874c-4fc4-a748-5dc487b1aa75"}, {"rel": "bookmark", "href": "http://10.201.5.130/volume/volumes/1b0895a3-874c-4fc4-a748-5dc487b1aa75"}], "user_id": "43d3263e9d2d4b598e123b8cab08654e", "bootable": "false", "encrypted": false, "replication_status": null, "consistencygroup_id": null, "multiattach": false, "attachments": [], "group_id": null, "shared_targets": true, "service_uuid": null, "os-vol-tenant-attr:tenant_id": "805b611260084b0dafd89e15b14a1081"}}'
2026-03-01 04:20:37,531 125145 INFO     [tempest.lib.common.rest_client] Request (VolumesTransfersV355Test:_run_cleanups): 200 GET http://10.201.5.130/volume/v3/volumes/1b0895a3-874c-4fc4-a748-5dc487b1aa75 0.027s
2026-03-01 04:20:37,532 125145 DEBUG    [tempest.lib.common.rest_client] Request - Headers: {'Content-Type': 'application/json', 'Accept': 'application/json', 'Openstack-Api-Version': 'volume 3.55', 'X-Auth-Token': '<omitted>'}
        Body: None
    Response - Headers: {'date': 'Sun, 01 Mar 2026 04:20:37 GMT', 'server': 'Apache/2.4.58 (Ubuntu)', 'content-type': 'application/json', 'x-compute-request-id': 'req-a357c273-bf24-4ebf-855e-85cc92c9180e', 'content-length': '907', 'openstack-api-version': 'volume 3.55', 'vary': 'OpenStack-API-Version', 'x-openstack-request-id': 'req-a357c273-bf24-4ebf-855e-85cc92c9180e', 'connection': 'close', 'status': '200', 'content-location': 'http://10.201.5.130/volume/v3/volumes/1b0895a3-874c-4fc4-a748-5dc487b1aa75'}
        Body: b'{"volume": {"id": "1b0895a3-874c-4fc4-a748-5dc487b1aa75", "status": "error", "size": 1, "availability_zone": "nova", "created_at": "2026-03-01T04:20:36.000000", "updated_at": "2026-03-01T04:20:36.000000", "name": "tempest-VolumesTransfersV355Test-Volume-1060724044", "description": null, "volume_type": "3par1", "snapshot_id": null, "source_volid": null, "metadata": {}, "links": [{"rel": "self", "href": "http://10.201.5.130/volume/v3/volumes/1b0895a3-874c-4fc4-a748-5dc487b1aa75"}, {"rel": "bookmark", "href": "http://10.201.5.130/volume/volumes/1b0895a3-874c-4fc4-a748-5dc487b1aa75"}], "user_id": "43d3263e9d2d4b598e123b8cab08654e", "bootable": "false", "encrypted": false, "replication_status": null, "consistencygroup_id": null, "multiattach": false, "attachments": [], "group_id": null, "shared_targets": true, "service_uuid": null, "os-vol-tenant-attr:tenant_id": "805b611260084b0dafd89e15b14a1081"}}'
2026-03-01 04:20:37,619 125145 INFO     [tempest.lib.common.rest_client] Request (VolumesTransfersV355Test:_run_cleanups): 202 DELETE http://10.201.5.130/volume/v3/volumes/1b0895a3-874c-4fc4-a748-5dc487b1aa75 0.074s
2026-03-01 04:20:37,619 125145 DEBUG    [tempest.lib.common.rest_client] Request - Headers: {'Content-Type': 'application/json', 'Accept': 'application/json', 'Openstack-Api-Version': 'volume 3.55', 'X-Auth-Token': '<omitted>'}
        Body: None
    Response - Headers: {'date': 'Sun, 01 Mar 2026 04:20:37 GMT', 'server': 'Apache/2.4.58 (Ubuntu)', 'content-length': '0', 'content-type': 'text/html; charset=UTF-
    8', 'openstack-api-version': 'volume 3.55', 'vary': 'OpenStack-API-Version', 'x-openstack-request-id': 'req-dd0c0712-e923-4b0c-99c3-1dc1c9e2b5ad', 'connection': 'close', 'status': '202', 'content-location': 'http://10.201.5.130/volume/v3/volumes/1b0895a3-874c-4fc4-a748-5dc487b1aa75'}
        Body: b''
2026-03-01 04:20:37,629 125145 INFO     [tempest.lib.common.rest_client] Request (VolumesTransfersV355Test:_run_cleanups): 404 GET http://10.201.5.130/volume/v3/volumes/1b0895a3-874c-4fc4-a748-5dc487b1aa75 0.010s
2026-03-01 04:20:37,629 125145 DEBUG    [tempest.lib.common.rest_client] Request - Headers: {'Content-Type': 'application/json', 'Accept': 'application/json', 'Openstack-Api-Version': 'volume 3.55', 'X-Auth-Token': '<omitted>'}
        Body: None
    Response - Headers: {'date': 'Sun, 01 Mar 2026 04:20:37 GMT', 'server': 'Apache/2.4.58 (Ubuntu)', 'openstack-api-version': 'volume 3.55', 'vary': 'OpenStack-API-Version', 'content-length': '109', 'content-type': 'application/json', 'x-compute-request-id': 'req-6a874fd4-f117-4dae-ae68-f709c7759358', 'x-openstack-request-id': 'req-6a874fd4-f117-4dae-ae68-f709c7759358', 'connection': 'close', 'status': '404', 'content-location': 'http://10.201.5.130/volume/v3/volumes/1b0895a3-874c-4fc4-a748-5dc487b1aa75'}
        Body: b'{"itemNotFound": {"code": 404, "message": "Volume 1b0895a3-874c-4fc4-a748-5dc487b1aa75 could not be found."}}'


tempest.api.volume.test_volume_transfers.VolumesTransfersV357Test.test_create_get_list_accept_volume_transfer[id-d746bd69-bb30-4414-9a1c-577959fac6a1]
------------------------------------------------------------------------------------------------------------------------------------------------------

Captured traceback:
~~~~~~~~~~~~~~~~~~~
    Traceback (most recent call last):

      File "/opt/stack/tempest/tempest/api/volume/test_volume_transfers.py", line 144, in test_create_get_list_accept_volume_transfer
    test_create_get_list_accept_volume_transfer()

      File "/opt/stack/tempest/tempest/api/volume/test_volume_transfers.py", line 125, in test_create_get_list_accept_volume_transfer
    test_create_get_list_accept_volume_transfer()

      File "/opt/stack/tempest/tempest/api/volume/test_volume_transfers.py", line 40, in test_create_get_list_accept_volume_transfer
    volume = self.create_volume()
             ^^^^^^^^^^^^^^^^^^^^

      File "/opt/stack/tempest/tempest/api/volume/base.py", line 144, in create_volume
    waiters.wait_for_volume_resource_status(self.volumes_client,

      File "/opt/stack/tempest/tempest/common/waiters.py", line 379, in wait_for_volume_resource_status
    raise exceptions.VolumeResourceBuildErrorException(

    tempest.exceptions.VolumeResourceBuildErrorException: volume 6727f979-0247-43e2-bfaa-14baf5d07995 failed to build and is in ERROR status


Captured pythonlogging:
~~~~~~~~~~~~~~~~~~~~~~~
    2026-03-01 04:20:41,538 125145 INFO     [tempest.lib.common.rest_client] Request (VolumesTransfersV357Test:test_create_get_list_accept_volume_transfer): 202 POST http://10.201.5.130/volume/v3/volumes 0.309s
2026-03-01 04:20:41,538 125145 DEBUG    [tempest.lib.common.rest_client] Request - Headers: {'Content-Type': 'application/json', 'Accept': 'application/json', 'Openstack-Api-Version': 'volume 3.57', 'X-Auth-Token': '<omitted>'}
        Body: {"volume": {"size": 1, "name": "tempest-VolumesTransfersV357Test-Volume-390857062"}}
    Response - Headers: {'date': 'Sun, 01 Mar 2026 04:20:41 GMT', 'server': 'Apache/2.4.58 (Ubuntu)', 'content-type': 'application/json', 'x-compute-request-id': 'req-9afa8f18-1eb5-46ae-ba16-8aa67a27186c', 'content-length': '817', 'openstack-api-version': 'volume 3.57', 'vary': 'OpenStack-API-Version', 'x-openstack-request-id': 'req-9afa8f18-1eb5-46ae-ba16-8aa67a27186c', 'connection': 'close', 'status': '202', 'content-location': 'http://10.201.5.130/volume/v3/volumes'}
        Body: b'{"volume": {"id": "6727f979-0247-43e2-bfaa-14baf5d07995", "status": "creating", "size": 1, "availability_zone": "nova", "created_at": "2026-03-01T04:20:41.476908", "updated_at": null, "name": "tempest-VolumesTransfersV357Test-Volume-390857062", "description": null, "volume_type": "3par1", "snapshot_id": null, "source_volid": null, "metadata": {}, "links": [{"rel": "self", "href": "http://10.201.5.130/volume/v3/volumes/6727f979-0247-43e2-bfaa-14baf5d07995"}, {"rel": "bookmark", "href": "http://10.201.5.130/volume/volumes/6727f979-0247-43e2-bfaa-14baf5d07995"}], "user_id": "9a9af554415e48fab10c7bc14ed0e37d", "bootable": "false", "encrypted": false, "replication_status": null, "consistencygroup_id": null, "multiattach": false, "attachments": [], "group_id": null, "shared_targets": true, "service_uuid": null}}'
2026-03-01 04:20:41,569 125145 INFO     [tempest.lib.common.rest_client] Request (VolumesTransfersV357Test:test_create_get_list_accept_volume_transfer): 200 GET http://10.201.5.130/volume/v3/volumes/6727f979-0247-43e2-bfaa-14baf5d07995 0.026s
2026-03-01 04:20:41,569 125145 DEBUG    [tempest.lib.common.rest_client] Request - Headers: {'Content-Type': 'application/json', 'Accept': 'application/json', 'Openstack-Api-Version': 'volume 3.57', 'X-Auth-Token': '<omitted>'}
        Body: None
    Response - Headers: {'date': 'Sun, 01 Mar 2026 04:20:41 GMT', 'server': 'Apache/2.4.58 (Ubuntu)', 'content-type': 'application/json', 'x-compute-request-id': 'req-aa6c3334-10ae-4ce8-8536-d5158f53f289', 'content-length': '885', 'openstack-api-version': 'volume 3.57', 'vary': 'OpenStack-API-Version', 'x-openstack-request-id': 'req-aa6c3334-10ae-4ce8-8536-d5158f53f289', 'connection': 'close', 'status': '200', 'content-location': 'http://10.201.5.130/volume/v3/volumes/6727f979-0247-43e2-bfaa-14baf5d07995'}
        Body: b'{"volume": {"id": "6727f979-0247-43e2-bfaa-14baf5d07995", "status": "creating", "size": 1, "availability_zone": "nova", "created_at": "2026-03-01T04:20:41.000000", "updated_at": null, "name": "tempest-VolumesTransfersV357Test-Volume-390857062", "description": null, "volume_type": "3par1", "snapshot_id": null, "source_volid": null, "metadata": {}, "links": [{"rel": "self", "href": "http://10.201.5.130/volume/v3/volumes/6727f979-0247-43e2-bfaa-14baf5d07995"}, {"rel": "bookmark", "href": "http://10.201.5.130/volume/volumes/6727f979-0247-43e2-bfaa-14baf5d07995"}], "user_id": "9a9af554415e48fab10c7bc14ed0e37d", "bootable": "false", "encrypted": false, "replication_status": null, "consistencygroup_id": null, "multiattach": false, "attachments": [], "group_id": null, "shared_targets": true, "service_uuid": null, "os-vol-tenant-attr:tenant_id": "1e8d119d9f16473bb1ade7a893b1127c"}}'
2026-03-01 04:20:42,609 125145 INFO     [tempest.lib.common.rest_client] Request (VolumesTransfersV357Test:test_create_get_list_accept_volume_transfer): 200 GET http://10.201.5.130/volume/v3/volumes/6727f979-0247-43e2-bfaa-14baf5d07995 0.035s
2026-03-01 04:20:42,609 125145 DEBUG    [tempest.lib.common.rest_client] Request - Headers: {'Content-Ty
    pe': 'application/json', 'Accept': 'application/json', 'Openstack-Api-Version': 'volume 3.57', 'X-Auth-Token': '<omitted>'}
        Body: None
    Response - Headers: {'date': 'Sun, 01 Mar 2026 04:20:42 GMT', 'server': 'Apache/2.4.58 (Ubuntu)', 'content-type': 'application/json', 'x-compute-request-id': 'req-780938ef-ba24-4963-bafc-df90a60f7157', 'content-length': '906', 'openstack-api-version': 'volume 3.57', 'vary': 'OpenStack-API-Version', 'x-openstack-request-id': 'req-780938ef-ba24-4963-bafc-df90a60f7157', 'connection': 'close', 'status': '200', 'content-location': 'http://10.201.5.130/volume/v3/volumes/6727f979-0247-43e2-bfaa-14baf5d07995'}
        Body: b'{"volume": {"id": "6727f979-0247-43e2-bfaa-14baf5d07995", "status": "error", "size": 1, "availability_zone": "nova", "created_at": "2026-03-01T04:20:41.000000", "updated_at": "2026-03-01T04:20:42.000000", "name": "tempest-VolumesTransfersV357Test-Volume-390857062", "description": null, "volume_type": "3par1", "snapshot_id": null, "source_volid": null, "metadata": {}, "links": [{"rel": "self", "href": "http://10.201.5.130/volume/v3/volumes/6727f979-0247-43e2-bfaa-14baf5d07995"}, {"rel": "bookmark", "href": "http://10.201.5.130/volume/volumes/6727f979-0247-43e2-bfaa-14baf5d07995"}], "user_id": "9a9af554415e48fab10c7bc14ed0e37d", "bootable": "false", "encrypted": false, "replication_status": null, "consistencygroup_id": null, "multiattach": false, "attachments": [], "group_id": null, "shared_targets": true, "service_uuid": null, "os-vol-tenant-attr:tenant_id": "1e8d119d9f16473bb1ade7a893b1127c"}}'
2026-03-01 04:20:42,639 125145 INFO     [tempest.lib.common.rest_client] Request (VolumesTransfersV357Test:_run_cleanups): 200 GET http://10.201.5.130/volume/v3/volumes/6727f979-0247-43e2-bfaa-14baf5d07995 0.025s
2026-03-01 04:20:42,640 125145 DEBUG    [tempest.lib.common.rest_client] Request - Headers: {'Content-Type': 'application/json', 'Accept': 'application/json', 'Openstack-Api-Version': 'volume 3.57', 'X-Auth-Token': '<omitted>'}
        Body: None
    Response - Headers: {'date': 'Sun, 01 Mar 2026 04:20:42 GMT', 'server': 'Apache/2.4.58 (Ubuntu)', 'content-type': 'application/json', 'x-compute-request-id': 'req-75f76498-6867-4743-ade5-a09d8a9712c4', 'content-length': '906', 'openstack-api-version': 'volume 3.57', 'vary': 'OpenStack-API-Version', 'x-openstack-request-id': 'req-75f76498-6867-4743-ade5-a09d8a9712c4', 'connection': 'close', 'status': '200', 'content-location': 'http://10.201.5.130/volume/v3/volumes/6727f979-0247-43e2-bfaa-14baf5d07995'}
        Body: b'{"volume": {"id": "6727f979-0247-43e2-bfaa-14baf5d07995", "status": "error", "size": 1, "availability_zone": "nova", "created_at": "2026-03-01T04:20:41.000000", "updated_at": "2026-03-01T04:20:42.000000", "name": "tempest-VolumesTransfersV357Test-Volume-390857062", "description": null, "volume_type": "3par1", "snapshot_id": null, "source_volid": null, "metadata": {}, "links": [{"rel": "self", "href": "http://10.201.5.130/volume/v3/volumes/6727f979-0247-43e2-bfaa-14baf5d07995"}, {"rel": "bookmark", "href": "http://10.201.5.130/volume/volumes/6727f979-0247-43e2-bfaa-14baf5d07995"}], "user_id": "9a9af554415e48fab10c7bc14ed0e37d", "bootable": "false", "encrypted": false, "replication_status": null, "consistencygroup_id": null, "multiattach": false, "attachments": [], "group_id": null, "shared_targets": true, "service_uuid": null, "os-vol-tenant-attr:tenant_id": "1e8d119d9f16473bb1ade7a893b1127c"}}'
2026-03-01 04:20:42,755 125145 INFO     [tempest.lib.common.rest_client] Request (VolumesTransfersV357Test:_run_cleanups): 202 DELETE http://10.201.5.130/volume/v3/volumes/6727f979-0247-43e2-bfaa-14baf5d07995 0.107s
2026-03-01 04:20:42,756 125145 DEBUG    [tempest.lib.common.rest_client] Request - Headers: {'Content-Type': 'application/json', 'Accept': 'application/json', 'Openstack-Api-Version': 'volume 3.57', 'X-Auth-Token': '<omitted>'}
        Body: None
    Response - Headers: {'date': 'Sun, 01 Mar 2026 04:20:42 GMT', 'server': 'Apache/2.4.58 (Ubuntu)', 'content-length': '0', 'content-type': 'text/html; chars
    et=UTF-8', 'openstack-api-version': 'volume 3.57', 'vary': 'OpenStack-API-Version', 'x-openstack-request-id': 'req-2479cb48-9076-4fe4-b151-fd123d6d2d3d', 'connection': 'close', 'status': '202', 'content-location': 'http://10.201.5.130/volume/v3/volumes/6727f979-0247-43e2-bfaa-14baf5d07995'}
        Body: b''
2026-03-01 04:20:42,768 125145 INFO     [tempest.lib.common.rest_client] Request (VolumesTransfersV357Test:_run_cleanups): 404 GET http://10.201.5.130/volume/v3/volumes/6727f979-0247-43e2-bfaa-14baf5d07995 0.012s
2026-03-01 04:20:42,768 125145 DEBUG    [tempest.lib.common.rest_client] Request - Headers: {'Content-Type': 'application/json', 'Accept': 'application/json', 'Openstack-Api-Version': 'volume 3.57', 'X-Auth-Token': '<omitted>'}
        Body: None
    Response - Headers: {'date': 'Sun, 01 Mar 2026 04:20:42 GMT', 'server': 'Apache/2.4.58 (Ubuntu)', 'openstack-api-version': 'volume 3.57', 'vary': 'OpenStack-API-Version', 'content-length': '109', 'content-type': 'application/json', 'x-compute-request-id': 'req-a4c0508a-9eb9-4b51-9388-71eeb86ec13f', 'x-openstack-request-id': 'req-a4c0508a-9eb9-4b51-9388-71eeb86ec13f', 'connection': 'close', 'status': '404', 'content-location': 'http://10.201.5.130/volume/v3/volumes/6727f979-0247-43e2-bfaa-14baf5d07995'}
        Body: b'{"itemNotFound": {"code": 404, "message": "Volume 6727f979-0247-43e2-bfaa-14baf5d07995 could not be found."}}'


tempest.api.volume.test_volume_transfers.VolumesTransfersV357Test.test_create_list_delete_volume_transfer[id-d4b20ec2-e1bb-4068-adcf-6c20020a8e05]
--------------------------------------------------------------------------------------------------------------------------------------------------

Captured traceback:
~~~~~~~~~~~~~~~~~~~
    Traceback (most recent call last):

      File "/opt/stack/tempest/tempest/api/volume/test_volume_transfers.py", line 150, in test_create_list_delete_volume_transfer
    test_create_list_delete_volume_transfer()

      File "/opt/stack/tempest/tempest/api/volume/test_volume_transfers.py", line 131, in test_create_list_delete_volume_transfer
    test_create_list_delete_volume_transfer()

      File "/opt/stack/tempest/tempest/api/volume/test_volume_transfers.py", line 81, in test_create_list_delete_volume_transfer
    volume = self.create_volume()
             ^^^^^^^^^^^^^^^^^^^^

      File "/opt/stack/tempest/tempest/api/volume/base.py", line 144, in create_volume
    waiters.wait_for_volume_resource_status(self.volumes_client,

      File "/opt/stack/tempest/tempest/common/waiters.py", line 379, in wait_for_volume_resource_status
    raise exceptions.VolumeResourceBuildErrorException(

    tempest.exceptions.VolumeResourceBuildErrorException: volume 9168f26a-9b41-424a-81aa-7542c285d299 failed to build and is in ERROR status


Captured pythonlogging:
~~~~~~~~~~~~~~~~~~~~~~~
    2026-03-01 04:20:42,898 125145 INFO     [tempest.lib.common.rest_client] Request (VolumesTransfersV357Test:test_create_list_delete_volume_transfer): 202 POST http://10.201.5.130/volume/v3/volumes 0.128s
2026-03-01 04:20:42,898 125145 DEBUG    [tempest.lib.common.rest_client] Request - Headers: {'Content-Type': 'application/json', 'Accept': 'application/json', 'Openstack-Api-Version': 'volume 3.57', 'X-Auth-Token': '<omitted>'}
        Body: {"volume": {"size": 1, "name": "tempest-VolumesTransfersV357Test-Volume-174066180"}}
    Response - Headers: {'date': 'Sun, 01 Mar 2026 04:20:42 GMT', 'server': 'Apache/2.4.58 (Ubuntu)', 'content-type': 'application/json', 'x-compute-request-id': 'req-8613b9bc-b65a-45c4-979d-738e59a6c1a6', 'content-length': '817', 'openstack-api-version': 'volume 3.57', 'vary': 'OpenStack-API-Version', 'x-openstack-request-id': 'req-8613b9bc-b65a-45c4-979d-738e59a6c1a6', 'connection': 'close', 'status': '202', 'content-location': 'http://10.201.5.130/volume/v3/volumes'}
        Body: b'{"volume": {"id": "9168f26a-9b41-424a-81aa-7542c285d299", "status": "creating", "size": 1, "availability_zone": "nova", "created_at": "2026-03-01T04:20:42.844151", "updated_at": null, "name": "tempest-VolumesTransfersV357Test-Volume-174066180", "description": null, "volume_type": "3par1", "snapshot_id": null, "source_volid": null, "metadata": {}, "links": [{"rel": "self", "href": "http://10.201.5.130/volume/v3/volumes/9168f26a-9b41-424a-81aa-7542c285d299"}, {"rel": "bookmark", "href": "http://10.201.5.130/volume/volumes/9168f26a-9b41-424a-81aa-7542c285d299"}], "user_id": "9a9af554415e48fab10c7bc14ed0e37d", "bootable": "false", "encrypted": false, "replication_status": null, "consistencygroup_id": null, "multiattach": false, "attachments": [], "group_id": null, "shared_targets": true, "service_uuid": null}}'
2026-03-01 04:20:42,920 125145 INFO     [tempest.lib.common.rest_client] Request (VolumesTransfersV357Test:test_create_list_delete_volume_transfer): 200 GET http://10.201.5.130/volume/v3/volumes/9168f26a-9b41-424a-81aa-7542c285d299 0.018s
2026-03-01 04:20:42,920 125145 DEBUG    [tempest.lib.common.rest_client] Request - Headers: {'Content-Type': 'application/json', 'Accept': 'application/json', 'Openstack-Api-Version': 'volume 3.57', 'X-Auth-Token': '<omitted>'}
        Body: None
    Response - Headers: {'date': 'Sun, 01 Mar 2026 04:20:42 GMT', 'server': 'Apache/2.4.58 (Ubuntu)', 'content-type': 'application/json', 'x-compute-request-id': 'req-14100008-c379-4acd-bd37-22c84f3facb3', 'content-length': '885', 'openstack-api-version': 'volume 3.57', 'vary': 'OpenStack-API-Version', 'x-openstack-request-id': 'req-14100008-c379-4acd-bd37-22c84f3facb3', 'connection': 'close', 'status': '200', 'content-location': 'http://10.201.5.130/volume/v3/volumes/9168f26a-9b41-424a-81aa-7542c285d299'}
        Body: b'{"volume": {"id": "9168f26a-9b41-424a-81aa-7542c285d299", "status": "creating", "size": 1, "availability_zone": "nova", "created_at": "2026-03-01T04:20:43.000000", "updated_at": null, "name": "tempest-VolumesTransfersV357Test-Volume-174066180", "description": null, "volume_type": "3par1", "snapshot_id": null, "source_volid": null, "metadata": {}, "links": [{"rel": "self", "href": "http://10.201.5.130/volume/v3/volumes/9168f26a-9b41-424a-81aa-7542c285d299"}, {"rel": "bookmark", "href": "http://10.201.5.130/volume/volumes/9168f26a-9b41-424a-81aa-7542c285d299"}], "user_id": "9a9af554415e48fab10c7bc14ed0e37d", "bootable": "false", "encrypted": false, "replication_status": null, "consistencygroup_id": null, "multiattach": false, "attachments": [], "group_id": null, "shared_targets": true, "service_uuid": null, "os-vol-tenant-attr:tenant_id": "1e8d119d9f16473bb1ade7a893b1127c"}}'
2026-03-01 04:20:43,956 125145 INFO     [tempest.lib.common.rest_client] Request (VolumesTransfersV357Test:test_create_list_delete_volume_transfer): 200 GET http://10.201.5.130/volume/v3/volumes/9168f26a-9b41-424a-81aa-7542c285d299 0.031s
2026-03-01 04:20:43,956 125145 DEBUG    [tempest.lib.common.rest_client] Request - Headers: {'Content-Type': 'applic
    ation/json', 'Accept': 'application/json', 'Openstack-Api-Version': 'volume 3.57', 'X-Auth-Token': '<omitted>'}
        Body: None
    Response - Headers: {'date': 'Sun, 01 Mar 2026 04:20:43 GMT', 'server': 'Apache/2.4.58 (Ubuntu)', 'content-type': 'application/json', 'x-compute-request-id': 'req-5464dad0-7133-423e-963f-b74d2600889d', 'content-length': '906', 'openstack-api-version': 'volume 3.57', 'vary': 'OpenStack-API-Version', 'x-openstack-request-id': 'req-5464dad0-7133-423e-963f-b74d2600889d', 'connection': 'close', 'status': '200', 'content-location': 'http://10.201.5.130/volume/v3/volumes/9168f26a-9b41-424a-81aa-7542c285d299'}
        Body: b'{"volume": {"id": "9168f26a-9b41-424a-81aa-7542c285d299", "status": "error", "size": 1, "availability_zone": "nova", "created_at": "2026-03-01T04:20:43.000000", "updated_at": "2026-03-01T04:20:43.000000", "name": "tempest-VolumesTransfersV357Test-Volume-174066180", "description": null, "volume_type": "3par1", "snapshot_id": null, "source_volid": null, "metadata": {}, "links": [{"rel": "self", "href": "http://10.201.5.130/volume/v3/volumes/9168f26a-9b41-424a-81aa-7542c285d299"}, {"rel": "bookmark", "href": "http://10.201.5.130/volume/volumes/9168f26a-9b41-424a-81aa-7542c285d299"}], "user_id": "9a9af554415e48fab10c7bc14ed0e37d", "bootable": "false", "encrypted": false, "replication_status": null, "consistencygroup_id": null, "multiattach": false, "attachments": [], "group_id": null, "shared_targets": true, "service_uuid": null, "os-vol-tenant-attr:tenant_id": "1e8d119d9f16473bb1ade7a893b1127c"}}'
2026-03-01 04:20:43,995 125145 INFO     [tempest.lib.common.rest_client] Request (VolumesTransfersV357Test:_run_cleanups): 200 GET http://10.201.5.130/volume/v3/volumes/9168f26a-9b41-424a-81aa-7542c285d299 0.034s
2026-03-01 04:20:43,995 125145 DEBUG    [tempest.lib.common.rest_client] Request - Headers: {'Content-Type': 'application/json', 'Accept': 'application/json', 'Openstack-Api-Version': 'volume 3.57', 'X-Auth-Token': '<omitted>'}
        Body: None
    Response - Headers: {'date': 'Sun, 01 Mar 2026 04:20:43 GMT', 'server': 'Apache/2.4.58 (Ubuntu)', 'content-type': 'application/json', 'x-compute-request-id': 'req-9013c471-e8d9-44a7-8035-733d64216a08', 'content-length': '906', 'openstack-api-version': 'volume 3.57', 'vary': 'OpenStack-API-Version', 'x-openstack-request-id': 'req-9013c471-e8d9-44a7-8035-733d64216a08', 'connection': 'close', 'status': '200', 'content-location': 'http://10.201.5.130/volume/v3/volumes/9168f26a-9b41-424a-81aa-7542c285d299'}
        Body: b'{"volume": {"id": "9168f26a-9b41-424a-81aa-7542c285d299", "status": "error", "size": 1, "availability_zone": "nova", "created_at": "2026-03-01T04:20:43.000000", "updated_at": "2026-03-01T04:20:43.000000", "name": "tempest-VolumesTransfersV357Test-Volume-174066180", "description": null, "volume_type": "3par1", "snapshot_id": null, "source_volid": null, "metadata": {}, "links": [{"rel": "self", "href": "http://10.201.5.130/volume/v3/volumes/9168f26a-9b41-424a-81aa-7542c285d299"}, {"rel": "bookmark", "href": "http://10.201.5.130/volume/volumes/9168f26a-9b41-424a-81aa-7542c285d299"}], "user_id": "9a9af554415e48fab10c7bc14ed0e37d", "bootable": "false", "encrypted": false, "replication_status": null, "consistencygroup_id": null, "multiattach": false, "attachments": [], "group_id": null, "shared_targets": true, "service_uuid": null, "os-vol-tenant-attr:tenant_id": "1e8d119d9f16473bb1ade7a893b1127c"}}'
2026-03-01 04:20:44,175 125145 INFO     [tempest.lib.common.rest_client] Request (VolumesTransfersV357Test:_run_cleanups): 202 DELETE http://10.201.5.130/volume/v3/volumes/9168f26a-9b41-424a-81aa-7542c285d299 0.172s
2026-03-01 04:20:44,176 125145 DEBUG    [tempest.lib.common.rest_client] Request - Headers: {'Content-Type': 'application/json', 'Accept': 'application/json', 'Openstack-Api-Version': 'volume 3.57', 'X-Auth-Token': '<omitted>'}
        Body: None
    Response - Headers: {'date': 'Sun, 01 Mar 2026 04:20:44 GMT', 'server': 'Apache/2.4.58 (Ubuntu)', 'content-length': '0', 'content-type': 'text/html; charset=UTF-8', '
    openstack-api-version': 'volume 3.57', 'vary': 'OpenStack-API-Version', 'x-openstack-request-id': 'req-90ca4989-7025-4f93-b3fa-cc7a693afd91', 'connection': 'close', 'status': '202', 'content-location': 'http://10.201.5.130/volume/v3/volumes/9168f26a-9b41-424a-81aa-7542c285d299'}
        Body: b''
2026-03-01 04:20:44,194 125145 INFO     [tempest.lib.common.rest_client] Request (VolumesTransfersV357Test:_run_cleanups): 404 GET http://10.201.5.130/volume/v3/volumes/9168f26a-9b41-424a-81aa-7542c285d299 0.018s
2026-03-01 04:20:44,195 125145 DEBUG    [tempest.lib.common.rest_client] Request - Headers: {'Content-Type': 'application/json', 'Accept': 'application/json', 'Openstack-Api-Version': 'volume 3.57', 'X-Auth-Token': '<omitted>'}
        Body: None
    Response - Headers: {'date': 'Sun, 01 Mar 2026 04:20:44 GMT', 'server': 'Apache/2.4.58 (Ubuntu)', 'openstack-api-version': 'volume 3.57', 'vary': 'OpenStack-API-Version', 'content-length': '109', 'content-type': 'application/json', 'x-compute-request-id': 'req-2976fd05-9bd7-4330-a326-fbdf3c288a6b', 'x-openstack-request-id': 'req-2976fd05-9bd7-4330-a326-fbdf3c288a6b', 'connection': 'close', 'status': '404', 'content-location': 'http://10.201.5.130/volume/v3/volumes/9168f26a-9b41-424a-81aa-7542c285d299'}
        Body: b'{"itemNotFound": {"code": 404, "message": "Volume 9168f26a-9b41-424a-81aa-7542c285d299 could not be found."}}'


tempest.api.volume.test_volumes_clone.VolumesCloneTest.test_create_from_volume[id-9adae371-a257-43a5-9555-dc7c88e66e0e]
-----------------------------------------------------------------------------------------------------------------------

Captured traceback:
~~~~~~~~~~~~~~~~~~~
    Traceback (most recent call last):

      File "/opt/stack/tempest/tempest/api/volume/test_volumes_clone.py", line 54, in test_create_from_volume
    src_vol = self.create_volume(size=src_size)
              ^^^^^^^^^^^^^^^^^^^^^^^^^^^^^^^^^

      File "/opt/stack/tempest/tempest/api/volume/base.py", line 144, in create_volume
    waiters.wait_for_volume_resource_status(self.volumes_client,

      File "/opt/stack/tempest/tempest/common/waiters.py", line 379, in wait_for_volume_resource_status
    raise exceptions.VolumeResourceBuildErrorException(

    tempest.exceptions.VolumeResourceBuildErrorException: volume 27bb8407-4da4-426a-8c9c-f63a7df6f9bd failed to build and is in ERROR status


Captured pythonlogging:
~~~~~~~~~~~~~~~~~~~~~~~
    2026-03-01 04:20:46,973 125145 INFO     [tempest.lib.common.rest_client] Request (VolumesCloneTest:test_create_from_volume): 202 POST http://10.201.5.130/volume/v3/volumes 0.274s
2026-03-01 04:20:46,974 125145 DEBUG    [tempest.lib.common.rest_client] Request - Headers: {'Content-Type': 'application/json', 'Accept': 'application/json', 'X-Auth-Token': '<omitted>'}
        Body: {"volume": {"size": 1, "name": "tempest-VolumesCloneTest-Volume-217223499"}}
    Response - Headers: {'date': 'Sun, 01 Mar 2026 04:20:46 GMT', 'server': 'Apache/2.4.58 (Ubuntu)', 'content-type': 'application/json', 'x-compute-request-id': 'req-7c5dec72-8774-4bd3-a2da-9e0264aa068c', 'content-length': '745', 'openstack-api-version': 'volume 3.0', 'vary': 'OpenStack-API-Version', 'x-openstack-request-id': 'req-7c5dec72-8774-4bd3-a2da-9e0264aa068c', 'connection': 'close', 'status': '202', 'content-location': 'http://10.201.5.130/volume/v3/volumes'}
        Body: b'{"volume": {"id": "27bb8407-4da4-426a-8c9c-f63a7df6f9bd", "status": "creating", "size": 1, "availability_zone": "nova", "created_at": "2026-03-01T04:20:46.857813", "updated_at": null, "name": "tempest-VolumesCloneTest-Volume-217223499", "description": null, "volume_type": "3par1", "snapshot_id": null, "source_volid": null, "metadata": {}, "links": [{"rel": "self", "href": "http://10.201.5.130/volume/v3/volumes/27bb8407-4da4-426a-8c9c-f63a7df6f9bd"}, {"rel": "bookmark", "href": "http://10.201.5.130/volume/volumes/27bb8407-4da4-426a-8c9c-f63a7df6f9bd"}], "user_id": "a79e35be2b734cc19174c2846ea7110f", "bootable": "false", "encrypted": false, "replication_status": null, "consistencygroup_id": null, "multiattach": false, "attachments": []}}'
2026-03-01 04:20:47,004 125145 INFO     [tempest.lib.common.rest_client] Request (VolumesCloneTest:test_create_from_volume): 200 GET http://10.201.5.130/volume/v3/volumes/27bb8407-4da4-426a-8c9c-f63a7df6f9bd 0.019s
2026-03-01 04:20:47,004 125145 DEBUG    [tempest.lib.common.rest_client] Request - Headers: {'Content-Type': 'application/json', 'Accept': 'application/json', 'X-Auth-Token': '<omitted>'}
        Body: None
    Response - Headers: {'date': 'Sun, 01 Mar 2026 04:20:46 GMT', 'server': 'Apache/2.4.58 (Ubuntu)', 'content-type': 'application/json', 'x-compute-request-id': 'req-2fd302b1-74e7-40cc-b298-5dc2d85b5fab', 'content-length': '813', 'openstack-api-version': 'volume 3.0', 'vary': 'OpenStack-API-Version', 'x-openstack-request-id': 'req-2fd302b1-74e7-40cc-b298-5dc2d85b5fab', 'connection': 'close', 'status': '200', 'content-location': 'http://10.201.5.130/volume/v3/volumes/27bb8407-4da4-426a-8c9c-f63a7df6f9bd'}
        Body: b'{"volume": {"id": "27bb8407-4da4-426a-8c9c-f63a7df6f9bd", "status": "creating", "size": 1, "availability_zone": "nova", "created_at": "2026-03-01T04:20:47.000000", "updated_at": null, "name": "tempest-VolumesCloneTest-Volume-217223499", "description": null, "volume_type": "3par1", "snapshot_id": null, "source_volid": null, "metadata": {}, "links": [{"rel": "self", "href": "http://10.201.5.130/volume/v3/volumes/27bb8407-4da4-426a-8c9c-f63a7df6f9bd"}, {"rel": "bookmark", "href": "http://10.201.5.130/volume/volumes/27bb8407-4da4-426a-8c9c-f63a7df6f9bd"}], "user_id": "a79e35be2b734cc19174c2846ea7110f", "bootable": "false", "encrypted": false, "replication_status": null, "consistencygroup_id": null, "multiattach": false, "attachments": [], "os-vol-tenant-attr:tenant_id": "a7ebbe55ee17470a909f56b6d497015a"}}'
2026-03-01 04:20:48,045 125145 INFO     [tempest.lib.common.rest_client] Request (VolumesCloneTest:test_create_from_volume): 200 GET http://10.201.5.130/volume/v3/volumes/27bb8407-4da4-426a-8c9c-f63a7df6f9bd 0.034s
2026-03-01 04:20:48,045 125145 DEBUG    [tempest.lib.common.rest_client] Request - Headers: {'Content-Type': 'application/json', 'Accept': 'application/json', 'X-Auth-Token': '<omitted>'}
        Body: None
    Response - Headers: {'date': 'Sun, 01 Mar 2026 04:20:48 GMT', 'server': 'Apache/2.4.58 (Ubuntu)', 'content-type': 'application/json', 'x-compute-request-id': 'req-962efce7-6275-4c57-9bc3-ccfb62b1e8d8', 'content-
    length': '834', 'openstack-api-version': 'volume 3.0', 'vary': 'OpenStack-API-Version', 'x-openstack-request-id': 'req-962efce7-6275-4c57-9bc3-ccfb62b1e8d8', 'connection': 'close', 'status': '200', 'content-location': 'http://10.201.5.130/volume/v3/volumes/27bb8407-4da4-426a-8c9c-f63a7df6f9bd'}
        Body: b'{"volume": {"id": "27bb8407-4da4-426a-8c9c-f63a7df6f9bd", "status": "error", "size": 1, "availability_zone": "nova", "created_at": "2026-03-01T04:20:47.000000", "updated_at": "2026-03-01T04:20:47.000000", "name": "tempest-VolumesCloneTest-Volume-217223499", "description": null, "volume_type": "3par1", "snapshot_id": null, "source_volid": null, "metadata": {}, "links": [{"rel": "self", "href": "http://10.201.5.130/volume/v3/volumes/27bb8407-4da4-426a-8c9c-f63a7df6f9bd"}, {"rel": "bookmark", "href": "http://10.201.5.130/volume/volumes/27bb8407-4da4-426a-8c9c-f63a7df6f9bd"}], "user_id": "a79e35be2b734cc19174c2846ea7110f", "bootable": "false", "encrypted": false, "replication_status": null, "consistencygroup_id": null, "multiattach": false, "attachments": [], "os-vol-tenant-attr:tenant_id": "a7ebbe55ee17470a909f56b6d497015a"}}'
2026-03-01 04:20:48,086 125145 INFO     [tempest.lib.common.rest_client] Request (VolumesCloneTest:_run_cleanups): 200 GET http://10.201.5.130/volume/v3/volumes/27bb8407-4da4-426a-8c9c-f63a7df6f9bd 0.031s
2026-03-01 04:20:48,086 125145 DEBUG    [tempest.lib.common.rest_client] Request - Headers: {'Content-Type': 'application/json', 'Accept': 'application/json', 'X-Auth-Token': '<omitted>'}
        Body: None
    Response - Headers: {'date': 'Sun, 01 Mar 2026 04:20:48 GMT', 'server': 'Apache/2.4.58 (Ubuntu)', 'content-type': 'application/json', 'x-compute-request-id': 'req-06ed083b-e4f4-49ff-9701-f975600943b5', 'content-length': '834', 'openstack-api-version': 'volume 3.0', 'vary': 'OpenStack-API-Version', 'x-openstack-request-id': 'req-06ed083b-e4f4-49ff-9701-f975600943b5', 'connection': 'close', 'status': '200', 'content-location': 'http://10.201.5.130/volume/v3/volumes/27bb8407-4da4-426a-8c9c-f63a7df6f9bd'}
        Body: b'{"volume": {"id": "27bb8407-4da4-426a-8c9c-f63a7df6f9bd", "status": "error", "size": 1, "availability_zone": "nova", "created_at": "2026-03-01T04:20:47.000000", "updated_at": "2026-03-01T04:20:47.000000", "name": "tempest-VolumesCloneTest-Volume-217223499", "description": null, "volume_type": "3par1", "snapshot_id": null, "source_volid": null, "metadata": {}, "links": [{"rel": "self", "href": "http://10.201.5.130/volume/v3/volumes/27bb8407-4da4-426a-8c9c-f63a7df6f9bd"}, {"rel": "bookmark", "href": "http://10.201.5.130/volume/volumes/27bb8407-4da4-426a-8c9c-f63a7df6f9bd"}], "user_id": "a79e35be2b734cc19174c2846ea7110f", "bootable": "false", "encrypted": false, "replication_status": null, "consistencygroup_id": null, "multiattach": false, "attachments": [], "os-vol-tenant-attr:tenant_id": "a7ebbe55ee17470a909f56b6d497015a"}}'
2026-03-01 04:20:48,322 125145 INFO     [tempest.lib.common.rest_client] Request (VolumesCloneTest:_run_cleanups): 202 DELETE http://10.201.5.130/volume/v3/volumes/27bb8407-4da4-426a-8c9c-f63a7df6f9bd 0.228s
2026-03-01 04:20:48,323 125145 DEBUG    [tempest.lib.common.rest_client] Request - Headers: {'Content-Type': 'application/json', 'Accept': 'application/json', 'X-Auth-Token': '<omitted>'}
        Body: None
    Response - Headers: {'date': 'Sun, 01 Mar 2026 04:20:48 GMT', 'server': 'Apache/2.4.58 (Ubuntu)', 'content-length': '0', 'content-type': 'text/html; charset=UTF-8', 'openstack-api-version': 'volume 3.0', 'vary': 'OpenStack-API-Version', 'x-openstack-request-id': 'req-02a8adfd-28e9-4a69-9a13-1d5a579919b3', 'connection': 'close', 'status': '202', 'content-location': 'http://10.201.5.130/volume/v3/volumes/27bb8407-4da4-426a-8c9c-f63a7df6f9bd'}
        Body: b''
2026-03-01 04:20:48,337 125145 INFO     [tempest.lib.common.rest_client] Request (VolumesCloneTest:_run_cleanups): 404 GET http://10.201.5.130/volume/v3/volumes/27bb8407-4da4-426a-8c9c-f63a7df6f9bd 0.013s
2026-03-01 04:20:48,337 125145 DEBUG    [tempest.lib.common.rest_client] Request - Hea
    ders: {'Content-Type': 'application/json', 'Accept': 'application/json', 'X-Auth-Token': '<omitted>'}
        Body: None
    Response - Headers: {'date': 'Sun, 01 Mar 2026 04:20:48 GMT', 'server': 'Apache/2.4.58 (Ubuntu)', 'openstack-api-version': 'volume 3.0', 'vary': 'OpenStack-API-Version', 'content-length': '109', 'content-type': 'application/json', 'x-compute-request-id': 'req-d55c6137-8c53-425b-abc4-c202d2e8841a', 'x-openstack-request-id': 'req-d55c6137-8c53-425b-abc4-c202d2e8841a', 'connection': 'close', 'status': '404', 'content-location': 'http://10.201.5.130/volume/v3/volumes/27bb8407-4da4-426a-8c9c-f63a7df6f9bd'}
        Body: b'{"itemNotFound": {"code": 404, "message": "Volume 27bb8407-4da4-426a-8c9c-f63a7df6f9bd could not be found."}}'


tempest.api.volume.test_volumes_clone_negative.VolumesCloneNegativeTest.test_create_from_volume_decreasing_size[id-9adae371-a257-43a5-459a-dc7c88e66e0e,negative]
-----------------------------------------------------------------------------------------------------------------------------------------------------------------

Captured traceback:
~~~~~~~~~~~~~~~~~~~
    Traceback (most recent call last):

      File "/opt/stack/tempest/tempest/api/volume/test_volumes_clone_negative.py", line 40, in test_create_from_volume_decreasing_size
    src_vol = self.create_volume(size=src_size)
              ^^^^^^^^^^^^^^^^^^^^^^^^^^^^^^^^^

      File "/opt/stack/tempest/tempest/api/volume/base.py", line 144, in create_volume
    waiters.wait_for_volume_resource_status(self.volumes_client,

      File "/opt/stack/tempest/tempest/common/waiters.py", line 379, in wait_for_volume_resource_status
    raise exceptions.VolumeResourceBuildErrorException(

    tempest.exceptions.VolumeResourceBuildErrorException: volume f38a529d-f7e4-4107-bbda-f336ecb48efa failed to build and is in ERROR status


Captured pythonlogging:
~~~~~~~~~~~~~~~~~~~~~~~
    2026-03-01 04:20:49,876 125145 INFO     [tempest.lib.common.rest_client] Request (VolumesCloneNegativeTest:test_create_from_volume_decreasing_size): 202 POST http://10.201.5.130/volume/v3/volumes 0.252s
2026-03-01 04:20:49,876 125145 DEBUG    [tempest.lib.common.rest_client] Request - Headers: {'Content-Type': 'application/json', 'Accept': 'application/json', 'X-Auth-Token': '<omitted>'}
        Body: {"volume": {"size": 2, "name": "tempest-VolumesCloneNegativeTest-Volume-588851084"}}
    Response - Headers: {'date': 'Sun, 01 Mar 2026 04:20:49 GMT', 'server': 'Apache/2.4.58 (Ubuntu)', 'content-type': 'application/json', 'x-compute-request-id': 'req-90777df1-028d-4f8e-8bd5-07042964a534', 'content-length': '753', 'openstack-api-version': 'volume 3.0', 'vary': 'OpenStack-API-Version', 'x-openstack-request-id': 'req-90777df1-028d-4f8e-8bd5-07042964a534', 'connection': 'close', 'status': '202', 'content-location': 'http://10.201.5.130/volume/v3/volumes'}
        Body: b'{"volume": {"id": "f38a529d-f7e4-4107-bbda-f336ecb48efa", "status": "creating", "size": 2, "availability_zone": "nova", "created_at": "2026-03-01T04:20:49.778242", "updated_at": null, "name": "tempest-VolumesCloneNegativeTest-Volume-588851084", "description": null, "volume_type": "3par1", "snapshot_id": null, "source_volid": null, "metadata": {}, "links": [{"rel": "self", "href": "http://10.201.5.130/volume/v3/volumes/f38a529d-f7e4-4107-bbda-f336ecb48efa"}, {"rel": "bookmark", "href": "http://10.201.5.130/volume/volumes/f38a529d-f7e4-4107-bbda-f336ecb48efa"}], "user_id": "f3710e1153e643a1937bc18d556bd600", "bootable": "false", "encrypted": false, "replication_status": null, "consistencygroup_id": null, "multiattach": false, "attachments": []}}'
2026-03-01 04:20:49,901 125145 INFO     [tempest.lib.common.rest_client] Request (VolumesCloneNegativeTest:test_create_from_volume_decreasing_size): 200 GET http://10.201.5.130/volume/v3/volumes/f38a529d-f7e4-4107-bbda-f336ecb48efa 0.019s
2026-03-01 04:20:49,901 125145 DEBUG    [tempest.lib.common.rest_client] Request - Headers: {'Content-Type': 'application/json', 'Accept': 'application/json', 'X-Auth-Token': '<omitted>'}
        Body: None
    Response - Headers: {'date': 'Sun, 01 Mar 2026 04:20:49 GMT', 'server': 'Apache/2.4.58 (Ubuntu)', 'content-type': 'application/json', 'x-compute-request-id': 'req-62505877-a35c-4603-9eb5-5309666eff46', 'content-length': '821', 'openstack-api-version': 'volume 3.0', 'vary': 'OpenStack-API-Version', 'x-openstack-request-id': 'req-62505877-a35c-4603-9eb5-5309666eff46', 'connection': 'close', 'status': '200', 'content-location': 'http://10.201.5.130/volume/v3/volumes/f38a529d-f7e4-4107-bbda-f336ecb48efa'}
        Body: b'{"volume": {"id": "f38a529d-f7e4-4107-bbda-f336ecb48efa", "status": "creating", "size": 2, "availability_zone": "nova", "created_at": "2026-03-01T04:20:50.000000", "updated_at": null, "name": "tempest-VolumesCloneNegativeTest-Volume-588851084", "description": null, "volume_type": "3par1", "snapshot_id": null, "source_volid": null, "metadata": {}, "links": [{"rel": "self", "href": "http://10.201.5.130/volume/v3/volumes/f38a529d-f7e4-4107-bbda-f336ecb48efa"}, {"rel": "bookmark", "href": "http://10.201.5.130/volume/volumes/f38a529d-f7e4-4107-bbda-f336ecb48efa"}], "user_id": "f3710e1153e643a1937bc18d556bd600", "bootable": "false", "encrypted": false, "replication_status": null, "consistencygroup_id": null, "multiattach": false, "attachments": [], "os-vol-tenant-attr:tenant_id": "6cb987dd8658422d8ce77482d9f4090c"}}'
2026-03-01 04:20:50,937 125145 INFO     [tempest.lib.common.rest_client] Request (VolumesCloneNegativeTest:test_create_from_volume_decreasing_size): 200 GET http://10.201.5.130/volume/v3/volumes/f38a529d-f7e4-4107-bbda-f336ecb48efa 0.031s
2026-03-01 04:20:50,937 125145 DEBUG    [tempest.lib.common.rest_client] Request - Headers: {'Content-Type': 'application/json', 'Accept': 'application/json', 'X-Auth-Token': '<omitted>'}
        Body: None
    Response - Headers: {'date': 'Sun, 01 Mar 2026 04:20:50 GMT', 'server': 'Apache/2.4.58 (Ubuntu)', 'content-type': '
    application/json', 'x-compute-request-id': 'req-bd903687-92d0-4807-860e-6cce069f14f9', 'content-length': '842', 'openstack-api-version': 'volume 3.0', 'vary': 'OpenStack-API-Version', 'x-openstack-request-id': 'req-bd903687-92d0-4807-860e-6cce069f14f9', 'connection': 'close', 'status': '200', 'content-location': 'http://10.201.5.130/volume/v3/volumes/f38a529d-f7e4-4107-bbda-f336ecb48efa'}
        Body: b'{"volume": {"id": "f38a529d-f7e4-4107-bbda-f336ecb48efa", "status": "error", "size": 2, "availability_zone": "nova", "created_at": "2026-03-01T04:20:50.000000", "updated_at": "2026-03-01T04:20:50.000000", "name": "tempest-VolumesCloneNegativeTest-Volume-588851084", "description": null, "volume_type": "3par1", "snapshot_id": null, "source_volid": null, "metadata": {}, "links": [{"rel": "self", "href": "http://10.201.5.130/volume/v3/volumes/f38a529d-f7e4-4107-bbda-f336ecb48efa"}, {"rel": "bookmark", "href": "http://10.201.5.130/volume/volumes/f38a529d-f7e4-4107-bbda-f336ecb48efa"}], "user_id": "f3710e1153e643a1937bc18d556bd600", "bootable": "false", "encrypted": false, "replication_status": null, "consistencygroup_id": null, "multiattach": false, "attachments": [], "os-vol-tenant-attr:tenant_id": "6cb987dd8658422d8ce77482d9f4090c"}}'
2026-03-01 04:20:50,965 125145 INFO     [tempest.lib.common.rest_client] Request (VolumesCloneNegativeTest:_run_cleanups): 200 GET http://10.201.5.130/volume/v3/volumes/f38a529d-f7e4-4107-bbda-f336ecb48efa 0.022s
2026-03-01 04:20:50,965 125145 DEBUG    [tempest.lib.common.rest_client] Request - Headers: {'Content-Type': 'application/json', 'Accept': 'application/json', 'X-Auth-Token': '<omitted>'}
        Body: None
    Response - Headers: {'date': 'Sun, 01 Mar 2026 04:20:50 GMT', 'server': 'Apache/2.4.58 (Ubuntu)', 'content-type': 'application/json', 'x-compute-request-id': 'req-97027b73-2ccc-4d59-9bca-1668b9faa4b5', 'content-length': '842', 'openstack-api-version': 'volume 3.0', 'vary': 'OpenStack-API-Version', 'x-openstack-request-id': 'req-97027b73-2ccc-4d59-9bca-1668b9faa4b5', 'connection': 'close', 'status': '200', 'content-location': 'http://10.201.5.130/volume/v3/volumes/f38a529d-f7e4-4107-bbda-f336ecb48efa'}
        Body: b'{"volume": {"id": "f38a529d-f7e4-4107-bbda-f336ecb48efa", "status": "error", "size": 2, "availability_zone": "nova", "created_at": "2026-03-01T04:20:50.000000", "updated_at": "2026-03-01T04:20:50.000000", "name": "tempest-VolumesCloneNegativeTest-Volume-588851084", "description": null, "volume_type": "3par1", "snapshot_id": null, "source_volid": null, "metadata": {}, "links": [{"rel": "self", "href": "http://10.201.5.130/volume/v3/volumes/f38a529d-f7e4-4107-bbda-f336ecb48efa"}, {"rel": "bookmark", "href": "http://10.201.5.130/volume/volumes/f38a529d-f7e4-4107-bbda-f336ecb48efa"}], "user_id": "f3710e1153e643a1937bc18d556bd600", "bootable": "false", "encrypted": false, "replication_status": null, "consistencygroup_id": null, "multiattach": false, "attachments": [], "os-vol-tenant-attr:tenant_id": "6cb987dd8658422d8ce77482d9f4090c"}}'
2026-03-01 04:20:51,080 125145 INFO     [tempest.lib.common.rest_client] Request (VolumesCloneNegativeTest:_run_cleanups): 202 DELETE http://10.201.5.130/volume/v3/volumes/f38a529d-f7e4-4107-bbda-f336ecb48efa 0.111s
2026-03-01 04:20:51,081 125145 DEBUG    [tempest.lib.common.rest_client] Request - Headers: {'Content-Type': 'application/json', 'Accept': 'application/json', 'X-Auth-Token': '<omitted>'}
        Body: None
    Response - Headers: {'date': 'Sun, 01 Mar 2026 04:20:50 GMT', 'server': 'Apache/2.4.58 (Ubuntu)', 'content-length': '0', 'content-type': 'text/html; charset=UTF-8', 'openstack-api-version': 'volume 3.0', 'vary': 'OpenStack-API-Version', 'x-openstack-request-id': 'req-326945e8-809c-4d5e-815e-ca67db367fc4', 'connection': 'close', 'status': '202', 'content-location': 'http://10.201.5.130/volume/v3/volumes/f38a529d-f7e4-4107-bbda-f336ecb48efa'}
        Body: b''
2026-03-01 04:20:51,092 125145 INFO     [tempest.lib.common.rest_client] Request (VolumesCloneNegativeTest:_run_cleanups): 404 GET http://10.201.5.130/volume/v3/vo
    lumes/f38a529d-f7e4-4107-bbda-f336ecb48efa 0.011s
2026-03-01 04:20:51,092 125145 DEBUG    [tempest.lib.common.rest_client] Request - Headers: {'Content-Type': 'application/json', 'Accept': 'application/json', 'X-Auth-Token': '<omitted>'}
        Body: None
    Response - Headers: {'date': 'Sun, 01 Mar 2026 04:20:51 GMT', 'server': 'Apache/2.4.58 (Ubuntu)', 'openstack-api-version': 'volume 3.0', 'vary': 'OpenStack-API-Version', 'content-length': '109', 'content-type': 'application/json', 'x-compute-request-id': 'req-bad7d031-e56f-4398-86eb-917744624421', 'x-openstack-request-id': 'req-bad7d031-e56f-4398-86eb-917744624421', 'connection': 'close', 'status': '404', 'content-location': 'http://10.201.5.130/volume/v3/volumes/f38a529d-f7e4-4107-bbda-f336ecb48efa'}
        Body: b'{"itemNotFound": {"code": 404, "message": "Volume f38a529d-f7e4-4107-bbda-f336ecb48efa could not be found."}}'


tempest.api.volume.test_volumes_get.VolumesGetTest.test_volume_create_get_update_delete[id-27fb0e9f-fb64-41dd-8bdb-1ffa762f0d51,smoke]
--------------------------------------------------------------------------------------------------------------------------------------

Captured traceback:
~~~~~~~~~~~~~~~~~~~
    Traceback (most recent call last):

      File "/opt/stack/tempest/tempest/api/volume/test_volumes_get.py", line 117, in test_volume_create_get_update_delete
    self._volume_create_get_update_delete(size=CONF.volume.volume_size)

      File "/opt/stack/tempest/tempest/api/volume/test_volumes_get.py", line 40, in _volume_create_get_update_delete
    volume = self.create_volume(wait_until='available', **kwargs)
             ^^^^^^^^^^^^^^^^^^^^^^^^^^^^^^^^^^^^^^^^^^^^^^^^^^^^

      File "/opt/stack/tempest/tempest/api/volume/base.py", line 144, in create_volume
    waiters.wait_for_volume_resource_status(self.volumes_client,

      File "/opt/stack/tempest/tempest/common/waiters.py", line 379, in wait_for_volume_resource_status
    raise exceptions.VolumeResourceBuildErrorException(

    tempest.exceptions.VolumeResourceBuildErrorException: volume 65e6b472-55dc-4e6b-b2a0-4591ff396eb4 failed to build and is in ERROR status


Captured pythonlogging:
~~~~~~~~~~~~~~~~~~~~~~~
    2026-03-01 04:20:52,665 125145 INFO     [tempest.lib.common.rest_client] Request (VolumesGetTest:test_volume_create_get_update_delete): 202 POST http://10.201.5.130/volume/v3/volumes 0.341s
2026-03-01 04:20:52,665 125145 DEBUG    [tempest.lib.common.rest_client] Request - Headers: {'Content-Type': 'application/json', 'Accept': 'application/json', 'X-Auth-Token': '<omitted>'}
        Body: {"volume": {"size": 1, "name": "tempest-VolumesGetTest-Volume-1013516103", "metadata": {"Type": "Test"}}}
    Response - Headers: {'date': 'Sun, 01 Mar 2026 04:20:52 GMT', 'server': 'Apache/2.4.58 (Ubuntu)', 'content-type': 'application/json', 'x-compute-request-id': 'req-14729097-db5c-4c29-aecb-e0668376f6f7', 'content-length': '758', 'openstack-api-version': 'volume 3.0', 'vary': 'OpenStack-API-Version', 'x-openstack-request-id': 'req-14729097-db5c-4c29-aecb-e0668376f6f7', 'connection': 'close', 'status': '202', 'content-location': 'http://10.201.5.130/volume/v3/volumes'}
        Body: b'{"volume": {"id": "65e6b472-55dc-4e6b-b2a0-4591ff396eb4", "status": "creating", "size": 1, "availability_zone": "nova", "created_at": "2026-03-01T04:20:52.553897", "updated_at": null, "name": "tempest-VolumesGetTest-Volume-1013516103", "description": null, "volume_type": "3par1", "snapshot_id": null, "source_volid": null, "metadata": {"Type": "Test"}, "links": [{"rel": "self", "href": "http://10.201.5.130/volume/v3/volumes/65e6b472-55dc-4e6b-b2a0-4591ff396eb4"}, {"rel": "bookmark", "href": "http://10.201.5.130/volume/volumes/65e6b472-55dc-4e6b-b2a0-4591ff396eb4"}], "user_id": "3dcf2dd8af8f41d1906b295c1d891be6", "bootable": "false", "encrypted": false, "replication_status": null, "consistencygroup_id": null, "multiattach": false, "attachments": []}}'
2026-03-01 04:20:52,696 125145 INFO     [tempest.lib.common.rest_client] Request (VolumesGetTest:test_volume_create_get_update_delete): 200 GET http://10.201.5.130/volume/v3/volumes/65e6b472-55dc-4e6b-b2a0-4591ff396eb4 0.027s
2026-03-01 04:20:52,696 125145 DEBUG    [tempest.lib.common.rest_client] Request - Headers: {'Content-Type': 'application/json', 'Accept': 'application/json', 'X-Auth-Token': '<omitted>'}
        Body: None
    Response - Headers: {'date': 'Sun, 01 Mar 2026 04:20:52 GMT', 'server': 'Apache/2.4.58 (Ubuntu)', 'content-type': 'application/json', 'x-compute-request-id': 'req-288b2b8e-95c7-40bc-9e34-2aa00b8cf8a0', 'content-length': '826', 'openstack-api-version': 'volume 3.0', 'vary': 'OpenStack-API-Version', 'x-openstack-request-id': 'req-288b2b8e-95c7-40bc-9e34-2aa00b8cf8a0', 'connection': 'close', 'status': '200', 'content-location': 'http://10.201.5.130/volume/v3/volumes/65e6b472-55dc-4e6b-b2a0-4591ff396eb4'}
        Body: b'{"volume": {"id": "65e6b472-55dc-4e6b-b2a0-4591ff396eb4", "status": "creating", "size": 1, "availability_zone": "nova", "created_at": "2026-03-01T04:20:53.000000", "updated_at": null, "name": "tempest-VolumesGetTest-Volume-1013516103", "description": null, "volume_type": "3par1", "snapshot_id": null, "source_volid": null, "metadata": {"Type": "Test"}, "links": [{"rel": "self", "href": "http://10.201.5.130/volume/v3/volumes/65e6b472-55dc-4e6b-b2a0-4591ff396eb4"}, {"rel": "bookmark", "href": "http://10.201.5.130/volume/volumes/65e6b472-55dc-4e6b-b2a0-4591ff396eb4"}], "user_id": "3dcf2dd8af8f41d1906b295c1d891be6", "bootable": "false", "encrypted": false, "replication_status": null, "consistencygroup_id": null, "multiattach": false, "attachments": [], "os-vol-tenant-attr:tenant_id": "571deb61cd9a4cc29e315988b239b004"}}'
2026-03-01 04:20:53,736 125145 INFO     [tempest.lib.common.rest_client] Request (VolumesGetTest:test_volume_create_get_update_delete): 200 GET http://10.201.5.130/volume/v3/volumes/65e6b472-55dc-4e6b-b2a0-4591ff396eb4 0.029s
2026-03-01 04:20:53,736 125145 DEBUG    [tempest.lib.common.rest_client] Request - Headers: {'Content-Type': 'application/json', 'Accept': 'application/json', 'X-Auth-Token': '<omitted>'}
        Body: None
    Response - Headers: {'date': 'Sun, 01 Mar 2026 04:20:53 GMT', 'server': 'Apache/2.4.58 (Ubuntu)', 'content-type': 'applicat
    ion/json', 'x-compute-request-id': 'req-7e132cae-7b0d-4156-b1e0-5e8d948822d3', 'content-length': '847', 'openstack-api-version': 'volume 3.0', 'vary': 'OpenStack-API-Version', 'x-openstack-request-id': 'req-7e132cae-7b0d-4156-b1e0-5e8d948822d3', 'connection': 'close', 'status': '200', 'content-location': 'http://10.201.5.130/volume/v3/volumes/65e6b472-55dc-4e6b-b2a0-4591ff396eb4'}
        Body: b'{"volume": {"id": "65e6b472-55dc-4e6b-b2a0-4591ff396eb4", "status": "error", "size": 1, "availability_zone": "nova", "created_at": "2026-03-01T04:20:53.000000", "updated_at": "2026-03-01T04:20:53.000000", "name": "tempest-VolumesGetTest-Volume-1013516103", "description": null, "volume_type": "3par1", "snapshot_id": null, "source_volid": null, "metadata": {"Type": "Test"}, "links": [{"rel": "self", "href": "http://10.201.5.130/volume/v3/volumes/65e6b472-55dc-4e6b-b2a0-4591ff396eb4"}, {"rel": "bookmark", "href": "http://10.201.5.130/volume/volumes/65e6b472-55dc-4e6b-b2a0-4591ff396eb4"}], "user_id": "3dcf2dd8af8f41d1906b295c1d891be6", "bootable": "false", "encrypted": false, "replication_status": null, "consistencygroup_id": null, "multiattach": false, "attachments": [], "os-vol-tenant-attr:tenant_id": "571deb61cd9a4cc29e315988b239b004"}}'
2026-03-01 04:20:53,769 125145 INFO     [tempest.lib.common.rest_client] Request (VolumesGetTest:_run_cleanups): 200 GET http://10.201.5.130/volume/v3/volumes/65e6b472-55dc-4e6b-b2a0-4591ff396eb4 0.027s
2026-03-01 04:20:53,769 125145 DEBUG    [tempest.lib.common.rest_client] Request - Headers: {'Content-Type': 'application/json', 'Accept': 'application/json', 'X-Auth-Token': '<omitted>'}
        Body: None
    Response - Headers: {'date': 'Sun, 01 Mar 2026 04:20:53 GMT', 'server': 'Apache/2.4.58 (Ubuntu)', 'content-type': 'application/json', 'x-compute-request-id': 'req-d0778885-965f-41a6-9931-a853071c6858', 'content-length': '847', 'openstack-api-version': 'volume 3.0', 'vary': 'OpenStack-API-Version', 'x-openstack-request-id': 'req-d0778885-965f-41a6-9931-a853071c6858', 'connection': 'close', 'status': '200', 'content-location': 'http://10.201.5.130/volume/v3/volumes/65e6b472-55dc-4e6b-b2a0-4591ff396eb4'}
        Body: b'{"volume": {"id": "65e6b472-55dc-4e6b-b2a0-4591ff396eb4", "status": "error", "size": 1, "availability_zone": "nova", "created_at": "2026-03-01T04:20:53.000000", "updated_at": "2026-03-01T04:20:53.000000", "name": "tempest-VolumesGetTest-Volume-1013516103", "description": null, "volume_type": "3par1", "snapshot_id": null, "source_volid": null, "metadata": {"Type": "Test"}, "links": [{"rel": "self", "href": "http://10.201.5.130/volume/v3/volumes/65e6b472-55dc-4e6b-b2a0-4591ff396eb4"}, {"rel": "bookmark", "href": "http://10.201.5.130/volume/volumes/65e6b472-55dc-4e6b-b2a0-4591ff396eb4"}], "user_id": "3dcf2dd8af8f41d1906b295c1d891be6", "bootable": "false", "encrypted": false, "replication_status": null, "consistencygroup_id": null, "multiattach": false, "attachments": [], "os-vol-tenant-attr:tenant_id": "571deb61cd9a4cc29e315988b239b004"}}'
2026-03-01 04:20:53,838 125145 INFO     [tempest.lib.common.rest_client] Request (VolumesGetTest:_run_cleanups): 202 DELETE http://10.201.5.130/volume/v3/volumes/65e6b472-55dc-4e6b-b2a0-4591ff396eb4 0.062s
2026-03-01 04:20:53,838 125145 DEBUG    [tempest.lib.common.rest_client] Request - Headers: {'Content-Type': 'application/json', 'Accept': 'application/json', 'X-Auth-Token': '<omitted>'}
        Body: None
    Response - Headers: {'date': 'Sun, 01 Mar 2026 04:20:53 GMT', 'server': 'Apache/2.4.58 (Ubuntu)', 'content-length': '0', 'content-type': 'text/html; charset=UTF-8', 'openstack-api-version': 'volume 3.0', 'vary': 'OpenStack-API-Version', 'x-openstack-request-id': 'req-293e0a36-1661-46d0-9c5f-1ec030728c43', 'connection': 'close', 'status': '202', 'content-location': 'http://10.201.5.130/volume/v3/volumes/65e6b472-55dc-4e6b-b2a0-4591ff396eb4'}
        Body: b''
2026-03-01 04:20:53,856 125145 INFO     [tempest.lib.common.rest_client] Request (VolumesGetTest:_run_cleanups): 404 GET http://10.201.5.130/volume/v3/volumes/65e6b472-55dc-4e6b-b2a
    0-4591ff396eb4 0.018s
2026-03-01 04:20:53,856 125145 DEBUG    [tempest.lib.common.rest_client] Request - Headers: {'Content-Type': 'application/json', 'Accept': 'application/json', 'X-Auth-Token': '<omitted>'}
        Body: None
    Response - Headers: {'date': 'Sun, 01 Mar 2026 04:20:53 GMT', 'server': 'Apache/2.4.58 (Ubuntu)', 'openstack-api-version': 'volume 3.0', 'vary': 'OpenStack-API-Version', 'content-length': '109', 'content-type': 'application/json', 'x-compute-request-id': 'req-386078e7-86a7-4ff4-8449-c835a7a9c41c', 'x-openstack-request-id': 'req-386078e7-86a7-4ff4-8449-c835a7a9c41c', 'connection': 'close', 'status': '404', 'content-location': 'http://10.201.5.130/volume/v3/volumes/65e6b472-55dc-4e6b-b2a0-4591ff396eb4'}
        Body: b'{"itemNotFound": {"code": 404, "message": "Volume 65e6b472-55dc-4e6b-b2a0-4591ff396eb4 could not be found."}}'


setUpClass (tempest.api.volume.test_volumes_list.VolumesListTestJSON)
---------------------------------------------------------------------

Captured traceback:
~~~~~~~~~~~~~~~~~~~
    Traceback (most recent call last):

      File "/opt/stack/tempest/tempest/test.py", line 185, in setUpClass
    raise value.with_traceback(trace)

      File "/opt/stack/tempest/tempest/test.py", line 178, in setUpClass
    cls.resource_setup()

      File "/opt/stack/tempest/tempest/api/volume/test_volumes_list.py", line 89, in resource_setup
    volume = cls.create_volume(metadata=cls.metadata)
             ^^^^^^^^^^^^^^^^^^^^^^^^^^^^^^^^^^^^^^^^

      File "/opt/stack/tempest/tempest/api/volume/base.py", line 144, in create_volume
    waiters.wait_for_volume_resource_status(self.volumes_client,

      File "/opt/stack/tempest/tempest/common/waiters.py", line 379, in wait_for_volume_resource_status
    raise exceptions.VolumeResourceBuildErrorException(

    tempest.exceptions.VolumeResourceBuildErrorException: volume f55b69b8-48ee-49d8-9d86-a5a7be12c7f2 failed to build and is in ERROR status


setUpClass (tempest.api.volume.test_volumes_negative.VolumesNegativeTest)
-------------------------------------------------------------------------

Captured traceback:
~~~~~~~~~~~~~~~~~~~
    Traceback (most recent call last):

      File "/opt/stack/tempest/tempest/test.py", line 185, in setUpClass
    raise value.with_traceback(trace)

      File "/opt/stack/tempest/tempest/test.py", line 178, in setUpClass
    cls.resource_setup()

      File "/opt/stack/tempest/tempest/api/volume/test_volumes_negative.py", line 38, in resource_setup
    cls.volume = cls.create_volume()
                 ^^^^^^^^^^^^^^^^^^^

      File "/opt/stack/tempest/tempest/api/volume/base.py", line 144, in create_volume
    waiters.wait_for_volume_resource_status(self.volumes_client,

      File "/opt/stack/tempest/tempest/common/waiters.py", line 379, in wait_for_volume_resource_status
    raise exceptions.VolumeResourceBuildErrorException(

    tempest.exceptions.VolumeResourceBuildErrorException: volume 6a7da162-296e-4f7f-badf-2c2a08c1b991 failed to build and is in ERROR status


setUpClass (tempest.api.volume.test_volumes_snapshots_list.VolumesSnapshotListTestJSON)
---------------------------------------------------------------------------------------

Captured traceback:
~~~~~~~~~~~~~~~~~~~
    Traceback (most recent call last):

      File "/opt/stack/tempest/tempest/test.py", line 185, in setUpClass
    raise value.with_traceback(trace)

      File "/opt/stack/tempest/tempest/test.py", line 178, in setUpClass
    cls.resource_setup()

      File "/opt/stack/tempest/tempest/api/volume/test_volumes_snapshots_list.py", line 32, in resource_setup
    volume_origin = cls.create_volume()
                    ^^^^^^^^^^^^^^^^^^^

      File "/opt/stack/tempest/tempest/api/volume/base.py", line 144, in create_volume
    waiters.wait_for_volume_resource_status(self.volumes_client,

      File "/opt/stack/tempest/tempest/common/waiters.py", line 379, in wait_for_volume_resource_status
    raise exceptions.VolumeResourceBuildErrorException(

    tempest.exceptions.VolumeResourceBuildErrorException: volume 85b6317d-68a2-40b8-aba1-1244390fdb17 failed to build and is in ERROR status


tempest.api.volume.test_volumes_snapshots_negative.VolumesSnapshotNegativeTestJSON.test_volume_from_snapshot_decreasing_size[id-677863d1-34f9-456d-b6ac-9924f667a7f4,negative]
------------------------------------------------------------------------------------------------------------------------------------------------------------------------------

Captured traceback:
~~~~~~~~~~~~~~~~~~~
    Traceback (most recent call last):

      File "/opt/stack/tempest/tempest/api/volume/test_volumes_snapshots_negative.py", line 65, in test_volume_from_snapshot_decreasing_size
    src_vol = self.create_volume(size=src_size)
              ^^^^^^^^^^^^^^^^^^^^^^^^^^^^^^^^^

      File "/opt/stack/tempest/tempest/api/volume/base.py", line 144, in create_volume
    waiters.wait_for_volume_resource_status(self.volumes_client,

      File "/opt/stack/tempest/tempest/common/waiters.py", line 379, in wait_for_volume_resource_status
    raise exceptions.VolumeResourceBuildErrorException(

    tempest.exceptions.VolumeResourceBuildErrorException: volume b67fb317-ec61-4488-85e5-b1a27767441b failed to build and is in ERROR status


Captured pythonlogging:
~~~~~~~~~~~~~~~~~~~~~~~
    2026-03-01 04:21:05,358 125145 INFO     [tempest.lib.common.rest_client] Request (VolumesSnapshotNegativeTestJSON:test_volume_from_snapshot_decreasing_size): 202 POST http://10.201.5.130/volume/v3/volumes 0.204s
2026-03-01 04:21:05,359 125145 DEBUG    [tempest.lib.common.rest_client] Request - Headers: {'Content-Type': 'application/json', 'Accept': 'application/json', 'X-Auth-Token': '<omitted>'}
        Body: {"volume": {"size": 2, "name": "tempest-VolumesSnapshotNegativeTestJSON-Volume-724380926"}}
    Response - Headers: {'date': 'Sun, 01 Mar 2026 04:21:05 GMT', 'server': 'Apache/2.4.58 (Ubuntu)', 'content-type': 'application/json', 'x-compute-request-id': 'req-19e39c63-71aa-4522-bc93-d0e723b640a0', 'content-length': '760', 'openstack-api-version': 'volume 3.0', 'vary': 'OpenStack-API-Version', 'x-openstack-request-id': 'req-19e39c63-71aa-4522-bc93-d0e723b640a0', 'connection': 'close', 'status': '202', 'content-location': 'http://10.201.5.130/volume/v3/volumes'}
        Body: b'{"volume": {"id": "b67fb317-ec61-4488-85e5-b1a27767441b", "status": "creating", "size": 2, "availability_zone": "nova", "created_at": "2026-03-01T04:21:05.254110", "updated_at": null, "name": "tempest-VolumesSnapshotNegativeTestJSON-Volume-724380926", "description": null, "volume_type": "3par1", "snapshot_id": null, "source_volid": null, "metadata": {}, "links": [{"rel": "self", "href": "http://10.201.5.130/volume/v3/volumes/b67fb317-ec61-4488-85e5-b1a27767441b"}, {"rel": "bookmark", "href": "http://10.201.5.130/volume/volumes/b67fb317-ec61-4488-85e5-b1a27767441b"}], "user_id": "b37ce803ed2c4aee92dcc68ce10c4406", "bootable": "false", "encrypted": false, "replication_status": null, "consistencygroup_id": null, "multiattach": false, "attachments": []}}'
2026-03-01 04:21:05,388 125145 INFO     [tempest.lib.common.rest_client] Request (VolumesSnapshotNegativeTestJSON:test_volume_from_snapshot_decreasing_size): 200 GET http://10.201.5.130/volume/v3/volumes/b67fb317-ec61-4488-85e5-b1a27767441b 0.025s
2026-03-01 04:21:05,388 125145 DEBUG    [tempest.lib.common.rest_client] Request - Headers: {'Content-Type': 'application/json', 'Accept': 'application/json', 'X-Auth-Token': '<omitted>'}
        Body: None
    Response - Headers: {'date': 'Sun, 01 Mar 2026 04:21:05 GMT', 'server': 'Apache/2.4.58 (Ubuntu)', 'content-type': 'application/json', 'x-compute-request-id': 'req-57b43c85-0e7c-4369-834a-c86c92988323', 'content-length': '828', 'openstack-api-version': 'volume 3.0', 'vary': 'OpenStack-API-Version', 'x-openstack-request-id': 'req-57b43c85-0e7c-4369-834a-c86c92988323', 'connection': 'close', 'status': '200', 'content-location': 'http://10.201.5.130/volume/v3/volumes/b67fb317-ec61-4488-85e5-b1a27767441b'}
        Body: b'{"volume": {"id": "b67fb317-ec61-4488-85e5-b1a27767441b", "status": "creating", "size": 2, "availability_zone": "nova", "created_at": "2026-03-01T04:21:05.000000", "updated_at": null, "name": "tempest-VolumesSnapshotNegativeTestJSON-Volume-724380926", "description": null, "volume_type": "3par1", "snapshot_id": null, "source_volid": null, "metadata": {}, "links": [{"rel": "self", "href": "http://10.201.5.130/volume/v3/volumes/b67fb317-ec61-4488-85e5-b1a27767441b"}, {"rel": "bookmark", "href": "http://10.201.5.130/volume/volumes/b67fb317-ec61-4488-85e5-b1a27767441b"}], "user_id": "b37ce803ed2c4aee92dcc68ce10c4406", "bootable": "false", "encrypted": false, "replication_status": null, "consistencygroup_id": null, "multiattach": false, "attachments": [], "os-vol-tenant-attr:tenant_id": "8cb2c16e037141e4ac37cd25ec53b926"}}'
2026-03-01 04:21:06,428 125145 INFO     [tempest.lib.common.rest_client] Request (VolumesSnapshotNegativeTestJSON:test_volume_from_snapshot_decreasing_size): 200 GET http://10.201.5.130/volume/v3/volumes/b67fb317-ec61-4488-85e5-b1a27767441b 0.031s
2026-03-01 04:21:06,428 125145 DEBUG    [tempest.lib.common.rest_client] Request - Headers: {'Content-Type': 'application/json', 'Accept': 'application/json', 'X-Auth-Token': '<omitted>'}
        Body: None
    Response - Headers: {'date': 'Sun, 01 Mar 2026 04:21:06 GMT', 'serv
    er': 'Apache/2.4.58 (Ubuntu)', 'content-type': 'application/json', 'x-compute-request-id': 'req-28e42e53-0cf3-4423-bd1a-d7ebbabbae67', 'content-length': '849', 'openstack-api-version': 'volume 3.0', 'vary': 'OpenStack-API-Version', 'x-openstack-request-id': 'req-28e42e53-0cf3-4423-bd1a-d7ebbabbae67', 'connection': 'close', 'status': '200', 'content-location': 'http://10.201.5.130/volume/v3/volumes/b67fb317-ec61-4488-85e5-b1a27767441b'}
        Body: b'{"volume": {"id": "b67fb317-ec61-4488-85e5-b1a27767441b", "status": "error", "size": 2, "availability_zone": "nova", "created_at": "2026-03-01T04:21:05.000000", "updated_at": "2026-03-01T04:21:05.000000", "name": "tempest-VolumesSnapshotNegativeTestJSON-Volume-724380926", "description": null, "volume_type": "3par1", "snapshot_id": null, "source_volid": null, "metadata": {}, "links": [{"rel": "self", "href": "http://10.201.5.130/volume/v3/volumes/b67fb317-ec61-4488-85e5-b1a27767441b"}, {"rel": "bookmark", "href": "http://10.201.5.130/volume/volumes/b67fb317-ec61-4488-85e5-b1a27767441b"}], "user_id": "b37ce803ed2c4aee92dcc68ce10c4406", "bootable": "false", "encrypted": false, "replication_status": null, "consistencygroup_id": null, "multiattach": false, "attachments": [], "os-vol-tenant-attr:tenant_id": "8cb2c16e037141e4ac37cd25ec53b926"}}'
2026-03-01 04:21:06,466 125145 INFO     [tempest.lib.common.rest_client] Request (VolumesSnapshotNegativeTestJSON:_run_cleanups): 200 GET http://10.201.5.130/volume/v3/volumes/b67fb317-ec61-4488-85e5-b1a27767441b 0.032s
2026-03-01 04:21:06,466 125145 DEBUG    [tempest.lib.common.rest_client] Request - Headers: {'Content-Type': 'application/json', 'Accept': 'application/json', 'X-Auth-Token': '<omitted>'}
        Body: None
    Response - Headers: {'date': 'Sun, 01 Mar 2026 04:21:06 GMT', 'server': 'Apache/2.4.58 (Ubuntu)', 'content-type': 'application/json', 'x-compute-request-id': 'req-58a7a1eb-181f-4797-90d7-b03fba392a32', 'content-length': '849', 'openstack-api-version': 'volume 3.0', 'vary': 'OpenStack-API-Version', 'x-openstack-request-id': 'req-58a7a1eb-181f-4797-90d7-b03fba392a32', 'connection': 'close', 'status': '200', 'content-location': 'http://10.201.5.130/volume/v3/volumes/b67fb317-ec61-4488-85e5-b1a27767441b'}
        Body: b'{"volume": {"id": "b67fb317-ec61-4488-85e5-b1a27767441b", "status": "error", "size": 2, "availability_zone": "nova", "created_at": "2026-03-01T04:21:05.000000", "updated_at": "2026-03-01T04:21:05.000000", "name": "tempest-VolumesSnapshotNegativeTestJSON-Volume-724380926", "description": null, "volume_type": "3par1", "snapshot_id": null, "source_volid": null, "metadata": {}, "links": [{"rel": "self", "href": "http://10.201.5.130/volume/v3/volumes/b67fb317-ec61-4488-85e5-b1a27767441b"}, {"rel": "bookmark", "href": "http://10.201.5.130/volume/volumes/b67fb317-ec61-4488-85e5-b1a27767441b"}], "user_id": "b37ce803ed2c4aee92dcc68ce10c4406", "bootable": "false", "encrypted": false, "replication_status": null, "consistencygroup_id": null, "multiattach": false, "attachments": [], "os-vol-tenant-attr:tenant_id": "8cb2c16e037141e4ac37cd25ec53b926"}}'
2026-03-01 04:21:06,575 125145 INFO     [tempest.lib.common.rest_client] Request (VolumesSnapshotNegativeTestJSON:_run_cleanups): 202 DELETE http://10.201.5.130/volume/v3/volumes/b67fb317-ec61-4488-85e5-b1a27767441b 0.097s
2026-03-01 04:21:06,575 125145 DEBUG    [tempest.lib.common.rest_client] Request - Headers: {'Content-Type': 'application/json', 'Accept': 'application/json', 'X-Auth-Token': '<omitted>'}
        Body: None
    Response - Headers: {'date': 'Sun, 01 Mar 2026 04:21:06 GMT', 'server': 'Apache/2.4.58 (Ubuntu)', 'content-length': '0', 'content-type': 'text/html; charset=UTF-8', 'openstack-api-version': 'volume 3.0', 'vary': 'OpenStack-API-Version', 'x-openstack-request-id': 'req-eb64649d-13a6-457f-90c5-407d1a6b6d67', 'connection': 'close', 'status': '202', 'content-location': 'http://10.201.5.130/volume/v3/volumes/b67fb317-ec61-4488-85e5-b1a27767441b'}
        Body: b''
2026-03-01 04:21:06,594 125145 INFO     [tempest.lib.common.rest_client] Request (Volum
    esSnapshotNegativeTestJSON:_run_cleanups): 404 GET http://10.201.5.130/volume/v3/volumes/b67fb317-ec61-4488-85e5-b1a27767441b 0.018s
2026-03-01 04:21:06,594 125145 DEBUG    [tempest.lib.common.rest_client] Request - Headers: {'Content-Type': 'application/json', 'Accept': 'application/json', 'X-Auth-Token': '<omitted>'}
        Body: None
    Response - Headers: {'date': 'Sun, 01 Mar 2026 04:21:06 GMT', 'server': 'Apache/2.4.58 (Ubuntu)', 'openstack-api-version': 'volume 3.0', 'vary': 'OpenStack-API-Version', 'content-length': '109', 'content-type': 'application/json', 'x-compute-request-id': 'req-04e4066b-b74f-410a-8405-10f3bee76d38', 'x-openstack-request-id': 'req-04e4066b-b74f-410a-8405-10f3bee76d38', 'connection': 'close', 'status': '404', 'content-location': 'http://10.201.5.130/volume/v3/volumes/b67fb317-ec61-4488-85e5-b1a27767441b'}
        Body: b'{"itemNotFound": {"code": 404, "message": "Volume b67fb317-ec61-4488-85e5-b1a27767441b could not be found."}}'



======
Totals
======
Ran: 126 tests in 251.1198 sec.
 - Passed: 90
 - Skipped: 7
 - Expected Fail: 0
 - Unexpected Success: 0
 - Failed: 29
Sum of execute time for each test: 114.0986 sec.

==============
Worker Balance
==============
 - Worker 0 (126 tests) => 0:04:11.119768
