"pcp-dstat 6.2.0 CSV Output"
"Author:","PCP team <pcp@groups.io> and Dag Wieers <dag@wieers.com>",,,,"URL:","https://pcp.io/ and http://dag.wieers.com/home-made/dstat/"
"Host:","ubuntu",,,,"User:","ubuntu"
"Cmdline:","dstat -tcmndrylpg --tcp --output /tmp/devstack_logs/dstat-csv.log",,,,"Date:","09 Mar 2026 17:36:32 UTC"
"system","total usage",,,,,"memory usage",,,,"net/total",,"dsk/total",,"io/total",,"system",,"load avg",,,"procs",,,"paging",,"tcp sockets",,,,
"time","total usage:usr","total usage:sys","total usage:idl","total usage:wai","total usage:stl","used","free","buf","cach","net/total:recv","net/total:send","dsk/total:read","dsk/total:writ","read","writ","int","csw","1m","5m","15m","run","blk","new","in","out","lis","act","syn","tim","clo"
09-03 17:36:32,,966232,1511788,162408,5178700,,,,,,,1.520,1.060,0.640,2,0,,,,10,2,0,17,0
09-03 17:36:33,49.853,24.179,20.191,4.736,0,1038604,1416628,163576,5197500,9446.237,484.576,0,4291.387,0,57.830,7127,6585,1.520,1.060,0.640,3,0,635.133,0,0,10,2,0,17,0
09-03 17:36:34,30.501,17.500,48.751,3.500,0,1031768,1422992,163608,5198064,234294.332,8254.223,0,824.022,0,30.001,6171,7057,1.520,1.060,0.640,3,0,425.011,0,0,10,3,1,17,0
09-03 17:36:35,15.243,8.996,74.218,0,0,1133336,1321096,163608,5322764,10402.514,2547.901,0,31.986,0,3.998,5134,7614,1.520,1.060,0.640,0,0,105.954,0,0,11,3,0,17,1
09-03 17:36:36,24.763,8.755,63.534,2.751,0,1131948,1322040,163684,5323080,21303.244,6716.545,0,808.427,0,28.015,3430,2309,1.520,1.060,0.640,1,0,112.059,0,0,11,6,0,17,1
09-03 17:36:37,23.234,8.994,59.709,7.495,0,1160352,1293108,163812,5323292,36562.661,6913.209,0,1355.061,0,52.963,3816,3107,1.470,1.060,0.640,0,2,174.879,0,0,11,7,0,19,1
09-03 17:36:38,26.299,4.008,52.348,17.032,0,1214552,1236604,164132,5324796,23641.337,12220.919,0,11160.931,0,484.909,2569,1631,1.470,1.060,0.640,0,2,0,0,0,11,7,0,19,1
09-03 17:36:39,27.205,2.246,51.913,17.221,0,1250412,1200396,164240,5325124,14709.447,7656.220,0,6620.948,0,99.833,2241,1712,1.470,1.060,0.640,0,2,0.998,0,0,11,9,0,19,1
09-03 17:36:40,15.002,3.000,52.007,28.254,0,1276604,1172676,164524,5326192,44836.789,11736.515,0,7052.911,0,468.060,4950,8140,1.470,1.060,0.640,1,3,9.001,0,0,11,9,0,19,1
09-03 17:36:41,13.509,2.252,47.283,34.024,0,1275000,1171668,164784,5328364,19645.570,10312.123,0,10511.261,0,604.417,4295,7110,1.470,1.060,0.640,1,1,0,0,0,11,8,0,19,2
09-03 17:36:42,16.737,3.248,45.715,31.726,0,1273620,1151036,165248,5348808,171709.104,4398.621,0,8929.141,0,537.587,4831,7517,1.760,1.130,0.660,0,3,0.999,0,0,11,8,0,19,2
09-03 17:36:43,20.281,3.756,40.812,33.551,0,1286052,1125704,166188,5358912,7066.788,540.826,0,10039.326,0,542.829,5005,7707,1.760,1.130,0.660,1,1,16.024,0,0,11,8,0,19,2
09-03 17:36:44,18.258,3.752,39.017,36.766,0,1279672,1115960,166784,5372772,5901.529,540.231,0,11424.895,0,620.266,6231,10561,1.760,1.130,0.660,0,2,3.001,0,0,11,8,0,19,2
09-03 17:36:45,20.735,3.497,42.969,30.978,0,1280268,1098152,167244,5388220,8654.794,539.613,0,13554.280,0,720.483,5240,8557,1.760,1.130,0.660,0,2,11.991,0,0,11,8,0,19,2
09-03 17:36:46,14.002,3.250,46.506,33.754,0,1292136,1077320,167836,5395604,6306.778,540.067,0,10261.266,0,691.085,4823,7332,1.760,1.130,0.660,0,1,6.001,0,0,11,8,0,19,2
09-03 17:36:47,17.230,3.246,43.949,33.461,0,1292796,1067112,168520,5403116,5682.446,539.378,0,9401.157,0,526.393,4962,7729,1.860,1.160,0.680,1,2,8.990,0,0,11,8,0,19,2
09-03 17:36:48,16.745,3.249,39.987,37.488,0,1294464,1041532,169200,5424328,9952.741,539.823,0,11968.081,0,627.794,4650,7257,1.860,1.160,0.680,0,2,0,0,0,11,8,0,19,2
09-03 17:36:49,10.000,2.750,50.250,35.500,0,1292304,1037528,169520,5429444,6039.963,485.997,0,14047.913,0,322.998,2907,4444,1.860,1.160,0.680,0,2,0,0,0,11,8,0,19,2
09-03 17:36:50,11.753,2.751,44.010,38.759,0,1290032,1033340,170032,5434460,7901.762,540.120,0,12546.799,0,541.121,3819,5648,1.860,1.160,0.680,0,2,3.001,0,0,11,8,0,19,2
09-03 17:36:51,17.544,2.757,36.341,40.853,0,1291032,1047852,170272,5418848,14882.348,3275.219,0,14853.275,0,984.471,5499,9100,1.860,1.160,0.680,1,1,12.030,0,0,11,6,0,19,0
09-03 17:36:52,28.746,6.749,44.994,17.248,0,1181296,1157300,170368,5419040,4424.411,1032.863,0,3747.501,0,395.947,5346,6834,1.950,1.190,0.690,2,1,116.984,0,0,11,5,0,19,0
09-03 17:36:53,39.760,5.751,42.511,11.003,0,1225844,1106240,170476,5424772,12275.128,2397.611,0,4473.140,0,237.060,3159,2432,1.950,1.190,0.690,2,1,9.002,0,0,11,4,0,19,0
09-03 17:36:54,36.995,4.000,55.243,3.000,0,1180196,1145024,170764,5430340,13629.305,3546.559,0,1647.795,0,69.991,2747,1613,1.950,1.190,0.690,1,2,26.997,0,0,11,5,0,13,0
09-03 17:36:55,40.423,7.735,35.433,15.221,0,1246940,1078040,170908,5430168,4442.589,712.651,0,7609.593,0,422.201,11708,20479,1.950,1.190,0.690,2,0,12.975,0,0,11,4,0,13,0
09-03 17:36:56,39.792,11.262,43.045,5.256,0,1173312,1151200,171008,5430400,9336.840,486.513,0,2298.422,0,75.079,12702,21376,1.950,1.190,0.690,4,0,190.200,0,0,11,4,0,13,0
09-03 17:36:57,27.789,23.533,45.063,2.754,0,1130664,1206348,171020,5419240,5969.317,540.753,0,925.289,0,50.070,6481,5671,1.950,1.200,0.700,2,0,557.777,0,0,11,4,0,13,0
09-03 17:36:58,39.795,16.664,42.780,0,0,1144076,1192748,171020,5419848,7540.226,537.237,0,7.959,0,1.990,6525,7851,1.950,1.200,0.700,2,0,321.348,0,0,11,5,0,13,0
09-03 17:36:59,46.602,4.259,48.857,0,0,1234184,1102532,171024,5419948,6856.039,541.187,0,0,0,0,2743,1233,1.950,1.200,0.700,2,0,0,0,0,11,5,0,13,0
09-03 17:37:00,40.755,7.501,50.506,0,0,1269600,1066176,171024,5420880,4097.481,540.063,0,7144.839,0,54.006,2896,1649,1.950,1.200,0.700,2,0,0,0,0,11,5,0,13,0
09-03 17:37:01,19.995,8.248,68.983,1.500,0,1289960,1043896,171028,5422752,7889.999,539.863,0,6682.305,0,89.977,5125,6120,1.950,1.200,0.700,1,2,117.970,0,0,11,4,0,14,0
09-03 17:37:02,17.754,4.001,71.264,5.501,0,1351096,982620,171040,5422880,7269.452,540.108,0,1676.335,0,115.023,2231,2301,1.880,1.200,0.700,1,0,24.005,0,0,11,4,0,14,0
09-03 17:37:03,23.500,2.000,73.249,0.250,0,1381248,952468,171040,5422880,6773.876,539.990,0,335.994,0,60.999,1864,1284,1.880,1.200,0.700,3,0,1.000,0,0,11,4,0,13,0
09-03 17:37:04,16.484,1.998,66.187,13.737,0,1401272,932124,171124,5423116,5606.681,485.539,0,1938.161,0,245.767,3638,5552,1.880,1.200,0.700,1,1,0.999,0,0,11,10,0,13,0
09-03 17:37:05,21.017,5.254,69.556,3.503,0,1384776,948404,171280,5423164,9800.871,540.434,244.196,2281.833,5.004,150.121,2579,2221,1.880,1.200,0.700,0,1,42.034,0,0,11,4,0,15,0
09-03 17:37:06,14.752,2.750,67.508,13.502,0,1393716,939008,171416,5423436,11764.319,2925.328,144.016,18342.057,7.001,186.021,2237,2116,1.880,1.200,0.700,1,1,0,0,0,11,11,0,15,0
09-03 17:37:07,17.243,2.499,61.474,17.493,0,1393232,939000,171472,5423800,6862.118,2882.789,267.887,16561.045,65.972,219.908,2908,3280,2.210,1.280,0.730,1,3,2.999,0,0,11,29,0,14,0
09-03 17:37:08,19.023,5.256,70.585,4.505,0,1404772,927436,171476,5423816,7771.329,4243.093,0,1029.236,0,39.047,2494,2040,2.210,1.280,0.730,1,0,43.052,0,0,11,28,0,15,0
09-03 17:37:09,16.481,1.998,80.406,0,0,1416972,915224,171476,5423828,15162.363,6455.491,0,0,0,0,1883,1616,2.210,1.280,0.730,1,0,0,0,0,11,29,0,15,0
09-03 17:37:10,32.833,10.276,56.141,0,0,1450772,881408,171476,5423844,8138.468,1473.706,0,12.030,0,3.008,3647,2439,2.210,1.280,0.730,2,0,156.393,0,0,11,28,0,16,0
09-03 17:37:11,32.015,3.502,63.529,0,0,1477128,855036,171476,5423860,18472.471,11204.138,0,0,0,0,3824,3815,2.210,1.280,0.730,2,0,0,0,0,11,30,0,16,0
09-03 17:37:12,47.262,18.505,33.258,0.250,0,1428876,903056,171484,5424084,13342.335,8552.138,0,644.161,0,35.009,7014,8576,2.190,1.290,0.730,4,1,455.114,0,0,11,28,0,17,0
09-03 17:37:13,78.508,13.957,2.742,4.486,0,1661384,670528,171496,5424108,17239.960,9463.884,0,19192.951,0,553.298,5679,3529,2.190,1.290,0.730,2,1,123.620,0,0,11,32,0,17,0
09-03 17:37:14,74.957,8.273,14.791,1.253,0,1754424,577344,171512,5424332,37363.129,28929.852,0,6638.323,0,142.393,9401,12796,2.190,1.290,0.730,6,0,0,0,0,11,32,0,19,0
09-03 17:37:15,43.117,12.212,43.865,0.748,0,1570044,761676,171520,5424380,11654.159,8663.357,0,761.658,0,64.801,6195,7523,2.190,1.290,0.730,2,0,309.050,0,0,11,28,0,23,0
09-03 17:37:16,18.507,2.251,77.779,0.750,0,1539756,791956,171524,5424384,11288.226,4385.642,0,404.151,0,19.007,1990,1792,2.190,1.290,0.730,1,0,0,0,0,11,29,0,23,0
09-03 17:37:17,16.248,5.000,76.742,0,0,1500228,831464,171528,5424400,12017.802,3635.638,0,407.959,0,26.997,3378,3442,2.090,1.290,0.740,1,0,67.993,0,0,11,28,0,24,0
09-03 17:37:18,18.779,2.504,78.121,0.250,0,1502660,829024,171528,5424404,5949.179,2849.397,0,1955.017,0,94.145,1705,1265,2.090,1.290,0.740,0,0,0,0,0,11,29,0,24,0
09-03 17:37:19,12.729,2.995,74.127,9.983,0,1486860,844796,171536,5424424,12726.828,5351.098,0,9671.910,0,84.859,2866,3638,2.090,1.290,0.740,2,1,0,0,0,11,28,0,25,0
09-03 17:37:20,9.780,19.811,59.434,8.777,0,1425916,905720,171536,5424444,4591.202,487.508,0,24070.456,0,273.847,6360,5667,2.090,1.290,0.740,2,0,583.806,0,0,11,28,0,25,0
09-03 17:37:21,68.259,24.003,7.751,0,0,1540532,791068,171540,5424476,6800.877,540.070,0,24519.163,0,284.037,5813,4977,2.090,1.290,0.740,5,0,456.059,0,0,11,28,0,25,0
09-03 17:37:22,78.173,8.242,11.738,1.249,0,1675240,656300,171564,5424512,30579.748,25469.803,0,17786.404,0,247.755,6148,7148,2.570,1.400,0.770,2,0,0,0,0,11,33,0,25,0
09-03 17:37:23,75.567,11.260,12.511,0.250,0,1572612,758616,171576,5424812,30354.080,25135.424,0,600.536,0,69.062,9762,14494,2.570,1.400,0.770,6,0,112.100,0,0,11,28,0,23,0
09-03 17:37:24,83.247,16.499,0.250,0,0,1653336,677872,171580,5424828,13236.459,4383.821,0,227.991,0,13.999,5329,3833,2.570,1.400,0.770,7,0,198.992,0,0,11,29,0,23,0
09-03 17:37:25,80.259,9.251,10.501,0,0,1773096,557792,171580,5425144,40804.472,32604.573,0,176.019,0,11.001,8020,15680,2.570,1.400,0.770,8,0,36.004,0,0,11,33,0,25,0
09-03 17:37:26,60.717,11.744,25.736,0.750,0,1564128,766520,171588,5425376,32441.362,27383.112,0,595.676,0,38.979,9697,14213,2.570,1.400,0.770,2,0,267.854,0,0,11,28,0,29,0
09-03 17:37:27,40.392,6.732,52.360,0.249,0,1560036,770636,171592,5425380,9834.719,2740.676,0,307.179,0,7.979,2939,1682,2.520,1.410,0.780,0,0,29.920,0,0,11,29,1,23,0
09-03 17:37:28,29.335,6.770,63.434,0.251,0,1471896,858732,171600,5425416,22555.404,14093.868,0,308.896,0,22.064,5358,6632,2.520,1.410,0.780,2,0,118.343,0,0,11,29,0,24,0
09-03 17:37:29,64.212,14.991,19.738,0,0,1570680,759920,171600,5425444,12566.551,3800.747,0,239.858,0,13.992,5045,3622,2.520,1.410,0.780,2,0,259.846,0,0,11,29,0,25,0
09-03 17:37:30,41.036,4.754,53.047,0.250,0,1584120,746232,171604,5425640,34045.993,26148.036,0,244.215,0,15.013,6715,9037,2.520,1.410,0.780,1,1,6.005,0,0,11,31,0,25,0
09-03 17:37:31,73.252,17.000,8.500,1.000,0,1547980,782340,171612,5425664,9995.286,2486.071,0,464.013,0,42.001,5904,4847,2.520,1.410,0.780,4,0,258.007,0,0,11,28,0,26,0
09-03 17:37:32,61.737,6.249,31.244,0,0,1611624,718644,171616,5425712,31521.465,25026.811,0,187.961,0,7.998,6425,7460,2.640,1.450,0.800,3,0,0,0,0,11,32,0,26,0
09-03 17:37:33,59.012,15.753,23.755,0.750,0,1509812,820244,171648,5425916,24507.065,16395.389,0,2944.609,0,168.035,8356,10775,2.640,1.450,0.800,4,0,325.067,0,0,11,28,0,29,0
09-03 17:37:34,54.488,5.499,39.241,0,0,1585372,744664,171652,5425932,19654.492,12756.074,0,1007.769,0,24.994,4342,3075,2.640,1.450,0.800,2,0,0,0,0,11,31,0,29,0
09-03 17:37:35,51.260,14.503,32.506,1.000,0,1494964,834820,171692,5426144,24245.697,17229.338,0,876.170,0,59.011,8278,10887,2.640,1.450,0.800,4,0,299.058,0,0,11,28,0,31,0
09-03 17:37:36,53.751,6.000,39.501,0,0,1591444,738328,171692,5426156,18479.286,10711.166,0,160.002,0,8.000,3641,2303,2.640,1.450,0.800,4,0,0,0,0,11,31,0,31,0
09-03 17:37:37,55.500,13.250,30.750,0,0,1557780,771792,171696,5426352,25890.229,18208.161,0,260.002,0,25.000,7717,10150,2.590,1.460,0.810,4,0,245.002,0,0,11,28,0,34,0
09-03 17:37:38,54.737,6.748,37.741,0.250,0,1584604,744884,171696,5426432,13989.743,12201.160,0,651.848,0,9.998,4081,3058,2.590,1.460,0.810,2,0,41.990,0,0,11,31,0,34,0
09-03 17:37:39,52.121,9.477,37.657,0.748,0,1473264,856008,171716,5426632,22956.392,14505.232,0,367.095,0,37.907,6994,8677,2.590,1.460,0.810,3,0,111.724,0,0,11,28,0,36,0
09-03 17:37:40,54.475,6.747,37.732,0,0,1553624,775512,171716,5426768,20343.555,8762.931,0,191.911,0,8.996,3775,2319,2.590,1.460,0.810,2,0,0,0,0,11,31,0,34,0
09-03 17:37:41,50.899,13.038,35.604,0.501,0,1429908,899144,171724,5426844,28230.422,17892.238,0,1989.809,0,159.466,7641,9903,2.590,1.460,0.810,4,6,293.858,0,0,11,28,0,36,0
09-03 17:37:42,78.998,19.499,0.500,0.500,0,1612720,716280,171728,5426892,10391.692,539.984,0,623.982,0,32.999,5583,4789,3.020,1.570,0.840,9,0,478.986,0,0,11,28,0,36,0
09-03 17:37:43,81.771,16.504,1.750,0,0,1770908,558048,171728,5426968,38072.969,29378.692,0,320.084,0,12.003,6863,7066,3.020,1.570,0.840,8,0,480.126,0,0,11,34,0,36,0
09-03 17:37:44,76.493,19.248,3.750,0,0,1643104,685572,171756,5427220,44130.174,35005.965,0,939.919,0,67.994,8870,11779,3.020,1.570,0.840,9,0,470.959,0,0,11,29,0,37,0
09-03 17:37:45,84.699,14.491,0.750,0,0,1682228,646276,171768,5427380,13917.670,8765.753,0,227.864,0,15.990,5545,3905,3.020,1.570,0.840,5,0,133.920,0,0,11,30,0,37,0
09-03 17:37:46,70.047,9.006,20.014,0,0,1670732,657684,171768,5427468,44934.386,37126.106,0,160.108,0,10.007,8026,12996,3.020,1.570,0.840,4,0,80.054,0,0,11,31,0,39,0
09-03 17:37:47,28.749,24.999,45.249,0,0,1512760,815456,171772,5427664,19149.486,12826.655,0,231.994,0,17.000,8304,10080,2.940,1.580,0.850,2,0,785.979,0,0,11,28,0,42,0
09-03 17:37:48,65.484,27.243,7.498,0,0,1567356,760844,171772,5427712,8428.888,1152.711,0,1715.570,0,45.988,5818,4922,2.940,1.580,0.850,3,0,735.816,0,0,11,29,0,42,0
09-03 17:37:49,58.593,6.981,32.164,1.247,0,1641092,687048,171776,5427768,29554.700,24834.365,0,267.283,0,17.952,5686,6692,2.940,1.580,0.850,2,0,0,0,0,11,31,0,43,0
09-03 17:37:50,69.956,16.549,13.289,0.251,0,1524796,803144,171796,5427948,18382.064,8470.914,0,545.605,0,55.162,6617,7510,2.940,1.580,0.850,4,0,268.791,0,0,11,28,0,46,0
09-03 17:37:51,66.111,7.484,25.696,0,0,1609500,718400,171800,5427984,25553.244,21727.293,0,187.605,0,7.983,5332,5524,2.940,1.580,0.850,3,0,0,0,0,11,32,0,46,0
09-03 17:37:52,50.805,5.506,42.296,0,0,1609200,718400,171812,5428272,54071.749,43402.156,0,276.300,0,20.022,14712,23922,2.860,1.590,0.860,2,0,0,0,0,11,31,0,46,0
09-03 17:37:53,77.078,13.013,9.259,0,0,1558336,769068,171832,5428448,18111.392,9873.026,0,1849.879,0,54.055,7069,8003,2.860,1.590,0.860,4,0,121.123,0,0,11,28,0,46,0
09-03 17:37:54,63.738,6.499,29.495,0.250,0,1634820,692540,171832,5428492,29829.503,25079.378,0,179.967,0,9.998,5925,6929,2.860,1.590,0.860,1,0,0,0,0,11,32,0,46,0
09-03 17:37:55,50.508,5.251,42.257,0,0,1637216,689840,171836,5428752,55477.587,44035.816,0,180.028,0,12.002,14819,23620,2.860,1.590,0.860,2,0,2.000,0,0,11,31,0,47,0
09-03 17:37:56,76.501,16.500,7.750,0,0,1525928,800952,171836,5428924,17403.275,9190.145,0,156.002,0,10.000,6408,6037,2.860,1.590,0.860,4,0,260.004,0,0,11,28,0,50,0
09-03 17:37:57,64.427,6.992,27.719,0,0,1595088,731732,171840,5428980,31586.309,26562.985,0,123.860,0,7.991,5269,7027,2.880,1.610,0.870,2,0,0,0,0,11,32,0,50,0
09-03 17:37:58,65.301,10.508,23.769,0,0.250,1537936,788632,171860,5429204,34210.950,25530.111,0,252.199,0,20.016,10086,15206,2.880,1.610,0.870,3,0,98.077,0,0,11,29,0,52,0
09-03 17:37:59,72.993,9.499,17.498,0,0,1614020,712496,171876,5429236,20191.941,13361.638,0,319.967,0,34.996,5198,4362,2.880,1.610,0.870,3,0,29.997,0,0,11,30,0,52,1
09-03 17:38:00,65.959,10.993,19.238,2.498,0,1647160,679180,171884,5429400,23839.034,16151.860,0,3753.644,0,169.893,6409,8083,2.880,1.610,0.870,6,0,119.925,0,0,11,30,0,54,0
09-03 17:38:01,58.781,8.254,33.017,0,0,1643896,682304,171892,5429532,40445.424,33558.776,0,192.102,0,11.006,7187,12347,2.880,1.610,0.870,2,0,59.031,0,0,11,31,0,55,0
09-03 17:38:02,74.537,14.257,10.755,0.250,0,1542364,783636,171896,5429724,17899.002,12834.455,0,156.079,0,10.005,6604,7024,2.970,1.650,0.890,4,0,168.085,0,0,11,29,0,58,0
09-03 17:38:03,66.610,7.734,25.197,0,0,1573560,752388,171904,5429768,29066.959,21440.973,0,247.480,0,12.973,5312,5510,2.970,1.650,0.890,4,0,34.927,0,0,11,31,0,59,0
09-03 17:38:04,64.385,11.524,23.800,0.251,0,1634416,691316,171924,5429956,28746.399,17966.750,0,388.817,0,35.074,7631,9846,2.970,1.650,0.890,4,0,106.223,0,0,11,29,0,61,0
09-03 17:38:05,51.834,9.470,35.387,2.741,0.249,1585664,740012,171960,5429976,17320.620,12337.553,0,3807.825,0,240.232,4666,4332,2.970,1.650,0.890,2,0,125.598,0,0,11,30,0,62,0
09-03 17:38:06,54.909,9.528,35.603,0.251,0,1472720,852880,171960,5430048,21995.687,12791.035,0,272.790,0,27.078,5940,6393,2.970,1.650,0.890,4,0,114.331,0,0,11,29,0,64,0
09-03 17:38:07,53.766,8.252,36.761,0.250,0,1529956,795584,171968,5430096,22944.949,13837.191,0,316.096,0,27.008,4821,5739,3.050,1.690,0.900,2,0,87.026,0,0,11,33,1,65,0
09-03 17:38:08,51.204,7.993,40.214,0,0,1507468,817660,171972,5430496,22330.132,14929.716,0,375.666,0,17.984,5509,6339,3.050,1.690,0.900,2,0,42.962,0,0,11,34,0,63,0
09-03 17:38:09,35.871,6.975,56.297,0,0,1508948,816144,171976,5430528,21325.038,14709.912,0,183.338,0,9.964,4687,5202,3.050,1.690,0.900,3,0,85.691,0,0,11,34,0,64,0
09-03 17:38:10,34.791,8.760,55.315,0.501,0,1412420,912640,171976,5430556,12277.536,8341.876,0,304.360,0,31.037,5866,6750,3.050,1.690,0.900,2,0,135.160,0,0,11,32,0,66,0
09-03 17:38:11,35.495,4.749,59.492,0,0,1496020,829024,171976,5430572,16986.767,10495.620,0,119.984,0,7.999,3216,2920,3.050,1.690,0.900,1,0,0,0,0,11,34,0,66,0
09-03 17:38:12,37.127,8.028,53.935,0.251,0,1503828,821020,171980,5430760,16036.955,8129.859,0,180.619,0,14.048,4834,5415,2.960,1.690,0.910,2,0,88.303,0,0,11,32,0,66,0
09-03 17:38:13,36.129,5.980,57.308,0.249,0,1517192,807628,171988,5430780,14540.175,7650.311,0,338.862,0,22.923,3354,2973,2.960,1.690,0.910,1,0,50.829,0,0,11,33,0,67,0
09-03 17:38:14,34.352,6.519,56.919,1.003,0,1509480,815292,172004,5430812,17909.171,10482.121,0,300.893,0,30.089,4765,5260,2.960,1.690,0.910,2,0,60.179,0,0,11,32,0,68,0
09-03 17:38:15,37.658,4.489,56.112,0.748,0,1520284,804468,172008,5430828,18734.995,9984.482,0,183.549,0,12.968,3478,3930,2.960,1.690,0.910,2,0,4.988,0,0,11,33,0,68,0
09-03 17:38:16,34.438,5.740,59.144,0.749,0,1475840,848872,172012,5430864,20322.599,12221.110,0,155.721,0,9.982,3549,4213,2.960,1.690,0.910,3,0,42.923,0,0,11,33,0,63,0
09-03 17:38:17,38.283,4.754,56.299,0.250,0,1493820,830740,172016,5431012,13441.713,8096.055,0,260.227,0,22.019,3170,3333,2.970,1.720,0.920,2,0,5.004,0,0,11,33,0,64,0
09-03 17:38:18,26.344,11.040,61.219,0.251,0,1431680,892748,172040,5431116,19184.666,15013.737,0,509.825,0,64.230,5922,7492,2.970,1.720,0.920,1,0,268.963,0,0,11,33,0,65,0
09-03 17:38:19,19.938,2.991,74.768,1.246,0,1440316,884100,172048,5431120,9009.084,1812.384,0,275.147,0,21.932,2375,2286,2.970,1.720,0.920,1,0,13.957,0,0,11,32,0,66,0
09-03 17:38:20,16.747,2.999,78.986,0.500,0,1453132,871272,172048,5431128,13592.560,7383.674,0,147.973,0,8.998,2486,2633,2.970,1.720,0.920,1,0,0,0,0,11,33,0,66,0
09-03 17:38:21,13.045,10.285,74.254,1.756,0,1435252,889136,172072,5431152,12859.908,4407.047,0,3170.826,0,183.627,4803,4781,2.970,1.720,0.920,2,0,284.973,0,0,11,32,0,65,0
09-03 17:38:22,19.402,3.234,76.363,0.249,0,1480572,843804,172080,5431156,8866.067,2493.364,0,147.254,0,12.934,1791,1385,2.810,1.700,0.920,0,0,0,0,0,11,33,0,65,0
09-03 17:38:23,18.820,2.509,77.538,0,0,1460152,864196,172084,5431180,19239.576,9320.675,0,76.284,0,6.022,3620,4277,2.810,1.700,0.920,1,0,14.052,0,0,11,32,0,66,0
09-03 17:38:24,20.211,4.741,74.358,0.250,0,1485552,838792,172084,5431184,8534.696,1150.802,0,1237.636,0,7.985,1990,1384,2.810,1.700,0.920,0,0,32.937,0,0,11,33,0,66,0
09-03 17:38:25,20.509,4.252,74.281,0,0,1468252,855944,172084,5431332,15089.262,10121.200,0,0,0,0,4372,15139,2.810,1.700,0.920,0,0,36.015,0,0,11,33,0,66,0
09-03 17:38:26,12.280,13.031,74.178,0,0,1430920,893140,172088,5431460,14908.850,4534.905,0,204.492,0,22.053,5127,5149,2.810,1.700,0.920,1,0,269.648,0,0,11,32,0,66,0
09-03 17:38:27,28.764,15.758,54.026,1.000,0,1446740,877156,172128,5431576,7727.688,540.258,0,512.244,0,38.018,5376,4702,2.750,1.710,0.930,2,0,357.170,0,0,11,32,0,68,0
09-03 17:38:28,39.159,4.988,47.140,7.483,0,1549600,771856,172212,5433512,6158.622,538.742,0,2997.003,0,101.762,3418,2986,2.750,1.710,0.930,3,0,4.988,0,0,11,36,0,68,0
09-03 17:38:29,27.308,4.009,42.341,23.801,0,1553028,766888,172404,5434712,9720.779,541.157,0,5151.011,0,512.095,5727,8861,2.750,1.710,0.930,2,1,25.054,0,0,11,36,0,60,0
09-03 17:38:30,27.417,6.480,42.122,22.432,0,1617088,701728,172632,5435540,9357.605,538.366,0,10815.182,0,832.474,6366,10116,2.750,1.710,0.930,1,2,37.885,0,0,11,36,0,60,0
09-03 17:38:31,25.574,5.015,42.623,25.574,0,1619108,698876,172720,5436248,7544.819,541.566,0,10173.421,0,669.937,4811,7560,2.750,1.710,0.930,1,1,7.020,0,0,11,36,0,60,0
09-03 17:38:32,26.248,4.000,45.996,22.998,0,1531736,785240,172868,5437084,7038.378,539.952,0,5255.535,0,495.956,4422,6902,2.930,1.760,0.950,1,1,23.998,0,0,11,36,0,60,0
09-03 17:38:33,26.928,5.236,41.141,24.934,0,1593428,722552,173012,5437912,3871.701,538.567,0,9398.998,0,730.058,5750,9796,2.930,1.760,0.950,1,2,23.936,0,0,11,36,0,58,0
09-03 17:38:34,27.779,5.005,40.293,24.776,0.250,1572772,742324,173176,5438632,10529.135,486.514,0,9494.040,0,764.809,5662,8940,2.930,1.760,0.950,3,1,22.023,0,0,11,36,0,58,0
09-03 17:38:35,25.984,5.497,39.476,27.983,0,1616224,698276,173232,5439152,5698.566,539.675,0,9466.295,0,672.595,5313,8348,2.930,1.760,0.950,1,2,10.993,0,0,11,36,0,58,0
09-03 17:38:36,27.487,4.498,32.984,32.734,0,1596660,717512,173308,5439360,6726.701,539.735,0,12529.854,0,972.523,5942,9084,2.930,1.760,0.950,1,2,9.995,0,0,11,36,0,58,0
09-03 17:38:37,25.987,5.747,43.478,23.738,0,1642216,671276,173440,5439896,8893.483,539.726,0,8595.634,0,733.627,5825,9377,2.930,1.790,0.960,6,2,16.991,0,0,11,36,0,54,0
09-03 17:38:38,27.851,5.018,43.659,22.331,0,1588104,724580,173620,5440504,8313.186,541.968,0,11112.349,0,800.908,5530,8921,2.930,1.790,0.960,2,2,7.026,0,0,11,36,0,54,0
09-03 17:38:39,32.251,6.000,42.251,17.751,0,1559780,753468,173764,5439796,9681.321,540.018,0,8492.282,0,755.025,6037,9209,2.930,1.790,0.960,3,1,10.000,0,0,11,32,0,54,0
09-03 17:38:40,44.356,6.479,36.132,11.214,0,1551648,761540,173812,5439808,6991.247,538.248,0,8727.597,0,476.449,3944,3783,2.930,1.790,0.960,2,0,0.997,0,0,11,32,0,54,0
09-03 17:38:41,31.312,5.761,42.584,19.288,0,1566556,746268,174000,5439980,4830.580,541.073,0,6476.845,0,850.687,7718,12317,2.930,1.790,0.960,1,2,2.004,0,0,11,34,0,49,0
09-03 17:38:42,29.490,6.498,35.238,26.741,0,1556464,755976,174228,5440128,7970.280,485.834,0,10480.424,0,1138.611,8333,13450,2.860,1.790,0.970,2,0,2.999,0,0,11,34,0,49,0
09-03 17:38:43,29.444,5.989,42.419,20.710,0,1576592,735248,174572,5440372,7982.727,538.969,0,6204.130,0,914.251,7192,12205,2.860,1.790,0.970,3,0,1.996,0,0,11,34,0,49,0
09-03 17:38:44,27.738,6.497,62.223,2.249,0,1494128,817700,174584,5440372,8725.197,539.765,0,1387.395,0,83.963,3115,2513,2.860,1.790,0.970,2,0,99.956,0,0,11,32,0,49,0
09-03 17:38:45,18.776,6.759,68.594,5.257,0,1480876,830804,174584,5440484,6746.278,540.744,0,1217.675,0,62.085,2861,2196,2.860,1.790,0.970,1,0,77.106,0,0,11,32,0,46,0
09-03 17:38:46,7.514,18.786,65.125,8.266,0,1464004,847560,174608,5440544,8245.866,541.041,0,3322.393,0,123.237,6300,5750,2.860,1.790,0.970,1,1,567.091,0,0,11,32,0,46,0
09-03 17:38:47,8.256,21.264,65.044,4.003,0,1449000,862492,174620,5440596,9067.148,540.366,0,3398.304,0,146.099,6903,6284,2.630,1.760,0.960,2,0,594.403,0,0,11,32,0,46,0
09-03 17:38:48,19.446,6.482,73.045,0,0,1498124,813372,174620,5440592,4700.836,538.492,0,0,0,0,2790,2262,2.630,1.760,0.960,1,0,131.631,0,0,11,32,0,46,0
09-03 17:38:49,22.046,4.008,71.651,2.505,0,1442376,869104,174620,5440608,3992.395,541.138,0,2020.248,0,211.445,1930,1156,2.630,1.760,0.960,1,0,3.006,0,0,11,32,0,41,0
09-03 17:38:50,22.197,3.990,73.074,0,0,1495956,815536,174620,5440592,9526.081,484.834,0,3.990,0,0.998,1939,1403,2.630,1.760,0.960,1,0,1.995,0,0,11,32,0,41,0
09-03 17:38:51,22.996,2.250,73.486,0,0,1475080,836404,174620,5440600,6364.812,539.899,0,19.996,0,1.000,1798,1224,2.630,1.760,0.960,1,0,1.000,0,0,11,32,0,41,0
09-03 17:38:52,22.753,3.750,72.008,1.250,0,1498728,812772,174624,5440600,7446.845,540.061,0,992.113,0,129.015,2080,1645,2.500,1.750,0.960,1,0,2.000,0,0,11,32,0,41,0
09-03 17:38:53,22.766,3.002,73.303,0,0,1501636,809872,174624,5440592,5720.134,540.391,0,56.041,0,5.004,1851,1354,2.500,1.750,0.960,1,0,2.001,0,0,11,32,0,37,0
09-03 17:38:54,22.708,2.495,73.613,0,0,1529896,781592,174624,5440612,7058.852,538.996,0,23.955,0,1.996,1741,1158,2.500,1.750,0.960,1,0,1.996,0,0,11,32,0,37,0
09-03 17:38:55,21.525,4.255,73.834,0,0,1517620,793880,174624,5440600,5327.080,540.617,0,0,0,0,1636,1315,2.500,1.750,0.960,1,0,1.001,0,0,11,32,0,37,0
09-03 17:38:56,22.747,3.250,73.739,0,0,1490004,821484,174624,5440612,3959.395,539.917,0,15.998,0,2.000,1813,1210,2.500,1.750,0.960,2,0,3.000,0,0,11,32,0,37,0
09-03 17:38:57,22.250,3.750,73.751,0,0,1515408,796104,174624,5440588,3324.051,486.007,0,0,0,0,1750,1193,2.380,1.730,0.960,1,0,2.000,0,0,11,32,0,33,0
09-03 17:38:58,22.519,2.752,73.812,0,0,1494064,817508,174624,5440528,8987.548,540.454,0,28.024,0,1.001,1788,1165,2.380,1.730,0.960,2,0,1.001,0,0,11,32,0,33,0
09-03 17:38:59,22.488,3.248,72.962,0.500,0,1541188,770384,174624,5440528,5821.969,539.719,0,1411.265,0,15.992,1776,1265,2.380,1.730,0.960,1,0,1.999,0,0,11,32,0,33,0
09-03 17:39:00,22.497,3.500,73.740,0,0,1485124,826372,174624,5440604,6678.115,539.928,0,779.897,0,8.999,1793,1300,2.380,1.730,0.960,1,0,1.000,0,0,11,32,0,33,0
09-03 17:39:01,23.248,3.750,68.243,3.750,0,1474872,836580,174640,5440628,6631.339,539.946,0,3247.676,0,147.985,2184,2003,2.380,1.730,0.960,1,0,1.000,0,0,11,32,0,28,0
09-03 17:39:02,22.255,3.501,73.015,0.500,0,1463948,847476,174640,5440656,8371.708,540.110,0,636.130,0,70.014,2020,1580,2.270,1.720,0.960,1,0,3.001,0,0,11,32,0,28,0
09-03 17:39:03,22.742,2.999,73.226,0.250,0,1467968,843456,174640,5440656,5225.262,539.820,0,79.973,0,4.998,1759,1339,2.270,1.720,0.960,1,0,1.000,0,0,11,32,0,28,0
09-03 17:39:04,22.261,3.752,74.035,0,0,1530248,781188,174640,5440644,4805.300,486.233,0,0,0,0,1722,1230,2.270,1.720,0.960,1,0,1.000,0,0,11,32,0,28,0
09-03 17:39:05,19.296,7.518,72.173,0,0,1500396,810996,174640,5440688,9616.061,541.298,0,84.202,0,4.010,2965,2186,2.270,1.720,0.960,1,0,146.351,0,0,11,32,0,28,0
09-03 17:39:06,15.220,13.224,71.108,0,0,1526576,784796,174640,5440708,9024.930,538.921,0,203.592,0,7.984,4336,3484,2.270,1.720,0.960,1,0,315.369,0,0,11,32,0,20,0
09-03 17:39:07,22.983,2.498,73.694,0,0,1518972,792192,174640,5440916,5329.981,539.593,0,0,0,0,1624,1028,2.170,1.710,0.960,1,0,0,0,0,11,32,0,20,0
09-03 17:39:08,21.754,4.001,73.513,0,0,1484788,826320,174640,5440968,7320.339,540.099,0,4.001,0,1.000,1924,1333,2.170,1.710,0.960,1,0,9.002,0,0,11,32,0,20,0
09-03 17:39:09,17.793,11.778,70.169,0,0,1478952,832016,174640,5441100,6816.371,583.401,40.096,204.491,2.005,4.010,3960,3283,2.170,1.710,0.960,1,0,320.770,0,0,11,32,0,20,0
09-03 17:39:10,8.247,21.993,68.978,0,0,1451488,859432,174640,5441148,8148.408,539.828,0,539.828,0,9.997,6974,6285,2.170,1.710,0.960,1,0,701.777,0,0,11,32,0,14,0
09-03 17:39:11,9.004,21.759,68.527,0,0,1445132,865744,174640,5441184,6854.723,540.215,0,1120.445,0,14.006,7047,6365,2.170,1.710,0.960,1,0,728.289,0,0,11,32,0,14,0
09-03 17:39:12,9.506,22.515,67.044,0.250,0,1423632,887172,174644,5441232,4234.767,486.318,0,2373.551,0,57.037,7131,6548,1.990,1.680,0.960,1,0,707.462,0,0,11,32,0,14,0
09-03 17:39:13,8.749,19.997,69.989,0,0,1405168,905592,174644,5441272,8045.693,539.912,0,471.923,0,9.998,6781,5898,1.990,1.680,0.960,2,0,632.897,0,0,11,32,0,14,0
09-03 17:39:14,7.749,22.746,68.738,0,0,1397568,913136,174644,5441320,5650.019,539.906,0,331.942,0,14.997,6506,5482,1.990,1.680,0.960,1,0,587.898,0,0,11,32,0,10,0
09-03 17:39:15,9.236,19.969,70.390,0,0,1357004,953664,174652,5441000,6386.003,539.156,0,55.912,0,9.984,6086,4802,1.990,1.680,0.960,1,0,455.287,0,0,11,32,0,10,0
09-03 17:39:16,30.559,29.056,39.577,0.751,0,1424376,886188,174656,5441408,5555.792,541.051,0,1158.250,0,70.136,7583,7565,1.990,1.680,0.960,3,0,904.758,0,0,11,32,0,16,0
09-03 17:39:17,66.224,8.747,24.740,0.250,0,1644124,664612,174704,5442988,7113.251,539.791,0,515.801,0,7.997,3709,1781,2.070,1.700,0.970,3,0,1.999,0,0,11,34,0,16,0
09-03 17:39:18,27.001,5.500,35.251,29.501,0,1652804,650308,174980,5447516,6450.241,634.024,372.014,11052.413,3.000,644.024,6331,9740,2.070,1.700,0.970,1,3,33.001,0,0,11,38,0,14,0
09-03 17:39:19,6.733,3.741,45.138,42.145,0,1652016,649552,175132,5448872,5120.270,538.661,0,11583.201,0,707.242,4776,8569,2.070,1.700,0.970,1,4,8.978,0,0,11,38,0,14,0
09-03 17:39:20,10.244,3.248,54.216,29.981,0,1650868,648796,175252,5450604,3680.682,485.694,0,7171.484,0,614.613,5459,9409,2.070,1.700,0.970,2,1,35.977,0,0,11,38,0,14,0
09-03 17:39:21,6.751,2.750,51.257,36.505,0,1650268,648040,175368,5451816,7446.990,540.072,0,11745.562,0,766.102,5107,9329,2.070,1.700,0.970,0,1,12.002,0,0,11,38,0,14,0
09-03 17:39:22,7.766,3.257,48.600,37.327,0,1649328,647536,175616,5452944,6174.746,541.117,0,14225.364,0,934.930,5791,10525,2.230,1.740,0.990,0,1,9.019,0,0,11,38,0,11,0
09-03 17:39:23,5.487,3.741,46.391,41.403,0,1649200,646528,175696,5453940,7000.609,538.739,0,14781.392,0,968.732,6369,11810,2.230,1.740,0.990,0,4,12.970,0,0,11,38,0,11,0
09-03 17:39:24,7.761,2.754,50.821,35.049,0,1648544,645772,175816,5455192,5545.698,540.751,0,10414.456,0,775.076,5447,9729,2.230,1.740,0.990,1,2,12.017,0,0,11,38,0,11,0
09-03 17:39:25,19.727,7.741,38.954,32.462,0,1603128,690020,175872,5456260,7347.397,539.368,0,11178.911,0,819.041,6391,15928,2.230,1.740,0.990,5,1,92.891,0,0,11,36,0,12,0
09-03 17:39:26,20.808,4.011,41.615,31.337,0,1655320,636988,175932,5457012,10224.296,2899.023,0,9839.231,0,641.776,5076,7994,2.230,1.740,0.990,2,2,12.033,0,0,11,37,0,10,0
09-03 17:39:27,20.747,3.750,39.745,33.746,0,1653728,637400,176004,5458084,12815.324,7586.008,0,15238.007,0,1026.866,7718,13227,2.450,1.800,1.010,4,1,8.999,0,0,11,36,0,11,0
09-03 17:39:28,24.180,7.728,33.653,32.656,0,1640684,649376,176048,5459048,3433.117,484.605,0,13381.477,0,963.227,6474,9561,2.450,1.800,1.010,1,1,81.765,0,0,11,38,0,11,0
09-03 17:39:29,21.059,3.510,42.870,30.335,0,1654692,634040,176100,5460284,16190.302,7399.705,0,7589.235,0,548.535,6205,9699,2.450,1.800,1.010,2,1,12.034,0,0,11,39,0,11,0
09-03 17:39:30,15.956,3.989,40.639,36.401,0,1654536,633060,176128,5461332,17518.117,9954.790,0,11620.238,0,724.021,7451,12290,2.450,1.800,1.010,2,3,8.975,0,0,11,39,0,9,0
09-03 17:39:31,22.318,7.021,35.358,34.355,0,1634804,651712,176176,5462328,10833.078,4022.282,0,13637.642,0,854.610,7754,12945,2.450,1.800,1.010,3,1,42.129,0,0,11,38,0,9,0
09-03 17:39:32,22.500,3.500,37.500,34.250,0,1649656,635372,176252,5463712,12313.101,5614.046,0,10504.086,0,668.005,5733,9547,2.650,1.850,1.030,1,1,12.000,0,0,11,39,0,9,0
09-03 17:39:33,18.955,3.990,45.142,30.178,0,1651348,632376,176288,5464944,16513.650,8356.089,0,7438.276,0,501.804,7251,11454,2.650,1.850,1.030,0,2,6.983,0,0,11,39,0,9,0
09-03 17:39:34,18.550,5.013,40.108,33.841,0,1580684,702220,176336,5465648,19665.719,8014.485,0,11161.922,0,741.989,7422,12032,2.650,1.850,1.030,2,1,56.151,0,0,11,38,0,10,0
09-03 17:39:35,25.473,5.494,34.963,31.717,0,1651596,630016,176396,5466848,5945.763,1151.792,0,8702.871,0,632.337,5432,8355,2.650,1.850,1.030,1,2,32.965,0,0,11,39,0,10,0
09-03 17:39:36,20.462,2.994,40.675,33.438,0,1651108,629540,176424,5467760,20883.415,8158.925,0,6955.149,0,473.126,6015,9536,2.650,1.850,1.030,1,1,0,0,0,11,39,0,10,0
09-03 17:39:37,19.488,3.998,47.472,26.484,0,1650812,628812,176508,5468676,17160.844,11070.448,0,13352.098,0,832.507,9464,15786,2.760,1.880,1.040,6,0,2.998,0,0,11,39,0,10,0
09-03 17:39:38,27.257,6.252,32.258,32.758,0,1635188,643440,176588,5469612,5835.501,1071.276,0,12963.334,0,855.220,7290,11760,2.760,1.880,1.040,2,1,34.009,0,0,11,38,0,10,0
09-03 17:39:39,21.765,3.002,41.779,31.021,0,1655692,621836,176656,5470616,15334.617,6668.617,0,8285.736,0,625.433,5268,8195,2.760,1.880,1.040,0,1,12.008,0,0,11,39,0,10,0
09-03 17:39:40,15.991,4.248,47.224,29.984,0,1653612,621836,176716,5472572,16526.034,9148.037,0,12577.177,0,736.600,7357,12060,2.760,1.880,1.040,0,1,2.998,0,0,11,39,0,10,0
09-03 17:39:41,24.327,6.270,39.375,28.089,0,1609336,665604,176828,5472944,13231.848,6000.979,0,11941.768,0,803.541,7594,11640,2.760,1.880,1.040,2,1,64.203,0,0,11,38,0,11,0
09-03 17:39:42,35.004,15.502,26.003,22.253,0,1603384,670332,176892,5474456,10292.216,2891.342,372.044,11389.346,6.001,721.085,9334,13513,3.180,1.990,1.080,5,0,323.038,0,0,11,37,0,11,0
09-03 17:39:43,34.879,15.446,27.654,19.682,0,1587272,684956,176972,5475364,11308.648,7235.821,1108.144,8535.299,18.934,586.957,9347,15282,3.180,1.990,1.080,2,2,186.352,0,0,11,36,0,12,0
09-03 17:39:44,23.246,7.749,42.742,24.495,0,1619868,651244,177068,5476364,10873.986,3226.403,667.876,11329.902,11.998,831.846,5800,8678,3.180,1.990,1.080,3,0,96.982,0,0,11,37,0,12,0
09-03 17:39:45,20.266,6.505,47.789,24.270,0.250,1592536,677300,177124,5477544,10929.816,4848.911,0,7570.106,0,643.519,6523,9870,3.180,1.990,1.080,1,2,66.053,0,0,11,36,0,13,0
09-03 17:39:46,21.490,4.748,38.732,32.985,0,1645508,623468,177244,5478260,7331.674,2823.719,0,12426.363,0,781.645,5467,8895,3.180,1.990,1.080,2,2,0,0,0,11,37,0,13,0
09-03 17:39:47,20.755,5.251,43.510,28.257,0,1544456,723004,177296,5479692,18887.370,8664.005,0,8577.985,0,592.137,6901,10612,3.170,2,1.090,1,3,15.003,0,0,11,36,0,14,0
09-03 17:39:48,24.751,6.250,40.001,26.501,0,1615300,650836,177356,5480872,7506.233,540.017,0,9144.284,0,682.021,5589,8503,3.170,2,1.090,1,1,31.001,0,0,11,36,0,14,0
09-03 17:39:49,18.044,3.759,45.863,29.823,0,1605080,660068,177420,5481708,18772.228,9614.677,0,12326.355,0,812.000,8030,13728,3.170,2,1.090,2,0,6.015,0,0,11,37,0,14,0
09-03 17:39:50,10.223,5.236,52.610,29.671,0,1588348,675748,177448,5482712,15077.760,2492.348,0,8309.822,0,573.470,5636,8781,3.170,2,1.090,0,1,65.824,0,0,11,36,0,15,0
09-03 17:39:51,3.501,2.251,61.024,29.512,0,1573012,690424,177488,5483308,6375.496,540.212,0,14281.592,0,690.270,4582,8416,3.170,2,1.090,7,0,3.001,0,0,11,36,0,15,0
09-03 17:39:52,4.499,2.750,61.493,29.746,0,1556108,706160,177500,5484432,13331.401,539.935,0,8179.019,0,574.931,4090,7325,2.990,1.990,1.090,1,2,0,0,0,11,36,0,15,0
09-03 17:39:53,3.999,2.499,63.734,26.743,0,1544052,716984,177528,5485608,8676.853,485.880,0,7922.039,0,591.854,4462,8128,2.990,1.990,1.090,0,1,1.000,0,0,11,36,0,15,0
09-03 17:39:54,3.253,2.753,56.304,35.284,0,1533768,726612,177552,5486224,7461.099,540.514,0,9404.949,0,628.598,3946,7223,2.990,1.990,1.090,1,2,0,0,0,11,36,0,15,0
09-03 17:39:55,4.246,2.248,64.931,26.472,0,1524348,735052,177576,5487124,7240.331,539.429,0,7052.530,0,565.401,4176,7514,2.990,1.990,1.090,0,1,8.990,0,0,11,36,0,15,0
09-03 17:39:56,3.503,2.502,58.555,32.531,0,1510528,748436,177596,5487544,7318.868,540.507,0,8900.352,0,663.623,4130,7452,2.990,1.990,1.090,0,2,6.006,0,0,11,36,0,15,0
09-03 17:39:57,3.997,2.498,59.451,30.225,0,1504324,754332,177640,5487800,7105.126,539.554,0,10839.039,0,792.345,5058,9216,2.830,1.970,1.090,1,1,11.990,0,0,11,36,0,15,0
09-03 17:39:58,3.250,2.250,61.008,31.254,0,1497480,759316,177660,5489580,3600.496,582.080,0,7785.072,0,510.070,3554,6440,2.830,1.970,1.090,0,1,0,0,0,11,36,0,15,0
09-03 17:39:59,5.251,2.500,63.010,26.754,0,1494844,761504,177708,5489932,3487.547,582.091,0,7881.235,0,617.097,4448,7915,2.830,1.970,1.090,1,1,9.001,0,0,11,36,0,15,0
09-03 17:40:00,4.997,2.998,59.461,29.730,0,1492436,763600,177724,5490216,6986.378,485.679,0,12519.718,0,836.447,4475,8244,2.830,1.970,1.090,0,2,2.998,0,0,11,36,0,15,0
09-03 17:40:01,4.751,2.501,56.765,33.509,0,1489892,765912,177752,5490416,7252.871,540.139,0,10098.605,0,653.168,4044,7086,2.830,1.970,1.090,0,1,6.002,0,0,11,36,0,15,0
09-03 17:40:02,5.252,2.501,66.773,23.758,0,1488320,767192,177776,5490672,8000.709,540.183,0,5401.829,0,559.189,4456,7887,2.690,1.950,1.090,1,3,15.005,0,0,11,36,0,15,0
09-03 17:40:03,4.999,2.999,53.991,34.244,0,1486676,768604,177832,5490840,7405.704,539.906,0,14277.501,0,959.832,5143,9276,2.690,1.950,1.090,0,2,9.998,0,0,11,36,0,15,0
09-03 17:40:04,4.750,2.000,66.494,23.998,0,1484920,769744,177860,5491420,8114.284,539.952,0,4683.587,0,476.958,4453,7960,2.690,1.950,1.090,0,1,5.999,0,0,11,36,0,15,0
09-03 17:40:05,3.750,2.500,57.747,31.749,0,1483208,770900,177900,5491924,7595.671,539.977,0,12499.458,0,807.965,4484,8094,2.690,1.950,1.090,3,1,6.000,0,0,11,36,0,15,0
09-03 17:40:06,4.500,2.750,59.746,30.498,0,1481984,771348,177952,5492632,7537.531,539.966,0,11611.278,0,780.951,4621,8333,2.690,1.950,1.090,2,0,6.000,0,0,11,36,0,15,0
09-03 17:40:07,4.250,2.500,64.753,25.501,0,1481672,771348,177992,5492888,9763.516,540.029,0,6972.368,0,610.032,5151,9261,2.790,1.990,1.110,1,1,9.000,0,0,11,36,0,15,0
09-03 17:40:08,5.999,3.000,62.243,26.247,0,1482544,769584,178060,5493684,7237.243,555.942,0,9307.027,0,670.930,4619,8076,2.790,1.990,1.110,0,1,10.999,0,0,11,36,0,15,0
09-03 17:40:09,4.752,3.251,59.022,30.511,0,1482308,769584,178100,5493880,3982.476,540.200,0,11472.253,0,748.277,4686,8563,2.790,1.990,1.110,0,2,6.002,0,0,11,36,0,15,0
09-03 17:40:10,6.745,3.247,56.207,30.726,0,1483196,769360,178148,5493164,7370.303,539.583,0,13157.829,0,1087.160,6280,11259,2.790,1.990,1.110,0,1,2.998,0,0,11,36,0,15,0
09-03 17:40:11,3.752,2.751,62.027,29.263,0,1483140,769108,178188,5493432,8227.565,540.234,0,11977.190,0,809.351,4583,8369,2.790,1.990,1.110,1,0,3.001,0,0,11,36,0,15,0
09-03 17:40:12,4.999,2.749,65.230,24.243,0,1484312,769108,178284,5492164,8235.529,539.838,0,5342.397,0,560.832,5185,9243,2.730,1.990,1.110,6,0,0,0,0,11,36,0,15,0
09-03 17:40:13,4.752,2.501,59.773,29.762,0,1484356,769108,178308,5492092,6507.532,540.210,0,11264.383,0,734.286,4149,7422,2.730,1.990,1.110,1,1,4.002,0,0,11,36,0,15,0
09-03 17:40:14,8.250,3.000,60.251,26.250,0,1483628,769108,178332,5492796,6181.089,540.008,0,10640.153,0,787.011,5621,10029,2.730,1.990,1.110,1,0,6.000,0,0,11,36,0,15,0
09-03 17:40:15,6.007,2.753,60.574,29.286,0,1483200,769108,178372,5493180,6930.454,486.594,0,8470.332,0,652.796,4295,7677,2.730,1.990,1.110,1,3,6.007,0,0,11,36,0,15,0
09-03 17:40:16,5.493,2.247,61.177,26.718,0,1482864,769108,178392,5493496,7192.475,539.361,0,9209.085,0,769.088,5001,9009,2.730,1.990,1.110,0,1,8.989,0,0,11,36,0,15,0
09-03 17:40:17,5.256,3.004,61.075,27.784,0,1482384,769108,178432,5493920,5418.682,540.667,0,10793.309,0,849.047,5800,10645,2.590,1.970,1.110,0,2,9.011,0,0,11,36,0,15,0
09-03 17:40:18,5.244,2.497,53.940,35.211,0,1482044,769108,178456,5494236,7547.539,633.290,0,9876.928,0,693.223,4764,8567,2.590,1.970,1.110,0,2,5.993,0,0,11,38,0,15,0
09-03 17:40:19,5.499,2.750,50.992,37.744,0,1481984,768856,178476,5494524,5689.128,539.917,0,13573.920,0,850.870,5240,9588,2.590,1.970,1.110,0,2,3.000,0,0,11,38,0,8,0
09-03 17:40:20,6.500,2.000,65.749,22.750,0.250,1482796,768856,178492,5493680,9317.808,539.989,0,5371.890,0,682.986,5298,9575,2.590,1.970,1.110,0,1,6.000,0,0,11,38,0,8,0
09-03 17:40:21,3.999,2.750,59.242,30.246,0,1482796,768856,178528,5493648,8256.873,539.926,0,13610.143,0,903.877,4851,8936,2.590,1.970,1.110,1,1,5.999,0,0,11,38,0,8,0
09-03 17:40:22,5.252,2.751,66.524,22.758,0,1482276,768856,178540,5494156,3998.447,540.195,0,6622.396,0,671.243,5235,9455,2.620,1.990,1.120,2,0,3.001,0,0,11,38,0,8,0
09-03 17:40:23,4.499,2.999,57.740,32.744,0,1481944,768856,178564,5494464,8476.561,485.917,0,10622.196,0,706.880,4067,7624,2.620,1.990,1.120,1,0,6.999,0,0,11,38,0,8,0
09-03 17:40:24,4.999,1.500,54.994,35.746,0,1481864,768856,178588,5494516,9193.990,539.941,0,9063.005,0,591.935,4454,8140,2.620,1.990,1.120,0,1,3.000,0,0,11,38,0,8,0
09-03 17:40:25,9.743,5.496,52.962,29.979,0,1502536,747436,178604,5498552,8990.614,539.617,0,13050.730,0,978.305,6208,14291,2.620,1.990,1.120,2,1,44.968,0,0,12,39,0,8,0
09-03 17:40:26,9.760,3.003,60.562,24.025,0,1480068,769612,178628,5495480,5808.965,540.555,0,10490.772,0,845.869,5902,10873,2.620,1.990,1.120,2,1,15.015,0,0,11,38,0,9,0
09-03 17:40:27,9.507,2.252,52.287,33.524,0,1479524,769612,178656,5495988,8076.756,540.385,0,12881.180,0,834.595,4503,8068,2.650,2.010,1.130,3,2,6.004,0,0,11,38,0,7,0
09-03 17:40:28,7.990,2.247,63.920,23.221,0,1478952,769612,178680,5496524,8367.471,539.321,0,5077.611,0,593.254,5525,9758,2.650,2.010,1.130,0,1,11.985,0,0,11,38,0,7,0
09-03 17:40:29,6.011,2.254,54.604,34.566,0,1478724,769612,178700,5496728,4268.129,541.030,0,11481.868,0,752.433,4312,8022,2.650,2.010,1.130,0,1,6.011,0,0,11,38,0,7,0
09-03 17:40:30,7.752,3.001,57.766,28.758,0,1477376,770348,178708,5497284,3616.003,486.135,0,11639.227,0,910.252,5691,10136,2.650,2.010,1.130,0,2,18.005,0,0,11,38,0,7,0
09-03 17:40:31,3.992,2.495,59.879,30.938,0,1474816,772732,178728,5497436,7849.155,538.912,0,10870.057,0,780.425,4343,7860,2.650,2.010,1.130,0,1,5.988,0,0,11,38,0,7,0
09-03 17:40:32,5.003,2.751,66.286,22.512,0,1474068,773012,178756,5497856,5424.912,540.290,0,7231.881,0,670.360,5632,10389,2.600,2.010,1.140,3,0,9.005,0,0,11,38,0,7,0
09-03 17:40:33,4.510,2.505,58.378,32.321,0,1473488,773012,178772,5498412,8292.168,541.186,0,11629.481,0,796.746,4758,8522,2.600,2.010,1.140,1,3,13.029,0,0,11,38,0,7,0
09-03 17:40:34,4.488,2.743,54.857,34.660,0,1473116,773012,178788,5498760,26581.893,538.600,0,12156.396,0,781.967,4621,7960,2.600,2.010,1.140,0,1,2.992,0,0,11,38,0,7,0
09-03 17:40:35,5.995,2.998,63.202,24.481,0,1472836,772760,178808,5499256,9854.474,539.588,0,8057.846,0,766.415,5775,10482,2.600,2.010,1.140,0,1,5.995,0,0,11,38,0,7,0
09-03 17:40:36,4.253,2.752,60.300,30.525,0,1472460,772508,178840,5499836,9319.656,540.444,0,10500.626,0,763.627,4452,8033,2.600,2.010,1.140,0,1,3.002,0,0,11,38,0,6,0
09-03 17:40:37,5.248,2.749,64.977,24.491,0,1472208,772256,178872,5500292,4612.383,539.811,0,7081.518,0,629.779,4556,8162,2.470,1.990,1.130,0,2,11.996,0,0,11,38,0,6,0
09-03 17:40:38,5.259,3.255,55.340,33.054,0,1471796,772256,178892,5500672,3327.405,540.879,0,14804.048,0,953.549,5354,9755,2.470,1.990,1.130,1,1,12.020,0,0,11,38,0,6,0
09-03 17:40:39,3.745,1.998,62.922,27.965,0,1471708,771752,178912,5501232,9373.348,485.397,0,8845.004,0,692.140,4524,8255,2.470,1.990,1.130,0,1,8.989,0,0,11,38,0,6,0
09-03 17:40:40,6.001,2.500,64.260,25.004,0,1471240,771752,178920,5501680,6600.986,540.081,0,9149.367,0,745.111,6428,12040,2.470,1.990,1.130,1,1,9.001,0,0,11,38,0,6,0
09-03 17:40:41,4.748,2.749,58.477,30.988,0,1471616,770996,178936,5502028,7475.001,539.783,0,10527.776,0,742.702,4400,8059,2.470,1.990,1.130,0,2,5.998,0,0,11,38,0,6,0
09-03 17:40:42,4.506,2.754,58.081,32.545,0,1471480,770744,178940,5502408,6457.013,540.755,0,11964.701,0,811.132,4717,8538,2.670,2.040,1.160,1,2,3.004,0,0,11,38,0,6,0
09-03 17:40:43,2.997,2.247,64.926,25.721,0.250,1471020,770744,178940,5502840,8101.744,539.384,0,6916.099,0,596.319,4515,7967,2.670,2.040,1.160,2,1,12.985,0,0,11,38,0,6,0
09-03 17:40:44,4.249,3.249,59.990,29.745,0,1471540,769988,178944,5503064,8170.631,539.910,0,10818.188,0,806.865,4680,8629,2.670,2.040,1.160,2,1,2.999,0,0,11,38,0,4,0
09-03 17:40:45,4.001,2.000,62.759,28.754,0,1471456,769736,178948,5503388,5594.817,540.079,0,6292.919,0,552.081,4213,7685,2.670,2.040,1.160,0,4,9.001,0,0,11,38,0,4,0
09-03 17:40:46,4.498,2.749,55.222,34.732,0,1471136,769736,178956,5503696,9232.284,539.724,0,14200.747,0,961.509,5290,9568,2.670,2.040,1.160,3,2,5.997,0,0,11,38,0,4,0
09-03 17:40:47,6.006,2.002,64.569,24.026,0.250,1470704,769484,178968,5504352,6071.493,486.520,0,5726.124,0,553.592,4530,7930,2.620,2.040,1.160,0,1,30.032,0,0,11,38,0,4,0
09-03 17:40:48,5.494,3.247,60.436,28.220,0,1470628,768980,178976,5504908,3674.125,539.431,0,13022.264,0,892.059,5002,9068,2.620,2.040,1.160,5,1,14.984,0,0,11,38,0,2,0
09-03 17:40:49,8.255,3.002,62.539,24.015,0,1470520,768476,178976,5505504,7621.704,540.333,0,6235.849,0,669.413,5439,9400,2.620,2.040,1.160,0,1,21.013,0,0,11,38,0,2,0
09-03 17:40:50,4.757,2.754,55.334,34.052,0,1470232,768476,178996,5505764,7066.720,540.820,0,11561.538,0,823.249,5136,9549,2.620,2.040,1.160,0,2,9.014,0,0,11,38,0,2,0
09-03 17:40:51,5.492,3.245,55.414,34.197,0,1470256,768224,179004,5505976,9437.415,539.167,0,12768.268,0,813.742,4822,8702,2.620,2.040,1.160,0,2,8.986,0,0,11,38,0,2,0
09-03 17:40:52,4.499,2.499,65.978,23.242,0,1469884,767972,179024,5506568,5708.107,539.821,0,7693.449,0,741.754,5040,8990,2.730,2.070,1.180,1,0,14.995,0,0,11,38,0,1,0
09-03 17:40:53,5.494,3.246,59.433,29.217,0,1470380,767216,179032,5506812,3596.949,539.393,0,12338.105,0,856.036,5363,9727,2.730,2.070,1.180,3,2,9.989,0,0,11,38,0,1,0
09-03 17:40:54,3.261,2.258,58.706,33.116,0,1469120,767216,179040,5508028,7556.467,487.708,0,11223.311,0,695.436,4346,7751,2.730,2.070,1.180,2,0,6.021,0,0,11,38,0,1,0
09-03 17:40:55,7.239,3.245,62.408,24.464,0.250,1470736,765200,179064,5508396,6728.111,539.207,0,7261.327,0,682.996,6118,11009,2.730,2.070,1.180,0,1,8.987,0,0,11,38,0,1,0
09-03 17:40:56,5.245,2.997,61.945,27.226,0,1470444,765200,179076,5508676,9078.998,539.524,0,13096.457,0,888.217,5799,10633,2.730,2.070,1.180,0,1,0,0,0,11,38,0,1,0
09-03 17:40:57,7.505,2.752,64.544,22.265,0,1470324,764948,179096,5509012,6346.363,540.371,0,6664.582,0,684.471,5104,8940,2.670,2.070,1.180,0,2,9.006,0,0,11,38,0,1,0
09-03 17:40:58,5.244,2.497,55.435,34.210,0,1471412,763436,179104,5509404,10348.941,539.371,0,11582.503,0,748.128,4057,7136,2.670,2.070,1.180,0,1,2.997,0,0,11,38,0,1,0
09-03 17:40:59,4.507,2.754,59.339,30.045,0,1472576,762932,179108,5508736,6701.022,540.809,0,9654.438,0,748.119,5233,9514,2.670,2.070,1.180,1,0,3.004,0,0,11,38,0,1,0
09-03 17:41:00,4.495,2.497,64.923,25.719,0,1473832,762932,179120,5507464,4477.676,539.359,0,6376.418,0,570.322,4592,8423,2.670,2.070,1.180,0,1,0,0,0,11,38,0,1,0
09-03 17:41:01,4.001,2.751,54.769,35.262,0,1474268,762932,179124,5507024,5282.830,582.202,0,8594.977,0,607.210,5608,10486,2.670,2.070,1.180,0,1,0,0,0,11,38,0,1,0
09-03 17:41:02,6.246,2.748,60.706,27.730,0,1475912,762932,179132,5505364,7494.626,485.652,0,11064.066,0,864.380,5480,10014,2.860,2.120,1.200,1,0,0,0,0,11,38,0,1,0
09-03 17:41:03,4.503,3.252,58.042,30.522,0,1477156,762932,179140,5504112,5658.076,540.389,0,11584.346,0,890.642,5541,10129,2.860,2.120,1.200,0,1,1.001,0,0,11,38,0,1,0
09-03 17:41:04,7.000,2.750,59.753,27.501,0,1477320,762932,179148,5503940,11129.504,540.024,0,8168.370,0,690.031,5093,9019,2.860,2.120,1.200,2,1,6.000,0,0,11,38,0,1,0
09-03 17:41:05,6.013,2.756,60.125,29.311,0,1477296,762932,179156,5503956,9801.383,541.125,0,9852.489,0,722.502,4706,8310,2.860,2.120,1.200,0,3,6.013,0,0,11,38,0,1,0
09-03 17:41:06,4.989,3.742,52.140,36.423,0,1476928,762932,179164,5504316,8019.101,538.864,0,13363.838,0,887.131,5000,9020,2.860,2.120,1.200,0,2,8.981,0,0,11,38,0,1,0
09-03 17:41:07,5.000,2.750,57.253,31.751,0,1476752,762932,179168,5504488,7020.311,540.024,0,13128.581,0,879.039,4903,9046,2.950,2.150,1.220,0,1,9.000,0,0,11,38,0,1,0
09-03 17:41:08,5.505,2.252,64.807,25.522,0,1476744,762932,179168,5504496,4881.274,540.473,0,5624.926,0,546.479,4195,7602,2.950,2.150,1.220,0,2,9.008,0,0,11,38,0,1,0
09-03 17:41:09,14.528,12.274,59.115,13.276,0,1358036,881720,179168,5504432,3593.975,486.945,0,6492.600,0,387.752,5072,5299,2.950,2.150,1.220,2,0,306.595,0,0,11,32,0,2,0
09-03 17:41:10,21.736,21.236,52.465,3.498,0,1405132,834284,179188,5504752,8813.134,539.641,0,1950.702,0,125.916,7007,6810,2.950,2.150,1.220,3,0,636.576,0,0,11,32,0,8,0
09-03 17:41:11,66.033,8.004,23.012,3.252,0,1606484,632020,179212,5505628,5374.708,540.272,0,1036.522,0,51.026,3827,1820,2.950,2.150,1.220,3,0,3.002,0,0,11,32,0,8,0
09-03 17:41:12,65.266,5.751,23.506,5.001,0,1790804,443300,179352,5509548,7805.962,540.136,0,4325.087,0,154.039,4008,1998,2.960,2.160,1.230,2,1,0,0,0,11,32,0,8,0
09-03 17:41:13,27.988,3.748,41.482,24.739,0,1801160,429944,179432,5512100,5138.819,539.771,0,10875.383,0,573.756,5367,7516,2.960,2.160,1.230,1,1,21.991,0,0,11,38,0,8,0
09-03 17:41:14,9.736,3.245,48.932,35.451,0,1801652,428180,179444,5513332,7199.007,539.251,0,11244.391,0,794.897,5364,9043,2.960,2.160,1.230,2,2,38.946,0,0,11,38,0,8,0
09-03 17:41:15,7.240,3.246,50.683,35.703,0,1802512,426164,179444,5514456,6526.368,539.287,0,10937.534,0,715.054,5615,10096,2.960,2.160,1.230,0,2,20.972,0,0,11,38,0,8,0
09-03 17:41:16,8.750,3.000,51.001,35.251,0,1801848,425660,179444,5515596,3821.083,540.012,0,11796.256,0,735.016,6961,12969,2.960,2.160,1.230,2,1,12.000,0,0,11,38,0,8,0
09-03 17:41:17,7.258,2.503,50.304,37.540,0,1801532,424652,179452,5516880,6638.098,486.520,0,8437.022,0,574.614,4533,7802,3.040,2.190,1.240,1,3,18.019,0,0,11,38,0,8,0
09-03 17:41:18,5.996,2.998,49.464,38.222,0,1801736,423140,179460,5518116,6201.501,633.540,0,13494.210,0,860.376,5627,10302,3.040,2.190,1.240,1,1,11.991,0,0,11,38,0,8,0
09-03 17:41:19,8.770,3.508,47.608,37.836,0,1801944,421628,179484,5519360,4398.997,541.230,0,10171.115,0,738.679,6565,11770,3.040,2.190,1.240,6,1,39.089,0,0,11,38,0,8,0
09-03 17:41:20,7.752,2.751,54.265,32.509,0,1801308,421124,179496,5520460,6740.889,540.151,0,10979.077,0,776.218,5085,9046,3.040,2.190,1.240,1,2,27.008,0,0,11,38,0,8,0
09-03 17:41:21,7.245,2.998,51.966,35.727,0,1802164,419108,179500,5521544,5589.353,539.648,0,13862.954,0,879.426,5413,9895,3.040,2.190,1.240,1,6,20.986,0,0,11,38,0,8,0
09-03 17:41:22,7.485,2.994,47.653,39.419,0,1802284,417848,179516,5522640,9350.878,538.898,0,13699.984,0,884.192,6409,11663,3.120,2.220,1.260,0,2,20.957,0,0,11,38,0,8,0
09-03 17:41:23,6.496,2.998,48.721,38.977,0,1801540,417344,179524,5523844,5083.026,539.684,0,12800.512,0,824.518,5701,10259,3.120,2.220,1.260,0,1,21.987,0,0,11,38,0,8,0
09-03 17:41:24,7.755,2.752,51.282,34.522,0,1801980,415076,179548,5525568,3042.900,486.304,0,9553.964,0,679.424,5272,9216,3.120,2.220,1.260,1,1,27.017,0,0,11,38,0,8,0
09-03 17:41:25,5.500,3.000,51.251,37.251,0,1803184,413060,179560,5526332,7262.158,540.012,0,12108.263,0,801.017,5876,10811,3.120,2.220,1.260,0,2,18.000,0,0,11,38,0,8,0
09-03 17:41:26,11.500,5.500,47.499,33.749,0,1825216,390008,179568,5527292,7223.840,539.988,0,12951.714,0,861.981,6870,16270,3.120,2.220,1.260,0,2,62.999,0,0,11,38,0,9,0
09-03 17:41:27,7.999,3.250,46.746,39.497,0,1822060,391972,179584,5528432,4323.642,539.955,0,11295.066,0,726.940,6483,11851,3.270,2.270,1.280,0,1,29.998,0,0,11,38,0,9,0
09-03 17:41:28,6.751,3.250,49.254,38.503,0,1819272,393644,179600,5529492,7875.592,540.041,0,12976.976,0,909.068,5911,10572,3.270,2.270,1.280,0,2,24.002,0,0,11,38,0,9,0
09-03 17:41:29,7.499,3.499,51.492,35.244,0,1816812,395248,179612,5530312,5705.070,539.912,0,12777.918,0,876.857,6863,12656,3.270,2.270,1.280,0,2,29.995,0,0,11,38,0,8,0
09-03 17:41:30,5.000,3.500,50.505,38.503,0,1814684,396480,179628,5531124,9125.820,540.049,0,11989.077,0,787.071,4645,8136,3.270,2.270,1.280,2,1,15.001,0,0,11,38,0,8,0
09-03 17:41:31,5.248,2.499,52.734,36.988,0,1813172,397192,179632,5531900,6920.847,539.832,0,11428.445,0,717.777,4401,7814,3.270,2.270,1.280,3,5,11.996,0,0,11,38,0,8,0
09-03 17:41:32,6.757,3.003,55.805,31.781,0,1812160,397344,179644,5532720,3161.102,486.477,0,11162.953,0,815.800,5727,10249,3.570,2.350,1.310,0,1,21.021,0,0,11,38,0,8,0
09-03 17:41:33,4.746,2.998,57.205,31.975,0,1811240,397872,179644,5533096,7834.784,539.572,0,11035.245,0,762.395,4861,8786,3.570,2.350,1.310,0,1,9.992,0,0,11,38,0,8,0
09-03 17:41:34,6.001,2.500,48.759,39.007,0,1811120,396964,179648,5534108,8247.479,540.097,0,11666.092,0,760.136,4808,8667,3.570,2.350,1.310,1,2,9.002,0,0,11,38,0,8,0
09-03 17:41:35,6.250,3.500,51.999,36.499,0,1810272,396964,179656,5534928,8513.852,539.991,0,13191.770,0,834.985,5158,9219,3.570,2.350,1.310,1,2,9.000,0,0,11,38,0,8,0
09-03 17:41:36,6.250,3.250,53.001,35.250,0,1809828,396964,179660,5535352,7498.088,540.006,0,12944.152,0,892.010,5117,9062,3.570,2.350,1.310,0,2,18.000,0,0,11,38,0,8,0
09-03 17:41:37,5.000,2.750,49.248,39.248,0,1809556,396712,179672,5535844,7715.613,539.973,0,11199.438,0,769.961,4529,8252,3.680,2.390,1.330,2,3,14.999,0,0,11,38,0,8,0
09-03 17:41:38,20.006,6.502,41.262,30.759,0,1680740,524100,179676,5537228,7457.088,540.151,0,9538.671,0,713.200,6907,10762,3.680,2.390,1.330,1,2,90.025,0,0,11,36,0,8,0
09-03 17:41:39,26.964,4.993,36.951,28.961,0,1753396,450768,179680,5537868,4851.526,485.352,0,11544.594,0,766.976,6049,10066,3.680,2.390,1.330,3,1,15.979,0,0,11,36,0,8,0
09-03 17:41:40,28.530,5.005,35.036,30.281,0,1800800,402384,179696,5538808,3554.697,540.562,0,12585.087,0,823.857,8051,14119,3.680,2.390,1.330,1,2,26.027,0,0,11,38,0,8,0
09-03 17:41:41,12.251,5.500,48.753,31.752,0,1728424,473956,179704,5539584,7917.460,540.031,0,13116.762,0,837.049,5650,9005,3.680,2.390,1.330,0,1,96.006,0,0,11,36,0,8,0
09-03 17:41:42,8.497,1.999,54.484,30.741,0,1717868,482020,179712,5542008,6070.198,539.840,0,8889.361,0,634.812,4985,8494,3.710,2.420,1.340,2,1,29.991,0,0,11,36,0,8,0
09-03 17:41:43,4.500,2.500,55.756,34.253,0,1709676,489396,179720,5542776,9024.893,540.053,0,9804.970,0,660.065,4637,8405,3.710,2.420,1.340,0,2,13.001,0,0,11,36,0,8,0
09-03 17:41:44,4.502,3.001,54.777,34.517,0,1696248,502116,179728,5543452,6551.173,540.262,0,12329.972,0,660.320,7249,13435,3.710,2.420,1.340,2,1,15.007,0,0,11,36,0,8,0
09-03 17:41:45,6.247,2.748,59.467,29.234,0,1690188,506524,179748,5545040,8140.535,539.704,0,7256.020,0,653.641,5079,8848,3.710,2.420,1.340,0,4,29.984,0,0,11,36,0,8,0
09-03 17:41:46,4.754,2.502,50.793,38.532,0,1685084,510828,179756,5545780,6856.756,540.454,0,11897.987,0,761.639,5040,9218,3.710,2.420,1.340,3,0,9.008,0,0,11,36,0,8,0
09-03 17:41:47,4.748,2.499,47.731,42.733,0,1680324,514644,179764,5546688,4474.230,539.786,0,11583.417,0,723.714,4240,7514,3.650,2.430,1.350,0,2,5.998,0,0,11,36,0,8,0
09-03 17:41:48,5.246,3.497,52.711,34.974,0,1673288,520248,179772,5548048,3276.603,485.645,0,14601.316,0,926.322,5732,10483,3.650,2.430,1.350,0,1,11.991,0,0,11,36,0,8,0
09-03 17:41:49,7.004,3.002,58.036,30.019,0,1669920,522300,179784,5549296,8289.112,540.333,0,7180.428,0,586.362,5610,9802,3.650,2.430,1.350,0,1,24.015,0,0,11,36,0,8,0
09-03 17:41:50,5.250,2.750,53.747,34.998,0,1667408,524284,179796,5549788,5899.703,539.973,0,11323.430,0,782.961,5434,9788,3.650,2.430,1.350,0,2,17.999,0,0,11,36,0,8,0
09-03 17:41:51,9.498,3.249,45.488,39.490,0,1666904,524028,179816,5550496,8165.894,539.861,0,13988.392,0,899.768,6062,10458,3.650,2.430,1.350,0,2,8.998,0,0,11,36,0,8,0
09-03 17:41:52,6.505,3.503,49.288,38.279,0,1664072,526148,179824,5551144,9149.049,540.416,0,14210.949,0,910.702,5056,9019,3.600,2.440,1.360,1,2,0,0,0,11,36,0,8,0
09-03 17:41:53,8.244,2.998,54.961,30.978,0,1662780,525644,179824,5552904,7111.942,539.616,0,8597.885,0,617.561,4887,8314,3.600,2.440,1.360,0,1,0.999,0,0,11,36,0,8,0
09-03 17:41:54,5.502,3.251,50.518,37.513,0,1661656,525152,179828,5554448,6212.220,540.193,0,14073.029,0,883.316,5230,9619,3.600,2.440,1.360,0,3,0,0,0,11,36,0,8,0
09-03 17:41:55,4.749,2.499,53.488,36.742,0.250,1660268,525100,179832,5555844,3514.239,539.883,0,8514.156,0,560.879,4091,7479,3.600,2.440,1.360,0,2,0,0,0,11,36,0,8,0
09-03 17:41:56,4.999,3.000,47.744,41.244,0,1660252,523840,179836,5557080,7668.964,485.934,0,14674.018,0,903.878,5260,9623,3.600,2.440,1.360,0,1,0,0,0,11,36,0,8,0
09-03 17:41:57,4.751,2.501,51.764,37.761,0,1659640,523084,179844,5558396,5325.486,540.151,0,14680.095,0,846.236,5038,9353,3.710,2.480,1.380,0,1,0,0,0,11,36,0,8,0
09-03 17:41:58,4.750,2.000,58.003,31.752,0,1659948,521320,179848,5559804,3464.168,540.026,0,6032.292,0,466.023,4070,7328,3.710,2.480,1.380,1,3,0,0,0,11,36,0,8,0
09-03 17:41:59,4.751,3.251,51.011,38.008,0,1659652,520564,179852,5560808,7353.542,540.113,0,13762.886,0,857.180,4770,8753,3.710,2.480,1.380,0,2,0,0,0,11,36,0,8,0
09-03 17:42:00,5.247,2.749,52.973,36.731,0,1659068,519556,179860,5562320,6814.564,539.728,0,10146.884,0,659.667,4457,8010,3.710,2.480,1.380,3,1,0,0,0,11,36,0,8,0
09-03 17:42:01,4.501,2.751,49.259,39.507,0,1659160,518296,179864,5563436,6958.285,582.107,0,11946.206,0,727.134,4673,8479,3.710,2.480,1.380,1,2,0,0,0,11,36,0,8,0
09-03 17:42:02,4.749,3.000,54.743,34.996,0,1658340,517792,179868,5564676,9380.811,539.932,0,8630.906,0,592.925,4884,8694,3.810,2.520,1.400,0,1,5.999,0,0,11,36,0,8,0
09-03 17:42:03,7.000,2.500,57.246,30.748,0,1658300,517036,179868,5565440,6704.555,485.968,0,9763.352,0,685.954,4903,8802,3.810,2.520,1.400,0,1,7.000,0,0,11,36,0,8,0
09-03 17:42:04,4.001,3.001,54.764,35.009,0,1658576,516280,179872,5565912,11108.779,540.135,0,13707.429,0,931.233,5136,9394,3.810,2.520,1.400,1,0,9.002,0,0,11,36,0,8,0
09-03 17:42:05,6.999,2.500,59.743,28.747,0,1659940,514768,179872,5566044,9978.874,539.939,0,10110.859,0,771.913,4959,8823,3.810,2.520,1.400,0,4,8.999,0,0,11,36,0,8,0
09-03 17:42:06,2.999,3.499,61.233,29.492,0,1659448,514768,179872,5566536,7506.888,539.848,0,8765.534,0,629.823,5201,9387,3.810,2.520,1.400,0,1,11.997,0,0,11,36,0,8,0
09-03 17:42:07,5.008,2.504,59.093,30.798,0,1660012,514264,179880,5566456,8040.589,540.847,0,12964.298,0,860.347,4701,8744,3.590,2.500,1.400,0,2,6.009,0,0,11,36,0,8,0
09-03 17:42:08,6.990,3.994,52.673,33.451,0,1660412,513256,179884,5567044,5902.410,539.215,0,12961.137,0,898.692,6264,11400,3.590,2.500,1.400,0,1,11.983,0,0,11,36,0,8,0
09-03 17:42:09,4.751,3.001,61.011,29.755,0,1660408,513004,179888,5567288,7822.381,540.095,0,7709.361,0,604.107,4251,7560,3.590,2.500,1.400,0,3,12.002,0,0,11,36,0,8,0
09-03 17:42:10,8.000,2.750,53.248,32.999,0,1660556,512248,179892,5567876,5625.816,485.984,0,12719.583,0,820.973,4813,8658,3.590,2.500,1.400,0,1,3.000,0,0,11,36,0,7,0
09-03 17:42:11,5.258,2.253,56.082,34.050,0,1661184,511240,179892,5568252,3257.739,540.787,0,10583.396,0,685.998,4198,7523,3.590,2.500,1.400,0,2,12.017,0,0,11,36,0,7,0
09-03 17:42:12,4.993,2.746,52.681,36.452,0,1661260,510736,179892,5568660,7373.291,539.290,0,11520.830,0,732.036,4974,9084,3.460,2.490,1.400,1,3,8.988,0,0,11,36,0,7,0
09-03 17:42:13,6.501,2.750,49.504,38.503,0,1661800,508720,179892,5570108,7285.576,540.043,0,12412.981,0,733.058,4916,8509,3.460,2.490,1.400,1,1,14.001,0,0,11,40,0,7,0
09-03 17:42:14,12.251,2.500,55.255,27.753,0,1661412,508468,179896,5570704,8331.770,540.050,0,7548.698,0,685.063,5536,9371,3.460,2.490,1.400,3,1,15.001,0,0,11,40,0,1,0
09-03 17:42:15,16.750,3.500,53.250,23.250,0,1512172,657528,179896,5570880,5524.992,539.999,0,13175.981,0,858.999,4978,7993,3.460,2.490,1.400,1,2,46.000,0,0,11,34,0,1,0
09-03 17:42:16,17.784,10.269,66.877,4.509,0,1404088,765584,179896,5570908,7207.679,541.027,0,2136.054,0,125.238,3786,3169,3.460,2.490,1.400,1,1,213.405,0,0,11,32,0,1,0
09-03 17:42:17,22.257,3.251,71.523,2.501,0,1477420,692252,179896,5570908,7824.567,582.191,0,1152.378,0,72.024,1888,1491,3.260,2.470,1.400,3,0,0,0,0,11,32,0,1,0
09-03 17:42:18,22.688,3.490,71.056,1.995,0,1445876,723788,179896,5570916,3630.104,578.423,0,2166.095,0,127.652,2749,2570,3.260,2.470,1.400,2,0,28.921,0,0,11,32,0,1,0
09-03 17:42:19,22.018,3.253,73.559,0,0,1512152,657512,179896,5570916,3353.685,540.433,0,52.042,0,5.004,1808,1223,3.260,2.470,1.400,1,0,1.001,0,0,11,32,0,1,0
09-03 17:42:20,23.500,2.250,71.499,1.500,0,1555236,614420,179896,5570924,7260.896,539.992,0,967.986,0,83.999,2212,1872,3.260,2.470,1.400,1,1,2.000,0,0,11,34,0,1,0
09-03 17:42:21,14.286,34.587,39.600,11.278,0,1481808,687784,179904,5570992,5111.857,541.362,0,7976.060,0,365.920,8460,8864,3.260,2.470,1.400,1,3,1131.847,0,0,11,32,0,1,0
09-03 17:42:22,9.002,22.004,67.512,0,0,1475688,693832,179904,5571064,7750.336,540.093,0,564.097,0,46.008,6561,5335,3.080,2.440,1.400,3,0,612.105,0,0,11,32,0,1,0
09-03 17:42:23,8.234,19.213,68.119,3.743,0,1453872,715604,179904,5571108,6424.649,538.964,0,95.816,0,5.988,5690,4397,3.080,2.440,1.400,1,0,386.257,0,0,11,32,0,1,0
09-03 17:42:24,10.511,20.522,67.572,0,0,1442592,726836,179904,5571480,7350.790,540.573,0,44.047,0,11.012,6519,5578,3.080,2.440,1.400,3,0,437.464,0,0,11,32,0,1,0
09-03 17:42:25,31.684,12.723,54.636,0.748,0,1461884,707348,179912,5571748,6172.129,538.876,0,1381.120,0,188.607,5997,6801,3.080,2.440,1.400,2,0,219.542,0,0,11,33,0,1,0
09-03 17:42:26,47.491,8.748,42.492,0,0,1558892,610236,179916,5571848,3947.224,485.904,0,43.991,0,2.000,3577,13851,3.080,2.440,1.400,2,0,35.993,0,0,11,33,0,1,0
09-03 17:42:27,47.002,4.750,46.752,2.000,0,1623208,545728,179936,5572008,4261.209,540.026,0,584.029,0,33.002,3705,2827,3,2.430,1.400,2,1,18.001,0,0,11,49,0,1,0
09-03 17:42:28,30.997,10.749,51.744,4.999,0,1665680,498940,179988,5575848,8240.093,539.941,0,1699.813,0,150.983,6532,8563,3,2.430,1.400,1,0,164.982,0,0,11,48,0,2,0
09-03 17:42:29,17.802,15.295,66.195,0.251,0,1664020,500516,179988,5575868,9443.792,541.594,0,164.484,0,10.030,6446,8106,3,2.430,1.400,1,0,308.909,0,0,11,48,0,2,0
09-03 17:42:30,1.496,1.745,94.971,0.748,0,1672348,492184,179988,5575876,8391.362,538.419,0,1005.049,0,112.669,1415,1815,3,2.430,1.400,0,0,28.915,0,0,11,48,0,2,0
09-03 17:42:31,0.750,0.500,97.977,0,0,1672352,492184,179988,5575876,8691.961,539.873,0,35.992,0,3.999,829,1032,3,2.430,1.400,0,0,2.999,0,0,11,48,0,2,0
09-03 17:42:32,0.500,0.500,97.994,0,0,1671420,493116,179988,5575876,9262.418,539.966,0,4.000,0,1.000,787,997,2.760,2.390,1.390,0,0,3.000,0,0,11,48,0,2,0
09-03 17:42:33,0.250,0.750,98.242,0,0,1669876,494660,179988,5575876,6704.476,485.962,0,0,0,0,684,949,2.760,2.390,1.390,0,0,2.000,0,0,11,48,0,2,0
09-03 17:42:34,11.518,10.516,77.121,0,0,1627944,536588,179988,5575872,4473.003,540.847,0,0,0,0,4643,5764,2.760,2.390,1.390,4,0,218.342,0,0,11,48,0,2,0
09-03 17:42:35,14.515,14.515,69.824,0,0,1672168,492320,179988,5575892,8266.725,540.571,0,20.021,0,5.005,6120,7472,2.760,2.390,1.390,2,0,333.352,0,0,12,48,0,2,0
09-03 17:42:36,15.958,17.205,61.589,3.740,0,1668720,495672,179988,5576388,9406.458,775.975,0,4691.759,0,350.087,8139,9246,2.760,2.390,1.390,1,0,307.199,0,0,12,48,0,2,0
09-03 17:42:37,10.000,9.000,75.749,4.000,0,1660024,504232,179988,5576068,4387.944,539.993,0,591.992,0,43.999,3653,4081,2.860,2.420,1.410,0,0,196.997,0,0,12,64,0,2,0
09-03 17:42:38,12.269,12.520,74.617,0,0,1655328,508836,179988,5576460,9367.658,540.846,0,4.006,0,1.002,4880,5533,2.860,2.420,1.410,4,0,211.331,0,0,14,66,0,2,0
09-03 17:42:39,13.498,15.748,70.242,0,0,1661408,502716,179988,5576140,6966.198,539.938,0,23.997,0,4.999,5852,6231,2.860,2.420,1.410,3,0,344.960,0,0,14,66,0,3,0
09-03 17:42:40,8.758,20.518,66.560,2.752,0,1643216,520856,179988,5576188,10066.023,540.485,0,340.305,0,23.021,5962,4861,2.860,2.420,1.410,1,1,392.352,0,0,14,66,0,3,0
09-03 17:42:41,20.762,15.259,61.785,1.501,0,1660536,503528,179988,5576200,6016.431,570.325,0,340.194,0,27.015,6684,8874,2.860,2.420,1.410,2,0,270.154,0,0,14,66,0,3,0
09-03 17:42:42,29.267,23.264,42.525,4.753,0,1750800,413188,179996,5576260,7815.579,540.317,0,2665.562,0,321.188,7323,5845,2.950,2.450,1.420,3,0,625.366,0,0,14,66,0,3,0
09-03 17:42:43,29.969,25.224,44.453,0,0,1893360,268956,180076,5577732,8314.273,539.434,0,23.975,0,5.994,8274,9474,2.950,2.450,1.420,2,0,640.328,0,0,14,70,0,5,0
09-03 17:42:44,37.685,18.219,42.427,0,0,1982208,179908,180076,5577984,6386.039,539.075,0,31.945,0,7.986,5952,8407,2.950,2.450,1.420,1,0,338.419,0,0,14,70,0,5,0
09-03 17:42:45,62.821,25.028,12.514,0,0.250,2075572,169176,168984,5508624,8288.303,540.607,4.004,24.027,1.001,6.007,5579,5137,2.950,2.450,1.420,4,0,538.605,0,0,14,70,0,5,0
09-03 17:42:46,64.548,18.264,15.762,1.001,0,2168012,188272,166424,5402276,6453.815,630.470,224.167,768.573,9.007,25.019,7118,9508,2.950,2.450,1.420,4,1,258.193,0,0,14,70,0,5,0
09-03 17:42:47,66.060,24.022,4.004,5.755,0,2287708,285796,166920,5189304,8880.055,540.490,532.483,3234.934,79.072,112.102,6159,7223,3.030,2.470,1.440,4,0,555.504,0,0,14,74,0,5,0
09-03 17:42:48,70.935,19.232,5.245,4.496,0,2452248,198164,166904,5113912,6352.169,539.505,67.938,3508.779,8.992,178.836,7676,9306,3.030,2.470,1.440,6,1,325.701,0,0,14,74,0,5,0
09-03 17:42:49,56.044,20.266,8.507,14.011,0,2589772,132452,166732,5044400,3805.961,540.420,8.006,7894.141,2.002,477.371,8341,12261,3.030,2.470,1.440,3,2,427.332,0,0,14,76,0,5,0
09-03 17:42:50,55.781,14.692,12.949,15.937,0,2682572,169248,166744,4917332,5318.079,537.884,7.969,13881.390,1.992,139.451,7004,11283,3.030,2.470,1.440,3,1,206.189,0,0,14,79,0,5,0
09-03 17:42:51,51.717,7.995,28.732,10.993,0,2806340,186776,166848,4779300,9707.851,485.692,63.959,6120.124,5.996,272.827,6181,9364,3.030,2.470,1.440,6,1,3.997,0,0,14,79,0,6,0
09-03 17:42:52,72.289,18.574,6.777,1.506,0,2919876,139184,166856,4714964,5795.156,542.166,24.096,2397.580,5.020,137.550,9841,15971,3.190,2.510,1.450,3,0,444.777,0,0,14,95,0,14,0
09-03 17:42:53,25.443,20.703,52.382,1.247,0,2940756,116420,166860,4717316,12959.774,538.785,0,941.876,0,52.881,8172,12311,3.190,2.510,1.450,1,1,471.936,0,0,14,97,0,17,0
09-03 17:42:54,29.740,12.746,51.483,5.248,0,3001612,183084,166864,4592212,9052.978,539.820,3178.939,1339.553,36.988,66.978,5413,5386,3.190,2.510,1.450,3,1,194.935,0,0,14,98,0,17,0
09-03 17:42:55,40.990,5.499,43.739,8.498,0,3101928,149328,166884,4527232,7303.202,539.867,3.999,4610.865,1.000,237.941,3578,3375,3.190,2.510,1.450,0,2,2.999,0,0,14,102,0,17,0
09-03 17:42:56,8.013,16.277,67.362,6.260,0,3113796,137280,166884,4527416,7083.748,631.047,4.007,1185.967,1.002,75.125,5373,4708,3.190,2.510,1.450,1,0,305.507,0,0,14,101,0,17,0
09-03 17:42:57,7.762,19.781,67.607,3.756,0,3123108,127916,166884,4527452,3426.418,540.855,0,4975.868,0,415.657,6208,4485,3.090,2.510,1.460,1,0,393.622,0,0,14,101,0,17,0
09-03 17:42:58,11.465,16.201,70.785,0.249,0,3134012,183304,166884,4463224,4493.349,538.364,3.988,191.418,0.997,13.958,4954,3842,3.090,2.510,1.460,1,0,289.122,0,0,14,101,0,17,0
09-03 17:42:59,17.247,2.250,78.737,0.750,0,3182596,134668,166884,4463276,10334.278,6131.978,43.993,19.997,3.999,3.999,1839,1611,3.090,2.510,1.460,1,0,0,0,0,14,102,0,17,0
09-03 17:43:00,18.998,4.999,73.991,0.750,0,3117272,199960,166884,4463308,26220.935,17493.955,11.999,379.956,3.000,28.997,3114,2795,3.090,2.510,1.460,1,0,62.993,0,0,14,103,0,18,0
09-03 17:43:01,18.998,2.750,74.492,3.000,0,3178168,139016,166884,4463352,10281.963,2922.705,4.000,3243.673,1.000,292.970,1879,1313,3.090,2.510,1.460,1,0,0,0,0,14,104,0,18,0
09-03 17:43:02,20.037,3.006,72.385,3.757,0,3180560,136552,166896,4463436,11547.495,4639.636,0,917.708,0,69.129,2911,3211,3.090,2.510,1.470,1,0,3.006,0,0,14,112,0,18,0
09-03 17:43:03,21.696,4.988,55.861,16.459,0,3202456,180184,166896,4399460,7885.415,538.662,27.931,8279.436,3.990,360.106,5084,7150,3.090,2.510,1.470,2,2,6.983,0,0,14,117,0,18,0
09-03 17:43:04,22.007,7.502,62.520,6.252,0,3150988,230872,166896,4400240,7489.407,1749.562,708.228,1548.498,33.011,139.045,5599,6953,3.090,2.510,1.470,2,1,112.036,0,0,14,118,0,20,0
09-03 17:43:05,19.501,3.000,74.254,2.500,0,3213420,168388,166896,4400292,6878.407,2858.169,0,1128.067,0,67.004,1824,1656,3.090,2.510,1.470,1,0,0,0,0,14,119,0,20,0
09-03 17:43:06,19.253,3.251,76.262,1.000,0,3218980,162648,166900,4400468,19379.086,6758.076,36.006,928.148,3.000,43.007,2370,2282,3.090,2.510,1.470,1,0,2.000,0,0,14,123,0,20,0
09-03 17:43:07,30.333,8.022,57.407,3.259,0,3205556,176016,166908,4400516,6692.345,1684.618,4.011,1363.738,1.003,148.407,5714,7356,2.920,2.490,1.460,2,2,97.267,0,0,14,124,0,21,0
09-03 17:43:08,41.443,7.739,44.439,4.743,0,3340352,167916,166912,4276372,5337.645,2502.552,0,4342.017,0,399.450,3536,2434,2.920,2.490,1.460,1,1,4.993,0,0,14,125,0,21,0
09-03 17:43:09,20.726,5.494,71.166,0.999,0,3329080,179160,166916,4276396,29611.030,21086.098,3.995,850.995,0.999,40.952,2754,2207,2.920,2.490,1.460,2,2,54.935,0,0,14,124,0,22,0
09-03 17:43:10,18.551,2.507,78.467,0.501,0,3375728,132508,166916,4276400,11672.278,6270.340,0,148.410,0,13.036,1782,1479,2.920,2.490,1.460,1,0,0,0,0,14,125,0,22,0
09-03 17:43:11,19.442,4.985,74.029,0.249,0,3319736,188472,166916,4276428,26334.254,17312.232,7.976,139.583,1.994,12.961,2563,2027,2.920,2.490,1.460,3,0,50.848,0,0,14,124,0,23,0
09-03 17:43:12,18.498,2.250,78.744,0,0,3356588,151616,166916,4276432,11281.077,6191.493,0,0,0,0,1728,1299,2.840,2.480,1.470,2,0,0,0,0,14,125,0,23,0
09-03 17:43:13,25.994,8.248,60.986,3.249,0,3353472,217736,166924,4215028,6119.614,2573.417,87.980,1199.728,8.998,122.972,8201,13743,2.840,2.480,1.470,2,0,114.974,0,0,14,132,0,28,0
09-03 17:43:14,18.743,2.749,77.220,0.250,0,3406092,165080,166924,4215064,13577.732,6250.575,0,535.792,0,36.986,2041,1871,2.840,2.480,1.470,1,0,0,0,0,14,133,0,28,0
09-03 17:43:15,19.748,4.500,72.743,1.500,0.250,3429496,141660,166924,4215080,23516.626,17308.253,0,427.957,0,25.997,2584,2002,2.840,2.480,1.470,1,0,54.994,0,0,14,132,0,29,0
09-03 17:43:16,18.510,3.252,77.292,1.251,0,3407500,226116,166924,4154160,9112.955,6256.402,0,460.250,0,4.002,1695,1339,2.840,2.480,1.470,1,1,0,0,0,14,133,0,29,0
09-03 17:43:17,19.001,4.500,64.503,9.000,0,3411220,222088,166924,4154468,7889.354,1479.066,48.002,2352.106,6.000,288.013,6344,9914,2.860,2.490,1.470,8,0,1.000,0,0,14,134,0,29,0
09-03 17:43:18,22.492,5.998,68.726,2.749,0,3405828,227444,166924,4154504,7255.419,1873.333,3.999,1335.525,1.000,110.961,4290,5500,2.860,2.490,1.470,1,1,52.981,0,0,14,133,0,31,0
09-03 17:43:19,17.313,2.760,77.783,1.756,0,3426196,207044,166924,4154536,15583.684,8705.666,16.058,1425.184,1.004,84.307,2099,1925,2.860,2.490,1.470,1,0,0,0,0,14,134,0,31,0
09-03 17:43:20,19.940,3.490,70.539,4.237,0,3428384,204776,166924,4154616,7901.321,2430.715,39.880,1008.976,2.991,117.647,4929,7147,2.860,2.490,1.470,2,1,0,0,0,14,134,0,31,0
09-03 17:43:21,31.499,7.750,57.748,2.500,0,3364844,268228,166924,4154704,3978.883,1405.959,0,4675.862,0,139.996,8138,12042,2.860,2.490,1.470,2,0,68.998,0,0,14,137,0,32,0
09-03 17:43:22,20.495,3.499,74.481,0.250,0,3429812,203252,166924,4154712,12390.906,2451.388,0,707.823,0,52.987,2409,2476,2.710,2.460,1.470,2,0,2.000,0,0,14,138,0,32,0
09-03 17:43:23,16.806,4.013,74.749,3.512,0,3409084,223944,166924,4154748,16596.298,8223.400,0,1179.931,0,114.381,3552,4393,2.710,2.460,1.470,2,2,46.154,0,0,14,139,0,33,0
09-03 17:43:24,21.500,6.250,66.250,5.000,0,3468456,164544,166924,4154776,7058.957,539.997,16.000,4095.975,1.000,229.999,3100,3162,2.710,2.460,1.470,1,0,101.999,0,0,14,139,0,33,0
09-03 17:43:25,11.465,1.495,84.738,0.748,0,3467780,165080,166924,4154916,16231.829,12056.734,0,470.546,0,21.932,1862,1832,2.710,2.460,1.470,1,0,0,0,0,14,140,0,33,0
09-03 17:43:26,30.233,7.246,57.467,3.998,0,3463484,169284,166936,4154996,11360.450,605.651,27.984,1810.956,2.998,170.901,7744,17949,2.710,2.460,1.470,1,0,35.979,0,0,14,140,0,34,0
09-03 17:43:27,36.652,9.289,51.463,1.255,0,3386732,245864,166936,4155152,11184.392,2247.322,32.133,1321.481,2.008,116.483,14927,25817,2.570,2.440,1.470,3,0,64.267,0,0,14,141,0,35,0
09-03 17:43:28,31.636,9.964,55.051,1.993,0,3443196,189292,166936,4155228,4570.463,1082.085,15.942,1151.832,0.996,84.694,6720,8686,2.570,2.440,1.470,1,1,224.189,0,0,14,141,0,34,0
09-03 17:43:29,18.494,1.999,78.224,0.250,0,3463208,169144,166936,4155364,13682.372,8013.290,0,611.793,0,34.988,2026,1736,2.570,2.440,1.470,1,0,0,0,0,14,141,0,35,0
09-03 17:43:30,10.037,20.326,68.255,0.502,0,3397524,234784,166936,4155408,7933.636,578.160,0,558.085,0,25.094,6051,5024,2.570,2.440,1.470,2,1,433.620,0,0,14,141,0,35,0
09-03 17:43:31,14.981,18.227,64.420,0.499,0,3385236,247048,166940,4155772,5857.687,539.327,0,747.067,0,33.958,7356,8685,2.570,2.440,1.470,1,2,343.571,0,0,14,141,0,35,0
09-03 17:43:32,27.769,18.763,51.284,2.001,0,3434724,197536,166940,4155480,9041.041,540.361,0,1533.024,0,106.071,5768,5129,2.450,2.420,1.470,2,2,412.275,0,0,14,141,0,34,0
09-03 17:43:33,34.525,18.763,44.031,1.251,0,3498568,133284,166952,4155832,5642.021,610.435,48.034,920.656,3.002,66.047,7756,8845,2.450,2.420,1.470,1,0,417.297,0,0,14,147,0,34,0
09-03 17:43:34,40.206,20.977,37.459,0.250,0,3579900,173268,166952,4037972,10052.016,539.411,39.956,0,0.999,0,7059,8170,2.450,2.420,1.470,5,0,512.440,0,0,16,147,0,34,0
09-03 17:43:35,60.324,22.992,15.823,0,0,3748900,133012,166960,3910304,6354.747,534.012,11.867,767.395,2.967,46.479,7759,14961,2.450,2.420,1.470,6,0,447.977,0,0,16,153,0,34,0
09-03 17:43:36,45.550,20.888,32.967,0.252,0,3825788,152240,166964,3815448,7433.007,543.584,8.053,515.398,2.013,32.212,7850,14317,2.450,2.420,1.470,5,0,463.053,0,0,16,169,0,34,0
09-03 17:43:37,34.700,22.882,41.489,0.251,0,3884364,145436,167032,3764516,3595.717,543.129,80.464,1074.189,9.052,49.284,7960,7167,2.410,2.410,1.470,2,0,618.564,0,0,17,169,0,34,2
09-03 17:43:38,19.245,15.996,63.484,0.250,0,3896444,187692,167032,3711388,7933.953,575.851,0,267.931,0,14.996,6763,8353,2.410,2.410,1.470,2,0,280.928,0,0,17,169,0,34,2
09-03 17:43:39,28.250,21.000,40.501,9.500,0,3965516,172564,167032,3658864,4979.076,540.008,12.000,10988.168,3.000,935.014,6989,5751,2.410,2.410,1.470,2,0,485.007,0,0,17,169,0,34,2
09-03 17:43:40,42.003,19.751,33.752,4.000,0,4072704,122712,167048,3602856,6932.487,540.038,152.011,884.062,7.000,59.004,8996,14191,2.410,2.410,1.470,2,1,319.022,0,0,17,181,0,33,2
09-03 17:43:41,30.504,25.003,43.506,0.500,0,4128932,168396,167048,3503556,6814.889,540.070,16.002,200.026,1.000,16.002,7472,7000,2.410,2.410,1.470,2,0,756.099,0,0,17,181,0,33,2
09-03 17:43:42,25.728,22.981,48.709,1.249,0,4206228,128948,167048,3466744,13855.350,609.488,19.983,915.230,4.996,55.953,8208,10605,2.620,2.450,1.490,1,0,585.508,0,0,17,187,0,33,2
09-03 17:43:43,18.180,15.939,63.755,0.747,0,4215280,149736,167048,3437956,5540.731,537.935,3.985,143.449,0.996,12.950,7078,8535,2.620,2.450,1.490,1,0,288.891,0,0,17,193,0,33,2
09-03 17:43:44,38.948,9.987,47.187,2.996,0,4332592,125476,167048,3346332,4014.622,539.278,842.871,391.476,14.980,18.975,4249,3402,2.620,2.450,1.490,4,0,117.842,0,0,17,193,0,31,2
09-03 17:43:45,43.950,7.534,44.955,3.767,0,4433228,166524,167048,3207776,7510.192,542.470,221.006,671.055,13.059,61.279,3519,2648,2.620,2.450,1.490,2,0,4.018,0,0,17,193,0,31,2
09-03 17:43:46,36.039,12.263,48.802,2.002,0,4384728,214188,167052,3208608,7779.333,486.521,12.013,364.390,3.003,36.039,5292,4789,2.620,2.450,1.490,3,0,261.280,0,0,17,214,0,31,0
09-03 17:43:47,32.480,22.986,39.726,3.998,0,4446276,150692,167064,3210512,7852.257,2504.487,919.445,3905.641,9.994,70.957,8463,10939,2.730,2.480,1.500,1,0,546.670,0,0,17,222,0,31,0
09-03 17:43:48,41.980,20.866,36.515,0.497,0,4430088,200656,167068,3178296,16174.013,7302.053,520.653,282.186,10.930,11.923,8046,9626,2.730,2.480,1.500,5,0,376.579,0,0,17,225,0,32,0
09-03 17:43:49,67.939,14.343,12.581,4.529,0,4612304,135348,167080,3064340,7120.053,1160.506,475.073,672.349,15.098,7.046,4760,4533,2.730,2.480,1.500,2,0,107.697,0,0,17,227,0,32,0
09-03 17:43:50,48.685,8.489,22.470,19.224,0,4689096,137500,167116,2987372,18859.736,10153.399,3395.452,1597.860,153.794,75.898,5467,5488,2.730,2.480,1.500,3,2,30.959,0,0,17,243,0,32,0
09-03 17:43:51,56.602,9.226,18.701,14.712,0,4690100,169200,167184,2955272,5863.674,1329.525,4049.416,965.476,345.098,113.703,6613,7027,2.730,2.480,1.500,3,4,32.914,0,0,17,242,0,37,0
09-03 17:43:52,27.874,23.857,43.695,2.762,0,4712408,161384,167184,2941672,13588.665,10439.606,36.161,1739.767,6.027,76.341,8546,10396,2.670,2.470,1.500,3,2,587.623,0,0,17,244,0,30,0
09-03 17:43:53,43.496,18.748,34.747,2.750,0,4728068,144284,167188,2943112,9548.155,1581.860,39.996,9111.193,3.000,42.996,7778,10220,2.670,2.470,1.500,3,1,343.970,0,0,17,243,0,31,0
09-03 17:43:54,52.525,25.762,19.509,2.001,0,4784336,163224,167192,2869448,15108.314,8725.224,32.015,3321.608,1.000,175.085,8386,10454,2.670,2.470,1.500,4,0,580.281,0,0,17,244,0,31,0
09-03 17:43:55,57.385,16.966,16.467,6.986,0,4812328,132116,167212,2872204,10357.300,3193.617,1257.487,5169.668,60.878,538.923,8740,12760,2.670,2.470,1.500,5,1,299.402,0,0,17,251,0,34,0
09-03 17:43:56,55.015,24.006,19.755,0.500,0,4896764,174844,167212,2748400,13080.500,8341.232,164.044,692.185,7.002,42.011,7651,9497,2.670,2.470,1.500,2,0,520.139,0,0,17,252,0,31,0
09-03 17:43:57,55.106,16.956,23.688,2.992,0,4925224,143356,167224,2750952,10980.266,3696.327,382.998,1073.192,25.932,73.807,9486,16316,2.700,2.480,1.510,3,0,272.287,0,0,17,259,0,32,0
09-03 17:43:58,63.933,10.530,23.567,2.006,0,5100636,150904,167232,2572436,20992.960,14182.508,585.673,344.985,21.060,14.040,4732,3781,2.700,2.480,1.510,4,1,26.074,0,0,17,263,0,32,0
09-03 17:43:59,55.806,13.013,22.272,7.508,0,5107604,160816,167236,2556484,8894.904,5813.820,2054.056,1417.419,99.099,100.100,11256,24021,2.700,2.480,1.510,1,0,19.019,0,0,17,266,0,38,0
09-03 17:44:00,51.501,15.250,31.501,1.500,0,5106620,161624,167268,2556632,13638.308,9459.214,844.019,460.010,12.000,45.001,6229,5808,2.700,2.480,1.510,2,4,286.006,0,0,17,271,0,38,0
09-03 17:44:01,36.209,18.479,17.230,26.470,0,5092280,172080,167524,2560136,11701.595,3470.025,3811.634,17059.457,59.931,1110.728,7398,7220,2.700,2.480,1.510,4,0,338.612,0,0,17,269,0,39,0
09-03 17:44:02,48.548,20.913,28.880,0.747,0,5110728,153248,167524,2560440,17738.317,10347.020,1163.168,685.154,11.950,49.793,8354,11431,2.880,2.520,1.530,8,0,338.594,0,0,17,270,0,39,0
09-03 17:44:03,67.231,14.299,12.543,5.268,0,5152948,128792,167528,2543500,8535.376,1653.691,923.177,5727.713,17.059,235.812,5943,4912,2.880,2.520,1.530,4,0,173.597,0,0,18,272,0,40,0
09-03 17:44:04,64.497,11.249,7.750,15.249,0,5257196,154732,167532,2418328,18391.059,6581.663,2895.852,963.951,125.994,20.999,5090,3457,2.880,2.520,1.530,2,2,13.999,0,0,18,273,0,40,0
09-03 17:44:05,72.033,12.506,10.755,4.752,0,5297712,141668,167564,2391668,12902.969,5410.503,1664.770,1956.905,61.028,143.066,8834,11253,2.880,2.520,1.530,6,0,76.035,0,0,18,281,0,40,0
09-03 17:44:06,46.018,12.005,40.015,1.751,0,5342940,141952,167568,2347656,15663.065,7667.969,1092.423,1164.451,24.009,105.041,6427,6986,2.880,2.520,1.530,2,0,163.063,0,0,18,287,0,41,0
09-03 17:44:07,36.546,8.260,51.565,2.503,0,5343916,166220,167576,2323416,22611.509,8091.202,825.040,941.187,11.014,96.121,5224,5669,2.810,2.510,1.530,4,0,15.019,0,0,18,292,0,42,1
09-03 17:44:08,39.064,12.690,44.041,2.986,0,5340892,176344,167580,2317112,16469054.715,160469.291,2790.736,648.916,30.853,45.782,11752,7696,2.810,2.510,1.530,3,1,261.756,0,0,18,291,0,42,0
09-03 17:44:09,36.606,5.265,56.916,1.254,0,5359988,157224,167584,2317132,15204.231,7403.538,0,742.159,0,66.193,3686,3540,2.810,2.510,1.530,2,1,7.020,0,0,18,295,0,42,0
09-03 17:44:10,34.767,4.252,57.779,2.001,0,5394468,154044,167584,2286748,23723.768,13417.656,16.008,464.230,1.000,35.017,4223,4926,2.810,2.510,1.530,1,3,1.000,0,0,18,303,0,43,0
09-03 17:44:11,13.704,3.737,74.749,4.734,0,5329808,218136,167584,2287316,369347.776,15143274.745,542.177,881.037,27.906,79.732,4724,4521,2.810,2.510,1.530,1,2,37.873,0,0,18,300,0,45,0
09-03 17:44:12,1.750,1.000,95.476,0.500,0,5326732,221212,167584,2287316,56666.597,1200622.829,0,463.882,0,32.992,1654,2212,2.580,2.470,1.530,0,0,0,0,0,18,300,0,45,0
09-03 17:44:13,1.500,0.500,95.009,0.500,0,5325380,222560,167584,2287320,7240.708,582.057,0,276.027,0,13.001,1192,1743,2.580,2.470,1.530,0,1,1.000,0,0,18,300,0,43,0
09-03 17:44:14,15.072,2.512,80.135,2.010,0,5329208,218372,167600,2287664,8149113.132,27240.801,112.540,10241.174,5.024,112.540,6171,6844,2.580,2.470,1.530,1,1,1.005,0,0,18,306,0,43,0
09-03 17:44:15,14.718,11.724,68.599,2.993,0,5280032,251372,167600,2303808,8391705.364,84114.838,95.789,678.506,6.985,52.884,9210,8284,2.580,2.470,1.530,1,1,261.425,0,0,18,302,0,46,0
09-03 17:44:16,20.207,7.983,70.599,0.748,0,5325844,205516,167604,2303832,9103.507,538.846,0,447.043,0,36.921,3626,3587,2.580,2.470,1.530,1,0,202.566,0,0,18,302,0,46,0
09-03 17:44:17,13.279,15.534,69.652,1.002,0,5321512,209796,167608,2303864,16227.437,541.182,4.009,436.954,1.002,39.085,5365,4675,2.460,2.450,1.520,2,0,283.619,0,0,18,302,0,40,0
09-03 17:44:18,7.480,18.202,71.562,0.997,0,5318932,212316,167608,2303924,4222.921,632.341,15.958,3802.025,0.997,24.935,5907,5174,2.460,2.450,1.520,0,1,386.985,0,0,18,306,0,40,0
09-03 17:44:19,3.515,2.009,84.615,9.039,0,5311256,219988,167608,2303928,7217.091,488.103,0,17250.315,0,169.731,1673,2327,2.460,2.450,1.520,1,2,9.039,0,0,18,306,0,40,0
09-03 17:44:20,19.666,3.734,73.438,1.494,0,5371952,159292,167608,2303928,6048.280,2912.614,0,366.442,0,30.869,2366,2315,2.460,2.450,1.520,1,0,0,0,0,18,307,0,40,0
09-03 17:44:21,17.513,8.256,72.805,0.250,0,5347016,183972,167608,2304152,13753.303,7094.315,64.048,88.066,4.003,12.009,3931,3490,2.460,2.450,1.520,1,0,114.085,0,0,18,310,0,39,0
09-03 17:44:22,11.773,16.783,65.881,4.759,0,5320460,210228,167612,2304400,5645.195,541.073,12.024,4921.761,3.006,788.564,6528,5352,2.420,2.440,1.530,0,2,226.449,0,0,18,310,0,39,0
09-03 17:44:23,11.499,17.248,68.993,1.500,0,5313592,216908,167612,2304572,3316.682,539.948,4.000,1011.903,1.000,9.999,5640,4709,2.420,2.440,1.530,1,0,262.975,0,0,18,310,0,39,0
09-03 17:44:24,23.443,3.741,71.825,0.249,0,5365436,164996,167612,2304640,7150.621,538.691,63.845,287.302,2.993,22.944,2442,2310,2.420,2.440,1.530,1,0,1.995,0,0,18,310,0,39,0
09-03 17:44:25,22.247,3.499,70.490,2.750,0.250,5400940,160184,167612,2274840,7469.891,539.920,387.942,455.932,11.998,48.993,2960,2861,2.420,2.440,1.530,1,0,5.999,0,0,18,318,0,37,0
09-03 17:44:26,28.514,5.002,63.280,2.001,0,5324036,236876,167612,2275052,5141.470,540.260,196.094,248.119,12.006,15.007,3474,10346,2.420,2.440,1.530,1,0,41.020,0,0,18,314,0,38,0
09-03 17:44:27,23.495,5.249,69.485,0.750,0,5382512,178400,167612,2275052,7993.253,539.882,0,391.914,0,47.990,2909,2919,2.310,2.410,1.520,1,0,2.999,0,0,18,318,0,38,0
09-03 17:44:28,19.511,3.002,73.541,2.752,0,5277728,283044,167612,2275192,14466.151,7640.305,0,2769.561,0,232.131,2840,2462,2.310,2.410,1.520,2,0,18.010,0,0,18,318,0,39,0
09-03 17:44:29,22.973,3.995,72.164,0,0,5331776,228992,167612,2275196,7879.618,539.358,0,111.867,0,7.990,2131,1929,2.310,2.410,1.520,1,0,0,0,0,18,318,0,37,0
09-03 17:44:30,16.775,10.766,71.355,0.250,0,5297936,262688,167616,2275340,9023.323,540.798,392.580,260.384,5.007,7.010,4019,3279,2.310,2.410,1.520,2,0,183.271,0,0,18,318,0,37,0
09-03 17:44:31,11.237,17.481,69.423,0.749,0,5296828,263640,167616,2275496,3824.740,539.399,35.960,279.688,2.997,20.977,5901,5066,2.310,2.410,1.520,1,0,405.548,0,0,18,318,0,37,0
09-03 17:44:32,21.498,3.000,73.994,0.250,0,5346268,214140,167652,2275520,12671.978,1877.848,23.998,199.984,4.000,12.999,2538,2207,2.200,2.390,1.520,0,0,32.997,0,0,18,319,0,37,0
09-03 17:44:33,20.083,2.259,73.804,3.514,0,5350808,203272,168140,2281232,7720.774,1628.703,0,1859.653,0,134.554,2144,1874,2.200,2.390,1.520,1,0,3.012,0,0,18,318,0,36,0
09-03 17:44:34,17.929,2.241,76.200,1.245,0,5347592,205248,168160,2282452,14197.156,3467.361,175.310,836.709,8.965,36.855,2299,2316,2.200,2.390,1.520,1,0,16.933,0,0,18,319,0,36,0
09-03 17:44:35,22.737,5.247,68.710,1.749,0,5340632,207160,168700,2286828,8118.289,713.586,0,731.575,0,11.993,10737,19084,2.200,2.390,1.520,1,0,13.992,0,0,18,318,0,36,0
09-03 17:44:36,18.741,3.998,74.714,1.000,0,5344420,202988,168736,2287176,17548.574,3425.355,0,503.758,0,10.995,9291,16405,2.200,2.390,1.520,2,0,4.998,0,0,18,319,0,36,0
09-03 17:44:37,22.272,5.255,69.570,1.502,0,5336676,210108,168792,2287728,8011.021,540.541,8.008,1289.291,2.002,56.056,5018,7094,2.100,2.370,1.520,0,1,18.018,0,0,18,319,0,36,0
09-03 17:44:38,12.750,14.000,68.249,4.500,0,5297000,260124,168872,2277360,4352.961,713.994,0,7751.931,0,45.000,4751,4278,2.100,2.370,1.520,1,0,267.998,0,0,18,318,0,36,0
09-03 17:44:39,23.503,3.250,71.760,0.500,0,5344504,212436,168872,2277544,3422.484,540.076,0,9353.323,0,13.002,2201,1953,2.100,2.370,1.520,1,0,0,0,0,18,318,0,36,0
09-03 17:44:40,16.253,4.251,78.015,0,0,5316952,239952,168872,2277580,18086.541,10809.116,16.003,0,1.000,0,2942,2703,2.100,2.370,1.520,2,0,46.009,0,0,18,318,0,39,0
09-03 17:44:41,22.083,5.521,72.521,0,0,5381716,175056,168872,2277712,4816.998,542.025,0,0,0,0,2693,2231,2.100,2.370,1.520,2,0,70.263,0,0,18,318,0,39,0
09-03 17:44:42,17.217,5.240,74.607,1.248,0,5362704,193960,168872,2277820,18728.050,9146.443,95.816,163.686,5.989,8.983,3182,2984,2.020,2.340,1.510,1,0,69.866,0,0,18,318,0,40,0
09-03 17:44:43,19.464,2.745,76.609,0.250,0,5383044,173612,168872,2277828,8405.509,2865.719,0,99.816,0,8.983,2330,2172,2.020,2.340,1.510,2,0,2.994,0,0,18,319,0,40,0
09-03 17:44:44,19.747,5.249,72.740,1.000,0,5374908,181620,168872,2277956,18978.450,11179.498,111.985,375.949,6.999,28.996,3159,3116,2.020,2.340,1.510,2,0,55.992,0,0,18,318,0,41,0
09-03 17:44:45,18.747,3.000,77.238,0,0,5406064,150452,168872,2277968,14340.744,6294.010,0,79.987,0,6.999,2333,2097,2.020,2.340,1.510,1,0,0,0,0,18,319,0,41,0
09-03 17:44:46,20.252,4.250,74.256,0,0,5369620,186884,168872,2277980,9769.845,5048.436,0,36.003,0,4.000,2700,2421,2.020,2.340,1.510,1,0,32.003,0,0,18,318,0,44,0
09-03 17:44:47,19.505,3.001,75.519,0.250,0,5384436,172056,168872,2277992,10233.529,6254.546,0,436.108,0,46.011,2556,2520,1.850,2.300,1.510,2,0,0,0,0,18,319,0,44,0
09-03 17:44:48,15.003,4.501,78.016,1.500,0,5306284,250160,168872,2278040,14849.052,5791.190,32.007,268.055,2.000,27.006,3008,3217,1.850,2.300,1.510,2,1,47.010,0,0,18,318,0,45,0
09-03 17:44:49,20.763,2.502,69.795,5.504,0,5339008,217428,168872,2278048,13020.421,6257.047,0,2401.553,0,343.222,2698,2240,1.850,2.300,1.510,2,0,0,0,0,18,319,0,45,0
09-03 17:44:50,24.719,6.242,68.414,0,0,5320608,235696,168872,2278180,13028.666,4987.747,0,99.875,0,6.991,4699,6099,1.850,2.300,1.510,2,0,32.959,0,0,18,318,0,47,0
09-03 17:44:51,21.250,3.000,74.249,0.750,0,5335292,220992,168872,2278200,15396.857,8404.922,0,319.997,0,24.000,2891,2822,1.850,2.300,1.510,0,0,0,0,0,18,319,0,47,0
09-03 17:44:52,12.000,8.000,76.498,1.750,0,5305932,249964,169016,2278444,13567.695,4313.903,135.997,663.985,4.000,67.998,4731,5282,1.790,2.280,1.500,0,0,182.996,0,0,18,321,0,48,0
09-03 17:44:53,3.000,1.250,90.988,3.500,0,5302876,252080,169420,2278980,13906.194,3212.583,939.878,7.999,234.969,2.000,1677,2266,1.790,2.280,1.500,0,0,1.000,0,0,18,322,0,48,0
09-03 17:44:54,5.750,7.250,83.500,2.250,0,5301796,253068,169424,2279068,19250.034,3608.006,32.000,1396.002,2.000,70.000,3263,3339,1.790,2.280,1.500,0,0,125.000,0,0,18,322,0,42,0
09-03 17:44:55,6.499,10.999,79.990,0.750,0,5291676,263080,169428,2279172,8917.850,1538.802,43.994,127.984,3.000,4.999,4141,3754,1.790,2.280,1.500,0,2,207.973,0,0,18,320,0,43,0
09-03 17:44:56,19.255,3.751,70.768,4.251,0,5297896,248108,169468,2287868,5757.449,540.136,384.097,924.233,38.010,21.005,2372,2278,1.790,2.280,1.500,1,0,6.002,0,0,18,320,0,43,0
09-03 17:44:57,19.032,2.254,75.127,2.755,0,5313700,225720,169468,2294364,12922.814,4026.797,0,1133.914,0,36.061,2547,2643,1.640,2.240,1.500,0,0,16.027,0,0,18,322,0,43,0
09-03 17:44:58,12.478,4.991,74.869,6.239,0,5287264,250976,169608,2295388,10507.673,1632.153,690.795,1888.706,13.976,66.883,3098,3069,1.640,2.240,1.500,0,1,47.916,0,0,18,320,0,38,0
09-03 17:44:59,13.753,12.003,70.018,2.251,0,5301424,235824,169608,2296364,8392.128,582.148,400.101,1460.370,5.001,46.012,4701,4331,1.640,2.240,1.500,1,0,256.065,0,0,18,320,0,38,0
09-03 17:45:00,22.007,2.251,75.523,0,0,5343492,193752,169608,2296368,12538.818,6254.905,0,88.027,0,5.002,2400,2095,1.640,2.240,1.500,1,0,0,0,0,18,321,0,38,0
09-03 17:45:01,21.489,5.747,71.213,0.250,0,5320188,216996,169608,2296428,21778.584,17354.903,0,131.931,0,8.995,2938,2521,1.640,2.240,1.500,2,0,49.974,0,0,18,320,0,40,0
09-03 17:45:02,18.498,2.500,76.741,1.000,0,5342772,194356,169608,2296484,11127.749,7977.103,31.996,331.963,2.000,40.995,2490,2524,1.670,2.240,1.500,0,0,0,0,0,18,323,0,33,0
09-03 17:45:03,18.512,3.502,73.297,3.252,0,5361120,175680,169608,2296812,9965.417,1957.260,320.206,0,20.013,0,2318,2100,1.670,2.240,1.500,2,0,15.010,0,0,18,322,0,34,0
09-03 17:45:04,17.241,2.499,78.960,0.750,0,5383256,153532,169608,2296824,13171.316,6809.544,0,1811.081,0,135.931,2060,1980,1.670,2.240,1.500,0,0,0,0,0,18,323,0,34,0
09-03 17:45:05,20.246,4.249,63.487,9.748,0,5344588,190396,169612,2298636,7048.507,2056.564,1751.629,1551.671,65.986,183.961,5629,8188,1.670,2.240,1.500,2,0,5.999,0,0,18,324,0,35,0
09-03 17:45:06,20.005,3.501,69.519,5.752,0,5379580,155400,169612,2298640,12200.304,2785.754,0,2884.781,0,177.048,2555,2786,1.670,2.240,1.500,1,0,0,0,0,18,325,0,31,0
09-03 17:45:07,19.015,4.003,73.056,2.502,0,5375268,159588,169612,2298764,16717.761,7912.039,80.061,1052.804,3.002,110.084,4846,6636,1.620,2.220,1.500,2,1,2.002,0,0,18,325,0,31,0
09-03 17:45:08,14.031,16.787,61.887,6.264,0,5346200,188612,169612,2298808,8535.921,1836.070,0,3443.633,0,230.511,7009,7659,1.620,2.220,1.500,2,0,484.073,0,0,18,324,0,32,0
09-03 17:45:09,8.504,23.260,67.030,0.500,0,5332380,202388,169612,2298852,7075.161,540.241,0,2048.916,0,51.023,7640,7459,1.620,2.220,1.500,3,0,717.321,0,0,18,324,0,32,0
09-03 17:45:10,8.255,22.265,65.293,2.251,0,5308068,226664,169612,2298888,9231.049,540.354,0,2637.728,0,399.262,7600,6946,1.620,2.220,1.500,1,1,713.468,0,0,18,324,0,29,0
09-03 17:45:11,9.255,22.763,67.288,0.500,0,5306984,227712,169612,2298924,8871.067,540.309,0,500.286,0,40.023,7460,7037,1.620,2.220,1.500,2,0,725.414,0,0,18,324,0,29,0
09-03 17:45:12,8.493,22.481,67.694,0.250,0,5296748,237908,169612,2298964,6772.359,581.516,0,259.784,0,27.977,7461,7177,1.490,2.180,1.490,1,0,689.426,0,0,18,324,0,29,0
09-03 17:45:13,11.729,17.219,69.375,0.250,0,5316160,218436,169616,2299020,8581.561,539.030,11.978,99.820,1.996,10.980,6154,5511,1.490,2.180,1.490,1,0,484.129,0,0,18,324,0,29,0
09-03 17:45:14,25.448,8.483,65.366,0,0,5343940,287792,169856,2212080,6165.333,538.893,255.475,199.590,1.996,4.990,2857,2345,1.490,2.180,1.490,2,0,29.938,0,0,18,324,0,27,0
09-03 17:45:15,33.910,7.284,56.014,2.512,0,5409212,220272,169952,2214232,11991.518,3245.296,530.500,2403.327,7.033,8.038,3265,2357,1.490,2.180,1.490,3,0,24.114,0,0,18,325,0,27,0
09-03 17:45:16,12.935,1.990,77.612,5.721,0,5397576,231028,169988,2215076,23406.964,9386.069,959.204,1205.970,43.781,35.821,2142,2086,1.490,2.180,1.490,1,0,0.995,0,0,18,325,0,27,0
09-03 17:45:17,11.752,1.500,80.267,4.751,0.250,5393920,234020,170024,2215700,16416.387,10104.085,272.056,1916.395,26.005,97.020,2305,2846,1.370,2.150,1.480,0,0,0,0,0,18,325,0,27,0
09-03 17:45:18,11.002,0.750,83.267,3.251,0,5389804,237128,170080,2216652,13316.778,6219.298,832.174,744.155,33.007,36.008,1700,1892,1.370,2.150,1.480,1,0,0,0,0,18,325,0,24,0
09-03 17:45:19,13.998,1.000,78.737,4.499,0,5386112,239844,170192,2217508,24471.869,11430.070,771.870,1487.749,45.992,57.990,2029,2110,1.370,2.150,1.480,1,0,0,0,0,18,325,0,24,0
09-03 17:45:20,13.711,1.745,79.027,3.989,0,5396388,228384,170296,2218580,23594.464,10606.091,526.515,1280.389,27.921,39.888,2114,2180,1.370,2.150,1.480,1,0,0,0,0,18,325,0,24,0
09-03 17:45:21,14.335,2.263,73.438,8.802,0,5385656,208264,170424,2249284,8938.263,1417.446,11826.473,877.227,124.743,39.234,2106,2207,1.370,2.150,1.480,1,0,1.006,0,0,18,325,0,24,0
09-03 17:45:22,21.244,2.749,69.981,4.749,0,5395032,183580,170716,2264008,7812.832,539.850,0,2251.375,0,82.977,2887,3307,1.340,2.130,1.480,1,1,1.999,0,0,18,325,0,23,0
09-03 17:45:23,22.936,2.493,71.799,2.244,0,5401552,164200,170716,2276624,8238.929,484.643,0,945.353,0,34.902,2474,2373,1.340,2.130,1.480,1,0,0.997,0,0,18,325,0,23,0
09-03 17:45:24,17.500,2.250,71.751,7.250,0,5413856,132196,170876,2295928,5302.061,540.006,0,2776.032,0,111.001,2471,2596,1.340,2.130,1.480,1,1,0,0,0,18,325,0,23,0
09-03 17:45:25,20.497,2.750,71.739,3.999,0,5385124,158620,171288,2298716,5401.134,539.913,0,1979.683,0,75.988,2483,2423,1.340,2.130,1.480,0,1,0,0,0,18,325,0,23,0
09-03 17:45:26,20.842,4.771,66.292,7.784,0,5388476,158080,171596,2296332,4901.623,542.393,0,1775.834,0,60.266,3099,13907,1.340,2.130,1.480,0,1,36.160,0,0,18,325,0,23,0
09-03 17:45:27,21.482,4.496,68.692,3.997,0,5360956,200480,171708,2281256,10704.023,713.402,31.973,1590.666,0.999,68.942,3040,2965,1.310,2.110,1.470,2,0,18.984,0,0,18,324,0,23,0
09-03 17:45:28,17.197,2.742,77.759,1.745,0,5377976,178948,171772,2285688,12785.387,2881.074,0,957.035,0,12.960,2169,2056,1.310,2.110,1.470,2,0,16.947,0,0,18,324,0,23,0
09-03 17:45:29,19.991,2.499,75.465,0.500,0,5371908,183668,171792,2286984,13515.678,2575.795,0,335.843,0,2.999,2291,2031,1.310,2.110,1.470,2,0,17.992,0,0,18,325,0,23,0
09-03 17:45:30,21.762,5.753,67.037,3.752,0,5366916,182936,171988,2292364,9413.181,1564.861,0,15284.412,0,164.090,11922,20987,1.310,2.110,1.470,1,0,20.011,0,0,18,324,0,23,0
09-03 17:45:31,22.242,6.248,67.476,2.999,0,5385416,164176,171996,2292616,8581.979,539.810,0,1095.614,0,208.926,10798,19355,1.310,2.110,1.470,2,0,12.995,0,0,18,324,0,22,0
09-03 17:45:32,20.305,4.512,70.190,3.008,0,5303424,257560,172000,2281364,7878.325,541.466,0,2290.199,0,27.073,2660,2242,1.290,2.090,1.470,2,0,17.046,0,0,18,324,0,22,0
09-03 17:45:33,24.196,4.739,69.096,0.249,0,5319492,241460,172000,2281396,4649.620,538.797,19.955,0,3.991,0,11671,21135,1.290,2.090,1.470,3,0,48.891,0,0,18,324,0,22,0
09-03 17:45:34,17.998,3.000,76.992,1.000,0,5358372,201708,172000,2282268,13450.613,2715.720,0,351.964,0,3.000,2284,2009,1.290,2.090,1.470,2,0,32.997,0,0,18,325,0,22,0
09-03 17:45:35,22.742,3.749,71.475,0.250,0,5351704,203500,172000,2287128,7729.341,955.671,0,6793.663,0,234.919,2890,2331,1.290,2.090,1.470,0,0,18.993,0,0,18,324,1,22,0
09-03 17:45:36,16.571,3.013,76.829,2.511,0,5346968,203132,172000,2292212,13339.176,3493.976,0,1249.355,0,20.086,4058,6255,1.290,2.090,1.470,1,0,6.026,0,0,18,324,0,22,0
09-03 17:45:37,24.645,6.721,62.485,3.734,0,5344268,205340,172000,2292704,9710.781,537.718,31.865,1151.114,0.996,69.704,18259,34363,1.340,2.090,1.470,1,1,19.915,0,0,18,324,0,22,0
09-03 17:45:38,20.555,5.765,71.442,0.501,0,5336288,224692,172004,2281440,4336.651,487.309,0,1307.513,0,48.129,2544,2350,1.340,2.090,1.470,2,0,15.040,0,0,18,324,0,22,0
09-03 17:45:39,21.937,5.484,71.543,0,0,5323948,237020,172004,2281452,7826.393,580.324,0,7.977,0,1.994,2956,2422,1.340,2.090,1.470,1,0,70.796,0,0,18,324,0,22,0
09-03 17:45:40,23.002,3.500,70.755,1.000,0,5319492,232300,172008,2290576,7479.507,540.037,0,348.024,0,16.001,3060,3042,1.340,2.090,1.470,0,2,43.003,0,0,18,324,0,22,0
09-03 17:45:41,16.311,2.258,76.538,4.266,0,5321796,228244,172008,2292280,12592.367,4107.451,4.015,1465.513,1.004,22.083,1994,1819,1.340,2.090,1.470,0,0,16.060,0,0,18,325,0,22,0
09-03 17:45:42,12.708,1.246,81.978,2.990,0,5332352,217508,172008,2292460,26266.894,10550.014,0,1347.531,0,38.871,1863,1977,1.320,2.070,1.470,1,0,0,0,0,18,325,0,22,0
09-03 17:45:43,7.998,1.250,87.228,2.499,0,5333212,216348,172008,2292760,44730.906,8474.898,0,995.753,0,30.992,1672,1933,1.320,2.070,1.470,0,0,2.999,0,0,18,326,0,18,0
09-03 17:45:44,3.999,0.750,91.232,2.250,0,5335008,214360,172008,2292932,117976.337,8080.448,0,727.860,0,30.994,1610,2072,1.320,2.070,1.470,0,0,0,0,0,18,326,0,18,0
09-03 17:45:45,15.756,1.250,78.278,3.251,0,5366668,182524,172008,2293108,29433.341,8383.946,0,3041.068,0,82.029,2279,2426,1.320,2.070,1.470,2,1,0,0,0,18,326,0,18,0
09-03 17:45:46,12.496,1.500,79.477,5.748,0,5357972,190916,172096,2293304,24378.081,10004.160,0,11316.788,0,290.917,2215,2329,1.320,2.070,1.470,0,1,1.000,0,0,18,326,0,18,0
09-03 17:45:47,10.244,1.749,82.203,4.248,0,5372960,175572,172136,2293616,158955.319,8478.110,31.982,1099.366,0.999,67.961,2386,2831,1.210,2.030,1.460,1,3,0,0,0,18,326,0,14,0
09-03 17:45:48,8.257,1.752,75.067,13.012,0,5374360,173556,172376,2293988,198381.623,15722.077,32.029,4848.341,5.004,225.202,2390,2841,1.210,2.030,1.460,2,0,0,0,0,18,326,0,14,0
09-03 17:45:49,9.740,1.249,82.169,4.995,0,5378236,169032,172600,2294380,84013.339,14963.278,103.898,1914.117,5.994,80.920,2165,2375,1.210,2.030,1.460,0,1,0,0,0,18,326,0,14,0
09-03 17:45:50,14.496,3.999,75.481,3.999,0,5382100,150188,172696,2309208,3204373.642,33478.575,0,2491.373,0,45.988,5349,6508,1.210,2.030,1.460,1,0,2.999,0,0,18,326,0,14,0
09-03 17:45:51,9.255,3.502,75.295,10.506,0,5394980,141776,172820,2305112,14112285.377,114738.111,168.100,16593.850,5.003,84.050,7192,4779,1.210,2.030,1.460,0,0,3.002,0,0,18,326,0,12,0
09-03 17:45:52,18.010,2.001,72.539,5.503,0,5398472,130940,173176,2312036,508154.002,4932.650,0,2649.423,0,111.060,3138,3384,1.190,2.020,1.460,1,0,3.002,0,0,18,326,0,12,0
09-03 17:45:53,17.997,2.999,71.487,6.749,0,5395860,139680,176244,2302628,6791.790,485.913,0,3631.353,0,61.989,2427,2378,1.190,2.020,1.460,0,2,1.000,0,0,18,326,0,12,0
09-03 17:45:54,22.739,2.749,69.715,3.248,0,5395560,123816,176676,2318076,8873.589,539.732,0,1951.030,0,39.980,2496,2345,1.190,2.020,1.460,1,1,0,0,0,18,326,0,12,0
09-03 17:45:55,20.263,3.502,69.296,6.254,0,5413800,145640,177216,2278144,7258.804,540.358,0,2213.465,0,113.075,2825,2842,1.190,2.020,1.460,1,0,0,0,0,18,326,0,9,0
09-03 17:45:56,19.244,4.998,68.977,5.498,0,5414284,133356,177968,2289148,3960.686,539.821,0,11788.089,0,141.953,2738,2613,1.190,2.020,1.460,1,0,1.999,0,0,18,328,0,9,0
09-03 17:45:57,7.252,3.501,56.267,31.510,0,5412320,132908,178124,2291348,4281.321,540.167,32.010,36223.179,1.000,426.132,2868,3530,1.420,2.050,1.470,1,1,0,0,0,18,328,0,9,0
09-03 17:45:58,8.747,2.999,66.478,20.243,0,5411740,129380,178476,2294992,7576.482,539.821,0,22480.528,0,182.939,2365,2726,1.420,2.050,1.470,0,1,0,0,0,18,328,0,9,0
09-03 17:45:59,12.250,2.000,67.249,16.500,0,5414100,120068,178584,2301744,5292.900,539.990,0,20215.618,0,169.997,2336,2527,1.420,2.050,1.470,1,1,0,0,0,18,328,0,9,0
09-03 17:46:00,22.510,3.251,71.282,2.501,0,5415676,149492,179944,2269760,8487.753,540.239,0,2212.978,0,48.021,2566,2340,1.420,2.050,1.470,1,0,0,0,0,18,328,0,9,0
09-03 17:46:01,17.496,3.249,67.735,9.998,0,5411612,157580,180696,2264748,4820.944,485.894,0,1755.616,0,70.984,2446,2391,1.420,2.050,1.470,1,0,0,0,0,18,328,0,9,0
09-03 17:46:02,16.500,2.500,71.000,8.750,0,5414464,141140,181392,2276812,9163.963,966.996,0,2103.991,0,99.000,2453,2475,1.380,2.030,1.470,0,0,0,0,0,18,329,0,9,0
09-03 17:46:03,19.777,3.004,76.354,0,0,5324188,265964,181404,2242268,10796.718,2777.787,0,168.229,0,8.011,2202,1969,1.380,2.030,1.470,1,0,19.026,0,0,18,326,0,5,0
09-03 17:46:04,15.982,2.497,77.660,2.497,0,5364084,220380,181456,2247752,10059.394,2712.870,0,1510.258,0,9.988,2078,1998,1.380,2.030,1.470,1,0,16.980,0,0,18,326,0,5,1
09-03 17:46:05,22.746,2.999,74.237,0,0,5391848,192200,181480,2248016,13263.628,1985.645,0,19.996,0,1.000,2647,2369,1.380,2.030,1.470,1,0,18.997,0,0,18,327,0,5,0
09-03 17:46:06,20.271,3.504,72.574,1.251,0,5400396,177280,181720,2253268,11633.852,2319.363,0,1445.473,0,22.022,9979,18457,1.380,2.030,1.470,1,0,9.009,0,0,18,328,0,5,0
09-03 17:46:07,23.228,6.244,65.438,3.996,0,5402728,174536,181764,2253568,5559.727,539.488,0,3784.411,0,190.819,9273,16249,1.350,2.010,1.470,3,1,12.988,0,0,18,328,0,4,0
09-03 17:46:08,21.498,6.749,67.992,3.000,0,5397768,179196,181804,2253780,7084.188,581.933,31.996,563.935,1.000,37.996,5395,8196,1.350,2.010,1.470,1,1,14.998,0,0,18,328,0,4,0
09-03 17:46:09,19.762,3.752,71.794,3.752,0,5376972,211980,181808,2242876,5772.517,540.329,248.151,372.227,4.002,18.011,2317,2067,1.350,2.010,1.470,1,1,6.004,0,0,18,328,0,4,0
09-03 17:46:10,19.324,4.015,64.999,10.540,0,5395372,190980,181808,2245444,8100.014,487.868,293.122,11307.295,6.023,318.218,2923,2871,1.350,2.010,1.470,1,2,0,0,0,18,329,0,4,0
09-03 17:46:11,8.734,2.745,63.879,22.458,0,5390064,196308,181812,2245548,5512.599,538.983,31.940,15658.457,1.996,288.456,4092,5618,1.350,2.010,1.470,1,0,0,0,0,18,329,0,9,0
09-03 17:46:12,19.466,3.244,64.389,10.731,0,5380888,204512,181820,2246512,3651.680,539.067,686.811,1709.042,40.929,234.594,6758,10610,1.320,2,1.460,0,2,0.998,0,0,18,331,0,9,0
09-03 17:46:13,11.782,17.297,65.931,4.763,0,5310272,274920,181820,2246720,7633.900,541.482,128.351,3044.335,1.003,184.505,6454,6299,1.320,2,1.460,1,0,394.079,0,0,18,330,0,9,0
09-03 17:46:14,15.486,7.244,61.696,13.988,0,5325020,255404,181896,2251416,5946.788,539.527,4883.720,131.884,622.455,5.995,3618,3861,1.320,2,1.460,0,2,59.947,0,0,18,330,0,11,0
09-03 17:46:15,26.657,7.972,46.338,17.439,0,5337916,204084,181904,2289836,3409.083,538.119,38919.944,1411.067,2858.009,9.965,6119,7856,1.320,2,1.460,2,1,7.972,0,0,18,330,0,11,0
09-03 17:46:16,5.003,2.001,89.305,2.251,0,5326972,215028,181908,2289832,12163.470,2230.370,264.162,1176.723,4.002,27.017,1662,1920,1.320,2,1.460,0,1,7.004,0,0,18,331,0,11,0
09-03 17:46:17,3.000,1.500,90.760,3.250,0,5324132,217868,181908,2289832,42650.478,3333.350,0,2580.271,0,154.016,1933,2856,1.220,1.960,1.450,0,1,0,0,0,18,331,0,11,0
09-03 17:46:18,13.453,5.481,73.989,5.979,0,5297736,243552,182040,2290380,328193.259,5818.510,286.989,2726.399,10.961,317.881,3178,2729,1.220,1.960,1.450,4,0,36.870,0,0,18,326,0,16,0
09-03 17:46:19,36.397,8.032,54.469,0,0,5067568,473712,182040,2290272,6793.372,542.185,4.016,48.194,1.004,4.016,2846,1908,1.220,1.960,1.450,3,0,4.016,0,0,18,314,0,18,0
09-03 17:46:20,81.767,12.039,5.267,0.752,0,5115356,425900,182040,2290392,4408.370,541.766,4.013,64.209,1.003,7.023,4781,2422,1.220,1.960,1.450,5,0,2.007,0,0,18,308,0,18,0
09-03 17:46:21,85.338,14.515,0.250,1.001,0,5226556,314068,182044,2291084,8738.991,540.556,160.165,316.325,6.006,2.002,5025,2855,1.220,1.960,1.450,6,0,5.005,0,0,18,314,0,18,0
09-03 17:46:22,53.752,9.000,35.501,0.750,0,5135796,403596,182044,2292320,7103.281,540.021,0,1192.047,0,101.004,8320,11034,1.280,1.970,1.460,2,0,7.000,0,0,18,289,0,28,0
09-03 17:46:23,45.727,6.497,43.229,2.249,0,5241500,296944,182048,2293264,7869.117,539.734,19.990,1027.493,1.999,130.935,6195,9454,1.280,1.970,1.460,5,0,2.999,0,0,18,293,0,30,0
09-03 17:46:24,32.114,4.730,59.747,2.987,0,5311436,225556,182048,2294716,121528.895,58856.534,342.548,485.940,6.970,46.802,5175,7525,1.280,1.970,1.460,1,0,1.992,0,0,18,295,0,35,0
09-03 17:46:25,32.506,2.000,63.761,0.250,0,5325712,211060,182048,2294936,150347.646,70177.437,0,16.003,0,2.000,4017,3245,1.280,1.970,1.460,2,1,0,0,0,18,299,0,35,0
09-03 17:46:26,13.254,2.001,81.276,2.001,0,5333156,203580,182048,2294972,55762.902,22232.137,0,508.163,0,45.014,3265,4690,1.280,1.970,1.460,1,1,1.000,0,0,18,303,0,35,0
09-03 17:46:27,7.993,4.496,82.431,4.496,0,5339288,197428,182048,2294976,6339.698,539.549,0,10986.811,0,110.907,3408,9350,1.260,1.950,1.450,0,3,34.971,0,0,18,303,0,36,0
09-03 17:46:28,2.000,1.500,87.019,7.252,0,5339248,197468,182048,2294976,7280.625,540.121,0,23637.276,0,269.060,1933,2431,1.260,1.950,1.450,0,4,0,0,0,18,303,0,35,0
09-03 17:46:29,1.500,2.000,52.752,42.751,0,5332112,204604,182048,2294976,8658.270,540.017,0,24796.774,0,925.029,1978,1988,1.260,1.950,1.450,0,1,0,0,0,18,303,0,35,0
09-03 17:46:30,2.500,2.250,73.487,19.997,0,5332364,204352,182048,2294976,7290.732,539.906,0,14801.426,0,230.960,2023,2646,1.260,1.950,1.450,0,2,5.999,0,0,18,303,0,35,0
09-03 17:46:31,1.500,1.250,87.515,8.251,0,5332604,204112,182048,2294976,7143.250,540.094,0,14498.537,0,246.043,1585,2388,1.260,1.950,1.450,0,0,0,0,0,18,303,0,35,0
09-03 17:46:32,1.500,1.000,77.770,17.755,0,5332592,204112,182052,2294984,7341.874,540.138,0,16860.303,0,221.056,1743,2438,1.240,1.930,1.450,0,1,0,0,0,18,303,0,35,0
09-03 17:46:33,1.500,2.499,94.469,0.500,0,5332844,203860,182052,2294984,7176.650,485.841,0,18781.851,0,261.914,1954,2609,1.240,1.930,1.450,0,0,1.000,0,0,18,303,0,35,0
09-03 17:46:34,1.500,2.250,86.015,8.251,0,5332816,203860,182064,2295000,5371.948,540.095,28.005,29681.235,4.001,282.050,2114,3125,1.240,1.930,1.450,0,1,0,0,0,18,303,0,35,0
09-03 17:46:35,2.000,2.750,72.488,21.497,0,5315636,220856,182092,2295156,5513.110,539.913,27.995,19196.902,6.999,358.942,1913,2355,1.240,1.930,1.450,1,0,0,0,0,18,303,0,35,0
09-03 17:46:36,2.500,0.750,94.233,0.500,0,5315632,220856,182092,2295160,6615.841,539.905,0,355.938,0,31.994,1659,2511,1.240,1.930,1.450,0,1,1.000,0,0,18,303,0,35,0
09-03 17:46:37,2.500,1.500,90.261,4.251,0,5315620,220856,182092,2295172,7319.868,540.064,0,488.058,0,62.007,2038,3083,1.140,1.900,1.440,0,1,2.000,0,0,18,303,0,35,0
09-03 17:46:38,2.252,0.250,96.100,1.001,0,5315616,220856,182092,2295176,12629.206,540.565,0,144.151,0,12.013,1204,1722,1.140,1.900,1.440,0,0,0,0,0,18,303,0,35,0
09-03 17:46:39,1.748,0.749,96.147,0,0,5315352,221120,182092,2295176,7488.009,539.424,0,219.765,0,12.986,1080,1598,1.140,1.900,1.440,0,0,0,0,0,18,303,0,35,0
09-03 17:46:40,1.250,0.500,96.517,0,0,5315352,221120,182092,2295176,7522.327,486.086,0,32.006,0,4.001,1143,1697,1.140,1.900,1.440,0,0,0,0,0,18,303,0,35,0
09-03 17:46:41,1.500,1.000,96.500,0,0,5315352,221120,182092,2295176,9390.955,539.997,0,2563.988,0,19.000,1164,1693,1.140,1.900,1.440,0,0,0,0,0,18,303,0,35,0
09-03 17:46:42,5.270,6.775,84.567,2.258,0,5321760,214520,182092,2295368,6223.338,542.033,180.678,0,9.034,0,3103,3047,1.130,1.890,1.440,1,0,173.651,0,0,18,303,0,35,0
09-03 17:46:43,8.484,20.211,69.866,0,0,5328388,207852,182092,2295408,4128.063,538.964,0,0,0,0,7135,6794,1.130,1.890,1.440,2,0,617.812,0,0,18,303,0,35,0
09-03 17:46:44,8.774,20.055,69.442,0.501,0,5332112,204076,182092,2295460,10673.506,541.497,16.044,705.952,1.003,32.089,7421,7268,1.130,1.890,1.440,1,0,646.788,0,0,18,303,0,35,0
09-03 17:46:45,8.988,20.222,69.156,0.749,0,5330208,205912,182096,2295524,6586.004,581.206,27.962,43.940,2.996,3.995,7148,6801,1.130,1.890,1.440,1,0,649.113,0,0,18,303,0,35,0
09-03 17:46:46,10.721,6.233,67.071,14.711,0,5345200,134808,182252,2351448,4206.784,538.564,55918.906,2792.554,468.750,193.484,3746,3984,1.130,1.890,1.440,1,2,110.705,0,0,18,303,0,35,0
09-03 17:46:47,10.760,3.753,77.071,7.006,0,5349032,130340,182260,2352268,817984.703,12819.828,44.041,3499.229,5.005,49.045,3442,3406,1.040,1.850,1.430,0,0,27.025,0,0,18,304,0,35,0
09-03 17:46:48,2.995,1.498,93.095,0,0,5348992,129080,182260,2353568,1379949.141,37388.687,0,2080.533,0,4.992,2907,2504,1.040,1.850,1.430,0,0,0,0,0,18,304,0,35,0
09-03 17:46:49,2.250,1.000,95.495,0.250,0,5348940,128828,182260,2353872,327492.289,7469.642,0,195.991,0,8.000,1608,1891,1.040,1.850,1.430,1,0,0,0,0,18,304,0,35,0
09-03 17:46:50,2.501,1.500,93.522,0.250,0,5348784,128072,182260,2354784,975756.812,22858.290,0,848.196,0,178.041,2495,2440,1.040,1.850,1.430,0,0,0,0,0,18,304,0,35,0
09-03 17:46:51,2.000,1.000,96.234,0,0,5348716,128072,182260,2354852,86152.743,2657.560,0,1299.785,0,3.000,1250,1771,1.040,1.850,1.430,1,0,0,0,0,18,304,0,35,0
09-03 17:46:52,6.753,2.501,87.293,2.001,0,5336360,140004,182260,2355244,249640.917,6572.210,0,1268.620,0,48.023,4375,6554,1.030,1.840,1.430,0,0,3.001,0,0,18,304,0,35,0
09-03 17:46:53,3.745,1.498,92.867,0,0,5337436,138552,182260,2355620,429988.000,12204.573,0,239.658,0,3.994,2364,2504,1.030,1.840,1.430,3,0,0.999,0,0,18,304,0,35,0
09-03 17:46:54,5.008,1.753,90.895,0.501,0,5349876,155920,182140,2326456,312058.378,9332.845,4.006,1021.625,1.002,32.051,2382,2717,1.030,1.840,1.430,1,1,0,0,0,18,303,0,36,0
09-03 17:46:55,11.014,5.757,66.332,15.269,0,5365436,157272,182388,2310084,7052.730,486.602,4529.607,16580.523,132.164,215.266,3628,4290,1.030,1.840,1.430,0,1,34.042,0,0,18,303,0,36,0
09-03 17:46:56,4.741,6.987,71.369,15.471,0,5366736,150228,182416,2315768,7349.461,539.007,0,8656.054,0,591.910,4470,6003,1.030,1.840,1.430,2,1,42.921,0,0,18,303,0,36,0
09-03 17:46:57,3.750,6.499,67.994,19.248,0,5366768,147712,182520,2318124,7498.287,539.949,107.990,4939.530,1.000,486.954,4113,5318,1.110,1.840,1.430,0,1,38.996,0,0,18,303,0,36,0
09-03 17:46:58,4.268,7.030,71.806,15.315,0,5369012,142704,182624,2320544,5478.315,542.308,64.274,5435.131,5.021,600.556,3987,5323,1.110,1.840,1.430,0,1,45.192,0,0,18,303,0,36,0
09-03 17:46:59,7.998,7.498,71.232,12.247,0,5358008,172560,182836,2301468,3285.192,539.867,143.965,5922.544,3.999,568.860,4010,5072,1.110,1.840,1.430,1,1,39.990,0,0,18,303,0,36,0
09-03 17:47:00,21.769,6.756,67.558,3.003,0,5386300,143396,182860,2302296,7847.773,540.466,0,1313.133,0,81.070,3566,3072,1.110,1.840,1.430,1,0,32.028,0,0,18,303,0,36,0
09-03 17:47:01,19.408,5.972,68.175,5.225,0,5380288,148496,182904,2303132,6846.394,537.440,3.981,1508.814,0.995,92.559,3434,3136,1.110,1.840,1.430,1,0,29.858,0,0,18,303,0,36,0
09-03 17:47:02,18.763,5.754,67.796,6.755,0,5394280,133668,182952,2303904,7338.023,540.370,0,1228.841,0,77.053,3383,2972,1.100,1.830,1.430,1,0,24.016,0,0,18,303,0,36,0
09-03 17:47:03,21.265,5.504,69.048,3.002,0,5380836,142028,183204,2308348,7427.191,486.340,20.014,1256.878,5.003,45.031,3303,3210,1.100,1.830,1.430,0,2,19.013,0,0,18,303,0,36,0
09-03 17:47:04,20.780,3.755,70.351,4.506,0,5381032,141700,183212,2307832,10704.382,540.777,176.253,1434.061,37.053,21.030,4300,5901,1.100,1.830,1.430,0,3,16.023,0,0,18,303,0,36,0
09-03 17:47:05,9.726,9.726,69.579,8.479,0,5420112,153132,182404,2258744,8066.161,538.675,2090.858,4437.087,74.816,112.723,3551,3472,1.100,1.830,1.430,1,1,38.904,0,0,18,303,0,36,0
09-03 17:47:06,17.237,8.494,65.952,7.994,0,5411692,188816,181924,2229584,5990.622,539.606,351.743,3625.351,29.978,173.873,3478,3097,1.100,1.830,1.430,1,1,37.972,0,0,18,303,0,36,0
09-03 17:47:07,21.526,2.503,68.584,6.007,0,5405100,197028,181980,2227908,3270.989,540.659,2655.238,728.889,76.093,67.082,3109,3375,1.170,1.830,1.440,1,0,14.017,0,0,18,303,0,36,0
09-03 17:47:08,1.998,4.245,91.888,0.250,0,5362080,295908,181984,2172128,8978.069,539.343,23.971,3.995,2.996,0.999,1519,1839,1.170,1.830,1.440,0,0,4.994,0,0,18,303,0,36,0
09-03 17:47:09,1.751,0.750,96.541,0.500,0,5350764,307224,181984,2172128,5427.299,540.229,0,64.027,0,1.000,1061,1591,1.170,1.830,1.440,0,1,0,0,0,18,303,0,36,0
09-03 17:47:10,2.000,0.250,95.492,0.750,0,5346372,311616,181984,2172128,7279.377,539.954,0,259.978,0,15.999,1171,1737,1.170,1.830,1.440,0,0,0,0,0,18,303,0,36,0
09-03 17:47:11,1.500,0.500,96.468,0.250,0,5342500,315488,181984,2172128,7586.486,485.839,0,247.918,0,49.983,1168,1705,1.170,1.830,1.440,0,0,0,0,0,18,303,0,36,0
09-03 17:47:12,2.001,0.750,96.531,0,0,5338976,319012,181984,2172128,7263.351,540.175,0,0,0,0,1262,1770,1.080,1.800,1.430,0,0,0,0,0,18,303,0,36,0
09-03 17:47:13,1.250,0.750,96.275,0,0,5335680,322308,181984,2172128,6612.710,540.140,0,0,0,0,1143,1682,1.080,1.800,1.430,0,0,1.000,0,0,18,303,0,30,0
09-03 17:47:14,1.750,0.750,95.776,0.750,0,5333552,324380,181984,2172184,3632.987,540.147,32.009,328.089,1.000,22.006,1305,2074,1.080,1.800,1.430,1,1,0,0,0,18,303,0,30,0
09-03 17:47:15,1.749,0.250,96.716,0,0,5332348,325584,181984,2172184,3327.825,539.809,0,247.912,0,21.992,1132,1736,1.080,1.800,1.430,0,0,0,0,0,18,303,0,30,0
09-03 17:47:16,2.249,0.750,93.467,1.749,0,5331580,326352,181984,2172184,7078.483,539.808,0,307.891,0,31.989,1634,2395,1.080,1.800,1.430,0,1,0,0,0,18,303,0,30,0
09-03 17:47:17,2.501,1.251,92.541,2.251,0,5331572,326352,181984,2172192,6978.110,540.241,0,348.155,0,46.021,1607,2280,1.070,1.790,1.430,0,0,0,0,0,18,303,0,28,0
09-03 17:47:18,1.756,0.753,93.064,3.763,0,5331228,326696,181984,2172192,10095.015,636.143,0,2271.654,0,208.703,1283,1603,1.070,1.790,1.430,0,0,0,0,0,18,303,0,28,0
09-03 17:47:19,1.494,0.498,95.876,0,0,5331228,326696,181984,2172192,7807.568,537.903,0,111.565,0,2.988,1175,1706,1.070,1.790,1.430,0,1,0,0,0,18,303,0,28,0
09-03 17:47:20,2.001,0.500,96.543,0.250,0,5331240,326696,181984,2172192,6909.052,486.215,0,92.041,0,11.005,1208,1743,1.070,1.790,1.430,0,0,0,0,0,18,303,0,28,0
09-03 17:47:21,1.499,0.750,96.449,0,0,5331212,326728,181984,2172192,5450.141,539.717,0,31.983,0,3.998,1170,1711,1.070,1.790,1.430,0,0,0,0,0,18,303,0,21,0
09-03 17:47:22,2.500,1.000,94.752,0.500,0,5331400,326536,181984,2172196,3973.085,540.012,0,868.018,0,153.003,1728,2551,0.990,1.760,1.420,0,1,2.000,0,0,18,303,0,21,0
09-03 17:47:23,1.251,0.500,96.311,0.250,0,5331652,326284,181984,2172196,6811.307,540.342,0,112.071,0,12.008,1172,1728,0.990,1.760,1.420,0,0,1.001,0,0,18,303,0,21,0
09-03 17:47:24,1.750,1.000,95.978,0,0,5331652,326284,181984,2172196,5856.671,539.878,0,179.959,0,16.996,1268,2049,0.990,1.760,1.420,2,0,0,0,0,18,303,0,21,0
09-03 17:47:25,2.250,0.500,95.755,0.750,0,5331652,326284,181984,2172196,3670.196,540.029,0,236.013,0,17.001,1159,1752,0.990,1.760,1.420,0,0,0,0,0,18,303,0,4,0
09-03 17:47:26,2.500,0.500,93.254,2.250,0,5331652,326284,181984,2172196,8704.338,540.021,0,240.009,0,30.001,1704,2527,0.990,1.760,1.420,0,1,0,0,0,18,303,0,4,0
09-03 17:47:27,7.000,4.000,86.995,1.250,0,5324708,333212,181984,2172212,6205.637,485.972,8.000,267.984,1.000,26.998,2648,11644,0.990,1.740,1.420,0,0,35.998,0,0,18,303,0,5,0
09-03 17:47:28,1.505,1.003,96.803,0,0,5324708,333212,181984,2172212,8339.091,541.695,0,68.213,0,7.022,1143,1667,0.990,1.740,1.420,1,0,0,0,0,18,303,0,5,0
09-03 17:47:29,1.246,0.499,96.214,0.249,0,5324704,333212,181984,2172216,10031.140,538.397,0,71.786,0,2.991,1123,1602,0.990,1.740,1.420,0,0,0,0,0,18,303,0,4,0
09-03 17:47:30,2.249,1.500,94.979,0,0,5324704,333212,181984,2172216,5862.692,539.880,183.959,0,11.997,0,1331,1749,0.990,1.740,1.420,0,1,5.999,0,0,18,303,0,4,0
09-03 17:47:31,2.251,0.500,96.276,0.250,0,5318944,338788,181984,2172400,9647.614,540.146,0,200.054,0,15.004,1207,1725,0.990,1.740,1.420,0,0,0,0,0,18,303,0,4,0
09-03 17:47:32,2.249,0.500,93.955,1.499,0,5318944,338788,181984,2172400,5523.382,539.744,0,251.881,0,26.987,1508,2269,0.910,1.710,1.410,0,1,0,0,0,18,303,0,4,0
09-03 17:47:33,1.000,1.000,97.005,0.250,0,5318944,338788,181984,2172400,8558.410,540.026,0,100.005,0,11.001,1148,1703,0.910,1.710,1.410,0,0,1.000,0,0,18,303,0,4,0
09-03 17:47:34,1.500,0.750,92.509,3.250,0,5318948,338788,181984,2172400,5731.559,486.047,0,6140.599,0,53.005,1241,1773,0.910,1.710,1.410,0,0,0,0,0,18,303,0,4,0
09-03 17:47:35,2.250,0.750,96.762,0,0,5318948,338788,181984,2172400,7151.864,540.065,0,0,0,0,1219,1710,0.910,1.710,1.410,0,0,0,0,0,18,303,0,4,0
09-03 17:47:36,2.250,1.000,94.484,1.250,0,5319192,338536,181984,2172408,7065.833,539.911,0,315.948,0,24.996,1601,2457,0.910,1.710,1.410,1,1,0,0,0,18,303,0,4,0
09-03 17:47:37,3.000,1.000,92.513,1.500,0,5319656,338060,181988,2172416,3553.497,540.076,0,512.072,0,61.009,1917,3004,1,1.720,1.410,1,1,2.000,0,0,18,303,0,4,0
09-03 17:47:38,9.744,3.748,72.954,11.493,0,5328280,326372,182496,2174412,10307.510,2907.169,2486.434,3701.669,515.675,236.851,2810,3559,1,1.720,1.410,1,0,4.997,0,0,18,304,0,4,0
09-03 17:47:39,20.238,2.498,67.959,8.245,0,5329936,324356,182500,2174776,32581.124,15333.646,51.968,28938.347,3.998,33.979,3620,4530,1,1.720,1.410,1,1,0,0,0,18,310,0,4,0
09-03 17:47:40,12.514,3.003,72.331,10.261,0,5335928,318340,182500,2174800,18523.662,9352.432,16.018,27370.530,1.001,63.070,2649,3108,1,1.720,1.410,3,0,5.006,0,0,18,311,0,5,0
09-03 17:47:41,18.507,3.251,75.780,1.501,0,5342444,311776,182500,2174848,10534.102,4899.908,32.012,168.065,2.001,21.008,2742,2874,1,1.720,1.410,0,0,5.002,0,0,18,314,0,6,0
09-03 17:47:42,14.985,3.746,75.672,3.996,0.250,5363788,290100,182500,2175180,18559.912,8937.808,0,1842.106,0,276.715,3328,3619,1,1.710,1.410,1,0,6.993,0,0,18,313,0,7,0
09-03 17:47:43,13.504,3.251,82.523,0,0,5381792,271948,182500,2175328,19749.575,11526.254,0,240.068,0,24.007,2608,2863,1,1.710,1.410,0,0,8.002,0,0,18,314,0,8,0
09-03 17:47:44,13.259,3.002,81.555,0.250,0,5386216,267512,182500,2175340,19486.044,10976.348,0,272.182,0,24.016,2654,2880,1,1.710,1.410,0,0,5.003,0,0,18,314,0,9,0
09-03 17:47:45,29.517,4.753,63.787,1.251,0,5385344,268136,182508,2175580,13150.703,9006.276,92.054,368.216,17.010,38.022,3661,3417,1,1.710,1.410,3,1,19.011,0,0,18,309,0,10,0
09-03 17:47:46,55.427,9.280,30.848,4.013,0,4936844,716816,182508,2175696,5919.882,541.728,100.320,268.858,14.045,27.086,4296,3424,1,1.710,1.410,2,2,10.032,0,0,18,291,0,12,0
09-03 17:47:47,87.977,8.248,0.250,3.499,0,5110292,540860,182508,2178204,8605.757,539.859,2303.400,543.858,112.971,37.990,5297,3143,1.480,1.800,1.440,3,1,1.999,0,0,18,291,0,12,0
09-03 17:47:48,75.738,10.248,2.000,11.498,0,5265584,377912,182512,2185856,46616.852,21053.772,5891.097,1579.758,379.942,108.983,8144,13481,1.480,1.800,1.440,4,2,5.999,0,0,18,293,0,20,0
09-03 17:47:49,65.551,5.254,27.772,1.001,0,5289704,352568,182512,2187112,160462.042,76315.946,444.349,104.082,66.052,9.007,5822,6026,1.480,1.800,1.440,3,0,8.006,0,0,18,293,0,24,0
09-03 17:47:50,42.553,5.226,49.023,1.493,0,5324204,316308,182512,2188872,116836.098,53586.459,473.802,302.597,24.885,28.866,8015,13766,1.480,1.800,1.440,0,0,0.995,0,0,18,306,0,26,0
09-03 17:47:51,4.502,0.750,93.042,0.250,0,5324436,316068,182512,2188880,9309.198,780.352,0,108.049,0,8.004,1930,2338,1.480,1.800,1.440,1,0,0,0,0,18,305,0,26,0
09-03 17:47:52,4.248,1.499,91.454,1.499,0,5324640,315844,182520,2188892,5151.412,539.729,0,279.859,0,35.982,2285,3324,1.360,1.770,1.430,1,0,1.999,0,0,18,305,0,26,0
09-03 17:47:53,1.500,0.750,95.022,1.000,0,5324636,315844,182520,2188896,3907.909,540.126,0,264.061,0,16.004,1496,2221,1.360,1.770,1.430,0,0,1.000,0,0,18,305,0,26,0
09-03 17:47:54,2.000,0.750,94.772,1.250,0,5324648,315844,182524,2188896,7777.821,540.126,0,904.212,0,91.021,1485,2153,1.360,1.770,1.430,0,0,0,0,0,18,305,0,24,0
09-03 17:47:55,1.749,1.000,93.469,1.749,0,5324652,315844,182524,2188904,7607.487,539.822,0,1375.546,0,94.969,1515,2154,1.360,1.770,1.430,0,0,0,0,0,18,305,0,24,0
09-03 17:47:56,2.251,0.500,96.532,0,0,5324652,315844,182524,2188904,4707.573,540.180,0,24.008,0,4.001,1191,1763,1.360,1.770,1.430,0,0,0,0,0,18,305,0,24,0
09-03 17:47:57,2.501,1.000,95.529,0,0,5324644,315844,182524,2188912,9145.767,486.147,0,120.036,0,13.004,1445,2107,1.490,1.790,1.440,0,0,0,0,0,18,305,0,24,0
09-03 17:47:58,1.499,0.500,96.453,0,0,5324644,315844,182524,2188912,6823.672,539.737,0,0,0,0,1162,1701,1.490,1.790,1.440,0,0,0,0,0,18,305,0,23,0
09-03 17:47:59,2.001,0.750,91.027,5.252,0,5324868,315620,182524,2188912,7345.213,540.163,0,4097.234,0,180.054,1274,1656,1.490,1.790,1.440,0,0,0,0,0,18,305,0,23,0
09-03 17:48:00,2.249,1.000,94.475,1.000,0,5324868,315620,182524,2188912,5961.395,539.855,0,315.915,0,29.992,1564,2324,1.490,1.790,1.440,0,1,0,0,0,18,305,0,23,0
09-03 17:48:01,3.250,1.000,94.241,1.000,0,5324828,315620,182528,2188948,3498.669,539.949,0,555.947,0,45.996,1541,2397,1.490,1.790,1.440,0,0,0,0,0,18,305,0,23,0
09-03 17:48:02,1.750,0.750,95.754,0.250,0,5324828,315620,182528,2188948,7974.344,610.026,0,96.004,0,13.001,1293,1828,1.370,1.760,1.430,0,0,0,0,0,18,305,0,23,0
09-03 17:48:03,1.750,1.000,96.225,0,0,5324824,315620,182528,2188952,7244.101,539.859,0,0,0,0,1228,1760,1.370,1.760,1.430,0,0,1.000,0,0,18,305,0,23,0
09-03 17:48:04,1.001,0.751,89.613,6.759,0,5316912,323532,182528,2188952,9296.741,486.615,0,6464.164,0,1049.325,1917,1785,1.370,1.760,1.430,3,0,0,0,0,18,305,0,23,0
09-03 17:48:05,2.248,0.500,95.919,0,0,5313940,326504,182528,2188952,6990.101,539.545,0,1558.685,0,2.997,1190,1651,1.370,1.760,1.430,0,0,0,0,0,18,305,0,23,0
09-03 17:48:06,1.500,0.500,96.260,0.250,0,5313908,326536,182528,2188952,8511.867,540.055,0,112.011,0,4.000,1160,1722,1.370,1.760,1.430,1,0,0,0,0,18,305,0,23,0
09-03 17:48:07,2.749,1.500,91.479,2.499,0,5314120,326312,182532,2188960,7466.273,539.875,0,323.925,0,47.989,2007,2997,1.580,1.790,1.450,0,0,0,0,0,18,305,0,23,0
09-03 17:48:08,2.001,0.751,96.568,0.250,0,5314116,326312,182536,2188960,6766.782,540.382,0,440.311,0,29.021,1205,1835,1.580,1.790,1.450,0,0,0,0,0,18,305,0,23,0
09-03 17:48:09,33.175,7.483,55.625,2.245,0,4951776,688164,182684,2189396,3785.496,776.256,566.727,59.866,38.913,3.991,3932,3210,1.580,1.790,1.450,2,0,79.821,0,0,18,301,0,25,0
09-03 17:48:10,22.037,4.508,70.369,1.753,0,5021612,618136,182684,2189588,7355.424,861.455,188.318,272.460,16.027,25.042,2624,2601,1.580,1.790,1.450,1,0,0,0,0,18,301,0,25,0
09-03 17:48:11,22.520,5.004,69.060,1.752,0,5097568,541024,182704,2190744,7235.268,762.661,300.260,464.402,24.021,39.034,3581,5578,1.580,1.790,1.450,1,0,18.016,0,0,18,305,0,27,0
09-03 17:48:12,23.977,4.246,71.181,0,0,5162804,475784,182704,2190748,8092.112,485.527,0,27.973,0,2.997,2771,2452,1.540,1.780,1.440,1,0,4.995,0,0,18,305,0,27,0
09-03 17:48:13,17.997,3.000,76.737,1.000,0,5181204,457164,182708,2190964,7356.801,539.912,3.999,291.952,1.000,29.995,3228,3743,1.540,1.780,1.440,0,0,2.000,0,0,18,305,0,27,0
09-03 17:48:14,1.750,0.500,93.769,2.501,0,5178568,459796,182712,2190964,7211.454,722.146,0,2596.523,0,136.027,1417,2196,1.540,1.780,1.440,0,0,0,0,0,18,305,0,27,0
09-03 17:48:15,1.750,1.000,96.010,0,0,5176280,462084,182712,2190964,8430.918,540.059,0,100.011,0,8.001,1205,1712,1.540,1.780,1.440,0,0,0,0,0,18,305,0,27,0
09-03 17:48:16,1.500,0.500,96.477,0,0,5174308,464056,182712,2190964,3178.238,539.871,0,0,0,0,1127,1670,1.540,1.780,1.440,0,0,0,0,0,18,305,0,27,0
09-03 17:48:17,2.250,1.000,96.010,0.250,0,5172384,465976,182712,2190968,4317.432,540.054,0,300.030,0,13.001,1403,2084,1.490,1.770,1.440,0,0,0,0,0,18,305,0,27,0
09-03 17:48:18,1.500,0.750,96.266,0,0,5170700,467656,182712,2190972,9246.551,634.106,0,164.028,0,11.002,1264,1782,1.490,1.770,1.440,0,0,0,0,0,18,305,0,27,0
09-03 17:48:19,1.499,0.750,96.445,0,0,5169232,469124,182712,2190972,5928.617,629.641,0,131.925,0,5.997,1174,1705,1.490,1.770,1.440,0,0,0,0,0,18,305,0,27,0
09-03 17:48:20,2.501,1.000,94.774,0.250,0,5167944,470412,182712,2190972,8106.053,486.123,0,188.048,0,27.007,1736,2402,1.490,1.770,1.440,0,0,0,0,0,18,305,0,27,0
09-03 17:48:21,1.751,0.500,95.781,0.500,0,5166820,471536,182712,2190972,5533.785,540.174,0,312.101,0,29.009,1427,2138,1.490,1.770,1.440,0,0,0,0,0,18,305,0,27,0
09-03 17:48:22,2.249,0.999,94.941,0.750,0,5166500,471724,182712,2191104,10586.460,539.667,0,167.896,0,20.987,1547,2344,1.370,1.740,1.430,2,0,0,0,0,18,305,0,27,0
09-03 17:48:23,2.000,0.750,96.002,0.250,0,5166496,471724,182712,2191108,7196.149,540.011,0,160.003,0,17.000,1329,1871,1.370,1.740,1.430,0,0,1.000,0,0,18,305,0,27,0
09-03 17:48:24,1.751,0.250,96.784,0,0,5166496,471724,182712,2191108,5201.817,680.238,0,0,0,0,1099,1641,1.370,1.740,1.430,0,0,0,0,0,18,305,0,27,0
09-03 17:48:25,1.754,0.752,90.214,5.764,0,5166944,471276,182712,2191108,10350.534,541.283,0,4683.100,0,606.437,1756,1873,1.370,1.740,1.430,0,0,0,0,0,18,305,0,27,0
09-03 17:48:26,1.995,0.499,96.270,0,0,5166944,471276,182712,2191108,5904.908,538.714,0,3.990,0,0.998,1154,1696,1.370,1.740,1.430,1,0,0,0,0,18,305,0,27,0
09-03 17:48:27,6.998,2.999,87.477,0.750,0,5153240,484984,182712,2191108,3743.020,485.873,0,87.977,0,12.997,2554,11014,1.420,1.740,1.440,0,0,35.991,0,0,18,305,0,28,0
09-03 17:48:28,1.500,1.000,96.276,0,0,5153464,484760,182712,2191108,10654.927,540.148,0,240.066,0,16.004,1218,1715,1.420,1.740,1.440,0,0,0,0,0,18,305,0,28,0
09-03 17:48:29,1.750,0.250,96.976,0,0,5153464,484760,182712,2191108,10871.297,629.843,0,31.992,0,3.999,1152,1608,1.420,1.740,1.440,0,0,0,0,0,18,305,0,28,0
09-03 17:48:30,3.001,1.251,92.037,2.001,0,5156104,482024,182712,2191204,8639.482,540.218,96.039,156.063,6.002,21.008,1821,2467,1.420,1.740,1.440,1,0,5.002,0,0,18,307,0,28,0
09-03 17:48:31,1.750,1.000,95.239,0.500,0,5155528,482600,182712,2191204,5210.372,539.935,0,1251.849,0,185.978,1622,2297,1.420,1.740,1.440,0,0,1.000,0,0,18,307,0,27,0
09-03 17:48:32,2.500,0.750,96.013,0.250,0,5155520,482600,182712,2191212,5483.755,540.074,0,124.017,0,13.002,1243,1807,1.310,1.710,1.430,0,0,0,0,0,18,307,0,27,0
09-03 17:48:33,2.000,1.000,96.257,0,0,5155520,482600,182712,2191212,7148.520,540.039,0,0,0,0,1291,1812,1.310,1.710,1.430,0,0,1.000,0,0,18,307,0,27,0
09-03 17:48:34,1.250,0.250,97.007,0,0,5155520,482600,182712,2191212,7332.506,486.034,0,176.012,0,11.001,1118,1673,1.310,1.710,1.430,0,0,0,0,0,18,307,0,27,0
09-03 17:48:35,1.999,0.750,95.722,0,0,5155520,482600,182712,2191212,7291.832,539.839,0,31.990,0,3.999,1346,1871,1.310,1.710,1.430,0,0,0,0,0,18,307,0,27,0
09-03 17:48:36,1.500,0.750,96.746,0,0,5155520,482600,182712,2191212,9968.601,539.978,0,371.985,0,1.000,1181,1686,1.310,1.710,1.430,1,0,0,0,0,18,307,0,27,0
09-03 17:48:37,3.000,1.000,94.265,0.500,0,5155508,482600,182712,2191224,9567.538,540.087,0,300.048,0,45.007,1854,2869,1.520,1.750,1.440,0,0,0,0,0,18,307,0,27,0
09-03 17:48:38,1.499,0.250,95.963,0.750,0,5155508,482600,182712,2191224,7863.931,539.789,0,447.825,0,28.989,1224,1820,1.520,1.750,1.440,0,0,0,0,0,18,307,0,27,0
09-03 17:48:39,3.012,6.025,89.620,0,0,5163028,475072,182712,2191232,11119.886,632.610,0,32.133,0,4.017,2514,2618,1.520,1.750,1.440,1,0,112.464,0,0,18,307,0,27,0
09-03 17:48:40,19.011,9.005,70.039,1.001,0,5211152,426928,182712,2191252,4995.796,540.302,4.002,124.069,1.001,15.008,4168,4140,1.520,1.750,1.440,1,1,199.111,0,0,18,307,0,27,0
09-03 17:48:41,17.744,2.499,76.222,2.249,0,5235068,403000,182712,2191264,17603.588,9192.652,0,335.878,0,31.988,2951,3310,1.520,1.750,1.440,0,0,0,0,0,18,308,0,29,0
09-03 17:48:42,25.376,4.478,64.186,3.732,0,5264524,373300,182720,2191500,10481.754,2854.046,167.183,1090.668,9.951,135.338,6098,8647,1.480,1.740,1.440,3,0,3.981,0,0,18,307,0,30,0
09-03 17:48:43,36.780,6.756,54.545,1.501,0,5360300,277324,182728,2191692,17725.492,9183.508,176.144,348.285,9.007,22.018,3459,2766,1.480,1.740,1.440,1,0,28.023,0,0,18,308,0,27,0
09-03 17:48:44,20.312,5.517,72.721,0.752,0,5348716,288844,182728,2191756,38823.100,29479.677,16.049,188.574,1.003,12.037,3699,3729,1.480,1.740,1.440,1,0,55.168,0,0,18,307,0,37,0
09-03 17:48:45,7.229,16.950,73.532,0,0,5344428,293028,182728,2191860,17913.984,1988.116,59.823,195.422,0.997,9.970,5945,5339,1.480,1.740,1.440,0,0,401.811,0,0,18,308,0,38,0
09-03 17:48:46,22.058,4.261,70.436,3.259,0,5386484,250724,182728,2192108,11203.537,824.173,244.645,212.560,5.013,9.024,2746,2421,1.480,1.740,1.440,1,0,14.037,0,0,18,307,0,39,0
09-03 17:48:47,22.442,4.239,66.579,5.237,0,5387864,248736,182760,2192652,4394.737,538.620,167.571,2689.108,10.972,144.629,3141,3427,1.600,1.760,1.450,0,1,1.995,0,0,18,307,0,35,0
09-03 17:48:48,20.749,2.500,71.746,3.500,0,5405944,223576,182956,2199104,7590.595,539.971,2947.843,0,306.984,0,2702,2706,1.600,1.760,1.450,2,0,3.000,0,0,18,307,0,35,0
09-03 17:48:49,22.803,3.759,70.914,1.253,0,5460888,168400,182960,2199332,10008.172,487.128,0,645.495,0,9.021,3266,4001,1.600,1.760,1.450,1,0,0,0,0,18,308,0,36,0
09-03 17:48:50,29.918,3.989,60.834,4.238,0,5457820,171116,182960,2199688,26982.267,9559.876,15.956,1236.621,0.997,139.618,7190,10232,1.600,1.760,1.450,1,0,0,0,0,18,311,0,38,0
09-03 17:48:51,25.516,4.753,55.784,12.007,0,5462868,164736,182972,2201012,13343.112,3269.988,896.545,1536.934,58.035,203.123,7296,11459,1.600,1.760,1.450,3,0,2.001,0,0,18,316,0,29,0
09-03 17:48:52,14.751,3.250,59.503,20.251,0,5459616,167624,182976,2201372,9683.407,3207.135,144.006,8328.350,9.000,847.036,5513,7586,1.720,1.780,1.460,1,0,2.000,0,0,18,315,0,33,0
09-03 17:48:53,8.247,1.749,85.469,2.749,0.250,5454752,172408,182984,2201444,11338.861,2749.996,31.988,791.711,1.999,62.977,2820,3558,1.720,1.780,1.460,0,2,1.000,0,0,18,315,0,33,0
09-03 17:48:54,5.248,1.250,89.220,2.499,0,5451320,175780,182984,2201504,6113.932,539.817,31.989,1051.644,1.999,86.971,2200,3293,1.720,1.780,1.460,4,0,0,0,0,18,316,0,34,0
09-03 17:48:55,10.254,1.250,83.282,4.002,0,5448544,178480,182988,2201576,26823.363,11999.636,32.012,712.275,2.001,82.032,3085,4182,1.720,1.780,1.460,0,0,0,0,0,18,315,0,34,0
09-03 17:48:56,20.499,4.500,64.248,9.500,0,5446496,180108,182988,2201996,7500.785,539.985,111.997,2091.940,6.000,222.994,6820,10239,1.720,1.780,1.460,0,1,0,0,0,18,318,0,34,0
09-03 17:48:57,20.019,4.504,57.054,16.516,0,5444404,181940,182988,2202256,6919.502,486.457,0,8267.768,0,586.551,7504,12046,2.060,1.850,1.480,1,0,0,0,0,18,318,0,34,0
09-03 17:48:58,15.734,2.997,69.929,8.491,0,5443432,182612,182992,2202552,9770.021,3258.672,15.984,1922.037,0.999,226.768,5687,8686,2.060,1.850,1.480,0,0,0,0,0,18,317,0,35,0
09-03 17:48:59,7.505,2.251,84.802,4.753,0,5441512,184352,182996,2202728,11449.087,2884.786,0,2997.856,0,181.112,2821,3988,2.060,1.850,1.480,1,0,0,0,0,18,317,0,35,0
09-03 17:49:00,14.023,2.254,75.875,6.260,0,5438128,187660,183000,2202800,26488.589,9601.800,0,1494.459,0,178.293,4729,7256,2.060,1.850,1.480,2,0,0,0,0,18,318,0,35,0
09-03 17:49:01,15.775,4.006,55.588,22.536,0,5437092,188584,183004,2202908,7900.460,540.853,0,3233.099,0,353.558,5924,8927,2.060,1.850,1.480,2,3,0,0,0,18,318,0,35,0
09-03 17:49:02,20.986,4.497,58.961,14.491,0,5436944,188352,183012,2203280,5432.443,679.555,0,3417.762,0,294.807,7373,11309,2.130,1.870,1.490,1,0,0,0,0,18,319,0,37,0
09-03 17:49:03,13.201,1.494,53.551,28.893,0,5420280,204816,183024,2203468,27341.395,12118.964,0,10831.747,0,1029.175,4618,6183,2.130,1.870,1.490,0,0,0.996,0,0,18,317,0,39,0
09-03 17:49:04,11.006,3.002,82.548,2.251,0.250,5415792,209216,183024,2203556,13330.790,3260.906,0,972.568,0,131.077,3835,5386,2.130,1.870,1.490,0,0,0,0,0,18,317,0,41,0
09-03 17:49:05,11.750,2.750,80.747,3.250,0,5415840,208964,183028,2203756,13128.487,3202.875,0,1407.945,0,147.994,3757,5084,2.130,1.870,1.490,0,0,0,0,0,18,317,0,42,0
09-03 17:49:06,8.272,1.504,86.979,1.755,0,5416392,208236,183028,2203932,11387.020,541.427,148.391,457.205,8.021,26.069,2342,2717,2.130,1.870,1.490,2,0,0,0,0,18,319,0,42,0
09-03 17:49:07,17.209,1.995,76.319,3.492,0,5416908,207480,183032,2204168,29432.378,11769.160,0,2250.676,0,130.691,4433,5917,2.200,1.890,1.500,1,0,0,0,0,18,317,0,44,0
09-03 17:49:08,11.494,1.749,80.459,3.998,0,5416868,207480,183032,2204208,30923.361,11988.937,0,1083.452,0,111.943,3330,4449,2.200,1.890,1.500,1,1,0,0,0,18,317,0,44,0
09-03 17:49:09,10.503,2.001,83.524,3.251,0,5416816,207480,183036,2204256,26000.318,9613.706,0,1004.283,0,100.028,3018,4194,2.200,1.890,1.500,1,0,0,0,0,18,318,0,45,0
09-03 17:49:10,12.797,2.509,80.044,2.760,0.251,5416740,207480,183040,2204328,8163.007,2802.301,0,1328.885,0,155.572,4675,7252,2.200,1.890,1.500,0,4,0,0,0,18,318,0,47,0
09-03 17:49:11,21.673,4.235,63.774,8.470,0,5418200,205728,183040,2204620,3395.980,538.095,0,2814.040,0,277.019,8122,12516,2.200,1.890,1.500,2,2,1.993,0,0,18,318,0,50,0
09-03 17:49:12,22.025,5.006,57.565,14.016,0,5418408,205224,183048,2204908,10258.541,486.547,0,7544.487,0,542.610,8129,12715,2.190,1.890,1.500,5,0,0,0,0,18,318,0,48,0
09-03 17:49:13,23.047,4.008,67.639,3.006,0,5418732,204616,183048,2205192,5547.390,541.111,0,1607.300,0,190.391,8215,12338,2.190,1.890,1.500,2,0,1.002,0,0,18,319,0,48,0
09-03 17:49:14,3.984,1.494,91.884,1.245,0,5418708,204616,183048,2205216,7292.918,537.855,0,505.982,0,28.885,2134,3101,2.190,1.890,1.500,0,0,1.992,0,0,18,320,0,48,0
09-03 17:49:15,3.750,0.500,92.500,0.500,0,5419188,204112,183048,2205240,7146.970,539.998,0,104.000,0,6.000,1681,2095,2.190,1.890,1.500,0,0,0,0,0,18,320,0,48,0
09-03 17:49:16,8.014,2.004,84.401,4.258,0,5419104,204112,183048,2205324,7246.974,540.968,0,669.198,0,76.136,3212,4641,2.190,1.890,1.500,2,0,0,0,0,18,320,0,48,0
09-03 17:49:17,19.459,3.992,62.618,10.727,0,5418824,204112,183052,2205600,7120.936,538.860,0,2702.283,0,290.386,7266,11532,2.330,1.930,1.520,0,1,0,0,0,18,320,0,48,0
09-03 17:49:18,22.339,4.769,67.519,4.267,0,5418772,203860,183056,2205900,4652.549,636.538,0,2441.735,0,234.937,8067,12911,2.330,1.930,1.520,1,0,0,0,0,18,320,0,48,0
09-03 17:49:19,11.216,2.991,71.283,12.961,0,5422224,200080,183056,2206228,6514.202,538.364,271.176,6707.614,14.955,450.630,4324,6728,2.330,1.930,1.520,0,0,0,0,0,18,319,0,48,0
09-03 17:49:20,11.989,2.248,81.174,2.747,0,5427192,195040,183056,2206300,9731.888,765.283,0,859.196,0,119.888,3644,5151,2.330,1.930,1.520,1,0,0,0,0,18,320,0,51,0
09-03 17:49:21,5.006,1.502,90.356,1.752,0,5427676,194536,183056,2206320,9092.630,3150.683,64.075,456.534,4.005,57.067,2265,3280,2.330,1.930,1.520,1,0,0,0,0,18,320,0,52,0
09-03 17:49:22,8.245,1.749,76.449,10.743,0,5431444,190504,183072,2206568,11859.159,3186.893,0,5552.329,0,138.908,3213,4864,2.150,1.890,1.510,0,0,0,0,0,18,319,0,52,0
09-03 17:49:23,8.250,1.500,88.505,1.000,0,5432152,189748,183072,2206616,5503.292,540.029,0,580.031,0,58.003,2333,3171,2.150,1.890,1.510,0,0,1.000,0,0,18,320,0,52,0
09-03 17:49:24,10.999,2.500,75.246,9.749,0,5434076,187760,183084,2206668,12706.326,3102.835,0,5079.730,0,707.962,3767,4846,2.150,1.890,1.510,0,0,0,0,0,18,319,0,56,0
09-03 17:49:25,11.042,2.259,81.306,5.270,0,5436304,185492,183084,2206708,10336.954,2761.406,0,1035.904,0,84.318,2975,4038,2.150,1.890,1.510,0,1,0,0,0,18,319,0,60,0
09-03 17:49:26,9.682,1.241,78.949,6.951,0,5437008,184736,183092,2206752,23795.968,9716.207,0,1215.519,0,132.078,3322,4501,2.150,1.890,1.510,3,0,0.993,0,0,18,320,0,60,0
09-03 17:49:27,13.041,4.263,77.995,4.013,0,5453816,167732,183092,2206948,13839.470,2759.668,0,1492.689,0,153.482,4697,16435,2.210,1.910,1.520,0,0,36.113,0,0,18,319,0,62,0
09-03 17:49:28,14.756,2.501,73.281,6.753,0,5453960,167516,183092,2207020,31357.071,11747.897,0,1844.769,0,160.067,4061,5515,2.210,1.910,1.520,0,1,0,0,0,18,319,0,65,0
09-03 17:49:29,10.257,2.752,56.288,29.020,0,5448776,172564,183096,2207152,5236.540,540.365,16.011,10767.279,1.001,950.643,4438,6239,2.210,1.910,1.520,1,2,0,0,0,18,319,0,66,0
09-03 17:49:30,9.994,1.749,85.200,1.749,0,5450868,170324,183096,2207300,7454.645,539.685,0,1055.383,0,131.923,2876,4046,2.210,1.910,1.520,0,2,0,0,0,18,320,0,66,0
09-03 17:49:31,7.747,2.749,83.467,4.748,0,5451544,169568,183096,2207380,10083.073,3284.721,0,1127.561,0,138.946,3237,4827,2.210,1.910,1.520,1,0,5.998,0,0,18,319,0,69,0
09-03 17:49:32,12.253,2.501,76.016,7.502,0,5451704,169316,183104,2207464,11396.409,3287.695,0,1760.372,0,213.045,3937,5742,2.040,1.880,1.510,1,0,0,0,0,18,319,0,73,0
09-03 17:49:33,5.997,1.249,85.710,5.497,0,5451792,169064,183112,2207620,6634.924,539.750,0,859.601,0,67.968,2357,3282,2.040,1.880,1.510,0,0,1.000,0,0,18,319,0,74,0
09-03 17:49:34,5.002,0.500,92.280,0.500,0,5452240,168588,183112,2207648,6841.226,540.176,0,600.195,0,53.017,2004,2994,2.040,1.880,1.510,0,0,0,0,0,18,319,0,74,0
09-03 17:49:35,5.003,1.251,90.810,1.751,0,5452212,168588,183112,2207676,7948.217,540.355,0,556.365,0,53.035,2093,2977,2.040,1.880,1.510,0,0,0,0,0,18,319,0,74,0
09-03 17:49:36,5.007,1.001,92.388,0.501,0,5452196,168588,183112,2207692,8858.216,486.726,0,512.765,0,45.067,2027,2788,2.040,1.880,1.510,0,0,0,0,0,18,319,0,75,0
09-03 17:49:37,3.742,1.247,92.545,0.499,0,5452192,168588,183112,2207696,12552.249,538.809,0,542.800,0,58.870,2056,3095,2.110,1.900,1.520,2,0,0,0,0,18,320,0,75,0
09-03 17:49:38,8.747,1.749,85.970,1.999,0,5452124,168588,183112,2207764,17878.827,5873.972,0,1391.520,0,167.942,3274,4924,2.110,1.900,1.520,0,0,0,0,0,18,319,0,77,0
09-03 17:49:39,12.006,3.001,72.535,11.255,0,5452912,167580,183116,2207980,18587.002,4964.404,0,6551.173,0,452.219,4433,6841,2.110,1.900,1.520,0,0,0,0,0,18,319,0,80,0
09-03 17:49:40,13.270,2.253,79.122,3.756,0,5453088,167328,183116,2208056,15501.890,4969.659,0,1117.723,0,145.224,4055,5755,2.110,1.900,1.520,0,1,0,0,0,18,319,0,83,0
09-03 17:49:41,15.786,2.005,74.921,5.513,0,5453188,167076,183116,2208208,23283.160,9806.390,0,1407.213,0,169.387,4457,6205,2.110,1.900,1.520,3,1,0,0,0,18,321,0,83,0
09-03 17:49:42,1.993,0.498,93.932,1.495,0,5453164,167076,183116,2208232,4579.493,538.178,0,621.894,0,46.841,1645,2525,1.940,1.870,1.510,2,0,0,0,0,18,322,0,83,0
09-03 17:49:43,11.494,3.248,80.459,3.748,0,5453892,166068,183116,2208512,12514.581,3361.276,15.992,1419.272,0.999,173.911,3950,5809,1.940,1.870,1.510,0,0,0.999,0,0,18,321,0,86,0
09-03 17:49:44,7.750,2.000,84.748,3.750,0,5453844,166068,183120,2208556,11607.761,3188.934,0,1591.967,0,147.997,3063,4530,1.940,1.870,1.510,1,0,0,0,0,18,321,0,87,0
09-03 17:49:45,9.747,2.249,84.470,2.249,0,5453648,166068,183120,2208752,12573.581,2750.033,0,1211.574,0,132.953,3367,4781,1.940,1.870,1.510,1,0,0,0,0,18,321,0,74,0
09-03 17:49:46,9.778,1.755,85.247,3.009,0,5453584,166068,183120,2208816,10485.431,2825.199,0,1215.528,0,121.352,3051,4281,1.940,1.870,1.510,1,0,0,0,0,18,321,0,78,0
09-03 17:49:47,11.762,1.501,82.081,2.502,0,5453796,165816,183120,2208856,29723.447,9595.506,0,1357.345,0,136.135,3511,4667,1.870,1.850,1.500,1,0,0,0,0,18,322,0,78,0
09-03 17:49:48,16.704,3.989,51.858,24.682,0,5453636,165816,183136,2209000,7090.518,538.520,15.956,9541.782,0.997,657.194,7063,11273,1.870,1.850,1.500,1,0,0,0,0,18,322,0,78,0
09-03 17:49:49,21.576,5.269,61.216,10.537,0,5454076,165072,183140,2209300,4171.703,541.910,0,2384.404,0,284.001,8128,13951,1.870,1.850,1.500,2,0,1.004,0,0,18,322,0,76,0
09-03 17:49:50,22.665,4.483,57.784,13.201,0,5457020,161720,183144,2209688,26545.712,9681.788,0,6145.016,0,775.101,7932,11041,1.870,1.850,1.500,1,1,0.996,0,0,18,322,0,76,0
09-03 17:49:51,14.740,2.249,77.700,2.998,0,5457296,161216,183144,2209916,7978.831,485.685,127.917,1531.008,7.995,146.905,5106,7624,1.870,1.850,1.500,1,0,0,0,0,18,321,0,76,0
09-03 17:49:52,11.755,2.751,78.284,5.252,0,5453448,164848,183144,2210132,10282.439,3423.478,0,2745.185,0,259.112,4445,6662,1.720,1.820,1.500,0,0,0,0,0,18,321,0,79,0
09-03 17:49:53,8.252,2.000,84.269,3.751,0,5453612,164624,183144,2210192,14055.087,3211.705,0,1636.359,0,146.032,3200,4520,1.720,1.820,1.500,2,0,1.000,0,0,18,321,0,69,0
09-03 17:49:54,7.261,1.252,78.114,11.517,0,5453920,164280,183144,2210228,5277.699,540.789,0,6120.930,0,351.513,2951,4577,1.720,1.820,1.500,1,0,0,0,0,18,322,0,69,0
09-03 17:49:55,9.232,1.996,81.338,5.240,0,5453852,164280,183144,2210296,13870.372,2745.531,0,1241.527,0,136.728,3438,4957,1.720,1.820,1.500,0,0,0,0,0,18,321,0,71,0
09-03 17:49:56,12.250,2.750,66.502,17.500,0,5455788,162292,183148,2210344,14010.357,4195.107,0,5352.136,0,625.016,3910,5123,1.720,1.820,1.500,2,0,0,0,0,18,322,0,74,0
09-03 17:49:57,11.999,2.000,78.245,6.250,0,5455612,162292,183152,2210516,23816.505,8207.485,63.996,1587.900,2.000,139.991,3994,5589,1.820,1.840,1.500,2,0,0,0,0,18,322,0,73,0
09-03 17:49:58,19.802,4.261,58.654,14.538,0,5455024,162388,183160,2211000,7612.011,487.281,16.042,3160.308,1.003,362.954,7387,11773,1.820,1.840,1.500,1,0,0,0,0,18,322,0,73,0
09-03 17:49:59,21.953,4.740,61.869,9.979,0,5455124,162136,183164,2211148,6861.449,538.857,0,4326.824,0,306.350,7490,11394,1.820,1.840,1.500,1,0,0,0,0,18,322,0,74,0
09-03 17:50:00,20.002,5.000,58.005,14.501,0,5455076,161884,183164,2211448,3310.284,540.046,32.003,7460.639,1.000,536.046,7783,12050,1.820,1.840,1.500,1,1,0,0,0,18,322,0,75,0
09-03 17:50:01,22.235,5.246,61.707,9.244,0,5454988,161632,183164,2211788,8587.056,539.626,0,3165.809,0,407.718,8065,12618,1.820,1.840,1.500,0,2,0,0,0,18,322,0,74,0
09-03 17:50:02,16.759,3.002,58.532,19.761,0,5454364,162160,183168,2211880,10221.560,2528.375,0,5687.094,0,635.346,6174,8581,1.760,1.830,1.500,0,3,0,0,0,18,323,0,74,0
09-03 17:50:03,24.063,4.011,60.910,9.274,0,5455072,161152,183172,2212176,24018.041,7618.998,0,2703.095,0,254.668,7087,10208,1.760,1.830,1.500,3,0,1.003,0,0,18,322,0,76,0
09-03 17:50:04,21.025,4.255,63.075,9.011,0,5454928,161152,183176,2212316,9027.775,540.645,0,2963.537,0,355.424,7749,11977,1.760,1.830,1.500,7,0,0,0,0,18,322,0,78,0
09-03 17:50:05,22.016,4.503,58.042,13.760,0,5455428,160396,183180,2212568,4434.209,540.391,0,7681.560,0,510.369,8056,12456,1.760,1.830,1.500,1,0,1.001,0,0,18,322,0,72,0
09-03 17:50:06,12.946,2.490,76.928,5.726,0,5455448,160144,183184,2212796,9848.834,483.977,0,1629.190,0,156.347,4874,7194,1.760,1.830,1.500,0,0,0,0,0,18,321,0,72,0
09-03 17:50:07,6.495,1.249,85.438,4.747,0,5455400,160144,183184,2212844,9520.048,581.575,0,1259.081,0,132.903,2877,4370,1.860,1.850,1.510,0,0,0,0,0,18,321,0,73,0
09-03 17:50:08,6.495,1.999,83.941,5.996,0,5455372,160144,183184,2212872,4520.845,539.623,0,1283.105,0,116.918,2631,3865,1.860,1.850,1.510,5,1,0,0,0,18,322,0,74,0
09-03 17:50:09,7.503,0.750,83.783,6.002,0,5455564,159892,183184,2212932,12099.745,3278.285,0,1504.590,0,117.046,2782,4144,1.860,1.850,1.510,0,0,0,0,0,18,321,0,72,0
09-03 17:50:10,17.254,2.751,74.515,3.501,0,5455584,159640,183184,2213164,29054.942,11865.426,0,2012.412,0,165.034,4757,6436,1.860,1.850,1.510,0,1,0,0,0,18,321,0,76,0
09-03 17:50:11,12.023,2.004,80.406,5.010,0,5455528,159640,183192,2213212,28041.297,9670.726,0,1354.623,0,127.246,3376,4499,1.860,1.850,1.510,0,0,2.004,0,0,18,321,0,76,0
09-03 17:50:12,9.979,1.746,83.824,3.243,0,5455532,159388,183196,2213456,7890.453,538.870,0,1496.861,0,153.678,3774,5430,1.870,1.850,1.510,0,0,0,0,0,18,321,0,78,0
09-03 17:50:13,6.014,2.255,76.931,12.780,0,5455764,159136,183196,2213476,4640.902,487.144,0,5396.678,0,356.838,2889,4509,1.870,1.850,1.510,0,1,1.002,0,0,18,322,0,71,0
09-03 17:50:14,7.234,1.247,85.806,3.492,0,5455944,158884,183196,2213548,11661.610,3403.298,0,1069.580,0,118.731,2957,4494,1.870,1.850,1.510,0,0,0,0,0,18,321,0,74,0
09-03 17:50:15,11.501,2.250,79.006,5.250,0,5456368,158380,183196,2213628,11600.820,3410.241,0,1184.084,0,140.010,3665,5440,1.870,1.850,1.510,0,0,0,0,0,18,321,0,78,0
09-03 17:50:16,5.998,1.499,89.219,2.499,0,5456196,158380,183204,2213792,7753.303,539.812,0,843.707,0,76.973,2294,3196,1.870,1.850,1.510,1,0,0,0,0,18,321,0,80,0
09-03 17:50:17,6.753,1.751,84.543,5.753,0,5454692,159852,183204,2213824,16285.219,540.273,0,4734.389,0,488.246,2868,3574,1.880,1.850,1.520,0,0,0,0,0,18,321,0,81,0
09-03 17:50:18,9.545,1.507,87.158,1.005,0,5454904,159600,183204,2213864,8159.161,777.637,0,747.496,0,79.371,2584,3437,1.880,1.850,1.520,1,0,0,0,0,18,322,0,86,0
09-03 17:50:19,11.944,1.991,73.906,9.954,0,5457120,157332,183208,2213912,34394.075,14132.288,123.426,1274.076,9.954,158.264,3536,4844,1.880,1.850,1.520,3,1,0.995,0,0,18,322,0,86,0
09-03 17:50:20,23.851,5.272,61.760,7.281,0,5457908,156076,183208,2214380,4625.507,542.287,4.017,2835.960,1.004,347.465,8332,12921,1.880,1.850,1.520,2,1,1.004,0,0,18,322,0,86,0
09-03 17:50:21,20.416,4.730,64.733,8.216,0,5458416,155320,183212,2214624,6603.766,484.004,0,3684.804,0,323.665,7389,11239,1.880,1.850,1.520,1,0,0,0,0,18,322,0,83,0
09-03 17:50:22,14.992,3.748,68.715,9.995,0.250,5459840,153304,183220,2215208,7658.129,539.727,0,5465.238,0,380.808,6243,9657,1.890,1.860,1.520,0,0,0,0,0,18,321,0,84,0
09-03 17:50:23,7.756,2.252,79.057,9.257,0,5460260,152832,183224,2215256,7688.498,540.386,0,6520.663,0,800.573,3450,4526,1.890,1.860,1.520,3,1,1.001,0,0,18,321,0,87,0
09-03 17:50:24,6.249,1.750,88.485,2.750,0,5460208,152832,183228,2215304,11490.096,3281.456,0,1223.797,0,105.982,2506,3685,1.890,1.860,1.520,2,0,0,0,0,18,322,0,88,0
09-03 17:50:25,12.244,2.499,78.213,5.248,0,5460060,152832,183232,2215448,17803.669,5125.602,0,2131.003,0,146.931,3965,5618,1.890,1.860,1.520,0,0,0,0,0,18,322,0,87,0
09-03 17:50:26,5.525,1.256,88.647,3.516,0,5460044,152832,183232,2215464,15029.259,3573.994,0,759.398,0,70.315,2282,3195,1.890,1.860,1.520,3,0,0,0,0,18,322,0,83,0
09-03 17:50:27,12.447,3.983,80.407,0.996,0,5472452,185620,181616,2171924,9252.580,2566.067,0,876.267,0,75.678,3755,12482,1.900,1.860,1.520,1,0,35.847,0,0,18,322,0,88,0
09-03 17:50:28,9.747,1.250,83.477,4.249,0,5471892,186140,181620,2171960,24322.284,10099.211,0,1079.702,0,118.967,2826,4025,1.900,1.860,1.520,1,0,0,0,0,18,321,0,89,0
09-03 17:50:29,10.498,1.250,83.987,2.750,0,5475600,182136,181624,2172252,23086.365,9170.556,239.962,903.858,3.999,65.990,2603,3324,1.900,1.860,1.520,0,0,0,0,0,18,323,0,92,0
09-03 17:50:30,6.750,1.750,87.506,2.000,0,5475312,182400,181628,2172272,11942.861,2875.207,0,1236.089,0,142.010,2911,4100,1.900,1.860,1.520,0,1,0,0,0,18,322,0,86,0
09-03 17:50:31,16.717,4.242,71.856,5.240,0,5475992,181404,181628,2172588,22818.363,7649.700,0,1485.030,0,169.661,5686,8086,1.900,1.860,1.520,5,0,5.988,0,0,18,322,0,87,0
09-03 17:50:32,21.051,5.263,55.133,17.542,0,5475720,181404,181644,2172844,7274.513,541.303,0,9526.935,0,729.757,7936,12642,1.910,1.860,1.520,2,0,0,0,0,18,322,0,87,0
09-03 17:50:33,23.752,4.750,64.257,5.501,0,5476428,180396,181644,2173144,6260.647,540.056,0,1596.165,0,172.018,8072,11848,1.910,1.860,1.520,1,0,0,0,0,18,322,0,88,0
09-03 17:50:34,6.249,1.000,86.739,4.249,0,5476380,180396,181648,2173188,7724.998,539.930,0,1671.783,0,169.978,2886,4528,1.910,1.860,1.520,0,0,1.000,0,0,18,321,0,80,0
09-03 17:50:35,13.994,2.249,76.220,6.497,0,5476276,180396,181664,2173276,26406.622,9714.182,0,1707.329,0,151.940,4023,5450,1.910,1.860,1.520,0,0,0,0,0,18,321,0,81,0
09-03 17:50:36,12.748,3.000,76.740,5.499,0,5476536,179920,181684,2173472,4995.345,539.929,0,2143.719,0,171.977,5113,7511,1.910,1.860,1.520,0,1,0,0,0,18,322,0,82,0
09-03 17:50:37,20.853,4.271,60.799,12.562,0,5476544,179668,181748,2173652,8050.579,488.401,0,3332.383,0,387.907,7971,12894,1.910,1.860,1.530,1,0,0,0,0,18,322,0,82,0
09-03 17:50:38,20.903,4.728,57.733,13.936,0,5476776,179164,181764,2173908,5712.567,676.868,0,7541.106,0,484.757,7868,11973,1.910,1.860,1.530,1,0,0,0,0,18,322,0,79,0
09-03 17:50:39,12.252,2.750,69.259,14.002,0,5472376,183336,181764,2174136,7922.080,3306.451,0,5852.798,0,843.115,5148,7067,1.910,1.860,1.530,0,0,0,0,0,18,321,0,80,0
09-03 17:50:40,12.258,2.502,76.053,7.005,0,5473288,182328,181768,2174228,13742.525,3440.384,0,2305.598,0,199.138,4082,5935,1.910,1.860,1.530,0,2,1.001,0,0,18,325,0,82,0
09-03 17:50:41,7.748,1.750,83.230,5.999,0,5473260,182328,181768,2174256,6748.359,539.869,0,1183.712,0,93.977,2675,3835,1.910,1.860,1.530,0,2,0,0,0,18,326,0,83,0
09-03 17:50:42,7.496,2.249,84.954,3.748,0,5473312,182076,181768,2174456,11912.508,3303.200,0,1755.044,0,182.900,3276,5008,1.760,1.830,1.520,0,0,0,0,0,18,325,0,78,0
09-03 17:50:43,14.501,5.250,71.753,8.000,0,5470608,177412,181784,2181808,12463.552,3438.152,8.000,2532.112,2.000,327.014,4634,6459,1.760,1.830,1.520,0,1,2.000,0,0,18,325,0,79,0
09-03 17:50:44,12.502,2.000,73.514,10.002,0,5470732,176996,181792,2182076,10707.978,2577.476,0,3904.721,0,377.070,3679,4417,1.760,1.830,1.520,1,1,1.000,0,0,18,326,0,79,0
09-03 17:50:45,9.749,2.250,71.493,15.748,0,5464912,182756,181812,2182116,29286.022,9837.000,0,6243.365,0,390.960,3648,5350,1.760,1.830,1.520,2,0,0,0,0,18,324,0,79,0
09-03 17:50:46,12.748,1.500,75.490,8.499,0,5464156,183436,181820,2182184,31826.637,11795.383,0,1027.859,0,107.985,3477,4808,1.760,1.830,1.520,0,0,0,0,0,18,323,0,74,0
09-03 17:50:47,14.758,2.251,72.041,9.005,0,5463956,183436,181836,2182368,31737.937,11935.746,0,1817.027,0,157.089,3914,5227,1.860,1.850,1.530,0,1,0,0,0,18,323,0,75,0
09-03 17:50:48,11.995,1.499,78.216,6.997,0,5463896,183436,181840,2182424,19229.572,6966.947,0,1099.518,0,116.949,3640,5095,1.860,1.850,1.530,1,0,0,0,0,18,323,0,76,0
09-03 17:50:49,10.002,2.500,81.765,4.001,0,5464204,182932,181860,2182600,19569.617,5367.992,0,1208.223,0,131.024,3651,5296,1.860,1.850,1.530,6,0,0,0,0,18,324,0,77,0
09-03 17:50:50,29.394,6.029,55.772,8.039,0,5464512,182200,181880,2183004,24284.619,9633.053,0,3115.216,0,391.914,10442,15880,1.860,1.850,1.530,3,0,1.005,0,0,18,324,0,73,0
09-03 17:50:51,23.732,5.496,62.202,5.746,0,5468556,177920,181884,2183236,7634.089,539.582,31.975,3441.335,0.999,279.783,9251,14120,1.860,1.850,1.530,2,0,0.999,0,0,18,325,0,74,0
09-03 17:50:52,21.246,3.999,57.990,14.997,0,5469064,176940,181896,2183696,7485.698,539.906,95.983,7194.749,4.999,524.909,7670,11845,1.710,1.820,1.520,1,0,0,0,0,18,324,0,79,0
09-03 17:50:53,20.967,4.493,63.898,8.986,0,5469104,176464,181908,2184120,7247.426,485.225,0,3506.400,0,356.431,8287,12814,1.710,1.820,1.520,1,0,0,0,0,18,324,0,79,0
09-03 17:50:54,22.011,4.502,61.531,9.755,0,5468624,176660,181920,2184392,5498.765,540.272,0,3613.817,0,303.152,8105,12659,1.710,1.820,1.520,2,1,1.001,0,0,18,324,0,74,0
09-03 17:50:55,17.201,3.241,70.547,7.229,0,5468844,176156,181920,2184676,11934.695,3254.645,0,2452.949,0,237.318,6122,9223,1.710,1.820,1.520,0,0,0,0,0,18,323,0,75,0
09-03 17:50:56,9.028,1.755,78.995,9.028,0,5469084,175904,181920,2184688,11553.838,3212.966,0,1709.302,0,147.457,3011,4258,1.710,1.820,1.520,2,1,0,0,0,18,323,0,76,0
09-03 17:50:57,5.006,2.002,81.091,10.011,0,5469532,175400,181944,2184720,8742.845,540.609,0,6014.773,0,334.377,2924,4585,1.570,1.790,1.510,1,0,0,0,0,18,323,0,76,0
09-03 17:50:58,7.465,1.493,86.597,2.240,0,5469312,175400,181952,2184932,11988.157,3189.144,0,1158.603,0,127.407,3082,4583,1.570,1.790,1.510,2,0,0,0,0,18,323,0,71,0
09-03 17:50:59,7.499,1.250,87.739,2.000,0,5469512,175148,181960,2184976,10927.620,2750.653,0,1023.871,0,84.989,2678,3868,1.570,1.790,1.510,0,0,0,0,0,18,323,0,71,0
09-03 17:51:00,8.751,2.000,82.763,4.751,0,5469668,174896,181984,2185048,8705.324,3150.479,0,9941.512,0,157.024,3397,4869,1.570,1.790,1.510,1,0,0,0,0,18,323,0,71,0
09-03 17:51:01,8.003,1.751,83.785,4.252,0,5469944,174404,181992,2185256,13136.529,2752.158,0,1180.497,0,119.050,3124,4472,1.570,1.790,1.510,0,0,0,0,0,18,323,0,71,0
09-03 17:51:02,6.521,1.505,88.033,3.010,0,5470400,173928,182012,2185256,7696.710,682.190,0,983.156,0,87.280,2370,3386,1.450,1.760,1.500,1,1,0,0,0,18,325,0,69,0
09-03 17:51:03,7.720,1.494,85.919,3.487,0,5471324,172920,182016,2185336,31970.003,12141.289,0,920.459,0,83.678,2666,3534,1.450,1.760,1.500,0,0,0,0,0,18,323,0,69,0
09-03 17:51:04,8.501,2.000,85.507,3.000,0,5471504,172672,182036,2185384,10778.830,2751.212,0,1428.110,0,166.013,2930,4094,1.450,1.760,1.500,0,0,1.000,0,0,18,323,0,69,0
09-03 17:51:05,8.501,1.750,85.765,2.500,0,5471524,172420,182064,2185588,15058.616,3204.557,0,1344.234,0,147.026,3320,4728,1.450,1.760,1.500,0,0,0,0,0,18,323,0,69,0
09-03 17:51:06,7.751,1.250,87.263,2.500,0,5471460,172420,182068,2185648,11411.645,2751.397,0,1188.171,0,104.015,2844,3935,1.450,1.760,1.500,0,0,0,0,0,18,323,0,65,0
09-03 17:51:07,11.253,2.001,80.020,5.001,0,5471468,172168,182072,2185888,7897.017,2805.717,0,1708.436,0,189.048,3846,5699,1.570,1.780,1.510,0,0,0,0,0,18,323,0,65,0
09-03 17:51:08,6.525,2.259,77.546,12.799,0,5471700,171916,182084,2185896,7927.229,682.603,0,6235.779,0,379.447,3066,4746,1.570,1.780,1.510,1,0,0,0,0,18,324,0,65,0
09-03 17:51:09,8.496,1.249,85.958,2.999,0,5471900,171664,182088,2185944,29434.518,11783.202,0,687.662,0,73.964,2657,3504,1.570,1.780,1.510,1,0,0,0,0,18,324,0,65,0
09-03 17:51:10,21.168,4.732,62.756,8.218,0,5472136,171160,182100,2186200,3657.801,537.912,0,2570.023,0,317.766,7715,12037,1.570,1.780,1.510,2,1,0,0,0,18,324,0,65,0
09-03 17:51:11,20.501,4.000,63.753,10.001,0,5472944,170152,182140,2186360,7665.394,540.028,0,2392.123,0,238.012,7502,11408,1.570,1.780,1.510,1,0,2.000,0,0,18,324,0,60,0
09-03 17:51:12,17.762,4.253,66.295,10.007,0,5473256,169396,182160,2186784,5273.606,540.370,16.011,2337.599,1.001,250.171,6512,10110,1.530,1.770,1.510,0,0,0,0,0,18,323,0,61,0
09-03 17:51:13,5.502,1.250,88.278,3.251,0,5473480,169144,182180,2186792,8040.560,540.172,0,1560.497,0,103.033,2282,3254,1.530,1.770,1.510,1,0,0,0,0,18,324,0,62,0
09-03 17:51:14,9.241,1.998,82.666,4.246,0,5473876,168392,182212,2187116,6082.824,539.452,0,2181.785,0,235.761,4078,6344,1.530,1.770,1.510,0,0,0.999,0,0,18,323,0,65,0
09-03 17:51:15,14.530,3.507,65.887,14.530,0,5474136,167888,182224,2187348,3047.345,487.014,0,6160.828,0,438.914,5564,8490,1.530,1.770,1.510,2,0,0,0,0,18,324,0,59,0
09-03 17:51:16,21.520,4.754,61.055,10.510,0,5473960,167888,182260,2187488,7020.365,540.490,0,4692.254,0,450.408,7830,12207,1.530,1.770,1.510,4,0,0,0,0,18,324,0,61,0
09-03 17:51:17,21.445,3.740,66.830,6.234,0,5474928,166632,182272,2187764,8275.886,538.626,0,2776.915,0,262.331,7559,11624,1.560,1.770,1.510,3,0,0,0,0,18,323,0,61,0
09-03 17:51:18,22.307,4.512,65.168,6.266,0,5476908,164364,182300,2188024,4041.408,635.637,0,3079.932,0,232.599,7335,11088,1.560,1.770,1.510,2,0,0,0,0,18,324,0,62,0
09-03 17:51:19,16.245,3.999,55.731,20.743,0,5476768,164364,182328,2188136,7554.462,539.819,0,9096.943,0,668.775,7406,11851,1.560,1.770,1.510,1,0,0,0,0,18,324,0,51,0
09-03 17:51:20,19.702,3.990,63.596,11.971,0,5478244,162388,182332,2188616,5762.074,538.698,0,5359.048,0,273.339,7293,10941,1.560,1.770,1.510,1,1,0,0,0,18,324,0,53,0
09-03 17:51:21,7.507,2.002,86.835,2.502,0,5478216,162388,182332,2188644,7490.302,540.527,0,1285.253,0,108.105,3184,4599,1.560,1.770,1.510,2,0,0,0,0,18,324,0,53,0
09-03 17:51:22,20.938,3.988,61.816,10.469,0,5478332,162136,182340,2188772,6913.472,538.401,0,2448.729,0,306.091,7467,11876,1.600,1.780,1.510,1,0,0,0,0,18,324,0,53,0
09-03 17:51:23,21.371,5.029,66.880,5.531,0,5479552,160624,182344,2189060,3405.338,488.776,0,2160.267,0,212.205,7607,11972,1.600,1.780,1.510,1,0,0,0,0,18,324,0,53,0
09-03 17:51:24,21.434,3.988,67.045,5.234,0,5479748,160120,182356,2189356,7681.481,538.352,0,2755.563,0,320.020,8110,12790,1.600,1.780,1.510,1,0,0.997,0,0,18,324,0,54,0
09-03 17:51:25,19.573,4.517,58.469,16.060,0,5479876,159868,182376,2189460,5398.206,542.029,0,7865.441,0,580.172,7048,11047,1.600,1.780,1.510,1,0,0,0,0,18,324,0,55,0
09-03 17:51:26,16.497,3.249,61.487,16.996,0,5480404,159112,182388,2189676,9035.114,539.887,0,5754.799,0,471.902,5891,8696,1.600,1.780,1.510,1,0,0,0,0,18,324,0,55,0
09-03 17:51:27,24.762,5.252,62.529,6.003,0,5511060,152600,181104,2169624,5605.609,540.251,0,2273.058,0,220.102,8317,13994,1.630,1.780,1.520,2,1,34.016,0,0,18,324,0,44,0
09-03 17:51:28,14.439,3.236,72.940,6.970,0,5492516,171220,181108,2167532,11995.098,3386.629,0,2206.636,0,257.906,5181,13937,1.630,1.780,1.520,0,0,1.992,0,0,18,323,0,46,0
09-03 17:51:29,12.270,1.753,79.880,4.257,0,5492544,171000,181112,2167720,32794.285,11816.199,0,2459.997,0,158.257,3317,4489,1.630,1.780,1.520,0,2,0,0,0,18,323,0,46,0
09-03 17:51:30,11.503,3.001,65.516,18.255,0,5492688,170748,181128,2167812,10041.483,3269.809,0,6197.533,0,419.104,4310,6504,1.630,1.780,1.520,2,0,0,0,0,18,325,0,47,0
09-03 17:51:31,8.987,1.997,84.880,2.496,0,5494080,169236,181140,2167920,4028.315,485.315,67.904,1290.179,2.996,116.835,3380,4695,1.630,1.780,1.520,2,1,5.992,0,0,18,326,0,41,0
09-03 17:51:32,5.489,1.747,71.612,19.712,0,5486688,176600,181140,2167948,7385.748,538.960,0,3768.728,0,444.143,2875,4234,1.500,1.750,1.510,1,0,0,0,0,18,326,0,41,0
09-03 17:51:33,15.017,1.752,74.584,6.507,0,5486824,176376,181148,2168028,28838.418,11810.276,0,1581.778,0,179.201,4151,5805,1.500,1.750,1.510,0,0,0,0,0,18,325,0,42,0
09-03 17:51:34,13.552,2.510,77.048,4.768,0,5486736,176376,181148,2168116,7301.236,542.096,0,1706.600,0,217.842,5287,7986,1.500,1.750,1.510,2,0,1.004,0,0,18,326,0,42,0
09-03 17:51:35,23.152,4.979,59.746,10.207,0,5486936,175928,181168,2168344,8272.826,537.714,0,3489.165,0,430.171,8732,13415,1.500,1.750,1.510,1,0,0,0,0,18,326,0,39,0
09-03 17:51:36,18.573,4.769,58.481,16.816,0,5487016,175424,181212,2168724,8583.907,542.142,0,8449.376,0,601.376,7175,11337,1.500,1.750,1.510,1,0,0,0,0,18,326,0,40,0
09-03 17:51:37,21.777,4.505,63.828,8.510,0,5487484,174668,181224,2169000,6565.999,540.659,0,1918.337,0,191.233,7772,11526,1.700,1.790,1.520,1,0,0,0,0,18,327,0,43,0
09-03 17:51:38,9.708,1.742,80.650,4.729,0,5487904,174164,181232,2169076,8240.277,3257.877,0,2086.953,0,216.063,3748,5825,1.700,1.790,1.520,0,0,0,0,0,18,323,0,45,0
09-03 17:51:39,16.993,2.749,73.221,5.998,0,5489496,172400,181256,2169224,13095.801,2749.908,59.976,2670.940,3.998,201.920,4767,6925,1.700,1.790,1.520,3,1,0,0,0,18,323,0,44,0
09-03 17:51:40,10.044,1.507,80.353,6.780,0,5489332,172400,181264,2169380,27026.806,9640.378,0,1735.630,0,164.724,3461,4766,1.700,1.790,1.520,2,1,0,0,0,18,324,0,44,0
09-03 17:51:41,20.939,5.235,61.322,9.722,0,5489408,172148,181304,2169516,6856.153,538.441,0,3310.417,0,405.825,7963,12474,1.700,1.790,1.520,0,1,0,0,0,18,324,0,45,0
09-03 17:51:42,20.267,3.753,57.798,15.763,0,5489340,171896,181352,2169788,10257.604,540.453,0,8871.441,0,589.494,7840,12047,1.640,1.770,1.520,4,0,0,0,0,18,324,0,46,0
09-03 17:51:43,21.053,4.511,64.163,8.772,0,5490384,170636,181384,2169972,8468.491,541.374,0,1892.804,0,213.542,7299,10916,1.640,1.770,1.520,3,0,0,0,0,18,324,0,42,0
09-03 17:51:44,5.723,1.493,88.078,3.981,0,5490252,170636,181388,2170100,13811.848,3306.165,0,1504.793,0,114.452,2457,3743,1.640,1.770,1.520,0,0,0.995,0,0,18,323,0,42,0
09-03 17:51:45,17.274,2.003,77.106,2.503,0,5490900,169880,181396,2170200,39377.886,17215.558,0,1337.831,0,120.164,3793,4753,1.640,1.770,1.520,1,0,0,0,0,18,324,0,44,0
09-03 17:51:46,20.235,1.999,70.698,4.996,0,5491228,169124,181424,2170600,58013.367,26530.503,0,1231.095,0,121.910,4539,5635,1.640,1.770,1.520,1,0,0,0,0,18,324,0,44,0
09-03 17:51:47,20.239,1.999,68.713,7.496,0,5491592,168648,181456,2170680,57688.257,24269.067,0,2186.835,0,192.897,4345,5163,1.750,1.790,1.530,0,2,0,0,0,18,323,0,45,0
09-03 17:51:48,12.498,2.250,74.986,8.748,0,5490948,169080,181472,2170876,24853.402,9584.227,0,4087.244,0,245.954,3874,5022,1.750,1.790,1.530,1,0,0,0,0,18,324,0,45,0
09-03 17:51:49,19.575,5.019,55.463,18.070,0,5491516,168324,181512,2171024,5581.474,542.086,32.124,7705.646,1.004,556.140,7646,12441,1.750,1.790,1.530,3,0,0,0,0,18,324,0,46,0
09-03 17:51:50,27.527,4.504,56.305,9.009,0.250,5492656,166824,181536,2171360,27729.869,9595.297,0,3046.952,0,297.288,9648,15514,1.750,1.790,1.530,4,0,0,0,0,18,324,0,48,0
09-03 17:51:51,19.652,4.229,68.408,6.468,0,5495252,163832,181552,2171740,11833.916,3267.685,0,2591.064,0,281.594,7022,10917,1.750,1.790,1.530,2,0,0.995,0,0,18,323,0,50,0
09-03 17:51:52,10.296,2.009,79.352,5.776,0,5495692,163328,181572,2171784,8635.316,542.407,0,2989.264,0,238.056,4203,6089,1.610,1.760,1.520,0,2,0,0,0,18,323,0,48,0
09-03 17:51:53,7.468,1.245,82.402,7.468,0,5495864,163104,181576,2171832,24969.478,9545.660,0,3911.470,0,405.287,2503,2879,1.610,1.760,1.520,3,0,0,0,0,18,323,0,48,0
09-03 17:51:54,12.748,2.000,77.986,6.249,0,5495908,162852,181592,2172024,26620.101,11926.805,0,1467.730,0,142.974,3387,4700,1.610,1.760,1.520,0,0,1.000,0,0,18,323,0,48,0
09-03 17:51:55,16.773,4.256,61.585,14.270,0,5496032,162600,181620,2172124,6736.323,486.674,0,7322.134,0,519.719,6796,10478,1.610,1.760,1.520,3,3,0,0,0,18,324,0,48,0
09-03 17:51:56,23.555,4.761,59.640,11.527,0,5495720,162600,181652,2172404,5696.355,541.269,0,2798.561,0,268.630,7499,11617,1.610,1.760,1.520,1,1,1.002,0,0,18,324,0,43,0
09-03 17:51:57,23.237,4.747,63.966,5.747,0,5496124,161844,181680,2172728,5215.190,539.709,0,2594.602,0,269.855,8213,12359,1.720,1.790,1.530,2,0,0,0,0,18,324,0,44,0
09-03 17:51:58,6.231,0.997,85.982,4.984,0,5496056,161844,181708,2172768,12225.956,3255.869,0,1686.751,0,131.591,2635,4115,1.720,1.790,1.530,0,0,0,0,0,18,323,0,45,0
09-03 17:51:59,12.999,1.500,78.494,4.250,0,5495976,161844,181716,2172840,27052.844,11796.060,0,1847.853,0,165.987,3650,5090,1.720,1.790,1.530,0,0,0,0,0,18,323,0,45,0
09-03 17:52:00,19.550,4.010,69.679,5.765,0,5495952,161592,181744,2173088,7463.132,541.388,0,2710.950,0,306.786,6718,10232,1.720,1.790,1.530,1,1,0,0,0,18,324,0,45,0
09-03 17:52:01,20.794,5.011,65.137,7.015,0,5496972,160332,181768,2173304,5351.279,541.141,0,3318.995,0,321.678,7748,11827,1.720,1.790,1.530,1,0,0,0,0,18,324,0,47,0
09-03 17:52:02,21.960,4.492,55.398,15.721,0,5497276,159576,181820,2173704,4165.346,678.753,0,8017.267,0,535.017,7802,11873,1.670,1.770,1.520,2,0,0,0,0,18,325,0,48,0
09-03 17:52:03,25.957,5.241,58.404,8.736,0,5497536,158316,181860,2174664,27246.202,9376.583,0,3094.911,0,361.406,8718,13407,1.670,1.770,1.520,2,0,0,0,0,18,324,0,48,0
09-03 17:52:04,22.240,4.248,64.971,6.747,0,5498556,156804,181864,2175136,8349.228,539.756,0,2454.891,0,193.912,7593,11131,1.670,1.770,1.520,0,1,1.000,0,0,18,324,0,50,0
09-03 17:52:05,11.992,2.498,76.197,7.495,0,5498952,156300,181880,2175228,13453.619,3277.715,0,2270.417,0,238.833,4509,6799,1.670,1.770,1.520,0,0,0,0,0,18,323,0,52,0
09-03 17:52:06,8.003,1.501,82.782,5.252,0,5498884,156300,181896,2175280,12989.971,3221.233,0,2224.851,0,234.090,3230,4817,1.670,1.770,1.520,0,0,0,0,0,18,323,0,53,0
09-03 17:52:07,10.749,2.000,78.243,6.749,0,5499032,156048,181904,2175376,12143.891,2792.745,0,2087.809,0,194.982,3969,5826,1.690,1.780,1.530,2,0,0,0,0,18,323,0,53,0
09-03 17:52:08,6.000,1.250,87.743,3.750,0,5498992,156048,181912,2175408,6912.478,679.949,0,1491.887,0,114.991,2352,3511,1.690,1.780,1.530,1,1,0,0,0,18,324,0,55,0
09-03 17:52:09,9.289,2.008,81.340,7.029,0,5499184,155824,181916,2175436,27922.711,11705.928,0,5667.690,0,364.524,2972,3860,1.690,1.780,1.530,1,0,0,0,0,18,324,0,55,0
09-03 17:52:10,16.429,3.485,57.003,20.660,0,5499504,155332,181920,2175588,3515.769,537.671,0,9080.660,0,578.494,6763,10790,1.690,1.780,1.530,2,1,0,0,0,18,324,0,55,0
09-03 17:52:11,21.857,5.025,61.551,9.547,0,5499620,154828,181932,2175992,7394.134,488.387,32.157,2701.200,1.005,335.640,7719,11759,1.690,1.780,1.530,1,0,4.020,0,0,18,324,0,56,0
09-03 17:52:12,22.706,4.242,66.870,3.743,0,5501328,152812,181936,2176296,6269.857,538.956,0,2103.925,0,188.635,8470,12541,1.720,1.780,1.530,1,0,0,0,0,18,324,0,53,0
09-03 17:52:13,16.450,3.489,71.533,7.228,0,5501164,152812,181956,2176440,11836.175,3300.012,15.952,2293.060,0.997,227.312,5600,8246,1.720,1.780,1.530,0,0,0,0,0,18,323,0,55,0
09-03 17:52:14,8.999,1.750,80.989,6.249,0,5501624,152308,181956,2176484,16664.818,4737.380,0,1759.770,0,148.980,3136,4429,1.720,1.780,1.530,0,0,1.000,0,0,18,324,0,55,0
09-03 17:52:15,11.288,2.007,78.263,8.027,0,5501416,152308,181956,2176676,24154.086,7624.596,0,4928.545,0,437.469,4075,4857,1.720,1.780,1.530,0,1,0,0,0,18,324,0,56,0
09-03 17:52:16,22.501,5.500,63.503,6.500,0,5501476,152056,181960,2176864,5946.311,540.028,16.001,3580.188,1.000,417.022,8859,13918,1.720,1.780,1.530,4,1,0,0,0,18,324,0,51,0
09-03 17:52:17,17.532,4.508,50.594,24.295,0,5501488,151804,181972,2177092,3903.229,541.002,0,10523.489,0,716.327,7191,11443,1.820,1.800,1.540,1,0,0,0,0,18,324,0,51,0
09-03 17:52:18,24.220,4.245,64.669,5.493,0,5503188,149788,181988,2177392,4843.913,633.204,0,2137.314,0,208.738,8321,12409,1.820,1.800,1.540,1,0,0,0,0,18,324,0,51,0
09-03 17:52:19,16.681,2.988,67.473,9.710,0,5503340,149536,181988,2177492,12697.839,3364.180,0,2063.523,0,229.059,5412,7966,1.820,1.800,1.540,0,0,0,0,0,18,323,0,52,0
09-03 17:52:20,8.509,2.002,81.835,6.006,0,5503276,149536,181992,2177552,10425.785,2769.865,0,1745.806,0,164.170,3152,4771,1.820,1.800,1.540,1,1,0,0,0,18,323,0,48,0
09-03 17:52:21,9.244,1.999,76.697,9.743,0,5503132,149536,181996,2177692,21874.754,7365.866,0,7051.086,0,434.697,3450,5096,1.820,1.800,1.540,0,1,0,0,0,18,324,0,48,0
09-03 17:52:22,11.997,1.750,80.482,5.499,0,5503316,149284,182000,2177756,28701.634,11926.355,0,1147.745,0,110.975,3321,4653,1.670,1.770,1.530,0,0,0,0,0,18,323,0,48,0
09-03 17:52:23,19.300,3.259,66.925,8.522,0,5504160,148276,182000,2177920,7454.499,541.416,0,1784.668,0,188.493,6157,8626,1.670,1.770,1.530,1,0,0,0,0,18,324,0,50,0
09-03 17:52:24,20.460,4.491,62.628,10.230,0,5503940,148024,182012,2178380,5171.915,538.949,0,2726.683,0,330.356,7421,11410,1.670,1.770,1.530,1,0,0.998,0,0,18,324,0,48,0
09-03 17:52:25,22.009,4.252,63.777,7.503,0,5505888,145756,182024,2178688,3819.614,540.228,32.014,3625.532,1.000,259.109,8241,12515,1.670,1.770,1.530,2,0,0,0,0,18,324,0,50,0
09-03 17:52:26,21.236,4.247,66.457,5.496,0,5507024,144244,182032,2179056,7697.075,485.689,0,2998.082,0,226.855,6690,9764,1.670,1.770,1.530,1,0,0,0,0,18,325,0,52,0
09-03 17:52:27,18.498,3.750,61.495,14.249,0,5506896,144244,182036,2179180,6360.449,539.953,0,3091.732,0,345.970,6924,10952,1.700,1.770,1.530,0,1,0,0,0,18,324,0,53,0
09-03 17:52:28,21.561,6.518,56.158,13.789,0.251,5538184,151232,180804,2143360,4086.524,541.527,0,7609.459,0,495.397,7851,16544,1.700,1.770,1.530,1,0,36.102,0,0,18,324,0,50,0
09-03 17:52:29,23.744,3.999,66.482,4.249,0,5536612,152480,180820,2143668,9312.476,539.854,0,1811.509,0,183.950,7908,11604,1.700,1.770,1.530,1,1,0,0,0,18,324,0,51,0
09-03 17:52:30,21.769,4.754,59.053,11.260,0,5532460,156432,180872,2143816,8419.517,540.483,0,4427.953,0,448.400,8063,12054,1.700,1.770,1.530,2,2,0,0,0,18,324,0,51,0
09-03 17:52:31,20.970,3.495,63.159,9.986,0.250,5532464,156152,180888,2144076,8728.432,539.224,0,4892.955,0,343.505,7483,10460,1.700,1.770,1.530,2,0,5.991,0,0,18,324,0,55,0
09-03 17:52:32,19.726,4.245,62.923,11.236,0,5531080,157252,180912,2144336,6577.910,539.337,0,2572.836,0,274.662,6912,10518,1.640,1.760,1.530,3,0,0,0,0,18,324,0,56,0
09-03 17:52:33,17.989,4.247,58.713,16.489,0,5530104,158116,180916,2144444,4388.205,539.656,0,8074.857,0,558.644,7147,11294,1.640,1.760,1.530,2,0,0,0,0,18,324,0,56,0
09-03 17:52:34,23.815,4.512,67.684,2.507,0,5530188,157740,180924,2144728,8670.569,529.439,0,1560.241,0,152.414,7574,11176,1.640,1.760,1.530,1,0,1.003,0,0,18,324,0,57,0
09-03 17:52:35,10.220,2.243,80.015,6.232,0,5529176,158516,180952,2144936,11613.921,3258.439,0,1758.839,0,182.465,3748,5649,1.640,1.760,1.530,0,0,0,0,0,18,323,0,59,0
09-03 17:52:36,11.496,2.499,74.477,10.247,0,5528680,158916,180964,2145020,9426.042,3266.975,0,5486.279,0,459.856,4033,5636,1.640,1.760,1.530,0,1,0,0,0,18,323,0,60,0
09-03 17:52:37,10.498,1.750,77.987,6.249,0,5528444,158916,181000,2145220,8133.666,1394.771,0,2103.655,0,216.964,3706,5566,1.750,1.780,1.540,1,0,0,0,0,18,324,0,59,0
09-03 17:52:38,6.026,1.256,90.648,2.009,0,5528400,158916,181016,2145248,9932.586,2423.635,0,1221.359,0,93.410,2165,3201,1.750,1.780,1.540,1,0,0,0,0,18,325,0,60,0
09-03 17:52:39,9.966,2.491,79.226,6.976,0,5528792,158412,181040,2145336,11868.976,3182.998,0,1510.778,0,163.435,3788,5585,1.750,1.780,1.540,0,0,0,0,0,18,323,0,62,0
09-03 17:52:40,15.997,2.500,62.988,15.497,0,5528624,158412,181112,2145432,30371.072,11611.734,0,7774.483,0,491.904,4823,7112,1.750,1.780,1.540,3,1,0,0,0,18,325,0,64,0
09-03 17:52:41,13.490,1.999,75.694,6.995,0,5528416,158412,181132,2145620,36471.967,14588.187,0,1610.806,0,169.874,3938,5527,1.750,1.780,1.540,0,1,0,0,0,18,323,0,59,0
09-03 17:52:42,11.006,1.751,73.042,12.507,0,5528816,157964,181136,2145664,34141.636,11773.771,0,3329.915,0,407.234,3510,4356,1.770,1.790,1.540,0,1,2.001,0,0,18,324,0,59,0
09-03 17:52:43,8.530,1.756,86.050,2.007,0,5529024,157712,181156,2145688,27737.653,10059.051,0,1107.860,0,103.360,2810,3818,1.770,1.790,1.540,1,0,0,0,0,18,324,0,59,0
09-03 17:52:44,21.458,4.990,61.880,9.981,0,5528932,157460,181212,2145976,9723.098,538.952,0,3074.024,0,385.251,8037,12751,1.770,1.790,1.540,1,1,0.998,0,0,18,324,0,59,0
09-03 17:52:45,23.012,4.502,64.035,6.003,0,5528908,157208,181224,2146240,7604.108,540.292,0,2653.433,0,241.130,8002,12321,1.770,1.790,1.540,1,1,0,0,0,18,324,0,54,0
09-03 17:52:46,21.799,4.510,59.383,13.530,0,5528748,157208,181228,2146396,8288.504,541.208,0,4886.910,0,574.282,7322,10798,1.770,1.790,1.540,1,0,0,0,0,18,325,0,54,0
09-03 17:52:47,22.471,4.744,58.925,12.234,0.250,5528688,156956,181256,2146680,8446.275,539.315,0,6727.458,0,503.361,8283,12986,1.790,1.790,1.540,2,0,0,0,0,18,324,0,54,0
09-03 17:52:48,14.948,2.740,73.243,6.477,0,5528936,156452,181260,2146932,9304.385,3256.585,0,3579.453,0,284.004,5447,8320,1.790,1.790,1.540,0,0,0,0,0,18,323,0,55,0
09-03 17:52:49,9.249,1.750,80.237,7.499,0,5528880,156452,181264,2146984,8271.699,3207.496,0,1983.688,0,177.972,3266,4847,1.790,1.790,1.540,2,0,0,0,0,18,323,0,54,0
09-03 17:52:50,7.277,2.509,82.552,6.273,0,5529100,156200,181272,2147008,8544.305,541.986,0,1621.943,0,126.463,4389,6984,1.790,1.790,1.540,2,0,0,0,0,18,324,0,55,0
09-03 17:52:51,11.213,2.741,80.484,4.485,0,5531760,153176,181276,2147368,11495.065,2688.129,0,1985.448,0,168.444,4328,6409,1.790,1.790,1.540,0,0,0.997,0,0,18,323,0,58,0
09-03 17:52:52,15.753,2.250,77.013,3.001,0,5531692,153176,181288,2147424,32903.507,11930.997,0,2004.335,0,186.031,4476,5849,1.650,1.760,1.540,1,0,0,0,0,18,323,0,58,0
09-03 17:52:53,12.561,2.763,77.124,5.527,0,5531472,153176,181308,2147624,5313.739,542.628,0,2009.735,0,195.949,4821,7143,1.650,1.760,1.540,1,0,0,0,0,18,324,0,52,0
09-03 17:52:54,19.450,4.488,58.350,16.458,0,5533088,151412,181340,2147740,8634.773,538.614,0,8182.936,0,524.649,7091,11027,1.650,1.760,1.540,2,0,0.997,0,0,18,325,0,53,0
09-03 17:52:55,20.779,4.256,64.089,8.762,0,5533048,151160,181348,2148024,4907.818,540.751,0,2259.138,0,259.360,7169,10961,1.650,1.760,1.540,2,0,0,0,0,18,324,0,53,0
09-03 17:52:56,21.422,4.235,64.514,6.725,0,5534168,149900,181364,2148148,3558.992,538.034,0,3096.682,0,226.173,7467,11255,1.650,1.760,1.540,0,1,0,0,0,18,324,0,53,0
09-03 17:52:57,7.498,1.500,83.480,5.999,0,5533932,149900,181392,2148356,7612.207,3261.232,0,2755.351,0,187.956,3157,4891,1.680,1.760,1.540,0,0,0,0,0,18,323,0,52,0
09-03 17:52:58,13.745,1.999,78.721,3.999,0,5534104,149648,181420,2148408,30848.761,11738.723,0,2063.248,0,168.938,3638,4911,1.680,1.760,1.540,0,0,0,0,0,18,323,0,53,0
09-03 17:52:59,16.020,3.755,71.587,7.009,0,5534124,149396,181432,2148628,5288.458,540.660,0,1894.313,0,206.252,5642,8670,1.680,1.760,1.540,1,0,0,0,0,18,324,0,53,0
09-03 17:53:00,22.811,4.011,61.415,10.027,0,5533968,149396,181452,2148764,7121.133,541.455,0,3336.966,0,345.929,7537,11340,1.680,1.760,1.540,3,1,1.003,0,0,18,324,0,53,0
09-03 17:53:01,18.935,4.235,56.057,18.187,0,5534632,148388,181488,2149072,6930.178,3078.418,0,8478.854,0,587.979,6980,10803,1.680,1.760,1.540,0,0,0,0,0,18,324,0,53,0
09-03 17:53:02,6.022,1.756,82.054,8.281,0,5534612,148388,181496,2149084,8744.354,857.171,0,5950.015,0,293.084,2711,3753,1.540,1.740,1.530,1,1,0,0,0,18,325,0,53,0
09-03 17:53:03,8.966,1.245,80.941,6.724,0,5534548,148388,181496,2149148,31614.488,12064.013,0,1171.534,0,113.567,2920,4102,1.540,1.740,1.530,0,0,0,0,0,18,323,0,54,0
09-03 17:53:04,6.750,1.750,86.756,3.250,0,5534756,148136,181496,2149192,10811.766,3270.232,0,1216.086,0,123.009,2773,4012,1.540,1.740,1.530,0,0,1.000,0,0,18,323,0,55,0
09-03 17:53:05,10.252,2.000,77.765,7.752,0,5534824,147884,181496,2149376,21583.264,7000.383,0,1656.327,0,181.036,3685,5214,1.540,1.740,1.530,0,0,0,0,0,18,324,0,49,0
09-03 17:53:06,4.500,1.000,90.254,2.500,0,5534820,147884,181496,2149380,8600.357,800.033,0,868.036,0,72.003,1846,2631,1.540,1.740,1.530,1,2,0,0,0,18,324,0,49,0
09-03 17:53:07,15.267,2.753,71.327,8.759,0,5533856,148712,181496,2149516,23811.737,9696.480,0,3736.038,0,520.563,4673,6219,1.820,1.790,1.550,3,0,0,0,0,18,323,0,51,0
09-03 17:53:08,5.514,1.504,89.225,2.757,0,5534092,148460,181496,2149532,11663.382,3272.243,0,922.323,0,74.187,2202,3123,1.820,1.790,1.550,1,0,0,0,0,18,324,0,51,0
09-03 17:53:09,6.227,0.996,87.175,3.238,0,5533916,148460,181496,2149708,10544.650,3192.088,0,1243.360,0,127.524,2694,4121,1.820,1.790,1.550,0,0,0,0,0,18,323,0,48,0
09-03 17:53:10,11.998,2.250,78.989,4.749,0,5534056,148208,181504,2149812,12980.170,3171.553,0,1619.772,0,170.976,4079,5807,1.820,1.790,1.550,2,0,0,0,0,18,323,0,49,0
09-03 17:53:11,10.753,2.001,65.767,19.255,0,5534452,147704,181540,2149884,19975.098,6940.772,32.008,7533.923,1.000,445.114,3905,6025,1.820,1.790,1.550,0,0,2.001,0,0,18,325,0,49,0
09-03 17:53:12,7.999,1.250,88.487,0.500,0,5534420,147704,181552,2149904,30507.609,12207.243,0,523.925,0,32.995,1845,2222,1.670,1.760,1.540,0,0,0,0,0,18,324,0,49,0
09-03 17:53:13,6.751,1.500,89.014,2.500,0,5535020,146948,181560,2150052,12898.050,2856.454,0,724.115,0,57.009,2164,2982,1.670,1.760,1.540,0,0,0,0,0,18,324,0,46,0
09-03 17:53:14,8.252,0.500,89.269,0,0,5535000,146948,181560,2150072,29995.222,11964.482,0,480.100,0,30.006,1865,2191,1.670,1.760,1.540,0,0,1.000,0,0,18,325,0,46,0
09-03 17:53:15,6.998,1.500,87.226,2.999,0,5534956,146948,181560,2150116,12040.670,5134.580,0,803.778,0,70.980,2438,3305,1.670,1.760,1.540,0,0,0,0,0,18,324,0,46,0
09-03 17:53:16,9.789,1.255,83.587,3.514,0,5534912,146948,181576,2150144,28494.927,9799.524,0,903.645,0,89.360,2821,3786,1.670,1.760,1.540,1,0,0,0,0,18,324,0,46,0
09-03 17:53:17,11.201,1.494,75.921,9.708,0,5535068,146696,181612,2150204,28833.941,11811.770,0,4022.553,0,527.711,3792,5115,1.700,1.760,1.540,0,0,0,0,0,18,323,0,46,0
09-03 17:53:18,20.092,5.274,67.057,5.023,0,5534996,146444,181636,2150504,7675.143,707.238,0,2125.733,0,261.196,7380,11074,1.700,1.760,1.540,2,0,0,0,0,18,324,0,46,0
09-03 17:53:19,17.940,3.488,66.775,10.216,0,5534724,146444,181640,2150772,9718.315,3383.620,0,2742.775,0,266.105,6130,9141,1.700,1.760,1.540,1,0,0,0,0,18,323,0,47,0
09-03 17:53:20,8.528,2.257,69.977,17.557,0,5534684,146444,181648,2150804,2722.832,541.757,0,6340.566,0,382.240,3507,5310,1.700,1.760,1.540,1,1,0,0,0,18,324,0,47,0
09-03 17:53:21,15.687,1.743,69.718,10.458,0,5535068,145940,181652,2150920,30780.716,11958.714,0,1721.051,0,187.244,4639,6583,1.700,1.760,1.540,1,0,0,0,0,18,323,0,47,0
09-03 17:53:22,17.255,4.251,71.271,5.252,0,5534864,145940,181672,2151104,6191.868,540.163,0,2364.713,0,280.084,6965,10767,1.720,1.770,1.550,1,0,0,0,0,18,324,0,47,0
09-03 17:53:23,22.013,4.753,65.539,6.254,0,5535724,144680,181684,2151492,7561.458,540.319,0,2601.534,0,234.138,8191,12035,1.720,1.770,1.550,2,0,0,0,0,18,324,0,48,0
09-03 17:53:24,17.730,3.246,73.167,3.995,0,5536584,143672,181700,2151624,10344.214,3391.136,0,2325.351,0,237.729,5562,8314,1.720,1.770,1.550,0,0,0.999,0,0,18,323,0,51,0
09-03 17:53:25,9.012,2.253,80.859,6.258,0,5536556,143420,181728,2151876,8035.849,540.730,16.022,2335.153,1.001,200.270,3746,5682,1.720,1.770,1.550,0,0,0,0,0,18,324,0,51,0
09-03 17:53:26,12.292,2.258,77.512,6.773,0,5536724,143168,181756,2151932,12278.461,4341.661,0,2211.467,0,222.752,4056,6115,1.720,1.770,1.550,1,0,0,0,0,18,324,0,48,0
09-03 17:53:27,10.700,1.991,73.906,10.202,0,5536848,142916,181776,2152040,24825.323,8104.237,0,6055.782,0,387.196,4000,5900,1.830,1.790,1.560,2,1,0,0,0,18,324,0,48,0
09-03 17:53:28,10.752,3.751,81.013,2.500,0,5527420,186168,180764,2120192,8249.330,3395.548,0,1808.292,0,128.021,3970,8751,1.830,1.790,1.560,0,0,36.006,0,0,18,323,0,51,0
09-03 17:53:29,15.994,1.749,75.970,5.248,0,5527216,186280,180780,2120268,32009.420,11870.335,0,1435.436,0,136.946,4195,5570,1.830,1.790,1.560,1,0,0,0,0,18,323,0,53,0
09-03 17:53:30,14.542,3.510,74.716,5.767,0,5527108,186280,180784,2120372,8912.810,541.568,0,1797.204,0,204.592,5564,8685,1.830,1.790,1.560,5,0,0,0,0,18,324,0,48,0
09-03 17:53:31,21.263,5.753,59.786,10.506,0,5527572,185552,180804,2120616,9305.556,540.323,0,3690.203,0,452.270,8490,13015,1.830,1.790,1.560,1,0,6.004,0,0,18,324,0,48,0
09-03 17:53:32,20.945,4.737,63.582,9.475,0,5525324,187492,180808,2120920,6602.542,538.576,0,2573.196,0,219.420,7049,10412,1.760,1.780,1.550,2,0,0,0,0,18,324,0,48,0
09-03 17:53:33,18.242,3.249,57.225,18.992,0,5525664,187048,180812,2121020,9019.068,539.765,0,10103.595,0,677.705,6884,10177,1.760,1.780,1.550,2,0,0,0,0,18,324,0,49,0
09-03 17:53:34,10.001,2.250,76.510,9.251,0,5525408,187048,180836,2121252,12920.698,3400.447,0,2540.334,0,239.031,4082,6288,1.760,1.780,1.550,0,0,1.000,0,0,18,323,0,45,0
09-03 17:53:35,9.999,2.250,79.740,6.249,0,5525304,187048,180860,2121332,4055.469,539.929,0,1399.817,0,142.981,3721,5420,1.760,1.780,1.550,1,0,0,0,0,18,324,0,45,0
09-03 17:53:36,13.003,2.000,79.770,3.501,0,5525468,186796,180868,2121412,28435.982,9811.409,0,1700.418,0,194.048,4100,5779,1.760,1.780,1.550,1,0,0,0,0,18,324,0,47,0
09-03 17:53:37,11.749,2.750,74.995,8.999,0,5525344,186796,180884,2121520,15948.969,5291.658,0,1555.899,0,171.989,4150,5854,1.860,1.800,1.560,0,0,0,0,0,18,324,0,48,0
09-03 17:53:38,6.271,1.254,85.540,5.770,0,5525244,186796,180884,2121620,5066.156,716.426,0,4234.339,0,427.447,2805,3755,1.860,1.800,1.560,2,0,0,0,0,18,324,0,43,0
09-03 17:53:39,10.215,1.495,84.209,1.993,0,5525036,186796,180892,2121820,31200.217,12085.251,0,1351.332,0,128.556,3197,4458,1.860,1.800,1.560,0,0,0,0,0,18,323,0,43,0
09-03 17:53:40,19.835,4.268,68.294,5.775,0,5524692,186796,180904,2122152,4984.433,542.332,0,2008.637,0,249.071,6977,10738,1.860,1.800,1.560,2,0,0,0,0,18,324,0,43,0
09-03 17:53:41,15.730,3.995,55.678,21.722,0,5524952,186292,180928,2122372,8698.751,539.303,0,8844.563,0,648.162,6835,10894,1.860,1.800,1.560,1,0,0,0,0,18,324,0,43,0
09-03 17:53:42,20.248,4.000,64.743,8.999,0,5525060,186040,180952,2122492,7717.117,539.938,0,4039.538,0,274.969,7290,10739,1.790,1.780,1.560,4,0,0,0,0,18,323,0,39,0
09-03 17:53:43,21.687,4.986,67.555,3.490,0,5525580,185032,180964,2122968,4003.446,538.446,0,1603.373,0,156.548,7589,11381,1.790,1.780,1.560,1,0,0,0,0,18,325,0,41,0
09-03 17:53:44,11.747,2.499,78.483,5.749,0,5525724,184780,180980,2123060,12427.258,3212.291,0,1699.625,0,192.957,4239,6541,1.790,1.780,1.560,0,0,1.000,0,0,18,323,0,42,0
09-03 17:53:45,11.251,2.500,77.007,8.251,0,5525656,184780,180992,2123116,8708.775,540.048,0,1844.164,0,187.017,4026,5815,1.790,1.780,1.560,0,0,0,0,0,18,324,0,42,0
09-03 17:53:46,12.504,2.251,76.774,6.002,0,5525428,184780,181004,2123332,19661.084,6490.008,0,2140.662,0,225.070,4145,5975,1.790,1.780,1.560,0,0,0,0,0,18,324,0,43,0
09-03 17:53:47,11.528,2.005,77.440,8.270,0,5525276,184780,181024,2123464,22336.855,5863.399,16.039,1503.693,1.002,150.369,3623,4965,2.050,1.840,1.570,0,2,0,0,0,18,323,0,46,0
09-03 17:53:48,7.489,1.498,74.396,14.230,0,5525208,184780,181040,2123516,10167.737,3262.423,0,5731.959,0,370.480,3290,5059,2.050,1.840,1.570,1,0,0,0,0,18,324,0,47,0
09-03 17:53:49,15.231,1.998,71.912,8.490,0,5525208,184528,181064,2123744,31352.538,11914.384,0,1394.290,0,138.830,4348,5855,2.050,1.840,1.570,0,0,0,0,0,18,323,0,49,0
09-03 17:53:50,20.797,4.260,69.656,4.510,0,5525052,184528,181080,2123884,25674.576,9938.287,0,2076.657,0,259.582,6781,10004,2.050,1.840,1.570,2,0,0,0,0,18,324,0,47,0
09-03 17:53:51,22.544,4.759,59.367,11.773,0,5524968,184276,181088,2124212,4046.983,541.067,32.063,3210.333,1.002,353.698,8455,14169,2.050,1.840,1.570,2,0,0,0,0,18,324,0,47,0
09-03 17:53:52,22.657,5.229,59.257,10.706,0,5526720,182264,181112,2124448,6948.545,537.798,0,3860.192,0,321.683,8110,12783,1.960,1.820,1.570,1,0,0.996,0,0,18,325,0,48,0
09-03 17:53:53,14.740,3.748,60.460,18.738,0,5526708,182012,181144,2124684,9524.769,3202.905,0,8474.456,0,568.628,5501,8377,1.960,1.820,1.570,0,0,0,0,0,18,323,0,51,0
09-03 17:53:54,13.507,2.251,78.289,4.252,0,5526628,182012,181152,2124756,18331.035,7691.791,0,5290.608,0,334.165,3920,4920,1.960,1.820,1.570,0,0,1.000,0,0,18,324,0,50,0
09-03 17:53:55,10.503,2.251,79.025,6.502,0,5526940,181508,181160,2124940,11627.708,3264.041,0,1656.528,0,169.054,3609,5073,1.960,1.820,1.570,2,1,0,0,0,18,324,0,50,0
09-03 17:53:56,9.286,1.506,82.569,5.521,0,5526904,181508,181160,2124976,26517.544,9681.438,0,1128.363,0,81.314,2643,3499,1.960,1.820,1.570,1,1,0,0,0,18,324,0,50,0
09-03 17:53:57,9.458,1.991,82.388,4.480,0,5526856,181508,181168,2125016,30363.458,11876.765,0,1190.763,0,123.457,3021,4220,1.970,1.830,1.570,0,0,0,0,0,18,323,0,50,0
09-03 17:53:58,22.602,4.269,64.542,6.278,0,5526784,181256,181192,2125316,6510.491,542.457,0,2475.212,0,299.356,8055,12103,1.970,1.830,1.570,2,1,0,0,0,18,324,0,47,0
09-03 17:53:59,15.241,3.248,61.213,17.989,0,5527068,180808,181204,2125468,7533.492,3266.045,0,6384.179,0,677.595,6708,10501,1.970,1.830,1.570,0,1,0,0,0,18,323,0,48,0
09-03 17:54:00,8.225,1.496,83.002,5.234,0,5528084,179548,181224,2125692,10184.587,2569.327,47.857,2404.819,2.991,164.509,3078,4332,1.970,1.830,1.570,0,1,0,0,0,18,324,0,50,0
09-03 17:54:01,15.275,3.005,68.864,11.269,0,5528688,178820,181248,2125792,28451.163,9722.116,0,2003.321,0,203.337,4853,7049,1.970,1.830,1.570,3,1,0,0,0,18,324,0,50,0
09-03 17:54:02,23.054,3.759,55.630,15.787,0,5526608,180764,181272,2125904,8738.498,1988.665,0,7429.427,0,510.197,6685,10522,2.050,1.850,1.580,1,0,1.002,0,0,18,325,0,52,0
09-03 17:54:03,20.396,3.482,62.184,12.437,0,5525216,181852,181304,2126176,31821.423,10804.141,0,2407.774,0,213.914,6089,8800,2.050,1.850,1.580,2,0,0,0,0,18,323,0,50,0
09-03 17:54:04,8.009,1.752,83.093,5.006,0,5525664,181352,181304,2126228,11081.399,540.605,0,1673.873,0,115.129,2963,4219,2.050,1.850,1.580,1,0,1.001,0,0,18,324,0,50,0
09-03 17:54:05,7.745,1.749,84.445,3.997,0,5525724,181100,181324,2126416,12753.744,3254.893,0,1870.789,0,183.881,3354,5095,2.050,1.850,1.580,0,0,0,0,0,18,323,0,51,0
09-03 17:54:06,13.744,2.249,76.968,5.498,0,5525648,181100,181344,2126472,30376.350,11792.089,0,1499.376,0,146.939,3969,5419,2.050,1.850,1.580,0,0,0,0,0,18,323,0,52,0
09-03 17:54:07,13.004,2.001,77.775,5.002,0,5525540,181100,181360,2126564,28484.122,12040.856,0,1728.554,0,176.056,4061,5867,2.130,1.860,1.590,1,0,0,0,0,18,323,0,50,0
09-03 17:54:08,12.555,3.264,65.286,16.824,0,5525936,180596,181380,2126652,8373.693,488.139,0,6042.478,0,434.906,5391,8424,2.130,1.860,1.590,2,0,0,0,0,18,324,0,50,0
09-03 17:54:09,20.754,4.251,63.762,9.002,0,5527428,178832,181380,2126924,8225.551,540.102,0,2048.386,0,240.045,7281,11129,2.130,1.860,1.590,1,1,0,0,0,18,325,0,51,0
09-03 17:54:10,20.732,4.496,61.197,12.239,0,5527828,178132,181388,2127216,8518.684,539.537,0,6094.766,0,689.408,8081,11826,2.130,1.860,1.590,1,1,0,0,0,18,324,0,52,0
09-03 17:54:11,13.951,3.239,69.255,11.709,0,5527352,178480,181404,2127328,11518.281,3251.505,0,2295.884,0,233.176,5073,7493,2.130,1.860,1.590,2,0,1.993,0,0,18,323,0,50,0
09-03 17:54:12,11.997,2.999,72.732,10.747,0,5527120,178480,181412,2127552,13035.784,3262.195,0,2595.360,0,218.946,4275,5903,2.120,1.870,1.590,0,1,0,0,0,18,323,0,51,0
09-03 17:54:13,7.278,1.757,82.313,6.525,0,5527544,178004,181416,2127600,7055.826,542.061,0,3204.182,0,147.561,3058,4483,2.120,1.870,1.590,2,0,0,0,0,18,323,0,51,0
09-03 17:54:14,7.472,1.494,82.194,7.721,0,5527612,177752,181420,2127780,8624.851,3381.396,0,1486.459,0,127.525,2814,4221,2.120,1.870,1.590,0,0,0.996,0,0,18,323,0,52,0
09-03 17:54:15,24.334,3.261,59.706,11.289,0,5536584,168456,181436,2128088,3492.046,487.682,0,5627.413,0,308.063,4635,5796,2.120,1.870,1.590,1,0,0,0,0,18,324,0,55,0
09-03 17:54:16,17.196,2.243,73.270,4.984,0,5538656,166140,181444,2128324,30783.482,12089.096,0,1204.224,0,117.631,4013,5014,2.120,1.870,1.590,0,0,0,0,0,18,323,0,56,0
09-03 17:54:17,11.498,1.500,81.738,3.499,0,5538604,166140,181452,2128368,27989.849,11555.286,0,1303.807,0,130.981,3348,4608,2.030,1.850,1.590,0,0,0,0,0,18,324,0,56,0
09-03 17:54:18,9.998,1.750,83.485,3.499,0,5538540,166140,181460,2128424,22094.130,7302.721,0,1251.781,0,125.978,3163,4422,2.030,1.850,1.590,0,0,0,0,0,18,324,0,56,0
09-03 17:54:19,10.781,2.507,82.238,3.009,0,5538496,166140,181468,2128460,17215.897,5382.600,0,1339.883,0,131.381,3965,5777,2.030,1.850,1.590,2,1,0,0,0,18,324,0,54,0
09-03 17:54:20,20.925,3.737,63.274,10.712,0,5539444,164880,181484,2128740,7617.802,538.079,0,2283.846,0,266.050,7653,11476,2.030,1.850,1.590,2,0,0,0,0,18,325,0,54,0
09-03 17:54:21,10.754,2.501,77.526,7.252,0.250,5539712,164376,181496,2128964,9613.246,3263.102,0,2388.807,0,234.079,4149,6387,2.030,1.850,1.590,0,0,0,0,0,18,323,0,55,0
09-03 17:54:22,17.527,3.005,74.115,4.006,0,5539912,164124,181508,2129004,3213.990,540.840,0,1947.023,0,137.213,5311,7750,1.940,1.840,1.580,1,0,0,0,0,18,326,0,58,0
09-03 17:54:23,23.027,3.254,65.327,6.257,0,5541244,162360,181524,2129420,7023.228,486.570,128.150,1990.332,8.009,176.206,7257,10428,1.940,1.840,1.580,1,0,2.002,0,0,18,328,0,75,0
09-03 17:54:24,26.727,3.747,60.449,8.992,0,5543232,160092,181536,2129688,5517.327,539.543,0,5974.939,0,375.682,7363,10844,1.940,1.840,1.580,3,0,1.998,0,0,18,327,0,91,0
09-03 17:54:25,14.969,2.245,74.843,5.738,0,5543044,160092,181540,2129872,27483.297,11969.869,0,1548.748,0,142.700,4378,5935,1.940,1.840,1.580,0,0,0,0,0,18,326,0,92,0
09-03 17:54:26,15.812,3.263,61.493,17.820,0,5543256,159616,181560,2130116,7527.727,542.141,20.079,6341.040,2.008,482.907,5640,8253,1.940,1.840,1.580,0,1,0,0,0,18,327,0,93,0
09-03 17:54:27,19.746,5.249,63.987,9.248,0,5544228,158360,181596,2130364,7522.424,539.887,0,3867.190,0,364.924,7141,11064,1.870,1.820,1.580,2,0,0,0,0,18,326,0,91,0
09-03 17:54:28,9.729,3.742,77.081,7.234,0,5571336,159512,180800,2103156,12081.520,3262.849,0,1580.536,0,116.744,3595,12979,1.870,1.820,1.580,1,0,35.921,0,0,18,327,0,92,0
09-03 17:54:29,7.490,1.748,87.629,2.746,0,5567140,163648,180808,2103208,12398.857,3204.569,0,2288.835,0,159.779,2703,4027,1.870,1.820,1.580,0,0,0,0,0,18,326,0,93,0
09-03 17:54:30,8.004,2.001,81.786,6.253,0,5564728,165992,180828,2103256,9778.276,3278.434,0,1828.800,0,172.075,3301,4854,1.870,1.820,1.580,1,0,0,0,0,18,326,0,93,0
09-03 17:54:31,9.016,3.005,65.865,19.284,0,5559716,170872,180860,2103356,12967.722,3161.540,48.084,10446.304,1.002,850.490,4675,6636,1.870,1.820,1.580,0,0,6.011,0,0,18,326,0,88,0
09-03 17:54:32,12.721,1.996,83.811,0.499,0,5560000,170332,180860,2103612,7145.901,538.786,0,630.579,0,34.921,2886,3711,1.800,1.810,1.580,1,0,0,0,0,18,327,0,89,0
09-03 17:54:33,8.252,1.000,87.769,1.250,0,5560196,170080,180864,2103664,11000.352,2751.588,0,1060.227,0,102.022,2702,3872,1.800,1.810,1.580,1,0,0,0,0,18,326,0,89,0
09-03 17:54:34,6.499,1.500,86.980,3.749,0,5560436,169828,180864,2103676,10909.503,2750.371,0,1039.762,0,103.976,2562,3718,1.800,1.810,1.580,1,0,1.000,0,0,18,326,0,89,0
09-03 17:54:35,6.254,1.501,88.052,2.001,0,5559748,170332,180864,2103860,12016.052,2752.615,0,996.585,0,101.059,2603,3679,1.800,1.810,1.580,0,0,0,0,0,18,326,0,86,0
09-03 17:54:36,11.746,1.999,83.970,1.250,0,5558692,171332,180868,2103912,31745.664,11990.718,0,1203.570,0,125.955,3388,4535,1.800,1.810,1.580,0,0,0,0,0,18,326,0,86,0
09-03 17:54:37,15.316,2.762,77.834,3.264,0,5557756,172188,180876,2103984,5205.311,542.324,0,1827.834,0,220.947,5326,8312,1.810,1.810,1.580,2,0,0,0,0,18,327,0,86,0
09-03 17:54:38,23.651,3.983,64.729,6.722,0,5558256,171432,180880,2104236,3326.058,483.971,0,2186.834,0,201.157,6257,8965,1.810,1.810,1.580,1,0,0,0,0,18,327,0,88,0
09-03 17:54:39,10.249,2.000,79.496,6.000,0,5558152,171432,180884,2104336,14198.289,3274.836,0,3191.840,0,234.988,3791,5649,1.810,1.810,1.580,0,0,0,0,0,18,326,0,87,0
09-03 17:54:40,8.002,2.000,84.267,4.001,0,5557964,171432,180888,2104520,14715.983,3214.652,0,2136.433,0,194.039,3319,4871,1.810,1.810,1.580,1,0,0,0,0,18,326,0,87,0
09-03 17:54:41,8.248,1.750,77.984,10.498,0,5557900,171432,180904,2104568,11348.702,2750.443,0,5070.973,0,360.927,3582,5538,1.810,1.810,1.580,0,0,0,0,0,18,326,0,88,0
09-03 17:54:42,9.248,2.249,83.980,2.999,0,5558084,171180,180916,2104624,21945.859,7034.352,0,1979.536,0,153.964,3053,4288,1.670,1.780,1.570,1,0,0,0,0,18,327,0,88,0
09-03 17:54:43,10.543,2.008,80.830,5.020,0,5558028,171180,180916,2104680,21733.740,5455.274,0,1096.477,0,90.369,3697,5259,1.670,1.780,1.570,1,0,0,0,0,18,327,0,88,0
09-03 17:54:44,19.179,3.238,64.512,10.960,0,5448812,280024,180916,2105052,7752.444,538.018,15.941,2152.073,1.993,209.229,4983,7109,1.670,1.780,1.570,1,0,0.996,0,0,18,326,0,84,0
09-03 17:54:45,5.992,2.247,86.889,3.246,0,5368752,360512,180924,2104680,9940.250,259133.620,83.892,1310.319,7.990,73.905,2010,2356,1.670,1.780,1.570,0,0,13.982,0,0,18,326,0,84,0
09-03 17:54:46,5.759,1.502,91.393,0.501,0,5370960,358272,180936,2104700,135728.646,3749.847,24.037,745.162,3.005,44.069,1774,2234,1.670,1.780,1.570,0,0,4.006,0,0,18,326,0,84,0
09-03 17:54:47,10.490,3.746,75.179,7.992,0,5366452,362672,180960,2104784,291325.916,13187.502,183.826,6425.910,8.991,505.521,3703,3839,1.780,1.800,1.580,1,0,29.972,0,0,18,326,0,84,0
09-03 17:54:48,14.516,3.504,81.588,0,0,5380340,345900,180964,2107664,291709.402,9147.859,192.207,200.216,4.004,12.013,2749,2691,1.780,1.800,1.580,2,0,19.021,0,0,18,326,0,78,0
09-03 17:54:49,22.063,5.265,71.954,0,0,5371116,340088,180968,2122664,10412.540,541.536,0,12.034,0,3.009,2757,2220,1.780,1.800,1.580,1,0,18.051,0,0,18,326,0,78,0
