"pcp-dstat 6.2.0 CSV Output"
"Author:","PCP team <pcp@groups.io> and Dag Wieers <dag@wieers.com>",,,,"URL:","https://pcp.io/ and http://dag.wieers.com/home-made/dstat/"
"Host:","ubuntu",,,,"User:","ubuntu"
"Cmdline:","dstat -tcmndrylpg --tcp --output /tmp/devstack_logs/dstat-csv.log",,,,"Date:","04 May 2026 23:33:22 UTC"
"system","total usage",,,,,"memory usage",,,,"net/total",,"dsk/total",,"io/total",,"system",,"load avg",,,"procs",,,"paging",,"tcp sockets",,,,
"time","total usage:usr","total usage:sys","total usage:idl","total usage:wai","total usage:stl","used","free","buf","cach","net/total:recv","net/total:send","dsk/total:read","dsk/total:writ","read","writ","int","csw","1m","5m","15m","run","blk","new","in","out","lis","act","syn","tim","clo"
04-05 23:33:22,,1027300,1622072,161120,5012916,,,,,,,1.200,0.900,0.590,3,0,,,,10,5,0,17,0
04-05 23:33:23,31.012,20.344,41.432,5.706,0,1015356,1633344,161304,5013328,43372.777,14329.907,0,3076.365,0,111.146,7240,6705,1.200,0.900,0.590,4,1,619.243,0,0,10,6,0,17,0
04-05 23:33:24,26.705,17.887,48.623,6.802,0,1021380,1626844,161416,5013584,21610.665,9095.727,0,1499.495,0,52.402,6249,6325,1.200,0.900,0.590,5,0,389.990,0,0,10,6,0,17,0
04-05 23:33:25,23.930,9.472,60.822,4.487,0,1116736,1530556,161580,5138956,42144.560,10967.875,0,1439.783,0,44.869,6076,7776,1.350,0.940,0.600,1,0,128.623,0,0,11,5,0,17,1
04-05 23:33:26,20.253,5.751,69.261,3.751,0,1152304,1494320,161716,5139372,24770.949,11518.836,0,1412.225,0,42.007,2744,2109,1.350,0.940,0.600,1,0,86.014,0,0,11,6,0,17,2
04-05 23:33:27,30.743,10.998,52.238,5.999,0,1175544,1448524,162136,5160180,169431.151,3081.312,83.981,2371.470,6.998,85.981,4518,3540,1.350,0.940,0.600,1,1,195.956,0,0,11,6,0,19,2
04-05 23:33:28,30.493,4.749,42.990,20.745,0,1239040,1370336,162892,5171652,4994.816,485.885,1711.594,7370.252,113.973,394.906,2794,1765,1.350,0.940,0.600,0,2,0,0,0,11,6,0,19,2
04-05 23:33:29,36.511,3.501,45.764,12.504,0,1262972,1329412,163384,5186616,5147.526,540.160,188.056,10731.181,6.002,131.039,2662,1739,1.350,0.940,0.600,2,0,0,0,0,11,6,0,19,2
04-05 23:33:30,22.802,4.009,47.359,25.308,0,1296756,1275832,163960,5204140,10521.137,487.118,16.037,6378.634,1.002,363.835,4440,6300,1.400,0.960,0.610,1,1,7.016,0,0,11,8,0,19,2
04-05 23:33:31,11.722,2.743,44.143,38.657,0.249,1289548,1274444,164520,5211120,8065.503,538.698,0,11125.107,0,595.560,4995,8483,1.400,0.960,0.610,1,1,2.993,0,0,11,8,0,19,2
04-05 23:33:32,18.251,3.750,44.002,31.501,0,1282348,1270496,165248,5220168,7637.267,486.017,0,10284.359,0,558.019,6024,9651,1.400,0.960,0.610,1,3,1.000,0,0,11,8,0,19,2
04-05 23:33:33,18.751,4.000,43.252,31.252,0,1279528,1248192,166240,5242256,5759.324,540.030,0,10576.595,0,622.035,5478,8534,1.400,0.960,0.610,2,1,18.001,0,0,11,8,0,19,2
04-05 23:33:34,16.244,4.248,39.984,36.986,0,1283532,1235212,166952,5249260,8276.764,485.810,0,15657.878,0,788.692,5142,8539,1.400,0.960,0.610,6,0,0,0,0,11,8,0,19,2
04-05 23:33:35,20.259,4.002,49.772,23.761,0,1243116,1291788,167104,5233304,15992.129,3268.457,0,10196.545,0,695.310,5288,8545,1.450,0.970,0.610,3,1,17.008,0,0,11,6,0,19,0
04-05 23:33:36,21.028,4.256,46.813,26.035,0,1277040,1255752,167228,5235284,10359.949,2599.500,0,6905.297,0,535.721,5244,7952,1.450,0.970,0.610,3,2,42.057,0,0,11,7,0,19,0
04-05 23:33:37,23.975,5.494,37.461,31.467,0,1273032,1253148,167504,5240816,4247.561,713.255,0,14249.107,0,831.131,6143,9974,1.450,0.970,0.610,2,1,11.987,0,0,11,6,0,19,0
04-05 23:33:38,17.221,3.993,49.418,27.205,0,1281168,1237384,168008,5246704,15315.638,3529.156,0,8669.643,0,583.035,4743,7573,1.450,0.970,0.610,5,0,20.965,0,0,11,6,0,19,0
04-05 23:33:39,16.770,6.007,33.290,41.299,0,1283560,1233868,168116,5247552,7447.910,540.647,0,18333.933,0,568.680,11905,21984,1.450,0.970,0.610,1,2,21.025,0,0,11,6,0,19,0
04-05 23:33:40,22.768,7.005,40.281,28.022,0,1274976,1241924,168300,5247820,8689.699,486.375,0,15131.666,0,889.686,13088,23288,1.730,1.040,0.640,2,0,21.016,0,0,11,6,0,19,0
04-05 23:33:41,32.383,9.466,41.600,15.444,0,1147268,1382220,168404,5236680,7030.697,538.064,0,9645.287,0,718.414,5674,7279,1.730,1.040,0.640,4,0,98.645,0,0,11,4,0,19,0
04-05 23:33:42,37.855,7.521,54.150,0.501,0,1212812,1316652,168404,5236700,8343.081,487.348,0,738.042,0,40.111,2953,2029,1.730,1.040,0.640,1,0,67.186,0,0,11,4,0,17,0
04-05 23:33:43,23.007,3.001,65.771,7.002,0,1199728,1329688,168448,5236704,6683.173,540.176,0,4737.540,0,263.086,2269,2326,1.730,1.040,0.640,1,1,10.003,0,0,11,4,0,17,0
04-05 23:33:44,22.495,3.749,67.735,5.249,0,1215740,1313632,168484,5236712,3680.185,485.892,0,2099.535,0,150.967,2132,2121,1.730,1.040,0.640,1,0,0,0,0,11,4,0,17,0
04-05 23:33:45,19.024,8.260,72.340,0,0,1097820,1431524,168488,5236740,10474.966,540.669,0,5038.237,0,28.035,3325,2482,1.670,1.040,0.640,3,0,158.196,0,0,11,4,0,17,0
04-05 23:33:46,9.260,20.273,69.078,0,0,1059220,1469952,168488,5236904,7144.070,486.550,0,4685.293,0,53.060,6189,5067,1.670,1.040,0.640,1,0,462.522,0,0,11,4,0,13,0
04-05 23:33:47,18.003,14.252,66.261,0.500,0,1066104,1456008,168488,5244080,3655.602,540.089,6965.147,12.002,69.011,3.000,6316,7697,1.670,1.040,0.640,1,0,229.038,0,0,11,4,0,13,0
04-05 23:33:48,45.853,9.221,44.109,0,0,1202968,1318668,168488,5244848,9132.804,484.451,482.458,0,5.981,0,3700,2379,1.670,1.040,0.640,3,0,122.608,0,0,11,5,0,13,0
04-05 23:33:49,43.231,6.247,48.228,1.999,0,1244004,1276584,168496,5245888,7530.626,539.758,511.771,2083.067,8.996,234.895,2908,1466,1.670,1.040,0.640,4,0,0,0,0,11,5,0,13,0
04-05 23:33:50,36.652,5.272,39.162,17.573,0,1270948,1247156,168504,5248324,7548.309,488.024,0,3253.495,0,179.746,4195,5802,1.700,1.060,0.650,3,0,46.192,0,0,11,4,0,14,0
04-05 23:33:51,16.483,8.241,70.925,3.496,0,1333908,1184176,168504,5248344,8263.235,539.428,0,11204.116,0,83.911,2938,2545,1.700,1.060,0.650,2,0,93.900,0,0,11,4,0,14,0
04-05 23:33:52,22.706,4.242,68.618,3.244,0,1372028,1146040,168512,5248348,4672.012,485.067,0,21945.783,0,193.628,2508,2036,1.700,1.060,0.650,2,0,0.998,0,0,11,4,0,14,0
04-05 23:33:53,18.248,2.000,68.743,9.749,0,1399476,1118292,168580,5248580,14981.448,539.944,0,6527.324,0,239.975,3230,4468,1.700,1.060,0.650,1,1,1.000,0,0,11,10,0,14,0
04-05 23:33:54,20.052,5.013,71.185,3.008,0,1335900,1181796,168596,5248636,9341.279,487.266,44.115,601.564,3.008,55.143,2669,2537,1.700,1.060,0.650,1,0,42.109,0,0,11,4,0,14,0
04-05 23:33:55,16.456,1.496,72.804,8.477,0,1369344,1147524,168872,5249124,5709.654,2499.283,566.477,1140.933,14.960,43.882,1490,1237,1.640,1.050,0.650,0,0,0,0,0,11,5,0,14,0
04-05 23:33:56,14.988,2.248,68.945,12.990,0,1369164,1147300,168920,5249364,12090.344,3246.407,267.786,3201.443,65.947,171.863,2553,3062,1.640,1.050,0.650,1,0,0.999,0,0,11,25,0,14,0
04-05 23:33:57,18.768,4.754,75.071,0,0,1370364,1146080,168920,5249384,12516.800,4241.999,0,0,0,0,2553,2086,1.640,1.050,0.650,1,0,45.042,0,0,11,28,0,15,0
04-05 23:33:58,17.736,3.497,69.444,7.994,0,1414240,1102192,168920,5249392,12334.066,4562.326,0,11994.340,0,152.877,2027,1911,1.640,1.050,0.650,1,0,0,0,0,11,29,0,15,0
04-05 23:33:59,21.499,10.999,59.747,6.750,0,1443396,1073016,168920,5249412,10395.429,3312.818,0,21294.831,0,560.969,4148,3355,1.640,1.050,0.650,4,0,155.991,0,0,11,28,0,16,0
04-05 23:34:00,36.052,4.757,57.333,1.001,0,1537328,979092,168924,5249428,9727.003,8161.750,0,7118.248,0,183.264,3039,2585,1.750,1.090,0.660,2,0,0,0,0,11,30,0,16,0
04-05 23:34:01,35.080,6.014,57.882,1.002,0,1455468,1060840,168932,5249632,22461.348,11517.330,0,296.678,0,30.069,6147,8169,1.750,1.090,0.660,3,0,91.209,0,0,11,28,0,17,0
04-05 23:34:02,73.255,23.502,2.750,0.750,0,1603768,912508,168936,5249660,7944.592,486.036,0,200.015,0,18.001,5614,4575,1.750,1.090,0.660,6,0,488.036,0,0,11,28,0,17,0
04-05 23:34:03,85.331,10.230,3.992,0,0,1781772,734456,168944,5249692,30038.556,23636.226,0,135.731,0,7.984,6782,6074,1.750,1.090,0.660,4,0,0,0,0,11,34,0,17,0
04-05 23:34:04,64.925,12.485,21.475,0.499,0,1585068,930900,168952,5249944,30796.232,22861.447,0,747.132,0,70.918,9096,13000,1.750,1.090,0.660,3,0,249.710,0,0,11,28,0,23,0
04-05 23:34:05,20.290,6.763,68.383,4.509,0,1564504,951460,168952,5249948,7956.521,583.138,0,16953.070,0,116.227,2700,2196,1.690,1.090,0.660,1,0,60.117,0,0,11,28,0,23,0
04-05 23:34:06,13.953,2.990,74.250,7.724,0,1542304,973644,168956,5249960,13203.585,6524.054,0,20885.743,0,228.232,2644,3434,1.690,1.090,0.660,0,1,0,0,0,11,29,0,23,0
04-05 23:34:07,18.529,6.510,67.855,5.759,0.250,1493116,1022816,168960,5249972,5203.057,1422.202,0,19281.859,0,159.247,3028,2650,1.690,1.090,0.660,1,0,68.105,0,0,11,28,0,24,0
04-05 23:34:08,16.503,2.250,78.763,1.250,0,1502272,1013648,168964,5249980,9151.456,5025.800,0,152.024,0,9.001,2172,2321,1.690,1.090,0.660,2,0,0,0,0,11,29,0,24,0
04-05 23:34:09,11.029,12.783,73.942,2.005,0,1474112,1041772,168972,5250008,13323.564,2973.715,0,372.968,0,29.075,4441,4043,1.690,1.090,0.660,1,0,282.733,0,0,11,28,0,25,0
04-05 23:34:10,40.505,26.004,31.754,0,0,1474892,1040968,168976,5250028,5962.803,486.065,0,276.037,0,22.003,6460,5668,1.720,1.100,0.670,5,0,756.102,0,0,11,28,0,25,0
04-05 23:34:11,85.259,10.751,3.750,0.250,0,1690668,825156,169056,5249984,17988.930,10760.154,0,4004.430,0,208.022,5533,3829,1.720,1.100,0.670,3,1,0,0,0,11,31,1,24,0
04-05 23:34:12,65.214,8.745,22.987,2.499,0,1694256,820964,169088,5250552,47194.089,38591.812,0,1874.971,0,118.935,10026,16570,1.720,1.100,0.670,5,0,60.967,0,0,11,30,0,25,0
04-05 23:34:13,81.293,18.510,0.250,0.250,0,1586412,928772,169100,5250576,9424.019,1416.755,0,388.207,0,36.019,5723,4884,1.720,1.100,0.670,6,0,250.133,0,0,11,28,0,25,0
04-05 23:34:14,87.486,9.998,2.000,0,0,1791288,723888,169100,5250632,24549.079,17362.227,0,191.969,0,10.998,6391,12376,1.720,1.100,0.670,5,0,35.994,0,0,11,33,0,26,0
04-05 23:34:15,71.734,9.998,18.246,0.250,0,1688848,826068,169108,5250832,51480.529,43449.319,0,375.916,0,32.993,10505,17311,2.140,1.200,0.710,5,0,133.970,0,0,11,30,0,24,0
04-05 23:34:16,47.378,10.224,40.396,0.748,0,1528588,986248,169116,5250904,8541.962,3388.259,0,2597.299,0,83.784,4523,3522,2.140,1.200,0.710,2,0,163.578,0,0,11,28,0,26,0
04-05 23:34:17,29.248,3.500,65.494,0.250,0,1521288,993388,169120,5251060,22666.096,15142.728,0,211.982,0,9.999,4377,5202,2.140,1.200,0.710,1,0,0,0,0,11,30,0,26,0
04-05 23:34:18,44.550,17.520,37.042,0.501,0,1493620,1021040,169124,5251072,13162.763,4071.567,0,352.395,0,30.034,5724,5436,2.140,1.200,0.710,4,0,378.424,0,0,11,28,0,28,0
04-05 23:34:19,52.796,6.255,40.285,0,0,1587004,927608,169128,5251116,21087.274,12918.195,0,160.139,0,10.009,3978,3049,2.140,1.200,0.710,4,0,0,0,0,11,31,0,25,0
04-05 23:34:20,51.555,14.766,31.784,0.501,0,1525836,988696,169152,5251172,22355.914,16386.528,0,556.595,0,50.054,8279,10656,2.050,1.200,0.710,4,0,258.276,0,0,11,28,0,26,0
04-05 23:34:21,71.654,8.239,19.224,0,0,1604300,910068,169152,5251336,19746.622,11367.815,0,155.792,0,9.987,4720,2693,2.050,1.200,0.710,3,0,0,0,0,11,32,0,26,0
04-05 23:34:22,62.604,10.226,24.692,2.245,0,1582992,931296,169160,5251408,38224.617,29797.323,0,1719.978,0,67.841,8721,13510,2.050,1.200,0.710,7,0,168.606,0,0,11,28,0,29,0
04-05 23:34:23,66.315,12.262,20.770,0,0,1597008,917104,169160,5251584,3611.552,486.479,0,616.607,0,12.012,3945,2103,2.050,1.200,0.710,4,0,156.154,0,0,11,28,0,29,0
04-05 23:34:24,40.814,4.507,52.832,0.501,0,1607252,906796,169164,5251644,33846.797,26348.100,0,320.500,0,22.034,6934,9385,2.050,1.200,0.710,3,0,0,0,0,11,30,0,30,0
04-05 23:34:25,59.567,16.018,23.777,0,0,1546568,967436,169172,5251680,8885.974,3640.086,0,364.409,0,25.028,5058,4488,2.440,1.290,0.740,3,0,299.336,0,0,11,28,0,31,0
04-05 23:34:26,46.407,5.240,48.154,0.250,0,1599316,914520,169176,5251844,20968.159,19154.778,0,159.681,0,9.980,5030,5386,2.440,1.290,0.740,3,0,0,0,0,11,31,0,31,0
04-05 23:34:27,58.028,15.007,25.762,0,0,1520644,993016,169184,5252012,17803.610,9742.712,0,872.422,0,31.015,6832,7634,2.440,1.290,0.740,4,0,287.139,0,0,11,28,0,34,0
04-05 23:34:28,52.991,5.499,40.993,0,0,1594652,918840,169188,5252176,19309.577,14429.442,0,195.965,0,6.999,4416,3481,2.440,1.290,0.740,2,0,0,0,0,11,31,0,34,0
04-05 23:34:29,49.706,10.990,37.467,0.999,0,1496340,1016948,169192,5252376,21329.939,12008.269,0,419.625,0,33.970,6623,8138,2.440,1.290,0.740,3,0,111.900,0,0,11,28,0,36,0
04-05 23:34:30,54.558,6.507,38.291,0,0,1600556,912720,169192,5252388,21067.352,12228.974,0,192.204,0,10.011,3895,2718,2.490,1.320,0.750,4,0,0,0,0,11,31,0,36,0
04-05 23:34:31,48.574,14.272,35.304,1.502,0,1479724,1033496,169204,5252432,17745.202,14304.929,0,1229.885,0,89.137,7495,9627,2.490,1.320,0.750,4,0,337.517,0,0,11,28,0,36,0
04-05 23:34:32,79.248,20.749,0,0.250,0,1632804,880332,169208,5252496,8711.789,485.988,0,215.995,0,20.999,5647,4846,2.490,1.320,0.750,7,0,451.989,0,0,11,28,0,36,0
04-05 23:34:33,78.725,17.495,3.249,0,0,1789676,723392,169208,5252564,25825.946,18900.106,0,1407.561,0,35.989,6207,5741,2.490,1.320,0.750,4,0,483.849,0,0,11,33,1,36,0
04-05 23:34:34,69.771,19.006,10.253,0,0,1649852,862792,169244,5252988,51834.739,45622.853,0,668.203,0,61.019,9240,12326,2.490,1.320,0.750,7,0,473.144,0,0,11,28,0,37,0
04-05 23:34:35,84.371,11.982,3.245,0,0,1657064,855504,169244,5253056,12626.735,5023.336,0,155.762,0,10.983,5251,3056,2.930,1.430,0.790,2,0,108.834,0,0,11,31,0,37,0
04-05 23:34:36,70.802,7.505,21.265,0.500,0,1720224,792264,169244,5253136,46011.503,34816.351,0,2822.055,0,109.079,7156,10826,2.930,1.430,0.790,4,0,0,0,0,11,33,0,37,0
04-05 23:34:37,43.771,20.260,34.517,0,0,1544840,967448,169244,5253332,27371.442,18180.928,0,180.088,0,13.006,8424,11032,2.930,1.430,0.790,2,0,611.300,0,0,11,28,0,42,0
04-05 23:34:38,40.204,31.464,27.719,0,0,1527660,984588,169244,5253364,6431.715,485.450,0,231.738,0,21.975,6599,6324,2.930,1.430,0.790,6,0,963.908,0,0,11,28,0,42,0
04-05 23:34:39,74.488,9.248,16.497,0,0,1623416,888780,169244,5253416,15792.437,12467.977,0,0,0,0,4550,3344,2.930,1.430,0.790,3,0,31.995,0,0,11,31,0,42,0
04-05 23:34:40,57.833,10.515,30.294,0.501,0,1566184,945804,169268,5253600,32953.426,20292.204,0,568.819,0,52.075,7490,9797,2.780,1.430,0.790,5,0,147.212,0,0,11,29,0,45,0
04-05 23:34:41,76.753,13.165,9.439,0.497,0,1605932,906012,169276,5253636,14289.442,7444.778,0,337.812,0,23.846,5196,3619,2.780,1.430,0.790,5,0,120.221,0,0,11,30,0,46,0
04-05 23:34:42,59.727,7.027,32.122,0,0,1643040,868676,169276,5253856,41077.349,31243.921,0,148.565,0,9.034,8007,12489,2.780,1.430,0.790,5,0,1.004,0,0,11,32,0,46,0
04-05 23:34:43,53.647,7.270,37.854,0.251,0,1595844,915608,169284,5254100,39008.718,33039.387,0,409.119,0,35.096,12143,18293,2.780,1.430,0.790,6,0,30.082,0,0,11,30,0,46,0
04-05 23:34:44,75.612,12.228,10.980,0.250,0,1586940,924460,169296,5254140,16546.892,7468.411,0,351.361,0,32.940,5850,5694,2.780,1.430,0.790,5,0,89.837,0,0,11,29,0,46,0
04-05 23:34:45,64.054,7.256,27.774,0,0,1635204,876128,169300,5254164,38365.600,26081.161,0,208.177,0,15.013,6211,7866,3.030,1.500,0.820,4,0,2.002,0,0,11,32,0,46,0
04-05 23:34:46,53.966,7.495,36.727,0.500,0,1617736,893180,169300,5254572,49145.083,40725.380,0,2698.303,0,113.928,13560,21177,3.030,1.500,0.820,5,0,70.955,0,0,11,30,0,47,1
04-05 23:34:47,75.405,14.482,9.987,0,0,1564040,946840,169300,5254608,15867.100,10848.394,0,127.840,0,7.990,5702,5422,3.030,1.500,0.820,4,0,188.763,0,0,11,29,0,50,0
04-05 23:34:48,65.415,7.018,27.319,0.251,0,1646288,864528,169308,5254660,34685.491,25193.548,0,1227.095,0,12.030,5180,7161,3.030,1.500,0.820,3,0,0,0,0,11,32,0,50,0
04-05 23:34:49,65.690,9.242,23.978,0.250,0,1535864,974696,169336,5254884,32508.406,26134.209,0,327.702,0,30.972,9486,14664,3.030,1.500,0.820,5,0,97.911,0,0,11,28,0,52,0
04-05 23:34:50,75.879,9.734,13.728,0.499,0,1621500,889028,169340,5254912,17347.371,10586.140,0,215.657,0,18.970,4837,3071,3.110,1.540,0.840,4,0,29.952,0,0,11,31,0,52,0
04-05 23:34:51,63.643,11.025,23.804,0.251,0,1620248,890060,169356,5255104,28478.173,21110.570,0,420.949,0,37.084,7611,10726,3.110,1.540,0.840,4,0,120.271,0,0,11,30,0,53,0
04-05 23:34:52,64.540,8.005,27.267,0,0,1691040,819044,169356,5255324,37936.401,27466.943,0,4.002,0,1.001,8067,10453,3.110,1.540,0.840,5,0,60.037,0,0,11,30,0,55,0
04-05 23:34:53,70.647,12.482,15.977,0,0,1610548,899492,169356,5255368,22882.492,15558.218,0,95.860,0,3.994,7064,8361,3.110,1.540,0.840,4,0,167.754,0,0,11,29,0,57,0
04-05 23:34:54,69.845,8.700,21.128,0,0,1627944,882036,169356,5255424,22632.898,16555.104,0,0,0,0,5545,5970,3.110,1.540,0.840,6,0,33.804,0,0,11,31,0,58,0
04-05 23:34:55,68.317,9.795,21.851,0.251,0,1721472,788324,169360,5255600,25038.199,20380.583,0,160.746,0,17.079,5564,7755,3.100,1.570,0.850,6,0,34.159,0,0,11,30,0,60,0
04-05 23:34:56,56.343,11.018,31.301,1.002,0,1573308,936444,169396,5255608,22495.966,12578.669,0,657.080,0,66.109,5432,6465,3.100,1.570,0.850,3,0,199.328,0,0,11,30,0,61,0
04-05 23:34:57,55.744,9.999,34.247,0,0,1568548,941084,169408,5255712,13210.693,9146.095,0,287.972,0,21.998,4141,3472,3.100,1.570,0.850,2,0,60.994,0,0,11,34,0,61,0
04-05 23:34:58,49.515,8.753,40.262,0.500,0,1540520,969072,169416,5255744,29023.655,19725.883,0,1048.313,0,19.006,5715,7705,3.100,1.570,0.850,3,0,96.029,0,0,11,33,0,63,0
04-05 23:34:59,56.847,9.973,32.662,0,0,1554424,955128,169420,5255780,14594.713,9130.422,0,187.495,0,10.970,4382,3797,3.100,1.570,0.850,2,0,85.769,0,0,11,33,0,64,0
04-05 23:35:00,43.255,7.751,49.005,0,0,1586368,922696,169424,5256248,27258.923,18005.931,0,308.033,0,18.002,5874,7091,3.010,1.570,0.860,2,0,86.009,0,0,11,34,0,63,0
04-05 23:35:01,30.348,7.775,59.191,1.003,0,1533012,976008,169432,5256284,17263.760,9952.144,0,385.244,0,34.110,5519,6868,3.010,1.570,0.860,3,0,132.428,0,0,11,32,0,65,0
04-05 23:35:02,39.935,5.953,52.089,1.736,0,1555756,953252,169436,5256292,9573.403,6672.311,0,3357.487,0,176.605,3066,2002,3.010,1.570,0.860,2,0,6.945,0,0,11,34,0,65,0
04-05 23:35:03,32.658,5.778,59.538,0.251,0,1508064,1000868,169436,5256364,21128.032,11756.776,0,225.087,0,17.082,4690,5881,3.010,1.570,0.860,2,0,34.165,0,0,11,32,0,67,0
04-05 23:35:04,37.955,8.240,53.187,0,0,1532580,976336,169436,5256376,11281.637,5860.059,0,199.763,0,10.987,3428,2493,3.010,1.570,0.860,2,0,103.877,0,0,11,33,0,66,0
04-05 23:35:05,32.874,7.529,57.217,2.008,0,1518596,990156,169444,5256532,13768.130,9698.722,0,1963.434,0,127.483,4044,4968,2.930,1.580,0.860,2,0,60.228,0,0,11,33,0,67,0
04-05 23:35:06,35.655,4.737,58.095,0.249,0,1531404,977328,169448,5256548,15435.914,8524.310,0,287.235,0,22.939,4079,3888,2.930,1.580,0.860,2,0,4.987,0,0,11,33,0,68,0
04-05 23:35:07,35.501,6.250,57.751,0.250,0,1496768,1011932,169448,5256580,17479.417,11340.270,0,132.003,0,8.000,4306,5031,2.930,1.580,0.860,2,0,43.001,0,0,11,33,0,69,0
04-05 23:35:08,34.861,4.765,59.188,0.251,0,1519508,989152,169448,5256616,18871.923,11055.103,0,938.981,0,77.245,4033,4685,2.930,1.580,0.860,3,0,5.016,0,0,11,33,0,63,0
04-05 23:35:09,36.140,3.739,58.821,0.498,0,1516956,991672,169456,5256644,17357.096,12434.101,0,271.173,0,21.933,5039,5727,2.930,1.580,0.860,2,0,0,0,0,11,33,0,64,0
04-05 23:35:10,19.748,9.999,68.494,0.250,0,1460152,1048252,169460,5256864,9170.218,6142.476,0,295.975,0,21.998,4970,5681,2.860,1.590,0.870,1,0,281.976,0,0,11,32,0,65,0
04-05 23:35:11,19.741,2.749,76.215,0,0,1469804,1038596,169460,5256868,9456.613,2450.863,0,139.935,0,7.996,1714,1248,2.860,1.590,0.870,0,0,0,0,0,11,33,0,65,0
04-05 23:35:12,15.505,2.251,81.776,0.250,0,1463916,1044448,169472,5256888,18477.787,8250.584,0,144.045,0,10.003,3259,4125,2.860,1.590,0.870,2,0,1.000,0,0,11,33,0,64,0
04-05 23:35:13,14.249,13.499,70.744,0,0,1430968,1077372,169484,5256900,4447.616,1466.873,0,315.973,0,26.998,4180,3293,2.860,1.590,0.870,1,0,283.975,0,0,11,32,0,65,0
04-05 23:35:14,23.247,4.749,71.490,0.250,0,1431352,1076972,169492,5256908,13490.177,5559.249,0,115.984,0,7.999,3320,9188,2.860,1.590,0.870,1,0,35.995,0,0,11,33,0,66,0
04-05 23:35:15,17.805,4.514,76.738,0,0,1403428,1104868,169496,5256932,15921.448,6353.733,0,385.196,0,24.075,3495,3907,2.710,1.580,0.870,1,0,46.143,0,0,11,32,0,67,0
04-05 23:35:16,20.939,2.991,74.534,0.748,0,1435688,1072600,169500,5256936,9891.340,2570.552,0,147.572,0,13.960,1891,1439,2.710,1.580,0.870,0,0,0,0,0,11,33,0,60,0
04-05 23:35:17,16.030,2.505,80.903,0,0,1435668,1072600,169500,5256956,15900.092,9497.976,0,0,0,0,3357,4278,2.710,1.580,0.870,2,0,0,0,0,11,33,0,60,0
04-05 23:35:18,13.990,12.991,70.949,0.500,0,1361676,1146256,169512,5257272,6750.112,3745.288,0,387.719,0,32.976,5636,5960,2.710,1.580,0.870,2,0,340.753,0,0,11,32,0,60,0
04-05 23:35:19,30.964,14.733,52.189,1.249,0,1395196,1112704,169520,5257292,8518.092,569.338,35.958,547.363,0.999,25.970,4795,3838,2.710,1.580,0.870,2,0,284.669,0,0,11,32,0,62,0
04-05 23:35:20,38.769,6.003,48.023,6.253,0,1512136,992396,169588,5260128,20408.741,664.317,436.208,3033.448,17.008,136.065,3677,3426,2.650,1.590,0.880,3,1,8.004,0,0,11,36,0,59,0
04-05 23:35:21,26.882,4.480,47.790,20.161,0,1528432,975008,169760,5260936,9947.322,483.875,0,6794.168,0,536.644,5260,8580,2.650,1.590,0.880,1,2,21.904,0,0,11,36,0,59,0
04-05 23:35:22,26.341,4.516,45.909,22.076,0,1586152,916304,169980,5261672,9918.278,487.685,0,10428.040,0,778.691,5246,8880,2.650,1.590,0.880,2,0,33.114,0,0,11,36,0,59,0
04-05 23:35:23,25.679,4.986,44.626,22.438,0.249,1602748,898440,170120,5262752,8654.956,484.654,0,10163.764,0,763.878,5450,8577,2.650,1.590,0.880,4,0,12.964,0,0,11,36,0,59,0
04-05 23:35:24,26.073,5.014,42.369,24.067,0,1596896,903344,170224,5263572,7897.123,433.214,0,7376.665,0,606.700,5357,8242,2.650,1.590,0.880,3,2,21.059,0,0,11,36,0,56,0
04-05 23:35:25,27.008,5.252,38.762,27.508,0,1585948,913492,170364,5264212,6423.950,540.164,0,11287.425,0,777.236,5787,9176,2.600,1.590,0.880,1,1,20.006,0,0,11,36,0,56,0
04-05 23:35:26,26.838,4.515,43.391,23.075,0.251,1567304,931320,170512,5264860,4264.906,487.590,0,6071.798,0,538.757,5294,8001,2.600,1.590,0.880,2,2,22.072,0,0,11,36,0,56,0
04-05 23:35:27,26.621,5.473,39.060,27.118,0,1617040,881092,170664,5265180,7722.517,483.652,0,9326.730,0,711.546,5640,8852,2.600,1.590,0.880,2,1,10.947,0,0,11,36,0,56,0
04-05 23:35:28,26.295,5.509,38.816,27.046,0,1558840,938572,170736,5265816,5468.312,486.829,0,11984.409,0,942.605,6187,10028,2.600,1.590,0.880,2,1,13.022,0,0,11,36,0,51,0
04-05 23:35:29,26.249,4.750,39.249,27.999,0,1613008,884060,170844,5266044,7621.781,485.986,0,12795.632,0,793.977,5555,8436,2.600,1.590,0.880,2,3,8.000,0,0,11,36,0,51,0
04-05 23:35:30,27.755,4.751,43.509,21.504,0,1570116,926008,170960,5266816,7339.437,486.095,0,7029.377,0,668.131,6018,9547,2.710,1.630,0.900,2,1,13.003,0,0,11,36,0,51,0
04-05 23:35:31,26.083,4.720,39.248,27.821,0,1587544,908724,171004,5266620,7660.828,482.900,0,9570.570,0,694.542,5048,8011,2.710,1.630,0.900,3,2,4.968,0,0,11,36,0,51,0
04-05 23:35:32,38.246,5.536,44.537,11.071,0,1471060,1025616,171096,5266096,7611.985,489.148,0,5390.690,0,460.966,4792,6402,2.710,1.630,0.900,3,0,7.045,0,0,11,32,0,47,0
04-05 23:35:33,41.737,5.248,45.485,5.998,0,1527692,968844,171152,5266176,4128.679,485.845,0,1471.529,0,146.953,3633,3517,2.710,1.630,0.900,2,1,1.999,0,0,11,34,0,47,0
04-05 23:35:34,27.989,5.248,43.483,21.242,0,1578536,917688,171360,5266276,5045.016,485.809,0,6545.426,0,759.701,6671,10753,2.710,1.630,0.900,3,2,1.999,0,0,11,34,0,47,0
04-05 23:35:35,27.271,6.005,38.279,27.020,0,1570748,925116,171560,5266428,9058.861,486.368,0,11184.471,0,830.629,6354,10049,2.820,1.670,0.920,1,1,1.001,0,0,11,34,0,47,0
04-05 23:35:36,29.040,5.508,43.310,19.778,0,1502560,992876,171756,5266644,10243.246,486.677,0,5960.290,0,821.142,7707,12091,2.820,1.670,0.920,1,2,1.001,0,0,11,34,0,47,0
04-05 23:35:37,32.881,8.220,43.094,14.448,0,1491600,1003580,171912,5266740,8500.308,484.252,0,5109.551,0,717.410,7478,10576,2.820,1.670,0.920,4,0,54.802,0,0,11,32,0,46,0
04-05 23:35:38,15.314,14.058,66.526,3.515,0,1455056,1039948,171924,5266876,6750.041,488.027,0,1104.589,0,46.192,4654,3721,2.820,1.670,0.920,3,0,315.310,0,0,11,32,0,46,0
04-05 23:35:39,8.245,21.488,66.712,2.249,0,1443000,1051832,171944,5266936,8432.214,485.724,0,2694.471,0,105.940,6604,5673,2.820,1.670,0.920,1,1,542.692,0,0,11,32,0,46,0
04-05 23:35:40,7.497,22.742,61.479,7.248,0,1446060,1048688,171992,5266972,7031.600,485.834,0,6049.935,0,296.899,6946,6545,2.830,1.700,0.930,1,0,517.823,0,0,11,32,0,46,0
04-05 23:35:41,20.485,4.747,73.446,0,0,1453032,1041724,171992,5266964,6026.557,485.642,0,55.959,0,5.996,2286,1678,2.830,1.700,0.930,1,0,44.967,0,0,11,32,0,38,0
04-05 23:35:42,22.539,3.506,73.879,0,0,1413744,1080996,171992,5266980,9967.356,486.848,0,16.028,0,1.002,1894,1218,2.830,1.700,0.930,1,0,4.007,0,0,11,32,0,38,0
04-05 23:35:43,21.457,4.242,73.604,0,0,1461308,1033452,171992,5266960,8462.222,485.038,0,0,0,0,1857,1352,2.830,1.700,0.930,1,0,0,0,0,11,32,0,38,0
04-05 23:35:44,22.554,3.007,70.920,2.757,0,1465284,1029456,171992,5266980,39893.898,487.171,0,1872.501,0,181.436,2240,1267,2.830,1.700,0.930,1,0,3.007,0,0,11,32,0,38,0
04-05 23:35:45,22.419,3.737,72.489,0.498,0,1486244,1008516,171992,5266976,9755.907,526.108,0,418.495,0,29.892,2188,1893,2.680,1.680,0.930,1,0,1.993,0,0,11,32,0,37,0
04-05 23:35:46,22.273,3.003,73.826,0,0,1473184,1021560,171992,5266992,10083.378,486.501,0,68.070,0,6.006,1840,1245,2.680,1.680,0.930,1,0,1.001,0,0,11,32,0,37,0
04-05 23:35:47,22.238,3.748,73.460,0,0,1543572,951188,171992,5266976,9035.064,485.735,0,7.996,0,0.999,1906,1359,2.680,1.680,0.930,1,0,1.999,0,0,11,32,0,37,0
04-05 23:35:48,22.499,3.000,73.495,0,0,1500528,994208,171992,5267000,8828.429,569.963,0,19.999,0,1.000,1828,1225,2.680,1.680,0.930,1,0,1.000,0,0,11,32,0,37,0
04-05 23:35:49,22.266,3.252,74.054,0,0,1531052,963568,171992,5267116,3674.674,486.354,0,12.009,0,1.001,1787,1249,2.680,1.680,0.930,5,0,2.001,0,0,11,32,0,32,0
04-05 23:35:50,22.798,3.257,73.656,0,0,1548472,946160,171992,5267100,9732.613,487.032,0,412.874,0,5.011,1894,1306,2.550,1.670,0.930,1,0,1.002,0,0,11,32,0,32,0
04-05 23:35:51,22.512,2.501,73.788,0,0,1578532,916100,171992,5267100,9354.789,486.249,0,28.014,0,1.001,1708,1035,2.550,1.670,0.930,3,0,2.001,0,0,11,32,0,32,0
04-05 23:35:52,22.737,2.998,73.708,0,0,1535380,959312,171992,5267040,4749.324,485.726,0,79.955,0,2.998,1828,1303,2.550,1.670,0.930,1,0,1.999,0,0,11,32,0,32,0
04-05 23:35:53,22.708,3.244,73.865,0,0,1515480,979124,171992,5267128,9950.753,485.110,0,91.832,0,1.996,1800,1158,2.550,1.670,0.930,3,0,2.995,0,0,11,32,0,27,0
04-05 23:35:54,22.293,3.507,73.392,0,0,1543024,951576,171992,5267132,5584.806,486.942,0,621.202,0,117.227,1970,1394,2.550,1.670,0.930,1,0,1.002,0,0,11,32,0,27,0
04-05 23:35:55,22.261,3.752,71.036,2.001,0,1543464,951140,172004,5267112,10163.125,486.245,0,2289.154,0,47.024,2237,2071,2.420,1.660,0.930,3,0,2.001,0,0,11,32,0,27,0
04-05 23:35:56,21.945,3.242,73.816,0,0,1509932,984652,172004,5267132,6213.475,484.789,0,63.840,0,4.988,1730,1277,2.420,1.660,0.930,3,0,0.998,0,0,11,32,0,27,0
04-05 23:35:57,22.293,3.006,73.893,0,0,1513404,981180,172004,5267132,3343.455,486.940,0,24.046,0,1.002,1738,1264,2.420,1.660,0.930,1,0,1.002,0,0,11,32,0,19,0
04-05 23:35:58,21.764,4.003,74.048,0,0,1526864,967728,172004,5267124,9374.047,486.314,0,4.003,0,1.001,1760,1258,2.420,1.660,0.930,3,0,2.001,0,0,11,32,0,19,0
04-05 23:35:59,16.986,10.991,71.442,0,0,1503540,991008,172004,5267168,8720.898,485.605,0,159.870,0,7.993,3804,2947,2.420,1.660,0.930,2,0,252.794,0,0,11,32,0,19,0
04-05 23:36:00,16.513,10.508,72.305,0,0,1482500,1012036,172004,5267180,7349.629,540.414,0,228.175,0,6.005,3491,2787,2.230,1.630,0.930,2,0,207.159,0,0,11,32,0,19,0
04-05 23:36:01,23.440,1.746,73.561,0,0,1519408,974932,172004,5267376,5003.176,484.757,0,0,0,0,1671,1098,2.230,1.630,0.930,1,0,0,0,0,11,32,0,14,0
04-05 23:36:02,21.768,4.003,73.312,0.500,0,1552528,941748,172004,5267440,9239.815,486.411,0,148.125,0,2.002,1955,1422,2.230,1.630,0.930,3,0,10.008,0,0,11,32,0,14,0
04-05 23:36:03,16.780,12.272,70.124,0,0,1448264,1045876,172004,5267576,7519.266,486.859,40.071,56.099,2.004,2.004,4082,3193,2.230,1.630,0.930,2,0,288.509,0,0,11,32,0,14,0
04-05 23:36:04,8.254,21.761,69.034,0,0,1437348,1056752,172004,5267612,4365.140,486.238,0,312.153,0,38.019,6278,5010,2.230,1.630,0.930,2,0,515.253,0,0,11,32,0,14,0
04-05 23:36:05,8.748,21.746,66.737,1.000,0,1427504,1066536,172004,5267660,3263.384,485.908,0,1035.805,0,36.993,6688,5872,2.130,1.620,0.930,2,0,582.890,0,0,11,32,0,10,0
04-05 23:36:06,8.501,22.752,68.755,0.500,0,1418288,1075720,172008,5267684,10350.783,486.037,0,1300.098,0,18.001,6407,5290,2.130,1.620,0.930,1,0,568.043,0,0,11,32,0,10,0
04-05 23:36:07,8.251,21.503,68.510,0,0,1408464,1085512,172008,5267716,8997.367,486.074,0,1372.209,0,15.002,6437,5205,2.130,1.620,0.930,1,0,555.084,0,0,11,32,0,10,0
04-05 23:36:08,8.248,20.495,70.482,0,0,1398840,1095108,172008,5267744,7111.135,485.873,0,295.922,0,5.998,5951,4605,2.130,1.620,0.930,1,0,435.886,0,0,11,32,0,10,0
04-05 23:36:09,7.496,21.489,69.465,0,0,1388944,1104964,172008,5267780,6993.499,485.757,0,379.810,0,8.995,6130,4834,2.130,1.620,0.930,1,0,472.763,0,0,11,32,0,7,0
04-05 23:36:10,8.003,22.009,68.527,0,0,1376200,1117660,172008,5267820,8199.283,486.195,0,84.034,0,18.007,6518,5335,1.960,1.600,0.920,3,0,579.232,0,0,11,32,0,7,0
04-05 23:36:11,12.755,22.008,62.523,0.750,0,1350520,1143280,172020,5267836,7786.817,486.176,0,708.256,0,34.012,6776,6050,1.960,1.600,0.920,4,0,617.223,0,0,11,32,0,9,0
04-05 23:36:12,55.093,20.192,23.184,1.496,0,1527524,966208,172028,5267892,4038.465,484.616,0,1535.614,0,90.741,5558,4892,1.960,1.600,0.920,3,0,452.707,0,0,11,32,0,13,0
04-05 23:36:13,52.989,8.248,23.995,13.997,0,1649956,838304,172232,5272460,3537.245,485.896,443.905,5486.829,9.998,248.947,4751,4865,1.960,1.600,0.920,1,5,15.997,0,0,11,38,0,10,0
04-05 23:36:14,17.052,5.517,41.627,33.602,0,1682696,802548,172508,5274788,8558.039,487.483,0,7197.900,0,520.584,6696,17509,1.960,1.600,0.920,0,2,61.186,0,0,11,38,0,12,0
04-05 23:36:15,5.214,2.731,52.383,36.991,0,1681720,802324,172640,5275800,5948.362,482.622,0,12635.553,0,994.042,4822,8569,2.280,1.670,0.950,1,2,14.896,0,0,11,38,0,12,0
04-05 23:36:16,6.528,3.013,51.970,36.404,0,1680672,802324,172740,5276736,7330.013,530.243,0,12609.350,0,833.527,4813,8993,2.280,1.670,0.950,0,1,12.051,0,0,11,38,0,12,0
04-05 23:36:17,8.496,2.999,53.725,31.486,0,1678688,802324,172844,5278532,8172.252,485.777,0,10059.387,0,703.677,6050,11111,2.280,1.670,0.950,2,2,20.990,0,0,11,38,0,10,0
04-05 23:36:18,8.493,2.998,48.961,35.722,0,1676984,802592,172976,5279800,7302.191,485.614,0,14300.624,0,978.222,6822,13127,2.280,1.670,0.950,5,1,11.990,0,0,11,38,0,10,0
04-05 23:36:19,7.755,3.502,50.283,36.774,0,1675632,802560,173132,5280988,6203.047,486.317,0,15634.199,0,1008.658,5768,10792,2.280,1.670,0.950,0,3,15.010,0,0,11,38,0,10,0
04-05 23:36:20,5.750,2.500,51.996,35.497,0,1674972,802308,173264,5281728,4451.618,579.950,0,12938.891,0,876.925,5076,9489,2.420,1.710,0.960,1,0,8.999,0,0,11,38,0,10,0
04-05 23:36:21,12.529,5.012,48.111,32.325,0,1625076,850924,173312,5282932,3030.014,487.128,0,5633.039,0,444.028,4718,7467,2.420,1.710,0.960,2,3,50.116,0,0,11,36,0,10,0
04-05 23:36:22,27.020,5.254,37.778,27.771,0,1663468,811580,173400,5283768,10602.864,486.361,0,12096.973,0,812.603,6441,10249,2.420,1.710,0.960,2,1,20.015,0,0,11,36,0,8,0
04-05 23:36:23,16.149,3.478,46.709,30.808,0,1662472,811352,173440,5284920,14128.053,7146.513,0,13495.987,0,851.698,6039,10220,2.420,1.710,0.960,5,2,8.944,0,0,11,37,0,8,0
04-05 23:36:24,18.066,7.026,41.903,31.615,0,1585268,887280,173528,5286024,12306.795,3058.131,0,13175.959,0,830.021,7030,11134,2.420,1.710,0.960,2,2,85.311,0,0,11,38,0,9,0
04-05 23:36:25,23.995,4.499,35.493,33.244,0,1646544,824648,173580,5287288,5683.933,2451.540,0,9002.310,0,696.869,5398,8251,2.630,1.760,0.990,0,2,8.998,0,0,11,39,0,9,0
04-05 23:36:26,21.052,3.759,41.853,30.826,0,1648372,821452,173600,5288588,17185.453,8736.582,0,14684.275,0,974.407,7644,13076,2.630,1.760,0.990,1,4,12.030,0,0,11,39,0,9,0
04-05 23:36:27,17.757,4.252,40.015,35.013,0,1645788,822744,173672,5289772,17729.705,9340.532,0,14333.421,0,925.350,8317,14263,2.630,1.760,0.990,2,5,15.006,0,0,11,39,0,9,0
04-05 23:36:28,24.994,6.498,29.993,36.991,0,1632728,834376,173712,5291092,4361.914,1034.742,0,13392.667,0,840.791,5993,9357,2.630,1.760,0.990,1,2,32.992,0,0,11,38,0,9,0
04-05 23:36:29,20.924,3.487,45.335,27.151,0,1647968,818052,173756,5292064,14621.820,7298.455,0,8365.574,0,618.750,6113,9670,2.630,1.760,0.990,3,1,17.935,0,0,11,39,0,9,0
04-05 23:36:30,21.520,4.504,41.788,30.277,0,1647860,816820,173828,5293296,17295.680,9738.829,0,14901.509,0,952.864,8590,14619,2.820,1.820,1.010,2,3,3.003,0,0,11,39,0,9,0
04-05 23:36:31,20.568,6.271,41.889,28.846,0,1579688,883832,173888,5294348,8528.337,4541.088,0,11421.951,0,723.404,6792,10704,2.820,1.820,1.010,2,3,71.237,0,0,11,38,0,10,0
04-05 23:36:32,25.060,4.466,44.165,24.068,0,1642228,819852,173948,5295724,11197.105,2433.549,0,7820.705,0,630.222,5487,9251,2.820,1.820,1.010,1,2,4.962,0,0,11,39,0,10,0
04-05 23:36:33,19.061,4.264,41.632,33.105,0,1646260,815120,173980,5296376,13182.952,6842.775,0,13872.145,0,1008.208,7974,13511,2.820,1.820,1.010,9,1,2.006,0,0,11,39,0,10,0
04-05 23:36:34,20.505,3.751,46.261,27.007,0,1644400,814616,174024,5298640,21410.291,9518.352,0,14655.622,0,837.207,8237,14166,2.820,1.820,1.010,5,3,15.004,0,0,11,39,0,10,0
04-05 23:36:35,23.769,6.005,38.781,29.524,0,1602280,855348,174196,5299800,10887.783,2580.081,0,10700.632,0,823.664,7031,11370,2.670,1.800,1.010,2,2,42.034,0,0,11,38,0,10,0
04-05 23:36:36,31.554,12.772,30.552,23.791,0,1563556,893196,174348,5300504,12369.232,5527.488,0,13603.351,0,889.527,9047,13060,2.670,1.800,1.010,1,2,214.368,0,0,11,37,0,10,0
04-05 23:36:37,32.287,15.267,34.539,16.519,0,1572624,882732,174472,5301656,20487.344,7496.542,628.716,12382.109,8.009,801.914,9472,16547,2.670,1.800,1.010,1,1,199.227,0,0,11,37,0,10,0
04-05 23:36:38,25.697,12.724,37.174,22.703,0,1516048,937724,174556,5303112,14212.765,8547.418,1536.839,8379.763,32.932,587.791,8608,13311,2.670,1.800,1.010,3,0,219.548,0,0,11,36,0,11,0
04-05 23:36:39,24.446,5.238,39.662,28.437,0,1579480,873240,174616,5304048,4607.769,1236.255,0,10628.401,0,744.347,5233,8493,2.670,1.800,1.010,2,2,2.993,0,0,11,37,0,11,0
04-05 23:36:40,18.579,4.017,51.469,23.601,0,1578472,872760,174704,5305372,16381.762,8547.399,0,9432.167,0,701.989,6970,11239,2.700,1.820,1.020,1,1,0,0,0,11,36,0,12,0
04-05 23:36:41,24.846,6.957,36.523,28.821,0,1616352,833876,174812,5306244,9940.285,483.001,0,14768.310,0,978.922,6428,10586,2.700,1.820,1.020,4,2,36.772,0,0,11,36,0,12,0
04-05 23:36:42,19.344,3.768,49.992,24.870,0,1625452,823736,174876,5307188,17327.785,6465.262,0,10245.540,0,713.450,5648,9052,2.700,1.820,1.020,1,1,1.005,0,0,11,37,0,12,0
04-05 23:36:43,23.970,6.242,45.443,23.221,0,1653908,794028,174924,5308368,8009.899,1312.345,0,5473.098,0,487.385,5633,8327,2.700,1.820,1.020,1,1,65.917,0,0,11,36,0,13,0
04-05 23:36:44,20.913,4.232,42.323,29.128,0,1658032,788664,175000,5309496,10675.387,6226.977,0,12818.431,0,866.379,5858,10114,2.700,1.820,1.020,2,2,0,0,0,11,37,0,13,0
04-05 23:36:45,19.993,6.498,47.233,24.741,0,1625092,820480,175020,5310580,14449.844,5190.148,0,9128.742,0,674.759,6846,10736,2.720,1.840,1.030,2,1,45.984,0,0,11,36,0,14,0
04-05 23:36:46,23.156,4.782,39.265,31.462,0.252,1629912,814540,175048,5311640,10202.836,2468.655,0,10845.170,0,824.563,5178,7977,2.720,1.840,1.030,3,1,0,0,0,11,37,0,14,0
04-05 23:36:47,15.467,3.991,47.647,30.684,0,1619600,824124,175064,5312324,16872.587,8024.682,0,13155.609,0,630.639,6760,11121,2.720,1.840,1.030,1,2,0,0,0,11,37,0,14,0
04-05 23:36:48,11.245,5.248,56.226,24.989,0,1585192,856680,175096,5314052,6952.976,1775.228,0,10991.220,0,718.687,5813,9250,2.720,1.840,1.030,0,1,71.969,0,0,11,36,0,15,0
04-05 23:36:49,3.751,2.501,63.015,27.757,0,1572136,868720,175156,5314980,7162.689,486.115,0,9046.133,0,684.161,4382,8209,2.720,1.840,1.030,0,1,6.001,0,0,11,36,0,15,0
04-05 23:36:50,4.749,2.750,62.743,27.497,0,1558616,881908,175204,5315252,6653.251,485.945,0,10362.834,0,788.911,4911,8955,2.660,1.850,1.040,0,2,11.999,0,0,11,36,0,15,0
04-05 23:36:51,3.999,1.999,59.978,31.239,0,1546584,893208,175240,5315880,6382.657,485.822,0,8137.013,0,582.786,4078,7488,2.660,1.850,1.040,2,1,2.999,0,0,11,36,0,15,0
04-05 23:36:52,5.508,2.754,57.833,31.045,0,1536900,902296,175272,5316436,3987.756,486.703,0,12453.978,0,956.381,4807,8991,2.660,1.850,1.040,1,1,10.014,0,0,11,36,0,15,0
04-05 23:36:53,5.495,1.749,63.447,27.227,0,1529128,909740,175292,5316732,9789.747,485.591,0,8213.076,0,617.479,4062,7386,2.660,1.850,1.040,2,3,5.995,0,0,11,36,0,15,0
04-05 23:36:54,4.989,2.994,56.879,32.431,0,1521084,917520,175340,5316936,5985.224,484.965,0,11263.956,0,812.266,4779,8751,2.660,1.850,1.040,5,0,8.981,0,0,11,36,0,15,0
04-05 23:36:55,3.994,2.246,64.898,26.209,0,1513404,924928,175376,5317168,7794.761,485.238,0,7524.185,0,609.044,4380,8107,2.690,1.870,1.050,7,0,8.986,0,0,11,36,0,15,0
04-05 23:36:56,4.755,3.003,64.062,25.525,0,1507160,931004,175400,5317304,7859.575,486.469,0,11254.848,0,804.776,4762,9081,2.690,1.870,1.050,4,1,9.009,0,0,11,36,0,15,0
04-05 23:36:57,3.760,2.005,60.910,30.329,0,1502332,935192,175408,5317924,10159.608,487.276,0,10439.340,0,721.891,4505,8516,2.690,1.870,1.050,0,2,6.016,0,0,11,36,0,15,0
04-05 23:36:58,4.744,2.746,58.673,30.710,0,1497732,938996,175444,5318664,7823.781,485.366,0,12339.882,0,859.877,4967,8932,2.690,1.870,1.050,3,0,5.992,0,0,11,36,0,15,0
04-05 23:36:59,3.754,2.002,65.815,25.775,0,1494516,941592,175508,5319208,4173.128,486.481,0,4716.666,0,413.409,3805,7002,2.690,1.870,1.050,0,2,9.009,0,0,11,36,0,15,0
04-05 23:37:00,4.001,2.751,59.766,31.008,0,1491216,944568,175588,5319440,4006.065,486.129,0,12127.225,0,854.227,4650,8870,2.720,1.880,1.060,1,1,6.002,0,0,11,36,0,15,0
04-05 23:37:01,4.751,1.750,65.007,25.753,0,1488468,946584,175648,5320100,9833.041,486.051,0,5904.625,0,485.051,3856,7074,2.720,1.880,1.060,2,1,9.001,0,0,11,36,0,15,0
04-05 23:37:02,5.474,2.737,53.995,34.587,0,1485772,949036,175708,5320272,5539.886,483.720,0,14193.096,0,1002.275,4883,8892,2.720,1.880,1.060,2,3,6.967,0,0,11,36,0,15,0
04-05 23:37:03,5.766,2.256,67.182,22.310,0,1484500,950908,175764,5319612,7235.599,487.320,0,5711.471,0,620.681,4912,8975,2.720,1.880,1.060,2,1,3.008,0,0,11,36,0,15,0
04-05 23:37:04,4.509,3.257,62.375,27.555,0,1484292,950908,175816,5319768,9702.497,486.979,0,11831.776,0,870.750,4965,9129,2.720,1.880,1.060,2,1,3.006,0,0,11,36,0,15,0
04-05 23:37:05,6.249,2.750,59.994,27.497,0,1484880,951516,175872,5318516,8703.084,485.949,0,8695.085,0,739.922,6453,12075,2.740,1.900,1.070,2,2,0,0,0,11,36,0,15,0
04-05 23:37:06,4.495,2.996,60.677,29.464,0,1483384,952732,175896,5318764,5112.823,485.414,0,14182.866,0,861.959,4761,9045,2.740,1.900,1.070,0,3,2.996,0,0,11,36,0,15,0
04-05 23:37:07,7.511,2.504,59.085,28.291,0,1482896,952732,175952,5319196,3696.339,486.703,0,9970.402,0,743.073,4571,8220,2.740,1.900,1.070,1,0,6.009,0,0,11,36,0,15,0
04-05 23:37:08,6.749,2.749,60.489,26.745,0,1482524,952732,176000,5319520,6823.731,485.910,0,9774.182,0,770.857,4981,8866,2.740,1.900,1.070,3,0,8.998,0,0,11,36,0,15,0
04-05 23:37:09,4.250,2.500,60.494,30.247,0,1482300,952732,176048,5319696,5940.408,485.952,0,11882.817,0,805.920,4515,8409,2.740,1.900,1.070,1,3,5.999,0,0,11,36,0,15,0
04-05 23:37:10,4.999,1.999,61.484,28.743,0,1481920,952732,176080,5320032,3190.178,485.875,0,9825.468,0,699.820,4263,7857,2.840,1.940,1.080,0,1,5.998,0,0,11,36,0,15,0
04-05 23:37:11,3.741,2.494,60.107,30.427,0,1481656,952732,176088,5320288,7014.264,538.715,0,8771.072,0,692.348,4548,8350,2.840,1.940,1.080,3,3,5.986,0,0,11,36,0,15,0
04-05 23:37:12,6.521,3.260,63.454,23.827,0.251,1481340,952732,176124,5320560,7598.410,433.392,0,11179.916,0,875.814,5662,10429,2.840,1.940,1.080,1,1,10.032,0,0,11,36,0,15,0
04-05 23:37:13,5.004,2.502,62.045,27.520,0,1481920,952732,176144,5319948,9763.130,540.395,0,8910.507,0,772.564,4919,9201,2.840,1.940,1.080,0,1,3.002,0,0,11,36,0,15,0
04-05 23:37:14,5.975,3.237,61.494,26.141,0,1481892,952732,176152,5319964,7381.241,483.983,0,8942.734,0,720.995,5747,10604,2.840,1.940,1.080,3,3,11.950,0,0,11,38,0,15,0
04-05 23:37:15,8.022,4.512,54.398,30.332,0,1469316,965088,176156,5320180,4222.461,529.437,0,13957.887,0,913.480,5836,17456,3.010,1.990,1.100,0,2,33.090,0,0,11,38,0,8,0
04-05 23:37:16,5.500,2.250,63.504,25.751,0,1469208,964836,176172,5320524,7928.445,486.027,0,6500.365,0,586.033,4516,8089,3.010,1.990,1.100,3,0,6.000,0,0,11,38,0,8,0
04-05 23:37:17,6.752,2.501,60.017,27.508,0,1468784,964836,176188,5320928,5370.536,486.139,0,13035.729,0,950.272,5233,9737,3.010,1.990,1.100,4,0,6.002,0,0,11,38,0,8,0
04-05 23:37:18,4.498,2.749,60.724,28.988,0,1468424,964836,176208,5321256,8127.532,485.793,0,14177.950,0,893.619,5868,10790,3.010,1.990,1.100,0,1,5.997,0,0,11,38,0,8,0
04-05 23:37:19,10.004,3.251,59.276,24.761,0,1468516,964332,176248,5321620,7389.179,486.209,0,10240.405,0,870.374,6029,10800,3.010,1.990,1.100,1,1,12.005,0,0,11,38,0,8,0
04-05 23:37:20,9.484,2.745,59.650,24.209,0,1467888,964332,176272,5322212,22213.667,579.027,0,12463.054,0,866.544,6057,10826,2.930,1.990,1.110,2,0,5.990,0,0,11,38,0,8,0
04-05 23:37:21,5.759,3.255,57.341,31.050,0.250,1467660,964332,176272,5322436,9887.772,486.776,0,12503.945,0,875.396,5874,11122,2.930,1.990,1.110,2,1,9.014,0,0,11,38,0,8,0
04-05 23:37:22,8.501,3.000,62.008,24.003,0,1468092,963324,176276,5322992,6085.752,486.060,0,7472.924,0,661.082,4961,8593,2.930,1.990,1.110,4,0,13.002,0,0,11,38,0,8,0
04-05 23:37:23,6.499,2.750,62.990,24.496,0,1467784,963324,176292,5323272,3100.504,485.922,0,11898.096,0,832.867,4784,9000,2.930,1.990,1.110,2,1,5.999,0,0,11,38,0,8,0
04-05 23:37:24,4.992,2.995,60.148,29.201,0,1467636,963072,176316,5323640,8329.883,485.178,0,11260.916,0,805.635,5269,9667,2.930,1.990,1.110,2,0,8.985,0,0,11,38,0,8,0
04-05 23:37:25,6.763,3.256,62.371,25.049,0,1467900,962568,176352,5323836,5618.898,486.944,0,11045.422,0,849.648,5215,9640,3.020,2.020,1.130,0,1,12.023,0,0,11,38,0,8,0
04-05 23:37:26,5.002,2.501,62.528,28.012,0,1467380,962568,176384,5324312,8600.817,486.216,0,10796.791,0,807.358,4700,8727,3.020,2.020,1.130,0,2,6.003,0,0,11,38,0,8,0
04-05 23:37:27,5.742,2.497,62.413,25.714,0,1466816,962568,176400,5324844,7355.716,485.321,0,9370.899,0,767.926,4838,8802,3.020,2.020,1.130,2,0,8.987,0,0,11,38,0,7,0
04-05 23:37:28,4.501,2.750,62.010,28.254,0,1466908,962064,176408,5325232,7196.108,486.075,0,9281.429,0,701.108,4662,8492,3.020,2.020,1.130,2,0,6.001,0,0,11,38,0,7,0
04-05 23:37:29,4.978,2.738,60.985,28.128,0,1466656,961812,176440,5325688,5595.661,483.895,0,11326.734,0,766.665,4985,9003,3.020,2.020,1.130,1,1,2.987,0,0,11,38,0,7,0
04-05 23:37:30,4.756,2.503,62.084,27.036,0,1466468,961308,176472,5326332,4826.498,486.655,0,10474.100,0,795.070,4989,9055,2.940,2.020,1.130,2,1,9.012,0,0,11,38,0,7,0
04-05 23:37:31,5.520,3.011,59.214,29.858,0,1466148,961308,176492,5326624,3489.625,487.765,0,10425.718,0,755.734,4826,9038,2.940,2.020,1.130,2,0,9.033,0,0,11,38,0,6,0
04-05 23:37:32,5.496,2.998,62.209,25.983,0,1464604,961056,176516,5328352,11851.207,485.681,0,11344.540,0,777.489,5638,10234,2.940,2.020,1.130,0,1,12.991,0,0,11,38,0,6,0
04-05 23:37:33,4.500,3.000,61.755,28.002,0,1464460,960804,176528,5328724,4334.327,486.037,0,13557.023,0,896.068,4970,9155,2.940,2.020,1.130,0,1,6.000,0,0,11,38,0,6,0
04-05 23:37:34,5.749,2.500,66.243,22.498,0,1464504,960300,176536,5329168,8752.064,485.948,0,5539.408,0,542.942,4513,7931,2.940,2.020,1.130,0,1,8.999,0,0,11,38,0,6,0
04-05 23:37:35,4.002,2.752,59.787,30.769,0,1464668,959796,176544,5329484,9065.634,486.302,0,9405.845,0,702.437,4397,7852,2.940,2.040,1.140,0,1,3.002,0,0,11,38,0,6,0
04-05 23:37:36,4.000,3.000,61.748,28.499,0,1465024,959040,176564,5329856,10177.598,431.983,0,12271.515,0,907.964,5181,9627,2.940,2.040,1.140,0,1,9.000,0,0,11,38,0,6,0
04-05 23:37:37,4.249,2.999,58.733,30.991,0,1464600,959040,176572,5330264,9965.157,485.861,0,14907.747,0,981.720,5039,9221,2.940,2.040,1.140,1,0,5.998,0,0,11,38,0,6,0
04-05 23:37:38,4.511,3.007,66.159,22.805,0,1465488,958032,176572,5330348,5230.558,487.170,0,7257.424,0,625.502,4453,8128,2.940,2.040,1.140,2,3,15.036,0,0,11,38,0,6,0
04-05 23:37:39,4.241,1.996,64.862,25.945,0,1464964,958032,176580,5330848,9359.160,484.972,0,7312.498,0,635.652,4405,8026,2.940,2.040,1.140,1,2,5.987,0,0,11,38,0,5,0
04-05 23:37:40,4.753,3.002,61.293,28.020,0,1464240,958032,176592,5331532,6211.348,540.378,0,12076.454,0,880.616,5126,9301,2.870,2.040,1.150,2,1,18.013,0,0,11,38,0,5,0
04-05 23:37:41,6.747,2.499,60.221,26.987,0,1463756,957528,176620,5332464,3703.211,485.765,0,9815.258,0,841.593,5436,9656,2.870,2.040,1.150,0,1,29.986,0,0,11,38,0,5,0
04-05 23:37:42,4.743,3.495,56.162,31.950,0,1463460,957528,176624,5332740,9283.393,485.236,0,15232.033,0,993.437,6615,12424,2.870,2.040,1.150,2,1,9.984,0,0,11,38,0,5,0
04-05 23:37:43,9.263,2.504,68.096,18.776,0,1463600,956520,176628,5333584,7261.185,486.683,0,4278.001,0,592.832,5317,9340,2.870,2.040,1.150,0,1,27.038,0,0,11,38,0,5,0
04-05 23:37:44,5.500,3.250,56.504,31.252,0,1463296,956268,176648,5334096,7932.597,486.037,0,14753.110,0,1003.075,5835,10775,2.870,2.040,1.150,0,2,6.000,0,0,11,38,0,3,0
04-05 23:37:45,2.989,2.242,62.019,29.640,0,1463132,956268,176656,5334248,8340.000,484.200,0,11923.680,0,815.967,4639,8504,2.960,2.070,1.160,3,1,8.967,0,0,11,38,0,3,0
04-05 23:37:46,4.518,2.259,68.015,22.588,0.251,1462760,956268,176660,5334612,4053.790,487.900,0,6352.745,0,612.385,4653,8565,2.960,2.070,1.160,0,1,12.047,0,0,11,38,0,3,0
04-05 23:37:47,4.251,2.751,62.519,26.758,0,1462956,955764,176672,5334900,12274.663,486.145,0,12647.775,0,939.280,5379,9729,2.960,2.070,1.160,1,1,6.002,0,0,11,38,0,3,0
04-05 23:37:48,6.499,2.500,60.488,28.494,0,1464936,953496,176684,5335148,9252.195,527.897,0,5790.871,0,534.896,4595,8241,2.960,2.070,1.160,0,1,8.998,0,0,11,38,0,2,0
04-05 23:37:49,4.749,3.249,60.484,28.992,0,1466636,951480,176704,5335444,7160.132,485.873,0,15443.970,0,1019.734,5010,9370,2.960,2.070,1.160,0,1,0,0,0,11,38,0,2,0
04-05 23:37:50,4.750,2.250,60.498,28.999,0,1466416,951480,176712,5335644,9164.720,485.985,0,11715.642,0,826.975,4704,8678,2.960,2.090,1.170,0,1,6.000,0,0,11,38,0,2,0
04-05 23:37:51,8.002,2.751,63.519,23.507,0,1466212,951228,176716,5336068,6160.815,486.143,0,5965.758,0,583.172,4605,8312,2.960,2.090,1.170,0,2,9.003,0,0,11,38,0,2,0
04-05 23:37:52,4.000,2.750,63.251,26.750,0,1467028,951228,176736,5335228,9978.159,486.008,0,11796.187,0,831.013,4931,9240,2.960,2.090,1.170,1,1,1.000,0,0,11,38,0,1,0
04-05 23:37:53,6.498,2.999,57.733,29.991,0,1469304,950220,176736,5333960,6808.002,485.857,0,13771.958,0,970.715,5676,10499,2.960,2.090,1.170,1,0,0,0,0,11,38,0,1,0
04-05 23:37:54,6.015,3.008,65.667,22.808,0,1471592,949716,176748,5332164,5422.827,487.242,0,5498.019,0,621.585,4950,8916,2.960,2.090,1.170,0,1,0,0,0,11,38,0,1,0
04-05 23:37:55,5.231,3.238,58.037,30.139,0,1472576,949716,176756,5331176,8479.881,484.223,0,12924.571,0,907.669,6000,11473,2.960,2.100,1.180,0,1,0,0,0,11,38,0,1,0
04-05 23:37:56,5.507,2.503,63.326,26.031,0,1473676,949716,176760,5330076,5393.433,486.580,0,12118.454,0,850.014,5209,9680,2.960,2.100,1.180,2,2,0,0,0,11,38,0,1,0
04-05 23:37:57,5.252,2.501,65.520,23.507,0,1473332,949716,176764,5330416,8991.738,486.148,0,6305.920,0,573.175,4379,7959,2.960,2.100,1.180,0,1,6.002,0,0,11,38,0,1,0
04-05 23:37:58,4.997,3.248,57.963,30.980,0,1473048,949716,176768,5330696,6281.966,485.688,0,15214.229,0,997.359,5103,9461,2.960,2.100,1.180,0,2,8.994,0,0,11,38,0,1,0
04-05 23:37:59,5.518,2.508,62.205,26.588,0,1472828,949716,176772,5330912,11213.005,487.609,0,12918.634,0,865.858,4904,8787,2.960,2.100,1.180,2,1,6.020,0,0,11,38,0,1,0
04-05 23:38:00,3.989,2.244,64.814,26.175,0,1472652,949716,176784,5331076,9158.767,484.612,0,5436.429,0,526.492,4203,7567,3.050,2.130,1.200,1,2,8.974,0,0,11,38,0,1,0
04-05 23:38:01,4.750,2.250,62.494,27.747,0,1472512,949716,176788,5331212,3146.682,485.951,0,7643.227,0,593.940,4458,8220,3.050,2.130,1.200,0,1,8.999,0,0,11,38,0,1,0
04-05 23:38:02,13.243,8.746,58.221,17.491,0,1350572,1071868,176788,5331000,3650.168,485.756,0,6928.523,0,471.763,4550,5420,3.050,2.130,1.200,4,0,142.928,0,0,11,32,0,3,0
04-05 23:38:03,10.536,24.083,63.217,2.509,0,1345148,1077112,176792,5331176,8419.904,487.674,0,1842.324,0,103.355,6943,6183,3.050,2.130,1.200,2,0,681.339,0,0,11,34,0,4,0
04-05 23:38:04,61.095,11.471,25.685,0.748,0,1527936,893776,176816,5331700,5361.434,484.773,0,1552.073,0,85.783,4657,3327,3.050,2.130,1.200,3,0,124.685,0,0,11,32,0,9,0
04-05 23:38:05,64.760,7.751,22.003,4.751,0,1696384,721940,176936,5334660,7657.212,486.077,0,3748.593,0,140.022,3939,1913,3.120,2.170,1.210,3,0,0,0,0,11,32,0,9,0
04-05 23:38:06,45.690,4.494,31.209,17.477,0,1794548,619908,177044,5338036,6179.835,485.359,0,8237.117,0,326.569,4390,4146,3.120,2.170,1.210,0,5,5.992,0,0,11,38,0,9,0
04-05 23:38:07,10.013,3.254,51.815,32.291,0,1792960,619908,177064,5339564,7595.555,486.612,0,10693.452,0,768.967,5758,9877,3.120,2.170,1.210,3,2,33.042,0,0,11,38,0,9,0
04-05 23:38:08,9.516,2.504,57.597,27.046,0,1791984,619656,177064,5340756,5673.572,486.821,0,13626.990,0,903.524,5468,9533,3.120,2.170,1.210,0,1,30.051,0,0,11,38,0,9,0
04-05 23:38:09,10.975,4.240,47.393,35.669,0,1791860,617892,177064,5342600,3502.075,484.903,0,16191.360,0,1018.695,8678,16885,3.120,2.170,1.210,2,3,20.953,0,0,11,38,0,9,0
04-05 23:38:10,7.509,2.503,53.566,33.041,0,1790624,617388,177080,5344272,4281.252,540.663,0,12603.462,0,862.058,5482,10023,3.110,2.180,1.220,0,2,24.029,0,0,11,38,0,9,0
04-05 23:38:11,5.733,2.991,52.842,35.145,0,1790208,616632,177100,5345396,10813.566,484.547,0,12857.435,0,837.488,6374,12013,3.110,2.180,1.220,4,1,14.955,0,0,11,38,0,9,0
04-05 23:38:12,9.517,3.005,55.347,30.053,0,1790652,614616,177124,5346888,10626.692,486.856,0,6968.257,0,581.022,5266,8918,3.110,2.180,1.220,0,2,40.070,0,0,11,38,0,9,0
04-05 23:38:13,7.751,3.500,54.255,31.253,0,1789804,614364,177132,5347944,9543.894,486.046,0,16025.502,0,1059.099,7414,13618,3.110,2.180,1.220,0,2,27.003,0,0,11,38,0,9,0
04-05 23:38:14,6.756,3.753,55.299,31.778,0,1790312,612600,177144,5349156,8468.506,486.431,0,14713.040,0,931.826,7313,13861,3.110,2.180,1.220,0,3,18.016,0,0,11,38,0,9,0
04-05 23:38:15,11.966,5.484,46.865,32.407,0,1822928,578328,177152,5350700,7687.847,484.604,0,14562.038,0,992.141,7677,22427,3.350,2.240,1.250,7,0,71.793,0,0,11,38,0,10,0
04-05 23:38:16,5.510,2.004,55.602,33.561,0,1818756,581300,177164,5351856,6311.538,528.967,0,10266.768,0,699.278,4576,8411,3.350,2.240,1.250,0,4,21.038,0,0,11,38,0,9,0
04-05 23:38:17,7.757,3.503,49.043,37.282,0,1814360,584204,177180,5353292,4196.657,486.424,0,15877.837,0,999.871,6019,11049,3.350,2.240,1.250,0,3,15.013,0,0,11,38,0,9,0
04-05 23:38:18,6.996,2.998,51.718,35.728,0,1810936,586752,177184,5354144,8121.991,485.700,0,12316.404,0,812.499,5721,10758,3.350,2.240,1.250,1,2,20.987,0,0,11,38,0,9,0
04-05 23:38:19,6.249,2.500,54.740,33.244,0.250,1808168,588708,177196,5354916,6638.823,485.914,0,12825.725,0,898.841,5381,9632,3.350,2.240,1.250,0,2,26.995,0,0,11,38,0,9,0
04-05 23:38:20,6.253,3.001,55.774,32.514,0,1806120,589924,177216,5355704,3830.674,580.254,0,10944.783,0,749.327,5928,11341,3.640,2.320,1.280,0,3,21.009,0,0,11,38,0,9,0
04-05 23:38:21,8.996,2.499,53.725,32.735,0,1803364,591372,177228,5356972,8938.906,485.778,0,8248.222,0,628.712,5039,8693,3.640,2.320,1.280,0,1,32.985,0,0,11,38,0,9,0
04-05 23:38:22,6.761,3.255,55.088,32.302,0,1799684,594052,177240,5357888,5506.800,486.778,0,11490.361,0,816.304,5332,9425,3.640,2.320,1.280,1,2,28.045,0,0,11,38,0,9,0
04-05 23:38:23,5.756,3.253,54.554,33.533,0,1798084,594684,177244,5358824,9421.405,486.486,0,16972.944,0,1046.044,5521,10259,3.640,2.320,1.280,0,3,12.012,0,0,11,38,0,9,0
04-05 23:38:24,5.984,3.241,49.863,38.395,0.249,1796960,594920,177256,5359676,8755.006,484.672,0,12290.317,0,827.732,5500,9997,3.640,2.320,1.280,1,2,8.975,0,0,11,38,0,9,0
04-05 23:38:25,6.751,2.500,56.754,31.502,0,1796140,594920,177260,5360472,5720.445,486.038,0,9764.760,0,725.056,5057,8898,3.590,2.330,1.290,0,3,21.002,0,0,11,38,0,9,0
04-05 23:38:26,4.506,2.253,56.325,34.046,0,1795944,594668,177264,5360904,9664.935,486.651,0,9977.354,0,667.894,4174,7616,3.590,2.330,1.290,1,2,6.008,0,0,11,38,0,9,0
04-05 23:38:27,5.496,3.248,54.211,33.975,0,1796124,593660,177264,5361708,5646.922,485.649,0,13630.157,0,892.356,6592,12478,3.590,2.330,1.290,0,3,11.991,0,0,11,38,0,9,0
04-05 23:38:28,5.747,2.998,52.219,35.229,0,1795672,593408,177268,5362392,3761.748,485.709,0,16206.296,0,998.402,5583,10088,3.590,2.330,1.290,0,3,17.989,0,0,11,38,0,9,0
04-05 23:38:29,10.262,2.253,52.061,32.538,0,1795308,592904,177272,5363228,7877.192,486.568,0,9799.435,0,769.898,5404,9417,3.590,2.330,1.290,2,1,18.021,0,0,11,38,0,9,0
04-05 23:38:30,25.204,7.237,35.685,29.197,0,1697824,689228,177284,5364296,9095.436,485.117,0,13631.176,0,925.315,6728,10842,3.460,2.330,1.290,3,2,84.845,0,0,11,36,0,9,0
04-05 23:38:31,28.521,4.253,33.775,32.023,0,1764836,621188,177288,5365292,8665.295,486.353,0,6580.781,0,477.347,5090,7769,3.460,2.330,1.290,4,2,21.015,0,0,11,36,0,9,0
04-05 23:38:32,25.506,6.251,39.759,26.256,0,1728880,656052,177296,5366352,6542.515,486.113,0,12002.779,0,832.193,6606,10533,3.460,2.330,1.290,0,3,108.025,0,0,11,36,0,9,0
04-05 23:38:33,7.005,2.502,55.289,31.773,0,1720360,662668,177316,5368188,3613.564,486.345,0,13661.694,0,827.587,4898,9160,3.460,2.330,1.290,1,2,24.017,0,0,11,36,0,9,0
04-05 23:38:34,6.503,3.502,54.774,32.764,0,1711716,670228,177320,5369240,11234.901,486.212,0,13085.708,0,864.377,5442,9981,3.460,2.330,1.290,0,2,21.009,0,0,11,36,0,9,0
04-05 23:38:35,4.495,2.247,51.439,37.955,0,1703068,677640,177328,5370428,7614.941,485.423,0,8717.629,0,541.356,4260,7204,3.420,2.340,1.300,1,3,8.989,0,0,11,36,0,9,0
04-05 23:38:36,7.001,2.250,58.257,30.254,0,1695776,683812,177348,5371504,9063.162,486.062,0,9497.218,0,736.094,5172,9145,3.420,2.340,1.300,1,2,27.003,0,0,11,36,0,9,0
04-05 23:38:37,5.499,2.999,48.738,39.240,0,1689616,689164,177360,5372284,5541.656,485.882,0,12093.068,0,775.812,5359,9730,3.420,2.340,1.300,0,3,17.996,0,0,11,36,0,9,0
04-05 23:38:38,4.977,3.484,48.281,40.068,0,1684324,693636,177376,5373036,8757.294,483.806,0,12519.237,0,846.163,5150,9229,3.420,2.340,1.300,1,2,17.919,0,0,11,36,0,9,0
04-05 23:38:39,5.779,3.015,46.485,41.962,0,1678928,697520,177388,5374464,7979.275,488.466,0,9491.910,0,679.429,5403,9701,3.420,2.340,1.300,5,1,6.030,0,0,11,36,0,9,0
04-05 23:38:40,4.753,2.501,58.534,31.769,0,1675100,700592,177392,5375164,4614.701,540.316,0,13099.668,0,772.452,5062,9531,3.470,2.370,1.320,0,2,12.007,0,0,11,36,0,9,0
04-05 23:38:41,6.247,3.498,54.972,32.483,0,1671252,703192,177408,5376336,3081.422,485.751,0,14128.764,0,941.518,5481,9961,3.470,2.370,1.320,0,0,20.989,0,0,11,36,0,9,0
04-05 23:38:42,6.987,2.246,53.897,34.185,0,1667996,705228,177420,5377500,10138.697,485.076,0,8356.091,0,663.736,6456,11733,3.470,2.370,1.320,0,2,21.958,0,0,11,36,0,9,0
04-05 23:38:43,10.234,2.995,56.411,28.954,0,1665864,706968,177420,5377880,10880.824,539.149,0,13259.070,0,882.607,5115,9162,3.470,2.370,1.320,2,2,8.986,0,0,11,36,0,9,0
04-05 23:38:44,7.021,2.758,53.157,34.100,0,1665404,706780,177420,5378480,8366.634,487.435,0,12480.748,0,822.421,4681,8329,3.470,2.370,1.320,3,0,0,0,0,11,36,0,9,0
04-05 23:38:45,5.500,2.500,56.998,32.249,0,1663928,706448,177432,5380232,9789.664,485.983,0,7799.732,0,553.981,4397,7891,3.350,2.360,1.320,0,3,0,0,0,11,36,0,9,0
04-05 23:38:46,4.259,3.006,50.853,39.580,0,1662624,706560,177436,5381396,8387.908,541.091,0,13058.322,0,845.705,5263,9781,3.350,2.360,1.320,1,0,0,0,0,11,36,0,9,0
04-05 23:38:47,3.992,2.994,53.394,37.177,0,1660672,707412,177440,5382464,9542.141,485.041,0,13106.097,0,771.475,4829,9357,3.350,2.360,1.320,0,3,0,0,0,11,36,0,9,0
04-05 23:38:48,4.502,2.501,54.021,35.513,0,1659548,706824,177444,5384124,3250.235,486.185,0,10984.173,0,710.270,4402,8310,3.350,2.360,1.320,1,2,0,0,0,11,36,0,9,0
04-05 23:38:49,4.749,2.500,54.989,34.493,0,1659812,705140,177448,5385472,3090.399,539.895,0,9354.180,0,625.878,5140,9619,3.350,2.360,1.320,0,2,0,0,0,11,36,0,9,0
04-05 23:38:50,5.485,3.241,53.600,35.151,0,1658900,704736,177456,5386744,11546.641,484.642,0,15608.259,0,979.256,5425,10089,3.480,2.400,1.340,4,1,0,0,0,11,36,0,9,0
04-05 23:38:51,5.990,2.496,56.152,32.942,0,1658588,703000,177460,5388672,6064.378,539.056,0,6844.012,0,529.073,4494,7979,3.480,2.400,1.340,1,2,0,0,0,11,36,0,9,0
04-05 23:38:52,5.021,3.013,48.959,38.916,0,1658212,701992,177460,5390020,10156.444,488.088,0,15574.621,0,977.180,5178,9582,3.480,2.400,1.340,0,2,1.004,0,0,11,36,0,9,0
04-05 23:38:53,4.747,2.748,49.716,39.473,0,1658044,700732,177472,5391368,8492.265,485.672,0,14486.218,0,825.443,5189,9784,3.480,2.400,1.340,8,0,0,0,0,11,36,0,9,0
04-05 23:38:54,4.504,2.252,55.805,34.284,0,1657396,700228,177472,5392460,9454.325,540.533,0,10438.296,0,675.666,4338,8224,3.480,2.400,1.340,0,1,6.006,0,0,11,36,0,9,0
04-05 23:38:55,6.247,2.999,56.224,31.736,0.250,1658056,698968,177472,5393008,9306.764,485.779,0,12746.198,0,928.577,5727,10512,3.600,2.450,1.360,0,1,11.995,0,0,11,36,0,9,0
04-05 23:38:56,5.251,3.000,58.258,30.004,0,1658004,698716,177476,5393296,5421.710,540.071,0,13181.727,0,919.120,5558,10537,3.600,2.450,1.360,0,1,9.001,0,0,11,36,0,9,0
04-05 23:38:57,5.250,3.500,54.500,34.500,0,1658796,697960,177480,5393236,8585.989,485.999,0,16595.979,0,1088.999,5294,10019,3.600,2.450,1.360,2,1,6.000,0,0,11,36,0,9,0
04-05 23:38:58,4.749,2.749,58.237,30.743,0,1658764,697456,177480,5393756,5854.661,539.877,0,9089.921,0,733.832,5188,9167,3.600,2.450,1.360,1,1,14.997,0,0,11,36,0,9,0
04-05 23:38:59,5.500,3.000,60.246,28.248,0,1658588,697456,177484,5393928,3675.781,527.969,0,9843.413,0,688.959,7036,13485,3.600,2.450,1.360,0,1,8.999,0,0,11,36,0,9,0
04-05 23:39:00,5.750,2.500,49.003,39.002,0,1658340,697204,177484,5394412,8702.521,540.032,0,12936.774,0,864.052,5092,9097,3.640,2.470,1.370,1,0,12.001,0,0,11,36,0,9,0
04-05 23:39:01,8.000,2.750,60.997,27.249,0,1660436,694432,177488,5395072,8141.609,485.977,0,6431.691,0,488.977,6101,11295,3.640,2.470,1.370,0,2,9.000,0,0,11,36,0,9,0
04-05 23:39:02,4.751,2.751,55.262,33.007,0,1660076,694432,177488,5395412,8335.797,540.116,0,13562.924,0,887.191,5046,9400,3.640,2.470,1.370,0,2,10.002,0,0,11,36,0,9,0
04-05 23:39:03,7.001,2.500,55.511,32.256,0,1659792,694180,177488,5395940,7216.401,540.105,0,12538.435,0,831.161,4974,8852,3.640,2.470,1.370,0,1,15.003,0,0,11,36,0,9,0
04-05 23:39:04,6.748,3.249,52.983,34.739,0,1659920,693424,177488,5396560,3314.917,539.824,0,16126.733,0,1068.651,5422,10038,3.640,2.470,1.370,0,2,11.996,0,0,11,36,0,9,0
04-05 23:39:05,16.046,2.507,54.657,25.072,0,1659632,692920,177488,5397332,12734.490,487.397,0,8789.185,0,681.954,5377,8887,3.590,2.480,1.380,1,1,21.060,0,0,11,34,0,1,0
04-05 23:39:06,13.001,3.750,52.002,28.251,0,1510784,841624,177496,5397460,8318.353,540.023,0,9848.418,0,712.030,4353,7061,3.590,2.480,1.380,2,1,46.002,0,0,11,32,0,1,0
04-05 23:39:07,17.708,10.724,65.843,5.736,0,1404704,947676,177496,5397488,7345.433,484.840,0,3751.029,0,215.485,3912,3505,3.590,2.480,1.380,1,0,211.494,0,0,11,32,0,1,0
04-05 23:39:08,22.181,3.738,67.291,5.732,0,1473752,878628,177496,5397488,3572.924,538.331,0,3154.222,0,200.379,2239,2169,3.590,2.480,1.380,2,1,0.997,0,0,11,32,0,1,0
04-05 23:39:09,21.828,3.513,72.259,0.753,0,1451064,901308,177496,5397496,8977.138,487.746,0,802.874,0,50.180,2642,2152,3.590,2.480,1.380,1,0,29.104,0,0,11,32,0,1,0
04-05 23:39:10,22.482,3.247,73.690,0,0,1520612,831756,177496,5397500,4300.527,539.564,0,43.964,0,4.996,1748,1370,3.380,2.460,1.380,1,0,0.999,0,0,11,32,0,1,0
04-05 23:39:11,22.254,3.251,67.762,6.001,0,1567448,784912,177496,5397508,9081.660,486.089,0,2116.387,0,124.023,2365,2380,3.380,2.460,1.380,1,1,2.000,0,0,11,34,0,1,0
04-05 23:39:12,17.300,24.822,46.134,10.781,0,1511672,840648,177504,5397536,3449.989,541.568,0,7794.568,0,403.167,7136,7683,3.380,2.460,1.380,2,0,804.329,0,0,11,32,0,1,0
04-05 23:39:13,9.489,26.220,61.929,1.498,0,1495460,856808,177504,5397588,8074.770,485.445,0,303.653,0,26.969,6959,6068,3.380,2.460,1.380,2,0,780.108,0,0,11,32,0,1,0
04-05 23:39:14,8.507,20.016,69.054,0.751,0,1482840,869328,177504,5397680,6036.724,540.423,0,372.291,0,58.045,6415,5292,3.380,2.460,1.380,1,0,544.426,0,0,11,32,0,1,0
04-05 23:39:15,16.006,22.258,60.521,0,0,1455456,896652,177504,5398152,9523.274,486.167,0,56.019,0,13.004,7196,18593,3.190,2.430,1.380,2,0,500.172,0,0,11,32,0,2,0
04-05 23:39:16,31.490,13.746,54.234,0,0,1497424,854528,177516,5398200,7148.838,539.837,0,7.998,0,1.999,5191,5661,3.190,2.430,1.380,3,0,191.942,0,0,11,33,0,2,0
04-05 23:39:17,43.121,7.228,48.604,0,0,1600572,751268,177516,5398424,8650.053,538.385,0,39.880,0,0.997,2819,1466,3.190,2.430,1.380,2,0,0,0,0,11,33,0,2,0
04-05 23:39:18,43.126,4.764,49.144,2.758,0,1659104,692420,177532,5398704,11141.638,541.587,104.306,730.139,1.003,37.109,3765,3140,3.190,2.430,1.380,2,0,19.056,0,0,11,49,0,1,0
04-05 23:39:19,36.755,8.501,48.007,5.001,0,1693548,653680,177588,5402540,4918.669,540.074,0,5392.734,0,399.054,6430,9757,3.190,2.430,1.380,3,0,157.021,0,0,11,48,0,1,0
04-05 23:39:20,16.965,16.217,65.615,0.249,0,1682544,664612,177596,5402908,17433.117,632.698,0,934.077,0,7.984,7245,8684,2.930,2.390,1.370,1,0,308.365,0,0,11,48,0,1,0
04-05 23:39:21,2.498,2.248,93.673,0.500,0,1679580,667532,177596,5402568,7827.531,485.599,0,623.485,0,74.938,1507,1888,2.930,2.390,1.370,0,0,28.976,0,0,11,48,0,1,0
04-05 23:39:22,1.000,0.500,97.748,0.250,0,1675824,671288,177596,5402568,7454.847,539.989,0,319.993,0,22.000,912,1313,2.930,2.390,1.370,0,0,4.000,0,0,11,48,0,1,0
04-05 23:39:23,0.500,0.750,98.484,0,0,1673060,674052,177596,5402568,7668.738,485.920,0,35.994,0,3.999,778,1019,2.930,2.390,1.370,1,0,3.000,0,0,11,48,0,1,0
04-05 23:39:24,0.500,0,98.006,0,0,1670644,676468,177596,5402568,5695.343,540.033,0,0,0,0,674,982,2.930,2.390,1.370,0,0,1.000,0,0,11,48,0,1,0
04-05 23:39:25,11.028,8.772,79.453,0.251,0,1661056,686088,177596,5403012,8909.758,487.245,0,545.393,0,91.233,4351,5158,2.780,2.370,1.370,2,0,201.515,0,0,11,48,0,1,0
04-05 23:39:26,13.999,14.499,69.745,0,0,1717944,629040,177596,5402708,6229.543,539.960,0,19.999,0,5.000,4869,6191,2.780,2.370,1.370,1,0,249.982,0,0,11,48,0,1,0
04-05 23:39:27,17.013,17.513,64.298,0,0,1702328,644472,177596,5403228,5742.315,778.585,0,0,0,0,6953,8298,2.780,2.370,1.370,4,0,361.271,0,0,12,48,0,1,0
04-05 23:39:28,11.461,9.468,76.737,0.997,0,1712120,634672,177600,5402892,4037.179,484.342,0,570.049,0,43.850,3990,5161,2.780,2.370,1.370,0,0,249.147,0,0,12,64,0,1,0
04-05 23:39:29,10.004,11.004,78.280,0,0,1702048,644664,177600,5403272,8199.128,540.206,0,0,0,0,4432,5164,2.780,2.370,1.370,1,0,203.077,0,0,14,66,0,1,0
04-05 23:39:30,13.022,15.777,69.620,0,0,1704928,641728,177600,5402960,8269.275,540.934,0,52.090,0,8.014,6290,7228,2.630,2.350,1.370,2,0,340.588,0,0,14,66,0,2,0
04-05 23:39:31,11.737,19.978,67.674,0,0,1681720,664880,177604,5403448,7852.237,539.398,0,31.964,0,7.991,7514,7679,2.630,2.350,1.370,17,0,519.420,0,0,14,66,0,2,0
04-05 23:39:32,25.001,16.501,57.253,0,0,1732600,613980,177616,5403016,7886.374,570.027,0,400.019,0,9.000,6139,6534,2.630,2.350,1.370,2,0,358.017,0,0,14,66,0,2,0
04-05 23:39:33,30.033,24.777,45.049,0.250,0,1799624,546876,177640,5403068,9477.376,540.592,0,528.579,0,8.009,7127,6211,2.630,2.350,1.370,2,0,690.756,0,0,14,66,0,2,0
04-05 23:39:34,30.499,23.500,44.249,0,0,1871496,473344,177696,5404568,6596.879,539.990,8.000,71.999,1.000,15.000,7172,9123,2.630,2.350,1.370,3,0,574.989,0,0,14,70,0,4,0
04-05 23:39:35,48.321,19.278,31.797,0,0,1938156,406492,177696,5405068,4811.058,540.793,0,24.035,0,6.009,5686,8094,2.580,2.340,1.370,5,0,291.428,0,0,14,70,0,4,0
04-05 23:39:36,65.021,21.674,12.456,0,0,2098340,245956,177708,5405820,9740.661,484.293,0,502.229,0,9.965,6323,6752,2.580,2.340,1.370,5,0,489.275,0,0,14,70,0,4,0
04-05 23:39:37,67.808,22.769,9.508,0,0,2213692,129368,177788,5406692,10421.850,630.535,0,588.500,0,56.048,6219,8005,2.580,2.340,1.370,5,0,433.368,0,0,14,70,0,4,0
04-05 23:39:38,70.089,19.954,3.741,5.986,0,2315904,214868,171108,5229224,5041.384,484.883,626.556,3707.458,82.809,85.802,7425,9716,2.580,2.340,1.370,13,0,354.184,0,0,14,74,0,4,0
04-05 23:39:39,50.726,21.847,8.287,17.578,0,2449200,181512,169944,5133444,11938.118,542.413,5846.011,5974.583,293.305,356.587,8775,11065,2.580,2.340,1.370,5,1,422.882,0,0,14,76,0,4,0
04-05 23:39:40,49.103,18.104,17.360,14.880,0,2562404,146104,169400,5058256,10777.891,482.104,31.743,12427.558,2.976,411.673,7244,11437,2.940,2.420,1.400,5,2,306.523,0,0,14,76,0,4,0
04-05 23:39:41,59.755,13.111,12.102,14.876,0,2664096,170616,168584,4935400,7651.729,544.607,1734.674,12981.818,81.691,398.370,8545,11406,2.940,2.420,1.400,2,1,141.194,0,0,14,79,0,4,0
04-05 23:39:42,57.930,6.742,22.972,11.486,0,2758604,148056,168400,4865212,6696.935,485.415,103.875,3823.396,7.990,223.731,5454,7488,2.940,2.420,1.400,6,0,8.989,0,0,14,81,0,6,0
04-05 23:39:43,58.007,21.753,17.752,2.500,0,2871356,174392,168416,4729440,3683.474,540.069,180.023,1416.182,13.002,79.010,9432,21198,2.940,2.420,1.400,3,0,504.065,0,0,14,95,0,13,0
04-05 23:39:44,23.194,19.952,52.873,2.993,0,2897944,145988,168420,4731396,9708.712,484.837,15.962,1065.444,0.998,54.868,8243,11356,2.940,2.420,1.400,2,0,404.031,0,0,14,97,0,16,0
04-05 23:39:45,35.240,12.746,43.487,6.998,0,2964040,142320,168428,4670220,8357.548,539.842,3231.052,4662.632,85.975,63.981,5384,6324,2.780,2.390,1.400,3,1,193.943,0,0,14,98,0,16,0
04-05 23:39:46,41.845,6.014,34.328,17.289,0,3055048,182592,168448,4541688,5346.147,487.107,280.638,14529.012,25.057,809.840,4181,3385,2.780,2.390,1.400,1,1,3.007,0,0,14,102,0,16,0
04-05 23:39:47,8.997,18.744,67.728,3.749,0,3077748,159964,168448,4541668,9457.873,629.792,0,1115.631,0,77.974,6067,5247,2.780,2.390,1.400,2,0,359.881,0,0,14,101,0,16,0
04-05 23:39:48,7.254,20.010,71.286,0.250,0,3087608,150072,168448,4541700,5965.034,486.247,0,136.069,0,14.007,5828,4533,2.780,2.390,1.400,1,0,367.187,0,0,14,101,0,16,0
04-05 23:39:49,12.721,14.218,71.089,0.249,0,3109860,195036,168448,4476108,7920.094,538.782,766.268,107.756,32.926,4.989,4585,3559,2.780,2.390,1.400,1,0,260.411,0,0,14,101,0,16,0
04-05 23:39:50,18.450,2.493,78.536,0,0,3152316,152488,168448,4476200,11928.500,6182.156,7.978,0,0.997,0,1791,1503,2.640,2.370,1.390,1,0,0,0,0,14,102,0,16,0
04-05 23:39:51,19.807,5.015,74.215,0.251,0,3110660,194104,168452,4476236,22778.872,17481.553,4.012,324.940,1.003,23.067,2889,2744,2.640,2.370,1.390,1,0,63.183,0,0,14,103,0,17,0
04-05 23:39:52,19.036,3.507,75.394,1.252,0,3153744,151024,168452,4476248,12562.925,6017.460,0,2360.495,0,296.565,2531,2257,2.640,2.370,1.390,0,0,3.006,0,0,14,108,0,17,0
04-05 23:39:53,20.758,3.001,72.029,3.001,0,3155864,148292,168464,4476832,10223.055,1494.593,224.089,1036.411,9.004,101.040,2988,3639,2.640,2.370,1.390,4,0,3.001,0,0,14,116,0,17,0
04-05 23:39:54,31.480,6.496,51.218,9.744,0,3237996,131412,168464,4413084,8229.853,485.696,79.950,2118.675,4.997,204.872,5853,8040,2.640,2.370,1.390,3,1,4.997,0,0,14,119,0,18,0
04-05 23:39:55,24.722,7.242,60.931,6.243,0,3227608,141780,168464,4413104,9291.471,1681.095,0,974.895,0,78.911,3408,3511,2.590,2.360,1.400,2,0,110.874,0,0,14,118,0,19,0
04-05 23:39:56,18.233,1.998,76.429,1.499,0,3249756,119604,168464,4413132,18312.933,6874.593,0,2157.989,0,43.959,2217,2109,2.590,2.360,1.400,1,0,0,0,0,14,119,0,19,0
04-05 23:39:57,19.259,4.752,69.782,5.002,0,3245008,188208,168464,4350824,7554.440,2615.191,100.046,3245.478,9.004,238.108,4110,5866,2.590,2.360,1.400,1,0,3.001,0,0,14,123,0,19,0
04-05 23:39:58,42.090,9.771,47.601,0.501,0,3322216,175644,168472,4287984,6511.878,1683.588,16.034,1106.358,2.004,86.184,4635,4441,2.590,2.360,1.400,2,0,101.216,0,0,14,124,0,20,0
04-05 23:39:59,32.415,4.488,61.589,0.748,0,3382588,178556,168472,4226304,26092.829,22952.035,0,638.332,0,33.911,2503,1731,2.590,2.360,1.400,1,0,0,0,0,14,124,0,20,1
04-05 23:40:00,20.935,5.483,72.525,0.498,0,3426720,134412,168472,4226316,8408.932,550.294,0,538.331,0,31.901,2418,1828,2.460,2.340,1.400,3,0,54.830,0,0,14,124,0,21,0
04-05 23:40:01,17.842,2.262,78.657,0.251,0,3359500,201628,168472,4226320,29456.417,23264.377,0,486.517,0,32.166,1953,1587,2.460,2.340,1.400,4,0,5.026,0,0,14,124,0,22,0
04-05 23:40:02,20.957,4.491,72.603,0.249,0,3420852,140248,168472,4226348,7185.409,485.015,7.984,119.757,1.996,12.974,2347,1869,2.460,2.340,1.400,1,0,46.905,0,0,14,124,0,22,0
04-05 23:40:03,15.174,2.736,78.854,2.736,0,3419772,141228,168472,4226448,14569.891,8119.259,51.740,1389.030,3.980,132.336,2928,3616,2.460,2.340,1.400,5,0,0,0,0,14,124,0,23,0
04-05 23:40:04,26.372,7.033,64.801,0.251,0,3421920,138756,168472,4226772,8045.370,488.268,0,558.595,0,37.173,4410,5956,2.460,2.340,1.400,3,0,86.401,0,0,14,126,0,23,0
04-05 23:40:05,18.026,2.754,78.363,0.250,0,3351416,209252,168472,4226780,30340.693,23057.204,0,524.756,0,38.055,2206,1963,2.340,2.320,1.390,2,0,6.009,0,0,14,126,0,24,0
04-05 23:40:06,21.279,5.257,73.351,0,0,3411268,149388,168472,4226792,3736.151,540.746,0,60.083,0,7.010,2344,1780,2.340,2.320,1.390,1,0,49.068,0,0,14,126,0,24,0
04-05 23:40:07,14.215,1.995,78.557,3.242,0,3410660,149868,168472,4226920,9739.085,7120.515,0,1264.894,0,109.731,2920,3904,2.340,2.320,1.390,4,0,0,0,0,14,127,0,24,0
04-05 23:40:08,23.513,5.003,63.036,7.504,0,3333576,226668,168476,4227200,9344.326,1781.015,68.039,2417.378,9.005,250.143,6304,9545,2.340,2.320,1.390,2,0,12.007,0,0,14,127,0,26,0
04-05 23:40:09,22.303,5.513,70.669,0.501,0,3405048,154984,168476,4227412,5208.429,487.163,12.029,749.789,1.002,46.110,2656,2705,2.340,2.320,1.390,2,0,44.105,0,0,14,127,0,26,0
04-05 23:40:10,13.458,1.745,80.746,2.492,0,3408376,151576,168476,4227492,17867.783,10538.842,0,681.855,0,41.868,2092,2158,2.160,2.280,1.390,2,0,0,0,0,14,128,0,26,0
04-05 23:40:11,26.801,5.511,63.371,3.006,0,3409612,150280,168480,4227548,6068.607,486.931,0,1470.813,0,154.295,5600,8109,2.160,2.280,1.390,2,0,0,0,0,14,128,0,26,0
04-05 23:40:12,27.817,6.457,60.353,4.222,0,3372232,249684,168480,4167008,9712.064,1396.805,0,4681.183,0,399.371,5274,6613,2.160,2.280,1.390,2,0,79.477,0,0,14,131,0,27,0
04-05 23:40:13,15.334,1.760,79.936,1.760,0,3387832,234060,168480,4167032,16273.776,8955.856,24.132,699.818,3.016,53.291,2230,2359,2.160,2.280,1.390,3,0,0,0,0,14,132,0,27,0
04-05 23:40:14,19.236,8.494,63.955,6.995,0,3361960,259808,168480,4167156,5136.367,1739.769,0,3933.218,0,259.816,4979,6464,2.160,2.280,1.390,1,1,146.896,0,0,14,131,0,28,0
04-05 23:40:15,23.507,5.252,66.770,4.001,0,3419604,202076,168480,4167228,13984.279,6240.910,24.007,1408.431,2.001,74.023,3008,9969,2.060,2.260,1.380,1,0,36.011,0,0,14,132,0,28,0
04-05 23:40:16,15.998,2.750,76.242,3.000,0,3420404,201068,168484,4167432,14488.399,6382.295,47.995,1775.804,3.000,77.991,3851,5020,2.060,2.260,1.380,1,0,0,0,0,14,132,0,28,0
04-05 23:40:17,30.830,7.770,58.401,2.256,0,3427968,193308,168484,4167596,3987.289,487.257,32.083,1856.792,2.005,187.484,8877,14053,2.060,2.260,1.380,5,0,4.010,0,0,14,134,0,28,0
04-05 23:40:18,34.513,12.505,47.267,4.252,0,3427408,193732,168488,4167680,9927.650,2542.935,0,1808.665,0,164.060,10596,16052,2.060,2.260,1.380,2,0,286.105,0,0,14,133,0,29,0
04-05 23:40:19,20.001,3.000,76.004,0.500,0,3459156,161560,168488,4168104,13405.676,6449.325,0,612.031,0,33.002,2154,2272,2.060,2.260,1.380,2,0,0,0,0,14,134,0,29,0
04-05 23:40:20,14.464,12.718,71.071,0.249,0,3377832,242848,168488,4168140,10648.154,2296.211,0,574.551,0,33.914,4822,3969,1.980,2.240,1.380,1,0,266.329,0,0,14,133,0,30,0
04-05 23:40:21,10.275,20.549,65.657,2.255,0,3340260,280384,168488,4168520,7308.465,487.164,0,681.629,0,41.098,6633,6054,1.980,2.240,1.380,5,0,406.973,0,0,14,133,0,30,0
04-05 23:40:22,23.727,16.484,58.194,0.500,0,3380480,240144,168488,4168196,3365.785,539.485,0,1318.740,0,77.926,6001,6661,1.980,2.240,1.380,2,0,294.718,0,0,14,133,0,30,2
04-05 23:40:23,31.220,22.728,44.457,0.500,0,3438152,182408,168488,4168264,10407.034,555.468,39.962,175.832,4.995,22.978,7007,6092,1.980,2.240,1.380,4,0,550.473,0,0,14,133,0,30,2
04-05 23:40:24,37.646,17.203,42.383,1.745,0,3510276,171124,168508,4109208,6117.117,538.514,27.923,598.349,1.994,30.915,7425,10632,1.980,2.240,1.380,4,0,342.056,0,0,16,139,0,30,2
04-05 23:40:25,55.503,28.002,14.501,1.250,0,3664988,159916,168516,3967748,8008.492,486.030,112.007,744.046,9.001,50.003,8095,12695,2.060,2.250,1.390,3,0,617.038,0,0,16,145,0,30,2
04-05 23:40:26,61.409,18.297,20.303,0,0,3788668,133256,168516,3872116,4203.905,541.404,68.177,637.654,7.018,41.107,8743,15570,2.060,2.250,1.390,3,0,305.793,0,0,16,161,0,30,2
04-05 23:40:27,36.510,22.006,39.511,1.000,0,3863168,154948,168516,3777436,8554.368,486.135,8.002,1148.318,2.001,88.024,7594,6544,2.060,2.250,1.390,3,0,633.175,0,0,16,161,0,30,2
04-05 23:40:28,23.058,19.048,57.644,0.501,0,3874300,143676,168520,3777912,8215.558,631.580,0,653.636,0,41.103,7449,8491,2.060,2.250,1.390,2,0,380.953,0,0,17,161,0,30,2
04-05 23:40:29,26.997,20.248,50.495,0.500,0,3927960,144124,168520,3724748,3106.702,485.953,4.000,119.988,1.000,7.999,6309,6749,2.060,2.250,1.390,4,0,469.955,0,0,17,161,0,30,2
04-05 23:40:30,37.595,18.175,42.574,0.498,0,3995936,124808,168524,3677728,3730.612,537.782,11.951,422.258,2.988,33.860,6681,8892,2.050,2.250,1.390,1,0,379.435,0,0,17,167,0,31,2
04-05 23:40:31,30.328,23.059,45.868,0.752,0,4058824,154556,168524,3586712,8440.750,557.436,16.041,344.889,1.003,17.044,7428,7446,2.050,2.250,1.390,4,0,613.581,0,0,17,167,0,30,2
04-05 23:40:32,36.161,24.190,31.173,5.736,0,4170732,155944,168532,3475980,8992.824,538.672,11.970,774.091,2.993,44.889,12131,19862,2.050,2.250,1.390,0,3,631.443,0,0,17,179,0,30,2
04-05 23:40:33,8.784,17.317,60.736,12.047,0,4186120,140496,168532,3476368,7259.183,487.894,8.031,5413.015,2.008,169.659,6104,6346,2.050,2.250,1.390,5,0,340.321,0,0,17,181,0,30,2
04-05 23:40:34,28.606,14.925,54.724,0.995,0,4234288,132908,168532,3436144,9238.436,537.292,71.639,561.172,0.995,22.885,6747,8897,2.050,2.250,1.390,3,0,258.696,0,0,17,187,0,30,2
04-05 23:40:35,44.297,6.757,46.299,1.752,0,4363940,124068,168532,3318296,8912.389,486.513,856.903,400.422,14.015,28.030,3264,2087,2.130,2.260,1.400,2,0,1.001,0,0,17,187,0,30,2
04-05 23:40:36,38.477,6.746,51.470,3.248,0,4458992,134628,168652,3215408,11176.463,539.684,263.846,471.724,15.991,40.976,3337,2769,2.130,2.260,1.400,1,0,17.989,0,0,17,208,0,28,2
04-05 23:40:37,30.134,20.843,46.206,1.758,0.251,4398732,194120,168660,3216184,4117.367,488.178,932.158,751.352,12.054,53.237,6680,6635,2.130,2.260,1.400,4,0,558.491,0,0,17,207,0,29,2
04-05 23:40:38,30.695,24.456,38.680,5.490,0,4428608,163820,168664,3217084,11743.800,8534.594,91.834,13595.458,3.993,892.389,7411,7757,2.130,2.260,1.400,4,0,478.137,0,0,17,213,0,30,2
04-05 23:40:39,54.606,16.955,26.181,1.247,0,4484660,147768,168680,3177552,9931.735,1247.700,698.154,478.734,14.960,48.871,6854,8365,2.130,2.260,1.400,5,0,226.401,0,0,17,212,0,31,2
04-05 23:40:40,58.445,12.040,20.820,7.776,0,4623708,170120,168688,3020872,16116.869,8433.187,911.045,1075.595,19.064,37.124,4717,4081,2.440,2.320,1.430,5,0,32.107,0,0,17,223,0,31,2
04-05 23:40:41,46.847,8.722,23.424,19.935,0,4610888,177868,168712,3025996,11734.711,3576.331,3500.578,1467.213,192.372,63.792,5127,4898,2.440,2.320,1.430,4,0,26.912,0,0,17,228,0,33,2
04-05 23:40:42,53.109,9.018,20.041,17.285,0,4682784,141964,168780,2991076,13873.370,6265.813,3402.959,5627.508,290.594,120.246,6150,7016,2.440,2.320,1.430,4,0,26.053,0,0,17,231,0,37,2
04-05 23:40:43,29.534,24.322,40.454,4.964,0,4643972,204656,168788,2967900,13333.588,5626.891,166.782,11456.303,9.927,162.811,8374,9969,2.440,2.320,1.430,3,2,563.880,0,0,17,229,0,38,2
04-05 23:40:44,43.636,17.806,31.097,6.270,0,4707672,138668,168788,2970180,14268.580,6272.598,276.865,2158.745,19.060,102.320,6789,10238,2.440,2.320,1.430,4,0,296.928,0,0,17,230,0,28,2
04-05 23:40:45,49.307,26.531,20.774,2.002,0,4697060,231908,168788,2889608,10622.357,5674.602,60.070,1541.794,5.006,92.107,7762,8738,2.570,2.350,1.440,4,0,567.660,0,0,17,231,0,29,0
04-05 23:40:46,60.549,18.592,17.838,1.759,0,4804616,120876,169152,2892724,10416.495,2518.450,1515.492,333.649,72.358,14.070,7007,10891,2.570,2.350,1.440,8,0,269.331,0,0,17,234,0,32,0
04-05 23:40:47,50.893,26.195,21.455,0.499,0,4874784,149900,169156,2795136,15375.558,9530.890,183.613,2243.267,5.987,75.840,8029,9857,2.570,2.350,1.440,7,0,528.884,0,0,17,239,0,33,0
04-05 23:40:48,60.150,18.797,16.792,3.509,0,4894012,127272,169168,2798584,5139.829,541.351,641.601,970.422,35.088,58.145,8165,13362,2.570,2.350,1.440,6,0,273.683,0,0,17,247,0,33,0
04-05 23:40:49,63.388,14.974,19.715,1.747,0,5027592,142116,169176,2654000,16232.371,10476.522,642.866,574.986,11.979,37.933,8785,12568,2.570,2.350,1.440,8,0,112.801,0,0,17,248,0,34,0
04-05 23:40:50,55.450,8.742,31.222,3.497,0,5067560,152008,169180,2605164,15423.102,8113.689,723.348,991.107,45.959,50.954,6427,8556,2.600,2.360,1.450,5,0,13.987,0,0,17,253,0,36,0
04-05 23:40:51,54.347,8.265,32.809,3.506,0,5139416,140928,169184,2546064,19046.151,10914.571,1602.874,717.286,55.099,68.122,5698,6731,2.600,2.360,1.450,4,0,14.025,0,0,17,258,0,40,0
04-05 23:40:52,46.906,26.198,23.204,3.244,0,5072696,205084,169332,2548600,11269.428,3413.164,3441.108,1695.604,48.902,88.822,7842,8033,2.600,2.360,1.450,5,0,575.847,0,0,17,257,0,40,0
04-05 23:40:53,47.306,22.527,28.284,1.251,0,5122140,154436,169444,2550004,16365.531,9635.499,1453.735,836.999,23.027,59.070,8303,10601,2.600,2.360,1.450,2,1,383.458,0,0,17,258,0,40,0
04-05 23:40:54,71.020,16.254,11.253,1.000,0.250,5137528,166404,169452,2523508,11226.106,2282.632,796.220,1040.288,10.003,47.013,6241,5609,2.600,2.360,1.450,4,0,175.048,0,0,18,262,0,41,0
04-05 23:40:55,71.050,11.508,8.506,8.256,0,5284192,130148,169452,2417644,13507.465,8290.810,3354.351,848.595,174.122,56.039,5750,5084,2.710,2.390,1.460,4,0,14.010,0,0,18,269,0,41,0
04-05 23:40:56,71.713,10.458,12.948,3.984,0,5304396,155068,169484,2374116,8915.359,3570.725,1733.072,2390.444,66.733,197.212,6861,7353,2.710,2.390,1.460,6,0,21.912,0,0,18,272,0,40,0
04-05 23:40:57,40.683,13.310,44.199,1.256,0,5343668,137704,169488,2352812,15032.769,7268.768,823.713,719.242,10.045,51.231,5491,6203,2.710,2.390,1.460,2,0,220.996,0,0,18,277,0,42,0
04-05 23:40:58,34.496,7.749,51.494,4.749,0,5291172,190104,169496,2352900,19105.679,7641.072,519.937,2727.669,5.999,294.964,4228,3889,2.710,2.390,1.460,4,0,14.998,0,0,18,279,0,43,0
04-05 23:40:59,42.000,13.000,39.750,4.250,0,5361484,126376,169496,2347124,16561186.470,160321.804,3087.977,5539.959,34.000,417.997,11924,8209,2.710,2.390,1.460,3,0,144.999,0,0,18,281,0,43,0
04-05 23:41:00,45.005,11.251,42.254,0.750,0,5336004,182656,169496,2317212,11034.126,5737.585,528.054,1052.107,5.001,67.007,4645,4212,2.740,2.400,1.470,3,0,129.013,0,0,18,280,0,42,0
04-05 23:41:01,34.349,3.983,59.240,1.245,0,5397772,120732,169496,2317372,16721.638,11942.605,0,613.309,0,58.742,3470,3408,2.740,2.400,1.470,3,0,2.987,0,0,18,292,0,43,0
04-05 23:41:02,24.946,2.994,61.118,8.981,0,5390688,158388,169496,2287660,161288.381,5920318.151,463.002,3923.544,26.942,116.748,5451,6452,2.740,2.400,1.470,1,0,2.994,0,0,18,290,0,46,0
04-05 23:41:03,5.517,3.511,89.778,0.251,0,5366252,182808,169496,2287688,4703688.919,10578490.416,0,457.417,0,26.081,4338,3084,2.740,2.400,1.470,4,0,37.115,0,0,18,295,0,46,0
04-05 23:41:04,20.477,3.496,66.424,6.742,0,5356392,176256,169512,2304052,12115754.155,85280.317,111.872,12229.991,6.992,133.847,9336,9915,2.740,2.400,1.470,1,0,0.999,0,0,18,293,0,45,0
04-05 23:41:05,12.799,15.308,58.472,13.050,0,5288792,243728,169512,2304180,7478.444,2224.461,28.107,13688.062,2.008,1037.948,6610,5675,2.600,2.380,1.470,1,0,466.775,0,0,18,292,0,47,0
04-05 23:41:06,23.486,3.248,70.459,1.499,0,5343040,189480,169512,2304180,8059.277,485.715,0,595.651,0,37.978,2397,2005,2.600,2.380,1.470,3,0,10.994,0,0,18,292,0,47,0
04-05 23:41:07,8.004,19.761,70.038,1.251,0,5319896,212580,169512,2304224,6935.722,486.261,0,1544.829,0,85.046,6031,4990,2.600,2.380,1.470,2,0,363.195,0,0,18,292,0,47,0
04-05 23:41:08,6.474,13.446,78.186,0.498,0,5318608,213828,169516,2304260,4907.317,484.059,0,748.996,0,35.856,4615,4278,2.600,2.380,1.470,0,0,293.822,0,0,18,292,0,45,0
04-05 23:41:09,10.254,2.501,83.786,2.001,0,5338612,193548,169516,2304536,3322.412,528.225,188.080,1668.709,11.005,9.004,1999,2945,2.600,2.380,1.470,1,0,9.004,0,0,18,292,0,45,0
04-05 23:41:10,19.506,2.751,77.274,0.250,0,5372872,159128,169516,2304696,13751.242,6200.913,0,92.028,0,13.004,2039,1773,2.470,2.350,1.470,1,0,2.001,0,0,18,297,0,45,0
04-05 23:41:11,13.994,9.746,73.218,1.249,0,5291884,239988,169520,2304804,8930.061,3705.366,75.966,0,6.997,0,3985,3298,2.470,2.350,1.470,2,0,133.941,0,0,18,300,0,46,0
04-05 23:41:12,11.289,16.808,70.492,0.251,0,5280560,251000,169520,2305100,7268.970,487.675,0,232.800,0,24.083,5764,4642,2.470,2.350,1.470,2,0,233.803,0,0,18,300,0,44,0
04-05 23:41:13,12.207,15.943,70.251,0.249,0,5274876,256536,169520,2305200,7725.606,484.283,3.986,637.739,0.996,30.890,5543,4526,2.470,2.350,1.470,1,0,234.170,0,0,18,300,0,44,0
04-05 23:41:14,24.763,3.752,68.787,1.751,0,5343544,187548,169520,2305520,7395.991,486.262,16.009,3870.088,1.001,39.021,2989,3357,2.470,2.350,1.470,1,1,2.001,0,0,18,302,0,44,0
04-05 23:41:15,27.090,5.017,58.945,8.528,0,5413384,145964,169520,2278208,6344.973,487.612,577.910,11112.733,23.076,50.166,3391,14249,2.350,2.330,1.460,1,0,41.136,0,0,18,308,0,45,0
04-05 23:41:16,23.651,2.241,70.205,2.738,0,5350592,208712,169524,2278232,4355.695,483.966,23.900,537.740,3.983,36.845,2254,2049,2.350,2.330,1.460,1,0,4.979,0,0,18,304,0,43,0
04-05 23:41:17,22.747,3.999,72.740,0.250,0,5396956,162344,169524,2278236,4685.332,485.931,0,47.993,0,6.999,2133,1717,2.350,2.330,1.460,1,0,3.000,0,0,18,304,0,43,0
04-05 23:41:18,10.761,2.002,84.590,0.751,0,5400356,158796,169524,2278384,28489.152,19283.409,0,400.424,0,37.039,2609,3011,2.350,2.330,1.460,4,0,2.002,0,0,18,313,0,44,0
04-05 23:41:19,24.479,4.496,69.690,0,0,5340468,218572,169524,2278496,7823.220,737.361,0,0,0,0,2650,2404,2.350,2.330,1.460,1,0,14.987,0,0,18,306,0,45,0
04-05 23:41:20,24.231,1.749,72.692,0.250,0.250,5335308,223604,169524,2278624,21841.505,579.536,0,67.946,0,3.997,2035,1390,2.240,2.310,1.460,1,0,0,0,0,18,306,0,45,0
04-05 23:41:21,8.001,20.001,69.755,1.500,0,5329756,229016,169528,2278764,7337.522,486.035,412.029,400.028,9.001,21.001,5885,4968,2.240,2.310,1.460,2,0,411.029,0,0,18,306,0,43,0
04-05 23:41:22,18.528,8.763,70.355,1.001,0,5356288,202272,169664,2278840,10836.156,486.726,164.245,172.257,7.010,7.010,3795,3251,2.240,2.310,1.460,1,0,190.284,0,0,18,306,0,43,0
04-05 23:41:23,18.980,2.997,76.421,0.999,0,5349660,203804,170220,2283268,12639.990,2767.152,123.872,747.231,3.996,15.984,1968,1602,2.240,2.310,1.460,1,0,15.984,0,0,18,306,0,43,0
04-05 23:41:24,22.256,4.001,71.768,1.250,0,5335396,216092,170304,2285144,9354.323,1758.437,64.016,736.183,3.001,30.007,2760,3376,2.240,2.310,1.460,0,0,19.005,0,0,18,307,0,43,0
04-05 23:41:25,20.445,2.743,73.553,1.995,0,5335352,210400,170828,2290228,11765.507,2256.959,0,1049.192,0,21.941,6779,11644,2.140,2.290,1.460,2,0,5.984,0,0,18,306,0,43,0
04-05 23:41:26,18.063,3.763,76.518,1.004,0,5320668,224356,170884,2290884,14194.727,3505.280,4.014,409.434,1.004,7.025,5964,9713,2.140,2.290,1.460,2,0,9.032,0,0,18,307,0,43,0
04-05 23:41:27,21.642,6.468,68.408,0.995,0,5332160,212648,170932,2291052,5179.091,483.581,0,533.332,0,13.930,10450,19067,2.140,2.290,1.460,3,0,18.905,0,0,18,307,0,43,0
04-05 23:41:28,16.146,11.857,66.855,4.037,0,5300676,253944,171020,2281164,10359.827,666.032,100.914,1897.182,7.064,89.813,4995,5129,2.140,2.290,1.460,2,0,250.267,0,0,18,306,0,43,0
04-05 23:41:29,24.647,3.734,70.954,0,0,5343896,210364,171020,2281524,9767.309,483.984,0,16865.737,0,111.535,2546,2552,2.140,2.290,1.460,1,0,21.909,0,0,18,306,0,43,0
04-05 23:41:30,16.996,1.999,79.480,0.500,0,5351504,202444,171020,2281836,19522.048,10750.273,111.972,0,6.998,0,2158,1902,2.050,2.260,1.450,1,0,0,0,0,18,306,0,46,0
04-05 23:41:31,19.005,8.752,67.769,3.501,0,5315064,238872,171020,2281848,6595.883,486.139,0,3949.127,0,505.144,3532,2596,2.050,2.260,1.450,1,0,116.033,0,0,18,306,0,46,0
04-05 23:41:32,18.246,2.250,76.985,1.500,0,5336976,216960,171020,2281848,59717.137,9108.191,0,159.968,0,7.998,2137,1887,2.050,2.260,1.450,1,0,1.000,0,0,18,306,0,47,0
04-05 23:41:33,20.638,6.465,67.882,3.978,0,5378832,175096,171020,2281856,79368.480,483.378,0,1221.375,0,98.466,3044,2417,2.050,2.260,1.450,4,0,71.612,0,0,18,306,0,46,0
04-05 23:41:34,20.019,2.753,75.572,1.251,0,5388152,165420,171020,2282212,23496.504,13524.953,112.107,380.364,7.007,30.029,2965,3909,2.050,2.260,1.450,2,0,2.002,0,0,18,306,0,47,0
04-05 23:41:35,20.840,5.273,71.811,0.502,0,5385840,167676,171020,2282268,4886.142,530.295,0,140.608,0,13.056,2473,1965,1.970,2.240,1.450,1,0,56.243,0,0,18,306,0,47,0
04-05 23:41:36,17.506,4.252,77.529,0.250,0,5365968,187464,171020,2282352,22568.361,10710.968,60.022,0,4.001,0,2749,2383,1.970,2.240,1.450,1,0,33.012,0,0,18,306,0,50,0
04-05 23:41:37,23.987,4.248,70.962,0,0,5398104,155304,171020,2282376,12192.515,1172.376,0,147.921,0,14.992,2554,2290,1.970,2.240,1.450,0,0,2.998,0,0,18,309,0,49,0
04-05 23:41:38,15.998,2.750,78.489,1.250,0,5392804,160540,171020,2282440,22084.946,10760.512,31.996,667.908,2.000,68.990,3154,3783,1.970,2.240,1.450,1,0,7.999,0,0,18,310,0,50,0
04-05 23:41:39,23.011,6.003,70.284,0,0,5372496,180736,171020,2282552,11020.324,486.235,0,508.246,0,15.007,2669,3330,1.970,2.240,1.450,1,0,47.023,0,0,18,310,0,50,0
04-05 23:41:40,16.556,3.763,79.018,0,0,5354768,198452,171020,2282564,15439.357,10743.432,0,228.776,0,15.051,2363,2129,1.810,2.210,1.440,1,0,26.088,0,0,18,310,0,53,0
04-05 23:41:41,21.421,3.736,71.735,1.744,0,5369436,183784,171020,2282564,8679.970,1168.687,0,203.250,0,16.937,2125,1762,1.810,2.210,1.440,0,0,5.978,0,0,18,311,0,49,0
04-05 23:41:42,13.008,1.501,81.551,2.502,0,5370280,182920,171020,2282584,22730.336,10770.793,0,496.313,0,48.030,2451,2912,1.810,2.210,1.440,1,0,1.001,0,0,18,310,0,50,0
04-05 23:41:43,7.742,8.491,78.667,4.246,0,5293628,258348,171560,2283268,15295.811,2878.953,1122.812,403.573,250.735,29.968,3763,4027,1.810,2.210,1.440,0,0,180.809,0,0,18,314,0,50,0
04-05 23:41:44,4.513,6.519,87.005,0.501,0,5295420,256092,171560,2283732,20266.306,1850.415,32.094,665.949,2.006,37.109,2992,4342,1.810,2.210,1.440,1,0,119.349,0,0,18,312,0,51,0
04-05 23:41:45,3.982,5.475,89.349,0,0,5307324,244176,171560,2283744,14497.967,3929.374,0,199.107,0,9.955,2208,2089,1.660,2.170,1.440,4,0,78.647,0,0,18,312,0,47,0
04-05 23:41:46,14.440,8.714,69.961,5.975,0,5330588,214148,171564,2290492,10955.720,484.000,231.045,1055.637,14.938,31.868,3438,3008,1.660,2.170,1.440,3,0,139.424,0,0,18,312,0,47,0
04-05 23:41:47,22.627,2.766,70.144,3.268,0,5337528,202764,171572,2294848,6554.797,984.527,8.045,3238.178,2.011,378.123,2614,2074,1.660,2.170,1.440,1,0,17.096,0,0,18,313,0,47,0
04-05 23:41:48,16.290,2.506,79.948,1.002,0,5338548,198508,171572,2298052,15920.415,4501.144,0,1030.551,0,51.127,2141,2180,1.660,2.170,1.440,2,0,3.007,0,0,18,312,0,47,0
04-05 23:41:49,8.735,12.729,68.885,7.238,0,5309328,224668,171604,2301064,8554.747,485.192,994.343,3118.804,20.965,99.834,5428,5770,1.660,2.170,1.440,1,0,268.553,0,0,18,312,0,40,0
04-05 23:41:50,21.975,4.245,72.918,0.250,0,5379380,154612,171604,2301068,7934.061,485.453,0,83.905,0,2.997,2087,1765,1.610,2.150,1.430,2,0,31.964,0,0,18,312,0,40,0
04-05 23:41:51,17.228,3.995,78.648,0,0,5366960,167004,171604,2301096,32441.879,22994.146,0,19.974,0,3.995,2584,2132,1.610,2.150,1.430,1,0,46.939,0,0,18,312,0,42,0
04-05 23:41:52,21.894,3.732,72.897,0,0,5428728,137404,171604,2269616,11163.915,1936.618,0,382.149,0,57.720,2241,1932,1.610,2.150,1.430,1,0,1.990,0,0,18,313,0,42,0
04-05 23:41:53,17.699,3.793,77.621,0.506,0,5385948,180180,171604,2269624,17775.473,7969.431,0,88.999,0,9.102,2439,2156,1.610,2.150,1.430,2,0,15.170,0,0,18,314,0,36,0
04-05 23:41:54,20.640,2.984,73.111,0.995,0,5436404,129476,171604,2269868,8910.605,2855.810,0,433.693,0,23.873,2676,2999,1.610,2.150,1.430,1,0,0,0,0,18,315,0,36,0
04-05 23:41:55,16.082,2.764,72.119,8.795,0,5427928,136316,171604,2271504,8262.254,4729.186,1608.225,2235.432,54.278,168.864,3889,5532,1.560,2.130,1.430,4,0,2.010,0,0,18,317,0,37,0
04-05 23:41:56,19.000,4.500,67.749,7.250,0,5387156,176276,171604,2272316,5107.926,1724.975,767.989,1943.972,43.999,160.998,3792,4901,1.560,2.130,1.430,1,0,5.000,0,0,18,316,0,38,0
04-05 23:41:57,19.169,1.992,76.675,0.249,0,5409880,153548,171604,2272320,13912.077,6238.577,0,406.279,0,26.886,2107,1945,1.560,2.130,1.430,1,0,0,0,0,18,317,0,34,0
04-05 23:41:58,25.047,6.011,62.868,5.009,0,5405308,157836,171604,2272604,10631.957,4379.220,352.662,1286.415,6.011,144.271,5028,6933,1.560,2.130,1.430,4,1,5.009,0,0,18,317,0,34,0
04-05 23:41:59,31.825,21.801,44.604,0.501,0,5321344,241688,171604,2272716,9253.673,1758.118,769.803,858.010,6.014,63.148,7397,7978,1.560,2.130,1.430,1,0,682.599,0,0,18,316,0,35,0
04-05 23:42:00,9.007,22.767,67.049,0.500,0,5313444,249408,171604,2272896,8426.155,486.355,0,2385.743,0,52.038,6976,6256,1.600,2.130,1.430,1,0,637.466,0,0,18,316,0,35,0
04-05 23:42:01,8.733,22.207,64.624,3.493,0,5317864,244944,171604,2272940,8276.912,485.057,0,1924.260,0,115.775,7066,6494,1.600,2.130,1.430,2,2,644.747,0,0,18,316,0,35,0
04-05 23:42:02,7.250,23.499,66.496,1.250,0,5303716,259056,171604,2272976,9123.480,485.972,0,839.952,0,55.997,7056,6343,1.600,2.130,1.430,1,0,651.963,0,0,18,316,0,31,0
04-05 23:42:03,8.734,21.211,66.378,2.745,0,5284832,277908,171604,2273008,5683.521,485.106,0,3058.361,0,421.223,7368,6629,1.600,2.130,1.430,2,0,649.802,0,0,18,316,0,31,0
04-05 23:42:04,10.730,19.464,67.126,0,0,5296492,266112,171604,2273144,9179.996,485.101,0,954.232,0,13.974,6734,6702,1.600,2.130,1.430,1,0,536.007,0,0,18,316,0,31,0
04-05 23:42:05,19.184,6.478,71.254,2.741,0,5328556,333112,171840,2184744,5615.644,484.331,3.986,3499.936,0.997,110.619,2572,2184,1.550,2.110,1.430,2,0,42.852,0,0,18,316,0,31,0
04-05 23:42:06,19.563,2.759,76.748,0.502,0,5350080,308420,171840,2187908,8938.927,2501.094,16.052,0,3.010,0,1952,1603,1.550,2.110,1.430,1,0,16.052,0,0,18,317,0,26,0
04-05 23:42:07,12.935,1.741,78.856,5.473,0,5364524,293048,171840,2188844,22618.966,10802.019,788.062,1850.751,48.756,41.791,1788,1685,1.550,2.110,1.430,1,0,0,0,0,18,317,0,26,0
04-05 23:42:08,12.813,1.005,78.388,5.779,0,5371748,284984,171840,2189680,24301.366,12342.131,422.091,2351.648,46.229,111.553,2319,2876,1.550,2.110,1.430,1,1,0,0,0,18,317,0,26,0
04-05 23:42:09,16.508,2.001,74.286,5.753,0,5394372,261044,171840,2190992,19640.507,8352.043,1044.506,1128.546,47.023,45.022,2315,3108,1.550,2.110,1.430,0,1,0,0,0,18,317,0,26,0
04-05 23:42:10,15.403,1.739,78.756,3.727,0,5412328,241640,171840,2192436,21585.636,10631.331,977.868,1371.400,42.732,37.763,1825,1688,1.500,2.090,1.430,3,0,0,0,0,18,317,0,26,0
04-05 23:42:11,11.375,2.275,77.094,8.847,0,5408468,217700,171840,2220232,14132.768,6689.254,11958.962,934.231,139.528,31.343,1761,1800,1.500,2.090,1.430,1,0,0,0,0,18,317,0,26,0
04-05 23:42:12,20.175,1.744,70.986,5.729,0,5410840,203864,171944,2231316,8048.018,484.196,0,2183.864,0,77.711,2364,2413,1.500,2.090,1.430,1,0,1.993,0,0,18,317,0,26,0
04-05 23:42:13,22.746,2.250,70.987,2.500,0,5418540,179936,172192,2247084,9369.333,485.914,0,1615.713,0,58.990,2559,2634,1.500,2.090,1.430,2,0,0,0,0,18,317,0,26,0
04-05 23:42:14,21.237,2.998,70.956,4.247,0,5437500,141896,172484,2265596,4808.043,485.701,0,1491.083,0,59.963,2466,2642,1.500,2.090,1.430,1,0,0,0,0,18,317,0,25,0
04-05 23:42:15,17.739,2.998,72.204,6.746,0,5425972,141656,172740,2276900,8624.481,485.689,0,2538.376,0,103.933,2432,2370,1.460,2.070,1.430,5,0,5.996,0,0,18,317,0,25,0
04-05 23:42:16,24.787,4.256,66.100,2.754,0,5418220,144892,173312,2281684,5921.947,486.735,0,1838.778,0,66.100,3090,9241,1.460,2.070,1.430,2,0,30.045,0,0,18,317,0,26,0
04-05 23:42:17,22.160,1.992,72.953,2.490,0,5381360,193288,173648,2269652,10883.716,657.325,0,1227.008,0,43.822,2213,1830,1.460,2.070,1.430,2,0,1.992,0,0,18,316,0,26,0
04-05 23:42:18,18.813,3.763,73.998,2.759,0,5396044,177676,173668,2270568,10968.794,2604.737,32.108,2616.778,1.003,274.922,2844,2869,1.460,2.070,1.430,1,0,33.111,0,0,18,317,0,25,0
04-05 23:42:19,23.765,3.502,71.044,0.250,0,5374448,194152,173744,2275564,4303.665,1153.714,0,840.520,0,7.004,2477,3290,1.460,2.070,1.430,1,0,19.012,0,0,18,317,0,25,0
04-05 23:42:20,12.750,2.500,73.500,9.250,0,5360032,202908,174120,2280704,14566.923,3201.983,0,14283.925,0,140.999,2019,1973,1.590,2.090,1.440,1,0,2.000,0,0,18,316,0,25,0
04-05 23:42:21,22.560,6.267,69.685,0.501,0,5354748,207636,174180,2281200,5553.760,487.295,0,1604.263,0,10.027,11223,21048,1.590,2.090,1.440,3,0,17.045,0,0,18,316,0,25,0
04-05 23:42:22,20.937,5.484,69.043,3.240,0.249,5346680,215552,174224,2281288,7044.927,554.342,0,546.366,0,4.985,7581,13543,1.590,2.090,1.440,0,2,15.952,0,0,18,316,0,23,0
04-05 23:42:23,21.491,4.498,71.470,1.249,0,5325944,247568,174232,2270044,9799.835,485.794,0,1755.254,0,24.989,3013,2766,1.590,2.090,1.440,1,0,53.977,0,0,18,316,0,23,0
04-05 23:42:24,24.689,4.489,68.829,0,0,5362844,210552,174232,2270160,11003.738,1018.477,0,0,0,0,10712,19607,1.590,2.090,1.440,1,0,36.909,0,0,18,317,0,23,0
04-05 23:42:25,19.315,2.508,77.010,1.254,0,5363760,204004,174232,2275792,10623.925,2284.726,0,907.067,0,9.031,1880,1620,1.460,2.050,1.430,1,0,2.007,0,0,18,316,0,23,0
04-05 23:42:26,17.246,2.999,77.482,1.500,0,5367768,193736,174288,2281964,12789.952,3360.199,0,1183.718,0,18.995,2004,1838,1.460,2.050,1.430,2,0,17.996,0,0,18,317,0,23,0
04-05 23:42:27,23.054,6.014,69.412,0.501,0,5354268,207720,174320,2281432,3184.423,661.542,0,437.019,0,12.028,10926,19745,1.460,2.050,1.430,2,0,18.042,0,0,18,316,0,23,0
04-05 23:42:28,21.700,6.735,68.344,0.998,0,5342876,226548,174352,2273964,8483.622,538.769,31.927,1496.582,0.998,91.790,11677,21049,1.460,2.050,1.430,1,0,14.966,0,0,18,316,0,23,0
04-05 23:42:29,25.254,3.501,69.510,0.250,0,5331448,241612,174352,2270392,4831.722,486.073,0,448.067,0,6.001,2602,2885,1.460,2.050,1.430,1,0,22.003,0,0,18,316,0,23,0
04-05 23:42:30,19.993,6.248,69.976,2.749,0,5341996,224156,174352,2277300,8259.141,485.832,0,1599.446,0,25.991,3418,3258,1.340,2.020,1.420,2,0,96.966,0,0,18,316,0,23,0
04-05 23:42:31,23.499,3.000,71.748,1.250,0,5345004,217172,174356,2281256,6060.830,978.973,0,731.979,0,9.000,2224,1795,1.340,2.020,1.420,1,0,16.000,0,0,18,317,0,23,0
04-05 23:42:32,12.500,1.750,82.998,2.500,0,5359956,202048,174356,2281408,28053.441,12105.759,0,1275.975,0,43.999,1665,1704,1.340,2.020,1.420,0,1,1.000,0,0,18,317,0,23,0
04-05 23:42:33,7.002,0.750,87.023,3.501,0,5359392,202252,174368,2281752,44649.989,9388.521,0,1140.306,0,35.009,1428,1586,1.340,2.020,1.420,1,0,0,0,0,18,318,0,23,0
04-05 23:42:34,12.032,1.755,80.963,4.763,0,5362564,198704,174368,2282128,132313.554,11844.201,0,2831.459,0,256.676,2060,2505,1.340,2.020,1.420,1,0,2.005,0,0,18,318,0,19,0
04-05 23:42:35,15.886,0.745,79.431,2.482,0,5366316,194672,174396,2282364,25762.558,11379.531,0,1199.413,0,38.723,1695,1516,1.310,2,1.420,1,0,0,0,0,18,318,0,19,0
04-05 23:42:36,13.055,1.757,71.049,12.553,0,5385988,174764,174460,2282592,22334.921,6915.079,0,19048.099,0,373.571,2413,2236,1.310,2,1.420,0,0,0,0,0,18,318,0,19,0
04-05 23:42:37,7.750,2.500,83.750,5.250,0,5385960,174260,174624,2282996,323392.786,15942.088,0,3828.021,0,191.001,2302,2874,1.310,2,1.420,0,1,0,0,0,18,318,0,19,0
04-05 23:42:38,9.998,2.500,78.986,6.749,0,5385704,173756,174892,2283484,104755.877,16969.064,59.990,3315.426,4.999,169.971,2601,3166,1.310,2,1.420,1,0,5.999,0,0,18,318,0,15,0
04-05 23:42:39,13.750,3.000,79.247,2.000,0,5400012,148832,174984,2293972,859567.878,26115.054,103.996,995.964,6.000,31.999,3349,3726,1.310,2,1.420,0,0,4.000,0,0,18,318,0,15,0
04-05 23:42:40,5.751,2.750,76.260,13.002,0.250,5398676,138556,175016,2305536,4251828.112,48438.187,0,5580.713,0,34.004,3701,3087,1.370,2,1.420,1,1,3.000,0,0,18,318,0,17,0
04-05 23:42:41,7.751,1.750,85.511,2.250,0,5395452,123992,175076,2323232,10979232.078,100055.370,0,1496.200,0,50.007,5446,4239,1.370,2,1.420,0,1,3.000,0,0,18,318,0,17,0
04-05 23:42:42,4.250,2.750,83.253,8.750,0,5396032,131632,175140,2315656,1757252.001,14462.543,164.006,12548.471,4.000,63.002,2093,2298,1.370,2,1.420,0,0,2.000,0,0,18,318,0,17,0
04-05 23:42:43,17.323,1.506,73.057,7.281,0,5394708,126544,175452,2321684,304015.193,3971.712,0,2205.279,0,104.439,2559,2548,1.370,2,1.420,2,0,1.004,0,0,18,318,0,12,0
04-05 23:42:44,21.165,2.988,70.219,3.486,0,5388408,134940,178608,2316220,9581.718,484.066,0,3713.165,0,69.721,2449,2798,1.370,2,1.420,1,0,0,0,0,18,318,0,12,0
04-05 23:42:45,20.794,2.505,72.655,3.006,0,5392572,132284,179000,2314068,4716.052,487.038,0,2898.177,0,262.560,2321,1995,1.340,1.980,1.420,1,0,0,0,0,18,318,0,12,0
04-05 23:42:46,19.713,3.244,71.367,4.741,0,5412044,132940,179608,2293296,9455.424,485.098,0,2044.200,0,88.835,2402,2295,1.340,1.980,1.420,1,0,0,0,0,18,318,0,12,0
04-05 23:42:47,10.743,2.998,66.205,19.736,0,5406508,132504,179916,2298848,6988.203,485.667,0,22352.656,0,205.859,2275,2475,1.340,1.980,1.420,1,1,0,0,0,18,318,0,10,0
04-05 23:42:48,11.779,4.511,55.639,26.566,0,5405104,129468,180308,2303080,7904.709,487.215,144.360,25912.609,7.017,196.490,2566,2908,1.340,1.980,1.420,1,1,1.002,0,0,18,318,0,10,0
04-05 23:42:49,7.455,2.734,64.860,24.354,0,5404968,127704,180428,2304804,9510.800,483.095,0,18516.637,0,190.852,2321,3296,1.340,1.980,1.420,1,3,0,0,0,18,318,0,10,0
04-05 23:42:50,6.274,2.008,67.503,23.086,0,5404908,125212,180560,2307052,2953.062,487.827,0,23034.287,0,150.564,1696,1981,1.390,1.980,1.420,0,4,0,0,0,18,318,0,10,0
04-05 23:42:51,20.079,2.259,69.522,7.278,0,5409292,132652,181008,2294244,10447.893,487.910,0,1907.466,0,55.216,2271,2060,1.390,1.980,1.420,1,0,0,0,0,18,318,0,10,0
04-05 23:42:52,21.827,2.232,71.929,2.232,0,5413844,130304,182296,2290280,10064.084,482.171,0,1670.733,0,19.842,2197,1886,1.390,1.980,1.420,2,0,0.992,0,0,18,318,0,10,0
04-05 23:42:53,19.338,2.260,72.581,4.521,0,5410716,134992,183136,2287600,5272.073,488.229,0,1928.807,0,72.330,2160,2062,1.390,1.980,1.420,1,0,0,0,0,18,318,0,10,0
04-05 23:42:54,16.250,3.250,73.748,5.500,0,5412864,155324,183764,2263400,14290.632,3014.922,0,1723.956,0,60.998,2536,3116,1.390,1.980,1.420,1,0,0,0,0,18,316,0,10,0
04-05 23:42:55,23.742,2.999,72.976,0,0,5351848,216436,183784,2263312,5405.217,485.840,0,27.991,0,1.999,2163,1617,1.360,1.970,1.420,2,0,18.994,0,0,18,316,0,6,0
04-05 23:42:56,16.501,2.250,76.753,3.000,0,5365952,196836,183840,2268592,14721.604,2770.114,0,1628.067,0,11.000,2062,1827,1.360,1.970,1.420,1,0,17.001,0,0,18,316,0,6,0
04-05 23:42:57,17.752,3.250,76.507,2.000,0,5366008,196136,183848,2269060,17489.496,3493.299,0,616.053,0,19.002,2152,1940,1.360,1.970,1.420,2,0,18.002,0,0,18,317,0,6,0
04-05 23:42:58,29.360,7.779,57.967,3.011,0,5389352,166276,184076,2274476,7309.360,662.480,433.623,1798.733,12.045,74.278,11719,20059,1.360,1.970,1.420,3,0,19.071,0,0,18,316,0,6,0
04-05 23:42:59,42.760,10.503,43.761,2.501,0,5406140,148856,184132,2274968,8537.085,582.142,768.188,2620.640,6.001,25.006,12891,21385,1.360,1.970,1.420,1,0,20.005,0,0,18,316,0,3,0
04-05 23:43:00,20.421,5.479,71.475,0.996,0,5401720,152984,184168,2275192,8268.169,484.136,0,1729.342,0,236.091,2580,2051,1.330,1.950,1.420,2,0,6.973,0,0,18,316,0,3,0
04-05 23:43:01,20.247,4.249,67.489,7.249,0,5387020,179104,184172,2264716,7625.804,485.924,351.945,13073.949,8.999,164.974,2500,2142,1.330,1.950,1.420,0,1,5.999,0,0,18,316,0,3,0
04-05 23:43:02,19.261,3.502,67.539,8.255,0,5403340,160408,184176,2267056,5763.288,486.277,336.192,2457.402,17.010,88.050,3313,4470,1.330,1.950,1.420,1,0,2.001,0,0,18,317,0,6,0
04-05 23:43:03,18.730,4.495,63.432,11.737,0,5395160,167824,184176,2267820,7457.045,485.482,607.352,1546.350,36.961,172.816,6223,9861,1.330,1.950,1.420,0,1,0.999,0,0,18,319,0,11,0
04-05 23:43:04,13.781,15.034,66.399,3.758,0,5318980,243592,184176,2268232,5350.007,487.093,176.396,1667.743,4.009,150.337,6662,7818,1.330,1.950,1.420,1,0,356.801,0,0,18,318,0,11,0
04-05 23:43:05,10.982,8.486,68.136,10.482,0,5318504,238560,184176,2273732,3976.322,485.185,5370.980,499.162,640.924,14.975,3568,3684,1.310,1.930,1.410,1,0,92.844,0,0,18,318,0,13,0
04-05 23:43:06,5.748,2.499,69.226,20.993,0,5300672,233772,184180,2296340,3081.913,485.829,22560.043,1419.499,947.666,48.983,3014,3979,1.310,1.930,1.410,1,3,0,0,0,18,318,0,13,0
04-05 23:43:07,2.987,2.240,54.262,38.332,0,5303260,220724,184184,2307152,8104.512,483.881,10848.497,16901.990,1028.496,465.960,3020,4280,1.310,1.930,1.410,2,0,0,0,0,18,318,0,13,0
04-05 23:43:08,6.027,2.511,85.628,4.520,0,5311240,208152,184184,2311744,9038.934,1507.661,4600.324,1225.414,870.847,38.169,2690,3964,1.310,1.930,1.410,0,0,6.027,0,0,18,319,0,13,0
04-05 23:43:09,4.001,1.000,93.275,0,0,5311900,207396,184184,2311840,50139.535,3960.069,0,84.023,0,10.003,1755,2667,1.310,1.930,1.410,0,0,0,0,0,18,319,0,13,0
04-05 23:43:10,7.524,12.039,76.747,3.762,0,5292804,225936,184196,2312416,14415.391,1582.091,308.994,742.389,14.045,12.039,4053,3486,1.360,1.940,1.420,1,0,260.839,0,0,18,318,0,14,0
04-05 23:43:11,7.716,19.912,70.440,0,0,5299740,218964,184196,2312452,7882.271,483.868,0,35.842,0,3.982,6839,6124,1.360,1.940,1.420,5,0,558.539,0,0,18,318,0,14,0
04-05 23:43:12,7.270,20.306,69.945,0,0,5293860,224812,184196,2312484,6193.231,487.356,0,88.246,0,9.025,6877,6352,1.360,1.940,1.420,1,1,582.621,0,0,18,318,0,14,0
04-05 23:43:13,8.494,21.736,67.705,1.749,0,5300584,218024,184196,2312532,5390.434,527.651,19.987,475.685,0.999,42.972,7736,8026,1.360,1.940,1.420,3,0,762.496,0,0,18,318,0,14,0
04-05 23:43:14,15.017,4.505,69.578,9.260,0,5317164,143500,184344,2370312,6309.084,486.546,57864.975,180.202,482.542,21.024,3205,3948,1.360,1.940,1.420,1,0,57.064,0,0,18,318,0,14,0
04-05 23:43:15,6.485,2.494,87.044,2.494,0,5327888,132464,184484,2370484,10469.203,1135.311,311.263,3.991,9.976,0.998,2257,2280,1.330,1.920,1.420,0,0,26.936,0,0,18,319,0,14,0
04-05 23:43:16,6.499,3.749,85.982,2.999,0,5294024,194272,184484,2342896,119688.178,4115.147,0,3127.351,0,405.916,3009,9786,1.330,1.920,1.420,0,0,35.993,0,0,18,319,0,15,0
04-05 23:43:17,0.999,0.999,95.700,0,0,5293700,194304,184484,2343188,312369.171,8071.741,0,3650.074,0,32.983,1449,1666,1.330,1.920,1.420,1,0,0,0,0,18,319,0,15,0
04-05 23:43:18,2.251,3.502,80.302,12.758,0,5293652,193828,184484,2343692,526423.476,13100.423,0,21838.041,0,189.122,2605,2998,1.330,1.920,1.420,0,0,0,0,0,18,319,0,15,0
04-05 23:43:19,3.500,3.000,91.246,0,0,5292840,193828,184484,2344504,617675.414,10913.530,0,27570.813,0,263.989,2563,2959,1.330,1.920,1.420,0,0,0,0,0,18,319,0,14,0
04-05 23:43:20,2.000,2.250,94.507,0,0,5292476,193604,184484,2345092,641903.012,17418.357,0,19021.482,0,241.019,2393,2536,1.310,1.910,1.410,0,0,0,0,0,18,319,0,14,0
04-05 23:43:21,1.245,1.743,90.139,5.727,0,5292780,193128,184616,2345128,35798.783,1139.442,131.474,15992.022,2.988,282.868,1664,2217,1.310,1.910,1.410,1,0,0,0,0,18,319,0,14,0
04-05 23:43:22,1.004,1.757,92.862,2.259,0,5292980,192888,184616,2345156,162242.913,3933.344,0,19600.462,0,306.194,1780,2434,1.310,1.910,1.410,0,1,1.004,0,0,18,319,0,14,0
04-05 23:43:23,2.000,1.500,78.510,16.752,0,5292608,192888,184616,2345524,265385.323,4248.517,0,19510.376,0,295.036,1690,2137,1.310,1.910,1.410,0,0,0,0,0,18,319,0,14,0
04-05 23:43:24,3.749,2.999,79.986,11.248,0,5289648,195420,184616,2345940,329489.587,6952.767,0,28962.865,0,191.966,2622,3539,1.310,1.910,1.410,0,4,0,0,0,18,319,0,14,0
04-05 23:43:25,1.500,1.000,85.754,10.250,0,5287992,196828,184616,2346188,269357.556,4446.191,0,10416.447,0,88.004,1316,1626,1.520,1.940,1.430,0,0,0,0,0,18,319,0,14,0
04-05 23:43:26,1.000,1.000,94.763,1.750,0,5286228,198340,184616,2346436,261769.130,3329.472,0,1468.208,0,6.001,1117,1459,1.520,1.940,1.430,0,0,0,0,0,18,319,0,14,0
04-05 23:43:27,1.500,0.750,96.494,0.500,0,5283904,200620,184616,2346480,55260.728,1343.920,0,1339.921,0,182.989,1333,1724,1.520,1.940,1.430,0,0,0,0,0,18,319,0,14,0
04-05 23:43:28,2.000,1.000,91.495,3.500,0,5282648,201776,184616,2346580,96276.227,3125.813,0,567.966,0,43.997,1685,2502,1.520,1.940,1.430,0,0,0,0,0,18,319,0,14,0
04-05 23:43:29,3.500,1.500,94.759,0,0,5282092,202048,184616,2346864,53796.236,1685.164,0,52.005,0,3.000,1440,2229,1.520,1.940,1.430,0,0,0,0,0,18,319,0,14,0
04-05 23:43:30,1.000,0.250,96.490,0,0,5282024,202048,184616,2346932,179781.263,4181.564,0,163.983,0,1.000,1140,1439,1.400,1.910,1.420,0,0,0,0,0,18,319,0,14,0
04-05 23:43:31,1.750,0.750,95.745,1.750,0,5281836,202048,184616,2347120,86421.750,1673.918,0,419.979,0,20.999,977,1413,1.400,1.910,1.420,0,0,0,0,0,18,319,0,14,0
04-05 23:43:32,1.250,1.250,96.741,0,0,5281536,202048,184616,2347420,322743.360,5567.454,0,367.964,0,5.000,1121,1492,1.400,1.910,1.420,1,0,1.000,0,0,18,319,0,14,0
04-05 23:43:33,1.000,1.000,96.772,0,0,5281404,202048,184616,2347552,136552.830,2268.512,0,104.023,0,3.001,1073,1436,1.400,1.910,1.420,0,0,0,0,0,18,319,0,14,0
04-05 23:43:34,9.535,2.007,84.309,3.011,0,5314396,166100,184628,2350500,170745.780,3137.499,2533.284,698.560,26.096,29.107,2331,2852,1.400,1.910,1.420,3,0,16.059,0,0,18,318,0,15,0
04-05 23:43:35,5.979,7.224,75.232,9.965,0,5327932,134496,184704,2368480,9500.211,484.278,944.640,19825.488,14.947,224.203,3441,4204,1.450,1.910,1.420,0,0,38.862,0,0,18,318,0,15,0
04-05 23:43:36,4.749,7.999,71.237,14.247,0,5326776,132808,184820,2371204,4960.106,485.912,0,7818.590,0,659.881,4361,5483,1.450,1.910,1.420,1,1,53.990,0,0,18,318,0,15,0
04-05 23:43:37,3.756,7.763,71.869,14.774,0,5319228,136044,185020,2374700,4338.190,486.807,0,7079.733,0,805.335,4658,6035,1.450,1.910,1.420,0,1,45.075,0,0,18,318,0,15,0
04-05 23:43:38,4.238,6.732,71.554,15.956,0,5305764,145776,185212,2377864,7569.241,484.671,0,6601.894,0,639.247,4242,5720,1.450,1.910,1.420,2,0,47.869,0,0,18,318,0,15,0
04-05 23:43:39,19.678,6.974,67.003,5.480,0,5320712,129884,185228,2378772,7906.892,484.217,15.941,1068.068,0.996,60.776,3459,3505,1.450,1.910,1.420,2,0,24.908,0,0,18,318,0,15,0
04-05 23:43:40,17.337,5.528,69.349,6.282,0,5321412,128328,185260,2379452,9839.474,488.456,0,1515.621,0,90.455,3050,2591,1.490,1.910,1.430,1,0,32.162,0,0,18,318,0,15,0
04-05 23:43:41,17.009,5.753,65.285,10.756,0,5315404,133928,185304,2379848,7358.907,486.258,0,6035.205,0,239.127,3156,2614,1.490,1.910,1.430,1,0,23.012,0,0,18,318,0,15,0
04-05 23:43:42,20.586,6.527,66.025,6.276,0,5314504,131792,185508,2382280,9672.251,488.031,0,1803.505,0,136.568,3521,3568,1.490,1.910,1.430,3,2,26.109,0,0,18,318,0,15,0
04-05 23:43:43,19.152,3.482,60.690,15.173,0,5303052,139484,185616,2385420,7809.158,483.533,107.452,2021.686,23.878,175.107,3311,3405,1.490,1.910,1.430,1,0,10.944,0,0,18,318,0,17,0
04-05 23:43:44,19.757,4.502,67.274,7.002,0,5305152,137536,185616,2384820,3443.207,486.170,136.048,3633.273,27.009,82.029,4516,6940,1.490,1.910,1.430,0,1,17.006,0,0,18,318,0,15,0
04-05 23:43:45,12.446,9.956,71.438,4.232,0,5354264,136260,185776,2337692,3773.507,537.650,238.956,2218.304,14.935,53.765,2954,2659,1.450,1.900,1.420,2,0,42.813,0,0,18,318,0,15,0
04-05 23:43:46,17.590,7.287,72.622,1.759,0,5359556,127828,185780,2337928,8518.615,488.501,237.215,3288.839,12.062,41.211,2526,1990,1.450,1.900,1.420,1,0,33.170,0,0,18,318,0,15,0
04-05 23:43:47,17.240,3.498,77.953,0.999,0,5293252,269464,185920,2262928,5792.533,485.709,155.907,71.957,14.991,5.996,2199,1845,1.450,1.900,1.420,0,0,17.989,0,0,18,318,0,15,0
04-05 23:43:48,1.750,0.500,96.227,0,0,5286036,276680,185920,2262928,7992.126,485.886,0,683.840,0,74.982,1327,1926,1.450,1.900,1.420,0,0,0,0,0,18,318,0,15,0
04-05 23:43:49,3.510,1.003,94.775,0.251,0,5285128,277484,185920,2263032,8025.257,487.413,0,36.105,0,4.012,1448,2225,1.450,1.900,1.420,1,0,0,0,0,18,318,0,15,0
04-05 23:43:50,0.997,0.748,97.225,0,0,5280136,282476,185920,2263032,8337.426,484.630,0,0,0,0,871,1284,1.340,1.860,1.420,0,0,0,0,0,18,318,0,15,0
04-05 23:43:51,1.000,0.250,97.248,0,0,5270424,292184,185920,2263036,10388.820,485.992,0,8.000,0,1.000,1000,1370,1.340,1.860,1.420,0,0,0,0,0,18,318,0,15,0
04-05 23:43:52,1.000,0.750,97.237,0,0,5268068,294540,185920,2263036,8658.825,485.934,0,79.989,0,5.999,976,1366,1.340,1.860,1.420,0,0,1.000,0,0,18,318,0,15,0
04-05 23:43:53,1.500,0.750,96.749,0.250,0,5265996,296604,185920,2263044,12366.861,485.995,0,775.991,0,16.000,1040,1441,1.340,1.860,1.420,0,0,0,0,0,18,318,0,15,0
04-05 23:43:54,3.501,0.750,93.776,0.500,0,5264056,298408,185920,2263180,6788.852,486.133,32.009,412.112,1.000,30.008,1579,2476,1.340,1.860,1.420,0,0,0,0,0,18,318,0,15,0
04-05 23:43:55,0.500,1.000,97.997,0,0,5262344,299988,185920,2263312,4181.857,485.983,0,0,0,0,776,1228,1.230,1.830,1.410,0,0,0,0,0,18,318,0,15,0
04-05 23:43:56,1.000,0.500,97.269,0,0,5262340,299988,185920,2263316,9270.786,486.094,0,36.007,0,4.001,1030,1441,1.230,1.830,1.410,0,0,0,0,0,18,318,0,15,0
04-05 23:43:57,1.500,0.250,96.976,0,0,5260960,301368,185920,2263316,9565.604,485.878,0,91.977,0,12.997,1017,1501,1.230,1.830,1.410,0,0,0,0,0,18,318,0,15,0
04-05 23:43:58,9.257,4.003,82.811,3.002,0,5272448,289880,185920,2263316,10356.626,486.358,256.189,2349.730,2.001,313.231,2636,2962,1.230,1.830,1.410,2,0,4.003,0,0,18,318,0,15,0
04-05 23:43:59,22.508,5.752,68.775,2.001,0,5317408,244680,185920,2263556,8322.046,486.178,512.187,2140.784,4.001,124.045,3252,3589,1.230,1.830,1.410,3,0,8.003,0,0,18,318,0,15,0
04-05 23:44:00,2.497,1.249,94.644,0,0,5308564,253516,185920,2263564,3158.473,485.458,255.714,31.964,1.998,2.997,1090,1370,1.290,1.840,1.410,0,0,0,0,0,18,318,0,15,0
04-05 23:44:01,0.750,0.500,97.748,0,0,5304812,257268,185920,2263564,8454.788,485.988,0,31.999,0,4.000,870,1251,1.290,1.840,1.410,0,0,0,0,0,18,318,0,15,0
04-05 23:44:02,1.495,0.747,97.657,0,0,5301228,260852,185920,2263564,6393.538,484.299,0,11.958,0,0.996,958,1377,1.290,1.840,1.410,2,0,0.996,0,0,18,318,0,15,0
04-05 23:44:03,1.004,0.502,97.096,0,0,5297256,264824,185920,2263564,5299.862,487.736,0,4.014,0,1.004,995,1436,1.290,1.840,1.410,0,0,0,0,0,18,318,0,15,0
04-05 23:44:04,4.000,1.000,93.247,0.500,0,5293432,268544,185920,2263668,8261.719,485.983,15.999,531.982,1.000,38.999,1910,2938,1.290,1.840,1.410,0,0,0,0,0,18,318,0,7,0
04-05 23:44:05,1.250,0.250,97.762,0,0,5291644,270308,185920,2263692,9229.123,486.059,0,0,0,0,852,1215,1.190,1.810,1.400,1,0,0,0,0,18,318,0,7,0
04-05 23:44:06,1.250,1.250,97.249,0,0,5290272,271680,185920,2263692,9207.915,485.995,0,36.000,0,4.000,998,1366,1.190,1.810,1.400,0,0,0,0,0,18,318,0,7,0
04-05 23:44:07,0.994,0.497,96.952,0.249,0,5289072,272880,185920,2263692,7045.197,483.270,0,159.101,0,12.927,906,1309,1.190,1.810,1.400,1,0,0,0,0,18,318,0,7,0
04-05 23:44:08,1.760,0.503,96.535,0.251,0,5288492,273460,185920,2263692,3463.201,530.944,0,297.650,0,29.162,1122,1660,1.190,1.810,1.400,1,0,0,0,0,18,318,0,7,0
04-05 23:44:09,3.250,1.250,94.491,0,0,5288240,273712,185920,2263692,9531.056,485.952,0,379.962,0,6.999,1619,2465,1.190,1.810,1.400,0,0,0,0,0,18,318,0,5,0
04-05 23:44:10,0.750,0.500,97.500,0,0,5288008,273712,185920,2263924,5614.019,486.002,0,0,0,0,814,1231,1.090,1.780,1.400,0,0,0,0,0,18,318,0,5,0
04-05 23:44:11,1.250,0.500,97.486,0,0,5288008,273712,185920,2263924,7090.961,485.929,0,0,0,0,951,1370,1.090,1.780,1.400,0,0,0,0,0,18,318,0,5,0
04-05 23:44:12,1.500,2.000,90.763,4.251,0,5277248,284472,185920,2263924,5657.791,486.068,0,5620.785,0,179.025,1389,1730,1.090,1.780,1.400,0,0,1.000,0,0,18,318,0,5,0
04-05 23:44:13,1.250,1.000,96.250,0.500,0,5282112,279616,185920,2263928,7981.977,485.999,0,347.999,0,32.000,1281,1939,1.090,1.780,1.400,0,0,0,0,0,18,318,0,4,0
04-05 23:44:14,3.750,1.000,93.501,0.750,0,5281844,279764,185920,2264048,6545.074,486.006,32.000,1908.022,1.000,254.003,1808,2517,1.090,1.780,1.400,0,0,0,0,0,18,318,0,4,0
04-05 23:44:15,1.999,1.000,96.223,0,0,5290264,271328,185920,2264064,3948.887,485.863,0,3.999,0,1.000,953,1310,1,1.750,1.390,0,0,1.000,0,0,18,320,0,4,0
04-05 23:44:16,6.251,3.000,89.758,0,0,5301460,260132,185920,2263992,5796.547,486.046,0,0,0,0,2120,10599,1,1.750,1.390,0,0,36.003,0,0,18,320,0,5,0
04-05 23:44:17,4.503,1.751,91.809,1.251,0,5315772,245440,185924,2264440,10821.966,486.313,480.309,352.227,34.022,18.012,1332,1566,1,1.750,1.390,1,0,5.003,0,0,18,320,0,4,0
04-05 23:44:18,4.998,3.249,47.479,43.231,0,5318972,239320,186452,2266832,5733.468,485.786,2806.761,55387.544,523.769,78.965,2139,2933,1,1.750,1.390,0,3,0,0,0,18,320,0,4,0
04-05 23:44:19,13.763,3.003,76.575,4.755,0,5316884,241036,186452,2267204,19109.626,9486.246,116.113,5893.745,13.013,44.043,3704,4856,1,1.750,1.390,1,0,5.005,0,0,18,320,0,6,0
04-05 23:44:20,12.994,2.749,82.710,0.750,0,5317308,240244,186452,2267572,19957.431,10973.739,95.954,355.829,3.998,15.992,2490,2716,1,1.730,1.390,1,0,5.997,0,0,18,322,0,8,0
04-05 23:44:21,13.000,3.000,81.752,1.000,0,5304272,253136,186452,2267716,18836.476,10897.275,0,224.006,0,21.001,2507,2577,1,1.730,1.390,4,0,5.000,0,0,18,322,0,9,0
04-05 23:44:22,14.257,3.252,81.039,0.250,0,5315556,241824,186452,2267744,14486.982,9481.570,16.008,280.135,1.000,31.015,2452,2663,1,1.730,1.390,1,0,6.003,0,0,18,322,0,10,0
04-05 23:44:23,12.915,3.477,81.710,1.242,0,5311524,245688,186452,2267912,14399.887,10759.929,0,234.451,0,25.829,2328,2567,1,1.730,1.390,2,0,4.967,0,0,18,322,0,11,0
04-05 23:44:24,18.329,4.017,76.079,0.753,0,5291128,266048,186452,2267948,14045.651,11028.623,0,237.023,0,21.091,3224,4243,1,1.730,1.390,3,0,19.082,0,0,18,318,0,14,0
04-05 23:44:25,36.610,7.773,54.414,0.251,0,5037688,519412,186452,2268044,9681.126,541.629,4.012,140.422,1.003,11.033,2771,1696,1.160,1.750,1.390,3,0,6.018,0,0,18,308,0,16,0
04-05 23:44:26,65.267,10.671,22.583,0.993,0,5169428,387760,186452,2268040,5163.770,482.428,0,766.326,0,45.662,3961,1901,1.160,1.750,1.390,4,0,0,0,0,18,308,0,16,0
04-05 23:44:27,65.024,11.549,22.846,1.004,0,5234424,322044,186460,2268752,7171.199,488.055,160.677,546.301,6.025,27.114,4144,3142,1.160,1.750,1.390,4,0,4.017,0,0,18,312,0,16,0
04-05 23:44:28,48.231,9.199,40.524,0.746,0,5177748,378748,186460,2268820,6208.317,537.000,3.978,369.933,0.994,45.744,4139,4066,1.160,1.750,1.390,4,0,1.989,0,0,18,294,0,21,0
04-05 23:44:29,64.543,13.009,22.015,0,0,5192608,363600,186460,2269156,7867.191,486.321,0,140.092,0,9.006,4406,2698,1.160,1.750,1.390,5,0,10.007,0,0,18,290,0,21,0
04-05 23:44:30,58.102,8.765,31.305,1.002,0,5338648,215588,186460,2271164,4664.213,486.857,336.593,5485.660,7.012,621.094,7952,13963,1.310,1.780,1.400,4,0,4.007,0,0,18,300,0,24,0
04-05 23:44:31,47.722,9.042,41.192,1.758,0,5412240,143652,186424,2269548,42948.058,20367.876,847.950,446.078,12.056,41.192,6183,8279,1.310,1.780,1.400,3,0,10.047,0,0,18,302,0,30,0
04-05 23:44:32,27.840,2.237,67.611,0.497,0,5409204,146452,186424,2269784,121795.349,57506.185,254.536,135.222,1.989,8.949,4478,4370,1.310,1.780,1.400,2,0,1.989,0,0,18,303,0,30,0
04-05 23:44:33,22.025,3.003,73.582,0.250,0,5425656,129936,186424,2269848,80847.526,37367.841,0,120.135,0,9.010,4290,5920,1.310,1.780,1.400,1,0,0,0,0,18,312,0,30,0
04-05 23:44:34,11.006,2.251,83.547,1.501,0,5315844,239636,186424,2269972,37754.160,14930.368,0,440.247,0,55.031,3011,4534,1.310,1.780,1.400,1,0,3.002,0,0,18,299,0,31,0
04-05 23:44:35,1.004,1.255,87.358,9.288,0,5316068,239412,186424,2269972,9725.834,487.999,0,7289.857,0,585.398,1450,1388,1.210,1.750,1.400,0,2,0,0,0,18,299,0,31,0
04-05 23:44:36,1.000,0.250,88.996,8.250,0,5316512,238936,186424,2270004,7879.614,485.976,0,4095.799,0,614.970,1381,1513,1.210,1.750,1.400,0,1,0,0,0,18,299,0,31,0
04-05 23:44:37,1.500,1.000,94.749,1.750,0,5316508,238936,186424,2270008,8946.890,539.993,0,371.995,0,35.000,1202,1770,1.210,1.750,1.400,0,0,0,0,0,18,299,0,30,0
04-05 23:44:38,2.501,1.250,93.779,1.250,0,5316520,238936,186424,2270012,8487.663,486.153,0,180.056,0,26.008,1561,2177,1.210,1.750,1.400,0,0,6.002,0,0,18,299,0,30,0
04-05 23:44:39,3.249,1.500,94.720,0,0,5316464,238936,186424,2270068,4710.484,485.844,0,3.999,0,1.000,1307,2162,1.210,1.750,1.400,1,0,0,0,0,18,299,0,30,0
04-05 23:44:40,1.250,0.500,96.998,0,0,5316352,238936,186424,2270180,11609.767,539.989,0,87.998,0,12.000,959,1384,1.110,1.720,1.390,1,0,0,0,0,18,299,0,30,0
04-05 23:44:41,5.262,2.506,90.451,1.002,0,5370920,184356,186424,2270192,6724.943,487.082,0,565.256,0,39.087,1810,2572,1.110,1.720,1.390,1,0,3.007,0,0,18,299,0,30,0
04-05 23:44:42,3.492,1.247,93.043,0.748,0,5371140,184104,186424,2270224,3253.760,484.921,0,363.192,0,34.922,1893,2824,1.110,1.720,1.390,0,0,2.993,0,0,18,299,0,30,0
04-05 23:44:43,2.751,0.750,91.528,3.251,0.250,5363980,191244,186424,2270244,8620.649,486.149,0,1520.467,0,104.032,1857,2765,1.110,1.720,1.390,1,0,1.000,0,0,18,299,0,30,0
04-05 23:44:44,3.998,1.499,89.716,2.749,0,5363872,190992,186424,2270604,7631.072,539.793,0,2363.093,0,205.921,2191,3578,1.110,1.720,1.390,0,0,0,0,0,18,299,0,30,0
04-05 23:44:45,1.000,2.000,96.509,0,0,5368920,185940,186424,2270608,8694.792,486.044,0,1060.097,0,3.000,1027,1292,1.020,1.690,1.380,0,0,0,0,0,18,299,0,28,0
04-05 23:44:46,1.000,0.500,95.018,2.500,0,5368952,185904,186428,2270608,6273.190,486.092,0,604.115,0,35.007,976,1463,1.020,1.690,1.380,1,0,0,0,0,18,299,0,28,0
04-05 23:44:47,1.250,0.500,96.731,0,0,5368952,185904,186428,2270608,6560.742,539.897,0,99.981,0,16.997,1030,1458,1.020,1.690,1.380,0,0,0,0,0,18,299,0,28,0
04-05 23:44:48,2.001,0.750,96.531,0.500,0,5368948,185904,186432,2270608,9654.080,486.155,0,268.086,0,23.007,1115,1716,1.020,1.690,1.380,0,0,0,0,0,18,299,0,28,0
04-05 23:44:49,2.502,0.751,95.083,0,0,5368844,185904,186432,2270712,5891.160,486.426,0,64.056,0,5.004,1273,2204,1.020,1.690,1.380,1,0,0,0,0,18,299,0,28,0
04-05 23:44:50,1.000,1.250,97.754,0,0,5368844,185904,186432,2270712,8923.373,540.023,0,0,0,0,888,1256,0.940,1.660,1.370,0,0,0,0,0,18,299,0,28,0
04-05 23:44:51,0.999,0.500,96.908,0.500,0,5368840,185904,186436,2270712,8278.131,485.538,0,391.628,0,31.970,1086,1660,0.940,1.660,1.370,0,0,0,0,0,18,299,0,28,0
04-05 23:44:52,1.250,0.500,96.468,0.250,0,5368836,185904,186436,2270716,10518.545,539.823,0,111.963,0,11.996,1150,1487,0.940,1.660,1.370,0,0,1.000,0,0,18,299,0,28,0
04-05 23:44:53,1.250,0.750,97.525,0,0,5368832,185904,186436,2270720,8274.106,486.124,0,104.026,0,12.003,972,1349,0.940,1.660,1.370,0,0,0,0,0,18,299,0,28,0
04-05 23:44:54,3.999,1.250,92.221,1.500,0,5367960,185904,186436,2271592,3585.853,539.827,0,411.868,0,37.988,1596,3425,0.940,1.660,1.370,0,0,0,0,0,18,299,0,28,0
04-05 23:44:55,0.750,0.250,97.771,0,0,5367868,185904,186436,2271684,3277.709,486.105,0,0,0,0,805,1276,0.860,1.630,1.360,0,0,0,0,0,18,299,0,28,0
04-05 23:44:56,1.250,0.500,96.994,0.250,0,5367868,185904,186436,2271684,8536.470,539.967,0,31.998,0,4.000,877,1272,0.860,1.630,1.360,1,0,0,0,0,18,299,0,28,0
04-05 23:44:57,1.250,1.000,93.500,3.250,0,5367868,185904,186436,2271684,6475.028,486.002,0,1936.008,0,258.001,1237,1588,0.860,1.630,1.360,0,0,0,0,0,18,299,0,28,0
04-05 23:44:58,1.750,0.500,95.506,0.750,0,5367868,185904,186436,2271684,8608.504,540.032,0,564.033,0,53.003,1466,2344,0.860,1.630,1.360,0,0,0,0,0,18,299,0,28,0
04-05 23:44:59,3.759,2.255,93.226,0.251,0,5369664,183932,186440,2271856,6889.678,767.859,12.029,72.175,2.005,7.017,1642,2322,0.860,1.630,1.360,1,1,13.032,0,0,18,299,0,28,0
04-05 23:45:00,34.913,7.232,54.364,2.743,0,5051240,501772,186448,2272492,9095.226,873.812,426.931,3.990,28.928,0.998,3877,2987,1.030,1.650,1.370,1,0,64.838,0,0,18,295,0,30,0
04-05 23:45:01,21.511,4.502,72.786,0.250,0,5134332,418612,186448,2272560,7853.846,806.395,68.033,4.002,5.002,1.000,2140,1712,1.030,1.650,1.370,1,0,2.001,0,0,18,295,0,30,0
04-05 23:45:02,23.736,4.747,69.210,0.750,0,5209320,342904,186448,2273300,4081.628,719.582,7.995,1059.384,1.999,120.930,3804,5380,1.030,1.650,1.370,1,0,20.988,0,0,18,299,0,32,0
04-05 23:45:03,22.120,4.971,71.581,0,0,5325764,226328,186448,2273432,3782.850,483.171,0,59.651,0,4.971,2432,1910,1.030,1.650,1.370,2,0,4.971,0,0,18,299,0,32,0
04-05 23:45:04,16.602,2.515,79.990,0.503,0,5332336,219308,186448,2273880,8931.696,488.995,0,418.563,0,38.234,3058,4211,1.030,1.650,1.370,0,0,1.006,0,0,18,299,0,32,0
04-05 23:45:05,1.000,0.250,97.744,0,0,5324048,227596,186448,2273880,5412.688,721.958,0,23.999,0,5.000,850,1284,0.950,1.630,1.370,0,0,1.000,0,0,18,299,0,32,0
04-05 23:45:06,1.753,0.751,97.438,0.250,0,5319564,232076,186448,2273884,6960.460,486.942,0,60.116,0,4.008,895,1314,0.950,1.630,1.370,2,0,0,0,0,18,299,0,32,0
04-05 23:45:07,1.497,0.499,96.558,0.499,0,5316076,235560,186448,2273888,5575.941,538.931,0,243.517,0,6.986,982,1384,0.950,1.630,1.370,0,0,0,0,0,18,299,0,32,0
04-05 23:45:08,1.250,0.500,94.526,2.001,0,5311220,240416,186448,2273888,8234.258,486.133,0,376.103,0,33.009,1267,1900,0.950,1.630,1.370,0,0,0,0,0,18,299,0,32,0
04-05 23:45:09,3.249,1.250,94.484,0,0,5304312,246928,186448,2274284,7974.615,539.906,0,51.991,0,5.999,1198,1872,0.950,1.630,1.370,0,0,0,0,0,18,299,0,32,0
04-05 23:45:10,1.000,0.500,97.488,0,0,5298792,252448,186448,2274284,3173.611,575.929,0,0,0,0,879,1296,0.870,1.600,1.360,1,0,0,0,0,18,299,0,32,0
04-05 23:45:11,1.500,0.750,97.749,0,0,5293848,257392,186448,2274284,8395.894,539.993,0,0,0,0,854,1212,0.870,1.600,1.360,0,0,0,0,0,18,299,0,32,0
04-05 23:45:12,1.250,0.750,96.472,0.500,0,5289980,261256,186448,2274288,9099.392,485.861,0,115.967,0,11.997,1180,1668,0.870,1.600,1.360,0,0,1.000,0,0,18,299,0,32,0
04-05 23:45:13,1.500,0.250,95.774,1.500,0,5286480,264752,186448,2274292,4056.018,680.171,0,324.081,0,29.007,1150,1769,0.870,1.600,1.360,1,0,0,0,0,18,299,0,32,0
04-05 23:45:14,4.000,1.250,92.505,0.750,0,5284236,266640,186448,2274648,7088.418,486.029,0,168.010,0,27.002,1725,2504,0.870,1.600,1.360,0,0,0,0,0,18,299,0,32,0
04-05 23:45:15,1.000,0.750,97.497,0,0,5282172,268704,186448,2274648,7250.795,539.985,0,235.993,0,45.999,944,1306,0.800,1.570,1.350,0,0,0,0,0,18,299,0,32,0
04-05 23:45:16,5.750,3.250,89.747,0.250,0,5289624,261252,186448,2274648,7904.717,485.983,0,255.991,0,16.999,2151,9922,0.800,1.570,1.350,0,0,35.999,0,0,18,299,0,33,0
04-05 23:45:17,1.500,0.500,96.998,0,0,5285872,265000,186448,2274652,7635.869,539.991,0,31.999,0,4.000,1038,1362,0.800,1.570,1.350,0,0,0,0,0,18,299,0,33,0
04-05 23:45:18,1.500,0.750,90.258,5.750,0,5281728,269140,186452,2274652,6434.548,540.046,0,4376.373,0,416.035,1544,2019,0.800,1.570,1.350,0,0,0,0,0,18,299,0,32,0
04-05 23:45:19,3.250,1.250,94.502,0.250,0,5280352,270412,186452,2274756,7950.157,540.011,0,32.001,0,4.000,1408,2215,0.800,1.570,1.350,0,0,0,0,0,18,299,0,32,0
04-05 23:45:20,1.250,0.500,97.262,0,0,5279328,271436,186452,2274756,20656.455,670.080,0,1120.133,0,1.000,1111,1379,0.740,1.550,1.340,1,0,0,0,0,18,299,0,32,0
04-05 23:45:21,1.000,0.750,97.736,0,0,5278360,272404,186452,2274756,8669.741,485.929,0,3.999,0,1.000,860,1217,0.740,1.550,1.340,0,0,0,0,0,18,299,0,32,0
04-05 23:45:22,1.500,0.500,96.521,0.750,0,5277460,273304,186452,2274756,5362.192,540.120,0,64.014,0,6.001,952,1376,0.740,1.550,1.340,1,0,1.000,0,0,18,299,0,27,0
04-05 23:45:23,0.750,0.500,94.497,2.500,0,5267496,283268,186452,2274756,7661.721,485.982,0,1987.928,0,340.988,1207,1357,0.740,1.550,1.340,0,0,0,0,0,18,299,0,27,0
04-05 23:45:24,4.008,1.253,92.937,0.752,0,5266712,283816,186452,2274992,6862.814,486.980,0,424.855,0,41.083,1999,3616,0.740,1.550,1.340,0,0,0,0,0,18,299,0,27,0
04-05 23:45:25,0.998,0.249,97.528,0,0,5258872,291656,186452,2274992,6818.511,484.899,0,0,0,0,943,1471,0.680,1.520,1.340,0,0,0,0,0,18,299,0,27,0
04-05 23:45:26,1.000,1.250,97.762,0,0,5258872,291656,186452,2274992,5127.653,540.069,0,32.004,0,4.001,876,1321,0.680,1.520,1.340,1,0,0,0,0,18,299,0,20,0
04-05 23:45:27,1.500,0.500,97.015,0.250,0,5258872,291656,186452,2274992,7349.104,486.073,0,108.016,0,16.002,1031,1533,0.680,1.520,1.340,0,0,0,0,0,18,299,0,20,0
04-05 23:45:28,1.750,1.000,94.746,1.000,0,5259364,291152,186456,2275000,5355.783,625.975,0,571.977,0,57.998,1582,2535,0.680,1.520,1.340,0,0,0,0,0,18,299,0,20,0
04-05 23:45:29,3.250,1.250,95.012,0,0,5259508,290144,186456,2275864,7225.931,540.070,0,32.004,0,4.001,1603,2596,0.680,1.520,1.340,0,0,0,0,0,18,299,0,20,0
04-05 23:45:30,3.512,7.275,87.803,0,0,5269024,280480,186456,2276012,6151.237,577.995,0,16.055,0,3.010,2960,3057,0.630,1.490,1.330,2,0,191.662,0,0,18,299,0,12,0
04-05 23:45:31,18.950,7.480,72.060,0,0,5329352,220140,186456,2276024,8212.403,484.725,0,0,0,0,2992,2539,0.630,1.490,1.330,1,0,119.685,0,0,18,299,0,12,0
04-05 23:45:32,14.265,2.252,78.832,4.004,0,5343708,205552,186456,2276256,12010.540,6860.163,96.100,0,22.023,0,1823,1761,0.630,1.490,1.330,1,0,1.001,0,0,18,301,0,13,0
04-05 23:45:33,17.717,3.992,70.368,5.989,0,5343480,205552,186456,2276484,8518.996,3805.850,287.460,2834.675,17.966,199.625,5137,7488,0.630,1.490,1.330,2,1,0.998,0,0,18,300,0,14,0
04-05 23:45:34,47.139,9.027,38.113,5.767,0,5441660,126168,185952,2258364,24532.552,10822.005,32.095,1821.387,2.006,144.427,5023,5961,0.630,1.490,1.330,3,0,30.089,0,0,18,299,0,15,0
04-05 23:45:35,24.422,5.981,66.289,1.744,0,5457144,214228,184812,2157996,38036.708,28843.025,342.907,163.479,11.962,7.975,3614,3414,0.740,1.500,1.330,0,1,0,0,0,18,303,0,15,0
04-05 23:45:36,5.249,2.499,89.977,0.500,0,5400340,270944,184812,2158084,18905.106,9520.536,91.976,559.855,6.998,9.997,1836,1870,0.740,1.500,1.330,0,0,35.991,0,0,18,299,0,19,0
04-05 23:45:37,2.250,0.500,95.014,1.000,0,5390948,280332,184812,2158088,8450.236,582.085,32.005,56.008,2.000,4.001,1239,1691,0.740,1.500,1.330,1,0,2.000,0,0,18,299,0,19,0
04-05 23:45:38,1.750,1.750,93.975,1.000,0,5388400,282696,184812,2158272,5989.399,485.870,151.959,103.972,7.998,11.997,1497,1939,0.740,1.500,1.330,0,0,5.998,0,0,18,299,0,19,0
04-05 23:45:39,4.001,0.500,95.024,0,0,5387116,283720,184812,2158528,7970.042,540.138,0,20.005,0,5.001,1451,2526,0.740,1.500,1.330,0,0,0,0,0,18,299,0,19,0
04-05 23:45:40,1.749,0.500,96.457,0.250,0,5385916,284816,184812,2158632,6204.217,527.763,0,99.955,0,11.995,1135,1725,0.680,1.480,1.330,0,0,0,0,0,18,299,0,19,0
04-05 23:45:41,2.250,0.750,95.764,0,0,5386024,284576,184812,2158764,3852.559,540.078,0,176.026,0,4.001,1098,1580,0.680,1.480,1.330,0,0,1.000,0,0,18,299,0,19,0
04-05 23:45:42,3.252,1.251,93.798,0.250,0,5389780,280796,184812,2158788,9006.597,486.248,0,200.102,0,18.009,1613,2257,0.680,1.480,1.330,0,0,4.002,0,0,18,299,0,19,0
04-05 23:45:43,4.249,1.250,91.487,1.500,0,5389764,280796,184812,2158804,6563.051,539.922,0,503.927,0,48.993,2031,3046,0.680,1.480,1.330,0,0,2.000,0,0,18,299,0,21,0
04-05 23:45:44,4.250,1.500,86.496,6.250,0,5382256,288160,184812,2158948,5095.740,485.975,31.998,3359.828,1.000,474.976,2369,3054,0.680,1.480,1.330,0,0,1.000,0,0,18,299,0,21,0
04-05 23:45:45,1.250,1.000,97.003,0.500,0,5382252,288160,184812,2158952,8239.245,540.016,0,88.003,0,10.000,1027,1473,0.620,1.450,1.320,0,0,0,0,0,18,299,0,21,0
04-05 23:45:46,0.999,0.749,94.622,2.247,0,5382252,288160,184812,2158952,8532.479,485.345,0,1513.956,0,82.888,1116,1678,0.620,1.450,1.320,1,1,0,0,0,18,299,0,21,0
04-05 23:45:47,0.754,0.251,97.222,0.502,0,5382252,288160,184812,2158952,8440.999,542.636,4.020,614.987,1.005,43.210,1137,1695,0.620,1.450,1.320,0,0,0,0,0,18,299,0,21,0
04-05 23:45:48,1.744,0.996,96.157,0.249,0,5381852,288552,184812,2158960,5383.782,484.271,0,263.061,0,23.915,1159,1754,0.620,1.450,1.320,0,0,0,0,0,18,299,0,21,0
04-05 23:45:49,2.736,0.995,95.000,0.249,0,5380464,289712,184812,2159188,3039.006,537.173,0,35.812,0,4.974,1248,2057,0.620,1.450,1.320,1,0,0,0,0,18,299,0,21,0
04-05 23:45:50,1.750,0.750,96.731,0,0,5380176,290000,184812,2159188,9691.093,485.904,0,575.887,0,106.979,1227,1748,0.570,1.430,1.310,1,0,0,0,0,18,299,0,21,0
04-05 23:45:51,0.753,0.502,97.325,0,0,5380172,290000,184812,2159192,7864.235,487.627,0,36.120,0,4.013,895,1289,0.570,1.430,1.310,0,0,0,0,0,18,299,0,21,0
04-05 23:45:52,1.503,0.752,96.713,0.752,0,5380172,290000,184812,2159192,4532.984,541.192,0,216.477,0,17.038,989,1473,0.570,1.430,1.310,0,0,1.002,0,0,18,299,0,21,0
04-05 23:45:53,1.750,0.750,94.498,1.750,0,5380072,290000,184812,2159292,9601.785,485.989,95.998,271.994,7.000,33.999,1354,1848,0.570,1.430,1.310,0,0,0,0,0,18,299,0,21,0
04-05 23:45:54,3.761,1.254,90.757,2.256,0,5379876,290000,184812,2159488,8570.285,541.534,16.045,794.251,1.003,69.196,2489,4106,0.570,1.430,1.310,0,0,0,0,0,18,299,0,21,0
04-05 23:45:55,1.246,0.748,94.717,2.243,0,5379244,290444,184812,2159676,11494.608,484.550,0,1678.976,0,220.341,1178,1423,0.530,1.400,1.300,0,0,0,0,0,18,299,0,21,0
04-05 23:45:56,1.500,0.500,97.767,0,0,5379244,290444,184812,2159676,5642.987,540.094,0,36.006,0,4.001,882,1320,0.530,1.400,1.300,0,0,0,0,0,18,299,0,21,0
04-05 23:45:57,1.250,0.500,96.507,0.500,0,5379244,290444,184812,2159676,3230.226,486.034,0,316.022,0,15.001,1038,1587,0.530,1.400,1.300,0,0,0,0,0,18,299,0,21,0
04-05 23:45:58,1.750,1.000,94.005,1.750,0,5379232,290444,184812,2159688,8193.468,680.039,0,552.032,0,51.003,1537,2323,0.530,1.400,1.300,0,0,0,0,0,18,299,0,21,0
04-05 23:45:59,3.000,1.500,94.487,0,0,5378744,290444,184812,2160176,7074.019,485.933,0,55.992,0,6.999,1559,2720,0.530,1.400,1.300,0,0,0,0,0,18,299,0,21,0
04-05 23:46:00,1.500,0.500,97.002,0.250,0,5378616,290444,184812,2160304,7577.122,540.009,0,96.002,0,13.000,1148,1686,0.480,1.380,1.300,0,0,0,0,0,18,299,0,21,0
04-05 23:46:01,1.250,0.250,97.499,0,0,5378616,290444,184812,2160304,7190.890,485.993,0,28.000,0,1.000,886,1322,0.480,1.380,1.300,0,0,0,0,0,18,299,0,21,0
04-05 23:46:02,1.000,0.750,96.759,0,0,5378616,290444,184812,2160304,9838.893,540.049,0,192.017,0,11.001,1123,1559,0.480,1.380,1.300,0,0,3.000,0,0,18,299,0,21,0
04-05 23:46:03,1.250,0.500,97.260,0.250,0,5378612,290444,184812,2160308,5410.538,486.048,0,180.018,0,7.001,922,1383,0.480,1.380,1.300,0,0,0,0,0,18,299,0,17,0
04-05 23:46:04,4.000,1.500,91.749,1.250,0,5377688,291188,184812,2160488,4974.936,539.993,0,699.991,0,63.999,2171,3653,0.480,1.380,1.300,0,0,0,0,0,18,299,0,17,0
04-05 23:46:05,1.250,0.500,97.229,0.250,0,5377504,291188,184812,2160672,3668.218,485.896,0,31.993,0,2.999,857,1309,0.440,1.360,1.290,0,0,0,0,0,18,299,0,17,0
04-05 23:46:06,1.250,2.000,95.761,0.250,0,5378008,290684,184812,2160672,8811.010,540.062,0,84.010,0,6.001,1253,1526,0.440,1.360,1.290,0,0,18.002,0,0,18,299,0,17,0
04-05 23:46:07,1.500,0.250,96.745,0,0,5378004,290684,184812,2160676,9401.480,485.973,0,87.995,0,9.000,986,1426,0.440,1.360,1.290,2,0,0,0,0,18,299,0,17,0
04-05 23:46:08,2.501,1.000,91.521,3.751,0,5378000,290684,184812,2160680,7936.860,540.127,0,1592.373,0,92.022,1641,2308,0.440,1.360,1.290,0,2,0,0,0,18,299,0,17,0
04-05 23:46:09,3.000,1.500,92.239,2.750,0,5377896,290684,184812,2160784,6025.282,485.942,0,1323.842,0,72.991,1578,2521,0.440,1.360,1.290,0,0,0,0,0,18,299,0,17,0
04-05 23:46:10,1.751,0.250,96.278,0.250,0,5377896,290684,184812,2160784,7876.288,582.169,0,88.026,0,13.004,1150,1781,0.410,1.340,1.280,0,0,0,0,0,18,299,0,17,0
04-05 23:46:11,0.750,1.000,97.223,0.250,0,5378120,290460,184812,2160784,7176.015,485.866,0,1575.564,0,206.943,1103,1380,0.410,1.340,1.280,0,0,0,0,0,18,299,0,17,0
04-05 23:46:12,2.250,0.750,96.500,0,0,5378120,290460,184812,2160784,3548.001,540.000,0,336.000,0,27.000,1189,1783,0.410,1.340,1.280,0,0,1.000,0,0,18,299,0,17,0
04-05 23:46:13,1.250,0.250,96.001,0.500,0,5378116,290460,184812,2160788,4809.030,486.003,0,324.002,0,29.000,1263,1963,0.410,1.340,1.280,0,0,0,0,0,18,299,0,17,0
04-05 23:46:14,4.000,1.500,92.492,0.750,0,5377788,290460,184812,2161116,8747.277,539.955,0,331.973,0,43.996,2272,3900,0.410,1.340,1.280,0,0,0,0,0,18,299,0,17,0
04-05 23:46:15,1.000,0.500,97.729,0,0,5377688,290460,184812,2161216,8496.141,485.894,0,3.999,0,1.000,836,1238,0.460,1.330,1.280,0,0,0,0,0,18,299,0,17,0
04-05 23:46:16,5.252,3.251,88.289,1.751,0,5367476,300672,184812,2161044,9102.026,540.239,0,476.211,0,28.012,2221,8532,0.460,1.330,1.280,0,0,36.016,0,0,18,299,0,18,0
04-05 23:46:17,5.998,1.250,91.722,0,0,5373664,294472,184812,2161228,27194.809,9529.130,0,31.990,0,3.999,1450,1609,0.460,1.330,1.280,0,0,0,0,0,18,299,0,18,0
04-05 23:46:18,1.750,1.000,94.503,1.250,0,5373660,294472,184812,2161232,9165.256,540.015,0,288.008,0,23.001,1340,1952,0.460,1.330,1.280,1,0,0,0,0,18,299,0,18,0
04-05 23:46:19,3.250,1.000,94.503,0,0,5373696,294220,184812,2161448,8681.290,486.016,0,32.001,0,4.000,1707,2988,0.460,1.330,1.280,0,0,0,0,0,18,299,0,18,0
04-05 23:46:20,1.750,0.500,96.994,0.250,0,5373620,294220,184812,2161524,3946.756,579.964,0,83.995,0,11.999,1106,1702,0.420,1.310,1.270,0,0,0,0,0,18,299,0,17,0
04-05 23:46:21,1.000,0.500,97.501,0,0,5373620,294220,184812,2161524,7875.112,540.008,0,120.002,0,25.000,913,1305,0.420,1.310,1.270,0,0,0,0,0,18,299,0,17,0
04-05 23:46:22,1.500,0.750,95.998,0.750,0,5373620,294220,184812,2161524,5491.865,485.988,0,215.995,0,17.000,1015,1484,0.420,1.310,1.270,0,0,1.000,0,0,18,299,0,17,0
04-05 23:46:23,1.500,0.500,97.256,0.250,0,5373620,294220,184812,2161524,5677.370,540.035,0,64.004,0,10.001,873,1277,0.420,1.310,1.270,0,0,0,0,0,18,299,0,17,0
04-05 23:46:24,3.751,1.000,92.519,1.000,0,5373592,293968,184812,2161804,7383.530,486.101,0,396.082,0,38.008,1788,2989,0.420,1.310,1.270,0,0,0,0,0,18,299,0,17,0
04-05 23:46:25,1.000,0.750,97.969,0,0,5373544,293968,184812,2161852,5721.182,539.829,0,0,0,0,813,1250,0.390,1.290,1.270,0,0,0,0,0,18,299,0,17,0
04-05 23:46:26,6.020,12.040,78.765,1.756,0,5379992,287520,184812,2161852,8968.139,487.639,0,1657.570,0,215.725,4462,3794,0.390,1.290,1.270,1,0,272.917,0,0,18,299,0,17,0
04-05 23:46:27,8.226,11.716,75.035,2.991,0,5384716,282552,184812,2162096,15828.604,2185.731,211.394,191.451,16.951,12.963,4310,3856,0.390,1.290,1.270,1,0,221.365,0,0,18,299,0,19,0
04-05 23:46:28,20.131,3.976,70.582,4.722,0,5436296,230224,184816,2162832,3891.948,483.138,835.054,1017.970,53.682,55.670,2588,2784,0.390,1.290,1.270,2,0,1.988,0,0,18,299,0,19,0
04-05 23:46:29,21.697,3.280,70.893,3.027,0.252,5479300,186056,184872,2163940,8562.633,544.941,331.001,60.549,29.265,4.037,2257,2357,0.390,1.290,1.270,1,0,0,0,0,18,299,0,19,0
04-05 23:46:30,21.349,2.731,70.750,4.220,0,5453488,205356,185068,2170128,6200.173,482.589,2752.543,639.480,285.979,16.881,2780,2945,0.440,1.280,1.260,2,0,2.979,0,0,18,299,0,19,0
04-05 23:46:31,23.680,3.527,69.528,2.519,0,5501804,156748,185068,2170420,3388.725,544.131,16.122,475.610,1.008,33.252,3489,4507,0.440,1.280,1.260,1,0,0,0,0,18,299,0,19,0
04-05 23:46:32,23.477,2.997,69.432,3.247,0,5510204,148180,185068,2170592,8778.401,569.442,0,735.280,0,86.915,6032,8624,0.440,1.280,1.260,1,0,0.999,0,0,18,303,0,22,0
04-05 23:46:33,21.003,3.251,64.260,8.751,0,5518424,138604,185068,2171952,11210.822,3268.531,924.150,1128.183,60.010,147.024,4560,6377,0.440,1.280,1.260,3,0,3.000,0,0,18,308,0,25,1
04-05 23:46:34,21.684,3.240,67.544,6.729,0,5519644,136588,185068,2172748,34994.066,12162.833,191.415,2281.030,10.966,232.290,5393,8115,0.440,1.280,1.260,1,1,0.997,0,0,18,309,0,29,0
04-05 23:46:35,6.997,1.749,78.218,9.746,0,5521440,134572,185068,2172968,13384.554,2695.903,15.993,5257.861,1.000,280.886,2978,4371,0.640,1.310,1.270,0,0,0,0,0,18,309,0,29,0
04-05 23:46:36,7.491,1.249,87.148,3.246,0,5521588,134320,185068,2173072,9421.945,2833.675,63.925,483.433,3.995,62.926,2514,3510,0.640,1.310,1.270,3,0,0,0,0,18,310,0,15,0
04-05 23:46:37,10.242,2.248,85.687,0.999,0,5521880,133816,185068,2173284,30912.321,9451.066,0,527.613,0,59.956,2957,3849,0.640,1.310,1.270,2,3,0,0,0,18,310,0,16,0
04-05 23:46:38,18.538,4.259,62.377,12.024,0,5522096,132812,185072,2174068,7290.826,486.990,561.141,3394.903,36.073,353.719,6791,10905,0.640,1.310,1.270,0,1,7.014,0,0,18,312,0,19,0
04-05 23:46:39,23.048,5.010,66.137,4.509,0,5523088,131300,185072,2174588,8033.629,487.008,0,2080.306,0,172.357,8160,12304,0.640,1.310,1.270,1,2,0,0,0,18,313,0,21,0
04-05 23:46:40,8.475,1.994,80.014,7.229,0,5526660,127520,185072,2174796,14297.825,3198.565,15.953,3011.118,0.997,276.185,3730,5866,0.670,1.300,1.270,1,2,0,0,0,18,311,0,22,0
04-05 23:46:41,12.755,1.751,77.279,6.502,0,5526844,127268,185072,2174864,32459.142,11507.305,0,1960.733,0,159.059,3412,4505,0.670,1.300,1.270,2,0,0,0,0,18,312,0,22,0
04-05 23:46:42,7.751,2.000,71.764,16.503,0,5526512,127540,185072,2174924,11121.100,726.137,0,7953.502,0,911.172,4277,5968,0.670,1.300,1.270,0,1,1.000,0,0,18,312,0,22,0
04-05 23:46:43,26.579,6.770,60.681,4.764,0,5550400,210748,184032,2070852,4202.541,541.616,0,3293.829,0,309.925,8518,12898,0.670,1.300,1.270,2,0,3.009,0,0,18,312,0,22,0
04-05 23:46:44,22.269,6.005,63.054,7.006,0,5558472,202376,184032,2071200,9383.098,3207.768,16.014,2109.821,1.001,244.211,7284,12014,0.670,1.300,1.270,2,1,1.001,0,0,18,312,0,22,0
04-05 23:46:45,13.950,2.989,75.979,5.730,0,5561668,198872,184036,2071504,13934.247,3019.220,111.602,3631.035,6.975,272.029,4209,5959,0.620,1.280,1.260,1,0,1.993,0,0,18,312,0,25,0
04-05 23:46:46,6.001,1.500,88.514,3.000,0,5561704,198756,184040,2071580,8748.428,660.108,0,660.108,0,62.010,2113,3064,0.620,1.280,1.260,2,0,0,0,0,18,312,0,25,0
04-05 23:46:47,7.748,1.500,84.477,4.499,0,5561748,198504,184044,2071784,11820.721,3202.112,0,1363.622,0,159.956,2947,4475,0.620,1.280,1.260,0,0,0,0,0,18,311,0,26,0
04-05 23:46:48,17.255,2.501,60.268,18.005,0.250,5562540,197524,184044,2071972,14680.435,2837.857,148.045,6145.857,8.002,623.188,4606,5461,0.620,1.280,1.260,1,1,0,0,0,18,312,0,30,0
04-05 23:46:49,11.303,2.009,82.888,3.265,0,5562700,197020,184044,2072316,31469.402,11657.604,0,1740.151,0,130.612,3265,5127,0.620,1.280,1.260,2,3,0,0,0,18,311,0,30,0
04-05 23:46:50,10.741,2.248,77.435,7.743,0,5562672,197020,184044,2072344,26974.239,9663.845,0,3405.127,0,265.776,3455,5215,0.650,1.280,1.260,2,0,0,0,0,18,312,0,31,0
04-05 23:46:51,7.687,1.240,86.289,3.471,0,5562624,197020,184044,2072392,29363.885,11573.572,0,1102.906,0,99.182,2464,3301,0.650,1.280,1.260,2,0,0,0,0,18,312,0,31,0
04-05 23:46:52,20.902,4.533,64.468,7.303,0,5563448,195764,184052,2072816,5721.577,489.557,32.234,2760.057,1.007,294.137,7190,11543,0.650,1.280,1.260,2,1,1.007,0,0,18,312,0,31,0
04-05 23:46:53,21.479,3.996,64.937,7.243,0,5564840,194000,184052,2073188,9350.963,485.531,0,3272.837,0,264.744,7608,11467,0.650,1.280,1.260,1,1,0,0,0,18,312,0,33,0
04-05 23:46:54,23.771,4.754,63.806,5.755,0,5573636,184424,184052,2073968,8690.635,486.427,0,2874.526,0,299.263,8253,13438,0.650,1.280,1.260,1,0,0,0,0,18,312,0,34,0
04-05 23:46:55,13.955,2.990,77.000,4.236,0,5573936,183920,184052,2074172,7489.672,484.427,3.987,1331.674,0.997,115.624,4953,7346,0.760,1.290,1.270,0,0,0.997,0,0,18,313,0,34,0
04-05 23:46:56,4.500,1.000,91.994,2.500,0,5574420,183416,184056,2074188,6111.582,485.967,0,1383.905,0,76.995,1779,2429,0.760,1.290,1.270,0,1,1.000,0,0,18,314,0,34,0
04-05 23:46:57,4.000,1.500,85.760,6.751,0,5574604,183192,184064,2074220,9281.041,486.055,0,4876.547,0,335.038,2214,2958,0.760,1.290,1.270,0,0,0,0,0,18,314,0,34,0
04-05 23:46:58,15.248,4.249,68.241,9.749,0,5574992,182688,184072,2074328,4030.487,485.938,0,2011.744,0,220.972,5645,8820,0.760,1.290,1.270,1,2,0,0,0,18,314,0,34,0
04-05 23:46:59,16.268,4.004,62.569,16.018,0,5575452,181988,184084,2074556,5484.052,486.537,0,7436.206,0,899.993,6326,9930,0.760,1.290,1.270,2,0,0,0,0,18,314,0,34,0
04-05 23:47:00,20.491,4.248,66.972,5.748,0,5577072,179972,184084,2074952,4206.211,539.770,0,1631.306,0,163.930,6961,10957,0.780,1.280,1.270,1,0,0,0,0,18,315,0,35,0
04-05 23:47:01,12.246,2.249,75.224,8.747,0,5579404,177452,184084,2075140,9012.919,625.786,271.907,2111.278,15.995,188.935,3733,5431,0.780,1.280,1.270,0,1,0,0,0,18,313,0,35,0
04-05 23:47:02,6.254,2.001,79.802,9.756,0,5579836,176696,184084,2075464,5720.697,528.341,0,6091.937,0,149.096,2749,3968,0.780,1.280,1.270,0,2,4.003,0,0,18,314,0,35,0
04-05 23:47:03,7.992,1.498,86.663,2.497,0,5585224,171232,184084,2075540,12515.380,3228.744,23.976,1446.541,1.998,137.861,3006,4441,0.780,1.280,1.270,0,0,0,0,0,18,313,0,38,0
04-05 23:47:04,11.256,2.251,80.296,4.753,0,5586380,169720,184084,2075896,10341.965,3136.809,64.037,1965.133,4.002,192.111,3583,5686,0.780,1.280,1.270,0,1,0,0,0,18,315,0,40,0
04-05 23:47:05,6.005,1.752,79.822,10.009,0,5587632,168460,184084,2075904,7997.211,486.439,0,7206.498,0,330.298,2859,4361,0.950,1.310,1.280,1,0,0,0,0,18,316,0,40,0
04-05 23:47:06,8.987,1.748,84.881,3.245,0,5591952,163924,184088,2076116,12868.927,3044.724,0,930.693,0,109.846,2861,4453,0.950,1.310,1.280,1,0,0,0,0,18,315,0,43,0
04-05 23:47:07,12.499,2.000,80.493,3.250,0,5603316,152524,184088,2076152,18949.416,7113.405,0,1139.905,0,129.989,3487,4927,0.950,1.310,1.280,1,0,0,0,0,18,315,0,48,0
04-05 23:47:08,14.252,2.000,77.508,6.001,0,5601812,153924,184096,2076248,20601.231,7524.815,0,1280.139,0,131.014,3345,4566,0.950,1.310,1.280,0,0,0,0,0,18,315,0,50,0
04-05 23:47:09,6.002,1.250,89.026,1.500,0,5602300,153168,184100,2076512,8078.375,486.143,0,500.147,0,49.014,2187,3713,0.950,1.310,1.280,0,1,0,0,0,18,316,0,52,0
04-05 23:47:10,12.247,2.249,78.730,5.249,0,5602124,153168,184100,2076688,27887.817,11937.925,0,1275.671,0,147.962,3636,5020,0.880,1.290,1.270,1,0,0,0,0,18,315,0,53,0
04-05 23:47:11,8.750,2.000,83.754,3.750,0,5602856,152160,184104,2076960,7991.412,486.025,16.001,1464.075,1.000,160.008,3377,4903,0.880,1.290,1.270,0,0,0,0,0,18,315,0,54,0
04-05 23:47:12,11.543,3.011,79.297,5.270,0,5606624,148388,184108,2076960,12635.350,3245.161,0,1858.966,0,187.703,3639,5394,0.880,1.290,1.270,6,0,1.004,0,0,18,315,0,58,0
04-05 23:47:13,8.706,2.736,77.609,9.204,0,5607084,147660,184108,2077228,9496.194,483.566,0,6113.225,0,436.801,3727,6047,0.880,1.290,1.270,3,0,0,0,0,18,315,0,62,0
04-05 23:47:14,6.766,1.504,87.459,2.005,0,5607164,147408,184108,2077400,10244.424,3293.853,0,1094.610,0,116.277,3462,5538,0.880,1.290,1.270,1,0,0,0,0,18,315,0,62,0
04-05 23:47:15,5.495,0.999,90.924,1.749,0,5607532,146904,184108,2077536,3303.244,485.595,0,619.483,0,54.954,1946,2841,0.810,1.270,1.260,0,0,0,0,0,18,315,0,63,0
04-05 23:47:16,6.500,3.000,88.249,1.000,0,5638732,148208,182496,2049476,7966.922,485.995,75.999,567.994,2.000,54.999,2300,5307,0.810,1.270,1.260,7,0,34.000,0,0,18,315,0,63,0
04-05 23:47:17,11.495,2.249,83.711,0.750,0,5618180,173676,182244,2042828,25592.104,9593.541,0,583.729,0,51.976,3019,12860,0.810,1.270,1.260,0,0,1.999,0,0,18,315,0,64,0
04-05 23:47:18,4.500,1.250,89.243,3.250,0,5618416,173424,182248,2042840,3346.720,485.959,0,655.945,0,66.994,2021,2960,0.810,1.270,1.260,0,0,0,0,0,18,315,0,64,0
04-05 23:47:19,12.513,2.503,80.335,5.005,0,5617676,173460,182256,2043536,16279.150,5826.138,0,1305.375,0,158.167,3569,5785,0.810,1.270,1.260,3,0,0,0,0,18,315,0,66,0
04-05 23:47:20,7.707,1.740,82.544,6.962,0,5617660,173460,182256,2043552,27409.570,2914.896,0,4857.166,0,660.352,3202,3792,0.740,1.250,1.250,2,0,0,0,0,18,316,0,68,0
04-05 23:47:21,6.024,1.255,81.579,8.534,0,5617596,173460,182256,2043616,13248.379,2699.878,0,1164.693,0,149.603,2859,4417,0.740,1.250,1.250,1,0,0,0,0,18,316,0,68,0
04-05 23:47:22,15.011,2.502,74.306,6.755,0,5617232,173460,182264,2043972,24883.883,9514.220,0,2986.266,0,274.208,4213,6320,0.740,1.250,1.250,1,2,1.001,0,0,18,316,0,71,0
04-05 23:47:23,11.499,2.500,74.243,9.999,0,5617616,172956,182304,2044052,12326.864,4932.546,0,4931.546,0,351.968,4233,6260,0.740,1.250,1.250,0,0,0,0,0,18,315,0,72,0
04-05 23:47:24,11.501,3.000,81.257,3.000,0,5617292,172704,182304,2044628,11027.995,3057.276,16.001,1448.131,1.000,160.014,4236,6769,0.740,1.250,1.250,0,0,0,0,0,18,316,0,76,0
04-05 23:47:25,3.507,1.253,83.926,9.770,0.251,5617592,172256,182304,2044776,10365.682,661.383,0,5303.093,0,543.136,2178,2813,0.680,1.230,1.250,1,2,0,0,0,18,316,0,77,0
04-05 23:47:26,6.235,1.247,88.537,2.993,0,5617808,172004,182304,2044812,15914.734,3127.480,0,2110.924,0,125.698,2242,3564,0.680,1.230,1.250,0,0,0,0,0,18,315,0,77,0
04-05 23:47:27,8.471,1.744,82.970,5.482,0,5617740,172004,182308,2044876,9772.064,2687.941,0,940.829,0,116.607,3178,4748,0.680,1.230,1.250,1,0,0,0,0,18,315,0,79,0
04-05 23:47:28,13.490,2.248,79.192,3.747,0,5617524,172004,182316,2045084,30990.330,9615.966,0,1866.635,0,212.844,3894,5660,0.680,1.230,1.250,2,0,0,0,0,18,316,0,82,0
04-05 23:47:29,14.614,2.520,77.858,4.031,0,5617260,172004,182336,2045328,12494.514,2759.537,0,1741.592,0,148.156,4695,6931,0.680,1.230,1.250,1,1,0,0,0,18,316,0,81,0
04-05 23:47:30,21.252,4.500,61.756,9.251,0,5615984,173056,182396,2045492,6189.608,540.053,0,2816.277,0,375.037,7546,12116,0.710,1.220,1.250,1,1,0,0,0,18,316,0,81,0
04-05 23:47:31,14.143,3.970,51.363,28.783,0,5615308,173372,182432,2045812,4294.630,482.364,31.761,11406.030,0.993,954.803,6178,9104,0.710,1.220,1.250,1,0,0,0,0,18,316,0,82,0
04-05 23:47:32,13.990,3.248,76.446,4.747,0,5615156,173372,182432,2045964,9370.415,485.659,0,1319.073,0,152.893,5035,8070,0.710,1.220,1.250,1,1,0.999,0,0,18,315,0,82,0
04-05 23:47:33,10.299,1.758,82.394,3.768,0,5615440,172868,182436,2046180,82804.108,3075.713,0,2278.902,0,189.908,3210,4802,0.710,1.220,1.250,0,0,0,0,0,18,316,0,79,0
04-05 23:47:34,10.975,1.746,83.063,2.744,0,5615840,172364,182436,2046284,31327.348,10145.120,0,878.020,0,86.804,3431,4856,0.710,1.220,1.250,1,1,0,0,0,18,316,0,80,0
04-05 23:47:35,5.260,1.503,88.915,3.006,0,5615600,172364,182436,2046524,13242.537,3163.862,0,1278.369,0,130.241,2460,3720,0.650,1.200,1.240,0,1,0,0,0,18,315,0,80,0
04-05 23:47:36,13.248,2.500,72.989,9.998,0,5615776,172112,182460,2046576,14496.767,2696.585,0,2175.665,0,209.968,4561,6732,0.650,1.200,1.240,2,0,0,0,0,18,315,0,83,0
04-05 23:47:37,8.514,2.003,79.630,7.763,0,5615928,171860,182472,2046664,10326.899,2701.421,0,4775.815,0,300.492,3233,4694,0.650,1.200,1.240,1,0,0,0,0,18,315,0,81,0
04-05 23:47:38,11.244,2.499,80.454,3.998,0,5617308,170132,182488,2046996,24344.224,9526.609,87.950,1411.201,2.998,140.920,3551,5086,0.650,1.200,1.240,0,1,5.997,0,0,18,316,0,81,0
04-05 23:47:39,23.598,5.021,56.986,13.054,0,5621676,165092,182540,2047616,5094.103,488.022,32.133,3281.594,1.004,375.556,8370,13741,0.650,1.200,1.240,1,1,1.004,0,0,18,316,0,82,0
04-05 23:47:40,18.412,3.981,63.694,10.450,0,5622864,163640,182540,2047880,9321.225,483.677,0,3666.388,0,290.604,6857,10614,0.680,1.200,1.240,0,4,0,0,0,18,316,0,85,0
04-05 23:47:41,18.249,4.000,64.746,11.999,0,5623020,163356,182556,2047988,6736.541,485.967,0,2267.846,0,210.986,6691,9879,0.680,1.200,1.240,0,2,0,0,0,18,316,0,85,0
04-05 23:47:42,18.965,3.993,63.633,10.730,0,5624108,161908,182580,2048324,8479.346,485.104,0,3473.587,0,297.451,6929,10736,0.680,1.200,1.240,3,2,1.996,0,0,18,316,0,79,0
04-05 23:47:43,20.141,5.287,57.150,16.364,0,5624548,161164,182636,2048572,11196.297,489.423,0,6839.832,0,463.239,6782,10733,0.680,1.200,1.240,2,0,3.021,0,0,18,315,0,81,0
04-05 23:47:44,23.486,4.747,63.214,6.246,0,5624880,160436,182652,2048952,7621.617,485.721,31.982,3633.910,0.999,291.832,8303,12997,0.680,1.200,1.240,5,1,1.999,0,0,18,316,0,83,0
04-05 23:47:45,20.405,4.728,63.951,8.709,0,5624600,160436,182660,2049224,5793.924,483.739,0,2878.548,0,345.386,7410,11399,0.700,1.200,1.240,1,1,0,0,0,18,316,0,84,0
04-05 23:47:46,21.291,4.008,63.874,9.519,0,5624400,160184,182664,2049672,5807.310,541.054,0,2961.768,0,249.486,7252,11260,0.700,1.200,1.240,2,0,0,0,0,18,316,0,81,0
04-05 23:47:47,12.475,1.747,71.607,12.475,0,5623608,160764,182668,2049880,8803.432,485.032,0,5229.564,0,818.367,4782,6400,0.700,1.200,1.240,0,1,0,0,0,18,315,0,82,0
04-05 23:47:48,7.002,3.001,74.274,14.505,0,5623788,160512,182672,2049956,7209.303,486.155,16.005,6514.081,1.000,426.136,3528,5799,0.700,1.200,1.240,0,1,0,0,0,18,315,0,83,0
04-05 23:47:49,5.777,1.507,90.415,1.005,0,5623720,160512,182676,2050020,4546.870,488.241,0,1273.847,0,80.369,2351,3414,0.700,1.200,1.240,0,2,0,0,0,18,316,0,83,0
04-05 23:47:50,7.465,1.991,86.100,2.240,0,5623924,160036,182676,2050292,11786.213,3208.087,0,1508.986,0,168.218,3130,4997,0.650,1.180,1.230,0,0,0,0,0,18,315,0,81,0
04-05 23:47:51,14.705,2.243,76.516,5.732,0,5624072,159784,182688,2050384,21794.294,6894.897,0,1268.119,0,149.542,4039,5651,0.650,1.180,1.230,1,0,0,0,0,18,316,0,85,0
04-05 23:47:52,9.231,0.998,80.834,6.487,0,5624756,158836,182688,2050648,28586.262,9578.319,0,5604.484,0,554.860,2939,3292,0.650,1.180,1.230,1,1,0.998,0,0,18,316,0,86,0
04-05 23:47:53,12.811,1.507,81.135,3.517,0,5621160,162236,182704,2050828,22225.353,5338.305,16.076,2254.688,1.005,234.110,3717,5240,0.650,1.180,1.230,0,0,0,0,0,18,315,0,87,0
04-05 23:47:54,6.786,2.011,87.714,2.262,0,5622072,161228,182704,2050924,8642.718,488.584,0,1170.190,0,101.537,2789,4623,0.650,1.180,1.230,1,0,0,0,0,18,316,0,84,0
04-05 23:47:55,7.464,1.493,85.833,3.981,0,5621848,161228,182708,2051144,12240.586,3248.234,0,991.189,0,125.391,2843,4408,0.600,1.160,1.220,0,1,0,0,0,18,315,0,88,0
04-05 23:47:56,11.247,2.499,75.982,7.998,0,5622064,160976,182720,2051168,10264.548,3222.230,0,2259.460,0,224.946,4025,5795,0.600,1.160,1.220,0,0,0,0,0,18,315,0,93,0
04-05 23:47:57,5.001,1.250,88.261,3.750,0,5622336,160472,182728,2051392,3632.451,486.060,0,1008.125,0,94.012,2148,3234,0.600,1.160,1.220,1,1,0,0,0,18,315,0,96,0
04-05 23:47:58,6.998,2.249,75.475,12.746,0,5622308,160472,182752,2051396,9826.705,485.837,0,6361.867,0,422.858,3532,5838,0.600,1.160,1.220,1,0,0,0,0,18,315,0,97,0
04-05 23:47:59,9.295,1.507,86.922,1.507,0,5622432,160224,182752,2051524,9522.227,629.054,0,590.868,0,74.361,2636,3906,0.600,1.160,1.220,3,0,0,0,0,18,316,0,102,0
04-05 23:48:00,12.455,1.246,79.214,4.982,0.249,5622232,160224,182756,2051720,37599.448,13764.377,0,1446.784,0,191.310,3694,5151,0.550,1.140,1.220,2,0,0,0,0,18,315,0,102,0
04-05 23:48:01,21.020,4.004,65.563,8.508,0,5622784,159496,182760,2051892,5272.079,486.469,0,2130.052,0,271.261,7641,12271,0.550,1.140,1.220,1,1,0,0,0,18,316,0,105,0
04-05 23:48:02,21.226,4.495,63.178,8.740,0,5623216,158740,182768,2052208,2938.668,485.450,0,3416.127,0,337.617,7847,12567,0.550,1.140,1.220,2,0,2.997,0,0,18,316,0,105,0
04-05 23:48:03,14.234,2.997,60.433,20.727,0,5623976,157760,182788,2052408,7861.243,539.399,0,6500.758,0,757.157,5649,7846,0.550,1.140,1.220,0,3,0,0,0,18,316,0,106,0
04-05 23:48:04,7.288,1.759,85.946,3.518,0,5624068,157508,182796,2052560,5294.485,434.254,0,1375.139,0,105.548,3269,5279,0.550,1.140,1.220,0,1,0,0,0,18,315,0,107,0
04-05 23:48:05,9.949,2.239,77.355,7.959,0,5624128,157256,182796,2052752,15018.252,3265.313,0,2662.394,0,243.754,3898,5788,0.660,1.150,1.220,0,1,0,0,0,18,315,0,110,0
04-05 23:48:06,5.003,2.001,82.792,8.254,0,5624328,157004,182796,2052804,8281.170,486.245,0,5278.658,0,343.173,2740,4390,0.660,1.150,1.220,0,0,0,0,0,18,316,0,104,0
04-05 23:48:07,11.991,1.999,80.190,4.996,0,5625008,156248,182796,2052880,24369.788,7782.184,0,1374.972,0,135.898,3393,4766,0.660,1.150,1.220,1,1,0,0,0,18,315,0,108,0
04-05 23:48:08,9.253,2.251,80.529,6.752,0,5625008,156248,182796,2052880,7988.873,2523.908,0,1196.430,0,85.031,2886,3926,0.660,1.150,1.220,0,1,0,0,0,18,316,0,112,0
04-05 23:48:09,5.022,1.507,92.662,0.251,0,5624736,156248,182796,2053152,4058.064,488.173,0,570.540,0,29.130,1762,2975,0.660,1.150,1.220,2,0,0,0,0,18,316,0,113,0
04-05 23:48:10,15.069,1.729,76.825,4.446,0,5625720,155240,182796,2053176,27471.300,11741.654,0,1343.823,0,163.037,3868,5380,0.610,1.130,1.210,2,0,0,0,0,18,317,0,105,0
04-05 23:48:11,5.037,0.504,92.431,0.504,0,5627276,153496,182796,2053364,21987.060,6992.540,0,459.386,0,27.200,1472,1836,0.610,1.130,1.210,2,0,0,0,0,18,317,0,106,0
04-05 23:48:12,7.507,1.752,83.078,6.006,0,5625540,155224,182804,2053364,16777.792,5057.760,0,1293.217,0,156.147,2938,4182,0.610,1.130,1.210,2,0,1.001,0,0,18,317,0,106,0
04-05 23:48:13,21.611,4.223,62.349,9.936,0,5625864,154748,182808,2053512,17928.815,5279.084,0,4658.074,0,310.008,6881,10946,0.610,1.130,1.210,2,1,0,0,0,18,316,0,107,0
04-05 23:48:14,23.494,4.547,61.640,9.347,0,5625564,154496,182868,2054004,8836.699,491.096,0,3779.217,0,366.806,7700,12220,0.610,1.130,1.210,0,5,0,0,0,18,316,0,99,0
04-05 23:48:15,17.169,3.732,67.680,7.962,0,5626332,153408,182920,2054272,11027.820,483.711,0,6007.574,0,428.970,6853,10713,0.800,1.160,1.220,0,1,0,0,0,18,315,0,100,0
04-05 23:48:16,6.766,1.754,84.205,7.017,0,5626316,153408,182948,2054260,9362.800,487.186,0,2313.634,0,143.349,2694,3717,0.800,1.160,1.220,3,0,0,0,0,18,315,0,102,0
04-05 23:48:17,16.457,3.491,76.551,1.496,0,5661296,157688,181048,2017000,42561.140,18529.735,11.969,897.662,0.997,76.800,3734,14217,0.800,1.160,1.220,0,0,35.906,0,0,18,315,0,103,0
04-05 23:48:18,19.711,4.242,65.370,8.982,0,5658040,160820,181100,2017072,4241.557,485.034,0,2291.439,0,274.454,6911,10591,0.800,1.160,1.220,0,1,0,0,0,18,316,0,100,0
04-05 23:48:19,19.068,4.265,59.713,15.305,0,5650996,166908,181128,2018000,10254.650,487.743,0,7318.155,0,909.250,7300,11212,0.800,1.160,1.220,1,1,0,0,0,18,316,0,101,0
04-05 23:48:20,20.485,5.246,64.951,7.494,0,5652588,165016,181156,2018272,9389.956,579.565,0,3273.544,0,284.786,7713,11447,0.900,1.180,1.230,0,1,0,0,0,18,316,0,102,0
04-05 23:48:21,7.236,1.497,85.084,4.741,0,5652744,164792,181176,2018320,11693.213,3244.677,0,1445.184,0,141.724,2643,4129,0.900,1.180,1.230,2,1,0,0,0,18,315,0,103,0
04-05 23:48:22,11.262,3.003,72.327,11.012,0,5652144,165208,181228,2018452,11587.398,3255.483,16.017,6683.150,1.001,478.512,4546,6990,0.900,1.180,1.230,1,0,1.001,0,0,18,315,0,98,0
04-05 23:48:23,12.501,2.250,80.506,3.500,0,5651784,165516,181256,2018476,12812.987,3306.255,0,1424.110,0,149.011,3459,4955,0.900,1.180,1.230,0,0,0,0,0,18,315,0,101,0
04-05 23:48:24,8.796,2.262,84.186,3.518,0,5649976,166848,181272,2018936,6131.753,488.530,0,1278.621,0,137.713,3538,5755,0.900,1.180,1.230,1,1,0,0,0,18,316,0,101,0
04-05 23:48:25,7.705,1.491,72.332,17.648,0,5649820,166928,181300,2018984,7952.060,3233.321,0,6593.906,0,704.928,2954,4128,1.070,1.210,1.240,0,0,0,0,0,18,315,0,103,0
04-05 23:48:26,14.262,1.751,80.065,1.501,0,5648924,167736,181300,2019072,12315.952,3686.979,0,1032.835,0,106.086,3738,4718,1.070,1.210,1.240,1,0,0,0,0,18,316,0,103,0
04-05 23:48:27,8.501,1.500,83.512,6.001,0,5648268,168212,181300,2019252,27850.991,8744.253,0,792.113,0,64.009,2576,3401,1.070,1.210,1.240,1,1,0,0,0,18,316,0,98,0
04-05 23:48:28,10.245,1.999,82.463,3.748,0,5648212,168212,181300,2019308,28490.370,11935.709,0,1635.275,0,173.923,3287,4852,1.070,1.210,1.240,0,0,0,0,0,18,315,0,99,0
04-05 23:48:29,14.798,2.257,79.259,2.759,0,5648436,167708,181308,2019580,32577.342,11781.458,0,1500.899,0,143.468,4105,5886,1.070,1.210,1.240,1,0,0,0,0,18,315,0,100,0
04-05 23:48:30,12.718,1.995,74.560,8.478,0,5648480,167204,181308,2020040,27492.928,10833.389,0,2098.651,0,225.425,4009,5612,1.060,1.200,1.240,1,1,0,0,0,18,316,0,101,0
04-05 23:48:31,12.498,3.749,67.990,13.998,0,5648660,166952,181308,2020112,11415.376,1367.805,0,5931.156,0,407.942,4870,7869,1.060,1.200,1.240,1,1,0,0,0,18,316,0,96,0
04-05 23:48:32,21.478,4.995,63.684,7.742,0,5648672,166704,181308,2020348,5255.514,485.493,0,2884.988,0,358.626,7840,12761,1.060,1.200,1.240,2,1,0.999,0,0,18,316,0,97,0
04-05 23:48:33,21.028,4.506,66.590,6.258,0,5648700,166452,181316,2020564,3056.108,486.654,96.129,2074.789,5.007,228.307,7458,11541,1.060,1.200,1.240,1,2,0,0,0,18,316,0,98,0
04-05 23:48:34,26.554,4.509,58.869,9.018,0,5648836,165696,181320,2021180,28964.686,9683.620,0,4469.055,0,388.788,8427,13293,1.060,1.200,1.240,2,1,0,0,0,18,317,0,107,0
04-05 23:48:35,18.018,4.755,57.557,17.517,0,5648820,165192,181452,2021568,10851.674,486.479,0,7543.420,0,586.577,6868,11158,1.380,1.270,1.260,2,2,0,0,0,18,316,0,103,0
04-05 23:48:36,22.529,4.005,65.835,6.008,0,5648876,164940,181488,2021728,9375.036,486.625,0,1886.422,0,205.264,7660,11570,1.380,1.270,1.260,2,1,0,0,0,18,316,0,105,0
04-05 23:48:37,13.678,2.984,74.608,6.466,0,5649620,163932,181492,2021988,11694.522,3193.213,0,2725.671,0,262.619,5202,8274,1.380,1.270,1.260,0,1,0,0,0,18,315,0,106,0
04-05 23:48:38,8.253,3.001,79.782,8.003,0,5650848,162672,181500,2022012,14771.966,3150.272,0,3641.471,0,166.067,3174,4646,1.380,1.270,1.260,0,1,6.002,0,0,18,315,0,106,0
04-05 23:48:39,7.031,2.009,86.887,2.511,0,5650556,162672,181500,2022304,6027.877,488.177,0,1237.518,0,91.408,2654,4623,1.380,1.270,1.260,4,2,0,0,0,18,316,0,100,0
04-05 23:48:40,5.227,0.747,85.630,6.970,0,5650484,162672,181500,2022376,8617.728,3135.439,0,2728.200,0,251.910,2675,3884,1.270,1.250,1.250,0,1,0,0,0,18,315,0,101,0
04-05 23:48:41,7.998,2.000,73.982,13.747,0,5650300,162672,181508,2022552,8336.027,2696.362,0,7886.133,0,808.809,3623,5286,1.270,1.250,1.250,1,0,0,0,0,18,315,0,102,0
04-05 23:48:42,9.753,2.251,82.527,4.752,0,5650500,162424,181512,2022596,12531.095,3151.030,0,1168.382,0,118.039,3453,4917,1.270,1.250,1.250,0,1,1.000,0,0,18,315,0,102,0
04-05 23:48:43,7.000,1.000,86.250,3.250,0,5650672,162184,181532,2022644,12350.070,2697.015,0,1168.007,0,112.001,2792,4057,1.270,1.250,1.250,3,0,1.000,0,0,18,315,0,98,0
04-05 23:48:44,10.525,2.757,81.948,3.508,0,5655696,156904,181556,2022876,8860.438,1988.812,0,1435.473,0,142.344,3762,6227,1.270,1.250,1.250,1,0,3.007,0,0,18,316,0,99,0
04-05 23:48:45,5.510,1.252,89.917,2.004,0,5655548,156904,181560,2023020,13784.578,1708.170,0,965.792,0,81.151,2297,3348,1.250,1.240,1.250,5,0,2.004,0,0,18,315,0,101,0
04-05 23:48:46,5.469,1.740,76.319,14.419,0,5650068,162336,181572,2023056,12095.710,2681.859,0,6320.317,0,729.879,2947,3716,1.250,1.240,1.250,1,1,0,0,0,18,315,0,102,0
04-05 23:48:47,9.260,2.002,77.836,9.761,0,5650324,161832,181612,2023264,9875.917,3153.486,0,1377.523,0,157.174,3496,5062,1.250,1.240,1.250,0,1,0,0,0,18,315,0,95,0
04-05 23:48:48,8.250,1.500,82.500,6.500,0.250,5650316,161832,181616,2023268,8392.957,2696.986,0,1631.992,0,149.999,2785,4113,1.250,1.240,1.250,2,0,0,0,0,18,315,0,95,0
04-05 23:48:49,11.758,2.001,81.554,3.002,0,5650032,161832,181620,2023548,7823.200,2698.794,0,980.652,0,83.055,3290,4634,1.250,1.240,1.250,1,3,0,0,0,18,315,0,95,0
04-05 23:48:50,6.239,1.747,78.859,11.230,0,5650148,161580,181668,2023724,11089.147,485.131,55.900,5334.450,6.987,360.355,3756,6120,1.310,1.250,1.250,1,0,2.995,0,0,18,316,0,95,0
04-05 23:48:51,9.763,1.752,86.362,1.252,0,5650120,161580,181672,2023748,30721.888,11758.266,0,1117.451,0,113.147,2813,3992,1.310,1.250,1.250,0,0,0,0,0,18,315,0,87,0
04-05 23:48:52,20.932,4.236,65.787,6.230,0,5650424,161076,181704,2023916,10063.493,484.435,31.897,2942.495,0.997,325.947,7293,11493,1.310,1.250,1.250,2,0,1.994,0,0,18,316,0,88,0
04-05 23:48:53,21.728,4.246,64.435,8.491,0,5650236,160824,181740,2024320,7374.538,485.509,0,1814.164,0,224.773,7245,10695,1.310,1.250,1.250,2,3,0,0,0,18,316,0,88,0
04-05 23:48:54,20.023,4.755,65.574,6.758,0,5650988,159816,181808,2024508,9720.985,486.550,48.054,3467.919,4.005,331.374,7560,11783,1.310,1.250,1.250,2,0,0,0,0,18,315,0,91,0
04-05 23:48:55,4.263,1.003,89.031,5.016,0,5650712,159816,181824,2024768,7784.601,529.674,0,2247.101,0,125.396,1813,2543,1.360,1.270,1.260,2,1,0,0,0,18,315,0,85,0
04-05 23:48:56,10.992,2.998,73.945,10.742,0,5650668,159564,181860,2025028,4073.971,485.639,0,2186.375,0,233.826,4189,6688,1.360,1.270,1.260,1,0,0,0,0,18,315,0,87,0
04-05 23:48:57,9.762,2.503,75.594,10.263,0,5650888,159312,181880,2025040,6828.512,486.607,0,6275.823,0,412.514,4249,6716,1.360,1.270,1.260,1,1,0,0,0,18,316,0,90,0
04-05 23:48:58,22.786,5.008,61.596,9.765,0,5650780,159060,181932,2025348,7754.134,486.762,0,3369.272,0,371.581,8054,12471,1.360,1.270,1.260,6,0,0,0,0,18,316,0,90,0
04-05 23:48:59,20.940,4.487,63.070,8.725,0,5651292,158052,181976,2025800,7156.560,484.616,0,4630.774,0,285.185,7367,11400,1.360,1.270,1.260,6,1,0,0,0,18,316,0,78,0
04-05 23:49:00,20.794,3.758,64.886,7.766,0,5654316,154524,182000,2026280,11196.491,487.022,0,1964.121,0,225.473,6953,10357,1.330,1.260,1.260,0,1,0,0,0,18,316,0,80,0
04-05 23:49:01,19.506,6.252,58.517,15.004,0,5656212,147416,182036,2031456,7898.239,486.138,28.008,4109.165,7.002,581.165,7292,10556,1.330,1.260,1.260,2,2,2.001,0,0,18,316,0,81,0
04-05 23:49:02,14.498,4.000,52.745,26.997,0,5643216,161548,182044,2030312,8295.138,485.950,0,12466.705,0,1152.880,6879,9594,1.330,1.260,1.260,1,0,4.000,0,0,18,316,0,82,0
04-05 23:49:03,10.479,1.497,83.586,1.996,0,5642076,162456,182048,2030540,7656.982,624.775,0,1006.027,0,82.838,3821,5627,1.330,1.260,1.260,0,0,0,0,0,18,316,0,76,0
04-05 23:49:04,15.278,3.757,72.883,7.263,0,5642484,161728,182060,2030848,3791.931,540.989,0,1975.611,0,225.412,5598,9019,1.330,1.260,1.260,3,2,0,0,0,18,316,0,76,0
04-05 23:49:05,21.965,3.744,64.148,7.488,0,5642628,161224,182072,2031196,9321.149,485.227,0,2755.610,0,317.494,7695,12275,1.310,1.260,1.250,0,3,0,0,0,18,316,0,78,0
04-05 23:49:06,18.813,4.264,66.472,9.281,0,5643508,159964,182072,2031576,8933.882,487.631,0,3407.397,0,267.896,6708,10333,1.310,1.260,1.250,0,3,0,0,0,18,316,0,81,0
04-05 23:49:07,15.370,2.975,66.438,13.635,0,5643352,159964,182076,2031728,4776.628,481.927,15.866,2098.266,0.992,209.232,5575,8650,1.310,1.260,1.250,2,0,0,0,0,18,316,0,81,0
04-05 23:49:08,16.844,3.520,60.589,15.336,0,5643592,159460,182092,2031976,7401.387,488.733,0,7618.601,0,568.177,6824,10768,1.310,1.260,1.250,2,1,0,0,0,18,316,0,72,0
04-05 23:49:09,21.854,4.522,64.306,7.787,0,5644148,158704,182100,2032168,5602.653,488.323,0,2118.076,0,252.200,7106,11428,1.310,1.260,1.250,3,1,0,0,0,18,316,0,72,0
04-05 23:49:10,22.947,4.490,63.851,7.981,0,5644092,158452,182100,2032476,8310.648,484.871,0,1855.679,0,185.568,7296,10932,1.360,1.270,1.260,4,0,0,0,0,18,316,0,76,0
04-05 23:49:11,16.513,3.002,65.802,12.260,0,5644188,157948,182104,2032880,12297.761,3043.416,0,2634.091,0,285.226,5448,8365,1.360,1.270,1.260,2,0,0,0,0,18,316,0,77,0
04-05 23:49:12,4.983,1.246,87.207,5.232,0,5644176,157948,182108,2032888,5231.427,657.790,0,1267.741,0,115.612,2313,3440,1.360,1.270,1.260,0,2,0.997,0,0,18,316,0,69,0
04-05 23:49:13,11.237,1.748,72.913,11.986,0,5644096,157948,182132,2032944,33886.687,11729.047,0,2373.177,0,210.749,3454,4901,1.360,1.270,1.260,1,1,0,0,0,18,315,0,70,0
04-05 23:49:14,13.802,3.262,71.268,10.791,0,5644288,157444,182132,2033256,11848.587,3226.140,0,5878.120,0,404.522,4817,7532,1.360,1.270,1.260,2,1,0,0,0,18,315,0,72,0
04-05 23:49:15,9.226,1.995,82.786,4.488,0,5644352,157192,182144,2033432,7290.135,484.746,15.959,1579.912,0.997,152.605,3509,5193,1.330,1.270,1.260,0,1,0,0,0,18,316,0,73,0
04-05 23:49:16,11.488,1.998,76.417,8.241,0,5644700,156688,182176,2033556,13158.700,4678.915,0,1770.076,0,207.774,3837,5711,1.330,1.270,1.260,0,0,0,0,0,18,316,0,70,0
04-05 23:49:17,17.515,5.004,73.063,3.253,0,5663656,171140,180384,2001972,44230.101,16671.361,4.003,8839.615,1.001,124.107,4889,14367,1.330,1.270,1.260,0,3,36.031,0,0,18,316,0,71,0
04-05 23:49:18,19.757,4.001,63.772,10.004,0,5663800,170788,180424,2002140,5411.909,486.171,0,2488.878,0,344.121,7604,11980,1.330,1.270,1.260,0,1,0,0,0,18,316,0,71,0
04-05 23:49:19,20.777,4.756,55.823,17.273,0,5663436,170536,180444,2002736,5318.930,486.634,32.042,8963.678,1.001,679.886,7813,13029,1.330,1.270,1.260,10,1,0,0,0,18,316,0,71,0
04-05 23:49:20,22.571,4.013,66.209,5.267,0,5663960,169780,180452,2002960,18221.565,694.193,0,3812.043,0,219.694,7713,11515,1.300,1.260,1.260,2,2,0,0,0,18,316,0,67,0
04-05 23:49:21,16.419,2.736,73.139,4.975,0,5663728,169780,180476,2003168,13735.176,3201.193,0,2495.676,0,241.806,5505,8402,1.300,1.260,1.260,0,1,0,0,0,18,315,0,69,0
04-05 23:49:22,9.001,1.750,84.011,3.500,0,5665740,167768,180488,2003156,6235.830,486.065,60.008,2268.302,4.001,145.019,2925,4263,1.300,1.260,1.260,0,2,1.000,0,0,18,316,0,69,0
04-05 23:49:23,13.275,1.753,74.643,8.767,0,5665572,167544,180504,2003532,31376.015,12030.011,0,4304.233,0,389.745,3926,5368,1.300,1.260,1.260,0,1,0,0,0,18,315,0,69,0
04-05 23:49:24,14.766,3.504,75.579,4.755,0,5665572,167544,180524,2003512,7989.403,486.512,0,1657.744,0,202.213,5625,8858,1.300,1.260,1.260,3,1,0,0,0,18,316,0,63,0
04-05 23:49:25,23.009,4.752,59.773,10.754,0,5664968,167544,180544,2004096,9039.501,540.209,0,4605.784,0,461.179,7952,12658,1.280,1.260,1.250,1,1,0,0,0,18,316,0,64,0
04-05 23:49:26,22.255,4.001,62.763,9.002,0,5665412,166852,180548,2004340,7310.550,486.103,0,6697.420,0,428.091,7524,11408,1.280,1.260,1.250,1,0,0,0,0,18,316,0,64,0
04-05 23:49:27,11.958,2.491,72.743,10.712,0,5665444,166600,180556,2004552,8610.635,3257.513,0,1626.265,0,190.329,4576,7282,1.280,1.260,1.250,1,2,0,0,0,18,315,0,65,0
04-05 23:49:28,13.502,1.750,77.263,5.251,0,5665812,166096,180560,2004684,33557.863,14037.452,0,2832.495,0,199.035,3545,4871,1.280,1.260,1.250,1,0,0,0,0,18,316,0,61,0
04-05 23:49:29,13.274,1.753,78.144,6.011,0,5665688,166096,180560,2004808,43552.132,18938.846,0,845.556,0,76.140,2872,3736,1.280,1.260,1.250,1,0,0,0,0,18,316,0,61,0
04-05 23:49:30,12.978,1.248,82.361,1.747,0,5665572,166096,180564,2004920,24718.299,10128.912,0,826.605,0,78.867,3136,4188,1.180,1.230,1.250,1,0,0,0,0,18,316,0,61,0
04-05 23:49:31,14.058,1.506,82.087,1.757,0,5665488,166096,180564,2005004,55219.717,23962.383,0,851.496,0,101.416,2547,2746,1.180,1.230,1.250,2,0,0,0,0,18,315,0,61,0
04-05 23:49:32,6.212,0.994,90.191,0.248,0,5665468,166096,180564,2005024,24900.711,9604.489,0,520.773,0,42.735,1938,2448,1.180,1.230,1.250,1,0,0.994,0,0,18,316,0,56,0
04-05 23:49:33,13.525,1.503,79.650,4.508,0,5666820,164640,180572,2005120,32211.515,11897.351,0,4813.042,0,447.841,3699,4707,1.180,1.230,1.250,0,0,0,0,0,18,315,0,57,0
04-05 23:49:34,22.573,4.515,64.710,6.020,0,5666300,164640,180588,2005624,28048.986,9563.021,0,2014.535,0,252.820,7057,10925,1.180,1.230,1.250,6,1,0,0,0,18,316,0,58,0
04-05 23:49:35,18.010,5.003,58.034,17.260,0.250,5665972,164640,180604,2005932,5363.099,486.281,0,9285.365,0,600.347,6984,11775,1.160,1.230,1.250,4,1,0,0,0,18,316,0,58,0
04-05 23:49:36,21.185,4.736,64.054,7.477,0,5665468,164640,180640,2006400,9345.413,484.518,0,3337.790,0,245.250,7442,11479,1.160,1.230,1.250,0,4,0,0,0,18,316,0,51,0
04-05 23:49:37,7.242,1.498,83.903,4.994,0,5665604,164388,180672,2006484,11452.754,3357.117,0,1410.369,0,144.832,2940,4473,1.160,1.230,1.250,0,1,0,0,0,18,315,0,53,0
04-05 23:49:38,15.260,2.251,75.047,6.504,0,5665636,164136,180708,2006668,20855.010,9429.882,0,2229.391,0,197.123,3706,4968,1.160,1.230,1.250,2,1,6.004,0,0,18,316,0,53,0
04-05 23:49:39,10.240,1.498,82.665,3.496,0,5665608,164136,180716,2006688,19315.197,3139.781,0,1294.673,0,110.886,3225,4358,1.160,1.230,1.250,7,0,0,0,0,18,316,0,53,0
04-05 23:49:40,7.464,1.990,87.081,3.234,0,5665272,164136,180728,2007012,9094.250,2387.514,0,967.346,0,100.516,2699,4326,1.070,1.210,1.240,4,1,0,0,0,18,317,0,51,0
04-05 23:49:41,25.742,5.047,58.550,8.328,0,5658492,170648,180756,2007252,27485.255,7683.192,0,3508.971,0,382.595,7970,12423,1.070,1.210,1.240,1,2,0,0,0,18,316,0,51,0
04-05 23:49:42,16.436,4.483,63.255,13.946,0,5658196,170684,180808,2007460,6582.507,484.125,0,8299.856,0,542.897,6765,10788,1.070,1.210,1.240,1,0,0.996,0,0,18,316,0,52,0
04-05 23:49:43,19.251,3.500,65.753,9.250,0,5657964,170684,180824,2007676,3645.152,486.020,0,1564.065,0,184.008,6319,9742,1.070,1.210,1.240,2,1,0,0,0,18,315,0,55,0
04-05 23:49:44,8.509,1.752,83.839,3.754,0,5658464,169940,180844,2007900,13365.201,3347.557,0,2014.140,0,165.176,3278,5105,1.070,1.210,1.240,3,0,1.001,0,0,18,316,0,54,0
04-05 23:49:45,12.239,2.498,80.429,2.748,0,5661400,166856,180848,2008044,31970.785,11774.609,0,1454.716,0,151.866,3649,5547,1.060,1.210,1.240,1,0,2.997,0,0,18,315,0,54,0
04-05 23:49:46,21.243,3.749,68.477,5.248,0,5661276,166856,180860,2008156,7519.463,485.836,0,2283.230,0,275.907,6418,10417,1.060,1.210,1.240,2,2,1.999,0,0,18,316,0,56,0
04-05 23:49:47,22.749,4.500,62.497,8.750,0,5661096,166604,180868,2008580,6894.695,485.978,0,4695.792,0,417.981,7538,12130,1.060,1.210,1.240,2,1,0,0,0,18,316,0,57,0
04-05 23:49:48,21.012,4.252,61.286,11.006,0,5661892,164868,180912,2009476,8327.831,486.282,0,6399.713,0,435.253,7405,11653,1.060,1.210,1.240,3,1,0,0,0,18,316,0,52,0
04-05 23:49:49,17.822,4.267,59.992,16.065,0,5661484,164868,180928,2009868,7153.898,487.971,0,6811.515,0,443.793,6464,10183,1.060,1.210,1.240,5,2,0,0,0,18,316,0,53,0
04-05 23:49:50,20.422,3.985,64.754,7.223,0,5661708,164112,180960,2010368,3560.448,484.157,0,2677.807,0,265.988,7530,11967,1.780,1.350,1.290,3,1,0,0,0,18,316,0,53,0
04-05 23:49:51,17.559,3.512,68.729,9.030,0,5662360,163356,180976,2010456,6080.300,487.628,0,3174.599,0,208.697,5749,8721,1.780,1.350,1.290,4,1,0,0,0,18,315,0,53,0
04-05 23:49:52,6.199,1.736,84.301,5.703,0,5662132,163356,180980,2010680,16132.303,3253.040,0,1967.693,0,164.636,2893,4448,1.780,1.350,1.290,1,1,1.984,0,0,18,315,0,54,0
04-05 23:49:53,7.281,1.255,86.614,3.515,0,5662080,163356,181000,2010712,10443.881,3124.126,0,2145.012,0,204.861,3012,4464,1.780,1.350,1.290,1,1,0,0,0,18,315,0,54,0
04-05 23:49:54,13.529,2.505,65.643,15.534,0,5662176,163132,181032,2010808,12475.142,2702.881,0,10238.276,0,706.537,5040,7502,1.780,1.350,1.290,4,0,0,0,0,18,315,0,54,0
04-05 23:49:55,8.731,1.746,85.316,3.243,0,5662164,162880,181044,2011060,18602.925,4805.647,0,1161.498,0,115.751,3118,4636,1.640,1.330,1.280,0,0,0,0,0,18,316,0,54,0
04-05 23:49:56,9.965,1.744,83.955,2.491,0,5662104,162880,181056,2011108,25955.773,7703.923,0,1407.055,0,144.492,3461,4890,1.640,1.330,1.280,2,0,0,0,0,18,316,0,55,0
04-05 23:49:57,19.829,4.267,62.751,11.044,0,5661940,162880,181076,2011252,5633.535,487.952,0,2204.820,0,290.161,7650,12101,1.640,1.330,1.280,5,1,1.004,0,0,18,316,0,50,0
04-05 23:49:58,22.747,4.000,64.743,6.249,0,5662340,162124,181088,2011596,4471.495,485.945,0,3475.607,0,291.967,7621,11841,1.640,1.330,1.280,0,2,0,0,0,18,316,0,51,0
04-05 23:49:59,23.054,4.761,62.648,7.518,0,5663032,161116,181120,2011880,3312.804,487.148,16.038,2802.602,1.002,273.645,7756,12048,1.640,1.330,1.280,2,2,0,0,0,18,315,0,55,0
04-05 23:50:00,5.473,2.239,85.077,6.219,0,5663108,160644,181148,2012248,15908.905,3240.887,0,5317.562,0,342.298,3038,5232,1.510,1.310,1.270,4,1,0,0,0,18,316,0,55,0
04-05 23:50:01,10.252,1.750,81.515,4.251,0,5662584,161140,181156,2012268,30422.498,11745.122,0,1496.270,0,133.024,3071,4223,1.510,1.310,1.270,3,1,0,0,0,18,315,0,48,0
04-05 23:50:02,19.629,4.530,67.947,6.543,0,5662692,160664,181192,2012600,7610.081,489.220,32.212,3176.907,1.007,365.405,7358,11420,1.510,1.310,1.270,0,1,3.020,0,0,18,316,0,49,0
04-05 23:50:03,19.243,4.498,62.976,11.246,0,5662476,160664,181248,2012760,6778.392,485.813,0,4558.246,0,464.821,7573,12171,1.510,1.310,1.270,0,1,0,0,0,18,316,0,49,0
04-05 23:50:04,23.987,4.997,61.217,8.745,0,5662652,160160,181264,2013072,7423.045,485.741,0,3722.017,0,328.825,7810,12722,1.510,1.310,1.270,3,1,0,0,0,18,316,0,54,0
04-05 23:50:05,15.949,3.987,55.073,22.179,0.249,5662268,160156,181288,2013436,8235.500,484.441,47.846,10833.142,1.994,745.601,6649,10412,1.710,1.350,1.290,0,1,0,0,0,18,315,0,55,0
04-05 23:50:06,5.514,1.003,87.476,4.512,0,5662532,159652,181304,2013660,9673.996,3253.406,0,3136.103,0,152.394,2430,3701,1.710,1.350,1.290,2,0,0,0,0,18,315,0,55,0
04-05 23:50:07,10.468,1.495,81.498,4.985,0,5662488,159652,181304,2013704,28265.670,9502.640,0,1802.431,0,125.612,3033,4088,1.710,1.350,1.290,0,1,0,0,0,18,315,0,55,0
04-05 23:50:08,13.509,1.751,79.804,3.502,0,5662396,159652,181320,2013780,32200.667,11750.907,0,1444.972,0,143.096,3510,4606,1.710,1.350,1.290,0,1,0,0,0,18,315,0,55,0
04-05 23:50:09,17.292,2.506,74.934,4.010,0,5662676,159148,181328,2013996,3415.369,487.194,0,1852.540,0,173.425,4978,7068,1.710,1.350,1.290,3,4,0,0,0,18,316,0,51,0
04-05 23:50:10,20.037,4.508,63.118,10.019,0,5662344,158896,181348,2014560,7947.872,486.911,180.337,2508.694,11.021,295.553,7366,12266,1.650,1.350,1.280,0,1,3.006,0,0,18,316,0,51,0
04-05 23:50:11,18.414,4.230,57.980,17.170,0,5662424,158644,181384,2014696,8204.778,525.552,0,8102.256,0,558.399,7008,11071,1.650,1.350,1.280,1,1,0,0,0,18,316,0,51,0
04-05 23:50:12,22.138,4.229,63.677,7.711,0,5663936,156880,181396,2014936,7937.749,483.548,0,4202.689,0,313.411,7218,11185,1.650,1.350,1.280,6,0,0.995,0,0,18,315,0,54,0
04-05 23:50:13,20.104,4.021,63.580,10.555,0,5664200,156376,181432,2015140,8059.839,488.536,0,1954.144,0,246.278,6824,10512,1.650,1.350,1.280,1,2,0,0,0,18,316,0,49,0
04-05 23:50:14,24.797,3.507,61.617,9.017,0,5664004,156124,181440,2015580,3778.203,486.928,0,2292.370,0,276.527,6707,10502,1.650,1.350,1.280,4,1,0,0,0,18,316,0,50,0
04-05 23:50:15,22.059,4.512,65.675,6.267,0,5665616,154108,181464,2015960,8568.776,487.295,0,2602.919,0,216.576,7167,11455,1.600,1.340,1.280,1,1,0,0,0,18,316,0,51,0
04-05 23:50:16,21.146,4.727,63.189,7.712,0,5665876,153604,181488,2016180,6100.982,483.620,0,3240.058,0,384.110,8059,12980,1.600,1.340,1.280,1,1,0,0,0,18,316,0,51,0
04-05 23:50:17,27.122,6.278,46.459,18.583,0,5673360,177624,179968,1986204,23547.802,9575.021,0,9201.342,0,568.555,7995,23485,1.600,1.340,1.280,1,2,36.162,0,0,18,316,0,51,0
04-05 23:50:18,22.901,4.232,67.209,4.232,0,5672656,178192,179984,1986364,8461.366,483.905,0,1413.879,0,151.345,7222,10343,1.600,1.340,1.280,0,1,0,0,0,18,316,0,51,0
04-05 23:50:19,19.572,4.768,60.473,12.295,0,5672640,177944,179996,1986616,5250.398,487.802,0,3243.985,0,330.220,7491,11908,1.600,1.340,1.280,3,1,0,0,0,18,316,0,51,0
04-05 23:50:20,22.410,4.233,64.490,7.470,0,5672464,177720,180004,1987008,9693.991,577.675,0,2422.253,0,289.834,7654,12462,1.630,1.350,1.290,0,1,0,0,0,18,316,0,53,0
04-05 23:50:21,16.526,4.006,55.838,21.284,0,5671960,178088,180012,1987136,6087.625,540.855,0,14018.165,0,807.276,6387,9687,1.630,1.350,1.290,0,2,0,0,0,18,315,0,53,0
04-05 23:50:22,5.738,0.748,88.817,2.994,0.249,5671784,178100,180012,1987300,7538.500,3207.405,0,1201.529,0,100.793,2314,3629,1.630,1.350,1.290,1,1,0.998,0,0,18,316,0,53,0
04-05 23:50:23,10.009,2.252,83.071,3.503,0,5671700,178100,180012,1987384,12150.403,3215.753,0,1024.878,0,129.111,3263,5013,1.630,1.350,1.290,0,1,0,0,0,18,315,0,55,0
04-05 23:50:24,12.267,3.004,72.600,10.264,0,5671468,178100,180012,1987616,11699.139,3272.514,0,2098.895,0,216.298,4169,6348,1.630,1.350,1.290,3,0,0,0,0,18,315,0,56,0
04-05 23:50:25,11.897,2.231,79.812,4.709,0,5671000,178100,180016,1988080,7433.888,620.647,0,1499.072,0,162.598,3866,6039,1.500,1.330,1.280,2,0,0,0,0,18,316,0,55,0
04-05 23:50:26,4.513,1.003,91.761,1.254,0,5671224,177848,180016,1988108,9827.912,3195.074,0,946.689,0,73.208,1914,2828,1.500,1.330,1.280,3,0,0,0,0,18,315,0,55,0
04-05 23:50:27,17.797,2.507,73.945,4.011,0,5671140,177848,180016,1988192,57367.204,23205.162,0,1640.323,0,184.486,4608,6286,1.500,1.330,1.280,0,1,0,0,0,18,315,0,55,0
04-05 23:50:28,12.524,1.252,79.402,4.759,0,5671076,177848,180028,1988244,33898.034,11819.676,0,2051.937,0,193.371,3478,5040,1.500,1.330,1.280,0,1,0,0,0,18,315,0,56,0
04-05 23:50:29,12.232,1.997,80.385,3.994,0,5671108,177596,180032,1988460,25118.061,11684.282,0,1138.371,0,107.846,3266,4422,1.500,1.330,1.280,4,0,0,0,0,18,316,0,56,0
04-05 23:50:30,13.526,4.008,67.883,12.274,0,5670800,177596,180092,1988708,4699.183,781.527,0,7302.270,0,521.018,6356,10464,1.460,1.320,1.280,2,1,0,0,0,18,316,0,56,0
04-05 23:50:31,21.486,3.997,62.211,8.744,0,5670792,177356,180132,1988916,7777.074,485.692,0,2598.354,0,307.805,7295,11484,1.460,1.320,1.280,1,2,0,0,0,18,316,0,59,0
04-05 23:50:32,22.021,4.254,62.310,11.011,0,5671328,176600,180180,1989088,7265.988,540.520,0,3363.235,0,234.225,6957,10503,1.460,1.320,1.280,3,1,1.001,0,0,18,316,0,59,0
04-05 23:50:33,21.473,4.245,65.418,6.492,0,5671680,175844,180216,1989456,8134.745,485.388,0,2424.943,0,271.658,7350,11456,1.460,1.320,1.280,0,3,0,0,0,18,316,0,61,0
04-05 23:50:34,21.344,4.771,60.517,10.547,0,5673556,173912,180232,1989496,9351.282,542.394,0,3756.584,0,350.548,7651,12205,1.460,1.320,1.280,3,2,0,0,0,18,316,0,61,0
04-05 23:50:35,10.706,2.988,70.958,13.445,0,5673148,173848,180280,1989920,14617.891,3200.838,0,8162.436,0,545.756,4592,7614,1.580,1.350,1.290,0,1,0,0,0,18,315,0,63,0
04-05 23:50:36,4.002,1.001,73.544,18.761,0,5673436,173400,180292,1990068,11272.804,540.326,0,6371.846,0,404.244,2419,3313,1.580,1.350,1.290,2,3,0,0,0,18,316,0,63,0
04-05 23:50:37,5.743,1.498,90.133,1.748,0,5673356,173400,180300,1990140,9037.246,3149.903,0,1334.265,0,136.822,2549,3891,1.580,1.350,1.290,0,0,0,0,0,18,315,0,63,0
04-05 23:50:38,13.248,3.249,75.987,5.249,0,5675412,171240,180324,1990232,12389.842,2750.521,15.997,1855.677,1.000,203.964,4683,6728,1.580,1.350,1.290,0,0,5.999,0,0,18,315,0,58,0
04-05 23:50:39,9.750,1.500,83.501,4.250,0,5675460,170988,180332,1990428,14024.104,4684.035,0,1084.008,0,103.001,2944,4109,1.580,1.350,1.290,5,1,1.000,0,0,18,316,0,58,0
04-05 23:50:40,13.785,2.506,79.701,3.258,0,5676272,170008,180356,1990572,21782.000,7618.236,0,2017.093,0,185.468,4363,6727,1.460,1.330,1.280,1,4,0,0,0,18,316,0,58,0
04-05 23:50:41,19.248,4.500,63.495,10.749,0,5676180,169784,180396,1990848,8425.289,485.959,0,2383.799,0,257.978,6890,10422,1.460,1.330,1.280,1,1,0,0,0,18,316,0,61,0
04-05 23:50:42,23.308,4.261,60.902,9.273,0,5676128,169504,180448,1991128,8527.222,541.347,0,2770.896,0,313.781,7876,12484,1.460,1.330,1.280,2,2,1.002,0,0,18,316,0,60,0
04-05 23:50:43,20.677,5.481,55.555,15.695,0,5677516,167740,180508,1991444,8392.526,623.809,0,8366.617,0,522.166,7795,12385,1.460,1.330,1.280,2,0,0,0,0,18,316,0,61,0
04-05 23:50:44,7.257,1.752,86.328,3.753,0,5677184,167740,180520,1991764,12598.360,3125.819,0,1301.173,0,104.094,2817,4085,1.460,1.330,1.280,4,2,1.001,0,0,18,316,0,61,0
04-05 23:50:45,10.476,1.746,83.559,2.993,0,5677228,166984,180524,1992472,31710.658,11955.725,0,1759.985,0,155.645,3311,5035,1.340,1.310,1.270,0,1,0,0,0,18,315,0,61,0
04-05 23:50:46,17.804,4.263,64.196,10.532,0,5682720,161244,180552,1992692,35904.612,541.654,0,2094.394,0,246.753,6604,9968,1.340,1.310,1.270,1,2,3.009,0,0,18,316,0,55,0
04-05 23:50:47,20.467,4.493,59.905,13.728,0,5682672,160992,180568,1992976,5351.491,485.228,0,4836.310,0,367.416,7375,11640,1.340,1.310,1.270,0,1,1.997,0,0,18,316,0,58,0
04-05 23:50:48,16.478,4.244,62.918,15.230,0,5683532,159984,180604,1993088,8201.253,3258.730,0,7222.535,0,544.287,6148,10042,1.340,1.310,1.270,0,2,0.999,0,0,18,315,0,60,0
04-05 23:50:49,8.757,1.001,81.068,7.256,0,5683540,159732,180620,1993316,12021.038,3217.687,0,1561.304,0,155.130,3116,4564,1.340,1.310,1.270,5,1,0,0,0,18,315,0,60,0
04-05 23:50:50,5.973,1.493,87.109,3.982,0,5683424,159732,180628,1993424,6384.368,537.589,31.857,1425.607,1.991,115.482,2602,4038,1.230,1.280,1.260,5,1,0.996,0,0,18,316,0,58,0
04-05 23:50:51,3.762,0.752,91.548,2.508,0,5683604,159480,180628,1993496,13412.605,3226.490,0,846.753,0,78.254,1872,2713,1.230,1.280,1.260,0,1,0,0,0,18,315,0,58,0
04-05 23:50:52,11.249,2.250,74.744,10.749,0,5684132,158764,180636,1993676,20628.367,7130.435,0,7003.445,0,527.958,4059,5355,1.230,1.280,1.260,2,0,1.000,0,0,18,316,0,58,0
04-05 23:50:53,4.252,0.750,91.797,1.501,0,5684108,158764,180640,1993696,11825.044,2648.354,0,916.468,0,81.041,1850,2714,1.230,1.280,1.260,0,1,0,0,0,18,316,0,58,0
04-05 23:50:54,17.010,2.752,72.545,6.004,0,5684424,158260,180656,1993868,29050.879,10395.398,0,1745.074,0,197.121,4547,6452,1.230,1.280,1.260,5,0,0,0,0,18,315,0,57,0
04-05 23:50:55,7.497,1.749,84.965,4.248,0,5684216,158260,180668,1994064,9413.077,3148.688,0,1531.362,0,144.940,3311,5258,1.130,1.260,1.260,0,0,0,0,0,18,315,0,57,0
04-05 23:50:56,9.262,1.752,84.359,3.505,0,5684196,158008,180676,1994328,9843.724,540.699,0,1834.371,0,148.192,2958,4337,1.130,1.260,1.260,2,2,0,0,0,18,315,0,58,0
04-05 23:50:57,6.505,1.751,84.313,6.505,0,5684152,158008,180716,1994332,11760.815,3121.340,0,5532.147,0,352.264,2949,4451,1.130,1.260,1.260,3,0,0,0,0,18,315,0,59,0
04-05 23:50:58,13.137,1.735,81.548,1.487,0,5685076,157000,180724,1994408,45723.403,18540.400,0,1154.066,0,125.916,3310,4255,1.130,1.260,1.260,2,0,0,0,0,18,317,0,58,0
04-05 23:50:59,4.526,1.257,92.526,0.754,0,5685072,157000,180724,1994412,11073.996,2799.928,0,595.387,0,42.240,1703,2452,1.130,1.260,1.260,4,0,0,0,0,18,317,0,58,0
04-05 23:51:00,10.686,1.491,86.484,1.491,0,5685060,156748,180724,1994676,28520.890,12457.697,0,485.107,0,39.763,2275,3302,1.040,1.240,1.250,2,1,0,0,0,18,315,0,58,0
04-05 23:51:01,3.777,0.755,92.151,1.762,0,5685040,156748,180732,1994688,7734.682,2540.964,0,757.354,0,64.456,1651,2501,1.040,1.240,1.250,1,1,0,0,0,18,316,0,58,0
04-05 23:51:02,9.253,1.250,85.528,2.501,0,5685004,156748,180736,1994720,29978.793,9829.211,0,884.289,0,92.030,2843,3734,1.040,1.240,1.250,0,1,4.001,0,0,18,315,0,53,0
04-05 23:51:03,11.782,1.755,82.722,2.005,0,5684820,156748,180736,1994904,31130.373,12039.244,0,1175.147,0,143.384,3203,4134,1.040,1.240,1.250,0,1,0,0,0,18,315,0,54,0
04-05 23:51:04,16.491,3.498,76.209,3.248,0,5685052,156496,180744,1994916,7909.739,539.709,0,1731.067,0,184.900,5493,8652,1.040,1.240,1.250,5,1,0.999,0,0,18,316,0,55,0
04-05 23:51:05,20.953,4.490,63.359,8.731,0,5684784,156244,180772,1995408,7666.967,484.923,0,2458.538,0,282.373,7204,11464,1.040,1.240,1.250,4,1,0,0,0,18,315,0,57,0
04-05 23:51:06,5.764,1.002,87.710,4.010,0,5685100,155740,180780,1995588,13934.344,3270.827,0,2510.006,0,173.415,2481,3674,1.040,1.240,1.250,1,1,0,0,0,18,316,0,50,0
04-05 23:51:07,14.718,2.994,73.840,6.236,0,5685196,155488,180784,1995740,27423.605,11741.570,0,1556.629,0,171.628,4368,6252,1.040,1.240,1.250,0,1,0,0,0,18,316,0,50,0
04-05 23:51:08,12.555,4.018,57.755,23.604,0,5685360,155264,180808,1995776,6099.936,783.460,0,11575.112,0,805.557,5690,8599,1.040,1.240,1.250,5,0,0,0,0,18,316,0,51,0
04-05 23:51:09,20.676,4.235,63.522,9.217,0,5685824,154508,180812,1996064,5094.704,484.261,0,3260.292,0,266.045,7624,11714,1.040,1.240,1.250,4,1,0,0,0,18,316,0,54,0
04-05 23:51:10,20.494,4.999,63.731,8.498,0,5686556,153248,180828,1996576,8160.607,581.829,0,2079.390,0,221.935,6999,10915,1.200,1.270,1.260,0,2,0,0,0,18,315,0,53,0
04-05 23:51:11,5.764,1.002,87.212,4.762,0,5686880,152744,180836,1996748,9593.360,3217.836,0,2073.048,0,139.339,2288,3368,1.200,1.270,1.260,2,0,0,0,0,18,316,0,53,0
04-05 23:51:12,9.707,1.991,78.406,8.214,0,5687012,152492,180852,1996852,8378.263,537.643,15.930,1146.971,0.996,148.350,3735,5655,1.200,1.270,1.260,1,1,0.996,0,0,18,316,0,54,0
04-05 23:51:13,14.700,1.993,76.990,5.481,0,5686892,152492,180868,1996956,28617.392,11703.491,0,2471.656,0,245.172,4118,5945,1.200,1.270,1.260,2,1,0,0,0,18,315,0,54,0
04-05 23:51:14,11.018,2.754,80.131,3.506,0,5687004,152240,180880,1997084,11240.320,3094.043,0,2127.467,0,182.297,4017,5970,1.200,1.270,1.260,4,1,0,0,0,18,316,0,55,0
04-05 23:51:15,10.777,2.256,74.438,11.278,0,5686968,151988,180892,1997360,11805.806,2824.130,0,5493.871,0,362.916,4190,6770,1.180,1.260,1.260,0,2,1.003,0,0,18,316,0,50,0
04-05 23:51:16,11.504,1.751,80.276,6.002,0,5687444,151484,180892,1997388,34322.908,9973.169,0,1552.493,0,127.040,3227,4455,1.180,1.260,1.260,1,1,0,0,0,18,316,0,51,0
04-05 23:51:17,24.754,5.501,58.260,8.251,0,5688964,179060,179640,1969544,30669.246,9653.651,0,1920.328,0,250.043,7627,23519,1.180,1.260,1.260,2,2,36.006,0,0,18,316,0,53,0
04-05 23:51:18,22.745,4.749,61.486,9.748,0,5688544,179152,179692,1969828,10616.594,539.878,0,3963.102,0,427.903,8128,12883,1.180,1.260,1.260,1,1,0,0,0,18,316,0,55,0
04-05 23:51:19,22.230,3.996,61.445,9.991,0,5688452,178932,179716,1970116,12513.717,539.514,0,2237.982,0,186.832,7551,11262,1.180,1.260,1.260,4,2,0.999,0,0,18,316,0,53,0
04-05 23:51:20,17.248,4.749,65.491,10.499,0,5687844,177792,179752,1971828,31526.681,3198.562,0,3203.561,0,273.962,6299,9623,1.330,1.290,1.270,0,1,0,0,0,18,318,0,54,0
04-05 23:51:21,6.764,1.754,79.913,10.271,0,5687640,177792,179764,1972020,10942.370,727.487,0,5567.382,0,342.701,3003,4648,1.330,1.290,1.270,2,0,0,0,0,18,319,0,54,0
04-05 23:51:22,10.286,2.007,81.281,5.017,0,5687888,177300,179772,1972256,9493.771,541.870,0,2368.175,0,259.897,4149,6382,1.330,1.290,1.270,1,1,1.003,0,0,18,317,0,54,0
04-05 23:51:23,11.706,1.245,75.962,9.713,0,5687704,177300,179788,1972424,36860.118,11830.105,0,2139.879,0,161.388,3476,4687,1.330,1.290,1.270,1,2,0,0,0,18,317,0,48,0
04-05 23:51:24,12.643,2.479,68.175,13.139,0.248,5684036,180828,179792,1972560,13617.133,3185.132,0,6790.717,0,493.834,4426,6146,1.330,1.290,1.270,5,2,0,0,0,18,315,0,51,0
04-05 23:51:25,8.821,2.268,82.413,6.049,0,5683804,180828,179800,1972784,8598.126,489.939,0,1004.072,0,109.883,3192,5085,1.220,1.270,1.260,1,2,0,0,0,18,315,0,51,0
04-05 23:51:26,9.238,1.248,85.135,3.246,0,5683712,180828,179800,1972876,31961.808,11781.080,0,1114.494,0,98.866,2716,3588,1.220,1.270,1.260,5,0,0,0,0,18,316,0,51,0
04-05 23:51:27,20.025,3.504,62.579,11.765,0,5683424,180828,179804,1973160,3220.042,486.611,0,2739.439,0,303.381,6894,10995,1.220,1.270,1.260,2,1,0,0,0,18,316,0,49,0
04-05 23:51:28,18.836,4.521,59.021,15.069,0,5683828,180324,179828,1973236,13124.190,488.239,0,8941.005,0,615.824,8020,12833,1.220,1.270,1.260,1,2,1.005,0,0,18,316,0,50,0
04-05 23:51:29,21.045,3.961,60.906,11.389,0,5684464,179568,179832,1973352,11252.294,534.786,0,3006.686,0,253.528,6990,11156,1.220,1.270,1.260,1,4,0,0,0,18,316,0,52,0
04-05 23:51:30,22.870,4.775,63.835,7.791,0,5685148,178308,179836,1973924,13826.598,3056.046,0,2408.647,0,273.436,7972,12598,1.200,1.270,1.260,0,1,0,0,0,18,316,0,54,0
04-05 23:51:31,6.498,1.999,86.476,3.999,0,5684984,178308,179840,1974084,8536.644,659.818,0,2071.428,0,139.961,2617,3807,1.200,1.270,1.260,3,1,0,0,0,18,317,0,52,0
04-05 23:51:32,11.028,2.757,77.946,6.767,0,5685852,177304,179860,1974200,4852.190,681.713,0,2337.873,0,257.647,4377,6486,1.200,1.270,1.260,1,1,1.003,0,0,18,316,0,52,0
04-05 23:51:33,8.476,1.496,78.032,9.972,0,5684328,178804,179868,1974216,31978.630,11636.480,0,5325.118,0,487.637,3067,3757,1.200,1.270,1.260,2,1,1.994,0,0,18,316,0,52,0
04-05 23:51:34,17.010,3.002,73.294,5.753,0,5685044,177824,179884,1974464,30085.185,12596.614,0,1929.166,0,232.140,4630,6605,1.200,1.270,1.260,2,1,0,0,0,18,317,0,54,0
04-05 23:51:35,13.004,2.501,77.527,5.752,0,5685028,177600,179900,1974688,23847.191,7298.507,0,1716.590,0,163.056,4052,5983,1.270,1.280,1.260,1,1,0,0,0,18,318,0,47,0
04-05 23:51:36,10.742,1.998,71.445,12.990,0,5685440,177096,179920,1974760,19685.801,4983.153,0,6131.266,0,405.687,4337,6889,1.270,1.280,1.260,1,2,0,0,0,18,318,0,47,0
04-05 23:51:37,21.174,4.982,64.768,7.722,0,5685088,177096,179992,1975040,7919.670,484.268,31.886,2730.233,0.996,328.824,7454,11974,1.270,1.280,1.260,2,1,0,0,0,18,318,0,47,0
04-05 23:51:38,20.864,5.530,62.090,10.055,0,5686156,175836,180020,1975204,6312.562,488.676,0,3277.947,0,340.866,7409,11635,1.270,1.280,1.260,1,1,6.033,0,0,18,318,0,47,0
04-05 23:51:39,14.725,3.244,71.878,8.236,0,5686708,174828,180040,1975640,8331.852,3200.565,15.973,2847.165,0.998,247.580,5076,8022,1.270,1.280,1.260,1,2,0,0,0,18,317,0,47,0
04-05 23:51:40,12.048,2.510,79.319,5.271,0,5686388,174828,180048,1975952,10989.221,4888.672,0,2931.798,0,231.933,3804,6079,1.160,1.260,1.260,3,1,0,0,0,18,318,0,48,0
04-05 23:51:41,8.183,0.992,84.802,3.967,0,5686384,174576,180064,1976192,17986.945,5614.783,0,1900.358,0,151.751,2750,3928,1.160,1.260,1.260,2,0,0,0,0,18,318,0,48,0
04-05 23:51:42,11.575,2.013,82.028,3.271,0,5686608,174324,180072,1976212,30155.270,9823.285,0,1392.974,0,129.836,3188,4317,1.160,1.260,1.260,3,0,1.006,0,0,18,318,0,48,0
04-05 23:51:43,10.002,1.250,75.015,11.002,0,5686488,174324,180088,1976316,34842.913,11745.330,0,6337.257,0,399.079,3818,5706,1.160,1.260,1.260,1,0,0,0,0,18,318,0,44,0
04-05 23:51:44,21.298,3.508,64.644,9.271,0,5686536,174072,180104,1976504,8299.519,487.087,0,2746.128,0,253.566,6871,10369,1.160,1.260,1.260,1,2,0,0,0,18,318,0,44,0
04-05 23:51:45,18.655,3.731,68.649,6.467,0,5686264,173820,180136,1976996,13487.117,3238.460,0,3681.199,0,336.282,6715,10789,1.150,1.250,1.250,0,2,0,0,0,18,317,0,47,0
04-05 23:51:46,8.254,1.251,84.543,4.752,0,5686596,173316,180144,1977160,14317.351,2524.296,0,1664.855,0,108.055,2636,3742,1.150,1.250,1.250,0,2,1.001,0,0,18,318,0,47,0
04-05 23:51:47,11.048,2.009,79.844,5.022,0,5693520,166292,180156,1977248,28231.808,9748.059,0,1269.477,0,120.520,3371,4923,1.150,1.250,1.250,0,1,3.013,0,0,18,318,0,43,0
04-05 23:51:48,26.107,4.973,61.164,6.465,0,5692412,166956,180172,1977676,4861.333,483.349,127.302,2677.313,7.956,308.309,8575,13611,1.150,1.250,1.250,1,2,0.995,0,0,18,318,0,46,0
04-05 23:51:49,14.025,3.506,72.128,8.014,0,5692176,166956,180188,1977896,12093.461,3263.792,0,5060.981,0,301.535,4975,7652,1.150,1.250,1.250,1,1,1.002,0,0,18,317,0,49,0
04-05 23:51:50,13.488,2.748,68.690,12.989,0,5692492,166256,180240,1978228,5799.910,1928.308,0,11877.576,0,777.318,4840,7145,1.060,1.230,1.250,2,0,0,0,0,18,318,0,52,0
04-05 23:51:51,4.262,1.003,89.510,4.012,0,5692312,166256,180248,1978400,11321.878,1765.126,0,1568.555,0,103.300,1991,2787,1.060,1.230,1.250,2,1,0,0,0,18,318,0,50,0
04-05 23:51:52,10.968,1.496,80.767,4.238,0,5692508,166008,180260,1978440,28012.039,11469.849,0,1100.818,0,119.654,3347,4616,1.060,1.230,1.250,0,1,0.997,0,0,18,318,0,50,0
04-05 23:51:53,11.759,1.501,82.812,2.502,0,5691960,166460,180284,1978512,34443.961,11950.007,0,1769.334,0,172.130,3467,4699,1.060,1.230,1.250,1,0,0,0,0,18,318,0,51,0
04-05 23:51:54,16.225,3.744,71.390,6.740,0,5691788,166460,180324,1978644,5286.866,856.682,0,1877.112,0,205.684,5706,9005,1.060,1.230,1.250,6,0,0,0,0,18,318,0,51,0
04-05 23:51:55,21.844,4.520,67.040,5.524,0,5692200,165704,180332,1978980,2838.277,488.111,0,2800.112,0,229.995,7465,11394,1.050,1.230,1.250,4,0,0,0,0,18,318,0,52,0
04-05 23:51:56,20.511,3.502,64.283,9.255,0,5692396,165228,180340,1979252,9299.815,486.252,0,2273.177,0,257.133,6774,10275,1.050,1.230,1.250,0,2,0,0,0,18,318,0,53,0
04-05 23:51:57,12.212,2.991,70.780,11.215,0,5692484,164724,180368,1979640,9922.182,3252.897,0,6603.490,0,466.551,4970,7787,1.050,1.230,1.250,2,1,0,0,0,18,317,0,54,0
04-05 23:51:58,10.996,2.499,77.721,6.747,0,5692472,164724,180376,1979644,9150.540,3206.788,0,2195.170,0,209.921,3696,5613,1.050,1.230,1.250,0,0,0,0,0,18,317,0,56,0
04-05 23:51:59,10.266,2.254,85.635,1.252,0,5692132,164724,180392,1979968,7158.323,681.077,0,1418.243,0,141.223,3163,4782,1.050,1.230,1.250,1,0,0,0,0,18,318,0,58,0
04-05 23:52:00,4.747,1.249,90.445,1.249,0,5692160,164220,180408,1980428,10815.389,3012.159,0,859.475,0,77.952,2524,4088,0.970,1.210,1.240,2,1,0,0,0,18,318,0,55,0
04-05 23:52:01,26.064,3.258,69.170,0.752,0,5702540,153132,180412,1981132,7427.206,487.194,0,761.868,0,42.103,4202,4644,0.970,1.210,1.240,4,0,0,0,0,18,317,0,55,0
04-05 23:52:02,12.701,1.494,80.192,3.736,0,5703340,152128,180420,1981328,31691.202,11775.742,0,1378.701,0,129.502,3517,4759,0.970,1.210,1.240,1,0,2.989,0,0,18,317,0,57,0
04-05 23:52:03,11.502,1.750,82.765,2.500,0,5703268,152128,180424,1981396,26655.757,11745.096,0,1192.213,0,123.022,3309,4495,0.970,1.210,1.240,1,1,0,0,0,18,317,0,57,0
04-05 23:52:04,11.749,2.250,80.494,3.750,0,5702960,152328,180436,1981492,32464.683,11502.179,0,1647.882,0,174.988,3746,5622,0.970,1.210,1.240,0,0,0,0,0,18,318,0,56,0
04-05 23:52:05,16.735,3.497,73.684,4.496,0,5711252,143788,180452,1981724,14774.808,725.352,0,1590.580,0,216.806,5827,9406,0.890,1.190,1.230,2,1,0.999,0,0,18,318,0,57,0
04-05 23:52:06,17.706,4.489,60.101,15.462,0,5712068,142780,180464,1981904,7402.649,430.932,0,6811.115,0,450.882,6888,10729,0.890,1.190,1.230,3,3,0,0,0,18,318,0,58,0
04-05 23:52:07,7.520,1.504,79.965,8.523,0,5711360,143284,180464,1982108,12554.759,3216.649,0,2282.137,0,195.526,3272,5252,0.890,1.190,1.230,1,0,0,0,0,18,317,0,60,0
04-05 23:52:08,18.344,3.015,72.874,4.775,0,5711628,142780,180464,1982344,5929.451,488.509,289.487,767.944,18.093,67.346,5116,7062,0.890,1.190,1.230,1,2,0,0,0,18,321,0,59,0
04-05 23:52:09,22.860,3.479,65.848,5.467,0,5712532,141268,180464,1982952,7695.001,483.050,159.029,1403.428,8.945,132.193,6763,10440,0.890,1.190,1.230,2,1,1.988,0,0,18,323,0,80,0
04-05 23:52:10,26.664,4.528,64.144,3.773,0,5714864,138524,180464,1983364,5657.761,531.264,16.099,1851.375,1.006,156.964,7618,11510,0.900,1.180,1.230,1,1,1.006,0,0,18,321,0,96,0
04-05 23:52:11,10.950,1.991,76.154,9.706,0,5715224,137796,180468,1983728,26758.299,11833.181,3.982,9130.473,0.995,522.623,3750,4886,0.900,1.180,1.230,1,1,0,0,0,18,320,0,97,0
04-05 23:52:12,18.678,3.237,67.738,7.720,0,5715932,137052,180484,1983748,7962.233,484.129,0,2016.209,0,207.199,5192,7552,0.900,1.180,1.230,3,1,0.996,0,0,18,321,0,91,0
04-05 23:52:13,20.689,4.736,60.073,12.713,0,5716172,136548,180500,1983996,7964.598,484.576,0,7545.829,0,515.485,7364,11373,0.900,1.180,1.230,1,1,0,0,0,18,321,0,91,0
04-05 23:52:14,8.053,1.762,81.285,6.795,0,5715972,136548,180512,1984184,11922.484,3237.311,0,3708.412,0,182.199,3376,5264,0.900,1.180,1.230,0,2,0,0,0,18,320,0,92,0
04-05 23:52:15,9.246,1.999,78.963,8.246,0,5715884,136296,180532,1984504,11511.579,3101.540,15.992,2510.818,1.000,172.919,3196,5275,1.150,1.230,1.250,2,1,0,0,0,18,320,0,93,0
04-05 23:52:16,7.001,1.500,86.013,4.001,0,5715880,136296,180540,1984500,13157.978,3157.475,0,876.132,0,104.016,2681,3940,1.150,1.230,1.250,0,2,0,0,0,18,320,0,93,0
04-05 23:52:17,15.564,4.519,72.047,7.531,0,5731504,147984,179528,1958204,32961.716,12253.452,0,1433.904,0,143.591,4117,17306,1.150,1.230,1.250,0,3,36.149,0,0,18,320,0,94,0
04-05 23:52:18,7.962,0.746,85.346,3.732,0,5731496,147964,179528,1958232,4825.144,483.709,0,1090.833,0,70.665,2102,2918,1.150,1.230,1.250,6,2,0,0,0,18,321,0,94,0
04-05 23:52:19,17.011,2.251,75.298,4.003,0,5732104,147208,179532,1958376,7184.625,2698.737,0,1396.899,0,108.070,3817,4924,1.150,1.230,1.250,0,2,0,0,0,18,320,0,95,0
04-05 23:52:20,7.005,2.001,86.308,3.252,0,5730376,148720,179548,1958576,12335.219,2738.825,0,1428.952,0,139.093,3000,4882,1.060,1.210,1.240,1,1,0,0,0,18,320,0,87,0
04-05 23:52:21,5.997,1.249,90.451,1.749,0,5728120,150916,179552,1958632,9560.826,2695.541,0,911.507,0,82.955,2118,3087,1.060,1.210,1.240,0,1,0,0,0,18,320,0,87,0
04-05 23:52:22,7.508,2.252,71.074,17.018,0,5726980,151920,179572,1958748,11403.860,2839.954,0,9998.398,0,826.860,3546,4904,1.060,1.210,1.240,1,1,1.001,0,0,18,321,0,87,0
04-05 23:52:23,10.028,1.755,83.483,3.259,0,5725132,153616,179576,1958896,25099.133,9484.502,0,1111.105,0,115.322,3214,4532,1.060,1.210,1.240,1,1,0,0,0,18,321,0,88,0
04-05 23:52:24,23.440,4.489,63.837,6.982,0,5723688,154752,179612,1959168,7138.763,430.899,0,2465.701,0,299.236,7582,11999,1.060,1.210,1.240,2,0,0,0,0,18,322,0,84,0
04-05 23:52:25,11.983,2.746,79.137,3.994,0,5723380,154688,179612,1959540,11072.215,3161.493,0,1765.483,0,187.732,4142,6684,1.050,1.200,1.240,0,1,0,0,0,18,320,0,88,0
04-05 23:52:26,7.501,1.500,82.007,7.251,0,5722396,155628,179632,1959564,8369.720,3160.272,0,2864.246,0,238.020,3209,5015,1.050,1.200,1.240,0,1,0,0,0,18,320,0,88,0
04-05 23:52:27,6.750,1.750,85.999,4.000,0,5722148,155804,179652,1959616,10293.887,2642.971,0,807.991,0,91.999,2468,3520,1.050,1.200,1.240,0,1,0,0,0,18,320,0,88,0
04-05 23:52:28,7.002,1.751,85.030,5.252,0,5721828,156056,179664,1959672,14357.103,2643.940,0,1788.636,0,141.050,2847,4300,1.050,1.200,1.240,2,1,0,0,0,18,320,0,87,0
04-05 23:52:29,10.552,1.507,83.162,2.764,0,5722020,155804,179668,1959728,26896.353,9579.495,0,1109.501,0,99.493,2946,4172,1.050,1.200,1.240,2,2,0,0,0,18,321,0,87,0
04-05 23:52:30,22.156,3.485,60.742,11.949,0,5722120,155300,179672,1960128,10075.187,430.172,0,2115.013,0,235.997,6107,9657,1.370,1.270,1.260,1,1,0,0,0,18,320,0,88,0
04-05 23:52:31,8.993,2.998,77.688,8.493,0,5536620,340492,179680,1960444,15206.858,266425.265,123.901,6251.009,4.996,359.713,2599,3333,1.370,1.270,1.260,0,0,13.989,0,0,18,320,0,88,0
04-05 23:52:32,1.749,0.750,94.458,1.999,0,5536824,340284,179680,1960448,7186.806,0,0,879.609,0,55.975,1207,1822,1.370,1.270,1.260,2,1,1.000,0,0,18,320,0,83,0
04-05 23:52:33,5.501,2.250,84.265,7.001,0,5547120,328468,179716,1961932,167466.152,3704.645,1512.263,1404.244,41.007,80.014,1824,2049,1.370,1.270,1.260,1,0,7.001,0,0,18,320,0,83,0
04-05 23:52:34,12.254,3.001,82.028,1.250,0,5559180,316384,179732,1961940,155557.215,13926.675,16.005,648.218,4.001,40.013,2938,3253,1.370,1.270,1.260,0,0,18.006,0,0,18,320,0,83,0
04-05 23:52:35,6.764,2.004,88.931,1.002,0,5555044,319996,179740,1962456,130462.783,5513.232,360.735,252.514,10.020,49.100,2252,2664,1.260,1.250,1.250,0,0,9.018,0,0,18,320,0,83,0
04-05 23:52:36,5.507,2.003,91.374,0,0,5548208,326832,179740,1962456,151435.967,4221.742,0,116.158,0,6.008,1680,1685,1.260,1.250,1.250,0,0,10.014,0,0,18,320,0,81,0
04-05 23:52:37,12.926,4.475,79.547,1.740,0,5558016,312228,179740,1967252,148493.252,2603.191,151.140,851.158,2.983,105.400,2479,2288,1.260,1.250,1.250,2,2,16.904,0,0,18,320,0,81,0
04-05 23:52:38,20.045,6.264,65.899,6.515,0,5558920,298044,179764,1980540,10621.076,432.981,168.382,4145.397,29.066,392.891,3190,2535,1.260,1.250,1.250,1,0,25.057,0,0,18,320,0,81,0
