"pcp-dstat 6.2.0 CSV Output"
"Author:","PCP team <pcp@groups.io> and Dag Wieers <dag@wieers.com>",,,,"URL:","https://pcp.io/ and http://dag.wieers.com/home-made/dstat/"
"Host:","ubuntu",,,,"User:","ubuntu"
"Cmdline:","dstat -tcmndrylpg --tcp --output /tmp/devstack_logs/dstat-csv.log",,,,"Date:","07 Mar 2026 04:55:28 UTC"
"system","total usage",,,,,"memory usage",,,,"net/total",,"dsk/total",,"io/total",,"system",,"load avg",,,"procs",,,"paging",,"tcp sockets",,,,
"time","total usage:usr","total usage:sys","total usage:idl","total usage:wai","total usage:stl","used","free","buf","cach","net/total:recv","net/total:send","dsk/total:read","dsk/total:writ","read","writ","int","csw","1m","5m","15m","run","blk","new","in","out","lis","act","syn","tim","clo"
07-03 04:55:28,,1057344,1445480,161744,5154560,,,,,,,1.510,1.080,0.620,1,0,,,,10,5,0,17,0
07-03 04:55:29,14.498,20.497,58.742,5.749,0,1046412,1455888,161880,5154824,41571.136,10610.503,0,3227.545,0,175.975,6672,5908,1.470,1.080,0.620,4,0,531.925,0,0,10,6,0,17,0
07-03 04:55:30,18.489,18.239,58.215,3.998,0,993960,1507676,162000,5155300,21094.481,9097.601,0,1543.084,0,51.969,6128,6449,1.470,1.080,0.620,1,0,388.769,0,0,10,5,0,17,1
07-03 04:55:31,26.480,12.990,50.711,8.743,0,1135084,1366052,162068,5280436,17183.901,5363.911,0,7854.013,0,337.743,6674,7532,1.470,1.080,0.620,0,1,186.858,0,0,11,5,0,17,1
07-03 04:55:32,14.495,5.748,72.224,5.998,0,1147476,1353324,162204,5280636,35996.094,8974.782,0,6169.788,0,120.957,2684,2220,1.470,1.080,0.620,2,0,85.969,0,0,11,6,0,17,2
07-03 04:55:33,27.722,10.489,58.441,2.997,0,1150380,1349800,162336,5281020,20960.907,11502.425,0,1678.311,0,62.937,4367,3285,1.470,1.080,0.620,2,0,199.799,0,0,11,6,0,19,2
07-03 04:55:34,30.242,3.499,54.236,11.497,0,1193464,1287136,162600,5299408,176014.148,5699.483,447.881,4374.835,15.996,134.964,2549,1610,1.510,1.090,0.630,3,0,1.000,0,0,11,6,0,19,2
07-03 04:55:35,39.753,4.250,47.003,8.251,0,1234276,1229860,163624,5312172,6436.468,540.039,112.008,2672.194,5.000,49.004,2856,1756,1.510,1.090,0.630,2,0,0,0,0,11,6,0,19,2
07-03 04:55:36,20.272,4.255,40.794,32.785,0,1247612,1200976,164164,5325632,8358.926,540.577,16.017,8657.245,1.001,453.484,4860,7231,1.510,1.090,0.630,1,1,7.007,0,0,11,8,0,19,2
07-03 04:55:37,19.459,3.493,47.899,26.943,0,1257684,1172052,164692,5342600,5047.406,538.869,0,9839.349,0,514.919,4910,7757,1.510,1.090,0.630,3,2,2.994,0,0,11,8,0,19,2
07-03 04:55:38,15.249,3.500,47.496,31.748,0,1273720,1146208,165376,5350616,7385.445,539.959,0,10075.243,0,597.955,5045,8002,1.510,1.090,0.630,1,2,0,0,0,11,8,0,19,2
07-03 04:55:39,15.290,3.259,44.366,34.841,0,1266892,1144316,166064,5357368,7945.776,541.416,0,10098.404,0,526.376,4496,6953,1.550,1.110,0.640,1,2,9.024,0,0,11,8,0,19,2
07-03 04:55:40,17.743,3.748,37.984,38.234,0,1261208,1126028,166832,5378584,3598.508,485.799,0,12458.835,0,639.735,5464,8594,1.550,1.110,0.640,1,2,8.996,0,0,11,8,0,19,2
07-03 04:55:41,20.754,4.001,38.758,34.507,0,1262664,1111524,167792,5388884,2969.628,540.114,0,13554.866,0,721.153,5407,8645,1.550,1.110,0.640,2,0,12.003,0,0,11,8,0,19,2
07-03 04:55:42,18.222,4.493,46.178,28.456,0,1252220,1137476,167884,5373504,14068.136,3261.931,0,8550.711,0,567.119,5051,7737,1.550,1.110,0.640,2,0,14.977,0,0,11,6,0,19,0
07-03 04:55:43,19.002,5.000,45.254,28.752,0,1284604,1104216,167992,5374264,11595.000,2650.228,0,8904.768,0,636.055,5136,7958,1.550,1.110,0.640,1,1,42.004,0,0,11,7,0,19,0
07-03 04:55:44,21.288,4.007,37.316,36.064,0,1274476,1106708,168208,5380944,9567.874,781.378,0,11892.975,0,697.230,5176,7989,1.750,1.160,0.650,2,1,2.004,0,0,11,6,0,19,0
07-03 04:55:45,19.729,3.996,45.202,28.220,0,1272764,1104500,168492,5384172,14028.075,3645.122,0,9945.419,0,890.053,5483,8375,1.750,1.160,0.650,8,1,29.968,0,0,11,7,0,19,0
07-03 04:55:46,16.526,4.758,34.555,41.065,0,1269352,1104008,168868,5386840,8621.619,967.528,0,13052.619,0,1062.679,12429,23456,1.750,1.160,0.650,3,2,11.017,0,0,11,6,0,19,0
07-03 04:55:47,15.954,4.986,37.142,39.137,0,1249400,1123036,168968,5387564,7574.071,747.835,0,15511.092,0,625.190,4768,7093,1.750,1.160,0.650,0,4,17.948,0,0,11,6,0,19,0
07-03 04:55:48,33.610,11.036,36.620,17.056,0,1173156,1198972,169024,5387728,4072.329,487.596,0,20992.712,0,260.854,11839,20217,1.750,1.160,0.650,3,0,94.309,0,0,11,4,0,19,0
07-03 04:55:49,41.710,6.494,48.204,2.997,0,1216200,1168624,169052,5376448,3454.683,539.482,0,1542.519,0,71.931,3062,1834,1.770,1.170,0.660,2,0,25.975,0,0,11,4,0,19,0
07-03 04:55:50,32.160,4.737,59.085,2.742,0,1138160,1246640,169064,5376452,9446.556,538.493,0,1691.266,0,112.685,2879,2015,1.770,1.170,0.660,1,2,59.833,0,0,11,4,0,19,0
07-03 04:55:51,23.260,3.251,63.278,9.254,0,1181404,1203304,169116,5376488,7040.113,540.239,0,4041.787,0,251.111,2387,2383,1.770,1.170,0.660,1,0,0,0,0,11,4,0,13,0
07-03 04:55:52,14.538,12.783,71.437,0,0,1184052,1200620,169116,5376524,7434.445,541.416,0,180.472,0,19.050,4286,3250,1.770,1.170,0.660,1,0,239.627,0,0,11,4,0,13,0
07-03 04:55:53,10.256,19.762,69.043,0,0,1110712,1273920,169116,5376556,8997.606,540.337,0,44.027,0,11.007,5897,4734,1.770,1.170,0.660,1,0,438.273,0,0,11,4,0,13,0
07-03 04:55:54,21.754,14.753,61.511,1.250,0,1111832,1265052,169116,5384564,7438.388,540.101,7449.390,22284.158,75.014,201.038,6289,8354,1.870,1.200,0.670,3,0,226.042,0,0,11,4,0,13,0
07-03 04:55:55,46.094,7.475,45.596,0,0,1205128,1171812,169124,5384616,5610.999,484.360,19.933,7410.904,3.987,129.561,3548,2364,1.870,1.200,0.670,2,0,71.757,0,0,11,5,0,13,0
07-03 04:55:56,41.999,6.000,44.999,5.500,0,1228152,1147700,169140,5385672,5775.844,539.985,491.987,2699.927,6.000,172.995,3051,2035,1.870,1.200,0.670,4,0,0,0,0,11,5,0,13,0
07-03 04:55:57,33.251,8.250,58.251,0.500,0,1256996,1116344,169160,5388116,7037.159,540.012,0,4240.096,0,136.003,3787,4547,1.870,1.200,0.670,0,0,118.003,0,0,11,4,0,13,0
07-03 04:55:58,3.251,2.251,92.024,1.000,0,1269840,1103496,169168,5388124,8141.145,540.142,0,68.018,0,23.006,1083,1293,1.870,1.200,0.670,1,0,22.006,0,0,11,4,0,13,0
07-03 04:55:59,22.497,3.250,73.490,0,0,1344664,1028672,169168,5388124,4970.338,539.928,0,0,0,0,1788,1323,1.800,1.200,0.680,1,0,0,0,0,11,4,0,12,0
07-03 04:56:00,23.013,1.251,73.542,1.251,0,1363180,1009960,169168,5388320,8677.995,540.311,0,776.447,0,18.010,1778,1278,1.800,1.200,0.680,0,1,1.001,0,0,11,6,0,12,0
07-03 04:56:01,17.023,5.758,66.840,8.762,0,1281796,1091228,169240,5388364,7318.884,624.844,0,3400.592,0,397.537,4363,5863,1.800,1.200,0.680,2,1,43.058,0,0,11,4,0,14,0
07-03 04:56:02,21.713,1.997,69.882,5.740,0,1328288,1043856,169528,5388892,7083.993,539.086,610.964,2427.885,17.970,90.846,1901,1578,1.800,1.200,0.680,0,2,0.998,0,0,11,4,0,14,0
07-03 04:56:03,15.256,2.501,73.530,7.753,0,1338036,1034044,169544,5388932,11075.446,4633.860,28.011,1496.601,7.003,91.037,2391,2644,1.800,1.200,0.680,2,0,1.000,0,0,11,17,0,13,0
07-03 04:56:04,17.246,4.499,75.734,1.500,0,1343120,1028528,169580,5389284,8287.235,5017.931,243.948,3.999,59.987,1.000,2651,2279,1.730,1.190,0.680,1,0,44.990,0,0,11,28,0,14,0
07-03 04:56:05,18.751,2.500,74.003,3.750,0,1345116,1026512,169592,5389288,11312.531,4686.220,0,2320.109,0,236.011,2140,1722,1.730,1.190,0.680,1,2,0,0,0,11,29,0,14,0
07-03 04:56:06,15.543,9.025,41.866,32.089,0,1333376,1038164,169624,5389312,8943.799,3256.028,0,15948.220,0,419.162,3918,3308,1.730,1.190,0.680,2,2,131.364,0,0,11,28,0,15,0
07-03 04:56:07,38.635,7.229,46.611,6.730,0,1432644,938888,169628,5389316,7957.339,4272.296,0,23083.362,0,305.093,3229,2216,1.730,1.190,0.680,0,5,24.926,0,0,11,30,0,15,0
07-03 04:56:08,30.249,4.750,57.498,6.750,0,1441304,930096,169644,5389520,23728.297,13992.586,0,19087.435,0,184.995,6181,8443,1.730,1.190,0.680,2,0,0,0,0,11,30,0,15,0
07-03 04:56:09,60.698,23.326,16.052,0,0,1502316,869072,169644,5389532,5738.675,1897.174,0,337.097,0,29.095,5686,5087,2.080,1.270,0.710,6,0,579.887,0,0,11,28,0,16,0
07-03 04:56:10,87.841,11.729,0.499,0,0,1742800,628544,169652,5389568,23082.142,15222.395,0,714.704,0,17.967,5959,4215,2.080,1.270,0.710,7,0,0,0,0,11,32,0,16,0
07-03 04:56:11,68.366,10.267,19.283,0.250,0,1678292,692772,169660,5389836,38090.601,30435.618,0,797.352,0,71.121,8882,14260,2.080,1.270,0.710,5,0,150.255,0,0,11,29,0,21,0
07-03 04:56:12,26.171,8.225,63.807,0.498,0,1512988,858064,169660,5389848,4902.150,1406.738,0,299.094,0,19.940,3184,2836,2.080,1.270,0.710,1,0,160.514,0,0,11,28,0,22,0
07-03 04:56:13,13.501,2.000,79.757,4.250,0,1496812,874220,169660,5389868,25000.249,6600.594,0,6164.554,0,72.006,2635,3252,2.080,1.270,0.710,0,1,0,0,0,11,29,0,22,0
07-03 04:56:14,19.238,6.746,57.216,15.741,0,1463948,907076,169660,5389876,7909.260,1419.150,0,19156.520,0,133.920,3078,2506,2.150,1.300,0.720,1,1,67.959,0,0,11,28,0,23,0
07-03 04:56:15,15.748,2.250,75.739,4.999,0,1465408,905608,169660,5389884,12152.188,6363.051,0,15745.652,0,124.981,2320,2495,2.150,1.300,0.720,0,0,0,0,0,11,29,0,23,0
07-03 04:56:16,10.538,15.557,72.765,1.004,0,1442392,928604,169672,5389892,7365.819,1729.296,0,433.579,0,34.124,5180,4749,2.150,1.300,0.720,1,0,389.418,0,0,11,28,0,23,0
07-03 04:56:17,51.377,26.436,19.453,1.247,0,1512612,858364,169676,5389908,7754.369,538.706,0,2027.130,0,108.739,6266,5073,2.150,1.300,0.720,5,0,650.437,0,0,11,28,0,23,0
07-03 04:56:18,77.700,8.522,13.786,0.251,0,1673252,697652,169688,5389968,28765.220,21689.965,0,794.049,0,40.103,5682,4602,2.150,1.300,0.720,3,0,0,0,0,11,33,0,23,0
07-03 04:56:19,68.193,9.492,20.483,0.500,0,1686040,684608,169720,5390192,35030.879,28698.143,0,859.286,0,88.926,11320,17083,2.380,1.370,0.740,6,0,119.900,0,0,11,28,0,24,0
07-03 04:56:20,83.309,16.762,0.250,0,0,1620268,750276,169720,5390296,4981.506,2893.036,0,328.231,0,10.007,5170,3414,2.380,1.370,0.740,7,0,190.134,0,0,11,29,0,20,0
07-03 04:56:21,81.972,8.497,8.747,0.250,0,1753696,616556,169724,5390584,38002.241,31519.417,0,771.741,0,45.985,7308,8645,2.380,1.370,0.740,6,0,0,0,0,11,33,0,20,1
07-03 04:56:22,68.022,12.504,18.256,0.250,0,1695576,674420,169724,5390840,38689.467,29971.658,0,444.143,0,37.012,10851,16055,2.380,1.370,0.740,4,0,199.064,0,0,11,28,0,25,0
07-03 04:56:23,44.861,8.474,45.359,0,0,1588392,781596,169724,5390848,12912.942,5086.222,0,167.480,0,9.969,4060,10840,2.380,1.370,0.740,1,0,135.579,0,0,11,30,0,26,0
07-03 04:56:24,32.832,10.025,56.390,0.251,0,1570616,799332,169724,5390888,20240.284,14372.707,0,854.122,0,45.112,6655,8450,2.430,1.390,0.760,3,0,194.483,0,0,11,28,0,24,0
07-03 04:56:25,63.025,13.505,23.009,0,0,1577308,792612,169724,5390916,9019.584,2000.795,0,20.008,0,4.002,4032,2179,2.430,1.390,0.760,2,0,184.073,0,0,11,29,0,24,0
07-03 04:56:26,39.420,3.742,55.388,0.249,0,1578832,790896,169736,5391096,29752.659,23673.987,0,175.644,0,12.974,6297,8401,2.430,1.390,0.760,2,0,0,0,0,11,31,0,24,0
07-03 04:56:27,73.675,17.291,9.523,0.251,0,1506356,863332,169752,5391120,7958.859,4091.696,0,2509.948,0,138.328,6452,5723,2.430,1.390,0.760,4,0,258.613,0,0,11,28,0,25,0
07-03 04:56:28,66.702,5.246,26.981,0,0.250,1602352,767288,169752,5391168,27915.088,22402.020,0,3.997,0,0.999,5886,5986,2.430,1.390,0.760,2,0,0,0,0,11,32,0,25,0
07-03 04:56:29,58.869,15.466,24.196,0.499,0,1491944,877496,169756,5391364,28030.649,18963.817,0,618.624,0,51.885,8217,11719,2.470,1.420,0.770,3,0,323.281,0,0,11,28,0,28,0
07-03 04:56:30,54.736,5.499,39.240,0,0.250,1567564,801840,169756,5391400,19493.109,12332.906,0,179.955,0,9.997,4172,2955,2.470,1.420,0.770,3,0,0,0,0,11,31,0,28,0
07-03 04:56:31,49.406,15.047,35.362,0,0,1532832,836380,169760,5391588,26882.817,17771.069,0,926.924,0,45.142,8140,10876,2.470,1.420,0.770,4,0,299.946,0,0,11,28,0,30,0
07-03 04:56:32,56.707,6.245,35.973,0.999,0,1593696,775480,169760,5391624,13784.493,10120.286,0,191.854,0,9.992,3858,2507,2.470,1.420,0.770,4,0,0.999,0,0,11,31,0,30,0
07-03 04:56:33,48.036,12.009,38.279,0,0,1564080,804920,169764,5391796,27962.877,18859.080,0,1108.828,0,67.050,8234,10439,2.470,1.420,0.770,5,0,234.175,0,0,11,28,0,33,0
07-03 04:56:34,62.106,9.977,27.686,0,0,1597712,771240,169776,5391832,11526.334,6302.419,0,1073.516,0,15.963,3948,2109,2.440,1.430,0.770,1,0,52.878,0,0,11,31,0,33,0
07-03 04:56:35,46.358,6.766,45.606,0.752,0,1550520,818176,169784,5392080,26707.980,20355.238,0,356.828,0,35.081,7611,10090,2.440,1.430,0.770,5,0,83.193,0,0,11,28,0,35,0
07-03 04:56:36,62.479,9.747,26.741,0,0,1568428,800248,169784,5392100,10012.563,3964.639,0,359.876,0,11.996,3874,1867,2.440,1.430,0.770,1,0,28.990,0,0,11,30,0,33,0
07-03 04:56:37,44.479,7.247,47.477,0.250,0,1552524,815960,169792,5392284,29604.719,20752.989,0,343.834,0,29.986,6083,8430,2.440,1.430,0.770,4,0,102.950,0,0,11,29,0,35,0
07-03 04:56:38,73.311,24.020,2.502,0,0,1562612,805816,169800,5392332,5985.947,2462.035,0,432.357,0,32.026,6195,6234,2.440,1.430,0.770,7,0,601.497,0,0,11,28,0,35,0
07-03 04:56:39,82.707,16.491,0.750,0,0,1747612,620768,169800,5392380,17844.665,11470.000,0,183.904,0,9.995,5794,5228,2.880,1.540,0.810,4,0,436.772,0,0,11,30,2,35,0
07-03 04:56:40,69.720,17.992,10.745,0.250,0,1773516,594588,169820,5392636,54781.271,46959.659,0,511.778,0,43.981,8301,10697,2.880,1.540,0.810,3,0,458.801,0,0,11,31,0,35,0
07-03 04:56:41,81.076,16.015,3.503,0.250,0,1666328,701548,169844,5392840,18578.380,10540.861,0,1709.599,0,74.069,6034,6072,2.880,1.540,0.810,3,0,254.238,0,0,11,30,0,36,0
07-03 04:56:42,72.368,8.235,17.468,1.497,0,1706036,661836,169844,5392896,36429.690,28326.440,0,2563.334,0,110.798,6969,8590,2.880,1.540,0.810,6,0,6.987,0,0,11,33,0,36,0
07-03 04:56:43,54.096,16.780,27.048,0.751,0,1469324,898280,169844,5393120,31140.382,25272.947,0,272.485,0,15.027,9293,13680,2.880,1.540,0.810,4,0,479.853,0,0,11,28,0,41,0
07-03 04:56:44,28.251,31.001,40.002,0,0,1504840,862748,169844,5393136,10440.460,540.024,0,212.009,0,20.001,6825,6389,2.970,1.580,0.830,5,0,959.042,0,0,11,28,0,41,0
07-03 04:56:45,72.564,12.717,14.214,0,0,1611168,756360,169848,5393192,19946.815,10365.401,0,231.406,0,9.974,5068,3551,2.970,1.580,0.830,4,0,163.580,0,0,11,31,0,41,0
07-03 04:56:46,54.108,9.018,34.569,1.253,0,1579424,788020,169864,5393260,29051.084,22481.950,0,553.106,0,53.106,7586,10598,2.970,1.580,0.830,3,0,125.250,0,0,11,29,0,44,0
07-03 04:56:47,77.467,14.494,7.497,0.250,0,1582800,784484,169872,5393412,11919.937,4196.218,0,287.878,0,20.991,5074,3221,2.970,1.580,0.830,2,0,142.939,0,0,11,29,1,45,0
07-03 04:56:48,57.067,6.728,34.888,0,0,1615152,752044,169872,5393500,40354.868,32962.523,0,187.400,0,9.968,8991,12665,2.970,1.580,0.830,2,0,0,0,0,11,32,0,45,0
07-03 04:56:49,56.737,7.531,35.649,0.753,0,1581884,784920,169876,5393888,48667.192,36839.811,0,473.979,0,49.205,13308,21089,2.970,1.600,0.840,4,0,59.247,0,0,11,29,0,45,0
07-03 04:56:50,78.664,12.486,8.740,0,0,1578712,788072,169880,5393920,13555.163,8366.842,0,247.729,0,21.976,5298,3835,2.970,1.600,0.840,2,0,60.933,0,0,11,30,0,45,0
07-03 04:56:51,57.981,6.248,34.989,0,0,1611140,755524,169880,5394036,35512.484,30182.213,0,179.942,0,9.997,9052,12401,2.970,1.600,0.840,3,0,0,0,0,11,32,0,45,0
07-03 04:56:52,56.017,8.002,35.011,0,0,1561636,804772,169880,5394288,50087.468,38600.920,0,156.048,0,9.003,12604,19873,2.970,1.600,0.840,4,0,73.023,0,0,11,29,0,48,0
07-03 04:56:53,76.316,14.763,9.008,0,0,1560872,805360,169880,5394428,12173.542,5731.964,0,168.146,0,11.010,5094,3841,2.970,1.600,0.840,4,0,190.165,0,0,11,29,0,49,0
07-03 04:56:54,59.640,5.240,35.185,0,0,1601292,764856,169880,5394512,41079.509,31688.766,0,107.802,0,5.989,6953,10785,2.980,1.630,0.850,5,0,0,0,0,11,31,0,49,1
07-03 04:56:55,70.592,11.265,17.273,0.250,0,1578104,787820,169904,5394708,23888.283,19048.946,0,320.420,0,34.045,8769,11813,2.980,1.630,0.850,4,0,98.129,0,0,11,28,0,51,0
07-03 04:56:56,68.798,9.757,21.265,0.250,0,1605704,760192,169912,5394728,20174.188,13010.149,0,372.262,0,31.022,4598,3734,2.980,1.630,0.850,3,0,30.021,0,0,11,30,0,52,0
07-03 04:56:57,67.729,11.246,19.994,0.500,0,1565748,799944,169920,5394924,26786.588,20356.607,0,323.898,0,24.992,6715,9392,2.980,1.630,0.850,4,0,119.962,0,0,11,30,0,53,0
07-03 04:56:58,58.497,10.250,31.249,0.250,0,1558220,807260,169920,5395128,35490.333,30263.578,0,3075.856,0,130.994,7713,11251,2.980,1.630,0.850,3,0,127.994,0,0,11,30,0,55,0
07-03 04:56:59,74.951,13.491,9.993,0.750,0,1563216,802176,169964,5395168,16967.856,12093.058,0,1878.766,0,113.925,6059,6495,3.060,1.670,0.870,2,0,98.935,0,0,11,30,0,57,0
07-03 04:57:00,64.816,5.756,28.779,0,0,1632728,732588,169968,5395240,31184.624,21937.246,0,144.146,0,13.013,6367,7068,3.060,1.670,0.870,4,0,0,0,0,11,30,0,59,0
07-03 04:57:01,71.000,9.750,18.750,0.250,0,1565244,799884,169976,5395416,22648.145,14349.092,0,700.004,0,41.000,6930,8206,3.060,1.670,0.870,4,0,74.000,0,0,11,28,0,61,0
07-03 04:57:02,51.247,8.999,39.748,0,0,1658500,706592,169984,5395436,21310.679,12779.208,0,319.980,0,26.998,4769,4520,3.060,1.670,0.870,3,0,132.992,0,0,11,28,0,63,0
07-03 04:57:03,51.253,11.501,35.752,0.500,0,1607824,757052,169996,5395636,15531.880,8487.481,0,296.017,0,28.002,4756,4411,3.060,1.670,0.870,2,0,121.007,0,0,11,31,0,63,0
07-03 04:57:04,45.240,8.700,42.754,1.989,0,1559208,805624,170000,5395676,26493.820,18301.874,0,290.332,0,16.903,5961,6411,2.970,1.670,0.880,3,0,96.446,0,0,11,34,0,64,0
07-03 04:57:05,54.814,10.058,35.956,0,0,1562104,802696,170004,5395704,19732.891,11463.583,0,1645.413,0,10.058,5583,5509,2.970,1.670,0.880,2,0,86.495,0,0,11,33,0,63,0
07-03 04:57:06,44.475,7.246,47.224,0,0,1576524,788172,170012,5395792,19577.101,15157.561,0,299.833,0,18.989,5499,6038,2.970,1.670,0.880,1,0,85.952,0,0,11,34,0,64,0
07-03 04:57:07,30.161,7.976,60.073,0.748,0,1425444,939120,170036,5395896,17401.705,12523.086,0,319.060,0,31.906,6753,8569,2.970,1.670,0.880,3,0,134.603,0,0,11,32,0,66,0
07-03 04:57:08,37.345,5.013,56.645,0.251,0,1498624,865928,170040,5395904,12883.914,7213.428,0,148.379,0,10.026,2946,1958,2.970,1.670,0.880,0,0,0,0,0,11,34,0,66,0
07-03 04:57:09,34.019,6.254,59.033,0,0,1467816,896404,170044,5396228,21140.859,11386.387,0,556.312,0,35.020,4821,6016,2.900,1.680,0.880,2,0,35.020,0,0,11,32,0,66,0
07-03 04:57:10,37.910,8.480,52.126,0.499,0,1560552,803652,170044,5396244,14234.115,5306.368,0,223.468,0,15.962,3566,2649,2.900,1.680,0.880,2,0,102.755,0,0,11,33,0,66,0
07-03 04:57:11,32.083,5.765,61.159,0.501,0,1545012,819152,170064,5396264,13336.581,10256.595,0,862.236,0,95.247,4698,5298,2.900,1.680,0.880,2,0,60.156,0,0,11,33,0,67,0
07-03 04:57:12,35.633,4.734,57.062,1.495,0,1518232,845912,170068,5396284,15168.093,7805.318,0,243.200,0,19.934,3260,2930,2.900,1.680,0.880,2,0,5.980,0,0,11,33,0,68,0
07-03 04:57:13,34.118,5.268,59.958,0.251,0,1521652,842456,170068,5396316,20313.529,12630.855,0,2865.951,0,160.557,4793,5504,2.900,1.680,0.880,3,0,39.136,0,0,11,33,0,63,0
07-03 04:57:14,34.500,5.750,58.750,0,0,1526708,837232,170072,5396480,12836.953,7535.973,0,275.999,0,28.000,3654,3746,2.820,1.680,0.890,1,0,9.000,0,0,11,33,0,64,0
07-03 04:57:15,32.398,2.991,63.551,0.249,0,1541828,822084,170076,5396504,19119.061,13687.090,0,143.550,0,7.975,3832,4576,2.820,1.680,0.890,0,0,0,0,0,11,34,0,64,0
07-03 04:57:16,24.247,10.249,63.242,0.750,0,1505040,858768,170088,5396592,17804.834,7624.072,0,379.954,0,33.996,5831,6731,2.820,1.680,0.890,1,0,276.966,0,0,11,32,0,66,0
07-03 04:57:17,20.983,3.747,73.691,0.500,0,1435596,928208,170092,5396592,4476.443,1998.412,0,251.800,0,9.992,1836,1333,2.820,1.680,0.890,1,0,4.996,0,0,11,33,0,64,0
07-03 04:57:18,14.287,1.755,82.464,0.251,0,1430244,933540,170092,5396612,18143.994,8885.013,0,469.215,0,26.068,3140,4022,2.820,1.680,0.890,2,0,0,0,0,11,33,0,64,0
07-03 04:57:19,15.263,12.760,71.309,0.250,0,1400620,963148,170092,5396628,9276.618,1456.196,0,284.233,0,27.022,4251,3588,2.680,1.670,0.890,1,0,284.233,0,0,11,32,0,65,0
07-03 04:57:20,17.499,2.000,79.747,0,0,1439196,924556,170100,5396636,12925.590,5571.823,0,107.997,0,6.000,1881,1674,2.680,1.670,0.890,1,0,0,0,0,11,33,0,65,0
07-03 04:57:21,17.252,5.501,76.008,0,0,1418360,945368,170108,5396652,12346.239,6220.624,0,124.012,0,7.001,3578,3998,2.680,1.670,0.890,1,0,46.005,0,0,11,32,0,65,0
07-03 04:57:22,19.197,2.244,77.785,0.249,0,1470672,893040,170116,5396656,5691.248,2499.083,0,123.658,0,13.961,1778,1463,2.680,1.670,0.890,1,0,0.997,0,0,11,33,0,65,0
07-03 04:57:23,17.556,3.511,77.749,0,0,1461932,901624,170116,5399072,17202.116,9317.855,0,0,0,0,3794,6070,2.680,1.670,0.890,1,0,34.109,0,0,11,33,0,65,0
07-03 04:57:24,14.988,12.490,69.446,1.749,0,1404996,958384,170128,5396968,10820.660,3799.072,0,379.707,0,30.976,6105,9094,2.460,1.640,0.890,1,0,299.769,0,0,11,32,0,66,0
07-03 04:57:25,30.527,15.013,53.298,0.751,0,1458984,904316,170144,5397028,7362.562,540.482,36.032,580.517,1.001,26.023,4952,3978,2.460,1.640,0.890,2,0,328.293,0,0,11,32,0,60,0
07-03 04:57:26,37.364,5.231,47.826,8.469,0,1545616,814884,170284,5399292,6250.305,538.046,434.423,2694.217,16.938,72.736,3136,2628,2.460,1.640,0.890,1,1,4.982,0,0,11,36,0,60,0
07-03 04:57:27,26.343,4.265,43.905,23.332,0,1519900,839076,170500,5400492,7424.158,636.242,0,5049.793,0,480.694,5578,8431,2.460,1.640,0.890,2,1,25.088,0,0,11,36,0,60,0
07-03 04:57:28,27.184,5.237,41.150,24.440,0,1594532,763288,170644,5401488,6158.006,538.688,0,6867.279,0,703.288,5870,9021,2.460,1.640,0.890,3,0,31.922,0,0,11,36,0,60,0
07-03 04:57:29,26.491,4.748,38.487,27.491,0,1598572,758472,170820,5402068,5755.094,539.821,0,13887.401,0,911.698,6203,10031,2.430,1.650,0.890,2,1,6.998,0,0,11,36,0,56,0
07-03 04:57:30,26.436,5.487,43.644,22.445,0,1636504,719008,170996,5403320,3746.859,538.686,0,5893.621,0,549.659,5659,8517,2.430,1.650,0.890,3,0,25.937,0,0,11,36,0,56,0
07-03 04:57:31,26.810,4.761,40.340,25.808,0,1588636,765892,171144,5404116,7741.258,541.207,0,8170.214,0,659.470,6086,9710,2.430,1.650,0.890,1,2,25.056,0,0,11,36,0,56,0
07-03 04:57:32,27.268,5.003,33.772,31.271,0,1574200,779556,171308,5404700,4903.257,486.323,0,13849.199,0,927.616,6276,9755,2.430,1.650,0.890,1,2,19.013,0,0,11,36,0,56,0
07-03 04:57:33,26.229,5.995,44.215,22.232,0,1613816,739596,171344,5404992,7340.169,539.571,0,6718.663,0,622.505,5663,8678,2.430,1.650,0.890,2,1,16.987,0,0,11,36,0,52,0
07-03 04:57:34,25.222,4.994,39.455,28.967,0,1612268,740628,171416,5405428,5787.462,539.391,0,11626.865,0,745.158,4785,8116,2.630,1.710,0.920,3,1,3.995,0,0,11,36,0,51,0
07-03 04:57:35,25.359,5.524,41.931,26.113,0,1612456,740080,171536,5405676,7191.037,542.341,0,9589.389,0,679.935,5551,8518,2.630,1.710,0.920,2,1,14.061,0,0,11,36,0,51,0
07-03 04:57:36,28.414,5.234,40.377,24.675,0,1491884,859736,171688,5406360,5431.466,538.361,0,9885.906,0,786.605,6019,9436,2.630,1.710,0.920,1,3,6.979,0,0,11,36,0,51,0
07-03 04:57:37,26.002,5.500,39.253,27.502,0,1555968,795880,171784,5406028,5958.481,540.044,0,9208.743,0,728.059,5803,9248,2.630,1.710,0.920,4,0,8.001,0,0,11,36,0,51,0
07-03 04:57:38,41.250,5.750,39.000,13.000,0,1500816,851204,171972,5405668,4347.036,540.004,0,9320.076,0,637.005,4646,6051,2.630,1.710,0.920,3,2,6.000,0,0,11,32,0,47,0
07-03 04:57:39,39.188,4.743,44.430,9.735,0,1550744,801060,172060,5405796,11232.261,485.234,0,4269.257,0,500.210,5452,7419,2.580,1.710,0.920,5,0,1.997,0,0,11,34,0,47,0
07-03 04:57:40,29.043,5.508,44.065,20.280,0,1593148,758312,172228,5405972,10400.380,540.800,0,11400.859,0,1082.601,7314,12087,2.580,1.710,0.920,2,1,2.003,0,0,11,34,0,47,0
07-03 04:57:41,29.483,5.747,41.476,21.238,0,1552348,798628,172568,5406108,11947.014,539.684,0,5688.674,0,944.448,8307,13357,2.580,1.710,0.920,2,0,0.999,0,0,11,34,0,47,0
07-03 04:57:42,30.865,8.030,47.677,12.547,0,1497808,852808,172760,5406268,10470.884,542.013,0,4777.742,0,608.259,5899,7321,2.580,1.710,0.920,1,0,100.373,0,0,11,32,0,46,0
07-03 04:57:43,23.177,3.738,72.521,0.498,0,1532748,817848,172764,5406268,8329.661,538.298,0,945.012,0,56.820,2044,1520,2.580,1.710,0.920,1,0,7.975,0,0,11,32,0,46,0
07-03 04:57:44,9.531,19.814,67.469,1.756,0,1485124,865284,172784,5406428,8145.479,541.761,0,1705.544,0,112.365,6157,5107,2.370,1.680,0.920,2,0,480.562,0,0,11,32,0,46,0
07-03 04:57:45,7.988,21.468,60.411,8.987,0,1477800,872484,172840,5406480,4784.954,539.206,0,7113.525,0,310.543,6775,6306,2.370,1.680,0.920,1,0,481.291,0,0,11,32,0,46,0
07-03 04:57:46,9.727,18.955,69.834,0,0,1458984,891144,172840,5406636,4994.123,538.719,0,67.839,0,4.988,5572,4362,2.370,1.680,0.920,1,0,407.032,0,0,11,32,0,41,0
07-03 04:57:47,21.748,4.000,73.494,0,0,1477160,872984,172840,5406620,7415.381,485.959,0,0,0,0,1853,1316,2.370,1.680,0.920,2,0,2.000,0,0,11,32,0,41,0
07-03 04:57:48,22.267,3.002,73.557,0,0,1474828,875300,172840,5406636,7363.659,540.415,0,20.015,0,2.002,1776,1254,2.370,1.680,0.920,3,0,1.001,0,0,11,32,0,41,0
07-03 04:57:49,22.996,2.999,73.487,0,0,1538720,811428,172840,5406616,8312.513,539.903,0,0,0,0,1902,1342,2.260,1.670,0.920,2,0,2.000,0,0,11,32,0,41,0
07-03 04:57:50,22.756,3.001,73.520,0.250,0,1495708,854420,172840,5406636,7765.072,540.144,0,464.124,0,90.024,1925,1350,2.260,1.670,0.920,2,0,1.000,0,0,11,32,0,37,0
07-03 04:57:51,22.742,3.249,72.476,0.500,0,1537840,812244,172856,5406664,9771.735,539.820,0,415.861,0,30.990,2079,1723,2.260,1.670,0.920,1,0,1.999,0,0,11,32,0,37,0
07-03 04:57:52,22.505,3.751,73.517,0,0,1517500,832588,172856,5406660,8850.056,582.135,0,52.012,0,6.001,1913,1356,2.260,1.670,0.920,1,0,2.000,0,0,11,32,0,37,0
07-03 04:57:53,21.995,3.499,73.485,0,0,1508216,841852,172856,5406680,3715.226,539.888,0,31.993,0,2.999,1767,1191,2.260,1.670,0.920,1,0,2.999,0,0,11,32,0,37,0
07-03 04:57:54,22.738,3.248,73.712,0,0,1519708,830372,172856,5406668,7515.092,539.719,0,0,0,0,1857,1263,2.160,1.660,0.920,1,0,1.999,0,0,11,32,0,33,0
07-03 04:57:55,22.265,3.252,73.798,0,0,1492940,857128,172856,5406680,7854.159,486.319,0,12.008,0,1.001,1821,1253,2.160,1.660,0.920,2,0,1.001,0,0,11,32,0,33,0
07-03 04:57:56,22.254,3.751,73.262,0,0,1536424,813668,172856,5406656,3489.575,540.089,0,36.006,0,1.000,1822,1316,2.160,1.660,0.920,1,0,2.000,0,0,11,32,0,33,0
07-03 04:57:57,22.994,2.499,73.482,0,0,1499060,851008,172856,5406680,7022.251,539.866,0,91.977,0,2.999,1830,1241,2.160,1.660,0.920,1,0,1.000,0,0,11,32,0,33,0
07-03 04:57:58,23.002,3.000,73.506,0,0,1530064,820092,172856,5406592,8166.612,540.040,0,2172.163,0,19.001,1876,1239,2.160,1.660,0.920,1,0,2.000,0,0,11,32,0,29,0
07-03 04:57:59,22.000,3.750,73.749,0,0,1488912,861156,172856,5406680,8905.866,539.992,0,12.000,0,1.000,1913,1378,2.070,1.650,0.920,1,0,2.000,0,0,11,32,0,29,0
07-03 04:58:00,22.545,3.507,73.647,0,0,1487292,862796,172856,5406660,6005.969,541.078,0,0,0,0,1913,1392,2.070,1.650,0.920,1,0,2.004,0,0,11,32,0,29,0
07-03 04:58:01,22.956,2.745,72.112,1.497,0,1470924,879120,172868,5406692,3681.942,538.967,0,598.852,0,37.927,2004,1782,2.070,1.650,0.920,1,0,0.998,0,0,11,32,0,29,0
07-03 04:58:02,22.999,3.500,73.497,0,0,1491532,858508,172872,5406692,9385.669,485.983,0,71.997,0,5.000,1891,1364,2.070,1.650,0.920,1,0,2.000,0,0,11,32,0,21,0
07-03 04:58:03,22.255,3.251,73.766,0,0,1508464,841588,172872,5406680,6705.428,540.115,0,60.013,0,1.000,1827,1246,2.070,1.650,0.920,1,0,2.000,0,0,11,32,0,21,0
07-03 04:58:04,16.041,11.780,71.434,0,0,1489056,860952,172872,5406724,3941.160,541.396,0,156.403,0,9.023,3993,3196,1.980,1.640,0.920,1,0,293.757,0,0,11,32,0,21,0
07-03 04:58:05,18.699,7.978,72.304,0,0,1532396,817600,172872,5406736,6906.302,538.542,0,59.838,0,2.992,3045,2474,1.980,1.640,0.920,1,0,166.549,0,0,11,32,0,21,0
07-03 04:58:06,22.752,3.000,73.758,0,0,1522772,826964,172872,5406996,6355.653,540.055,0,0,0,0,1799,1080,1.980,1.640,0.920,2,0,9.001,0,0,11,32,0,15,0
07-03 04:58:07,22.485,2.748,73.202,0,0,1544836,804900,172872,5406996,8176.685,539.649,0,155.899,0,1.999,1727,1212,1.980,1.640,0.920,1,0,0,0,0,11,32,0,15,0
07-03 04:58:08,13.044,18.060,68.981,0,0,1500952,848644,172872,5407128,7219.136,541.811,40.134,248.832,2.007,7.023,5289,4141,1.980,1.640,0.920,2,0,428.432,0,0,11,32,0,15,0
07-03 04:58:09,8.501,22.253,68.510,0,0,1485624,863928,172872,5407168,5431.770,540.077,0,280.040,0,6.001,6321,4947,1.900,1.630,0.920,1,0,524.074,0,0,11,32,0,15,0
07-03 04:58:10,8.502,21.755,68.765,0,0,1464628,884880,172872,5407204,8373.788,486.104,0,560.120,0,8.002,6688,5561,1.900,1.630,0.920,2,0,606.129,0,0,11,32,0,11,0
07-03 04:58:11,7.999,23.247,66.991,0.750,0,1441608,907832,172872,5407236,5636.269,539.930,0,2163.719,0,50.993,6820,6022,1.900,1.630,0.920,2,0,626.919,0,0,11,32,0,11,0
07-03 04:58:12,7.744,21.733,69.195,0,0,1423592,925816,172872,5407264,7502.083,539.574,0,987.221,0,13.989,6133,4855,1.900,1.630,0.920,1,0,487.615,0,0,11,32,0,11,0
07-03 04:58:13,8.758,20.268,70.063,0,0,1409220,940152,172872,5407300,7644.901,540.488,0,528.477,0,59.053,6497,5237,1.900,1.630,0.920,1,0,538.486,0,0,11,32,0,11,0
07-03 04:58:14,8.750,22.250,68.499,0,0,1398076,951244,172872,5407340,9512.893,539.994,0,271.997,0,14.000,6327,5107,1.830,1.620,0.920,1,0,538.994,0,0,11,32,0,7,0
07-03 04:58:15,9.251,19.502,69.258,0,0,1376288,972988,172888,5407376,6662.795,540.064,0,28.003,0,7.001,6212,4996,1.830,1.620,0.920,1,0,500.060,0,0,11,32,0,7,0
07-03 04:58:16,32.649,27.914,33.397,4.486,0,1438912,910256,172960,5407408,5268.776,538.342,0,4219.009,0,199.386,7477,7486,1.830,1.620,0.920,4,0,784.584,0,0,11,32,0,13,0
07-03 04:58:17,65.211,8.495,23.236,2.998,0,1644736,702116,173072,5409276,3890.695,581.655,15.991,1319.218,0.999,34.979,3785,2017,1.830,1.620,0.920,3,1,2.998,0,0,11,34,0,13,0
07-03 04:58:18,27.012,5.502,35.766,29.513,0,1666072,675088,173376,5413852,7914.435,486.211,428.186,10456.538,9.004,599.260,6266,9536,1.830,1.620,0.920,1,1,32.014,0,0,11,38,0,14,0
07-03 04:58:19,6.747,2.749,49.479,38.484,0,1663228,676360,173560,5415204,7170.995,539.774,0,11499.181,0,790.669,5658,10359,2.090,1.670,0.940,0,2,14.994,0,0,11,38,0,12,0
07-03 04:58:20,5.757,2.253,51.566,37.298,0,1660876,677636,173672,5416140,6875.828,540.694,0,10593.601,0,698.897,4502,8316,2.090,1.670,0.940,0,4,12.015,0,0,11,38,0,12,0
07-03 04:58:21,6.744,3.247,49.703,36.965,0.250,1659124,678360,173788,5417008,7295.149,539.493,0,11489.211,0,864.188,5413,9496,2.090,1.670,0.940,0,1,23.977,0,0,11,38,0,12,0
07-03 04:58:22,6.262,3.006,48.089,40.074,0,1656040,679548,174016,5418628,7890.560,540.998,0,12539.138,0,814.503,4976,8945,2.090,1.670,0.940,0,4,7.013,0,0,11,38,0,12,0
07-03 04:58:23,7.485,3.992,46.909,39.424,0,1654356,680100,174136,5419612,3841.548,538.955,0,12831.110,0,834.381,6012,11039,2.090,1.670,0.940,0,1,11.977,0,0,11,38,0,10,0
07-03 04:58:24,10.261,4.505,46.802,35.539,0.250,1668520,665004,174228,5420404,5088.655,540.601,0,14512.126,0,970.078,6434,16224,2.240,1.710,0.960,3,0,51.057,0,0,11,38,0,11,0
07-03 04:58:25,12.492,2.998,48.969,32.979,0,1604180,727584,174304,5422044,7179.406,539.655,0,8178.766,0,630.596,5462,9347,2.240,1.710,0.960,1,3,9.994,0,0,11,36,0,11,0
07-03 04:58:26,26.283,7.760,25.282,38.048,0,1672048,658204,174404,5423416,6135.745,486.614,0,16092.312,0,1074.356,7444,12057,2.240,1.710,0.960,1,3,68.086,0,0,11,36,0,11,0
07-03 04:58:27,19.532,4.758,39.566,33.305,0,1678724,650224,174476,5424604,11143.514,8312.811,0,16142.820,0,1047.741,7071,12141,2.240,1.710,0.960,1,4,18.030,0,0,11,37,0,8,0
07-03 04:58:28,16.967,6.986,40.422,34.433,0,1648536,679420,174496,5425556,10507.670,2268.611,0,13026.796,0,831.391,6800,10535,2.240,1.710,0.960,1,4,75.853,0,0,11,38,0,9,0
07-03 04:58:29,22.971,4.245,41.447,29.712,0,1665680,660812,174548,5426928,8967.584,2821.408,0,8009.804,0,600.236,5604,8989,2.220,1.720,0.960,1,0,8.989,0,0,11,39,0,9,0
07-03 04:58:30,21.039,4.007,42.579,29.304,0,1661600,663532,174600,5428112,18275.968,9113.939,0,14334.643,0,931.732,7833,12955,2.220,1.720,0.960,2,1,12.022,0,0,11,39,0,9,0
07-03 04:58:31,17.724,4.743,36.696,38.444,0,1657656,665852,174672,5429620,15123.910,9129.665,0,17402.582,0,1199.248,8953,15145,2.220,1.720,0.960,2,2,14.978,0,0,11,38,0,9,0
07-03 04:58:32,24.749,7.000,30.249,35.498,0,1681656,640728,174744,5430616,3831.819,689.967,0,13427.367,0,908.957,6191,9568,2.220,1.720,0.960,1,1,33.998,0,0,11,38,0,9,0
07-03 04:58:33,21.804,3.509,42.855,29.573,0,1685864,635244,174788,5431812,15654.503,8752.527,0,6600.234,0,686.689,6650,10493,2.220,1.720,0.960,2,0,18.044,0,0,11,39,0,9,0
07-03 04:58:34,20.465,3.993,40.930,32.195,0,1677808,642136,174836,5432852,17437.993,9499.653,0,15006.177,0,1068.162,9666,16440,2.280,1.740,0.970,0,2,0,0,0,11,39,0,9,0
07-03 04:58:35,22.539,7.763,36.312,30.803,0.250,1673272,645152,174916,5434256,7971.630,3381.782,0,11916.375,0,898.536,8038,12719,2.280,1.740,0.970,1,1,71.122,0,0,11,38,0,10,0
07-03 04:58:36,18.434,3.487,41.103,34.875,0,1703240,614512,174968,5434852,9447.111,2880.666,0,7513.049,0,570.952,4867,7716,2.280,1.740,0.970,0,2,2.989,0,0,11,39,0,10,0
07-03 04:58:37,21.514,3.752,44.279,27.518,0,1698376,618428,175040,5435704,14903.632,7690.971,0,13804.922,0,914.591,7294,11972,2.280,1.740,0.970,1,1,9.006,0,0,11,39,0,10,0
07-03 04:58:38,19.453,3.990,40.152,33.918,0,1689660,625856,175168,5436836,15785.635,8365.668,0,13191.939,0,823.000,7848,12925,2.280,1.740,0.970,2,1,8.978,0,0,11,39,0,10,0
07-03 04:58:39,25.144,6.035,34.196,32.687,0,1661204,652184,175292,5438780,7875.134,2647.172,0,12531.823,0,821.709,7175,11302,2.500,1.790,1,2,1,39.225,0,0,11,38,0,10,0
07-03 04:58:40,33.196,11.731,32.947,20.467,0,1591688,720576,175380,5439760,9725.232,5562.980,255.586,7308.151,1.997,554.102,7279,9478,2.500,1.790,1,2,3,226.633,0,0,11,37,0,10,0
07-03 04:58:41,30.798,15.524,30.547,22.034,0,1586180,724864,175456,5440792,17497.084,10260.883,697.079,16684.827,9.014,1023.584,12004,20798,2.500,1.790,1,3,2,199.309,0,0,11,37,0,10,0
07-03 04:58:42,25.688,12.221,36.412,23.194,0,1517332,792268,175508,5442144,11210.992,5913.753,1612.116,6362.672,36.911,466.875,8051,11853,2.500,1.790,1,4,2,207.500,0,0,11,36,0,11,0
07-03 04:58:43,21.028,5.007,42.808,28.038,0,1562956,745372,175572,5443292,10493.176,2894.911,0,10766.546,0,768.038,5583,9190,2.500,1.790,1,0,2,13.018,0,0,11,37,0,11,0
07-03 04:58:44,19.012,5.754,46.279,27.017,0,1547192,759804,175688,5444444,13950.663,6971.329,0,11539.165,0,760.472,6836,11015,2.620,1.830,1.010,1,2,34.021,0,0,11,36,0,12,0
07-03 04:58:45,23.707,4.991,42.921,25.952,0,1560208,745720,175744,5445432,11185.494,1290.634,0,8783.897,0,637.831,5505,8335,2.620,1.830,1.010,3,1,2.995,0,0,11,37,0,12,0
07-03 04:58:46,17.746,3.249,43.739,32.742,0,1525364,779800,175796,5446124,18816.386,6495.407,0,13508.688,0,853.791,5975,9877,2.620,1.830,1.010,5,1,3.999,0,0,11,36,0,13,0
07-03 04:58:47,23.991,6.248,45.733,21.742,0,1583752,720244,175828,5447192,4911.183,539.800,0,5497.966,0,485.820,5297,7788,2.620,1.830,1.010,1,1,61.977,0,0,11,36,0,13,0
07-03 04:58:48,16.486,4.246,49.459,27.477,0,1582028,720684,175880,5448396,11868.087,8924.546,0,12597.478,0,818.316,6400,11062,2.620,1.830,1.010,3,1,0,0,0,11,37,0,13,0
07-03 04:58:49,22.520,6.256,42.037,27.024,0,1550224,751560,175912,5449272,9507.376,2689.369,0,10569.312,0,635.560,6125,9018,2.730,1.860,1.030,1,1,46.041,0,0,11,36,0,14,0
07-03 04:58:50,22.009,3.501,47.269,25.260,0,1568496,732004,175936,5450440,11272.622,6255.565,0,8723.577,0,535.219,5345,8261,2.730,1.860,1.030,1,1,0,0,0,11,37,0,14,0
07-03 04:58:51,12.744,6.497,45.478,32.485,0,1473704,825896,175948,5451300,12027.275,5582.343,0,14832.940,0,985.531,7080,11295,2.730,1.860,1.030,0,1,65.969,0,0,11,36,0,15,0
07-03 04:58:52,4.499,2.249,65.482,25.243,0,1470056,828512,175960,5452296,9498.359,539.850,0,6878.088,0,542.849,4159,7434,2.730,1.860,1.030,0,2,1.000,0,0,11,36,0,15,0
07-03 04:58:53,3.500,2.250,58.997,31.749,0,1466076,831668,175976,5453084,8042.655,539.977,0,8843.621,0,647.972,4421,8149,2.730,1.860,1.030,0,1,9.000,0,0,11,36,0,15,0
07-03 04:58:54,4.000,2.250,56.496,34.248,0,1463604,833632,176012,5453536,5684.609,539.963,0,9807.325,0,754.948,4835,8731,2.750,1.880,1.040,1,1,11.999,0,0,11,36,0,15,0
07-03 04:58:55,5.000,3.500,58.745,29.997,0.250,1461264,835400,176044,5454072,3113.712,539.950,0,12714.826,0,882.918,5114,9583,2.750,1.880,1.040,0,1,5.999,0,0,11,36,0,15,0
07-03 04:58:56,5.503,3.002,56.779,32.017,0,1459348,835580,176108,5455700,5096.635,540.279,0,9953.146,0,670.347,4649,8138,2.750,1.880,1.040,0,1,6.003,0,0,11,36,0,15,0
07-03 04:58:57,5.247,2.998,60.468,27.735,0,1458972,835580,176148,5456028,8016.740,539.713,0,12417.402,0,891.526,5245,9412,2.750,1.880,1.040,2,1,8.995,0,0,11,36,0,15,0
07-03 04:58:58,5.747,2.999,62.971,25.738,0,1458328,835928,176196,5456264,8810.963,485.777,0,10455.209,0,740.661,5268,9654,2.750,1.880,1.040,0,1,8.996,0,0,11,36,0,15,0
07-03 04:58:59,4.250,2.500,59.752,29.751,0,1456560,837492,176232,5456432,9958.255,540.014,0,8716.223,0,665.017,4564,8066,2.850,1.920,1.060,1,1,9.000,0,0,11,36,0,15,0
07-03 04:59:00,5.753,2.751,60.782,28.765,0,1455200,838488,176284,5456732,7782.142,540.288,0,11858.311,0,844.449,5025,9146,2.850,1.920,1.060,0,2,9.005,0,0,11,36,0,15,0
07-03 04:59:01,4.750,3.250,61.500,27.250,0,1454104,838792,176360,5457432,8431.983,539.999,0,11183.978,0,815.998,5034,9048,2.850,1.920,1.060,0,2,9.000,0,0,11,36,0,15,0
07-03 04:59:02,3.750,2.500,61.749,29.000,0,1453580,838540,176400,5458140,5528.919,539.992,0,8307.878,0,596.991,4248,7754,2.850,1.920,1.060,2,0,4.000,0,0,11,36,0,15,0
07-03 04:59:03,4.750,3.000,60.752,29.501,0,1453340,838288,176464,5458540,3606.092,540.014,0,9376.238,0,679.017,4655,8404,2.850,1.920,1.060,0,1,12.000,0,0,11,36,0,15,0
07-03 04:59:04,4.501,2.750,58.008,31.254,0,1452760,837280,176520,5460016,7854.114,540.077,0,13297.886,0,842.119,4937,8999,2.780,1.920,1.060,1,2,6.001,0,0,11,36,0,15,0
07-03 04:59:05,6.502,3.001,58.772,28.761,0,1454228,835264,176568,5460500,6842.515,540.199,0,9975.666,0,738.271,5356,9521,2.780,1.920,1.060,1,2,9.003,0,0,11,36,0,15,0
07-03 04:59:06,5.996,2.499,64.712,23.736,0,1455444,834556,176608,5459952,5478.779,485.714,0,7535.570,0,656.614,5420,10088,2.780,1.920,1.060,0,3,5.996,0,0,11,36,0,15,0
07-03 04:59:07,5.002,3.501,60.522,28.510,0,1455412,834304,176636,5460196,8362.987,540.193,0,11868.238,0,913.326,5416,9891,2.780,1.920,1.060,0,1,3.001,0,0,11,36,0,15,0
07-03 04:59:08,5.250,3.250,62.749,25.499,0,1456212,834748,176704,5458888,5711.866,539.987,0,7659.820,0,758.982,5331,9665,2.780,1.920,1.060,1,3,0,0,0,11,36,0,15,0
07-03 04:59:09,6.249,2.500,55.744,31.996,0,1455016,835636,176740,5459160,9651.930,539.940,0,14518.390,0,907.899,4952,8971,2.720,1.920,1.070,0,2,3.000,0,0,11,36,0,15,0
07-03 04:59:10,7.751,2.750,59.755,28.502,0,1454856,835384,176760,5459552,8147.685,540.045,0,8244.693,0,594.050,4388,7507,2.720,1.920,1.070,0,1,6.001,0,0,11,36,0,15,0
07-03 04:59:11,7.749,3.250,59.742,26.247,0,1454608,835132,176796,5460016,4949.355,539.930,0,12226.406,0,916.880,5548,9951,2.720,1.920,1.070,1,1,5.999,0,0,11,36,0,15,0
07-03 04:59:12,5.259,2.504,57.602,31.556,0,1454436,835132,176820,5460164,6926.265,540.958,0,11320.046,0,897.589,4845,8626,2.720,1.920,1.070,1,2,10.018,0,0,11,36,0,15,0
07-03 04:59:13,4.242,2.495,56.896,33.938,0,1454216,835132,176840,5460364,5199.526,485.116,0,10732.445,0,702.720,4266,7656,2.720,1.920,1.070,0,1,5.989,0,0,11,36,0,15,0
07-03 04:59:14,5.001,2.250,66.013,23.505,0,1454216,834628,176868,5460828,3610.692,540.104,0,6089.168,0,573.110,4436,7938,2.580,1.910,1.070,0,2,6.001,0,0,11,36,0,15,0
07-03 04:59:15,5.749,2.999,59.238,28.994,0,1454108,834376,176876,5461172,7571.511,539.894,0,11321.773,0,829.837,5013,8902,2.580,1.910,1.070,3,0,8.998,0,0,11,36,0,15,0
07-03 04:59:16,6.996,2.748,63.964,22.737,0,1454884,834376,176908,5460368,5999.618,581.672,0,8367.284,0,823.536,6143,11060,2.580,1.910,1.070,0,2,5.997,0,0,11,36,0,13,0
07-03 04:59:17,5.504,3.252,58.038,31.021,0,1455296,833872,176912,5460456,7171.747,540.358,0,14465.574,0,939.622,4921,8932,2.580,1.910,1.070,1,1,3.002,0,0,11,36,0,13,0
07-03 04:59:18,5.498,3.249,58.482,28.991,0,1454920,833872,176940,5460804,7818.548,539.831,0,9616.984,0,821.742,5931,10645,2.580,1.910,1.070,1,1,2.999,0,0,11,38,0,13,0
07-03 04:59:19,5.252,2.251,57.269,32.761,0,1454636,833872,176952,5461076,8708.928,540.182,0,9951.345,0,702.236,4125,7414,2.620,1.920,1.080,0,1,6.002,0,0,11,38,0,13,0
07-03 04:59:20,5.748,2.999,55.478,32.737,0,1454484,833620,176988,5461432,9920.996,485.804,0,13482.559,0,938.621,5208,9382,2.620,1.920,1.080,0,3,2.999,0,0,11,38,0,8,0
07-03 04:59:21,6.503,2.751,59.531,28.265,0,1454620,833116,177004,5461772,7526.884,540.279,0,9644.977,0,767.396,5609,9982,2.620,1.920,1.080,1,0,12.006,0,0,11,38,0,8,0
07-03 04:59:22,8.500,2.750,61.000,25.750,0,1454700,832612,177032,5462164,8584.957,539.997,0,8691.956,0,722.996,4791,8243,2.620,1.920,1.080,0,1,10.000,0,0,11,38,0,8,0
07-03 04:59:23,10.001,2.750,55.004,28.252,0,1454240,832360,177052,5462840,5538.446,540.043,0,12881.037,0,1012.081,5934,10498,2.620,1.920,1.080,0,1,15.001,0,0,11,38,0,8,0
07-03 04:59:24,12.500,4.750,58.502,21.751,0,1465372,820624,177092,5463388,7141.228,540.017,0,8256.264,0,739.024,6577,15412,2.730,1.960,1.090,0,1,48.002,0,0,11,38,0,8,0
07-03 04:59:25,6.499,2.500,57.995,30.247,0,1465068,820624,177104,5463668,6815.384,539.951,0,12214.896,0,787.929,5193,9664,2.730,1.960,1.090,3,2,5.999,0,0,11,38,0,8,0
07-03 04:59:26,5.261,2.255,60.122,30.562,0,1464544,820624,177112,5464176,4303.729,541.097,0,4861.861,0,494.002,4084,7397,2.730,1.960,1.090,0,1,9.018,0,0,11,38,0,8,0
07-03 04:59:27,4.490,2.495,58.122,30.682,0.249,1464432,820624,177148,5464248,4738.569,632.607,0,14005.172,0,922.968,5054,9193,2.730,1.960,1.090,0,2,5.987,0,0,11,38,0,8,0
07-03 04:59:28,5.751,2.751,62.016,26.757,0,1463664,820624,177188,5464952,7779.964,486.123,0,9398.373,0,807.204,5593,10067,2.730,1.960,1.090,1,1,15.004,0,0,11,38,0,7,0
07-03 04:59:29,4.745,2.497,59.433,30.466,0,1463476,820624,177212,5465112,6511.688,539.394,0,10791.881,0,735.174,4484,7965,2.750,1.980,1.100,0,2,5.993,0,0,11,38,0,7,0
07-03 04:59:30,5.519,2.760,54.940,33.115,0,1462892,820624,177248,5465648,8692.099,541.876,0,15650.193,0,1020.534,5495,10042,2.750,1.980,1.100,2,0,6.021,0,0,11,38,0,7,0
07-03 04:59:31,6.243,2.497,63.676,25.470,0,1462196,820624,177260,5466300,5331.779,539.371,0,7383.386,0,691.194,5107,9358,2.750,1.980,1.100,1,0,2.997,0,0,11,38,0,7,0
07-03 04:59:32,4.490,3.243,61.118,27.940,0,1461548,820624,177292,5466896,7039.768,538.834,0,11064.061,0,801.266,4852,8761,2.750,1.980,1.100,0,3,9.978,0,0,11,38,0,7,0
07-03 04:59:33,5.252,3.001,60.272,28.260,0,1461108,820624,177308,5467312,6937.530,540.197,0,10287.752,0,776.283,4877,8764,2.750,1.980,1.100,0,2,12.004,0,0,11,38,0,7,0
07-03 04:59:34,5.252,3.251,62.027,27.262,0,1460644,820624,177312,5467752,5839.502,540.231,0,11212.804,0,857.367,5198,9566,2.850,2.010,1.120,0,3,12.005,0,0,11,38,0,7,0
07-03 04:59:35,4.249,2.999,57.231,31.990,0,1460104,820624,177324,5468268,3994.698,539.824,0,14355.322,0,947.691,5592,10402,2.850,2.010,1.120,0,1,5.998,0,0,11,38,0,7,0
07-03 04:59:36,5.499,2.250,66.487,22.495,0,1459436,820624,177352,5468888,7560.477,485.902,0,6630.664,0,650.869,4898,8758,2.850,2.010,1.120,0,2,8.998,0,0,11,38,0,6,0
07-03 04:59:37,4.252,2.751,59.526,29.763,0,1459068,820624,177356,5469244,6611.923,540.239,0,13389.919,0,900.398,5306,9889,2.850,2.010,1.120,0,1,3.001,0,0,11,38,0,6,0
07-03 04:59:38,4.996,2.498,67.440,22.980,0,1458968,820372,177364,5469564,8248.716,539.524,0,6046.661,0,554.510,4821,8535,2.850,2.010,1.120,1,2,11.989,0,0,11,38,0,6,0
07-03 04:59:39,4.003,2.752,58.291,31.772,0,1459052,820120,177364,5469724,7109.027,540.382,0,12672.962,0,840.594,4624,8292,3.100,2.080,1.150,1,2,3.002,0,0,11,38,0,6,0
07-03 04:59:40,4.999,3.249,60.485,28.493,0,1459076,819868,177368,5469944,8618.920,539.870,0,8569.932,0,694.832,5198,9338,3.100,2.080,1.150,1,1,8.998,0,0,11,38,0,6,0
07-03 04:59:41,4.498,2.749,60.478,28.989,0,1458980,819364,177368,5470532,7949.118,539.804,0,10652.138,0,808.707,4635,8708,3.100,2.080,1.150,1,1,5.998,0,0,11,38,0,6,0
07-03 04:59:42,6.005,3.003,61.302,26.272,0,1458676,819112,177376,5471068,6822.782,540.458,0,9472.028,0,795.674,6488,11909,3.100,2.080,1.150,0,1,31.026,0,0,11,38,0,6,0
07-03 04:59:43,5.749,2.999,59.986,27.994,0,1459264,817852,177384,5471688,9638.790,485.889,0,10217.658,0,769.824,5004,8877,3.100,2.080,1.150,1,1,20.995,0,0,11,38,0,6,0
07-03 04:59:44,6.753,3.501,55.272,32.013,0,1458916,817852,177384,5472028,7604.039,540.216,0,14221.683,0,947.379,5537,9967,3.090,2.090,1.160,3,0,12.005,0,0,11,38,0,6,0
07-03 04:59:45,6.249,2.499,65.735,22.745,0,1458468,817852,177384,5472464,5472.776,539.879,0,6266.599,0,595.867,4745,8496,3.090,2.090,1.160,1,1,14.997,0,0,11,38,0,4,0
07-03 04:59:46,5.750,3.000,61.501,27.251,0,1457928,817852,177392,5472980,8742.210,540.013,0,9420.227,0,722.017,4875,8905,3.090,2.090,1.160,0,4,12.000,0,0,11,38,0,4,0
07-03 04:59:47,4.001,2.500,55.759,34.756,0,1457904,817600,177404,5473244,7521.210,540.087,0,13406.157,0,854.137,4432,8111,3.090,2.090,1.160,1,2,6.001,0,0,11,38,0,4,0
07-03 04:59:48,4.999,2.499,60.233,28.492,0,1458136,817096,177432,5473476,8623.560,539.847,0,9453.325,0,781.779,5162,9301,3.090,2.090,1.160,1,0,11.997,0,0,11,38,0,4,0
07-03 04:59:49,3.501,2.001,61.521,29.760,0,1457820,817096,177440,5473760,6563.266,540.186,0,7230.496,0,546.189,4027,7208,2.930,2.070,1.160,0,2,12.004,0,0,11,38,0,3,0
07-03 04:59:50,3.499,2.499,60.737,30.243,0,1457992,816592,177452,5474076,6141.640,485.892,0,9989.788,0,707.843,4271,7832,2.930,2.070,1.160,1,2,0,0,0,11,38,0,3,0
07-03 04:59:51,7.250,3.250,59.002,27.751,0,1459744,814324,177488,5474548,9068.354,540.021,0,9720.380,0,751.029,5408,9482,2.930,2.070,1.160,3,1,9.000,0,0,11,38,0,3,0
07-03 04:59:52,4.999,2.749,61.239,28.495,0,1459592,814324,177496,5474684,6129.865,581.892,0,7474.617,0,600.889,4347,7690,2.930,2.070,1.160,0,1,3.999,0,0,11,38,0,3,0
07-03 04:59:53,6.754,2.752,56.034,32.019,0,1459016,814324,177508,5475240,3468.094,540.326,0,13239.992,0,930.562,4977,8925,2.930,2.070,1.160,0,1,6.004,0,0,11,38,0,1,0
07-03 04:59:54,5.256,3.254,62.069,26.029,0,1460260,813568,177520,5474732,8064.949,540.600,0,9210.220,0,805.894,5513,9784,3.010,2.110,1.170,0,2,6.007,0,0,11,38,0,1,0
07-03 04:59:55,4.494,2.247,58.671,30.958,0,1461000,813568,177528,5473980,5232.926,539.271,0,11568.361,0,827.881,4827,9004,3.010,2.110,1.170,1,1,0,0,0,11,38,0,1,0
07-03 04:59:56,5.010,3.006,60.615,29.055,0,1462048,813568,177552,5472916,7792.806,541.028,0,8115.419,0,649.233,4548,8226,3.010,2.110,1.170,0,1,0,0,0,11,38,0,1,0
07-03 04:59:57,5.252,2.751,61.278,27.263,0.250,1462780,814260,177560,5471488,5199.385,540.248,0,13041.981,0,911.418,5576,10257,3.010,2.110,1.170,1,2,0,0,0,11,38,0,1,0
07-03 04:59:58,5.743,2.996,58.428,29.464,0,1464704,814260,177560,5469564,5121.670,485.400,0,8265.784,0,781.035,6451,11984,3.010,2.110,1.170,1,0,0,0,0,11,38,0,1,0
07-03 04:59:59,5.742,2.497,60.666,27.462,0.250,1463772,814984,177560,5469768,9167.297,539.253,0,11436.153,0,839.836,5018,8974,3.090,2.140,1.190,1,1,5.992,0,0,11,38,0,1,0
07-03 05:00:00,5.247,3.248,59.469,28.485,0,1463812,814732,177564,5469976,10125.677,539.716,0,13652.823,0,950.500,5509,9868,3.090,2.140,1.190,0,1,8.995,0,0,11,38,0,1,0
07-03 05:00:01,7.005,2.252,61.293,27.019,0,1463672,814480,177564,5470372,8450.965,540.381,0,8225.806,0,674.476,4686,8375,3.090,2.140,1.190,0,2,9.006,0,0,11,38,0,1,0
07-03 05:00:02,6.000,2.250,56.748,31.749,0,1463500,814480,177564,5470540,6441.783,539.982,0,10331.653,0,780.974,4826,8834,3.090,2.140,1.190,1,0,10.000,0,0,11,38,0,1,0
07-03 05:00:03,13.291,6.771,60.184,18.306,0.251,1332556,945596,177564,5470372,9136.985,541.659,0,7559.153,0,562.724,4806,6524,3.090,2.140,1.190,1,1,98.301,0,0,11,32,0,2,0
07-03 05:00:04,8.485,22.961,56.903,10.232,0,1342336,935604,177568,5470580,6154.455,539.076,0,8229.899,0,428.266,7550,7485,3,2.140,1.190,3,0,607.958,0,0,11,32,0,2,0
07-03 05:00:05,55.816,14.016,25.280,4.505,0,1510684,767052,177588,5470764,3784.448,540.635,0,1525.794,0,88.104,5360,4092,3,2.140,1.190,3,0,245.288,0,0,11,32,0,8,0
07-03 05:00:06,50.886,6.984,29.933,11.724,0,1686224,589392,177652,5472696,5581.483,484.913,0,2418.576,0,155.651,3695,2095,3,2.140,1.190,4,0,0,0,0,11,32,0,8,0
07-03 05:00:07,64.933,5.014,24.569,4.262,0,1779576,491952,177796,5476240,11260.697,541.524,0,7958.402,0,278.785,4202,2193,3,2.140,1.190,3,0,6.017,0,0,11,32,0,8,0
07-03 05:00:08,13.949,4.234,45.333,33.626,0,1791280,477840,177844,5478436,6249.008,538.020,0,11441.902,0,699.427,5867,9429,3,2.140,1.190,1,2,26.901,0,0,11,38,0,8,0
07-03 05:00:09,12.002,2.750,48.008,34.506,0,1789916,477084,177848,5480460,8208.411,540.093,0,10337.777,0,723.124,5970,10192,3,2.150,1.200,2,2,42.007,0,0,11,38,0,8,0
07-03 05:00:10,9.507,3.503,51.539,32.775,0,1789376,476076,177848,5481960,9485.101,540.405,0,14098.555,0,908.680,6290,11300,3,2.150,1.200,0,2,18.013,0,0,11,38,0,8,0
07-03 05:00:11,8.494,3.497,47.714,38.221,0,1787376,476076,177860,5483896,9416.899,539.593,0,10723.913,0,753.432,5840,10092,3,2.150,1.200,1,3,26.980,0,0,11,38,0,8,0
07-03 05:00:12,8.004,3.752,50.778,33.769,0,1786536,475572,177876,5485196,8924.933,540.299,0,15336.476,0,1021.565,6743,11921,3,2.150,1.200,1,2,31.017,0,0,11,38,0,8,0
07-03 05:00:13,7.999,3.250,50.494,34.746,0,1786420,474816,177892,5486024,5765.291,539.934,0,13834.299,0,881.892,5694,10220,3,2.150,1.200,0,1,26.997,0,0,11,38,0,8,0
07-03 05:00:14,6.500,3.500,47.250,40.500,0,1786200,474060,177900,5486964,10662.007,486.000,0,10740.007,0,695.000,4702,8120,3.080,2.180,1.220,2,2,18.000,0,0,11,38,0,8,0
07-03 05:00:15,8.999,3.000,48.495,35.997,0,1785436,473304,177908,5488416,6644.374,539.949,0,15534.536,0,1033.903,6647,12135,3.080,2.180,1.220,0,4,26.997,0,0,11,38,0,8,0
07-03 05:00:16,8.498,3.499,52.735,32.241,0,1785316,472296,177924,5489504,5052.583,539.849,0,14204.016,0,964.729,6486,11840,3.080,2.180,1.220,0,2,26.992,0,0,11,38,0,8,0
07-03 05:00:17,7.002,3.501,47.761,38.759,0,1784392,472044,177928,5490644,7615.779,582.136,0,13523.158,0,869.203,6117,10981,3.080,2.180,1.220,0,1,18.004,0,0,11,38,0,8,0
07-03 05:00:18,7.249,3.249,47.742,38.994,0,1784520,470532,177932,5491952,7369.813,539.913,0,12378.006,0,818.868,5297,9243,3.080,2.180,1.220,0,3,17.997,0,0,11,38,0,8,0
07-03 05:00:19,7.768,3.257,50.615,35.832,0,1784488,469524,177944,5492956,8288.879,541.233,0,14753.603,0,959.185,6875,12724,3.240,2.230,1.240,0,3,21.048,0,0,11,38,0,8,0
07-03 05:00:20,9.479,2.744,51.138,34.425,0,1784268,468264,177960,5494364,6042.811,538.824,0,7639.326,0,630.624,5484,9475,3.240,2.230,1.240,0,1,47.895,0,0,11,38,0,8,0
07-03 05:00:21,6.015,2.506,47.870,40.351,0,1784852,466752,177968,5495216,3870.672,487.217,0,12254.621,0,810.024,4825,8974,3.240,2.230,1.240,5,2,18.045,0,0,11,38,0,8,0
07-03 05:00:22,7.241,3.246,55.180,31.710,0,1784564,466248,177988,5495988,7337.680,539.315,0,15064.866,0,1024.699,5860,10531,3.240,2.230,1.240,0,4,27.964,0,0,11,38,0,8,0
07-03 05:00:23,6.500,2.750,52.253,35.002,0,1786204,463476,178004,5497056,5179.285,540.030,0,13836.761,0,903.050,5501,10039,3.240,2.230,1.240,0,1,21.001,0,0,11,38,0,8,0
07-03 05:00:24,9.488,5.743,49.936,32.958,0,1805136,443568,178004,5497972,3562.464,539.313,0,11229.701,0,780.007,6306,18444,3.220,2.240,1.250,1,2,47.939,0,0,11,38,0,9,0
07-03 05:00:25,5.506,2.753,53.057,35.037,0,1799236,448840,178004,5498588,8928.535,540.577,0,13942.889,0,904.966,5379,9681,3.220,2.240,1.250,0,2,15.016,0,0,11,38,0,9,0
07-03 05:00:26,5.750,3.250,47.751,40.751,0,1796904,450464,178008,5499272,7834.155,540.011,0,14632.289,0,917.018,5173,9198,3.220,2.240,1.250,1,2,12.000,0,0,11,38,0,8,0
07-03 05:00:27,5.744,2.248,47.702,39.710,0,1794092,452168,178008,5500348,9291.622,633.361,0,14205.663,0,945.046,6109,11241,3.220,2.240,1.250,3,1,14.985,0,0,11,38,0,8,0
07-03 05:00:28,5.750,2.750,52.254,36.253,0,1792068,453264,178016,5501240,5851.495,540.046,0,10420.882,0,747.063,5316,9514,3.220,2.240,1.250,0,5,15.001,0,0,11,38,0,8,0
07-03 05:00:29,6.249,3.249,52.490,35.494,0,1788932,455868,178020,5501740,4968.095,485.911,0,11693.869,0,803.853,5065,9310,3.360,2.290,1.270,0,1,17.997,0,0,11,38,0,8,0
07-03 05:00:30,9.258,3.253,51.543,32.527,0,1788040,455824,178040,5502632,7446.222,540.452,0,14055.746,0,1006.841,5786,10295,3.360,2.290,1.270,3,1,21.018,0,0,11,38,0,8,0
07-03 05:00:31,27.058,6.764,30.315,34.323,0,1682448,559844,178048,5504136,6371.557,541.151,0,9504.223,0,701.493,6444,9788,3.360,2.290,1.270,1,1,94.200,0,0,11,36,0,8,0
07-03 05:00:32,28.932,4.739,32.424,31.177,0,1753536,487772,178060,5505080,7414.531,538.731,0,12163.342,0,798.120,6790,10789,3.360,2.290,1.270,1,3,27.934,0,0,11,36,0,8,0
07-03 05:00:33,23.234,5.996,39.473,30.729,0,1715460,524856,178068,5506036,5949.913,539.629,0,12871.159,0,803.448,6290,9288,3.360,2.290,1.270,2,2,103.929,0,0,11,36,0,8,0
07-03 05:00:34,6.750,2.500,53.250,33.750,0,1710728,528732,178072,5506868,7932.935,539.996,0,11295.907,0,787.994,5568,9951,3.330,2.300,1.280,0,1,18.000,0,0,11,36,0,8,0
07-03 05:00:35,4.755,2.753,52.555,36.038,0,1701804,536544,178084,5507944,13971.633,780.818,0,12469.059,0,794.832,4930,8730,3.330,2.300,1.280,3,1,12.013,0,0,11,36,0,8,0
07-03 05:00:36,5.758,2.754,57.828,31.542,0,1693716,543784,178096,5508756,9422.679,486.655,0,10273.824,0,698.940,4425,7973,3.330,2.300,1.280,1,3,21.028,0,0,11,36,0,8,0
07-03 05:00:37,4.743,2.246,52.917,36.443,0,1686776,550132,178100,5509328,7157.827,539.158,0,13075.590,0,746.834,4425,7893,3.330,2.300,1.280,0,1,14.977,0,0,11,36,0,8,0
07-03 05:00:38,6.497,2.749,55.474,32.235,0,1679604,555620,178116,5510924,8899.750,539.742,0,10666.906,0,795.620,5371,9359,3.330,2.300,1.280,0,4,17.991,0,0,11,36,0,8,0
07-03 05:00:39,4.750,3.500,52.752,36.001,0,1674652,559552,178128,5511904,5545.187,540.018,0,13112.441,0,850.029,5063,9277,3.310,2.310,1.290,0,4,6.000,0,0,11,36,0,8,0
07-03 05:00:40,5.500,2.000,51.753,37.502,0,1668916,563116,178132,5514016,8769.445,540.027,0,9352.475,0,589.030,4798,8477,3.310,2.310,1.290,4,2,15.001,0,0,11,36,0,8,0
07-03 05:00:41,5.249,2.999,56.239,32.744,0,1666176,565048,178144,5514796,6088.845,539.898,0,12741.583,0,802.848,4831,8818,3.310,2.310,1.290,0,2,14.997,0,0,11,36,0,8,0
07-03 05:00:42,6.501,3.001,57.010,30.255,0,1663036,567212,178156,5515720,8241.479,540.097,0,11398.046,0,765.137,5677,10094,3.310,2.310,1.290,4,0,25.004,0,0,11,36,0,8,0
07-03 05:00:43,11.492,3.748,47.969,33.478,0,1661464,567688,178168,5516700,6506.744,539.647,0,11152.705,0,822.462,6091,10341,3.310,2.310,1.290,0,2,14.990,0,0,11,36,0,8,0
07-03 05:00:44,8.002,3.001,52.260,33.006,0,1659888,568412,178172,5517508,4705.912,486.094,0,14530.815,0,911.176,5968,10792,3.520,2.370,1.310,0,2,0,0,0,11,36,0,8,0
07-03 05:00:45,5.251,2.501,51.014,39.011,0,1657936,568996,178176,5518816,5309.448,540.147,0,9194.507,0,629.172,4344,7912,3.520,2.370,1.310,1,2,0,0,0,11,36,0,8,0
07-03 05:00:46,5.763,3.007,52.364,36.079,0,1656892,568756,178176,5520072,9254.137,541.178,0,14399.332,0,861.875,5037,9119,3.520,2.370,1.310,1,2,0,0,0,11,36,0,8,0
07-03 05:00:47,4.486,2.991,50.597,38.384,0.249,1654892,569200,178180,5521572,9202.087,538.367,0,11556.944,0,752.717,4782,8590,3.520,2.370,1.310,1,2,0,0,0,11,36,0,8,0
07-03 05:00:48,4.250,2.250,54.506,35.254,0,1653628,569304,178180,5522664,8913.915,540.055,0,10329.061,0,658.068,4410,8300,3.520,2.370,1.310,1,1,0,0,0,11,36,0,8,0
07-03 05:00:49,5.504,3.002,52.286,36.775,0,1650684,570724,178184,5524148,5920.094,540.374,0,11515.963,0,753.521,4817,8886,3.480,2.380,1.320,0,1,0,0,0,11,36,0,8,0
07-03 05:00:50,5.494,2.747,52.197,36.463,0,1650328,569652,178192,5525532,6872.015,539.452,0,12263.534,0,799.188,4939,9088,3.480,2.380,1.320,2,0,0,0,0,11,36,0,8,0
07-03 05:00:51,5.251,2.750,50.008,38.006,0,1649908,568896,178192,5526672,5415.899,540.090,0,13122.179,0,799.133,5059,9328,3.480,2.380,1.320,6,1,0,0,0,11,36,0,8,0
07-03 05:00:52,4.753,3.252,53.783,35.772,0,1649600,567636,178200,5528192,3806.352,528.326,0,11094.855,0,720.445,5288,9636,3.480,2.380,1.320,0,1,1.001,0,0,11,36,0,8,0
07-03 05:00:53,4.001,2.501,55.014,35.259,0,1649168,566628,178212,5529532,6843.758,540.139,0,9406.416,0,643.165,4428,7965,3.480,2.380,1.320,4,1,0,0,0,11,36,0,8,0
07-03 05:00:54,4.507,2.504,52.078,37.306,0,1647924,565648,178216,5531648,5977.001,540.814,0,13716.657,0,779.173,4586,8347,3.440,2.390,1.330,0,5,6.009,0,0,11,36,0,8,0
07-03 05:00:55,6.740,2.496,54.670,33.451,0,1647956,564640,178220,5532588,3663.644,539.212,0,8371.762,0,675.013,5469,9957,3.440,2.390,1.330,0,2,8.987,0,0,11,36,0,8,0
07-03 05:00:56,4.247,2.998,60.712,29.731,0,1648140,564388,178224,5532644,7547.302,539.664,0,13683.483,0,920.427,4848,8963,3.440,2.390,1.330,2,1,5.996,0,0,11,36,0,8,0
07-03 05:00:57,5.755,2.752,49.539,39.031,0,1649096,563128,178224,5532944,5138.076,582.462,0,12978.295,0,838.665,5980,10753,3.440,2.390,1.330,1,3,6.005,0,0,11,36,0,8,0
07-03 05:00:58,4.249,2.749,61.979,27.740,0,1648924,562876,178228,5533348,9771.637,539.814,0,8581.047,0,730.749,4986,9035,3.440,2.390,1.330,0,1,11.996,0,0,11,36,0,8,0
07-03 05:00:59,4.252,2.751,57.271,33.012,0,1648568,562876,178228,5533700,6033.262,486.182,0,12568.712,0,868.326,4867,8877,3.400,2.400,1.340,0,0,12.005,0,0,11,36,0,8,0
07-03 05:01:00,6.001,2.501,59.513,28.506,0,1649948,561112,178236,5534064,6700.497,540.121,0,6949.553,0,580.130,4422,7629,3.400,2.400,1.340,3,2,12.003,0,0,11,36,0,8,0
07-03 05:01:01,5.499,3.499,55.238,33.493,0,1649952,560860,178236,5534300,8915.046,539.882,0,13768.983,0,925.797,5069,9293,3.400,2.400,1.340,0,2,8.998,0,0,11,36,0,8,0
07-03 05:01:02,6.998,2.499,46.485,39.737,0,1650624,559600,178236,5534872,5438.281,539.829,0,11992.208,0,743.765,4946,8928,3.400,2.400,1.340,0,2,3.999,0,0,11,36,0,8,0
07-03 05:01:03,6.751,3.251,59.009,28.755,0,1652080,557332,178236,5535664,3971.627,540.085,0,10549.666,0,780.123,5216,9218,3.400,2.400,1.340,0,1,18.003,0,0,11,36,0,8,0
07-03 05:01:04,6.249,2.750,52.244,35.496,0,1652032,557080,178240,5535956,7630.142,539.939,0,13326.502,0,873.902,4938,8756,3.370,2.410,1.350,0,2,11.999,0,0,11,36,0,8,0
07-03 05:01:05,7.502,2.501,54.513,32.758,0,1651436,557080,178240,5536536,7144.662,540.126,0,7297.698,0,589.137,5748,10239,3.370,2.410,1.350,0,1,15.003,0,0,11,36,0,8,0
07-03 05:01:06,16.038,4.511,44.857,32.828,0,1501296,707068,178240,5536660,8572.392,541.288,0,14217.822,0,945.249,5684,9492,3.370,2.410,1.350,1,1,49.117,0,0,11,34,0,1,0
07-03 05:01:07,16.699,10.966,65.051,5.483,0,1372816,835528,178240,5536680,6405.417,484.519,0,3724.613,0,207.366,3988,3479,3.370,2.410,1.350,1,0,211.354,0,0,11,32,0,1,0
07-03 05:01:08,22.498,3.500,70.995,2.750,0,1447912,760432,178240,5536680,4218.694,539.961,0,1547.888,0,89.993,1955,1707,3.370,2.410,1.350,1,0,1.000,0,0,11,32,0,1,0
07-03 05:01:09,24.017,2.502,64.046,8.756,0,1496532,711796,178240,5536692,10620.608,540.387,0,3018.162,0,171.123,2397,2362,3.180,2.390,1.350,1,0,2.001,0,0,11,38,0,1,0
07-03 05:01:10,20.511,5.003,73.289,0.500,0,1426224,782104,178240,5536692,7176.834,540.289,0,120.064,0,12.006,2057,1504,3.180,2.390,1.350,2,0,28.015,0,0,11,32,0,1,0
07-03 05:01:11,22.251,3.000,73.503,0,0,1498548,709780,178240,5536692,6894.285,540.022,0,0,0,0,1832,1303,3.180,2.390,1.350,1,0,2.000,0,0,11,32,0,1,0
07-03 05:01:12,16.542,21.806,60.154,0.251,0,1439852,768456,178240,5536712,7381.850,541.382,0,617.577,0,55.141,5704,5555,3.180,2.390,1.350,2,0,648.656,0,0,11,32,0,1,0
07-03 05:01:13,11.000,28.500,58.749,1.000,0,1440144,768100,178240,5536776,8332.863,539.991,0,219.996,0,22.000,7226,6440,3.180,2.390,1.350,2,0,874.986,0,0,11,32,0,1,0
07-03 05:01:14,8.483,20.459,69.359,0.499,0,1434584,773576,178240,5536860,5875.098,538.908,0,223.547,0,14.970,6100,4800,2.930,2.350,1.340,2,0,481.026,0,0,11,32,0,1,0
07-03 05:01:15,9.763,20.777,69.591,0,0,1420528,787572,178240,5536896,5282.922,486.638,0,44.058,0,10.013,5814,4443,2.930,2.350,1.340,1,0,397.521,0,0,11,32,0,1,0
07-03 05:01:16,17.487,14.989,65.453,0,0,1408532,799524,178240,5536908,5562.964,539.609,0,19.986,0,4.996,6366,8337,2.930,2.350,1.340,1,0,258.812,0,0,11,32,0,1,0
07-03 05:01:17,44.406,9.979,41.412,3.243,0,1533720,674304,178252,5537384,7329.495,538.860,0,1405.028,0,191.595,4052,2401,2.930,2.350,1.340,2,0,125.734,0,0,11,33,0,1,0
07-03 05:01:18,41.769,5.503,48.272,3.752,0,1622436,585148,178260,5537812,9031.132,540.247,104.048,312.143,1.000,20.009,3446,2974,2.930,2.350,1.340,3,0,17.008,0,0,11,49,0,1,0
07-03 05:01:19,46.623,6.267,45.621,0.752,0,1654504,548748,178308,5541712,7301.331,541.433,0,1516.014,0,152.403,6281,9482,3.090,2.390,1.360,1,0,30.080,0,0,11,48,0,2,0
07-03 05:01:20,12.995,17.494,68.226,0,0,1652516,550596,178312,5541764,8102.100,539.807,0,1115.601,0,10.996,6478,6553,3.090,2.390,1.360,1,0,379.864,0,0,11,48,0,2,0
07-03 05:01:21,8.230,4.988,85.547,0,0,1661240,541860,178312,5541752,7092.148,538.720,0,123.706,0,9.976,3381,4645,3.090,2.390,1.360,0,0,86.794,0,0,11,48,0,2,0
07-03 05:01:22,1.250,1.000,96.488,1.250,0,1659388,543704,178312,5541760,7391.047,539.930,0,363.953,0,29.996,974,1509,3.090,2.390,1.360,0,0,3.999,0,0,11,48,0,2,0
07-03 05:01:23,0.250,0.500,97.497,0.750,0,1656848,546244,178312,5541760,3849.883,485.985,0,35.999,0,4.000,699,990,3.090,2.390,1.360,0,0,3.000,0,0,11,48,0,2,0
07-03 05:01:24,5.751,2.751,90.518,0,0,1677932,525160,178312,5541760,3728.724,540.105,0,572.111,0,80.016,2000,9853,2.850,2.350,1.350,0,0,37.007,0,0,11,48,0,3,0
07-03 05:01:25,4.764,6.018,88.509,0,0,1652832,550244,178312,5542100,7925.200,541.585,0,0,0,0,2553,2568,2.850,2.350,1.350,7,0,137.402,0,0,11,48,0,3,0
07-03 05:01:26,17.187,11.956,69.496,0,0,1650280,552780,178312,5541752,7277.436,538.036,0,3.985,0,0.996,5313,8349,2.850,2.350,1.350,2,0,218.204,0,0,11,48,0,3,0
07-03 05:01:27,14.258,19.761,64.785,0,0,1678132,524836,178312,5542256,7776.164,872.467,0,0,0,0,6606,6551,2.850,2.350,1.350,1,0,444.238,0,0,12,48,0,2,0
07-03 05:01:28,15.262,12.259,70.553,0.250,0,1649596,553388,178312,5541828,5860.417,540.407,0,540.407,0,42.032,5293,6511,2.850,2.350,1.350,0,0,258.195,0,0,12,64,0,2,0
07-03 05:01:29,6.015,9.022,83.452,0,0,1658256,544560,178312,5542340,8733.182,541.313,0,16.039,0,4.010,4151,4808,2.700,2.330,1.350,1,0,179.435,0,0,14,66,0,2,0
07-03 05:01:30,17.738,12.491,69.452,0,0,1655264,547512,178312,5542004,7725.608,485.661,0,31.978,0,3.997,5094,5600,2.700,2.330,1.350,1,0,229.840,0,0,14,66,0,3,0
07-03 05:01:31,8.476,20.442,69.303,0,0,1640524,562204,178312,5542052,5449.523,538.471,0,31.909,0,6.980,5939,4705,2.700,2.330,1.350,1,0,424.794,0,0,14,66,0,3,0
07-03 05:01:32,15.506,16.256,59.522,7.753,0,1654224,548448,178312,5542428,7325.690,624.229,0,4609.693,0,306.112,7154,8168,2.700,2.330,1.350,4,0,300.110,0,0,14,66,0,3,0
07-03 05:01:33,27.066,22.304,50.122,0,0,1718444,484200,178324,5542088,5001.135,541.313,0,384.934,0,8.019,6271,5523,2.700,2.330,1.350,2,0,524.272,0,0,14,66,0,3,0
07-03 05:01:34,30.499,24.249,44.999,0,0,1863252,337968,178392,5543404,3825.910,539.987,8.000,35.999,1.000,6.000,7402,9093,2.640,2.330,1.350,2,0,658.985,0,0,14,66,0,3,0
07-03 05:01:35,33.029,22.770,42.787,0,0,1949668,251080,178400,5543688,7068.172,540.472,0,440.385,0,12.010,6882,7140,2.640,2.330,1.350,2,0,450.393,0,0,14,70,0,5,0
07-03 05:01:36,61.649,21.215,18.220,0,0,2034168,166240,178416,5544460,6742.939,539.116,0,23.961,0,5.990,5347,5882,2.640,2.330,1.350,3,0,471.227,0,0,14,70,0,5,0
07-03 05:01:37,60.246,18.749,18.249,2.000,0,2115404,160284,167416,5481912,8311.425,629.956,11.999,599.959,3.000,6.000,6874,9803,2.640,2.330,1.350,6,1,304.979,0,0,14,70,0,5,0
07-03 05:01:38,70.663,25.468,2.247,1.248,0,2264692,137436,165584,5360692,6966.374,485.399,79.901,2568.819,12.984,118.853,6082,6085,2.640,2.330,1.350,4,1,592.267,0,0,14,70,0,5,0
07-03 05:01:39,75.025,19.006,2.251,3.251,0,2437120,216728,165904,5113692,4132.371,540.179,548.182,2568.852,77.026,49.016,7021,8530,2.830,2.370,1.370,4,0,293.097,0,0,14,74,0,5,0
07-03 05:01:40,56.392,22.807,8.521,11.780,0,2587968,139504,165876,5042308,7345.463,541.361,8.020,7222.153,2.005,484.217,9722,13763,2.830,2.370,1.370,2,1,499.255,0,0,14,76,0,5,0
07-03 05:01:41,55.120,15.463,12.471,16.212,0,2660876,129588,165888,4980596,7714.754,538.726,3.991,14010.863,0.998,284.328,8155,13108,2.830,2.370,1.370,4,0,206.512,0,0,14,79,0,5,0
07-03 05:01:42,46.338,6.011,31.560,15.530,0,2762288,161304,165928,4850320,4222.038,541.030,36.069,7622.512,4.008,360.687,6046,8593,2.830,2.370,1.370,2,0,4.008,0,0,14,79,0,5,0
07-03 05:01:43,79.306,15.462,4.988,0,0,2889940,170628,165968,4716300,8337.576,538.680,67.834,1476.383,7.980,73.819,11760,18367,2.830,2.370,1.370,3,5,251.384,0,0,14,88,0,12,0
07-03 05:01:44,25.544,22.539,48.082,2.504,0,2929792,128792,165976,4718452,8805.061,540.925,8.014,1706.920,2.003,86.147,9305,13606,2.680,2.350,1.370,2,0,552.946,0,0,14,97,0,17,0
07-03 05:01:45,24.485,14.991,52.717,6.246,0,2954272,167792,166144,4656176,10471.493,539.665,1890.825,2810.254,41.974,56.965,6624,8425,2.680,2.350,1.370,4,1,272.830,0,0,14,97,0,17,0
07-03 05:01:46,53.667,8.986,31.951,4.743,0,3087328,161080,166480,4532484,6794.528,704.914,4788.620,6438.077,80.875,276.574,4375,3741,2.680,2.350,1.370,2,0,54.915,0,0,14,98,1,17,0
07-03 05:01:47,15.801,16.051,63.453,3.762,0,3114124,133452,166496,4533220,4473.305,706.258,8.026,2379.610,2.006,146.468,5694,5310,2.680,2.350,1.370,2,0,285.914,0,0,14,101,1,17,0
07-03 05:01:48,7.497,19.991,70.218,1.499,0,3127480,120052,166496,4533264,8663.066,613.721,0,747.660,0,39.982,6187,5084,2.680,2.350,1.370,2,0,474.784,0,0,14,101,1,17,0
07-03 05:01:49,15.988,10.992,71.948,0.250,0,3165528,147752,166496,4469296,5765.793,613.552,7.994,199.854,1.999,13.990,3793,3249,2.550,2.320,1.370,1,0,230.832,0,0,14,101,1,17,0
07-03 05:01:50,15.953,1.994,80.266,0.249,0,3187688,125576,166496,4469312,13712.033,6968.688,23.930,139.593,3.988,13.959,2019,2088,2.550,2.320,1.370,1,0,0,0,0,14,105,1,17,0
07-03 05:01:51,20.518,5.004,73.814,1.001,0,3166824,146352,166496,4469400,23583.590,16922.775,8.007,436.381,2.002,19.017,2693,2409,2.550,2.320,1.370,1,0,63.055,0,0,14,103,1,18,0
07-03 05:01:52,16.238,2.248,79.692,0.250,0,3192244,120912,166496,4469404,13027.594,6747.129,0,247.821,0,28.979,2147,2215,2.550,2.320,1.370,0,0,0.999,0,0,14,104,1,18,0
07-03 05:01:53,20.048,4.511,63.152,11.528,0,3181748,197168,166508,4405588,8243.780,878.107,172.414,5629.507,12.029,303.729,3643,4679,2.550,2.320,1.370,1,0,2.005,0,0,14,110,1,18,0
07-03 05:01:54,31.950,6.240,51.419,8.986,0,3278600,162848,166508,4344224,4257.321,1494.655,71.887,3650.274,6.989,302.525,6048,8494,2.580,2.340,1.380,3,0,5.991,0,0,14,115,1,19,0
07-03 05:01:55,20.501,6.750,71.502,0,0,3260648,180744,166512,4344280,5705.185,672.022,0,588.019,0,34.001,2921,2556,2.580,2.340,1.380,1,0,111.004,0,0,14,114,1,20,0
07-03 05:01:56,17.742,2.499,76.964,2.249,0,3280532,160848,166512,4344292,17433.868,6931.767,31.985,815.620,1.999,37.982,2214,2050,2.580,2.340,1.380,1,0,1.000,0,0,14,117,1,20,0
07-03 05:01:57,20.998,4.000,72.244,2.500,0,3285508,155808,166512,4344356,10303.090,2597.771,0,1147.899,0,115.990,3905,5227,2.580,2.340,1.380,3,0,2.000,0,0,14,121,1,20,0
07-03 05:01:58,40.945,10.236,46.438,0.999,0.250,3351256,153636,166516,4282172,9035.884,1821.558,0,942.736,0,80.892,4596,4153,2.580,2.340,1.380,2,0,99.866,0,0,14,120,1,21,0
07-03 05:01:59,31.530,4.504,62.560,1.001,0,3412840,155268,166516,4220496,31205.706,23098.989,8.008,696.663,2.002,49.047,2873,2345,2.460,2.310,1.370,1,0,1.001,0,0,14,120,1,22,0
07-03 05:02:00,21.069,5.267,69.227,3.762,0,3450928,179604,166516,4159644,9295.461,541.775,0,2805.193,0,318.042,2691,1873,2.460,2.310,1.370,1,0,55.181,0,0,14,120,1,22,0
07-03 05:02:01,14.462,3.989,79.539,0.748,0,3389508,241088,166516,4159596,28013.737,23057.875,0,650.276,0,26.929,2394,2019,2.460,2.310,1.370,1,0,50.865,0,0,14,120,1,23,0
07-03 05:02:02,19.992,3.749,75.971,0,0,3431460,199112,166516,4159620,5121.064,2451.073,7.997,1703.356,1.999,21.992,1871,1520,2.460,2.310,1.370,0,0,1.000,0,0,14,121,1,23,0
07-03 05:02:03,16.753,2.751,69.764,10.002,0,3422596,207952,166516,4159644,11320.331,6195.276,4.001,11938.459,1.000,530.109,3277,3693,2.460,2.310,1.370,1,0,1.000,0,0,14,122,1,24,0
07-03 05:02:04,24.502,8.751,64.005,1.250,0,3414956,215380,166516,4159856,10062.733,540.039,0,788.057,0,61.004,7106,11544,2.340,2.290,1.370,1,1,114.008,0,0,14,130,1,29,0
07-03 05:02:05,15.509,4.753,77.546,0.500,0,3380976,249336,166516,4159880,31147.556,23164.801,0,564.336,0,38.023,2660,2483,2.340,2.290,1.370,1,0,55.033,0,0,14,130,1,30,0
07-03 05:02:06,20.237,3.498,75.452,0.999,0,3445992,184316,166516,4159884,9648.814,2504.394,0,455.708,0,24.984,1768,1324,2.340,2.290,1.370,1,0,0,0,0,14,131,1,30,0
07-03 05:02:07,18.808,3.762,71.220,4.765,0,3446544,183496,166516,4160136,14357.422,5242.219,16.050,1540.767,1.003,200.621,4901,7408,2.340,2.290,1.370,1,0,1.003,0,0,14,134,1,30,0
07-03 05:02:08,23.162,6.226,66.250,2.989,0,3445796,184196,166516,4160184,8972.104,1839.052,0,1773.301,0,155.413,4851,6427,2.340,2.290,1.370,2,0,52.801,0,0,14,133,1,32,0
07-03 05:02:09,18.503,2.250,77.261,0.250,0,3478708,151276,166516,4160192,14142.034,6880.990,0,832.120,0,48.007,1910,1631,2.230,2.270,1.370,3,0,0,0,0,14,135,1,32,0
07-03 05:02:10,19.531,4.507,64.603,9.766,0,3474412,155468,166516,4160296,8932.264,4184.682,52.083,6302.063,4.006,382.611,5640,8604,2.230,2.270,1.370,1,0,0,0,0,14,134,1,32,0
07-03 05:02:11,33.040,5.006,57.569,3.004,0,3447048,182752,166516,4160376,11468.819,1407.696,0,1674.017,0,127.153,7884,11976,2.230,2.270,1.370,1,0,6.007,0,0,14,137,1,33,0
07-03 05:02:12,21.445,5.985,71.566,0,0,3474268,216524,166516,4100860,9724.992,1223.853,0,578.512,0,30.920,2565,2313,2.230,2.270,1.370,0,0,63.836,0,0,14,138,1,33,0
07-03 05:02:13,17.261,2.752,77.301,2.251,0,3399896,290852,166516,4100904,22696.840,9481.199,8.005,636.416,2.001,95.062,3374,4442,2.230,2.270,1.370,1,0,3.002,0,0,14,137,1,34,0
07-03 05:02:14,20.489,6.996,69.961,0.999,0,3466208,224500,166520,4100940,7339.922,539.700,0,879.511,0,66.963,3274,3047,2.130,2.250,1.370,1,0,145.919,0,0,14,139,1,34,0
07-03 05:02:15,14.251,1.750,81.757,0.750,0,3467244,223452,166520,4100952,19691.606,12028.981,0,672.055,0,39.003,2124,2116,2.130,2.250,1.370,1,0,0,0,0,14,140,1,34,0
07-03 05:02:16,26.057,6.013,63.388,3.758,0,3464316,226320,166532,4101000,10724.412,541.181,4.009,1487.247,1.002,143.313,6109,9093,2.130,2.250,1.370,1,1,0,0,0,14,140,1,34,0
07-03 05:02:17,39.051,14.018,42.306,3.004,0,3435812,254484,166532,4101308,6707.808,2473.247,32.042,1818.388,2.003,160.210,13796,22746,2.130,2.250,1.370,3,0,277.364,0,0,14,139,1,35,0
07-03 05:02:18,29.384,4.482,63.500,2.490,0,3484004,206208,166532,4101344,4786.122,2671.463,0,1378.563,0,93.631,4000,4792,2.130,2.250,1.370,0,0,11.953,0,0,14,140,1,35,0
07-03 05:02:19,14.797,7.524,75.238,1.756,0,3469932,220260,166532,4101364,13710.441,6003.020,0,878.784,0,82.261,3338,2807,2.040,2.230,1.370,1,0,135.429,0,0,14,139,1,36,0
07-03 05:02:20,8.504,21.010,68.783,0.250,0.250,3425368,264784,166532,4101404,10653.042,630.298,0,648.307,0,38.018,6074,4840,2.040,2.230,1.370,1,0,409.194,0,0,14,139,1,35,0
07-03 05:02:21,19.510,14.758,63.783,0.750,0.250,3422640,267496,166536,4101416,4987.548,540.276,0,616.315,0,36.018,6681,8068,2.040,2.230,1.370,2,0,262.134,0,0,14,139,1,35,0
07-03 05:02:22,30.732,23.236,43.475,1.749,0,3503928,186156,166536,4101472,7671.517,613.641,0,1734.986,0,101.940,6965,6146,2.040,2.230,1.370,2,0,571.666,0,0,14,139,1,35,0
07-03 05:02:23,30.419,15.708,50.615,1.247,0,3529372,160148,166552,4101980,6767.945,650.265,59.840,522.606,5.984,28.923,7502,9391,2.040,2.230,1.370,1,0,298.204,0,0,16,145,1,35,0
07-03 05:02:24,58.643,26.815,14.285,0.501,0,3692500,144576,166564,3959476,7668.641,541.316,40.097,380.926,6.015,17.041,8628,13596,2.600,2.340,1.410,7,2,677.647,0,0,16,149,1,34,0
07-03 05:02:25,61.002,19.501,18.001,0,0,3786612,145700,166564,3863076,6757.196,486.014,48.001,720.021,4.000,48.001,8170,17607,2.600,2.340,1.410,3,0,348.010,0,0,16,167,1,35,0
07-03 05:02:26,43.274,22.012,33.768,0.250,0,3845148,181468,166564,3769768,5784.158,540.295,0,436.238,0,21.011,8341,11163,2.600,2.340,1.410,3,0,537.293,0,0,16,167,1,35,0
07-03 05:02:27,23.667,21.674,52.814,0.747,0,3877628,148928,166564,3769848,8848.824,721.458,3.986,693.556,0.996,22.919,6590,5722,2.600,2.340,1.410,1,0,524.153,0,0,17,167,1,35,0
07-03 05:02:28,24.075,15.799,57.429,1.003,0,3918012,162016,166568,3717772,8105.203,541.684,8.025,393.223,2.006,39.122,7586,10056,2.600,2.340,1.410,2,0,299.933,0,0,17,169,1,35,0
07-03 05:02:29,30.808,22.857,41.988,4.472,0,3970588,162580,166568,3665876,4115.304,536.649,7.950,4678.786,1.988,621.122,7134,6158,2.550,2.330,1.410,2,0,497.891,0,0,17,169,1,35,0
07-03 05:02:30,43.254,18.106,33.698,3.772,0,4073532,160368,166584,3567288,8670.857,543.186,164.968,4788.084,9.053,318.870,9319,14474,2.550,2.330,1.410,3,0,314.847,0,0,17,181,1,35,0
07-03 05:02:31,30.273,24.519,43.783,0.250,0,4133912,168172,166584,3500936,5370.070,610.463,16.012,484.367,1.001,26.020,7467,6766,2.550,2.330,1.410,3,0,743.564,0,0,17,181,1,35,0
07-03 05:02:32,23.225,22.726,52.194,1.498,0,4194760,142216,166588,3467040,9944.321,539.421,11.987,755.189,2.997,43.953,8433,10701,2.550,2.330,1.410,1,0,536.424,0,0,17,187,1,35,0
07-03 05:02:33,19.254,15.253,63.512,0,0,4212144,157348,166588,3435320,6811.251,486.089,4.001,488.090,1.000,29.005,7196,9134,2.550,2.330,1.410,2,0,267.049,0,0,17,193,1,34,0
07-03 05:02:34,40.152,9.477,46.138,2.743,0,4333316,148448,166588,3325160,3761.859,538.691,806.041,414.992,12.968,18.954,4008,2902,2.510,2.330,1.410,2,0,107.738,0,0,17,193,1,34,0
07-03 05:02:35,46.158,7.777,33.364,12.041,0,4463044,169448,166588,3178196,7831.732,541.849,256.877,10170.716,15.051,656.240,4343,3195,2.510,2.330,1.410,2,1,14.048,0,0,17,209,1,34,0
07-03 05:02:36,27.977,14.987,52.206,3.747,0,4396056,235584,166596,3179028,5644.279,539.549,71.940,407.659,1.998,24.979,5260,4907,2.510,2.330,1.410,1,1,340.715,0,0,17,213,1,34,0
07-03 05:02:37,29.760,23.008,44.265,1.501,0,4435364,194376,166600,3180908,10110.493,6123.115,876.303,3109.074,10.003,29.010,7906,10488,2.510,2.330,1.410,2,0,579.200,0,0,17,216,1,32,0
07-03 05:02:38,51.752,20.751,25.001,1.250,0,4471284,156188,166612,3183456,12476.555,3734.166,628.028,528.023,11.000,29.001,7986,10520,2.510,2.330,1.410,4,1,325.014,0,0,17,219,1,33,0
07-03 05:02:39,69.336,13.468,14.965,2.744,0,4641008,143880,166620,3030064,9563.431,2778.443,933.796,937.787,19.953,19.953,5051,4261,2.550,2.340,1.420,3,0,58.861,0,0,17,221,1,33,2
07-03 05:02:40,47.806,8.510,23.778,18.272,0,4658436,161908,166648,2995968,14818.466,9206.852,5814.854,1405.657,347.409,63.074,5904,6249,2.550,2.340,1.420,6,0,32.038,0,0,17,236,1,35,2
07-03 05:02:41,52.530,13.258,21.512,11.507,0,4711776,145296,166712,2960084,4317.473,486.278,1056.605,2045.171,142.081,132.076,7381,9545,2.550,2.340,1.420,4,0,186.107,0,0,17,235,1,40,2
07-03 05:02:42,28.913,22.931,46.111,1.246,0,4710816,143656,166728,2962964,20884.117,10403.674,71.784,757.718,4.985,41.874,8252,10220,2.550,2.340,1.420,1,0,527.412,0,0,17,238,1,40,2
07-03 05:02:43,49.906,22.320,22.571,5.016,0,4717184,158224,166736,2942212,16567.927,1586.974,40.126,10111.692,3.009,68.214,7404,9150,2.550,2.340,1.420,6,0,418.311,0,0,17,237,1,41,2
07-03 05:02:44,50.264,21.256,24.507,2.501,0,4808976,156632,166748,2853936,20010.727,8723.497,1024.293,688.197,39.011,40.011,7093,8888,2.500,2.330,1.430,4,0,421.121,0,0,17,241,1,41,0
07-03 05:02:45,57.284,22.263,19.261,1.001,0,4832488,157020,166752,2830376,12266.294,3255.936,208.124,1212.721,22.013,78.046,9168,13649,2.500,2.330,1.430,5,0,467.278,0,0,17,247,1,33,0
07-03 05:02:46,56.174,22.469,18.225,1.748,0,4911612,158036,166768,2752412,13735.297,8327.661,623.151,946.711,27.962,49.932,8887,15766,2.500,2.330,1.430,1,1,432.411,0,0,17,252,0,35,0
07-03 05:02:47,56.792,17.263,23.517,2.752,0,4966660,134504,166576,2721416,12325.104,3638.688,104.077,968.716,9.007,61.045,6687,7370,2.500,2.330,1.430,5,0,200.148,0,0,17,255,0,36,0
07-03 05:02:48,63.576,10.970,20.195,3.989,0,5075628,152284,166584,2597968,17028.347,12092.869,1316.393,638.251,41.885,24.932,7253,12256,2.500,2.330,1.430,5,1,10.970,0,0,17,259,0,38,0
07-03 05:02:49,51.924,10.284,32.860,4.766,0,5118664,158568,166616,2550000,12246.960,8128.185,2002.698,1039.477,83.279,87.292,7665,12780,2.540,2.350,1.430,2,0,23.077,0,0,17,266,0,43,0
07-03 05:02:50,44.394,23.561,27.529,2.976,0,5109672,187060,166880,2531208,13625.671,6935.352,4023.715,1534.686,61.506,69.443,7572,7740,2.540,2.350,1.430,4,0,490.068,0,0,17,268,0,44,0
07-03 05:02:51,51.638,23.930,23.174,0.252,0,5088344,207960,166880,2532068,10697.459,5724.052,1104.306,689.184,13.099,41.311,7470,10264,2.540,2.350,1.430,10,0,454.418,0,0,17,267,0,45,0
07-03 05:02:52,72.413,17.111,9.920,0.496,0,5192644,143704,166888,2493424,12633.552,8271.921,571.367,3991.631,10.912,46.622,6469,7772,2.540,2.350,1.430,3,0,181.528,0,0,18,271,0,45,0
07-03 05:02:53,70.330,11.344,8.067,9.831,0,5255196,153996,166888,2423312,12438.619,3663.222,3109.655,875.221,143.181,58.482,5655,4485,2.540,2.350,1.430,3,2,21.175,0,0,18,270,0,45,0
07-03 05:02:54,74.968,11.745,9.746,3.499,0,5327212,133828,166916,2373244,10725.457,6250.353,1431.394,1675.290,43.981,104.956,7052,9913,2.980,2.440,1.470,4,4,98.958,0,0,18,279,0,48,0
07-03 05:02:55,41.488,11.247,41.238,4.499,0,5314064,172428,166924,2348544,13102.056,6759.965,1251.623,1263.620,32.990,126.962,6035,7137,2.980,2.440,1.470,2,0,140.958,0,0,18,284,0,50,0
07-03 05:02:56,37.873,7.973,47.590,4.983,0,5358624,153432,166936,2323856,27881.451,9575.871,825.231,4736.109,11.960,410.622,4712,5035,2.980,2.440,1.470,2,0,6.977,0,0,18,291,0,50,1
07-03 05:02:57,40.668,16.066,40.166,3.263,0,5350800,164396,166940,2321204,16606627.244,148398.115,3068.678,815.369,32.133,62.257,11060,7576,2.980,2.440,1.470,3,0,273.128,0,0,18,290,0,49,0
07-03 05:02:58,39.050,6.218,51.984,0.497,0,5413496,154208,166940,2271116,15302.617,8242.779,0,640.718,0,53.725,3682,3020,2.980,2.440,1.470,3,0,0.995,0,0,18,292,0,49,0
07-03 05:02:59,29.984,4.747,54.970,8.745,0,5402180,165396,166940,2271248,21429.435,12810.086,63.965,3777.961,3.998,249.865,5697,7427,2.900,2.430,1.470,3,0,7.996,0,0,18,300,0,51,0
07-03 05:03:00,23.765,3.752,69.044,1.501,0,5415224,151636,166944,2271960,366471.000,14981065.507,416.268,676.436,22.014,56.036,4246,3706,2.900,2.430,1.470,1,0,2.001,0,0,18,301,0,52,0
07-03 05:03:01,15.753,3.501,67.512,11.752,0,5347624,219228,166944,2271968,68915.887,1434350.413,0,7077.221,0,834.144,4156,3685,2.900,2.430,1.470,2,1,37.006,0,0,18,300,0,51,0
07-03 05:03:02,1.749,0.999,92.428,3.497,0,5339960,226892,166944,2271976,5082.025,539.578,0,9420.631,0,377.705,1575,1897,2.900,2.430,1.470,0,0,0.999,0,0,18,300,0,51,0
07-03 05:03:03,15.321,2.512,78.613,2.512,0,5341928,224752,166956,2272136,7791856.641,31350.963,112.520,578.676,5.023,39.181,6423,7279,2.900,2.430,1.470,1,0,1.005,0,0,18,305,0,51,0
07-03 05:03:04,13.237,14.735,65.933,3.746,0,5285916,264596,166956,2288256,8757098.080,87732.746,75.923,10177.646,4.995,118.879,9818,8765,2.750,2.410,1.470,1,0,419.573,0,0,18,302,0,54,0
07-03 05:03:05,23.723,4.245,70.420,0.250,0,5359456,191024,166956,2288272,3601.931,485.452,3.995,303.657,0.999,28.967,2631,2599,2.750,2.410,1.470,1,0,45.948,0,0,18,304,0,46,0
07-03 05:03:06,9.513,17.274,70.850,0.501,0,5356280,194144,166960,2288324,9452.297,540.761,4.006,176.248,1.001,15.021,6309,5521,2.750,2.410,1.470,1,0,423.596,0,0,18,306,0,46,0
07-03 05:03:07,5.479,11.208,81.691,0.498,0,5355048,195328,166960,2288372,6480.514,537.967,15.940,848.793,0.996,16.936,4025,3948,2.750,2.410,1.470,0,0,246.070,0,0,18,306,0,46,0
07-03 05:03:08,11.809,2.764,82.158,2.764,0,5385552,164808,166960,2288388,8638.935,542.697,0,313.558,0,27.135,1828,1981,2.750,2.410,1.470,1,0,9.045,0,0,18,306,0,46,0
07-03 05:03:09,17.930,2.988,76.454,0.996,0,5412336,138012,166964,2288396,12765.502,7679.224,3.985,16830.739,0.996,40.842,2237,1971,2.610,2.380,1.470,1,0,0,0,0,18,307,0,44,0
07-03 05:03:10,14.272,11.017,71.859,1.252,0,5372172,178020,166968,2288516,9903.983,2308.492,76.115,8.012,7.011,2.003,4943,4167,2.610,2.380,1.470,3,0,176.267,0,0,18,310,0,45,0
07-03 05:03:11,11.494,16.991,70.461,0,0,5352684,197008,166968,2288984,8569.292,539.703,0,143.921,0,11.993,5759,4593,2.610,2.380,1.470,1,0,237.869,0,0,18,310,0,45,0
07-03 05:03:12,15.481,12.734,70.164,0,0,5366292,183148,166968,2289204,3522.668,485.403,3.995,4878.001,0.999,46.942,4657,3877,2.610,2.380,1.470,1,0,187.769,0,0,18,310,0,45,0
07-03 05:03:13,23.246,4.249,70.237,1.000,0,5413452,167344,166968,2259508,4704.155,539.903,15.997,207.963,1.000,21.996,2681,2829,2.610,2.380,1.470,0,1,2.000,0,0,18,310,0,43,0
07-03 05:03:14,24.016,2.502,69.796,2.502,0,5386072,194292,166968,2259940,8531.672,582.387,404.269,884.588,13.009,87.058,3165,3387,2.480,2.360,1.460,2,0,8.005,0,0,18,314,0,43,0
07-03 05:03:15,23.224,3.246,70.920,1.498,0,5451908,128428,166968,2259968,8050.954,539.394,23.973,207.767,3.996,7.991,2241,1935,2.480,2.360,1.460,1,0,3.996,0,0,18,314,0,43,0
07-03 05:03:16,18.508,4.002,76.783,0,0,5467528,142908,166968,2230800,9097.953,2775.206,0,4.002,0,1.000,2210,1952,2.480,2.360,1.460,1,0,3.001,0,0,18,317,0,43,0
07-03 05:03:17,21.497,4.249,66.991,5.749,0,5373880,236544,166968,2230812,11849.361,5455.245,0,12362.290,0,58.992,3123,3054,2.480,2.360,1.460,2,0,17.998,0,0,18,318,0,44,0
07-03 05:03:18,24.256,2.251,72.517,0.250,0,5409592,200832,166968,2230812,7329.750,540.129,0,176.042,0,11.003,2093,1550,2.480,2.360,1.460,1,0,0,0,0,18,318,0,43,0
07-03 05:03:19,11.287,16.555,70.733,0.752,0,5396284,213988,166972,2230976,5422.901,541.788,397.312,465.537,6.020,22.073,5533,4821,2.360,2.340,1.460,2,0,340.123,0,0,18,318,0,43,0
07-03 05:03:20,15.443,12.454,69.990,0.747,0,5380240,229916,167124,2230972,5327.192,484.200,163.392,235.126,9.963,21.919,4730,4127,2.360,2.340,1.460,2,0,259.037,0,0,18,318,0,43,0
07-03 05:03:21,18.587,2.763,77.865,0,0,5397508,211612,167160,2231972,9824.064,2662.484,0,144.678,0,3.014,2095,1936,2.360,2.340,1.460,1,0,17.080,0,0,18,319,0,43,0
07-03 05:03:22,23.409,3.486,71.471,0.249,0,5388712,214968,167652,2236824,9056.685,753.064,0,589.701,0,7.969,2434,2087,2.360,2.340,1.460,2,0,3.984,0,0,18,318,0,42,0
07-03 05:03:23,17.250,2.250,78.251,1.250,0,5396064,201876,168160,2241904,15865.144,3655.033,64.001,1444.013,3.000,35.000,2284,2328,2.360,2.340,1.460,1,0,18.000,0,0,18,318,0,42,0
07-03 05:03:24,19.489,4.997,73.210,0.750,0,5393336,204020,168184,2242448,11668.679,1811.019,27.985,535.710,1.999,25.986,10816,19999,2.250,2.320,1.460,1,0,11.994,0,0,18,319,0,42,0
07-03 05:03:25,25.775,7.007,63.813,1.251,0,5370696,226100,168276,2242912,9319.202,2211.183,208.206,452.447,15.015,11.011,12374,30983,2.250,2.320,1.460,1,0,53.052,0,0,18,319,0,43,0
07-03 05:03:26,19.059,6.019,72.724,2.508,0,5320852,285600,168360,2233116,8029.732,786.422,0,770.373,0,22.068,2864,2477,2.250,2.320,1.460,2,0,48.148,0,0,18,318,0,42,0
07-03 05:03:27,16.507,11.505,66.529,3.502,0,5378128,228484,168360,2233064,7314.158,580.250,0,3365.453,0,411.178,4673,4091,2.250,2.320,1.460,2,0,224.097,0,0,18,318,0,42,0
07-03 05:03:28,17.746,2.000,78.730,0.500,0,5398564,207848,168360,2233264,10941.289,6251.451,0,299.926,0,23.994,2243,2276,2.250,2.320,1.460,2,0,1.000,0,0,18,319,0,42,0
07-03 05:03:29,17.433,7.471,72.718,0,0,5334540,271836,168360,2233300,12821.356,5074.352,15.938,310.797,0.996,23.907,3744,3426,2.150,2.290,1.450,1,0,116.549,0,0,18,318,0,45,0
07-03 05:03:30,19.490,2.749,77.460,0.250,0,5387588,218788,168360,2233300,9880.936,2857.536,0,131.932,0,6.996,2161,1945,2.150,2.290,1.450,0,0,0,0,0,18,319,0,45,0
07-03 05:03:31,20.735,5.746,72.448,0.250,0,5407160,199204,168360,2233312,10520.397,6840.057,0,35.974,0,2.998,3046,2727,2.150,2.290,1.450,2,0,69.949,0,0,18,318,0,46,0
07-03 05:03:32,19.542,3.007,74.912,1.253,0,5447028,159228,168360,2233420,13718.724,6266.578,96.208,116.252,6.013,10.022,2502,2434,2.150,2.290,1.450,1,0,1.002,0,0,18,319,0,46,0
07-03 05:03:33,20.067,5.017,73.999,0,0,5442020,164224,168360,2233432,13042.823,7945.697,80.270,176.593,5.017,16.054,3047,2803,2.150,2.290,1.450,1,0,56.189,0,0,18,318,0,47,0
07-03 05:03:34,19.665,2.489,76.172,0.249,0,5428444,177712,168360,2233520,13194.214,6226.203,0,215.074,0,14.936,2280,2105,2.060,2.270,1.450,1,0,0,0,0,18,319,0,47,0
07-03 05:03:35,20.749,5.000,72.996,0.250,0,5388540,217604,168360,2233532,11221.311,4993.693,0,175.989,0,9.999,2824,2510,2.060,2.270,1.450,1,0,33.998,0,0,18,318,0,50,0
07-03 05:03:36,20.256,3.501,75.022,0,0,5406084,199792,168360,2233800,10808.102,8341.394,0,52.015,0,4.001,4125,5571,2.060,2.270,1.450,2,0,1.000,0,0,18,319,0,50,0
07-03 05:03:37,17.547,4.261,76.705,0.501,0,5364300,241548,168360,2233824,14240.147,3647.772,0,425.139,0,41.110,3675,4070,2.060,2.270,1.450,1,0,47.126,0,0,18,318,0,51,0
07-03 05:03:38,22.001,2.250,72.503,2.000,0,5399788,206044,168360,2233840,12802.550,6253.269,0,348.015,0,31.001,2715,2679,2.060,2.270,1.450,1,0,0,0,0,18,319,0,51,0
07-03 05:03:39,20.189,4.985,72.281,0.997,0,5412536,193284,168360,2233852,8606.952,5032.769,0,291.119,0,18.943,2822,2542,1.970,2.250,1.450,1,0,31.903,0,0,18,318,0,54,0
07-03 05:03:40,18.252,2.500,78.257,0,0,5437256,168556,168360,2233860,14193.260,6636.589,0,220.020,0,12.001,2199,2003,1.970,2.250,1.450,1,0,0,0,0,18,319,0,54,0
07-03 05:03:41,11.051,7.786,79.115,1.256,0,5401012,204784,168360,2233876,12087.820,5434.094,0,321.485,0,27.125,3821,3994,1.970,2.250,1.450,2,0,167.775,0,0,18,318,0,55,0
07-03 05:03:42,3.484,1.742,88.097,4.977,0,5392084,212636,168768,2234544,12620.280,3315.835,987.484,370.306,246.871,20.904,1950,2494,1.970,2.250,1.450,0,0,13.936,0,0,18,320,0,47,0
07-03 05:03:43,5.746,7.245,82.442,3.498,0,5378032,226596,168768,2234636,24130.905,4017.154,31.977,2917.933,1.999,392.722,3596,3767,1.970,2.250,1.450,0,0,131.907,0,0,18,320,0,48,0
07-03 05:03:44,8.286,12.052,73.066,5.524,0,5378896,225652,168772,2234712,11123.105,1545.685,76.330,2655.484,9.039,145.630,4741,4621,1.900,2.230,1.450,0,1,210.912,0,0,18,320,0,49,0
07-03 05:03:45,14.450,2.990,71.751,8.221,0,5397556,192720,168800,2248956,8156.706,538.133,7298.682,163.433,555.075,8.969,2663,3017,1.900,2.230,1.450,1,0,5.979,0,0,18,320,0,49,0
07-03 05:03:46,19.240,1.749,77.459,0,0,5408948,177248,168800,2252924,12156.488,2548.635,3.998,3.998,0.999,0.999,2253,2014,1.900,2.230,1.450,0,0,15.991,0,0,18,321,0,44,0
07-03 05:03:47,16.581,2.763,72.352,8.542,0,5376040,206948,168800,2256128,16269.094,3108.110,0,1499.289,0,36.176,2417,2467,1.900,2.230,1.450,1,0,3.015,0,0,18,320,0,44,0
07-03 05:03:48,8.249,10.498,67.990,10.998,0,5339860,240348,168800,2258904,5346.233,539.923,963.862,4891.299,15.998,241.965,5091,5007,1.900,2.230,1.450,2,0,250.964,0,0,18,320,0,44,0
07-03 05:03:49,21.908,4.979,71.948,0,0,5403440,176764,168800,2258908,7262.530,778.733,0,91.616,0,7.967,2761,2551,1.820,2.210,1.440,0,0,48.795,0,0,18,320,1,44,0
07-03 05:03:50,16.246,3.249,78.232,0,0,5391920,188260,168800,2258932,27578.528,22841.639,0,0,0,0,2662,2439,1.820,2.210,1.440,4,0,46.989,0,0,18,320,0,35,0
07-03 05:03:51,21.241,3.748,73.720,0.500,0,5390616,189520,168800,2258976,4693.094,2504.983,0,223.909,0,24.990,2344,2056,1.820,2.210,1.440,0,0,0,0,0,18,321,0,35,0
07-03 05:03:52,18.262,3.753,75.801,1.001,0,5379592,200488,168800,2259032,10529.146,7433.045,48.033,4.003,3.002,1.001,2542,2474,1.820,2.210,1.440,1,0,15.010,0,0,18,320,0,37,0
07-03 05:03:53,18.067,3.011,78.039,0.502,0,5426712,153356,168800,2259044,10021.075,6143.730,0,281.040,0,15.056,2261,2350,1.820,2.210,1.440,0,0,0,0,0,18,321,0,37,0
07-03 05:03:54,17.176,2.738,72.190,5.974,0,5422440,155868,168800,2260804,12141.788,1502.539,1688.738,856.318,59.743,111.520,4145,5944,1.680,2.170,1.440,0,1,0.996,0,0,18,325,0,32,0
07-03 05:03:55,21.510,4.502,68.031,5.002,0,5427864,150028,168800,2261220,9303.236,1780.811,288.131,736.335,18.008,78.036,3679,4688,1.680,2.170,1.440,1,0,5.002,0,0,18,324,0,33,0
07-03 05:03:56,19.583,2.008,76.824,0.502,0,5446428,131452,168800,2261232,15014.351,8152.398,0,506.136,0,26.110,2509,2417,1.680,2.170,1.440,1,0,0,0,0,18,325,0,33,0
07-03 05:03:57,18.498,7.749,64.995,6.749,0,5339940,237784,168800,2261388,10433.150,3786.691,95.992,3775.692,4.000,280.977,6087,8020,1.680,2.170,1.440,2,0,137.989,0,0,18,324,0,34,0
07-03 05:03:58,7.753,22.257,69.023,0.250,0,5340228,237464,168800,2261420,6663.231,486.163,0,2228.746,0,63.021,7152,6951,1.680,2.170,1.440,1,0,662.222,0,0,18,324,0,34,0
07-03 05:03:59,8.496,20.740,62.970,6.497,0,5326744,250912,168800,2261456,4267.942,539.740,0,2358.862,0,345.833,7360,7047,1.780,2.190,1.450,1,0,662.680,0,0,18,324,0,31,0
07-03 05:04:00,9.247,22.492,65.976,1.749,0,5323932,253684,168800,2261496,4396.374,539.800,0,335.876,0,29.989,7299,6849,1.780,2.190,1.450,1,0,702.740,0,0,18,324,0,31,0
07-03 05:04:01,8.743,21.983,67.199,0.500,0,5326820,250760,168800,2261532,7505.338,539.593,0,795.400,0,58.956,7461,7052,1.780,2.190,1.450,2,0,698.473,0,0,18,324,0,31,0
07-03 05:04:02,9.264,22.034,67.856,0,0,5324860,252676,168804,2261572,5112.964,540.842,0,232.362,0,23.036,7310,6798,1.780,2.190,1.450,1,0,675.052,0,0,18,324,0,31,0
07-03 05:04:03,11.706,14.445,70.980,0.498,0,5326348,347712,168816,2173996,7572.224,537.956,27.894,23.909,3.985,3.985,4780,4260,1.780,2.190,1.450,1,0,298.864,0,0,18,324,0,27,0
07-03 05:04:04,22.483,3.247,71.694,0.999,0,5350276,315008,169100,2183908,6907.636,539.581,0,2286.225,0,8.993,2475,2304,1.800,2.180,1.450,1,0,2.998,0,0,18,324,0,27,0
07-03 05:04:05,14.749,1.750,79.247,3.000,0,5356232,307956,169100,2185004,20328.129,6712.712,191.992,1003.957,23.999,18.999,2067,1993,1.800,2.180,1.450,1,0,15.999,0,0,18,325,0,27,0
07-03 05:04:06,30.867,7.027,55.461,6.525,0,5415884,247248,169104,2186048,22399.035,10767.879,1537.838,1417.381,57.217,45.171,3280,2510,1.800,2.180,1.450,1,0,9.034,0,0,18,325,0,27,0
07-03 05:04:07,22.668,3.238,67.755,4.733,0,5412164,249796,169108,2187204,19247.440,9937.088,1191.693,1677.936,53.806,80.708,3028,3151,1.800,2.180,1.450,1,1,2.989,0,0,18,325,0,24,0
07-03 05:04:08,12.996,1.000,78.975,5.248,0,5408156,252888,169108,2188112,23323.570,10687.595,663.789,1523.515,49.984,63.980,2007,2145,1.800,2.180,1.450,1,0,0,0,0,18,325,0,24,0
07-03 05:04:09,15.256,1.751,77.280,4.502,0,5420388,239488,169176,2189204,22500.733,10091.917,700.272,1348.523,37.014,57.022,2094,2157,1.740,2.160,1.450,1,0,0,0,0,18,325,0,24,0
07-03 05:04:10,12.502,1.750,74.013,10.002,0,5422264,209864,169176,2216948,10955.861,3832.651,11802.005,692.118,132.022,21.004,1978,2110,1.740,2.160,1.450,1,1,1.000,0,0,18,325,0,24,0
07-03 05:04:11,20.494,2.499,71.731,3.499,0,5434112,185256,169468,2229224,7344.019,539.854,0,1163.686,0,54.985,2478,2360,1.740,2.160,1.450,2,0,0,0,0,18,325,0,23,0
07-03 05:04:12,22.002,2.250,71.755,2.750,0,5422196,181304,169492,2244756,6664.472,540.038,0,1284.091,0,30.002,2364,2260,1.740,2.160,1.450,1,0,1.000,0,0,18,325,0,23,0
07-03 05:04:13,20.252,2.500,71.257,4.750,0,5438776,143876,169784,2265044,7832.787,540.054,0,2728.274,0,120.012,2878,3103,1.740,2.160,1.450,2,0,1.000,0,0,18,325,0,23,0
07-03 05:04:14,19.500,2.000,71.001,6.750,0,5424684,144580,170040,2278044,6977.077,486.005,0,2520.028,0,96.001,2575,2786,1.680,2.140,1.440,1,0,1.000,0,0,18,325,0,23,0
07-03 05:04:15,17.001,2.750,70.255,8.501,0,5416304,153032,170124,2277928,3975.285,540.039,0,2636.189,0,241.017,2435,2291,1.680,2.140,1.440,1,0,0,0,0,18,325,0,23,0
07-03 05:04:16,20.999,2.500,71.996,3.250,0,5375804,205664,170292,2265456,8866.507,713.960,0,1271.929,0,44.997,2505,2245,1.680,2.140,1.440,1,0,2.000,0,0,18,324,0,23,0
07-03 05:04:17,18.996,3.749,73.486,2.000,0,5415836,163000,170292,2268088,13229.428,2649.485,31.994,683.867,1.000,27.995,2819,2889,1.680,2.140,1.440,1,0,32.994,0,0,18,325,0,23,0
07-03 05:04:18,22.996,2.999,72.238,1.500,0,5408240,167348,170368,2271212,4457.251,1206.797,0,1467.753,0,34.994,2415,2169,1.680,2.140,1.440,1,0,18.997,0,0,18,325,0,23,0
07-03 05:04:19,10.000,3.000,68.250,17.000,0,5408488,161736,170656,2276152,14029.961,3161.991,0,17183.952,0,345.999,2454,2592,1.700,2.140,1.450,0,3,1.000,0,0,18,324,0,22,0
07-03 05:04:20,23.012,5.003,66.035,4.252,0,5396692,172888,170688,2276748,8638.519,540.283,0,5462.858,0,69.036,11145,19688,1.700,2.140,1.450,1,0,13.007,0,0,18,324,0,22,0
07-03 05:04:21,21.741,6.997,69.473,0,0,5393348,175988,170768,2276912,7146.177,485.808,0,167.934,0,1.999,10528,18965,1.700,2.140,1.450,1,0,19.992,0,0,18,324,0,22,0
07-03 05:04:22,20.544,6.263,70.399,2.004,0,5344644,236184,170776,2265608,4955.514,625.327,0,1511.206,0,15.032,3034,2892,1.700,2.140,1.450,1,0,52.111,0,0,18,324,0,22,0
07-03 05:04:23,23.963,4.992,68.395,0.749,0,5362976,217832,170776,2265632,3782.189,539.172,0,686.945,0,5.991,10354,19081,1.700,2.140,1.450,1,0,23.963,0,0,18,324,0,22,0
07-03 05:04:24,17.996,2.999,75.481,2.000,0,5379388,195976,170776,2271076,13418.666,2823.298,0,843.790,0,14.996,2233,2112,1.650,2.120,1.450,1,0,16.996,0,0,18,324,0,22,0
07-03 05:04:25,23.747,4.999,67.991,2.500,0,5377996,196040,170776,2272388,15438.898,3480.526,0,971.868,0,111.985,3376,11303,1.650,2.120,1.450,1,0,53.993,0,0,18,325,0,23,0
07-03 05:04:26,22.489,5.248,69.217,1.000,0,5370556,198820,170832,2276864,8099.187,713.664,0,847.601,0,12.994,10822,19710,1.650,2.120,1.450,3,0,14.993,0,0,18,324,0,23,0
07-03 05:04:27,23.063,6.518,66.431,2.256,0,5357772,211440,170848,2277012,5784.798,635.736,48.131,810.213,2.005,29.079,11208,20399,1.650,2.120,1.450,1,0,19.052,0,0,18,324,0,22,0
07-03 05:04:28,21.935,3.988,63.809,8.973,0,5355952,224640,170864,2265696,8813.683,538.392,0,3804.640,0,175.476,2919,2977,1.650,2.120,1.450,1,0,22.932,0,0,18,324,0,22,0
07-03 05:04:29,22.268,6.005,70.806,0,0,5330888,243208,170864,2272192,7607.043,486.386,0,424.337,0,28.022,3659,3462,1.680,2.120,1.450,2,0,98.078,0,0,18,324,0,22,0
07-03 05:04:30,23.992,2.749,68.976,3.749,0,5347632,222304,170864,2276304,5776.971,539.810,0,1103.612,0,22.992,2642,2604,1.680,2.120,1.450,0,1,15.994,0,0,18,324,0,22,0
07-03 05:04:31,13.248,1.000,81.987,2.250,0,5358852,210712,170864,2276660,22262.526,11581.193,3.999,1847.712,1.000,42.993,1853,2023,1.680,2.120,1.450,0,0,0,0,0,18,325,0,18,0
07-03 05:04:32,8.753,1.500,84.028,4.251,0,5358480,210712,170864,2277032,57043.973,12355.109,0,1544.514,0,58.019,1884,2234,1.680,2.120,1.450,0,0,1.000,0,0,18,326,0,18,0
07-03 05:04:33,13.249,1.500,81.744,2.500,0,5383368,185512,170864,2277328,130956.854,12528.029,0,1471.886,0,56.996,2024,2100,1.680,2.120,1.450,1,0,0,0,0,18,326,0,18,0
07-03 05:04:34,15.748,0.750,79.990,2.000,0,5383736,184756,170996,2277580,26676.606,12840.366,0,1531.805,0,48.994,1992,2057,1.540,2.080,1.440,3,0,0,0,0,18,326,0,18,0
07-03 05:04:35,9.994,2.249,84.699,1.499,0,5398684,169312,171060,2278008,299316.233,12684.297,0,12024.698,0,153.907,2658,2900,1.540,2.080,1.440,1,0,1.999,0,0,18,326,0,14,0
07-03 05:04:36,7.003,1.751,81.040,9.004,0,5398692,168836,171336,2278196,96461.472,16308.026,28.014,2965.459,4.002,233.115,2213,2505,1.540,2.080,1.440,0,0,0,0,0,18,326,0,14,0
07-03 05:04:37,12.753,1.500,78.769,6.001,0,5401756,165056,171504,2278736,41744.321,12068.984,136.034,1912.473,7.002,95.023,2321,2886,1.540,2.080,1.440,3,0,0,0,0,18,326,0,14,0
07-03 05:04:38,5.746,1.249,90.181,0.500,0.250,5401100,155016,171540,2289364,1126445.718,30077.949,0,731.439,0,38.970,2948,2847,1.540,2.080,1.440,2,0,0.999,0,0,18,326,0,14,0
07-03 05:04:39,6.253,3.502,83.791,3.252,0,5403504,146516,171564,2295436,3149192.560,56437.376,0,1840.893,0,23.011,5476,6983,1.420,2.050,1.430,1,0,2.001,0,0,18,326,0,10,0
07-03 05:04:40,7.002,2.751,85.024,2.501,0,5402432,141488,171620,2301448,3271130.823,49619.801,0,4593.278,0,40.011,4455,3837,1.420,2.050,1.430,0,0,2.001,0,0,18,326,0,12,0
07-03 05:04:41,6.500,2.250,87.499,0.500,0,5401456,128968,171620,2314928,6821650.772,66737.293,0,951.990,0,24.000,4122,4071,1.420,2.050,1.430,0,0,0,0,0,18,326,0,12,0
07-03 05:04:42,6.000,2.750,81.746,7.750,0,5401696,143100,171744,2300616,3345111.780,32927.315,167.991,12715.349,5.000,73.996,2823,2936,1.420,2.050,1.430,1,0,2.000,0,0,18,326,0,12,0
07-03 05:04:43,19.009,3.502,71.783,5.002,0,5401824,133832,173088,2308260,192687.717,2494.161,0,2905.353,0,87.041,2807,2823,1.420,2.050,1.430,0,1,8.004,0,0,18,326,0,12,0
07-03 05:04:44,20.477,2.997,70.172,4.245,0,5419652,142384,175204,2279684,8396.701,485.462,0,2709.000,0,67.925,2710,2798,1.380,2.030,1.430,1,0,0.999,0,0,18,326,0,10,0
07-03 05:04:45,23.273,2.502,70.070,3.503,0,5416008,129896,175600,2295216,6296.255,540.537,0,1793.782,0,51.051,2591,2459,1.380,2.030,1.430,0,1,0,0,0,18,326,0,10,0
07-03 05:04:46,13.243,3.748,66.963,14.492,0,5415128,148232,175964,2277600,4401.601,539.706,0,31966.575,0,481.737,3242,3405,1.380,2.030,1.430,0,1,0,0,0,18,326,0,10,0
07-03 05:04:47,7.001,3.000,66.010,22.003,0,5423520,135936,176212,2281180,4569.660,540.078,32.005,25651.708,1.000,220.032,2587,3294,1.380,2.030,1.430,1,0,0,0,0,18,326,0,10,0
07-03 05:04:48,9.243,2.248,68.201,18.736,0,5420040,135980,176380,2284376,8131.110,539.609,3.997,29438.675,0.999,187.864,2048,2431,1.380,2.030,1.430,1,0,0,0,0,18,326,0,9,0
07-03 05:04:49,16.520,3.504,71.086,7.008,0,5415108,144944,177040,2279644,7020.497,540.654,0,4004.847,0,91.110,2421,2407,1.350,2.010,1.430,0,1,0,0,0,18,326,0,9,0
07-03 05:04:50,22.077,2.760,70.747,3.512,0,5417528,129640,178592,2290732,7958.784,541.892,0,1798.278,0,80.280,2521,2445,1.350,2.010,1.430,1,0,0,0,0,18,326,0,9,0
07-03 05:04:51,21.947,1.995,71.327,3.242,0,5427472,142664,178916,2267760,7031.917,538.691,0,1819.580,0,20.949,2378,2061,1.350,2.010,1.430,0,1,0,0,0,18,326,0,9,0
07-03 05:04:52,18.295,2.757,72.677,5.764,0,5427532,144216,179936,2264976,9665.533,487.186,0,2157.252,0,79.193,2485,2510,1.350,2.010,1.430,0,1,1.002,0,0,18,326,0,7,0
07-03 05:04:53,15.444,1.495,75.477,5.729,0,5452920,149232,180248,2234308,16604.049,3123.721,0,1084.086,0,40.852,2125,2109,1.350,2.010,1.430,2,0,0,0,0,18,324,0,7,0
07-03 05:04:54,19.544,4.009,69.156,6.515,0,5369956,232408,180248,2234184,5341.019,541.218,0,13077.428,0,371.837,2747,2175,1.320,2,1.430,2,0,22.050,0,0,18,324,0,7,0
07-03 05:04:55,17.946,2.742,74.776,3.739,0,5389132,207692,180328,2239808,13161.604,2881.375,0,1324.037,0,10.967,2429,2264,1.320,2,1.430,1,0,14.955,0,0,18,324,0,7,0
07-03 05:04:56,17.805,2.759,77.240,0.502,0,5396992,198668,180332,2240936,11822.742,3558.058,0,569.771,0,10.031,2290,2012,1.320,2,1.430,2,0,18.056,0,0,18,325,0,4,0
07-03 05:04:57,22.183,5.234,67.047,2.492,0,5397732,192748,180576,2245312,3934.102,711.847,31.904,1890.283,0.997,163.505,10882,19805,1.320,2,1.430,2,0,13.958,0,0,18,324,0,4,0
07-03 05:04:58,22.500,6.750,66.000,3.000,0,5397044,193128,180612,2245568,8755.944,581.996,0,2947.981,0,74.000,11903,21234,1.320,2,1.430,3,0,14.000,0,0,18,324,0,4,0
07-03 05:04:59,19.818,5.519,70.994,2.258,0,5359340,242540,180652,2234320,8217.262,541.864,0,850.927,0,36.124,2652,2527,1.540,2.030,1.440,2,0,9.031,0,0,18,324,0,4,0
07-03 05:05:00,19.520,3.754,72.322,4.004,0,5387724,211320,180848,2236960,8827.844,486.487,1381.384,12.012,176.177,2.002,2537,2414,1.540,2.030,1.440,1,0,5.005,0,0,18,324,0,3,0
07-03 05:05:01,20.736,4.247,67.954,5.746,0,5379548,216816,180920,2239572,9645.448,539.633,1199.185,2698.167,152.896,67.954,4818,6199,1.540,2.030,1.440,1,0,2.998,0,0,18,325,0,7,0
07-03 05:05:02,20.473,4.744,63.417,9.488,0,5376300,219252,180924,2240380,3842.946,539.291,671.117,3479.424,38.949,330.565,6888,10831,1.540,2.030,1.440,1,0,1.997,0,0,18,326,0,9,0
07-03 05:05:03,9.733,18.966,64.634,4.991,0,5325304,270048,180924,2240580,7728.127,539.032,195.649,4719.528,1.996,264.525,6604,6321,1.540,2.030,1.440,0,1,427.233,0,0,18,326,0,9,0
07-03 05:05:04,9.249,3.750,69.491,15.498,0,5299384,292536,181000,2243936,6688.181,539.934,3355.589,8107.007,119.985,103.987,2627,2804,1.580,2.030,1.440,0,1,20.997,0,0,18,326,0,11,0
07-03 05:05:05,5.750,3.750,71.503,17.751,0,5286832,293868,181008,2255148,7627.269,1555.055,11224.396,4664.164,1760.062,87.003,3822,5856,1.580,2.030,1.440,0,0,6.000,0,0,18,327,0,11,0
07-03 05:05:06,18.745,5.998,71.980,1.500,0,5332432,248264,181008,2255152,10843.976,2106.413,511.857,527.853,3.999,12.996,2656,2216,1.580,2.030,1.440,1,0,7.998,0,0,18,327,0,11,0
07-03 05:05:07,12.250,4.500,76.003,5.750,0,5324808,255720,181008,2255320,50295.778,2518.089,636.022,1920.068,10.000,308.011,2860,2596,1.580,2.030,1.440,0,1,16.001,0,0,18,326,0,11,1
07-03 05:05:08,27.738,6.497,63.222,1.000,0,5310452,269640,181140,2255608,270258.966,5124.705,143.936,927.585,5.997,21.990,3258,2522,1.580,2.030,1.440,3,0,24.989,0,0,18,318,0,16,0
07-03 05:05:09,45.996,10.305,43.985,0.251,0,5029984,550108,181140,2255500,5256.134,542.906,8.043,124.667,2.011,10.054,3505,2502,1.850,2.080,1.460,5,0,6.032,0,0,18,304,0,18,0
07-03 05:05:10,87.499,12.250,0,0,0,5184756,395020,181140,2255924,4039.974,539.997,0,191.999,0,3.000,4948,2228,1.850,2.080,1.460,4,0,3.000,0,0,18,304,0,18,0
07-03 05:05:11,85.245,13.749,1.250,0,0,5309364,269028,181140,2257308,11092.376,539.970,415.977,795.955,8.000,19.999,6600,9029,1.850,2.080,1.460,5,0,5.000,0,0,18,300,0,25,0
07-03 05:05:12,61.001,14.192,23.405,0,0,5278856,299012,181140,2257824,8230.433,537.807,844.556,545.774,8.963,59.756,5439,4860,1.850,2.080,1.460,5,0,12.947,0,0,18,298,0,25,0
07-03 05:05:13,36.229,6.246,55.717,1.249,0,5216544,360568,181140,2258580,10841.665,539.685,0,959.439,0,138.919,6621,10075,1.850,2.080,1.460,0,0,5.996,0,0,18,291,0,27,0
07-03 05:05:14,26.065,5.012,65.914,1.504,0,5316404,258956,181140,2260332,17199.703,7273.057,649.613,481.195,12.030,46.114,3760,5548,2.100,2.130,1.480,2,0,3.007,0,0,18,293,0,33,0
07-03 05:05:15,33.998,3.250,61.747,0,0,5307808,267300,181140,2260584,169828.660,81996.490,0,13319.267,0,130.993,4751,4565,2.100,2.130,1.480,3,0,0,0,0,18,293,0,33,0
07-03 05:05:16,30.180,3.242,60.609,3.991,0,5312996,262024,181140,2260672,123194.770,55939.031,0,21510.024,0,240.441,5122,5785,2.100,2.130,1.480,3,0,0,0,0,18,303,0,33,0
07-03 05:05:17,5.497,1.499,76.963,14.243,0,5312976,262024,181140,2260692,16870.781,7499.347,0,16336.042,0,158.923,2481,3532,2.100,2.130,1.480,0,0,0,0,0,18,301,0,33,0
07-03 05:05:18,1.750,0.750,92.254,4.250,0,5312512,262488,181140,2260692,6240.269,540.023,0,4096.177,0,546.024,1471,1643,2.100,2.130,1.480,0,0,0,0,0,18,301,0,33,0
07-03 05:05:19,1.500,0.500,96.517,0,0,5312736,262264,181140,2260692,8962.595,540.096,0,320.057,0,5.001,1157,1657,1.930,2.090,1.470,0,0,0,0,0,18,301,0,33,0
07-03 05:05:20,1.750,0.500,95.752,0.750,0,5312736,262264,181140,2260692,6053.142,540.013,0,320.007,0,22.001,1273,1917,1.930,2.090,1.470,0,0,0,0,0,18,301,0,33,0
07-03 05:05:21,1.248,0.499,96.601,0.250,0,5312736,262264,181140,2260692,7418.584,539.170,0,91.859,0,9.985,1163,1748,1.930,2.090,1.470,0,0,0,0,0,18,301,0,33,0
07-03 05:05:22,2.251,1.751,94.542,0,0,5313200,261792,181140,2260700,6408.832,540.239,0,10580.675,0,159.070,1908,2697,1.930,2.090,1.470,0,0,1.000,0,0,18,301,0,33,0
07-03 05:05:23,2.753,1.752,81.078,13.263,0,5312784,262208,181140,2260700,10176.749,486.466,0,18950.153,0,327.314,2114,3053,1.930,2.090,1.470,0,1,1.001,0,0,18,301,0,33,0
07-03 05:05:24,1.751,2.251,64.273,30.511,0,5300636,274316,181140,2260736,6979.461,540.190,32.011,19943.033,1.000,757.267,2230,2619,1.860,2.070,1.470,0,1,0,0,0,18,301,0,33,0
07-03 05:05:25,6.746,4.248,81.955,5.247,0,5330056,244904,181140,2260744,3284.181,539.701,0,18481.764,0,268.851,3157,8937,1.860,2.070,1.470,0,0,35.980,0,0,18,301,0,34,0
07-03 05:05:26,1.250,1.750,94.504,0,0,5330280,244680,181140,2260744,8311.334,540.022,0,24544.985,0,298.012,1990,2697,1.860,2.070,1.470,0,0,0,0,0,18,301,0,34,0
07-03 05:05:27,2.999,2.499,69.976,23.742,0,5329580,245364,181144,2260756,7411.493,633.786,3.999,22856.268,1.000,156.947,2141,2959,1.860,2.070,1.470,1,2,0,0,0,18,301,0,34,0
07-03 05:05:28,1.750,1.000,88.774,5.752,0,5314096,261012,181144,2260760,5280.444,540.148,0,7718.110,0,201.055,1769,2438,1.860,2.070,1.470,0,0,1.000,0,0,18,301,0,34,0
07-03 05:05:29,2.251,1.251,95.547,0.500,0,5315748,259360,181144,2260760,9377.640,540.267,0,172.085,0,20.010,1425,2051,1.710,2.040,1.460,0,0,1.000,0,0,18,301,0,33,0
07-03 05:05:30,1.499,0.750,96.452,0,0,5315748,259360,181144,2260760,8897.562,485.758,0,107.946,0,7.996,1197,1728,1.710,2.040,1.460,0,0,0,0,0,18,301,0,33,0
07-03 05:05:31,1.752,0.250,96.084,0,0,5315748,259360,181144,2260760,7604.658,540.473,0,348.305,0,24.021,1194,1729,1.710,2.040,1.460,0,0,0,0,0,18,301,0,33,0
07-03 05:05:32,1.998,1.249,96.660,0,0,5315748,259360,181144,2260760,7752.770,539.497,0,0,0,0,1240,1728,1.710,2.040,1.460,0,0,0.999,0,0,18,301,0,33,0
07-03 05:05:33,7.773,16.297,71.206,2.758,0,5325640,249240,181148,2260984,3304.581,541.570,184.535,2952.560,10.029,44.128,6034,5807,1.710,2.040,1.460,1,0,486.410,0,0,18,301,0,33,0
07-03 05:05:34,8.763,19.529,70.355,0.501,0,5330016,244832,181148,2261016,9549.210,540.805,0,200.298,0,13.019,6767,6333,1.570,2,1.450,2,0,542.808,0,0,18,301,0,33,0
07-03 05:05:35,8.756,21.265,68.297,0.500,0,5328048,246708,181152,2261104,6018.116,540.370,40.027,100.068,3.002,9.006,7743,7945,1.570,2,1.450,1,0,758.519,0,0,18,301,0,33,0
07-03 05:05:36,7.244,15.487,70.689,3.997,0,5340748,177908,181300,2317056,4965.714,539.534,56023.645,0,468.596,0,5997,5821,1.570,2,1.450,1,0,411.645,0,0,18,301,0,33,0
07-03 05:05:37,17.434,3.238,77.207,0.996,0,5364072,154472,181304,2317164,9385.353,1187.490,111.576,537.957,5.977,55.788,3376,3610,1.570,2,1.450,0,0,25.902,0,0,18,302,0,33,0
07-03 05:05:38,2.249,1.000,91.958,2.999,0,5363732,154472,181312,2317496,358087.308,9061.908,3.998,999.549,1.000,44.980,1482,2037,1.570,2,1.450,0,0,0,0,0,18,302,0,33,0
07-03 05:05:39,2.750,1.000,93.247,0.500,0,5363716,153492,181312,2318492,1058711.471,25157.108,0,119.996,0,6.000,2362,2335,1.450,1.970,1.450,0,0,0,0,0,18,302,0,33,0
07-03 05:05:40,2.000,1.250,94.757,0,0,5363676,152764,181312,2319260,812363.925,20478.511,0,2084.154,0,5.000,2085,2172,1.450,1.970,1.450,1,0,0,0,0,18,302,0,33,0
07-03 05:05:41,3.500,1.000,94.001,0,0,5363792,152272,181312,2319636,396589.231,9780.080,0,0,0,0,1820,2058,1.450,1.970,1.450,1,0,0,0,0,18,302,0,31,0
07-03 05:05:42,6.011,2.505,89.170,0.501,0.250,5362700,152212,181316,2320784,951557.113,24501.789,4.008,1286.457,1.002,2.004,4242,5860,1.450,1.970,1.450,0,0,2.004,0,0,18,302,0,31,0
07-03 05:05:43,5.491,2.496,86.602,3.494,0,5360040,154756,181316,2320900,81972.933,2780.249,15.973,575.017,0.998,48.916,2733,3461,1.450,1.970,1.450,0,0,6.988,0,0,18,302,0,33,0
07-03 05:05:44,3.247,1.749,89.424,3.997,0,5358680,155864,181324,2321144,242735.708,6088.800,3.997,3640.891,0.999,197.831,2333,3196,1.410,1.950,1.440,0,0,0.999,0,0,18,302,0,33,0
07-03 05:05:45,2.502,0.751,92.833,2.252,0.250,5336772,177340,181324,2321576,439624.811,12034.781,16.014,1685.510,1.001,235.211,2133,2401,1.410,1.950,1.440,0,0,0,0,0,18,302,0,33,0
07-03 05:05:46,8.505,3.502,84.547,2.251,0,5378292,132104,181340,2325276,249689.645,6891.854,2501.399,504.282,27.015,14.008,2342,2211,1.410,1.950,1.440,1,1,22.012,0,0,18,301,0,34,0
07-03 05:05:47,6.998,6.998,66.731,17.245,0,5381572,134800,181240,2319668,5924.332,539.848,979.724,18806.704,9.997,221.937,4183,5719,1.410,1.950,1.440,1,0,30.991,0,0,18,301,0,34,0
07-03 05:05:48,4.000,5.750,66.246,21.499,0,5380336,134836,181244,2320844,6110.659,539.970,0,5959.668,0,573.968,3553,4569,1.410,1.950,1.440,2,1,35.998,0,0,18,301,0,34,0
07-03 05:05:49,4.249,6.498,73.724,13.995,0,5377992,134912,181328,2323036,3410.804,539.811,3.999,4830.306,1.000,671.764,4086,5678,1.380,1.940,1.440,1,0,35.987,0,0,18,301,0,34,0
07-03 05:05:50,4.502,6.253,71.038,15.508,0,5374200,135144,181448,2326108,9049.875,540.291,520.280,5687.063,13.007,476.257,3973,5038,1.380,1.940,1.440,0,1,54.029,0,0,18,301,0,34,0
07-03 05:05:51,13.252,6.001,69.010,10.252,0,5365268,169688,181660,2300576,6805.006,540.080,280.041,4472.661,8.001,405.060,3715,4292,1.380,1.940,1.440,1,0,30.004,0,0,18,301,0,34,0
07-03 05:05:52,20.313,6.520,67.960,4.012,0,5366440,167976,181676,2301084,10880.700,541.678,0,1203.728,0,76.236,3611,3092,1.380,1.940,1.440,1,0,35.109,0,0,18,301,0,34,0
07-03 05:05:53,19.495,5.998,67.983,5.499,0,5382276,151408,181696,2301780,8684.816,485.878,0,1511.620,0,96.976,3488,3379,1.380,1.940,1.440,1,0,25.993,0,0,18,301,0,34,0
07-03 05:05:54,21.669,5.480,67.747,3.736,0,5374044,156740,181916,2304252,7300.724,537.990,0,1490.432,0,67.747,3323,3166,1.350,1.920,1.440,0,1,21.918,0,0,18,301,0,34,0
07-03 05:05:55,20.502,5.000,68.505,4.500,0,5373892,152768,182024,2307368,6857.523,540.041,76.006,884.067,15.001,53.004,3084,3118,1.350,1.920,1.440,1,0,14.001,0,0,18,301,0,34,0
07-03 05:05:56,14.498,3.749,69.739,10.748,0,5374788,151780,182024,2307184,7172.898,539.917,107.983,5831.104,26.996,124.981,4016,5388,1.350,1.920,1.440,0,1,15.998,0,0,18,301,0,34,0
07-03 05:05:57,14.251,10.751,69.004,4.000,0,5401144,160980,181912,2272684,7060.397,540.030,1212.068,408.023,26.001,37.002,3552,3604,1.350,1.920,1.440,2,0,44.002,0,0,18,301,0,34,0
07-03 05:05:58,19.239,6.246,68.710,5.247,0,5401208,156204,181916,2275360,8070.344,539.689,183.894,3178.167,10.994,48.972,2958,2703,1.350,1.920,1.440,2,0,33.980,0,0,18,301,0,34,0
07-03 05:05:59,13.761,2.502,73.558,9.007,0,5376932,241524,181948,2214360,4435.480,540.424,176.138,2682.105,10.008,235.185,2592,2583,1.240,1.890,1.430,0,0,19.015,0,0,18,301,0,34,0
07-03 05:06:00,2.007,0.753,96.073,0.251,0,5331312,287144,181948,2214360,8904.974,541.824,0,798.688,0,163.551,1320,1763,1.240,1.890,1.430,0,0,0,0,0,18,301,0,34,0
07-03 05:06:01,1.993,1.495,94.929,0.498,0,5326688,291776,181948,2214364,6343.565,484.363,0,378.720,0,17.939,1205,1796,1.240,1.890,1.430,1,0,0.997,0,0,18,301,0,33,0
07-03 05:06:02,1.750,1.000,96.511,0,0,5326688,291776,181948,2214364,7108.823,540.063,0,32.004,0,4.000,1250,1759,1.240,1.890,1.430,0,0,1.000,0,0,18,301,0,33,0
07-03 05:06:03,1.750,0.500,96.001,0,0,5326912,291552,181948,2214364,35355.459,540.007,0,84.001,0,12.000,1642,2027,1.240,1.890,1.430,1,0,0,0,0,18,301,0,33,0
07-03 05:06:04,1.250,1.000,96.510,0,0,5326912,291552,181948,2214364,3811.406,540.058,0,180.019,0,12.001,1101,1674,1.140,1.860,1.420,0,0,0,0,0,18,301,0,33,0
07-03 05:06:05,2.000,0.250,95.503,0.750,0,5326880,291552,181948,2214396,7282.239,540.018,32.001,84.003,1.000,9.000,1253,1930,1.140,1.860,1.420,0,0,0,0,0,18,301,0,26,0
07-03 05:06:06,1.750,0.500,96.505,0,0,5326880,291552,181948,2214396,7797.368,540.025,0,332.016,0,23.001,1251,1817,1.140,1.860,1.420,0,0,0,0,0,18,301,0,26,0
07-03 05:06:07,2.999,1.000,93.714,1.250,0,5326876,291552,181948,2214400,6443.498,539.790,0,207.919,0,32.987,1707,2550,1.140,1.860,1.420,0,0,0,0,0,18,301,0,26,0
07-03 05:06:08,2.001,0.500,94.789,1.751,0,5326876,291552,181948,2214400,7374.029,540.222,0,500.205,0,38.016,1183,1806,1.140,1.860,1.420,0,0,0,0,0,18,301,0,26,0
07-03 05:06:09,1.250,0.750,96.503,0,0,5326876,291552,181948,2214400,6402.189,606.018,0,48.001,0,6.000,1176,1715,1.050,1.830,1.420,1,0,0,0,0,18,301,0,26,0
07-03 05:06:10,1.500,0.750,96.249,0,0,5327100,291328,181948,2214400,7639.903,659.992,0,459.994,0,87.999,1120,1658,1.050,1.830,1.420,0,0,0,0,0,18,301,0,19,0
07-03 05:06:11,1.000,0.500,96.493,0,0.250,5327100,291328,181948,2214400,5275.624,539.961,0,4.000,0,1.000,1123,1636,1.050,1.830,1.420,0,0,0,0,0,18,301,0,19,0
07-03 05:06:12,2.000,1.000,96.477,0,0,5327096,291328,181948,2214404,3794.105,659.844,0,0,0,0,1077,1609,1.050,1.830,1.420,0,0,1.000,0,0,18,301,0,19,0
07-03 05:06:13,2.000,0.500,94.765,0.500,0,5327088,291328,181948,2214412,8887.430,540.087,0,172.028,0,25.004,1625,2464,1.050,1.830,1.420,2,0,1.000,0,0,18,301,0,19,0
07-03 05:06:14,2.000,0.750,94.003,2.000,0,5327084,291328,181948,2214416,5879.191,582.019,0,460.015,0,38.001,1412,2226,0.960,1.800,1.410,0,0,1.000,0,0,18,301,0,10,0
07-03 05:06:15,2.000,1.000,96.015,0.250,0,5327036,291328,181948,2214464,3652.571,540.084,32.005,156.024,1.000,19.003,1324,2112,0.960,1.800,1.410,0,0,0,0,0,18,301,0,10,0
07-03 05:06:16,2.000,0.750,96.243,0.250,0,5327036,291328,181948,2214464,8257.366,485.963,0,431.967,0,30.998,1289,1870,0.960,1.800,1.410,1,0,0,0,0,18,301,0,10,0
07-03 05:06:17,2.750,0.750,91.751,2.500,0,5327036,291328,181948,2214464,5463.048,540.005,0,632.006,0,120.001,1945,2835,0.960,1.800,1.410,0,0,2.000,0,0,18,301,0,10,0
07-03 05:06:18,1.500,1.250,96.026,0.500,0,5327036,291328,181948,2214464,8867.397,540.146,0,464.125,0,32.009,1118,1700,0.960,1.800,1.410,0,0,0,0,0,18,301,0,4,0
07-03 05:06:19,1.750,0.250,96.473,0,0,5327032,291328,181948,2214468,5780.368,539.848,0,0,0,0,1124,1667,0.890,1.770,1.400,0,0,0,0,0,18,301,0,4,0
07-03 05:06:20,1.750,0.250,96.745,0,0,5327032,291328,181948,2214468,3448.815,539.971,0,59.997,0,6.000,1106,1686,0.890,1.770,1.400,1,0,0,0,0,18,301,0,4,0
07-03 05:06:21,1.500,1.000,96.235,0.250,0,5327032,291328,181948,2214468,7064.901,539.916,0,87.986,0,5.999,1244,1861,0.890,1.770,1.400,0,0,0,0,0,18,301,0,4,0
07-03 05:06:22,1.750,0.750,90.262,5.501,0,5327028,291328,181948,2214472,7293.987,540.073,0,2388.323,0,115.016,1475,2225,0.890,1.770,1.400,0,0,1.000,0,0,18,301,0,4,0
07-03 05:06:23,2.250,0.750,95.489,0.250,0,5327028,291328,181948,2214472,7305.132,485.942,0,179.979,0,20.998,1417,2125,0.890,1.770,1.400,0,0,0,0,0,18,301,0,4,0
07-03 05:06:24,1.750,0.750,95.738,1.000,0,5327016,291328,181948,2214484,8976.911,539.934,0,203.975,0,16.998,1154,1706,0.820,1.740,1.390,0,0,0,0,0,18,301,0,4,0
07-03 05:06:25,6.753,3.501,88.038,0,0,5325156,293188,181948,2214312,7359.135,540.230,0,6114.605,0,73.031,2694,12821,0.820,1.740,1.390,1,0,36.015,0,0,18,301,0,5,0
07-03 05:06:26,1.500,1.000,95.723,0.250,0,5319392,298952,181948,2214484,6347.196,539.847,0,495.859,0,18.995,1239,1777,0.820,1.740,1.390,0,0,0,0,0,18,301,0,4,0
07-03 05:06:27,3.251,1.000,94.019,1.000,0,5319896,298448,181948,2214484,5483.101,634.127,0,248.050,0,42.008,1779,2635,0.820,1.740,1.390,0,0,0,0,0,18,301,0,4,0
07-03 05:06:28,1.750,1.250,95.273,0.750,0,5319892,298448,181948,2214488,6713.594,540.128,0,488.116,0,40.009,1426,2199,0.820,1.740,1.390,0,0,1.000,0,0,18,301,0,4,0
07-03 05:06:29,7.251,1.750,89.507,0,0,5339288,279048,181948,2214492,12704.011,540.043,0,124.010,0,16.001,1796,2224,0.830,1.720,1.390,2,0,6.000,0,0,18,301,0,4,0
07-03 05:06:30,9.265,2.254,78.878,8.013,0,5344096,270872,182452,2216560,13696.255,8485.789,2504.069,749.217,516.840,20.033,3152,4525,0.830,1.720,1.390,0,0,0,0,0,18,302,0,4,0
07-03 05:06:31,19.467,4.243,69.632,4.992,0,5369516,245168,182456,2216844,9406.007,1542.377,35.939,57418.371,2.995,254.567,3207,3470,0.830,1.720,1.390,1,0,4.992,0,0,18,307,0,5,0
07-03 05:06:32,13.301,1.506,84.828,0,0,5378324,236348,182456,2216856,17335.047,10257.674,0,136.528,0,8.031,2225,2352,0.830,1.720,1.390,2,0,1.004,0,0,18,312,0,5,0
07-03 05:06:33,15.221,2.495,79.597,0.749,0.250,5385072,229324,182456,2217132,17465.374,10639.516,15.969,546.947,0.998,40.921,3051,3492,0.830,1.720,1.390,0,0,4.990,0,0,18,312,0,6,0
07-03 05:06:34,12.473,2.994,82.574,0.748,0,5397432,216960,182456,2217136,13286.693,7804.373,0,231.507,0,21.953,2325,2680,0.760,1.700,1.380,0,0,4.989,0,0,18,312,0,7,0
07-03 05:06:35,12.753,3.251,82.019,0.500,0,5415492,198756,182456,2217280,14541.360,9707.243,0,368.085,0,40.009,2735,3289,0.760,1.700,1.380,4,1,7.002,0,0,18,312,0,8,0
07-03 05:06:36,12.249,3.000,82.746,0.250,0,5415268,198964,182456,2217296,12385.430,6996.678,0,1299.940,0,127.994,2630,2890,0.760,1.700,1.380,2,0,5.000,0,0,18,312,0,9,0
07-03 05:06:37,35.633,5.772,56.210,0.753,0,5166964,447116,182456,2217448,16367.204,8680.460,0,437.637,0,58.218,4108,3780,0.760,1.700,1.380,2,0,19.071,0,0,18,303,0,12,0
07-03 05:06:38,45.267,12.255,40.015,1.751,0,5125540,488588,182456,2217504,5417.062,486.185,56.021,292.111,9.003,22.008,3561,2318,0.760,1.700,1.380,4,0,6.002,0,0,18,299,0,12,0
07-03 05:06:39,85.533,13.255,0.250,1.000,0,5251144,362520,182456,2217968,7161.803,540.211,92.036,352.138,6.002,15.006,5010,2276,1.020,1.730,1.400,3,0,3.001,0,0,18,299,0,12,0
07-03 05:06:40,66.606,13.221,0.748,18.710,0,5297896,308284,182456,2225452,9560.352,538.836,6362.259,1277.242,429.073,98.787,7074,10024,1.020,1.730,1.400,5,0,1.996,0,0,18,301,0,13,0
07-03 05:06:41,54.157,12.229,31.446,1.248,0,5118328,486892,182456,2226620,7104.797,539.074,539.074,411.294,82.858,31.945,5155,6173,1.020,1.730,1.400,3,0,9.983,0,0,18,291,0,19,0
07-03 05:06:42,44.632,6.268,43.127,5.266,0,5211964,391536,182456,2228340,9338.547,541.598,1023.018,4252.544,46.136,412.216,7195,8326,1.020,1.730,1.400,2,0,2.006,0,0,18,295,0,21,0
07-03 05:06:43,31.016,6.503,58.029,3.502,0,5309632,292104,182456,2230104,44969.509,22438.231,1032.517,1616.809,14.007,58.029,5965,10343,1.020,1.730,1.400,3,0,10.005,0,0,18,297,0,26,0
07-03 05:06:44,32.629,2.491,62.269,0.249,0,5308464,293036,182456,2230356,170132.504,79844.633,0,227.157,0,20.922,4719,4326,1.020,1.720,1.390,0,0,0.996,0,0,18,297,0,28,0
07-03 05:06:45,28.237,2.499,67.718,0.500,0,5329072,272120,182456,2230664,115496.512,49840.487,0,543.743,0,36.983,4662,4824,1.020,1.720,1.390,1,0,0,0,0,18,305,0,28,0
07-03 05:06:46,2.250,0.750,93.737,2.000,0,5329028,272120,182456,2230708,5894.162,485.931,0,191.973,0,20.997,1572,2344,1.020,1.720,1.390,0,0,0,0,0,18,305,0,25,0
07-03 05:06:47,2.506,1.253,93.963,1.253,0,5329468,271672,182456,2230716,8089.346,541.227,0,910.064,0,129.293,1765,2283,1.020,1.720,1.390,0,1,0,0,0,18,305,0,25,0
07-03 05:06:48,1.496,0.499,87.770,8.727,0,5321124,280016,182456,2230716,5262.208,538.588,0,7935.202,0,955.496,1816,1762,1.020,1.720,1.390,0,0,0,0,0,18,305,0,25,0
07-03 05:06:49,1.751,0.750,96.280,0.250,0,5321124,280016,182456,2230716,7225.230,540.167,0,108.033,0,8.002,1215,1714,0.940,1.690,1.390,0,0,0,0,0,18,305,0,25,0
07-03 05:06:50,1.249,0.500,95.658,0.250,0,5321364,279776,182456,2230716,6951.332,539.483,0,587.437,0,38.963,1263,1887,0.940,1.690,1.390,0,0,0,0,0,18,305,0,25,0
07-03 05:06:51,2.002,1.001,96.600,0,0,5321328,279776,182456,2230752,4348.502,540.560,0,0,0,0,1130,1667,0.940,1.690,1.390,1,0,0,0,0,18,305,0,25,0
07-03 05:06:52,1.999,1.000,95.473,0.500,0,5321332,279776,182460,2230744,7192.950,539.846,3.999,191.945,1.000,10.997,1452,2163,0.940,1.690,1.390,1,0,1.000,0,0,18,305,0,25,0
07-03 05:06:53,1.750,0.250,95.992,0.250,0,5321332,279776,182460,2230744,6785.426,485.959,0,91.992,0,5.999,1212,1754,0.940,1.690,1.390,0,0,0,0,0,18,305,0,25,0
07-03 05:06:54,1.751,1.000,95.783,0.250,0,5321332,279776,182460,2230744,6685.310,540.187,0,128.044,0,14.005,1259,1806,0.860,1.660,1.380,0,0,0,0,0,18,305,0,25,0
07-03 05:06:55,2.499,0.750,95.718,0,0,5321580,279524,182460,2230748,4781.418,539.821,0,99.967,0,11.996,1288,1961,0.860,1.660,1.380,0,0,0,0,0,18,305,0,25,0
07-03 05:06:56,2.499,0.750,95.461,0.250,0,5322336,278768,182460,2230748,6681.267,539.779,0,415.830,0,34.986,1463,2163,0.860,1.660,1.380,0,0,0,0,0,18,305,0,25,0
07-03 05:06:57,2.001,0.500,94.819,1.001,0,5322336,278768,182460,2230748,8906.477,540.393,0,152.111,0,28.020,1495,2262,0.860,1.660,1.380,0,0,0,0,0,18,305,0,25,0
07-03 05:06:58,2.500,1.000,94.750,0.750,0,5322332,278768,182460,2230752,6753.968,539.997,0,283.999,0,27.000,1350,2096,0.860,1.660,1.380,0,0,0,0,0,18,305,0,25,0
07-03 05:06:59,2.250,0.750,91.507,3.500,0,5322328,278768,182460,2230756,4040.291,540.039,0,3024.218,0,170.012,1725,2806,0.790,1.640,1.370,0,0,0,0,0,18,305,0,25,0
07-03 05:07:00,1.999,0.750,96.475,0,0,5322328,278768,182460,2230756,8237.875,539.861,0,31.992,0,3.999,1259,1752,0.790,1.640,1.370,0,0,0,0,0,18,305,0,25,0
07-03 05:07:01,3.004,2.003,93.885,0.501,0,5325808,275272,182596,2230620,8282.936,634.915,144.208,112.162,5.007,14.020,1826,2278,0.790,1.640,1.370,5,0,7.010,0,0,18,305,0,25,0
07-03 05:07:02,34.917,7.482,55.119,0.998,0,4965680,634832,182604,2231208,7619.882,963.709,426.985,3.991,28.931,0.998,4002,3308,0.790,1.640,1.370,3,0,72.827,0,0,18,301,0,27,0
07-03 05:07:03,23.288,4.257,71.616,0,0,5037976,562468,182604,2231276,6571.680,931.514,68.111,4.007,5.008,1.002,2420,2012,0.790,1.640,1.370,2,0,2.003,0,0,18,301,0,27,0
07-03 05:07:04,27.491,5.748,62.980,2.249,0,5109548,490024,182608,2232164,7874.487,719.770,3.999,411.869,1.000,34.989,4618,7009,0.810,1.630,1.370,2,0,15.995,0,0,18,305,0,29,0
07-03 05:07:05,23.250,4.250,69.499,1.500,0,5186348,413220,182608,2232168,4865.898,539.989,0,935.980,0,43.999,2611,2468,0.810,1.630,1.370,3,0,5.000,0,0,18,305,0,29,0
07-03 05:07:06,9.999,1.500,87.494,0,0,5200892,398484,182608,2232360,5215.660,581.962,0,435.972,0,74.995,1914,2324,0.810,1.630,1.370,1,0,1.000,0,0,18,305,0,29,0
07-03 05:07:07,2.249,0.750,95.437,0.250,0,5197940,401432,182612,2232360,4849.810,679.553,0,155.897,0,17.988,1381,2052,0.810,1.630,1.370,0,0,0,0,0,18,305,0,29,0
07-03 05:07:08,1.753,0.751,95.641,1.001,0,5190508,408864,182612,2232360,7655.272,486.717,0,841.239,0,107.158,1290,1826,0.810,1.630,1.370,1,1,0,0,0,18,305,0,29,0
07-03 05:07:09,1.748,0.499,91.874,4.494,0,5180964,418408,182612,2232360,5492.446,539.258,0,3894.644,0,438.397,1459,1700,0.750,1.600,1.360,0,0,0,0,0,18,305,0,29,0
07-03 05:07:10,1.501,0.750,96.293,0,0,5179384,419988,182612,2232360,7918.524,540.240,0,12.005,0,3.001,1164,1644,0.750,1.600,1.360,0,0,0,0,0,18,305,0,29,0
07-03 05:07:11,1.749,0.750,96.955,0,0,5177728,421644,182612,2232360,7475.510,539.748,0,0,0,0,1135,1644,0.750,1.600,1.360,0,0,0,0,0,18,305,0,29,0
07-03 05:07:12,2.252,0.751,96.068,0,0,5176528,422840,182612,2232364,7717.494,630.449,0,8.006,0,1.001,1240,1713,0.750,1.600,1.360,1,1,1.001,0,0,18,305,0,29,0
07-03 05:07:13,2.000,0.750,95.988,0.250,0,5175260,424108,182612,2232364,9154.890,539.935,0,163.980,0,14.998,1390,2085,0.750,1.600,1.360,0,0,0,0,0,18,305,0,29,0
07-03 05:07:14,2.250,0.750,93.497,1.750,0,5174148,425216,182612,2232368,5953.787,539.981,0,1379.951,0,225.992,1704,2336,0.690,1.570,1.350,0,0,0,0,0,18,305,0,29,0
07-03 05:07:15,2.249,1.000,95.219,0.250,0,5173216,426148,182612,2232368,5061.368,679.781,0,95.969,0,14.995,1312,1933,0.690,1.570,1.350,4,1,0,0,0,18,305,0,29,0
07-03 05:07:16,2.001,0.750,94.042,1.501,0,5172472,426888,182612,2232372,8089.590,486.216,0,172.076,0,26.012,1520,2307,0.690,1.570,1.350,0,0,0,0,0,18,305,0,29,0
07-03 05:07:17,2.749,0.500,94.219,1.749,0,5172472,426888,182612,2232372,6898.748,539.824,0,91.970,0,11.996,1441,2057,0.690,1.570,1.350,0,0,0,0,0,18,305,0,29,0
07-03 05:07:18,1.250,0.500,95.747,1.250,0,5172472,426888,182612,2232372,9224.734,539.984,0,463.987,0,31.999,1110,1685,0.690,1.570,1.350,1,0,0,0,0,18,305,0,29,0
07-03 05:07:19,1.500,1.000,96.238,0,0,5172472,426888,182612,2232372,8669.882,539.930,0,0,0,0,1185,1664,0.630,1.550,1.350,0,0,0,0,0,18,305,0,29,0
07-03 05:07:20,1.750,0.500,96.255,0,0,5172472,426888,182612,2232372,7481.391,540.028,0,0,0,0,1131,1634,0.630,1.550,1.350,0,0,0,0,0,18,305,0,29,0
07-03 05:07:21,2.000,0.750,97.254,0,0,5172468,426888,182612,2232376,6879.314,582.027,0,0,0,0,1077,1638,0.630,1.550,1.350,0,0,0,0,0,18,305,0,29,0
07-03 05:07:22,1.250,0.500,96.240,0,0,5172468,426888,182612,2232376,4334.536,629.933,0,39.996,0,2.000,1166,1770,0.630,1.550,1.350,0,0,1.000,0,0,18,305,0,29,0
07-03 05:07:23,1.750,0.250,96.008,0,0,5172468,426888,182612,2232376,7496.606,486.039,0,72.006,0,6.000,1142,1683,0.630,1.550,1.350,0,0,0,0,0,18,305,0,29,0
07-03 05:07:24,2.251,0.750,96.029,0,0,5172468,426888,182612,2232376,7692.347,540.165,0,76.023,0,9.003,1304,1837,0.580,1.520,1.340,0,0,0,0,0,18,305,0,29,0
07-03 05:07:25,5.741,2.746,91.103,0.250,0,5204484,394872,182612,2234956,4529.673,539.128,0,67.890,0,8.985,1893,5696,0.580,1.520,1.340,4,0,33.945,0,0,18,305,0,29,0
07-03 05:07:26,3.004,1.001,93.117,1.252,0,5166044,433308,182612,2232380,8382.492,540.677,0,600.752,0,54.068,2060,9317,0.580,1.520,1.340,0,0,2.003,0,0,18,305,0,30,0
07-03 05:07:27,2.499,0.750,94.701,0,0,5166296,433056,182612,2232380,7220.245,633.670,0,103.946,0,14.992,1599,2291,0.580,1.520,1.340,0,0,0,0,0,18,305,0,29,0
07-03 05:07:28,2.000,0.500,96.022,0.250,0,5166548,432804,182612,2232380,7556.709,540.122,0,256.058,0,24.005,1381,2125,0.580,1.520,1.340,0,0,0,0,0,18,305,0,29,0
07-03 05:07:29,1.500,1.000,95.776,0.500,0,5166536,432804,182612,2232392,6870.848,540.145,0,808.217,0,175.047,1477,2093,0.610,1.510,1.340,1,0,0,0,0,18,305,0,29,0
07-03 05:07:30,1.751,0.500,96.552,0,0,5166536,432804,182612,2232392,4959.683,626.339,0,0,0,0,1216,1720,0.610,1.510,1.340,0,0,0,0,0,18,305,0,29,0
07-03 05:07:31,1.999,1.000,96.206,0,0,5166536,432804,182612,2232392,8482.155,539.755,0,271.877,0,19.991,1227,1765,0.610,1.510,1.340,1,0,0,0,0,18,305,0,29,0
07-03 05:07:32,4.251,7.252,87.025,0,0,5166880,432456,182612,2232396,5543.600,630.182,0,12.003,0,2.001,3285,3318,0.610,1.510,1.340,2,0,195.056,0,0,18,305,0,28,0
07-03 05:07:33,20.020,7.257,72.571,0,0,5236924,362396,182612,2232412,7733.601,540.531,0,0,0,0,3246,2803,0.610,1.510,1.340,1,0,117.115,0,0,18,305,0,28,0
07-03 05:07:34,14.984,1.998,80.912,0,0,5249224,350088,182612,2232420,16494.125,10156.992,0,3.996,0,0.999,2590,2744,0.560,1.490,1.330,2,0,0,0,0,18,306,0,30,0
07-03 05:07:35,30.592,6.269,55.166,6.770,0,5260132,338748,182620,2232844,9111.450,1881.669,228.689,2599.833,14.042,224.677,6769,9462,0.560,1.490,1.330,2,0,26.079,0,0,18,305,0,31,0
07-03 05:07:36,38.994,6.999,48.492,4.749,0,5339528,259172,182628,2233016,15260.495,15887.392,139.977,2719.554,5.999,176.971,4693,4994,0.560,1.490,1.330,2,0,4.999,0,0,18,306,0,31,0
07-03 05:07:37,19.754,9.752,67.765,1.500,0,5327128,271520,182628,2233068,33309.553,22747.158,0,1500.340,0,137.031,5399,5706,0.560,1.490,1.330,1,0,265.060,0,0,18,305,0,38,0
07-03 05:07:38,12.515,10.012,76.341,0.250,0,5321536,277076,182628,2233104,17906.275,2140.543,0,248.295,0,11.013,4045,3724,0.560,1.490,1.330,2,0,207.246,0,0,18,305,0,40,0
07-03 05:07:39,22.259,4.252,71.529,1.251,0,5378428,220096,182632,2233188,9692.934,624.253,76.031,8.003,5.002,1.000,2503,2216,0.600,1.480,1.330,2,0,2.001,0,0,18,305,0,40,0
07-03 05:07:40,24.380,3.732,65.427,4.975,0,5403088,190784,182776,2237392,5874.033,537.350,1803.108,3080.808,190.063,387.091,4485,6521,0.600,1.480,1.330,2,0,0.995,0,0,18,305,0,36,0
07-03 05:07:41,25.036,3.255,69.100,1.252,0,5434072,156628,182840,2240260,8642.462,540.780,1253.808,452.653,121.175,13.019,3165,2999,0.600,1.480,1.330,3,0,3.004,0,0,18,305,0,36,0
07-03 05:07:42,24.061,4.010,68.925,1.504,0,5453460,136912,182840,2240588,7263.405,541.372,0,1006.551,0,99.252,6499,9489,0.600,1.480,1.330,1,0,1.003,0,0,18,307,0,39,0
07-03 05:07:43,21.199,3.492,66.838,7.731,0,5449348,140064,182840,2241568,9238.602,538.694,829.988,1017.533,53.869,98.761,4790,6508,0.600,1.480,1.330,4,0,5.985,0,0,18,311,0,39,0
07-03 05:07:44,26.444,3.243,63.615,4.989,0,5454020,134820,182840,2242192,19526.600,5922.443,223.526,1692.412,12.972,218.537,5816,8377,0.550,1.450,1.320,1,0,1.996,0,0,18,315,0,28,0
07-03 05:07:45,12.014,1.752,81.597,4.255,0,5451740,137060,182840,2242232,36168.897,14076.695,0,788.936,0,51.061,2811,3309,0.550,1.450,1.320,2,0,1.001,0,0,18,316,0,29,0
07-03 05:07:46,8.246,1.999,86.703,1.249,0,5451912,136612,182844,2242504,23151.367,8056.604,215.882,1003.452,3.998,112.938,2945,4049,0.550,1.450,1.320,2,1,2.998,0,0,18,317,0,29,0
07-03 05:07:47,11.498,1.250,81.984,3.999,0,5448668,139704,182844,2242652,32684.726,11872.721,63.988,1131.783,3.999,118.977,3314,4487,0.550,1.450,1.320,1,0,0,0,0,18,315,0,30,0
07-03 05:07:48,17.254,4.001,61.513,14.003,0,5446372,141536,182844,2243116,6610.405,540.115,80.017,7161.522,3.001,515.109,7136,11559,0.550,1.450,1.320,3,0,0,0,0,18,318,0,29,0
07-03 05:07:49,23.519,4.253,65.553,6.005,0,5444824,142848,182844,2243352,9071.395,540.441,32.026,2209.801,1.001,242.197,7932,12090,0.670,1.460,1.320,1,0,0,0,0,18,319,0,29,0
07-03 05:07:50,13.986,2.997,73.428,7.992,0,5444336,143064,182844,2243624,10880.352,3258.811,15.984,2413.638,0.999,237.767,4832,7431,0.670,1.460,1.320,0,0,0,0,0,18,317,0,31,0
07-03 05:07:51,11.555,2.010,80.883,3.517,0,5443320,143988,182848,2243712,25913.606,9516.023,0,1679.948,0,139.661,3342,4380,0.670,1.460,1.320,3,0,0,0,0,18,317,1,32,0
07-03 05:07:52,9.991,1.998,83.676,2.748,0,5442176,145004,182848,2243840,11330.952,2929.402,0,1510.660,0,137.878,3916,6035,0.670,1.460,1.320,1,0,0.999,0,0,18,318,0,32,0
07-03 05:07:53,18.942,4.486,57.074,16.948,0,5441116,145688,182848,2244216,3461.318,538.339,0,8075.078,0,551.299,7277,11521,0.670,1.460,1.320,1,0,0,0,0,18,318,0,33,0
07-03 05:07:54,21.487,3.998,68.709,4.497,0,5440744,145876,182848,2244400,11680.992,3202.079,0,2402.559,0,250.849,7111,10922,0.610,1.440,1.320,0,0,0,0,0,18,317,0,34,0
07-03 05:07:55,7.751,2.250,82.013,6.501,0,5440484,145996,182848,2244540,6623.075,540.088,0,5608.910,0,584.095,3197,4155,0.610,1.440,1.320,2,0,0,0,0,18,317,0,34,0
07-03 05:07:56,6.498,1.250,87.224,3.249,0,5440472,145936,182848,2244612,8494.489,3258.037,0,1087.678,0,113.966,2738,4116,0.610,1.440,1.320,0,0,1.000,0,0,18,319,0,36,0
07-03 05:07:57,11.251,2.250,82.009,3.000,0,5440448,145872,182848,2244700,10911.224,3259.366,0,1348.151,0,149.017,3441,5188,0.610,1.440,1.320,0,0,0,0,0,18,317,0,38,0
07-03 05:07:58,15.966,2.245,76.339,3.742,0,5441184,145116,182848,2244720,11565.546,4186.149,147.688,1149.569,7.983,106.774,4231,5539,0.610,1.440,1.320,0,0,0.998,0,0,18,318,0,40,0
07-03 05:07:59,10.520,1.503,84.910,1.753,0,5440788,145116,182848,2245116,32333.760,10372.491,0,969.822,0,84.158,2905,4024,0.720,1.450,1.320,4,1,0,0,0,18,317,0,40,0
07-03 05:08:00,9.284,1.756,82.051,5.269,0,5439888,145988,182852,2245140,27071.383,9753.808,0,5042.512,0,712.616,3439,4230,0.720,1.450,1.320,2,0,0,0,0,18,318,0,40,0
07-03 05:08:01,9.719,1.745,77.257,8.473,0,5440108,145580,182852,2245328,27507.591,11760.059,0,6336.097,0,402.735,3604,5462,0.720,1.450,1.320,0,0,0,0,0,18,317,0,40,0
07-03 05:08:02,22.092,5.021,65.273,6.778,0,5440964,144576,182852,2245476,9167.321,488.040,0,2016.429,0,262.096,7889,12183,0.720,1.450,1.320,1,0,1.004,0,0,18,317,0,41,0
07-03 05:08:03,22.677,3.987,65.290,6.230,0,5440864,144324,182852,2245828,7146.968,677.816,0,1371.580,0,141.544,7217,10491,0.720,1.450,1.320,1,0,0,0,0,18,318,0,41,0
07-03 05:08:04,21.227,4.745,63.681,7.991,0,5440624,144324,182852,2246068,5710.838,539.418,0,2213.611,0,263.715,7542,11539,0.750,1.440,1.320,0,1,1.998,0,0,18,318,0,38,0
07-03 05:08:05,15.995,3.249,76.727,1.999,0,5440908,143820,182852,2246288,8172.566,539.839,0,1259.625,0,121.964,6042,8995,0.750,1.440,1.320,0,0,1.000,0,0,18,319,0,40,0
07-03 05:08:06,4.501,1.500,91.024,2.251,0,5440848,143820,182852,2246348,5678.519,540.144,0,628.168,0,54.014,2029,2916,0.750,1.440,1.320,0,0,1.000,0,0,18,320,0,40,0
07-03 05:08:07,4.499,0.750,89.486,3.000,0,5441060,143568,182852,2246388,10491.323,539.914,0,623.900,0,50.992,2091,2668,0.750,1.440,1.320,0,0,0,0,0,18,320,0,40,0
07-03 05:08:08,15.566,3.766,70.048,9.289,0,5440972,143568,182852,2246476,7449.672,542.306,0,2703.494,0,291.238,5706,8413,0.750,1.440,1.320,1,0,0,0,0,18,320,0,40,0
07-03 05:08:09,21.417,4.234,55.285,17.432,0,5440696,143568,182852,2246752,5687.833,537.904,0,8184.105,0,576.752,7641,11821,0.930,1.470,1.330,1,0,0,0,0,18,320,0,40,0
07-03 05:08:10,21.833,4.517,68.008,3.764,0,5441776,142308,182852,2246932,8738.109,487.848,64.243,1232.671,4.015,151.574,7473,11168,0.930,1.470,1.330,1,0,0,0,0,18,320,0,40,0
07-03 05:08:11,5.977,1.743,87.167,3.736,0,5443372,140292,182852,2247352,7475.482,537.948,207.210,1291.075,11.954,106.593,2605,4004,0.930,1.470,1.330,0,0,0,0,0,18,319,0,40,0
07-03 05:08:12,11.238,2.497,80.660,3.496,0,5448868,134748,182852,2247400,11470.254,3283.352,0,942.952,0,137.847,3535,5089,0.930,1.470,1.330,0,0,0.999,0,0,18,319,0,44,0
07-03 05:08:13,9.509,2.252,77.076,10.260,0,5449668,133740,182852,2247608,10286.174,3191.156,64.063,5841.778,4.004,160.158,2987,4345,0.930,1.470,1.330,1,1,0,0,0,18,319,0,45,0
07-03 05:08:14,5.269,1.004,90.326,2.258,0,5449576,133740,182852,2247700,11123.177,541.958,0,895.234,0,79.286,2153,3116,0.850,1.440,1.320,2,0,0,0,0,18,320,0,45,0
07-03 05:08:15,14.447,2.740,76.717,3.736,0,5453808,129456,182852,2247752,12013.688,3091.597,0,1462.605,0,159.412,3874,5534,0.850,1.440,1.320,0,0,0,0,0,18,319,0,48,0
07-03 05:08:16,3.509,0.752,90.492,4.011,0,5453052,130196,182852,2247768,3770.064,541.445,0,4724.613,0,670.791,2070,2495,0.850,1.440,1.320,4,0,0,0,0,18,320,0,48,0
07-03 05:08:17,14.707,2.991,77.275,3.988,0,5456956,139460,182540,2235032,27720.329,11906.350,0,1483.682,0,168.510,4250,5680,0.850,1.440,1.320,0,0,0,0,0,18,319,0,52,0
07-03 05:08:18,9.751,2.750,76.508,9.501,0,5455888,140344,182540,2235212,12739.278,2751.276,0,5952.597,0,401.040,3967,6072,0.850,1.440,1.320,0,0,0,0,0,18,319,0,54,0
07-03 05:08:19,11.755,2.001,81.782,3.251,0,5455820,140344,182540,2235280,20161.813,7484.900,0,2220.861,0,132.051,3463,4748,0.870,1.430,1.320,1,0,0,0,0,18,320,0,57,0
07-03 05:08:20,10.749,2.000,82.242,2.250,0,5455784,140344,182540,2235316,19622.115,5052.515,15.998,1311.874,1.000,150.985,3553,5053,0.870,1.430,1.320,0,0,0,0,0,18,319,0,58,0
07-03 05:08:21,3.750,1.000,92.502,2.000,0,5455544,140344,182540,2235556,4860.098,540.011,0,384.008,0,26.001,1564,2172,0.870,1.430,1.320,2,0,0,0,0,18,320,0,58,0
07-03 05:08:22,12.491,2.498,72.695,10.242,0,5455284,140580,182544,2235576,10992.702,3284.521,0,4396.681,0,508.616,3902,5538,0.870,1.430,1.320,0,0,0.999,0,0,18,319,0,63,0
07-03 05:08:23,10.504,2.251,79.781,6.002,0,5455020,140580,182544,2235840,10299.066,3156.246,0,1288.509,0,137.054,3014,4509,0.870,1.430,1.320,0,0,0,0,0,18,320,0,67,0
07-03 05:08:24,6.249,1.750,86.743,3.750,0,5455244,140328,182544,2235868,5795.510,713.940,0,1211.898,0,119.990,2593,3818,1.120,1.480,1.330,0,0,0,0,0,18,319,0,68,0
07-03 05:08:25,3.755,1.001,93.122,1.001,0,5455472,140076,182544,2235892,3710.850,486.636,0,728.953,0,54.071,1711,2425,1.120,1.480,1.330,1,0,0,0,0,18,320,0,68,0
07-03 05:08:26,8.480,2.993,85.548,1.746,0,5449512,213040,181668,2170580,11444.978,538.728,0,1013.607,0,91.783,2938,8729,1.120,1.480,1.330,0,0,35.915,0,0,18,321,0,69,0
07-03 05:08:27,5.256,1.251,91.098,1.001,0,5449720,212788,181672,2170620,4574.912,634.681,12.013,776.834,3.003,84.090,2345,3445,1.120,1.480,1.330,1,0,0,0,0,18,321,0,69,0
07-03 05:08:28,5.768,1.254,90.025,1.505,0,5449700,212788,181672,2170640,9035.552,541.652,0,694.117,0,66.202,2305,3290,1.120,1.480,1.330,0,0,0,0,0,18,321,0,69,0
07-03 05:08:29,11.210,1.744,79.714,4.733,0,5449896,212536,181676,2170692,16985.052,5852.997,0,1626.165,0,184.339,3922,5827,1.030,1.450,1.330,0,0,0,0,0,18,321,0,70,0
07-03 05:08:30,11.502,2.000,71.262,12.002,0,5449696,212536,181684,2170884,15965.637,4962.820,0,7677.268,0,505.083,4598,7091,1.030,1.450,1.330,1,0,0,0,0,18,321,0,73,0
07-03 05:08:31,8.534,1.757,85.339,4.518,0,5450636,211532,181684,2170948,7224.680,542.152,0,791.141,0,88.351,2729,3920,1.030,1.450,1.330,2,0,0,0,0,18,322,0,77,0
07-03 05:08:32,11.457,1.494,80.700,4.483,0,5450564,211532,181684,2171020,30848.471,14033.897,0,1151.724,0,153.430,3452,4923,1.030,1.450,1.330,0,0,0.996,0,0,18,321,0,78,0
07-03 05:08:33,9.249,1.250,85.990,1.750,0,5450552,211280,181684,2171284,7322.145,539.937,15.998,959.888,1.000,109.987,3371,4812,1.030,1.450,1.330,0,0,0,0,0,18,321,0,78,0
07-03 05:08:34,11.251,2.250,79.504,5.250,0,5450696,211028,181684,2171392,12108.550,3286.149,16.001,1312.060,1.000,156.007,3915,5603,0.940,1.430,1.320,0,0,0,0,0,18,321,0,81,0
07-03 05:08:35,8.253,2.001,83.776,4.501,0,5450620,211028,181684,2171468,7556.343,3188.989,0,1020.316,0,132.041,3071,4410,0.940,1.430,1.320,0,0,0,0,0,18,321,0,82,0
07-03 05:08:36,5.520,0.502,91.332,1.255,0,5450568,211028,181684,2171520,7266.436,541.972,0,907.301,0,75.274,2294,3265,0.940,1.430,1.320,0,1,0,0,0,18,322,0,83,0
07-03 05:08:37,6.473,1.245,87.630,2.241,0,5450388,211028,181684,2171700,11692.616,2739.430,0,1186.987,0,118.500,2904,4339,0.940,1.430,1.320,2,0,0,0,0,18,321,0,74,0
07-03 05:08:38,15.003,2.000,80.268,2.501,0,5450304,211028,181684,2171784,30519.679,11865.597,0,1388.304,0,163.036,3871,5265,0.940,1.430,1.320,1,0,0,0,0,18,321,0,76,0
07-03 05:08:39,17.511,4.753,70.295,4.503,0,5453548,207776,181684,2171792,5397.470,540.347,0,2365.521,0,281.181,7796,12615,1.030,1.440,1.320,3,1,1.001,0,0,18,322,0,79,0
07-03 05:08:40,22.784,5.258,52.578,18.027,0,5453280,207524,181684,2172312,3373.008,486.723,0,10595.730,0,717.065,8290,13240,1.030,1.440,1.320,3,2,1.001,0,0,18,323,0,79,0
07-03 05:08:41,23.550,4.009,62.132,7.766,0,5452980,207272,181684,2172864,9039.200,541.149,260.553,3234.871,17.036,274.583,8495,13250,1.030,1.440,1.320,1,0,0,0,0,18,322,0,77,0
07-03 05:08:42,8.957,2.239,83.594,3.483,0,5452876,207272,181688,2172964,8161.409,537.393,0,1711.696,0,158.232,3899,5723,1.030,1.440,1.320,0,0,0.995,0,0,18,321,0,77,0
07-03 05:08:43,12.005,3.251,71.528,10.504,0,5453332,206664,181688,2173116,12847.001,3291.281,164.064,5442.118,11.004,604.235,4497,6083,1.030,1.440,1.320,0,0,6.002,0,0,18,321,0,80,0
07-03 05:08:44,9.258,2.002,79.316,7.756,0,5453028,206664,181692,2173416,10918.114,3279.738,16.013,2293.915,1.001,204.170,3617,5670,1.030,1.430,1.320,1,0,0,0,0,18,322,0,81,0
07-03 05:08:45,10.787,2.509,75.508,10.285,0,5452980,206664,181692,2173464,27464.864,11943.819,0,6859.443,0,427.461,3573,5009,1.030,1.430,1.320,1,0,0,0,0,18,323,0,76,0
07-03 05:08:46,12.945,1.743,74.685,8.713,0,5452888,206664,181692,2173556,32859.321,9900.217,0,1338.352,0,151.361,4147,5866,1.030,1.430,1.320,0,0,0,0,0,18,321,0,79,0
07-03 05:08:47,13.756,2.251,76.531,5.752,0,5453080,206440,181692,2173588,26446.712,9692.926,0,1340.543,0,157.064,3859,5201,1.030,1.430,1.320,1,0,0,0,0,18,322,0,83,0
07-03 05:08:48,8.246,1.999,75.966,12.994,0,5453332,205992,181692,2173784,7984.405,2790.744,15.993,3550.402,1.000,541.756,3271,4255,1.030,1.430,1.320,0,2,0,0,0,18,322,0,83,0
07-03 05:08:49,20.603,4.774,59.296,13.317,0,5455736,203232,181692,2174140,7579.854,542.710,0,4301.482,0,473.364,7230,10660,1.270,1.470,1.330,4,0,0,0,0,18,322,0,80,0
07-03 05:08:50,20.908,4.231,64.467,8.214,0,5456312,202476,181696,2174316,7090.901,537.642,0,3727.651,0,353.450,7348,11198,1.270,1.470,1.330,2,0,0,0,0,18,322,0,81,0
07-03 05:08:51,20.499,4.750,60.497,12.249,0,5456956,201748,181696,2174400,7428.587,539.970,31.998,7107.604,1.000,483.973,7755,11637,1.270,1.470,1.330,0,1,0,0,0,18,322,0,81,0
07-03 05:08:52,20.248,4.750,61.495,10.749,0,5454916,203268,181700,2174916,5705.500,539.953,0,3019.735,0,338.970,7886,12426,1.270,1.470,1.330,1,2,1.000,0,0,18,322,0,82,0
07-03 05:08:53,20.819,4.515,64.463,8.277,0,5455812,202260,181704,2175024,9091.019,541.789,0,2484.203,0,233.772,7115,10797,1.270,1.470,1.330,4,0,0,0,0,18,322,0,80,0
07-03 05:08:54,24.227,4.496,64.688,4.745,0,5456284,201504,181704,2175308,7403.918,539.484,0,2729.389,0,260.751,8003,12058,1.320,1.480,1.340,3,0,0,0,0,18,322,0,84,0
07-03 05:08:55,21.195,4.738,58.846,13.215,0,5455936,201504,181704,2175656,6005.287,484.732,0,3351.232,0,396.961,7815,12535,1.320,1.480,1.340,2,0,0,0,0,18,322,0,84,0
07-03 05:08:56,22.026,4.255,57.568,13.766,0,5457100,200244,181716,2175740,4913.816,540.640,0,8690.287,0,566.671,8083,12641,1.320,1.480,1.340,1,0,0,0,0,18,323,0,86,0
07-03 05:08:57,7.241,1.498,85.646,3.496,0,5457108,199992,181716,2175984,8066.204,539.345,0,2045.516,0,172.790,3476,5323,1.320,1.480,1.340,1,0,0,0,0,18,321,0,87,0
07-03 05:08:58,6.749,1.250,89.488,2.000,0,5457068,199992,181716,2176024,5476.255,539.927,0,899.878,0,97.987,2505,3740,1.320,1.480,1.340,0,0,0,0,0,18,321,0,82,0
07-03 05:08:59,11.253,2.501,78.770,4.501,0,5457800,199236,181716,2176048,16041.088,3278.836,0,1424.363,0,170.043,4002,5835,1.380,1.490,1.340,0,0,0,0,0,18,321,0,85,0
07-03 05:09:00,10.546,1.255,84.866,2.260,0.251,5457828,198984,181716,2176272,7829.785,682.947,0,654.826,0,48.208,2899,3849,1.380,1.490,1.340,1,0,0,0,0,18,322,0,91,0
07-03 05:09:01,10.203,1.742,80.877,5.226,0,5457768,198984,181716,2176332,32596.704,11931.984,0,1465.244,0,166.234,3377,4712,1.380,1.490,1.340,2,0,0,0,0,18,322,0,91,0
07-03 05:09:02,8.753,1.751,87.532,0.750,0,5457968,198732,181720,2176380,24190.890,9787.597,0,788.290,0,72.026,2562,3437,1.380,1.490,1.340,0,0,1.000,0,0,18,321,0,89,0
07-03 05:09:03,9.248,1.000,83.235,3.499,0,5457980,198480,181720,2176620,4172.264,485.914,0,1195.789,0,125.978,3543,5218,1.380,1.490,1.340,2,0,0,0,0,18,321,0,91,0
07-03 05:09:04,10.762,3.003,74.835,10.762,0,5457776,198664,181728,2176632,8625.818,680.775,0,5338.076,0,890.013,3917,4920,1.430,1.500,1.350,1,0,2.002,0,0,18,322,0,94,0
07-03 05:09:05,7.732,2.245,79.562,7.482,0,5455788,200536,181728,2176748,11614.550,3131.599,0,5730.456,0,377.109,3503,5374,1.430,1.500,1.350,1,1,0,0,0,18,322,0,95,0
07-03 05:09:06,7.253,1.251,85.785,3.251,0,5455732,200536,181728,2176804,10764.356,3279.327,0,1476.598,0,134.054,3066,4757,1.430,1.500,1.350,2,0,0,0,0,18,321,0,94,0
07-03 05:09:07,7.252,1.000,87.273,3.751,0,5455568,200536,181728,2176968,8222.184,540.143,0,996.265,0,99.026,2615,3727,1.430,1.500,1.350,0,0,0,0,0,18,321,0,95,0
07-03 05:09:08,6.752,1.750,88.021,2.501,0,5455564,200536,181728,2176972,5398.297,540.130,0,812.195,0,72.017,2512,3731,1.430,1.500,1.350,0,0,0,0,0,18,321,0,98,0
07-03 05:09:09,12.303,1.506,81.098,3.264,0,5455480,200536,181728,2177056,15608.944,5115.941,0,1100.721,0,122.525,3563,4828,1.710,1.560,1.370,2,1,0,0,0,18,321,0,104,0
07-03 05:09:10,13.944,2.241,62.995,18.675,0,5456136,199808,181728,2177128,24456.196,9818.334,0,5521.692,0,559.739,5381,6688,1.710,1.560,1.370,0,1,0,0,0,18,322,0,105,0
07-03 05:09:11,21.817,4.765,61.189,10.532,0,5456084,199556,181728,2177432,5004.425,487.503,0,4818.853,0,360.110,7842,12229,1.710,1.560,1.370,1,0,0,0,0,18,322,0,105,0
07-03 05:09:12,21.942,4.987,65.078,5.485,0.249,5457140,197796,181728,2178136,7465.222,580.462,0,3211.492,0,268.289,8133,12225,1.710,1.560,1.370,2,0,0.997,0,0,18,323,0,106,0
07-03 05:09:13,6.489,1.997,81.860,7.238,0,5457068,197796,181728,2178208,6287.238,539.077,0,6053.637,0,416.287,3472,5734,1.710,1.560,1.370,0,0,0,0,0,18,321,0,106,0
07-03 05:09:14,12.267,2.503,73.101,10.264,0,5457040,197544,181728,2178488,10313.199,3286.525,0,3164.357,0,251.346,4431,6688,1.580,1.530,1.360,0,0,0,0,0,18,321,0,104,0
07-03 05:09:15,5.749,1.250,87.737,3.000,0.250,5457280,197292,181728,2178500,7629.865,539.920,0,1427.788,0,77.988,2387,3546,1.580,1.530,1.360,2,0,0,0,0,18,322,0,105,0
07-03 05:09:16,13.251,2.250,78.753,4.750,0,5457060,197292,181728,2178720,20750.879,8145.345,0,1300.055,0,129.005,3689,5335,1.580,1.530,1.360,0,0,0,0,0,18,321,0,108,0
07-03 05:09:17,8.993,1.499,85.934,1.749,0,5457060,197292,181728,2178720,10766.777,2640.983,0,827.368,0,59.954,2745,3688,1.580,1.530,1.360,0,0,0,0,0,18,322,0,115,0
07-03 05:09:18,12.305,1.004,82.368,2.511,0,5456952,197292,181732,2178824,22820.068,8771.231,0,1370.128,0,153.687,3216,4728,1.580,1.530,1.360,1,0,0,0,0,18,323,0,109,0
07-03 05:09:19,7.717,0.996,86.625,2.489,0,5458440,195276,181732,2179352,25032.547,10311.327,505.809,597.412,10.953,34.849,1937,2343,1.530,1.520,1.360,0,0,0,0,0,18,323,0,110,0
07-03 05:09:20,9.482,1.996,83.595,3.494,0,5458400,195276,181732,2179392,28155.689,10047.333,0,1141.878,0,127.763,2987,4035,1.530,1.520,1.360,1,0,0,0,0,18,322,0,110,0
07-03 05:09:21,18.594,4.523,58.043,18.091,0,5458576,195008,181732,2179484,5337.979,542.743,0,6882.786,0,877.435,7455,10670,1.530,1.520,1.360,4,0,0,0,0,18,322,0,111,0
07-03 05:09:22,19.457,4.490,58.621,14.717,0.249,5458812,194252,181732,2180000,7892.568,538.810,0,7323.824,0,528.832,7403,11607,1.530,1.520,1.360,0,1,0.998,0,0,18,322,0,103,0
07-03 05:09:23,22.741,4.248,64.225,6.747,0,5460272,192740,181732,2180052,7670.027,539.791,0,3618.598,0,310.880,7877,11785,1.530,1.520,1.360,0,0,0,0,0,18,321,0,104,0
07-03 05:09:24,3.264,1.004,93.901,0.753,0,5460416,192488,181732,2180160,7371.454,542.314,0,614.623,0,40.171,1666,2302,1.410,1.500,1.350,1,0,0,0,0,18,322,0,104,0
07-03 05:09:25,12.207,2.242,79.218,4.733,0,5460212,192488,181732,2180364,24778.805,9749.299,0,1355.177,0,132.528,3924,5400,1.410,1.500,1.350,0,1,0,0,0,18,321,0,106,0
07-03 05:09:26,21.251,5.500,62.752,8.000,0,5476848,175668,181732,2180548,5315.144,486.013,76.002,2132.058,2.000,268.007,7393,21775,1.410,1.500,1.350,2,0,36.001,0,0,18,322,0,101,0
07-03 05:09:27,22.252,4.500,61.006,10.251,0,5476764,175444,181732,2180856,3955.402,634.064,0,3980.405,0,387.039,7702,12097,1.410,1.500,1.350,2,0,0,0,0,18,322,0,101,0
07-03 05:09:28,22.328,5.519,58.204,12.544,0,5476744,175192,181732,2181128,7951.804,541.895,0,7470.119,0,512.793,8297,12715,1.410,1.500,1.350,5,1,0,0,0,18,322,0,104,0
07-03 05:09:29,5.725,1.245,87.873,2.489,0,5476676,175192,181732,2181196,10645.318,3289.882,0,1449.779,0,138.406,2746,4325,1.290,1.470,1.340,0,0,0,0,0,18,321,0,105,0
07-03 05:09:30,13.012,2.002,77.819,5.255,0,5476448,175192,181732,2181424,12455.114,3441.071,0,1525.361,0,179.160,4199,6079,1.290,1.470,1.340,2,0,0,0,0,18,321,0,102,0
07-03 05:09:31,12.492,1.999,80.197,3.997,0,5476952,174688,181732,2181424,10126.278,3129.922,0,1299.138,0,145.903,3611,5184,1.290,1.470,1.340,1,0,0,0,0,18,322,0,104,0
07-03 05:09:32,5.000,1.250,88.242,4.250,0,5476844,174688,181732,2181532,10592.011,713.933,0,1011.905,0,80.992,2250,3199,1.290,1.470,1.340,0,1,1.000,0,0,18,322,0,104,0
07-03 05:09:33,10.245,2.249,77.708,7.746,0,5476776,174688,181732,2181600,11359.905,3305.227,31.983,1675.101,0.999,180.903,3841,5760,1.290,1.470,1.340,0,0,0,0,0,18,321,0,105,0
07-03 05:09:34,16.766,4.754,70.817,6.506,0,5477392,165420,181736,2190248,15600.690,5068.773,920.867,2013.896,131.123,196.185,4212,5179,1.350,1.480,1.350,1,2,2.002,0,0,18,322,0,97,0
07-03 05:09:35,10.502,1.750,73.515,12.252,0,5468288,174652,181736,2190120,17824.545,8664.723,0,6497.292,0,813.162,3957,4488,1.350,1.480,1.350,0,0,0,0,0,18,324,0,97,0
07-03 05:09:36,9.248,2.249,73.983,12.247,0,5468108,174652,181736,2190300,30967.794,10416.576,0,6878.399,0,433.899,3886,5758,1.350,1.480,1.350,1,0,0,0,0,18,324,0,97,0
07-03 05:09:37,13.245,1.249,77.718,5.748,0,5468068,174652,181736,2190340,33684.268,12056.085,0,2383.029,0,141.942,3891,5314,1.350,1.480,1.350,0,0,0,0,0,18,323,0,97,0
07-03 05:09:38,13.005,2.251,82.034,1.751,0,5467980,174652,181736,2190428,30662.699,11801.888,0,1420.588,0,165.068,3744,5103,1.350,1.480,1.350,0,0,0,0,0,18,323,0,91,0
07-03 05:09:39,16.312,3.262,75.287,3.513,0,5468072,174400,181736,2190588,5445.737,542.064,0,1718.544,0,212.810,5995,9141,1.320,1.470,1.340,1,0,0,0,0,18,324,0,91,0
07-03 05:09:40,23.761,5.503,59.777,8.504,0,5472892,169136,181736,2191028,9820.502,540.248,0,3249.490,0,368.169,9915,16567,1.320,1.470,1.340,3,1,2.001,0,0,18,324,0,91,0
07-03 05:09:41,23.175,4.236,65.537,5.482,0,5473988,167624,181736,2191444,5086.477,538.252,95.689,2739.102,4.984,295.042,7922,11687,1.320,1.470,1.340,1,0,0,0,0,18,324,0,94,0
07-03 05:09:42,23.003,5.001,59.007,11.751,0,5474056,167120,181736,2191880,4565.540,486.057,0,6800.804,0,519.061,8416,12780,1.320,1.470,1.340,2,0,1.000,0,0,18,325,0,99,0
07-03 05:09:43,19.762,4.753,60.535,12.007,0,5475228,165608,181740,2192216,8164.757,540.315,0,3838.236,0,368.215,7300,11301,1.320,1.470,1.340,2,0,6.003,0,0,18,324,0,94,0
07-03 05:09:44,22.508,4.752,66.024,5.502,0,5475424,165356,181740,2192272,7506.732,540.197,0,2412.878,0,229.083,8009,11815,1.300,1.460,1.340,1,0,0,0,0,18,324,0,94,0
07-03 05:09:45,16.214,2.993,73.588,5.239,0,5475872,164600,181740,2192580,12431.711,5239.499,0,2179.216,0,204.551,5393,7963,1.300,1.460,1.340,0,0,0,0,0,18,324,0,97,0
07-03 05:09:46,12.745,1.749,78.718,5.248,0,5475920,164348,181740,2192784,30318.851,10456.810,0,2243.101,0,179.928,3869,5256,1.300,1.460,1.340,0,0,0,0,0,18,323,0,97,0
07-03 05:09:47,8.253,1.751,81.780,6.752,0,5476152,164096,181740,2192804,7797.816,540.195,0,2044.738,0,175.063,3154,4629,1.300,1.460,1.340,5,0,0,0,0,18,324,0,91,0
07-03 05:09:48,4.248,1.249,82.212,9.745,0,5476072,164096,181740,2192884,12850.004,3201.506,0,6233.091,0,379.823,2596,4350,1.300,1.460,1.340,0,0,0,0,0,18,323,0,92,0
07-03 05:09:49,8.250,1.250,85.500,3.250,0,5476288,163844,181740,2192920,9565.003,2697.001,0,940.000,0,94.000,2897,4110,1.190,1.440,1.330,0,0,0,0,0,18,323,0,92,0
07-03 05:09:50,9.750,2.250,82.503,4.500,0,5476348,163592,181740,2193112,7673.309,3203.129,0,1068.043,0,115.005,3278,4730,1.190,1.440,1.330,0,0,0,0,0,18,323,0,93,0
07-03 05:09:51,6.499,1.750,88.493,1.250,0,5476332,163592,181740,2193128,11382.040,2750.768,0,887.925,0,76.994,2605,3637,1.190,1.440,1.330,0,0,0,0,0,18,323,0,88,0
07-03 05:09:52,8.244,1.749,84.691,3.997,0,5476344,163340,181740,2193368,8943.804,3201.782,0,8913.825,0,141.902,3013,4523,1.190,1.440,1.330,0,0,0.999,0,0,18,323,0,89,0
07-03 05:09:53,6.005,1.501,89.580,1.752,0,5476284,163340,181740,2193428,7484.698,2579.308,0,784.702,0,61.055,2117,3080,1.190,1.440,1.330,0,0,0,0,0,18,324,0,90,0
07-03 05:09:54,6.282,1.256,88.455,3.769,0,5476244,163340,181740,2193468,10665.805,717.688,0,1033.310,0,106.547,2389,3440,1.180,1.430,1.330,1,0,0,0,0,18,324,0,90,0
07-03 05:09:55,6.468,1.244,87.073,2.985,0,5476232,163340,181740,2193528,13409.314,3187.387,0,1202.111,0,131.357,2865,4204,1.180,1.430,1.330,1,0,0,0,0,18,323,0,83,0
07-03 05:09:56,8.499,1.750,83.245,4.750,0,5476184,163340,181740,2193576,11176.290,2816.821,0,1331.915,0,133.991,3398,4937,1.180,1.430,1.330,0,0,0,0,0,18,323,0,84,0
07-03 05:09:57,11.746,2.499,78.722,5.748,0,5476604,162864,181740,2193632,9190.772,2696.053,0,3842.651,0,375.868,4043,5876,1.180,1.430,1.330,1,0,0,0,0,18,323,0,84,0
07-03 05:09:58,9.293,2.009,76.853,10.548,0,5476368,162864,181740,2193868,12433.155,4892.491,0,6176.393,0,401.847,3639,5703,1.180,1.430,1.330,0,0,0,0,0,18,324,0,84,0
07-03 05:09:59,12.199,1.992,79.666,3.983,0,5476700,162360,181740,2194040,25869.669,7567.311,0,975.913,0,102.570,4015,5659,1.160,1.430,1.330,1,0,0,0,0,18,324,0,81,0
07-03 05:10:00,23.554,5.513,59.887,8.770,0,5476584,162360,181740,2194156,7437.040,541.240,0,3183.294,0,369.847,8584,13188,1.160,1.430,1.330,2,0,0,0,0,18,324,0,81,0
07-03 05:10:01,22.489,3.998,67.216,3.748,0,5478072,160596,181740,2194432,8092.944,539.729,0,2062.966,0,178.910,7577,11260,1.160,1.430,1.330,1,0,0,0,0,18,325,0,82,0
07-03 05:10:02,8.233,2.245,80.582,7.235,0,5478048,160344,181740,2194708,6184.089,538.875,15.967,2646.475,0.998,219.542,3565,5562,1.160,1.430,1.330,0,0,0.998,0,0,18,323,0,83,0
07-03 05:10:03,14.254,2.501,70.521,11.003,0,5478128,160092,181740,2194880,7133.104,540.159,0,2320.684,0,251.074,4764,7209,1.160,1.430,1.330,0,0,0,0,0,18,323,0,73,0
07-03 05:10:04,5.274,1.758,83.385,8.037,0,5477916,160092,181740,2195092,8676.016,488.252,0,4424.407,0,259.195,2530,3727,1.150,1.420,1.330,1,0,2.009,0,0,18,323,0,74,0
07-03 05:10:05,20.451,4.489,61.851,9.477,0,5477988,159644,181752,2195460,3440.718,608.535,75.817,4157.991,9.976,373.102,7648,11718,1.150,1.420,1.330,1,0,1.995,0,0,18,324,0,75,0
07-03 05:10:06,23.474,5.244,61.683,8.990,0,5477764,159644,181756,2195676,3618.049,539.411,0,4263.344,0,408.554,8584,13226,1.150,1.420,1.330,3,0,0,0,0,18,324,0,75,0
07-03 05:10:07,18.744,4.999,57.483,16.495,0,5477444,159644,181756,2195996,9050.295,539.839,0,7253.832,0,426.872,7171,10450,1.150,1.420,1.330,1,0,0,0,0,18,324,0,71,0
07-03 05:10:08,19.300,4.010,62.913,13.034,0,5477372,159644,181756,2196068,5794.008,541.402,0,2390.191,0,247.641,6393,9667,1.150,1.420,1.330,2,0,0,0,0,18,324,0,71,0
07-03 05:10:09,19.250,4.750,60.251,13.000,0,5477064,159644,181760,2196372,8441.177,540.011,0,7744.163,0,526.011,7357,11160,1.140,1.410,1.330,1,0,0,0,0,18,323,0,72,0
07-03 05:10:10,14.694,2.490,80.193,1.743,0,5477240,159392,181760,2196448,9788.475,537.938,0,964.303,0,90.652,5116,7512,1.140,1.410,1.330,1,0,0,0,0,18,323,0,73,0
07-03 05:10:11,12.542,3.010,77.009,5.769,0,5477280,159140,181760,2196660,9157.824,541.824,0,1448.877,0,153.517,4912,7282,1.140,1.410,1.330,0,1,0,0,0,18,324,0,63,0
07-03 05:10:12,19.933,3.987,62.041,11.711,0,5477212,158888,181760,2196980,6514.050,526.227,0,3380.608,0,365.767,7398,11306,1.140,1.410,1.330,1,0,0.997,0,0,18,324,0,63,0
07-03 05:10:13,22.260,5.002,65.281,5.503,0,5477216,158636,181760,2197228,5049.366,540.253,0,2245.052,0,230.108,8020,11931,1.140,1.410,1.330,1,0,0,0,0,18,324,0,63,0
07-03 05:10:14,20.509,5.002,64.529,7.753,0,5477276,158384,181764,2197416,3105.373,540.239,0,3161.398,0,351.155,8281,12966,1.210,1.420,1.330,4,0,0,0,0,18,324,0,64,0
07-03 05:10:15,18.503,4.251,57.010,18.003,0,5477068,158384,181764,2197624,8960.506,540.091,0,8713.464,0,628.106,7245,11469,1.210,1.420,1.330,3,0,0,0,0,18,324,0,59,0
07-03 05:10:16,24.001,4.750,64.752,4.250,0,5477284,157880,181764,2197912,8716.301,540.019,0,2556.088,0,241.008,8766,13281,1.210,1.420,1.330,3,0,0,0,0,18,324,0,60,0
07-03 05:10:17,20.265,3.503,64.049,10.008,0,5477512,157376,181768,2198184,7587.803,540.413,16.012,2918.232,1.001,269.206,7126,10588,1.210,1.420,1.330,1,1,0,0,0,18,323,0,62,0
07-03 05:10:18,5.765,1.253,89.240,2.005,0,5477408,157376,181768,2198288,11617.220,3410.164,0,1375.697,0,104.280,2301,3285,1.210,1.420,1.330,1,0,0,0,0,18,324,0,62,0
07-03 05:10:19,12.447,1.494,79.659,5.477,0,5477624,157124,181768,2198324,31256.305,11812.474,0,1704.708,0,139.404,3340,4603,1.110,1.400,1.320,1,0,0,0,0,18,323,0,48,0
07-03 05:10:20,11.252,2.250,80.013,4.501,0,5477748,156872,181768,2198452,8702.386,3214.512,0,1436.229,0,149.024,3744,5432,1.110,1.400,1.320,0,0,0,0,0,18,323,0,50,0
07-03 05:10:21,10.020,2.004,84.418,3.507,0,5478000,156620,181768,2198452,4898.773,541.079,16.032,1358.711,1.002,153.306,3573,5187,1.110,1.400,1.320,1,0,0,0,0,18,324,0,50,0
07-03 05:10:22,10.727,2.495,69.853,13.971,0,5478240,156116,181768,2198716,11723.326,2571.588,0,6534.247,0,427.101,4272,6674,1.110,1.400,1.320,1,0,0.998,0,0,18,324,0,50,0
07-03 05:10:23,8.258,1.752,85.584,3.003,0,5478700,155640,181768,2198732,28519.965,10165.968,0,5137.037,0,289.284,2832,3613,1.110,1.400,1.320,1,0,0,0,0,18,324,0,50,0
07-03 05:10:24,19.232,4.246,64.439,9.491,0,5478564,155640,181768,2198868,5889.434,539.490,0,2625.519,0,338.680,7485,12015,1.180,1.410,1.330,2,0,0,0,0,18,324,0,48,0
07-03 05:10:25,22.055,3.759,60.901,11.529,0,5478584,155388,181768,2199100,7326.154,541.341,0,3480.625,0,353.877,7757,12109,1.180,1.410,1.330,3,0,0,0,0,18,324,0,49,0
07-03 05:10:26,22.447,6.485,51.877,17.209,0,5514304,168560,181284,2150728,5752.325,538.719,0,7542.070,0,538.719,7646,17768,1.180,1.410,1.330,1,0,35.915,0,0,18,324,0,51,0
07-03 05:10:27,24.498,4.500,65.994,3.500,0,5510728,171896,181288,2151172,11279.912,3191.692,0,1935.813,0,239.977,8210,12314,1.180,1.410,1.330,0,0,0,0,0,18,324,0,55,0
07-03 05:10:28,5.503,1.751,84.795,6.003,0,5509928,172672,181288,2151196,7080.727,660.348,0,4330.280,0,419.221,2903,4065,1.180,1.410,1.330,1,0,0,0,0,18,324,0,51,0
07-03 05:10:29,19.236,2.498,70.200,6.495,0,5508516,173556,181288,2151724,26403.336,11614.790,439.689,1814.717,14.989,188.866,5310,7582,1.170,1.400,1.330,0,0,0,0,0,18,324,0,52,0
07-03 05:10:30,12.265,2.253,78.348,4.506,0,5508364,173672,181292,2151756,9696.094,780.974,32.040,1718.143,1.001,195.244,4982,7435,1.170,1.400,1.330,2,0,0,0,0,18,325,0,52,0
07-03 05:10:31,21.326,5.018,60.214,12.043,0,5508524,173196,181292,2152072,9239.822,541.925,0,3913.903,0,408.451,7780,11852,1.170,1.400,1.330,1,0,0,0,0,18,324,0,53,0
07-03 05:10:32,22.495,4.249,59.237,12.247,0,5509532,171936,181292,2152324,4749.956,539.881,0,7602.329,0,496.891,8280,12961,1.170,1.400,1.330,1,0,1.000,0,0,18,324,0,46,0
07-03 05:10:33,14.433,2.986,72.661,7.216,0,5508888,172224,181292,2152680,12622.083,3308.556,0,1974.782,0,228.931,5894,9240,1.170,1.400,1.330,0,0,0,0,0,18,323,0,47,0
07-03 05:10:34,12.010,1.751,79.818,5.254,0,5509140,171972,181292,2152680,23833.229,9236.840,0,1309.111,0,108.092,3166,4262,1.070,1.380,1.320,0,0,0,0,0,18,324,0,47,0
07-03 05:10:35,20.208,1.746,72.349,3.243,0,5509052,171884,181292,2152856,60199.594,25840.170,0,1265.364,0,137.713,4410,5459,1.070,1.380,1.320,2,0,0,0,0,18,324,0,47,0
07-03 05:10:36,18.084,1.758,76.105,4.019,0,5510048,170876,181292,2152868,61460.762,25772.248,0,952.444,0,99.464,3561,4276,1.070,1.380,1.320,2,0,0,0,0,18,325,0,46,0
07-03 05:10:37,13.705,2.243,78.243,3.489,0,5510484,170148,181292,2153160,36063.531,16519.733,0,1550.905,0,160.473,3656,4951,1.070,1.380,1.320,1,0,0,0,0,18,323,0,47,0
07-03 05:10:38,19.091,4.019,69.582,5.778,0,5510684,169896,181292,2153212,7161.190,542.590,0,3693.635,0,259.238,6866,10525,1.070,1.380,1.320,0,1,0,0,0,18,324,0,47,0
07-03 05:10:39,18.423,3.983,58.753,15.933,0,5510600,169420,181292,2153772,5430.216,537.744,0,8799.081,0,634.338,7615,12238,1.070,1.370,1.320,1,0,0,0,0,18,324,0,48,0
07-03 05:10:40,21.776,4.005,67.080,5.006,0,5512804,167164,181292,2153824,6900.276,540.648,0,1657.989,0,181.217,7562,11122,1.070,1.370,1.320,0,2,0,0,0,18,324,0,50,0
07-03 05:10:41,7.737,1.997,79.861,7.986,0,5512776,166912,181292,2154104,11137.643,3277.304,0,1689.064,0,181.684,3487,5372,1.070,1.370,1.320,0,0,0,0,0,18,323,0,52,0
07-03 05:10:42,15.256,3.752,76.282,3.752,0,5514684,164908,181292,2154200,26830.111,9589.972,28.012,1432.593,2.001,158.065,5645,8540,1.070,1.370,1.320,0,0,2.001,0,0,18,323,0,52,0
07-03 05:10:43,12.753,3.001,79.016,3.251,0,5514516,164908,181292,2154368,19840.046,6971.422,8.002,1280.261,2.000,134.027,3845,5045,1.070,1.370,1.320,1,0,6.001,0,0,18,324,0,55,0
07-03 05:10:44,12.001,1.750,75.504,8.500,0,5513508,165736,181296,2154544,15555.845,5577.303,0,5468.297,0,359.020,4592,6306,1.060,1.360,1.310,2,0,1.000,0,0,18,324,0,47,0
07-03 05:10:45,28.873,5.021,56.742,8.787,0,5513284,165736,181296,2154768,24122.903,9627.067,0,3731.920,0,408.744,8559,13370,1.060,1.360,1.310,0,1,1.004,0,0,18,324,0,47,0
07-03 05:10:46,21.212,4.742,55.652,16.471,0,5507992,170760,181300,2155032,8174.546,539.047,31.944,8205.492,0.998,552.024,8322,12898,1.060,1.360,1.310,2,0,0,0,0,18,324,0,48,0
07-03 05:10:47,16.693,3.239,66.524,10.714,0,5508916,169528,181300,2155340,10744.514,3254.947,0,1909.516,0,207.296,5740,8421,1.060,1.360,1.310,1,0,0,0,0,18,323,0,49,0
07-03 05:10:48,7.251,1.000,85.260,4.250,0,5508452,169984,181300,2155348,11570.314,2577.293,0,2148.244,0,106.012,2496,3501,1.060,1.360,1.310,0,0,0,0,0,18,324,0,43,0
07-03 05:10:49,13.804,2.008,76.799,5.772,0,5508628,169732,181300,2155424,26339.542,9798.145,0,1369.331,0,140.547,4176,5937,1.060,1.360,1.310,2,0,0,0,0,18,324,0,43,0
07-03 05:10:50,19.766,4.254,59.299,15.012,0,5508800,169284,181300,2155700,6981.796,582.484,0,6033.008,0,603.501,7123,11081,1.060,1.360,1.310,2,0,0,0,0,18,324,0,44,0
07-03 05:10:51,23.896,4.232,63.972,6.223,0,5508668,169028,181300,2156088,5010.206,483.895,7.965,2803.804,1.991,251.904,8125,12257,1.060,1.360,1.310,2,0,0,0,0,18,324,0,45,0
07-03 05:10:52,22.755,5.251,64.514,5.501,0,5508752,168780,181300,2156252,5706.230,540.116,0,2756.594,0,305.066,8136,12509,1.060,1.360,1.310,1,0,1.000,0,0,18,324,0,44,0
07-03 05:10:53,22.000,4.750,58.250,13.000,0,5508648,168556,181300,2156580,5976.044,540.004,0,9504.069,0,668.005,8427,13570,1.060,1.360,1.310,1,0,0,0,0,18,324,0,45,0
07-03 05:10:54,19.992,3.749,65.725,7.247,0,5508692,167548,181300,2157544,7803.992,539.792,0,2826.910,0,216.916,7223,10830,1.130,1.370,1.320,0,1,0,0,0,18,323,0,47,0
07-03 05:10:55,6.251,1.750,84.264,6.751,0,5508456,167548,181300,2157780,9057.498,3279.542,0,1844.305,0,147.024,2729,4140,1.130,1.370,1.320,2,0,0,0,0,18,324,0,47,0
07-03 05:10:56,7.750,1.500,85.248,3.250,0,5508500,167324,181300,2157960,12063.768,3219.938,0,1819.965,0,186.996,3171,4688,1.130,1.370,1.320,2,0,0,0,0,18,323,0,44,0
07-03 05:10:57,12.746,1.749,77.223,6.748,0,5508676,167072,181300,2158036,8648.989,2750.042,0,1523.470,0,150.947,4041,5726,1.130,1.370,1.320,0,0,0,0,0,18,323,0,45,0
07-03 05:10:58,11.005,1.251,83.535,2.751,0,5508912,166820,181300,2158052,23109.604,8657.598,0,1436.597,0,143.059,3280,4593,1.130,1.370,1.320,1,0,0,0,0,18,324,0,45,0
07-03 05:10:59,9.772,3.257,73.919,10.775,0,5508800,166820,181300,2158164,16941.734,3637.316,0,6061.859,0,460.052,4552,7331,1.200,1.380,1.320,0,1,0,0,0,18,324,0,45,0
07-03 05:11:00,22.447,4.988,60.358,10.475,0,5508808,166568,181300,2158408,5013.215,538.734,0,4202.122,0,458.921,7918,12224,1.200,1.380,1.320,0,2,0,0,0,18,324,0,45,0
07-03 05:11:01,21.022,4.004,63.067,10.261,0,5508996,166140,181300,2158648,10269.951,540.576,16.017,5449.811,1.001,485.518,7909,11449,1.200,1.380,1.320,1,0,0,0,0,18,324,0,48,0
07-03 05:11:02,21.960,5.490,61.886,9.233,0,5509516,165384,181300,2158880,4858.043,678.749,15.971,2607.193,0.998,261.518,7518,11280,1.200,1.380,1.320,2,0,3.993,0,0,18,324,0,52,0
07-03 05:11:03,5.771,0.753,88.817,2.760,0,5509392,165384,181300,2159052,8258.511,3182.372,0,1413.049,0,111.398,2301,3423,1.200,1.380,1.320,1,0,0,0,0,18,324,0,52,0
07-03 05:11:04,9.472,1.745,81.513,5.484,0,5509336,165384,181300,2159108,30683.687,11828.570,0,1822.695,0,155.547,3198,4504,1.100,1.360,1.310,0,0,1.994,0,0,18,323,0,53,0
07-03 05:11:05,20.266,4.253,66.052,7.006,0,5509520,165132,181300,2159176,5919.666,540.426,0,3302.603,0,371.293,7736,12007,1.100,1.360,1.310,5,0,0,0,0,18,324,0,49,0
07-03 05:11:06,19.246,4.499,54.738,19.246,0,5509412,164880,181300,2159536,7570.388,539.885,0,10289.809,0,750.840,7533,12374,1.100,1.360,1.310,2,0,0,0,0,18,324,0,50,0
07-03 05:11:07,21.811,5.265,63.178,8.524,0,5510300,163872,181300,2159656,7075.918,487.372,0,2655.475,0,299.844,8008,12175,1.100,1.360,1.310,1,0,0,0,0,18,324,0,50,0
07-03 05:11:08,19.437,3.987,64.542,9.968,0,5510804,163116,181300,2159908,3177.762,538.266,31.897,1790.232,0.997,182.412,6787,10080,1.100,1.360,1.310,0,1,0,0,0,18,324,0,50,0
07-03 05:11:09,7.498,1.750,84.230,5.249,0,5510836,162864,181300,2160128,12979.986,3298.234,0,1507.650,0,137.968,3157,4713,1.020,1.330,1.310,0,0,0,0,0,18,323,0,45,0
07-03 05:11:10,12.247,1.750,78.732,5.499,0,5510776,162864,181300,2160188,24637.408,9781.780,0,1687.617,0,147.966,3481,4620,1.020,1.330,1.310,0,0,0,0,0,18,323,0,45,0
07-03 05:11:11,12.256,2.001,82.038,2.251,0,5511004,162612,181300,2160212,27428.634,11802.436,0,1688.778,0,140.065,3281,4406,1.020,1.330,1.310,0,0,0,0,0,18,323,0,46,0
07-03 05:11:12,10.548,2.260,73.584,11.301,0,5511160,162360,181300,2160308,7387.581,542.466,0,6678.357,0,406.849,3727,5632,1.020,1.330,1.310,2,0,1.005,0,0,18,324,0,47,0
07-03 05:11:13,19.430,4.484,63.521,9.466,0,5511160,162108,181300,2160560,6705.798,538.058,0,2427.240,0,299.918,7300,11081,1.020,1.330,1.310,3,0,0,0,0,18,324,0,47,0
07-03 05:11:14,20.290,4.509,61.122,12.775,0,5511136,161856,181300,2160836,9794.499,541.077,0,3102.176,0,326.650,7607,11452,1.010,1.330,1.300,1,0,0,0,0,18,324,0,48,0
07-03 05:11:15,23.034,4.006,65.847,5.007,0,5513252,159588,181300,2160988,8537.554,486.716,0,2223.269,0,218.321,7955,11724,1.010,1.330,1.300,2,0,0,0,0,18,324,0,50,0
07-03 05:11:16,18.682,3.985,62.272,11.956,0,5505508,166924,181300,2161396,5457.029,579.878,0,7560.332,0,504.155,7037,10233,1.010,1.330,1.300,1,0,0,0,0,18,324,0,50,0
07-03 05:11:17,20.056,4.763,56.409,16.045,0,5505624,166700,181304,2161500,7247.416,681.921,0,8086.780,0,623.757,8124,12902,1.010,1.330,1.300,1,0,2.006,0,0,18,324,0,48,0
07-03 05:11:18,23.020,4.254,67.307,4.504,0,5505408,166568,181304,2161848,7212.138,540.460,0,2810.392,0,192.164,7718,11117,1.010,1.330,1.300,2,0,0,0,0,18,324,0,49,0
07-03 05:11:19,20.436,3.988,63.303,9.969,0,5505584,166092,181304,2162148,7499.691,538.327,0,3540.994,0,264.179,7286,11112,0.930,1.310,1.300,1,1,0,0,0,18,324,0,51,0
07-03 05:11:20,23.713,4.992,64.149,5.741,0,5505592,165840,181304,2162392,5374.511,539.148,0,2879.452,0,302.522,8211,12537,0.930,1.310,1.300,0,1,0,0,0,18,324,0,51,0
07-03 05:11:21,22.083,4.266,65.495,6.023,0,5505256,165840,181304,2162728,6844.627,542.029,0,2405.005,0,231.868,7746,11573,0.930,1.310,1.300,1,0,0,0,0,18,325,0,51,0
07-03 05:11:22,19.186,4.734,57.308,16.445,0,5505208,165616,181304,2163000,5620.168,538.197,0,8013.149,0,583.046,7371,11781,0.930,1.310,1.300,2,0,0.997,0,0,18,324,0,52,0
07-03 05:11:23,22.061,3.760,65.933,5.766,0,5505188,165364,181308,2163268,3999.127,487.356,0,2166.027,0,201.561,7399,11144,0.930,1.310,1.300,1,0,0,0,0,18,324,0,53,0
07-03 05:11:24,16.188,3.487,74.214,4.483,0,5505100,165364,181308,2163356,8277.155,3254.479,0,1924.595,0,227.126,5552,8476,0.860,1.280,1.290,1,0,0,0,0,18,323,0,54,0
07-03 05:11:25,10.761,2.002,78.333,6.257,0,5505368,164860,181308,2163592,10862.538,3097.290,0,1833.948,0,173.184,3557,5144,0.860,1.280,1.290,2,0,0,0,0,18,324,0,54,0
07-03 05:11:26,11.752,4.751,78.014,4.251,0,5520144,188524,180948,2126204,8501.527,714.128,16.003,1536.276,2.000,127.023,4137,10421,0.860,1.280,1.290,1,0,36.006,0,0,18,324,0,55,0
07-03 05:11:27,8.243,1.998,82.185,4.746,0,5517344,191248,180948,2126284,13200.565,3358.345,0,1826.556,0,180.857,3487,5238,0.860,1.280,1.290,0,0,0,0,0,18,323,0,57,0
07-03 05:11:28,12.256,3.251,76.535,7.003,0.250,5517360,190996,180948,2126520,12412.707,3327.530,0,1880.865,0,196.090,4196,6169,0.860,1.280,1.290,0,0,0,0,0,18,323,0,58,0
07-03 05:11:29,13.273,2.755,70.622,12.271,0,5517328,190996,180948,2126552,16753.882,5110.810,0,6415.059,0,448.774,4498,6687,0.950,1.300,1.290,1,0,0,0,0,18,324,0,50,0
07-03 05:11:30,14.288,1.253,76.456,6.016,0,5517344,190744,180948,2126788,44791.405,20200.301,4.011,1143.073,1.003,102.275,3522,4628,0.950,1.300,1.290,0,0,0,0,0,18,325,0,50,0
07-03 05:11:31,8.459,1.493,84.837,3.234,0,5517324,190744,180948,2126808,28245.509,10249.110,0,1027.001,0,90.559,2598,3722,0.950,1.300,1.290,2,0,0,0,0,18,325,0,50,0
07-03 05:11:32,11.752,1.500,83.016,2.250,0,5517484,190520,180948,2126872,26908.143,11799.255,0,1384.265,0,133.025,3166,4540,0.950,1.300,1.290,0,0,1.000,0,0,18,324,0,50,0
07-03 05:11:33,19.951,4.988,67.584,5.736,0.249,5517444,190520,180948,2126912,7477.652,538.678,0,2617.577,0,332.185,7599,11914,0.950,1.300,1.290,9,0,0,0,0,18,325,0,50,0
07-03 05:11:34,21.381,4.528,64.394,8.049,0,5517104,190520,180952,2127248,6849.868,543.321,0,2644.162,0,259.587,7612,11395,0.950,1.290,1.290,1,0,0,0,0,18,325,0,53,0
07-03 05:11:35,24.184,4.238,63.826,5.734,0,5517100,190268,180952,2127504,6756.543,538.529,0,3223.195,0,331.096,8472,12987,0.950,1.290,1.290,1,0,0,0,0,18,325,0,54,0
07-03 05:11:36,20.502,4.000,56.254,17.251,0,5517068,190016,180952,2127788,4891.364,540.040,0,7088.527,0,491.037,7406,11521,0.950,1.290,1.290,1,0,0,0,0,18,325,0,55,0
07-03 05:11:37,17.066,4.016,56.719,21.082,0,5517448,189540,180956,2127880,8622.334,542.096,0,9139.333,0,495.917,6161,9000,0.950,1.290,1.290,3,0,0,0,0,18,324,0,56,0
07-03 05:11:38,5.968,1.243,83.299,6.465,0,5517208,189540,180956,2128120,12384.897,3249.394,0,1770.408,0,141.235,2812,4440,0.950,1.290,1.290,0,0,0,0,0,18,324,0,58,0
07-03 05:11:39,7.747,1.499,82.467,6.497,0,5517160,189540,180956,2128168,9333.247,3152.732,0,1791.280,0,170.931,2992,4589,0.880,1.270,1.280,1,0,0,0,0,18,324,0,58,0
07-03 05:11:40,14.064,2.511,75.594,6.530,0,5517544,189036,180956,2128288,11306.387,2763.560,0,1747.944,0,175.799,4555,6533,0.880,1.270,1.280,1,1,0,0,0,18,324,0,60,0
07-03 05:11:41,5.745,0.999,89.178,3.497,0,5517540,189036,180956,2128292,5335.686,539.564,0,1139.079,0,92.925,2182,3157,0.880,1.270,1.280,3,0,0,0,0,18,325,0,56,0
07-03 05:11:42,7.976,1.496,85.745,2.493,0,5517360,189036,180956,2128472,27154.089,11827.757,0,1156.554,0,103.691,2619,3701,0.880,1.270,1.280,0,0,0.997,0,0,18,324,0,56,0
07-03 05:11:43,22.518,6.255,58.297,10.258,0.250,5521696,184512,180956,2128660,8735.064,540.437,68.055,2790.256,3.002,285.231,9108,14691,0.880,1.270,1.280,1,0,7.006,0,0,18,325,0,59,0
07-03 05:11:44,23.258,5.002,56.769,12.504,0,5521800,184008,180956,2129060,8844.978,540.182,0,7746.608,0,591.199,8280,12659,0.970,1.280,1.290,1,0,0,0,0,18,325,0,62,0
07-03 05:11:45,25.748,4.500,60.245,8.499,0,5522288,183252,180956,2129328,31989.442,11572.075,0,4935.605,0,283.977,7870,11760,0.970,1.280,1.290,1,0,0,0,0,18,326,0,60,0
07-03 05:11:46,19.488,3.748,61.712,12.992,0,5522240,183000,180956,2129628,27022.356,10261.679,0,2382.533,0,227.860,5876,8549,0.970,1.280,1.290,0,0,0,0,0,18,324,0,61,0
07-03 05:11:47,9.252,1.500,80.517,7.252,0,5522488,182748,180956,2129632,8683.873,2751.594,0,1820.393,0,143.031,3133,4584,0.970,1.280,1.290,2,0,0,0,0,18,324,0,62,0
07-03 05:11:48,9.032,1.756,75.514,11.791,0,5522876,182300,180956,2129692,26411.218,9818.282,0,5434.977,0,477.668,3354,4590,0.970,1.280,1.290,1,0,0,0,0,18,325,0,62,0
07-03 05:11:49,22.005,4.001,60.014,11.503,0,5522684,182300,180956,2129884,6342.492,540.127,0,3008.708,0,244.057,6315,9994,1.690,1.430,1.330,3,0,1.000,0,0,18,325,0,62,0
07-03 05:11:50,16.690,4.235,59.286,16.441,0,5522796,182048,180956,2130024,4148.025,607.806,0,7871.582,0,571.935,6886,11012,1.690,1.430,1.330,1,0,0,0,0,18,325,0,61,0
07-03 05:11:51,19.499,3.750,68.497,6.500,0,5523680,181040,180956,2130148,12164.465,3263.856,0,2147.905,0,231.990,6071,9216,1.690,1.430,1.330,0,1,0,0,0,18,324,0,62,0
07-03 05:11:52,7.498,1.750,84.726,5.249,0,5523452,181040,180956,2130376,11129.829,3269.069,0,1899.459,0,168.952,2823,4331,1.690,1.430,1.330,0,0,1.000,0,0,18,324,0,62,0
07-03 05:11:53,3.495,1.248,87.384,5.992,0,5523428,181040,180960,2130396,7501.001,539.281,0,866.844,0,59.920,1781,2618,1.690,1.430,1.330,2,1,0,0,0,18,325,0,62,0
07-03 05:11:54,6.507,1.001,88.344,2.503,0,5523380,181040,180960,2130444,12111.876,3153.352,0,1249.328,0,115.122,2400,3444,1.560,1.400,1.330,1,0,0,0,0,18,324,0,58,0
07-03 05:11:55,11.250,2.250,78.499,6.000,0,5523584,180788,180960,2130492,16670.736,7130.887,0,1783.972,0,190.997,3867,5497,1.560,1.400,1.330,0,1,0,0,0,18,325,0,59,0
07-03 05:11:56,7.752,1.500,84.024,5.001,0,5523432,180788,180960,2130644,18891.447,5380.551,0,1172.338,0,113.033,2772,3813,1.560,1.400,1.330,1,0,0,0,0,18,325,0,59,0
07-03 05:11:57,14.492,2.499,77.705,2.998,0,5523320,180788,180960,2130756,19939.456,7704.539,0,1802.956,0,191.889,4172,6065,1.560,1.400,1.330,0,0,0,0,0,18,324,0,62,0
07-03 05:11:58,8.509,1.752,73.079,14.766,0,5523504,180536,180960,2130824,13723.755,3206.447,0,6422.905,0,401.432,3481,5317,1.560,1.400,1.330,2,1,0,0,0,18,324,0,60,0
07-03 05:11:59,4.249,1.749,90.723,2.249,0.250,5523336,180536,180960,2130992,8535.471,539.840,0,915.729,0,79.976,2064,3009,1.510,1.390,1.320,1,0,0,0,0,18,325,0,60,0
07-03 05:12:00,8.496,1.749,83.714,3.498,0,5523256,180536,180960,2131072,16214.047,3171.640,0,1539.340,0,174.925,3522,5256,1.510,1.390,1.320,0,0,0,0,0,18,324,0,61,0
07-03 05:12:01,13.511,2.002,81.064,2.752,0,5523484,180284,180960,2131096,38184.248,15306.125,0,1032.818,0,99.078,3062,3818,1.510,1.390,1.320,1,0,0,0,0,18,326,0,61,0
07-03 05:12:02,3.747,0.749,92.931,0.500,0,5523448,180284,180960,2131132,11979.063,3930.068,0,635.526,0,43.967,1663,2400,1.510,1.390,1.320,1,0,0.999,0,0,18,325,0,57,0
07-03 05:12:03,3.500,0.750,91.747,2.500,0,5523664,180060,180960,2131140,8297.691,2770.897,0,4043.849,0,370.986,1610,1921,1.510,1.390,1.320,0,0,0,0,0,18,325,0,57,0
07-03 05:12:04,12.751,2.250,82.008,2.000,0,5523628,180060,180960,2131176,38822.941,16693.695,16.002,960.097,1.000,95.010,3019,3851,1.390,1.370,1.320,0,0,2.000,0,0,18,325,0,57,0
07-03 05:12:05,4.000,1.000,91.251,2.500,0,5523464,180060,180960,2131340,7079.057,780.006,0,668.005,0,54.000,1668,2276,1.390,1.370,1.320,3,1,0,0,0,18,324,0,57,0
07-03 05:12:06,15.756,2.001,75.779,4.252,0,5523404,180060,180960,2131400,40097.486,16154.239,0,1504.581,0,171.066,4206,5657,1.390,1.370,1.320,1,0,0,0,0,18,325,0,52,0
07-03 05:12:07,11.764,2.002,83.349,1.752,0,5523884,179556,180960,2131424,19492.240,5373.407,0,1005.198,0,96.115,3749,5290,1.390,1.370,1.320,2,0,0,0,0,18,325,0,52,0
07-03 05:12:08,21.761,4.502,62.032,9.005,0,5524496,178548,180960,2131820,9635.925,540.276,16.008,3401.739,1.001,341.174,7993,12241,1.390,1.370,1.320,1,0,0,0,0,18,326,0,52,0
07-03 05:12:09,11.724,3.243,64.854,17.710,0,5521568,181412,180960,2131884,10172.099,3333.495,0,8073.823,0,544.774,4885,7809,1.280,1.350,1.310,1,0,0,0,0,18,324,0,54,0
07-03 05:12:10,16.751,2.000,75.255,4.250,0,5521340,181412,180960,2132112,13181.822,5118.319,0,1928.120,0,200.012,5020,7136,1.280,1.350,1.310,2,0,0,0,0,18,325,0,54,0
07-03 05:12:11,11.284,2.508,82.497,3.260,0,5521276,181412,180960,2132176,18696.957,7240.670,0,1023.062,0,85.255,3575,4953,1.280,1.350,1.310,1,0,0,0,0,18,325,0,54,0
07-03 05:12:12,22.508,4.502,62.023,8.253,0,5522136,180152,180964,2132572,7659.892,540.204,0,3185.203,0,351.133,8712,13601,1.280,1.350,1.310,1,0,1.000,0,0,18,325,0,56,0
07-03 05:12:13,22.781,4.756,61.083,9.012,0,5523220,178892,180968,2132744,5315.259,680.930,0,2743.747,0,284.388,7736,11732,1.280,1.350,1.310,2,0,0,0,0,18,325,0,58,0
07-03 05:12:14,4.983,1.744,82.971,7.724,0,5523064,178892,180968,2132900,11697.614,3113.517,0,5788.510,0,385.701,3005,4851,1.340,1.360,1.310,1,0,0,0,0,18,325,0,56,0
07-03 05:12:15,9.777,2.256,78.220,8.023,0,5522820,178892,180968,2133144,8150.893,541.521,16.045,2667.492,1.003,239.673,3880,5842,1.340,1.360,1.310,2,2,0,0,0,18,325,0,56,0
07-03 05:12:16,15.927,1.742,75.405,4.977,0,5522980,178640,180968,2133236,33863.085,11785.086,0,2735.486,0,189.135,4233,5997,1.340,1.360,1.310,0,0,0,0,0,18,324,0,56,0
07-03 05:12:17,10.755,2.251,81.035,4.002,0,5523232,178388,180968,2133236,9819.225,3209.381,0,1372.591,0,155.067,3673,5511,1.340,1.360,1.310,0,0,0,0,0,18,324,0,59,0
07-03 05:12:18,10.798,1.256,83.618,3.515,0,5523156,178136,180968,2133564,7972.108,2763.169,0,920.052,0,86.380,2977,4190,1.340,1.360,1.310,0,1,0,0,0,18,324,0,57,0
07-03 05:12:19,10.003,1.500,77.770,8.502,0,5523100,178136,180968,2133620,24880.381,9588.459,0,5725.468,0,421.108,3247,4181,1.390,1.370,1.320,1,0,0,0,0,18,325,0,59,0
07-03 05:12:20,22.911,4.732,63.253,6.226,0,5523316,177632,180968,2133908,9110.467,537.902,15.938,3964.538,0.996,446.259,8801,13827,1.390,1.370,1.320,1,1,0,0,0,18,325,0,59,0
07-03 05:12:21,21.301,5.012,58.890,13.031,0,5523484,177380,180968,2133992,9272.097,541.290,0,8231.618,0,633.510,8171,13032,1.390,1.370,1.320,1,0,0,0,0,18,325,0,59,0
07-03 05:12:22,22.250,4.250,66.000,5.750,0,5524200,176372,180968,2134284,9253.008,540.000,0,3428.003,0,247.000,7202,10931,1.390,1.370,1.320,2,0,1.000,0,0,18,325,0,53,0
07-03 05:12:23,16.200,2.742,73.772,4.237,0,5524036,176372,180968,2134448,12091.558,3257.912,0,1937.999,0,215.333,5510,8274,1.390,1.370,1.320,0,0,0,0,0,18,324,0,55,0
07-03 05:12:24,9.250,1.750,82.496,4.500,0,5523896,176372,180968,2134588,6751.659,485.975,0,1867.906,0,171.991,3446,5174,1.280,1.350,1.310,0,0,0,0,0,18,325,0,56,0
07-03 05:12:25,11.263,2.002,76.089,9.261,0,5523756,176372,180968,2134728,11290.263,2894.400,0,1810.126,0,189.222,3875,5696,1.280,1.350,1.310,1,0,0,0,0,18,325,0,57,0
07-03 05:12:26,16.294,4.011,73.700,4.512,0,5536144,163968,180968,2134840,23215.052,9471.725,0,1435.900,0,132.359,4607,12035,1.280,1.350,1.310,1,1,36.098,0,0,18,325,0,53,0
07-03 05:12:27,6.224,1.245,87.383,2.987,0,5535920,164072,180968,2134864,13120.935,3347.950,0,1374.233,0,138.419,2890,4383,1.280,1.350,1.310,0,0,0,0,0,18,324,0,54,0
07-03 05:12:28,14.503,2.501,77.767,3.501,0,5535800,164072,180968,2134984,31297.770,11865.567,0,1672.362,0,169.037,4167,5652,1.280,1.350,1.310,0,0,0,0,0,18,324,0,54,0
07-03 05:12:29,13.514,3.754,69.573,11.512,0,5535888,163820,180968,2135148,4332.564,540.569,0,6647.003,0,437.461,5662,9062,1.260,1.340,1.310,1,0,0,0,0,18,325,0,54,0
07-03 05:12:30,22.503,4.751,60.259,10.502,0,5535832,163568,180968,2135456,7777.143,540.079,0,3268.480,0,404.059,8083,13083,1.260,1.340,1.310,1,0,0,0,0,18,325,0,54,0
07-03 05:12:31,21.987,4.497,62.713,8.245,0,5536436,162588,180968,2135832,9359.409,539.678,0,2518.496,0,265.841,7944,12086,1.260,1.340,1.310,1,0,0,0,0,18,325,0,52,0
07-03 05:12:32,20.998,4.750,64.993,7.499,0,5537444,161328,180968,2136084,11758.794,485.950,0,1967.798,0,177.982,7883,11861,1.260,1.340,1.310,0,2,1.000,0,0,18,325,0,52,0
07-03 05:12:33,8.246,1.499,82.465,5.997,0,5537536,161076,180968,2136244,12160.778,3266.597,0,2099.099,0,185.920,3357,5076,1.260,1.340,1.310,0,0,0,0,0,18,324,0,54,0
07-03 05:12:34,11.249,3.000,70.743,13.249,0,5537348,161076,180968,2136432,3769.621,539.946,0,7239.273,0,495.950,4705,7451,1.160,1.320,1.300,0,0,0,0,0,18,325,0,54,0
07-03 05:12:35,12.006,2.501,63.529,19.509,0,5538040,160376,180968,2136440,14441.693,4740.197,0,6831.166,0,552.256,4529,6327,1.160,1.320,1.300,0,1,0,0,0,18,325,0,50,0
07-03 05:12:36,13.748,2.250,77.236,4.999,0,5537732,160376,180968,2136748,24782.509,10151.160,0,1643.702,0,177.968,4219,6062,1.160,1.320,1.300,0,0,0,0,0,18,325,0,51,0
07-03 05:12:37,7.003,1.501,81.034,9.254,0,5537716,160376,180968,2136764,6581.793,714.303,0,1032.438,0,93.039,2831,4051,1.160,1.320,1.300,1,0,0,0,0,18,325,0,51,0
07-03 05:12:38,11.237,1.998,78.410,6.742,0,5537492,160376,180968,2136988,30632.648,11783.401,0,1570.188,0,151.825,3578,5102,1.160,1.320,1.300,0,0,0,0,0,18,324,0,51,0
07-03 05:12:39,15.782,3.507,66.885,11.022,0,5537676,160124,180968,2137056,7786.698,541.091,0,1923.878,0,214.432,6100,9389,1.140,1.310,1.300,3,0,0,0,0,18,325,0,45,0
07-03 05:12:40,21.468,4.743,59.662,12.232,0,5537296,160124,180972,2137432,7025.593,485.281,31.953,4477.368,1.997,420.377,7723,11984,1.140,1.310,1.300,2,0,0,0,0,18,325,0,45,0
07-03 05:12:41,18.568,3.764,56.709,18.819,0,5537500,159872,180972,2137480,10198.522,541.994,0,8772.274,0,591.175,7173,11469,1.140,1.310,1.300,1,0,0,0,0,18,325,0,47,0
07-03 05:12:42,13.439,3.733,70.180,10.204,0,5537380,159624,180972,2137848,8750.130,3244.218,15.927,3261.140,0.995,265.789,5144,8068,1.140,1.310,1.300,0,0,0.995,0,0,18,324,0,49,0
07-03 05:12:43,12.759,4.253,77.052,5.003,0,5541620,155380,180972,2137852,13343.085,3087.102,0,1509.028,0,140.095,5291,8992,1.140,1.310,1.300,0,0,7.005,0,0,18,325,0,45,0
07-03 05:12:44,11.810,1.759,82.165,2.513,0,5539536,157080,180972,2138236,18775.884,5683.723,0,1198.054,0,117.594,3539,4618,1.690,1.430,1.340,2,0,0,0,0,18,325,0,47,0
07-03 05:12:45,15.196,0.996,75.730,5.730,0,5539964,156632,180972,2138256,56676.835,22938.180,0,1458.796,0,163.417,3651,4339,1.690,1.430,1.340,1,1,0,0,0,18,325,0,47,0
07-03 05:12:46,14.229,2.247,76.884,4.992,0,5539840,156632,180972,2138380,48935.439,18827.698,0,2743.875,0,141.787,3717,4938,1.690,1.430,1.340,0,0,0,0,0,18,324,0,47,0
07-03 05:12:47,20.296,4.510,67.654,6.264,0,5539764,156632,180972,2138456,12002.277,541.230,0,2714.168,0,299.681,7006,10537,1.690,1.430,1.340,2,0,0,0,0,18,325,0,42,0
07-03 05:12:48,18.486,4.497,59.455,15.488,0,5539968,156128,180972,2138756,9277.040,485.636,0,7918.060,0,516.612,6563,9930,1.690,1.430,1.340,3,0,0,0,0,18,324,0,43,0
07-03 05:12:49,5.246,1.499,86.933,4.746,0,5539916,156128,180972,2138808,8880.188,3264.496,0,1394.930,0,100.923,2255,3279,1.640,1.420,1.330,3,0,0,0,0,18,324,0,43,0
07-03 05:12:50,12.999,1.250,80.494,3.500,0,5539252,156592,180972,2139008,27844.802,11994.053,0,1711.865,0,121.990,3446,4632,1.640,1.420,1.330,0,0,0,0,0,18,324,0,43,0
07-03 05:12:51,15.770,4.255,66.584,11.765,0,5536384,159412,180972,2139056,7598.598,540.683,0,6876.686,0,581.735,6149,8913,1.640,1.420,1.330,2,1,0,0,0,18,325,0,42,0
07-03 05:12:52,22.217,3.745,65.654,5.492,0,5535624,159836,180972,2139392,10275.941,3079.487,0,2771.938,0,274.598,7603,11275,1.640,1.420,1.330,0,0,1.997,0,0,18,325,0,45,0
07-03 05:12:53,6.004,1.501,85.806,5.504,0,5535744,159612,180972,2139496,12242.946,714.464,0,2153.398,0,151.098,2575,3785,1.640,1.420,1.330,1,3,0,0,0,18,325,0,45,0
07-03 05:12:54,10.739,2.747,75.422,9.241,0,5535528,159612,180972,2139712,9734.994,3386.519,0,2085.856,0,205.788,4019,6056,1.500,1.390,1.330,0,0,0,0,0,18,324,0,48,0
07-03 05:12:55,14.009,2.001,77.551,5.003,0,5536012,159108,180972,2139732,30251.954,11510.592,0,1597.053,0,140.092,3712,4913,1.500,1.390,1.330,1,1,0,0,0,18,325,0,47,0
07-03 05:12:56,9.496,2.499,71.973,13.495,0,5535944,159108,180972,2139800,14539.534,5108.080,0,6605.517,0,430.838,4034,6064,1.500,1.390,1.330,0,0,0,0,0,18,325,0,48,0
07-03 05:12:57,11.503,1.750,81.021,4.251,0,5535864,159108,180972,2139880,20264.164,7798.988,0,1124.287,0,105.027,3657,5059,1.500,1.390,1.330,1,0,0,0,0,18,326,0,48,0
07-03 05:12:58,21.588,5.272,64.012,7.029,0,5536320,158352,180972,2140180,3868.817,542.217,0,2703.051,0,272.113,7771,11503,1.500,1.390,1.330,2,0,0,0,0,18,326,0,50,0
07-03 05:12:59,22.921,4.734,62.286,7.973,0,5536448,158100,180972,2140304,9225.366,538.155,0,2539.293,0,275.057,8033,12380,1.460,1.390,1.320,1,0,0,0,0,18,325,0,48,0
07-03 05:13:00,15.223,2.496,72.123,7.487,0,5536060,158100,180972,2140692,13668.003,3257.281,15.972,2475.653,0.998,240.578,5334,8371,1.460,1.390,1.320,0,0,0,0,0,18,324,0,49,0
07-03 05:13:01,13.260,2.752,74.555,8.006,0,5536016,158100,180972,2140736,10681.932,3090.295,0,2629.953,0,224.166,4199,5895,1.460,1.390,1.320,1,0,0,0,0,18,325,0,51,0
07-03 05:13:02,6.770,2.257,77.479,12.286,0,5535896,158100,180972,2140856,8295.488,716.114,0,6691.754,0,381.125,3150,4758,1.460,1.390,1.320,2,1,2.006,0,0,18,325,0,51,0
07-03 05:13:03,7.976,1.496,84.997,3.490,0,5535812,158100,180972,2140940,12424.053,3199.485,0,1591.268,0,152.546,3204,4763,1.460,1.390,1.320,0,0,0,0,0,18,324,0,51,0
07-03 05:13:04,23.345,2.761,71.291,2.008,0,5541008,152584,180972,2141260,7032.737,542.216,0,598.445,0,32.131,4056,4390,1.430,1.380,1.320,1,0,2.008,0,0,18,325,0,54,0
07-03 05:13:05,19.225,1.748,71.658,5.243,0,5545504,147844,180972,2141504,28219.718,12045.513,0,1162.505,0,108.860,4123,5366,1.430,1.380,1.320,0,1,0,0,0,18,324,0,55,0
07-03 05:13:06,11.717,1.745,78.779,5.734,0,5545704,147620,180972,2141528,31633.455,11590.557,0,1348.226,0,144.595,3634,5070,1.430,1.380,1.320,0,0,0,0,0,18,325,0,56,0
07-03 05:13:07,10.754,2.001,72.029,14.006,0,5546292,146920,180972,2141640,17636.029,5360.136,0,6690.667,0,526.210,3997,5403,1.430,1.380,1.320,1,0,0,0,0,18,325,0,56,0
07-03 05:13:08,11.515,2.754,80.105,3.755,0,5546184,146920,180972,2141748,17549.922,7228.441,0,1321.726,0,143.187,4159,6036,1.430,1.380,1.320,4,0,0,0,0,18,325,0,56,0
07-03 05:13:09,22.476,4.745,60.934,10.738,0,5546780,145912,180972,2142160,7434.980,539.418,0,3168.582,0,305.670,7618,11505,1.470,1.390,1.330,1,0,0,0,0,18,325,0,56,0
07-03 05:13:10,9.992,2.248,64.945,18.984,0,5546912,145672,180972,2142268,11903.995,3259.261,0,6446.582,0,457.615,4534,7262,1.470,1.390,1.330,1,0,0,0,0,18,324,0,58,0
07-03 05:13:11,16.832,3.266,74.612,5.276,0,5547236,145168,180976,2142444,7860.130,488.369,48.234,1037.031,3.015,58.283,4978,6755,1.470,1.390,1.330,0,1,0,0,0,18,327,0,58,0
07-03 05:13:12,21.509,3.251,65.527,8.253,0,5547696,144416,180976,2142736,7296.969,540.220,128.052,2224.905,8.003,187.076,7058,10156,1.470,1.390,1.330,2,0,2.001,0,0,18,328,0,74,0
07-03 05:13:13,26.249,3.750,65.998,2.500,0,5548456,143408,180976,2142984,3317.897,539.983,0,1403.956,0,132.996,7306,10053,1.470,1.390,1.330,3,0,2.000,0,0,18,328,0,92,0
07-03 05:13:14,16.164,1.989,75.099,3.979,0,5548336,143156,180976,2143356,31953.313,11865.617,0,1647.201,0,163.129,4704,6565,1.350,1.370,1.320,1,0,0,0,0,18,327,0,93,0
07-03 05:13:15,16.330,3.266,69.591,10.049,0,5548336,143156,180976,2143356,5991.333,542.657,4.020,1567.675,1.005,165.812,5163,7626,1.350,1.370,1.320,2,1,0,0,0,18,328,0,94,0
07-03 05:13:16,22.657,4.233,60.253,10.706,0,5549208,141896,180976,2143744,6556.142,719.054,0,4397.983,0,430.237,7805,11812,1.350,1.370,1.320,1,0,0,0,0,18,328,0,90,0
07-03 05:13:17,6.000,1.500,82.494,7.999,0,5549192,141896,180976,2143760,13799.962,3130.765,0,2311.826,0,195.985,2857,4256,1.350,1.370,1.320,1,1,0,0,0,18,328,0,90,0
07-03 05:13:18,6.491,1.997,73.892,15.477,0,5549272,141644,180976,2143932,10826.222,3152.406,0,7261.417,0,424.382,3318,5254,1.350,1.370,1.320,1,0,0,0,0,18,327,0,90,0
07-03 05:13:19,6.757,1.501,85.585,4.004,0,5549224,141644,180976,2143980,12453.337,3214.184,0,1317.305,0,123.122,2893,4074,1.250,1.340,1.310,0,0,0,0,0,18,327,0,90,0
07-03 05:13:20,8.498,1.500,87.477,1.750,0,5549212,141644,180976,2143992,9644.426,3209.144,0,1115.702,0,110.970,2840,4047,1.250,1.340,1.310,0,0,0,0,0,18,327,0,84,0
07-03 05:13:21,16.507,2.001,78.035,1.501,0,5550420,140132,180976,2144296,5289.353,680.303,0,1148.511,0,47.021,3275,4088,1.250,1.340,1.310,1,0,0,0,0,18,328,0,87,0
07-03 05:13:22,3.750,1.500,92.496,1.250,0,5550368,140132,180976,2144348,11660.524,2610.893,0,951.961,0,80.997,1991,2980,1.250,1.340,1.310,1,0,2.000,0,0,18,328,0,87,0
07-03 05:13:23,6.500,1.500,76.745,13.249,0,5550340,140132,180976,2144376,11126.305,2750.828,0,6507.593,0,501.969,3148,4295,1.250,1.340,1.310,0,0,0,0,0,18,327,0,87,0
07-03 05:13:24,6.247,1.499,89.952,0.999,0,5550304,140132,180976,2144412,11121.073,2749.535,0,955.491,0,92.950,2545,3594,1.150,1.320,1.300,2,0,0,0,0,18,327,0,84,0
07-03 05:13:25,12.492,2.249,76.702,6.496,0,5550540,139880,180976,2144428,31560.063,11987.427,0,1199.242,0,118.925,3617,4951,1.150,1.320,1.300,1,0,0,0,0,18,327,0,84,0
07-03 05:13:26,15.328,3.518,71.114,8.795,0,5560888,129304,180976,2145000,7417.946,488.499,0,1728.844,0,198.013,5485,8303,1.150,1.320,1.300,2,0,14.072,0,0,18,328,0,85,0
07-03 05:13:27,24.745,5.999,54.740,12.748,0,5556340,173720,179844,2106660,6374.780,633.879,0,6938.672,0,443.915,8031,17017,1.150,1.320,1.300,1,0,21.996,0,0,18,328,0,86,0
07-03 05:13:28,9.962,2.491,80.945,4.981,0,5556112,173720,179848,2106884,8793.846,3393.207,0,2096.097,0,190.283,3835,5856,1.150,1.320,1.300,1,0,0,0,0,18,327,0,83,0
07-03 05:13:29,8.248,1.500,84.233,4.499,0,5555948,173880,179848,2106888,8567.228,3214.335,0,1347.721,0,158.967,3135,4610,1.130,1.320,1.300,0,0,0,0,0,18,327,0,84,0
07-03 05:13:30,8.249,1.000,84.244,4.750,0,5555952,173788,179848,2106976,12165.087,2750.794,0,1095.918,0,98.993,2884,3980,1.130,1.320,1.300,0,0,0,0,0,18,327,0,84,0
07-03 05:13:31,7.501,1.500,85.008,4.250,0,5555948,173788,179848,2106980,10262.958,2751.257,0,1168.109,0,110.010,2643,3819,1.130,1.320,1.300,0,1,0,0,0,18,327,0,84,0
07-03 05:13:32,11.505,2.001,79.031,6.002,0,5555740,173788,179848,2107188,26114.306,9787.863,0,1064.420,0,97.038,3506,4786,1.130,1.320,1.300,1,0,1.000,0,0,18,328,0,83,0
07-03 05:13:33,22.850,3.264,64.030,7.533,0,5445608,283684,179868,2107404,5187.710,488.137,16.070,2418.588,2.009,240.051,5687,8193,1.130,1.320,1.300,1,0,0,0,0,18,327,0,83,0
07-03 05:13:34,5.220,2.486,87.007,3.729,0,5372268,357032,179872,2107440,14379.533,258296.631,111.369,1459.730,5.966,83.527,2056,2288,1.040,1.290,1.290,0,0,13.921,0,0,18,327,0,83,0
07-03 05:13:35,6.256,1.251,89.843,1.752,0,5382096,347204,179880,2107432,138698.644,3557.685,24.025,684.709,3.003,46.048,1908,2372,1.040,1.290,1.290,2,0,3.003,0,0,18,327,0,83,0
07-03 05:13:36,11.530,3.760,76.451,6.517,0,5384924,343968,179908,2107812,283552.177,10868.601,252.665,2875.567,14.037,180.475,3607,4260,1.040,1.290,1.290,1,0,24.063,0,0,18,327,0,80,0
07-03 05:13:37,11.231,3.494,82.861,1.497,0,5399688,329156,179916,2107852,294699.974,11824.138,175.705,523.121,5.990,31.946,3045,3073,1.040,1.290,1.290,2,0,20.965,0,0,18,327,0,80,0
07-03 05:13:38,21.078,5.520,71.764,0.753,0,5377128,336924,179920,2122640,9350.390,541.993,437.610,425.565,11.041,16.059,2588,2108,1.040,1.290,1.290,1,0,19.070,0,0,18,327,0,80,0
