"pcp-dstat 6.2.0 CSV Output"
"Author:","PCP team <pcp@groups.io> and Dag Wieers <dag@wieers.com>",,,,"URL:","https://pcp.io/ and http://dag.wieers.com/home-made/dstat/"
"Host:","ubuntu",,,,"User:","ubuntu"
"Cmdline:","dstat -tcmndrylpg --tcp --output /tmp/devstack_logs/dstat-csv.log",,,,"Date:","12 May 2026 16:18:35 UTC"
"system","total usage",,,,,"memory usage",,,,"net/total",,"dsk/total",,"io/total",,"system",,"load avg",,,"procs",,,"paging",,"tcp sockets",,,,
"time","total usage:usr","total usage:sys","total usage:idl","total usage:wai","total usage:stl","used","free","buf","cach","net/total:recv","net/total:send","dsk/total:read","dsk/total:writ","read","writ","int","csw","1m","5m","15m","run","blk","new","in","out","lis","act","syn","tim","clo"
12-05 16:18:35,,1033804,1614812,160876,5013996,,,,,,,1.600,1.200,0.680,2,0,,,,10,3,1,17,0
12-05 16:18:36,34.263,20.758,43.517,1.250,0,1060272,1588136,160892,5014188,12943.077,2075.814,0,1376.540,0,65.026,6996,6141,1.600,1.200,0.680,2,0,615.241,0,0,10,3,1,17,0
12-05 16:18:37,23.730,17.735,46.460,10.491,0,1010788,1637804,160892,5014088,15325.818,4035.529,0,8480.706,0,511.560,6804,6868,1.550,1.190,0.680,2,0,363.687,0,0,10,4,1,17,0
12-05 16:18:38,22.460,10.731,65.881,0.250,0,1083932,1564080,160916,5139384,16709.917,2128.169,0,163.705,0,6.987,5692,7650,1.550,1.190,0.680,2,0,150.729,0,0,11,5,1,17,0
12-05 16:18:39,23.799,9.520,59.623,6.764,0,1105456,1542064,161040,5139660,29792.327,10669.964,0,1358.797,0,44.091,3547,2604,1.550,1.190,0.680,1,0,111.229,0,0,11,8,1,17,0
12-05 16:18:40,22.749,9.249,60.246,6.250,0,1127844,1518696,161224,5140300,35228.697,12339.193,255.983,2523.835,10.999,71.995,3993,3321,1.550,1.190,0.680,1,1,169.989,0,0,11,8,1,19,0
12-05 16:18:41,32.210,3.745,53.434,10.237,0,1197236,1445276,161496,5143312,19476.977,8299.763,1721.876,4670.240,114.858,224.723,2769,1850,1.550,1.190,0.680,1,0,0,0,0,11,8,1,19,0
12-05 16:18:42,24.716,3.246,58.421,12.483,0,1222348,1418844,161748,5144200,44269.970,11208.801,15.978,4693.635,0.999,207.718,3366,3963,1.660,1.220,0.690,4,0,0.999,0,0,11,9,1,19,1
12-05 16:18:43,15.706,2.244,46.121,33.157,0,1227656,1411032,162096,5146260,18642.927,7761.321,0,11471.957,0,562.429,4651,7595,1.660,1.220,0.690,4,2,8.975,0,0,11,8,1,19,2
12-05 16:18:44,13.779,3.758,44.845,35.325,0,1224380,1395912,162416,5163580,177394.327,8431.935,0,11708.905,0,713.518,5120,8618,1.660,1.220,0.690,2,2,1.002,0,0,11,8,1,19,2
12-05 16:18:45,15.249,3.500,47.746,30.997,0,1222140,1385956,163256,5173220,7713.293,485.955,0,10131.072,0,565.948,5114,8494,1.660,1.220,0.690,1,3,3.000,0,0,11,8,1,19,2
12-05 16:18:46,23.056,3.509,41.351,31.326,0,1234224,1360348,163984,5184620,7055.190,487.187,0,10726.134,0,554.351,5196,8130,1.660,1.220,0.690,1,2,16.039,0,0,11,8,1,19,2
12-05 16:18:47,21.183,3.240,36.385,36.136,0,1240788,1342068,164380,5194484,18126.594,558.232,0,14458.212,0,788.503,6331,10571,2.090,1.320,0.720,1,3,11.962,0,0,11,8,1,19,2
12-05 16:18:48,17.274,3.255,40.556,36.050,0.250,1233564,1330068,164980,5211712,8025.109,486.674,0,10226.156,0,568.787,4897,7859,2.090,1.320,0.720,3,0,6.008,0,0,11,8,1,19,2
12-05 16:18:49,15.770,3.755,44.557,34.293,0,1240484,1313280,165608,5219596,8126.305,486.617,0,10192.926,0,613.778,4829,7966,2.090,1.320,0.720,2,3,9.011,0,0,11,8,1,19,2
12-05 16:18:50,18.258,3.001,35.265,41.518,0,1237412,1303788,166108,5230324,3588.517,486.206,0,12485.278,0,741.313,5145,8350,2.090,1.320,0.720,2,0,0,0,0,11,8,1,19,2
12-05 16:18:51,9.984,3.494,44.429,40.186,0,1238968,1286496,166684,5244316,7247.399,485.223,0,8047.119,0,676.916,4035,6281,2.090,1.320,0.720,1,4,0,0,0,11,8,1,19,2
12-05 16:18:52,17.495,3.749,44.738,32.741,0,1236096,1280280,167248,5251728,6619.234,539.856,0,9789.388,0,912.756,5093,7767,2.250,1.370,0.740,2,1,14.996,0,0,11,8,1,19,2
12-05 16:18:53,9.267,3.506,40.323,45.583,0,1235616,1277800,167608,5253868,7561.721,486.883,0,15732.548,0,711.291,4750,8191,2.250,1.370,0.740,1,2,12.022,0,0,11,8,1,19,2
12-05 16:18:54,16.739,3.748,39.474,37.975,0,1240788,1288412,167764,5238028,8401.512,965.369,0,15361.965,0,464.696,4056,5947,2.250,1.370,0.740,1,2,1.999,0,0,11,6,1,19,0
12-05 16:18:55,37.828,6.764,52.859,2.004,0,1232220,1294364,167776,5240632,12123.023,2609.386,0,761.572,0,49.101,3504,2485,2.250,1.370,0.740,2,0,108.223,0,0,11,5,1,19,0
12-05 16:18:56,38.748,5.250,45.247,10.749,0,1257416,1265192,168080,5243768,8414.533,713.960,0,1691.906,0,80.996,2817,1781,2.250,1.370,0.740,3,0,4.000,0,0,11,4,1,15,0
12-05 16:18:57,35.928,6.487,42.914,13.224,0,1267936,1247688,168672,5248820,13868.271,3585.830,0,8015.972,0,439.122,3631,3294,2.220,1.380,0.750,3,0,31.936,0,0,11,4,1,15,0
12-05 16:18:58,45.841,9.268,42.835,1.252,0,1286264,1228596,168728,5249328,4068.088,486.968,0,240.478,0,11.022,19746,35613,2.220,1.380,0.750,2,3,13.026,0,0,11,4,1,15,0
12-05 16:18:59,26.474,17.733,44.207,10.240,0,1179380,1347992,168780,5238188,7298.886,485.527,0,3980.121,0,80.921,6609,6817,2.220,1.380,0.750,3,0,375.634,0,0,11,4,1,15,0
12-05 16:19:00,34.799,19.527,45.063,0,0.250,1153656,1373472,168780,5238372,5455.609,486.679,0,8195.430,0,108.151,6570,7124,2.220,1.380,0.750,4,0,410.573,0,0,11,4,1,13,0
12-05 16:19:01,38.534,12.679,47.483,0.249,0,1166324,1353492,168780,5246196,8707.102,483.286,7406.406,7.955,74.581,1.989,5036,5351,2.220,1.380,0.750,4,0,238.660,0,0,11,5,1,13,0
12-05 16:19:02,46.317,3.505,46.817,3.004,0,1239448,1279224,168788,5247340,7666.011,528.759,512.736,1630.342,11.016,41.059,2892,1417,2.210,1.390,0.760,3,1,0,0,0,11,5,1,13,0
12-05 16:19:03,44.334,7.765,47.090,0.501,0,1248412,1268812,168804,5248772,3651.950,561.068,0,1226.334,0,120.229,3264,3092,2.210,1.390,0.760,3,0,0,0,0,11,5,1,13,0
12-05 16:19:04,15.477,6.490,69.897,6.740,0,1265500,1250644,168804,5249828,9223.449,485.287,0,3862.325,0,83.877,3556,3339,2.210,1.390,0.760,1,0,117.827,0,0,11,4,1,14,0
12-05 16:19:05,8.255,3.502,85.297,2.251,0,1299272,1216876,168804,5249828,7139.963,540.300,0,1420.789,0,25.014,1441,1452,2.210,1.390,0.760,4,0,23.013,0,0,11,4,1,14,0
12-05 16:19:06,22.771,4.754,72.068,0,0,1362016,1154128,168808,5249828,7843.372,540.508,0,25584.045,0,231.217,2608,2233,2.210,1.390,0.760,2,0,1.001,0,0,11,4,1,14,0
12-05 16:19:07,23.233,2.748,72.447,1.249,0,1382948,1132988,168816,5250028,6065.558,539.605,0,11167.822,0,241.823,2503,2363,2.110,1.380,0.760,1,0,0.999,0,0,11,10,1,14,0
12-05 16:19:08,16.484,4.496,66.937,9.741,0,1370256,1145588,168864,5250072,8277.217,539.493,0,2249.884,0,247.767,4011,5549,2.110,1.380,0.760,2,0,41.961,0,0,11,4,1,15,0
12-05 16:19:09,21.029,1.502,71.850,4.757,0,1408980,1106024,169132,5250600,7260.121,486.678,612.854,340.475,18.025,23.032,1711,1320,2.110,1.380,0.760,2,0,0,0,0,11,4,1,15,0
12-05 16:19:10,15.974,2.246,75.628,4.992,0,1423516,1091436,169132,5250616,9252.084,4682.451,0,1525.540,0,102.834,2176,2506,2.110,1.380,0.760,3,0,0.998,0,0,11,17,1,15,0
12-05 16:19:11,15.485,4.745,72.931,7.243,0,1400988,1113584,169188,5250864,8901.523,4948.288,267.745,2505.614,65.937,127.878,2773,2641,2.110,1.380,0.760,3,0,44.957,0,0,11,28,1,16,0
12-05 16:19:12,20.533,3.255,67.860,7.262,0,1418428,1096140,169192,5250864,9496.409,2510.073,0,9507.427,0,579.941,2596,1640,2.100,1.390,0.760,1,0,0,0,0,11,29,1,15,0
12-05 16:19:13,17.560,7.275,73.001,0.753,0,1417880,1096808,169196,5250892,13155.222,5511.948,0,196.676,0,10.034,3349,2866,2.100,1.390,0.760,2,0,156.538,0,0,11,28,1,16,0
12-05 16:19:14,40.328,5.477,54.766,0,0,1501036,1013648,169196,5250896,10400.592,4441.038,0,0,0,0,2711,1446,2.100,1.390,0.760,1,0,0,0,0,11,30,1,16,0
12-05 16:19:15,31.061,4.258,63.124,0.250,0,1503420,1011056,169196,5251104,21729.725,15012.517,0,212.418,0,21.041,6377,8568,2.100,1.390,0.760,1,0,0,0,0,11,29,1,17,0
12-05 16:19:16,62.643,23.804,9.271,3.759,0,1532484,981908,169268,5251112,8517.380,739.683,0,4903.156,0,232.529,6155,5874,2.100,1.390,0.760,6,0,580.320,0,0,11,28,1,17,0
12-05 16:19:17,86.253,11.500,1.500,0,0,1774888,739412,169268,5251152,20534.635,14583.451,0,60.002,0,4.000,5850,12720,2.490,1.480,0.800,6,0,36.001,0,0,11,32,1,18,0
12-05 16:19:18,62.211,9.244,21.237,7.745,0,1807628,706428,169268,5251404,33118.004,26882.957,0,14103.059,0,185.882,8468,12167,2.490,1.480,0.800,2,2,48.969,0,0,11,32,1,20,0
12-05 16:19:19,31.473,11.490,45.710,9.242,0,1524856,989164,169272,5251436,10021.324,5651.108,0,18288.167,0,211.817,6386,7105,2.490,1.480,0.800,1,0,260.774,0,0,11,28,1,24,0
12-05 16:19:20,19.216,3.993,62.638,13.975,0,1546816,967200,169272,5251440,10509.234,2746.096,0,27103.603,0,219.608,2060,1779,2.490,1.480,0.800,1,0,0,0,0,11,29,1,23,0
12-05 16:19:21,16.254,4.001,77.021,1.750,0,1518280,995716,169280,5251452,11326.106,5270.446,0,4529.242,0,26.007,3211,3595,2.490,1.480,0.800,3,0,43.012,0,0,11,28,1,24,0
12-05 16:19:22,20.508,4.502,73.528,0.500,0,1534204,979784,169280,5251460,6946.627,708.268,0,1824.690,0,101.038,2067,1513,2.450,1.490,0.800,1,0,25.009,0,0,11,28,1,24,0
12-05 16:19:23,15.289,2.757,81.960,0.251,0,1514664,999244,169300,5251480,12365.703,7355.859,0,284.730,0,27.069,2668,3304,2.450,1.490,0.800,3,0,6.015,0,0,11,28,1,25,0
12-05 16:19:24,9.995,24.238,63.468,0.999,0,1419460,1094404,169320,5251504,7968.941,485.753,0,1087.446,0,68.965,6758,6087,2.450,1.490,0.800,3,0,705.641,0,0,11,28,1,24,0
12-05 16:19:25,79.045,19.261,1.751,0,0,1606868,906964,169320,5251536,7180.057,540.305,0,488.276,0,18.010,5109,3480,2.450,1.490,0.800,5,0,332.188,0,0,11,28,1,24,0
12-05 16:19:26,72.331,9.197,17.896,0,0,1700848,812796,169320,5251724,31033.298,28985.158,0,20513.216,0,162.062,6977,8038,2.450,1.490,0.800,4,0,0.994,0,0,11,33,1,24,0
12-05 16:19:27,65.127,14.333,17.853,3.017,0,1567552,945876,169336,5251924,31947.756,21455.076,0,4131.895,0,78.454,8928,13798,2.740,1.570,0.830,6,0,311.803,0,0,11,28,1,25,0
12-05 16:19:28,87.074,12.225,0,0,0,1705976,807448,169336,5251952,10475.874,4031.869,0,263.469,0,14.970,4862,2587,2.740,1.570,0.830,4,0,0,0,0,11,30,1,21,0
12-05 16:19:29,79.404,8.517,12.023,0,0,1786936,726344,169340,5252092,43627.637,39341.322,0,184.358,0,7.014,7105,11087,2.740,1.570,0.830,2,0,0,0,0,11,34,1,21,0
12-05 16:19:30,61.563,13.459,22.681,0.498,0,1547456,965588,169340,5252324,31280.986,21042.086,0,953.105,0,66.797,8525,13139,2.740,1.570,0.830,3,0,297.098,0,0,11,28,1,26,0
12-05 16:19:31,36.872,4.235,58.796,0,0,1580236,932800,169340,5252332,14384.097,6893.085,0,175.392,0,7.972,2648,1894,2.740,1.570,0.830,3,0,0,0,0,11,30,1,26,0
12-05 16:19:32,40.012,14.596,44.039,0.755,0,1539076,973908,169348,5252376,19418.390,12729.509,0,386.536,0,27.178,6258,8036,2.920,1.630,0.860,4,0,330.166,0,0,11,28,1,28,0
12-05 16:19:33,55.983,7.464,35.331,0,0,1586272,926672,169352,5252412,16466.412,9116.491,0,230.898,0,11.943,3822,2345,2.920,1.630,0.860,3,0,49.763,0,0,11,31,1,25,0
12-05 16:19:34,49.235,8.792,41.699,0.251,0,1499720,1012980,169360,5252648,26957.593,20367.156,0,454.166,0,49.235,7562,10601,2.920,1.630,0.860,5,0,143.685,0,0,11,28,1,26,0
12-05 16:19:35,84.373,14.229,1.498,0,0,1616376,896276,169364,5252692,9292.980,1245.121,0,179.729,0,8.986,4939,2311,2.920,1.630,0.860,4,0,114.827,0,0,11,29,1,26,0
12-05 16:19:36,52.518,5.252,41.014,0.250,0,1627488,884960,169364,5252896,41348.193,34966.002,0,244.084,0,18.006,8100,11623,2.920,1.630,0.860,5,0,1.000,0,0,11,31,1,27,0
12-05 16:19:37,64.892,16.722,16.722,1.498,0,1507168,1005084,169392,5253064,9801.739,5587.730,0,1122.138,0,73.877,5975,6559,2.930,1.650,0.870,4,0,323.463,0,0,11,28,1,29,0
12-05 16:19:38,48.888,4.763,44.125,1.504,0,1552748,959456,169392,5253112,25719.737,17154.514,0,2479.011,0,98.278,4854,5048,2.930,1.650,0.870,2,0,0,0,0,11,31,1,29,0
12-05 16:19:39,53.501,15.000,30.500,0.250,0,1516900,995248,169392,5253168,26127.249,12899.123,0,344.003,0,36.000,6861,8728,2.930,1.650,0.870,4,0,299.003,0,0,11,28,1,31,0
12-05 16:19:40,51.637,5.488,41.659,0.499,0,1562784,949204,169400,5253320,22530.847,12309.146,0,207.547,0,10.976,3766,2614,2.930,1.650,0.870,4,0,0,0,0,11,31,1,31,0
12-05 16:19:41,48.353,14.030,35.826,0.251,0,1460600,1051192,169400,5253516,24712.643,16684.542,0,248.529,0,25.053,7458,9853,2.930,1.650,0.870,4,0,287.613,0,0,11,28,1,32,0
12-05 16:19:42,55.467,6.246,38.227,0,0,1590060,921704,169404,5253540,12651.481,9014.642,0,739.560,0,14.991,3597,1888,2.850,1.650,0.870,2,0,0,0,0,11,31,1,32,0
12-05 16:19:43,49.255,8.501,40.254,0.750,0,1487480,1023952,169412,5253864,29260.220,17606.938,0,432.048,0,35.004,6564,8842,2.850,1.650,0.870,3,0,110.012,0,0,11,28,1,34,0
12-05 16:19:44,60.313,8.474,30.406,0,0,1543832,967584,169412,5253880,12391.498,5913.626,0,187.418,0,7.975,3696,1616,2.850,1.650,0.870,1,0,1.994,0,0,11,31,1,34,0
12-05 16:19:45,44.633,6.770,46.890,1.755,0,1507956,1003400,169416,5253936,32868.067,20815.105,0,453.353,0,36.108,7048,9350,2.850,1.650,0.870,4,1,70.209,0,0,11,28,2,36,0
12-05 16:19:46,74.800,24.016,1.251,0,0,1575720,935544,169432,5253980,9184.114,540.360,0,1476.983,0,96.064,6063,5921,2.850,1.650,0.870,7,0,631.420,0,0,11,28,1,36,0
12-05 16:19:47,80.637,16.726,1.997,0,0,1774420,736760,169436,5254028,27504.308,16599.649,0,1821.438,0,47.933,6389,5797,3.180,1.740,0.910,6,0,450.366,0,0,11,32,1,36,0
12-05 16:19:48,76.603,17.523,5.257,0,0,1805636,705080,169456,5254480,58010.665,43453.175,0,416.558,0,39.052,9257,11834,3.180,1.740,0.910,5,0,449.602,0,0,11,30,1,37,0
12-05 16:19:49,84.002,16.000,0,0,0,1656932,853732,169472,5254516,9487.232,5069.124,0,308.008,0,35.001,5880,5071,3.180,1.740,0.910,5,0,254.006,0,0,11,28,1,37,0
12-05 16:19:50,70.448,7.966,20.910,0,0,1704516,806088,169476,5254572,35194.316,30709.517,0,155.335,0,7.966,7054,8733,3.180,1.740,0.910,6,0,0,0,0,11,33,1,37,0
12-05 16:19:51,55.945,18.565,24.837,0,0,1475112,1035276,169476,5254788,36013.577,26748.269,0,128.448,0,12.042,8587,13152,3.180,1.740,0.910,2,0,488.704,0,0,11,28,1,42,0
12-05 16:19:52,25.516,32.020,41.526,0,0,1469864,1040488,169476,5254824,8331.135,540.333,0,212.131,0,22.014,6678,6285,3.250,1.780,0.920,7,0,914.564,0,0,11,28,1,42,0
12-05 16:19:53,73.792,13.711,12.465,0,0,1634868,875436,169476,5254872,19114.179,10177.343,0,151.573,0,9.972,4908,3449,3.250,1.780,0.920,4,0,200.436,0,0,11,31,1,42,0
12-05 16:19:54,58.925,9.528,30.591,0.752,0,1575432,934644,169496,5255080,30250.077,22516.047,0,2936.745,0,150.448,7815,10617,3.250,1.780,0.920,3,0,134.400,0,0,11,29,1,45,0
12-05 16:19:55,76.585,13.720,8.482,0,0,1592796,917260,169500,5255096,17711.795,5470.201,0,283.389,0,20.955,5538,3945,3.250,1.780,0.920,4,0,133.712,0,0,11,30,1,46,0
12-05 16:19:56,61.822,6.257,32.788,0,0,1624140,885692,169504,5255316,40423.333,33360.063,0,1325.552,0,10.012,7553,11494,3.250,1.780,0.920,2,0,1.001,0,0,11,32,1,46,0
12-05 16:19:57,53.755,8.001,37.004,0.250,0,1624940,884636,169520,5255556,42477.100,34958.374,0,484.047,0,45.004,11677,19179,3.230,1.800,0.930,4,0,49.005,0,0,11,29,1,46,0
12-05 16:19:58,79.679,11.703,7.968,0,0,1589456,920056,169536,5255604,13216.830,5331.552,0,270.910,0,25.896,5374,3804,3.230,1.800,0.930,5,0,70.716,0,0,11,29,2,46,0
12-05 16:19:59,60.429,6.770,32.346,0.251,0,1630860,878564,169540,5255652,40159.143,31880.582,0,144.428,0,8.024,7305,10621,3.230,1.800,0.930,3,0,2.006,0,0,11,32,1,46,0
12-05 16:20:00,51.820,9.263,37.301,0,0,1603736,905288,169540,5256052,49801.437,40230.477,0,148.201,0,10.014,13465,21231,3.230,1.800,0.930,4,0,125.169,0,0,11,29,1,49,0
12-05 16:20:01,79.543,14.008,5.753,0,0,1586076,922932,169544,5256080,13808.413,5590.001,0,156.084,0,10.005,5137,3273,3.230,1.800,0.930,5,0,137.074,0,0,11,29,1,50,0
12-05 16:20:02,59.670,6.242,33.954,0,0,1631644,877160,169548,5256280,39600.908,29971.817,0,155.791,0,6.991,6367,10015,3.130,1.800,0.940,4,0,0,0,0,11,32,1,50,0
12-05 16:20:03,67.682,11.488,19.480,0.250,0.250,1532760,975976,169556,5256340,33572.313,21029.898,0,307.691,0,28.971,8834,12241,3.130,1.800,0.940,5,0,117.882,0,0,11,28,1,52,0
12-05 16:20:04,75.425,9.773,15.035,0.251,0,1616976,891668,169564,5256424,17573.757,11152.865,0,204.474,0,18.042,4795,2966,3.130,1.800,0.940,3,0,10.023,0,0,11,31,1,52,0
12-05 16:20:05,64.612,11.725,22.452,0.249,0,1681668,826764,169576,5256624,24214.142,20369.376,0,395.154,0,40.912,6850,9435,3.130,1.800,0.940,3,0,119.744,0,0,11,30,1,53,0
12-05 16:20:06,64.588,7.260,25.785,1.752,0,1645260,862952,169592,5256828,39995.328,28628.889,0,1930.623,0,115.156,7142,10260,3.130,1.800,0.940,6,0,47.064,0,0,11,30,1,55,0
12-05 16:20:07,72.545,15.009,12.008,0.250,0,1582352,925796,169600,5256884,19362.111,13107.198,0,164.103,0,11.007,6178,7766,3.200,1.840,0.960,5,0,181.113,0,0,11,28,1,57,0
12-05 16:20:08,67.732,6.723,25.150,0,0,1614480,893620,169604,5256928,28094.777,21561.641,0,99.606,0,5.976,4861,5847,3.200,1.840,0.960,5,0,0,0,0,11,31,1,58,0
12-05 16:20:09,68.983,11.247,18.496,1.250,0,1650004,857896,169616,5257116,25939.723,16223.075,0,3387.180,0,145.965,7045,8518,3.200,1.840,0.960,7,0,67.984,0,0,11,29,1,58,0
12-05 16:20:10,55.791,9.757,33.274,0.500,0,1531616,976236,169628,5257152,18116.312,12880.465,0,480.353,0,51.038,5027,5300,3.200,1.840,0.960,6,0,144.106,0,0,11,31,1,60,0
12-05 16:20:11,53.885,11.028,33.333,1.003,0,1540028,967780,169648,5257172,15622.027,8091.213,0,380.952,0,37.093,4947,4677,3.200,1.840,0.960,4,0,116.291,0,0,11,33,1,61,0
12-05 16:20:12,48.764,8.252,41.512,0.500,0,1548524,959208,169652,5257244,25556.279,19392.523,0,148.042,0,10.003,4870,6738,3.270,1.880,0.970,3,0,96.027,0,0,11,34,1,62,0
12-05 16:20:13,55.993,9.749,33.746,0.250,0,1492024,1015656,169664,5257284,17337.878,11374.608,0,471.942,0,10.999,4415,4721,3.270,1.880,0.970,3,0,85.989,0,0,11,33,1,64,0
12-05 16:20:14,44.631,6.732,47.623,0,0,1551432,955896,169676,5257616,23853.168,15751.847,0,219.413,0,24.933,4509,5943,3.270,1.880,0.970,3,0,85.770,0,0,11,34,1,63,0
12-05 16:20:15,28.589,8.276,59.184,3.260,0,1505032,1002100,169700,5257788,20942.127,11969.222,0,381.185,0,34.106,5792,8244,3.270,1.880,0.970,2,0,135.421,0,0,11,32,1,65,0
12-05 16:20:16,38.109,4.982,55.793,0,0,1531536,975576,169712,5257796,8892.056,4839.072,0,159.409,0,10.959,2755,1754,3.270,1.880,0.970,3,0,0.996,0,0,11,34,1,65,0
12-05 16:20:17,36.307,6.761,55.337,0.751,0,1482676,1024352,169716,5260304,23414.776,13737.577,0,224.352,0,16.025,5951,11495,3.160,1.880,0.980,6,0,68.107,0,0,11,32,1,67,0
12-05 16:20:18,39.989,8.498,50.736,0,0,1569276,937740,169720,5257876,12412.529,2890.192,0,183.949,0,11.997,3519,11274,3.160,1.880,0.980,2,0,105.970,0,0,11,33,1,66,0
12-05 16:20:19,32.792,6.008,60.328,0.501,0,1555064,951764,169736,5258044,24134.267,13825.912,0,336.436,0,28.036,4708,5650,3.160,1.880,0.980,3,0,60.078,0,0,11,33,1,67,0
12-05 16:20:20,37.896,5.236,55.847,0.499,0,1561016,945792,169752,5258048,31012.298,4157.645,0,239.346,0,21.940,3040,2512,3.160,1.880,0.980,1,0,4.986,0,0,11,33,1,68,0
12-05 16:20:21,35.828,3.508,60.381,0.251,0,1565584,941180,169752,5258088,27810.295,16342.432,0,148.322,0,9.020,4471,5661,3.160,1.880,0.980,2,0,0,0,0,11,33,1,69,0
12-05 16:20:22,38.314,6.511,53.340,0.751,0,1492484,1014228,169772,5258116,22748.291,4459.506,0,292.492,0,26.044,4000,4119,3.070,1.880,0.990,2,0,48.081,0,0,11,32,1,63,0
12-05 16:20:23,32.819,4.973,59.671,1.740,0,1518632,988032,169776,5258140,33289.211,14551.661,0,485.321,0,55.693,3576,4144,3.070,1.880,0.990,3,0,5.967,0,0,11,34,1,63,0
12-05 16:20:24,26.742,11.996,60.232,0.750,0,1439804,1066608,169800,5258368,25265.357,8686.372,0,355.892,0,34.989,6179,7256,3.070,1.880,0.990,2,0,281.915,0,0,11,32,1,65,0
12-05 16:20:25,18.784,2.254,78.142,0,0,1470432,1035968,169808,5258372,16179.452,2842.174,0,196.357,0,11.020,1689,1246,3.070,1.880,0.990,2,0,0,0,0,11,33,1,65,0
12-05 16:20:26,17.076,2.009,79.352,0.502,0,1462784,1043572,169828,5258396,20550.210,8925.615,0,261.159,0,18.080,3358,4307,3.070,1.880,0.990,2,0,1.004,0,0,11,32,1,65,0
12-05 16:20:27,15.175,12.936,70.899,0.249,0,1386892,1119452,169832,5258404,7602.313,557.238,0,1472.699,0,19.901,4096,3184,2.900,1.870,0.990,2,0,282.599,0,0,11,32,1,65,0
12-05 16:20:28,18.715,2.246,77.107,1.248,0,1417864,1088468,169832,5258412,13719.624,5677.499,0,195.638,0,8.983,1934,1690,2.900,1.870,0.990,3,0,0,0,0,11,33,1,65,0
12-05 16:20:29,17.095,4.777,76.173,0.754,0,1405416,1100888,169836,5258436,13298.805,6274.824,0,526.924,0,35.195,3752,4463,2.900,1.870,0.990,2,0,46.257,0,0,11,32,1,66,0
12-05 16:20:30,19.499,2.000,78.247,0,0,1454968,1051324,169844,5258440,11058.550,3030.877,0,2799.886,0,174.993,1921,1447,2.900,1.870,0.990,2,0,0,0,0,11,33,1,61,0
12-05 16:20:31,17.487,2.248,78.691,0,0,1448904,1057360,169844,5258468,17327.022,10211.351,0,0,0,0,4009,5288,2.900,1.870,0.990,2,0,0,0,0,11,33,1,61,0
12-05 16:20:32,12.510,15.763,70.056,1.001,0,1432580,1073352,169868,5258792,10530.358,2562.034,0,244.194,0,23.018,5834,5593,2.830,1.870,0.990,2,0,442.351,0,0,11,32,1,61,0
12-05 16:20:33,38.554,10.765,48.568,1.502,0,1490636,1015172,169880,5258892,7611.598,560.781,36.050,384.535,1.001,27.038,3907,3025,2.830,1.870,0.990,3,0,184.257,0,0,11,32,1,63,0
12-05 16:20:34,35.910,5.237,43.890,13.715,0,1530596,971620,169972,5261844,9072.165,538.644,434.905,4608.400,16.957,261.342,4282,5147,2.830,1.870,0.990,3,2,16.957,0,0,11,36,1,60,0
12-05 16:20:35,25.494,5.249,40.991,25.244,0,1546984,954356,170088,5262608,10164.741,559.876,0,4279.049,0,475.894,5471,8550,2.830,1.870,0.990,2,1,21.995,0,0,11,36,1,60,0
12-05 16:20:36,25.960,5.242,39.690,27.708,0,1563980,936476,170224,5263336,4425.260,485.261,0,9821.042,0,746.863,4929,8306,2.830,1.870,0.990,3,1,24.962,0,0,11,36,1,60,0
12-05 16:20:37,25.276,5.005,36.789,31.283,0,1620160,879564,170388,5263888,9764.219,486.509,0,11383.914,0,770.807,4774,8027,3.010,1.920,1.010,2,2,8.008,0,0,11,36,1,60,0
12-05 16:20:38,26.756,4.251,47.511,20.505,0,1594328,904008,170524,5265088,7936.896,540.129,0,5529.321,0,518.124,4491,7458,3.010,1.920,1.010,2,2,25.006,0,0,11,36,1,56,0
12-05 16:20:39,26.015,4.753,36.771,31.017,0,1614548,883212,170612,5265564,5602.151,560.315,0,10830.092,0,760.428,5183,8504,3.010,1.920,1.010,3,1,20.011,0,0,11,36,1,56,0
12-05 16:20:40,26.795,5.008,38.315,28.047,0,1572688,924036,170668,5266516,8774.854,486.824,0,7200.189,0,666.128,5403,8864,3.010,1.920,1.010,1,2,22.037,0,0,11,36,1,56,0
12-05 16:20:41,26.122,5.722,28.113,38.313,0,1625056,871188,170752,5266900,5901.147,537.373,0,11412.201,0,792.127,5284,8333,3.010,1.920,1.010,3,0,10.946,0,0,11,36,1,56,0
12-05 16:20:42,27.575,5.264,37.853,28.076,0,1591552,904260,170908,5267160,7920.546,487.326,0,11768.013,0,854.324,5696,9225,3.170,1.970,1.040,2,1,10.027,0,0,11,36,1,51,0
12-05 16:20:43,25.224,4.995,42.707,25.224,0,1608476,886620,171100,5267664,6283.644,485.509,0,7272.643,0,737.254,5843,9390,3.170,1.970,1.040,4,1,16.983,0,0,11,36,1,51,0
12-05 16:20:44,29.269,5.003,36.774,27.768,0.250,1604272,890032,171200,5268264,8698.654,486.316,0,12540.151,0,871.566,5916,9473,3.170,1.970,1.040,4,2,5.003,0,0,11,38,1,51,0
12-05 16:20:45,25.874,4.229,35.576,32.093,0,1644124,850520,171384,5267736,10107.634,483.638,0,6249.478,0,645.846,4870,7594,3.170,1.970,1.040,7,1,9.951,0,0,11,38,1,51,0
12-05 16:20:46,40.908,7.278,36.140,15.309,0,1552052,942636,171564,5267512,9219.721,487.890,0,11693.305,0,792.069,5349,7211,3.170,1.970,1.040,4,0,7.027,0,0,11,32,1,47,0
12-05 16:20:47,38.889,5.018,46.667,8.029,0,1582208,912148,171720,5267676,19827.928,562.010,0,2500.946,0,368.318,5002,6552,3.230,2.010,1.050,5,0,2.007,0,0,11,34,1,47,0
12-05 16:20:48,29.428,5.237,41.150,22.196,0,1588416,905468,171980,5267868,8567.141,484.820,0,7513.706,0,935.722,7622,12457,3.230,2.010,1.050,3,1,2.993,0,0,11,34,1,47,0
12-05 16:20:49,30.159,5.483,41.874,20.438,0,1576372,916772,172432,5268124,10026.731,538.375,0,8925.057,0,1326.994,8531,15769,3.230,2.010,1.050,4,0,0,0,0,11,34,1,47,0
12-05 16:20:50,28.911,7.039,63.101,1.257,0,1481560,1011524,172460,5268152,8325.283,488.717,0,3004.704,0,182.012,3405,3206,3.230,2.010,1.050,1,0,99.553,0,0,11,32,1,46,0
12-05 16:20:51,22.253,3.501,69.761,3.751,0,1415156,1077924,172464,5268152,5674.866,486.074,0,872.133,0,46.007,2230,1749,3.230,2.010,1.050,3,0,24.004,0,0,11,32,1,46,0
12-05 16:20:52,7.502,21.507,52.767,17.005,0,1407084,1085776,172532,5268300,3119.987,486.154,0,8946.830,0,412.130,6826,6851,3.050,1.990,1.050,1,0,533.169,0,0,11,32,1,46,0
12-05 16:20:53,8.237,20.966,69.386,0.749,0,1402924,1089860,172536,5268360,9272.829,485.206,0,774.733,0,23.961,6055,4729,3.050,1.990,1.050,2,0,460.247,0,0,11,32,1,46,0
12-05 16:20:54,11.485,15.979,70.906,0,0,1432432,1060320,172536,5268384,7702.821,485.359,0,0,0,0,5005,4001,3.050,1.990,1.050,2,0,352.534,0,0,11,32,1,38,0
12-05 16:20:55,22.496,3.499,73.985,0,0,1504276,988488,172536,5268372,10177.993,539.894,0,0,0,0,1801,1234,3.050,1.990,1.050,3,0,2.000,0,0,11,32,1,38,0
12-05 16:20:56,22.505,3.251,70.017,3.501,0,1471056,1021688,172536,5268392,7838.861,528.125,0,484.115,0,84.020,1994,1418,3.050,1.990,1.050,2,0,2.000,0,0,11,32,1,38,0
12-05 16:20:57,22.762,3.252,73.287,0,0,1502888,989876,172536,5268372,8839.508,486.248,0,20.010,0,1.001,1844,1230,2.890,1.970,1.050,2,0,2.001,0,0,11,32,1,38,0
12-05 16:20:58,22.795,3.256,73.146,0.250,0,1520116,972620,172544,5268388,8166.284,486.971,0,272.543,0,18.036,2067,1767,2.890,1.970,1.050,2,0,1.002,0,0,11,32,1,38,0
12-05 16:20:59,22.728,3.746,68.435,5.495,0,1442996,1049740,172544,5268404,5826.443,485.537,0,2257.847,0,235.775,2072,1320,2.890,1.970,1.050,3,0,2.997,0,0,11,32,1,37,0
12-05 16:21:00,21.770,3.503,72.315,1.001,0,1507064,985692,172544,5268384,4985.511,540.489,0,52.047,0,4.004,1814,1300,2.890,1.970,1.050,1,0,2.002,0,0,11,32,1,37,0
12-05 16:21:01,23.673,2.741,73.761,0,0,1414308,1078428,172544,5268404,8483.544,484.432,0,135.561,0,25.916,1857,1227,2.890,1.970,1.050,3,0,0.997,0,0,11,32,1,37,0
12-05 16:21:02,21.754,3.751,73.262,0,0,1469504,1023240,172544,5268396,8657.443,486.081,0,0,0,0,1811,1179,2.740,1.960,1.050,2,0,2.000,0,0,11,32,1,37,0
12-05 16:21:03,22.827,3.512,73.749,0,0,1483316,1009288,172544,5268536,7410.062,561.900,0,20.068,0,2.007,1848,1306,2.740,1.960,1.050,3,0,1.003,0,0,11,32,1,32,0
12-05 16:21:04,22.448,3.991,72.832,0,0,1471932,1020668,172544,5268540,11067.462,538.757,0,2023.331,0,15.963,1963,1329,2.740,1.960,1.050,2,0,1.995,0,0,11,32,1,32,0
12-05 16:21:05,23.506,2.251,73.517,0,0,1414568,1078000,172544,5268572,10407.466,486.115,0,156.037,0,2.000,1828,1211,2.740,1.960,1.050,3,0,1.000,0,0,11,32,1,32,0
12-05 16:21:06,22.481,3.247,73.438,0,0,1480428,1012228,172544,5268484,5464.359,485.588,0,87.925,0,0.999,1852,1261,2.740,1.960,1.050,2,0,2.997,0,0,11,32,1,32,0
12-05 16:21:07,22.549,3.508,73.660,0,0,1497384,995196,172544,5268560,4705.213,487.057,0,124.270,0,27.059,1821,1305,2.600,1.940,1.050,2,0,1.002,0,0,11,32,1,27,0
12-05 16:21:08,22.706,2.994,73.606,0.250,0,1497384,995196,172552,5268552,6149.974,485.052,0,115.774,0,10.979,1974,1781,2.600,1.940,1.050,2,0,0.998,0,0,11,32,1,27,0
12-05 16:21:09,22.966,3.245,72.893,0,0,1505136,987412,172560,5268572,10301.825,539.206,0,507.253,0,32.951,1929,1380,2.600,1.940,1.050,2,0,2.996,0,0,11,32,1,27,0
12-05 16:21:10,22.273,3.504,73.325,0,0,1516496,976072,172560,5268552,78293.960,486.497,0,28.029,0,2.002,1857,1308,2.600,1.940,1.050,2,0,0,0,0,11,32,1,27,0
12-05 16:21:11,22.754,3.501,73.514,0,0,1498164,994392,172560,5268564,8902.745,486.095,0,0,0,0,1879,1343,2.600,1.940,1.050,2,0,1.000,0,0,11,32,1,19,0
12-05 16:21:12,20.553,5.264,73.190,0,0,1489676,1002840,172560,5268604,6916.991,487.267,0,152.396,0,28.073,2348,1618,2.470,1.930,1.050,2,0,57.149,0,0,11,32,1,19,0
12-05 16:21:13,12.469,16.958,70.075,0,0,1497740,994756,172560,5268624,9102.292,538.656,0,215.462,0,8.978,5097,4195,2.470,1.930,1.050,1,0,403.992,0,0,11,32,1,19,0
12-05 16:21:14,22.469,3.246,71.902,1.997,0,1551620,940864,172560,5268636,6947.563,485.341,0,215.707,0,3.995,1664,1120,2.470,1.930,1.050,2,0,0,0,0,11,32,1,19,0
12-05 16:21:15,22.279,3.505,73.596,0,0,1563464,928768,172560,5268884,4263.582,486.637,0,0,0,0,1862,1279,2.470,1.930,1.050,4,0,9.012,0,0,11,32,1,15,0
12-05 16:21:16,21.820,6.772,71.731,0.251,0,1571780,920416,172560,5268920,7647.646,487.571,40.129,4.013,2.006,1.003,2765,2083,2.470,1.930,1.050,2,0,150.485,0,0,11,32,1,15,0
12-05 16:21:17,8.229,21.196,69.325,0,0,1551136,940944,172560,5269036,8939.400,578.537,0,195.506,0,6.982,6167,4945,2.590,1.960,1.070,3,0,488.764,0,0,11,32,1,15,0
12-05 16:21:18,13.030,23.304,62.145,1.002,0,1523168,968872,172568,5269064,8081.855,487.136,0,477.113,0,16.037,7316,16944,2.590,1.960,1.070,1,0,669.562,0,0,11,32,1,16,0
12-05 16:21:19,8.495,22.737,63.215,4.747,0,1496224,995712,172592,5269128,9456.787,485.732,0,3629.999,0,122.932,6660,5785,2.590,1.960,1.070,1,0,572.684,0,0,11,32,1,11,0
12-05 16:21:20,8.752,21.254,68.512,0,0,1474000,1017908,172592,5269148,6900.253,486.088,0,1440.262,0,17.003,6242,5046,2.590,1.960,1.070,1,0,538.098,0,0,11,32,1,11,0
12-05 16:21:21,8.241,20.726,69.671,0,0,1452692,1039184,172592,5269180,7819.132,485.449,0,635.280,0,8.990,6110,4705,2.590,1.960,1.070,2,0,467.470,0,0,11,32,1,11,0
12-05 16:21:22,8.003,21.259,70.029,0,0,1429680,1062144,172592,5269216,7922.304,486.203,0,200.083,0,8.003,5939,4575,2.460,1.940,1.060,3,0,437.182,0,0,11,32,1,11,0
12-05 16:21:23,8.248,22.746,67.737,0,0,1413560,1078208,172592,5269248,4274.199,485.909,0,431.919,0,50.990,6474,5561,2.460,1.940,1.060,1,0,599.888,0,0,11,32,1,7,0
12-05 16:21:24,8.510,20.774,68.830,0.501,0,1373196,1118508,172600,5269284,11565.424,486.565,0,248.288,0,13.015,6073,4909,2.460,1.940,1.060,4,0,501.582,0,0,11,32,1,7,0
12-05 16:21:25,43.143,24.689,29.676,1.247,0,1454436,1037200,172620,5269332,10663.573,484.799,0,869.844,0,54.864,6694,6377,2.460,1.940,1.060,4,0,682.309,0,0,11,32,1,13,0
12-05 16:21:26,62.252,8.000,24.001,5.250,0,1645888,842384,172680,5272204,8125.311,486.019,444.017,3248.124,10.000,146.006,4473,3509,2.460,1.940,1.060,4,0,11.000,0,0,11,34,1,13,0
12-05 16:21:27,20.743,4.499,40.487,32.239,0,1652472,831200,172840,5275968,5902.036,485.838,0,9024.997,0,559.814,6479,10631,2.670,1.990,1.090,3,2,26.991,0,0,11,38,0,11,0
12-05 16:21:28,7.752,2.751,48.510,39.008,0,1651036,830948,172936,5277520,9518.054,486.105,0,11410.462,0,827.178,5251,9734,2.670,1.990,1.090,2,1,21.005,0,0,11,38,0,11,0
12-05 16:21:29,6.753,2.751,50.022,36.766,0,1649112,831728,173056,5278516,11669.062,486.211,0,12177.283,0,839.364,5574,10214,2.670,1.990,1.090,1,2,21.009,0,0,11,38,0,11,0
12-05 16:21:30,6.999,2.500,50.992,37.494,0,1647360,832112,173240,5279672,4867.240,485.924,0,12234.089,0,926.855,4720,8918,2.670,1.990,1.090,2,4,11.998,0,0,11,38,0,11,0
12-05 16:21:31,8.747,2.999,53.230,32.738,0,1645892,832000,173460,5280968,3672.616,485.817,0,11939.500,0,789.702,5370,9805,2.670,1.990,1.090,1,1,8.997,0,0,11,38,0,10,0
12-05 16:21:32,6.500,3.500,49.247,37.498,0,1644580,832196,173520,5281996,9846.438,485.972,0,12303.298,0,819.953,5384,9691,2.850,2.040,1.110,1,4,14.999,0,0,11,38,0,10,0
12-05 16:21:33,6.501,3.000,47.004,40.254,0,1644016,831692,173608,5282944,8161.717,486.043,0,11637.022,0,915.080,5241,9417,2.850,2.040,1.110,4,2,9.001,0,0,11,38,0,10,0
12-05 16:21:34,10.509,3.003,49.042,35.530,0,1643560,831188,173676,5283804,12117.372,486.416,0,11257.636,0,774.663,4645,8286,2.850,2.040,1.110,3,3,6.005,0,0,11,36,0,10,0
12-05 16:21:35,22.779,7.259,41.052,27.034,0.250,1669248,804476,173740,5284736,6300.025,486.620,0,9155.663,0,629.802,5398,8488,2.850,2.040,1.110,3,2,58.074,0,0,11,36,0,8,0
12-05 16:21:36,18.508,3.752,40.017,35.015,0,1672516,800112,173776,5285768,17889.588,7334.111,0,11825.016,0,799.339,5929,9978,2.850,2.040,1.110,2,4,17.007,0,0,11,37,0,8,0
12-05 16:21:37,20.945,7.231,42.140,28.426,0,1623196,848244,173800,5286900,12711.789,2899.425,0,14625.788,0,930.569,7226,11474,2.870,2.060,1.120,4,3,84.779,0,0,11,38,0,9,0
12-05 16:21:38,23.986,4.247,45.223,24.236,0,1658860,810644,173872,5288684,28473.092,5514.725,0,9262.500,0,727.568,6206,10163,2.870,2.060,1.120,6,0,14.991,0,0,11,39,0,9,0
12-05 16:21:39,20.302,4.512,42.860,31.080,0,1660364,807788,173908,5289932,15320.297,7583.452,0,14765.875,0,957.456,7794,13563,2.870,2.060,1.120,1,5,6.015,0,0,11,39,0,9,0
12-05 16:21:40,17.231,3.496,41.954,34.462,0,1657548,809156,173972,5291252,17464.954,7854.434,0,13393.394,0,889.030,7369,12915,2.870,2.060,1.120,2,2,11.987,0,0,11,38,0,9,0
12-05 16:21:41,25.774,6.756,32.530,33.531,0,1651620,814164,174032,5292072,9083.393,594.549,0,9833.086,0,645.597,5597,8708,2.870,2.060,1.120,1,3,39.036,0,0,11,38,0,9,0
12-05 16:21:42,19.263,3.753,42.529,33.523,0,1657280,807452,174088,5293040,16624.425,8749.013,0,10371.127,0,689.474,6117,10120,3.040,2.110,1.140,1,1,6.004,0,0,11,39,0,9,0
12-05 16:21:43,16.463,3.243,49.140,27.688,0,1656328,807344,174192,5293948,17051.799,9420.895,0,8536.875,0,639.567,8516,14547,3.040,2.110,1.140,2,1,14.966,0,0,11,39,0,9,0
12-05 16:21:44,24.249,7.000,30.248,36.248,0,1622068,840108,174276,5295292,14588.196,3461.809,0,14203.217,0,1013.944,8611,14041,3.040,2.110,1.140,2,3,70.996,0,0,11,38,0,10,0
12-05 16:21:45,23.501,4.000,36.501,34.501,0,1651792,809376,174380,5296168,10975.260,5518.131,0,13176.312,0,846.020,6080,10043,3.040,2.110,1.140,2,3,3.000,0,0,11,39,0,10,0
12-05 16:21:46,20.047,4.761,42.348,31.072,0,1653460,807136,174444,5296692,13000.160,8821.466,0,11967.765,0,710.649,7944,12920,3.040,2.110,1.140,1,1,2.005,0,0,11,39,0,10,0
12-05 16:21:47,23.674,5.233,42.862,25.917,0,1641648,817220,174508,5298304,12309.341,6487.099,0,9170.454,0,723.668,8172,13236,2.950,2.110,1.140,2,3,47.846,0,0,11,38,0,10,0
12-05 16:21:48,25.527,4.755,32.784,34.787,0,1699852,758076,174596,5299132,11078.643,2454.580,0,12917.576,0,871.916,6438,10372,2.950,2.110,1.140,1,2,3.003,0,0,11,39,0,10,0
12-05 16:21:49,30.560,9.018,37.323,21.793,0,1592760,863972,174720,5300160,19216.586,10508.554,0,8516.658,0,651.274,7908,12424,2.950,2.110,1.140,5,1,161.316,0,0,11,37,0,10,0
12-05 16:21:50,30.517,15.258,30.016,22.512,0,1576852,877944,174824,5301912,17229.343,8569.647,372.202,11690.339,6.003,667.362,11062,19452,2.950,2.110,1.140,4,0,260.141,0,0,11,36,0,11,0
12-05 16:21:51,30.655,14.206,26.667,26.916,0,1561876,891392,174916,5303252,11315.815,484.494,1778.470,10919.049,31.901,698.827,7716,11558,2.950,2.110,1.140,3,1,212.340,0,0,11,36,0,11,0
12-05 16:21:52,18.796,4.260,49.622,24.811,0,1576876,875292,174972,5304268,18893.481,7358.102,0,9022.196,0,623.534,5600,9334,2.880,2.110,1.150,1,1,0,0,0,11,37,0,11,0
12-05 16:21:53,22.173,4.983,42.851,28.401,0,1541468,909776,175028,5305116,7374.301,2401.631,0,9451.064,0,660.698,5738,9385,2.880,2.110,1.150,7,1,39.861,0,0,11,36,0,12,0
12-05 16:21:54,20.467,4.243,46.174,26.457,0,1551004,899032,175152,5306136,10799.339,5508.991,0,13034.683,0,1031.313,5616,9094,2.880,2.110,1.150,3,1,0,0,0,11,37,0,12,0
12-05 16:21:55,18.294,7.769,45.609,27.065,0,1539380,909300,175220,5307364,11399.181,2169.172,0,11202.712,0,749.788,6092,9416,2.880,2.110,1.150,3,0,60.143,0,0,11,36,0,13,0
12-05 16:21:56,22.253,4.751,44.756,25.754,0,1556432,890972,175256,5308572,8411.144,2837.386,0,10545.434,0,698.095,5463,8810,2.880,2.110,1.150,4,0,4.001,0,0,11,37,0,13,0
12-05 16:21:57,22.821,4.765,43.385,28.087,0,1464988,981252,175316,5309648,12704.478,8634.832,0,11026.263,0,804.500,7476,12305,2.810,2.100,1.150,1,1,12.037,0,0,11,36,0,14,0
12-05 16:21:58,25.193,5.986,42.903,23.447,0,1543552,901360,175356,5310900,12090.559,484.899,0,8963.656,0,669.481,6433,9852,2.810,2.100,1.150,3,2,36.916,0,0,11,36,0,14,0
12-05 16:21:59,17.188,4.235,45.834,30.141,0,1550460,893548,175396,5311744,17840.318,8845.928,0,12909.196,0,850.915,7357,12385,2.810,2.100,1.150,6,2,2.989,0,0,11,37,0,14,0
12-05 16:22:00,11.526,5.512,49.862,29.817,0,1516200,925556,175420,5313864,13665.588,2978.667,0,11072.784,0,682.528,6954,11729,2.810,2.100,1.150,5,0,66.148,0,0,11,36,0,15,0
12-05 16:22:01,4.253,2.502,68.293,23.265,0,1512344,928396,175436,5314836,7772.950,486.310,0,9289.917,0,515.328,3705,6662,2.810,2.100,1.150,2,1,0,0,0,11,36,0,15,0
12-05 16:22:02,3.749,2.500,56.240,33.994,0,1504812,935068,175484,5315624,8745.484,485.916,0,11002.092,0,768.867,4736,8776,2.980,2.150,1.170,1,3,5.999,0,0,11,36,0,15,0
12-05 16:22:03,4.004,3.003,63.312,27.026,0,1498788,940196,175520,5316460,8440.247,486.475,0,7215.050,0,600.587,4346,7851,2.980,2.150,1.170,3,0,9.009,0,0,11,36,0,15,0
12-05 16:22:04,3.000,3.000,58.997,31.748,0,1493752,944928,175568,5316708,9287.494,485.973,0,12899.297,0,867.953,4698,8806,2.980,2.150,1.170,1,2,9.000,0,0,11,36,0,15,0
12-05 16:22:05,5.249,2.249,65.482,25.243,0,1488284,949520,175596,5317520,5014.654,485.870,0,6470.263,0,565.848,4033,7574,2.980,2.150,1.170,2,1,2.999,0,0,11,36,0,15,0
12-05 16:22:06,4.747,2.498,60.960,28.981,0,1483980,953528,175628,5317768,7385.193,485.684,0,9417.869,0,713.536,4621,8423,2.980,2.150,1.170,2,2,9.993,0,0,11,36,0,15,0
12-05 16:22:07,4.256,2.253,59.581,32.044,0,1480044,957004,175660,5318188,7684.479,486.664,0,10754.665,0,714.975,4008,7359,2.980,2.170,1.180,2,1,6.008,0,0,11,36,0,15,0
12-05 16:22:08,6.490,2.746,64.154,23.714,0,1476736,959876,175700,5318572,8673.979,485.272,0,6594.101,0,667.997,5158,9120,2.980,2.170,1.180,1,3,14.978,0,0,11,36,0,15,0
12-05 16:22:09,5.003,2.752,58.040,31.522,0,1473716,962732,175720,5318708,10738.353,486.333,0,12860.806,0,836.573,4739,8569,2.980,2.170,1.180,3,1,9.006,0,0,11,36,0,15,0
12-05 16:22:10,3.499,2.249,58.479,32.738,0,1470768,965268,175784,5319048,5386.088,485.828,0,10460.286,0,805.714,4305,7740,2.980,2.170,1.180,2,1,2.999,0,0,11,36,0,15,0
12-05 16:22:11,4.757,2.503,64.088,27.037,0,1468760,966556,175860,5319668,8537.739,486.669,0,5960.195,0,578.796,5226,9833,2.980,2.170,1.180,3,0,12.017,0,0,11,36,0,15,0
12-05 16:22:12,3.746,3.246,52.439,38.455,0,1466660,967912,175900,5320356,8050.561,485.431,0,11358.683,0,779.087,4522,8383,3.150,2.210,1.210,2,0,2.996,0,0,11,36,0,15,0
12-05 16:22:13,5.499,2.499,66.484,22.744,0,1465840,967104,176012,5321828,8565.914,539.869,0,7738.115,0,644.843,5006,9204,3.150,2.210,1.210,1,1,11.997,0,0,11,36,0,15,0
12-05 16:22:14,5.001,2.251,61.015,28.507,0,1463960,968440,176120,5322248,9424.323,432.106,0,13123.234,0,861.212,4888,9386,3.150,2.210,1.210,2,1,6.001,0,0,11,36,0,15,0
12-05 16:22:15,4.750,2.500,58.997,31.748,0,1464176,967864,176164,5322556,8920.566,485.976,0,10131.507,0,701.966,4029,7470,3.150,2.210,1.210,1,1,6.000,0,0,11,36,0,15,0
12-05 16:22:16,6.508,2.503,64.576,24.279,0,1463260,969180,176208,5322100,9659.424,486.575,0,6916.180,0,600.710,4699,8238,3.150,2.210,1.210,2,2,7.008,0,0,11,36,0,15,0
12-05 16:22:17,5.246,2.998,54.955,33.722,0,1462488,969812,176240,5322208,4428.347,633.477,0,11618.415,0,871.281,5093,9558,3.050,2.210,1.210,2,1,0,0,0,11,36,0,15,0
12-05 16:22:18,9.999,5.500,54.497,27.499,0,1472344,960640,176288,5321476,6437.670,485.975,0,13191.323,0,950.951,7682,19703,3.050,2.210,1.210,2,2,38.998,0,0,11,36,0,16,0
12-05 16:22:19,8.744,2.498,64.707,20.986,0,1471564,961244,176380,5321560,13059.309,485.677,0,5400.406,0,637.576,5596,9845,3.050,2.210,1.210,2,0,5.996,0,0,11,36,0,16,0
12-05 16:22:20,6.995,2.748,49.716,37.725,0,1470372,961980,176392,5322000,8840.040,485.673,0,14306.355,0,979.340,5096,9195,3.050,2.210,1.210,1,2,5.996,0,0,11,36,0,16,0
12-05 16:22:21,4.254,3.503,54.052,35.534,0,1468664,963288,176408,5322384,8771.503,486.472,0,12183.810,0,826.801,4820,8502,3.050,2.210,1.210,5,2,3.003,0,0,11,36,0,15,0
12-05 16:22:22,4.251,2.250,58.259,32.255,0,1467140,964500,176416,5322676,5427.880,486.079,0,8881.439,0,622.101,4134,7399,2.890,2.190,1.210,3,1,6.001,0,0,11,36,0,15,0
12-05 16:22:23,6.497,3.498,62.969,24.738,0,1466952,964192,176428,5323124,7294.398,485.760,0,9267.424,0,794.608,5604,9902,2.890,2.190,1.210,1,2,17.991,0,0,11,36,0,15,0
12-05 16:22:24,5.748,3.499,55.979,31.238,0.250,1465460,965240,176444,5323540,8273.834,485.814,0,13202.948,0,1020.609,5453,10161,2.890,2.190,1.210,3,1,5.998,0,0,11,36,0,15,0
12-05 16:22:25,6.254,2.502,67.547,21.765,0,1465436,964988,176460,5323792,5539.870,486.340,0,7185.020,0,630.440,4582,8291,2.890,2.190,1.210,2,3,9.006,0,0,11,36,0,14,0
12-05 16:22:26,4.749,2.749,61.985,27.243,0,1468336,962972,176472,5322896,3735.096,485.882,0,10305.505,0,799.806,5566,10242,2.890,2.190,1.210,1,2,3.999,0,0,11,36,0,14,0
12-05 16:22:27,6.247,3.498,55.224,31.985,0,1468136,962972,176488,5323080,9654.471,485.772,0,14341.273,0,993.534,5895,10767,2.820,2.190,1.210,3,1,2.999,0,0,11,38,0,14,0
12-05 16:22:28,6.007,2.503,63.579,24.781,0,1467864,962748,176516,5323544,8674.782,432.538,0,6884.557,0,685.852,5109,9176,2.820,2.190,1.210,3,1,6.007,0,0,11,38,0,14,0
12-05 16:22:29,5.996,2.998,57.215,31.231,0,1467640,962748,176552,5323728,10157.813,485.704,0,13611.710,0,942.426,4870,8995,2.820,2.190,1.210,1,1,2.998,0,0,11,38,0,8,0
12-05 16:22:30,4.751,2.750,58.009,32.755,0,1467748,962496,176572,5323852,5067.805,486.077,0,9381.490,0,611.097,4999,9392,2.820,2.190,1.210,4,1,3.000,0,0,11,38,0,8,0
12-05 16:22:31,6.746,2.498,62.710,24.984,0,1467472,962244,176592,5324328,9290.127,539.659,0,7899.007,0,700.557,5088,9266,2.820,2.190,1.210,2,0,8.994,0,0,11,38,0,8,0
12-05 16:22:32,7.773,2.257,63.439,24.322,0,1466964,962244,176616,5324808,7196.399,487.449,0,7438.117,0,676.010,4484,8099,2.750,2.180,1.220,3,2,12.036,0,0,11,38,0,8,0
12-05 16:22:33,8.726,2.244,56.093,28.919,0,1467124,961544,176628,5325320,6765271.256,484.642,0,12002.377,0,833.665,5707,8904,2.750,2.180,1.220,1,2,5.983,0,0,11,38,0,8,0
12-05 16:22:34,8.757,2.752,64.550,22.017,0,1466864,961040,176636,5326060,11042.537,486.376,0,8002.187,0,723.559,4958,9081,2.750,2.180,1.220,3,1,12.009,0,0,11,38,0,8,0
12-05 16:22:35,5.753,2.001,59.780,30.015,0,1466552,961040,176664,5326340,9503.848,432.220,0,11189.708,0,707.361,4198,7660,2.750,2.180,1.220,1,1,3.002,0,0,11,38,0,8,0
12-05 16:22:36,8.494,2.498,62.953,23.482,0,1465844,961040,176700,5326996,3729.189,485.634,0,4204.830,0,521.607,4897,8670,2.750,2.180,1.220,2,0,12.990,0,0,11,38,0,8,0
12-05 16:22:37,5.247,2.748,58.216,31.482,0,1465880,960536,176744,5327404,7847.448,539.687,0,11021.607,0,794.539,4634,8172,2.850,2.210,1.230,1,2,8.995,0,0,11,38,0,7,0
12-05 16:22:38,5.246,3.247,58.202,31.474,0,1465940,960284,176792,5327536,8647.846,485.598,0,13213.070,0,886.267,4958,9145,2.850,2.210,1.230,2,1,5.995,0,0,11,38,0,7,0
12-05 16:22:39,5.758,2.754,64.586,24.533,0,1466004,959528,176844,5328148,9976.248,486.646,0,6700.898,0,631.839,5153,9309,2.850,2.210,1.230,2,1,15.020,0,0,11,38,0,7,0
12-05 16:22:40,4.753,2.752,58.293,31.523,0.250,1466076,959276,176884,5328284,9473.920,486.355,0,11008.041,0,759.555,4355,8056,2.850,2.210,1.230,1,2,6.004,0,0,11,38,0,7,0
12-05 16:22:41,5.503,2.752,63.040,25.766,0,1465508,959024,176896,5329076,5847.669,528.331,0,6428.033,0,635.399,5255,9484,2.850,2.210,1.230,1,1,6.004,0,0,11,38,0,7,0
12-05 16:22:42,3.496,2.497,63.424,27.717,0,1465472,958772,176912,5329340,8331.048,485.420,0,9968.093,0,742.114,4389,8204,2.860,2.230,1.240,2,2,2.996,0,0,11,38,0,7,0
12-05 16:22:43,4.745,3.496,54.941,34.713,0,1465132,958520,176948,5329880,6144.364,485.476,0,13297.638,0,851.081,4958,9048,2.860,2.230,1.240,2,3,2.997,0,0,11,38,0,7,0
12-05 16:22:44,5.754,2.002,63.299,26.520,0,1465224,958016,176984,5330244,8153.256,486.373,0,7125.468,0,621.477,4682,8411,2.860,2.230,1.240,1,2,12.009,0,0,11,38,0,7,0
12-05 16:22:45,4.254,3.253,60.055,29.777,0,1464960,957764,177008,5330724,9971.200,486.449,0,11442.558,0,830.767,5621,10759,2.860,2.230,1.240,1,1,12.011,0,0,11,38,0,6,0
12-05 16:22:46,3.499,2.999,62.984,27.993,0.250,1465232,957008,177020,5331176,11266.087,485.874,0,12296.820,0,881.772,4966,9190,2.860,2.230,1.240,1,1,6.998,0,0,11,38,0,6,0
12-05 16:22:47,4.752,1.751,65.031,26.262,0,1464796,957008,177028,5331592,22599.641,486.229,0,8419.965,0,691.326,4239,8026,2.720,2.210,1.240,1,1,9.004,0,0,11,38,0,6,0
12-05 16:22:48,4.748,2.249,62.972,27.488,0,1464748,956504,177048,5332108,5922.400,485.787,0,9751.720,0,767.663,4493,8571,2.720,2.210,1.240,1,2,5.997,0,0,11,38,0,6,0
12-05 16:22:49,3.999,2.749,61.485,29.743,0,1465000,956000,177048,5332352,3727.100,485.883,0,10097.561,0,715.827,4522,8579,2.720,2.210,1.240,3,0,2.999,0,0,11,38,0,6,0
12-05 16:22:50,3.753,2.252,63.294,27.519,0,1464584,956000,177064,5332736,5355.740,486.340,0,7965.563,0,685.479,4581,8406,2.720,2.210,1.240,2,1,12.008,0,0,11,38,0,6,0
12-05 16:22:51,3.499,2.749,58.725,32.486,0,1465008,955496,177072,5332808,7452.858,485.795,0,10523.563,0,741.687,4280,7970,2.720,2.210,1.240,1,1,2.999,0,0,11,38,0,6,0
12-05 16:22:52,4.998,2.249,60.228,29.489,0,1464512,955496,177088,5333276,5112.132,485.822,0,9396.567,0,788.712,4995,9094,2.580,2.190,1.240,1,1,8.997,0,0,11,38,0,6,0
12-05 16:22:53,4.510,2.506,60.634,29.315,0,1464232,955244,177100,5333788,10775.881,487.079,0,10274.770,0,842.868,4917,8803,2.580,2.190,1.240,1,1,6.013,0,0,11,38,0,4,0
12-05 16:22:54,6.245,3.497,61.696,26.227,0,1463736,955244,177112,5334260,11772.774,485.578,0,12061.523,0,935.188,5776,10428,2.580,2.190,1.240,2,3,29.974,0,0,11,38,0,4,0
12-05 16:22:55,5.243,2.247,58.174,30.959,0,1463284,955244,177132,5334680,64688.018,431.433,0,12024.204,0,852.880,5541,10282,2.580,2.190,1.240,1,1,14.980,0,0,11,38,0,4,0
12-05 16:22:56,7.253,3.001,59.524,28.512,0,1463748,954236,177136,5335204,38754.868,540.221,0,8495.478,0,740.303,5199,9082,2.580,2.190,1.240,4,1,13.005,0,0,11,38,0,4,0
12-05 16:22:57,6.252,3.251,63.274,25.260,0,1463400,954236,177144,5335536,19679.405,432.163,0,9347.517,0,747.281,5116,9070,2.530,2.180,1.240,2,3,18.007,0,0,11,38,0,2,0
12-05 16:22:58,5.743,2.247,59.680,28.467,0,1463096,954236,177148,5335824,9192.281,539.371,0,14207.433,0,936.908,4990,9141,2.530,2.180,1.240,3,1,8.990,0,0,11,38,0,2,0
12-05 16:22:59,4.002,3.251,58.025,32.514,0,1462740,953984,177184,5336376,4908.152,486.213,0,9680.245,0,800.351,4785,8626,2.530,2.180,1.240,2,1,12.005,0,0,11,38,0,2,0
12-05 16:23:00,6.497,2.999,59.974,28.737,0,1462556,953984,177208,5336532,18283.001,485.787,0,7880.552,0,676.704,4782,8755,2.530,2.180,1.240,1,2,11.995,0,0,11,38,0,2,0
12-05 16:23:01,3.502,3.252,57.777,33.015,0,1462156,953984,177224,5336908,27681.986,486.228,0,9968.677,0,763.358,4758,8576,2.530,2.180,1.240,1,1,6.003,0,0,11,38,0,1,0
12-05 16:23:02,6.249,2.249,63.736,24.994,0,1464068,951716,177256,5337224,6905.440,485.890,0,7486.309,0,645.854,4347,7872,2.570,2.200,1.250,2,2,2.999,0,0,11,38,0,1,0
12-05 16:23:03,6.504,3.252,58.286,29.518,0,1463620,951716,177264,5337644,7666.717,486.299,0,14112.683,0,961.592,5203,9348,2.570,2.200,1.250,1,2,6.004,0,0,11,38,0,1,0
12-05 16:23:04,7.248,2.749,60.980,25.992,0,1464176,950708,177284,5338060,5423.243,431.860,0,7717.500,0,711.769,5160,9094,2.570,2.200,1.250,2,0,8.997,0,0,11,38,0,1,0
12-05 16:23:05,3.753,2.252,61.044,30.522,0,1464600,949952,177292,5338376,6157.454,540.391,0,11968.657,0,776.562,5254,10048,2.570,2.200,1.250,1,1,6.004,0,0,11,38,0,1,0
12-05 16:23:06,4.495,3.496,59.935,29.718,0,1465292,949952,177292,5337680,6987.396,527.426,0,13409.407,0,895.026,5552,10290,2.570,2.200,1.250,1,1,0.999,0,0,11,38,0,1,0
12-05 16:23:07,5.999,2.500,59.243,28.247,0.250,1467300,949952,177296,5335668,6639.262,485.946,0,9130.984,0,844.906,5955,11187,2.520,2.190,1.260,3,1,0,0,0,11,38,0,1,0
12-05 16:23:08,5.505,3.003,60.055,29.527,0,1469992,948944,177304,5333984,4233.862,486.444,0,11074.101,0,894.816,6162,11533,2.520,2.190,1.260,1,1,0,0,0,11,38,0,1,0
12-05 16:23:09,4.243,2.746,58.410,32.200,0,1471156,948944,177308,5332828,5736.152,485.251,0,11773.839,0,817.739,6017,11445,2.520,2.190,1.260,2,2,0,0,0,11,38,0,1,0
12-05 16:23:10,6.498,2.749,63.981,24.493,0,1471240,948944,177316,5332740,8705.412,485.856,0,7441.788,0,695.793,5127,8934,2.520,2.190,1.260,1,2,5.998,0,0,11,38,0,1,0
12-05 16:23:11,3.999,2.750,59.742,30.746,0,1471244,948944,177324,5332724,5268.331,485.938,0,12222.447,0,823.895,4721,9007,2.520,2.190,1.260,4,1,3.000,0,0,11,38,0,1,0
12-05 16:23:12,6.258,3.004,57.571,30.788,0,1470872,948944,177332,5333088,6950.630,486.604,0,15262.951,0,964.197,5410,9737,2.400,2.170,1.260,1,3,12.015,0,0,11,38,0,1,0
12-05 16:23:13,4.505,2.503,64.066,26.777,0,1470816,948944,177332,5333144,5830.986,432.444,0,7499.698,0,618.635,4329,7872,2.400,2.170,1.260,2,2,6.006,0,0,11,38,0,1,0
12-05 16:23:14,5.249,2.750,57.740,30.495,0,1470636,948944,177336,5333320,7501.705,485.916,0,11246.058,0,916.842,5453,10159,2.400,2.170,1.260,2,1,11.998,0,0,11,38,0,1,0
12-05 16:23:15,14.020,11.516,63.089,9.764,0,1342316,1077332,177336,5333252,5889.304,486.686,0,4854.845,0,358.505,4818,5219,2.400,2.170,1.260,2,0,205.289,0,0,11,32,0,2,0
12-05 16:23:16,12.006,24.013,60.532,3.002,0,1365020,1054440,177336,5333440,10428.475,486.255,0,1800.945,0,94.049,7157,6547,2.400,2.170,1.260,4,0,697.366,0,0,11,32,0,4,0
12-05 16:23:17,62.994,10.249,25.997,0.500,0,1563532,855236,177336,5334132,6943.306,579.942,0,1287.871,0,85.991,4553,2928,2.450,2.190,1.270,4,0,44.996,0,0,11,32,0,8,0
12-05 16:23:18,68.484,8.748,18.496,3.749,0,1725296,690428,177396,5336928,11591.208,485.883,0,3799.085,0,130.968,4740,8826,2.450,2.190,1.270,3,0,35.991,0,0,11,32,0,9,0
12-05 16:23:19,41.351,4.484,26.405,26.405,0,1805280,607576,177480,5339240,30424.010,484.249,0,10246.955,0,391.584,3659,2600,2.450,2.190,1.270,5,1,5.978,0,0,11,32,0,9,0
12-05 16:23:20,13.793,4.263,48.402,30.847,0,1812100,598252,177512,5341656,5092.959,487.528,0,14686.019,0,963.018,7002,12569,2.450,2.190,1.270,8,1,33.104,0,0,11,38,0,9,0
12-05 16:23:21,12.499,3.000,55.995,26.998,0,1810876,597748,177524,5343292,7933.316,539.953,0,9867.149,0,744.936,5927,10019,2.450,2.190,1.270,3,3,41.996,0,0,11,38,0,9,0
12-05 16:23:22,8.237,2.995,48.920,37.189,0,1811080,596236,177532,5344556,8412.255,485.207,0,11796.725,0,782.721,4740,8536,2.650,2.230,1.290,2,2,11.980,0,0,11,38,0,8,0
12-05 16:23:23,6.749,3.750,48.494,37.496,0,1812020,593968,177548,5345796,3542.586,485.943,0,11814.620,0,834.903,7221,13397,2.650,2.230,1.290,7,0,23.997,0,0,11,38,0,8,0
12-05 16:23:24,8.514,3.756,47.580,38.314,0,1810704,593464,177560,5347560,7572.669,486.814,0,15966.713,0,1078.805,6566,12009,2.650,2.230,1.290,0,3,30.050,0,0,11,38,0,8,0
12-05 16:23:25,6.482,2.742,51.853,35.899,0,1810960,592456,177576,5348280,6591.373,484.630,0,11276.134,0,778.799,4996,9167,2.650,2.230,1.290,3,0,20.941,0,0,11,38,0,8,0
12-05 16:23:26,8.010,2.253,56.317,31.037,0,1810232,591952,177580,5349444,8144.676,486.578,0,10724.741,0,734.873,4894,8587,2.650,2.230,1.290,1,4,25.030,0,0,11,38,0,8,0
12-05 16:23:27,5.749,2.999,46.990,41.491,0,1809724,591196,177588,5350640,4433.040,485.895,0,11921.417,0,819.822,6648,12547,3.080,2.330,1.320,1,2,20.995,0,0,11,38,0,8,0
12-05 16:23:28,7.758,3.754,55.053,30.029,0,1809472,590188,177600,5351836,4867.725,486.472,0,15374.924,0,1013.984,5611,10292,3.080,2.330,1.320,13,0,24.023,0,0,11,38,0,8,0
12-05 16:23:29,8.509,3.003,48.300,38.540,0,1809284,588928,177608,5353176,3709.831,540.558,0,13654.099,0,910.941,6033,10789,3.080,2.330,1.320,1,3,30.031,0,0,11,38,0,8,0
12-05 16:23:30,5.987,2.494,50.886,37.666,0,1808508,588424,177628,5354400,4015.023,484.916,0,10935.550,0,744.336,4997,9115,3.080,2.330,1.320,3,3,11.973,0,0,11,38,0,8,0
12-05 16:23:31,6.502,3.001,54.515,33.259,0,1808916,586912,177636,5355464,6456.747,486.132,0,12871.482,0,864.234,5276,9738,3.080,2.330,1.320,2,1,15.004,0,0,11,38,0,8,0
12-05 16:23:32,6.252,2.751,54.521,34.013,0,1808508,586660,177648,5356100,5010.891,486.184,0,10571.991,0,785.296,5177,9513,3.080,2.340,1.330,1,1,30.011,0,0,11,38,0,8,0
12-05 16:23:33,7.498,2.999,51.484,35.239,0,1808524,585652,177648,5357064,3920.766,485.847,0,10532.685,0,778.755,5601,10136,3.080,2.340,1.330,2,3,32.990,0,0,11,38,0,8,0
12-05 16:23:34,7.267,2.506,52.876,35.334,0,1808156,584896,177660,5358132,4632.008,487.158,0,14550.579,0,973.313,5270,9518,3.080,2.340,1.330,1,2,18.043,0,0,11,38,0,8,0
12-05 16:23:35,6.728,2.990,51.084,36.880,0,1807896,584140,177668,5359112,5548.005,538.254,0,12535.341,0,827.317,6324,11839,3.080,2.340,1.330,1,2,29.903,0,0,11,38,0,8,0
12-05 16:23:36,6.002,2.501,49.019,39.765,0,1807776,583384,177680,5359948,7922.064,486.188,0,9947.847,0,653.253,4833,8702,3.080,2.340,1.330,2,4,19.007,0,0,11,38,0,8,0
12-05 16:23:37,5.495,2.748,53.955,34.721,0,1807300,582880,177692,5360896,10098.603,485.596,0,12605.519,0,859.286,4737,8726,3.070,2.350,1.340,1,3,5.995,0,0,11,38,0,8,0
12-05 16:23:38,5.507,3.004,48.808,40.048,0,1806916,582376,177700,5361744,6324.539,486.580,0,9110.861,0,651.777,5054,8947,3.070,2.350,1.340,1,2,18.021,0,0,11,38,0,8,0
12-05 16:23:39,7.500,3.250,54.001,32.001,0,1806808,581368,177704,5362792,55773.399,486.012,0,13640.342,0,970.024,5818,10580,3.070,2.350,1.340,1,2,15.000,0,0,11,38,0,8,0
12-05 16:23:40,5.244,2.747,53.941,35.711,0,1806652,580864,177708,5363432,7865.461,485.473,0,11815.173,0,761.174,4716,8607,3.070,2.350,1.340,3,1,11.987,0,0,11,38,0,8,0
12-05 16:23:41,5.256,2.753,51.305,37.290,0,1806156,580612,177708,5364164,44944.586,528.571,0,12041.017,0,781.845,5150,9015,3.070,2.350,1.340,2,2,15.016,0,0,11,38,0,8,0
12-05 16:23:42,5.746,3.498,53.216,35.228,0,1805888,580360,177732,5364648,6790.716,485.694,0,11057.025,0,808.490,5012,9154,3.220,2.400,1.360,1,2,14.991,0,0,11,38,0,8,0
12-05 16:23:43,6.005,3.003,51.044,37.282,0,1805492,579856,177740,5365512,4135.566,486.419,0,12014.361,0,805.695,5166,9357,3.220,2.400,1.360,1,1,15.013,0,0,11,38,0,8,0
12-05 16:23:44,13.783,3.258,50.120,30.573,0,1805448,579100,177748,5366284,11668.962,487.167,0,10352.808,0,755.811,5523,9232,3.220,2.400,1.360,1,2,21.050,0,0,11,38,0,8,0
12-05 16:23:45,25.474,7.492,36.463,28.971,0,1719612,664044,177764,5367124,7735.198,539.456,0,11612.288,0,751.242,6543,9969,3.220,2.400,1.360,2,5,91.907,0,0,11,36,0,8,0
12-05 16:23:46,28.682,4.489,41.900,22.945,0,1780336,602304,177776,5368096,8770.104,484.845,0,11089.578,0,735.248,6322,10070,3.220,2.400,1.360,3,0,24.941,0,0,11,36,0,8,0
12-05 16:23:47,22.274,6.257,42.797,28.031,0,1661444,720208,177776,5369064,7197.838,486.530,0,10899.869,0,759.827,6536,10274,3.450,2.460,1.390,1,1,98.107,0,0,11,36,0,8,0
12-05 16:23:48,5.752,2.251,52.515,37.261,0,1660652,719956,177784,5370072,6271.826,486.142,0,8626.512,0,654.190,4377,7752,3.450,2.460,1.390,1,2,18.005,0,0,11,36,0,8,0
12-05 16:23:49,4.496,2.747,55.449,34.718,0,1659884,719956,177788,5370816,5318.097,485.552,0,12184.767,0,637.412,4072,7339,3.450,2.460,1.390,1,2,11.989,0,0,11,36,0,8,0
12-05 16:23:50,5.252,3.251,50.521,39.016,0,1659232,719956,177800,5371444,4404.808,486.200,0,11868.872,0,777.319,5618,10184,3.450,2.460,1.390,3,3,15.006,0,0,11,36,0,8,0
12-05 16:23:51,6.001,2.250,57.755,31.503,0,1658024,719956,177812,5372604,4662.443,486.046,0,7192.684,0,555.053,4479,7861,3.450,2.460,1.390,4,2,30.003,0,0,11,36,0,8,0
12-05 16:23:52,5.256,3.003,58.062,30.783,0,1657460,719452,177824,5373632,6750.164,486.516,0,13077.880,0,891.947,5685,10478,3.490,2.480,1.400,2,2,9.010,0,0,11,36,0,8,0
12-05 16:23:53,5.751,3.500,51.756,36.254,0,1657240,718444,177840,5374780,6333.783,486.060,0,13417.659,0,913.113,5383,9923,3.490,2.480,1.400,1,1,9.001,0,0,11,36,0,8,0
12-05 16:23:54,4.491,2.744,53.140,36.425,0,1656500,717940,177844,5375984,5619.366,484.996,0,12031.091,0,793.357,4560,8263,3.490,2.480,1.400,1,3,5.988,0,0,11,36,0,8,0
12-05 16:23:55,5.748,2.749,50.486,38.239,0,1656208,717436,177852,5376756,4810.672,485.866,0,12160.642,0,821.773,5241,9322,3.490,2.480,1.400,1,3,23.993,0,0,11,36,0,8,0
12-05 16:23:56,7.759,3.003,54.562,32.036,0,1658192,713152,177868,5378944,6937.875,486.552,0,7304.291,0,607.690,4946,8547,3.490,2.480,1.400,2,2,28.032,0,0,11,36,0,8,0
12-05 16:23:57,6.999,3.000,56.495,30.498,0,1658544,712144,177884,5379532,9749.208,485.961,0,13518.902,0,893.927,5596,10440,3.610,2.520,1.420,2,1,6.000,0,0,11,36,0,8,0
12-05 16:23:58,10.249,3.500,49.995,33.497,0,1661084,708364,177888,5380704,5781.479,485.956,0,14906.656,0,963.913,6108,11111,3.610,2.520,1.420,1,4,0,0,0,11,36,0,8,0
12-05 16:23:59,5.994,3.996,46.450,42.205,0,1661596,706600,177896,5381892,8095.283,485.477,0,12834.180,0,792.147,5001,9138,3.610,2.520,1.420,6,1,0,0,0,11,36,0,8,0
12-05 16:24:00,6.519,2.257,54.159,34.602,0,1662064,704080,177900,5383864,31332.132,487.433,0,9315.392,0,671.976,4774,8673,3.610,2.520,1.420,5,2,0,0,0,11,36,0,8,0
12-05 16:24:01,4.492,2.745,49.412,40.179,0,1661668,703324,177904,5384968,11598.373,539.041,0,12509.752,0,767.635,5284,10083,3.610,2.520,1.420,2,2,0,0,0,11,36,0,8,0
12-05 16:24:02,4.999,2.250,53.994,35.996,0,1661668,702064,177908,5386188,7058.229,485.947,0,11302.765,0,704.923,5519,10613,3.720,2.570,1.440,1,3,0,0,0,11,36,0,8,0
12-05 16:24:03,4.250,2.250,51.756,38.004,0,1662308,700048,177912,5387528,11118.306,486.057,0,10637.249,0,693.081,4961,9437,3.720,2.570,1.440,1,1,0,0,0,11,36,0,8,0
12-05 16:24:04,5.741,3.245,52.164,37.688,0,1662336,698788,177916,5388684,5759.484,485.198,0,12451.427,0,780.710,4800,8968,3.720,2.570,1.440,4,1,0,0,0,11,36,0,8,0
12-05 16:24:05,5.259,2.254,48.083,41.071,0,1662296,697276,177920,5390196,30738.349,486.845,0,10886.895,0,729.266,4634,8241,3.720,2.570,1.440,3,2,0,0,0,11,36,0,8,0
12-05 16:24:06,5.502,3.001,56.270,33.262,0,1662312,695764,177924,5391600,5303.891,528.188,0,11151.977,0,730.260,4666,8616,3.720,2.570,1.440,2,3,1.000,0,0,11,36,0,8,0
12-05 16:24:07,4.005,3.003,47.554,42.799,0,1662432,694252,177940,5392940,4158.744,486.555,0,11749.403,0,731.835,4348,8051,3.660,2.570,1.450,2,1,0,0,0,11,36,0,8,0
12-05 16:24:08,5.741,2.496,60.660,29.206,0,1662688,692740,177940,5394152,5230.198,485.276,0,8866.773,0,618.078,4686,8376,3.660,2.570,1.450,1,1,11.982,0,0,11,36,0,8,0
12-05 16:24:09,5.760,3.005,58.100,31.053,0,1663308,691732,177948,5394492,5400.266,486.835,0,13483.136,0,934.604,5050,9596,3.660,2.570,1.450,3,2,3.005,0,0,11,36,0,8,0
12-05 16:24:10,3.991,2.245,53.377,37.164,0,1664372,690220,177948,5394916,8360.759,484.884,0,11653.182,0,825.101,4632,8374,3.660,2.570,1.450,2,1,8.979,0,0,11,36,0,8,0
12-05 16:24:11,3.752,2.752,54.280,37.021,0,1664348,690220,177948,5394936,6376.541,486.270,0,9977.541,0,723.402,4349,7968,3.660,2.570,1.450,1,1,6.003,0,0,11,36,0,8,0
12-05 16:24:12,4.506,2.754,65.584,25.032,0,1664020,689968,177948,5395512,4842.209,486.624,0,9327.961,0,776.996,5104,9303,3.450,2.550,1.450,1,3,18.023,0,0,11,36,0,8,0
12-05 16:24:13,5.001,3.250,55.758,33.755,0,1664156,689716,177952,5395620,8263.209,540.079,0,14318.095,0,964.141,5368,9734,3.450,2.550,1.450,4,1,12.002,0,0,11,36,0,8,0
12-05 16:24:14,6.745,2.748,54.456,33.223,0,1664096,689212,177952,5396164,3273.382,485.612,0,13385.296,0,917.266,5305,10007,3.450,2.550,1.450,1,2,5.995,0,0,11,36,0,8,0
12-05 16:24:15,5.995,2.748,55.954,33.722,0,1666104,686692,177956,5396656,9025.512,485.597,0,10767.067,0,745.382,4434,7911,3.450,2.550,1.450,1,3,8.993,0,0,11,36,0,7,0
12-05 16:24:16,9.262,3.004,57.573,29.287,0.250,1665536,686692,177964,5397208,9286.721,486.614,0,12499.776,0,831.049,5205,9152,3.450,2.550,1.450,1,1,10.013,0,0,11,36,0,7,0
12-05 16:24:17,7.244,2.248,56.705,31.475,0,1666120,685444,177964,5397836,6728.694,579.543,0,9108.817,0,712.438,5795,10397,3.580,2.590,1.470,1,2,17.986,0,0,11,36,0,7,0
12-05 16:24:18,10.988,4.995,52.942,29.218,0,1683264,667804,177964,5398316,4158.462,485.470,0,12670.174,0,886.033,6981,21172,3.580,2.590,1.470,1,4,50.944,0,0,11,36,0,8,0
12-05 16:24:19,6.004,3.002,51.781,36.272,0,1682708,667804,177968,5398856,11369.856,486.293,0,14048.471,0,961.580,6355,11929,3.580,2.590,1.470,1,2,15.009,0,0,11,36,0,1,0
12-05 16:24:20,23.819,4.513,48.642,20.560,0,1526788,823524,177972,5399040,7714.477,487.420,0,11986.925,0,797.323,5284,8096,3.580,2.590,1.470,2,0,62.181,0,0,11,34,0,1,0
12-05 16:24:21,21.889,8.955,66.164,2.736,0,1444436,905768,177972,5399148,85827.085,483.544,0,1603.854,0,110.439,3300,2891,3.580,2.590,1.470,2,0,199.984,0,0,11,32,0,1,0
12-05 16:24:22,23.014,3.002,69.793,3.252,0,1515292,834912,177972,5399148,34260.039,486.299,0,1036.637,0,65.040,2042,1665,3.370,2.560,1.460,2,0,2.001,0,0,11,32,0,1,0
12-05 16:24:23,22.218,4.993,65.656,6.740,0,1450500,899692,177972,5399156,3868.446,485.303,0,2528.370,0,149.785,2747,2510,3.370,2.560,1.460,4,0,29.957,0,0,11,32,0,1,0
12-05 16:24:24,22.273,3.504,73.075,0,0,1476180,874004,177972,5399156,7741.979,486.501,0,36.037,0,4.004,1886,1265,3.370,2.560,1.460,2,0,4.004,0,0,11,32,0,1,0
12-05 16:24:25,24.015,1.751,72.794,0.750,0,1516412,833772,177972,5399156,7746.693,486.295,0,452.274,0,43.026,2185,2082,3.370,2.560,1.460,2,0,2.001,0,0,11,34,0,1,0
12-05 16:24:26,13.059,37.169,47.466,1.256,0,1448544,901560,177976,5399228,6127.863,542.467,0,928.221,0,90.411,8133,8333,3.370,2.560,1.460,1,0,1170.321,0,0,11,32,0,1,0
12-05 16:24:27,9.236,20.968,68.394,0.998,0,1441260,908772,177976,5399296,9447.414,485.251,0,375.420,0,25.960,6770,5817,3.100,2.520,1.450,2,0,671.963,0,0,11,32,0,1,0
12-05 16:24:28,8.753,20.507,69.525,0.250,0,1405564,944420,177976,5399340,8512.091,486.177,0,132.048,0,13.005,6336,5370,3.100,2.520,1.450,1,0,512.186,0,0,11,32,0,1,0
12-05 16:24:29,17.753,15.253,66.012,0,0,1410544,939300,177976,5399492,7842.441,486.089,0,16.003,0,4.001,6687,8575,3.100,2.520,1.450,4,0,267.049,0,0,11,32,0,1,0
12-05 16:24:30,44.687,9.736,44.437,0,0.250,1539944,809864,177988,5399976,5787.838,485.316,0,39.944,0,0.999,3678,2433,3.100,2.520,1.450,3,0,122.827,0,0,11,33,0,1,0
12-05 16:24:31,43.457,6.244,48.702,1.249,0,1628368,721300,177992,5400104,5910.127,485.518,0,311.690,0,20.979,3537,2914,3.100,2.520,1.450,4,0,15.984,0,0,11,49,0,1,0
12-05 16:24:32,45.358,5.012,41.348,7.518,0,1660948,686048,178060,5402344,6228.800,487.158,104.248,3287.812,1.002,354.843,4101,3816,3.010,2.510,1.460,3,0,2.005,0,0,11,49,0,1,0
12-05 16:24:33,18.518,17.517,62.310,0.250,0,1676232,668796,178064,5404548,5000.808,486.468,0,252.243,0,13.013,9078,12591,3.010,2.510,1.460,1,0,379.365,0,0,11,48,0,1,0
12-05 16:24:34,13.185,9.205,76.622,0,0,1672284,672688,178064,5404212,3979.375,483.615,0,895.583,0,6.966,4244,5692,3.010,2.510,1.460,1,0,115.431,0,0,11,48,0,1,0
12-05 16:24:35,0.751,0.501,97.678,0.751,0,1672276,672688,178064,5404220,7603.830,540.984,0,156.284,0,10.018,865,1316,3.010,2.510,1.460,1,0,3.005,0,0,11,48,0,1,0
12-05 16:24:36,1.000,0.500,97.498,0.250,0,1672276,672688,178064,5404220,9430.820,485.991,0,843.984,0,89.998,863,1108,3.010,2.510,1.460,1,0,3.000,0,0,11,48,0,1,0
12-05 16:24:37,0.250,0.500,98.565,0,0,1672276,672688,178064,5404220,5184.433,486.322,0,32.021,0,4.003,632,918,2.770,2.470,1.450,1,0,2.001,0,0,11,48,0,1,0
12-05 16:24:38,2.504,2.754,94.403,0,0,1667492,677476,178064,5404212,5220.478,486.791,0,0,0,0,1466,1766,2.770,2.470,1.450,1,0,38.062,0,0,11,48,0,1,0
12-05 16:24:39,18.665,13.439,66.449,0,0,1631716,713220,178064,5404208,5250.202,483.807,0,0,0,0,6106,7936,2.770,2.470,1.450,1,0,291.678,0,0,11,48,0,1,0
12-05 16:24:40,11.296,17.572,71.040,0,0,1667632,677104,178064,5404752,7099.016,726.971,0,16.066,0,4.016,5677,5496,2.770,2.470,1.450,5,0,417.707,0,0,12,48,0,1,0
12-05 16:24:41,18.475,12.733,64.163,2.247,0,1664968,679648,178064,5404500,9456.180,485.342,0,359.513,0,34.953,6240,8363,2.770,2.470,1.450,1,3,294.601,0,0,12,64,0,1,0
12-05 16:24:42,3.998,6.497,82.714,5.997,0,1660840,683748,178064,5404552,65851.944,581.743,0,2842.746,0,231.898,2694,2225,2.710,2.460,1.450,3,0,116.948,0,0,14,64,0,1,0
12-05 16:24:43,18.546,12.531,67.918,0,0,1662432,682076,178064,5404596,5995.818,487.204,0,1038.567,0,14.035,6012,8027,2.710,2.460,1.450,3,0,236.585,0,0,14,66,0,2,0
12-05 16:24:44,7.240,20.972,70.407,0,0,1657712,686740,178064,5404636,11004.402,485.356,0,11.984,0,2.996,5883,4570,2.710,2.460,1.450,3,0,418.445,0,0,14,66,0,2,0
12-05 16:24:45,15.493,18.242,65.972,0,0,1654832,689604,178064,5405004,7517.840,569.760,0,43.982,0,10.995,6714,7277,2.710,2.460,1.450,4,0,343.855,0,0,14,66,0,2,0
12-05 16:24:46,26.808,20.545,51.612,0,0,1709792,634616,178076,5404680,5400.750,487.060,0,124.270,0,6.013,6088,5410,2.710,2.460,1.450,3,0,462.005,0,0,14,66,0,2,0
12-05 16:24:47,30.225,22.731,44.712,1.499,0,1785896,558088,178136,5405036,24614.348,485.593,0,499.581,0,9.992,6941,5713,2.650,2.450,1.460,3,0,628.473,0,0,14,66,0,2,0
12-05 16:24:48,31.461,25.219,41.948,0.499,0,1915968,426740,178156,5406580,6355.123,485.398,7.990,1458.193,0.999,139.827,8231,10303,2.650,2.450,1.460,3,0,522.353,0,0,14,70,0,4,0
12-05 16:24:49,57.239,18.167,24.638,0,0,2023888,318496,178172,5406976,29653.606,483.791,0,19.909,0,4.977,5330,5688,2.650,2.450,1.460,6,0,368.318,0,0,14,70,0,4,0
12-05 16:24:50,59.860,21.882,17.103,0,0,2101444,240300,178180,5407884,5740.560,579.489,0,28.170,0,7.042,7000,8793,2.650,2.450,1.460,4,0,413.489,0,0,14,70,0,4,0
12-05 16:24:51,70.321,21.944,6.733,0.748,0,2210608,144048,175600,5397100,6412.678,484.766,19.949,1420.385,2.992,75.807,5562,4866,2.650,2.450,1.460,6,0,475.789,0,0,14,70,0,4,0
12-05 16:24:52,67.185,19.303,6.017,7.019,0,2301148,165720,172760,5290124,6494.841,487.339,381.047,8391.050,64.176,436.198,7938,8977,2.840,2.490,1.470,5,0,259.713,0,0,14,74,0,4,0
12-05 16:24:53,60.286,22.514,6.754,9.756,0,2486588,136124,171044,5139912,2350.419,540.326,1320.797,7480.516,117.071,457.276,8845,11025,2.840,2.490,1.470,3,2,491.297,0,0,14,76,0,4,0
12-05 16:24:54,52.556,18.183,9.714,18.432,0,2566464,123852,170780,5074148,3309.772,484.211,263.028,12665.207,16.937,328.785,9197,13505,2.840,2.490,1.470,6,1,295.907,0,0,14,76,0,4,0
12-05 16:24:55,56.114,10.271,21.043,13.277,0,2703092,122320,169864,4942976,6132.498,486.993,4.008,9651.671,1.002,331.676,7240,10047,2.840,2.490,1.470,3,1,69.141,0,0,14,79,0,4,0
12-05 16:24:56,70.423,15.733,9.739,3.246,0,2809748,156336,169932,4805652,6306.099,485.469,71.921,2093.709,6.992,97.893,8812,14404,2.840,2.490,1.470,4,5,231.746,0,0,14,80,0,11,0
12-05 16:24:57,41.104,23.309,30.326,3.759,0,2865340,168580,169932,4739364,6679.831,487.228,12.030,2065.204,3.008,182.460,10766,16718,2.930,2.520,1.490,3,0,574.447,0,0,14,97,0,16,0
12-05 16:24:58,27.710,16.227,54.922,1.248,0,2911948,187088,169940,4675724,10468.064,485.308,15.977,1114.410,0.999,52.924,6843,8860,2.930,2.520,1.490,5,0,293.581,0,0,14,97,0,16,0
12-05 16:24:59,45.626,6.732,39.393,7.230,0.249,3037064,125056,169944,4613892,7513.513,484.678,993.292,4802.904,11.967,239.347,3258,2445,2.930,2.520,1.490,3,0,11.967,0,0,14,98,0,16,0
12-05 16:25:00,15.309,17.066,63.998,2.761,0,3069852,158328,169960,4549292,9849.112,542.098,0,1630.309,0,101.392,5587,5234,2.930,2.520,1.490,2,0,291.127,0,0,14,101,0,17,0
12-05 16:25:01,10.753,26.008,60.519,1.250,0,3079916,148008,170108,4549400,62084.965,576.185,196.063,284.091,9.003,18.006,7558,7537,2.930,2.520,1.490,2,0,837.269,0,0,14,101,0,17,0
12-05 16:25:02,15.751,12.001,63.505,7.751,0,3123404,172076,169980,4483580,47018.397,540.039,4.000,7336.530,1.000,352.025,4206,3009,2.860,2.510,1.490,2,1,199.014,0,0,14,101,0,17,0
12-05 16:25:03,17.187,2.740,76.969,2.242,0,3146796,148680,169980,4483584,12984.660,6889.881,7.971,5535.817,1.993,143.477,2186,1903,2.860,2.510,1.490,2,0,0,0,0,14,105,0,17,0
12-05 16:25:04,19.992,6.997,66.224,6.497,0,3134824,160560,169980,4483676,21396.507,16762.347,11.995,4630.162,2.999,240.904,3548,3772,2.860,2.510,1.490,3,0,62.975,0,0,14,103,0,18,0
12-05 16:25:05,18.493,1.999,77.470,0,0,3171992,123364,169980,4483704,14533.370,6189.602,3.998,167.935,1.000,16.993,2155,2067,2.860,2.510,1.490,2,0,0,0,0,14,104,0,18,0
12-05 16:25:06,19.085,3.767,71.569,4.018,0,3171516,122452,169984,4485060,11757.391,1313.854,1076.798,1350.016,43.192,141.631,3759,5000,2.860,2.510,1.490,3,0,3.013,0,0,14,110,0,18,0
12-05 16:25:07,25.993,4.499,60.984,6.998,0,3173180,185768,169984,4421588,8874.637,539.856,555.852,2523.328,26.993,182.951,5452,7765,2.870,2.520,1.500,2,1,4.999,0,0,14,117,0,19,0
12-05 16:25:08,30.780,8.936,56.844,2.482,0,3221496,137372,169984,4421652,6212.671,1671.077,0,1366.252,0,67.518,3925,3954,2.870,2.520,1.500,2,0,113.192,0,0,14,118,0,20,0
12-05 16:25:09,17.565,2.760,78.540,0.251,0,3243052,179448,169984,4359452,15300.565,6960.733,0,574.122,0,32.119,2177,1952,2.870,2.520,1.500,2,0,0,0,0,14,119,0,20,0
12-05 16:25:10,18.013,3.503,71.804,4.754,0,3249236,173176,169984,4359540,13029.721,2579.925,12.009,1345.003,3.002,131.098,3609,4836,2.870,2.520,1.500,3,0,2.001,0,0,14,123,0,20,0
12-05 16:25:11,39.967,12.490,44.713,2.748,0,3317136,169768,170068,4296800,6499.674,1768.551,95.921,1211.008,7.993,97.920,5171,5219,2.870,2.520,1.500,5,0,186.847,0,0,14,122,0,21,0
12-05 16:25:12,36.204,5.743,57.677,0.499,0,3366252,183856,170068,4235180,10418.901,6906.317,0,651.181,0,37.952,2924,2102,2.720,2.490,1.500,2,0,0,0,0,14,124,0,21,0
12-05 16:25:13,19.284,6.762,71.627,1.252,0,3380176,169780,170068,4235336,29368.180,16744.751,0,1158.058,0,26.046,2577,1976,2.720,2.490,1.500,2,0,55.098,0,0,14,122,0,22,0
12-05 16:25:14,17.745,1.750,79.477,0,0,3402040,147904,170068,4235348,34430.170,23137.394,0,419.880,0,26.992,1930,1532,2.720,2.490,1.500,2,0,0,0,0,14,122,0,23,0
12-05 16:25:15,21.252,5.751,72.257,0.750,0,3374796,237284,170068,4174696,8340.862,486.050,8.001,124.013,2.000,13.001,2386,1972,2.720,2.490,1.500,2,0,51.005,0,0,14,122,0,23,0
12-05 16:25:16,13.742,1.999,81.200,1.749,0,3387864,224200,170068,4174712,14767.889,7007.677,7.995,151.906,1.999,20.987,1912,1947,2.720,2.490,1.500,3,0,0.999,0,0,14,123,0,23,0
12-05 16:25:17,19.318,7.025,70.750,2.007,0,3400088,211940,170068,4174748,11925.146,1734.129,4.014,907.206,1.004,82.291,3664,4005,2.580,2.470,1.490,2,0,83.294,0,0,14,124,0,24,0
12-05 16:25:18,28.915,5.982,62.318,1.745,0,3446888,164844,170068,4175044,14146.593,6234.751,55.837,1204.475,3.988,77.772,5485,18850,2.580,2.470,1.490,2,0,42.875,0,0,14,127,0,25,0
12-05 16:25:19,19.209,5.239,74.093,0.249,0,3351932,259772,170068,4175072,24014.239,17328.372,0,498.945,0,30.935,2503,2002,2.580,2.470,1.490,2,0,54.884,0,0,14,126,0,26,0
12-05 16:25:20,16.732,2.248,79.415,1.498,0,3380612,231084,170068,4175080,15813.025,7044.438,3.996,371.601,0.999,25.972,1754,1537,2.580,2.470,1.490,1,0,0,0,0,14,127,0,26,0
12-05 16:25:21,21.816,4.764,58.677,13.290,0,3387364,224056,170084,4175340,9542.724,682.053,132.399,5632.956,10.030,486.464,6568,10230,2.580,2.470,1.490,2,0,1.003,0,0,14,128,0,25,0
12-05 16:25:22,22.225,6.493,61.931,7.492,0,3367908,243332,170088,4175520,8023.075,1724.082,15.982,4075.466,0.999,248.723,4456,5813,2.450,2.440,1.490,2,0,52.941,0,0,14,127,0,27,0
12-05 16:25:23,17.830,1.758,78.856,1.256,0,3387792,223432,170088,4175536,15006.750,7960.941,0,715.229,0,33.150,1937,1744,2.450,2.440,1.490,0,0,0,0,0,14,128,0,27,0
12-05 16:25:24,20.696,3.990,71.565,3.242,0,3390280,220912,170088,4175568,13012.316,3178.771,0,1863.177,0,145.623,4263,5627,2.450,2.440,1.490,2,0,5.985,0,0,14,128,0,27,0
12-05 16:25:25,29.709,7.739,59.417,2.247,0,3393252,217892,170088,4175600,29826.441,1404.044,0,1286.208,0,128.821,6922,10449,2.450,2.440,1.490,2,0,77.891,0,0,14,129,0,28,0
12-05 16:25:26,19.247,2.500,75.237,1.750,0,3438500,172588,170088,4175656,26539.483,6251.936,0,671.886,0,50.991,2261,2261,2.450,2.440,1.490,3,0,1.000,0,0,14,130,0,28,0
12-05 16:25:27,16.056,5.770,73.506,4.014,0,3351340,259736,170088,4175668,35094.318,4410.372,0,2954.297,0,360.256,4196,5012,2.420,2.440,1.490,2,0,89.311,0,0,14,129,0,29,0
12-05 16:25:28,21.688,5.235,71.298,0.997,0,3400752,210264,170088,4175716,18272.173,538.473,0,1280.368,0,128.635,2537,2027,2.420,2.440,1.490,2,0,58.833,0,0,14,131,0,29,0
12-05 16:25:29,12.497,2.000,84.982,0.250,0,3401744,209256,170092,4175728,26198.577,12025.511,0,675.860,0,32.993,2037,2037,2.420,2.440,1.490,2,0,0,0,0,14,132,0,29,0
12-05 16:25:30,26.304,5.261,63.380,3.507,0,3404476,206484,170096,4175764,15060.783,541.106,0,1523.113,0,154.315,6461,9353,2.420,2.440,1.490,2,1,0,0,0,14,132,0,29,0
12-05 16:25:31,35.887,14.953,44.859,2.991,0,3359840,250700,170096,4176104,42978.539,2490.151,51.837,1858.143,3.987,159.497,10604,16968,2.420,2.440,1.490,3,0,289.089,0,0,14,133,0,30,0
12-05 16:25:32,20.777,3.254,72.846,2.003,0,3424344,186188,170096,4176112,8132.713,2631.466,0,756.997,0,55.073,2399,2457,2.220,2.400,1.490,1,0,0,0,0,14,134,0,30,0
12-05 16:25:33,16.558,9.282,72.755,1.254,0,3418992,191516,170096,4176136,14566.971,6094.325,0,578.023,0,29.102,3857,3372,2.220,2.400,1.490,1,0,176.618,0,0,14,133,0,31,0
12-05 16:25:34,7.486,21.212,66.879,2.495,0,3372168,238284,170096,4176176,6050.027,539.022,0,3872.976,0,349.366,6602,5345,2.220,2.400,1.490,2,0,462.162,0,0,14,133,0,31,0
12-05 16:25:35,23.794,16.030,59.360,0,0,3379556,230884,170100,4176184,3910.213,540.998,0,865.597,0,33.061,6770,8017,2.220,2.400,1.490,3,0,311.575,0,0,14,133,0,31,0
12-05 16:25:36,32.750,22.000,43.250,1.500,0,3432776,177472,170100,4176380,10726.975,539.999,16.000,1271.997,1.000,78.000,6787,6061,2.220,2.400,1.490,3,0,567.999,0,0,14,133,0,31,0
12-05 16:25:37,36.747,16.249,45.246,0.750,0,3504512,166800,170112,4117028,7905.377,555.956,27.998,555.956,2.000,29.998,7053,9921,2.290,2.410,1.490,3,0,323.974,0,0,16,139,0,31,0
12-05 16:25:38,54.942,27.971,15.484,1.498,0,3656752,158452,170120,3975228,7418.192,539.432,115.878,639.327,9.989,41.956,9220,14140,2.290,2.410,1.490,5,0,629.338,0,0,16,145,0,31,0
12-05 16:25:39,60.765,18.004,19.505,0.750,0,3766108,147204,170120,3878476,8738.113,540.131,48.012,772.187,4.001,49.012,9794,14878,2.290,2.410,1.490,2,0,302.073,0,0,16,161,0,31,0
12-05 16:25:40,36.535,22.021,38.787,1.251,0,3822612,187296,170120,3783436,6118.839,540.516,0,2170.071,0,19.018,7435,6193,2.290,2.410,1.490,3,0,640.611,0,0,16,161,0,31,0
12-05 16:25:41,22.457,17.966,57.641,1.248,0,3859368,150444,170124,3783952,6971.763,628.806,7.985,898.294,1.996,41.920,6973,8220,2.290,2.410,1.490,3,0,374.289,0,0,17,161,0,31,0
12-05 16:25:42,26.774,20.018,51.796,0.250,0,3913908,150084,170124,3730720,9900.841,486.434,4.004,404.361,1.001,26.023,6752,7257,2.260,2.400,1.500,3,0,467.417,0,0,17,161,0,31,0
12-05 16:25:43,39.759,18.504,37.758,4.251,0,3973972,139588,170128,3682712,9219.042,540.120,16.004,3432.761,4.001,197.044,8001,9719,2.260,2.400,1.500,1,0,392.087,0,0,17,167,0,31,0
12-05 16:25:44,28.540,22.088,46.409,1.489,0,4043576,131776,170128,3621912,6705.758,536.064,15.883,1262.728,0.993,65.519,6660,6666,2.260,2.400,1.500,5,0,585.699,0,0,17,167,0,31,2
12-05 16:25:45,38.022,27.447,31.476,2.518,0,4167632,151884,170132,3480920,8155.439,614.403,20.144,878.293,5.036,55.397,13172,22078,2.260,2.400,1.500,1,0,669.800,0,0,17,179,0,30,2
12-05 16:25:46,8.506,16.512,50.037,24.518,0,4172292,147128,170132,3481400,12352.157,486.361,0,15935.813,0,934.693,6506,4860,2.260,2.400,1.500,1,0,330.245,0,0,17,179,0,30,2
12-05 16:25:47,25.689,15.214,57.113,0.249,0,4224744,136244,170132,3440100,29651.025,538.710,71.828,422.988,0.998,26.936,6963,8967,2.240,2.390,1.500,4,0,258.382,0,0,17,185,0,30,2
12-05 16:25:48,42.782,6.004,46.784,3.753,0,4353124,128440,170132,3322084,9142.732,486.358,884.651,152.112,14.010,15.011,3244,2037,2.240,2.390,1.500,3,0,3.002,0,0,17,185,0,30,2
12-05 16:25:49,42.046,7.008,49.805,1.251,0,4455572,131720,170136,3219204,13597.892,540.592,148.162,736.807,11.012,55.060,3614,2969,2.240,2.390,1.500,2,0,18.020,0,0,17,206,0,28,2
12-05 16:25:50,26.803,20.351,49.636,2.234,0,4380432,205824,170140,3220228,33543.921,482.461,913.300,551.951,9.927,33.752,6127,6061,2.240,2.390,1.500,5,0,490.402,0,0,17,207,0,28,2
12-05 16:25:51,32.250,25.000,41.001,0.500,0,4436700,149216,170140,3220936,13201.183,6253.087,88.001,520.007,3.000,42.001,7051,8079,2.240,2.390,1.500,3,0,520.007,0,0,17,212,0,28,2
12-05 16:25:52,57.893,17.543,20.551,3.258,0,4488644,136332,170156,3182336,9310.989,3556.782,593.465,1223.020,18.045,31.077,7494,8647,2.380,2.420,1.510,5,0,236.584,0,0,17,214,0,30,2
12-05 16:25:53,61.798,13.260,17.764,7.005,0,4616276,126088,170160,3068664,9737.579,6257.871,1533.193,640.499,35.027,33.026,4851,4255,2.380,2.420,1.510,4,0,27.021,0,0,17,231,0,30,0
12-05 16:25:54,39.871,10.466,23.923,23.923,0,4606900,171600,170196,3033544,12151.635,5655.678,5278.899,1387.505,341.892,65.787,5377,5580,2.380,2.420,1.510,4,0,30.900,0,0,17,234,0,31,0
12-05 16:25:55,50.390,13.353,26.959,8.566,0,4668116,148840,170256,2996184,15055.574,6301.794,967.491,1390.769,134.038,100.780,6620,9258,2.380,2.420,1.510,3,0,227.764,0,0,17,236,0,35,0
12-05 16:25:56,30.753,22.002,42.003,4.250,0,4618156,223516,170272,2972620,17463.438,5830.480,160.013,9796.807,11.001,103.008,8484,10260,2.380,2.420,1.510,4,0,487.040,0,0,17,235,0,37,0
12-05 16:25:57,49.906,20.961,27.948,0,0,4719512,144860,170272,2950380,10378.520,2447.406,7.985,451.153,1.996,23.955,6617,7872,2.430,2.430,1.520,5,0,390.267,0,0,17,236,0,37,0
12-05 16:25:58,42.285,21.268,25.521,9.758,0,4794832,131260,170276,2890404,14513.105,8543.126,40.033,2490.077,3.003,196.164,7355,8737,2.430,2.430,1.520,2,0,428.357,0,0,17,236,0,25,0
12-05 16:25:59,60.064,19.771,16.267,3.754,0,4807912,148928,170296,2859392,15273.201,1474.564,1273.351,1061.126,57.061,52.055,8080,12037,2.430,2.430,1.520,7,0,342.363,0,0,17,239,0,28,0
12-05 16:26:00,52.094,23.318,23.070,0.992,0,4914932,136440,170296,2767356,24773.154,8669.512,127.011,936.708,6.946,61.521,7331,8982,2.430,2.430,1.520,4,1,480.261,0,0,17,247,0,28,0
12-05 16:26:01,57.934,19.562,19.061,2.257,0,4928380,140368,170304,2750036,12220.815,3264.368,505.606,4377.905,29.092,80.255,10087,15537,2.430,2.430,1.520,3,0,272.867,0,0,17,251,0,30,0
12-05 16:26:02,62.783,10.548,25.616,1.005,0,5056088,139132,170312,2626764,19583.325,10862.994,855.860,711.208,13.059,21.095,8147,13338,2.400,2.420,1.520,3,0,7.032,0,0,17,255,0,29,0
12-05 16:26:03,50.030,8.463,33.602,6.472,0,5084468,135116,170316,2603124,18917.839,7755.906,983.676,884.114,80.645,69.694,6340,8004,2.400,2.420,1.520,4,0,20.908,0,0,17,258,0,35,0
12-05 16:26:04,52.395,13.036,31.838,2.507,0,5067944,173700,170316,2581612,16715.140,8700.015,1371.787,782.159,22.061,78.216,5704,5088,2.400,2.420,1.520,3,0,191.529,0,0,17,264,0,36,0
12-05 16:26:05,39.023,22.763,20.262,16.510,0,5055968,181784,170580,2585124,10853.427,5684.366,4134.448,16893.003,63.037,1479.876,8634,8092,2.400,2.420,1.520,5,0,438.260,0,0,17,263,0,37,0
12-05 16:26:06,53.720,19.896,25.119,0.497,0.249,5093248,144360,170584,2585268,13927.528,6220.631,779.942,1165.933,6.964,51.731,6691,9185,2.400,2.420,1.520,5,0,338.240,0,0,17,264,0,36,0
12-05 16:26:07,70.849,17.084,9.547,2.261,0,5129536,171784,170592,2523448,15479.314,5693.067,852.201,739.647,13.064,51.253,6053,5166,2.610,2.470,1.540,6,0,175.867,0,0,18,266,0,37,0
12-05 16:26:08,71.483,11.208,7.721,9.465,0,5265644,142420,170604,2421388,18475.871,6229.691,3391.311,1406.737,159.404,69.739,5903,5543,2.610,2.470,1.540,4,1,14.944,0,0,18,272,0,37,0
12-05 16:26:09,67.804,12.054,14.565,4.269,0,5327044,129948,170628,2374044,14764.116,5750.753,1261.650,2221.950,48.216,190.855,7903,12791,2.610,2.470,1.540,4,0,123.553,0,0,18,275,0,40,0
12-05 16:26:10,41.101,11.209,44.091,3.487,0,5332928,152636,170640,2346192,13373.676,3741.481,848.932,3323.989,14.946,193.302,4515,4009,2.610,2.470,1.540,6,0,117.575,0,0,18,279,0,38,0
12-05 16:26:11,32.715,7.492,57.688,0.999,0,5312700,192204,170640,2327776,23872.224,11218.886,847.085,6876.575,10.988,85.907,4585,5544,2.610,2.470,1.540,3,1,12.986,0,0,18,284,0,39,0
12-05 16:26:12,42.239,9.442,44.723,1.491,0,5383768,129504,170640,2319580,2561133.482,31075.846,508.854,2910.006,3.975,32.797,4866,3389,2.560,2.460,1.550,3,0,7.951,0,0,18,283,0,39,0
12-05 16:26:13,19.830,4.016,74.803,0.753,0,5353612,162096,170640,2317440,8143573.573,87175.125,265.074,690.798,4.016,65.264,6481,4994,2.560,2.460,1.550,3,0,2.008,0,0,18,285,0,40,0
12-05 16:26:14,25.174,7.049,65.705,1.259,0,5366972,143008,170640,2323152,6098662.870,74489.567,0,507.513,0,38.265,7264,4722,2.560,2.460,1.550,3,0,69.481,0,0,18,288,0,38,0
12-05 16:26:15,29.068,10.932,57.143,1.739,0,5400932,128648,170640,2304120,18412.829,9671.506,2277.753,357.762,26.832,26.832,4573,3860,2.560,2.460,1.550,4,0,194.782,0,0,18,289,0,38,0
12-05 16:26:16,23.241,4.498,70.223,0.500,0,5376048,184804,170640,2273920,30805.349,10801.915,0,431.837,0,34.987,2976,2728,2.560,2.460,1.550,2,0,37.986,0,0,18,289,0,40,0
12-05 16:26:17,14.247,2.249,77.232,4.499,0,5372252,187960,170640,2274596,64672.970,1983975.914,495.885,2663.381,27.993,58.986,4534,6052,2.350,2.420,1.540,1,0,1.000,0,0,18,292,0,43,0
12-05 16:26:18,3.010,1.756,91.567,1.254,0,5368240,191968,170640,2274600,558689.489,14486329.681,12.042,329.139,2.007,19.066,2689,1679,2.350,2.420,1.540,5,0,7.024,0,0,18,297,0,41,0
12-05 16:26:19,26.179,6.732,62.829,2.493,0,5329340,214544,170648,2290884,16844631.297,356546.847,251.316,813.786,11.967,72.802,23502,21726,2.350,2.420,1.540,1,0,29.919,0,0,18,294,0,43,0
12-05 16:26:20,12.820,13.825,71.136,1.005,0,5259200,284572,170648,2290996,21449.404,2914.819,44.240,514.794,3.016,36.196,5142,4482,2.350,2.420,1.540,3,0,331.801,0,0,18,294,0,45,0
12-05 16:26:21,22.155,5.476,70.696,0.498,0.249,5328624,215072,170648,2291072,5570.083,483.922,47.795,465.999,1.991,34.850,3142,3120,2.350,2.420,1.540,2,0,134.423,0,0,18,294,0,45,0
12-05 16:26:22,11.798,15.312,70.787,1.004,0,5322652,221016,170648,2291112,6580.648,542.196,0,2329.433,0,32.130,4858,3754,2.240,2.390,1.540,3,0,259.049,0,0,18,294,0,41,0
12-05 16:26:23,8.969,19.432,68.759,1.246,0,5325520,218104,170648,2291156,10208.227,484.303,0,418.533,0,31.888,6133,5225,2.240,2.390,1.540,1,0,411.558,0,0,18,298,0,41,0
12-05 16:26:24,1.502,1.502,95.901,0,0,5316600,227024,170648,2291156,4749.500,486.769,0,16165.529,0,33.052,1117,1349,2.240,2.390,1.540,2,0,12.019,0,0,18,298,0,41,0
12-05 16:26:25,22.656,3.485,72.199,1.743,0,5384292,159328,170648,2291160,11296.972,1148.220,0,171.287,0,20.913,2165,1831,2.240,2.390,1.540,3,0,2.988,0,0,18,299,0,41,0
12-05 16:26:26,15.617,5.038,73.047,5.290,0,5361532,181996,170648,2291252,44612.093,8873.452,64.483,4924.882,4.030,467.501,3703,3663,2.240,2.390,1.540,2,0,70.528,0,0,18,302,0,41,0
12-05 16:26:27,11.497,16.746,70.483,0.500,0,5330432,212940,170652,2291372,9005.890,539.873,11.997,219.948,2.999,13.997,5594,4514,2.140,2.370,1.530,1,0,233.945,0,0,18,302,0,41,0
12-05 16:26:28,11.743,15.741,70.957,0,0,5297600,245360,170652,2291736,73940.587,485.708,0,43.974,0,4.997,5404,3979,2.140,2.370,1.530,1,0,216.870,0,0,18,302,0,41,0
12-05 16:26:29,20.134,7.208,60.401,10.688,0,5355948,186840,170656,2291904,31440.594,536.902,131.243,6116.708,6.960,182.944,3365,2969,2.140,2.370,1.530,2,1,82.524,0,0,18,304,0,41,0
12-05 16:26:30,22.632,3.269,71.669,2.012,0,5415520,126972,170656,2292200,65084.651,488.859,285.671,173.012,5.029,24.141,2179,1938,2.140,2.370,1.530,0,2,4.024,0,0,18,308,0,40,0
12-05 16:26:31,22.116,3.230,71.317,2.733,0.248,5287892,284992,170656,2262632,11720.828,578.487,119.276,890.592,7.952,70.571,2869,3041,2.140,2.370,1.530,2,0,6.958,0,0,18,308,0,40,0
12-05 16:26:32,23.511,2.251,67.281,5.252,0,5356504,216340,170656,2262672,5324.481,556.259,24.011,3405.587,4.002,587.274,2450,1873,2.050,2.350,1.530,2,0,0,0,0,18,308,0,40,0
12-05 16:26:33,15.703,3.490,79.762,0,0,5383956,188880,170656,2262680,16454.930,9443.838,0,75.774,0,6.979,2274,2185,2.050,2.350,1.530,1,0,2.991,0,0,18,311,0,41,0
12-05 16:26:34,16.540,3.258,79.692,0,0,5330248,242512,170656,2262756,16263.224,10484.286,0,11892.683,0,19.046,2294,2102,2.050,2.350,1.530,2,0,16.039,0,0,18,308,0,40,0
12-05 16:26:35,23.235,3.248,72.703,0,0,5392224,180536,170656,2262756,8422.504,539.648,0,83.945,0,3.997,2029,1556,2.050,2.350,1.530,2,0,0,0,0,18,308,0,40,0
12-05 16:26:36,16.604,10.314,71.698,0.755,0,5356272,216344,170660,2262912,10733.055,489.055,390.439,491.068,4.025,24.151,3977,3281,2.050,2.350,1.530,3,0,183.144,0,0,18,308,0,40,0
12-05 16:26:37,9.748,17.496,69.985,2.000,0,5340900,231572,170660,2263056,4634.991,539.882,31.993,0,4.999,0,5483,4523,2.050,2.340,1.530,1,0,390.915,0,0,18,308,0,40,0
12-05 16:26:38,21.651,3.982,73.413,0.249,0,5393944,178464,170692,2263088,8579.574,974.522,15.927,0,1.991,0,2369,1978,2.050,2.340,1.530,2,0,43.799,0,0,18,309,0,40,0
12-05 16:26:39,18.770,2.753,75.580,1.502,0,5392476,173696,171176,2268744,11328.991,2333.470,80.085,1233.305,5.005,42.045,2122,2122,2.050,2.340,1.530,2,0,2.002,0,0,18,308,0,40,0
12-05 16:26:40,11.244,2.249,85.451,0.750,0,5384116,181852,171184,2268908,4723.317,707.598,0,375.787,0,10.994,1620,1684,2.050,2.340,1.530,1,1,16.990,0,0,18,308,0,40,0
12-05 16:26:41,1.996,0.499,95.056,0.748,0,5375572,190388,171184,2268916,5502.742,610.750,0,487.004,0,45.906,1511,2386,2.050,2.340,1.530,2,0,0,0,0,18,308,0,40,0
12-05 16:26:42,1.500,0.750,94.258,3.000,0,5365472,200488,171184,2268916,8534.705,876.072,0,200.017,0,16.001,1064,1552,1.880,2.300,1.520,1,0,0,0,0,18,308,0,40,0
12-05 16:26:43,1.250,0.750,97.765,0,0,5359356,206604,171184,2268916,6193.930,666.100,0,32.005,0,4.001,892,1342,1.880,2.300,1.520,1,0,0,0,0,18,308,0,40,0
12-05 16:26:44,1.003,0.752,96.992,0.501,0,5352080,213880,171184,2268916,9778.393,583.455,0,88.220,0,12.030,984,1380,1.880,2.300,1.520,2,0,0,0,0,18,308,0,40,0
12-05 16:26:45,8.518,0.752,89.440,0.501,0,5347624,217292,171200,2269944,17823.918,3434.306,0,144.307,0,6.013,1303,1355,1.880,2.300,1.520,2,0,0,0,0,18,309,0,40,0
12-05 16:26:46,22.656,6.224,69.461,0.498,0,5326820,233212,171736,2274156,8597.248,711.043,0,788.720,0,12.946,11019,19739,1.880,2.300,1.520,2,0,15.934,0,0,18,308,0,40,0
12-05 16:26:47,18.300,4.011,75.455,0.501,0,5325068,234260,171780,2274796,27793.578,3556.672,24.065,489.331,4.011,8.022,9359,17323,1.810,2.280,1.520,4,0,10.027,0,0,18,309,0,40,0
12-05 16:26:48,20.718,4.493,72.389,1.997,0,5322720,234740,171904,2276492,8684.647,539.171,0,994.471,0,24.962,2387,1972,1.810,2.280,1.520,2,0,12.980,0,0,18,309,0,40,0
12-05 16:26:49,15.733,13.985,66.430,3.247,0,5296312,272700,171908,2265020,35426.425,713.243,31.966,2665.173,1.998,126.865,5144,4847,1.810,2.280,1.520,2,0,268.715,0,0,18,310,0,40,0
12-05 16:26:50,23.842,2.761,72.279,1.004,0,5343456,225348,171908,2265228,6187.878,2515.708,0,164.635,0,12.046,2331,1982,1.810,2.280,1.520,1,1,3.012,0,0,18,311,0,40,0
12-05 16:26:51,18.791,6.514,72.157,1.754,0,5316260,252220,171908,2265552,19948.276,8806.104,160.348,477.035,10.022,39.085,4039,4121,1.810,2.280,1.520,1,0,118.257,0,0,18,310,0,43,0
12-05 16:26:52,20.637,3.481,74.093,0.249,0,5378952,189524,171908,2265556,63817.565,2492.314,0,226.755,0,15.913,1994,1709,1.670,2.240,1.510,1,0,0,0,0,18,311,0,43,0
12-05 16:26:53,17.730,5.993,73.418,2.247,0,5370460,198008,171908,2265564,18780.020,7321.821,0,1985.782,0,349.609,3092,2595,1.670,2.240,1.510,2,0,70.921,0,0,18,310,0,44,0
12-05 16:26:54,19.283,2.254,78.133,0,0,5399484,168976,171908,2265572,17300.380,6263.637,0,108.184,0,6.010,1938,1624,1.670,2.240,1.510,2,0,0,0,0,18,311,0,44,0
12-05 16:26:55,19.005,5.001,74.518,0,0,5408136,160304,171908,2265592,13128.252,7800.932,0,8.002,0,1.000,2650,2186,1.670,2.240,1.510,1,0,56.014,0,0,18,310,0,42,0
12-05 16:26:56,20.232,2.498,76.181,0.500,0,5443772,124656,171908,2265604,11227.787,6289.279,0,351.680,0,31.971,2320,2163,1.670,2.240,1.510,2,0,0.999,0,0,18,311,0,42,0
12-05 16:26:57,19.841,5.023,73.841,1.005,0,5353976,214356,171912,2265696,13402.804,5071.386,80.371,148.686,5.023,11.051,2792,2495,1.610,2.220,1.510,2,0,33.153,0,0,18,312,0,45,0
12-05 16:26:58,18.915,2.489,77.902,0,0,5386860,181460,171912,2265708,18207.598,6225.169,0,3.982,0,0.996,1929,1577,1.610,2.220,1.510,2,0,0,0,0,18,313,0,45,0
12-05 16:26:59,14.245,4.998,77.720,1.999,0,5312980,255204,171912,2265844,16213.775,5709.808,111.957,943.638,6.997,77.970,3209,3642,1.610,2.220,1.510,3,0,46.982,0,0,18,312,0,37,0
12-05 16:27:00,19.008,2.751,76.280,0.500,0,5367032,201160,171912,2265848,8878.524,2926.161,0,1320.524,0,103.041,2176,1909,1.610,2.220,1.510,5,0,0,0,0,18,313,0,37,0
12-05 16:27:01,20.117,4.275,74.180,0,0,5378060,189988,171912,2265992,18711.393,8412.734,0,201.165,0,18.105,2831,2703,1.610,2.220,1.510,3,0,32.186,0,0,18,312,0,40,0
12-05 16:27:02,18.882,2.485,77.517,0.497,0,5402288,165752,171912,2266000,15273.786,6226.187,0,123.232,0,8.944,1923,1603,1.560,2.200,1.510,2,0,0,0,0,18,313,0,40,0
12-05 16:27:03,14.823,5.276,77.128,3.015,0,5355596,212424,171912,2266020,9765.850,5862.726,0,2013.867,0,298.462,3366,3285,1.560,2.200,1.510,3,0,78.384,0,0,18,312,0,35,0
12-05 16:27:04,3.739,4.985,85.488,4.486,0,5352292,214484,172452,2266724,13022.081,3320.820,1120.565,231.291,250.233,18.942,2543,2930,1.560,2.200,1.510,1,0,101.688,0,0,18,314,0,35,0
12-05 16:27:05,4.993,7.490,86.382,0.250,0,5344072,222652,172452,2266776,19223.849,3743.907,0,399.457,0,25.965,2719,2545,1.560,2.200,1.510,1,0,124.830,0,0,18,314,0,36,0
12-05 16:27:06,5.524,8.537,85.123,0.251,0,5329824,236840,172452,2266836,11311.524,1655.247,0,172.756,0,10.044,3331,2887,1.560,2.200,1.510,3,0,163.717,0,0,18,312,0,37,0
12-05 16:27:07,13.006,4.002,72.536,9.004,0,5362084,201440,172452,2269976,8524.206,486.240,1864.920,84.041,179.088,8.004,2423,2370,1.600,2.200,1.510,2,0,51.025,0,0,18,314,0,32,0
12-05 16:27:08,16.927,3.236,71.938,6.472,0,5365596,183672,172452,2284152,12515.665,537.666,5293.021,11.948,333.552,2.987,2380,2395,1.600,2.200,1.510,3,2,0.996,0,0,18,314,0,32,0
12-05 16:27:09,13.237,1.998,78.170,5.494,0,5367644,176364,172456,2289360,19182.447,4850.056,39.959,1638.330,3.996,34.964,2112,2170,1.600,2.200,1.510,2,0,15.984,0,0,18,315,0,32,0
12-05 16:27:10,14.089,6.541,72.205,6.541,0,5314780,227280,172488,2291260,4760.994,664.184,1002.314,3719.432,21.133,132.837,3766,3763,1.600,2.200,1.510,5,0,100.634,0,0,18,314,0,32,0
12-05 16:27:11,19.670,8.963,70.213,0.498,0,5342772,199196,172488,2291352,3788.537,484.024,0,430.244,0,43.821,4038,4058,1.600,2.200,1.510,2,0,204.167,0,0,18,314,0,29,0
12-05 16:27:12,17.244,2.499,79.222,0.500,0,5362776,179176,172488,2291368,35522.265,23057.734,0,171.938,0,12.995,2135,2044,1.550,2.180,1.510,2,0,0,0,0,18,314,0,31,0
12-05 16:27:13,21.004,5.751,71.512,0.750,0,5335988,205948,172488,2291384,10465.795,486.083,0,256.044,0,28.005,2621,2173,1.550,2.180,1.510,2,0,47.008,0,0,18,314,0,31,0
12-05 16:27:14,15.977,2.247,79.137,1.498,0,5354052,187844,172488,2291424,16059.971,8106.376,127.817,83.880,7.989,5.991,2021,1851,1.550,2.180,1.510,3,0,0,0,0,18,315,0,32,0
12-05 16:27:15,19.495,3.499,72.731,2.999,0,5329204,212288,172488,2291828,7873.991,1827.534,303.922,0,17.995,0,2192,1800,1.550,2.180,1.510,2,0,13.996,0,0,18,314,0,31,0
12-05 16:27:16,16.989,2.748,80.198,0,0,5355156,186332,172488,2291832,13859.084,6891.567,0,31.979,0,1.999,1933,1677,1.550,2.180,1.510,1,0,0.999,0,0,18,315,0,31,0
12-05 16:27:17,19.514,3.753,65.547,9.257,0,5321624,217864,172488,2293832,8990.431,2027.450,1969.409,1733.240,78.056,196.140,6243,9505,1.510,2.160,1.500,2,0,7.005,0,0,18,316,0,32,0
12-05 16:27:18,22.099,3.516,72.576,0.502,0,5393384,146044,172488,2293892,4771.441,1178.295,0,409.842,0,23.104,2130,1813,1.510,2.160,1.500,1,0,0,0,0,18,317,0,32,0
12-05 16:27:19,19.937,4.486,73.268,1.744,0,5377760,161616,172488,2293960,15238.689,9368.300,79.747,681.838,2.991,62.801,3831,15760,1.510,2.160,1.500,3,0,35.886,0,0,18,317,0,33,0
12-05 16:27:20,16.330,12.059,66.072,4.522,0,5354700,184568,172492,2294048,7699.509,1720.381,0,2982.530,0,108.529,5856,6932,1.510,2.160,1.500,1,0,265.292,0,0,18,316,0,27,0
12-05 16:27:21,7.996,23.237,65.714,1.749,0,5347648,191588,172492,2294080,4709.444,485.736,0,703.618,0,43.976,7207,6772,1.510,2.160,1.500,2,0,689.626,0,0,18,316,0,27,0
12-05 16:27:22,8.498,22.745,67.235,0.750,0,5342300,196900,172492,2294116,3538.213,485.892,0,571.873,0,47.989,7054,6530,1.390,2.120,1.500,2,0,678.849,0,0,18,316,0,27,0
12-05 16:27:23,9.004,22.761,64.281,3.752,0,5351732,187432,172492,2294152,4827.354,486.237,0,2621.278,0,157.077,7448,7238,1.390,2.120,1.500,2,0,712.347,0,0,18,316,0,27,0
12-05 16:27:24,7.750,20.499,65.496,4.000,0,5333620,205512,172492,2294184,4660.712,539.967,0,2155.867,0,369.977,6823,5873,1.390,2.120,1.500,3,0,585.964,0,0,18,316,0,25,0
12-05 16:27:25,8.499,21.998,67.744,0.250,0,5331804,207296,172492,2294216,4568.581,485.955,0,215.980,0,20.998,6814,6140,1.390,2.120,1.500,2,0,635.942,0,0,18,316,0,25,0
12-05 16:27:26,12.968,14.215,69.079,2.743,0,5310968,327736,172504,2204988,7031.553,484.797,11.970,391.030,2.993,25.936,4587,4294,1.390,2.120,1.500,3,2,275.317,0,0,18,316,0,25,0
12-05 16:27:27,22.966,3.245,68.649,4.244,0,5344484,283788,172504,2215416,5892.317,485.285,0,2787.892,0,26.960,2388,2204,1.350,2.100,1.490,2,0,2.996,0,0,18,316,0,25,0
12-05 16:27:28,13.224,1.996,80.839,2.745,0,5346032,280932,172504,2216716,18392.436,6555.967,538.929,1097.818,25.948,18.962,1763,1569,1.350,2.100,1.490,2,0,15.968,0,0,18,317,0,24,0
12-05 16:27:29,11.815,1.257,79.690,6.033,0,5354680,271476,172576,2217452,22337.229,10734.218,458.530,1435.922,46.255,61.338,1871,1964,1.350,2.100,1.490,2,0,0,0,0,18,317,0,24,0
12-05 16:27:30,12.679,1.740,74.087,11.188,0,5358264,266692,172664,2218560,21130.258,9020.735,851.257,4554.621,45.745,204.858,2119,2573,1.350,2.100,1.490,7,0,0,0,0,18,317,0,24,0
12-05 16:27:31,10.975,1.247,77.321,8.979,0,5358064,266204,172744,2219212,19628.598,8291.821,490.865,5319.695,34.919,234.458,2030,2033,1.350,2.100,1.490,2,1,0,0,0,18,317,0,24,0
12-05 16:27:32,13.786,1.504,79.957,5.264,0,5363352,259608,172832,2220432,65695.811,9389.269,958.477,1183.058,39.101,43.111,1746,1590,1.410,2.100,1.500,2,0,0,0,0,18,317,0,24,0
12-05 16:27:33,10.527,1.504,78.453,7.770,0,5365936,229116,172916,2248256,47793.510,7608.663,11842.604,990.560,134.347,30.078,1802,1739,1.410,2.100,1.500,3,0,0,0,0,18,317,0,24,0
12-05 16:27:34,19.987,2.249,72.702,4.747,0,5362808,220800,173472,2259132,6536.726,485.682,0,1554.983,0,66.956,2090,1918,1.410,2.100,1.500,2,0,0.999,0,0,18,317,0,24,0
12-05 16:27:35,22.728,1.998,72.430,2.248,0,5364512,202920,173732,2274812,9760.579,539.479,0,1362.685,0,32.968,2205,1940,1.410,2.100,1.500,2,0,0,0,0,18,317,0,24,0
12-05 16:27:36,19.976,2.497,72.413,4.495,0,5369924,178740,174004,2293092,16593.973,485.414,0,1789.840,0,66.919,2260,2106,1.410,2.100,1.500,2,0,0.999,0,0,18,317,0,22,0
12-05 16:27:37,19.285,2.504,71.879,5.009,0,5373420,162624,174544,2304972,11907.333,486.872,0,2837.083,0,120.215,2468,2407,1.370,2.080,1.490,2,0,0,0,0,18,317,0,22,0
12-05 16:27:38,20.251,2.000,72.253,4.500,0,5374824,136428,175124,2328960,8054.373,486.023,0,1868.087,0,60.003,2231,2065,1.370,2.080,1.490,2,0,0,0,0,18,317,0,22,0
12-05 16:27:39,21.734,2.998,69.198,4.497,0,5361372,161640,175472,2316564,5761.679,659.505,31.976,2038.471,0.999,203.847,2538,2163,1.370,2.080,1.490,1,2,18.986,0,0,18,316,0,22,0
12-05 16:27:40,8.762,1.752,86.620,2.754,0,5387784,135180,175480,2316604,5398.499,725.007,0,1013.408,0,44.061,1673,2050,1.370,2.080,1.490,2,1,16.022,0,0,18,316,0,22,0
12-05 16:27:41,1.496,1.994,91.992,2.742,0,5387644,135180,175480,2316744,6159.751,484.643,0,15089.745,0,194.455,1862,2732,1.370,2.080,1.490,3,0,0,0,0,18,316,0,22,0
12-05 16:27:42,1.000,0.500,97.275,0.250,0,5387644,135180,175480,2316744,5029.291,486.125,0,128.033,0,11.003,1016,1510,1.260,2.050,1.480,1,0,0,0,0,18,316,0,22,0
12-05 16:27:43,1.252,0.751,96.897,0,0,5383196,139628,175480,2316744,3132.754,486.739,0,192.292,0,20.030,1081,1661,1.260,2.050,1.480,1,0,0,0,0,18,316,0,22,0
12-05 16:27:44,1.248,0.749,97.327,0.250,0,5377556,145268,175480,2316744,4918.259,485.138,0,287.489,0,17.968,930,1380,1.260,2.050,1.480,1,0,0,0,0,18,316,0,22,0
12-05 16:27:45,10.309,1.257,87.245,0.754,0,5357928,160084,175832,2321156,11932.751,2866.274,0,1001.687,0,12.069,1367,1354,1.260,2.050,1.480,3,0,1.006,0,0,18,316,0,22,0
12-05 16:27:46,18.203,2.743,77.800,0.249,0,5382936,133684,175892,2322472,3557.863,652.325,0,319.180,0,4.987,2024,1729,1.260,2.050,1.480,1,0,18.951,0,0,18,316,0,22,0
12-05 16:27:47,1.245,0.996,97.625,0,0,5379096,137524,175892,2322472,8538.160,484.138,0,0,0,0,934,1316,1.160,2.010,1.480,1,0,0,0,0,18,316,0,22,0
12-05 16:27:48,16.271,4.756,78.100,0,0,5382536,134060,175892,2322480,8493.829,486.620,512.654,0,4.005,0,2247,1876,1.160,2.010,1.480,2,0,10.013,0,0,18,316,0,22,0
12-05 16:27:49,12.997,4.999,82.228,0,0,5393892,139200,175892,2307128,6406.290,485.870,511.863,0,3.999,0,1981,1706,1.160,2.010,1.480,2,0,3.999,0,0,18,316,0,22,0
12-05 16:27:50,1.756,0.251,93.327,3.011,0,5392132,140900,175892,2307188,4524.861,487.710,48.169,698.448,2.007,57.201,1417,2239,1.160,2.010,1.480,1,1,0,0,0,18,316,0,22,0
12-05 16:27:51,3.237,0.747,94.118,0.747,0,5373280,159748,175892,2307192,15457.313,1870.415,0,191.224,0,20.915,1213,1682,1.160,2.010,1.480,2,0,0,0,0,18,317,0,22,0
12-05 16:27:52,22.512,4.752,68.785,2.251,0,5381996,144948,176440,2312600,10311.274,2256.154,0,1296.663,0,40.020,9477,17517,1.150,2,1.470,2,0,15.008,0,0,18,316,0,19,0
12-05 16:27:53,24.259,6.002,66.524,1.751,0,5368464,158204,176488,2312856,8599.064,486.173,0,1544.550,0,14.005,10856,19102,1.150,2,1.470,4,0,17.006,0,0,18,316,0,21,0
12-05 16:27:54,21.761,5.003,71.537,1.001,0,5335796,202228,176516,2301612,6949.589,486.251,0,1220.630,0,37.019,2731,2451,1.150,2,1.470,3,0,18.009,0,0,18,316,0,21,0
12-05 16:27:55,23.262,5.753,69.537,0.250,0,5334344,203664,176516,2301628,9279.948,486.259,4.002,352.188,1.001,13.007,10942,19738,1.150,2,1.470,4,0,48.026,0,0,18,316,0,21,0
12-05 16:27:56,19.234,3.747,75.437,0.500,0,5361040,176096,176516,2302500,31799.234,2589.820,0,591.502,0,34.971,2674,2602,1.150,2,1.470,3,0,33.971,0,0,18,317,0,19,0
12-05 16:27:57,22.271,3.753,72.067,0.500,0,5345520,186752,176516,2307364,5587.192,1154.072,0,8511.910,0,87.081,2715,2352,1.140,1.980,1.470,2,0,19.018,0,0,18,317,0,19,0
12-05 16:27:58,17.767,3.503,75.824,2.002,0,5349748,177360,176516,2312448,10726.469,3157.081,0,1381.348,0,21.021,6733,11933,1.140,1.980,1.470,4,0,6.006,0,0,18,316,0,19,0
12-05 16:27:59,22.699,6.735,68.345,0.249,0,5349920,176632,176528,2312992,9659.147,484.903,0,574.700,0,15.964,13511,24985,1.140,1.980,1.470,2,0,20.953,0,0,18,316,0,19,0
12-05 16:28:00,18.970,5.242,67.893,6.989,0.250,5321576,216228,176556,2301712,17409.583,485.236,159.748,2775.629,7.987,270.574,2567,2321,1.140,1.980,1.470,2,1,7.987,0,0,18,316,0,15,0
12-05 16:28:01,23.072,3.762,71.723,0,0,5309900,228076,176556,2301640,8638.823,487.514,0,92.287,0,11.034,2686,2424,1.140,1.980,1.470,3,0,32.100,0,0,18,316,0,15,0
12-05 16:28:02,20.975,5.743,72.413,0,0,5312880,216964,176556,2309772,7392.075,485.414,0,11.986,0,2.996,2859,2497,1.120,1.960,1.470,2,0,85.896,0,0,18,316,0,15,0
12-05 16:28:03,13.007,2.251,77.543,6.754,0,5318380,208760,176556,2312520,13458.398,654.360,0,9393.163,0,279.153,2096,1945,1.120,1.960,1.470,1,0,16.009,0,0,18,316,0,15,0
12-05 16:28:04,0.751,1.001,97.595,0,0,5318380,208760,176556,2312520,5290.140,486.473,0,4.004,0,1.001,897,1316,1.120,1.960,1.470,2,0,0,0,0,18,316,0,15,0
12-05 16:28:05,0.998,0.748,97.506,0,0,5317208,209896,176556,2312556,7579.034,484.787,0,123.690,0,26.933,850,1263,1.120,1.960,1.470,2,0,0,0,0,18,316,0,11,0
12-05 16:28:06,1.247,0.249,96.801,0.249,0,5316072,211032,176556,2312556,5566.555,485.003,0,99.795,0,6.986,932,1377,1.120,1.960,1.470,1,1,0.998,0,0,18,316,0,11,0
12-05 16:28:07,1.005,0,97.232,1.005,0,5315808,211296,176556,2312556,9826.737,488.422,0,68.339,0,6.030,914,1328,1.030,1.930,1.460,1,0,0,0,0,18,316,0,11,0
12-05 16:28:08,3.739,1.745,90.729,2.991,0,5315804,211296,176556,2312560,11862.620,2613.206,0,8179.604,0,72.783,1339,1700,1.030,1.930,1.460,2,0,0,0,0,18,317,0,11,0
12-05 16:28:09,6.994,3.497,87.430,1.499,0,5317308,209532,176556,2312820,5327.714,827.334,0,39895.905,0,316.745,2192,2450,1.030,1.930,1.460,1,0,0,0,0,18,316,0,9,0
12-05 16:28:10,1.752,2.002,74.573,20.520,0,5319880,206932,176560,2312844,6340.236,486.478,4.004,31338.825,1.001,180.177,1645,2411,1.030,1.930,1.460,1,4,0,0,0,18,316,0,9,0
12-05 16:28:11,2.502,1.501,66.312,28.527,0,5319908,206888,176560,2312860,4115.825,486.452,0,8087.516,0,120.112,1951,3071,1.030,1.930,1.460,2,0,0,0,0,18,316,0,9,0
12-05 16:28:12,1.752,0.751,97.109,0,0,5319908,206888,176560,2312860,5575.272,486.547,0,124.140,0,10.011,1075,1640,0.950,1.900,1.450,1,0,0,0,0,18,316,0,9,0
12-05 16:28:13,2.000,0.750,94.997,1.750,0,5317868,208928,176560,2312860,5110.824,485.983,0,159.994,0,16.999,1071,1589,0.950,1.900,1.450,1,0,0,0,0,18,316,0,7,0
12-05 16:28:14,9.748,1.000,85.984,2.500,0,5333908,192776,176584,2312932,16777.892,7236.659,0,763.858,0,39.993,1566,1830,0.950,1.900,1.450,1,0,1.000,0,0,18,317,0,7,0
12-05 16:28:15,8.001,1.500,85.763,4.251,0,5340816,185520,176584,2313276,25854.889,11629.750,0,2748.413,0,228.034,1641,1921,0.950,1.900,1.450,1,0,0,0,0,18,317,0,7,0
12-05 16:28:16,5.234,0.748,88.474,3.988,0,5340096,186128,176584,2313372,50393.079,5259.622,0,2619.842,0,145.547,1652,2202,0.950,1.900,1.450,4,0,0.997,0,0,18,318,0,7,0
12-05 16:28:17,6.753,1.501,88.287,2.751,0,5331700,194312,176584,2313576,183924.870,9030.823,0,956.405,0,40.017,1632,1720,0.960,1.880,1.450,1,1,0,0,0,18,318,0,5,0
12-05 16:28:18,14.278,1.002,81.158,2.755,0,5349028,176672,176664,2313788,22263.245,10476.350,0,1190.312,0,39.076,1767,1703,0.960,1.880,1.450,1,0,0,0,0,18,318,0,5,0
12-05 16:28:19,16.997,3.749,77.736,1.250,0,5351972,173368,176752,2314112,43888.087,9506.286,0,1067.807,0,32.994,2677,12492,0.960,1.880,1.450,1,0,35.994,0,0,18,318,0,6,0
12-05 16:28:20,8.475,1.496,85.995,2.742,0,5350104,174624,176864,2314544,335666.277,20284.827,27.917,2684.038,3.988,118.648,2389,2726,0.960,1.880,1.450,2,1,0,0,0,18,318,0,6,0
12-05 16:28:21,8.059,1.763,84.617,5.037,0,5349736,174624,176936,2314828,86926.770,13952.727,96.705,2107.364,4.029,99.727,2119,2508,0.960,1.880,1.450,2,1,0,0,0,18,318,0,3,0
12-05 16:28:22,9.721,1.246,84.997,2.243,0,5349092,165340,177016,2324644,842949.078,26846.096,7.976,761.733,1.994,28.914,2131,2036,0.880,1.850,1.440,1,2,0.997,0,0,18,318,0,3,0
12-05 16:28:23,5.241,2.246,84.104,5.990,0,5355204,149224,177076,2334556,4985048.970,81663.642,0,6149.356,0,36.936,5538,3335,0.880,1.850,1.440,1,1,1.997,0,0,18,318,0,3,0
12-05 16:28:24,5.246,2.748,85.180,2.748,0,5351224,123304,177104,2364360,10646379.897,157925.767,0,8800.798,0,35.971,10252,5257,0.880,1.850,1.440,4,0,6.994,0,0,18,318,0,3,0
12-05 16:28:25,12.312,1.508,79.402,6.031,0,5346620,125908,177228,2366204,2130475.538,32911.553,164.834,5021.411,4.020,59.300,3221,2330,0.880,1.850,1.440,2,0,2.010,0,0,18,318,0,3,0
12-05 16:28:26,16.957,3.242,69.824,8.728,0,5341008,140880,178148,2356364,3506.178,484.780,3.990,4939.571,0.997,119.699,2629,2872,0.880,1.850,1.440,3,0,0.997,0,0,18,318,0,3,0
12-05 16:28:27,20.490,2.249,71.714,4.748,0,5353492,132620,178400,2351756,6456.724,485.754,0,1503.237,0,45.977,2320,2350,0.970,1.850,1.440,3,0,0,0,0,18,318,0,3,0
12-05 16:28:28,23.256,2.751,73.018,1.000,0,5346728,119024,178652,2371232,6481.567,486.118,0,940.227,0,31.007,2208,1985,0.970,1.850,1.440,4,0,0,0,0,18,318,0,3,0
12-05 16:28:29,20.719,3.495,71.143,3.495,0,5355852,115800,179092,2363792,5368.954,485.273,0,2620.074,0,104.843,2433,2275,0.970,1.850,1.440,2,0,0,0,0,18,318,0,3,0
12-05 16:28:30,18.441,3.240,67.534,9.719,0,5349592,123320,179592,2361832,5205.380,484.453,15.949,2711.343,0.997,102.672,2477,2650,0.970,1.850,1.440,5,0,0,0,0,18,318,0,3,0
12-05 16:28:31,22.854,2.763,70.070,4.018,0,5355764,122920,180804,2354524,5129.403,488.228,0,1595.279,0,186.853,2652,2437,0.970,1.850,1.440,1,2,0,0,0,18,318,0,3,0
12-05 16:28:32,20.259,2.001,69.530,7.003,0,5359184,118256,181240,2354860,4122.808,486.213,0,2236.981,0,28.012,2074,1893,0.970,1.840,1.440,4,0,0,0,0,18,318,0,3,0
12-05 16:28:33,18.469,3.993,70.881,6.239,0,5357956,119836,182172,2353344,5899.062,431.273,0,2719.419,0,93.842,2397,2405,0.970,1.840,1.440,2,0,0,0,0,18,318,0,3,0
12-05 16:28:34,20.553,3.509,72.688,2.005,0,5305940,202564,182476,2321752,6700.354,836.166,8.021,814.109,2.005,28.073,2311,1879,0.970,1.840,1.440,2,0,19.049,0,0,18,316,0,3,0
12-05 16:28:35,16.465,2.495,77.587,2.744,0,5337284,166556,182520,2326188,10086.754,2879.934,0,1552.729,0,8.981,1850,1590,0.970,1.840,1.440,3,0,15.966,0,0,18,316,0,3,0
12-05 16:28:36,20.523,3.254,74.833,0.501,0,5356208,146188,182540,2327484,14519.166,1826.033,0,368.410,0,6.007,2237,1812,0.970,1.840,1.440,1,0,20.022,0,0,18,317,0,3,0
12-05 16:28:37,10.531,2.257,73.718,13.540,0,5366024,130212,182856,2332528,34200.257,2261.696,0,11662.529,0,113.336,1765,1783,1.050,1.840,1.440,3,3,1.003,0,0,18,316,0,3,0
12-05 16:28:38,21.440,6.233,60.581,10.222,0,5354468,141324,182896,2332868,8140.324,484.650,0,13973.075,0,562.433,10713,18292,1.050,1.840,1.440,2,0,12.964,0,0,18,316,0,3,0
12-05 16:28:39,22.701,5.738,69.848,0,0,5360020,135424,182960,2333120,8528.428,484.944,0,91.800,0,1.996,9897,18103,1.050,1.840,1.440,2,0,12.972,0,0,18,316,0,3,0
12-05 16:28:40,20.289,6.011,69.883,3.757,0,5331672,176024,182996,2321876,9633.314,529.006,32.061,3097.889,1.002,51.097,2526,2325,1.050,1.840,1.440,4,0,8.015,0,0,18,316,0,3,0
12-05 16:28:41,22.019,4.254,67.309,5.755,0,5336116,169000,182996,2324460,8264.228,486.425,248.217,1449.268,4.004,36.032,2686,2853,1.050,1.840,1.440,2,2,5.004,0,0,18,316,0,3,0
12-05 16:28:42,18.749,3.750,67.245,7.999,0,5339656,164464,183000,2325452,6637.476,485.962,603.952,2371.813,25.998,109.991,5372,7630,1.050,1.830,1.440,3,0,0,0,0,18,319,0,6,0
12-05 16:28:43,19.067,6.272,63.725,10.035,0,5327816,175652,183000,2326104,8382.595,487.722,658.324,3022.672,31.110,272.964,6508,9675,1.050,1.830,1.440,1,0,85.301,0,0,18,318,0,7,0
12-05 16:28:44,9.973,16.205,70.306,2.244,0,5332072,170332,183000,2327168,6538.995,484.665,853.649,295.187,7.978,15.956,5371,4421,1.050,1.830,1.440,3,1,354.025,0,0,18,318,0,9,0
12-05 16:28:45,8.972,3.240,71.275,15.701,0,5310440,163004,183000,2356128,3394.299,484.473,28853.034,538.303,1395.600,11.962,3410,4545,1.050,1.830,1.440,1,1,9.969,0,0,18,318,0,9,0
12-05 16:28:46,4.257,2.755,81.634,10.267,0,5271204,196844,183000,2361524,5265.629,655.073,5420.883,4335.104,1076.765,187.307,2835,4566,1.050,1.830,1.440,1,0,7.011,0,0,18,318,0,9,0
12-05 16:28:47,0.998,0.499,94.101,3.245,0,5255968,212080,183000,2361524,18320.051,485.233,0,1956.908,0,325.486,1325,1558,0.970,1.800,1.430,1,0,0,0,0,18,318,0,9,0
12-05 16:28:48,16.292,5.765,77.701,0,0,5303280,164764,183000,2361528,6822.680,487.263,513.330,128.333,4.010,14.036,2341,2073,0.970,1.800,1.430,2,0,10.026,0,0,18,318,0,9,0
12-05 16:28:49,14.545,3.762,80.751,0,0,5297816,170220,183000,2361536,5559.278,487.515,513.596,0,4.012,0,2069,1865,0.970,1.800,1.430,1,0,4.012,0,0,18,318,0,9,0
12-05 16:28:50,1.486,0.743,96.850,0,0,5294796,173240,183000,2361536,4251.490,481.525,0,47.558,0,2.972,910,1471,0.970,1.800,1.430,3,1,0,0,0,18,318,0,9,0
12-05 16:28:51,2.509,0.753,94.100,1.506,0,5290368,177664,183000,2361540,6729.062,1548.768,0,1304.860,0,76.284,1402,2084,0.970,1.800,1.430,1,0,0,0,0,18,319,0,9,0
12-05 16:28:52,1.750,0.750,96.774,0.250,0,5284944,183088,183000,2361540,48730.049,3965.981,0,284.070,0,14.003,964,1372,0.890,1.770,1.430,1,0,0,0,0,18,319,0,9,0
12-05 16:28:53,7.541,11.814,72.138,7.038,0,5269644,197464,183104,2362312,17834.946,1718.244,321.731,3205.243,14.076,159.860,4803,5030,0.890,1.770,1.430,1,0,286.541,0,0,18,318,0,10,0
12-05 16:28:54,8.503,19.758,69.777,0.750,0,5267280,199788,183104,2362352,10789.141,486.187,0,356.137,0,25.010,6846,6585,0.890,1.770,1.430,1,0,588.226,0,0,18,318,0,8,0
12-05 16:28:55,9.249,20.747,68.990,0,0,5265876,201128,183104,2362416,8754.725,485.929,0,0,0,0,7275,7115,0.890,1.770,1.430,1,0,672.902,0,0,18,318,0,8,0
12-05 16:28:56,9.995,20.241,68.219,0.250,0,5267984,198956,183108,2362476,16405.436,485.776,31.985,231.893,3.998,18.991,7507,7614,0.890,1.770,1.430,1,1,678.687,0,0,18,318,0,10,0
12-05 16:28:57,19.219,4.992,67.390,7.488,0,5335008,125284,183256,2369708,6759.968,485.208,57697.837,271.557,484.210,28.953,3538,3739,0.900,1.750,1.420,1,0,19.967,0,0,18,318,0,10,0
12-05 16:28:58,9.729,3.492,80.324,4.241,0,5356272,125608,183804,2347948,4452201.740,40669.651,1229.299,7523.471,92.796,47.895,3562,2476,0.900,1.750,1.420,2,0,12.972,0,0,18,318,0,11,0
12-05 16:28:59,6.000,4.500,64.747,24.249,0,5353180,155648,183888,2321624,10618.437,485.974,3539.812,13151.302,40.998,151.992,2167,2213,0.900,1.750,1.420,1,3,23.999,0,0,18,318,0,11,0
12-05 16:29:00,2.748,2.498,63.950,29.727,0,5337288,171492,183900,2321660,25890.603,485.617,31.975,18197.664,7.994,137.891,1568,2034,0.900,1.750,1.420,1,2,6.994,0,0,18,318,0,11,0
12-05 16:29:01,3.995,3.745,56.174,35.452,0,5347048,148308,183912,2335072,7314.111,485.344,7.989,31553.338,1.997,179.757,2568,3619,0.900,1.750,1.420,1,1,0,0,0,18,318,0,11,0
12-05 16:29:02,1.249,2.498,63.443,31.722,0,5348184,147140,183916,2335100,12341.919,485.564,0,21636.573,0,298.732,1650,1929,1.070,1.770,1.430,1,3,6.994,0,0,18,318,0,11,0
12-05 16:29:03,2.002,2.002,54.548,40.535,0,5344292,151004,183916,2335128,12568.966,486.424,32.028,19657.150,1.001,432.377,1761,2178,1.070,1.770,1.430,1,3,0,0,0,18,318,0,11,0
12-05 16:29:04,1.751,2.751,65.026,28.761,0,5344904,150252,183928,2335256,7542.001,486.193,4.002,19351.700,1.000,217.086,1932,2573,1.070,1.770,1.430,1,5,3.001,0,0,18,318,0,11,0
12-05 16:29:05,1.001,2.502,64.811,31.029,0,5345624,149504,183932,2335280,3266.091,486.460,0,14185.423,0,227.215,1344,1820,1.070,1.770,1.430,3,1,6.006,0,0,18,318,0,11,0
12-05 16:29:06,2.997,3.247,80.417,12.237,0,5349184,141188,183960,2340008,4745.091,485.498,0,21941.302,0,227.764,2300,3137,1.070,1.770,1.430,0,0,3.996,0,0,18,318,0,11,0
12-05 16:29:07,1.747,1.997,65.647,29.454,0,5344664,145492,183972,2340212,6875.186,485.237,0,18147.457,0,269.576,1729,2329,1.300,1.810,1.450,1,1,0,0,0,18,318,0,11,0
12-05 16:29:08,2.999,5.248,71.968,19.242,0,5344012,145132,184056,2341140,6824.008,485.787,0,10087.577,0,361.841,2830,3467,1.300,1.810,1.450,1,1,26.988,0,0,18,318,0,11,0
12-05 16:29:09,3.521,6.791,72.689,15.343,0,5336700,149980,184276,2343384,6267.819,488.950,0,5803.015,0,756.565,4343,5753,1.300,1.810,1.450,2,0,52.316,0,0,18,318,0,11,0
12-05 16:29:10,4.002,7.505,72.045,14.759,0,5336672,146076,184380,2347148,4466.766,486.301,0,6840.236,0,641.397,4225,5427,1.300,1.810,1.450,1,2,56.035,0,0,18,318,0,11,0
12-05 16:29:11,14.753,5.751,66.264,11.502,0,5357636,123456,184388,2348796,5259.096,486.101,16.003,3788.790,1.000,283.059,3673,4284,1.300,1.810,1.450,3,0,27.006,0,0,18,318,0,11,0
12-05 16:29:12,20.521,5.756,68.570,5.005,0,5347984,132300,184432,2349544,4193.274,486.496,0,1261.286,0,85.087,3609,3110,1.360,1.810,1.450,1,0,34.035,0,0,18,318,0,11,0
12-05 16:29:13,12.440,4.478,65.435,16.421,0,5347572,132204,184456,2350028,6027.006,483.673,0,5839.906,0,363.252,2862,2369,1.360,1.810,1.450,2,0,19.904,0,0,18,318,0,11,0
12-05 16:29:14,18.844,5.779,66.080,8.543,0,5350120,128004,184668,2351700,4926.594,488.438,0,5837.140,0,163.818,3314,3314,1.360,1.810,1.450,2,0,22.110,0,0,18,318,0,11,0
12-05 16:29:15,20.391,4.227,71.369,3.481,0,5333028,140812,184784,2355532,4390.563,483.420,63.660,1157.820,14.920,43.766,2641,2381,1.360,1.810,1.450,1,1,13.926,0,0,18,318,0,11,0
12-05 16:29:16,16.986,3.247,71.440,7.744,0,5337476,136836,184784,2354644,7331.890,485.595,147.877,1242.964,34.971,7.993,3692,5013,1.360,1.810,1.450,2,0,16.986,0,0,18,318,0,11,0
12-05 16:29:17,9.267,8.265,71.128,9.768,0,5351676,133516,184820,2344140,8584.502,581.049,120.217,4215.613,15.027,96.174,3108,3002,1.330,1.800,1.450,2,0,39.071,0,0,18,318,0,11,0
12-05 16:29:18,15.467,7.983,72.847,2.994,0,5367832,122376,184836,2336124,63932.452,484.979,243.488,3233.196,13.971,134.716,2801,2086,1.330,1.800,1.450,2,0,35.924,0,0,18,318,0,11,0
12-05 16:29:19,29.003,5.001,63.757,2.250,0,5416032,190672,184716,2222508,8032.846,486.051,96.010,160.017,10.001,5.001,3058,12799,1.330,1.800,1.450,2,0,38.004,0,0,18,318,0,12,0
12-05 16:29:20,4.752,2.501,90.797,0,0,5355652,311680,184720,2162064,4856.528,486.253,2273.183,8.004,42.022,2.001,1715,1847,1.330,1.800,1.450,1,2,18.009,0,0,18,320,0,12,0
12-05 16:29:21,1.751,0.500,94.806,2.001,0,5353160,314172,184720,2162064,11865.009,486.287,0,512.303,0,39.023,1235,1891,1.330,1.800,1.450,1,0,0,0,0,18,320,0,12,0
12-05 16:29:22,0.999,0.749,97.182,0.500,0,5346604,320724,184720,2162068,8594.971,431.697,3.997,67.952,0.999,10.992,885,1271,1.220,1.770,1.440,1,0,0,0,0,18,320,0,11,0
12-05 16:29:23,1.753,0.250,97.681,0,0,5339724,327604,184720,2162068,9178.982,541.001,0,0,0,0,940,1285,1.220,1.770,1.440,1,0,0,0,0,18,320,0,11,0
12-05 16:29:24,1.248,1.498,95.135,0.749,0,5333796,333488,184720,2162112,5513.352,431.480,31.961,958.844,0.999,39.952,1286,1922,1.220,1.770,1.440,1,0,5.993,0,0,18,320,0,11,0
12-05 16:29:25,1.001,1.001,97.588,0,0,5328488,338796,184720,2162112,8608.796,486.440,0,64.058,0,7.006,900,1285,1.220,1.770,1.440,1,0,0,0,0,18,320,0,11,0
12-05 16:29:26,2.761,0.753,95.392,1.004,0,5323956,343324,184720,2162116,7196.594,488.007,0,297.222,0,24.099,1348,1978,1.220,1.770,1.440,2,1,1.004,0,0,18,320,0,11,0
12-05 16:29:27,0.995,0.497,96.486,0.497,0,5319648,347632,184720,2162116,10671.133,483.424,0,87.534,0,10.942,1074,1686,1.120,1.740,1.430,1,0,0,0,0,18,320,0,11,0
12-05 16:29:28,1.502,0.751,97.647,0,0,5316100,351180,184720,2162116,12732.153,486.732,0,4.006,0,1.002,921,1291,1.120,1.740,1.430,2,0,0,0,0,18,320,0,11,0
12-05 16:29:29,0.999,0.500,95.422,2.248,0,5312768,354508,184720,2162120,18842.517,485.601,0,1035.149,0,173.857,1003,1309,1.120,1.740,1.430,1,0,0,0,0,18,320,0,11,0
12-05 16:29:30,1.250,0.750,96.994,0,0,5310324,356948,184720,2162124,7326.519,485.968,0,55.996,0,7.000,953,1297,1.120,1.740,1.430,5,0,1.000,0,0,18,322,0,11,0
12-05 16:29:31,1.751,0.750,97.051,0.500,0,5309244,358028,184720,2162124,6496.439,486.257,0,288.153,0,24.013,1241,1917,1.120,1.740,1.430,2,0,0,0,0,18,322,0,11,0
12-05 16:29:32,0.999,0.749,97.616,0,0,5309140,358132,184720,2162124,5865.937,485.333,0,35.951,0,3.995,848,1252,1.030,1.710,1.420,2,0,0,0,0,18,322,0,11,0
12-05 16:29:33,1.751,0.250,97.314,0,0,5309140,358132,184720,2162124,5852.828,486.318,0,0,0,0,1008,1392,1.030,1.710,1.420,3,0,0,0,0,18,322,0,11,0
12-05 16:29:34,1.000,0.750,97.017,0.250,0,5309092,358132,184720,2162172,6243.118,486.087,32.006,548.098,1.000,43.008,1103,1814,1.030,1.710,1.420,1,0,0,0,0,18,322,0,11,0
12-05 16:29:35,1.251,0.750,97.543,0,0,5309088,358132,184720,2162176,5174.291,486.215,0,88.039,0,5.002,927,1308,1.030,1.710,1.420,1,0,0,0,0,18,322,0,11,0
12-05 16:29:36,1.501,0.500,97.048,0,0,5309336,357884,184720,2162176,5361.632,486.239,0,120.059,0,10.005,1015,1405,1.030,1.710,1.420,1,0,1.000,0,0,18,322,0,11,0
12-05 16:29:37,1.500,0.500,97.236,0.750,0,5309136,358084,184720,2162176,4404.353,485.929,0,43.994,0,5.999,915,1311,0.950,1.680,1.420,1,0,0,0,0,18,322,0,11,0
12-05 16:29:38,0.748,0.748,97.288,0,0,5309136,358084,184720,2162176,9915.401,484.944,0,0,0,0,942,1321,0.950,1.680,1.420,1,0,0,0,0,18,322,0,11,0
12-05 16:29:39,1.252,0.751,97.126,0.501,0,5309136,358084,184720,2162176,37134.058,486.630,0,624.809,0,134.174,1079,1364,0.950,1.680,1.420,1,0,0,0,0,18,322,0,11,0
12-05 16:29:40,1.749,0.250,97.437,0,0.250,5309136,358084,184720,2162176,8973.198,485.686,0,3.997,0,0.999,923,1258,0.950,1.680,1.420,3,0,0,0,0,18,322,0,11,0
12-05 16:29:41,2.499,1.000,90.715,4.748,0,5309112,358084,184728,2162192,17568.190,485.812,0,2275.118,0,144.944,1725,2735,0.950,1.680,1.420,1,1,0,0,0,18,322,0,11,0
12-05 16:29:42,1.000,0.500,97.241,0.250,0,5309112,358084,184728,2162192,8260.234,485.955,0,187.983,0,18.998,1025,1632,0.870,1.650,1.410,1,0,0,0,0,18,322,0,11,0
12-05 16:29:43,1.501,1.001,96.069,0,0,5309128,358084,184728,2162192,24339.516,486.350,0,100.072,0,12.009,1300,1734,0.870,1.650,1.410,3,0,0,0,0,18,322,0,7,0
12-05 16:29:44,1.250,0.750,97.267,0,0,5309124,358084,184728,2162196,11103.898,486.083,0,1840.315,0,41.007,985,1407,0.870,1.650,1.410,2,0,0,0,0,18,322,0,7,0
12-05 16:29:45,1.502,1.001,94.856,2.503,0,5308872,358336,184728,2162196,8227.202,486.544,0,4216.716,0,176.197,1152,1428,0.870,1.650,1.410,1,0,0,0,0,18,322,0,7,0
12-05 16:29:46,1.250,0.750,97.267,0,0,5308924,358336,184728,2162196,8556.499,486.085,0,4.001,0,1.000,980,1350,0.870,1.650,1.410,1,0,1.000,0,0,18,322,0,7,0
12-05 16:29:47,1.497,0.499,97.783,0,0,5308924,358336,184728,2162196,9696.519,526.833,0,0,0,0,901,1262,0.800,1.630,1.400,1,0,0,0,0,18,322,0,5,0
12-05 16:29:48,15.004,5.251,78.020,1.000,0,5359092,307820,184728,2162544,7065.778,486.122,936.236,16.004,17.004,2.001,2172,1867,0.800,1.630,1.400,4,0,10.003,0,0,18,322,0,5,0
12-05 16:29:49,14.275,3.757,81.142,0,0,5348740,318084,184728,2162632,4326.568,486.852,512.897,0,4.007,0,1911,1730,0.800,1.630,1.400,1,0,4.007,0,0,18,322,0,5,0
12-05 16:29:50,8.482,5.489,65.613,19.459,0,5368664,295912,185040,2164568,3857.922,484.985,2227.336,26041.473,487.978,218.542,2505,3056,0.800,1.630,1.400,1,2,4.990,0,0,18,322,0,5,0
12-05 16:29:51,7.000,2.500,60.754,28.502,0,5370324,294064,185148,2164664,13064.852,8446.551,180.012,35658.327,17.001,64.004,2434,3120,0.800,1.630,1.400,2,0,0,0,0,18,323,0,5,0
12-05 16:29:52,11.525,3.257,83.929,0.752,0,5361796,302548,185148,2164708,5916.610,1824.889,32.068,188.402,2.004,19.041,2167,2539,0.740,1.600,1.390,1,0,5.011,0,0,18,322,0,7,0
12-05 16:29:53,1.500,0.750,97.505,0.250,0,5357568,306776,185148,2164708,2742.141,486.025,0,88.005,0,12.001,1005,1474,0.740,1.600,1.390,1,0,0,0,0,18,322,0,7,0
12-05 16:29:54,0.748,0.748,97.047,0.249,0,5353804,310536,185148,2164712,5807.831,484.984,0,335.297,0,19.958,914,1321,0.740,1.600,1.390,1,0,0,0,0,18,322,0,7,0
12-05 16:29:55,1.252,0.250,98.120,0,0,5350136,314204,185148,2164712,9629.798,486.596,0,28.034,0,4.005,902,1279,0.740,1.600,1.390,1,0,0,0,0,18,322,0,6,0
12-05 16:29:56,1.750,0.750,95.981,0.750,0,5347636,316700,185148,2164716,7294.565,569.888,0,395.922,0,51.990,1311,1898,0.740,1.600,1.390,2,0,1.000,0,0,18,322,0,6,0
12-05 16:29:57,4.748,1.999,92.470,0,0,5342392,321656,185148,2165004,15048.082,8354.269,0,59.980,0,8.997,1886,2547,0.760,1.590,1.390,1,0,2.999,0,0,18,323,0,6,0
12-05 16:29:58,15.016,3.754,79.084,1.001,0,5338436,325496,185148,2165120,9407.029,3197.409,80.085,244.260,5.005,23.025,2749,3040,0.760,1.590,1.390,1,0,8.009,0,0,18,324,0,10,0
12-05 16:29:59,1.747,0.499,96.095,0.250,0,5337352,326568,185148,2165132,11776.047,485.219,0,207.666,0,19.968,1275,1801,0.760,1.590,1.390,2,0,0.998,0,0,18,324,0,7,0
12-05 16:30:00,1.748,0.500,95.416,1.499,0,5336732,327188,185148,2165132,11918.491,485.572,0,223.803,0,20.982,1049,1439,0.760,1.590,1.390,2,0,0,0,0,18,324,0,7,0
12-05 16:30:01,2.251,1.501,91.034,4.252,0,5336488,327376,185152,2165184,11150.217,486.184,48.018,1772.670,7.003,263.099,1782,2247,0.760,1.590,1.390,1,0,3.001,0,0,18,324,0,7,0
12-05 16:30:02,1.001,1.001,97.351,0.250,0,5336312,327552,185152,2165184,5074.288,486.507,0,64.067,0,8.008,985,1504,0.700,1.560,1.380,1,0,0,0,0,18,324,0,7,0
12-05 16:30:03,1.998,0.749,95.910,0,0,5336152,327584,185152,2165312,27455.144,2766.395,0,83.921,0,5.994,1200,1620,0.700,1.560,1.380,1,0,0,0,0,18,325,0,7,0
12-05 16:30:04,14.006,3.502,81.785,0.250,0,5328088,335588,185152,2165372,22099.549,10622.590,0,272.118,0,25.011,2506,2603,0.700,1.560,1.380,2,0,5.002,0,0,18,325,0,8,0
12-05 16:30:05,12.514,2.753,83.841,0.250,0,5341776,321756,185152,2165516,16984.534,9906.811,0,304.332,0,26.028,2276,2567,0.700,1.560,1.380,4,0,5.005,0,0,18,325,0,9,0
12-05 16:30:06,12.493,3.248,82.202,0.250,0,5338704,324808,185152,2165536,18347.179,10944.545,0,303.821,0,28.983,2521,2652,0.700,1.560,1.380,2,0,5.996,0,0,18,325,0,10,0
12-05 16:30:07,36.095,5.765,56.648,0.752,0,5084768,578728,185152,2165552,14473.896,8604.528,4.011,304.798,1.003,29.076,3705,3028,0.800,1.570,1.390,3,0,19.050,0,0,18,306,0,15,0
12-05 16:30:08,57.583,11.767,26.288,4.006,0,5079700,583712,185152,2165800,7895.342,540.777,120.173,88.127,9.013,10.014,3933,2367,0.800,1.570,1.390,4,0,7.010,0,0,18,302,0,15,0
12-05 16:30:09,85.134,12.447,0.249,2.240,0,5205364,457504,185152,2166312,7794.516,537.690,258.888,525.741,11.949,19.914,4732,1915,0.800,1.570,1.390,5,0,2.987,0,0,18,304,0,15,0
12-05 16:30:10,82.010,14.591,1.006,2.516,0,5235472,425724,185156,2167980,5332.150,543.378,720.479,474.953,36.225,32.200,7315,9274,0.800,1.570,1.390,6,0,9.056,0,0,18,298,0,20,0
12-05 16:30:11,66.147,13.479,19.719,0.250,0,5343216,317608,185156,2168368,7280.674,485.245,842.689,774.795,8.986,28.955,5971,5610,0.800,1.570,1.390,5,0,7.988,0,0,18,298,0,22,0
12-05 16:30:12,29.114,7.963,59.472,1.991,0,5361212,298532,185160,2169484,7268.053,537.490,147.312,386.196,9.954,34.837,6352,10371,0.900,1.580,1.390,3,0,5.972,0,0,18,300,0,23,0
12-05 16:30:13,23.263,3.502,70.541,0.500,0,5413932,245812,185160,2169480,4101.369,540.312,0,232.134,0,23.013,3121,3722,0.900,1.580,1.390,2,0,1.001,0,0,18,302,0,24,0
12-05 16:30:14,20.242,4.248,72.223,1.749,0,5467616,190680,185172,2170916,52958.838,23151.186,339.871,679.741,8.997,48.981,4863,8256,0.900,1.580,1.390,2,0,2.999,0,0,18,301,0,29,0
12-05 16:30:15,23.137,1.509,73.687,0.251,0,5467316,190920,185172,2170976,108295.647,50809.514,0,104.621,0,7.042,3891,4115,0.900,1.580,1.390,2,0,0,0,0,18,304,0,29,0
12-05 16:30:16,14.408,2.236,73.778,8.446,0,5362044,296164,185172,2171048,58140.048,24558.884,27.822,4248.818,1.987,757.156,3599,3378,0.900,1.580,1.390,1,0,1.987,0,0,18,295,0,30,0
12-05 16:30:17,12.745,1.749,79.218,5.748,0,5364744,293436,185172,2171076,46032.588,19642.143,0,2327.069,0,172.931,3326,4220,0.830,1.550,1.380,1,0,0,0,0,18,301,0,30,0
12-05 16:30:18,12.757,1.501,81.795,2.251,0,5365800,292204,185172,2171252,38656.375,15392.511,12.007,524.290,2.001,68.038,3229,4359,0.830,1.550,1.380,1,0,0,0,0,18,299,0,30,0
12-05 16:30:19,5.029,2.515,91.025,1.006,0,5394768,263228,185172,2174128,9167.917,543.135,0,104.604,0,8.046,1673,8504,0.830,1.550,1.380,0,0,36.209,0,0,18,299,0,30,0
12-05 16:30:20,1.739,0.745,95.392,0.497,0,5375448,282548,185172,2171260,7832.075,536.580,0,457.086,0,28.816,1371,7806,0.830,1.550,1.380,2,0,0,0,0,18,299,0,30,0
12-05 16:30:21,1.503,1.002,96.432,0.501,0,5374268,283724,185172,2171264,28994.775,486.920,0,268.507,0,23.044,1189,1732,0.830,1.550,1.380,2,0,0,0,0,18,299,0,30,0
12-05 16:30:22,1.501,0.750,84.032,12.255,0,5366732,291260,185172,2171264,18256.044,540.208,0,6862.648,0,579.223,1503,1655,0.840,1.540,1.380,1,0,0,0,0,18,299,0,30,0
12-05 16:30:23,1.250,0.750,97.498,0.250,0,5366732,291260,185172,2171264,19581.595,539.989,0,91.998,0,11.000,998,1376,0.840,1.540,1.380,1,0,0,0,0,18,299,0,30,0
12-05 16:30:24,1.500,1.500,95.264,0.500,0,5366952,291068,185172,2171268,15711.317,540.080,0,396.058,0,29.004,1282,1811,0.840,1.540,1.380,1,0,6.001,0,0,18,299,0,30,0
12-05 16:30:25,1.250,0.250,97.747,0.250,0,5366952,291068,185172,2171268,13469.575,539.983,0,31.999,0,4.000,907,1321,0.840,1.540,1.380,2,0,0,0,0,18,299,0,30,0
12-05 16:30:26,1.496,0.998,95.767,0.499,0,5366952,291068,185172,2171268,13187.928,484.821,0,1101.322,0,24.939,1218,1799,0.840,1.540,1.380,2,1,0.998,0,0,18,299,0,30,0
12-05 16:30:27,2.001,1.001,92.309,3.752,0,5366948,291068,185176,2171268,12106.752,540.346,0,2565.643,0,155.099,1507,2407,0.770,1.520,1.370,2,0,0,0,0,18,299,0,30,0
12-05 16:30:28,2.504,1.252,95.401,1.002,0,5366936,291068,185176,2171280,11600.402,661.049,0,248.394,0,34.054,1487,2130,0.770,1.520,1.370,1,0,0,0,0,18,299,0,30,0
12-05 16:30:29,0.750,0.500,97.504,0,0,5366936,291068,185176,2171280,7994.292,660.024,0,0,0,0,918,1332,0.770,1.520,1.370,1,0,0,0,0,18,299,0,30,0
12-05 16:30:30,1.497,0.749,96.333,0.749,0,5366936,291068,185176,2171280,9509.533,539.067,0,319.447,0,20.964,980,1374,0.770,1.520,1.370,2,0,0,0,0,18,299,0,30,0
12-05 16:30:31,1.750,0.500,96.236,0.250,0,5366928,291068,185176,2171288,7224.952,605.912,0,335.951,0,33.995,1280,1894,0.770,1.520,1.370,2,0,0,0,0,18,299,0,30,0
12-05 16:30:32,1.251,1.001,97.570,0,0.250,5366928,291068,185176,2171288,9564.893,540.389,0,36.026,0,4.003,980,1305,0.710,1.490,1.360,1,0,0,0,0,18,299,0,30,0
12-05 16:30:33,1.001,0.250,97.582,0,0,5366928,291068,185176,2171288,5568.654,582.487,0,0,0,0,964,1314,0.710,1.490,1.360,2,0,0,0,0,18,299,0,30,0
12-05 16:30:34,1.248,0.749,97.352,0,0,5366928,291068,185176,2171288,3403.842,539.183,0,3.994,0,0.998,897,1288,0.710,1.490,1.360,1,0,0,0,0,18,299,0,30,0
12-05 16:30:35,1.502,1.001,97.636,0,0,5366928,291068,185176,2171288,8403.700,486.678,0,0,0,0,947,1310,0.710,1.490,1.360,1,0,0,0,0,18,299,0,30,0
12-05 16:30:36,1.000,0.500,96.999,0,0,5366924,291068,185176,2171292,7362.903,539.993,0,51.999,0,6.000,1011,1432,0.710,1.490,1.360,2,0,1.000,0,0,18,299,0,30,0
12-05 16:30:37,1.248,0.999,96.866,0,0,5366924,291068,185176,2171292,6733.671,539.253,0,59.917,0,7.989,987,1379,0.650,1.470,1.360,2,0,0,0,0,18,299,0,30,0
12-05 16:30:38,1.753,0.751,95.892,1.001,0,5366920,291068,185176,2171296,15262.588,540.800,0,420.623,0,43.064,1421,2097,0.650,1.470,1.360,1,0,0,0,0,18,299,0,30,0
12-05 16:30:39,1.249,0.499,97.398,0,0,5366920,291068,185176,2171296,5820.898,539.435,0,0,0,0,902,1285,0.650,1.470,1.360,1,0,0,0,0,18,299,0,30,0
12-05 16:30:40,1.757,0.753,97.648,0,0,5366920,291068,185176,2171296,8408.231,487.987,0,92.376,0,11.045,966,1345,0.650,1.470,1.360,2,0,0,0,0,18,299,0,30,0
12-05 16:30:41,1.741,0.995,94.287,1.493,0,5366916,291068,185176,2171300,32726.437,537.364,0,441.832,0,42.790,1500,2309,0.650,1.470,1.360,5,0,0,0,0,18,299,0,30,0
12-05 16:30:42,20.013,5.503,71.795,1.251,0,5346480,311136,185188,2171552,7793.896,778.489,408.256,100.063,32.020,14.009,3244,3132,0.840,1.490,1.370,3,0,72.045,0,0,18,295,0,32,0
12-05 16:30:43,24.253,5.501,66.009,4.251,0,5086500,571072,185188,2171768,6269.848,892.121,56.008,1728.234,1.000,348.047,2703,2130,0.840,1.490,1.370,2,0,7.001,0,0,18,295,0,32,0
12-05 16:30:44,21.263,3.002,72.293,1.751,0,5147768,509724,185188,2171848,43369.857,1040.620,76.045,392.234,7.004,19.011,2087,1631,0.840,1.490,1.370,2,0,2.001,0,0,18,295,0,32,0
12-05 16:30:45,23.690,5.735,70.321,0,0,5250692,405944,185188,2172724,6289.978,484.765,0,0,0,0,2932,4236,0.840,1.490,1.370,2,0,18.952,0,0,18,299,0,34,0
12-05 16:30:46,23.566,3.510,57.159,15.042,0,5279636,376820,185188,2172904,9175.529,541.507,0,4259.852,0,509.417,2984,2024,0.840,1.490,1.370,2,0,5.014,0,0,18,299,0,34,0
12-05 16:30:47,4.743,0.999,92.867,0,0,5288888,367548,185192,2172920,22355.032,527.246,0,279.600,0,54.921,1489,1548,0.770,1.470,1.360,1,0,0.999,0,0,18,299,0,34,0
12-05 16:30:48,2.000,0.750,96.249,0.500,0,5289360,367072,185192,2172924,4293.960,679.994,0,419.996,0,38.000,1222,1855,0.770,1.470,1.360,1,0,0,0,0,18,299,0,34,0
12-05 16:30:49,2.510,0.753,96.376,0,0,5288596,367836,185192,2172924,5018.598,487.905,0,32.125,0,4.016,1081,1464,0.770,1.470,1.360,1,0,1.004,0,0,18,299,0,34,0
12-05 16:30:50,1.995,0.748,95.501,0.249,0,5285104,371296,185192,2172956,9096.289,538.596,31.917,231.397,1.995,3.990,1289,1703,0.770,1.470,1.360,2,0,1.995,0,0,18,299,0,34,0
12-05 16:30:51,2.000,0.750,96.267,0.250,0,5278660,377732,185192,2172964,6439.164,486.088,0,192.035,0,24.004,1163,1767,0.770,1.470,1.360,1,0,0,0,0,18,299,0,34,0
12-05 16:30:52,1.498,0.499,96.870,0,0,5272836,383556,185192,2172964,7661.732,629.157,0,91.877,0,9.987,1030,1401,0.710,1.440,1.350,1,0,0,0,0,18,299,0,32,0
12-05 16:30:53,1.500,0.750,96.752,0.500,0,5267736,388656,185192,2172964,7873.169,486.010,0,200.004,0,16.000,1007,1396,0.710,1.440,1.350,1,0,0,0,0,18,299,0,32,0
12-05 16:30:54,1.503,0.501,97.665,0,0,5263272,393116,185192,2172968,6714.324,528.892,0,0,0,0,921,1295,0.710,1.440,1.350,1,0,0,0,0,18,299,0,32,0
12-05 16:30:55,1.249,0.749,96.675,0,0,5259916,396468,185192,2172972,11056.379,539.579,0,0,0,0,1069,1427,0.710,1.440,1.350,1,0,0.999,0,0,18,299,0,32,0
12-05 16:30:56,3.748,1.749,93.441,0.750,0,5264028,392340,185192,2172988,3966.506,625.607,0,251.842,0,22.986,1635,2213,0.710,1.440,1.350,5,0,3.997,0,0,18,299,0,32,0
12-05 16:30:57,4.248,1.250,92.967,0.250,0,5262036,394308,185192,2173012,5055.211,485.828,0,183.935,0,20.993,1812,2468,0.740,1.430,1.350,1,0,1.999,0,0,18,299,0,32,0
12-05 16:30:58,2.003,0.751,95.872,0.751,0,5259632,396696,185196,2173024,9051.554,540.690,0,684.874,0,32.041,1385,1970,0.740,1.430,1.350,1,0,0,0,0,18,299,0,32,0
12-05 16:30:59,1.501,0.250,97.044,0,0,5257840,398488,185196,2173024,7379.382,486.223,0,136.062,0,11.005,1047,1451,0.740,1.430,1.350,1,0,0,0,0,18,299,0,32,0
12-05 16:31:00,0.749,0.998,95.831,1.248,0,5256264,400064,185196,2173024,5330.601,539.050,0,399.296,0,25.954,1016,1450,0.740,1.430,1.350,1,0,0,0,0,18,299,0,32,0
12-05 16:31:01,2.001,0.500,96.281,0.250,0,5255112,401216,185196,2173024,9277.984,486.156,0,272.087,0,27.009,1190,1775,0.740,1.430,1.350,2,0,0,0,0,18,299,0,28,0
12-05 16:31:02,1.500,1.000,97.515,0,0,5254156,402168,185196,2173028,7431.152,576.089,0,8.001,0,1.000,1005,1373,0.680,1.410,1.340,1,0,0,0,0,18,299,0,28,0
12-05 16:31:03,1.249,0.250,97.692,0,0,5253404,402920,185196,2173028,7725.376,539.677,0,0,0,0,955,1343,0.680,1.410,1.340,2,0,0,0,0,18,299,0,28,0
12-05 16:31:04,1.502,1.001,94.632,2.003,0,5253156,403168,185196,2173028,33540.670,486.677,0,1041.449,0,214.298,1159,1326,0.680,1.410,1.340,1,0,0,0,0,18,299,0,28,0
12-05 16:31:05,0.999,0.749,97.385,0,0,5253092,403196,185196,2173064,6966.741,539.361,0,0,0,0,915,1261,0.680,1.410,1.340,2,0,0,0,0,18,299,0,27,0
12-05 16:31:06,1.500,1.000,97.242,0.250,0,5253592,402696,185196,2173064,6126.507,485.961,0,83.993,0,6.000,976,1364,0.680,1.410,1.340,1,0,1.000,0,0,18,299,0,27,0
12-05 16:31:07,1.502,0.501,96.597,0.501,0,5253336,402948,185196,2173068,6999.014,486.487,0,132.132,0,15.015,1144,1545,0.620,1.390,1.330,1,0,0,0,0,18,299,0,27,0
12-05 16:31:08,2.002,0.250,95.328,1.001,0,5253024,403260,185196,2173068,14526.944,540.444,0,372.306,0,37.030,1472,2169,0.620,1.390,1.330,2,0,0,0,0,18,299,0,27,0
12-05 16:31:09,1.245,0.498,97.147,0,0,5248176,408108,185196,2173068,12073.099,538.044,0,0,0,0,963,1353,0.620,1.390,1.330,1,0,0,0,0,18,299,0,20,0
12-05 16:31:10,1.253,0.752,97.205,0.501,0,5248812,407468,185196,2173072,6534.761,487.026,0,92.194,0,11.023,1017,1403,0.620,1.390,1.330,1,0,0,0,0,18,299,0,20,0
12-05 16:31:11,1.752,0.501,93.125,3.004,0,5249060,407216,185196,2173076,8115.921,540.728,0,436.587,0,41.055,1350,2162,0.620,1.390,1.330,4,0,0,0,0,18,299,0,20,0
12-05 16:31:12,1.495,0.748,96.450,0.249,0,5248812,407464,185196,2173076,5115.068,624.056,0,83.739,0,11.963,1179,1742,0.570,1.360,1.330,1,0,0,0,0,18,299,0,20,0
12-05 16:31:13,7.542,14.079,77.185,0.754,0,5257432,398816,185196,2173104,9490.468,633.569,8.045,20.113,2.011,3.017,4872,4115,0.570,1.360,1.330,1,0,312.762,0,0,18,299,0,12,0
12-05 16:31:14,20.925,3.238,73.984,0.249,0,5325056,331188,185196,2173108,9096.270,2497.015,0,219.211,0,14.946,2022,1627,0.570,1.360,1.330,1,0,0,0,0,18,300,0,12,0
12-05 16:31:15,14.777,2.254,80.398,1.753,0,5326596,329528,185196,2173228,16239.872,8229.137,80.147,416.767,4.007,48.088,3171,3928,0.570,1.360,1.330,1,1,0,0,0,18,300,0,14,0
12-05 16:31:16,32.526,6.505,51.791,8.256,0,5360076,295764,185196,2173512,8433.629,1745.372,260.205,3634.857,17.013,274.216,5798,7936,0.570,1.360,1.330,3,0,27.021,0,0,18,299,0,15,0
12-05 16:31:17,36.724,6.203,55.830,0.496,0,5448712,206836,185204,2173812,25125.171,16761.032,138.956,142.926,5.955,7.940,3706,3497,0.690,1.370,1.330,4,0,4.963,0,0,18,302,0,12,0
12-05 16:31:18,13.551,3.262,78.795,2.760,0,5389476,265968,185204,2173916,31911.317,22131.751,64.240,2123.941,4.015,161.604,3059,3389,0.690,1.370,1.330,1,0,35.131,0,0,18,299,0,18,0
12-05 16:31:19,1.501,0.751,97.566,0,0,5389476,265968,185204,2173916,6357.301,486.329,0,60.041,0,7.005,999,1500,0.690,1.370,1.330,1,0,0,0,0,18,299,0,18,0
12-05 16:31:20,6.248,3.249,86.479,2.999,0,5375876,279564,185204,2173920,15664.224,581.860,0,2083.498,0,348.916,3069,9699,0.690,1.370,1.330,1,0,35.991,0,0,18,299,0,19,0
12-05 16:31:21,2.003,0.250,96.406,0.501,0,5373492,281940,185204,2173928,10648.209,486.787,0,112.181,0,15.024,1200,1812,0.690,1.370,1.330,1,0,0,0,0,18,299,0,18,0
12-05 16:31:22,0.749,0.499,97.559,0,0,5370248,285184,185204,2173928,9249.923,538.947,0,3.992,0,0.998,949,1334,0.630,1.350,1.320,1,0,0,0,0,18,299,0,18,0
12-05 16:31:23,1.252,1.252,96.904,0,0,5367816,287616,185204,2173928,10721.080,486.776,0,196.313,0,15.024,1023,1408,0.630,1.350,1.320,1,0,0,0,0,18,299,0,18,0
12-05 16:31:24,5.492,1.498,92.366,0,0,5367376,288048,185204,2173936,22303.738,7652.930,0,0,0,0,1498,1641,0.630,1.350,1.320,2,0,5.991,0,0,18,300,0,18,0
12-05 16:31:25,2.754,0.501,95.882,0,0,5365764,289656,185204,2173940,23057.672,2741.766,0,148.204,0,34.047,1198,1387,0.630,1.350,1.320,3,0,0,0,0,18,299,0,18,0
12-05 16:31:26,2.748,1.499,93.423,1.499,0,5364520,290860,185204,2173980,25680.881,485.601,31.974,699.425,0.999,70.942,1961,3044,0.630,1.350,1.320,1,0,1.998,0,0,18,299,0,18,0
12-05 16:31:27,1.249,0.750,96.699,0.250,0,5363468,291912,185204,2173980,14365.407,539.715,0,87.954,0,12.993,1276,1815,0.630,1.350,1.320,1,0,0,0,0,18,299,0,18,0
12-05 16:31:28,1.999,0.750,95.445,0.500,0,5362540,292836,185204,2173984,20666.161,485.722,0,491.718,0,48.972,1534,2166,0.580,1.330,1.320,1,0,0,0,0,18,299,0,18,0
12-05 16:31:29,2.006,0.251,97.281,0.251,0,5361876,293496,185204,2173988,63896.736,541.566,0,120.348,0,8.023,1078,1335,0.580,1.330,1.320,1,0,0,0,0,18,299,0,18,0
12-05 16:31:30,1.000,0.750,95.972,0.750,0,5361772,293600,185204,2173988,27488.960,485.858,0,475.861,0,38.989,1375,1852,0.580,1.330,1.320,1,0,0,0,0,18,299,0,18,0
12-05 16:31:31,1.748,0.999,96.653,0.250,0,5361772,293600,185204,2173988,23299.685,539.460,0,107.892,0,15.984,1308,1788,0.580,1.330,1.320,1,0,0,0,0,18,299,0,18,0
12-05 16:31:32,0.999,0.250,97.661,0,0,5361772,293600,185204,2173988,15531.830,485.557,0,0,0,0,945,1252,0.580,1.330,1.320,2,0,0,0,0,18,299,0,18,0
12-05 16:31:33,1.002,1.002,96.679,0.751,0,5361772,293600,185204,2173988,17452.302,541.001,0,192.356,0,15.028,994,1282,0.530,1.310,1.310,1,0,0,0,0,18,299,0,18,0
12-05 16:31:34,1.499,0,97.404,0,0,5361768,293600,185204,2173992,81391.925,485.522,0,3.996,0,0.999,960,1249,0.530,1.310,1.310,1,0,0,0,0,18,299,0,18,0
12-05 16:31:35,0.999,0.999,97.449,0,0,5361768,293600,185204,2173992,4210.777,485.744,0,0,0,0,865,1281,0.530,1.310,1.310,1,0,0,0,0,18,299,0,18,0
12-05 16:31:36,1.500,1.000,96.243,0.500,0,5361992,293348,185204,2174020,10948.229,539.962,15.999,219.985,1.000,22.998,1239,1820,0.530,1.310,1.310,1,0,1.000,0,0,18,299,0,18,0
12-05 16:31:37,1.751,0.250,96.807,0.250,0,5361988,293348,185204,2174024,7244.300,486.289,0,352.209,0,28.017,1068,1506,0.530,1.310,1.310,1,0,0,0,0,18,299,0,18,0
12-05 16:31:38,1.752,1.001,96.128,0.250,0,5361988,293348,185204,2174024,8091.767,486.648,0,156.208,0,24.032,1298,2007,0.490,1.280,1.300,2,0,0,0,0,18,299,0,18,0
12-05 16:31:39,0.998,0.499,97.820,0,0,5361980,293348,185204,2174032,4951.880,539.007,0,0,0,0,874,1316,0.490,1.280,1.300,1,0,0,0,0,18,299,0,18,0
12-05 16:31:40,1.502,0.751,92.861,4.005,0,5362204,293124,185204,2174032,11486.736,486.582,0,1445.729,0,243.291,1360,1767,0.490,1.280,1.300,1,0,0,0,0,18,299,0,18,0
12-05 16:31:41,2.251,0.750,93.292,2.751,0,5362112,293208,185204,2174040,8998.036,486.218,0,252.113,0,38.017,1475,2249,0.490,1.280,1.300,1,0,0,0,0,18,299,0,18,0
12-05 16:31:42,1.750,0.750,96.250,0.750,0,5361948,293368,185204,2174044,5072.014,626.002,0,172.000,0,17.000,1112,1673,0.490,1.280,1.300,1,0,0,0,0,18,299,0,18,0
12-05 16:31:43,5.507,1.001,92.861,0.250,0,5361848,293464,185204,2174048,21189.363,7673.185,0,200.240,0,20.024,1428,1893,0.450,1.260,1.290,2,0,0,0,0,18,300,0,18,0
12-05 16:31:44,2.241,0.498,95.126,0.498,0,5361840,293464,185204,2174056,13205.043,2858.752,0,494.056,0,33.867,1204,1668,0.450,1.260,1.290,1,0,0,0,0,18,299,0,18,0
12-05 16:31:45,1.251,0.751,97.088,0,0,5361836,293464,185204,2174060,7712.989,486.441,0,0,0,0,1048,1428,0.450,1.260,1.290,2,0,2.002,0,0,18,299,0,18,0
12-05 16:31:46,1.752,1.001,97.110,0.250,0,5361836,293464,185204,2174060,7546.537,540.612,0,92.104,0,10.011,1191,1777,0.450,1.260,1.290,1,0,1.001,0,0,18,299,0,14,0
12-05 16:31:47,1.497,0.499,96.029,0.748,0,5361836,293464,185204,2174060,23375.148,484.883,0,375.136,0,25.940,1193,1524,0.450,1.260,1.290,1,0,0,0,0,18,299,0,14,0
12-05 16:31:48,2.256,1.755,94.750,0.752,0,5360308,294992,185204,2174060,5856.463,487.287,0,156.413,0,24.064,1525,2017,0.500,1.260,1.290,1,0,18.048,0,0,18,299,0,14,0
12-05 16:31:49,1.249,0.999,97.386,0,0,5360124,295168,185204,2174068,8267.330,539.369,0,123.855,0,25.970,947,1309,0.500,1.260,1.290,1,0,0,0,0,18,299,0,14,0
12-05 16:31:50,2.503,0.751,94.368,1.502,0.250,5360376,294916,185204,2174068,6350.953,486.609,0,652.818,0,53.066,1542,2353,0.500,1.260,1.290,2,0,0,0,0,18,299,0,14,0
12-05 16:31:51,1.997,0.749,91.861,3.744,0,5360372,294916,185204,2174072,6894.602,485.268,0,2596.085,0,164.752,1543,2510,0.500,1.260,1.290,2,0,0,0,0,18,299,0,14,0
12-05 16:31:52,1.251,0.751,96.321,1.001,0,5360368,294916,185204,2174076,8416.198,486.358,0,76.056,0,11.008,1031,1431,0.500,1.260,1.290,1,0,0,0,0,18,299,0,14,0
12-05 16:31:53,1.251,1.001,97.106,0.250,0,5360368,294916,185204,2174076,13858.109,540.589,0,80.087,0,12.013,1016,1437,0.540,1.250,1.290,1,0,0,0,0,18,299,0,14,0
12-05 16:31:54,1.500,0.500,97.218,0,0,5360368,294916,185204,2174076,3746.770,527.827,0,0,0,0,919,1317,0.540,1.250,1.290,3,0,0,0,0,18,299,0,14,0
12-05 16:31:55,0.999,0.749,97.387,0,0,5360364,294916,185204,2174080,14202.491,485.436,0,0,0,0,985,1345,0.540,1.250,1.290,1,0,0,0,0,18,299,0,14,0
12-05 16:31:56,4.758,2.504,90.409,2.004,0,5400428,254848,185204,2174084,9903.443,540.953,0,1142.011,0,214.378,1951,2527,0.540,1.250,1.290,1,0,2.004,0,0,18,299,0,14,0
12-05 16:31:57,3.493,1.497,92.816,1.248,0,5402924,252328,185204,2174108,9549.114,485.041,0,191.621,0,19.961,1748,2425,0.540,1.250,1.290,1,0,2.994,0,0,18,299,0,14,0
12-05 16:31:58,8.013,2.003,87.392,2.254,0,5402816,252328,185204,2174216,9216.966,486.790,96.156,260.423,6.010,31.050,2393,3614,0.570,1.250,1.290,1,0,1.002,0,0,18,299,0,17,0
12-05 16:31:59,2.251,0.500,95.526,0.250,0,5402892,252104,185204,2174364,5090.393,486.133,0,292.080,0,23.006,1224,1948,0.570,1.250,1.290,1,0,1.000,0,0,18,299,0,17,0
12-05 16:32:00,1.495,0.997,95.440,0.997,0,5402888,252104,185204,2174368,9293.849,484.428,0,259.159,0,31.897,1265,1887,0.570,1.250,1.290,1,0,0,0,0,18,299,0,17,0
12-05 16:32:01,2.507,0.752,93.744,2.507,0,5402796,252104,185204,2174460,7454.376,487.267,76.198,216.563,6.016,24.063,1318,2044,0.570,1.250,1.290,1,0,0,0,0,18,299,0,17,0
12-05 16:32:02,1.249,0.749,97.141,0,0,5402796,252104,185204,2174460,9461.384,485.455,0,103.883,0,6.992,974,1385,0.570,1.250,1.290,1,0,0,0,0,18,299,0,17,0
12-05 16:32:03,1.250,0.500,96.000,1.500,0,5402796,252104,185204,2174460,8638.026,486.001,0,604.002,0,43.000,989,1522,0.690,1.260,1.290,1,0,0,0,0,18,299,0,17,0
12-05 16:32:04,1.502,1.001,97.382,0,0,5402760,252104,185204,2174496,7092.639,540.735,0,16.022,0,3.004,948,1311,0.690,1.260,1.290,2,0,0,0,0,18,299,0,17,0
12-05 16:32:05,1.249,0.500,97.206,0,0,5402756,252104,185204,2174500,6543.048,485.781,0,55.975,0,2.999,894,1276,0.690,1.260,1.290,1,0,0,0,0,18,299,0,17,0
12-05 16:32:06,1.501,1.000,97.046,0,0,5402756,252104,185204,2174500,8144.868,486.231,0,88.042,0,7.003,1018,1410,0.690,1.260,1.290,1,0,1.000,0,0,18,299,0,17,0
12-05 16:32:07,1.750,0.750,95.739,1.500,0,5402976,251880,185204,2174504,8048.047,485.942,0,1227.855,0,235.972,1166,1444,0.690,1.260,1.290,1,0,0,0,0,18,299,0,17,0
12-05 16:32:08,3.263,4.517,89.343,1.506,0,5406472,248384,185204,2174504,8559.905,487.875,0,558.146,0,56.216,2445,2921,0.710,1.260,1.290,3,0,75.289,0,0,18,299,0,17,0
12-05 16:32:09,7.498,17.746,72.983,0,0,5399404,255412,185204,2174544,13147.940,1367.682,0,7.998,0,1.000,5824,5012,0.710,1.260,1.290,2,0,397.907,0,0,18,299,0,18,0
12-05 16:32:10,17.898,4.723,72.835,3.729,0,5446888,206744,185208,2175724,14498.462,1302.585,1193.207,576.717,92.474,33.808,2661,2624,0.710,1.260,1.290,3,0,20.881,0,0,18,299,0,19,0
12-05 16:32:11,23.053,3.007,70.162,2.255,0,5501096,152088,185224,2176156,10114.410,487.127,128.297,392.909,7.016,24.056,2481,2555,0.710,1.260,1.290,4,0,2.005,0,0,18,299,0,19,0
12-05 16:32:12,21.719,2.746,69.899,4.993,0,5509036,198684,184388,2122796,3386.113,485.300,3007.659,710.974,309.553,20.970,2797,3050,0.710,1.260,1.290,3,0,0,0,0,18,299,0,19,0
12-05 16:32:13,22.118,4.776,71.884,0.754,0,5529248,178324,184388,2122928,9171.042,488.613,12.065,4.022,2.011,1.005,2417,2282,0.900,1.290,1.300,1,4,3.016,0,0,18,299,0,19,0
12-05 16:32:14,23.369,4.226,62.896,7.458,0,5517740,189456,184388,2123308,7771.295,566.812,15.911,2680.923,0.994,184.960,6697,10535,0.900,1.290,1.300,2,0,0.994,0,0,18,303,0,20,0
12-05 16:32:15,19.443,3.490,64.061,12.214,0,5530112,176100,184388,2124292,3363.087,484.572,901.343,1013.014,59.824,142.580,4356,6046,0.900,1.290,1.300,5,0,0.997,0,0,18,308,0,21,0
12-05 16:32:16,22.301,3.257,62.392,10.273,0,5539920,165768,184388,2124820,17864.560,5894.383,208.473,5444.361,11.025,396.901,5643,8082,0.900,1.290,1.300,2,0,2.005,0,0,18,309,0,23,0
12-05 16:32:17,6.005,1.251,92.077,0,0,5540016,165516,184388,2124976,10044.352,2685.233,0,128.107,0,12.010,1832,2251,0.900,1.290,1.300,1,0,0,0,0,18,310,0,23,0
12-05 16:32:18,4.991,1.248,90.079,1.996,0,5541992,163500,184388,2125016,9622.707,724.622,15.970,674.717,0.998,78.850,2359,3421,0.990,1.300,1.300,2,0,0,0,0,18,311,0,23,0
12-05 16:32:19,10.027,1.504,83.471,3.008,0,5543116,162268,184388,2125124,29453.909,12369.719,64.170,918.429,4.011,112.297,3112,4202,0.990,1.300,1.300,2,0,0,0,0,18,309,0,10,0
12-05 16:32:20,26.008,6.502,60.769,6.252,0,5555980,149200,184388,2125336,3025.936,486.150,76.024,2504.775,4.001,288.089,7901,23808,0.990,1.300,1.300,1,1,37.011,0,0,18,312,0,14,0
12-05 16:32:21,21.308,4.262,66.683,5.766,0,5558120,146764,184392,2125628,6567.026,433.189,0,2571.057,0,213.586,7133,10489,0.990,1.300,1.300,4,0,0,0,0,18,313,0,15,0
12-05 16:32:22,10.447,2.736,72.385,12.935,0,5558056,146596,184392,2125860,10113.046,3323.256,15.920,2049.673,0.995,209.942,3905,6005,0.990,1.300,1.300,1,0,0,0,0,18,311,0,17,0
12-05 16:32:23,7.481,1.496,79.547,9.975,0,5558484,146148,184392,2125880,7313.338,2516.578,0,4979.294,0,518.676,2756,3384,1.070,1.310,1.310,3,0,0,0,0,18,312,0,16,0
12-05 16:32:24,16.627,3.779,72.805,5.794,0,5559272,145144,184396,2126092,35558.846,15279.381,104.798,4530.508,7.054,340.594,4551,6676,1.070,1.310,1.310,2,0,6.046,0,0,18,313,0,16,0
12-05 16:32:25,18.244,3.749,62.229,14.245,0,5559284,144892,184400,2126328,12600.680,5129.242,0,5010.282,0,415.857,5947,9357,1.070,1.310,1.310,3,1,0,0,0,18,312,0,16,0
12-05 16:32:26,20.003,4.751,66.509,6.751,0,5560468,143380,184404,2126652,5818.795,486.066,0,2068.283,0,246.034,6975,11134,1.070,1.310,1.310,4,0,1.000,0,0,18,311,0,20,0
12-05 16:32:27,4.991,0.749,90.842,1.997,0,5560456,143380,184404,2126664,13402.722,3331.214,0,1269.795,0,99.827,2144,3169,1.070,1.310,1.310,2,0,0,0,0,18,313,0,19,0
12-05 16:32:28,9.476,2.244,77.804,8.977,0,5564404,139348,184408,2126744,11330.453,3328.614,0,1994.974,0,209.472,3616,5558,1.140,1.320,1.310,2,0,0,0,0,18,311,0,21,0
12-05 16:32:29,10.772,1.754,76.660,9.520,0,5564492,139096,184408,2126908,11385.767,3342.978,0,4930.292,0,617.289,3742,5077,1.140,1.320,1.310,1,0,0,0,0,18,311,0,23,0
12-05 16:32:30,10.256,1.501,85.801,1.751,0,5565000,138340,184408,2127156,8239.899,486.289,148.088,716.426,8.005,54.032,2734,3464,1.140,1.320,1.310,2,0,0,0,0,18,313,0,23,0
12-05 16:32:31,15.011,1.751,73.303,8.006,0,5565188,138088,184408,2127220,31064.318,11751.443,0,5459.923,0,389.280,4144,5964,1.140,1.320,1.310,2,0,0,0,0,18,311,0,24,0
12-05 16:32:32,8.975,2.244,84.268,2.992,0,5565004,138088,184408,2127404,24711.063,7407.635,0,753.927,0,95.737,2817,3915,1.140,1.320,1.310,2,0,0,0,0,18,312,0,24,0
12-05 16:32:33,12.013,1.251,83.590,2.002,0,5564956,138088,184408,2127452,35335.154,14217.352,0,1025.107,0,116.125,3067,4175,1.290,1.350,1.320,2,0,0,0,0,18,312,0,24,0
12-05 16:32:34,14.293,3.009,76.981,4.263,0,5564892,138088,184408,2127516,9045.084,2878.619,0,2070.199,0,227.682,5214,8361,1.290,1.350,1.320,2,0,0,0,0,18,312,0,24,0
12-05 16:32:35,19.795,4.510,64.397,10.524,0,5565080,137584,184420,2127820,4526.303,487.109,0,2385.430,0,211.481,6570,9984,1.290,1.350,1.320,5,0,0,0,0,18,312,0,25,0
12-05 16:32:36,23.003,4.251,64.758,6.751,0,5565768,136576,184420,2128140,11635.489,486.062,0,2108.270,0,252.032,7653,12051,1.290,1.350,1.320,3,0,1.000,0,0,18,312,0,26,0
12-05 16:32:37,21.561,4.461,61.957,9.417,0,5567260,134812,184420,2128412,5992.476,481.777,0,5876.493,0,441.133,8121,13180,1.290,1.350,1.320,4,1,0,0,0,18,313,0,28,0
12-05 16:32:38,5.012,1.503,90.960,2.255,0,5567188,134812,184424,2128480,7782.938,487.123,0,1315.031,0,81.187,2220,3239,1.430,1.380,1.330,1,0,2.005,0,0,18,314,0,28,0
12-05 16:32:39,3.749,0.500,94.978,0,0,5567420,134560,184424,2128500,8233.119,485.889,0,0,0,0,1462,1799,1.430,1.380,1.330,1,0,0,0,0,18,314,0,28,0
12-05 16:32:40,9.014,2.504,81.379,5.759,0,5568064,133860,184424,2128556,6809.832,486.774,0,5220.304,0,702.117,4127,5456,1.430,1.380,1.330,4,0,0,0,0,18,315,0,28,0
12-05 16:32:41,23.283,4.757,63.590,6.760,0,5568280,133356,184424,2128844,7979.339,486.692,0,3597.112,0,442.629,8197,13272,1.430,1.380,1.330,5,0,0,0,0,18,314,0,30,0
12-05 16:32:42,21.438,3.988,68.052,4.487,0,5569012,132348,184424,2129120,3421.045,484.590,0,1611.311,0,155.547,7029,10240,1.430,1.380,1.330,2,0,0,0,0,18,314,0,31,0
12-05 16:32:43,14.514,2.002,75.074,6.506,0,5572444,128568,184424,2129468,25943.713,9631.546,272.270,1953.937,16.016,172.171,3654,5220,1.870,1.470,1.360,1,0,0,0,0,18,314,0,31,0
12-05 16:32:44,11.503,2.000,80.519,4.501,0,5577292,123528,184428,2129656,14210.354,3736.882,0,1268.299,0,140.033,3544,4937,1.870,1.470,1.360,2,0,0,0,0,18,313,0,34,0
12-05 16:32:45,3.500,1.500,84.244,9.249,0,5585236,115464,184428,2129776,6186.539,485.964,63.995,5751.571,4.000,111.992,1924,2787,1.870,1.470,1.360,3,1,2.000,0,0,18,314,0,35,0
12-05 16:32:46,7.751,2.751,78.515,9.752,0,5586428,156056,183640,2090296,12870.443,3201.608,0,5248.996,0,387.073,3341,5294,1.870,1.470,1.360,2,0,1.000,0,0,18,313,0,35,0
12-05 16:32:47,8.036,2.763,83.880,3.767,0,5599036,143396,183640,2090348,7939.955,628.848,0,2800.683,0,116.528,2854,4153,1.870,1.470,1.360,3,0,0,0,0,18,314,0,35,0
12-05 16:32:48,8.203,1.740,86.509,3.232,0,5604688,137708,183640,2090384,12456.272,3097.413,0,668.206,0,87.503,2791,4215,1.800,1.460,1.360,1,0,0,0,0,18,313,0,38,0
12-05 16:32:49,14.582,2.011,79.448,3.017,0,5615100,127152,183644,2090524,22969.511,7735.616,0,1178.646,0,144.817,3715,5256,1.800,1.460,1.360,2,0,0,0,0,18,314,0,44,0
12-05 16:32:50,9.436,1.490,84.425,2.731,0,5613324,128892,183644,2090560,63519.704,7292.370,0,1160.105,0,136.074,3201,4467,1.800,1.460,1.360,1,0,0,0,0,18,313,0,45,0
12-05 16:32:51,11.828,1.762,83.801,1.007,0,5615728,126148,183644,2090900,13331.650,2714.849,0,1155.598,0,110.728,3017,4087,1.800,1.460,1.360,2,1,0,0,0,18,313,0,48,0
12-05 16:32:52,9.954,1.493,83.116,5.226,0,5615708,126148,183648,2090916,26315.429,9488.167,15.926,1102.905,0.995,111.485,2723,3526,1.800,1.460,1.360,2,3,0,0,0,18,314,0,48,0
12-05 16:32:53,6.743,1.498,87.404,3.246,0,5614796,126904,183648,2091072,27779.637,485.469,0,1298.581,0,141.845,2798,4196,2.060,1.520,1.380,1,0,0,0,0,18,313,0,48,0
12-05 16:32:54,10.730,2.495,80.599,4.741,0,5615108,126412,183648,2091252,13406.859,3268.870,0,1585.028,0,177.667,3561,5326,2.060,1.520,1.380,1,0,0,0,0,18,313,0,51,0
12-05 16:32:55,10.027,2.256,82.722,3.760,0,5615304,126160,183648,2091308,15621.961,3066.236,0,1239.329,0,124.334,3166,4422,2.060,1.520,1.380,1,0,0,0,0,18,314,0,57,0
12-05 16:32:56,7.291,2.011,81.957,7.542,0,5615948,125432,183652,2091388,6648.069,663.701,0,5852.634,0,403.248,3004,4787,2.060,1.520,1.380,0,1,1.006,0,0,18,313,0,58,0
12-05 16:32:57,2.977,0.992,92.031,1.985,0,5616164,125192,183652,2091412,9209.101,482.235,0,2008.320,0,133.954,1989,2915,2.060,1.520,1.380,2,0,0.992,0,0,18,314,0,58,0
12-05 16:32:58,6.516,2.256,88.723,1.253,0,5622924,118392,183652,2091452,6031.155,433.088,0,681.713,0,74.186,2725,3931,2.140,1.550,1.390,2,0,3.008,0,0,18,313,0,59,0
12-05 16:32:59,6.991,2.747,86.142,3.496,0,5615396,171012,181668,2049092,9239.458,485.394,0,579.276,0,56.929,2469,3269,2.140,1.550,1.390,2,0,1.998,0,0,18,313,0,59,0
12-05 16:33:00,4.753,1.501,91.059,2.001,0,5612420,173956,181672,2049120,19976.978,486.316,0,588.382,0,59.038,2088,2913,2.140,1.550,1.390,2,0,0,0,0,18,313,0,59,0
12-05 16:33:01,9.989,1.748,75.913,9.989,0,5612556,173780,181672,2049160,17217.289,5947.191,0,5477.729,0,777.110,4237,5653,2.140,1.550,1.390,2,0,0,0,0,18,313,0,61,0
12-05 16:33:02,10.318,1.762,85.062,2.517,0,5612576,173528,181680,2049384,15936.287,5206.397,0,1026.784,0,117.778,3015,4258,2.140,1.550,1.390,4,0,0,0,0,18,313,0,63,0
12-05 16:33:03,8.959,1.493,84.368,3.982,0,5612504,173528,181696,2049440,9069.952,2511.633,0,963.639,0,104.527,3019,4332,2.040,1.540,1.380,1,0,0,0,0,18,314,0,67,0
12-05 16:33:04,12.054,1.507,81.613,3.265,0,5612424,173528,181704,2049512,30875.309,12699.477,0,1317.861,0,178.795,3463,4873,2.040,1.540,1.380,2,0,0,0,0,18,314,0,67,0
12-05 16:33:05,6.460,2.236,79.256,10.683,0,5612320,173276,181752,2049820,4520.814,482.989,0,4014.968,0,303.110,3356,5292,2.040,1.540,1.380,1,1,0,0,0,18,313,0,69,0
12-05 16:33:06,10.728,2.994,65.115,18.711,0,5614944,170536,181768,2049920,10118.951,3411.903,15.967,7264.888,0.998,720.501,4461,6530,2.040,1.540,1.380,1,0,0.998,0,0,18,313,0,72,0
12-05 16:33:07,7.765,2.004,86.419,3.256,0,5615096,170284,181772,2050016,10118.754,3207.261,0,1009.972,0,132.258,2750,4103,2.040,1.540,1.380,1,0,0,0,0,18,313,0,73,0
12-05 16:33:08,7.987,1.747,87.602,1.497,0.250,5615088,170284,181780,2050016,9085.644,2692.449,0,487.177,0,56.904,2569,3640,1.880,1.510,1.380,6,0,0,0,0,18,313,0,75,0
12-05 16:33:09,3.772,1.257,91.291,3.269,0,5615008,170284,181784,2050092,5094.197,488.898,0,575.411,0,77.459,1899,2869,1.880,1.510,1.380,1,0,0,0,0,18,314,0,75,0
12-05 16:33:10,13.453,1.495,81.468,2.741,0,5614832,170284,181800,2050252,31185.896,12162.838,0,1263.620,0,153.468,3664,5011,1.880,1.510,1.380,1,0,0,0,0,18,313,0,77,0
12-05 16:33:11,18.242,4.498,64.470,10.745,0,5614892,169780,181820,2050676,5785.318,485.775,0,2874.667,0,306.858,7011,10575,1.880,1.510,1.380,6,0,0,0,0,18,314,0,78,0
12-05 16:33:12,14.523,4.257,61.349,18.029,0,5615028,169556,181848,2050736,8546.764,486.784,0,6450.388,0,747.203,6346,9414,1.880,1.510,1.380,3,0,0,0,0,18,314,0,76,0
12-05 16:33:13,22.042,4.008,60.114,11.021,0.250,5615672,168548,181856,2051092,43996.547,541.027,16.030,5770.959,1.002,420.799,7986,12283,1.970,1.540,1.390,4,1,0,0,0,18,315,0,80,0
12-05 16:33:14,7.233,1.995,83.053,6.734,0,5616124,168044,181860,2051140,11217.457,484.853,0,2334.476,0,181.570,3224,4824,1.970,1.540,1.390,1,0,0,0,0,18,313,0,80,0
12-05 16:33:15,11.473,2.245,76.321,7.732,0,5616156,167792,181860,2051360,15073.549,3229.405,0,1604.227,0,178.580,3874,5718,1.970,1.540,1.390,1,0,0,0,0,18,313,0,83,0
12-05 16:33:16,8.768,2.004,83.671,4.760,0,5616408,167540,181868,2051352,13432.493,3164.477,0,1595.265,0,116.238,2813,4130,1.970,1.540,1.390,1,1,1.002,0,0,18,313,0,81,0
12-05 16:33:17,5.009,1.252,90.668,2.505,0,5616308,167540,181880,2051440,5020.327,581.080,0,2003.723,0,83.154,2142,2980,1.970,1.540,1.390,2,0,0,0,0,18,314,0,82,0
12-05 16:33:18,10.471,1.745,82.772,3.241,0,5616584,167036,181892,2051656,15839.357,2689.589,0,1679.373,0,182.497,3901,5704,1.890,1.530,1.380,1,0,0,0,0,18,313,0,85,0
12-05 16:33:19,11.007,2.001,81.303,4.253,0,5616768,166784,181896,2051720,22343.533,6920.501,0,1416.922,0,155.101,3342,4684,1.890,1.530,1.380,1,0,0,0,0,18,314,0,87,0
12-05 16:33:20,20.621,5.532,69.407,3.018,0,5633600,149792,181940,2051772,15280.508,5543.472,112.660,2056.044,3.018,227.332,6379,18947,1.890,1.530,1.380,2,0,36.212,0,0,18,314,0,86,0
12-05 16:33:21,21.126,4.225,60.645,12.676,0,5633020,149952,181992,2052244,4876.427,483.169,0,4541.390,0,411.588,7443,11765,1.890,1.530,1.380,2,2,0.994,0,0,18,314,0,87,0
12-05 16:33:22,22.263,4.253,62.037,9.255,0,5632972,149700,182012,2052524,4309.543,486.287,32.019,6503.838,1.001,466.275,8002,12321,1.890,1.530,1.380,4,0,0,0,0,18,314,0,90,0
12-05 16:33:23,18.763,4.503,67.547,7.505,0,5633288,149196,182024,2052700,8092.581,486.335,0,2445.687,0,252.174,6613,10435,1.900,1.540,1.390,3,0,0,0,0,18,314,0,91,0
12-05 16:33:24,26.322,5.014,61.167,6.518,0,5630784,151372,182060,2052992,24613.161,7630.822,32.088,2362.446,6.016,272.744,7587,11270,1.900,1.540,1.390,3,0,6.016,0,0,18,315,0,89,0
12-05 16:33:25,22.174,4.734,66.523,4.485,0,5630668,151116,182076,2053348,13192.007,2860.245,31.891,2276.237,0.997,240.181,7632,11650,1.900,1.540,1.390,2,0,0,0,0,18,314,0,91,0
12-05 16:33:26,18.959,5.239,61.367,13.221,0,5622588,158956,182080,2053584,18283.325,484.948,0,5156.810,0,452.019,6932,11056,1.900,1.540,1.390,3,1,0.998,0,0,18,314,0,91,0
12-05 16:33:27,20.906,4.786,61.457,11.334,0,5623272,158200,182080,2053656,11255.783,489.645,0,6520.536,0,506.772,7608,12009,1.900,1.540,1.390,2,0,0,0,0,18,313,0,91,0
12-05 16:33:28,13.439,2.987,69.935,10.951,0,5616216,164940,182108,2053944,7139.801,483.818,0,6004.919,0,768.534,5697,8084,1.830,1.530,1.380,1,0,0,0,0,18,313,0,87,0
12-05 16:33:29,5.751,1.250,87.759,4.250,0,5616132,164940,182140,2053996,10668.081,486.049,0,1000.101,0,88.009,2341,3533,1.830,1.530,1.380,1,0,0,0,0,18,313,0,88,0
12-05 16:33:30,3.489,1.246,92.467,1.495,0,5616104,164940,182140,2054024,6228.919,484.516,0,626.082,0,42.869,1683,2467,1.830,1.530,1.380,3,0,0,0,0,18,314,0,88,0
12-05 16:33:31,9.026,2.256,79.478,8.274,0,5616360,164436,182140,2054272,12209.970,3365.639,32.092,1905.457,1.003,193.554,3472,5389,1.830,1.530,1.380,1,0,0,0,0,18,313,0,91,0
12-05 16:33:32,12.251,1.750,80.256,4.250,0,5616544,164184,182152,2054328,15714.271,4750.384,0,1260.102,0,142.011,3694,5111,1.830,1.530,1.380,2,0,0,0,0,18,314,0,93,0
12-05 16:33:33,9.500,2.000,78.253,8.500,0,5616172,164480,182152,2054404,38946.442,9796.363,0,5660.210,0,630.023,3008,3413,1.680,1.500,1.380,1,0,0,0,0,18,314,0,93,0
12-05 16:33:34,11.522,1.503,84.164,2.004,0,5616660,163976,182160,2054412,23759.211,7625.832,0,1086.112,0,88.171,2982,3804,1.680,1.500,1.380,4,1,0,0,0,18,314,0,94,0
12-05 16:33:35,3.241,0.997,91.737,3.241,0,5616408,163976,182168,2054656,8462.724,484.610,0,1112.808,0,94.728,1973,2999,1.680,1.500,1.380,1,0,0,0,0,18,313,0,94,0
12-05 16:33:36,11.995,3.249,70.219,12.245,0,5617032,163224,182212,2054740,11922.718,3277.548,0,5921.377,0,430.809,4508,6874,1.680,1.500,1.380,2,0,1.000,0,0,18,313,0,95,0
12-05 16:33:37,10.010,2.002,80.832,4.755,0,5618824,161208,182220,2054956,8514.600,3053.084,0,2274.297,0,195.197,3345,5072,1.680,1.500,1.380,1,0,0,0,0,18,314,0,101,0
12-05 16:33:38,7.500,1.750,85.997,4.000,0,5618812,161208,182228,2054960,45148.677,659.981,0,1099.968,0,136.996,2997,4458,1.550,1.480,1.370,1,0,0,0,0,18,313,0,103,0
12-05 16:33:39,5.515,1.253,90.998,1.253,0,5618996,160956,182232,2055024,9085.731,487.326,0,581.583,0,54.147,2069,2783,1.550,1.480,1.370,1,0,0,0,0,18,313,0,105,0
12-05 16:33:40,2.252,0.500,96.083,0.250,0,5618984,160956,182232,2055036,8726.502,486.418,0,440.379,0,37.032,1496,2183,1.550,1.480,1.370,2,0,0,0,0,18,314,0,103,0
12-05 16:33:41,14.161,2.484,74.778,7.205,0,5619636,160200,182276,2055096,17078.239,6851.767,0,1756.914,0,210.671,4575,6653,1.550,1.480,1.370,1,0,0,0,0,18,314,0,108,0
12-05 16:33:42,20.377,4.277,67.670,6.037,0,5619828,159696,182312,2055372,26268.145,7724.978,0,2394.874,0,263.637,6609,9610,1.550,1.480,1.370,1,0,0,0,0,18,314,0,109,0
12-05 16:33:43,23.962,3.994,57.658,12.480,0,5620012,159192,182392,2055612,23292.859,9606.682,0,6653.391,0,543.134,7826,12607,1.500,1.470,1.370,5,0,0,0,0,18,315,0,111,0
12-05 16:33:44,20.706,4.491,65.113,7.484,0,5620736,158248,182416,2055808,4798.917,856.201,0,3420.812,0,289.392,7517,11427,1.500,1.470,1.370,1,1,0,0,0,18,314,0,112,0
12-05 16:33:45,3.499,0.750,93.213,1.499,0,5620556,158248,182420,2055984,5193.918,485.805,0,643.742,0,58.976,1839,2796,1.500,1.470,1.370,2,0,2.999,0,0,18,313,0,106,0
12-05 16:33:46,10.806,3.267,76.648,8.796,0,5620724,157996,182424,2056064,8233.780,3377.549,0,1813.422,0,173.904,3843,5647,1.500,1.470,1.370,2,0,1.005,0,0,18,313,0,109,0
12-05 16:33:47,4.499,1.000,91.234,2.250,0,5620712,157996,182424,2056076,12999.740,485.916,0,1287.776,0,73.987,2097,2952,1.500,1.470,1.370,2,0,0,0,0,18,314,0,110,0
12-05 16:33:48,11.928,2.237,78.776,5.219,0,5621000,157496,182424,2056288,18629.794,7938.189,0,2822.997,0,157.054,3692,5481,1.380,1.440,1.360,2,0,0,0,0,18,313,0,114,0
12-05 16:33:49,7.260,1.502,88.620,1.752,0,5622760,155732,182428,2056288,7669.360,2592.502,0,736.996,0,54.073,2324,3175,1.380,1.440,1.360,1,0,0,0,0,18,314,0,114,0
12-05 16:33:50,3.490,0.748,91.484,2.991,0,5622712,155732,182428,2056336,6651.681,554.390,0,682.019,0,54.841,1693,2433,1.380,1.440,1.360,1,0,0,0,0,18,314,0,115,0
12-05 16:33:51,14.763,1.752,78.321,4.754,0,5626440,151952,182436,2056380,30604.749,14018.711,68.062,1897.721,8.007,212.192,3961,5606,1.380,1.440,1.360,1,0,0,0,0,18,316,0,117,0
12-05 16:33:52,5.513,0.752,92.464,0.251,0,5626188,151952,182436,2056632,16087.258,5490.716,0,517.198,0,31.072,1569,1981,1.380,1.440,1.360,1,0,0,0,0,18,315,0,119,0
12-05 16:33:53,9.754,1.751,81.284,6.253,0,5626144,151952,182440,2056672,17341.221,5765.401,0,1740.725,0,189.079,3196,4837,1.270,1.420,1.350,3,0,0,0,0,18,315,0,111,0
12-05 16:33:54,19.459,3.493,56.631,18.711,0,5625540,152388,182440,2056840,15256.070,5162.196,0,6949.455,0,896.124,6802,10253,1.270,1.420,1.350,2,2,0,0,0,18,314,0,111,0
12-05 16:33:55,20.045,4.761,59.133,14.032,0,5625600,152136,182444,2057028,5691.840,487.099,0,8451.065,0,603.361,7934,13115,1.270,1.420,1.350,1,0,0,0,0,18,314,0,113,0
12-05 16:33:56,17.220,3.993,70.128,6.738,0,5635588,141836,182448,2057336,10336.953,485.153,0,1924.640,0,210.632,6217,9442,1.270,1.420,1.350,2,0,0.998,0,0,18,313,0,113,0
12-05 16:33:57,7.254,1.501,89.052,1.251,0,5634624,142756,182456,2057372,10327.057,486.285,0,1228.721,0,121.071,2820,3937,1.270,1.420,1.350,2,1,1.001,0,0,18,314,0,104,0
12-05 16:33:58,10.504,2.751,83.030,3.001,0,5640504,136776,182456,2057472,27354.905,9535.453,0,1044.378,0,97.035,3034,4214,1.250,1.410,1.350,2,0,3.001,0,0,18,313,0,104,0
12-05 16:33:59,21.083,4.267,63.499,9.035,0,5640248,136776,182456,2057728,8142.902,487.911,0,3047.941,0,330.294,7500,11677,1.250,1.410,1.350,3,0,2.008,0,0,18,314,0,105,0
12-05 16:34:00,15.994,3.499,51.979,27.239,0,5641176,135348,182460,2058224,4257.289,485.805,0,9360.238,0,936.624,6394,9476,1.250,1.410,1.350,3,1,0,0,0,18,314,0,105,0
12-05 16:34:01,21.633,3.978,63.904,6.962,0,5641804,134340,182464,2058600,11967.222,483.383,0,4137.603,0,300.374,7986,11745,1.250,1.410,1.350,3,0,0,0,0,18,314,0,101,0
12-05 16:34:02,8.516,1.252,81.905,6.512,0,5641984,134088,182468,2058668,9713.375,3258.164,0,2661.034,0,232.440,3352,5215,1.250,1.410,1.350,1,0,0,0,0,18,313,0,102,0
12-05 16:34:03,12.551,2.761,77.817,6.527,0,5642628,133332,182476,2058772,9644.244,3318.503,0,1935.877,0,199.813,3961,5916,1.150,1.390,1.340,1,0,0,0,0,18,313,0,103,0
12-05 16:34:04,7.205,2.236,83.227,6.211,0,5643636,132324,182480,2058768,2655.328,482.968,3.975,1661.568,0.994,94.407,2652,3910,1.150,1.390,1.340,1,1,0,0,0,18,314,0,103,0
12-05 16:34:05,7.249,1.000,84.243,6.000,0,5643552,132072,182480,2059104,7114.422,3381.725,0,1387.887,0,136.989,2690,4177,1.150,1.390,1.340,2,0,0,0,0,18,313,0,96,0
12-05 16:34:06,11.509,2.252,75.056,9.257,0,5643964,131568,182488,2059188,6525.899,3386.542,0,1777.334,0,182.137,3930,5840,1.150,1.390,1.340,1,0,1.001,0,0,18,313,0,97,0
12-05 16:34:07,12.259,2.252,83.561,0.751,0,5643812,131568,182488,2059340,8963.573,2590.900,0,1072.787,0,79.058,3121,3968,1.150,1.390,1.340,1,0,0,0,0,18,314,0,97,0
12-05 16:34:08,11.509,2.252,75.311,10.008,0,5643688,131568,182508,2059444,27363.984,10242.229,0,5628.522,0,368.296,3919,5880,1.060,1.370,1.330,1,1,0,0,0,18,314,0,97,0
12-05 16:34:09,8.987,1.498,83.878,3.245,0,5643488,131568,182512,2059640,27570.967,12319.113,0,1877.274,0,180.738,3120,4481,1.060,1.370,1.330,1,0,0,0,0,18,313,0,91,0
12-05 16:34:10,12.508,1.751,83.056,2.252,0,5643704,131316,182516,2059672,25304.036,12039.105,0,1212.817,0,130.088,3275,4453,1.060,1.370,1.330,1,0,0,0,0,18,314,0,91,0
12-05 16:34:11,11.262,1.752,79.835,5.506,0,5643864,131064,182520,2059760,20784.040,7560.017,0,1521.614,0,167.177,3576,5119,1.060,1.370,1.330,1,0,0,0,0,18,314,0,91,0
12-05 16:34:12,15.021,2.754,75.854,5.508,0,5644072,130812,182520,2059804,15994.911,5584.650,0,1578.162,0,171.235,4656,7276,1.060,1.370,1.330,5,0,0,0,0,18,314,0,92,0
12-05 16:34:13,21.249,4.500,61.748,11.250,0,5643764,130812,182524,2060108,4737.837,485.983,0,3647.875,0,409.986,7268,11869,1.450,1.440,1.360,3,0,0,0,0,18,314,0,85,0
12-05 16:34:14,20.695,3.740,62.335,11.470,0,5645512,128796,182548,2060352,5359.795,484.715,0,3989.427,0,296.215,7289,10882,1.450,1.440,1.360,1,2,0.997,0,0,18,314,0,86,0
12-05 16:34:15,18.608,4.023,61.357,12.825,0,5645248,128796,182548,2060616,8539.627,488.841,96.561,5648.827,5.029,417.426,7079,10853,1.450,1.440,1.360,3,0,0,0,0,18,314,0,89,0
12-05 16:34:16,14.680,2.986,60.960,20.403,0,5640028,133644,182552,2060984,7969.025,483.695,0,5955.619,0,847.959,6030,8814,1.450,1.440,1.360,1,1,0.995,0,0,18,314,0,89,0
12-05 16:34:17,19.968,4.493,62.899,10.733,0,5639660,133644,182572,2061332,7672.653,579.068,31.949,4069.451,0.998,415.332,7028,11581,1.450,1.440,1.360,2,0,0,0,0,18,314,0,85,0
12-05 16:34:18,21.083,4.267,67.766,5.020,0,5641608,131628,182576,2061396,4571.963,487.917,0,2493.798,0,183.722,7281,10786,1.420,1.430,1.360,2,0,0,0,0,18,314,0,85,0
12-05 16:34:19,9.706,2.738,73.421,12.444,0,5641568,131376,182588,2061676,8282.862,3195.671,0,5033.431,0,373.326,3967,6303,1.420,1.430,1.360,2,0,0,0,0,18,313,0,86,0
12-05 16:34:20,12.555,4.018,77.592,5.022,0,5660408,150708,180804,2025432,12379.503,3162.925,0,2812.382,0,236.039,4307,16518,1.420,1.430,1.360,1,0,36.159,0,0,18,313,0,87,0
12-05 16:34:21,9.211,2.489,78.417,8.215,0,5661752,149172,180808,2025576,10335.096,3136.675,0,4074.690,0,424.198,3763,5321,1.420,1.430,1.360,1,2,0,0,0,18,313,0,79,0
12-05 16:34:22,7.249,1.750,85.489,4.999,0,5662092,148856,180808,2025580,10287.653,2522.670,0,3283.570,0,352.954,2768,3483,1.420,1.430,1.360,2,0,2.000,0,0,18,314,0,80,0
12-05 16:34:23,4.278,1.007,90.088,3.775,0,5661432,149460,180816,2025628,6689.652,664.335,0,942.148,0,83.545,1918,3063,1.380,1.430,1.360,1,3,0,0,0,18,314,0,80,0
12-05 16:34:24,9.206,1.742,80.866,6.469,0,5655004,155892,180824,2025696,27151.162,7843.780,0,1054.994,0,101.518,3096,4230,1.380,1.430,1.360,2,0,5.972,0,0,18,314,0,81,0
12-05 16:34:25,8.507,1.501,87.568,1.751,0,5655072,155640,180848,2025856,16785.995,7533.832,0,852.660,0,73.057,2575,3489,1.380,1.430,1.360,1,0,0,0,0,18,313,0,72,0
12-05 16:34:26,7.748,1.250,84.474,4.249,0,5655212,155416,180864,2025924,6681.934,3214.006,0,1447.552,0,146.955,2841,4270,1.380,1.430,1.360,1,0,1.000,0,0,18,313,0,72,0
12-05 16:34:27,7.752,1.751,85.527,4.251,0,5655160,155416,180880,2025960,6706.152,2829.908,0,1156.371,0,115.037,2893,4340,1.380,1.430,1.360,1,0,0,0,0,18,313,0,73,0
12-05 16:34:28,8.264,1.503,85.648,3.256,0,5655068,155416,180888,2026044,10542.175,3220.552,0,1702.936,0,217.375,3097,4675,1.270,1.400,1.350,1,0,0,0,0,18,313,0,74,0
12-05 16:34:29,5.256,1.752,84.849,7.759,0,5655032,155416,180896,2026072,6841.968,626.730,0,4457.191,0,258.301,2295,3600,1.270,1.400,1.350,3,2,0,0,0,18,315,0,74,0
12-05 16:34:30,3.483,0.995,89.319,5.225,0.249,5654840,155416,180896,2026264,8917.992,2676.094,0,1978.459,0,141.318,2043,3345,1.270,1.400,1.350,3,0,0,0,0,18,314,0,72,0
12-05 16:34:31,10.027,2.005,82.720,3.760,0,5654992,155164,180916,2026344,9774.973,2836.537,0,1363.623,0,148.394,3467,5300,1.270,1.400,1.350,1,0,0,0,0,18,313,0,73,0
12-05 16:34:32,7.743,1.249,86.921,3.247,0,5654928,155164,180920,2026404,10876.092,4877.556,0,1114.984,0,119.891,2513,3811,1.270,1.400,1.350,1,0,0,0,0,18,314,0,73,0
12-05 16:34:33,15.770,3.755,71.590,6.758,0,5654740,155164,180928,2026584,22289.994,7950.986,0,1594.002,0,163.205,5323,7855,1.250,1.400,1.350,2,0,0,0,0,18,314,0,73,0
12-05 16:34:34,20.254,4.001,63.513,10.252,0,5654796,154912,180956,2026752,5216.066,486.099,0,3144.643,0,341.070,7314,11785,1.250,1.400,1.350,2,0,1.000,0,0,18,314,0,66,0
12-05 16:34:35,20.815,4.514,63.948,8.526,0,5655320,154156,180964,2026976,3144.747,487.511,0,6443.973,0,378.172,7481,11489,1.250,1.400,1.350,2,1,0,0,0,18,315,0,66,0
12-05 16:34:36,8.197,1.987,77.250,10.929,0,5655172,154156,180988,2027100,6790.011,482.872,15.897,2774.028,0.994,236.468,3457,5526,1.250,1.400,1.350,1,0,0.994,0,0,18,313,0,68,0
12-05 16:34:37,13.520,2.754,75.864,7.011,0,5655368,153904,181024,2027120,5652.525,486.734,0,2075.130,0,252.381,4723,6934,1.250,1.400,1.350,4,0,0,0,0,18,313,0,69,0
12-05 16:34:38,4.755,1.001,90.844,2.503,0,5655088,153904,181036,2027388,4854.019,556.576,0,672.696,0,58.060,1972,2930,1.150,1.370,1.340,3,0,0,0,0,18,314,0,60,0
12-05 16:34:39,21.015,4.753,62.045,9.757,0,5655072,153652,181072,2027620,8355.039,486.352,0,2834.049,0,334.242,7778,12091,1.150,1.370,1.340,2,2,0,0,0,18,314,0,61,0
12-05 16:34:40,21.435,4.486,66.550,5.733,0,5655020,153400,181096,2027900,9327.909,484.541,0,2907.245,0,295.111,7829,12166,1.150,1.370,1.340,3,0,0,0,0,18,314,0,61,1
12-05 16:34:41,21.602,3.768,62.546,11.304,0,5655296,152896,181100,2028124,11532.611,488.312,0,2210.467,0,234.109,7511,11360,1.150,1.370,1.340,3,0,0,0,0,18,314,0,65,0
12-05 16:34:42,21.713,3.744,61.646,10.981,0,5655720,152196,181128,2028372,12226.332,485.180,0,6588.862,0,784.674,8568,13152,1.150,1.370,1.340,1,2,0,0,0,18,314,0,55,0
12-05 16:34:43,20.820,5.769,56.189,14.800,0,5656100,144212,181152,2035952,20092.685,6422.636,0,7858.472,0,948.194,7034,9649,1.220,1.380,1.340,1,1,2.007,0,0,18,315,0,56,0
12-05 16:34:44,5.730,0.997,88.440,3.986,0,5655312,145040,181152,2035912,15420.884,3604.351,0,3256.572,0,122.570,2039,2389,1.220,1.380,1.340,2,0,0,0,0,18,314,0,56,0
12-05 16:34:45,18.231,4.245,62.933,12.986,0,5647368,152720,181180,2036148,6601.967,485.483,0,3036.765,0,328.650,7104,11357,1.220,1.380,1.340,2,1,1.998,0,0,18,314,0,56,0
12-05 16:34:46,20.799,4.009,62.397,11.277,0,5647344,152628,181184,2036260,5642.283,487.147,0,2177.125,0,258.609,7036,11237,1.220,1.380,1.340,5,0,1.002,0,0,18,314,0,52,0
12-05 16:34:47,17.290,3.759,65.901,11.526,0,5647156,152404,181188,2036668,5374.286,487.114,0,4510.311,0,359.823,6392,10215,1.220,1.380,1.340,2,1,0,0,0,18,314,0,53,0
12-05 16:34:48,20.470,4.244,59.414,13.980,0,5646624,152796,181216,2036780,4902.927,485.300,0,6047.276,0,512.261,7357,12236,1.440,1.430,1.360,2,0,0,0,0,18,314,0,54,0
12-05 16:34:49,22.943,3.990,61.598,9.726,0,5646772,152320,181232,2037092,2673.415,484.806,0,3591.154,0,335.174,7703,12595,1.440,1.430,1.360,2,0,0,0,0,18,314,0,54,0
12-05 16:34:50,23.546,4.509,65.378,5.010,0,5647536,151312,181232,2037336,6482.720,486.955,0,1995.916,0,191.376,7334,11628,1.440,1.430,1.360,3,0,0,0,0,18,313,0,46,1
12-05 16:34:51,14.934,2.987,68.946,10.205,0,5647516,151060,181240,2037600,10582.309,3331.302,0,2935.050,0,328.550,5603,8671,1.440,1.430,1.360,1,0,0,0,0,18,313,0,48,0
12-05 16:34:52,8.551,1.257,83.495,5.784,0,5647680,150808,181252,2037676,12953.834,4711.948,0,1424.449,0,128.764,2853,4077,1.440,1.430,1.360,1,0,0,0,0,18,314,0,48,0
12-05 16:34:53,9.451,2.487,79.586,7.959,0,5647432,150808,181272,2037904,23753.518,7505.981,0,4787.114,0,308.397,3166,4603,1.330,1.400,1.350,3,1,0,0,0,18,314,0,48,0
12-05 16:34:54,6.992,1.498,85.403,3.995,0,5647452,150584,181284,2038096,13398.785,3393.147,0,2161.545,0,171.805,2775,4173,1.330,1.400,1.350,1,0,0,0,0,18,313,0,42,0
12-05 16:34:55,9.514,1.753,76.363,9.514,0,5647660,150332,181292,2038132,7459.015,486.719,16.024,1253.852,1.001,123.182,3694,5249,1.330,1.400,1.350,1,0,0,0,0,18,314,0,42,0
12-05 16:34:56,11.509,1.751,79.813,6.255,0,5647808,150084,181320,2038204,12326.773,2699.140,0,1597.266,0,182.144,3633,5350,1.330,1.400,1.350,2,1,1.001,0,0,18,313,0,43,0
12-05 16:34:57,12.032,2.005,81.214,3.008,0,5647848,149832,181324,2038412,27248.887,9316.579,0,1604.232,0,195.516,3702,5335,1.330,1.400,1.350,2,0,0,0,0,18,315,0,44,0
12-05 16:34:58,20.177,4.484,63.522,9.964,0,5647916,149592,181356,2038552,5226.200,723.398,0,11502.623,0,391.591,7679,11810,1.460,1.430,1.360,5,0,0.996,0,0,18,314,0,42,0
12-05 16:34:59,23.529,5.507,55.819,13.517,0,5651812,145336,181404,2038864,7579.416,486.605,0,5851.269,0,568.707,8233,13482,1.460,1.430,1.360,4,1,3.004,0,0,18,314,0,42,0
12-05 16:35:00,21.993,4.748,61.730,9.997,0,5651912,144916,181424,2039164,7181.713,485.845,0,5794.155,0,403.871,7211,11470,1.460,1.430,1.360,2,0,1.999,0,0,18,314,0,46,0
12-05 16:35:01,12.492,2.998,75.704,6.996,0,5652080,144664,181436,2039236,12200.651,3216.063,0,3461.915,0,203.877,4107,6594,1.460,1.430,1.360,1,0,0,0,0,18,313,0,48,0
12-05 16:35:02,14.478,3.245,75.136,5.242,0,5653636,142400,181440,2039940,16198.441,2573.099,567.140,1505.717,31.952,138.790,4532,6455,1.460,1.430,1.360,1,0,2.995,0,0,18,314,0,44,0
12-05 16:35:03,9.062,1.259,80.798,8.055,0,5653740,142148,181452,2040076,27844.985,9905.227,0,4055.525,0,337.289,2745,3527,1.420,1.420,1.360,2,0,1.007,0,0,18,314,0,44,0
12-05 16:35:04,19.830,4.710,63.704,9.667,0,5653676,141944,181464,2040332,8084.734,481.872,31.728,3438.540,0.992,376.772,7546,11884,1.420,1.420,1.360,2,0,0,0,0,18,314,0,44,0
12-05 16:35:05,18.084,3.516,60.782,15.572,0,5653732,141692,181476,2040516,5785.841,488.265,0,5015.266,0,419.948,6614,10379,1.420,1.420,1.360,2,1,0,0,0,18,314,0,44,0
12-05 16:35:06,19.974,5.243,64.664,8.239,0,5654796,140432,181512,2040676,3531.330,485.358,0,5049.323,0,388.486,7732,11777,1.420,1.420,1.360,6,0,0.999,0,0,18,314,0,41,0
12-05 16:35:07,7.991,1.498,83.407,6.493,0,5654376,140432,181536,2041072,11826.794,3265.354,0,1586.229,0,146.836,2880,4292,1.420,1.420,1.360,2,0,0,0,0,18,313,0,42,0
12-05 16:35:08,14.952,1.495,79.744,1.994,0,5655320,139424,181536,2041136,38874.144,16209.937,0,1148.312,0,115.629,3488,4467,1.310,1.400,1.350,2,0,0,0,0,18,314,0,42,0
12-05 16:35:09,9.523,1.504,84.704,3.258,0,5655272,139424,181536,2041184,29831.008,14281.474,0,729.762,0,68.165,2308,2962,1.310,1.400,1.350,1,0,0,0,0,18,314,0,42,0
12-05 16:35:10,16.773,1.502,77.106,3.254,0,5655364,139172,181540,2041340,53842.009,23104.759,0,1057.454,0,106.146,3449,4236,1.310,1.400,1.350,1,0,0,0,0,18,314,0,43,0
12-05 16:35:11,11.491,1.749,83.187,3.248,0,5655384,138920,181540,2041572,36403.292,14814.724,0,887.325,0,93.929,2913,3763,1.310,1.400,1.350,2,0,0,0,0,18,314,0,43,0
12-05 16:35:12,12.256,1.751,82.043,2.251,0,5655924,138176,181540,2041760,27181.153,9586.992,0,680.354,0,69.036,3062,3865,1.310,1.400,1.350,1,0,0,0,0,18,314,0,43,0
12-05 16:35:13,10.995,1.749,83.215,1.999,0,5656264,137672,181568,2041896,28258.995,9701.878,0,1019.567,0,110.953,3316,4557,1.200,1.380,1.340,1,1,0,0,0,18,314,0,43,0
12-05 16:35:14,19.759,4.502,60.278,13.756,0,5656280,137420,181596,2042104,4698.152,486.223,0,3057.400,0,341.156,6938,11080,1.200,1.380,1.340,5,0,0,0,0,18,314,0,43,0
12-05 16:35:15,20.283,4.758,61.601,11.769,0,5657068,136412,181604,2042316,7341.073,486.801,0,4351.156,0,361.595,7733,12076,1.200,1.380,1.340,2,2,0,0,0,18,314,0,42,0
12-05 16:35:16,18.473,3.744,65.653,9.486,0,5657480,135656,181624,2042640,8247.865,3117.413,0,6047.103,0,407.401,6669,10468,1.200,1.380,1.340,1,0,0.999,0,0,18,314,0,43,0
12-05 16:35:17,8.218,0.996,89.895,0.498,0,5657460,135656,181628,2042656,9427.721,870.558,0,561.779,0,51.795,2021,2549,1.200,1.380,1.340,2,0,0,0,0,18,314,0,43,0
12-05 16:35:18,12.521,1.753,79.383,4.758,0,5657380,135656,181636,2042728,27295.571,9547.941,0,2500.174,0,218.365,3939,5710,1.270,1.390,1.350,2,0,0,0,0,18,313,0,43,0
12-05 16:35:19,12.777,1.503,82.171,2.004,0,5657596,135404,181644,2042756,29740.933,11527.004,0,1595.322,0,118.246,3097,4230,1.270,1.390,1.350,2,0,0,0,0,18,314,0,42,0
12-05 16:35:20,17.833,5.023,71.832,4.270,0,5668368,160460,179988,2008548,9412.569,729.376,0,1651.645,0,173.805,6109,16763,1.270,1.390,1.350,0,1,36.167,0,0,18,314,0,43,0
12-05 16:35:21,20.459,4.740,61.126,11.477,0,5665260,163320,180104,2008800,3675.571,485.020,0,7229.388,0,635.715,7909,13106,1.270,1.390,1.350,4,0,0,0,0,18,314,0,44,0
12-05 16:35:22,22.283,5.007,64.846,5.759,0,5665928,162184,180132,2009240,5617.328,486.722,0,3020.478,0,243.361,7538,11489,1.270,1.390,1.350,1,0,0,0,0,18,314,0,44,0
12-05 16:35:23,8.723,1.994,82.247,5.483,0,5665964,161960,180172,2009388,12608.165,3202.137,0,1750.608,0,195.398,3483,5358,1.250,1.380,1.350,1,0,0,0,0,18,313,0,41,0
12-05 16:35:24,11.244,1.499,76.708,7.996,0,5666624,161220,180184,2009440,24658.474,8350.419,0,5500.983,0,270.851,3191,4252,1.250,1.380,1.350,1,0,5.997,0,0,18,315,0,41,0
12-05 16:35:25,15.292,3.259,75.961,4.513,0,5666440,161356,180192,2009480,40332.876,13022.121,0,1259.494,0,117.325,4429,6131,1.250,1.380,1.350,2,1,0,0,0,18,314,0,41,0
12-05 16:35:26,21.968,4.743,60.413,10.485,0,5666476,160856,180244,2009892,7990.523,485.303,0,5064.726,0,522.250,8257,13416,1.250,1.380,1.350,2,0,0.999,0,0,18,314,0,42,0
12-05 16:35:27,22.505,5.001,66.264,4.251,0,5667704,159372,180252,2010140,8774.912,486.106,0,1876.409,0,167.036,7535,10852,1.250,1.380,1.350,2,0,0,0,0,18,314,0,46,0
12-05 16:35:28,21.965,4.493,59.156,11.981,0,5666968,159848,180308,2010356,6920.048,485.232,0,6158.254,0,569.099,8836,13996,1.230,1.370,1.340,3,1,0,0,0,18,314,0,47,0
12-05 16:35:29,18.103,3.520,62.103,14.834,0,5667200,159400,180316,2010564,3738.259,488.780,0,6967.624,0,594.380,6571,9972,1.230,1.370,1.340,1,0,0,0,0,18,314,0,48,0
12-05 16:35:30,20.356,4.468,62.557,10.674,0,5667300,159148,180340,2010692,3918.238,482.581,0,3352.249,0,304.840,7199,10721,1.230,1.370,1.340,4,0,0,0,0,18,313,0,49,0
12-05 16:35:31,6.260,1.252,88.146,3.005,0,5667436,158896,180340,2010808,12154.146,3231.356,0,1510.504,0,126.209,2444,3679,1.230,1.370,1.340,1,1,0,0,0,18,314,0,46,0
12-05 16:35:32,5.748,1.999,81.729,9.498,0,5667728,158420,180348,2010984,12289.772,3164.169,0,2459.354,0,149.961,2574,3856,1.230,1.370,1.340,1,0,0,0,0,18,313,0,46,0
12-05 16:35:33,11.057,2.262,77.653,7.790,0,5667280,158676,180356,2011168,11907.853,2711.082,0,1869.712,0,179.935,4302,6700,1.130,1.350,1.340,1,0,0,0,0,18,313,0,47,0
12-05 16:35:34,6.967,1.244,82.107,7.713,0,5667176,158676,180388,2011240,13086.294,2737.881,0,5015.965,0,310.512,2655,4001,1.130,1.350,1.340,4,0,0,0,0,18,313,0,47,0
12-05 16:35:35,11.998,2.000,69.239,15.248,0,5667372,158452,180416,2011240,29471.413,9662.496,0,3531.450,0,465.927,4157,5887,1.130,1.350,1.340,2,0,0,0,0,18,314,0,46,0
12-05 16:35:36,23.127,4.022,63.849,8.044,0,5667784,157696,180476,2011524,5874.134,488.673,0,2783.226,0,299.639,6708,10750,1.130,1.350,1.340,1,0,2.011,0,0,18,314,0,46,0
12-05 16:35:37,21.832,3.721,65.744,6.202,0,5668572,156716,180504,2011688,3592.337,535.874,0,2723.031,0,269.921,7552,11400,1.130,1.350,1.340,2,0,0,0,0,18,314,0,46,0
12-05 16:35:38,20.559,5.014,67.194,6.268,0.251,5669636,155456,180532,2011856,8189.620,487.406,16.046,2266.537,1.003,231.668,7348,11279,1.120,1.340,1.330,1,2,0,0,0,18,314,0,47,0
12-05 16:35:39,6.746,0.999,83.951,6.496,0,5669428,155456,180560,2012036,11757.142,3255.101,0,2014.825,0,171.900,2860,4530,1.120,1.340,1.330,1,0,0,0,0,18,313,0,44,0
12-05 16:35:40,13.815,2.009,74.600,8.791,0,5669652,155204,180588,2012036,27983.412,12129.963,0,4187.666,0,289.359,3568,5177,1.120,1.340,1.330,1,2,0,0,0,18,313,0,44,0
12-05 16:35:41,13.930,3.234,71.639,8.209,0,5669252,155204,180632,2012392,8065.360,483.563,0,3812.788,0,342.275,5950,9357,1.120,1.340,1.330,2,1,0,0,0,18,314,0,44,0
12-05 16:35:42,20.770,5.005,61.559,11.010,0,5669364,154952,180724,2012440,6685.372,540.515,0,3991.805,0,423.404,7525,12112,1.120,1.340,1.330,2,0,0,0,0,18,314,0,46,0
12-05 16:35:43,23.468,4.494,61.915,7.989,0,5670688,153188,180772,2012832,19553.297,5078.065,0,2660.367,0,279.618,7685,11577,1.190,1.360,1.340,4,0,0,0,0,18,315,0,43,0
12-05 16:35:44,22.492,4.748,65.477,5.998,0,5678064,145520,180828,2013068,16703.252,5071.255,31.989,2631.095,1.000,263.909,7087,10908,1.190,1.360,1.340,3,0,0,0,0,18,314,0,45,0
12-05 16:35:45,5.027,1.508,83.194,9.048,0,5677896,145520,180832,2013232,10065.752,3122.675,0,5404.862,0,342.831,2648,4199,1.190,1.360,1.340,3,2,2.011,0,0,18,313,0,46,0
12-05 16:35:46,10.207,2.240,76.922,8.713,0,5678116,145116,180836,2013412,30369.673,9688.741,0,5799.304,0,423.198,3552,4323,1.190,1.360,1.340,1,0,2.987,0,0,18,313,0,46,0
12-05 16:35:47,10.467,2.492,80.746,4.984,0,5678056,145116,180844,2013464,35817.513,7273.158,0,2316.724,0,128.596,3398,4367,1.190,1.360,1.340,2,0,0,0,0,18,314,0,45,0
12-05 16:35:48,17.560,2.258,76.010,2.759,0,5678804,144360,180852,2013464,16098.153,4949.959,0,1970.752,0,179.615,4644,6338,1.170,1.350,1.340,3,0,0,0,0,18,314,0,45,0
12-05 16:35:49,20.728,4.995,63.683,9.240,0,5679364,143364,180876,2013860,6192.474,539.431,0,3244.581,0,342.639,7679,12064,1.170,1.350,1.340,3,0,0,0,0,18,314,0,47,0
12-05 16:35:50,20.832,4.267,58.981,14.055,0,5679976,142608,180932,2013948,7027.566,542.126,0,3843.074,0,339.331,6975,10827,1.170,1.350,1.340,5,0,0,0,0,18,314,0,48,0
12-05 16:35:51,20.951,4.489,66.094,6.734,0,5681664,140592,180960,2014248,5685.571,484.855,0,2318.524,0,221.477,7048,10542,1.170,1.350,1.340,2,0,0,0,0,18,314,0,50,0
12-05 16:35:52,20.730,4.496,63.190,9.991,0.250,5681560,140340,180988,2014576,3975.256,539.492,0,5374.938,0,448.578,7159,11108,1.170,1.350,1.340,2,0,0,0,0,18,314,0,47,0
12-05 16:35:53,18.726,3.995,59.924,13.982,0,5681684,139836,181004,2014940,3412.645,485.381,31.959,6004.338,0.999,487.378,7125,11640,1.320,1.380,1.350,2,0,0,0,0,18,314,0,48,0
12-05 16:35:54,22.566,4.513,64.689,6.519,0,5683356,138072,181016,2015020,8639.185,541.579,0,1737.064,0,174.509,7283,10921,1.320,1.380,1.350,2,0,0,0,0,18,314,0,52,0
12-05 16:35:55,21.229,4.745,62.439,9.491,0,5683224,137820,181040,2015380,5266.885,485.528,0,3168.922,0,369.641,7568,11918,1.320,1.380,1.350,3,0,0.999,0,0,18,314,0,53,0
12-05 16:35:56,22.612,4.522,66.328,4.774,0,5684436,136312,181044,2015672,7762.346,542.681,0,2387.796,0,230.137,7760,12012,1.320,1.380,1.350,3,1,1.005,0,0,18,314,0,53,0
12-05 16:35:57,21.663,3.984,62.002,10.707,0,5685096,135556,181064,2015748,7021.911,484.064,0,6354.581,0,413.347,7022,10686,1.320,1.380,1.350,1,1,0,0,0,18,315,0,53,0
12-05 16:35:58,19.569,4.516,58.708,15.304,0,5684992,135304,181088,2016080,8877.466,541.921,0,5375.052,0,491.743,7203,11456,1.290,1.370,1.340,1,0,0,0,0,18,314,0,53,0
12-05 16:35:59,23.297,5.205,65.678,3.222,0,5690956,129016,181112,2016380,7472.893,481.802,0,2046.173,0,191.333,7837,12390,1.290,1.370,1.340,4,0,2.974,0,0,18,314,0,54,0
12-05 16:36:00,11.761,2.753,75.323,9.259,0,5690940,128764,181128,2016632,8584.361,3271.186,32.031,3083.003,1.001,288.281,3993,6124,1.290,1.370,1.340,1,0,2.002,0,0,18,313,0,54,0
12-05 16:36:01,12.784,2.256,72.190,10.528,0,5691300,127504,181140,2017520,9604.272,3222.480,0,6256.463,0,313.826,4329,6453,1.290,1.370,1.340,2,0,2.005,0,0,18,313,0,55,0
12-05 16:36:02,9.983,1.497,83.357,2.995,0,5691536,127252,181148,2017528,11506.299,3088.712,0,1333.716,0,126.783,3267,4535,1.290,1.370,1.340,2,0,0.998,0,0,18,314,0,56,0
12-05 16:36:03,7.254,2.251,85.295,5.003,0,5691236,127252,181148,2017828,9585.012,660.345,0,1148.601,0,99.052,2505,3602,1.350,1.380,1.350,4,0,0,0,0,18,314,0,56,0
12-05 16:36:04,6.755,1.501,84.057,5.504,0,5691272,127000,181184,2018008,12314.377,3196.174,0,1805.228,0,176.120,2763,4332,1.350,1.380,1.350,1,0,0,0,0,18,313,0,51,0
12-05 16:36:05,18.252,3.000,66.008,11.751,0,5691124,127000,181204,2018136,39034.682,17335.079,0,5632.676,0,423.051,4799,6789,1.350,1.380,1.350,1,2,0,0,0,18,317,0,51,0
12-05 16:36:06,11.989,1.748,70.935,12.738,0,5688852,129216,181220,2018176,29884.600,10503.370,0,6142.368,0,600.449,4003,5304,1.350,1.380,1.350,1,0,0.999,0,0,18,316,0,51,0
12-05 16:36:07,10.999,1.500,84.742,2.250,0,5688896,128964,181228,2018376,27962.314,9755.063,0,1483.857,0,82.992,2792,3547,1.350,1.380,1.350,2,0,0,0,0,18,315,0,51,0
12-05 16:36:08,11.810,2.261,80.407,3.769,0,5688852,128964,181252,2018396,25158.202,9634.714,0,1584.009,0,180.915,3934,5893,1.400,1.390,1.350,3,1,0,0,0,18,316,0,50,0
12-05 16:36:09,21.992,4.998,60.228,10.746,0,5688636,128964,181272,2018592,6647.544,539.801,0,3614.664,0,420.845,7734,12324,1.400,1.390,1.350,2,0,0,0,0,18,316,0,51,0
12-05 16:36:10,22.881,4.477,63.171,6.964,0,5689404,127956,181288,2018816,10530.139,537.201,0,2936.700,0,312.373,8124,12521,1.400,1.390,1.350,2,0,0,0,0,18,316,0,54,0
12-05 16:36:11,21.148,4.280,62.690,9.819,0,5689832,127200,181300,2019132,5919.508,543.813,0,6485.476,0,452.171,7644,12222,1.400,1.390,1.350,1,1,0,0,0,18,317,0,56,0
12-05 16:36:12,21.437,4.487,63.064,8.724,0,5690252,126444,181328,2019440,7130.015,484.574,0,2927.384,0,328.035,7758,11985,1.400,1.390,1.350,4,0,0,0,0,18,317,0,56,0
12-05 16:36:13,9.708,2.738,75.175,9.957,0,5690412,126192,181344,2019516,10153.154,3252.952,0,3026.928,0,256.891,3893,6319,1.450,1.400,1.350,3,0,0,0,0,18,315,0,58,0
12-05 16:36:14,8.244,1.249,81.442,7.245,0,5690384,126192,181356,2019532,12403.183,3205.721,0,1786.730,0,165.882,2936,4436,1.450,1.400,1.350,1,0,0.999,0,0,18,315,0,59,0
12-05 16:36:15,8.017,1.754,83.677,5.512,0,5690184,126192,181376,2019712,6724.234,541.146,0,1334.826,0,121.257,2894,4231,1.450,1.400,1.350,4,0,0,0,0,18,316,0,63,0
12-05 16:36:16,6.983,1.496,86.794,2.743,0,5690308,125940,181384,2019832,9380.762,2744.494,0,1648.093,0,138.671,2890,4338,1.450,1.400,1.350,1,0,0.998,0,0,18,315,0,63,0
12-05 16:36:17,10.280,1.254,79.480,8.274,0,5690264,125940,181392,2019868,20732.083,7030.374,0,1323.837,0,128.372,3016,4079,1.450,1.400,1.350,1,0,0,0,0,18,316,0,63,0
12-05 16:36:18,17.000,3.750,68.499,8.750,0,5692088,123924,181416,2020036,17395.725,5432.914,0,4531.928,0,382.994,6073,9246,1.410,1.400,1.350,5,1,0,0,0,18,316,0,64,0
12-05 16:36:19,22.764,4.753,59.536,11.007,0,5692664,123168,181428,2020204,4721.842,540.325,0,6748.061,0,492.296,8123,13031,1.410,1.400,1.350,3,1,0,0,0,18,316,0,67,0
12-05 16:36:20,23.285,5.258,64.596,5.258,0,5702132,113368,181432,2020532,7175.672,540.804,0,2567.819,0,262.390,8075,12440,1.410,1.400,1.350,3,0,14.021,0,0,18,315,0,64,1
12-05 16:36:21,17.714,5.489,62.873,13.972,0,5696920,150160,180180,1990240,12132.502,3255.427,0,3752.423,0,289.416,5796,19151,1.410,1.400,1.350,3,0,21.956,0,0,18,315,0,67,0
12-05 16:36:22,10.007,1.251,80.559,6.505,0,5686260,160780,180192,1990268,15068.023,4687.429,0,5383.939,0,358.262,3185,4147,1.410,1.400,1.350,2,0,0,0,0,18,316,0,67,0
12-05 16:36:23,9.282,2.258,83.534,3.010,0,5686412,160556,180196,1990336,22859.781,7624.944,0,1240.220,0,113.386,3575,5381,1.300,1.370,1.350,3,1,0,0,0,18,316,0,67,0
12-05 16:36:24,25.144,4.481,56.264,11.701,0,5687452,159308,180232,1990508,18130.834,7303.320,0,4983.067,0,492.929,8075,13044,1.300,1.370,1.350,5,0,5.975,0,0,18,317,0,64,0
12-05 16:36:25,17.237,4.247,61.455,15.489,0,5687676,158552,180244,1991028,14081.665,2789.952,0,6942.904,0,489.641,6453,10321,1.300,1.370,1.350,5,0,0.999,0,0,18,314,0,66,1
12-05 16:36:26,5.027,1.257,87.473,4.776,0,5687576,158552,180244,1991128,13351.253,3280.755,0,1226.638,0,114.620,2626,4217,1.300,1.370,1.350,1,0,1.005,0,0,18,315,0,67,0
12-05 16:36:27,7.943,1.489,76.449,12.162,0,5687748,158328,180252,1991172,11736.402,3126.464,0,4138.172,0,457.701,3445,4759,1.300,1.370,1.350,1,0,0,0,0,18,315,0,67,0
12-05 16:36:28,7.273,1.505,86.022,3.762,0,5687732,158328,180268,1991172,9420.749,3213.146,0,1348.258,0,136.431,2869,4275,1.200,1.350,1.340,1,0,0,0,0,18,315,0,60,0
12-05 16:36:29,10.019,1.753,82.906,4.509,0,5687540,158328,180276,1991356,15967.117,5103.626,0,1506.842,0,148.280,3079,4439,1.200,1.350,1.340,4,1,0,0,0,18,315,0,61,0
12-05 16:36:30,4.241,0.748,89.807,3.991,0,5687476,158328,180288,1991408,9789.938,2637.326,0,997.853,0,89.807,1959,2940,1.200,1.350,1.340,1,0,0,0,0,18,316,0,61,0
12-05 16:36:31,13.001,2.500,78.505,4.250,0,5687428,158328,180308,1991436,25011.703,10024.683,0,1848.126,0,211.014,3932,5472,1.200,1.350,1.340,3,0,0,0,0,18,315,0,62,1
12-05 16:36:32,6.488,1.747,81.347,8.235,0,5687404,158076,180320,1991700,7867.236,3257.886,0,3924.635,0,270.492,2984,4559,1.200,1.350,1.340,3,0,0,0,0,18,315,0,61,0
12-05 16:36:33,6.765,1.503,86.186,3.758,0,5687328,158076,180340,1991756,14609.611,3155.828,0,4597.949,0,250.542,3130,4719,1.340,1.380,1.350,3,0,0,0,0,18,315,0,61,0
12-05 16:36:34,10.476,2.494,81.811,4.240,0,5687452,157824,180376,1991848,11640.061,3165.674,0,1432.684,0,150.651,3554,5197,1.340,1.380,1.350,1,0,0,0,0,18,315,0,62,0
12-05 16:36:35,8.508,1.501,84.581,4.755,0,5687452,157824,180380,1991844,22153.329,7392.117,0,1045.006,0,101.097,2516,3300,1.340,1.380,1.350,4,0,0,0,0,18,317,0,62,0
12-05 16:36:36,8.005,1.001,88.810,1.751,0,5687768,157320,180380,1992032,30165.250,11970.035,0,676.454,0,44.030,1726,2012,1.340,1.380,1.350,1,0,1.001,0,0,18,316,0,62,0
12-05 16:36:37,3.992,0.748,93.056,0.998,0,5686184,158896,180380,1992040,13263.380,2765.242,0,574.803,0,32.931,1324,1740,1.340,1.380,1.350,2,0,0,0,0,18,316,0,61,0
12-05 16:36:38,4.268,1.255,89.628,3.515,0,5685792,159272,180384,1992052,22783.193,4872.572,0,3052.890,0,389.645,1911,2253,1.310,1.370,1.350,2,0,0,0,0,18,316,0,61,0
12-05 16:36:39,9.985,1.498,87.370,0.749,0,5686252,158796,180388,1992064,52924.514,12175.943,0,794.821,0,79.882,2685,3159,1.310,1.370,1.350,2,0,0,0,0,18,316,0,61,0
12-05 16:36:40,2.743,0.748,94.741,0.499,0,5686224,158796,180388,1992092,4068.892,538.530,0,518.584,0,40.888,1434,2066,1.310,1.370,1.350,1,0,0,0,0,18,316,0,61,0
12-05 16:36:41,12.771,2.003,76.625,6.761,0,5686060,158796,180396,1992248,33761.024,11816.258,0,1278.083,0,135.220,3484,4872,1.310,1.370,1.350,1,0,0,0,0,18,316,0,58,0
12-05 16:36:42,9.279,1.254,86.519,1.755,0,5686004,158796,180400,1992300,28298.009,9989.067,0,1015.157,0,104.324,2743,3600,1.310,1.370,1.350,4,0,0,0,0,18,316,0,58,0
12-05 16:36:43,26.237,4.998,61.470,5.747,0,5686164,158292,180412,1992632,26647.965,9341.431,0,3366.353,0,335.836,7977,12199,1.290,1.360,1.340,2,0,1.000,0,0,18,317,0,60,0
12-05 16:36:44,14.196,2.490,72.473,8.219,0,5686436,157788,180424,1992852,12838.931,3488.667,0,2239.441,0,233.109,4841,7238,1.290,1.360,1.340,1,0,0,0,0,18,315,0,61,0
12-05 16:36:45,11.070,2.013,77.743,9.309,0,5686344,157788,180428,1992940,7764.281,489.104,0,4625.358,0,292.859,3550,5211,1.290,1.360,1.340,3,1,2.013,0,0,18,316,0,55,0
12-05 16:36:46,12.867,1.732,76.706,6.928,0,5687248,156784,180440,1993028,30458.800,11676.170,0,2557.534,0,186.074,3486,4777,1.290,1.360,1.340,3,1,1.980,0,0,18,315,0,56,0
12-05 16:36:47,19.150,4.284,65.262,10.583,0.252,5687536,156308,180460,1993196,7811.291,544.271,32.253,3995.350,1.008,344.705,6665,10163,1.290,1.360,1.340,2,0,0,0,0,18,316,0,56,0
12-05 16:36:48,23.538,3.756,66.609,3.756,0,5688356,155012,180476,1993656,8385.712,540.884,0,2255.688,0,221.362,8099,12398,1.350,1.370,1.350,0,1,0,0,0,18,316,0,56,0
12-05 16:36:49,13.692,2.489,71.199,10.207,0,5688844,154256,180488,1993912,10537.501,3248.283,0,2549.235,0,250.940,5107,8050,1.350,1.370,1.350,1,0,0,0,0,18,315,0,52,0
12-05 16:36:50,10.506,1.751,80.293,6.503,0,5689096,154004,180508,1993892,6756.630,540.290,16.009,2005.077,1.001,185.099,3722,5557,1.350,1.370,1.350,2,0,0,0,0,18,316,0,53,0
12-05 16:36:51,10.983,2.746,71.141,13.479,0,5688848,154004,180536,1994112,11595.179,2519.128,0,3726.273,0,277.573,3956,5983,1.350,1.370,1.350,3,1,0,0,0,18,316,0,53,0
12-05 16:36:52,10.800,2.009,75.097,10.298,0,5689032,153752,180572,1994144,27648.930,10203.210,0,5320.618,0,348.613,3667,5404,1.350,1.370,1.350,2,1,0,0,0,18,316,0,53,0
12-05 16:36:53,8.228,1.995,83.279,5.735,0,5689012,153500,180596,1994392,11637.145,3201.512,0,1444.171,0,165.561,2876,4435,1.480,1.400,1.360,1,1,0,0,0,18,315,0,51,0
12-05 16:36:54,10.734,1.747,79.633,6.490,0,5689112,153276,180644,1994468,13469.249,4731.062,0,5368.128,0,363.467,3497,4937,1.480,1.400,1.360,3,0,0,0,0,18,316,0,52,0
12-05 16:36:55,16.058,2.760,74.017,5.018,0,5689576,152772,180656,1994496,19542.577,7771.065,0,1477.335,0,147.533,4887,7141,1.480,1.400,1.360,3,0,0,0,0,18,317,0,52,0
12-05 16:36:56,20.206,3.492,63.361,10.477,0,5690020,152020,180680,1994780,7530.437,538.815,0,3671.924,0,395.131,6975,10918,1.480,1.400,1.360,2,0,0.998,0,0,18,316,0,52,0
12-05 16:36:57,20.851,4.522,63.558,9.798,0,5690200,151516,180692,1995092,9265.934,488.368,0,2877.956,0,305.481,7276,11258,1.480,1.400,1.360,1,0,0,0,0,18,316,0,45,0
12-05 16:36:58,21.679,4.485,63.294,7.725,0,5692108,149512,180708,1995172,5084.434,538.246,0,3875.374,0,299.026,7655,12180,1.440,1.400,1.350,4,1,0.997,0,0,18,316,0,48,0
12-05 16:36:59,11.208,3.736,63.514,19.926,0,5697772,143508,180732,1995488,12736.686,3201.108,0,9596.351,0,749.217,4692,7078,1.440,1.400,1.350,1,0,2.989,0,0,18,315,0,50,0
12-05 16:37:00,14.031,2.505,76.417,5.763,0,5697684,143508,180736,1995572,7929.291,541.180,0,1515.304,0,153.334,4603,7055,1.440,1.400,1.350,2,0,2.004,0,0,18,316,0,51,0
12-05 16:37:01,10.742,2.248,81.192,3.747,0,5697864,143256,180744,1995636,15456.924,4680.646,0,1698.783,0,198.857,3870,5948,1.440,1.400,1.350,1,0,0,0,0,18,316,0,47,0
12-05 16:37:02,13.230,2.247,80.131,3.245,0,5697840,143004,180748,1995908,26224.922,10202.797,0,1405.905,0,165.753,3758,5082,1.440,1.400,1.350,1,0,0,0,0,18,316,0,48,0
12-05 16:37:03,5.790,1.007,86.345,5.286,0,5697808,143004,180752,1995936,5605.642,664.581,0,1079.441,0,89.618,2316,3516,1.320,1.370,1.350,2,0,0,0,0,18,316,0,49,0
12-05 16:37:04,11.684,1.989,80.296,4.723,0,5697536,143004,180752,1996208,33096.841,11676.968,31.820,1614.868,0.994,159.100,3650,5148,1.320,1.370,1.350,1,0,0,0,0,18,315,0,50,0
12-05 16:37:05,16.758,4.252,70.283,7.253,0,5697396,143004,180776,1996324,7090.372,582.277,0,2777.321,0,275.131,6250,9703,1.320,1.370,1.350,3,0,0,0,0,18,316,0,49,0
12-05 16:37:06,18.057,4.013,61.945,14.546,0,5689232,151068,180788,1996412,11915.431,487.532,0,5725.987,0,467.468,6618,10532,1.320,1.370,1.350,3,3,1.003,0,0,18,316,0,49,0
12-05 16:37:07,19.012,4.253,59.537,14.759,0,5688572,151412,180808,1996708,8182.071,540.335,0,5423.361,0,432.268,6880,10822,1.320,1.370,1.350,2,1,0,0,0,18,316,0,49,0
12-05 16:37:08,21.632,3.481,63.405,8.951,0,5690000,149900,180824,1996776,8312.758,483.369,0,1686.819,0,165.101,7243,10826,1.300,1.370,1.350,3,1,0,0,0,18,316,0,52,0
12-05 16:37:09,12.480,3.245,76.125,6.739,0,5689884,149648,180840,1997128,9805.931,3261.655,15.974,2244.322,0.998,236.612,4307,6873,1.300,1.370,1.350,1,0,0,0,0,18,315,0,52,0
12-05 16:37:10,8.781,1.756,79.529,8.781,0,5690152,149200,180844,1997304,3836.480,487.714,0,5683.971,0,543.911,3505,4989,1.300,1.370,1.350,1,0,0,0,0,18,316,0,52,0
12-05 16:37:11,12.814,2.010,73.364,10.301,0,5690316,148948,180848,1997388,10594.613,4894.305,0,2122.540,0,230.143,4263,6548,1.300,1.370,1.350,1,0,0,0,0,18,316,0,52,0
12-05 16:37:12,12.932,1.741,79.580,3.233,0,5691068,148192,180852,1997388,27070.077,10110.619,0,1257.361,0,139.265,3821,5436,1.300,1.370,1.350,1,0,0,0,0,18,316,0,53,0
12-05 16:37:13,5.247,1.249,90.446,2.748,0,5690788,148192,180860,1997660,9709.200,713.574,0,1059.367,0,85.949,2130,3143,1.270,1.360,1.340,3,0,0,0,0,18,316,0,46,0
12-05 16:37:14,10.495,1.999,78.215,7.247,0,5690700,148192,180884,1997724,29543.886,11563.867,0,4573.970,0,344.847,3590,5624,1.270,1.360,1.340,1,1,0,0,0,18,316,0,47,0
12-05 16:37:15,19.226,5.243,63.421,11.236,0,5690840,147940,180900,1997820,7069.195,725.097,0,4314.626,0,355.557,7422,11489,1.270,1.360,1.340,5,0,0,0,0,18,316,0,47,0
12-05 16:37:16,20.550,3.759,61.901,12.280,0.251,5691256,147188,180948,1998108,7755.915,541.320,0,3456.430,0,386.944,7460,12005,1.270,1.360,1.340,3,0,1.002,0,0,18,316,0,47,0
12-05 16:37:17,21.057,4.261,63.420,10.027,0,5690860,147240,180972,1998428,6723.042,581.561,0,3152.460,0,296.796,7054,11205,1.270,1.360,1.340,5,1,0,0,0,18,313,0,52,0
12-05 16:37:18,5.719,1.989,84.792,5.719,0,5691016,146988,180980,1998516,8823.293,3242.468,0,2558.168,0,202.903,2776,4482,1.250,1.350,1.340,2,0,0,0,0,18,315,0,46,0
12-05 16:37:19,13.017,2.253,78.099,4.506,0,5691156,146736,180988,1998620,24580.310,8016.211,0,1822.321,0,179.228,3868,5449,1.250,1.350,1.340,1,0,0,0,0,18,315,0,47,0
12-05 16:37:20,11.008,1.751,78.309,7.255,0,5690976,146736,181000,1998788,20211.132,7053.281,0,5007.749,0,356.267,3682,5357,1.250,1.350,1.340,2,2,0,0,0,18,316,0,47,0
12-05 16:37:21,17.018,4.755,68.821,8.259,0,5692916,174888,179724,1969992,25531.445,9773.123,0,3083.194,0,228.236,4841,15724,1.250,1.350,1.340,1,0,36.037,0,0,18,316,0,50,0
12-05 16:37:22,11.722,1.995,81.059,3.242,0,5692744,174888,179724,1970164,26339.071,7593.147,0,1640.144,0,107.747,3640,5018,1.250,1.350,1.340,3,0,0,0,0,18,316,0,43,0
12-05 16:37:23,20.248,4.749,61.992,10.749,0,5692316,174888,179828,1970488,7568.083,539.935,0,4391.468,0,421.949,7828,12327,1.630,1.430,1.370,2,0,0,0,0,18,316,0,45,0
12-05 16:37:24,10.765,2.253,82.117,4.006,0,5693020,174160,179840,1970548,28453.392,10088.321,0,1958.781,0,172.245,3337,4737,1.630,1.430,1.370,2,0,6.009,0,0,18,316,0,46,0
12-05 16:37:25,12.993,1.499,78.207,5.747,0,5692900,174160,179848,1970660,38727.908,14011.369,0,1539.162,0,129.929,3358,4348,1.630,1.430,1.370,3,0,0,0,0,18,315,0,47,0
12-05 16:37:26,14.029,3.006,68.141,13.528,0,5691240,175440,179868,1971020,4029.348,781.619,0,6838.168,0,557.154,5435,8016,1.630,1.430,1.370,2,0,1.002,0,0,18,316,0,46,0
12-05 16:37:27,19.982,4.496,63.442,10.490,0,5691840,174684,179932,1971112,7221.373,485.554,0,5235.196,0,398.634,7185,11366,1.630,1.430,1.370,4,0,0,0,0,18,314,0,46,2
12-05 16:37:28,6.739,1.747,78.376,11.482,0,5691584,174684,179956,1971344,13000.415,3251.851,0,5004.076,0,326.483,3020,5087,1.820,1.470,1.380,1,0,0,0,0,18,315,0,47,0
12-05 16:37:29,13.768,3.004,75.601,6.509,0,5691316,174684,179972,1971596,7361.867,3208.300,0,1750.346,0,187.251,4203,6203,1.820,1.470,1.380,1,0,0,0,0,18,315,0,50,0
12-05 16:37:30,9.259,1.501,82.832,5.255,0,5691244,174684,179984,1971656,12775.691,2753.736,0,2546.530,0,103.102,3046,4167,1.820,1.470,1.380,1,2,0,0,0,18,315,0,51,0
12-05 16:37:31,9.745,1.499,81.709,5.247,0,5691204,174684,179988,1971692,26209.788,9527.198,0,1235.377,0,110.944,2890,3908,1.820,1.470,1.380,2,1,0,0,0,18,315,0,52,0
12-05 16:37:32,10.253,2.001,82.272,4.751,0,5691160,174684,180000,1971724,31943.649,11800.195,0,1384.375,0,153.041,2961,4023,1.820,1.470,1.380,2,0,0,0,0,18,316,0,52,0
12-05 16:37:33,20.542,4.259,58.621,13.528,0,5690968,174684,180028,1971888,5600.524,487.002,0,6136.627,0,488.004,7778,12517,1.840,1.480,1.380,6,1,0,0,0,18,316,0,53,0
12-05 16:37:34,20.545,4.510,60.884,12.778,0,5690612,174684,180044,1972228,3630.986,541.190,0,4237.320,0,352.776,7084,11372,1.840,1.480,1.380,1,0,0,0,0,18,316,0,51,0
12-05 16:37:35,19.169,4.979,63.979,9.211,0,5690772,174432,180068,1972296,7583.863,483.949,0,2401.822,0,252.928,7061,10681,1.840,1.480,1.380,3,0,0,0,0,18,315,0,54,0
12-05 16:37:36,4.504,0.751,91.591,1.501,0,5690912,174184,180076,1972396,12507.402,3266.239,0,1285.274,0,94.093,1934,2944,1.840,1.480,1.380,2,0,1.001,0,0,18,316,0,54,0
12-05 16:37:37,10.475,2.245,82.303,4.240,0,5691008,173932,180080,1972548,11098.446,3201.341,0,2063.064,0,209.499,3793,5725,1.840,1.480,1.380,2,0,0,0,0,18,315,0,55,0
12-05 16:37:38,11.518,2.254,79.625,5.008,0,5691480,173428,180088,1972572,9344.702,3345.263,0,1890.975,0,214.337,3912,5806,1.690,1.460,1.380,2,0,0,0,0,18,315,0,56,0
12-05 16:37:39,10.547,1.507,86.637,0.251,0,5693388,171160,180088,1972932,9445.228,542.425,0,723.233,0,42.189,2295,2667,1.690,1.460,1.380,2,0,0,0,0,18,315,0,56,0
12-05 16:37:40,24.381,3.483,68.416,2.488,0,5700284,164104,180092,1973088,12110.907,2683.904,0,1130.484,0,89.563,4705,5781,1.690,1.460,1.380,1,1,0,0,0,18,315,0,57,0
12-05 16:37:41,11.778,2.506,75.681,8.771,0,5700032,164104,180124,1973308,26216.814,9749.359,0,4274.241,0,316.759,3696,5388,1.690,1.460,1.380,1,2,0,0,0,18,316,0,57,0
12-05 16:37:42,9.450,1.243,79.327,7.958,0,5700140,163880,180144,1973404,28906.980,11738.456,0,7742.746,0,548.080,3269,4290,1.690,1.460,1.380,3,0,0,0,0,18,316,0,57,0
12-05 16:37:43,15.791,1.755,76.949,4.512,0,5699892,163880,180156,1973640,50486.748,20867.040,0,1455.770,0,143.371,3774,4852,1.630,1.450,1.370,1,0,0,0,0,18,316,0,58,0
12-05 16:37:44,22.858,4.270,63.550,8.540,0,5700064,163628,180172,1973704,7298.405,729.439,0,2523.898,0,283.336,7638,11814,1.630,1.450,1.370,2,0,1.005,0,0,18,316,0,61,0
12-05 16:37:45,16.183,2.739,71.950,7.220,0,5700776,162620,180188,1973984,14120.132,3195.677,0,2609.122,0,251.950,5385,8050,1.630,1.450,1.370,2,0,1.992,0,0,18,315,0,62,0
12-05 16:37:46,10.507,2.251,81.304,4.253,0,5700548,162620,180188,1974212,8147.375,540.356,184.121,1224.808,13.009,76.050,3385,4685,1.630,1.450,1.370,2,0,1.001,0,0,18,319,0,61,0
12-05 16:37:47,22.342,3.766,65.772,8.033,0,5700820,161864,180200,1974684,25556.752,488.019,180.748,2711.219,11.046,210.873,6917,9960,1.630,1.450,1.370,1,0,1.004,0,0,18,320,0,83,0
12-05 16:37:48,24.006,4.001,68.017,2.251,0,5702368,160100,180204,1974896,6188.568,486.123,0,1368.347,0,124.031,7351,10481,1.580,1.440,1.370,0,1,2.001,0,0,18,321,0,102,0
12-05 16:37:49,20.401,3.234,64.685,9.952,0,5703184,158840,180224,1975320,17214.237,6402.844,0,4525.977,0,370.199,6089,8782,1.580,1.440,1.370,2,2,0,0,0,18,319,0,105,0
12-05 16:37:50,13.007,2.501,73.542,8.755,0,5703152,158840,180240,1975336,16480.367,5798.296,0,3081.752,0,216.123,4533,6586,1.580,1.440,1.370,2,0,0,0,0,18,319,0,103,0
12-05 16:37:51,21.202,3.742,62.609,11.225,0,5703460,158336,180256,1975516,11101.071,538.790,3.991,3579.961,0.998,312.299,7045,10841,1.580,1.440,1.370,2,0,0,0,0,18,319,0,104,0
12-05 16:37:52,7.256,1.751,84.564,4.754,0,5703204,158336,180280,1975748,11735.943,3218.453,0,2017.537,0,191.146,2892,4450,1.580,1.440,1.370,1,0,0,0,0,18,318,0,106,0
12-05 16:37:53,7.962,1.493,82.604,6.469,0,5703408,158084,180284,1975792,12609.620,3141.955,0,1930.755,0,169.190,3103,4335,1.460,1.420,1.360,1,0,0,0,0,18,318,0,106,0
12-05 16:37:54,7.748,1.500,84.976,4.249,0,5703384,158084,180292,1975808,10024.149,3156.102,0,1279.636,0,123.965,2646,3808,1.460,1.420,1.360,1,0,0,0,0,18,318,0,103,0
12-05 16:37:55,6.534,1.508,84.695,6.032,0,5703188,158084,180304,1975992,10229.755,2998.758,0,1158.085,0,110.581,2597,3680,1.460,1.420,1.360,2,0,0,0,0,18,319,0,104,0
12-05 16:37:56,7.760,2.503,81.606,7.760,0,5703864,157328,180324,1976052,7062.189,660.860,0,4193.456,0,267.348,3258,4734,1.460,1.420,1.360,3,1,1.001,0,0,18,318,0,106,0
12-05 16:37:57,17.718,1.248,74.615,4.991,0,5704796,156096,180332,1976344,7941.681,2692.146,0,4296.254,0,247.554,3839,4990,1.460,1.420,1.360,1,1,0,0,0,18,318,0,107,0
12-05 16:37:58,6.251,1.750,83.512,7.251,0,5704796,156096,180332,1976344,8531.175,2697.372,0,4672.644,0,363.050,2693,3703,1.420,1.410,1.360,2,0,0,0,0,18,318,0,104,0
12-05 16:37:59,6.496,1.499,88.199,2.499,0,5705232,155592,180336,1976408,13716.093,2695.446,0,1075.380,0,105.939,2421,3476,1.420,1.410,1.360,1,0,0.999,0,0,18,318,0,105,0
12-05 16:38:00,8.509,2.503,85.836,2.002,0,5714276,146520,180340,1976432,11799.829,2831.839,0,1045.048,0,95.095,2748,4022,1.420,1.410,1.360,1,1,3.003,0,0,18,318,0,106,0
12-05 16:38:01,11.248,2.000,79.239,5.999,0,5715096,145512,180348,1976612,27077.264,9596.676,0,2847.607,0,150.979,3425,4803,1.420,1.410,1.360,3,1,2.000,0,0,18,319,0,109,0
12-05 16:38:02,23.075,4.264,62.452,8.528,0,5715236,145260,180372,1976700,5345.311,487.579,0,3214.410,0,320.036,7540,11758,1.420,1.410,1.360,1,0,0,0,0,18,319,0,111,0
12-05 16:38:03,13.183,3.482,75.613,5.472,0,5715392,144756,180376,1977044,13955.625,3203.615,0,3052.389,0,292.504,4754,7081,1.390,1.400,1.360,1,0,0,0,0,18,318,0,107,0
12-05 16:38:04,8.006,1.501,84.313,4.754,0,5715856,144252,180380,1977080,9672.217,3163.360,0,1709.275,0,165.123,2941,4407,1.390,1.400,1.360,1,0,0,0,0,18,318,0,107,0
12-05 16:38:05,7.262,1.753,88.900,1.753,0,5715768,144252,180388,1977160,7930.349,2743.618,0,1173.976,0,105.177,2452,3456,1.390,1.400,1.360,1,0,0,0,0,18,318,0,108,0
12-05 16:38:06,5.767,1.003,88.757,2.006,0,5715756,144252,180392,1977168,10541.500,2530.321,0,1047.029,0,83.241,2057,2964,1.390,1.400,1.360,1,0,1.003,0,0,18,319,0,108,0
12-05 16:38:07,9.737,1.748,80.891,7.240,0,5715544,144252,180408,1977364,26504.336,9692.957,0,5380.760,0,327.559,3226,4642,1.390,1.400,1.360,2,1,0,0,0,18,319,0,105,0
12-05 16:38:08,22.436,3.241,61.574,10.969,0,5607556,252160,180420,1977432,3820.060,484.612,0,3486.017,0,338.032,6382,9654,1.520,1.430,1.370,4,0,0,0,0,18,318,0,105,0
12-05 16:38:09,8.262,2.253,86.371,1.502,0,5553924,305596,180420,1977628,14512.391,266188.023,108.152,676.951,4.006,34.048,1857,1860,1.520,1.430,1.370,1,0,14.020,0,0,18,318,0,105,0
12-05 16:38:10,1.999,1.250,92.472,3.999,0,5553920,305596,180420,1977632,6138.137,0,0,2135.352,0,137.958,1570,2494,1.520,1.430,1.370,1,0,0,0,0,18,318,0,105,0
12-05 16:38:11,10.478,2.245,83.577,1.497,0,5573792,285688,180432,1977656,281417.205,6995.513,27.942,586.785,3.992,48.899,2559,2789,1.520,1.430,1.370,1,0,7.983,0,0,18,318,0,101,0
12-05 16:38:12,6.999,3.250,86.987,1.750,0,5578184,280900,180448,1978036,148769.520,7952.852,371.946,403.942,12.998,22.997,2468,2504,1.520,1.430,1.370,1,0,25.996,0,0,18,318,0,101,0
12-05 16:38:13,7.005,2.502,86.817,3.253,0,5577348,281736,180448,1978036,200334.990,6304.846,0,3999.074,0,448.345,2273,2279,1.390,1.410,1.360,1,0,13.010,0,0,18,318,0,101,0
12-05 16:38:14,17.788,5.261,72.406,3.508,0,5560400,289728,180448,1986976,97912.167,1779.839,160.346,164.354,5.011,12.026,2622,2306,1.390,1.410,1.360,2,0,21.045,0,0,18,318,0,101,0
