"pcp-dstat 6.2.0 CSV Output"
"Author:","PCP team <pcp@groups.io> and Dag Wieers <dag@wieers.com>",,,,"URL:","https://pcp.io/ and http://dag.wieers.com/home-made/dstat/"
"Host:","ubuntu",,,,"User:","ubuntu"
"Cmdline:","dstat -tcmndrylpg --tcp --output /tmp/devstack_logs/dstat-csv.log",,,,"Date:","09 Mar 2026 06:25:51 UTC"
"system","total usage",,,,,"memory usage",,,,"net/total",,"dsk/total",,"io/total",,"system",,"load avg",,,"procs",,,"paging",,"tcp sockets",,,,
"time","total usage:usr","total usage:sys","total usage:idl","total usage:wai","total usage:stl","used","free","buf","cach","net/total:recv","net/total:send","dsk/total:read","dsk/total:writ","read","writ","int","csw","1m","5m","15m","run","blk","new","in","out","lis","act","syn","tim","clo"
09-03 06:25:51,,985868,1518872,159016,5155448,,,,,,,1.290,1.110,0.670,4,0,,,,10,5,0,17,0
09-03 06:25:52,14.997,20.497,59.740,3.499,0,967308,1536716,159124,5155896,45815.209,13533.699,0,2735.535,0,107.982,6521,5659,1.290,1.110,0.670,3,0,522.911,0,0,10,6,0,17,0
09-03 06:25:53,27.481,17.988,51.215,1.749,0,1006636,1496976,159132,5156248,18125.491,9138.693,0,1846.725,0,53.963,6395,6903,1.290,1.110,0.670,1,0,416.712,0,0,10,6,0,17,0
09-03 06:25:54,26.957,12.979,56.660,2.246,0,1126064,1376636,159232,5281616,41183.712,11980.008,0,1685.328,0,51.918,6519,8693,1.290,1.110,0.670,1,0,187.702,0,0,11,5,0,17,1
09-03 06:25:55,21.797,8.519,63.889,5.261,0,1139844,1352656,159316,5291396,144469.570,11455.944,0,1575.430,0,48.105,3307,2481,1.290,1.110,0.670,2,0,106.231,0,0,11,6,0,17,2
09-03 06:25:56,33.893,10.218,45.855,9.221,0,1175360,1297404,160184,5308112,47011.652,1555.093,191.396,2332.639,7.975,100.682,4354,3408,1.350,1.120,0.670,2,0,180.431,0,0,11,6,0,19,2
09-03 06:25:57,38.521,4.502,48.526,7.504,0,1238052,1215404,160848,5324252,7519.059,540.292,368.199,3405.839,13.007,39.021,2805,1713,1.350,1.120,0.670,5,0,1.001,0,0,11,6,0,19,2
09-03 06:25:58,38.994,4.999,44.243,10.748,0,1286812,1158800,161116,5330768,9391.550,539.917,15.998,5383.169,1.000,139.978,5355,21106,1.350,1.120,0.670,0,2,36.994,0,0,11,8,0,19,2
09-03 06:25:59,13.998,3.999,45.993,33.745,0,1310984,1116800,161704,5346700,9731.512,581.911,0,8462.706,0,484.926,4497,6991,1.350,1.120,0.670,0,1,8.999,0,0,11,8,0,19,2
09-03 06:26:00,13.778,3.257,45.091,35.071,0,1308688,1109588,162296,5354468,5830.752,541.091,0,9639.429,0,493.996,4597,7257,1.350,1.120,0.670,1,1,0,0,0,11,8,0,19,2
09-03 06:26:01,16.507,3.251,43.767,33.763,0,1298088,1107920,162860,5364892,4758.896,540.215,0,9707.868,0,552.220,4652,7403,1.560,1.170,0.690,1,2,0,0,0,11,8,0,19,2
09-03 06:26:02,13.726,2.995,39.431,41.678,0,1299152,1089620,163628,5380052,4062.937,580.990,0,11523.966,0,716.754,4644,7312,1.560,1.170,0.690,1,1,14.974,0,0,11,8,0,19,2
09-03 06:26:03,13.271,3.756,36.308,44.071,0,1295516,1086512,164156,5385428,8590.834,540.871,0,13261.354,0,814.311,4682,7476,1.560,1.170,0.690,0,5,3.005,0,0,11,8,0,19,2
09-03 06:26:04,11.973,2.993,35.171,47.643,0,1293656,1082616,164632,5389840,7727.632,484.910,0,11286.633,0,809.181,4387,6927,1.560,1.170,0.690,3,2,5.987,0,0,11,8,0,19,2
09-03 06:26:05,17.300,3.259,46.635,30.338,0,1231104,1161048,164796,5374100,14394.753,3342.696,0,7313.213,0,649.885,4799,7283,1.560,1.170,0.690,1,1,14.041,0,0,11,6,0,19,0
09-03 06:26:06,20.438,3.988,46.858,26.669,0,1284956,1106428,164888,5374772,15219.839,2641.987,0,8035.629,0,557.310,4883,7463,1.680,1.200,0.700,1,2,38.882,0,0,11,7,0,19,0
09-03 06:26:07,20.006,3.251,38.262,36.261,0,1276016,1108332,164988,5380992,7544.304,780.238,0,10235.126,0,736.225,4265,6056,1.680,1.200,0.700,1,1,6.002,0,0,11,6,0,19,0
09-03 06:26:08,19.284,4.257,41.573,33.308,0,1266268,1114024,165172,5384516,15517.109,3553.208,0,10634.579,0,830.451,5319,8456,1.680,1.200,0.700,1,1,18.032,0,0,11,7,0,19,0
09-03 06:26:09,17.970,5.740,33.943,38.934,0,1237612,1138020,165620,5387732,7004.165,712.796,0,14184.033,0,839.581,12037,22529,1.680,1.200,0.700,2,2,15.973,0,0,11,6,0,19,0
09-03 06:26:10,13.749,3.250,28.498,53.247,0,1235476,1139756,165696,5387984,8471.553,581.969,0,14859.216,0,482.975,2675,3155,1.680,1.200,0.700,1,5,7.000,0,0,11,6,0,19,0
09-03 06:26:11,21.235,7.994,36.723,32.227,0,1235852,1139000,165832,5388412,5978.678,539.610,0,14385.600,0,747.460,14160,26034,2.100,1.300,0.740,1,3,24.982,0,0,11,6,0,19,0
09-03 06:26:12,27.470,5.494,45.450,19.229,0,1110396,1276924,166004,5377288,4370.218,485.469,0,4994.535,0,374.590,5027,6990,2.100,1.300,0.740,2,0,24.973,0,0,11,4,0,19,0
09-03 06:26:13,31.345,7.774,56.672,3.761,0,1186896,1200368,166056,5377296,7409.541,541.648,0,3482.595,0,183.558,3345,3088,2.100,1.300,0.740,2,0,139.424,0,0,11,4,0,19,0
09-03 06:26:14,23.280,2.253,72.843,1.252,0,1184860,1202396,166056,5377304,5619.206,540.693,0,789.012,0,32.041,1856,1362,2.100,1.300,0.740,1,0,10.013,0,0,11,4,0,19,0
09-03 06:26:15,22.726,3.496,55.690,16.482,0,1231148,1156028,166136,5377304,7450.005,539.421,0,6916.577,0,400.570,2750,3159,2.100,1.300,0.740,1,0,0,0,0,11,4,0,13,0
09-03 06:26:16,21.002,6.751,71.256,0.750,0,1208288,1178864,166140,5377324,5185.427,540.044,0,12197.004,0,129.011,2850,2403,2.010,1.290,0.740,1,4,85.007,0,0,11,4,0,13,0
09-03 06:26:17,9.502,19.003,68.261,1.500,0,1147044,1240076,166140,5377364,3207.508,540.086,0,22035.490,0,274.043,6144,5254,2.010,1.290,0.740,1,0,386.061,0,0,11,4,0,13,0
09-03 06:26:18,12.715,17.701,68.310,0,0,1150928,1236152,166140,5377380,6615.588,538.501,0,5716.091,0,110.692,6059,5736,2.010,1.290,0.740,1,0,309.140,0,0,11,4,0,13,0
09-03 06:26:19,29.525,12.260,53.795,3.503,0,1144940,1234612,166144,5385328,5127.305,540.454,7454.259,0,75.063,0,5211,5795,2.010,1.290,0.740,3,0,194.163,0,0,11,5,0,13,0
09-03 06:26:20,47.024,4.002,48.524,0.250,0,1204688,1174296,166188,5385856,6201.113,486.244,20.010,2697.354,4.002,46.023,2848,1331,2.010,1.290,0.740,2,0,0,0,0,11,5,0,13,0
09-03 06:26:21,43.349,8.269,46.606,1.002,0,1246364,1130468,166248,5387920,8992.516,541.235,497.134,1888.308,10.023,51.117,3115,2635,2.010,1.300,0.750,2,1,0,0,0,11,5,0,13,0
09-03 06:26:22,13.461,7.479,73.290,4.487,0,1259064,1116608,166328,5388976,6424.561,538.455,0,2967.483,0,129.628,3682,3639,2.010,1.300,0.750,0,0,117.662,0,0,11,4,0,14,0
09-03 06:26:23,18.003,4.001,75.261,1.750,0,1327476,1048196,166340,5388980,7493.069,540.077,0,1264.180,0,65.009,1963,1591,2.010,1.300,0.750,1,0,22.003,0,0,11,4,0,13,0
09-03 06:26:24,23.748,1.750,73.243,0,0,1359480,1016192,166340,5388980,6572.327,539.945,0,0,0,0,1738,1172,2.010,1.300,0.750,2,0,0,0,0,11,4,0,13,0
09-03 06:26:25,19.996,2.250,69.736,6.499,0,1368840,1006544,166392,5389216,4444.084,539.889,0,1543.682,0,192.960,3636,5038,2.010,1.300,0.750,1,0,1.000,0,0,11,4,0,15,0
09-03 06:26:26,21.025,4.505,67.330,6.508,0,1362824,1011844,166712,5389568,8620.218,540.641,612.726,3083.655,18.021,153.182,2476,2220,2.010,1.320,0.750,1,0,42.050,0,0,11,4,0,15,0
09-03 06:26:27,18.485,2.498,74.939,2.498,0,1378624,995812,166720,5389764,10228.639,4628.217,3.997,1382.870,0.999,28.976,2689,2910,2.010,1.320,0.750,1,0,1.998,0,0,11,17,0,14,0
09-03 06:26:28,17.294,5.514,63.162,13.535,0,1359116,1014812,166780,5390136,16534.371,4899.556,268.689,15295.196,66.170,389.999,3471,3791,2.010,1.320,0.750,1,0,45.116,0,0,11,28,0,15,0
09-03 06:26:29,18.948,3.989,75.544,0,0,1426192,947732,166780,5390140,9099.191,2499.186,0,21349.791,0,220.399,2460,2117,2.010,1.320,0.750,0,0,0,0,0,11,29,0,15,0
09-03 06:26:30,19.502,10.001,69.757,0,0,1429196,944696,166780,5390164,13629.411,5493.569,0,20034.073,0,163.017,3846,3348,2.010,1.320,0.750,2,0,156.016,0,0,11,28,0,16,0
09-03 06:26:31,36.003,5.500,57.754,0,0,1527972,845908,166780,5390176,13265.965,6529.475,0,0,0,0,2913,1934,2.010,1.330,0.760,0,0,0,0,0,11,30,0,16,0
09-03 06:26:32,36.344,4.010,57.398,1.504,0,1432588,941084,166784,5390380,19298.739,13332.362,0,1086.801,0,18.047,6041,8029,2.010,1.330,0.760,4,0,8.021,0,0,11,28,0,17,0
09-03 06:26:33,68.537,24.513,6.754,0,0,1556688,816940,166784,5390424,3325.805,606.329,0,212.115,0,23.012,5795,4908,2.010,1.330,0.760,6,0,570.310,0,0,11,28,0,17,0
09-03 06:26:34,87.500,8.750,3.750,0,0,1749896,623708,166784,5390452,29662.841,22361.880,0,203.999,0,12.000,6471,5590,2.010,1.330,0.760,3,0,0,0,0,11,34,0,17,0
09-03 06:26:35,61.320,10.719,24.927,1.496,0,1649288,724024,166820,5390704,30256.158,24233.841,0,913.318,0,67.801,10333,14173,2.010,1.330,0.760,1,0,249.268,0,0,11,28,0,23,0
09-03 06:26:36,20.251,7.750,71.753,0.250,0,1560280,813024,166820,5390708,7381.356,552.027,0,20016.965,0,195.009,3131,2636,2.010,1.340,0.770,2,0,60.003,0,0,11,28,0,23,0
09-03 06:26:37,15.248,2.500,72.242,7.999,0,1548032,825248,166820,5390724,13265.557,6665.275,0,15718.290,0,115.987,2803,3271,2.010,1.340,0.770,0,1,1.000,0,0,11,29,0,23,0
09-03 06:26:38,18.508,5.753,72.282,2.251,0,1516140,857124,166828,5390732,9251.107,1420.631,0,2369.052,0,146.065,2773,2235,2.010,1.340,0.770,1,0,68.030,0,0,11,28,0,24,0
09-03 06:26:39,17.490,1.749,79.954,0,0,1502412,870844,166828,5390740,10462.978,6384.325,0,51.970,0,5.997,2305,2327,2.010,1.340,0.770,0,0,0,0,0,11,29,0,23,0
09-03 06:26:40,11.028,15.289,71.935,1.003,0,1421896,951332,166840,5390756,6500.688,1793.604,0,176.453,0,19.049,5277,4833,2.010,1.340,0.770,1,0,400.027,0,0,11,28,0,24,0
09-03 06:26:41,55.025,26.012,18.258,0.500,0,1514292,858892,166844,5390796,3567.628,634.290,0,304.139,0,20.009,5999,4908,1.930,1.330,0.770,5,0,639.292,0,0,11,28,0,24,0
09-03 06:26:42,78.906,7.990,11.237,1.249,0,1689320,683828,166844,5390832,31573.188,23212.201,0,3020.383,0,312.626,5508,4997,1.930,1.330,0.770,6,1,0,0,0,11,33,0,24,0
09-03 06:26:43,73.091,11.264,13.767,1.001,0,1510240,862800,166856,5391048,35011.353,27005.439,0,3820.731,0,180.223,8996,15308,1.930,1.330,0.770,5,0,162.201,0,0,11,28,0,21,0
09-03 06:26:44,83.818,15.716,0.249,0,0,1660160,712740,166856,5391144,12295.258,2688.153,0,347.245,0,15.965,5188,3256,1.930,1.330,0.770,4,0,153.666,0,0,11,29,1,21,0
09-03 06:26:45,81.333,8.509,9.259,0,0,1743916,628624,166856,5391488,46641.443,42372.100,0,224.228,0,12.012,8235,12448,1.930,1.330,0.770,4,0,0,0,0,11,34,0,21,0
09-03 06:26:46,58.801,13.953,26.161,0.498,0,1516916,855432,166864,5391688,30373.105,19372.372,0,1024.529,0,70.760,7624,11737,1.930,1.340,0.780,2,0,296.994,0,0,11,28,0,26,0
09-03 06:26:47,38.308,4.006,57.086,0,0,1509220,863116,166864,5391700,16196.370,8862.335,0,144.217,0,10.015,3275,2554,1.930,1.340,0.780,2,0,1.002,0,0,11,30,0,23,0
09-03 06:26:48,44.388,16.301,38.369,0.251,0,1489764,882520,166868,5391748,15120.854,10622.916,0,292.908,0,28.087,6535,7932,1.930,1.340,0.780,3,0,379.175,0,0,11,28,0,25,0
09-03 06:26:49,54.933,5.743,38.952,0.250,0,1541452,830796,166868,5391784,19698.920,12255.019,0,239.707,0,9.988,4082,2839,1.930,1.340,0.780,3,0,0,0,0,11,31,0,25,0
09-03 06:26:50,49.449,12.487,36.462,0,0,1476148,895912,166880,5391960,23851.160,16936.361,0,443.538,0,43.954,7959,10910,1.930,1.340,0.780,4,0,257.732,0,0,11,28,0,26,0
09-03 06:26:51,78.393,10.269,11.771,0,0,1605252,766768,166884,5391996,11495.913,8805.018,0,216.394,0,9.016,4631,2015,2.100,1.390,0.790,1,0,0,0,0,11,32,0,26,0
09-03 06:26:52,63.025,6.002,29.262,0.250,0,1588436,783356,166908,5392200,41974.538,32527.816,0,344.136,0,32.013,10368,14943,2.100,1.390,0.790,5,0,29.011,0,0,11,28,0,29,0
09-03 06:26:53,64.212,15.741,19.488,0.250,0,1557728,814008,166924,5392240,8515.898,539.677,0,319.808,0,24.985,4384,3039,2.100,1.390,0.790,3,0,294.823,0,0,11,28,0,29,0
09-03 06:26:54,43.970,4.747,50.466,0.250,0,1572664,799012,166924,5392300,33323.365,26180.217,0,251.829,0,18.987,6861,8999,2.100,1.390,0.790,2,0,0,0,0,11,30,0,30,0
09-03 06:26:55,60.578,15.770,22.779,0.250,0,1498532,872976,166932,5392460,11126.334,3857.970,0,304.392,0,31.040,5518,5000,2.100,1.390,0.790,4,0,299.386,0,0,11,28,0,31,0
09-03 06:26:56,48.599,4.735,46.605,0,0,1537152,834192,166932,5392624,22953.480,19464.351,0,215.329,0,6.978,5108,5469,2.170,1.420,0.810,2,0,0,0,0,11,31,0,31,0
09-03 06:26:57,57.773,14.256,26.260,0.500,0,1512996,858292,166936,5392672,18185.270,9451.779,0,1184.474,0,30.012,6117,7012,2.170,1.420,0.810,3,0,288.115,0,0,11,28,0,34,0
09-03 06:26:58,53.036,6.004,40.027,0,0,1594720,776480,166936,5393548,20423.917,15373.476,0,576.393,0,12.008,4763,5764,2.170,1.420,0.810,8,0,34.023,0,0,11,31,0,34,0
09-03 06:26:59,57.360,11.773,29.056,1.503,0,1494888,876104,166948,5392948,15871.416,11379.809,0,3101.945,0,132.253,7505,16747,2.170,1.420,0.810,5,0,114.219,0,0,11,28,0,37,0
09-03 06:27:00,54.756,6.501,38.754,0,0,1552656,818192,166948,5393092,20464.164,13526.431,0,236.025,0,16.002,4033,2833,2.170,1.420,0.810,2,0,0,0,0,11,31,0,34,0
09-03 06:27:01,55.001,18.750,25.001,0.250,0,1492540,878236,166948,5393160,20139.505,13226.332,0,480.012,0,50.001,8170,10544,2.080,1.410,0.810,7,0,454.011,0,0,11,28,0,36,0
09-03 06:27:02,83.305,17.210,0,0,0,1683192,687532,166948,5393212,11000.189,4461.532,0,287.326,0,16.960,5639,4795,2.080,1.410,0.810,7,0,434.979,0,0,11,30,0,36,0
09-03 06:27:03,74.586,17.270,5.256,1.752,0,1768616,601820,166948,5393480,52244.971,43691.152,0,877.007,0,38.044,8795,11332,2.080,1.410,0.810,8,0,465.534,0,0,11,32,1,36,0
09-03 06:27:04,79.842,19.523,1.001,0,0,1630468,739896,166968,5393532,26410.483,17093.730,0,1545.784,0,104.120,7481,8740,2.080,1.410,0.810,5,0,469.542,0,0,11,28,0,37,0
09-03 06:27:05,80.752,11.750,7.250,0,0,1712476,657712,166968,5393704,21400.604,12949.366,0,120.003,0,8.000,5080,3193,2.080,1.410,0.810,4,0,30.001,0,0,11,32,0,37,0
09-03 06:27:06,68.998,8.500,21.250,0,0,1576440,793520,166968,5393928,49584.864,40053.083,0,119.997,0,10.000,10087,15953,2.150,1.430,0.820,4,0,132.997,0,0,11,30,0,40,0
09-03 06:27:07,26.500,31.500,41.000,0.500,0,1548344,821556,166972,5393980,12339.071,5021.029,0,364.002,0,27.000,8025,8522,2.150,1.430,0.820,5,0,1046.006,0,0,11,28,0,42,0
09-03 06:27:08,72.498,19.499,8.000,0,0,1604344,765488,166976,5394036,15383.503,6349.795,0,167.995,0,9.000,5002,3878,2.150,1.430,0.820,3,0,423.986,0,0,11,30,0,42,0
09-03 06:27:09,60.898,8.236,30.199,0,0,1548092,821684,166976,5394092,31848.662,24268.357,0,279.532,0,29.950,6736,9687,2.150,1.430,0.820,7,0,69.883,0,0,11,30,0,44,0
09-03 06:27:10,76.880,15.526,7.513,0.250,0,1581716,787864,166992,5394272,12684.384,5762.715,0,448.757,0,40.068,5492,4602,2.150,1.430,0.820,3,0,198.334,0,0,11,29,0,46,0
09-03 06:27:11,64.138,6.738,28.949,0.250,0,1625868,743620,167000,5394352,36756.836,32454.346,0,183.679,0,7.986,6836,10888,2.300,1.480,0.840,2,0,0,0,0,11,32,0,46,0
09-03 06:27:12,55.797,7.006,33.528,2.002,0,1606616,762584,167008,5394624,47070.978,37836.135,0,2854.424,0,145.123,14534,22272,2.300,1.480,0.840,5,0,34.029,0,0,11,29,0,46,0
09-03 06:27:13,80.061,13.010,6.505,0.250,0,1570816,798224,167024,5394764,14120.780,6480.948,0,252.193,0,23.018,5461,4136,2.300,1.480,0.840,5,0,88.067,0,0,11,29,0,46,0
09-03 06:27:14,57.778,6.475,34.617,0,0.249,1608032,760928,167024,5394856,43106.601,33976.633,0,422.379,0,56.782,8822,12966,2.300,1.480,0.840,5,0,0,0,0,11,32,0,46,0
09-03 06:27:15,58.123,7.766,34.323,0,0,1533456,835104,167028,5395204,46327.026,36639.528,0,188.399,0,12.025,11906,18652,2.300,1.480,0.840,5,0,81.172,0,0,11,29,0,49,0
09-03 06:27:16,78.393,14.527,6.512,0,0,1562908,805612,167028,5395240,13133.012,7299.346,0,168.308,0,10.018,5591,4141,2.360,1.500,0.850,5,0,181.332,0,0,11,29,0,50,0
09-03 06:27:17,62.973,5.997,30.487,0,0,1603192,765092,167028,5395468,41760.221,34790.188,0,119.949,0,5.997,8439,13266,2.360,1.500,0.850,3,0,1.000,0,0,11,31,0,51,0
09-03 06:27:18,74.281,12.755,12.255,0.500,0,1570716,797496,167052,5395516,21136.908,14491.107,0,336.142,0,33.014,7532,9301,2.360,1.500,0.850,4,0,128.054,0,0,11,28,0,52,0
09-03 06:27:19,68.463,8.995,22.238,0,0,1599964,768204,167056,5395552,20575.873,16728.953,0,243.868,0,23.987,5020,4135,2.360,1.500,0.850,2,0,16.991,0,0,11,31,0,53,0
09-03 06:27:20,67.781,11.005,19.009,1.751,0,1672800,695104,167076,5395792,25438.647,20664.461,0,1848.846,0,110.050,7683,11669,2.360,1.500,0.850,6,0,103.047,0,0,11,30,0,54,0
09-03 06:27:21,61.981,11.496,25.492,0.250,0,1586472,781240,167080,5395976,36667.642,29734.789,0,139.957,0,8.997,6587,10041,2.410,1.530,0.860,3,0,140.956,0,0,11,30,0,56,0
09-03 06:27:22,73.777,12.755,13.505,0,0,1582372,785268,167084,5396040,18497.735,12400.515,0,124.045,0,10.004,5516,4935,2.410,1.530,0.860,4,0,86.031,0,0,11,30,0,58,0
09-03 06:27:23,69.106,9.231,20.457,0,0,1585188,782392,167084,5396096,27936.747,20713.808,0,0,0,0,5804,7024,2.410,1.530,0.860,4,0,67.859,0,0,11,30,0,60,0
09-03 06:27:24,64.685,10.989,22.977,0.499,0,1605440,761956,167092,5396272,24791.922,18376.412,0,379.616,0,32.967,6992,8349,2.410,1.530,0.860,2,0,137.861,0,0,11,30,0,61,0
09-03 06:27:25,52.162,10.783,37.115,0,0,1522304,845060,167104,5396296,19374.184,11054.339,0,413.284,0,34.106,5524,5212,2.410,1.530,0.860,3,0,120.374,0,0,11,29,0,63,0
09-03 06:27:26,51.853,8.975,38.391,0,0,1532664,834636,167108,5396352,20179.682,12301.061,0,235.332,0,16.952,4833,4912,2.460,1.550,0.870,3,0,95.728,0,0,11,30,0,64,0
09-03 06:27:27,53.299,9.258,37.034,0.751,0,1561676,805548,167108,5396420,22610.748,17578.130,0,348.320,0,24.022,6710,8133,2.460,1.550,0.870,2,0,45.041,0,0,11,31,0,66,0
09-03 06:27:28,55.353,8.265,35.816,0,0,1533376,833580,167108,5396680,20991.924,11983.220,0,1799.336,0,21.039,4425,4561,2.460,1.550,0.870,3,0,50.093,0,0,11,33,0,64,0
09-03 06:27:29,31.398,5.233,60.055,1.246,0,1534244,832648,167112,5396736,23610.254,17674.548,0,358.834,0,24.919,6059,8037,2.460,1.550,0.870,1,0,79.741,0,0,11,33,0,65,0
09-03 06:27:30,37.280,10.759,50.791,1.001,0,1507696,859176,167128,5396740,7103.772,1823.482,0,1204.979,0,23.019,4261,3476,2.460,1.550,0.870,2,1,135.110,0,0,11,32,0,66,0
09-03 06:27:31,33.715,3.746,58.688,2.747,0,1516212,850632,167132,5396764,21785.138,14548.732,0,2593.278,0,147.845,3959,4049,2.420,1.560,0.880,1,0,0,0,0,11,33,0,67,0
09-03 06:27:32,37.253,10.751,51.004,0.500,0,1431572,935148,167132,5396888,15064.276,4167.353,0,188.016,0,14.001,4578,4732,2.420,1.560,0.880,2,0,138.012,0,0,11,32,0,68,0
09-03 06:27:33,32.606,4.766,60.949,0.251,0,1428836,937720,167144,5397036,21681.672,11902.798,0,240.785,0,21.069,3440,3183,2.420,1.560,0.880,2,0,36.118,0,0,11,33,0,67,0
09-03 06:27:34,38.636,7.229,53.840,0.249,0,1470588,895804,167152,5397188,11680.386,6809.820,0,462.629,0,32.902,4253,4619,2.420,1.560,0.880,2,0,28.914,0,0,11,33,0,68,0
09-03 06:27:35,33.736,3.998,59.975,0.750,0,1519964,846396,167152,5397220,20005.819,15368.716,0,179.926,0,9.996,4564,5121,2.420,1.560,0.880,2,0,0,0,0,11,34,0,68,0
09-03 06:27:36,38.611,6.017,55.159,0.251,0,1484240,882084,167160,5397248,13798.669,6990.095,0,280.807,0,26.075,4563,4664,2.390,1.570,0.880,2,0,48.138,0,0,11,32,0,70,0
09-03 06:27:37,34.908,4.987,59.094,0,0,1535076,831232,167160,5397264,17558.717,10386.622,0,179.527,0,10.971,3383,3172,2.390,1.570,0.880,1,0,0.997,0,0,11,34,0,64,0
09-03 06:27:38,28.337,11.285,58.429,0.752,0,1520664,845412,167168,5397480,20526.793,13000.771,0,401.227,0,34.104,6768,8196,2.390,1.570,0.880,2,0,277.850,0,0,11,32,0,66,0
09-03 06:27:39,21.684,3.739,74.025,0,0,1507608,858456,167168,5397492,12467.166,1149.512,0,319.032,0,10.967,1828,1264,2.390,1.570,0.880,1,0,4.985,0,0,11,33,0,66,0
09-03 06:27:40,14.767,1.752,82.347,0.501,0,1490124,875916,167172,5397512,19516.940,9720.425,0,172.202,0,10.012,3015,3588,2.390,1.570,0.880,2,0,0,0,0,11,33,0,66,0
09-03 06:27:41,14.770,13.017,69.092,2.253,0,1472736,893268,167184,5397536,10515.048,1497.000,0,700.936,0,57.076,4434,3896,2.350,1.580,0.890,1,0,284.380,0,0,11,32,0,65,0
09-03 06:27:42,19.437,1.744,77.999,0.249,0,1475740,890252,167188,5397544,13597.176,5619.887,0,151.512,0,7.974,1757,1484,2.350,1.580,0.890,1,0,0,0,0,11,33,0,65,0
09-03 06:27:43,18.501,5.500,75.002,0,0,1419580,946376,167192,5397560,13652.386,6220.176,0,112.003,0,7.000,3791,4130,2.350,1.580,0.890,1,0,52.001,0,0,11,32,0,66,0
09-03 06:27:44,18.510,2.501,77.790,0.250,0,1454996,910936,167208,5397568,12741.631,5616.923,0,380.198,0,60.031,2055,1879,2.350,1.580,0.890,2,0,0,0,0,11,33,0,66,0
09-03 06:27:45,17.728,2.497,78.903,0,0,1444064,921848,167208,5397596,18354.436,9061.860,0,79.902,0,6.991,4076,5108,2.350,1.580,0.890,1,0,0,0,0,11,33,0,65,0
09-03 06:27:46,11.544,18.069,68.761,0.251,0,1401804,963940,167224,5397744,9069.449,1008.832,0,409.556,0,49.187,5928,5214,2.250,1.570,0.890,2,0,427.624,0,0,11,32,0,65,0
09-03 06:27:47,38.515,11.004,49.269,0.250,0,1481888,883696,167288,5397836,6250.410,540.208,36.014,404.156,1.000,26.010,4187,3186,2.250,1.570,0.890,2,0,201.078,0,0,11,32,0,67,0
09-03 06:27:48,36.010,4.251,47.763,11.003,0,1541404,820528,167648,5400612,7416.027,540.148,436.119,4109.123,17.005,228.062,4226,4879,2.250,1.570,0.890,3,1,17.005,0,0,11,36,0,67,0
09-03 06:27:49,26.947,4.990,43.663,21.956,0,1505620,854816,167928,5401736,8545.035,485.037,0,5061.950,0,551.904,5334,8297,2.250,1.570,0.890,2,1,21.956,0,0,11,36,0,60,0
09-03 06:27:50,25.920,5.234,38.381,27.664,0,1516152,843408,168092,5402424,5965.534,538.334,0,8637.263,0,643.010,5834,8951,2.250,1.570,0.890,3,0,23.926,0,0,11,36,0,60,0
09-03 06:27:51,25.514,5.753,33.768,32.768,0,1525128,833564,168240,5403040,5400.931,540.293,0,14804.034,0,995.540,6057,9671,2.310,1.590,0.900,5,0,11.006,0,0,11,36,0,60,0
09-03 06:27:52,27.878,5.023,44.203,21.097,0.251,1527780,829368,168456,5404312,7907.340,542.493,0,6771.118,0,674.098,6155,9385,2.310,1.590,0.900,2,1,28.129,0,0,11,36,0,60,0
09-03 06:27:53,27.151,5.480,38.111,28.396,0,1540312,816132,168604,5404848,7458.703,538.031,0,9505.213,0,736.305,5534,8444,2.310,1.590,0.900,2,1,19.927,0,0,11,36,0,56,0
09-03 06:27:54,28.091,5.016,39.879,24.830,0,1521252,834276,168744,5405608,8417.167,541.749,0,7608.557,0,676.182,5518,8648,2.310,1.590,0.900,1,1,19.062,0,0,11,36,0,56,0
09-03 06:27:55,26.485,5.997,33.481,31.732,0,1574968,780312,168836,5405748,7961.596,539.701,0,15515.418,0,1054.417,6386,10325,2.310,1.590,0.900,2,1,10.994,0,0,11,36,0,56,0
09-03 06:27:56,27.458,4.493,43.183,22.715,0,1549544,804984,168920,5406400,8860.319,539.167,0,7132.986,0,657.984,5881,9202,2.440,1.630,0.920,1,1,15.975,0,0,11,36,0,56,0
09-03 06:27:57,25.199,5.239,36.427,31.187,0,1595348,758944,169008,5406532,5847.203,485.021,0,8586.676,0,638.711,5258,7949,2.440,1.630,0.920,2,0,11.976,0,0,11,36,0,51,0
09-03 06:27:58,28.283,4.255,42.299,22.776,0,1562096,791340,169156,5407212,4818.585,540.627,0,8573.938,0,673.781,5631,8601,2.440,1.630,0.920,1,1,4.005,0,0,11,36,0,51,0
09-03 06:27:59,31.764,6.753,37.016,22.009,0,1603576,750424,169312,5406468,5464.329,540.230,0,9347.984,0,746.318,6664,19715,2.440,1.630,0.920,3,0,41.017,0,0,11,36,0,52,0
09-03 06:28:00,44.619,6.517,38.101,9.776,0,1541020,812848,169384,5406528,9065.125,541.441,0,7014.668,0,365.974,3851,3583,2.440,1.630,0.920,2,0,7.019,0,0,11,32,0,52,0
09-03 06:28:01,34.686,6.488,42.671,15.222,0,1560304,793260,169544,5406640,7966.206,538.999,0,3629.260,0,542.992,6384,9175,2.490,1.650,0.930,5,0,0.998,0,0,11,34,0,47,0
09-03 06:28:02,27.816,5.513,35.083,29.570,0,1546660,806616,169664,5406804,7656.143,541.283,0,11254.671,0,1065.525,7239,11849,2.490,1.650,0.930,3,1,3.007,0,0,11,34,0,47,0
09-03 06:28:03,28.459,5.492,45.435,19.223,0,1509624,843256,169876,5406980,5815.692,539.230,0,6139.229,0,963.623,6583,12658,2.490,1.650,0.930,1,1,0.999,0,0,11,34,0,47,0
09-03 06:28:04,30.193,7.735,52.401,7.985,0,1470372,882296,169972,5407092,8008.883,538.983,0,2627.041,0,295.442,4984,5905,2.490,1.650,0.930,1,0,99.812,0,0,11,32,0,47,0
09-03 06:28:05,18.253,7.501,69.511,3.751,0,1448756,903780,169988,5407204,6873.109,486.078,0,1228.198,0,67.011,2931,2187,2.490,1.650,0.930,1,0,97.016,0,0,11,32,0,46,0
09-03 06:28:06,8.272,21.807,67.177,1.755,0,1445748,906692,170008,5407268,6333.672,541.425,0,2330.134,0,89.235,6660,5765,2.690,1.710,0.950,1,0,559.473,0,0,11,32,0,46,0
09-03 06:28:07,7.502,19.505,51.262,19.505,0,1427564,924640,170076,5407432,7321.751,540.129,0,7293.744,0,423.101,6531,6137,2.690,1.710,0.950,1,0,454.109,0,0,11,32,0,46,0
09-03 06:28:08,13.996,12.996,72.479,0,0,1441560,910616,170076,5407456,7129.936,539.844,0,39.988,0,3.999,4241,3285,2.690,1.710,0.950,1,0,260.924,0,0,11,32,0,46,0
09-03 06:28:09,22.191,3.241,73.556,0,0,1489304,862888,170076,5407440,8985.302,538.580,0,3.989,0,0.997,1779,1231,2.690,1.710,0.950,1,0,1.995,0,0,11,32,0,39,0
09-03 06:28:10,22.501,3.500,73.755,0,0,1456048,896144,170076,5407440,8404.521,540.033,0,348.022,0,4.000,1774,1258,2.690,1.710,0.950,2,0,1.000,0,0,11,32,0,39,0
09-03 06:28:11,23.000,2.750,73.500,0,0,1522816,829376,170076,5407440,8603.029,540.002,0,20.000,0,1.000,1744,1134,2.550,1.700,0.950,1,0,2.000,0,0,11,32,0,39,0
09-03 06:28:12,22.250,3.500,73.000,0.750,0,1490160,862016,170076,5407456,7555.046,486.003,0,84.001,0,3.000,1811,1351,2.550,1.700,0.950,1,1,1.000,0,0,11,32,0,39,0
09-03 06:28:13,22.056,3.509,72.934,0.501,0,1469424,882740,170076,5407468,5535.981,541.367,0,433.094,0,35.089,1924,1559,2.550,1.700,0.950,1,0,3.008,0,0,11,32,0,37,0
09-03 06:28:14,21.942,3.241,73.557,0,0,1484500,867684,170076,5407448,5101.580,538.583,0,43.885,0,3.990,1801,1355,2.550,1.700,0.950,1,0,1.995,0,0,11,32,0,37,0
09-03 06:28:15,22.252,3.500,71.005,2.500,0,1459304,892852,170080,5407472,9191.621,540.036,0,1908.129,0,197.013,1993,1411,2.550,1.700,0.950,1,0,1.000,0,0,11,32,0,37,0
09-03 06:28:16,22.744,3.999,67.233,5.249,0,1523400,828748,170112,5407460,7245.170,539.864,0,4314.910,0,210.947,2231,2076,2.510,1.700,0.960,1,0,1.999,0,0,11,32,0,37,0
09-03 06:28:17,23.257,2.501,73.773,0,0,1490168,861992,170112,5407448,3862.184,540.166,0,12.004,0,1.000,1786,1243,2.510,1.700,0.960,1,0,2.001,0,0,11,32,0,37,0
09-03 06:28:18,22.997,2.250,73.491,0,0,1506796,845364,170112,5407448,7065.100,539.931,0,287.963,0,56.993,1769,1050,2.510,1.700,0.960,1,0,2.000,0,0,11,32,0,32,0
09-03 06:28:19,22.060,3.760,73.699,0,0,1540880,811344,170112,5407384,5632.207,541.462,0,0,0,0,1776,1220,2.510,1.700,0.960,1,0,1.003,0,0,11,32,0,32,0
09-03 06:28:20,22.249,4.000,73.247,0,0,1448400,903700,170112,5407508,9815.568,485.979,0,2159.905,0,17.999,1934,1230,2.510,1.700,0.960,1,0,3.000,0,0,11,32,0,32,0
09-03 06:28:21,21.947,3.492,73.073,0.748,0,1423280,928816,170116,5407508,7424.029,538.696,0,151.633,0,3.990,1779,1324,2.390,1.690,0.960,1,0,0.998,0,0,11,32,0,32,0
09-03 06:28:22,22.000,3.250,73.749,0,0,1486420,865696,170116,5407488,5385.958,539.996,0,0,0,0,1709,1175,2.390,1.690,0.960,1,0,2.000,0,0,11,32,0,26,0
09-03 06:28:23,22.498,3.500,72.243,1.500,0,1463704,888388,170128,5407496,7859.207,539.946,0,515.948,0,56.994,2002,1663,2.390,1.690,0.960,1,0,1.000,0,0,11,32,0,26,0
09-03 06:28:24,22.502,3.250,73.258,0,0,1434696,917376,170128,5407516,5303.547,540.056,0,20.002,0,1.000,1765,1216,2.390,1.690,0.960,1,0,1.000,0,0,11,32,0,26,0
09-03 06:28:25,22.247,3.499,73.739,0,0,1478012,874072,170128,5407504,8117.778,539.919,0,39.994,0,1.000,1794,1171,2.390,1.690,0.960,1,0,2.000,0,0,11,32,0,26,0
09-03 06:28:26,12.787,16.298,69.954,0,0,1446692,905332,170128,5407556,8709.396,541.579,0,192.562,0,10.029,5112,4018,2.280,1.680,0.960,1,0,413.205,0,0,11,32,0,19,0
09-03 06:28:27,21.681,4.486,72.768,0,0,1505384,846620,170128,5407576,7802.151,484.457,0,23.924,0,1.994,2246,1754,2.280,1.680,0.960,1,0,48.844,0,0,11,32,0,19,0
09-03 06:28:28,22.263,2.752,73.044,0.750,0,1488808,862932,170132,5407824,6636.970,540.323,0,164.098,0,2.001,1834,1174,2.280,1.680,0.960,2,0,9.005,0,0,11,32,0,19,0
09-03 06:28:29,22.999,2.750,73.747,0,0,1504544,847196,170132,5407824,4589.843,539.982,0,119.996,0,26.999,1693,1131,2.280,1.680,0.960,1,0,0,0,0,11,32,0,19,0
09-03 06:28:30,10.262,20.523,68.327,0,0,1480580,871016,170132,5407968,4506.106,540.613,40.045,192.218,2.002,7.008,5863,4746,2.280,1.680,0.960,1,0,496.563,0,0,11,32,0,13,0
09-03 06:28:31,7.763,22.288,68.867,0,0,1466884,884672,170132,5408000,8644.686,582.990,0,256.436,0,5.009,6530,5320,2.170,1.670,0.960,1,0,581.989,0,0,11,32,0,13,0
09-03 06:28:32,8.492,21.731,68.689,0,0,1441184,910324,170132,5408040,6473.207,539.517,0,739.338,0,8.992,6455,5153,2.170,1.670,0.960,1,0,554.504,0,0,11,32,0,13,0
09-03 06:28:33,8.006,23.017,67.301,1.251,0,1426304,925172,170140,5408064,8520.411,540.407,0,1625.223,0,25.019,6584,5583,2.170,1.670,0.960,1,0,568.428,0,0,11,32,0,13,0
09-03 06:28:34,7.746,20.738,68.711,0.750,0,1411492,939928,170164,5408096,5627.790,539.692,0,1487.152,0,40.977,6223,5046,2.170,1.670,0.960,1,0,501.714,0,0,11,32,0,10,0
09-03 06:28:35,7.735,21.707,69.861,0,0,1403412,947972,170164,5408132,7249.555,485.034,0,191.618,0,7.984,6102,4757,2.170,1.670,0.960,2,0,471.061,0,0,11,32,0,10,0
09-03 06:28:36,7.769,22.053,68.413,0,0,1392084,959260,170164,5408168,7755.497,541.291,0,280.669,0,14.033,6414,5096,2.080,1.660,0.960,1,0,543.296,0,0,11,32,0,10,0
09-03 06:28:37,8.252,21.254,69.264,0,0,1344816,1006492,170172,5408192,5542.127,540.110,0,32.007,0,8.002,6310,5177,2.080,1.660,0.960,1,0,525.107,0,0,11,32,0,10,0
09-03 06:28:38,34.897,27.918,35.146,0.997,0,1438056,913124,170224,5408228,4695.163,538.413,0,969.144,0,55.835,7239,7089,2.080,1.660,0.960,3,0,792.664,0,0,11,32,0,12,0
09-03 06:28:39,64.143,8.735,24.459,2.496,0,1634096,714520,170404,5410220,7490.520,539.102,15.973,1517.472,0.998,37.937,3839,2167,2.080,1.660,0.960,3,1,2.995,0,0,11,34,0,12,0
09-03 06:28:40,26.350,5.019,35.384,31.620,0,1646020,697032,170772,5414712,5699.551,542.050,429.625,8833.401,9.034,542.050,6035,8885,2.080,1.660,0.960,2,2,26.099,0,0,11,38,0,13,0
09-03 06:28:41,6.735,3.243,47.890,38.662,0,1644548,697032,170888,5416004,6936.136,632.553,0,13592.912,0,867.017,5420,9745,2.310,1.710,0.980,0,4,20.952,0,0,11,38,0,13,0
09-03 06:28:42,8.501,2.750,50.006,35.504,0.250,1642700,697032,171048,5417644,8595.016,540.064,0,8024.948,0,613.072,5403,9262,2.310,1.710,0.980,0,2,27.003,0,0,11,38,0,11,0
09-03 06:28:43,8.247,4.249,49.733,36.487,0,1640328,697876,171216,5418920,8074.204,485.832,0,11611.979,0,742.743,5201,9031,2.310,1.710,0.980,0,3,20.993,0,0,11,38,0,11,0
09-03 06:28:44,6.751,3.501,49.760,36.507,0,1638544,698496,171332,5419932,7071.425,540.109,0,13290.679,0,867.175,5930,10891,2.310,1.710,0.980,3,2,12.002,0,0,11,38,0,11,0
09-03 06:28:45,7.261,3.255,48.074,39.311,0,1636844,698808,171448,5421176,4979.677,540.834,0,12663.523,0,900.388,5531,9863,2.310,1.710,0.980,1,3,9.014,0,0,11,38,0,11,0
09-03 06:28:46,5.998,2.249,51.736,36.240,0,1635908,698816,171520,5422028,8278.778,539.855,0,14176.196,0,995.733,4904,8729,2.450,1.750,1,0,2,8.998,0,0,11,38,0,10,0
09-03 06:28:47,11.498,3.500,48.243,33.995,0,1579032,754352,171604,5423208,8167.866,539.925,0,7214.998,0,551.923,5042,8218,2.450,1.750,1,2,3,18.997,0,0,11,36,0,10,0
09-03 06:28:48,24.714,7.739,38.944,27.960,0,1655144,677008,171656,5424324,4516.487,539.222,0,13564.439,0,869.746,6324,10422,2.450,1.750,1,4,1,56.918,0,0,11,36,0,10,0
09-03 06:28:49,17.553,3.761,44.384,32.347,0,1663208,667948,171728,5425200,15242.849,7407.280,0,11875.721,0,782.353,5971,9922,2.450,1.750,1,1,1,9.027,0,0,11,37,0,10,0
09-03 06:28:50,18.676,6.973,43.329,28.139,0,1651572,678900,171760,5425836,9278.450,2895.594,0,11024.572,0,747.057,6861,10779,2.450,1.750,1,5,0,78.690,0,0,11,38,0,9,0
09-03 06:28:51,24.530,4.005,36.294,33.290,0,1693096,635824,171804,5427308,14943.093,5578.755,0,9571.589,0,668.810,5490,8805,2.810,1.840,1.030,6,2,12.015,0,0,11,39,0,9,0
09-03 06:28:52,20.007,3.751,43.516,30.261,0,1685440,642236,171836,5428424,15861.893,9008.347,0,12988.826,0,836.311,8376,13980,2.810,1.840,1.030,0,2,3.001,0,0,11,39,0,9,0
09-03 06:28:53,17.500,4.250,40.500,35.250,0,1678616,647936,171896,5429460,9933.893,6463.930,0,14847.840,0,930.990,7574,12785,2.810,1.840,1.030,1,3,12.000,0,0,11,38,0,9,0
09-03 06:28:54,25.310,7.518,34.081,31.324,0,1700124,625052,171940,5430724,8089.219,583.386,0,11755.931,0,750.784,6747,10821,2.810,1.840,1.030,3,1,45.107,0,0,11,38,0,9,0
09-03 06:28:55,19.738,2.998,42.724,32.480,0,1700220,623840,171980,5431760,16379.897,9974.847,0,7999.066,0,626.614,6654,10718,2.810,1.840,1.030,2,5,5.996,0,0,11,39,0,9,0
09-03 06:28:56,18.724,3.994,39.196,35.451,0,1690340,632568,172060,5432800,17188.225,10022.137,0,14412.065,0,935.706,8702,14567,2.990,1.890,1.050,1,3,11.983,0,0,11,39,0,9,0
09-03 06:28:57,27.428,6.982,36.404,26.430,0,1684208,637188,172100,5434236,10861.385,1721.465,0,8377.927,0,608.397,7188,11109,2.990,1.890,1.050,1,1,74.803,0,0,11,38,0,10,0
09-03 06:28:58,23.337,3.513,39.147,33.375,0,1698084,622276,172132,5435212,12913.341,6166.083,0,11992.896,0,787.950,5532,9088,2.990,1.890,1.050,2,3,0,0,0,11,39,0,10,0
09-03 06:28:59,21.964,5.990,37.937,31.697,0,1689696,629560,172164,5436244,16726.259,9538.180,0,14380.150,0,889.525,8952,22996,2.990,1.890,1.050,2,2,38.935,0,0,11,39,0,11,0
09-03 06:29:00,21.758,5.252,41.765,28.760,0,1665596,652656,172308,5437072,11545.043,5371.881,0,11071.877,0,733.257,7595,12283,2.990,1.890,1.050,1,1,39.014,0,0,11,38,0,11,0
09-03 06:29:01,25.718,3.745,38.951,29.213,0,1686364,629500,172372,5439340,5445.175,2887.381,0,9208.458,0,574.280,6096,9534,3.230,1.960,1.080,1,2,8.989,0,0,11,39,0,11,0
09-03 06:29:02,19.496,4.499,43.491,29.244,0,1680712,634160,172572,5440104,15416.654,8372.183,0,14704.808,0,996.784,8139,13776,3.230,1.960,1.080,0,1,8.998,0,0,11,39,0,11,0
09-03 06:29:03,32.139,11.299,37.161,18.329,0,1483972,829576,172680,5441224,18621.668,10712.405,257.114,6210.905,2.009,536.323,10136,14213,3.230,1.960,1.080,1,3,254.101,0,0,11,36,0,11,0
09-03 06:29:04,39.430,16.970,19.216,22.959,0,1564992,747312,172772,5442300,9373.301,539.040,371.338,15612.186,5.989,955.298,10253,16055,3.230,1.960,1.080,2,3,221.605,0,0,11,36,0,11,0
09-03 06:29:05,26.470,11.237,35.960,24.473,0,1579056,731940,172840,5443484,17103.870,9439.443,1542.275,8779.181,32.963,568.364,7678,11529,3.230,1.960,1.080,3,1,160.820,0,0,11,36,0,12,0
09-03 06:29:06,24.249,6.250,38.998,28.748,0,1567744,742588,172900,5444040,9086.481,485.972,0,11899.320,0,812.954,5333,7529,3.210,1.970,1.090,6,0,36.998,0,0,11,36,0,12,0
09-03 06:29:07,16.497,3.249,44.741,33.243,0,1574568,734864,172952,5444880,11257.632,7248.475,0,8434.226,0,581.878,5306,8362,3.210,1.970,1.090,1,1,2.000,0,0,11,36,0,13,0
09-03 06:29:08,22.511,7.253,43.270,25.262,0,1589412,718912,173028,5445884,3319.564,540.254,0,10412.905,0,719.339,5524,8519,3.210,1.970,1.090,1,4,60.028,0,0,11,36,0,13,0
09-03 06:29:09,19.989,4.248,44.726,28.735,0,1596328,710848,173080,5446960,15038.929,8927.209,0,8015.698,0,563.697,5954,9267,3.210,1.970,1.090,1,1,2.998,0,0,11,37,0,13,0
09-03 06:29:10,23.309,7.519,40.102,28.322,0,1570644,735304,173152,5448068,11831.152,2627.697,0,10899.778,0,741.891,6823,10295,3.210,1.970,1.090,1,1,43.110,0,0,11,36,0,14,0
09-03 06:29:11,21.495,3.999,40.242,31.493,0,1587500,717592,173184,5448860,9750.945,6305.671,0,12097.450,0,781.835,5935,9142,3.270,2.010,1.110,1,5,5.999,0,0,11,37,0,14,0
09-03 06:29:12,13.468,5.737,53.624,24.443,0,1547960,755952,173212,5449992,12316.084,5571.918,0,10004.511,0,568.665,6331,9415,3.270,2.010,1.110,0,1,65.845,0,0,11,36,0,15,0
09-03 06:29:13,4.250,2.500,62.496,27.748,0,1538924,764124,173248,5450796,7152.597,539.970,0,9127.486,0,660.963,4415,8217,3.270,2.010,1.110,0,2,3.000,0,0,11,36,0,15,0
09-03 06:29:14,3.001,2.250,60.762,30.506,0,1527160,774992,173268,5451648,7899.518,486.093,0,11062.126,0,733.141,4419,8251,3.270,2.010,1.110,0,1,0,0,0,11,36,0,15,0
09-03 06:29:15,4.999,2.250,64.488,25.995,0,1517264,783712,173276,5452756,7392.646,539.901,0,7770.577,0,609.888,4339,7774,3.270,2.010,1.110,0,1,0,0,0,11,36,0,15,0
09-03 06:29:16,4.999,2.250,63.493,26.497,0.250,1507940,792072,173292,5453688,5530.382,581.935,0,8299.073,0,619.931,4497,8253,3.090,1.990,1.110,0,2,8.999,0,0,11,36,0,15,0
09-03 06:29:17,4.255,3.003,53.061,37.043,0,1500548,798876,173308,5454244,4295.936,540.621,0,11721.467,0,860.989,4802,8872,3.090,1.990,1.110,1,1,7.008,0,0,11,36,0,15,0
09-03 06:29:18,4.001,2.501,62.265,28.007,0,1500784,797024,173320,5455804,8848.101,540.128,0,7781.848,0,626.149,5081,9161,3.090,1.990,1.110,0,3,12.003,0,0,11,36,0,15,0
09-03 06:29:19,5.244,3.746,55.684,33.210,0,1496888,800172,173360,5456496,5052.975,539.357,0,15601.396,0,1013.791,5372,9775,3.090,1.990,1.110,1,0,2.996,0,0,11,36,0,15,0
09-03 06:29:20,7.000,2.750,65.498,21.999,0,1493276,803208,173452,5456952,7874.704,539.980,0,6543.754,0,600.977,4916,8478,3.090,1.990,1.110,1,1,12.000,0,0,11,36,0,15,0
09-03 06:29:21,4.999,3.249,56.987,31.743,0,1489288,806980,173480,5457132,4788.946,539.881,0,13261.080,0,867.809,4656,8368,3,1.990,1.110,0,2,5.999,0,0,11,36,0,15,0
09-03 06:29:22,5.253,2.251,59.788,29.769,0,1485132,810888,173492,5457340,9169.864,486.311,0,6524.172,0,558.357,4338,7637,3,1.990,1.110,0,2,9.006,0,0,11,36,0,15,0
09-03 06:29:23,5.497,2.499,57.720,31.484,0,1482020,813940,173520,5457372,6237.765,539.720,0,12713.407,0,836.566,4563,8214,3,1.990,1.110,0,1,5.997,0,0,11,36,0,15,0
09-03 06:29:24,3.750,2.000,67.248,24.249,0,1479172,816272,173532,5457868,3479.910,539.986,0,6495.832,0,532.986,3993,7274,3,1.990,1.110,0,1,9.000,0,0,11,36,0,15,0
09-03 06:29:25,4.501,3.001,63.511,26.255,0,1476572,818072,173584,5458592,11055.918,540.094,0,8457.467,0,667.116,4499,8150,3,1.990,1.110,1,1,9.002,0,0,11,36,0,15,0
09-03 06:29:26,3.250,2.250,59.494,31.747,0,1474284,819772,173636,5459116,7959.185,539.945,0,9810.995,0,674.931,4135,7517,2.920,1.990,1.120,2,0,3.000,0,0,11,36,0,15,0
09-03 06:29:27,4.249,3.000,52.742,37.245,0,1472632,821060,173720,5459384,4315.376,539.922,0,12682.166,0,975.859,4903,8876,2.920,1.990,1.120,0,2,9.999,0,0,11,36,0,15,0
09-03 06:29:28,6.753,2.751,60.030,27.514,0,1471816,821104,173764,5460100,8582.269,540.269,0,11301.622,0,812.404,5040,9014,2.920,1.990,1.120,0,2,9.004,0,0,11,36,0,15,0
09-03 06:29:29,5.499,2.250,63.491,24.997,0,1471548,820852,173796,5460572,6149.146,539.925,0,8714.789,0,711.901,4970,8890,2.920,1.990,1.120,0,1,11.998,0,0,11,36,0,15,0
09-03 06:29:30,5.498,3.499,57.729,30.989,0,1472384,820852,173872,5459660,9448.560,485.823,0,12327.511,0,912.668,5795,10737,2.920,1.990,1.120,1,2,0,0,0,11,36,0,15,0
09-03 06:29:31,4.001,2.501,58.016,31.509,0,1472084,820852,173916,5459912,6356.768,540.150,0,11823.288,0,803.223,4758,8538,2.930,2.010,1.130,0,1,0,0,0,11,36,0,15,0
09-03 06:29:32,5.256,2.753,65.321,24.276,0,1472924,820852,173944,5459044,4552.959,540.589,0,5562.058,0,585.638,4643,8410,2.930,2.010,1.130,1,3,3.003,0,0,11,36,0,15,0
09-03 06:29:33,6.492,2.497,58.924,28.713,0,1472772,821104,173996,5458892,7787.954,539.304,0,11656.963,0,829.929,5052,8943,2.930,2.010,1.130,1,3,2.996,0,0,11,36,0,15,0
09-03 06:29:34,6.249,3.249,54.989,31.744,0,1472352,821104,174024,5459284,6030.842,539.896,0,15129.096,0,1003.807,5273,9513,2.930,2.010,1.130,0,1,5.999,0,0,11,36,0,15,0
09-03 06:29:35,7.505,2.251,54.785,32.521,0,1471880,821104,174072,5459708,4716.026,540.347,0,11751.539,0,822.528,4769,8476,2.930,2.010,1.130,1,1,6.004,0,0,11,36,0,15,0
09-03 06:29:36,4.748,2.499,63.220,26.987,0,1471608,821104,174088,5459960,7822.269,539.743,0,7468.438,0,617.705,4458,7947,2.860,2.010,1.130,0,2,5.997,0,0,11,36,0,15,0
09-03 06:29:37,5.502,2.751,58.018,31.510,0,1471576,820852,174108,5460224,5666.789,486.153,0,10851.426,0,820.259,4795,8491,2.860,2.010,1.130,0,1,7.002,0,0,11,36,0,15,0
09-03 06:29:38,5.000,2.750,62.748,25.999,0,1471456,820600,174132,5460568,8532.778,539.986,0,8931.767,0,779.980,5287,9398,2.860,2.010,1.130,0,1,12.000,0,0,11,36,0,15,0
09-03 06:29:39,6.499,2.750,59.241,28.745,0,1471092,820600,174144,5460912,7692.788,539.915,0,9274.538,0,723.886,4583,8166,2.860,2.010,1.130,2,1,5.999,0,0,11,36,0,15,0
09-03 06:29:40,5.010,3.006,56.362,33.066,0,1471008,820600,174148,5460988,3614.160,541.072,0,13506.759,0,881.747,5458,10117,2.860,2.010,1.130,1,1,3.006,0,0,11,38,0,9,0
09-03 06:29:41,5.250,2.250,62.755,28.002,0,1472016,820600,174160,5459968,8308.633,634.048,0,6368.485,0,590.045,4382,7791,2.950,2.040,1.150,3,0,3.000,0,0,11,38,0,9,0
09-03 06:29:42,4.990,2.495,59.126,30.187,0,1471728,820600,174176,5460236,7459.408,538.874,0,9955.191,0,754.423,5119,9429,2.950,2.040,1.150,0,2,2.994,0,0,11,38,0,9,0
09-03 06:29:43,5.251,3.250,62.258,25.503,0,1471768,820096,174192,5460644,8581.074,540.068,0,9445.182,0,773.097,5008,8889,2.950,2.040,1.150,1,1,12.002,0,0,11,38,0,9,0
09-03 06:29:44,6.999,3.249,56.990,29.745,0,1471564,820096,174228,5460812,5809.948,539.902,0,15381.215,0,1048.810,5696,10288,2.950,2.040,1.150,0,3,5.999,0,0,11,38,0,8,0
09-03 06:29:45,4.751,2.500,61.259,28.504,0,1471436,819592,174244,5461420,7748.126,486.071,0,11057.607,0,801.116,4859,8586,2.950,2.040,1.150,0,1,9.001,0,0,11,38,0,8,0
09-03 06:29:46,8.264,2.504,58.097,28.798,0,1471300,819592,174252,5461544,6142.258,540.903,0,9628.079,0,745.245,5141,9345,2.870,2.040,1.150,0,1,9.015,0,0,11,38,0,8,0
09-03 06:29:47,10.256,3.002,56.783,27.766,0,1470716,819592,174268,5462096,3958.302,540.314,0,13948.113,0,1039.605,6150,11062,2.870,2.040,1.150,0,2,7.004,0,0,11,38,0,8,0
09-03 06:29:48,10.503,3.001,61.770,21.757,0,1470412,819088,174320,5462836,5818.852,540.172,0,9651.071,0,877.279,5962,10474,2.870,2.040,1.150,1,1,18.006,0,0,11,38,0,8,0
09-03 06:29:49,7.728,2.493,57.587,27.672,0,1469972,819088,174340,5463240,7394.090,538.477,0,11052.743,0,818.685,5451,9747,2.870,2.040,1.150,0,1,8.975,0,0,11,38,0,8,0
09-03 06:29:50,5.001,3.251,58.015,31.258,0,1470028,818584,174380,5463636,8126.047,540.136,0,12051.036,0,828.209,4986,8795,2.870,2.040,1.150,0,1,9.002,0,0,11,38,0,8,0
09-03 06:29:51,5.504,3.002,59.543,29.522,0,1469780,818584,174400,5463852,12184.883,540.394,0,9631.021,0,742.541,4855,8546,2.880,2.060,1.160,0,1,9.007,0,0,11,38,0,8,0
09-03 06:29:52,4.998,2.499,61.981,27.491,0,1469516,818332,174420,5464336,6169.088,485.849,0,9329.108,0,748.768,4828,8725,2.880,2.060,1.160,0,1,8.997,0,0,11,38,0,7,0
09-03 06:29:53,5.745,3.747,59.698,27.726,0.250,1468876,818332,174444,5464940,7358.624,539.533,0,10910.547,0,851.262,5781,10512,2.880,2.060,1.160,0,2,11.990,0,0,11,38,0,7,0
09-03 06:29:54,6.253,3.502,60.276,27.762,0,1468984,817828,174476,5465288,7789.384,540.235,0,13593.906,0,921.400,5369,9763,2.880,2.060,1.160,1,1,6.003,0,0,11,38,0,7,0
09-03 06:29:55,5.514,3.258,62.914,27.071,0,1468504,817576,174496,5465968,5726.925,541.411,0,9183.934,0,733.913,5006,9259,2.880,2.060,1.160,1,3,3.008,0,0,11,38,0,7,0
09-03 06:29:56,3.988,2.991,60.321,29.662,0,1468204,817324,174528,5466468,6156.722,538.402,0,10460.943,0,783.673,5203,9517,2.890,2.070,1.170,1,2,8.973,0,0,11,38,0,7,0
09-03 06:29:57,5.990,2.496,59.156,29.703,0,1467900,817072,174540,5466992,7204.569,539.145,0,10742.956,0,802.726,4948,8899,2.890,2.070,1.170,0,2,15.975,0,0,11,38,0,7,0
09-03 06:29:58,3.512,2.508,58.945,31.855,0,1467872,816568,174544,5467512,9843.539,541.791,0,11859.203,0,774.560,4602,8530,2.890,2.070,1.170,1,3,6.020,0,0,11,38,0,7,0
09-03 06:29:59,9.238,4.993,56.675,26.465,0,1477460,806532,174564,5467924,9237.794,539.287,0,9363.628,0,809.930,6890,18897,2.890,2.070,1.170,0,1,44.941,0,0,11,38,0,8,0
09-03 06:30:00,5.501,2.750,59.510,29.005,0,1476868,806532,174580,5468488,5357.894,486.081,0,11941.994,0,827.138,4786,8912,2.890,2.070,1.170,0,2,6.001,0,0,11,38,0,6,0
09-03 06:30:01,4.998,3.249,59.481,29.740,0,1476392,806532,174608,5468896,8456.266,539.825,0,9053.073,0,741.760,4876,8849,2.820,2.070,1.180,0,1,8.997,0,0,11,38,0,6,0
09-03 06:30:02,4.002,3.001,59.025,32.013,0,1476104,806532,174612,5469176,5187.153,540.224,0,9948.130,0,726.301,4643,8433,2.820,2.070,1.180,1,1,9.004,0,0,11,38,0,6,0
09-03 06:30:03,3.999,2.499,56.730,32.738,0,1475940,806532,174616,5469336,3479.754,539.807,0,13947.006,0,901.677,4938,8856,2.820,2.070,1.180,1,1,2.999,0,0,11,38,0,6,0
09-03 06:30:04,5.248,2.499,66.471,23.740,0,1475408,806936,174624,5469436,8872.112,539.763,0,5009.805,0,527.769,4381,7795,2.820,2.070,1.180,1,1,8.996,0,0,11,38,0,5,0
09-03 06:30:05,4.753,2.752,60.794,28.771,0,1473712,808048,174632,5470004,8594.268,540.394,0,8974.545,0,730.533,4999,9106,2.820,2.070,1.180,0,1,3.002,0,0,11,38,0,5,0
09-03 06:30:06,4.256,2.754,55.334,34.803,0,1472244,809168,174640,5470336,4868.400,540.822,0,11221.057,0,780.186,5296,9999,2.830,2.090,1.190,1,2,12.018,0,0,11,38,0,5,0
09-03 06:30:07,5.991,3.994,56.163,31.451,0,1470892,810092,174652,5470736,7810.885,485.247,0,11977.423,0,842.693,6252,11200,2.830,2.090,1.190,0,1,28.955,0,0,11,38,0,5,0
09-03 06:30:08,6.262,2.505,62.625,25.801,0,1470204,810092,174668,5471388,5529.995,541.076,0,5182.304,0,528.050,4678,8257,2.830,2.090,1.190,0,2,12.024,0,0,11,38,0,3,0
09-03 06:30:09,5.988,2.495,58.885,28.943,0,1469820,810092,174672,5471760,7411.503,538.946,0,12100.331,0,902.235,5690,10407,2.830,2.090,1.190,2,0,11.977,0,0,11,38,0,3,0
09-03 06:30:10,6.500,3.000,57.499,29.999,0,1469416,810092,174676,5472148,8986.774,539.986,0,11767.704,0,911.977,5347,9556,2.830,2.090,1.190,0,1,12.000,0,0,11,38,0,3,0
09-03 06:30:11,5.750,2.750,56.747,31.249,0,1469136,810092,174684,5472412,3896.817,539.975,0,10959.484,0,796.963,4889,8846,2.850,2.100,1.200,1,0,14.999,0,0,11,38,0,3,0
09-03 06:30:12,4.999,2.499,64.981,25.243,0.250,1468672,809840,174700,5473080,10834.904,539.846,0,9165.381,0,725.793,4787,8513,2.850,2.100,1.200,1,1,8.997,0,0,11,38,0,1,0
09-03 06:30:13,4.763,2.507,59.917,29.332,0.251,1468580,809840,174716,5473152,6917.260,541.508,0,12121.752,0,887.471,6436,11796,2.850,2.100,1.200,0,3,9.025,0,0,11,38,0,1,0
09-03 06:30:14,3.740,3.491,58.843,30.668,0,1467156,809840,174732,5474524,5073.466,538.563,0,12167.542,0,758.975,4611,8380,2.850,2.100,1.200,2,1,11.968,0,0,11,38,0,1,0
09-03 06:30:15,4.000,2.000,63.505,27.252,0,1466808,809840,174740,5474852,7703.575,486.036,0,8716.651,0,712.053,4387,8144,2.850,2.100,1.200,0,1,0,0,0,11,38,0,1,0
09-03 06:30:16,6.500,3.000,62.002,26.251,0,1467504,808832,174748,5475140,6976.273,540.021,0,10224.399,0,782.031,4681,8215,2.860,2.120,1.210,0,2,9.000,0,0,11,38,0,1,0
09-03 06:30:17,6.252,2.501,62.516,26.007,0,1468104,807824,174776,5475512,9046.308,540.138,0,7065.803,0,636.162,5147,9310,2.860,2.120,1.210,1,1,5.001,0,0,11,38,0,1,0
09-03 06:30:18,6.249,2.750,61.243,27.247,0,1468376,807320,174784,5475736,5025.393,539.935,0,9370.868,0,712.914,5095,9197,2.860,2.120,1.210,4,1,5.999,0,0,11,38,0,1,0
09-03 06:30:19,5.760,2.755,57.098,30.552,0,1468016,807320,174792,5476076,5599.562,540.924,0,15742.883,0,1059.810,5470,10024,2.860,2.120,1.210,1,0,6.010,0,0,11,38,0,1,0
09-03 06:30:20,3.741,2.743,54.617,35.663,0,1469028,807320,174800,5475052,9575.735,538.691,0,10394.746,0,730.226,4665,8376,2.860,2.120,1.210,0,1,0,0,0,11,38,0,1,0
09-03 06:30:21,5.751,2.000,65.265,23.756,0,1470372,807320,174804,5473696,6130.427,540.126,0,5509.283,0,601.140,5022,9022,2.790,2.120,1.210,2,0,0,0,0,11,38,0,1,0
09-03 06:30:22,4.501,3.000,55.007,35.005,0,1470628,807920,174804,5472844,10933.457,486.065,0,11905.587,0,829.111,5260,9858,2.790,2.120,1.210,0,2,0,0,0,11,38,0,1,0
09-03 06:30:23,5.500,3.000,59.997,27.999,0,1472504,807920,174812,5470960,9945.549,539.975,0,12271.443,0,973.956,6219,11650,2.790,2.120,1.210,1,0,0,0,0,11,38,0,1,0
09-03 06:30:24,5.507,2.754,58.324,30.038,0,1472916,808172,174816,5470296,9133.653,582.743,0,11646.859,0,873.114,7086,13013,2.790,2.120,1.210,1,0,3.004,0,0,11,38,0,1,0
09-03 06:30:25,5.495,2.997,57.444,31.469,0,1472776,808172,174816,5470436,5642.471,539.471,0,14561.730,0,996.024,5104,9469,2.790,2.120,1.210,0,1,2.997,0,0,11,38,0,1,0
09-03 06:30:26,6.499,3.500,61.244,26.247,0,1472312,808172,174824,5470892,5087.508,539.948,0,10083.026,0,791.923,5267,9445,2.810,2.130,1.220,3,1,14.999,0,0,11,38,0,1,0
09-03 06:30:27,4.250,2.500,61.751,29.500,0,1472200,808172,174824,5471000,4487.037,540.005,0,9588.080,0,713.006,4316,7802,2.810,2.130,1.220,0,1,7.000,0,0,11,38,0,1,0
09-03 06:30:28,6.002,2.751,60.766,27.507,0,1472516,807920,174824,5470936,9349.386,540.138,0,8902.272,0,768.196,5358,9475,2.810,2.130,1.220,1,0,12.003,0,0,11,36,0,3,0
09-03 06:30:29,14.019,14.019,60.583,10.264,0,1344652,935708,174824,5471024,5578.617,540.738,0,5175.066,0,303.414,5146,4988,2.810,2.130,1.220,3,0,310.424,0,0,11,32,0,3,0
09-03 06:30:30,22.223,22.972,48.691,4.994,0,1375700,904332,174836,5471340,7854.545,485.416,0,2437.066,0,148.821,7167,6610,2.810,2.130,1.220,5,0,632.239,0,0,11,32,0,9,0
09-03 06:30:31,67.763,8.752,13.253,9.752,0,1580432,698508,174876,5472392,10787.125,540.106,0,8425.660,0,438.086,4763,3519,2.820,2.150,1.230,4,0,3.001,0,0,11,32,0,9,0
09-03 06:30:32,59.977,5.498,19.992,13.745,0,1750196,525944,174976,5474728,11277.670,539.793,0,4578.242,0,138.947,3765,1869,2.820,2.150,1.230,4,0,0,0,0,11,32,0,9,0
09-03 06:30:33,30.992,4.249,41.239,22.244,0,1765488,506288,175088,5478676,6563.280,539.858,0,10737.185,0,558.854,5162,7016,2.820,2.150,1.230,1,0,23.994,0,0,11,38,0,9,0
09-03 06:30:34,9.015,3.005,55.340,30.049,0,1765008,505532,175100,5479860,4661.567,540.878,0,8626.002,0,606.985,6077,11199,2.820,2.150,1.230,2,3,30.049,0,0,11,38,0,9,0
09-03 06:30:35,9.485,2.746,52.418,33.448,0,1765364,503768,175108,5481224,3876.949,539.158,0,12516.464,0,846.678,6174,11134,2.820,2.150,1.230,0,1,26.958,0,0,11,38,0,9,0
09-03 06:30:36,10.251,3.500,49.753,33.252,0,1764800,502256,175116,5483208,9082.535,540.032,0,9896.583,0,738.043,5999,10181,3,2.190,1.250,0,2,27.002,0,0,11,38,0,9,0
09-03 06:30:37,6.751,3.001,50.511,37.508,0,1764380,501500,175116,5484356,7601.689,540.120,0,12942.875,0,879.195,5067,9001,3,2.190,1.250,0,1,16.004,0,0,11,38,0,9,0
09-03 06:30:38,6.248,2.999,50.483,37.238,0,1764504,500240,175140,5485420,8791.089,485.839,0,13271.605,0,853.717,5021,9133,3,2.190,1.250,3,0,17.994,0,0,11,38,0,9,0
09-03 06:30:39,8.249,3.249,55.241,31.495,0,1765000,498980,175156,5486148,5540.138,539.916,0,12885.995,0,856.867,5516,9936,3,2.190,1.250,0,2,23.996,0,0,11,38,0,9,0
09-03 06:30:40,9.250,3.000,50.502,33.752,0,1765372,497216,175172,5487472,7508.360,540.026,0,15820.759,0,1017.049,6364,11010,3,2.190,1.250,3,0,33.002,0,0,11,38,0,9,0
09-03 06:30:41,8.759,3.253,51.806,32.285,0,1764932,495704,175180,5489352,5663.090,634.683,0,12205.125,0,862.928,6009,10497,2.920,2.190,1.260,3,1,30.032,0,0,11,38,0,9,0
09-03 06:30:42,6.742,2.747,50.443,36.958,0,1764980,494696,175196,5490228,4518.875,539.388,0,12102.274,0,804.088,5098,9028,2.920,2.190,1.260,2,1,26.969,0,0,11,38,0,9,0
09-03 06:30:43,7.001,4.000,49.506,37.255,0,1765800,492680,175200,5491324,8061.977,540.065,0,11453.388,0,759.092,5199,8872,2.920,2.190,1.260,2,1,18.002,0,0,11,38,0,9,0
09-03 06:30:44,7.505,3.002,52.031,34.020,0,1765032,492176,175220,5492544,7845.712,540.325,0,15433.269,0,952.572,5834,10690,2.920,2.190,1.260,1,2,18.011,0,0,11,38,0,9,0
09-03 06:30:45,7.996,2.999,52.976,32.485,0.250,1764652,491420,175236,5493636,5171.625,485.777,0,14033.556,0,916.579,5615,9785,2.920,2.190,1.260,2,0,29.986,0,0,11,38,0,9,0
09-03 06:30:46,10.261,3.253,50.052,35.037,0,1764600,490160,175236,5494912,7957.320,540.565,0,13398.008,0,910.952,6630,11755,2.920,2.200,1.270,0,2,33.035,0,0,11,38,0,9,0
09-03 06:30:47,8.502,3.501,53.015,31.759,0,1765256,488144,175248,5496224,6420.849,540.156,0,11567.332,0,868.250,7870,14136,2.920,2.200,1.270,1,2,40.012,0,0,11,38,0,9,0
09-03 06:30:48,7.231,2.992,45.134,40.645,0,1764752,487640,175260,5497180,8108.113,538.612,0,14542.537,0,1125.102,6992,12779,2.920,2.200,1.270,2,2,23.938,0,0,11,38,0,9,0
09-03 06:30:49,5.755,3.503,47.044,41.539,0,1764588,486632,175272,5498304,6417.959,540.502,0,14389.359,0,951.884,5158,8988,2.920,2.200,1.270,2,1,12.011,0,0,11,38,0,9,0
09-03 06:30:50,4.999,2.499,50.986,37.239,0,1764656,485876,175280,5498964,6657.110,539.847,0,13156.265,0,847.759,4917,9094,2.920,2.200,1.270,0,2,11.997,0,0,11,38,0,9,0
09-03 06:30:51,7.503,3.251,52.773,33.265,0,1764672,484868,175284,5499924,9686.237,540.236,0,12609.515,0,872.382,6132,10846,3.010,2.230,1.280,0,1,21.009,0,0,11,38,0,9,0
09-03 06:30:52,5.749,2.999,53.490,35.244,0,1764880,483608,175284,5500952,7444.653,539.902,0,9770.232,0,643.884,5048,9119,3.010,2.230,1.280,0,2,8.998,0,0,11,38,0,9,0
09-03 06:30:53,6.243,3.246,49.442,38.455,0,1764780,482852,175296,5501772,4154.113,485.429,0,14954.409,0,965.864,5317,9682,3.010,2.230,1.280,2,1,11.986,0,0,11,38,0,9,0
09-03 06:30:54,5.759,2.754,51.328,36.555,0,1764496,482600,175316,5502256,8014.132,540.819,0,13704.746,0,957.449,5348,9611,3.010,2.230,1.280,3,1,21.032,0,0,11,38,0,9,0
09-03 06:30:55,4.751,2.750,48.507,40.506,0,1764900,481340,175320,5503056,7036.978,540.075,0,11313.572,0,736.102,5410,9964,3.010,2.230,1.280,1,4,9.001,0,0,11,38,0,9,0
09-03 06:30:56,6.748,2.749,55.233,33.240,0,1764900,480836,175328,5503524,10006.959,539.836,0,6605.993,0,573.826,4900,8256,3.090,2.260,1.300,6,1,23.993,0,0,11,38,0,9,0
09-03 06:30:57,25.995,7.249,30.994,33.244,0,1658388,586236,175332,5504572,7157.722,539.904,0,13601.571,0,907.838,7436,11611,3.090,2.260,1.300,2,2,87.984,0,0,11,36,0,9,0
09-03 06:30:58,28.313,5.011,34.075,31.319,0,1724892,518700,175340,5505568,3644.073,541.199,0,13409.707,0,858.903,6417,10549,3.090,2.260,1.300,2,1,22.049,0,0,11,36,0,9,0
09-03 06:30:59,32.035,7.508,28.531,30.033,0,1722156,520560,175348,5506412,7734.374,540.585,0,11348.287,0,702.761,7579,20950,3.090,2.260,1.300,2,2,101.109,0,0,11,36,0,10,0
09-03 06:31:00,6.231,2.991,51.341,36.388,0,1715300,526260,175364,5507520,7693.221,538.336,0,7967.374,0,602.139,4716,8028,3.090,2.260,1.300,0,2,53.834,0,0,11,36,0,10,0
09-03 06:31:01,6.499,3.000,54.494,32.996,0,1708744,530544,175368,5509716,7360.150,485.944,0,12194.591,0,804.907,5596,10116,3.080,2.280,1.300,0,4,17.998,0,0,11,36,0,9,0
09-03 06:31:02,6.496,2.998,46.974,40.727,0,1699312,539168,175388,5510488,5110.155,539.700,0,13376.554,0,887.506,6055,10886,3.080,2.280,1.300,0,2,26.985,0,0,11,36,0,9,0
09-03 06:31:03,6.269,3.762,52.161,35.108,0,1690052,547680,175404,5511212,6891.210,541.667,0,13216.678,0,856.637,6516,11780,3.080,2.280,1.300,1,3,21.065,0,0,11,36,0,9,0
09-03 06:31:04,7.482,3.242,54.616,32.171,0,1681380,554268,175420,5513220,8508.103,538.677,0,9528.596,0,736.192,5721,9979,3.080,2.280,1.300,1,3,11.971,0,0,11,36,0,9,0
09-03 06:31:05,4.750,2.750,50.749,38.499,0,1674492,560396,175428,5513952,5123.885,539.988,0,12547.719,0,702.984,5298,9830,3.080,2.280,1.300,0,1,6.000,0,0,11,36,0,9,0
09-03 06:31:06,4.501,3.001,50.015,39.261,0,1668832,565012,175432,5514948,4521.323,540.158,0,13071.826,0,853.250,5125,9405,3.160,2.310,1.320,1,2,9.003,0,0,11,36,0,9,0
09-03 06:31:07,6.758,3.004,51.310,35.041,0,1664120,568896,175448,5515728,9339.967,540.635,0,14188.660,0,945.110,6119,10970,3.160,2.310,1.320,2,2,25.029,0,0,11,36,0,9,0
09-03 06:31:08,6.738,3.244,55.901,30.446,0,1659944,571780,175452,5516948,5817.700,527.067,0,11815.081,0,825.538,6787,12180,3.160,2.310,1.320,0,1,26.952,0,0,11,36,0,9,0
09-03 06:31:09,12.254,3.001,52.016,30.009,0,1662928,567848,175456,5517844,8414.636,540.169,0,12808.012,0,929.291,6514,11494,3.160,2.310,1.320,0,1,0,0,0,11,36,0,9,0
09-03 06:31:10,5.001,3.501,49.508,39.256,0,1656256,573104,175460,5519204,7451.135,540.082,0,14506.210,0,887.135,4918,9109,3.160,2.310,1.320,0,1,0,0,0,11,36,0,9,0
09-03 06:31:11,5.749,2.750,50.494,37.746,0,1652932,574512,175464,5521060,7575.157,539.940,0,9182.978,0,656.927,4630,8358,3.310,2.350,1.340,0,2,0,0,0,11,36,0,9,0
09-03 06:31:12,5.249,2.499,50.238,38.241,0,1650772,575392,175464,5522288,5558.681,539.872,0,14196.632,0,852.798,5249,9796,3.310,2.350,1.340,2,4,0,0,0,11,36,0,9,0
09-03 06:31:13,4.751,3.500,52.757,36.505,0,1646880,578024,175468,5523484,4784.610,540.069,0,14805.887,0,850.108,4656,8462,3.310,2.350,1.340,0,3,0,0,0,11,36,0,9,0
09-03 06:31:14,4.749,2.000,50.743,39.995,0,1644804,578452,175472,5525092,2946.617,539.930,0,8158.940,0,564.927,4162,7610,3.310,2.350,1.340,1,0,0,0,0,11,36,0,9,0
09-03 06:31:15,7.516,4.259,49.859,35.578,0,1643472,578292,175476,5526536,7096.494,541.182,0,17077.286,0,1092.385,6184,11536,3.310,2.350,1.340,0,2,0,0,0,11,36,0,9,0
09-03 06:31:16,4.492,2.745,53.404,36.684,0.250,1643324,577032,175480,5527888,6451.458,485.132,0,10597.042,0,648.839,5006,9315,3.360,2.380,1.350,0,1,0,0,0,11,36,0,9,0
09-03 06:31:17,4.000,2.250,56.244,33.997,0,1642748,575268,175480,5530140,6770.309,539.945,0,10822.896,0,643.934,4276,7741,3.360,2.380,1.350,0,2,1.000,0,0,11,36,0,9,0
09-03 06:31:18,4.999,3.249,48.487,40.489,0,1641680,575016,175484,5531376,6009.334,539.850,0,15039.831,0,893.752,5302,9830,3.360,2.380,1.350,3,2,0,0,0,11,36,0,9,0
09-03 06:31:19,6.009,2.504,56.338,32.050,0,1641524,573504,175488,5532988,7623.966,540.849,0,7123.180,0,553.869,4787,8386,3.360,2.380,1.350,0,3,12.019,0,0,11,36,0,9,0
09-03 06:31:20,7.492,4.246,53.196,32.217,0,1641280,573252,175488,5533464,7209.727,539.456,0,16878.973,0,1122.867,6030,10920,3.360,2.380,1.350,1,1,5.994,0,0,11,36,0,9,0
09-03 06:31:21,5.498,2.749,54.728,34.236,0,1641228,573000,175488,5533760,3290.687,539.785,0,12347.074,0,911.636,5164,9275,3.330,2.390,1.360,0,2,8.996,0,0,11,36,0,9,0
09-03 06:31:22,3.998,3.249,57.976,31.987,0,1640820,573000,175488,5534140,11450.321,539.779,0,9544.100,0,733.700,4781,8386,3.330,2.390,1.360,0,4,8.996,0,0,11,36,0,9,0
09-03 06:31:23,5.504,3.252,50.535,38.276,0,1640608,573000,175492,5534340,7189.970,486.336,0,14690.154,0,967.669,5469,9550,3.330,2.390,1.360,1,1,12.008,0,0,11,36,0,9,0
09-03 06:31:24,5.498,2.499,60.228,28.490,0,1640384,573000,175492,5534560,3736.652,539.805,0,9676.508,0,754.728,4908,8788,3.330,2.390,1.360,4,0,17.994,0,0,11,36,0,9,0
09-03 06:31:25,8.248,2.999,56.489,28.994,0,1639728,572748,175496,5535444,7823.512,539.897,0,13241.482,0,892.830,5626,10138,3.330,2.390,1.360,1,3,2.999,0,0,11,36,0,9,0
09-03 06:31:26,9.256,3.252,52.533,32.521,0,1640000,571740,175500,5536156,6812.304,540.341,0,12968.194,0,845.534,6320,11358,3.470,2.430,1.380,0,1,12.008,0,0,11,36,0,9,0
09-03 06:31:27,6.502,3.001,57.265,30.008,0,1639900,571488,175500,5536500,8351.118,540.137,0,9270.351,0,692.176,6738,12288,3.470,2.430,1.380,0,1,19.005,0,0,11,36,0,9,0
09-03 06:31:28,7.506,3.002,54.294,33.277,0,1640188,570984,175500,5536712,5776.630,540.433,0,11297.054,0,816.655,6381,11708,3.470,2.430,1.380,6,1,15.012,0,0,11,36,0,9,0
09-03 06:31:29,8.004,3.502,51.279,33.519,0,1640024,570480,175508,5537364,5260.948,540.303,0,14988.398,0,971.544,5480,10029,3.470,2.430,1.380,1,1,15.008,0,0,11,36,0,9,0
09-03 06:31:30,23.704,10.979,50.401,12.725,0,1348580,861992,175508,5537300,8067.220,538.946,0,6990.326,0,446.127,5441,6040,3.470,2.430,1.380,1,0,251.508,0,0,11,32,0,7,0
09-03 06:31:31,22.758,3.251,72.024,2.001,0,1425692,784880,175508,5537300,7203.417,486.163,0,1528.513,0,86.029,1931,1557,3.270,2.410,1.380,2,0,1.000,0,0,11,32,0,7,0
09-03 06:31:32,23.730,2.498,71.440,1.749,0,1476836,733724,175508,5537312,4562.146,539.544,0,1095.075,0,73.938,2230,2077,3.270,2.410,1.380,1,0,1.998,0,0,11,38,0,7,0
09-03 06:31:33,21.777,4.255,70.837,2.503,0,1463956,746604,175508,5537312,8338.224,540.663,0,1930.367,0,124.152,2420,1873,3.270,2.410,1.380,2,0,28.034,0,0,11,32,0,7,0
09-03 06:31:34,23.225,2.497,73.672,0,0,1463956,746604,175508,5537312,6285.329,539.428,0,31.966,0,3.996,1791,1309,3.270,2.410,1.380,1,0,0,0,0,11,32,0,1,0
09-03 06:31:35,18.570,15.057,65.246,0.502,0,1405440,805100,175512,5537324,9583.171,584.205,0,598.258,0,49.186,4691,4250,3.270,2.410,1.380,2,0,417.576,0,0,11,32,0,1,0
09-03 06:31:36,11.982,31.953,55.419,0,0,1414860,795592,175512,5537392,9460.125,539.209,0,63.906,0,15.977,7664,7014,3.250,2.420,1.390,3,0,1014.512,0,0,11,32,0,1,0
09-03 06:31:37,7.496,21.239,66.964,2.749,0,1414176,796176,175512,5537468,5303.153,539.710,0,283.848,0,18.990,5961,4737,3.250,2.420,1.390,1,0,463.751,0,0,11,32,0,1,0
09-03 06:31:38,8.497,20.242,70.222,0.250,0,1385828,824484,175512,5537504,9527.233,539.787,0,119.953,0,9.996,5807,4417,3.250,2.420,1.390,1,0,389.846,0,0,11,32,0,1,0
09-03 06:31:39,14.535,17.291,66.658,0,0,1384752,825520,175512,5537872,7629.112,487.157,0,882.094,0,138.328,7379,8545,3.250,2.420,1.390,0,0,316.752,0,0,11,32,0,1,0
09-03 06:31:40,38.099,13.198,48.558,0,0,1475008,735224,175520,5538012,8635.810,537.871,0,0,0,0,4377,3728,3.250,2.420,1.390,3,0,184.270,0,0,11,33,0,1,0
09-03 06:31:41,44.291,6.756,48.796,0,0,1587508,622620,175520,5538112,6687.266,634.595,0,16.015,0,1.001,2572,1231,3.150,2.410,1.390,2,0,0,0,0,11,33,0,1,0
09-03 06:31:42,43.456,4.246,48.201,3.247,0,1642288,566032,175580,5539660,7380.443,539.448,103.894,1266.703,0.999,118.878,3780,3145,3.150,2.410,1.390,4,0,18.981,0,0,11,49,0,1,0
09-03 06:31:43,21.336,16.818,55.473,5.773,0,1653260,552128,175588,5542356,9280.388,542.184,0,722.912,0,45.182,6203,8905,3.150,2.410,1.390,3,0,296.193,0,0,11,48,0,2,0
09-03 06:31:44,15.944,10.712,71.248,0,0,1663496,541788,175588,5542372,4430.347,538.099,0,163.423,0,12.954,5899,8734,3.150,2.410,1.390,0,0,205.275,0,0,11,48,0,2,0
09-03 06:31:45,0.500,0.500,96.501,1.500,0,1661988,543296,175588,5542372,4466.063,540.008,0,324.005,0,26.000,1034,1634,3.150,2.410,1.390,0,0,3.000,0,0,11,48,0,2,0
09-03 06:31:46,0.750,0.250,97.963,0,0,1659732,545552,175588,5542372,9529.416,485.817,0,75.971,0,5.998,742,960,2.890,2.370,1.390,0,0,1.999,0,0,11,48,0,2,0
09-03 06:31:47,0.250,0.750,98.020,0,0,1658344,546940,175588,5542372,6637.329,540.108,0,36.007,0,4.001,752,1013,2.890,2.370,1.390,0,0,3.001,0,0,11,48,0,2,0
09-03 06:31:48,1.756,2.007,96.348,0,0,1650204,555080,175588,5542364,9212.226,541.955,0,0,0,0,1142,1305,2.890,2.370,1.390,1,0,28.101,0,0,11,48,0,2,0
09-03 06:31:49,16.950,12.463,69.045,0,0,1679868,525408,175588,5542808,7986.275,538.401,0,0,0,0,6029,7901,2.890,2.370,1.390,1,0,255.242,0,0,11,48,0,2,0
09-03 06:31:50,10.517,16.276,72.115,0,0,1668556,536696,175588,5542408,8779.996,540.862,0,4.006,0,1.002,5292,5156,2.890,2.370,1.390,1,0,336.536,0,0,12,48,0,2,0
09-03 06:31:51,18.217,15.472,64.882,0,0,1665388,539816,175588,5542440,8565.474,776.592,0,558.987,0,69.873,7023,9048,2.740,2.350,1.380,0,0,286.481,0,0,12,48,0,2,0
09-03 06:31:52,4.992,5.242,87.110,0.749,0,1664800,540268,175588,5542568,5358.405,539.135,0,539.135,0,42.931,2422,3017,2.740,2.350,1.380,1,0,143.769,0,0,12,64,0,2,0
09-03 06:31:53,17.834,15.071,66.060,0,0,1658392,546584,175588,5542612,4204.755,542.549,0,0,0,0,6732,9045,2.740,2.350,1.380,1,0,280.317,0,0,14,66,0,2,0
09-03 06:31:54,8.998,18.495,69.483,2.249,0,1634488,570432,175588,5542652,8828.803,485.879,0,3911.027,0,251.937,6362,5552,2.740,2.350,1.380,2,0,517.871,0,0,14,66,0,3,0
09-03 06:31:55,15.501,18.252,64.506,1.000,0,1650764,554108,175588,5543128,7439.710,582.056,0,656.063,0,45.004,7067,8717,2.740,2.350,1.380,1,0,330.031,0,0,14,66,0,3,0
09-03 06:31:56,27.461,21.968,45.684,3.495,0,1733256,471532,175596,5542748,8675.554,581.166,0,5176.574,0,254.635,6883,6617,2.600,2.330,1.380,3,0,559.198,0,0,14,66,0,3,0
09-03 06:31:57,29.049,24.792,40.819,4.758,0,1824368,379108,175660,5543904,7935.358,540.911,8.013,2444.114,1.002,117.197,7883,9606,2.600,2.330,1.380,2,0,649.093,0,0,14,66,0,3,0
09-03 06:31:58,33.772,21.108,41.719,1.242,0,1948992,253944,175664,5544304,7956.373,536.385,0,405.268,0,12.913,6407,6671,2.600,2.330,1.380,4,0,415.201,0,0,14,70,0,5,0
09-03 06:31:59,62.166,21.645,17.115,0,0,2050484,152100,175676,5545712,9027.421,543.639,0,12.081,0,3.020,5630,8781,2.600,2.330,1.380,14,0,476.187,0,0,14,70,0,5,0
09-03 06:32:00,63.308,20.438,14.705,0.748,0,2123864,156468,164424,5480876,4186.283,538.365,15.952,1894.246,3.988,115.649,6263,19486,2.600,2.330,1.380,4,0,345.949,0,0,14,70,0,6,0
09-03 06:32:01,68.807,24.020,6.255,1.251,0,2232392,182208,160308,5353284,9612.008,630.525,4431.692,1953.628,188.157,79.066,5854,5986,2.630,2.340,1.390,4,0,495.413,0,0,14,70,0,6,0
09-03 06:32:02,72.791,17.760,4.252,3.752,0,2394720,163976,162072,5210552,10784.128,486.276,1929.096,460.262,120.068,23.013,7484,8752,2.630,2.340,1.390,5,0,242.138,0,0,14,74,0,6,0
09-03 06:32:03,57.335,25.538,8.763,7.511,0,2565032,145692,161900,5062132,5932.820,540.804,448.667,7515.173,19.028,483.719,9091,11687,2.630,2.340,1.390,2,2,527.785,0,0,14,76,0,5,0
09-03 06:32:04,50.494,18.407,17.909,12.686,0,2592244,183620,161860,4998812,8457.090,537.274,258.687,12791.100,15.919,366.142,9406,13226,2.630,2.340,1.390,6,1,275.602,0,0,14,76,0,5,0
09-03 06:32:05,56.575,8.011,17.774,16.772,0,2730516,178056,161740,4869144,9287.341,540.718,8.011,9332.400,2.003,293.390,6955,9562,2.630,2.340,1.390,2,1,51.068,0,0,14,79,0,5,0
09-03 06:32:06,73.011,12.043,13.297,1.254,0,2816388,160100,161840,4802720,10855.756,541.935,92.330,2541.072,9.032,112.401,7906,16855,2.580,2.330,1.390,7,0,169.606,0,0,14,88,0,12,0
09-03 06:32:07,41.014,23.258,32.261,3.001,0,2911212,132696,161852,4736960,8377.922,540.188,16.006,1552.541,4.001,87.030,10945,17606,2.580,2.330,1.390,4,0,585.204,0,0,14,95,0,16,0
09-03 06:32:08,22.993,15.496,56.484,3.249,0,2929096,181852,161860,4671628,4572.697,581.834,323.908,1111.683,15.995,59.983,6672,9085,2.580,2.330,1.390,5,0,267.924,0,0,14,97,0,18,0
09-03 06:32:09,46.098,9.469,40.118,3.488,0,3061128,177756,161864,4546264,7611.870,538.223,1156.183,5190.863,17.941,57.809,3630,2302,2.580,2.330,1.390,2,0,90.701,0,0,14,98,0,18,0
09-03 06:32:10,17.297,15.041,48.382,17.799,0,3089624,147812,161884,4547828,7735.164,487.333,0,16256.479,0,708.940,6375,6282,2.580,2.330,1.390,1,0,304.834,0,0,14,101,0,18,0
09-03 06:32:11,8.249,19.498,70.744,0.250,0,3099120,138280,161884,4547864,6252.453,629.945,0,155.986,0,11.999,5788,4282,2.460,2.310,1.390,1,0,371.967,0,0,14,101,0,18,0
09-03 06:32:12,11.242,16.239,71.200,0.749,0,3119048,118152,161884,4548064,8121.335,539.624,259.819,755.473,15.989,137.904,5333,4186,2.460,2.310,1.390,1,0,316.779,0,0,14,101,0,18,0
09-03 06:32:13,18.465,2.994,77.602,0.250,0,3163480,139708,161884,4483912,12328.541,6306.999,19.962,175.666,1.996,13.973,2023,1769,2.460,2.310,1.390,1,0,0,0,0,14,102,0,18,0
09-03 06:32:14,19.252,5.250,74.006,0,0,3148908,154108,161888,4484080,25543.194,17431.497,12.001,120.010,3.000,12.001,3049,2854,2.460,2.310,1.390,1,0,63.005,0,0,14,103,0,19,0
09-03 06:32:15,19.541,3.257,76.911,0.251,0,3195896,173696,161888,4419328,11240.554,2929.138,8.017,1883.948,2.004,37.078,2153,2024,2.460,2.310,1.390,1,0,0,0,0,14,104,0,19,0
09-03 06:32:16,19.464,3.244,74.863,1.248,0,3189980,179392,161900,4419540,10316.054,4622.511,31.941,355.347,1.996,31.941,2351,2280,2.340,2.290,1.390,2,0,1.996,0,0,14,110,0,19,0
09-03 06:32:17,19.495,4.249,63.735,9.998,0,3196928,171696,161900,4420240,18587.626,539.873,595.860,1931.546,33.992,213.950,5303,7852,2.340,2.290,1.390,2,0,5.999,0,0,14,117,0,19,0
09-03 06:32:18,32.338,10.027,53.896,4.512,0,3213604,219096,161900,4357656,8402.807,1675.548,4.011,1183.212,1.003,87.237,5194,5967,2.340,2.290,1.390,1,0,115.313,0,0,14,120,0,21,0
09-03 06:32:19,18.432,2.242,76.717,1.245,0,3265960,166720,161900,4357676,9991.098,2913.240,0,669.527,0,36.864,1982,1763,2.340,2.290,1.390,0,1,0,0,0,14,121,0,21,0
09-03 06:32:20,19.514,2.752,73.554,3.002,0,3270528,161932,161900,4357896,13582.957,6539.794,108.079,1124.825,8.006,93.068,2464,2700,2.340,2.290,1.390,1,0,2.001,0,0,14,125,0,22,0
09-03 06:32:21,30.434,8.482,56.877,2.744,0,3270220,162196,161900,4357940,8519.527,1820.054,0,1321.135,0,125.727,5255,6483,2.230,2.270,1.390,2,0,94.794,0,0,14,124,0,23,0
09-03 06:32:22,40.652,8.281,48.431,2.509,0,3384412,173732,161900,4234672,8913.277,2795.437,0,3035.332,0,335.252,3337,2116,2.230,2.270,1.390,1,0,6.022,0,0,14,125,0,23,0
09-03 06:32:23,22.287,6.010,70.366,1.252,0,3380368,178036,161900,4234576,26153.091,20866.380,0,584.964,0,31.051,2801,2175,2.230,2.270,1.390,2,0,55.091,0,0,14,124,0,24,0
09-03 06:32:24,19.191,2.243,76.264,0.997,0,3422816,135584,161900,4234580,10399.805,6275.572,0,685.877,0,32.898,1755,1427,2.230,2.270,1.390,1,0,0,0,0,14,125,0,24,0
09-03 06:32:25,20.243,4.998,72.724,0.750,0,3410068,148312,161900,4234600,24773.212,17357.842,0,431.847,0,22.992,2496,1909,2.230,2.270,1.390,2,0,50.982,0,0,14,124,0,25,0
09-03 06:32:26,17.255,2.501,79.774,0.500,0,3411376,146980,161900,4234624,15514.672,7026.116,12.004,232.070,3.001,33.010,2104,2111,2.130,2.240,1.380,2,0,0,0,0,14,125,0,25,0
09-03 06:32:27,17.497,6.999,68.739,4.749,0,3418564,139756,161900,4234660,9481.466,1687.727,0,1527.753,0,128.979,3589,3796,2.130,2.240,1.380,1,0,83.986,0,0,14,126,0,26,0
09-03 06:32:28,25.002,3.750,68.505,1.500,0,3416420,204540,161900,4173608,13265.978,6915.510,8.001,524.039,2.000,44.003,6185,11050,2.130,2.240,1.380,2,0,31.002,0,0,14,135,0,30,1
09-03 06:32:29,20.998,4.750,70.494,3.000,0,3391800,229140,161900,4173628,25930.846,16700.612,0,2027.832,0,113.991,2683,2153,2.130,2.240,1.380,1,0,54.995,0,0,14,134,0,31,0
09-03 06:32:30,16.260,2.502,76.799,3.752,0,3409544,211260,161904,4173760,16069.266,7196.598,92.059,1068.683,9.006,51.033,2370,2510,2.130,2.240,1.380,2,1,0,0,0,14,135,0,31,0
09-03 06:32:31,23.041,6.762,56.350,12.522,0,3380560,239804,161904,4174200,5382.576,1783.172,192.342,7749.787,12.021,727.294,7612,12208,2.040,2.220,1.380,2,0,31.055,0,0,14,135,0,33,0
09-03 06:32:32,20.435,3.738,72.270,2.243,0,3455428,164932,161904,4174204,6706.660,2498.051,0,673.856,0,37.879,2094,1657,2.040,2.220,1.380,0,0,22.927,0,0,14,136,0,33,0
09-03 06:32:33,15.724,1.747,80.864,0.499,0,3449992,170324,161904,4174248,16504.212,8657.423,31.946,591.005,1.997,34.941,2032,1883,2.040,2.220,1.380,1,0,0,0,0,14,136,0,33,0
09-03 06:32:34,22.886,5.784,66.394,4.024,0,3446964,173280,161904,4174320,8159.405,488.900,16.095,1508.952,1.006,137.818,5111,7161,2.040,2.220,1.380,2,2,0,0,0,14,136,0,33,0
09-03 06:32:35,30.117,5.974,59.736,3.236,0,3402600,217448,161908,4174512,11276.257,1399.825,0,1119.063,0,103.543,5653,8261,2.040,2.220,1.380,1,0,68.697,0,0,14,137,0,34,0
09-03 06:32:36,16.506,2.751,79.528,1.250,0,3420604,199304,161908,4174652,14106.996,8964.175,0,676.240,0,51.018,2171,2159,1.960,2.200,1.380,2,0,1.000,0,0,14,138,0,34,0
09-03 06:32:37,19.258,8.254,68.280,3.001,0,3418108,201732,161908,4174720,9358.107,1807.793,16.007,1744.766,1.000,128.056,4495,5213,1.960,2.200,1.380,1,0,149.065,0,0,14,137,0,35,0
09-03 06:32:38,19.753,2.500,76.263,1.000,0,3456708,163124,161908,4174728,13166.261,6935.191,0,684.117,0,40.007,1929,1542,1.960,2.200,1.380,1,0,0,0,0,14,141,0,35,0
09-03 06:32:39,18.307,4.263,72.224,3.762,0,3454892,164896,161912,4174768,9015.955,5651.523,0,1259.906,0,123.383,4884,6839,1.960,2.200,1.380,1,0,0,0,0,14,140,0,35,0
09-03 06:32:40,39.225,8.245,48.719,1.999,0,3451156,168480,161912,4174920,12041.405,2128.657,31.980,1714.918,1.999,133.916,10144,16645,1.960,2.200,1.380,2,0,30.980,0,0,14,139,0,36,0
09-03 06:32:41,33.961,11.487,45.448,8.740,0,3479544,139784,161916,4175176,6127.950,1068.770,63.926,9353.239,4.994,695.200,7768,11115,1.960,2.200,1.380,1,0,257.704,0,0,14,139,0,36,0
09-03 06:32:42,18.502,2.500,77.509,0.250,0,3457104,162216,161916,4175184,13479.490,7912.875,0,436.048,0,22.002,2088,1800,1.960,2.200,1.380,1,0,11.001,0,0,14,139,0,37,0
09-03 06:32:43,9.758,20.768,68.559,0,0,3401308,217964,161916,4175232,8568.312,700.598,0,404.345,0,22.019,6294,5239,1.960,2.200,1.380,2,0,457.390,0,0,14,139,0,37,0
09-03 06:32:44,17.010,16.260,65.040,0.750,0,3376404,242852,161916,4175608,7712.730,630.387,0,416.255,0,25.015,7230,8980,1.960,2.200,1.380,1,0,308.189,0,0,14,139,0,36,0
09-03 06:32:45,30.702,20.968,47.177,0.499,0,3439640,179552,161916,4175316,9288.617,539.165,0,239.629,0,17.972,6773,5974,1.960,2.200,1.380,2,0,529.181,0,0,14,139,0,36,0
09-03 06:32:46,32.949,16.974,47.178,0.998,0,3480112,199996,161928,4116060,8041.650,539.172,75.883,351.460,4.992,26.959,7857,10782,1.970,2.200,1.380,1,0,359.448,0,0,14,145,0,36,2
09-03 06:32:47,51.100,23.546,24.297,1.002,0,3628628,166520,161928,4003692,4941.647,611.193,104.203,412.806,7.014,22.043,7520,13212,1.970,2.200,1.380,4,1,580.133,0,0,16,149,0,36,2
09-03 06:32:48,59.580,20.778,17.774,1.001,0,3759272,166368,161928,3874780,9627.911,540.725,44.059,712.956,3.004,48.064,6984,10080,1.970,2.200,1.380,5,0,406.545,0,0,16,163,0,36,2
09-03 06:32:49,44.257,21.504,33.006,0.500,0,3840856,133184,161932,3826840,6972.180,540.091,8.001,532.090,2.000,32.005,9844,11251,1.970,2.200,1.380,3,0,551.093,0,0,16,167,0,36,2
09-03 06:32:50,24.209,21.464,52.911,1.248,0,3867520,152280,161944,3781524,8042.406,485.180,15.973,690.832,3.993,25.956,6611,5763,1.970,2.200,1.380,1,0,518.124,0,0,17,167,0,36,2
09-03 06:32:51,24.775,15.766,58.309,0.250,0,3896800,176760,161944,3729068,5950.040,630.640,0,420.427,0,41.042,6729,8408,1.890,2.180,1.380,3,0,304.309,0,0,17,169,0,36,2
09-03 06:32:52,32.740,22.993,40.238,2.499,0,3979252,147876,161944,3677124,8825.312,539.836,7.998,551.832,1.999,42.987,7948,8324,1.890,2.180,1.380,2,0,560.829,0,0,17,171,0,36,0
09-03 06:32:53,41.550,19.523,37.295,1.001,0,4080436,150808,161952,3575076,7910.509,540.650,148.178,1109.333,6.007,118.142,8918,11755,1.890,2.180,1.380,3,0,383.461,0,0,17,183,0,36,0
09-03 06:32:54,30.499,24.750,43.999,0,0,4155368,148264,161952,3504464,4251.922,609.989,16.000,447.992,1.000,27.000,7524,7104,1.890,2.180,1.380,3,0,768.986,0,0,17,183,0,36,0
09-03 06:32:55,17.727,22.221,56.426,1.997,0,4196696,135520,161952,3477192,4210.490,539.294,15.979,695.090,3.995,43.942,8632,10653,1.890,2.180,1.380,2,0,477.375,0,0,17,189,0,36,0
09-03 06:32:56,26.527,14.264,57.308,0.250,0,4248360,125032,161952,3436716,9275.365,540.546,12.012,276.279,3.003,19.019,6640,9090,1.820,2.160,1.380,2,0,262.265,0,0,17,197,0,35,0
09-03 06:32:57,43.837,7.472,40.350,7.970,0,4381444,125728,161952,3305720,8161.564,537.994,382.573,5089.022,6.974,480.209,3752,2110,1.820,2.160,1.380,2,1,1.993,0,0,17,197,0,35,0
09-03 06:32:58,40.705,7.242,46.699,3.746,0,4477304,141440,161956,3196224,6674.688,485.468,291.680,735.195,17.980,57.937,4035,3542,1.820,2.160,1.380,1,0,9.989,0,0,17,206,0,35,0
09-03 06:32:59,28.302,20.788,49.341,1.252,0,4409020,208868,161964,3197072,8804.251,540.999,917.694,488.902,9.017,44.081,6508,6226,1.820,2.160,1.380,2,0,522.965,0,0,17,217,0,35,0
09-03 06:33:00,39.374,23.574,35.110,1.003,0,4462640,153740,161968,3198564,16740.545,8486.638,220.693,3342.491,13.041,27.085,8640,18236,1.820,2.160,1.380,4,0,552.735,0,0,17,223,0,33,0
09-03 06:33:01,60.371,19.627,18.136,1.242,0,4506636,213732,161984,3098456,7174.902,1386.287,723.453,1109.029,16.894,32.794,6595,8351,1.830,2.150,1.380,4,0,237.507,0,0,17,222,0,34,0
09-03 06:33:02,56.487,10.795,18.076,13.557,0.251,4644676,145816,161988,3029588,11503.237,8440.393,1747.327,6527.371,39.164,469.971,5147,4527,1.830,2.150,1.380,1,3,26.109,0,0,17,229,0,34,0
09-03 06:33:03,47.133,9.726,23.691,18.205,0,4629492,196972,162020,2994820,7310.918,3633.014,5266.973,5981.207,340.159,233.423,6046,6148,1.830,2.150,1.380,1,2,27.931,0,0,17,240,0,35,0
09-03 06:33:04,50.699,13.804,25.601,9.287,0,4691496,172004,162084,2958648,16173.619,6277.693,1120.407,1622.382,140.553,117.462,6488,7830,1.830,2.150,1.380,3,0,197.778,0,0,17,240,0,39,0
09-03 06:33:05,33.887,23.920,39.618,0.997,0,4658888,202160,162092,2961540,12189.358,5786.706,51.827,9823.247,2.990,65.781,8198,11053,1.830,2.150,1.380,2,0,522.259,0,0,17,241,0,40,0
09-03 06:33:06,47.531,17.762,33.272,0.500,0,4737584,148324,162092,2936744,14705.669,6203.078,4.003,508.334,1.001,30.020,6774,8482,1.930,2.170,1.390,4,0,356.234,0,0,17,242,0,40,0
09-03 06:33:07,52.912,24.575,20.563,1.003,0,4757908,159004,162108,2907456,11566.333,5739.533,268.821,1127.444,26.080,66.202,7832,10266,1.930,2.170,1.390,2,1,467.428,0,0,17,241,0,41,0
09-03 06:33:08,61.201,19.734,13.489,4.996,0,4864844,154496,162444,2805868,11134.010,6186.005,4592.292,959.225,256.793,52.957,9242,12326,1.930,2.170,1.390,6,0,396.680,0,0,17,250,0,30,0
09-03 06:33:09,54.597,22.437,19.695,2.992,0,4829492,216736,162452,2780032,14861.224,6060.962,5664.078,933.376,68.807,66.812,7703,9881,1.930,2.170,1.390,2,2,447.741,0,0,17,251,1,32,0
09-03 06:33:10,58.955,18.986,15.488,5.496,0,4960684,153080,162460,2713840,5784.592,2578.036,371.717,803.388,22.982,48.963,9046,12757,1.930,2.170,1.390,3,0,268.795,0,0,17,258,1,32,0
09-03 06:33:11,59.862,9.768,26.299,3.006,0,4998328,209224,162472,2622368,25062.911,15284.609,1021.913,1013.898,25.047,43.081,5227,6873,2.090,2.200,1.410,6,0,28.053,0,0,17,260,1,34,0
09-03 06:33:12,58.786,11.757,22.514,6.504,0,5124692,131324,162480,2575124,9918.093,5106.137,1905.170,3049.874,96.059,186.114,10311,19222,2.090,2.200,1.410,3,0,11.007,0,0,17,267,1,37,0
09-03 06:33:13,49.353,18.944,28.914,1.246,0,5067872,229364,162656,2535108,15260.697,10209.692,1383.892,1553.389,29.911,53.840,6995,6686,2.090,2.200,1.410,6,0,399.813,0,0,17,267,1,39,0
09-03 06:33:14,48.375,24.062,25.566,1.253,0,5125720,168100,162776,2538344,14931.697,6343.440,3874.040,1565.056,50.130,80.208,6940,9147,2.090,2.200,1.410,3,0,478.239,0,0,17,268,1,39,0
09-03 06:33:15,65.773,18.757,14.755,0.750,0,5108076,185436,162780,2539056,13476.707,5666.979,860.301,832.291,14.005,65.023,8013,11443,2.090,2.200,1.410,4,0,255.089,0,0,18,270,1,40,0
09-03 06:33:16,71.105,10.479,5.988,11.227,0,5232984,135852,162780,2467120,11435.730,2853.194,3233.420,930.107,163.667,30.937,5314,3663,2.250,2.230,1.420,3,0,12.974,0,0,18,271,1,40,0
09-03 06:33:17,73.135,9.984,9.485,6.989,0,5242632,206820,162816,2389012,16067.824,9310.412,1381.835,1789.197,46.926,93.853,5726,4761,2.250,2.230,1.420,5,0,20.967,0,0,18,278,1,41,0
09-03 06:33:18,51.535,14.832,27.653,5.028,0,5334004,139232,162820,2366188,6674.927,3562.710,1323.321,1114.164,40.223,98.545,7059,9196,2.250,2.230,1.420,2,1,221.224,0,0,18,282,1,43,0
09-03 06:33:19,35.928,8.483,51.397,2.994,0.249,5313388,182752,162832,2344036,25322.226,11107.728,934.127,1061.871,16.966,109.780,6133,7566,2.250,2.230,1.420,2,0,12.974,0,0,18,286,1,44,0
09-03 06:33:20,42.583,10.270,44.587,1.252,0,5348344,131636,162836,2360172,16589961.379,158370.777,773.513,693.356,7.014,52.102,10227,6098,2.250,2.230,1.420,2,0,41.080,0,0,18,287,1,44,0
09-03 06:33:21,28.125,11.449,55.504,3.485,0,5356220,168412,162836,2316940,14976.516,9430.138,2277.888,792.482,25.885,68.695,5565,5749,2.220,2.220,1.420,2,0,229.979,0,0,18,286,1,42,0
09-03 06:33:22,37.996,5.250,54.495,1.250,0,5424576,120008,162836,2297600,18595.259,11070.964,0,607.943,0,51.995,3569,3031,2.220,2.220,1.420,0,0,3.000,0,0,18,292,1,43,0
09-03 06:33:23,24.986,4.248,60.466,9.245,0,5422032,122080,162836,2298088,197641.509,7648007.389,527.705,3510.038,27.984,411.770,6643,7688,2.220,2.220,1.420,1,0,1.999,0,0,18,296,1,45,0
09-03 06:33:24,3.752,3.001,90.545,0.250,0,5350436,193564,162836,2298200,233487.024,8748731.402,0,596.296,0,39.019,2702,2636,2.220,2.220,1.420,0,0,37.018,0,0,18,296,1,45,0
09-03 06:33:25,1.500,1.000,95.985,0,0,5348076,195924,162840,2298196,6968.904,539.915,3.999,463.927,1.000,26.996,1322,1944,2.220,2.220,1.420,0,0,0,0,0,18,296,1,42,0
09-03 06:33:26,11.270,2.003,76.383,8.765,0,5346140,197680,162848,2298368,7863543.184,27175.232,128.223,9252.081,8.014,67.117,5144,5505,2.050,2.190,1.420,2,0,1.002,0,0,18,302,1,42,0
09-03 06:33:27,17.523,10.514,67.089,3.505,0,5268684,258884,162848,2314588,8680944.810,86922.908,64.085,1538.033,4.005,85.113,8399,9062,2.050,2.190,1.420,1,0,219.290,0,0,18,298,1,45,0
09-03 06:33:28,17.732,9.740,67.929,2.997,0,5313184,214300,162848,2314656,5745.021,613.362,27.971,3000.877,1.998,125.869,4158,3933,2.050,2.190,1.420,1,2,246.743,0,0,18,298,1,45,0
09-03 06:33:29,15.028,12.023,59.362,12.774,0,5271560,255844,162852,2314732,10797.290,541.017,56.105,12583.646,4.008,1007.894,5365,4018,2.050,2.190,1.420,1,0,190.358,0,0,18,298,1,39,0
09-03 06:33:30,9.253,19.755,69.269,0.250,0,5275576,251772,162852,2314788,6839.899,540.150,0,5273.464,0,26.007,6331,5494,2.050,2.190,1.420,3,1,407.113,0,0,18,302,1,39,0
09-03 06:33:31,2.738,2.987,86.135,5.726,0,5275252,252072,162852,2314812,7804.890,483.947,15.932,15617.746,0.996,55.763,2070,2338,1.960,2.170,1.410,0,0,73.687,0,0,18,302,1,39,0
09-03 06:33:32,18.259,3.752,75.537,1.000,0,5333672,193648,162852,2314816,7996.898,540.263,0,60.029,0,7.003,2172,2003,1.960,2.170,1.410,1,0,9.004,0,0,18,302,1,39,0
09-03 06:33:33,17.791,3.759,77.179,1.002,0,5318492,208744,162852,2314900,13580.556,9496.065,64.149,517.202,4.009,54.126,2868,2887,1.960,2.170,1.410,1,0,19.044,0,0,18,306,1,38,0
09-03 06:33:34,10.993,16.490,70.457,0.500,0,5305476,221528,162856,2315080,4441.313,539.673,11.993,4237.436,2.998,12.992,5573,4393,1.960,2.170,1.410,2,0,246.851,0,0,18,306,1,38,0
09-03 06:33:35,11.519,16.527,70.867,0,0,5303272,223484,162856,2315296,7970.143,540.892,0,0,0,0,5442,4334,1.960,2.170,1.410,2,0,220.363,0,0,18,306,1,38,0
09-03 06:33:36,19.677,8.220,69.493,1.494,0,5341420,185220,162856,2315400,5496.635,538.007,67.749,243.099,3.985,23.911,3835,3555,1.810,2.130,1.410,1,0,116.568,0,0,18,306,1,38,0
09-03 06:33:37,25.002,4.000,67.254,2.750,0,5398656,127868,162856,2315516,7115.460,610.039,104.007,3092.200,1.000,171.011,3043,3288,1.810,2.130,1.410,1,0,6.000,0,0,18,310,1,36,0
09-03 06:33:38,20.261,3.002,71.289,3.752,0,5275568,282316,162860,2285384,8874.825,528.287,316.172,292.159,13.007,33.018,2831,2839,1.810,2.130,1.410,1,0,7.004,0,0,18,310,1,36,0
09-03 06:33:39,23.486,2.998,67.710,5.247,0,5350876,206968,162860,2285424,8900.752,539.682,23.986,12140.842,3.998,29.982,2310,2026,1.810,2.130,1.410,1,0,0,0,0,18,310,1,36,0
09-03 06:33:40,20.002,3.750,73.756,1.250,0,5380808,177008,162860,2285436,12099.948,7690.602,0,360.028,0,38.003,3078,3247,1.810,2.130,1.410,1,0,6.000,0,0,18,320,1,37,0
09-03 06:33:41,23.261,4.002,71.283,0.250,0,5371620,186132,162860,2285500,6553.039,634.294,0,304.141,0,18.008,2440,2117,1.740,2.110,1.400,1,0,15.007,0,0,18,314,1,36,0
09-03 06:33:42,23.295,4.258,71.639,0,0,5385076,172548,162860,2285628,3807.412,541.053,0,60.117,0,4.008,2588,2083,1.740,2.110,1.400,1,0,46.090,0,0,18,314,1,36,0
09-03 06:33:43,9.230,19.207,68.598,1.746,0,5349252,208252,162868,2285772,7948.361,538.804,411.088,526.831,8.980,27.938,6237,5355,1.740,2.110,1.400,1,0,418.072,0,0,18,314,1,36,0
09-03 06:33:44,19.496,7.249,70.987,1.250,0,5391012,166336,163012,2285796,7250.675,539.901,147.973,0,7.999,0,3439,2971,1.740,2.110,1.400,1,0,140.974,0,0,18,314,1,36,0
09-03 06:33:45,17.752,2.750,76.510,1.750,0,5399268,153360,163204,2290212,15500.038,2964.390,28.004,864.114,7.001,11.001,2127,1895,1.740,2.110,1.400,1,0,17.002,0,0,18,314,1,35,0
09-03 06:33:46,20.743,2.749,73.725,1.000,0,5390456,160748,163264,2291560,11977.910,1757.400,31.989,423.855,1.000,11.996,2261,2145,1.680,2.090,1.400,0,0,17.994,0,0,18,315,1,35,0
09-03 06:33:47,20.835,4.016,71.290,2.259,0,5362084,183520,163648,2296632,12208.613,2392.723,0,1313.337,0,46.188,8880,15654,1.680,2.090,1.400,1,0,7.029,0,0,18,314,1,35,0
09-03 06:33:48,18.921,3.983,74.935,0.996,0,5347940,196888,163700,2297336,12633.971,3532.174,47.799,517.826,6.971,10.954,4744,7072,1.680,2.090,1.400,1,0,8.962,0,0,18,315,1,35,0
09-03 06:33:49,22.257,5.752,69.772,0.500,0,5335988,208704,163748,2297424,6303.031,540.174,0,168.054,0,2.001,10840,19854,1.680,2.090,1.400,1,0,19.006,0,0,18,315,1,35,0
09-03 06:33:50,15.493,11.745,69.470,1.999,0,5296800,257728,163836,2287540,9537.932,713.696,0,1363.419,0,36.984,4900,4578,1.680,2.090,1.400,1,0,268.885,0,0,18,314,1,35,0
09-03 06:33:51,24.513,2.751,69.788,1.501,0,5345176,209176,163836,2287716,8885.807,582.315,0,280.152,0,24.013,2493,2322,1.630,2.080,1.400,1,0,1.001,0,0,18,314,1,35,0
09-03 06:33:52,17.066,4.517,77.048,0.251,0,5263048,291256,163840,2287760,15006.103,10849.007,16.062,297.151,1.004,23.089,3102,3041,1.630,2.080,1.400,2,0,46.179,0,0,18,314,1,38,0
09-03 06:33:53,21.405,5.725,71.433,0,0,5336428,217872,163840,2287764,7628.107,537.611,0,139.381,0,6.969,2820,2515,1.630,2.080,1.400,2,0,70.686,0,0,18,314,1,38,0
09-03 06:33:54,18.001,5.500,75.755,0.500,0,5315356,238796,163840,2287912,13655.866,9110.578,0,772.049,0,174.011,3056,2801,1.630,2.080,1.400,1,1,70.004,0,0,18,314,1,39,0
09-03 06:33:55,20.259,2.251,72.031,3.502,0,5330396,223752,163840,2287916,12984.628,6255.711,0,2008.871,0,243.105,2574,2397,1.630,2.080,1.400,2,0,0,0,0,18,315,1,39,0
09-03 06:33:56,20.488,6.246,73.208,0,0,5338104,215904,163840,2288056,15105.235,7848.446,0,0,0,0,2867,2558,1.740,2.090,1.410,1,1,55.968,0,0,18,314,1,40,0
09-03 06:33:57,20.514,2.001,74.550,1.251,0,5372908,181088,163840,2288068,9035.115,6257.235,0,300.203,0,22.015,2332,2467,1.740,2.090,1.410,1,0,1.001,0,0,18,315,1,40,0
09-03 06:33:58,20.985,5.496,72.699,0,0,5395508,158468,163840,2288088,11208.203,5044.491,0,159.889,0,9.993,3023,2702,1.740,2.090,1.410,2,0,33.976,0,0,18,314,1,43,0
09-03 06:33:59,18.819,3.513,76.028,0.251,0,5407724,146112,163840,2288228,16190.147,9717.501,0,84.308,0,9.033,4381,6115,1.740,2.090,1.410,3,0,1.004,0,0,18,315,1,43,0
09-03 06:34:00,24.431,6.980,66.812,0.748,0.249,5340468,213352,163840,2288244,6692.126,2354.360,0,1603.478,0,246.305,4300,10048,1.740,2.090,1.410,1,0,82.767,0,0,18,314,1,45,0
09-03 06:34:01,20.755,2.751,74.519,0.500,0,5366192,187604,163840,2288268,16315.144,9177.331,0,360.091,0,32.008,2859,2824,1.840,2.110,1.420,1,0,1.000,0,0,18,319,1,46,0
09-03 06:34:02,22.462,4.991,71.128,0.749,0,5361648,192144,163840,2288272,7201.694,2068.466,0,387.338,0,23.959,2777,2449,1.840,2.110,1.420,1,0,31.945,0,0,18,316,1,46,0
09-03 06:34:03,15.006,1.751,82.281,0,0,5368664,185112,163844,2288284,17156.426,10649.989,0,176.066,0,19.007,2431,2660,1.840,2.110,1.420,0,0,0,0,0,18,317,1,46,0
09-03 06:34:04,10.502,9.002,74.767,4.751,0,5348940,203576,164428,2288960,13162.034,3115.718,1124.259,948.219,251.058,42.010,4255,4262,1.840,2.110,1.420,0,0,180.042,0,0,18,318,1,47,0
09-03 06:34:05,3.013,3.515,90.378,2.008,0,5341844,210584,164460,2289016,15862.278,2722.375,0,289.208,0,21.088,1974,2336,1.840,2.110,1.420,1,0,43.180,0,0,18,316,1,48,0
09-03 06:34:06,5.230,4.732,87.914,0.747,0,5342408,210004,164460,2289032,16230.026,3908.077,0,239.087,0,17.932,2657,2937,1.770,2.090,1.410,1,0,84.677,0,0,18,316,1,43,1
09-03 06:34:07,14.309,9.790,70.539,4.267,0,5363328,188516,164484,2289576,7623.235,596.444,477.958,433.777,36.148,33.136,4440,4486,1.770,2.090,1.410,0,1,212.872,0,0,18,318,1,43,0
09-03 06:34:08,21.659,3.236,71.449,1.743,0,5340712,199308,165228,2300552,7658.770,962.948,163.313,820.547,14.937,12.946,2536,2282,1.770,2.090,1.410,0,0,18.920,0,0,18,319,1,43,0
09-03 06:34:09,12.999,1.750,79.243,5.250,0,5328892,207868,165268,2303752,18867.427,4761.603,0,3207.733,0,173.985,2177,2063,1.770,2.090,1.410,1,0,2.000,0,0,18,318,1,43,0
09-03 06:34:10,13.558,10.545,67.790,6.277,0,5300708,233220,165280,2306524,7422.787,616.641,972.163,3374.450,17.073,122.525,5391,5564,1.770,2.090,1.410,1,0,220.946,0,0,18,318,1,38,0
09-03 06:34:11,21.499,6.000,71.748,0.250,0,5369072,164840,165280,2306540,7671.784,613.983,0,259.993,0,18.999,2872,2572,1.790,2.090,1.420,1,0,80.998,0,0,18,320,1,38,0
09-03 06:34:12,16.754,3.751,77.517,0,0,5377284,156604,165280,2306564,26515.657,23155.940,0,24.005,0,3.001,2773,2560,1.790,2.090,1.420,2,0,47.010,0,0,18,320,1,40,0
09-03 06:34:13,20.658,3.484,74.667,0.498,0,5409348,150012,165280,2282508,5876.753,2919.959,0,111.502,0,11.947,2295,2131,1.790,2.090,1.420,0,0,0,0,0,18,321,1,40,0
09-03 06:34:14,17.576,3.766,73.820,3.766,0,5367644,191148,165280,2283076,14692.603,7288.551,433.878,228.991,26.113,16.070,2619,2438,1.790,2.090,1.420,1,0,14.061,0,0,18,320,1,35,0
09-03 06:34:15,19.681,2.740,75.983,0,0,5406992,151792,165280,2283084,8813.000,6099.545,0,1000.481,0,217.236,2214,1821,1.790,2.090,1.420,0,0,0,0,0,18,321,1,35,0
09-03 06:34:16,16.490,3.248,68.207,10.743,0,5400376,156412,165280,2285080,12061.396,1582.003,1934.780,1279.194,76.951,167.894,4153,5638,1.730,2.070,1.410,0,1,1.999,0,0,18,323,1,35,0
09-03 06:34:17,22.753,4.250,66.758,4.751,0,5373456,182984,165280,2285428,7236.826,1726.197,336.038,916.105,20.002,91.010,4275,5724,1.730,2.070,1.410,1,0,7.001,0,0,18,324,1,36,0
09-03 06:34:18,18.751,2.250,75.756,2.500,0,5390640,165788,165280,2285440,18066.422,9831.774,0,340.027,0,18.001,2557,2431,1.730,2.070,1.410,0,0,0,0,0,18,325,1,31,0
09-03 06:34:19,18.585,6.781,62.789,10.046,0,5347992,208284,165280,2285592,8811.525,2149.888,96.444,4886.473,4.018,321.479,5886,8166,1.730,2.070,1.410,1,0,71.328,0,0,18,324,1,32,0
09-03 06:34:20,8.489,22.472,63.921,3.745,0,5340400,215808,165280,2285660,4412.525,613.239,0,986.776,0,78.902,7629,7715,1.730,2.070,1.410,2,0,718.109,0,0,18,324,1,32,0
09-03 06:34:21,8.503,22.509,67.276,0.250,0,5327996,228172,165280,2285700,3337.278,540.207,0,396.152,0,40.015,7571,7379,1.670,2.050,1.410,2,0,727.279,0,0,18,324,1,32,0
09-03 06:34:22,9.257,23.017,67.300,0,0,5326960,229168,165280,2285744,7235.414,540.404,0,536.401,0,43.032,7602,7453,1.670,2.050,1.410,1,0,737.552,0,0,18,324,1,30,0
09-03 06:34:23,8.001,22.501,67.754,0.250,0,5316168,239920,165280,2285784,5011.316,540.034,0,228.014,0,22.001,7267,6822,1.670,2.050,1.410,1,0,681.043,0,0,18,324,1,30,0
09-03 06:34:24,8.490,22.723,66.422,1.249,0,5306704,249348,165280,2285820,7356.308,539.363,0,299.646,0,27.967,7441,7034,1.670,2.050,1.410,1,0,676.201,0,0,18,324,1,30,0
09-03 06:34:25,15.457,12.465,70.553,0.748,0,5341016,321160,165308,2190224,5400.903,484.645,3.989,2094.146,0.997,24.930,4290,3967,1.670,2.050,1.410,2,0,227.364,0,0,18,324,1,30,0
09-03 06:34:26,22.991,2.999,69.473,3.499,0,5349616,301504,165776,2200804,10930.746,539.790,15.994,3462.652,2.999,226.912,2682,2121,1.610,2.030,1.410,1,0,16.993,0,0,18,324,1,27,0
09-03 06:34:27,12.999,1.250,80.743,3.750,0,5365692,284620,165776,2201608,19083.332,6448.436,527.954,767.933,24.998,18.998,1846,1895,1.610,2.030,1.410,1,0,1.000,0,0,18,325,1,27,0
09-03 06:34:28,10.995,1.249,80.714,5.997,0,5367520,282100,165776,2202300,20342.822,11792.679,395.821,1427.356,42.981,44.980,1912,2118,1.610,2.030,1.410,0,1,0,0,0,18,325,1,27,0
09-03 06:34:29,15.002,1.750,76.758,5.251,0,5393584,254884,165776,2203448,20313.241,9295.026,892.098,1464.162,47.005,63.007,2219,2460,1.610,2.030,1.410,0,0,0,0,0,18,325,1,27,0
09-03 06:34:30,12.252,1.000,79.016,6.251,0,5392196,255384,165776,2204332,20879.117,10017.975,676.133,1304.257,48.009,53.010,2012,2314,1.610,2.030,1.410,0,0,0,0,0,18,325,1,24,0
09-03 06:34:31,14.248,1.500,79.237,3.499,0,5393140,253396,165776,2205368,19585.876,10223.369,743.881,1503.760,38.994,65.989,2000,2066,1.560,2.010,1.410,1,0,0,0,0,18,325,1,24,0
09-03 06:34:32,13.751,2.000,74.753,8.250,0,5396816,220888,165776,2234196,13648.601,4502.198,11792.519,1028.045,130.006,41.002,2127,2109,1.560,2.010,1.410,1,0,1.000,0,0,18,325,1,24,0
09-03 06:34:33,21.499,2.500,71.747,3.000,0,5412520,193180,165780,2246052,4953.779,485.978,0,1063.953,0,48.998,2504,2475,1.560,2.010,1.410,2,0,0,0,0,18,325,1,24,0
09-03 06:34:34,22.004,1.500,71.763,3.001,0,5404716,185380,165816,2261360,8156.502,610.112,0,1324.244,0,30.006,2357,2183,1.560,2.010,1.410,1,0,0,0,0,18,325,1,23,0
09-03 06:34:35,19.262,3.002,72.296,5.003,0,5423052,146596,165960,2281416,9656.209,540.347,0,3033.951,0,115.074,2510,2566,1.560,2.010,1.410,0,1,0,0,0,18,325,1,23,0
09-03 06:34:36,20.740,2.499,70.965,4.498,0,5417544,126448,166244,2306588,3329.342,539.731,0,2442.784,0,98.951,2682,2958,1.520,2,1.400,1,0,1.000,0,0,18,325,1,23,0
09-03 06:34:37,21.499,2.750,70.748,3.750,0,5429780,134880,166748,2285908,8272.756,605.982,0,2655.922,0,101.997,2889,3124,1.520,2,1.400,2,0,2.000,0,0,18,324,1,23,1
09-03 06:34:38,22.256,5.001,71.019,1.250,0,5365380,199344,166748,2285792,8599.285,1141.303,0,488.130,0,6.002,2717,2213,1.520,2,1.400,1,0,35.009,0,0,18,325,1,23,0
09-03 06:34:39,19.742,2.999,73.721,1.999,0,5367500,191564,166748,2291452,9225.405,2396.066,31.988,1463.430,1.000,36.986,2415,2482,1.520,2,1.400,1,0,1.999,0,0,18,324,1,23,0
09-03 06:34:40,16.968,3.743,71.615,6.488,0,5373300,181524,166748,2295684,14085.441,3486.426,0,18329.438,0,352.336,3218,3137,1.520,2,1.400,2,1,17.966,0,0,18,325,1,23,0
09-03 06:34:41,40.738,9.807,43.756,4.526,0,5425848,127664,166764,2296960,8546.934,812.748,515.009,4140.188,4.024,105.617,13199,22097,1.560,2,1.410,2,0,21.123,0,0,18,324,1,23,0
09-03 06:34:42,29.882,8.716,57.524,1.743,0,5427444,141548,166784,2281628,7515.426,537.883,509.993,1027.955,3.984,181.287,10917,18677,1.560,2,1.410,2,0,23.906,0,0,18,324,1,23,0
09-03 06:34:43,19.826,5.521,71.272,2.008,0,5312708,267704,166788,2270332,6513.853,584.229,0,1626.205,0,13.050,2548,2183,1.560,2,1.410,2,0,10.038,0,0,18,324,1,22,0
09-03 06:34:44,23.462,5.990,68.640,0,0,5335372,245024,166792,2270344,6057.258,581.065,0,0,0,0,10934,19998,1.560,2,1.410,1,0,65.894,0,0,18,324,1,22,0
09-03 06:34:45,17.751,2.750,76.753,1.750,0,5362836,213144,166792,2274760,16201.631,2964.115,0,1520.059,0,11.000,2141,1860,1.560,2,1.410,1,0,21.001,0,0,18,324,1,22,0
09-03 06:34:46,19.954,3.492,75.575,0,0,5361076,213600,166792,2276064,13888.828,2636.892,0,307.288,0,5.986,2338,1980,1.510,1.980,1.410,0,0,18.956,0,0,18,325,1,22,0
09-03 06:34:47,21.510,5.252,69.782,1.000,0,5359580,209632,166792,2281432,13207.086,1552.715,0,1040.479,0,27.012,11029,19825,1.510,1.980,1.410,1,0,15.007,0,0,18,324,1,22,0
09-03 06:34:48,21.738,6.746,69.213,0,0,5360432,208420,166820,2281748,8181.656,485.742,0,167.911,0,1.999,10822,19589,1.510,1.980,1.410,1,0,19.989,0,0,18,324,1,22,0
09-03 06:34:49,21.313,5.015,70.707,2.006,0,5348612,231688,166840,2270392,7610.321,541.589,32.094,1548.542,1.003,39.115,2844,2723,1.510,1.980,1.410,4,0,22.065,0,0,18,324,1,22,0
09-03 06:34:50,22.447,5.487,69.087,1.496,0,5318804,261472,166840,2270416,7195.062,538.732,0,359.155,0,25.939,3572,3369,1.510,1.980,1.410,1,0,93.779,0,0,18,324,1,22,0
09-03 06:34:51,23.000,3.750,71.501,1.250,0,5349452,219480,167524,2281008,7577.149,540.011,0,1324.026,0,31.001,2689,2637,1.470,1.960,1.400,1,0,20.000,0,0,18,324,1,22,0
09-03 06:34:52,14.752,1.250,80.010,2.250,0,5366192,202344,167544,2281312,18225.224,7936.969,0,1340.164,0,41.005,2092,2382,1.470,1.960,1.400,0,0,1.000,0,0,18,325,1,22,0
09-03 06:34:53,11.743,1.749,81.952,3.498,0,5365780,202344,167552,2281716,56464.762,13818.866,0,1966.842,0,76.955,2225,2602,1.470,1.960,1.400,0,0,0,0,0,18,326,1,22,0
09-03 06:34:54,11.746,1.250,81.220,4.248,0,5365392,202344,167640,2282016,135805.124,13230.044,0,1627.390,0,64.976,2013,2143,1.470,1.960,1.400,0,0,0,0,0,18,326,1,22,0
09-03 06:34:55,15.749,1.750,78.995,3.000,0,5381052,186468,167640,2282224,21603.683,9696.409,0,1383.916,0,48.997,2077,2124,1.470,1.960,1.400,0,0,0,0,0,18,326,1,18,0
09-03 06:34:56,14.760,1.751,75.301,6.004,0,5397660,169372,167652,2282676,289044.165,12804.690,0,11123.549,0,124.084,2344,2254,1.350,1.930,1.400,0,0,1.001,0,0,18,326,1,18,0
09-03 06:34:57,6.497,1.249,77.958,12.243,0,5397984,168616,167792,2282940,90565.647,15104.936,27.985,3054.369,3.998,230.877,2104,2491,1.350,1.930,1.400,0,1,0.999,0,0,18,326,1,18,0
09-03 06:34:58,14.251,1.500,79.256,4.000,0,5402932,163112,167872,2283404,64023.801,15272.145,104.008,2092.157,6.000,88.007,2445,2766,1.350,1.930,1.400,0,0,2.000,0,0,18,326,1,18,0
09-03 06:34:59,8.035,2.762,80.848,5.775,0,5396888,129692,167936,2322756,16071777.402,138114.814,16.069,7122.623,1.004,86.371,7508,4898,1.350,1.930,1.400,0,1,4.017,0,0,18,326,1,14,0
09-03 06:35:00,12.946,5.726,68.465,10.954,0,5395160,160116,168020,2293920,1793653.481,15282.358,163.320,13189.075,3.983,79.668,3788,7345,1.350,1.930,1.400,1,0,36.847,0,0,18,326,1,15,0
09-03 06:35:01,18.077,2.762,69.296,9.039,0,5390320,153532,170824,2302492,9586.883,542.313,0,4655.855,0,111.475,2729,2734,1.320,1.920,1.390,1,0,1.004,0,0,18,326,1,15,0
09-03 06:35:02,24.470,3.496,67.668,2.497,0,5401580,126340,171584,2317408,5957.793,539.348,0,2660.781,0,50.938,4260,5602,1.320,1.920,1.390,1,0,3.995,0,0,18,326,1,15,0
09-03 06:35:03,25.926,2.991,68.306,1.745,0.249,5404324,124412,171936,2316252,8069.039,484.621,0,1348.164,0,56.838,3282,3238,1.320,1.920,1.390,1,0,0,0,0,18,326,1,13,0
09-03 06:35:04,19.743,2.999,67.476,8.497,0,5404396,129428,172736,2310584,5676.979,539.808,0,4590.366,0,219.922,2979,3209,1.320,1.920,1.390,1,0,0,0,0,18,326,1,13,0
09-03 06:35:05,16.986,3.997,70.191,7.494,0,5401644,129232,173480,2312864,9333.215,539.550,0,9416.145,0,153.872,2630,2685,1.320,1.920,1.390,0,1,0,0,0,18,326,1,13,0
09-03 06:35:06,19.030,3.005,68.607,8.513,0,5405216,118492,174436,2318444,10587.573,540.847,0,15784.708,0,180.282,2888,3219,1.460,1.930,1.400,1,0,1.002,0,0,18,326,1,13,0
09-03 06:35:07,18.749,2.250,52.747,25.499,0,5406400,120632,174860,2314620,4404.760,539.971,0,19562.933,0,225.988,2892,3212,1.460,1.930,1.400,1,0,2.000,0,0,18,326,1,10,0
09-03 06:35:08,10.740,2.748,65.691,19.732,0,5406912,140044,175152,2294352,9335.580,539.513,0,13012.264,0,136.877,2267,2485,1.460,1.930,1.400,0,1,0,0,0,18,326,1,10,0
09-03 06:35:09,6.246,2.748,64.457,24.484,0,5410612,123676,175432,2306640,5877.070,613.590,31.979,23148.520,0.999,183.877,3285,4977,1.460,1.930,1.400,1,1,0,0,0,18,326,1,10,0
09-03 06:35:10,10.508,2.752,57.044,28.772,0,5406812,122752,175668,2310756,4749.677,614.476,0,22837.679,0,457.354,2919,3330,1.460,1.930,1.400,1,0,0,0,0,18,326,1,10,0
09-03 06:35:11,7.501,1.750,51.755,37.253,0,5402620,146796,175900,2290704,8471.759,560.050,32.003,33254.981,8.001,115.010,1858,2124,1.660,1.970,1.420,0,3,0,0,0,18,326,1,10,0
09-03 06:35:12,7.003,2.501,63.524,25.259,0,5402572,143800,176188,2293388,8704.238,614.228,4.001,17818.628,1.000,168.063,2184,2587,1.660,1.970,1.420,0,1,0,0,0,18,326,1,10,0
09-03 06:35:13,5.999,2.750,58.742,31.495,0,5403276,141124,176352,2295160,9044.703,613.912,0,18181.392,0,305.956,1979,2359,1.660,1.970,1.420,0,1,0,0,0,18,326,1,10,0
09-03 06:35:14,14.261,2.502,74.809,7.756,0,5291084,287624,176352,2260752,15908.515,3277.579,0,24567.327,0,224.176,2395,2451,1.660,1.970,1.420,1,0,1.001,0,0,18,324,1,10,0
09-03 06:35:15,18.233,3.996,75.679,0.250,0,5344204,234460,176376,2260772,10738.931,2581.580,0,17999.124,0,316.703,2697,2951,1.660,1.970,1.420,1,1,33.968,0,0,18,325,1,6,0
09-03 06:35:16,15.015,2.753,64.815,16.266,0,5338272,234772,176376,2266216,10584.601,854.856,0,17793.821,0,241.242,2347,2477,1.690,1.970,1.420,1,0,1.001,0,0,18,324,1,6,0
09-03 06:35:17,18.237,2.748,72.949,3.997,0,5357264,215396,176380,2266500,16266.629,3478.568,0,15729.005,0,155.891,2598,2192,1.690,1.970,1.420,2,0,18.987,0,0,18,325,1,6,0
09-03 06:35:18,21.841,5.774,69.288,2.510,0,5373768,192580,176408,2271856,7544.404,704.934,0,787.277,0,12.050,10725,19589,1.690,1.970,1.420,1,0,14.059,0,0,18,324,1,6,0
09-03 06:35:19,22.910,5.977,64.995,4.482,0,5368120,197876,176468,2272116,7891.009,537.888,0,2390.611,0,25.898,11593,20337,1.690,1.970,1.420,1,0,12.949,0,0,18,324,1,4,0
09-03 06:35:20,21.229,6.743,67.933,2.498,0,5369836,196112,176488,2272144,10240.920,613.396,0,943.072,0,50.950,2769,2578,1.690,1.970,1.420,1,1,6.993,0,0,18,324,1,4,0
09-03 06:35:21,21.552,4.010,69.918,3.007,0,5371920,204380,176808,2262536,9252.180,541.298,248.596,1391.335,4.010,44.106,2867,3070,1.630,1.950,1.420,1,0,7.017,0,0,18,324,1,4,0
09-03 06:35:22,18.044,4.511,65.912,11.027,0,5376504,198248,176916,2263976,4815.869,541.334,296.731,2442.018,7.017,65.161,4292,5799,1.630,1.950,1.420,1,0,1.002,0,0,18,326,1,5,0
09-03 06:35:23,16.674,3.235,66.447,10.950,0,5371484,202528,176916,2264716,5445.195,537.551,589.315,1441.434,33.846,180.179,5885,9111,1.630,1.950,1.420,0,1,0.995,0,0,18,327,1,9,0
09-03 06:35:24,12.807,12.807,61.523,11.300,0,5337584,235972,176916,2265172,7595.729,542.409,257.142,3640.164,9.040,444.976,6708,7518,1.630,1.950,1.420,1,0,357.588,0,0,18,326,1,9,0
09-03 06:35:25,10.458,7.470,70.221,10.458,0,5335920,235208,176992,2267492,7135.680,537.865,2334.734,350.608,218.134,16.933,3267,3276,1.630,1.950,1.420,0,1,92.632,0,0,18,326,1,11,0
09-03 06:35:26,6.254,2.251,71.294,18.261,0,5300244,239316,176992,2299060,8383.158,486.299,31615.452,712.438,1664.024,18.011,3770,5333,1.580,1.940,1.410,0,1,0,0,0,18,326,1,11,0
09-03 06:35:27,7.242,3.246,70.672,16.981,0.250,5300280,230064,176992,2308276,7807.408,1553.291,9217.856,3659.972,1599.240,143.842,3768,5884,1.580,1.940,1.410,0,0,6.992,0,0,18,327,1,11,0
09-03 06:35:28,1.750,0.500,95.771,0.500,0,5298296,232048,176992,2308276,12986.807,2121.458,0,132.029,0,12.003,1333,1863,1.580,1.940,1.410,0,0,0,0,0,18,327,1,11,0
09-03 06:35:29,19.751,5.750,71.004,2.250,0,5265180,264764,177124,2308544,305120.394,5535.316,136.008,140.008,4.000,10.001,3008,2527,1.580,1.940,1.410,3,0,25.001,0,0,18,322,1,16,0
09-03 06:35:30,49.820,10.264,39.305,0.250,0,4995312,534620,177124,2308384,4406.192,540.760,8.011,156.220,2.003,21.030,3933,2887,1.580,1.940,1.410,4,0,8.011,0,0,18,300,1,19,0
09-03 06:35:31,86.789,12.542,0.502,0,0,5169208,360536,177124,2308736,4115.685,541.802,0,345.148,0,29.097,5598,3499,1.780,1.970,1.430,6,0,1.003,0,0,18,302,1,20,0
09-03 06:35:32,84.003,14.250,1.000,1.000,0,5210400,317664,177124,2310416,10979.357,582.019,192.006,1788.058,8.000,89.003,8162,8450,1.780,1.970,1.430,4,0,6.000,0,0,18,302,1,20,0
09-03 06:35:33,47.301,10.207,40.829,0.747,0,5286888,241088,177124,2310504,6004.785,537.742,0,450.110,0,36.845,4117,3582,1.780,1.970,1.430,3,0,0.996,0,0,18,300,1,25,0
09-03 06:35:34,42.145,12.292,43.650,1.254,0,5248692,278244,177124,2311544,9043.115,487.678,545.878,1693.828,5.017,66.228,7095,9914,1.780,1.970,1.430,2,0,9.031,0,0,18,289,1,28,0
09-03 06:35:35,23.647,2.738,72.187,0.249,0,5309268,217580,177124,2311632,4524.352,537.665,0,219.049,0,11.948,2184,1894,1.780,1.970,1.430,1,0,0.996,0,0,18,289,1,28,0
09-03 06:35:36,31.258,5.001,60.516,3.001,0,5348384,177100,177132,2312988,72936.894,34338.895,380.098,548.142,11.003,48.012,4956,6884,1.710,1.960,1.430,1,0,3.001,0,0,18,291,1,34,0
09-03 06:35:37,32.562,2.254,63.371,0.501,0,5346996,178280,177132,2313196,166647.476,79771.971,0,2576.909,0,44.084,4437,3937,1.710,1.960,1.430,0,0,2.004,0,0,18,291,1,34,0
09-03 06:35:38,21.710,3.993,59.891,11.978,0,5355016,170184,177132,2313272,84353.514,37663.469,0,19141.172,0,274.501,4501,5768,1.710,1.960,1.430,0,3,0,0,0,18,299,1,34,0
09-03 06:35:39,2.250,1.250,74.494,20.498,0,5353896,171304,177132,2313272,10542.204,539.959,0,14642.894,0,280.979,2018,2856,1.710,1.960,1.430,1,2,0,0,0,18,299,1,34,0
09-03 06:35:40,2.500,2.000,61.503,32.502,0,5341376,183820,177132,2313276,9443.483,540.028,0,26801.369,0,792.040,2447,2634,1.710,1.960,1.430,0,0,0,0,0,18,299,1,34,0
09-03 06:35:41,1.250,1.000,92.508,3.500,0,5339948,185248,177132,2313276,5080.450,580.051,0,1320.117,0,78.007,1240,1995,1.580,1.920,1.420,0,1,0,0,0,18,299,1,34,0
09-03 06:35:42,2.249,0.250,95.968,0.250,0,5338692,186504,177132,2313276,6945.667,539.819,0,11.996,0,2.999,1330,1915,1.580,1.920,1.420,0,0,0,0,0,18,299,1,34,0
09-03 06:35:43,1.500,0.750,96.526,0.250,0,5337844,187352,177132,2313276,7402.976,540.144,0,72.019,0,6.002,1172,1765,1.580,1.920,1.420,0,0,0,0,0,18,299,1,34,0
09-03 06:35:44,2.750,1.500,95.245,0,0,5335868,189328,177132,2313276,9889.462,539.971,0,463.975,0,6.000,1393,1796,1.580,1.920,1.420,0,0,6.000,0,0,18,299,1,34,0
09-03 06:35:45,1.499,0.250,90.963,5.498,0,5332776,192420,177132,2313276,8013.757,613.752,0,5833.639,0,408.835,1428,1670,1.580,1.920,1.420,0,0,0,0,0,18,299,1,34,0
09-03 06:35:46,2.251,2.001,87.548,7.504,0,5331876,193280,177132,2313316,7014.833,540.295,32.017,12134.630,1.001,158.086,1834,2665,1.530,1.910,1.420,0,0,0,0,0,18,299,1,34,0
09-03 06:35:47,1.750,0.500,95.515,0.750,0,5330864,194292,177132,2313316,8379.287,540.083,0,320.049,0,24.004,1267,1864,1.530,1.910,1.420,0,0,1.000,0,0,18,299,1,34,0
09-03 06:35:48,2.501,1.000,95.786,0.250,0,5329660,195488,177132,2313324,7851.947,540.203,0,64.024,0,7.003,1300,1852,1.530,1.910,1.420,3,0,0,0,0,18,299,1,34,0
09-03 06:35:49,1.998,0.749,93.903,1.498,0,5328924,196224,177132,2313324,4387.491,485.501,0,447.540,0,39.959,1600,2512,1.530,1.910,1.420,0,0,0,0,0,18,299,1,34,0
09-03 06:35:50,2.001,1.250,96.031,0,0,5328220,196928,177132,2313324,7824.546,540.176,0,84.027,0,12.004,1406,2059,1.530,1.910,1.420,0,0,0,0,0,18,299,1,34,0
09-03 06:35:51,2.501,0.750,88.522,7.002,0,5328080,197068,177132,2313324,8744.200,540.136,0,6961.751,0,191.048,1722,2259,1.410,1.880,1.410,1,0,1.000,0,0,18,299,1,34,0
09-03 06:35:52,1.999,0.750,94.472,1.000,0,5328148,197228,177132,2313328,7628.735,539.840,0,1031.694,0,24.993,1504,2210,1.410,1.880,1.410,0,0,1.000,0,0,18,299,1,34,0
09-03 06:35:53,1.999,0.500,96.969,0,0,5328180,197196,177132,2313328,7563.564,539.826,0,0,0,0,1147,1661,1.410,1.880,1.410,1,0,0,0,0,18,299,1,34,0
09-03 06:35:54,3.010,3.010,91.550,1.254,0,5328996,196196,177132,2313512,6695.976,541.778,176.580,208.685,10.033,16.053,1884,2173,1.410,1.880,1.410,1,0,39.128,0,0,18,299,1,34,0
09-03 06:35:55,8.257,20.268,69.813,0,0,5340340,184816,177132,2313548,7528.776,540.486,0,60.054,0,4.004,7901,8117,1.410,1.880,1.410,1,0,840.757,0,0,18,299,1,34,0
09-03 06:35:56,8.495,20.987,68.959,0.999,0,5337484,187572,177132,2313648,8320.018,485.709,31.981,127.923,0.999,11.993,7891,8035,1.370,1.860,1.410,2,0,758.546,0,0,18,299,1,34,0
09-03 06:35:57,8.722,17.692,68.029,3.987,0,5341124,158472,177152,2339088,7596.293,538.249,25070.457,1507.098,222.277,37.877,7010,7176,1.370,1.860,1.410,0,1,556.191,0,0,18,299,1,34,0
09-03 06:35:58,17.504,3.501,74.265,3.251,0,5356608,127588,177156,2354452,9221.903,1192.246,15627.224,108.022,127.026,3.001,3121,2885,1.370,1.860,1.410,1,0,29.006,0,0,18,300,1,34,0
09-03 06:35:59,2.500,1.000,94.484,0.500,0,5356440,127588,177156,2354620,182422.518,5225.127,0,415.930,0,39.993,1750,2632,1.370,1.860,1.410,2,0,0,0,0,18,300,1,34,0
09-03 06:36:00,8.249,4.249,85.985,0.250,0,5342716,173996,177152,2322344,689975.333,20534.320,0,167.970,0,17.997,3520,7377,1.370,1.860,1.410,0,0,35.994,0,0,18,300,1,34,0
09-03 06:36:01,2.751,1.750,92.273,0.750,0,5340264,175244,177152,2323548,1335727.858,38572.583,0,2348.583,0,26.006,2669,2648,1.260,1.830,1.400,0,0,0,0,0,18,300,1,34,0
09-03 06:36:02,2.246,0.998,95.575,0,0,5340324,175020,177152,2323712,117339.622,3040.419,0,403.260,0,12.976,1320,1820,1.260,1.830,1.400,0,0,0,0,0,18,300,1,34,0
09-03 06:36:03,2.756,0.752,94.956,0,0,5340168,174780,177152,2324108,598332.003,13625.536,0,4.009,0,1.002,1936,2096,1.260,1.830,1.400,0,0,0,0,0,18,300,1,34,0
09-03 06:36:04,5.485,2.992,88.999,0,0,5342296,171784,177152,2324976,694180.342,16215.178,0,1296.337,0,2.992,4108,5621,1.260,1.830,1.400,0,0,0.997,0,0,18,300,1,34,0
09-03 06:36:05,3.771,1.257,93.780,0,0,5342176,171560,177152,2325320,281496.354,5880.221,0,285.614,0,6.034,1992,2301,1.260,1.830,1.400,0,0,0,0,0,18,300,1,33,0
09-03 06:36:06,3.988,0.748,88.740,4.985,0,5336620,176704,177152,2325732,472117.919,8898.949,31.907,1906.419,0.997,237.305,2601,3024,1.160,1.800,1.390,0,0,0.997,0,0,18,300,1,33,0
09-03 06:36:07,8.248,1.999,84.478,3.749,0,5352088,159912,177448,2326764,236173.077,4641.803,1011.739,563.855,95.975,30.992,2439,2849,1.160,1.800,1.390,1,1,4.999,0,0,18,299,1,34,0
09-03 06:36:08,7.751,7.001,71.758,11.001,0,5368600,122316,177484,2347800,5858.634,660.071,2568.278,20186.183,35.004,262.028,4255,5054,1.160,1.800,1.390,0,1,50.005,0,0,18,299,1,34,0
09-03 06:36:09,5.001,6.751,61.256,26.003,0,5368612,121304,177496,2348772,5071.533,734.077,0,6796.714,0,629.066,4076,5652,1.160,1.800,1.390,0,1,42.004,0,0,18,299,1,34,0
09-03 06:36:10,4.248,6.997,66.972,19.242,0,5367840,119160,177512,2351172,5328.745,613.740,3.998,5553.650,1.000,716.697,4511,6352,1.160,1.800,1.390,1,1,38.984,0,0,18,299,1,34,0
09-03 06:36:11,3.750,6.750,71.245,16.249,0,5346136,166976,177508,2325356,8044.427,679.952,115.992,4891.651,5.000,405.971,3559,4311,1.230,1.800,1.390,0,1,41.997,0,0,18,299,1,34,0
09-03 06:36:12,10.551,7.034,69.337,12.059,0,5363324,146748,177640,2328216,9585.542,616.996,305.483,4534.015,8.039,424.059,3756,4390,1.230,1.800,1.390,1,0,31.151,0,0,18,299,1,34,0
09-03 06:36:13,20.165,5.726,67.964,4.730,0,5361344,147796,177640,2329132,7772.276,611.426,3.983,1772.537,0.996,106.551,3680,3294,1.230,1.800,1.390,1,0,32.862,0,0,18,299,1,34,0
09-03 06:36:14,18.248,7.499,68.492,4.749,0,5373812,134624,177640,2329820,6405.296,613.933,0,1107.878,0,64.993,3324,2841,1.230,1.800,1.390,1,0,23.997,0,0,18,299,1,34,0
09-03 06:36:15,20.836,7.280,67.530,4.519,0,5375152,132368,177640,2330592,8414.920,542.250,4.017,1265.251,1.004,68.283,3433,2987,1.230,1.800,1.390,1,0,28.117,0,0,18,299,1,34,0
09-03 06:36:16,21.895,4.230,68.173,4.727,0,5369708,132032,177864,2335412,5401.100,611.070,67.675,1341.567,13.933,55.733,3341,3548,1.210,1.790,1.390,2,0,13.933,0,0,18,299,1,34,0
09-03 06:36:17,19.257,4.252,70.277,5.002,0,5378420,123832,177872,2334448,4105.599,540.210,112.044,2873.119,28.011,45.018,3810,4972,1.210,1.790,1.390,0,1,17.007,0,0,18,299,1,34,0
09-03 06:36:18,10.753,9.253,69.522,9.253,0,5416404,142048,178068,2279776,6806.183,486.156,968.311,3064.983,93.030,89.029,3326,3361,1.210,1.790,1.390,1,1,39.013,0,0,18,299,1,34,0
09-03 06:36:19,16.255,8.753,70.772,2.501,0,5431800,128548,178080,2275096,8042.480,540.167,248.076,3052.941,15.005,49.015,3349,3174,1.210,1.790,1.390,2,0,38.012,0,0,18,299,1,34,0
09-03 06:36:20,20.741,3.249,72.970,1.749,0,5322424,296028,178116,2217204,3590.517,613.747,55.977,227.906,10.995,24.990,2787,2651,1.210,1.790,1.390,1,0,17.993,0,0,18,299,1,34,0
09-03 06:36:21,1.750,1.000,95.981,0.250,0,5322528,296108,178116,2217096,7315.587,539.896,0,407.921,0,24.995,1385,2104,1.110,1.760,1.380,0,0,1.000,0,0,18,299,1,34,0
09-03 06:36:22,2.500,0.500,94.007,1.500,0,5319548,299088,178116,2217096,5818.436,540.040,0,2224.167,0,356.027,1637,2154,1.110,1.760,1.380,0,1,1.000,0,0,18,299,1,34,0
09-03 06:36:23,1.750,0.750,94.746,2.000,0,5319548,299088,178116,2217096,7724.648,539.975,0,1299.941,0,74.997,1333,1700,1.110,1.760,1.380,0,0,0,0,0,18,299,1,34,0
09-03 06:36:24,1.750,0.500,95.985,0.500,0,5319596,299088,178116,2217096,8973.625,539.917,0,283.957,0,20.997,1284,1790,1.110,1.760,1.380,1,0,0,0,0,18,299,1,34,0
09-03 06:36:25,1.500,1.000,96.015,0.500,0,5319596,299088,178116,2217096,5693.860,540.082,0,40.006,0,6.001,1078,1598,1.110,1.760,1.380,0,0,0,0,0,18,299,1,27,0
09-03 06:36:26,1.249,0.749,95.409,1.249,0,5319580,299088,178116,2217112,10223.204,485.535,15.985,151.854,0.999,11.989,1257,1978,1.030,1.730,1.380,0,0,0,0,0,18,299,1,27,0
09-03 06:36:27,1.751,0.500,96.330,0.250,0,5319568,299088,178116,2217124,9077.510,540.447,0,288.238,0,19.016,1232,1793,1.030,1.730,1.380,0,0,1.001,0,0,18,299,1,27,0
09-03 06:36:28,2.251,0.750,95.773,0,0,5319568,299088,178116,2217124,4650.138,614.150,0,116.028,0,8.002,1259,1801,1.030,1.730,1.380,0,1,0,0,0,18,299,1,27,0
09-03 06:36:29,2.249,0.750,93.469,1.749,0,5319568,299088,178116,2217124,11346.214,609.797,0,143.952,0,22.992,1694,2616,1.030,1.730,1.380,1,0,0,0,0,18,299,1,25,0
09-03 06:36:30,2.251,1.250,95.529,0.250,0,5319564,299088,178116,2217128,7636.297,540.162,0,96.029,0,12.004,1358,2006,1.030,1.730,1.380,0,0,0,0,0,18,299,1,25,0
09-03 06:36:31,1.750,0.250,96.227,0.250,0,5319564,299088,178116,2217128,10103.609,539.872,0,503.881,0,31.992,1156,1694,0.940,1.700,1.370,0,0,0,0,0,18,299,1,25,0
09-03 06:36:32,1.750,0.750,96.250,0.250,0,5319564,299088,178116,2217128,5556.025,540.002,0,420.002,0,91.000,1209,1722,0.940,1.700,1.370,0,0,0,0,0,18,299,1,25,0
09-03 06:36:33,1.750,0.500,96.736,0,0,5319564,299088,178116,2217128,4160.381,485.928,0,3.999,0,1.000,1117,1630,0.940,1.700,1.370,1,0,0,0,0,18,299,1,13,0
09-03 06:36:34,2.251,0.500,96.278,0,0,5319560,299088,178116,2217132,7210.072,540.155,0,0,0,0,1228,1729,0.940,1.700,1.370,0,0,0,0,0,18,299,1,13,0
09-03 06:36:35,1.750,0.750,96.507,0,0,5319560,299088,178116,2217132,5576.404,540.039,0,0,0,0,1084,1623,0.940,1.700,1.370,1,0,0,0,0,18,299,1,13,0
09-03 06:36:36,2.249,0.750,95.218,1.000,0,5319528,299088,178116,2217164,7532.470,539.819,31.989,199.933,1.000,24.992,1522,2409,0.870,1.670,1.360,0,0,1.000,0,0,18,299,1,13,0
09-03 06:36:37,2.501,0.750,95.284,0.750,0,5319520,299088,178116,2217172,5442.967,540.195,0,536.194,0,43.016,1549,2389,0.870,1.670,1.360,0,0,2.001,0,0,18,299,1,4,0
09-03 06:36:38,1.751,1.000,95.278,0.500,0,5319508,299088,178120,2217180,9970.920,540.158,4.001,440.129,1.000,88.026,1361,1818,0.870,1.670,1.360,2,0,0,0,0,18,299,1,4,0
09-03 06:36:39,1.999,1.000,95.472,0.750,0,5319508,299088,178120,2217180,7781.694,539.840,0,447.867,0,43.987,1621,2455,0.870,1.670,1.360,0,0,0,0,0,18,299,1,4,0
09-03 06:36:40,2.000,0.500,95.510,0,0,5319500,299088,178120,2217188,4827.509,540.057,0,104.011,0,12.001,1371,2046,0.870,1.670,1.360,1,0,0,0,0,18,299,1,4,0
09-03 06:36:41,1.500,0.500,96.502,0.750,0,5319500,299088,178120,2217188,4662.087,580.011,0,184.003,0,12.000,1129,1690,0.800,1.640,1.350,1,0,0,0,0,18,299,1,4,0
09-03 06:36:42,1.500,0.750,96.246,0,0,5319500,299088,178120,2217188,7351.669,539.976,0,51.998,0,4.000,1068,1635,0.800,1.640,1.350,1,0,0,0,0,18,299,1,4,0
09-03 06:36:43,2.000,0.750,96.498,0,0,5319500,299088,178120,2217188,7768.810,539.987,0,1047.974,0,11.000,1160,1709,0.800,1.640,1.350,0,0,0,0,0,18,299,1,4,0
09-03 06:36:44,2.750,1.500,92.246,2.250,0,5319500,299088,178120,2217188,11088.479,613.971,0,279.987,0,23.999,1696,2294,0.800,1.640,1.350,0,0,6.000,0,0,18,299,1,4,0
09-03 06:36:45,1.500,0.750,96.512,0,0,5319496,299088,178120,2217192,7794.004,540.070,0,8.001,0,2.000,1152,1622,0.800,1.640,1.350,0,0,0,0,0,18,299,1,4,0
09-03 06:36:46,1.750,0.750,95.998,0.250,0,5319440,299088,178120,2217248,7337.884,539.991,31.999,239.996,1.000,25.000,1279,2007,0.730,1.620,1.350,0,0,0,0,0,18,299,1,4,0
09-03 06:36:47,2.000,1.000,94.745,1.500,0,5319440,299088,178120,2217248,6729.675,539.974,0,439.979,0,32.998,1309,1929,0.730,1.620,1.350,1,0,1.000,0,0,18,299,1,4,0
09-03 06:36:48,1.500,0.500,96.519,0.250,0,5319440,299088,178120,2217248,4535.894,486.096,0,36.007,0,4.001,1146,1710,0.730,1.620,1.350,2,1,0,0,0,18,299,1,4,0
09-03 06:36:49,2.500,2.000,74.736,19.496,0,5312212,306320,178120,2217252,4729.113,539.899,0,55657.563,0,202.962,1838,2664,0.730,1.620,1.350,0,1,0,0,0,18,299,1,4,0
09-03 06:36:50,4.501,1.750,87.523,4.501,0,5324428,293972,178120,2217384,9134.419,540.143,4.001,8482.246,1.000,170.045,2194,3140,0.730,1.620,1.350,2,0,5.001,0,0,18,299,1,4,0
09-03 06:36:51,14.009,2.752,70.793,10.506,0,5338116,277696,178604,2219488,28525.469,12094.407,2561.569,492.301,518.317,14.009,2934,3443,0.750,1.610,1.340,2,0,1.001,0,0,18,300,1,4,0
09-03 06:36:52,19.727,3.496,71.665,3.746,0,5356564,258868,178604,2219876,14235.135,7087.603,83.901,831.015,5.993,28.966,4034,5365,0.750,1.610,1.340,1,0,5.993,0,0,18,305,1,5,0
09-03 06:36:53,14.747,2.000,80.233,0.750,0,5360536,254864,178604,2219908,15910.632,10149.851,15.997,203.957,1.000,19.996,2495,2836,0.750,1.610,1.340,2,0,0,0,0,18,308,1,5,0
09-03 06:36:54,15.312,4.016,75.054,4.769,0,5357980,257188,178604,2220140,19381.552,10977.491,0,2739.101,0,362.469,3602,3988,0.750,1.610,1.340,1,0,5.020,0,0,18,310,1,8,0
09-03 06:36:55,14.445,3.238,77.951,3.487,0,5362484,252656,178604,2220168,13882.698,9327.188,15.939,366.592,0.996,38.851,2812,3272,0.750,1.610,1.340,1,1,4.981,0,0,18,310,1,9,0
09-03 06:36:56,14.004,2.751,80.774,0.750,0,5378984,236012,178604,2220312,15096.541,11104.340,0,256.077,0,26.008,2697,2987,0.770,1.600,1.340,3,0,5.002,0,0,18,310,1,10,0
09-03 06:36:57,15.235,3.247,79.671,0.999,0,5354428,260420,178604,2220460,18416.745,11780.323,0,587.418,0,35.964,3019,3360,0.770,1.600,1.340,2,0,10.989,0,0,18,309,1,12,0
09-03 06:36:58,40.275,9.006,48.531,0.750,0,4997964,616996,178604,2220476,5292.340,540.341,0,356.225,0,38.024,4021,3413,0.770,1.600,1.340,1,0,18.011,0,0,18,291,1,14,0
09-03 06:36:59,68.444,7.772,21.310,2.507,0,5125944,488440,178604,2221156,4934.005,541.537,505.435,212.603,16.046,17.048,4485,2821,0.770,1.600,1.340,4,0,5.014,0,0,18,289,1,14,0
09-03 06:37:00,79.584,9.979,0.998,8.732,0,5201904,406408,178604,2227292,12542.874,3091.560,5648.235,510.936,356.258,44.906,6397,5976,0.770,1.600,1.340,10,0,17.963,0,0,18,289,1,20,0
09-03 06:37:01,71.541,7.029,18.575,2.510,0,5309792,295392,178604,2230452,128528.357,62740.988,1867.590,273.110,166.677,23.094,7592,15075,1.190,1.670,1.370,2,0,27.110,0,0,18,291,1,28,0
09-03 06:37:02,53.632,5.488,39.663,0.499,0,5281684,322628,178604,2231356,145808.723,66440.061,7.982,1133.510,0.998,25.943,7161,8633,1.190,1.670,1.370,4,0,6.985,0,0,18,295,1,27,0
09-03 06:37:03,33.668,5.237,56.861,2.245,0,5303060,299764,178604,2232844,46167.419,18393.148,426.959,371.095,21.946,36.910,8936,13555,1.190,1.670,1.370,0,1,1.995,0,0,18,299,1,28,0
09-03 06:37:04,5.751,1.000,91.010,0.500,0,5303792,298784,178604,2233092,7587.802,540.057,80.008,472.050,5.001,25.003,2438,3441,1.190,1.670,1.370,1,0,0,0,0,18,301,1,28,0
09-03 06:37:05,2.500,1.000,95.237,0.250,0,5303788,298784,178604,2233096,10017.590,539.924,0,251.965,0,9.999,1440,1987,1.190,1.670,1.370,0,0,0,0,0,18,301,1,28,0
09-03 06:37:06,2.000,0.750,95.743,0.250,0,5303788,298784,178604,2233096,6546.488,539.958,0,199.984,0,19.998,1434,2244,1.100,1.640,1.360,1,0,1.000,0,0,18,301,1,26,0
09-03 06:37:07,1.750,1.250,90.760,4.000,0,5303772,298784,178608,2233108,7646.853,540.060,0,1520.169,0,109.012,1908,2978,1.100,1.640,1.360,1,0,2.000,0,0,18,301,1,26,0
09-03 06:37:08,2.500,0.750,95.505,0.500,0,5303768,298784,178608,2233112,8130.434,540.029,0,220.012,0,10.001,1367,1945,1.100,1.640,1.360,0,0,0,0,0,18,301,1,26,0
09-03 06:37:09,1.749,0.500,96.463,0,0,5303764,298784,178608,2233116,7904.980,613.766,0,11.995,0,2.999,1246,1791,1.100,1.640,1.360,0,0,0,0,0,18,301,1,26,0
09-03 06:37:10,2.500,0.500,93.512,2.000,0,5303764,298784,178608,2233116,5912.775,614.081,0,4832.634,0,214.028,1516,2107,1.100,1.640,1.360,2,0,0,0,0,18,301,1,25,0
09-03 06:37:11,2.000,0.750,96.001,0.250,0,5303764,298784,178608,2233116,5184.066,560.007,0,188.002,0,11.000,1143,1712,1.010,1.610,1.350,0,0,0,0,0,18,301,1,25,0
09-03 06:37:12,2.500,1.000,96.249,0,0,5303764,298784,178608,2233116,7017.961,613.997,0,48.000,0,7.000,1317,1948,1.010,1.610,1.350,0,0,0,0,0,18,301,1,25,0
09-03 06:37:13,2.750,1.750,79.762,14.752,0,5303852,298692,178612,2233116,10789.594,614.091,0,6476.957,0,1090.161,2931,2914,1.010,1.610,1.350,0,0,2.000,0,0,18,301,1,25,0
09-03 06:37:14,2.250,0.500,95.984,0,0,5303848,298692,178612,2233120,9639.361,613.896,0,59.990,0,6.999,1297,1798,1.010,1.610,1.350,0,0,0,0,0,18,301,1,25,0
09-03 06:37:15,1.750,0.500,96.499,0.250,0,5303848,298692,178612,2233120,7584.885,539.992,0,367.994,0,75.999,1216,1658,1.010,1.610,1.350,0,0,0,0,0,18,301,1,25,0
09-03 06:37:16,1.500,0.750,96.512,0,0,5303844,298692,178612,2233124,4925.619,614.077,0,240.030,0,17.002,1102,1686,0.930,1.590,1.340,1,0,0,0,0,18,301,1,25,0
09-03 06:37:17,1.500,1.000,96.019,0.250,0,5303844,298692,178612,2233124,7193.391,540.104,0,64.012,0,10.002,1200,1749,0.930,1.590,1.340,0,0,1.000,0,0,18,301,1,25,0
09-03 06:37:18,1.749,0.500,96.466,0,0,5303844,298692,178612,2233124,5253.159,485.830,0,415.854,0,1.000,1143,1678,0.930,1.590,1.340,0,0,0,0,0,18,301,1,25,0
09-03 06:37:19,1.500,0.750,96.499,0,0,5303844,298692,178612,2233124,3308.951,539.992,0,0,0,0,1151,1716,0.930,1.590,1.340,0,0,0,0,0,18,301,1,25,0
09-03 06:37:20,2.499,1.249,94.946,0.250,0,5303844,298692,178612,2233124,7541.745,613.654,0,123.930,0,16.990,1469,2103,0.930,1.590,1.340,1,0,0,0,0,18,301,1,25,0
09-03 06:37:21,2.252,0.751,94.329,1.251,0,5303808,298692,178612,2233160,4641.897,540.454,0,288.242,0,29.024,1441,2212,0.850,1.560,1.340,1,0,0,0,0,18,301,1,25,0
09-03 06:37:22,26.737,6.497,63.720,1.749,0,5041360,560832,178624,2233568,7640.345,777.628,379.818,123.941,28.986,14.993,3730,3362,0.850,1.560,1.340,1,0,71.966,0,0,18,297,1,27,0
09-03 06:37:23,23.005,4.751,69.264,1.500,0,4985236,616932,178624,2233620,7145.476,892.184,56.012,444.092,1.000,55.011,3110,3349,0.850,1.560,1.340,4,0,7.001,0,0,18,297,1,27,0
09-03 06:37:24,23.263,5.253,64.285,5.753,0,5054696,546428,178628,2234680,6397.500,860.471,144.079,2809.537,7.004,174.095,3815,5811,0.850,1.560,1.340,1,0,16.009,0,0,18,301,1,29,0
09-03 06:37:25,22.481,4.996,71.189,0,0,5187776,413376,178628,2234684,8281.924,665.431,0,259.778,0,45.961,2605,2213,0.850,1.560,1.340,2,0,6.994,0,0,18,301,1,29,0
09-03 06:37:26,22.516,2.252,75.305,0,0,5234696,366264,178628,2234876,7056.144,540.394,0,0,0,0,2187,1808,0.870,1.550,1.330,0,0,1.001,0,0,18,301,1,29,0
09-03 06:37:27,1.500,0.750,94.247,2.000,0,5226952,374016,178628,2234868,4336.855,581.981,0,511.983,0,29.999,1320,2098,0.870,1.550,1.330,0,0,1.000,0,0,18,301,1,29,0
09-03 06:37:28,6.498,2.249,87.728,2.499,0,5228792,372144,178628,2234900,7354.165,753.812,15.996,479.880,1.000,45.989,2564,3792,0.870,1.550,1.330,1,0,0,0,0,18,301,1,29,0
09-03 06:37:29,2.000,0.500,96.512,0,0,5226472,374460,178628,2234904,5843.747,540.069,0,16.002,0,2.000,1185,1672,0.870,1.550,1.330,1,0,0,0,0,18,301,1,29,0
09-03 06:37:30,1.999,0.750,95.726,0.250,0,5219984,380944,178628,2234908,4777.788,539.863,0,303.923,0,12.997,1354,2008,0.870,1.550,1.330,1,0,0,0,0,18,301,1,29,0
09-03 06:37:31,1.750,0.750,96.268,0.250,0,5212656,388272,178628,2234908,7496.432,540.103,0,380.073,0,26.005,1184,1745,0.800,1.530,1.330,0,0,0,0,0,18,301,1,29,0
09-03 06:37:32,1.750,0.500,95.743,0,0,5206020,394908,178628,2234908,6529.494,629.951,0,31.998,0,4.000,1272,1770,0.800,1.530,1.330,0,0,0,0,0,18,301,1,29,0
09-03 06:37:33,3.250,0.750,94.264,0.500,0,5200708,400216,178632,2234908,9821.424,486.070,0,464.067,0,55.008,1872,2849,0.800,1.530,1.330,0,0,1.000,0,0,18,303,1,29,0
09-03 06:37:34,1.999,1.000,95.971,0,0,5196036,404888,178632,2234908,5382.388,539.838,0,367.890,0,1.999,1205,1708,0.800,1.530,1.330,1,0,0,0,0,18,303,1,29,0
09-03 06:37:35,1.750,1.000,96.511,0,0,5189788,411132,178632,2234912,4356.506,680.079,0,0,0,0,1161,1696,0.800,1.530,1.330,0,0,0,0,0,18,303,1,29,0
09-03 06:37:36,2.000,0.750,90.247,6.000,0,5180992,419924,178632,2234916,9366.700,539.983,0,4895.843,0,631.980,1853,2172,0.810,1.520,1.330,0,0,0,0,0,18,303,1,29,0
09-03 06:37:37,2.000,1.000,95.249,0.750,0,5173220,427696,178632,2234916,8749.935,539.996,0,319.998,0,29.000,1505,2212,0.810,1.520,1.330,0,0,1.000,0,0,18,303,1,29,0
09-03 06:37:38,2.250,0.500,95.502,0.250,0,5171956,428956,178632,2234920,4071.098,540.013,0,116.003,0,13.000,1239,1780,0.810,1.520,1.330,0,0,0,0,0,18,303,1,29,0
09-03 06:37:39,1.500,1.000,96.493,0,0,5171000,429912,178632,2234920,7289.477,539.961,0,7.999,0,2.000,1212,1713,0.810,1.520,1.330,0,0,0,0,0,18,303,1,29,0
09-03 06:37:40,2.251,0.500,95.775,0,0,5171000,429912,178632,2234920,10064.597,540.139,0,112.029,0,13.003,1464,2086,0.810,1.520,1.330,1,0,0,0,0,18,303,1,29,0
09-03 06:37:41,1.505,0.502,97.085,0.502,0,5171000,429912,178632,2234920,7412.584,582.009,0,614.120,0,110.381,1173,1620,0.750,1.490,1.320,0,0,0,0,0,18,303,1,29,0
09-03 06:37:42,1.993,0.498,96.156,0,0,5170848,430060,178632,2234924,8789.560,538.075,0,0,0,0,1237,1688,0.750,1.490,1.320,0,0,0,0,0,18,303,1,29,0
09-03 06:37:43,2.750,1.750,94.009,0.500,0,5170584,430324,178632,2234924,6472.598,630.058,0,224.021,0,36.003,1773,2701,0.750,1.490,1.320,0,0,0,0,0,18,303,1,29,0
09-03 06:37:44,2.000,1.500,95.726,0,0,5170736,430172,178632,2234924,10396.425,613.848,0,0,0,0,1384,1735,0.750,1.490,1.320,0,0,5.999,0,0,18,303,1,29,0
09-03 06:37:45,1.751,0.750,96.278,0,0,5170736,430172,178632,2234924,7061.076,540.159,0,40.012,0,5.001,1120,1649,0.750,1.490,1.320,0,0,0,0,0,18,303,1,29,0
09-03 06:37:46,1.499,0.749,96.422,0,0,5170736,430172,178632,2234924,8220.339,539.563,0,383.689,0,24.980,1118,1677,0.690,1.470,1.310,0,0,0,0,0,18,303,1,29,0
09-03 06:37:47,2.252,0.501,96.098,0.501,0,5170732,430172,178632,2234928,6476.636,540.554,0,80.082,0,10.010,1221,1773,0.690,1.470,1.310,0,0,1.001,0,0,18,303,1,29,0
09-03 06:37:48,2.499,0.750,95.973,0,0,5170732,430172,178632,2234928,8263.682,485.864,0,0,0,0,1245,1745,0.690,1.470,1.310,0,0,0,0,0,18,303,1,29,0
09-03 06:37:49,2.000,0.750,96.728,0,0,5170732,430172,178632,2234928,6628.491,539.877,0,0,0,0,1188,1697,0.690,1.470,1.310,0,0,0,0,0,18,303,1,29,0
09-03 06:37:50,2.001,0.750,95.287,0.500,0,5170728,430172,178632,2234932,3994.560,540.211,0,136.053,0,24.009,1431,2163,0.690,1.470,1.310,0,0,0,0,0,18,303,1,29,0
09-03 06:37:51,1.749,0.750,95.463,0.250,0,5170728,430172,178632,2234932,3798.520,679.735,0,531.793,0,73.971,1342,2078,0.630,1.440,1.300,0,0,0,0,0,18,303,1,29,0
09-03 06:37:52,2.251,1.000,95.527,0,0,5170720,430172,178632,2234940,8553.435,540.154,0,128.036,0,18.005,1477,2207,0.630,1.440,1.300,0,0,0,0,0,18,303,1,29,0
09-03 06:37:53,13.261,12.761,72.312,0.500,0,5191128,409740,178632,2234964,7055.073,630.543,0,384.331,0,44.038,5424,5554,0.630,1.440,1.300,1,0,311.268,0,0,18,303,1,29,0
09-03 06:37:54,19.741,2.249,76.215,0,0,5232912,367948,178632,2234972,12631.240,6250.150,0,119.945,0,7.996,2341,2034,0.630,1.440,1.300,2,0,0,0,0,18,304,1,29,0
09-03 06:37:55,17.002,3.000,73.757,5.751,0,5231052,369464,178632,2235316,12446.189,4467.427,320.031,544.052,24.002,54.005,4271,5738,0.630,1.440,1.300,2,0,1.000,0,0,18,304,1,26,0
09-03 06:37:56,37.809,8.012,50.328,2.504,0,5291960,308452,178632,2235420,10910.959,1746.715,64.100,829.289,4.006,86.134,4854,5316,0.820,1.470,1.310,2,0,30.047,0,0,18,303,1,27,0
09-03 06:37:57,31.446,3.744,61.894,1.747,0,5337440,262676,178632,2235716,43543.205,38026.680,111.808,307.472,4.991,11.979,3636,3672,0.820,1.470,1.310,1,0,0.998,0,0,18,303,1,37,0
09-03 06:37:58,9.030,19.063,69.983,1.003,0,5316948,283140,178632,2235744,4055.485,784.609,0,240.801,0,16.053,6406,5621,0.820,1.470,1.310,0,0,435.448,0,0,18,303,2,37,0
09-03 06:37:59,18.433,6.227,71.240,1.993,0,5357016,242960,178636,2235852,17177.424,2026.617,83.695,474.272,3.985,13.949,3164,2805,0.820,1.470,1.310,1,0,37.862,0,0,18,303,1,34,0
09-03 06:38:00,23.250,3.000,70.750,2.000,0,5372628,227084,178652,2236100,9060.002,540.000,24.000,400.000,3.000,36.000,2566,2530,0.820,1.470,1.310,1,1,2.000,0,0,18,303,1,34,0
09-03 06:38:01,24.007,4.001,65.769,4.501,0,5397744,194768,178860,2242676,4725.335,540.153,3044.861,444.126,310.088,11.003,3500,12501,0.920,1.480,1.320,1,0,36.010,0,0,18,303,1,35,0
09-03 06:38:02,23.344,3.765,72.040,0.251,0,5454388,137908,178860,2242804,8068.506,542.184,0,558.249,0,10.040,2412,2182,0.920,1.480,1.320,2,0,3.012,0,0,18,303,1,35,0
09-03 06:38:03,27.164,5.233,55.325,9.968,0,5447268,144208,178860,2243624,24833.380,9501.918,243.230,5582.327,30.902,350.889,8416,12516,0.920,1.480,1.320,3,0,0,0,0,18,308,1,21,0
09-03 06:38:04,24.555,4.510,58.881,11.526,0,5456924,133372,178860,2244800,7950.740,541.208,898.004,1330.970,55.123,155.347,6510,10225,0.920,1.480,1.320,2,1,2.004,0,0,18,310,1,23,0
09-03 06:38:05,21.179,3.239,68.521,5.731,0,5458480,131528,178860,2245088,15323.708,5915.200,175.413,1172.077,9.967,166.443,5134,7202,0.920,1.480,1.320,0,0,0.997,0,0,18,311,1,26,0
09-03 06:38:06,9.753,1.501,82.529,4.502,0,5454588,135272,178860,2245236,9345.301,2751.972,32.011,660.233,2.001,90.032,3248,4478,0.840,1.450,1.310,1,0,1.000,0,0,18,311,1,26,0
09-03 06:38:07,4.250,1.000,86.747,6.000,0,5450040,139800,178860,2245256,7473.731,539.981,0,1747.937,0,152.995,2185,2983,0.840,1.450,1.310,1,2,1.000,0,0,18,313,1,26,0
09-03 06:38:08,11.249,2.000,73.243,11.499,0,5436228,153380,178860,2245488,29226.017,12191.756,63.993,4555.535,4.000,522.947,3779,4796,0.840,1.450,1.310,0,0,0,0,0,18,311,1,26,0
09-03 06:38:09,17.050,4.012,70.956,6.770,0,5428780,160472,178860,2245840,5856.032,541.575,80.233,1741.064,5.015,207.604,6032,9180,0.840,1.450,1.310,1,0,4.012,0,0,18,314,0,26,0
09-03 06:38:10,21.169,3.985,56.782,15.441,0,5425360,163592,178860,2246136,8541.136,537.930,15.939,8025.121,0.996,531.953,7672,11831,0.840,1.450,1.310,0,1,0,0,0,18,314,0,29,0
09-03 06:38:11,17.015,3.253,68.058,9.508,0,5423056,165732,178860,2246300,10908.299,3210.737,16.014,1333.136,1.001,182.155,5833,8696,0.940,1.460,1.310,3,1,0,0,0,18,313,0,30,0
09-03 06:38:12,9.768,1.503,84.402,3.005,0,5420256,168484,178860,2246348,13525.338,2755.959,0,1354.437,0,105.189,2937,3927,0.940,1.460,1.310,1,0,0,0,0,18,313,0,32,0
09-03 06:38:13,9.982,1.747,78.362,7.736,0,5418172,170428,178860,2246488,26926.513,9766.776,31.944,4587.909,0.998,582.972,3869,4883,0.940,1.460,1.310,1,1,0,0,0,18,314,0,32,0
09-03 06:38:14,22.258,4.752,63.522,7.503,0,5416160,172032,178860,2246896,5299.842,540.188,0,2616.910,0,306.106,7782,12279,0.940,1.460,1.310,1,0,0,0,0,18,314,0,34,0
09-03 06:38:15,19.322,5.521,56.964,16.813,0,5415552,172364,178860,2247172,7598.487,542.032,0,7877.533,0,545.043,7440,11589,0.940,1.460,1.310,2,0,0,0,0,18,313,0,36,0
09-03 06:38:16,4.966,0.745,91.125,1.490,0,5414164,173728,178860,2247196,9286.272,3366.894,0,695.229,0,67.537,2186,3343,1.020,1.470,1.320,1,0,0,0,0,18,314,0,36,0
09-03 06:38:17,10.275,2.255,81.946,3.258,0,5412916,174888,178860,2247284,10955.150,3266.798,0,1315.139,0,157.376,3746,5475,1.020,1.470,1.320,0,0,1.002,0,0,18,313,0,37,0
09-03 06:38:18,11.753,2.251,82.270,2.501,0,5411984,175620,178860,2247484,11962.928,3205.785,0,1136.278,0,136.033,3655,5329,1.020,1.470,1.320,0,0,0,0,0,18,313,0,40,0
09-03 06:38:19,13.009,2.001,79.802,4.003,0,5411964,175432,178860,2247692,6690.400,540.355,148.097,792.521,8.005,44.029,2940,3405,1.020,1.470,1.320,1,0,0,0,0,18,315,0,40,0
09-03 06:38:20,15.481,2.247,75.658,4.744,0,5415144,172172,178860,2247772,51068.804,21410.924,0,1166.579,0,123.849,3971,5094,1.020,1.470,1.320,0,0,0,0,0,18,314,0,40,0
09-03 06:38:21,12.004,1.751,81.278,3.501,0,5412452,174652,178864,2247980,29791.247,12403.266,0,1076.370,0,115.040,3372,4635,1.180,1.500,1.330,0,0,0,0,0,18,314,0,40,0
09-03 06:38:22,12.255,1.751,79.532,4.752,0,5412404,174652,178864,2248028,27269.801,11933.727,0,2364.937,0,235.093,3360,4491,1.180,1.500,1.330,0,1,0,0,0,18,314,0,40,0
09-03 06:38:23,13.001,3.500,72.008,9.751,0,5411944,175080,178868,2248056,7656.878,540.062,0,6772.777,0,428.049,5746,8743,1.180,1.500,1.330,1,0,0,0,0,18,315,0,40,0
09-03 06:38:24,19.994,3.999,65.981,8.248,0,5412184,174576,178868,2248320,6471.108,539.842,0,1715.498,0,218.936,7087,10797,1.180,1.500,1.330,2,0,1.999,0,0,18,315,0,39,0
09-03 06:38:25,21.840,5.021,65.018,5.021,0,5414160,172284,178868,2248636,9267.175,542.234,0,2068.521,0,241.997,8231,12399,1.180,1.500,1.330,1,1,0,0,0,18,315,0,41,0
09-03 06:38:26,21.921,4.733,64.767,7.473,0,5415236,171052,178872,2248788,5101.610,484.254,0,1646.066,0,175.368,7285,11120,1.170,1.490,1.320,1,0,0,0,0,18,315,0,43,0
09-03 06:38:27,7.993,1.998,85.425,2.498,0,5415952,170072,178872,2249052,7924.071,539.528,0,867.242,0,64.943,3536,5343,1.170,1.490,1.320,0,0,2.997,0,0,18,317,0,43,0
09-03 06:38:28,4.000,0.750,91.751,1.750,0,5416352,169652,178872,2249072,8238.112,540.007,0,460.006,0,29.000,1677,2099,1.170,1.490,1.320,1,0,0,0,0,18,317,0,41,0
09-03 06:38:29,5.775,1.758,86.374,5.022,0,5417488,168448,178876,2249136,4207.235,542.351,0,4853.034,0,479.076,2849,3568,1.170,1.490,1.320,1,0,0,0,0,18,317,0,41,0
09-03 06:38:30,21.417,4.981,61.262,9.961,0.249,5417188,168448,178876,2249436,4690.762,537.909,0,2936.582,0,379.524,8108,12848,1.170,1.490,1.320,0,1,0,0,0,18,317,0,41,0
09-03 06:38:31,22.488,4.498,59.218,11.744,0,5418876,166480,178876,2249716,8311.532,609.672,0,8003.697,0,523.718,8505,13294,1.150,1.480,1.320,2,0,0,0,0,18,318,0,44,0
09-03 06:38:32,12.749,3.000,71.495,11.249,0,5421556,163456,178876,2250060,6418.545,539.962,271.981,5351.620,15.999,130.991,4272,6231,1.150,1.480,1.320,0,0,0,0,0,18,316,0,45,0
09-03 06:38:33,7.000,2.000,81.247,8.000,0,5421780,163204,178876,2250088,7577.681,539.977,0,1435.940,0,144.994,3082,4635,1.150,1.480,1.320,1,1,0,0,0,18,317,0,45,0
09-03 06:38:34,7.753,1.251,85.284,4.002,0,5427368,157408,178880,2250292,11424.611,3232.305,0,976.394,0,109.044,2876,4207,1.150,1.480,1.320,0,0,0,0,0,18,316,0,49,0
09-03 06:38:35,11.242,1.999,67.702,17.987,0,5431740,152928,178880,2250400,12517.105,3186.735,63.955,5472.111,3.997,813.422,4051,5066,1.150,1.480,1.320,0,0,0,0,0,18,316,0,50,0
09-03 06:38:36,8.500,1.750,83.746,4.250,0,5431600,153028,178880,2250440,6883.648,539.972,0,807.959,0,84.996,2628,3736,1.060,1.450,1.320,1,0,0,0,0,18,317,0,50,0
09-03 06:38:37,10.996,2.249,79.973,4.748,0,5435464,149104,178880,2250500,8410.149,3101.948,0,1063.639,0,117.960,3581,5333,1.060,1.450,1.320,0,1,1.000,0,0,18,316,0,53,0
09-03 06:38:38,8.251,1.750,78.506,9.501,0,5439100,145304,178880,2250664,3976.289,540.039,0,5588.407,0,335.024,2995,4503,1.060,1.450,1.320,2,0,0,0,0,18,317,0,59,0
09-03 06:38:39,11.007,1.751,80.554,5.754,0,5441580,142784,178880,2250704,33535.571,11804.945,0,912.614,0,112.075,3187,4340,1.060,1.450,1.320,1,0,0,0,0,18,316,0,59,0
09-03 06:38:40,9.502,1.500,82.768,4.501,0,5442012,142280,178880,2250776,13253.875,2751.597,0,1012.220,0,118.026,3251,4712,1.060,1.450,1.320,0,0,0,0,0,18,316,0,61,0
09-03 06:38:41,11.258,2.001,83.061,2.252,0.250,5442212,142028,178880,2250828,25456.689,7581.566,0,1100.808,0,138.101,3434,4849,1.050,1.450,1.310,1,0,0,0,0,18,317,0,63,0
09-03 06:38:42,11.241,1.998,82.936,2.498,0,5441932,142028,178880,2251108,15628.025,4929.223,15.988,1271.026,0.999,148.886,3705,5183,1.050,1.450,1.310,0,0,0,0,0,18,316,0,64,0
09-03 06:38:43,11.052,1.758,80.881,4.772,0,5443440,140516,178880,2251112,8046.869,542.553,0,1338.298,0,150.709,3360,4885,1.050,1.450,1.310,2,0,0,0,0,18,317,0,66,0
09-03 06:38:44,6.221,1.991,87.835,2.488,0,5446864,136988,178880,2251200,9678.221,3271.525,0,1023.160,0,98.534,2465,3697,1.050,1.450,1.310,0,0,5.972,0,0,18,316,0,67,0
09-03 06:38:45,11.244,2.249,80.958,3.748,0,5447404,136232,178884,2251412,8329.712,3285.309,0,1479.238,0,150.922,3680,5318,1.050,1.450,1.310,0,0,0,0,0,18,316,0,72,0
09-03 06:38:46,5.502,1.251,90.539,1.501,0,5447360,136244,178884,2251444,8091.513,540.235,0,892.387,0,77.033,2191,3132,0.970,1.420,1.310,1,0,0,0,0,18,316,0,74,0
09-03 06:38:47,4.999,1.250,90.241,1.750,0.250,5447588,135992,178884,2251468,6930.282,539.944,0,927.904,0,81.992,2249,3276,0.970,1.420,1.310,0,0,1.000,0,0,18,316,0,74,0
09-03 06:38:48,4.998,1.000,90.722,1.500,0,5447576,135992,178884,2251480,4508.618,539.835,0,835.744,0,62.981,2034,3091,0.970,1.420,1.310,0,0,0,0,0,18,316,0,75,0
09-03 06:38:49,5.001,1.500,90.518,2.501,0,5447796,135740,178884,2251512,7868.580,486.098,0,644.129,0,60.012,1975,2871,0.970,1.420,1.310,2,0,0,0,0,18,316,0,75,0
09-03 06:38:50,9.003,2.501,75.778,10.504,0,5447756,135596,178884,2251696,11799.296,3035.105,0,7146.602,0,477.174,3901,6044,0.970,1.420,1.310,0,0,0,0,0,18,317,0,77,0
09-03 06:38:51,6.276,1.255,89.376,2.511,0,5447644,135684,178884,2251720,14113.397,3396.294,0,670.823,0,78.330,2465,3574,0.890,1.400,1.300,2,0,0,0,0,18,317,0,77,0
09-03 06:38:52,9.705,1.493,81.624,4.479,0,5447804,135432,178888,2251808,14964.027,5004.931,0,1369.687,0,174.197,3616,5604,0.890,1.400,1.300,1,0,0,0,0,18,316,0,79,0
09-03 06:38:53,17.334,3.266,69.337,9.295,0,5447712,135432,178888,2251900,22462.214,9740.359,0,2106.241,0,282.373,5169,7438,0.890,1.400,1.300,1,0,0,0,0,18,319,0,82,0
09-03 06:38:54,11.176,1.490,80.222,4.471,0,5447964,134928,178888,2252152,15560.601,4954.397,0,2447.891,0,135.111,3865,5334,0.890,1.400,1.300,0,0,0,0,0,18,318,0,83,0
09-03 06:38:55,5.763,1.754,86.188,4.760,0,5448148,134700,178888,2252196,5373.746,541.183,16.035,1198.620,1.002,114.250,2549,3775,0.890,1.400,1.300,2,1,0,0,0,18,319,0,83,0
09-03 06:38:56,7.997,1.499,74.973,13.745,0,5447812,134900,178888,2252332,8506.891,3231.819,0,5422.018,0,705.742,3441,4683,1.060,1.430,1.310,0,0,0,0,0,18,318,0,86,0
09-03 06:38:57,9.245,2.249,81.955,5.247,0,5448792,133732,178888,2252504,13370.683,3187.256,0,1479.191,0,165.909,3220,4747,1.060,1.430,1.310,0,0,0.999,0,0,18,318,0,84,0
09-03 06:38:58,9.509,1.752,80.075,7.007,0,5448724,133732,178888,2252572,12529.671,2753.565,0,1461.361,0,151.141,3434,5073,1.060,1.430,1.310,1,0,0,0,0,18,318,0,86,0
09-03 06:38:59,9.254,2.251,76.033,10.004,0,5448704,133732,178888,2252592,11568.039,2752.199,16.007,7071.080,1.000,476.207,3970,6191,1.060,1.430,1.310,0,1,0,0,0,18,318,0,88,0
09-03 06:39:00,12.510,1.751,79.062,4.504,0,5448720,133480,178888,2252828,22828.799,9791.634,0,1345.049,0,148.115,3888,5574,1.060,1.430,1.310,1,0,0,0,0,18,319,0,88,0
09-03 06:39:01,20.721,6.241,56.173,15.229,0,5442520,232284,177836,2163012,4188.229,539.257,0,5540.367,0,604.168,7438,16928,1.060,1.420,1.310,0,1,36.949,0,0,18,319,0,77,0
09-03 06:39:02,22.358,5.275,63.807,7.787,0,5442780,231752,177836,2163284,7092.140,542.612,0,2644.731,0,283.364,7629,11615,1.060,1.420,1.310,1,0,0,0,0,18,319,0,77,0
09-03 06:39:03,23.148,3.485,64.715,7.218,0,5443592,230788,177836,2163436,24281.058,9543.965,0,2469.125,0,227.000,7061,10386,1.060,1.420,1.310,0,0,0,0,0,18,318,0,79,0
09-03 06:39:04,5.247,1.249,82.959,7.746,0,5443792,230548,177836,2163476,8465.818,485.760,0,2082.971,0,142.929,2566,3688,1.060,1.420,1.310,1,0,0,0,0,18,319,0,79,0
09-03 06:39:05,10.995,3.998,73.215,10.495,0,5447624,226296,177836,2163896,13078.682,3287.412,75.963,5533.327,2.999,394.809,5685,9536,1.060,1.420,1.310,0,0,1.000,0,0,18,318,0,77,0
09-03 06:39:06,16.006,3.001,73.775,5.752,0,5447804,226044,177836,2163968,12718.377,3213.106,128.044,1600.551,8.003,165.057,4816,6594,1.050,1.410,1.300,1,0,0,0,0,18,318,0,80,0
09-03 06:39:07,13.505,2.001,79.030,3.751,0,5448180,225292,177836,2164344,10829.046,2752.028,0,2024.756,0,204.076,4769,6800,1.050,1.410,1.300,0,0,1.000,0,0,18,318,0,81,0
09-03 06:39:08,9.001,2.000,86.508,1.750,0,5448024,225292,177836,2164500,7563.699,2751.254,0,696.064,0,83.008,2892,3979,1.050,1.410,1.300,1,0,0,0,0,18,318,0,83,0
09-03 06:39:09,11.250,1.750,81.003,5.000,0,5448220,225040,177836,2164556,23448.990,9586.405,0,1996.084,0,144.006,3242,4468,1.050,1.410,1.300,2,0,0,0,0,18,319,0,82,0
09-03 06:39:10,19.975,4.744,62.423,11.236,0,5448236,224788,177840,2164788,10245.429,539.338,63.922,2604.804,2.996,303.627,7493,11669,1.050,1.410,1.300,3,0,0,0,0,18,319,0,82,0
09-03 06:39:11,18.498,4.999,57.243,16.748,0,5448488,224284,177844,2165036,11100.694,539.936,0,8622.986,0,614.928,7379,11703,1.210,1.440,1.310,2,0,0,0,0,18,319,0,82,0
09-03 06:39:12,22.024,4.255,65.321,6.757,0,5449316,223276,177848,2165212,8338.025,486.527,32.035,3035.285,1.001,253.274,7877,11494,1.210,1.440,1.310,0,1,0,0,0,18,319,0,83,0
09-03 06:39:13,21.217,4.743,60.905,11.732,0,5449272,223024,177848,2165508,5517.429,539.162,3.994,2975.378,0.998,313.513,7697,11953,1.210,1.440,1.310,1,1,0,0,0,18,319,0,79,0
09-03 06:39:14,20.077,4.517,65.501,7.529,0,5449012,223024,177848,2165768,9063.762,542.079,0,2449.394,0,261.001,7347,11305,1.210,1.440,1.310,1,0,0,0,0,18,319,0,79,0
09-03 06:39:15,23.293,4.508,64.369,6.011,0,5449424,222268,177848,2166112,6575.187,541.003,32.059,2500.635,1.002,264.490,8085,12381,1.210,1.440,1.310,2,0,0,0,0,18,319,0,83,0
09-03 06:39:16,16.904,4.972,56.180,19.390,0,5449280,222268,177852,2166252,4827.542,536.946,0,8861.597,0,672.177,6856,11251,1.510,1.500,1.330,5,0,0,0,0,18,319,0,84,0
09-03 06:39:17,19.523,3.003,63.574,11.263,0,5449224,222084,177852,2166492,3475.048,540.630,0,6015.007,0,577.673,6948,10079,1.510,1.500,1.330,3,0,1.001,0,0,18,319,0,82,0
09-03 06:39:18,16.755,4.001,70.021,7.752,0,5449472,221580,177852,2166748,7484.215,540.160,0,1668.494,0,183.054,6492,9891,1.510,1.500,1.330,0,0,0,0,0,18,318,0,82,0
09-03 06:39:19,3.498,1.000,89.206,4.498,0,5449464,221580,177852,2166756,8513.824,485.762,0,699.657,0,44.978,1815,2572,1.510,1.500,1.330,0,1,0,0,0,18,319,0,82,0
09-03 06:39:20,10.501,2.000,81.256,4.750,0,5449412,221580,177852,2166808,27282.086,9586.733,0,1344.103,0,114.009,3209,4185,1.510,1.500,1.330,0,0,0,0,0,18,318,0,82,0
09-03 06:39:21,11.003,2.751,79.268,5.251,0,5451060,219816,177856,2166920,9915.271,3410.781,0,1932.443,0,200.046,3990,5940,1.550,1.510,1.340,0,0,0,0,0,18,318,0,82,0
09-03 06:39:22,14.755,2.751,76.775,5.252,0,5451076,219564,177856,2167156,20109.559,6972.274,0,1512.493,0,177.058,4249,6028,1.550,1.510,1.340,1,0,0,0,0,18,319,0,86,0
09-03 06:39:23,10.499,1.500,75.243,9.249,0,5451284,219340,177856,2167172,29753.374,10295.091,0,6415.434,0,899.921,4056,4720,1.550,1.510,1.340,1,0,0,0,0,18,319,0,87,0
09-03 06:39:24,7.980,1.746,86.038,2.743,0,5451468,219088,177856,2167240,12597.975,5040.587,0,1228.973,0,113.720,2690,3557,1.550,1.510,1.340,3,1,1.995,0,0,18,319,0,88,0
09-03 06:39:25,6.513,2.505,75.907,13.778,0,5451380,219088,177856,2167328,8568.708,681.408,0,7379.250,0,396.820,3453,5561,1.550,1.510,1.340,0,0,0,0,0,18,318,0,86,0
09-03 06:39:26,11.001,2.500,79.259,6.001,0,5451180,219088,177856,2167528,14735.718,3278.382,0,1500.175,0,162.019,3688,5457,1.510,1.500,1.340,0,0,0,0,0,18,318,0,89,0
09-03 06:39:27,10.272,2.505,78.669,7.015,0,5451376,218836,177856,2167584,5044.833,487.046,0,1190.557,0,130.280,3390,4857,1.510,1.500,1.340,2,0,1.002,0,0,18,318,0,94,0
09-03 06:39:28,7.510,1.252,84.617,5.007,0,5451336,218836,177856,2167624,11735.175,3283.526,0,909.253,0,98.135,2690,3844,1.510,1.500,1.340,2,0,0,0,0,18,318,0,96,0
09-03 06:39:29,2.240,0.747,92.825,2.240,0,5451180,218836,177856,2167780,7857.019,537.538,0,581.338,0,48.777,1611,2438,1.510,1.500,1.340,0,0,0,0,0,18,319,0,94,0
09-03 06:39:30,6.255,1.501,90.329,0.751,0,5451148,218836,177856,2167824,8372.312,582.509,0,840.734,0,76.066,2713,3957,1.510,1.500,1.340,0,0,0,0,0,18,318,0,95,0
09-03 06:39:31,16.242,2.499,74.715,5.248,0,5451312,218584,177856,2167912,26792.505,9416.608,0,1519.291,0,195.909,4500,6355,1.470,1.490,1.330,5,0,0,0,0,18,319,0,100,0
09-03 06:39:32,17.093,3.519,74.907,3.016,0,5451068,218584,177856,2168156,13106.183,5221.358,0,1644.934,0,201.092,5834,8528,1.470,1.490,1.330,0,1,0,0,0,18,319,0,100,0
09-03 06:39:33,20.490,4.498,61.221,11.745,0,5450904,218584,177856,2168320,8469.036,539.747,0,3918.166,0,378.823,7470,11462,1.470,1.490,1.330,1,0,0,0,0,18,319,0,97,0
09-03 06:39:34,23.257,3.751,63.018,8.252,0,5452436,216820,177856,2168552,8105.346,540.156,0,5725.657,0,370.107,7953,11765,1.470,1.490,1.330,1,0,0,0,0,18,319,0,97,0
09-03 06:39:35,4.231,1.244,87.852,4.977,0.249,5452360,216820,177856,2168628,5341.805,483.809,0,1827.722,0,134.391,2358,3674,1.470,1.490,1.330,0,0,0,0,0,18,318,0,97,0
09-03 06:39:36,10.999,2.250,79.745,5.000,0,5452264,216316,177856,2169228,13199.216,3280.805,0,1635.903,0,178.989,4003,6091,1.430,1.480,1.330,1,0,0,0,0,18,318,0,100,0
09-03 06:39:37,5.998,1.250,87.226,4.499,0,5452356,216064,177860,2169384,7914.848,539.853,0,1339.636,0,97.973,2347,3420,1.430,1.480,1.330,1,0,1.000,0,0,18,319,0,101,0
09-03 06:39:38,11.508,2.502,80.052,3.502,0,5452296,216064,177860,2169444,21794.229,8150.321,0,1288.841,0,133.087,3535,5081,1.430,1.480,1.330,0,0,0,0,0,18,318,0,96,0
09-03 06:39:39,9.996,1.000,85.717,2.249,0,5452252,216064,177860,2169488,9069.510,2576.009,0,771.703,0,53.979,2700,3518,1.430,1.480,1.330,1,0,0,0,0,18,319,0,102,0
09-03 06:39:40,7.248,1.750,83.479,5.499,0,5452212,216064,177860,2169528,7462.092,2700.309,0,1263.677,0,140.964,2855,4202,1.430,1.480,1.330,0,0,0,0,0,18,319,0,103,0
09-03 06:39:41,12.806,2.009,82.611,2.009,0,5454716,213292,177860,2169796,34147.228,12270.624,241.053,743.248,4.018,57.250,2755,3412,1.310,1.460,1.320,1,0,0,0,0,18,320,0,105,0
09-03 06:39:42,5.228,0.498,90.867,1.494,0,5454652,213292,177860,2169860,12187.656,4628.501,0,573.584,0,29.874,1652,2110,1.310,1.460,1.320,0,0,0,0,0,18,320,0,96,0
09-03 06:39:43,11.515,1.752,82.109,3.004,0,5454852,213040,177860,2169912,29173.792,9893.155,0,1441.917,0,172.229,3543,4928,1.310,1.460,1.320,1,0,0,0,0,18,319,0,96,0
09-03 06:39:44,18.500,4.500,63.499,11.500,0,5456120,211528,177860,2170160,5792.870,539.988,107.998,6667.851,10.000,894.980,7578,11104,1.310,1.460,1.320,1,0,6.000,0,0,18,319,0,97,0
09-03 06:39:45,19.225,4.994,54.679,18.476,0,5456036,211276,177860,2170496,8823.622,539.305,0,9555.678,0,655.155,7652,12089,1.310,1.460,1.320,1,0,0,0,0,18,319,0,97,0
09-03 06:39:46,20.001,4.250,67.753,5.750,0,5457032,210016,177860,2170760,7305.358,540.026,0,1732.085,0,198.010,7271,10975,1.370,1.470,1.330,1,0,0,0,0,18,318,0,89,0
09-03 06:39:47,4.754,1.251,89.828,2.752,0,5456996,210016,177860,2170796,7560.525,540.466,0,940.812,0,63.054,2095,2977,1.370,1.470,1.330,6,1,1.001,0,0,18,319,0,90,0
09-03 06:39:48,10.239,0.999,84.655,2.747,0,5456800,210016,177860,2170992,25114.901,9773.066,0,994.887,0,90.898,2931,4082,1.370,1.470,1.330,0,0,0,0,0,18,318,0,90,0
09-03 06:39:49,13.992,3.498,62.716,18.240,0,5454284,212444,177860,2171080,8619.308,539.706,0,3666.004,0,406.779,5098,7575,1.370,1.470,1.330,2,3,0,0,0,18,319,0,90,0
09-03 06:39:50,19.534,4.257,59.353,14.525,0,5454304,212192,177860,2171312,8942.465,486.842,0,6282.865,0,706.221,7373,11541,1.370,1.470,1.330,2,0,0,0,0,18,318,0,87,0
09-03 06:39:51,21.985,3.997,66.453,6.246,0,5455036,211184,177860,2171588,13396.582,539.621,0,2594.176,0,229.838,7813,11693,1.340,1.460,1.330,0,1,0,0,0,18,319,0,88,0
09-03 06:39:52,12.994,3.748,63.971,16.992,0,5455152,210932,177860,2171724,11925.580,3303.498,0,7864.425,0,555.747,5590,8801,1.340,1.460,1.330,0,1,0,0,0,18,318,0,91,0
09-03 06:39:53,12.755,3.501,76.777,5.502,0,5455984,209924,177860,2171900,37614.460,3307.183,0,2208.790,0,246.088,4817,6735,1.340,1.460,1.330,0,0,0,0,0,18,318,0,93,0
09-03 06:39:54,6.251,1.750,84.012,6.251,0,5456920,208916,177860,2171972,7354.009,540.074,0,1300.178,0,110.015,2423,3367,1.340,1.460,1.330,1,0,0,0,0,18,319,0,86,0
09-03 06:39:55,8.246,1.249,85.211,3.498,0,5456844,208916,177860,2172048,7874.354,3303.470,0,1359.371,0,141.934,3087,4555,1.340,1.460,1.330,0,0,0,0,0,18,318,0,87,0
09-03 06:39:56,11.503,2.251,80.021,4.751,0,5456884,208664,177860,2172260,12208.244,3306.879,0,3080.819,0,201.053,3875,5932,1.310,1.450,1.320,0,0,0,0,0,18,318,0,89,0
09-03 06:39:57,14.760,1.751,78.054,4.253,0,5457308,208160,177860,2172340,12152.434,2752.911,0,988.686,0,93.065,3657,4765,1.310,1.450,1.320,1,2,1.001,0,0,18,318,0,91,0
09-03 06:39:58,12.048,4.267,72.034,10.291,0,5456212,201156,177864,2180436,25677.244,9569.733,726.866,5176.410,94.372,642.533,3995,4549,1.310,1.450,1.320,4,0,2.008,0,0,18,319,0,86,0
09-03 06:39:59,9.952,1.493,76.882,9.952,0,5456180,201016,177864,2180608,32643.584,12003.484,0,5931.578,0,359.278,3373,4964,1.310,1.450,1.320,0,0,0,0,0,18,318,0,86,0
09-03 06:40:00,14.253,1.500,77.266,4.501,0,5456132,201016,177864,2180656,30478.183,11865.407,0,1200.244,0,132.027,3925,5178,1.310,1.450,1.320,0,0,0,0,0,18,318,0,86,0
09-03 06:40:01,18.001,4.500,68.003,8.750,0,5493608,163480,177868,2180668,31663.397,11863.524,72.003,1172.052,9.000,127.006,4645,12477,1.210,1.430,1.320,1,3,38.002,0,0,18,318,0,87,0
09-03 06:40:02,13.268,3.004,75.853,5.507,0,5493296,163480,177868,2181024,7875.643,540.731,0,1445.954,0,170.230,5202,7924,1.210,1.430,1.320,1,0,0,0,0,18,319,0,82,0
09-03 06:40:03,26.001,4.500,55.003,12.751,0,5493008,163480,177868,2181312,24429.286,9718.512,0,3508.185,0,391.021,8042,12485,1.210,1.430,1.320,1,1,1.000,0,0,18,319,0,82,0
09-03 06:40:04,22.236,4.497,63.211,8.495,0,5492888,163228,177868,2181684,9003.401,539.664,95.940,1950.787,4.997,182.886,7716,11419,1.210,1.430,1.320,2,2,0,0,0,18,319,0,83,0
09-03 06:40:05,21.061,5.015,59.924,13.539,0,5492996,162724,177868,2182080,8845.721,541.575,0,8075.482,0,589.715,8270,12664,1.210,1.430,1.320,2,0,0,0,0,18,319,0,87,0
09-03 06:40:06,20.954,4.241,60.867,11.225,0,5492896,162724,177868,2182180,4286.633,484.940,0,3903.471,0,330.278,7429,11750,1.270,1.430,1.320,1,1,0,0,0,18,319,0,80,0
09-03 06:40:07,23.824,5.266,59.936,8.777,0,5495604,159356,177868,2182840,8296.790,541.684,32.100,3209.978,1.003,279.870,9430,15462,1.270,1.430,1.320,2,0,2.006,0,0,18,321,0,80,0
09-03 06:40:08,18.914,3.235,67.444,8.462,0,5494500,160184,177868,2183116,10625.737,3248.246,0,2106.432,0,211.041,6280,9170,1.270,1.430,1.320,0,0,0,0,0,18,320,0,85,0
09-03 06:40:09,8.751,2.000,78.510,9.001,0,5493764,160860,177868,2183176,12304.492,3203.388,0,2936.356,0,248.030,3517,5093,1.270,1.430,1.320,0,0,0,0,0,18,320,0,85,0
09-03 06:40:10,7.253,1.751,85.285,3.752,0,5486388,168228,177868,2183184,6370.587,540.219,0,8883.607,0,94.038,2579,3585,1.270,1.430,1.320,1,0,0,0,0,18,321,0,80,0
09-03 06:40:11,7.248,1.749,78.476,10.247,0,5486176,168228,177872,2183392,9032.219,3203.014,0,5806.212,0,388.880,3347,5329,1.330,1.440,1.320,0,0,0,0,0,18,320,0,81,0
09-03 06:40:12,7.997,1.749,85.970,3.499,0,5486352,168004,177872,2183440,13910.090,2750.029,0,1187.581,0,93.967,2794,3822,1.330,1.440,1.320,2,0,0,0,0,18,320,0,82,0
09-03 06:40:13,8.998,2.000,82.236,4.749,0,5486532,167752,177872,2183512,12809.837,3334.437,0,1383.766,0,153.974,3608,5170,1.330,1.440,1.320,1,0,0,0,0,18,320,0,82,0
09-03 06:40:14,7.000,1.250,86.998,3.250,0,5486520,167752,177872,2183524,14834.661,2766.937,0,1027.977,0,83.998,2626,3650,1.330,1.440,1.320,0,0,0,0,0,18,320,0,79,0
09-03 06:40:15,8.525,1.504,80.986,8.023,0,5486544,167500,177876,2183748,12016.016,3213.364,0,2864.347,0,272.795,3013,4146,1.330,1.440,1.320,0,2,0,0,0,18,320,0,80,0
09-03 06:40:16,5.490,0.998,86.842,4.741,0,5486540,167500,177876,2183752,7009.264,612.886,0,1213.795,0,134.755,2317,3373,1.220,1.420,1.320,4,0,0,0,0,18,322,0,80,0
09-03 06:40:17,4.995,1.249,89.158,3.247,0,5486492,167500,177876,2183800,11348.345,2674.253,0,1058.912,0,97.899,2229,3256,1.220,1.420,1.320,0,0,0.999,0,0,18,320,0,80,0
09-03 06:40:18,8.500,1.750,83.754,4.500,0,5486416,167500,177876,2183876,9005.413,3204.147,0,1352.062,0,148.007,3287,4919,1.220,1.420,1.320,0,0,0,0,0,18,320,0,73,0
09-03 06:40:19,8.001,1.250,87.511,1.750,0,5486232,167500,177876,2184060,8091.004,2751.341,0,1128.140,0,104.013,2818,4003,1.220,1.420,1.320,1,0,0,0,0,18,320,0,73,0
09-03 06:40:20,15.246,2.499,77.978,3.499,0,5486460,166996,177876,2184336,31057.098,11901.589,0,1535.560,0,159.954,4177,5736,1.220,1.420,1.320,0,0,0,0,0,18,320,0,74,0
09-03 06:40:21,8.271,2.005,76.443,10.527,0,5486668,166744,177876,2184380,14253.906,4761.995,0,6672.809,0,405.020,3702,5902,1.120,1.400,1.310,0,0,0,0,0,18,321,0,74,0
09-03 06:40:22,9.513,1.752,84.617,2.754,0,5486648,166744,177876,2184400,23253.245,7675.644,0,805.116,0,78.108,3158,4410,1.120,1.400,1.310,1,0,0,0,0,18,321,0,74,0
09-03 06:40:23,20.506,4.251,62.019,10.753,0,5486368,166744,177876,2184680,8486.620,540.167,0,2736.845,0,349.108,7781,12003,1.120,1.400,1.310,0,1,0,0,0,18,321,0,69,0
09-03 06:40:24,21.669,4.234,63.512,7.970,0,5486500,166492,177876,2184800,9584.016,537.980,0,2287.412,0,219.177,7600,11374,1.120,1.400,1.310,1,0,1.993,0,0,18,321,0,70,0
09-03 06:40:25,15.747,3.499,68.737,10.498,0,5486740,165988,177876,2185076,9353.276,539.901,15.997,2363.564,1.000,252.953,5530,8285,1.120,1.400,1.310,1,0,0,0,0,18,320,0,72,0
09-03 06:40:26,8.761,2.253,84.856,3.755,0,5486720,165988,177876,2185096,5074.352,540.677,0,1606.010,0,132.165,2976,4304,1.030,1.370,1.300,1,0,0,0,0,18,321,0,72,0
09-03 06:40:27,7.491,2.996,66.667,20.225,0,5486636,165736,177876,2185432,4780.073,539.331,0,5565.099,0,400.503,3910,6257,1.030,1.370,1.300,0,0,0.999,0,0,18,320,0,68,0
09-03 06:40:28,15.324,2.512,75.868,4.773,0,5486544,165484,177876,2185776,10661.748,542.634,0,1294.282,0,156.761,5136,7395,1.030,1.370,1.300,1,0,0,0,0,18,322,0,71,0
09-03 06:40:29,17.443,4.236,60.053,14.702,0,5486908,164980,177876,2185916,6595.380,484.412,0,4584.971,0,408.660,6819,10540,1.030,1.370,1.300,1,0,0,0,0,18,321,0,72,0
09-03 06:40:30,23.972,4.744,64.424,5.743,0,5487644,163972,177876,2186188,8032.485,539.361,0,2568.957,0,238.717,8061,12175,1.030,1.370,1.300,0,1,0,0,0,18,321,0,72,0
09-03 06:40:31,17.499,3.750,63.247,13.499,0,5488888,162488,177876,2186428,9197.541,539.973,0,5195.740,0,327.984,6414,9259,1.030,1.370,1.300,0,2,0,0,0,18,321,0,60,0
09-03 06:40:32,21.575,4.516,62.469,10.286,0,5488996,162236,177876,2186572,11859.484,541.896,0,4519.810,0,443.552,8072,12346,1.030,1.370,1.300,1,0,0,0,0,18,320,0,60,0
09-03 06:40:33,20.424,4.982,57.786,13.948,0,5490340,160484,177876,2186980,6130.286,538.007,0,8169.729,0,523.062,7885,12160,1.030,1.370,1.300,1,0,0,0,0,18,321,0,61,0
09-03 06:40:34,5.250,0.750,92.256,0.500,0,5490312,160484,177876,2187008,4763.316,540.036,0,384.025,0,19.001,1848,2493,1.030,1.370,1.300,1,1,0,0,0,18,321,0,61,0
09-03 06:40:35,20.784,5.008,63.354,9.015,0,5490284,160260,177880,2187256,7572.438,540.888,0,3133.146,0,328.540,7739,12057,1.030,1.370,1.300,1,0,0,0,0,18,321,0,59,0
09-03 06:40:36,22.949,4.241,65.854,4.989,0,5489788,160468,177880,2187544,6999.527,538.809,0,1863.880,0,201.554,7939,12101,1.030,1.360,1.300,1,0,0,0,0,18,321,0,61,0
09-03 06:40:37,20.772,4.505,64.318,8.759,0,5490108,159968,177880,2187724,4464.696,486.512,0,2859.007,0,334.352,8155,12612,1.030,1.360,1.300,3,0,1.001,0,0,18,321,0,61,0
09-03 06:40:38,19.997,4.749,61.242,11.748,0,5490096,159716,177880,2187988,8337.919,539.930,0,3119.596,0,352.954,8024,13128,1.030,1.360,1.300,1,0,0,0,0,18,321,0,61,0
09-03 06:40:39,21.044,4.760,58.872,13.779,0,5490476,159212,177884,2188108,6062.542,541.119,0,7527.573,0,497.028,7875,11938,1.030,1.360,1.300,1,0,0,0,0,18,321,0,51,0
09-03 06:40:40,20.533,3.756,67.108,6.510,0,5490240,159212,177884,2188344,7597.189,540.868,0,1514.430,0,178.286,6959,10297,1.030,1.360,1.300,3,0,0,0,0,18,322,0,52,0
09-03 06:40:41,10.705,2.241,78.916,5.975,0,5490240,158960,177884,2188596,9898.135,3348.836,0,2011.492,0,199.158,4009,6069,1.110,1.370,1.300,0,0,0,0,0,18,320,0,54,0
09-03 06:40:42,12.256,1.001,81.293,3.752,0,5490200,158960,177884,2188636,26399.992,11803.256,0,1893.003,0,114.060,3223,4487,1.110,1.370,1.300,0,0,0,0,0,18,320,0,54,0
09-03 06:40:43,12.013,3.253,77.832,5.756,0,5490404,158708,177884,2188684,12408.025,3272.435,0,1853.946,0,188.198,4219,6414,1.110,1.370,1.300,1,0,0,0,0,18,320,0,49,0
09-03 06:40:44,7.743,2.248,85.919,2.248,0,5491072,157956,177884,2188768,6260.128,539.494,15.985,999.063,0.999,92.913,3138,4522,1.110,1.370,1.300,1,1,5.994,0,0,18,321,0,49,0
09-03 06:40:45,9.285,1.757,72.775,14.053,0,5491084,157732,177884,2188980,4751.943,487.842,0,2115.990,0,238.902,3645,5902,1.110,1.370,1.300,3,0,0,0,0,18,320,0,49,0
09-03 06:40:46,11.696,1.991,71.671,12.692,0,5491024,157732,177884,2189040,31316.313,11808.818,0,5443.026,0,385.232,4021,5872,1.260,1.400,1.310,0,0,0,0,0,18,320,0,50,0
09-03 06:40:47,18.047,3.760,67.173,9.274,0,5491144,157508,177884,2189144,6202.000,541.397,0,5947.343,0,431.112,7504,10090,1.260,1.400,1.310,2,0,1.003,0,0,18,322,0,48,0
09-03 06:40:48,19.457,4.241,58.372,15.217,0,5490852,157508,177884,2189436,8658.980,538.816,0,3895.443,0,408.104,7463,11656,1.260,1.400,1.310,3,0,0,0,0,18,321,0,49,0
09-03 06:40:49,21.082,3.263,64.000,9.537,0,5489764,158500,177884,2189532,7728.203,542.119,0,2529.887,0,259.012,7052,10565,1.260,1.400,1.310,0,1,0,0,0,18,321,0,49,0
09-03 06:40:50,23.405,4.731,63.493,5.478,0,5490776,157016,177884,2190004,5868.229,677.257,0,2589.510,0,269.907,8160,12252,1.260,1.400,1.310,1,0,0,0,0,18,321,0,51,0
09-03 06:40:51,5.770,2.007,81.530,9.533,0,5490756,157016,177884,2190024,14562.083,3141.805,0,6084.928,0,385.325,3060,4860,1.160,1.370,1.300,1,0,0,0,0,18,321,0,49,0
09-03 06:40:52,18.690,3.240,67.534,8.971,0,5492576,155028,177884,2190192,29788.672,11520.134,59.809,4521.530,3.987,377.791,5347,7409,1.160,1.370,1.300,1,1,0,0,0,18,321,0,49,0
09-03 06:40:53,11.549,2.762,78.335,5.524,0,5492400,155028,177884,2190368,9310.823,729.118,0,3121.350,0,358.533,4919,7426,1.160,1.370,1.300,2,0,0,0,0,18,321,0,49,0
09-03 06:40:54,20.408,4.480,60.229,12.942,0,5492292,155028,177884,2190476,8917.805,537.577,0,4089.567,0,379.290,7467,11807,1.160,1.370,1.300,3,0,0,0,0,18,321,0,49,0
09-03 06:40:55,22.550,5.011,64.142,7.016,0,5492864,154272,177884,2190660,10687.722,541.201,0,2633.846,0,234.521,7731,11525,1.160,1.370,1.300,3,0,0,0,0,18,321,0,43,0
09-03 06:40:56,14.988,3.497,68.693,10.741,0,5492992,153768,177884,2191036,13904.405,3320.231,0,2817.650,0,282.764,5465,8259,1.140,1.370,1.300,0,1,0,0,0,18,320,0,44,0
09-03 06:40:57,9.528,2.507,73.970,12.286,0,5493380,153264,177884,2191152,5384.997,541.609,0,6591.581,0,432.284,3629,5682,1.140,1.370,1.300,2,0,1.003,0,0,18,320,0,44,0
09-03 06:40:58,14.693,0.996,72.718,8.218,0,5493308,153264,177884,2191224,50097.800,23262.823,0,1717.343,0,129.498,3300,4386,1.140,1.370,1.300,3,0,0,0,0,18,322,0,44,0
09-03 06:40:59,20.020,2.502,72.821,4.254,0,5493244,153264,177884,2191288,65868.540,28391.819,0,896.879,0,71.070,3737,4363,1.140,1.370,1.300,0,1,0,0,0,18,320,0,41,0
09-03 06:41:00,20.224,2.497,61.671,13.732,0,5494344,152004,177884,2191448,49164.628,22104.508,0,1486.084,0,168.782,4789,6256,1.140,1.370,1.300,0,0,0,0,0,18,321,0,44,0
09-03 06:41:01,16.319,4.268,75.318,2.511,0,5520344,125796,177884,2195136,15633.021,3644.391,0,1389.870,0,132.560,5384,14923,1.050,1.350,1.300,2,0,36.153,0,0,19,323,0,45,0
09-03 06:41:02,18.448,4.487,61.825,12.714,0,5491964,153980,177884,2191852,6344.996,538.472,0,3155.048,0,365.962,7129,11071,1.050,1.350,1.300,1,0,0,0,0,18,321,0,46,0
09-03 06:41:03,20.809,4.011,49.138,23.817,0,5491796,153728,177884,2192272,27558.482,9613.027,32.090,9775.484,1.003,750.109,7311,10813,1.050,1.350,1.300,1,0,0,0,0,18,321,0,46,0
09-03 06:41:04,21.643,4.229,65.674,6.468,0,5492264,152972,177884,2192560,10199.403,3093.653,0,2201.081,0,253.741,7263,10837,1.050,1.350,1.300,1,0,0,0,0,18,321,0,46,0
09-03 06:41:05,5.774,1.506,83.342,7.782,0,5492496,152720,177884,2192580,6510.731,716.943,0,1835.536,0,149.614,2670,4120,1.050,1.350,1.300,1,0,0,0,0,18,321,0,46,0
09-03 06:41:06,8.468,1.245,85.427,2.989,0,5492440,152720,177884,2192636,24640.848,9747.152,0,1876.905,0,121.541,2847,4061,1.050,1.340,1.290,0,0,0,0,0,18,320,0,46,0
09-03 06:41:07,14.008,2.001,78.297,5.253,0,5492376,152720,177884,2192700,33077.977,11804.129,0,1512.914,0,150.091,3900,5416,1.050,1.340,1.290,0,0,1.001,0,0,18,320,0,48,0
09-03 06:41:08,16.746,2.999,70.731,7.998,0,5492628,152228,177884,2192940,5238.627,539.858,0,2059.460,0,197.948,5825,8532,1.050,1.340,1.290,0,1,1.000,0,0,18,321,0,43,0
09-03 06:41:09,23.365,5.778,60.800,8.040,0,5494108,150476,177884,2193212,8218.525,488.408,0,4019.821,0,388.918,9901,16230,1.050,1.340,1.290,3,0,2.010,0,0,18,321,0,44,0
09-03 06:41:10,23.386,4.727,56.227,14.181,0,5495100,149216,177888,2193476,5643.603,537.391,0,7332.405,0,469.720,8222,12511,1.050,1.340,1.290,1,0,0,0,0,18,322,0,48,0
09-03 06:41:11,11.495,2.499,77.718,5.998,0,5494848,149216,177888,2193728,11809.114,3264.649,0,1595.340,0,187.922,4199,6092,1.120,1.350,1.300,0,0,0,0,0,18,320,0,49,0
09-03 06:41:12,12.746,1.500,79.977,4.249,0,5494800,149216,177888,2193776,20375.247,7207.965,0,1159.673,0,112.968,3562,4843,1.120,1.350,1.300,4,0,0,0,0,18,320,1,43,0
09-03 06:41:13,16.773,4.506,69.845,7.260,0,5494580,149216,177888,2193996,14221.261,5133.953,0,1898.571,0,231.313,6122,9023,1.120,1.350,1.300,0,0,0,0,0,18,321,0,43,0
09-03 06:41:14,20.828,4.517,62.986,10.288,0,5490948,152732,177888,2194112,7593.412,542.028,0,3320.424,0,336.258,7384,11367,1.120,1.350,1.300,2,0,0,0,0,18,320,0,44,0
09-03 06:41:15,22.255,4.501,59.013,13.003,0,5491820,151472,177888,2194500,8420.807,582.125,0,7077.519,0,469.101,7860,11958,1.120,1.350,1.300,3,0,0,0,0,18,321,0,44,0
09-03 06:41:16,17.916,3.733,64.448,10.700,0.249,5492332,150748,177888,2194712,4774.617,483.732,0,2042.425,0,250.824,6886,10622,1.270,1.380,1.310,1,1,0,0,0,18,321,0,44,0
09-03 06:41:17,22.514,5.253,63.289,7.254,0,5493132,149744,177888,2194916,7980.906,540.332,0,2817.732,0,308.189,8189,12352,1.270,1.380,1.310,1,0,1.001,0,0,18,321,0,44,0
09-03 06:41:18,20.733,4.746,64.448,8.243,0,5492964,149016,177888,2195812,4666.232,539.564,0,3069.521,0,235.810,7347,10985,1.270,1.380,1.310,3,1,0,0,0,18,319,0,45,0
09-03 06:41:19,5.749,1.000,82.733,8.748,0,5492804,148948,177892,2196036,13325.268,3279.328,0,5734.824,0,341.930,2747,4085,1.270,1.380,1.310,0,0,0,0,0,18,320,0,45,0
09-03 06:41:20,12.753,2.751,72.766,10.002,0,5493416,148272,177892,2196100,30586.703,12465.732,8.002,1864.409,2.000,181.040,3582,4906,1.270,1.380,1.310,0,0,0,0,0,18,320,0,45,0
09-03 06:41:21,11.260,2.502,78.319,6.506,0,5493440,148048,177892,2196300,7881.897,2819.467,0,2097.836,0,192.168,3981,5896,1.170,1.360,1.300,0,0,0,0,0,18,320,0,46,0
09-03 06:41:22,8.245,1.499,73.204,14.741,0,5493400,148048,177892,2196340,11562.681,2575.370,0,7435.293,0,441.720,3388,5201,1.170,1.360,1.300,0,0,0,0,0,18,321,0,46,0
09-03 06:41:23,10.542,2.008,82.582,3.765,0.251,5493676,147620,177892,2196508,26759.615,9931.942,0,1064.280,0,117.472,3408,4707,1.170,1.360,1.300,1,0,2.008,0,0,18,321,0,46,0
09-03 06:41:24,18.428,3.735,59.766,14.942,0,5489940,151116,177892,2196744,3786.183,484.106,0,4685.663,0,531.918,7044,10820,1.170,1.360,1.300,0,3,2.988,0,0,18,321,0,42,0
09-03 06:41:25,22.019,4.754,61.803,10.009,0,5490424,150360,177892,2197016,7768.649,540.463,0,3378.892,0,368.315,7991,12594,1.170,1.360,1.300,2,0,0,0,0,18,321,0,42,0
09-03 06:41:26,21.463,3.494,64.640,7.737,0,5490516,150144,177892,2197140,8505.511,539.082,0,2076.463,0,183.687,7274,10906,1.160,1.350,1.300,1,0,0,0,0,18,322,0,44,0
09-03 06:41:27,14.011,3.253,72.559,9.007,0,5490996,149392,177892,2197412,15570.709,3313.705,16.013,2678.186,1.001,265.216,4873,7227,1.160,1.350,1.300,0,0,1.001,0,0,18,320,0,46,0
09-03 06:41:28,8.012,0.751,85.376,3.756,0,5490968,149392,177892,2197440,12238.103,3035.490,0,1622.400,0,144.213,2760,4000,1.160,1.350,1.300,3,0,0,0,0,18,321,0,41,0
09-03 06:41:29,14.229,2.996,71.644,9.486,0,5491096,149140,177892,2197564,25346.398,9629.714,31.953,6370.549,0.999,425.369,4947,7180,1.160,1.350,1.300,0,1,0,0,0,18,321,0,41,0
09-03 06:41:30,21.081,4.266,62.239,10.792,0,5491120,148888,177892,2197792,8097.157,542.086,0,3397.072,0,349.344,8066,12394,1.160,1.350,1.300,1,0,0,0,0,18,321,0,41,0
09-03 06:41:31,21.016,4.754,57.292,14.010,0,5491824,147880,177892,2198096,8419.213,486.359,0,3534.608,0,383.283,7696,11934,1.150,1.340,1.300,1,0,0,0,0,18,321,0,41,0
09-03 06:41:32,22.398,4.480,65.202,5.724,0,5492624,146980,177896,2198192,8924.278,537.547,0,2213.898,0,193.119,8193,12061,1.150,1.340,1.300,2,0,0,0,0,18,321,0,39,0
09-03 06:41:33,12.995,2.999,71.225,11.496,0,5493308,146000,177896,2198488,10148.447,3297.846,0,3858.649,0,352.876,4829,7737,1.150,1.340,1.300,0,0,0,0,0,18,320,0,40,0
09-03 06:41:34,11.755,2.251,64.279,18.758,0,5493512,145748,177896,2198536,7573.410,540.243,0,7051.175,0,445.200,3893,5872,1.150,1.340,1.300,1,0,0,0,0,18,320,0,40,0
09-03 06:41:35,8.752,1.000,85.267,3.751,0,5493492,145748,177896,2198556,26659.374,9587.933,0,720.145,0,58.012,2322,2953,1.150,1.340,1.300,2,0,0,0,0,18,321,0,40,0
09-03 06:41:36,12.744,1.999,77.961,6.247,0,5493300,145748,177896,2198748,29907.023,11988.996,0,1343.327,0,137.931,3734,5104,1.130,1.340,1.290,1,0,0,0,0,18,320,0,37,0
09-03 06:41:37,18.833,3.515,68.550,7.784,0,5493908,144992,177896,2198896,5959.108,542.376,0,2382.438,0,214.942,6074,8792,1.130,1.340,1.290,1,0,1.004,0,0,18,321,0,40,0
09-03 06:41:38,21.688,5.235,61.075,8.974,0,5494164,144488,177896,2199144,7690.987,538.459,0,3210.810,0,370.938,7984,12392,1.130,1.340,1.290,5,1,0,0,0,18,321,0,40,0
09-03 06:41:39,20.283,3.506,67.361,7.512,0,5494652,143732,177896,2199412,7183.852,486.803,0,2556.217,0,222.367,7272,10943,1.130,1.340,1.290,1,0,0,0,0,18,321,0,40,0
09-03 06:41:40,18.762,3.752,65.541,10.256,0,5496564,141716,177896,2199516,7712.858,540.340,0,6211.913,0,408.257,5788,7860,1.130,1.340,1.290,2,0,0,0,0,18,321,0,39,0
09-03 06:41:41,19.729,3.996,59.436,13.985,0,5496320,141464,177896,2200012,5851.703,633.318,0,6772.712,0,521.439,7751,12205,1.200,1.350,1.300,1,2,0,0,0,18,321,0,39,0
09-03 06:41:42,21.452,4.989,63.608,7.982,0,5497224,140456,177896,2200116,7408.468,538.798,0,2590.220,0,268.401,7602,11609,1.200,1.350,1.300,1,0,0,0,0,18,321,0,40,0
09-03 06:41:43,23.989,4.748,62.972,6.497,0,5498092,139196,177896,2200508,6261.173,539.756,31.986,2674.792,1.000,265.880,8692,13000,1.200,1.350,1.300,1,0,0,0,0,18,321,0,41,0
09-03 06:41:44,18.259,5.253,61.281,12.506,0.250,5499544,137688,177896,2200580,4978.492,540.270,0,3213.609,0,363.182,7487,11379,1.200,1.350,1.300,1,0,6.003,0,0,18,321,0,37,0
09-03 06:41:45,16.530,3.506,63.866,15.027,0,5500056,136708,177896,2201048,3927.152,540.985,0,5169.415,0,418.763,6177,8809,1.200,1.350,1.300,2,0,0,0,0,18,321,0,39,0
09-03 06:41:46,19.785,4.508,58.352,15.778,0,5500136,136456,177896,2201220,8487.908,540.950,32.056,7769.647,1.002,519.913,7393,11343,1.190,1.340,1.300,1,0,0,0,0,18,321,0,42,0
09-03 06:41:47,20.926,4.484,63.775,8.221,0,5500184,136204,177896,2201424,8858.734,484.291,0,2499.180,0,291.970,6480,9965,1.190,1.340,1.300,1,0,0.996,0,0,18,321,0,42,0
09-03 06:41:48,22.994,3.749,63.984,7.248,0,5500444,135700,177896,2201668,8010.002,539.865,0,1979.506,0,208.948,7195,10606,1.190,1.340,1.300,4,0,0,0,0,18,321,0,42,0
09-03 06:41:49,17.482,3.746,67.680,8.991,0,5500768,135196,177896,2201848,10402.176,3263.604,0,3792.054,0,210.781,5790,8690,1.190,1.340,1.300,1,0,0,0,0,18,320,0,41,0
09-03 06:41:50,7.788,2.261,84.416,3.769,0,5500760,135196,177896,2201856,8640.568,542.673,0,1905.387,0,179.886,3127,4745,1.190,1.340,1.300,4,0,0,0,0,18,321,0,42,0
09-03 06:41:51,4.974,1.492,86.046,5.720,0,5500804,134944,177896,2202064,11274.572,3250.865,0,1519.988,0,131.308,2555,4115,1.330,1.370,1.300,0,0,0,0,0,18,320,0,42,0
09-03 06:41:52,12.509,2.752,71.303,11.509,0,5501224,134440,177896,2202148,8428.272,3270.434,0,6264.662,0,427.318,4432,7030,1.330,1.370,1.300,2,0,0,0,0,18,320,0,43,0
09-03 06:41:53,13.254,2.251,77.024,5.752,0,5501248,134188,177896,2202376,12420.882,3194.998,0,1640.513,0,203.063,4520,6539,1.330,1.370,1.300,0,0,0,0,0,18,320,0,42,0
09-03 06:41:54,10.257,2.001,81.053,4.753,0,5501732,133684,177900,2202392,12966.547,4737.122,0,1276.842,0,127.084,3316,4784,1.330,1.370,1.300,2,0,0,0,0,18,321,0,43,0
09-03 06:41:55,16.026,2.254,74.370,6.010,0,5501612,133684,177900,2202512,46715.326,21074.982,0,1562.519,0,160.258,4134,5715,1.330,1.370,1.300,1,0,0,0,0,18,321,0,43,0
09-03 06:41:56,9.020,1.503,82.434,6.264,0,5501440,133684,177900,2202684,28611.862,9781.833,0,5139.471,0,445.995,2991,3866,1.390,1.380,1.310,1,1,0,0,0,18,321,0,43,0
09-03 06:41:57,10.951,1.244,81.385,3.235,0,5501900,133180,177900,2202728,30524.128,12072.865,0,1541.090,0,172.228,3384,4799,1.390,1.380,1.310,2,0,0.996,0,0,18,320,0,42,0
09-03 06:41:58,22.106,4.270,65.563,6.782,0,5502092,132928,177900,2202788,8051.445,542.591,0,2813.434,0,318.521,7642,11900,1.390,1.380,1.310,2,1,0,0,0,18,321,0,42,0
09-03 06:41:59,20.999,4.000,66.496,6.750,0,5502756,131920,177900,2203132,6987.606,539.970,0,2779.843,0,268.985,7490,11288,1.390,1.380,1.310,1,0,0,0,0,18,321,0,45,0
09-03 06:42:00,21.168,3.486,56.780,15.191,0,5502948,131668,177900,2203192,3998.514,537.917,0,6351.401,0,495.083,6807,10530,1.390,1.380,1.310,2,0,0,0,0,18,321,0,45,0
09-03 06:42:01,21.035,4.508,63.858,9.015,0,5503404,130912,177900,2203492,10294.365,540.912,0,2568.332,0,209.353,7071,10358,1.350,1.380,1.310,1,1,0,0,0,18,321,0,42,0
09-03 06:42:02,25.686,6.484,58.854,7.980,0,5531124,156184,177548,2151532,7545.278,484.797,0,2689.327,0,274.319,8146,19360,1.350,1.380,1.310,2,0,35.911,0,0,18,321,0,46,0
09-03 06:42:03,9.498,1.750,79.235,7.249,0,5530056,157152,177548,2151632,7695.586,3399.376,0,2275.582,0,212.961,3658,5550,1.350,1.380,1.310,0,0,0,0,0,18,320,0,50,0
09-03 06:42:04,8.499,2.000,78.988,8.749,0,5530028,157008,177548,2151804,13323.924,3207.500,0,2503.610,0,202.968,3254,4793,1.350,1.380,1.310,0,0,0,0,0,18,320,0,50,0
09-03 06:42:05,13.756,2.251,77.532,5.252,0,5529908,157008,177548,2151924,9046.731,2752.135,0,1676.691,0,164.068,4269,6212,1.350,1.380,1.310,1,0,0,0,0,18,320,0,49,0
09-03 06:42:06,4.517,1.757,79.296,12.547,0,5529884,157008,177548,2151948,8671.379,542.024,0,6415.958,0,412.540,2832,4750,1.250,1.350,1.300,1,0,0,0,0,18,321,0,49,0
09-03 06:42:07,11.202,1.245,81.404,3.734,0,5529836,157008,177548,2151992,28925.150,11747.108,0,1210.857,0,124.471,3432,4728,1.250,1.350,1.300,0,0,0,0,0,18,320,0,50,0
09-03 06:42:08,20.548,4.260,66.404,7.517,0,5529848,156756,177548,2152232,4582.613,541.253,0,2942.815,0,265.615,7192,10906,1.250,1.350,1.300,1,0,1.002,0,0,18,321,0,50,0
09-03 06:42:09,22.210,4.492,62.888,7.986,0,5529948,156516,177552,2152368,8542.749,539.038,0,2160.144,0,242.567,7917,11632,1.250,1.350,1.300,0,1,0,0,0,18,321,0,47,0
09-03 06:42:10,25.859,5.774,61.761,5.021,0,5531640,154256,177552,2152936,5982.273,488.062,0,2526.674,0,239.010,10197,16340,1.250,1.350,1.300,1,0,2.008,0,0,18,322,0,48,0
09-03 06:42:11,13.690,2.738,74.177,7.467,0,5531652,154004,177552,2153176,11693.030,3248.838,0,3094.511,0,272.811,4847,7267,1.630,1.430,1.320,0,0,0,0,0,18,320,0,51,0
09-03 06:42:12,15.506,2.251,64.273,17.006,0,5524476,161124,177552,2153232,27617.028,11759.270,0,11144.046,0,680.247,4832,6434,1.630,1.430,1.320,0,0,0,0,0,18,321,0,51,0
09-03 06:42:13,13.562,2.511,74.337,7.032,0,5524396,161124,177556,2153308,8864.230,783.556,0,2061.355,0,272.236,5291,7811,1.630,1.430,1.320,3,1,2.009,0,0,18,321,0,45,0
09-03 06:42:14,21.961,4.492,59.145,13.227,0,5517084,168196,177556,2153548,5397.447,539.046,0,3366.042,0,370.345,7943,12334,1.630,1.430,1.320,1,0,0,0,0,18,321,0,45,0
09-03 06:42:15,21.526,4.005,66.081,7.759,0,5516784,168196,177556,2153848,5179.340,722.885,0,3788.638,0,229.281,6206,9209,1.630,1.430,1.320,1,0,0,0,0,18,321,0,47,0
09-03 06:42:16,5.977,1.245,83.423,7.222,0,5516768,168196,177556,2153864,10950.140,3111.820,0,1812.904,0,148.419,2507,3809,1.500,1.410,1.320,2,0,0,0,0,18,321,0,47,0
09-03 06:42:17,4.496,0.999,86.667,5.495,0,5515320,169592,177556,2153916,11696.751,3145.975,0,2010.067,0,160.845,2358,3661,1.500,1.410,1.320,0,0,0,0,0,18,320,0,46,0
09-03 06:42:18,7.252,2.251,84.020,5.751,0,5515532,169340,177556,2153956,11166.705,3203.776,0,1632.395,0,157.038,2868,4263,1.500,1.410,1.320,0,0,1.000,0,0,18,320,0,46,0
09-03 06:42:19,11.501,2.000,76.509,8.251,0,5515464,169340,177560,2154020,19122.276,6999.833,0,1804.215,0,188.022,3679,5463,1.500,1.410,1.320,0,0,0,0,0,18,321,0,46,0
09-03 06:42:20,10.503,2.251,75.024,9.753,0,5515448,169340,177560,2154036,33723.796,12196.905,4.001,6434.060,1.000,405.130,3509,4988,1.500,1.410,1.320,1,0,1.000,0,0,18,321,0,46,0
09-03 06:42:21,15.993,2.749,75.468,4.498,0,5515372,169088,177560,2154364,25613.223,10070.763,0,1735.270,0,197.917,4541,6357,1.380,1.380,1.310,1,0,0,0,0,18,320,0,44,0
09-03 06:42:22,5.999,1.250,84.233,6.499,0,5515624,168836,177560,2154364,5678.835,581.881,0,1155.763,0,115.976,2501,3830,1.380,1.380,1.310,4,0,0,0,0,18,321,0,44,0
09-03 06:42:23,6.002,1.501,89.035,2.751,0,5515560,168836,177560,2154428,8233.219,3204.253,0,1104.432,0,111.043,2662,4188,1.380,1.380,1.310,0,0,0,0,0,18,320,0,44,0
09-03 06:42:24,11.500,2.000,79.499,5.000,0,5515600,168584,177560,2154640,11142.837,3118.954,0,1483.978,0,155.998,3760,5467,1.380,1.380,1.310,1,0,2.000,0,0,18,320,0,45,0
09-03 06:42:25,12.253,1.750,83.019,1.750,0,5515552,168584,177560,2154688,36590.386,14443.310,0,1180.270,0,109.025,3066,3876,1.380,1.380,1.310,1,0,0,0,0,18,322,0,46,0
09-03 06:42:26,4.499,0.750,91.234,1.750,0,5515544,168584,177560,2154696,13523.576,5104.085,0,615.890,0,34.994,1467,2073,1.270,1.360,1.300,1,2,0,0,0,18,321,0,46,0
09-03 06:42:27,9.248,1.750,85.984,2.250,0,5515520,168584,177560,2154720,34714.495,14172.344,0,675.873,0,44.992,2249,2761,1.270,1.360,1.300,1,0,0,0,0,18,322,0,47,0
09-03 06:42:28,7.750,1.500,79.495,9.499,0,5515812,168108,177560,2154904,10300.344,2924.814,31.998,5063.678,2.000,462.971,2910,3961,1.270,1.360,1.300,0,0,1.000,0,0,18,321,0,47,0
09-03 06:42:29,12.752,2.000,83.013,1.250,0,5517228,166624,177560,2154972,33555.418,11864.916,0,1304.211,0,123.020,3535,4578,1.270,1.360,1.300,0,0,0,0,0,18,321,0,49,0
09-03 06:42:30,14.263,2.252,75.820,6.006,0,5516856,166988,177560,2154980,29711.236,9901.076,0,1701.560,0,130.119,4031,5745,1.270,1.360,1.300,1,0,0,0,0,18,321,0,47,0
09-03 06:42:31,19.992,4.498,55.478,16.993,0,5516736,166736,177560,2155352,4734.142,539.788,0,7361.111,0,524.794,7615,11806,1.240,1.350,1.300,2,1,0,0,0,18,321,0,47,0
09-03 06:42:32,12.489,2.748,75.935,7.244,0,5516876,166512,177560,2155436,13049.787,3338.132,0,2505.847,0,237.796,4448,6904,1.240,1.350,1.300,0,0,0,0,0,18,320,0,48,0
09-03 06:42:33,16.270,2.753,71.589,7.259,0,5517336,165800,177560,2155688,13024.230,2886.597,0,2707.374,0,247.308,5199,7576,1.240,1.350,1.300,0,1,0,0,0,18,320,0,51,0
09-03 06:42:34,9.287,1.506,82.074,5.522,0,5517508,165604,177560,2155712,23424.603,9624.046,0,1176.652,0,105.417,3302,4540,1.240,1.350,1.300,2,0,0,0,0,18,321,0,49,0
09-03 06:42:35,22.445,4.738,62.597,8.479,0,5517864,164848,177560,2156112,9243.381,538.682,0,3096.423,0,301.263,7882,11609,1.240,1.350,1.300,1,0,0,0,0,18,321,0,49,0
09-03 06:42:36,20.677,4.733,60.785,12.456,0,5519468,163084,177560,2156272,5258.383,538.095,0,7712.693,0,526.137,7756,12066,1.310,1.360,1.300,1,0,0,0,0,18,321,0,50,0
09-03 06:42:37,13.765,2.753,75.334,5.756,0,5519508,162832,177560,2156484,11856.265,3266.655,0,2158.415,0,220.246,4480,6930,1.310,1.360,1.300,1,0,0,0,0,18,320,0,51,0
09-03 06:42:38,10.765,2.503,70.846,14.269,0,5520116,162080,177560,2156632,10521.298,540.735,32.044,1934.629,2.003,171.233,3964,5797,1.310,1.360,1.300,1,0,1.001,0,0,18,321,0,48,0
09-03 06:42:39,11.989,1.499,78.926,5.245,0,5520084,162080,177560,2156664,12765.989,4745.535,0,1690.410,0,197.814,4005,5880,1.310,1.360,1.300,0,0,0,0,0,18,321,0,49,0
09-03 06:42:40,10.011,2.753,82.843,3.003,0.250,5520504,161576,177560,2156748,25210.177,7937.872,0,1161.298,0,120.134,3250,4376,1.310,1.360,1.300,2,0,0,0,0,18,321,0,49,0
09-03 06:42:41,5.991,0.749,89.862,1.747,0,5520544,161324,177560,2156960,10234.263,3351.846,0,1294.010,0,115.822,2489,3947,1.280,1.360,1.300,0,0,0,0,0,18,320,0,50,0
09-03 06:42:42,15.253,2.250,77.016,3.251,0,5520460,161324,177564,2157040,32128.826,11799.507,0,1308.278,0,144.031,4245,5725,1.280,1.360,1.300,0,0,0,0,0,18,320,0,50,0
09-03 06:42:43,15.271,3.505,70.095,9.513,0,5521116,160596,177564,2157112,7641.397,540.736,0,4482.099,0,281.383,5785,8610,1.280,1.360,1.300,1,5,1.001,0,0,18,321,0,51,0
09-03 06:42:44,18.470,4.493,52.915,20.717,0,5522964,158392,177564,2157468,7590.769,539.131,63.897,9660.434,2.995,807.699,7495,11509,1.280,1.360,1.300,2,1,5.990,0,0,18,321,0,52,0
09-03 06:42:45,19.266,3.753,60.050,14.262,0,5523092,158140,177564,2157592,6717.603,540.451,0,4976.150,0,365.305,7203,11214,1.280,1.360,1.300,1,0,0,0,0,18,321,0,52,0
09-03 06:42:46,21.256,4.751,67.017,5.751,0,5523852,157132,177564,2157840,4366.138,540.141,0,1616.421,0,156.041,7378,11041,1.260,1.350,1.300,0,1,0,0,0,18,321,0,47,0
09-03 06:42:47,13.486,3.496,74.921,6.743,0,5524096,156628,177564,2158100,8585.964,3209.622,0,2205.679,0,213.775,4561,7108,1.260,1.350,1.300,0,0,0,0,0,18,320,0,48,0
09-03 06:42:48,10.505,1.751,82.039,4.252,0,5524296,156380,177564,2158148,7803.708,540.257,0,1760.837,0,161.077,3721,5415,1.260,1.350,1.300,0,0,1.000,0,0,18,321,0,48,0
09-03 06:42:49,12.246,3.249,67.979,14.745,0,5524200,156380,177564,2158244,20609.557,6967.822,0,6593.939,0,481.849,4821,7377,1.260,1.350,1.300,0,0,0,0,0,18,321,0,48,0
09-03 06:42:50,11.250,2.750,80.502,4.000,0,5524252,156128,177564,2158444,18783.469,5367.134,0,1324.033,0,131.003,3663,5016,1.260,1.350,1.300,1,1,0,0,0,18,320,0,46,0
09-03 06:42:51,5.998,1.000,85.971,5.498,0,5524172,156128,177564,2158524,11098.276,3266.904,0,1259.577,0,117.960,2776,4356,1.240,1.350,1.300,0,0,0,0,0,18,320,0,47,0
09-03 06:42:52,15.496,2.499,75.233,4.999,0,5524060,156128,177564,2158636,30672.902,11926.240,0,1575.635,0,151.965,4350,5900,1.240,1.350,1.300,0,0,0,0,0,18,320,0,47,0
09-03 06:42:53,16.285,3.507,72.154,6.514,0,5524184,155876,177564,2158764,6594.097,541.157,0,2104.499,0,235.503,6116,9601,1.240,1.350,1.300,0,1,0,0,0,18,321,0,48,0
09-03 06:42:54,21.230,4.995,60.442,11.489,0,5524492,155372,177564,2158960,3126.006,539.483,15.985,4183.993,0.999,420.597,7749,12002,1.240,1.350,1.300,1,2,0,0,0,18,321,0,46,0
09-03 06:42:55,22.501,4.250,57.753,12.751,0,5525464,154112,177572,2159240,2766.162,486.028,0,7256.425,0,523.031,8441,12989,1.240,1.350,1.300,1,0,0,0,0,18,321,0,46,0
09-03 06:42:56,19.504,4.251,65.514,8.502,0,5526208,153104,177572,2159504,8711.876,540.116,0,1440.310,0,154.033,6998,10683,1.220,1.340,1.300,2,0,0,0,0,18,321,0,47,0
09-03 06:42:57,7.989,2.247,80.385,7.739,0,5526004,153104,177572,2159708,9184.909,3262.350,0,2923.833,0,221.684,3325,5207,1.220,1.340,1.300,0,0,0,0,0,18,320,0,48,0
09-03 06:42:58,9.756,2.251,83.049,3.752,0,5526452,152600,177572,2159764,7687.531,540.318,0,1368.807,0,151.089,3840,5591,1.220,1.340,1.300,0,0,1.001,0,0,18,321,0,47,0
09-03 06:42:59,15.529,2.254,66.624,13.776,0,5526460,152376,177572,2159980,29384.791,11951.284,0,7177.383,0,613.143,4964,6571,1.220,1.340,1.300,1,0,0,0,0,18,320,0,47,0
09-03 06:43:00,11.975,2.245,78.333,5.488,0,5526604,152124,177572,2160088,11435.664,3261.060,0,1468.874,0,157.664,3998,5747,1.220,1.340,1.300,0,0,0,0,0,18,320,0,49,0
09-03 06:43:01,9.770,1.754,82.172,4.509,0,5526520,152124,177572,2160172,9434.714,2822.899,0,1326.772,0,122.255,3285,4674,1.120,1.320,1.290,1,1,0,0,0,18,320,0,51,0
09-03 06:43:02,14.496,4.499,73.729,5.249,0,5535924,177888,176484,2126704,23250.446,9529.314,31.991,1063.700,1.999,94.973,4193,10537,1.120,1.320,1.290,2,0,35.990,0,0,18,321,0,44,0
09-03 06:43:03,24.037,4.757,55.084,13.771,0,5533188,180316,176536,2126960,27138.421,9600.653,0,8396.816,0,631.965,8038,12720,1.120,1.320,1.290,2,0,0,0,0,18,321,0,44,0
09-03 06:43:04,21.023,3.254,60.566,13.264,0,5532204,181156,176544,2127096,8801.552,540.587,0,2847.090,0,321.349,6973,10784,1.120,1.320,1.290,1,0,0,0,0,18,321,0,44,0
09-03 06:43:05,21.265,5.254,65.296,7.005,0,5532888,180148,176552,2127412,5717.026,540.381,16.011,2569.809,1.001,281.198,7402,11394,1.120,1.320,1.290,1,1,0,0,0,18,320,0,46,0
09-03 06:43:06,5.236,0.997,87.013,4.488,0,5532636,180148,176560,2127656,12645.547,3250.145,0,1807.077,0,146.601,2613,4077,1.190,1.330,1.290,2,0,0,0,0,18,321,0,40,0
09-03 06:43:07,13.218,2.494,70.829,10.973,0,5532548,180148,176568,2127736,20701.999,8040.580,0,1951.287,0,188.545,4205,6007,1.190,1.330,1.290,0,0,0,0,0,18,320,0,42,0
09-03 06:43:08,13.270,1.502,79.619,4.256,0,5532588,179896,176584,2127932,29397.007,11706.525,0,1710.561,0,151.226,3628,4753,1.190,1.330,1.290,0,0,1.001,0,0,18,321,0,42,0
09-03 06:43:09,7.988,2.496,71.896,15.727,0,5532760,179644,176588,2128008,11278.763,2986.700,0,5855.570,0,366.472,3543,5414,1.190,1.330,1.290,0,2,0,0,0,18,320,0,42,0
09-03 06:43:10,14.004,2.251,77.520,4.501,0,5532740,179644,176588,2128028,23586.159,9534.490,0,2176.568,0,158.041,4414,6370,1.190,1.330,1.290,3,0,0,0,0,18,321,0,42,0
09-03 06:43:11,21.744,4.749,58.984,12.747,0,5525416,186668,176588,2128328,8007.803,539.852,0,3191.125,0,295.919,7631,11689,1.180,1.320,1.290,1,0,1.000,0,0,18,322,0,41,0
09-03 06:43:12,13.001,4.000,76.508,4.250,0,5527424,184412,176588,2128576,9359.974,3268.340,0,2408.251,0,214.022,6109,9930,1.180,1.320,1.290,0,0,1.000,0,0,18,320,0,42,0
09-03 06:43:13,16.006,1.751,76.528,4.252,0,5527492,184160,176600,2128748,27086.753,11801.249,0,1972.710,0,185.067,4447,5853,1.180,1.320,1.290,2,0,0,0,0,18,320,0,44,0
09-03 06:43:14,12.252,3.501,79.012,3.751,0,5527380,184160,176600,2128860,8166.228,540.081,0,1792.269,0,190.029,5054,7618,1.180,1.320,1.290,1,0,0,0,0,18,321,0,44,0
09-03 06:43:15,21.745,5.249,57.487,13.747,0,5528252,183152,176604,2128992,8063.144,581.866,0,8058.145,0,541.875,7860,11907,1.180,1.320,1.290,1,1,0,0,0,18,321,0,41,0
09-03 06:43:16,7.749,1.750,81.735,7.249,0,5528024,183152,176620,2129204,16660.975,3256.409,0,3751.319,0,209.962,3191,5023,1.080,1.300,1.280,0,0,0,0,0,18,320,0,42,0
09-03 06:43:17,14.499,2.500,75.993,5.250,0,5528036,182900,176628,2129436,7998.309,3257.719,0,1623.860,0,186.984,4995,7464,1.080,1.300,1.280,0,0,0,0,0,18,320,0,43,0
09-03 06:43:18,7.749,1.500,85.234,3.999,0,5528260,182648,176636,2129456,7542.602,2696.500,0,1139.789,0,101.981,2759,4022,1.080,1.300,1.280,0,2,1.000,0,0,18,320,0,45,0
09-03 06:43:19,14.009,2.251,73.048,8.756,0,5528152,182648,176640,2129560,31849.086,12275.127,0,1685.116,0,180.119,4025,5570,1.080,1.300,1.280,1,0,0,0,0,18,321,0,42,0
09-03 06:43:20,13.755,1.751,75.779,7.253,0,5528348,182396,176640,2129616,44104.159,18499.197,0,6834.659,0,475.185,3907,4669,1.080,1.300,1.280,1,1,0,0,0,18,321,0,42,0
09-03 06:43:21,23.546,4.258,62.122,7.515,0,5528424,181940,176648,2129988,8750.192,541.063,0,3098.087,0,300.591,8170,12435,1.150,1.310,1.290,2,0,0,0,0,18,321,0,43,0
09-03 06:43:22,18.449,4.488,57.341,17.452,0,5528576,181688,176656,2130080,5097.870,538.507,0,7036.496,0,512.579,6993,11153,1.150,1.310,1.290,0,2,0,0,0,18,321,0,43,0
09-03 06:43:23,22.243,4.499,61.230,9.997,0,5529280,180680,176668,2130372,6927.703,539.821,0,3898.708,0,331.890,7257,11119,1.150,1.310,1.290,0,1,0,0,0,18,320,0,43,0
09-03 06:43:24,7.499,1.500,85.735,4.499,0,5529488,180428,176672,2130412,11743.879,3262.411,0,1211.781,0,108.980,2904,4048,1.150,1.310,1.290,1,0,2.000,0,0,18,320,0,43,0
09-03 06:43:25,9.256,1.751,81.049,5.253,0,5529268,180428,176680,2130624,7885.721,3209.922,0,1765.057,0,166.099,3545,5496,1.150,1.310,1.290,0,0,0,0,0,18,320,0,44,0
09-03 06:43:26,11.999,2.250,78.493,6.249,0,5529192,180428,176692,2130688,12913.787,3393.681,0,1647.845,0,180.983,3844,5660,1.140,1.310,1.290,0,0,0,0,0,18,320,0,45,0
09-03 06:43:27,12.781,1.754,82.952,1.002,0,5532636,176900,176692,2130772,10169.808,541.320,0,709.731,0,42.103,2744,3254,1.140,1.310,1.290,1,0,0,0,0,18,321,0,44,0
09-03 06:43:28,25.204,3.494,68.625,1.996,0,5539616,169592,176692,2131100,15855.108,5108.691,0,1285.657,0,115.789,4772,5958,1.140,1.310,1.290,1,0,0.998,0,0,18,321,0,46,0
09-03 06:43:29,10.001,1.750,85.007,1.750,0,5539488,169592,176708,2131212,27467.163,9562.753,0,1072.084,0,91.007,2889,3805,1.140,1.310,1.290,1,0,0,0,0,18,320,0,46,0
09-03 06:43:30,9.522,1.503,81.687,5.011,0,5539536,169340,176716,2131408,26865.383,9607.953,0,1387.169,0,151.346,2999,3984,1.140,1.310,1.290,2,0,0,0,0,18,321,0,47,0
09-03 06:43:31,10.702,2.489,63.216,21.902,0,5539668,169116,176724,2131492,32053.164,12007.119,0,9736.309,0,814.346,4128,5823,1.130,1.300,1.280,0,1,0,0,0,18,320,0,42,0
09-03 06:43:32,17.605,4.024,63.125,12.826,0,5539560,169116,176732,2131592,7635.414,543.231,0,3005.878,0,299.783,6561,10124,1.130,1.300,1.280,2,0,0,0,0,18,321,0,42,0
09-03 06:43:33,21.152,3.733,67.438,5.724,0,5540060,168108,176736,2132096,9499.053,3324.619,0,2508.395,0,263.780,6889,10348,1.130,1.300,1.280,1,0,0,0,0,18,320,0,45,0
09-03 06:43:34,9.779,1.254,87.510,1.254,0,5540056,168108,176740,2132096,9224.369,541.607,0,1211.595,0,69.205,3075,4221,1.130,1.300,1.280,2,0,0,0,0,18,324,0,47,0
09-03 06:43:35,23.508,3.251,65.523,5.502,0,5541580,166092,176752,2132576,8138.868,540.190,192.068,1936.683,13.005,171.060,7506,10890,1.130,1.300,1.280,1,0,1.000,0,0,18,325,0,65,0
09-03 06:43:36,24.675,3.240,67.795,3.240,0,5543032,164580,176752,2132636,3910.165,538.371,0,1639.039,0,127.614,7209,10124,1.120,1.300,1.280,2,0,1.994,0,0,18,326,0,77,0
09-03 06:43:37,21.742,2.749,68.225,4.748,0,5543340,163852,176756,2133052,23857.217,8716.791,0,2151.208,0,224.917,5995,8366,1.120,1.300,1.280,1,0,0,0,0,18,324,0,79,0
09-03 06:43:38,11.301,3.516,73.833,10.548,0,5544524,162632,176756,2133088,13450.596,3699.667,20.091,5376.220,2.009,352.588,4464,6741,1.120,1.300,1.280,4,0,1.005,0,0,18,324,0,79,0
09-03 06:43:39,21.402,4.231,64.703,6.719,0.249,5544216,162632,176764,2133388,7334.307,537.531,0,2723.488,0,279.715,7490,11525,1.120,1.300,1.280,0,2,0,0,0,18,324,0,78,0
09-03 06:43:40,8.999,1.750,80.239,8.499,0,5543996,162632,176768,2133604,9242.710,3216.551,0,2335.674,0,196.973,3427,5289,1.120,1.300,1.280,0,0,0,0,0,18,323,0,80,0
09-03 06:43:41,8.252,1.751,82.274,5.752,0,5544172,162408,176772,2133648,10012.888,3303.953,0,1692.488,0,161.046,3078,4724,1.510,1.370,1.310,0,0,0,0,0,18,323,0,81,0
09-03 06:43:42,7.499,1.000,87.491,2.750,0,5544128,162408,176776,2133688,13316.561,3210.653,0,2683.710,0,127.986,2877,4169,1.510,1.370,1.310,0,0,0,0,0,18,323,0,81,0
09-03 06:43:43,8.497,1.749,82.471,5.748,0,5544328,162168,176776,2133728,12785.538,3208.880,0,1427.502,0,153.946,3488,5094,1.510,1.370,1.310,0,0,0,0,0,18,323,0,78,0
09-03 06:43:44,10.292,3.263,85.094,1.506,0,5546492,159904,176776,2133828,4739.182,542.195,8.033,747.024,2.008,45.183,3012,3717,1.510,1.370,1.310,3,0,6.024,0,0,18,324,0,79,0
09-03 06:43:45,6.974,1.494,85.678,4.981,0,5547004,159148,176776,2134072,12011.884,2740.706,0,1645.818,0,102.615,2602,3788,1.510,1.370,1.310,0,0,0,0,0,18,323,0,79,0
09-03 06:43:46,6.252,1.500,82.525,7.502,0,5547468,158644,176784,2134104,8656.597,2751.826,0,1212.364,0,108.032,2490,3761,1.470,1.370,1.310,0,0,0,0,0,18,323,0,80,0
09-03 06:43:47,6.990,1.498,68.656,20.222,0,5548000,157944,176788,2134268,13936.969,2747.249,0,9982.369,0,644.120,3436,4894,1.470,1.370,1.310,0,1,0,0,0,18,323,0,77,0
09-03 06:43:48,14.260,2.252,79.306,2.502,0,5548460,157440,176788,2134312,25147.813,9497.727,0,968.686,0,97.069,3312,4347,1.470,1.370,1.310,1,0,1.001,0,0,18,324,0,77,0
09-03 06:43:49,12.502,2.250,80.513,3.000,0,5548452,157440,176788,2134320,10038.628,2792.453,0,1408.228,0,153.025,4346,6469,1.470,1.370,1.310,0,1,0,0,0,18,324,0,78,0
09-03 06:43:50,24.372,4.020,62.312,8.292,0,5548836,156684,176804,2134676,9539.817,542.720,0,2243.244,0,213.068,7282,10408,1.470,1.370,1.310,1,0,0,0,0,18,324,0,79,0
09-03 06:43:51,10.198,2.239,77.107,7.711,0,5548996,156432,176816,2134756,12439.524,3258.373,0,2578.841,0,234.802,3895,5974,1.510,1.380,1.310,1,0,0,0,0,18,323,0,79,0
09-03 06:43:52,8.004,1.751,84.541,4.002,0,5549052,156180,176828,2134940,11969.865,3216.576,0,1768.867,0,167.082,3229,4752,1.510,1.380,1.310,0,0,0,0,0,18,323,0,79,0
09-03 06:43:53,8.500,1.750,82.754,5.500,0,5549016,156180,176828,2134976,11127.531,2751.131,0,1756.084,0,164.008,3215,4775,1.510,1.380,1.310,0,0,0,0,0,18,323,0,79,0
09-03 06:43:54,9.496,1.499,82.965,4.248,0,5548960,156180,176828,2135032,18055.477,6419.325,0,1299.459,0,121.949,2993,4356,1.510,1.380,1.310,1,0,0,0,0,18,324,0,80,0
09-03 06:43:55,11.258,2.001,75.304,9.006,0.250,5548896,156180,176840,2135084,19456.879,5985.270,0,5387.843,0,340.243,4342,6354,1.510,1.380,1.310,1,0,0,0,0,18,324,0,80,0
09-03 06:43:56,20.838,3.264,65.526,9.289,0,5443464,261360,176864,2135312,4758.051,488.057,12.051,2313.750,1.004,240.011,4918,7152,1.470,1.370,1.310,1,0,0,0,0,18,323,0,78,0
09-03 06:43:57,4.977,2.240,87.097,3.733,0,5378096,326372,176884,2135728,10784.065,258325.836,382.230,792.331,11.945,46.783,1954,2297,1.470,1.370,1.310,0,0,13.935,0,0,18,323,0,78,0
09-03 06:43:58,3.753,1.501,93.062,0.751,0,5381888,321188,176892,2137112,137964.223,3058.044,1380.923,600.401,38.025,31.021,1651,2142,1.470,1.370,1.310,1,0,4.003,0,0,18,323,0,78,0
09-03 06:43:59,11.745,3.248,81.462,1.999,0,5395268,307784,176916,2137112,286031.885,10133.320,67.969,747.655,9.995,34.984,2761,2649,1.470,1.370,1.310,1,0,21.990,0,0,18,323,0,78,0
09-03 06:44:00,11.557,3.517,80.646,3.266,0,5377656,325080,176936,2137408,299188.590,12644.022,229.124,1853.090,10.049,111.547,3271,3311,1.470,1.370,1.310,1,0,22.108,0,0,18,323,0,76,0
09-03 06:44:01,21.151,5.723,70.918,0.747,0,5377168,311184,176940,2151788,5146.927,537.486,402.119,648.965,14.930,60.716,2639,2025,1.430,1.370,1.310,1,0,19.907,0,0,18,323,0,76,0
