"pcp-dstat 6.2.0 CSV Output"
"Author:","PCP team <pcp@groups.io> and Dag Wieers <dag@wieers.com>",,,,"URL:","https://pcp.io/ and http://dag.wieers.com/home-made/dstat/"
"Host:","ubuntu",,,,"User:","ubuntu"
"Cmdline:","dstat -tcmndrylpg --tcp --output /tmp/devstack_logs/dstat-csv.log",,,,"Date:","15 May 2026 00:42:57 UTC"
"system","total usage",,,,,"memory usage",,,,"net/total",,"dsk/total",,"io/total",,"system",,"load avg",,,"procs",,,"paging",,"tcp sockets",,,,
"time","total usage:usr","total usage:sys","total usage:idl","total usage:wai","total usage:stl","used","free","buf","cach","net/total:recv","net/total:send","dsk/total:read","dsk/total:writ","read","writ","int","csw","1m","5m","15m","run","blk","new","in","out","lis","act","syn","tim","clo"
15-05 00:42:57,,994324,1642336,162392,5022840,,,,,,,1.870,1.220,0.680,2,0,,,,10,3,0,17,0
15-05 00:42:58,10.236,19.973,66.659,1.997,0,1001056,1635536,162408,5022892,9022.714,2350.799,0,1398.096,0,62.914,6099,5135,1.870,1.220,0.680,1,0,450.387,0,0,10,4,0,17,0
15-05 00:42:59,17.262,18.263,61.543,1.251,0,979812,1656692,162444,5023284,19905.054,1644.161,0,388.274,0,24.017,6195,5848,1.720,1.200,0.680,2,0,358.253,0,0,10,4,0,17,0
15-05 00:43:00,27.180,14.712,54.609,2.244,0,1005576,1630332,162544,5023644,22030.201,10101.955,0,1260.749,0,35.907,6777,7318,1.720,1.200,0.680,1,0,290.252,0,0,10,5,0,17,0
15-05 00:43:01,10.748,3.249,83.234,2.500,0,1106052,1528928,162692,5148668,43900.760,11415.857,0,1307.755,0,41.992,2632,2925,1.720,1.200,0.680,2,0,13.997,0,0,11,6,0,17,0
15-05 00:43:02,31.089,9.778,54.656,3.761,0,1117864,1516516,162824,5149072,22010.880,10861.028,0,3602.291,0,227.650,4151,2969,1.720,1.200,0.680,2,1,164.470,0,0,11,8,0,17,0
15-05 00:43:03,28.908,6.729,54.577,8.722,0,1186436,1444888,163028,5151364,41840.201,11895.245,1730.507,3054.306,118.623,80.744,3724,3196,1.720,1.200,0.680,2,0,116.630,0,0,11,7,0,19,1
15-05 00:43:04,28.517,3.502,56.283,10.756,0,1233888,1387696,163332,5160140,147798.743,13022.555,244.142,6359.689,7.004,62.036,2561,1812,1.900,1.250,0.700,1,1,0,0,0,11,6,0,19,2
15-05 00:43:05,27.260,3.251,48.017,20.257,0,1251972,1354140,163756,5174124,52101.343,2208.778,16.006,6190.179,1.000,316.111,4240,5351,1.900,1.250,0.700,1,2,6.002,0,0,11,8,0,19,2
15-05 00:43:06,20.001,3.750,45.252,29.252,0,1271464,1320500,164680,5185220,5866.318,486.026,0,10244.555,0,499.027,4823,7652,1.900,1.250,0.700,3,1,6.000,0,0,11,8,0,19,2
15-05 00:43:07,21.495,3.999,40.991,31.993,0,1271068,1303480,165340,5200284,8174.106,539.875,0,11697.289,0,673.844,5433,8684,1.900,1.250,0.700,1,2,0,0,0,11,8,0,19,2
15-05 00:43:08,16.727,3.245,39.694,38.197,0,1281184,1281168,165668,5211300,6247.259,539.245,0,11004.602,0,734.972,5054,8079,1.900,1.250,0.700,3,2,11.983,0,0,11,8,0,19,2
15-05 00:43:09,13.490,3.747,39.471,40.470,0,1294592,1257448,166208,5220056,7894.126,539.598,0,10380.276,0,698.480,4960,7785,1.990,1.280,0.710,0,3,5.996,0,0,11,8,0,19,2
15-05 00:43:10,10.269,3.256,37.819,45.834,0,1288288,1258324,166568,5224476,7781.252,540.991,0,13949.550,0,882.617,4691,7865,1.990,1.280,0.710,1,1,9.017,0,0,11,8,0,19,2
15-05 00:43:11,12.983,3.246,44.443,37.701,0,1281404,1258276,167112,5229824,3101.005,539.305,0,9108.265,0,699.099,5051,8234,1.990,1.280,0.710,2,1,8.988,0,0,11,8,0,19,2
15-05 00:43:12,15.263,2.752,37.031,42.286,0,1276336,1253808,167368,5238292,7371.213,486.410,0,9976.409,0,731.617,4885,7959,1.990,1.280,0.710,0,2,9.008,0,0,11,8,0,19,2
15-05 00:43:13,9.003,3.001,38.264,47.517,0,1263868,1251580,167892,5251456,5289.927,540.197,0,9491.457,0,692.252,3826,6301,1.990,1.280,0.710,1,3,0,0,0,11,8,0,19,2
15-05 00:43:14,10.993,2.748,41.222,42.971,0,1263416,1247352,168196,5255296,4691.808,539.633,0,9681.414,0,534.636,3723,5783,2.070,1.300,0.720,0,2,0,0,0,11,8,0,19,2
15-05 00:43:15,9.281,2.508,47.660,39.633,0,1267332,1239064,168400,5258832,9391.517,541.818,0,16519.437,0,478.606,2656,3554,2.070,1.300,0.720,0,4,1.003,0,0,11,8,0,19,2
15-05 00:43:16,19.196,3.490,42.132,33.407,0,1209144,1309004,168820,5246352,6411.076,1017.156,0,9389.748,0,939.374,5382,8379,2.070,1.300,0.720,0,3,16.953,0,0,11,6,0,19,0
15-05 00:43:17,23.272,4.504,34.782,35.032,0,1256996,1260828,168952,5246544,10519.757,540.501,0,10397.644,0,836.776,6082,9637,2.070,1.300,0.720,2,1,29.027,0,0,11,4,0,19,0
15-05 00:43:18,36.527,8.006,38.779,16.262,0,1219900,1291892,169200,5251836,14906.972,2838.089,0,7909.822,0,455.335,4145,3999,2.070,1.300,0.720,2,0,92.068,0,0,11,4,0,19,0
15-05 00:43:19,41.204,4.245,50.693,3.246,0,1244932,1265180,169224,5253328,11812.680,3477.079,0,1246.594,0,77.912,2830,1699,2.070,1.320,0.730,2,0,17.980,0,0,11,5,0,13,0
15-05 00:43:20,37.781,8.007,39.032,13.511,0,1222300,1281860,169544,5257676,8405.859,714.583,0,4447.629,0,235.192,11792,19742,2.070,1.320,0.730,2,1,24.020,0,0,11,4,0,13,0
15-05 00:43:21,40.162,7.234,27.939,23.199,0,1213296,1290572,169608,5257836,9094.050,538.818,0,14603.962,0,323.291,11701,20289,2.070,1.320,0.730,3,0,9.978,0,0,11,4,0,13,0
15-05 00:43:22,27.607,24.093,42.665,5.772,0,1135388,1381156,169672,5246696,7895.577,542.099,0,7621.516,0,196.762,6806,6053,2.070,1.320,0.730,3,0,570.208,0,0,11,4,0,13,0
15-05 00:43:23,37.121,17.689,44.097,0.249,0,1136124,1373184,169672,5254376,6891.056,579.985,7155.139,19.931,71.751,4.983,7361,8537,2.070,1.320,0.730,3,0,337.826,0,0,11,4,0,13,0
15-05 00:43:24,46.553,8.259,44.801,0,0,1242772,1266112,169672,5254808,7815.875,486.553,268.305,1285.460,3.003,149.169,3679,2341,2.060,1.330,0.740,2,0,118.134,0,0,11,5,0,13,0
15-05 00:43:25,42.993,5.999,48.992,1.500,0,1274576,1233268,169688,5255844,7273.772,539.909,511.914,503.915,9.998,48.992,2740,1511,2.060,1.330,0.740,2,0,1.000,0,0,11,5,0,13,0
15-05 00:43:26,35.807,9.014,51.081,3.005,0,1295264,1210108,169688,5258292,8795.010,540.862,0,3457.508,0,124.198,4589,5060,2.060,1.330,0.740,1,3,125.199,0,0,11,4,0,13,0
15-05 00:43:27,17.465,5.738,67.115,8.732,0,1362756,1142584,169700,5258296,5035.873,538.916,0,5908.119,0,67.864,2923,6671,2.060,1.330,0.740,1,3,50.898,0,0,11,4,0,12,0
15-05 00:43:28,23.247,3.500,59.492,12.748,0,1411404,1093936,169700,5258296,9822.651,539.926,0,21593.036,0,226.969,2134,1905,2.060,1.330,0.740,1,1,0,0,0,11,4,0,12,0
15-05 00:43:29,21.251,2.750,69.503,5.250,0,1427072,1077968,169756,5258540,5887.238,540.022,0,9668.390,0,315.013,3485,5050,2.060,1.340,0.740,1,0,1.000,0,0,11,10,0,12,0
15-05 00:43:30,21.495,4.999,71.234,1.750,0,1385700,1119332,169756,5258548,7542.264,539.876,43.990,459.894,2.999,29.993,2383,1898,2.060,1.340,0.740,1,0,41.990,0,0,11,4,0,14,0
15-05 00:43:31,17.251,1.750,77.256,3.250,0,1408620,1095540,170024,5259080,7852.566,2871.207,568.041,1108.080,15.001,16.001,1609,1276,2.060,1.340,0.740,1,0,0,0,0,11,11,0,13,0
15-05 00:43:32,14.218,2.245,69.595,12.472,0,1403044,1100696,170088,5259312,10593.333,2877.571,267.403,3037.214,65.853,119.732,2377,2785,2.060,1.340,0.740,1,0,1.996,0,0,11,27,0,13,0
15-05 00:43:33,19.597,4.774,74.872,0,0,1407928,1095792,170088,5259332,8763.506,4325.474,0,0,0,0,2516,2075,2.060,1.340,0.740,1,0,44.220,0,0,11,28,0,14,0
15-05 00:43:34,17.949,1.994,78.776,0,0,1437348,1066368,170088,5259336,9285.574,5185.243,0,1495.743,0,14.957,1721,1282,1.970,1.330,0.750,0,0,0,0,0,11,29,0,14,0
15-05 00:43:35,29.528,10.010,57.305,2.502,0,1486132,1017556,170088,5259360,5822.576,2681.568,0,2478.373,0,107.103,3936,3009,1.970,1.330,0.750,2,0,157.150,0,0,11,28,0,15,0
15-05 00:43:36,35.257,4.501,51.760,7.251,0,1542632,961012,170120,5259372,17864.300,9028.668,0,2884.533,0,148.027,3696,3627,1.970,1.330,0.750,2,0,0,0,0,11,30,0,15,0
15-05 00:43:37,34.829,14.282,47.858,3.007,0,1496216,1007216,170132,5259572,17871.316,10692.120,0,553.248,0,39.088,6822,8951,1.970,1.330,0.750,6,0,324.733,0,0,11,28,0,16,0
15-05 00:43:38,83.015,16.753,0.250,0,0,1632980,870408,170136,5259612,9171.653,540.097,0,376.068,0,22.004,5320,3714,1.970,1.330,0.750,6,0,254.046,0,0,11,28,0,16,0
15-05 00:43:39,82.900,9.489,7.491,0,0,1772672,730668,170160,5259628,32495.840,25607.141,0,1677.978,0,88.893,6352,6105,2.290,1.410,0.770,4,0,0,0,0,11,34,0,16,0
15-05 00:43:40,65.219,12.994,17.742,2.499,0,1568212,934820,170188,5259888,32043.864,21202.985,0,14061.358,0,153.927,9760,14249,2.290,1.410,0.770,1,0,307.855,0,0,11,28,0,22,0
15-05 00:43:41,20.725,4.994,66.669,6.991,0,1560784,942224,170192,5259904,6468.103,2502.944,0,24997.482,0,249.695,2645,2373,2.290,1.410,0.770,0,1,1.998,0,0,11,29,0,22,0
15-05 00:43:42,10.994,2.748,71.959,13.492,0,1544844,958144,170192,5259920,9755.475,4577.408,0,24714.004,0,161.908,2542,3485,2.290,1.410,0.770,0,1,0,0,0,11,29,0,22,0
15-05 00:43:43,19.304,6.017,72.452,1.003,0,1517980,984984,170208,5259928,12777.653,1423.973,0,1062.966,0,41.115,2766,2174,2.290,1.410,0.770,1,0,68.190,0,0,11,28,0,23,0
15-05 00:43:44,17.953,1.995,79.044,0.249,0,1504880,997948,170208,5260064,11943.887,6347.465,0,434.867,0,13.964,2269,2263,2.190,1.400,0.780,0,0,0,0,0,11,29,0,23,0
15-05 00:43:45,11.029,14.036,73.190,0.251,0,1423548,1079260,170208,5260084,7156.571,1727.483,0,393.020,0,28.073,5097,4816,2.190,1.400,0.780,1,0,392.017,0,0,11,28,0,24,0
15-05 00:43:46,52.534,27.018,19.763,0,0,1528744,974040,170208,5260108,7681.044,540.355,0,256.168,0,23.015,6104,5083,2.190,1.400,0.780,5,0,648.426,0,0,11,28,0,24,0
15-05 00:43:47,80.768,8.725,10.470,0,0,1709432,793292,170212,5260164,24291.249,19881.910,0,538.454,0,29.914,6046,4943,2.190,1.400,0.780,4,0,0,0,0,11,33,0,21,0
15-05 00:43:48,70.687,10.277,16.544,2.005,0,1685500,817080,170228,5260288,37954.468,28452.315,0,12569.272,0,121.321,9665,14665,2.190,1.400,0.780,5,1,70.186,0,0,11,29,0,22,0
15-05 00:43:49,79.768,16.254,1.500,2.751,0,1661228,841228,170232,5260352,10241.345,4481.026,0,12254.806,0,78.018,5868,4974,2.820,1.550,0.830,5,0,240.055,0,0,11,29,0,22,0
15-05 00:43:50,79.119,8.985,11.731,0,0,1781464,720588,170236,5260744,34359.295,30816.143,0,2204.362,0,74.876,7376,8528,2.820,1.550,0.830,3,0,0,0,0,11,34,0,22,0
15-05 00:43:51,66.859,11.519,18.029,2.754,0,1654308,847504,170252,5260968,40575.250,30796.283,0,408.667,0,32.052,10173,15096,2.820,1.550,0.830,2,0,208.340,0,0,11,29,0,27,0
15-05 00:43:52,42.615,8.473,47.848,0,0,1525352,976440,170252,5260992,7974.740,1354.709,0,251.204,0,11.962,3453,2315,2.820,1.550,0.830,1,0,89.716,0,0,11,29,0,25,0
15-05 00:43:53,30.815,4.259,63.884,0.752,0,1517892,983872,170252,5261020,18133.983,15346.144,0,240.504,0,20.042,4658,5682,2.820,1.550,0.830,1,0,17.036,0,0,11,29,0,26,0
15-05 00:43:54,59.775,17.507,20.508,1.251,0,1511412,990300,170252,5261072,12238.066,3385.401,0,5506.279,0,409.169,5621,4606,2.910,1.590,0.840,3,0,361.149,0,0,11,28,0,27,0
15-05 00:43:55,44.212,4.496,49.707,0,0,1547664,954084,170252,5261116,27606.997,22400.524,0,175.847,0,7.993,5525,6631,2.910,1.590,0.840,2,0,0.999,0,0,11,31,0,27,0
15-05 00:43:56,65.600,16.525,16.525,0.751,0,1514972,986608,170268,5261268,15137.035,6946.571,0,520.793,0,51.078,7001,7360,2.910,1.590,0.840,4,0,258.393,0,0,11,28,0,25,0
15-05 00:43:57,70.826,6.983,21.697,0,0,1642676,858856,170268,5261316,26462.985,19604.834,0,159.608,0,8.978,5293,4163,2.910,1.590,0.840,3,0,0,0,0,11,32,0,25,0
15-05 00:43:58,58.328,15.020,25.284,1.502,0,1514868,986464,170284,5261500,29521.698,21734.226,0,652.878,0,54.073,9241,13272,2.910,1.590,0.840,3,0,324.436,0,0,11,28,0,28,0
15-05 00:43:59,54.500,6.000,38.750,0,0,1601748,899520,170284,5261564,19585.925,12203.953,0,363.999,0,1.000,4146,2932,2.920,1.610,0.850,4,0,0,0,0,11,31,0,28,0
15-05 00:44:00,51.500,11.500,34.750,1.500,0,1487512,1013692,170320,5261592,24468.819,17726.869,0,1927.986,0,100.999,7255,10287,2.920,1.610,0.850,4,0,292.998,0,0,11,28,0,30,0
15-05 00:44:01,59.612,8.730,31.427,0,0,1582752,918388,170324,5261652,14712.991,6423.153,0,119.723,0,6.984,3547,1608,2.920,1.610,0.850,0,0,5.986,0,0,11,31,0,30,0
15-05 00:44:02,47.147,5.517,46.646,0.502,0.251,1555716,945088,170332,5261980,32512.536,22671.803,0,212.664,0,27.085,7352,9875,2.920,1.610,0.850,3,0,24.075,0,0,11,28,0,33,0
15-05 00:44:03,61.478,15.744,21.992,0,0,1603564,897176,170332,5262012,7887.157,539.805,0,199.928,0,11.996,4175,2654,2.920,1.610,0.850,3,0,262.905,0,0,11,28,0,33,0
15-05 00:44:04,45.424,3.993,49.666,0.250,0,1616048,884348,170340,5262348,31247.443,25227.568,0,555.066,0,37.936,6374,8481,2.760,1.600,0.850,3,0,0,0,0,11,29,0,32,0
15-05 00:44:05,62.983,11.997,24.493,0,0,1526292,974092,170340,5262360,5299.528,1342.627,0,391.891,0,10.997,4312,2807,2.760,1.600,0.850,3,0,112.969,0,0,11,28,0,33,0
15-05 00:44:06,45.268,5.252,48.769,0,0,1566008,934300,170352,5262424,27734.799,25261.836,0,316.123,0,28.011,6163,8237,2.760,1.600,0.850,1,0,0,0,0,11,30,0,34,0
15-05 00:44:07,67.151,25.056,8.018,0,0.251,1546840,953432,170368,5262444,10270.077,1346.025,0,384.865,0,40.090,6337,6098,2.760,1.600,0.850,7,0,614.381,0,0,11,28,0,35,0
15-05 00:44:08,81.990,16.248,1.250,0,0,1743500,756712,170372,5262500,17937.717,12879.360,0,267.966,0,11.998,5997,5530,2.760,1.600,0.850,6,0,449.943,0,0,11,32,0,35,0
15-05 00:44:09,76.508,18.002,5.001,0.500,0,1813680,686220,170384,5262772,50530.519,41691.554,0,560.061,0,40.004,8693,11481,3.100,1.690,0.890,7,0,507.055,0,0,11,30,0,36,0
15-05 00:44:10,82.742,16.498,0.500,0,0,1672836,826812,170412,5262996,19379.131,10617.976,0,715.931,0,39.996,6358,5816,3.100,1.690,0.890,5,0,283.973,0,0,11,28,0,36,0
15-05 00:44:11,79.412,7.991,11.987,0,0,1722860,776708,170412,5263076,31630.821,26268.784,0,143.840,0,6.992,6316,7011,3.100,1.690,0.890,3,0,0,0,0,11,33,0,36,0
15-05 00:44:12,55.286,17.511,26.267,0,0,1584752,914564,170412,5263328,39081.262,31086.094,0,200.129,0,13.008,9423,15571,3.100,1.690,0.890,1,0,521.337,0,0,11,29,0,40,0
15-05 00:44:13,21.714,26.955,50.415,0,0,1519800,979496,170416,5263344,4512.424,736.763,0,227.618,0,19.966,6151,5608,3.100,1.690,0.890,7,0,778.693,0,0,11,28,0,41,0
15-05 00:44:14,74.560,16.513,9.007,0,0,1632192,867052,170416,5263396,13263.611,6666.333,0,232.186,0,13.010,4853,3378,3.340,1.760,0.920,3,0,301.241,0,0,11,30,0,41,0
15-05 00:44:15,58.081,7.761,32.546,1.252,0,1626080,872940,170448,5263588,31630.292,26084.526,0,965.352,0,74.104,7404,10774,3.340,1.760,0.920,3,0,68.095,0,0,11,29,0,44,0
15-05 00:44:16,77.751,16.250,5.250,0,0,1565620,933352,170464,5263620,8212.135,3329.055,0,288.005,0,21.000,5500,3732,3.340,1.760,0.920,4,0,201.003,0,0,11,29,0,45,0
15-05 00:44:17,60.240,6.499,33.744,0,0,1628232,870664,170464,5263696,36868.873,29460.104,0,179.970,0,7.999,7613,11102,3.340,1.760,0.920,3,0,0,0,0,11,32,0,45,0
15-05 00:44:18,49.766,5.972,42.301,0.498,0,1601932,896548,170476,5264100,47187.279,38853.438,0,250.821,0,21.897,12919,20597,3.340,1.760,0.920,2,1,29.860,0,0,11,31,0,45,0
15-05 00:44:19,81.357,13.017,5.758,0.250,0,1576072,922368,170496,5264120,13936.315,6378.382,0,364.479,0,39.051,5944,5273,3.390,1.800,0.930,4,0,90.118,0,0,11,29,0,45,0
15-05 00:44:20,61.935,7.272,30.341,0,0,1638380,859992,170496,5264152,34464.151,26395.000,0,714.137,0,11.033,6673,8210,3.390,1.800,0.930,2,0,2.006,0,0,11,32,0,45,0
15-05 00:44:21,49.012,6.752,41.760,1.000,0,1601284,896676,170500,5264560,47085.149,41664.866,0,3964.939,0,133.032,14575,22601,3.390,1.800,0.930,3,0,35.008,0,0,11,31,0,46,0
15-05 00:44:22,79.273,15.254,5.001,0,0,1524620,973304,170500,5264596,16140.755,8592.532,0,116.034,0,8.002,5911,5350,3.390,1.800,0.930,4,0,231.068,0,0,11,28,0,49,0
15-05 00:44:23,64.573,6.981,27.425,0,0,1611684,886204,170500,5264644,31209.242,24911.547,0,111.693,0,7.978,5694,7037,3.390,1.800,0.930,3,0,0,0,0,11,32,0,49,0
15-05 00:44:24,62.672,9.526,26.072,0.251,0,1535344,962348,170508,5264832,36433.031,27711.084,0,220.606,0,18.050,9838,14998,3.200,1.790,0.930,5,0,77.212,0,0,11,29,0,51,0
15-05 00:44:25,78.485,10.248,10.998,0.250,0,1616528,881080,170528,5264892,17359.581,9371.154,0,511.899,0,69.986,5401,4046,3.200,1.790,0.930,3,0,51.990,0,0,11,30,0,51,0
15-05 00:44:26,61.232,10.997,26.992,0.750,0,1627860,869560,170536,5265092,44456.792,20562.891,0,2407.285,0,187.944,6414,8395,3.200,1.790,0.930,4,0,119.964,0,0,11,30,0,53,0
15-05 00:44:27,66.757,8.751,23.752,0.250,0,1632540,864656,170536,5265312,39207.922,28816.883,0,180.018,0,11.001,7619,21501,3.200,1.790,0.930,6,0,38.004,0,0,11,31,0,55,0
15-05 00:44:28,73.777,13.755,11.754,0,0,1617048,880120,170544,5265332,21913.872,14806.319,0,148.053,0,8.003,6626,8150,3.200,1.790,0.930,4,0,225.081,0,0,11,28,0,57,0
15-05 00:44:29,73.999,9.250,15.250,1.750,0,1675660,821408,170572,5265400,19585.721,16360.767,0,1719.976,0,108.998,5153,5418,3.180,1.810,0.940,1,0,0,0,0,11,31,0,58,0
15-05 00:44:30,65.435,9.990,23.976,0,0,1613668,883204,170572,5265588,30786.244,20636.384,0,143.856,0,12.987,6367,8353,3.180,1.810,0.940,4,0,67.932,0,0,11,30,0,59,0
15-05 00:44:31,57.774,9.754,31.263,0.500,0,1632416,864392,170588,5265632,20703.436,13764.609,0,944.385,0,74.030,5552,5651,3.180,1.810,0.940,3,0,138.056,0,0,11,29,0,62,0
15-05 00:44:32,54.353,9.973,33.659,1.496,0,1535804,960956,170612,5265656,15720.344,6765.642,0,370.993,0,36.900,4706,3802,3.180,1.810,0.940,3,0,120.673,0,0,11,31,0,63,0
15-05 00:44:33,50.113,10.023,39.088,0.251,0,1578256,918428,170612,5265728,25071.365,16621.368,0,284.640,0,22.050,5842,6667,3.180,1.810,0.940,4,0,97.219,0,0,11,34,0,62,0
15-05 00:44:34,54.384,8.731,36.173,0,0,1522468,974128,170612,5265816,23493.045,15223.629,0,147.686,0,7.983,5214,6213,3.090,1.810,0.950,4,0,85.818,0,0,11,33,0,64,0
15-05 00:44:35,51.801,8.508,39.038,0,0,1538728,957576,170616,5266100,15132.815,11738.492,0,220.216,0,18.018,4635,4724,3.090,1.810,0.950,2,0,87.085,0,0,11,34,0,65,0
15-05 00:44:36,30.066,5.763,59.881,3.007,0,1454436,1041676,170624,5266280,21876.019,16645.538,0,2882.327,0,174.383,6355,8777,3.090,1.810,0.950,2,0,67.147,0,0,11,33,0,66,0
15-05 00:44:37,41.121,8.224,50.342,0,0,1549404,946700,170624,5266284,5816.719,2641.698,0,171.461,0,12.959,3300,2146,3.090,1.810,0.950,2,0,67.787,0,0,11,33,0,65,0
15-05 00:44:38,32.089,4.011,63.676,0,0,1471456,1024628,170624,5266304,22485.274,12735.271,0,148.411,0,9.025,4184,4454,3.090,1.810,0.950,4,0,19.053,0,0,11,33,0,66,0
15-05 00:44:39,40.630,7.976,50.102,0.249,0,1485620,1010396,170632,5266364,9583.638,3813.713,0,219.351,0,14.956,4196,4318,3.160,1.850,0.970,3,0,118.649,0,0,11,32,0,67,0
15-05 00:44:40,30.809,4.509,62.370,1.002,0,1528332,967524,170648,5266508,19311.049,11926.882,0,1170.245,0,19.037,3031,2996,3.160,1.850,0.970,5,0,9.017,0,0,11,33,0,68,0
15-05 00:44:41,36.550,6.509,54.074,2.503,0,1502244,993572,170656,5266540,13097.917,6349.686,0,348.477,0,31.042,3932,4491,3.160,1.850,0.970,4,0,56.077,0,0,11,32,0,62,0
15-05 00:44:42,36.146,4.736,58.083,0,0,1565736,930052,170660,5266564,17333.190,10406.096,0,159.542,0,9.971,2968,3473,3.160,1.850,0.970,1,0,0,0,0,11,34,0,62,0
15-05 00:44:43,33.848,6.770,58.921,0,0,1514956,980792,170660,5266596,20045.157,11609.683,0,148.431,0,10.029,4828,5620,3.160,1.850,0.970,2,0,43.125,0,0,11,33,0,63,0
15-05 00:44:44,39.389,4.487,54.596,0.249,0,1530456,965272,170664,5266612,11721.883,6883.552,0,319.098,0,30.913,3138,2577,3.070,1.850,0.970,2,0,6.980,0,0,11,33,0,64,0
15-05 00:44:45,30.817,7.015,61.634,0.752,0,1504812,990736,170676,5266776,18667.685,14892.457,0,244.533,0,22.048,5506,7247,3.070,1.850,0.970,2,0,114.249,0,0,11,33,0,63,0
15-05 00:44:46,19.937,8.224,69.778,0.249,0,1465192,1030264,170680,5266860,10651.109,3012.415,0,402.719,0,21.930,3630,3791,3.070,1.850,0.970,1,0,168.464,0,0,11,32,0,64,0
15-05 00:44:47,18.241,1.749,78.712,0,0,1477384,1018068,170680,5266864,11305.564,6024.104,0,143.931,0,9.995,1898,1624,3.070,1.850,0.970,1,0,0,0,0,11,33,0,64,0
15-05 00:44:48,14.301,8.029,77.025,0.251,0,1443812,1051612,170680,5266892,15337.808,5662.233,0,256.918,0,24.086,4620,5105,3.070,1.850,0.970,1,0,180.646,0,0,11,32,0,65,0
15-05 00:44:49,19.950,6.234,72.570,0.249,0,1482856,1012564,170680,5266896,7014.560,526.690,0,175.563,0,10.973,2485,1914,2.900,1.840,0.970,1,0,103.742,0,0,11,32,0,64,0
15-05 00:44:50,16.250,2.500,80.250,0,0,1472172,1023224,170680,5266920,16508.927,9657.957,0,419.998,0,26.000,3083,3747,2.900,1.840,0.970,1,0,0,0,0,11,33,0,64,0
15-05 00:44:51,20.250,5.250,73.501,0.250,0,1438708,1056680,170680,5266928,7878.105,2026.027,0,164.002,0,14.000,2702,2409,2.900,1.840,0.970,1,0,46.001,0,0,11,32,0,65,0
15-05 00:44:52,17.499,2.000,79.497,0,0,1448756,1046624,170680,5266936,13150.431,7321.683,0,23.999,0,4.000,2272,2325,2.900,1.840,0.970,1,0,0,0,0,11,33,0,65,0
15-05 00:44:53,17.287,6.263,75.660,0.501,0,1425664,1069460,170684,5267184,15178.115,7696.284,0,188.399,0,21.045,4957,6066,2.900,1.840,0.970,2,0,115.244,0,0,11,32,0,60,0
15-05 00:44:54,18.008,20.259,59.277,1.501,0,1407508,1087484,170716,5267280,7786.519,486.220,0,484.219,0,35.016,6218,5404,2.830,1.840,0.980,2,0,511.231,0,0,11,32,0,62,0
15-05 00:44:55,44.747,5.500,48.497,1.000,0,1509072,984356,170744,5268696,4366.690,485.966,471.967,847.940,17.999,8.999,2944,1634,2.830,1.840,0.980,2,0,3.000,0,0,11,32,0,62,0
15-05 00:44:56,25.992,3.999,32.990,34.989,0,1455580,1035540,170820,5270464,8221.513,485.853,0,8685.373,0,629.809,4672,5875,2.830,1.840,0.980,1,1,15.995,0,0,11,36,0,62,0
15-05 00:44:57,26.978,5.246,35.222,30.226,0,1535252,954904,170928,5271284,6668.650,485.610,0,9356.493,0,721.421,5673,8798,2.830,1.840,0.980,1,2,22.982,0,0,11,36,0,59,0
15-05 00:44:58,26.397,4.732,44.825,22.911,0,1530900,958180,171068,5272188,8515.834,484.115,0,5841.251,0,519.975,5458,8433,2.830,1.840,0.980,2,1,24.903,0,0,11,36,0,59,0
15-05 00:44:59,24.562,4.762,38.597,30.076,0,1589680,898932,171120,5272592,8008.119,487.224,0,8485.318,0,562.413,4700,7172,2.920,1.880,1,1,3,8.020,0,0,11,36,0,59,0
15-05 00:45:00,27.230,4.747,43.468,23.233,0,1550716,936720,171220,5273640,4715.552,485.645,0,6934.929,0,596.564,5096,8006,2.920,1.880,1,1,1,27.980,0,0,11,36,0,59,0
15-05 00:45:01,26.516,5.253,43.026,23.764,0,1600820,885760,171300,5274392,10185.100,486.291,0,10578.335,0,786.471,5819,9278,2.920,1.880,1,1,3,23.014,0,0,11,36,0,54,0
15-05 00:45:02,27.579,4.513,43.876,23.066,0,1566540,919120,171408,5275184,6877.798,487.403,0,7313.051,0,645.859,5333,8319,2.920,1.880,1,1,1,19.055,0,0,11,36,0,54,0
15-05 00:45:03,26.665,4.236,43.860,23.674,0,1610556,874768,171508,5275412,4234.463,484.451,0,10279.139,0,733.655,5212,8505,2.920,1.880,1,1,2,10.965,0,0,11,36,0,54,0
15-05 00:45:04,25.812,5.513,44.857,22.554,0,1589004,895936,171660,5275624,8275.765,487.163,0,10753.682,0,747.786,5267,8577,2.930,1.890,1.010,1,1,7.017,0,0,11,36,0,54,0
15-05 00:45:05,26.206,4.493,45.924,20.965,0,1576964,907276,171812,5276148,11181.432,485.194,0,5387.054,0,572.050,5410,8372,2.930,1.890,1.010,2,1,15.973,0,0,11,36,0,49,0
15-05 00:45:06,27.029,5.756,43.296,22.524,0,1588456,894868,172096,5276756,12303.186,486.521,0,8785.416,0,733.786,5557,8867,2.930,1.890,1.010,1,1,12.013,0,0,11,38,0,49,0
15-05 00:45:07,26.706,4.243,43.428,23.711,0,1568732,914524,172240,5276668,6491.199,485.193,0,13006.358,0,909.487,5805,9828,2.930,1.890,1.010,1,1,3.993,0,0,11,38,0,49,0
15-05 00:45:08,37.269,6.003,43.022,12.506,0,1483496,1000228,172316,5276116,4866.489,486.249,0,7235.701,0,538.275,4823,6375,2.930,1.890,1.010,2,0,6.003,0,0,11,32,0,49,0
15-05 00:45:09,40.715,6.245,47.958,3.747,0,1569984,913684,172340,5276148,7755.252,485.578,0,1306.863,0,109.904,3294,2940,2.850,1.900,1.010,4,1,2.997,0,0,11,34,0,46,0
15-05 00:45:10,29.528,5.255,45.292,17.767,0,1576716,906620,172468,5276352,5496.138,486.455,0,5985.596,0,968.906,7241,12924,2.850,1.900,1.010,1,1,1.001,0,0,11,34,0,46,0
15-05 00:45:11,29.071,5.764,42.354,21.804,0,1615712,867032,172788,5276624,8830.701,487.197,0,10834.626,0,1244.057,7059,13694,2.850,1.900,1.010,1,2,1.002,0,0,11,34,0,46,0
15-05 00:45:12,31.928,7.483,47.393,11.973,0,1535052,947552,172876,5276676,5360.856,538.779,0,5307.975,0,544.766,6396,8577,2.850,1.900,1.010,1,1,99.774,0,0,11,32,0,46,0
15-05 00:45:13,16.783,9.769,69.388,2.755,0,1510096,972336,172892,5276824,6598.167,432.864,0,1498.991,0,70.140,3590,2831,2.850,1.900,1.010,3,0,174.348,0,0,11,32,0,46,0
15-05 00:45:14,8.742,20.730,67.185,2.747,0,1480748,1001628,172904,5276856,6602.644,539.481,0,2841.265,0,107.896,6486,5596,2.710,1.880,1.010,1,1,510.509,0,0,11,32,0,41,0
15-05 00:45:15,8.247,20.742,55.478,13.745,0,1455628,1026648,172952,5276900,3336.665,485.806,0,6481.407,0,304.878,6864,6597,2.710,1.880,1.010,1,0,520.792,0,0,11,32,0,41,0
15-05 00:45:16,17.780,9.767,72.123,0.250,0,1497956,984296,172956,5276916,4567.802,486.832,0,40.068,0,4.007,3225,2533,2.710,1.880,1.010,1,0,164.281,0,0,11,32,0,41,0
15-05 00:45:17,22.498,2.750,73.744,0,0,1540564,941704,172956,5276900,9145.244,485.960,0,619.949,0,114.990,1890,1237,2.710,1.880,1.010,1,0,2.000,0,0,11,32,0,41,0
15-05 00:45:18,21.946,3.741,73.568,0,0,1554408,927864,172956,5276896,7943.394,484.803,0,0,0,0,1860,1331,2.710,1.880,1.010,1,0,0.998,0,0,11,32,0,37,0
15-05 00:45:19,22.732,2.748,73.443,0,0,1539272,942980,172956,5276916,7598.089,485.622,0,19.984,0,0.999,1885,1218,2.570,1.870,1.010,1,0,2.998,0,0,11,32,0,37,0
15-05 00:45:20,22.508,4.001,72.276,1.250,0,1546192,936064,172956,5276912,5745.092,486.177,0,384.140,0,29.011,2067,1794,2.570,1.870,1.010,1,0,2.001,0,0,11,32,0,37,0
15-05 00:45:21,22.504,2.751,73.264,0,0,1507712,974540,172956,5276916,8823.634,486.090,0,12.002,0,1.000,1831,1279,2.570,1.870,1.010,1,0,1.000,0,0,11,32,0,37,0
15-05 00:45:22,22.503,4.501,72.760,0,0,1541968,940264,172956,5276908,6311.825,486.064,0,56.007,0,4.001,1960,1315,2.570,1.870,1.010,1,0,8.001,0,0,11,32,0,34,0
15-05 00:45:23,23.244,2.999,73.482,0,0,1493820,988392,172956,5276928,3524.155,485.884,0,19.995,0,1.000,1809,1302,2.570,1.870,1.010,1,0,1.000,0,0,11,32,0,34,0
15-05 00:45:24,23.003,2.500,73.758,0,0,1515084,967140,172956,5276916,5779.662,486.056,0,12.001,0,1.000,1783,1192,2.440,1.850,1.010,1,0,2.000,0,0,11,32,0,34,0
15-05 00:45:25,23.002,3.250,73.506,0,0,1474624,1007616,172956,5276900,9295.731,486.038,0,0,0,0,1890,1403,2.440,1.850,1.010,1,0,2.000,0,0,11,32,0,34,0
15-05 00:45:26,22.748,2.750,73.495,0,0,1471688,1010520,172956,5276932,8811.405,485.967,0,39.997,0,4.000,1866,1237,2.440,1.850,1.010,1,0,3.000,0,0,11,32,0,30,0
15-05 00:45:27,27.259,6.002,66.271,0,0,1510568,971724,172956,5276848,8075.573,486.155,0,2620.835,0,104.033,2944,13851,2.440,1.850,1.010,1,0,38.012,0,0,11,32,0,31,0
15-05 00:45:28,22.743,2.999,73.726,0,0,1493164,989040,172956,5276936,5814.086,485.840,0,243.920,0,34.988,1748,1102,2.440,1.850,1.010,1,0,1.000,0,0,11,32,0,31,0
15-05 00:45:29,22.251,3.750,70.002,2.750,0,1481796,1000372,172988,5276936,8529.253,486.014,0,2236.066,0,98.003,2113,1915,2.330,1.840,1.010,1,1,1.000,0,0,11,32,0,31,0
15-05 00:45:30,22.757,3.751,70.523,3.001,0,1505996,976136,173036,5276924,8318.705,486.158,0,2804.912,0,141.046,2270,2161,2.330,1.840,1.010,1,0,2.001,0,0,11,32,0,23,0
15-05 00:45:31,22.747,3.000,73.491,0,0,1471084,1011024,173036,5276948,6531.205,485.941,0,19.998,0,1.000,1798,1308,2.330,1.840,1.010,1,0,1.000,0,0,11,32,0,23,0
15-05 00:45:32,21.743,3.499,73.476,0,0,1484988,997144,173036,5276924,7856.393,485.839,0,215.928,0,7.997,1790,1230,2.330,1.840,1.010,1,0,1.000,0,0,11,32,0,23,0
15-05 00:45:33,22.259,3.752,73.780,0,0,1503900,978220,173036,5276936,6929.774,486.195,0,0,0,0,1840,1251,2.330,1.840,1.010,1,0,2.001,0,0,11,32,0,23,0
15-05 00:45:34,16.287,12.278,71.164,0,0,1457988,1024084,173036,5276984,5874.502,487.120,0,288.663,0,36.083,3844,2997,2.220,1.820,1.010,2,0,253.583,0,0,11,32,0,17,0
15-05 00:45:35,16.507,11.005,72.032,0,0,1499580,982480,173036,5276996,9108.067,486.217,0,96.043,0,4.002,3651,2984,2.220,1.820,1.010,1,0,209.093,0,0,11,32,0,17,0
15-05 00:45:36,23.741,1.499,73.972,0,0,1531096,950772,173036,5277188,8853.605,527.798,0,0,0,0,1629,973,2.220,1.820,1.010,1,0,0,0,0,11,32,0,17,0
15-05 00:45:37,21.446,4.239,72.818,0.748,0,1527836,953928,173036,5277248,7426.403,484.786,0,139.650,0,1.995,1934,1401,2.220,1.820,1.010,1,0,8.978,0,0,11,32,0,17,0
15-05 00:45:38,17.049,12.035,70.452,0,0,1498056,983576,173036,5277380,13002.293,487.398,40.115,108.311,2.006,4.012,3902,3000,2.220,1.820,1.010,2,0,277.797,0,0,11,32,0,13,0
15-05 00:45:39,7.495,21.736,69.207,0,0,1481228,1000340,173036,5277412,5675.436,485.695,0,167.895,0,5.996,6194,4948,2.120,1.810,1.010,1,0,505.682,0,0,11,32,0,13,0
15-05 00:45:40,8.248,23.246,67.488,0.750,0,1459228,1022300,173036,5277444,9152.323,579.894,0,843.845,0,56.990,6744,5753,2.120,1.810,1.010,2,0,584.893,0,0,11,32,0,13,0
15-05 00:45:41,8.249,22.247,68.239,0,0,1442800,1038688,173036,5277476,7425.833,539.915,0,1435.774,0,18.997,6522,5353,2.120,1.810,1.010,1,0,589.907,0,0,11,32,0,13,0
15-05 00:45:42,8.751,22.003,68.508,0,0,1424780,1056656,173036,5277508,3849.449,486.057,0,1388.162,0,16.002,6297,5122,2.120,1.810,1.010,2,0,550.064,0,0,11,32,0,9,0
15-05 00:45:43,7.994,20.485,70.197,0,0,1422052,1059324,173036,5277552,7694.183,485.633,0,343.740,0,7.994,6144,4800,2.120,1.810,1.010,2,0,473.642,0,0,11,32,0,9,0
15-05 00:45:44,8.260,20.774,69.331,0,0,1395816,1085528,173036,5277584,8417.870,486.571,0,360.423,0,10.012,6028,4655,1.950,1.780,1,1,0,455.534,0,0,11,32,0,9,0
15-05 00:45:45,7.985,22.707,68.621,0,0,1389632,1091680,173036,5277612,8005.949,485.088,0,55.895,0,13.974,6467,5202,1.950,1.780,1,2,0,554.957,0,0,11,32,0,9,0
15-05 00:45:46,13.525,22.542,61.365,0.501,0,1370888,1110372,173040,5277648,6285.742,486.910,0,745.392,0,32.060,6799,6190,1.950,1.780,1,3,0,627.172,0,0,11,32,0,7,0
15-05 00:45:47,54.766,19.506,24.257,0.500,0,1530776,950400,173048,5277692,4620.341,486.141,0,680.197,0,47.014,5589,4684,1.950,1.780,1,3,0,449.130,0,0,11,32,0,11,0
15-05 00:45:48,56.440,7.742,25.723,10.239,0,1659384,817644,173120,5281260,7900.594,485.483,443.528,4471.243,9.989,203.783,4932,4966,1.950,1.780,1,2,1,12.986,0,0,11,34,0,11,0
15-05 00:45:49,18.966,3.743,41.925,32.442,0,1657764,815192,173360,5284524,7117.223,485.129,0,9087.686,0,591.937,6110,9775,2.280,1.850,1.030,1,3,23.957,0,0,11,38,0,12,0
15-05 00:45:50,4.750,3.000,53.747,36.248,0,1656768,814968,173448,5285616,8446.551,485.974,0,11791.374,0,856.954,4407,8355,2.280,1.850,1.030,1,2,11.999,0,0,11,38,0,11,0
15-05 00:45:51,7.749,3.250,56.245,30.748,0,1655428,814968,173640,5286732,5413.563,485.961,0,11551.068,0,827.933,7925,15422,2.280,1.850,1.030,0,5,17.999,0,0,11,38,0,11,0
15-05 00:45:52,8.000,3.000,50.998,34.999,0,1653984,814716,173744,5288264,7224.699,485.980,0,10807.550,0,758.968,5513,10128,2.280,1.850,1.030,0,3,23.999,0,0,11,38,0,11,0
15-05 00:45:53,8.000,2.250,52.499,33.749,0,1652684,814716,173884,5289388,5549.860,485.988,0,12723.679,0,852.979,5117,9650,2.280,1.850,1.030,2,1,12.000,0,0,11,38,0,11,0
15-05 00:45:54,6.250,3.000,48.247,39.998,0,1652220,813960,173988,5290440,3846.782,485.972,0,11679.337,0,735.958,5384,9834,2.410,1.890,1.050,0,1,8.999,0,0,11,38,0,8,0
15-05 00:45:55,7.003,3.252,55.527,30.765,0,1652156,813204,174036,5291188,4827.310,486.233,0,12714.084,0,904.433,5388,9911,2.410,1.890,1.050,0,1,13.006,0,0,11,38,0,8,0
15-05 00:45:56,11.254,3.501,49.769,33.263,0,1570928,893084,174104,5292404,9224.469,486.183,0,12236.601,0,821.309,5649,10261,2.410,1.890,1.050,3,2,3.001,0,0,11,36,0,8,0
15-05 00:45:57,24.254,7.751,36.005,30.755,0,1646044,817044,174152,5293256,8017.209,486.073,0,13229.995,0,854.129,6286,9673,2.410,1.890,1.050,1,2,63.010,0,0,11,36,0,8,0
15-05 00:45:58,19.232,3.996,38.964,35.467,0,1661368,800424,174196,5294436,15798.394,8674.980,0,11992.912,0,800.260,6995,11675,2.410,1.890,1.050,0,3,14.986,0,0,11,37,0,8,0
15-05 00:45:59,23.816,7.270,40.111,27.576,0,1695584,764800,174248,5295752,8058.280,1691.677,0,6253.289,0,525.453,6071,8972,2.380,1.890,1.050,1,3,85.236,0,0,11,38,0,9,0
15-05 00:46:00,22.699,4.739,37.166,33.674,0,1719304,740116,174300,5296640,12570.705,6057.366,0,12551.748,0,824.145,5318,8913,2.380,1.890,1.050,0,2,8.980,0,0,11,39,0,9,0
15-05 00:46:01,18.758,3.752,42.019,33.015,0,1710980,747200,174360,5297792,15987.122,9904.412,0,12497.567,0,860.383,7887,13194,2.380,1.890,1.050,1,2,3.001,0,0,11,39,0,9,0
15-05 00:46:02,20.249,5.250,42.747,29.248,0,1671372,785700,174416,5298796,10710.277,5249.645,0,10567.286,0,675.954,6349,10338,2.380,1.890,1.050,1,4,41.997,0,0,11,38,0,9,0
15-05 00:46:03,23.505,4.501,33.258,38.759,0,1702956,753080,174532,5299708,6041.401,2921.677,0,11370.637,0,798.185,5594,8571,2.380,1.890,1.050,1,1,12.003,0,0,11,39,0,9,0
15-05 00:46:04,21.299,4.510,42.097,29.568,0,1696072,758660,174608,5300900,18923.711,8997.783,0,12585.069,0,826.910,7571,12606,2.590,1.940,1.070,2,3,3.007,0,0,11,39,0,9,0
15-05 00:46:05,22.477,4.995,44.955,24.725,0,1651720,801448,174660,5302400,17901.954,9889.031,0,9094.832,0,675.319,8414,13753,2.590,1.940,1.070,1,2,57.942,0,0,11,38,0,10,0
15-05 00:46:06,26.997,5.499,35.246,30.246,0,1717904,734164,174684,5303452,10562.696,485.940,0,8926.898,0,605.925,5131,7889,2.590,1.940,1.070,1,3,32.996,0,0,11,38,0,10,0
15-05 00:46:07,20.969,3.495,43.685,29.456,0,1713904,737204,174708,5304368,15308.110,9902.193,0,9593.655,0,669.000,7336,12560,2.590,1.940,1.070,0,2,0,0,0,11,39,0,10,0
15-05 00:46:08,16.778,4.007,44.323,32.303,0,1703112,747120,174776,5305128,18228.984,8411.836,0,11386.729,0,731.203,7825,12732,2.590,1.940,1.070,1,2,3.005,0,0,11,39,0,10,0
15-05 00:46:09,25.976,5.745,35.716,30.721,0,1692088,757304,174788,5305932,7575.894,2641.522,0,11912.826,0,830.221,6522,10773,2.700,1.970,1.090,1,3,32.969,0,0,11,38,0,10,0
15-05 00:46:10,22.727,4.246,37.462,33.466,0,1705320,743100,174856,5306784,8869.110,5512.475,0,10988.985,0,741.257,4955,8252,2.700,1.970,1.090,1,2,11.988,0,0,11,39,0,10,0
15-05 00:46:11,19.033,3.506,44.578,29.802,0,1696072,751228,174948,5307756,17414.549,10142.793,0,10005.552,0,753.322,7199,12029,2.700,1.970,1.090,1,1,6.011,0,0,11,39,0,10,0
15-05 00:46:12,20.944,6.981,42.885,27.925,0,1660960,785440,175056,5308512,11032.535,5912.210,0,11764.580,0,754.984,7693,12474,2.700,1.970,1.090,1,1,60.838,0,0,11,38,0,11,0
15-05 00:46:13,34.355,11.284,36.611,16.801,0,1593840,850204,175184,5310652,5409.457,5402.436,128.391,8289.219,1.003,579.764,7537,10040,2.700,1.970,1.090,0,1,220.671,0,0,11,37,0,11,0
15-05 00:46:14,37.775,16.261,26.768,17.762,0,1581624,861244,175256,5311672,14350.591,4366.919,500.334,12832.577,7.005,833.557,10870,19076,2.730,1.990,1.100,1,3,235.157,0,0,11,36,0,12,0
15-05 00:46:15,29.877,11.204,33.114,24.649,0,1634704,806808,175344,5312916,9350.619,2685.975,1924.102,7789.029,37.845,545.760,6582,9684,2.730,1.990,1.100,2,0,155.362,0,0,11,37,0,12,0
15-05 00:46:16,19.075,5.271,46.182,27.860,0,1541392,899108,175448,5313800,13398.778,5004.714,0,9473.316,0,619.440,5816,8774,2.730,1.990,1.100,1,1,57.225,0,0,11,36,0,13,0
15-05 00:46:17,23.945,5.238,31.677,36.416,0.249,1566828,872888,175492,5314512,7237.228,1096.459,0,11680.930,0,748.266,5106,7983,2.730,1.990,1.100,1,1,5.986,0,0,11,37,0,13,0
15-05 00:46:18,20.250,3.750,50.001,24.251,0,1565304,872740,175560,5316016,14399.314,10412.227,0,8172.178,0,632.014,7097,11402,2.730,1.990,1.100,2,2,3.000,0,0,11,36,0,14,0
15-05 00:46:19,22.532,7.260,38.305,29.292,0,1597168,840120,175596,5316712,7644.917,486.695,0,13403.139,0,610.872,5124,7368,2.670,1.990,1.100,3,0,43.061,0,0,11,36,0,14,0
15-05 00:46:20,20.713,3.993,48.413,24.456,0,1601012,834988,175660,5317908,16314.589,8862.024,0,9171.466,0,667.796,6473,10743,2.670,1.990,1.100,2,0,5.989,0,0,11,37,0,14,0
15-05 00:46:21,11.245,5.498,48.978,31.736,0,1571608,863616,175676,5318616,6327.194,2904.712,0,9899.610,0,686.695,5722,9369,2.670,1.990,1.100,2,2,65.971,0,0,11,36,0,15,0
15-05 00:46:22,4.499,2.999,59.986,29.993,0,1565148,869424,175692,5319228,10086.640,539.874,0,11565.294,0,763.821,4720,8534,2.670,1.990,1.100,1,1,5.999,0,0,11,36,0,15,0
15-05 00:46:23,4.003,2.251,63.291,26.767,0.250,1551772,881516,175708,5320456,6557.210,486.312,0,7044.523,0,597.384,4368,8032,2.670,1.990,1.100,0,1,3.002,0,0,11,36,0,15,0
15-05 00:46:24,3.999,2.499,57.986,32.742,0,1540452,891876,175740,5321360,8586.888,485.880,0,10433.434,0,716.824,4605,8702,2.700,2.010,1.120,0,1,0,0,0,11,36,0,15,0
15-05 00:46:25,3.501,2.251,64.526,27.261,0,1530372,901056,175748,5322236,8577.494,528.215,0,7230.945,0,534.218,3952,7400,2.700,2.010,1.120,0,1,1.000,0,0,11,36,0,15,0
15-05 00:46:26,4.002,2.751,59.778,30.264,0,1522156,908328,175764,5323136,20003.379,486.228,0,8039.770,0,626.294,4785,8727,2.700,2.010,1.120,0,2,9.004,0,0,11,36,0,15,0
15-05 00:46:27,8.494,4.247,51.961,32.725,0,1489140,940636,175812,5323732,7142.608,485.633,0,11323.452,0,995.249,5915,20788,2.700,2.010,1.120,0,1,47.964,0,0,11,36,0,15,0
15-05 00:46:28,3.749,2.749,58.727,31.488,0,1488364,941112,175876,5323960,8518.632,485.808,0,13246.763,0,864.658,4685,8599,2.700,2.010,1.120,1,1,5.998,0,0,11,36,0,15,0
15-05 00:46:29,5.501,2.750,64.010,25.754,0,1488376,940116,175916,5324880,6968.077,486.075,0,6336.980,0,569.088,4320,7677,2.560,1.990,1.110,1,2,3.000,0,0,11,36,0,15,0
15-05 00:46:30,4.501,2.250,61.510,28.755,0,1486220,941124,175920,5325992,4714.759,486.078,0,10773.734,0,680.109,4180,7597,2.560,1.990,1.110,0,1,6.001,0,0,11,36,0,15,0
15-05 00:46:31,6.500,1.750,60.252,28.501,0,1484088,942816,175924,5326420,7025.277,486.019,0,8276.327,0,671.026,4529,8113,2.560,1.990,1.110,0,2,9.000,0,0,11,36,0,15,0
15-05 00:46:32,4.755,2.502,60.810,29.529,0,1481684,945144,175932,5326484,6317.206,486.478,0,10538.354,0,703.691,4546,8396,2.560,1.990,1.110,2,2,6.006,0,0,11,36,0,15,0
15-05 00:46:33,5.006,3.254,55.320,33.542,0,1478176,948520,175964,5326572,3758.738,486.613,0,13777.368,0,983.240,5326,9749,2.560,1.990,1.110,0,2,9.011,0,0,11,36,0,15,0
15-05 00:46:34,4.739,1.995,64.595,25.938,0,1475288,950828,175972,5327120,3342.970,484.835,0,7593.758,0,655.426,4412,8002,2.760,2.040,1.140,0,1,8.978,0,0,11,36,0,15,0
15-05 00:46:35,4.240,2.993,64.602,25.192,0,1473932,951740,176000,5327528,6971.975,484.886,0,12403.492,0,875.987,4561,8482,2.760,2.040,1.140,1,2,6.984,0,0,11,36,0,15,0
15-05 00:46:36,5.008,2.755,64.358,26.044,0,1473844,949628,176088,5329588,8838.872,486.819,0,7544.695,0,587.989,4470,7999,2.760,2.040,1.140,0,1,9.015,0,0,11,36,0,15,0
15-05 00:46:37,4.003,3.002,54.535,35.523,0,1473340,949796,176172,5329828,8999.735,486.310,0,11891.577,0,809.516,4744,8686,2.760,2.040,1.140,2,1,9.006,0,0,11,36,0,15,0
15-05 00:46:38,4.749,3.000,53.994,35.996,0,1471840,950712,176276,5330296,7375.156,485.944,0,10982.743,0,769.912,4609,8287,2.760,2.040,1.140,0,1,5.999,0,0,11,36,0,15,0
15-05 00:46:39,6.250,2.000,64.502,24.751,0,1473296,948696,176328,5330772,8486.313,486.018,0,7196.266,0,615.023,4455,8257,2.780,2.060,1.150,0,1,12.000,0,0,11,36,0,15,0
15-05 00:46:40,6.002,2.751,57.768,30.509,0,1473656,948696,176388,5330348,6706.043,580.177,0,11611.538,0,854.260,5271,9458,2.780,2.060,1.150,2,0,3.001,0,0,11,36,0,15,0
15-05 00:46:41,5.999,2.500,63.991,25.246,0,1474288,947940,176444,5330408,3337.529,485.931,0,7138.992,0,718.898,5168,9550,2.780,2.060,1.150,0,2,3.000,0,0,11,36,0,15,0
15-05 00:46:42,4.250,3.000,56.504,33.003,0,1475164,947940,176476,5329488,5075.403,486.039,0,10644.846,0,780.062,5695,10699,2.780,2.060,1.150,0,1,0,0,0,11,36,0,15,0
15-05 00:46:43,5.749,2.500,52.492,36.994,0,1474352,948852,176528,5329336,8968.665,485.928,0,12566.130,0,852.873,4823,8557,2.780,2.060,1.150,0,4,3.000,0,0,11,36,0,15,0
15-05 00:46:44,6.754,2.751,53.778,34.768,0,1474236,948600,176564,5329664,8911.625,486.252,0,12054.256,0,839.436,4701,8486,2.790,2.070,1.160,3,0,6.003,0,0,11,36,0,15,0
15-05 00:46:45,6.247,1.999,62.220,27.487,0,1473944,948348,176600,5330172,8966.625,485.763,0,10766.747,0,726.645,4479,8058,2.790,2.070,1.160,0,1,6.997,0,0,11,36,0,15,0
15-05 00:46:46,4.750,2.750,62.753,27.001,0,1474192,947844,176612,5330412,8067.421,486.025,0,7652.400,0,671.035,4882,8634,2.790,2.070,1.160,1,2,9.000,0,0,11,36,0,15,0
15-05 00:46:47,4.750,3.500,57.254,31.752,0,1473704,947844,176640,5330860,7385.569,486.037,0,11872.915,0,912.070,5423,9817,2.790,2.070,1.160,1,0,9.001,0,0,11,36,0,15,0
15-05 00:46:48,5.749,2.250,63.488,25.995,0,1473600,947592,176652,5331196,7511.533,485.905,0,6074.814,0,620.879,4966,8566,2.790,2.070,1.160,0,1,5.999,0,0,11,36,0,9,0
15-05 00:46:49,4.251,2.251,59.268,31.259,0,1473164,947592,176672,5331604,3901.177,486.147,0,12267.702,0,864.261,4532,8546,2.650,2.060,1.150,0,2,6.002,0,0,11,36,0,9,0
15-05 00:46:50,6.250,4.250,59.247,28.249,0.250,1474588,947088,176688,5330660,9126.562,485.977,0,11087.468,0,825.960,5134,9251,2.650,2.060,1.150,0,1,3.000,0,0,11,38,0,9,0
15-05 00:46:51,5.749,2.499,65.237,23.245,0,1474636,946836,176720,5330832,5781.828,485.902,0,9674.039,0,891.819,5594,10333,2.650,2.060,1.150,1,1,8.998,0,0,11,38,0,9,0
15-05 00:46:52,4.502,2.751,55.777,34.016,0,1474112,946836,176756,5331320,2979.428,486.233,0,12357.922,0,856.410,5005,9230,2.650,2.060,1.150,0,1,3.001,0,0,11,38,0,8,0
15-05 00:46:53,4.996,2.498,58.707,30.228,0,1473880,946836,176780,5331528,7090.746,485.640,0,12162.988,0,876.351,4619,8756,2.650,2.060,1.150,0,2,2.998,0,0,11,38,0,8,0
15-05 00:46:54,5.500,3.000,59.249,28.999,0,1473392,946836,176792,5331996,7607.849,485.990,0,14307.717,0,952.981,5111,9436,2.600,2.060,1.160,0,1,6.000,0,0,11,38,0,8,0
15-05 00:46:55,7.753,2.251,64.525,23.009,0,1473460,946584,176804,5332160,6967.710,486.189,0,5682.210,0,540.210,4705,8129,2.600,2.060,1.160,1,2,10.004,0,0,11,38,0,8,0
15-05 00:46:56,10.000,3.250,61.503,23.501,0,1473408,946080,176812,5332704,6712.285,540.023,0,10792.458,0,857.036,5302,9621,2.600,2.060,1.160,1,1,12.001,0,0,11,38,0,8,0
15-05 00:46:57,8.250,3.000,55.497,30.249,0,1472896,946080,176840,5333172,4458.783,485.976,0,12203.405,0,915.955,5855,10621,2.600,2.060,1.160,0,1,11.999,0,0,11,38,0,8,0
15-05 00:46:58,9.252,2.751,59.765,25.756,0,1472852,945636,176860,5333632,8155.009,486.120,0,9178.261,0,761.187,4933,8687,2.600,2.060,1.160,0,1,9.002,0,0,11,38,0,8,0
15-05 00:46:59,5.748,2.499,62.981,26.242,0,1472540,945636,176872,5333920,7937.612,485.854,0,8409.470,0,667.799,4072,7388,2.550,2.050,1.160,2,1,5.998,0,0,11,38,0,8,0
15-05 00:47:00,5.247,2.749,56.972,32.484,0,1472816,945132,176908,5334104,5101.465,485.759,0,10546.760,0,782.611,4594,8775,2.550,2.050,1.160,2,2,5.997,0,0,11,38,0,7,0
15-05 00:47:01,6.516,2.506,59.894,28.318,0,1472148,945132,176948,5334696,9427.618,487.169,0,9843.617,0,793.905,5135,9311,2.550,2.050,1.160,1,1,12.029,0,0,11,38,0,7,0
15-05 00:47:02,5.490,2.995,58.895,29.697,0.250,1471848,944880,176976,5335212,5815.606,485.133,0,11950.640,0,959.285,5451,10090,2.550,2.050,1.160,2,1,8.984,0,0,11,38,0,7,0
15-05 00:47:03,6.247,2.999,60.972,27.237,0,1471632,944628,177016,5335624,7757.431,485.777,0,12086.439,0,869.600,5514,10101,2.550,2.050,1.160,0,1,11.994,0,0,11,38,0,7,0
15-05 00:47:04,5.501,3.501,61.016,27.007,0,1471228,944376,177048,5336236,5769.555,486.131,0,10454.818,0,852.230,5667,10356,2.750,2.100,1.190,0,1,6.002,0,0,11,38,0,7,0
15-05 00:47:05,5.249,2.249,59.237,30.493,0,1471504,943648,177052,5336668,3308.263,485.892,0,10137.741,0,731.837,4543,8278,2.750,2.100,1.190,1,0,3.999,0,0,11,38,0,7,0
15-05 00:47:06,4.747,3.248,64.459,25.734,0,1471472,943144,177060,5337180,8399.655,485.691,0,9545.926,0,742.528,4439,8035,2.750,2.100,1.190,3,1,5.996,0,0,11,38,0,7,0
15-05 00:47:07,4.504,2.252,55.798,33.779,0,1471144,943144,177084,5337476,7680.549,486.415,0,11689.968,0,785.670,4667,8475,2.750,2.100,1.190,0,1,9.008,0,0,11,38,0,7,0
15-05 00:47:08,5.002,3.001,59.778,29.764,0,1471040,942640,177084,5338068,7825.617,486.225,0,8623.986,0,655.303,4557,7946,2.750,2.100,1.190,1,1,12.006,0,0,11,38,0,6,0
15-05 00:47:09,3.998,2.499,63.223,26.989,0,1471240,942136,177092,5338352,5862.535,539.773,0,7868.692,0,682.713,5363,9772,2.690,2.100,1.190,0,1,8.996,0,0,11,38,0,6,0
15-05 00:47:10,6.252,2.751,62.019,26.508,0,1471052,941632,177112,5339012,10188.081,486.147,0,12299.720,0,930.281,5241,9707,2.690,2.100,1.190,1,1,6.002,0,0,11,38,0,6,0
15-05 00:47:11,4.256,2.504,53.076,37.304,0,1471184,941136,177120,5339356,7149.279,486.700,0,10354.887,0,732.052,4340,8085,2.690,2.100,1.190,0,2,6.009,0,0,11,38,0,6,0
15-05 00:47:12,4.993,2.247,57.670,31.207,0,1471292,940632,177120,5339744,8198.607,485.326,0,14068.450,0,961.664,5409,10040,2.690,2.100,1.190,1,2,8.988,0,0,11,38,0,5,0
15-05 00:47:13,3.999,2.749,67.478,23.492,0,1471092,940380,177136,5340160,3292.913,485.840,0,5710.115,0,529.825,4203,7552,2.690,2.100,1.190,0,1,5.998,0,0,11,38,0,5,0
15-05 00:47:14,4.003,2.502,58.289,33.272,0,1470912,940380,177140,5340332,7780.226,486.327,0,9746.546,0,721.485,4167,7863,2.630,2.100,1.190,2,2,6.004,0,0,11,38,0,5,0
15-05 00:47:15,5.496,2.998,63.205,25.982,0,1470352,940380,177156,5340860,7788.473,485.655,0,8505.964,0,720.489,4888,8768,2.630,2.100,1.190,0,1,9.993,0,0,11,38,0,5,0
15-05 00:47:16,4.001,2.001,59.519,31.760,0,1470216,940128,177160,5341236,7539.454,486.158,0,7894.569,0,613.200,4610,8670,2.630,2.100,1.190,0,1,12.004,0,0,11,38,0,3,0
15-05 00:47:17,5.248,2.249,56.982,32.240,0,1470012,939876,177168,5341672,7385.712,485.850,0,10824.647,0,728.774,4734,8328,2.630,2.100,1.190,0,2,23.993,0,0,11,38,0,3,0
15-05 00:47:18,5.750,3.500,58.495,29.748,0,1470128,939140,177188,5342256,7263.400,485.960,0,12079.002,0,891.926,6178,11559,2.630,2.100,1.190,0,1,11.999,0,0,11,38,0,3,0
15-05 00:47:19,6.251,2.500,60.761,28.505,0,1470224,938636,177188,5342652,5584.983,486.086,0,6701.179,0,648.114,5493,9950,2.500,2.080,1.190,0,1,18.003,0,0,11,38,0,3,0
15-05 00:47:20,5.001,3.250,57.506,30.003,0,1470388,938132,177204,5342976,4978.500,486.049,0,12805.285,0,942.095,5406,10226,2.500,2.080,1.190,0,2,12.001,0,0,11,38,0,2,0
15-05 00:47:21,5.998,2.999,58.979,29.739,0,1470612,937376,177212,5343480,3373.778,485.824,0,10724.116,0,807.707,5162,9669,2.500,2.080,1.190,1,1,11.996,0,0,11,38,0,2,0
15-05 00:47:22,3.502,3.252,58.032,31.767,0,1470800,936872,177220,5343744,7832.303,486.267,0,10942.012,0,790.434,4617,8181,2.500,2.080,1.190,1,1,12.007,0,0,11,38,0,2,0
15-05 00:47:23,6.498,2.249,60.233,28.742,0,1470468,936832,177224,5344108,10702.933,527.849,0,7809.762,0,704.798,5142,9072,2.500,2.080,1.190,0,1,14.996,0,0,11,38,0,2,0
15-05 00:47:24,3.751,3.001,58.512,31.507,0,1470240,936832,177244,5344312,10754.228,486.101,0,12674.626,0,849.176,4878,8644,2.620,2.110,1.210,0,2,6.001,0,0,11,38,0,2,0
15-05 00:47:25,7.999,3.000,63.993,21.998,0,1471852,934564,177268,5344924,7582.156,485.946,0,7731.140,0,798.911,5825,10307,2.620,2.110,1.210,0,1,9.999,0,0,11,38,0,1,0
15-05 00:47:26,5.758,2.754,58.586,29.794,0,1471592,934564,177292,5345140,9867.530,540.796,0,12145.885,0,883.301,5409,10123,2.620,2.110,1.210,0,1,3.004,0,0,11,38,0,1,0
15-05 00:47:27,11.735,4.744,53.682,27.215,0,1467948,937592,177300,5345748,7708.209,485.383,0,10139.121,0,772.019,5998,19778,2.620,2.110,1.210,0,1,44.943,0,0,11,38,0,2,0
15-05 00:47:28,5.500,3.250,59.503,28.251,0,1468788,937616,177304,5344860,3294.166,486.025,0,10820.546,0,907.046,6047,11314,2.620,2.110,1.210,6,1,3.000,0,0,11,38,0,2,0
15-05 00:47:29,5.499,3.000,56.992,31.746,0.250,1470012,937616,177312,5343624,10499.566,485.934,0,12062.352,0,853.883,5162,9746,2.570,2.110,1.210,0,1,0,0,0,11,38,0,1,0
15-05 00:47:30,5.248,2.499,60.479,27.990,0,1471028,937616,177340,5342580,8860.957,485.833,0,13171.477,0,918.685,5572,10671,2.570,2.110,1.210,0,1,0,0,0,11,38,0,1,0
15-05 00:47:31,5.001,3.251,59.018,31.259,0,1472416,937616,177344,5341188,4975.491,486.146,0,8998.696,0,726.218,5003,9490,2.570,2.110,1.210,1,1,0,0,0,11,38,0,1,0
15-05 00:47:32,5.250,2.250,64.005,25.502,0,1473848,937616,177352,5339760,8413.699,486.040,0,5076.422,0,538.045,4649,8252,2.570,2.110,1.210,0,1,0,0,0,11,38,0,1,0
15-05 00:47:33,5.506,2.753,58.066,31.536,0,1473696,937616,177356,5339920,4952.592,486.549,0,13411.143,0,847.957,4673,8610,2.570,2.110,1.210,1,3,3.003,0,0,11,38,0,1,0
15-05 00:47:34,7.254,2.501,63.784,24.013,0,1473356,937616,177368,5340248,9754.196,486.259,0,7748.127,0,674.359,5257,9169,2.850,2.180,1.240,1,0,12.006,0,0,11,38,0,1,0
15-05 00:47:35,6.488,3.244,54.396,33.686,0,1472972,937616,177368,5340628,6831.977,485.075,0,11134.775,0,818.440,5134,9046,2.850,2.180,1.240,0,1,6.987,0,0,11,38,0,1,0
15-05 00:47:36,4.995,2.997,57.438,31.716,0,1472780,937616,177368,5340820,3011.747,485.476,0,13273.662,0,987.933,5274,9644,2.850,2.180,1.240,1,1,8.990,0,0,11,38,0,1,0
15-05 00:47:37,8.509,3.254,60.568,26.029,0,1472976,937616,177368,5340624,7100.918,540.603,0,10315.503,0,747.834,5422,9496,2.850,2.180,1.240,1,0,9.010,0,0,11,36,0,2,0
15-05 00:47:38,12.792,16.304,64.464,6.271,0,1348064,1062404,177368,5340772,7132.681,487.619,0,1922.383,0,108.360,5119,4046,2.850,2.180,1.240,2,0,349.159,0,0,11,32,0,2,0
15-05 00:47:39,24.484,21.736,51.717,1.749,0,1401292,1008908,177388,5341020,3352.845,485.688,0,2206.582,0,164.894,7078,6694,2.700,2.160,1.240,3,0,594.618,0,0,11,32,0,8,0
15-05 00:47:40,64.850,8.979,24.194,1.746,0,1603792,805544,177408,5341824,7892.722,578.660,0,1173.283,0,57.866,3764,1820,2.700,2.160,1.240,4,0,2.993,0,0,11,32,0,8,0
15-05 00:47:41,63.485,5.499,21.995,7.498,0,1765024,641240,177528,5344452,6872.372,485.885,0,5030.808,0,186.956,3955,2030,2.700,2.160,1.240,4,0,0,0,0,11,32,0,8,0
15-05 00:47:42,31.052,4.257,41.820,22.037,0,1802464,599728,177632,5348048,9055.140,486.814,0,9756.312,0,506.847,4975,6507,2.700,2.160,1.240,1,4,15.025,0,0,11,38,0,8,0
15-05 00:47:43,10.989,2.747,48.951,34.715,0,1802344,598216,177648,5349612,6769.165,485.510,0,10697.198,0,800.192,5787,9978,2.700,2.160,1.240,1,1,44.955,0,0,11,38,0,8,0
15-05 00:47:44,9.006,4.002,48.530,36.272,0,1801944,596956,177656,5351216,4507.770,486.299,0,12291.553,0,834.513,6336,11641,2.800,2.190,1.250,1,1,24.015,0,0,11,38,0,8,0
15-05 00:47:45,6.740,2.746,48.180,39.193,0,1801360,596200,177660,5352524,9807.664,485.291,0,12218.140,0,823.796,5542,10205,2.800,2.190,1.250,1,2,15.977,0,0,11,38,0,8,0
15-05 00:47:46,8.004,2.751,48.524,38.769,0,1801068,594940,177668,5354020,8148.011,486.239,0,12982.391,0,859.423,5447,9882,2.800,2.190,1.250,0,2,18.009,0,0,11,38,0,8,0
15-05 00:47:47,7.247,3.499,51.482,36.487,0.250,1801312,593428,177688,5355224,10128.369,485.826,0,12539.505,0,888.681,6440,11913,2.800,2.190,1.250,0,3,26.990,0,0,11,38,0,8,0
15-05 00:47:48,8.250,2.750,54.497,30.998,0,1801392,592420,177700,5356116,7681.587,485.974,0,11583.377,0,838.955,5396,9740,2.800,2.190,1.250,0,2,29.998,0,0,11,38,0,8,0
15-05 00:47:49,7.992,2.747,48.949,37.960,0,1802036,590404,177708,5357444,10204.304,485.491,0,12087.330,0,797.164,5167,9205,2.820,2.200,1.260,1,1,23.975,0,0,11,38,0,8,0
15-05 00:47:50,7.767,3.257,44.595,41.839,0,1801528,589396,177712,5358920,7794.664,541.157,0,13384.614,0,938.005,5857,10506,2.820,2.200,1.260,0,3,27.058,0,0,11,38,0,8,0
15-05 00:47:51,8.241,2.997,52.694,33.215,0,1801304,588640,177736,5359840,3819.966,485.487,0,11827.511,0,850.102,6659,12084,2.820,2.200,1.260,4,1,32.965,0,0,11,38,0,8,0
15-05 00:47:52,7.011,3.255,52.332,35.055,0,1801132,586876,177748,5361668,5812.052,486.758,0,13657.270,0,903.407,6947,12925,2.820,2.200,1.260,0,3,21.033,0,0,11,38,0,8,0
15-05 00:47:53,6.993,2.997,49.952,37.214,0,1801084,585868,177760,5362688,6897.362,485.533,0,10601.797,0,750.278,4776,8636,2.820,2.200,1.260,2,2,17.983,0,0,11,38,0,8,0
15-05 00:47:54,6.244,3.247,51.953,36.217,0,1801404,584608,177760,5363588,9402.487,485.560,0,10222.744,0,721.347,5185,9382,2.910,2.230,1.280,7,0,26.976,0,0,11,38,0,8,0
15-05 00:47:55,8.522,3.008,55.897,30.330,0,1801804,582900,177788,5364820,31912499.463,487.278,0,10940.704,0,741.947,10461,10629,2.910,2.230,1.280,1,4,31.082,0,0,11,38,0,8,0
15-05 00:47:56,5.750,2.000,54.502,35.001,0,1801508,582172,177800,5365804,111640819.077,486.016,0,11172.377,0,787.027,21668,9998,2.910,2.230,1.280,0,2,30.001,0,0,11,38,0,8,0
15-05 00:47:57,7.003,2.001,50.271,38.016,0,1801740,580660,177816,5366976,111719972.583,486.208,0,13465.758,0,908.388,22480,11597,2.910,2.230,1.280,0,3,30.013,0,0,11,38,0,8,0
15-05 00:47:58,3.499,1.250,45.238,47.237,0,1801744,579652,177824,5367940,111655515.316,485.868,0,9201.496,0,671.817,20507,8156,2.910,2.230,1.280,0,3,5.998,0,0,11,38,0,8,0
15-05 00:47:59,4.252,2.251,53.269,37.764,0,1801792,579148,177824,5368372,111538560.186,486.177,0,12436.525,0,976.355,21967,10527,2.840,2.230,1.280,0,2,18.007,0,0,11,38,0,8,0
15-05 00:48:00,2.991,1.745,55.076,37.382,0,1801636,578392,177828,5369264,94721510.951,484.474,0,11659.269,0,816.428,18710,9092,2.840,2.230,1.280,0,2,11.962,0,0,11,38,0,8,0
15-05 00:48:01,6.250,3.250,54.496,33.498,0,1801528,577888,177832,5369856,7787.466,485.967,0,12263.159,0,801.945,5029,9067,2.840,2.230,1.280,1,3,11.999,0,0,11,38,0,8,0
15-05 00:48:02,5.251,3.250,52.255,36.004,0,1801256,577132,177832,5370860,6577.642,486.047,0,13377.306,0,941.092,5263,9722,2.840,2.230,1.280,0,1,9.001,0,0,11,38,0,8,0
15-05 00:48:03,5.250,2.250,53.999,35.000,0,1801592,576124,177832,5371496,7694.914,485.995,0,10671.881,0,720.992,4438,8054,2.840,2.230,1.280,0,2,9.000,0,0,11,38,0,8,0
15-05 00:48:04,5.501,2.750,56.256,33.254,0,1801592,575872,177840,5371732,6366.723,486.055,0,10545.198,0,792.090,4735,8723,2.850,2.240,1.290,0,1,18.002,0,0,11,38,0,8,0
15-05 00:48:05,5.507,2.253,52.317,36.797,0,1801512,575116,177844,5372536,4602.925,486.626,0,11474.770,0,709.914,4718,8855,2.850,2.240,1.290,1,2,10.013,0,0,11,38,0,8,0
15-05 00:48:06,12.737,3.247,45.704,35.464,0,1801768,574108,177856,5373256,4463.474,527.465,0,13310.503,0,954.033,5802,10027,2.850,2.240,1.290,1,2,17.982,0,0,11,38,0,8,0
15-05 00:48:07,26.825,8.273,31.589,32.090,0,1718736,655692,177872,5374620,8795.725,529.488,0,11043.042,0,868.441,7769,12334,2.850,2.240,1.290,5,0,106.299,0,0,11,36,0,8,0
15-05 00:48:08,29.159,3.988,33.146,32.149,0,1775080,598236,177880,5375696,7611.156,484.482,0,9406.531,0,691.833,5010,7940,2.850,2.240,1.290,1,1,23.925,0,0,11,36,0,8,0
15-05 00:48:09,21.746,5.749,39.493,31.245,0,1725912,646372,177884,5376696,8244.629,485.919,0,11430.100,0,779.870,6201,9939,2.940,2.270,1.300,0,2,100.983,0,0,11,36,0,8,0
15-05 00:48:10,5.503,3.002,53.032,35.271,0,1716676,654436,177892,5377832,8474.097,486.292,0,12943.785,0,885.533,5206,9778,2.940,2.270,1.300,0,2,18.011,0,0,11,36,0,8,0
15-05 00:48:11,4.995,2.747,59.694,30.221,0,1707636,662500,177892,5378780,7167.221,485.541,0,10546.025,0,711.327,4623,8817,2.940,2.270,1.300,0,2,11.989,0,0,11,36,0,8,0
15-05 00:48:12,5.003,3.252,55.538,33.523,0,1699368,670212,177908,5379296,9322.330,486.330,0,12884.749,0,792.538,5896,10868,2.940,2.270,1.300,0,1,21.014,0,0,11,36,0,8,0
15-05 00:48:13,7.496,2.999,54.973,31.984,0,1691164,676944,177920,5380728,5410.305,539.731,0,9175.429,0,723.639,5315,9313,2.940,2.270,1.300,3,0,23.988,0,0,11,36,0,8,0
15-05 00:48:14,5.000,2.500,57.502,31.501,0,1684872,682212,177936,5381704,8410.304,486.018,0,10960.396,0,754.027,4662,8724,2.870,2.270,1.310,1,1,6.000,0,0,11,36,0,8,0
15-05 00:48:15,5.749,2.749,51.240,36.993,0,1679252,686664,177952,5382776,10028.036,485.905,0,12681.516,0,873.829,5562,10274,2.870,2.270,1.310,0,1,6.999,0,0,11,36,0,8,0
15-05 00:48:16,5.012,3.007,52.374,37.339,0,1674468,690392,177964,5383796,3690.766,487.157,0,11250.722,0,731.738,5021,9526,2.870,2.270,1.310,1,3,12.029,0,0,11,36,0,8,0
15-05 00:48:17,5.737,2.744,52.380,36.167,0,1671520,691372,177976,5385672,8441.689,484.891,0,13708.641,0,863.026,5045,8893,2.870,2.270,1.310,0,2,23.945,0,0,11,36,0,8,0
15-05 00:48:18,6.003,2.501,57.279,31.266,0,1667808,694228,177980,5386488,7257.616,486.242,0,11829.895,0,822.410,4994,9121,2.870,2.270,1.310,0,1,12.006,0,0,11,36,0,8,0
15-05 00:48:19,12.999,2.750,55.247,26.248,0,1671632,689416,177988,5387436,9826.379,485.969,0,6875.565,0,597.962,5605,9185,2.800,2.260,1.310,2,1,11.999,0,0,11,36,0,8,0
15-05 00:48:20,4.751,2.501,51.012,38.759,0,1670552,689208,177996,5388688,8484.026,486.116,0,13243.162,0,829.198,5194,9924,2.800,2.260,1.310,0,3,0,0,0,11,36,0,8,0
15-05 00:48:21,5.761,3.005,49.591,39.071,0,1666772,691744,178004,5389888,4189.651,486.889,0,11416.849,0,756.381,5205,9776,2.800,2.260,1.310,0,3,0,0,0,11,36,0,8,0
15-05 00:48:22,5.736,3.242,45.887,42.147,0,1665544,691492,178012,5391252,8453.275,484.811,0,13419.100,0,813.007,5382,9824,2.800,2.260,1.310,0,1,5.985,0,0,11,36,0,8,0
15-05 00:48:23,4.506,2.753,55.320,35.795,0,1663668,692196,178020,5392356,8077.210,486.615,0,9327.790,0,597.756,4601,8613,2.800,2.260,1.310,4,2,0,0,0,11,36,0,8,0
15-05 00:48:24,4.000,3.000,53.245,37.247,0,1661852,692660,178024,5393668,5349.517,485.956,0,8219.258,0,565.949,4501,8279,2.730,2.260,1.320,0,2,0,0,0,11,36,0,8,0
15-05 00:48:25,4.496,3.247,51.951,37.715,0,1659848,693560,178024,5394744,8802.743,485.545,0,13435.398,0,834.218,5517,10436,2.730,2.260,1.320,0,2,0.999,0,0,11,36,0,8,0
15-05 00:48:26,4.500,2.500,51.249,39.249,0,1659376,692968,178028,5395732,23053.675,485.993,0,10215.856,0,653.991,4446,8120,2.730,2.260,1.320,1,4,0,0,0,11,36,0,8,0
15-05 00:48:27,5.766,2.757,55.400,33.842,0,1675584,675328,178032,5397128,7897.437,487.323,0,11350.810,0,714.941,4968,9211,2.730,2.260,1.320,1,3,13.035,0,0,11,36,0,8,0
15-05 00:48:28,8.724,3.739,52.098,32.405,0,1658160,691204,178036,5398604,8245.875,484.582,0,9268.882,0,611.212,5470,15561,2.730,2.260,1.320,0,2,22.933,0,0,11,36,0,9,0
15-05 00:48:29,4.501,2.500,55.507,35.254,0,1657784,690448,178040,5399688,6757.830,486.060,0,10465.285,0,655.080,4360,8057,2.840,2.290,1.330,1,3,0,0,0,11,36,0,9,0
15-05 00:48:30,5.251,2.501,53.513,35.758,0,1658524,687424,178040,5401936,11140.609,486.114,0,9394.200,0,643.151,5853,10934,2.840,2.290,1.330,1,1,3.001,0,0,11,36,0,8,0
15-05 00:48:31,5.500,3.250,53.997,34.498,0,1658156,686920,178044,5402788,7013.587,539.968,0,12583.259,0,848.950,5087,9240,2.840,2.290,1.330,2,3,8.999,0,0,11,36,0,8,0
15-05 00:48:32,5.000,2.250,53.495,36.497,0,1657836,686920,178048,5403092,7160.362,527.953,0,11790.950,0,818.927,5373,10059,2.840,2.290,1.330,0,1,5.999,0,0,11,36,0,8,0
15-05 00:48:33,4.251,3.500,51.757,38.005,0,1657748,686668,178048,5403420,6552.925,528.075,0,13285.875,0,916.129,5859,10916,2.840,2.290,1.330,0,1,6.001,0,0,11,36,0,8,0
15-05 00:48:34,3.000,3.000,64.260,27.754,0,1658040,685912,178048,5403872,7144.105,486.075,0,8985.390,0,700.108,4340,7696,2.850,2.300,1.340,1,0,12.002,0,0,11,36,0,8,0
15-05 00:48:35,4.996,3.497,60.950,28.477,0,1658580,685156,178048,5404080,6020.074,581.524,0,10743.210,0,814.334,4943,8847,2.850,2.300,1.340,0,1,12.989,0,0,11,36,0,8,0
15-05 00:48:36,4.502,2.251,56.777,33.766,0,1658700,684904,178048,5404208,3712.736,528.247,0,9460.424,0,648.303,4867,8773,2.850,2.300,1.340,2,0,9.004,0,0,11,36,0,8,0
15-05 00:48:37,8.001,3.000,56.508,29.754,0,1660320,682900,178048,5404564,3260.477,540.079,0,13541.980,0,915.134,7220,13495,2.850,2.300,1.340,0,4,10.001,0,0,11,36,0,8,0
15-05 00:48:38,6.999,2.500,55.994,32.246,0,1661820,680884,178052,5405064,8419.040,581.934,0,11410.698,0,761.913,4339,7724,2.850,2.300,1.340,2,1,3.000,0,0,11,36,0,7,0
15-05 00:48:39,7.001,2.250,52.505,35.003,0,1661424,680380,178060,5405936,9177.828,582.053,0,11557.043,0,751.068,4599,8205,2.780,2.290,1.340,0,1,12.001,0,0,11,36,0,7,0
15-05 00:48:40,7.019,3.760,58.411,28.830,0,1661384,680128,178060,5406216,8417.265,635.757,0,11323.298,0,885.447,6042,11236,2.780,2.290,1.340,3,0,21.058,0,0,11,36,0,7,0
15-05 00:48:41,7.233,2.744,58.616,28.934,0,1660900,680128,178064,5406684,5020.494,484.889,0,11661.275,0,864.020,4967,9090,2.780,2.290,1.340,0,2,11.973,0,0,11,36,0,7,0
15-05 00:48:42,5.997,2.749,51.727,36.984,0,1660668,679624,178064,5407404,8988.027,539.761,0,11598.873,0,815.639,7014,13345,2.780,2.290,1.340,0,1,15.993,0,0,11,40,0,1,0
15-05 00:48:43,4.758,2.755,57.599,32.806,0,1661636,677608,178064,5408420,7458.794,540.928,0,11812.262,0,718.232,4102,7598,2.780,2.290,1.340,0,3,12.021,0,0,11,40,0,1,0
15-05 00:48:44,26.275,8.758,40.538,22.271,0,1354172,984856,178068,5408632,6618.247,540.510,0,7126.727,0,453.428,5258,6570,2.720,2.290,1.350,1,0,225.213,0,0,11,32,0,1,0
15-05 00:48:45,20.953,4.739,70.094,2.993,0,1425432,913560,178068,5408664,5625.466,484.920,0,1408.861,0,89.800,2379,2132,2.720,2.290,1.350,1,0,28.936,0,0,11,32,0,1,0
15-05 00:48:46,22.505,3.501,70.265,3.251,0,1490444,848544,178068,5408664,7863.652,582.122,0,2868.603,0,159.033,2117,1836,2.720,2.290,1.350,1,0,2.000,0,0,11,34,0,1,0
15-05 00:48:47,22.551,4.009,73.164,0,0,1470780,868200,178068,5408672,6094.664,529.186,0,264.593,0,35.079,2513,1958,2.720,2.290,1.350,1,0,27.061,0,0,11,32,0,1,0
15-05 00:48:48,22.198,3.492,73.328,0,0,1470780,868200,178068,5408672,8029.198,538.738,0,91.785,0,12.970,2016,1775,2.720,2.290,1.350,1,0,0.998,0,0,11,32,0,1,0
15-05 00:48:49,23.488,2.499,73.212,0.500,0,1452772,886208,178068,5408672,5656.094,485.750,0,375.807,0,33.983,2022,1774,2.660,2.280,1.350,2,0,1.999,0,0,11,32,0,1,0
15-05 00:48:50,13.263,36.034,49.047,0.250,0,1450624,888292,178068,5408728,8658.217,582.553,0,608.578,0,46.044,8277,8339,2.660,2.280,1.350,1,0,1205.144,0,0,11,32,0,1,0
15-05 00:48:51,9.253,21.008,68.276,0,0,1444008,894812,178068,5408820,5723.159,486.183,0,284.107,0,25.009,6555,5417,2.660,2.280,1.350,2,0,602.227,0,0,11,32,0,1,0
15-05 00:48:52,8.508,20.269,70.066,0,0,1435532,903244,178068,5408860,3733.517,540.509,0,116.109,0,8.008,5864,4538,2.660,2.280,1.350,3,0,395.372,0,0,11,32,0,1,0
15-05 00:48:53,15.500,16.750,66.750,0.250,0,1414800,923776,178068,5409408,9463.012,528.001,0,768.001,0,129.000,7169,8175,2.660,2.280,1.350,6,0,354.000,0,0,11,32,0,1,0
15-05 00:48:54,37.590,12.198,49.290,0,0,1474740,863824,178072,5409500,6522.264,537.713,0,39.831,0,0.996,4194,3642,2.770,2.310,1.370,2,0,183.221,0,0,11,33,0,1,0
15-05 00:48:55,44.596,6.013,48.855,0,0,1584180,754284,178072,5409596,5409.598,529.134,0,16.034,0,1.002,2745,1401,2.770,2.310,1.370,3,0,1.002,0,0,11,33,0,1,0
15-05 00:48:56,45.500,4.750,48.250,0.750,0,1649152,687544,178148,5411036,8020.011,582.001,104.000,1868.003,1.000,174.000,4004,3337,2.770,2.310,1.370,3,0,18.000,0,0,11,49,0,1,0
15-05 00:48:57,23.572,17.553,58.428,0,0,1672352,661448,178152,5414060,5453.607,487.484,0,0,0,0,8268,13072,2.770,2.310,1.370,1,0,404.231,0,0,11,48,0,1,0
15-05 00:48:58,13.209,6.978,77.508,1.246,0,1669744,664004,178152,5413724,10350.725,580.191,0,1196.270,0,16.947,3917,5123,2.770,2.310,1.370,0,0,90.717,0,0,11,48,0,1,0
15-05 00:48:59,0.250,0.250,97.011,0.750,0,1669732,664004,178152,5413732,8030.923,486.056,0,132.015,0,13.001,924,1438,2.550,2.270,1.360,0,0,3.000,0,0,11,48,0,1,0
15-05 00:49:00,0.750,1.000,97.734,0.500,0,1669624,664112,178152,5413732,4161.318,539.912,0,319.948,0,19.997,733,1054,2.550,2.270,1.360,0,0,3.000,0,0,11,48,0,1,0
15-05 00:49:01,1.500,0.250,98.277,0,0,1668252,665484,178152,5413732,8354.331,486.136,0,32.009,0,4.001,722,977,2.550,2.270,1.360,0,0,1.000,0,0,11,48,0,1,0
15-05 00:49:02,2.004,3.006,93.686,0,0,1659416,674324,178152,5413720,6346.600,541.074,0,4.008,0,1.002,1586,1718,2.550,2.270,1.360,0,0,51.101,0,0,11,48,0,1,0
15-05 00:49:03,17.464,14.220,67.359,0,0,1633284,700436,178152,5413748,5128.289,484.987,0,0,0,0,5777,7764,2.550,2.270,1.360,1,0,286.402,0,0,11,48,0,1,0
15-05 00:49:04,10.778,17.797,70.185,0,0,1667060,666480,178152,5413908,11254.640,725.912,0,20.053,0,5.013,5796,5294,2.500,2.270,1.360,1,0,398.048,0,0,12,48,0,1,0
15-05 00:49:05,17.449,11.716,68.800,0,0,1677184,656312,178152,5413904,5693.468,538.437,0,3.988,0,0.997,5950,7868,2.500,2.270,1.360,2,0,218.366,0,0,12,48,0,1,0
15-05 00:49:06,6.007,9.011,81.101,3.254,0,1679544,653944,178152,5413932,8568.673,528.658,0,452.564,0,37.046,3354,3514,2.500,2.270,1.360,1,0,197.246,0,0,12,64,0,1,0
15-05 00:49:07,18.479,12.985,67.175,0,0,1680620,652796,178152,5413976,7492.596,539.395,0,15.982,0,2.997,6251,8350,2.500,2.270,1.360,0,0,211.762,0,0,14,64,0,2,0
15-05 00:49:08,9.027,19.810,67.956,2.006,0,1659584,673780,178152,5414020,4255.911,529.607,0,3847.673,0,243.739,6238,5257,2.500,2.270,1.360,3,0,478.451,0,0,14,66,0,2,0
15-05 00:49:09,15.004,18.005,66.269,0,0,1662040,671128,178152,5414556,8106.318,528.151,0,532.152,0,76.022,7180,8407,2.380,2.250,1.360,1,0,331.095,0,0,14,66,0,2,0
15-05 00:49:10,27.238,21.490,51.227,0,0,1736136,597004,178160,5414236,5483.531,581.738,0,679.694,0,11.995,6012,5365,2.380,2.250,1.360,2,0,509.770,0,0,14,66,0,2,0
15-05 00:49:11,31.259,22.506,44.262,0.500,0,1795808,536352,178224,5415096,8129.266,486.136,0,384.107,0,9.003,7271,8008,2.380,2.250,1.360,4,0,653.182,0,0,14,66,0,2,0
15-05 00:49:12,33.498,21.498,43.997,0,0.250,1878236,453096,178244,5415780,5804.587,539.962,7.999,39.997,1.000,9.999,6821,8572,2.380,2.250,1.360,4,0,448.968,0,0,14,70,0,4,0
15-05 00:49:13,60.207,20.735,18.986,0,0,1978932,352096,178256,5416420,10176.704,485.652,0,1502.922,0,132.905,5697,6497,2.380,2.250,1.360,4,0,441.683,0,0,14,70,0,4,0
15-05 00:49:14,62.176,19.227,17.979,0,0,2113264,217152,178272,5417040,7827.733,539.361,0,439.480,0,12.985,7099,8849,2.510,2.280,1.380,5,0,335.603,0,0,14,70,0,4,0
15-05 00:49:15,71.641,25.550,1.753,0,0,2241088,152596,171204,5361964,6294.414,631.245,0,2480.893,0,112.221,5962,6637,2.510,2.280,1.380,4,0,594.172,0,0,14,70,0,4,0
15-05 00:49:16,71.924,17.481,4.245,6.743,0,2392256,131716,166016,5239624,5852.791,539.428,595.368,2025.851,76.918,30.967,7996,9103,2.510,2.280,1.380,5,2,266.717,0,0,14,74,0,4,0
15-05 00:49:17,55.145,23.705,6.238,13.973,0,2496172,203532,165056,5069264,10600.845,485.078,1073.958,8619.612,59.886,636.789,10078,14909,2.510,2.280,1.380,3,3,520.011,0,0,14,76,0,4,0
15-05 00:49:18,54.415,17.052,14.544,13.541,0,2616028,213344,164652,4942704,9514.817,541.640,389.179,13340.403,34.103,224.680,8578,12076,2.510,2.280,1.380,3,1,206.626,0,0,14,77,0,4,0
15-05 00:49:19,48.895,5.987,26.194,18.211,0,2757060,141304,164648,4875500,8230.262,538.839,27.940,8218.288,1.996,277.402,5934,7772,2.710,2.320,1.390,4,0,3.991,0,0,14,79,0,4,0
15-05 00:49:20,77.908,16.283,3.006,1.754,0,2845524,133320,164720,4796576,4346.822,541.098,60.122,1963.986,9.018,92.187,10832,20944,2.710,2.320,1.390,6,0,288.586,0,0,14,95,0,14,0
15-05 00:49:21,25.501,22.751,48.502,1.500,0,2889780,143548,164728,4743604,7589.237,540.017,4.000,1168.037,1.000,52.002,8739,10654,2.710,2.320,1.390,2,0,543.017,0,0,14,97,0,17,0
15-05 00:49:22,27.913,16.199,53.583,2.243,0,2927224,171028,164732,4680024,6607.373,622.058,99.689,1004.863,2.991,47.851,6311,7859,2.710,2.320,1.390,2,1,282.119,0,0,14,97,0,17,0
15-05 00:49:23,46.367,6.767,35.841,11.028,0,3052364,175868,164748,4553024,5339.501,487.232,930.352,4792.117,11.028,238.603,3452,2506,2.710,2.320,1.390,2,0,0,0,0,14,98,0,17,0
15-05 00:49:24,10.974,16.961,67.593,1.995,0,3072336,155404,164748,4553440,5448.335,538.748,7.981,1404.735,1.995,85.801,5780,5432,2.570,2.300,1.390,2,0,326.242,0,0,14,101,0,17,0
15-05 00:49:25,8.017,19.791,70.147,0.752,0,3074856,152828,164748,4553480,9178.238,577.210,4.008,168.353,1.002,16.034,6001,4759,2.570,2.300,1.390,1,0,385.809,0,0,14,101,0,17,0
15-05 00:49:26,12.468,15.709,67.326,3.491,0,3104784,190052,164748,4487968,6903.158,538.608,0,4181.193,0,204.472,5005,4507,2.570,2.300,1.390,2,0,279.278,0,0,14,101,0,17,0
15-05 00:49:27,18.500,2.250,78.249,0,0.250,3145904,148920,164748,4487980,13302.758,6198.887,4.000,291.995,1.000,5.000,1837,1546,2.570,2.300,1.390,1,0,0,0,0,14,102,0,17,0
15-05 00:49:28,23.531,7.760,67.588,1.001,0,3127940,232652,164748,4423804,22208.056,17453.836,52.068,1381.808,6.008,141.185,4007,14498,2.570,2.300,1.390,1,1,99.130,0,0,14,103,0,20,0
15-05 00:49:29,19.227,3.246,73.913,3.496,0,3163168,197412,164748,4423816,14681.726,6130.787,7.991,3787.544,1.998,266.686,2386,2008,2.450,2.280,1.390,2,0,0,0,0,14,104,0,20,0
15-05 00:49:30,19.246,3.749,70.986,4.499,0,3165272,194348,164760,4424732,9673.155,1361.740,639.878,3775.280,31.994,102.980,3189,3706,2.450,2.280,1.390,1,1,2.999,0,0,14,112,0,21,0
15-05 00:49:31,30.073,5.513,56.888,5.513,0,3242768,115848,164760,4425736,6563.894,487.180,769.864,2032.923,28.068,207.502,6130,8714,2.450,2.280,1.390,2,1,7.017,0,0,14,119,0,22,0
15-05 00:49:32,27.911,8.224,61.054,1.495,0,3217572,204404,164760,4363564,10350.825,1785.278,7.974,1140.345,1.994,90.709,4295,4460,2.450,2.280,1.390,1,0,110.645,0,0,14,118,0,22,0
15-05 00:49:33,18.007,3.251,78.030,0.750,0,3239180,182732,164760,4363628,13656.297,6883.670,0,580.225,0,34.013,2222,2062,2.450,2.280,1.390,2,0,0,0,0,14,119,0,22,0
15-05 00:49:34,16.749,3.750,69.247,8.250,0,3242936,178960,164764,4363640,8670.589,2523.880,4.000,8367.603,1.000,341.984,3662,4759,2.250,2.240,1.380,2,0,2.000,0,0,14,123,0,22,0
15-05 00:49:35,39.959,10.489,46.453,1.998,0,3316980,169388,164772,4301216,9657.200,1768.206,0,1306.674,0,109.888,4846,5023,2.250,2.240,1.380,2,0,101.897,0,0,14,122,0,23,0
15-05 00:49:36,35.303,4.757,57.836,1.502,0,3384264,165100,164772,4239768,29337.857,23046.452,0,632.946,0,38.057,2780,1878,2.250,2.240,1.380,2,0,0,0,0,14,123,0,23,0
15-05 00:49:37,20.758,6.002,73.028,0,0,3405172,144328,164772,4239680,7726.934,618.235,0,492.187,0,29.011,2408,1798,2.250,2.240,1.380,1,0,55.021,0,0,14,122,0,24,0
15-05 00:49:38,17.737,1.749,79.444,0,0,3405164,144328,164772,4239688,30371.486,23169.587,0,379.731,0,23.983,1956,1545,2.250,2.240,1.380,1,0,0,0,0,14,122,0,25,0
15-05 00:49:39,21.038,5.260,72.633,0.250,0,3365832,183640,164772,4239708,4178.634,486.890,8.015,132.242,2.004,13.024,2341,1844,2.230,2.230,1.390,2,0,51.093,0,0,14,122,0,25,0
15-05 00:49:40,14.978,2.746,79.882,1.997,0,3370548,178876,164772,4239756,17229.510,8175.904,7.988,1397.932,1.997,222.671,2831,3455,2.230,2.230,1.390,3,1,0.999,0,0,14,124,0,26,0
15-05 00:49:41,26.491,7.747,63.978,1.000,0,3416224,132972,164776,4239980,9672.749,551.815,3.999,715.759,1.000,49.983,4883,5888,2.230,2.230,1.390,1,0,88.970,0,0,14,126,0,26,0
15-05 00:49:42,17.752,2.750,78.257,0.250,0,3424272,187036,164776,4179332,27896.618,23080.166,0,560.053,0,37.003,2141,2090,2.230,2.230,1.390,2,0,0,0,0,14,126,0,27,0
15-05 00:49:43,20.749,5.500,72.747,0.500,0,3409660,201632,164776,4179348,10044.548,539.976,0,447.980,0,28.999,2436,1797,2.230,2.230,1.390,1,0,54.998,0,0,14,126,0,27,0
15-05 00:49:44,15.493,2.499,70.720,9.746,0,3376704,234512,164780,4179420,13097.472,7188.966,11.995,2418.979,2.999,332.860,3487,4327,2.050,2.200,1.380,3,1,1.999,0,0,14,127,0,27,0
15-05 00:49:45,20.011,4.252,55.031,19.011,0,3383416,227720,164784,4179512,8793.954,540.304,0,8832.976,0,775.437,6208,9946,2.050,2.200,1.380,0,3,2.001,0,0,14,128,0,28,0
15-05 00:49:46,20.241,5.747,71.468,1.249,0,3409784,201344,164784,4179520,9496.748,1725.228,0,671.699,0,43.980,2754,2400,2.050,2.200,1.380,1,0,52.976,0,0,14,127,0,29,0
15-05 00:49:47,15.505,1.751,80.026,2.001,0,3421160,189968,164784,4179520,12875.117,10316.299,0,640.205,0,35.011,2007,1823,2.050,2.200,1.380,0,0,0,0,0,14,128,0,29,0
15-05 00:49:48,23.254,4.501,70.512,1.000,0,3419628,191324,164784,4179696,9812.729,799.141,0,1184.209,0,122.022,4844,6452,2.050,2.200,1.380,0,1,0,0,0,14,128,0,29,0
15-05 00:49:49,30.989,6.998,58.230,2.749,0,3390548,220340,164784,4179760,7481.367,1405.505,0,1759.381,0,116.959,6110,8739,2.050,2.190,1.380,1,0,77.973,0,0,14,129,0,30,0
15-05 00:49:50,19.753,2.750,72.511,4.001,0,3418996,191864,164788,4179784,13828.056,6253.930,4.001,1108.165,1.000,55.008,2321,2354,2.050,2.190,1.380,1,0,0,0,0,14,130,0,30,0
15-05 00:49:51,15.746,7.248,72.479,3.249,0,3389872,220956,164788,4179816,12121.544,4447.732,0,1535.562,0,123.965,4263,5132,2.050,2.190,1.380,1,0,147.958,0,0,14,131,0,31,0
15-05 00:49:52,19.007,2.251,77.027,0.500,0,3443152,167636,164788,4179856,13212.578,6253.167,0,560.194,0,34.012,1897,1564,2.050,2.190,1.380,1,0,0,0,0,14,132,0,31,0
15-05 00:49:53,17.757,3.251,75.780,2.001,0,3438224,172552,164792,4179864,11413.551,6331.524,0,728.290,0,61.024,3188,3887,2.050,2.190,1.380,2,1,0,0,0,14,132,0,31,0
15-05 00:49:54,24.525,6.006,63.814,4.254,0,3434620,176056,164796,4179960,5285.295,540.542,32.032,1433.436,2.002,133.133,6763,9663,1.960,2.170,1.380,6,0,2.002,0,0,14,134,0,31,0
15-05 00:49:55,38.452,13.483,41.698,4.245,0,3390620,219712,164796,4180224,5487.169,2496.891,0,2864.434,0,199.751,13822,22741,1.960,2.170,1.380,2,0,288.641,0,0,14,133,0,32,0
15-05 00:49:56,18.504,2.251,77.018,1.000,0,3442084,168224,164796,4180248,16164.857,6430.534,0,672.160,0,39.009,1986,1767,1.960,2.170,1.380,1,0,0,0,0,14,134,0,32,0
15-05 00:49:57,15.261,12.009,71.301,0.250,0,3433224,177076,164796,4180256,8241.900,2274.628,0,628.450,0,33.024,4307,3437,1.960,2.170,1.380,1,0,216.155,0,0,14,133,0,33,0
15-05 00:49:58,9.263,20.028,61.837,7.260,0,3344580,265660,164796,4180316,8167.505,540.762,0,5439.662,0,310.437,6620,6159,1.960,2.170,1.380,2,0,416.587,0,0,14,133,0,33,0
15-05 00:49:59,23.516,15.261,59.791,0.250,0,3364576,245656,164796,4180324,6454.469,540.374,0,216.150,0,16.011,6985,8884,1.890,2.150,1.380,3,0,289.200,0,0,14,133,0,33,0
15-05 00:50:00,28.946,21.460,41.174,7.736,0,3421660,188372,164796,4180528,7368.371,539.003,15.970,3281.929,0.998,381.295,7164,5653,1.890,2.150,1.380,2,0,509.058,0,0,14,133,0,33,0
15-05 00:50:01,32.710,15.481,49.440,2.247,0,3473180,151108,164812,4167044,5826.939,555.327,79.903,563.317,9.988,32.960,6422,9318,1.890,2.150,1.380,5,0,279.661,0,0,16,139,0,33,0
15-05 00:50:02,56.665,25.825,17.050,0.501,0,3628140,144940,164816,4021216,5965.398,541.579,108.316,397.158,8.023,26.076,8779,13770,1.890,2.150,1.380,3,0,659.925,0,0,16,145,0,33,0
15-05 00:50:03,60.452,19.984,18.235,0.749,0,3737400,125184,164816,3932296,5519.580,539.568,47.962,811.350,3.997,47.962,7692,12124,1.890,2.150,1.380,5,0,317.746,0,0,16,161,0,33,2
15-05 00:50:04,36.784,23.522,38.036,0,0,3828924,131324,164816,3836168,8280.739,486.455,0,604.565,0,17.016,16056,8120,1.900,2.150,1.380,5,0,632.591,0,0,16,161,0,33,2
15-05 00:50:05,27.731,19.736,49.965,2.248,0,3854240,157900,164824,3785760,5554.156,629.564,87.939,1187.178,4.997,58.959,7217,7720,1.900,2.150,1.380,2,0,464.678,0,0,17,161,0,33,2
15-05 00:50:06,25.518,19.764,54.538,0.250,0,3893100,173320,164824,3732352,7068.916,486.338,4.003,308.214,1.001,17.012,6840,7413,1.900,2.150,1.380,5,0,399.278,0,0,17,161,0,33,2
15-05 00:50:07,36.451,20.722,40.945,0.749,0.250,3963496,152720,164828,3684080,5855.177,485.352,11.984,243.674,2.996,26.964,7535,8442,1.900,2.150,1.380,4,0,395.472,0,0,17,163,0,33,2
15-05 00:50:08,28.019,22.015,48.533,0.751,0,4017120,160520,164828,3623688,9518.511,610.418,20.014,312.214,2.001,18.012,6709,7125,1.900,2.150,1.380,4,0,551.377,0,0,17,167,0,32,2
15-05 00:50:09,38.492,25.245,33.243,1.750,0,4127148,155264,164832,3521380,9123.171,539.892,27.994,731.853,3.999,39.992,10614,17559,2.300,2.230,1.410,4,0,705.858,0,0,17,175,0,32,2
15-05 00:50:10,15.960,21.945,58.602,1.247,0,4174020,147008,164832,3483980,3655.790,484.779,15.960,4628.340,3.990,51.869,8129,11667,2.300,2.230,1.410,1,0,459.842,0,0,17,179,0,32,2
15-05 00:50:11,28.208,13.480,44.434,11.982,0,4228676,171392,164836,3405968,3337.036,539.198,251.626,14138.967,4.993,689.974,5822,5647,2.300,2.230,1.410,2,2,192.713,0,0,17,185,0,32,2
15-05 00:50:12,44.301,6.758,44.551,4.005,0,4355556,170176,164836,3283068,7386.504,486.560,648.747,1653.904,13.015,173.199,3350,2166,2.300,2.230,1.410,2,0,3.003,0,0,17,185,0,32,2
15-05 00:50:13,38.495,5.749,51.743,3.500,0,4442592,174768,164844,3193984,7006.015,539.924,147.979,651.908,10.998,50.993,3525,2883,2.300,2.230,1.410,1,0,17.997,0,0,17,206,0,30,2
15-05 00:50:14,29.088,24.073,43.883,2.758,0,4374060,242372,164852,3194856,8485.664,487.474,946.864,425.286,13.039,37.112,7121,6820,2.360,2.250,1.420,3,0,598.811,0,0,17,205,0,30,2
15-05 00:50:15,35.494,24.246,37.493,1.500,0,4450036,165320,164860,3196328,15143.366,8524.517,523.909,703.878,12.998,54.990,8320,10469,2.360,2.250,1.420,4,0,501.913,0,0,17,213,0,30,2
15-05 00:50:16,61.582,13.713,20.444,3.490,0,4495816,159712,164872,3157184,10158.267,1337.349,187.488,1815.045,8.975,132.638,5870,5789,2.360,2.250,1.420,4,0,151.586,0,0,17,212,0,31,2
15-05 00:50:17,53.361,11.221,23.938,10.971,0,4617220,154752,164872,3044180,13354.305,8627.585,1623.781,454.818,36.904,23.938,4638,3821,2.360,2.250,1.420,1,2,21.943,0,0,17,221,0,31,2
15-05 00:50:18,45.362,10.275,23.558,20.300,0,4601888,205128,164880,3010124,7505.450,3351.238,5649.888,1595.923,349.860,75.185,5626,6316,2.360,2.250,1.420,3,0,33.081,0,0,17,228,0,32,2
15-05 00:50:19,49.360,13.781,25.808,10.273,0,4700464,139096,164916,2978600,14215.814,6267.025,902.019,1551.472,130.292,119.267,6801,7964,2.410,2.260,1.430,3,0,237.532,0,0,17,230,0,37,2
15-05 00:50:20,31.266,20.761,43.773,2.501,0,4604344,246140,164928,2967876,13440.952,5754.976,100.052,10445.402,8.004,93.048,8655,10412,2.410,2.260,1.430,4,0,476.246,0,0,17,229,0,38,2
15-05 00:50:21,51.259,22.004,26.255,0,0,4698484,149688,164928,2970200,9576.733,6254.132,8.001,1020.185,2.000,25.005,7042,9270,2.410,2.260,1.430,3,0,471.085,0,0,17,230,0,28,2
15-05 00:50:22,48.790,24.020,22.018,4.254,0,4698440,225056,164936,2897152,12879.662,5742.754,1008.835,816.676,42.035,54.045,8474,10517,2.410,2.260,1.430,3,0,436.361,0,0,17,229,0,29,2
15-05 00:50:23,58.462,22.638,18.160,0.995,0,4843372,140300,164940,2837100,9779.772,2910.646,350.273,804.035,19.902,44.779,8710,10711,2.410,2.260,1.430,6,1,436.846,0,0,17,238,0,31,0
15-05 00:50:24,54.284,19.351,21.111,4.021,0,4818208,194388,164940,2809360,16685.412,9043.377,711.729,1242.509,41.216,88.463,8619,15381,2.540,2.290,1.440,3,0,386.022,0,0,17,249,0,33,0
15-05 00:50:25,63.733,16.745,17.995,0.750,0,4981856,151240,164944,2691376,6858.130,1999.455,123.966,603.835,6.998,34.990,5666,5542,2.540,2.290,1.440,3,0,195.947,0,0,17,250,0,30,0
15-05 00:50:26,56.839,9.972,29.417,3.241,0,5074948,147068,164948,2604796,33481.396,16184.270,1467.852,965.273,60.828,45.870,9619,18878,2.540,2.290,1.440,2,0,6.980,0,0,17,252,0,32,0
15-05 00:50:27,57.674,10.030,26.329,5.015,0,5110144,136620,164948,2580568,15593.021,2474.462,1681.069,774.335,59.178,61.185,6585,8096,2.540,2.290,1.440,3,0,23.070,0,0,17,258,0,36,0
15-05 00:50:28,49.699,20.522,26.951,2.473,0,5042452,203096,165108,2581640,16696.725,12010.723,1376.723,1288.700,38.572,60.331,7652,18266,2.540,2.290,1.440,3,1,440.116,0,0,17,259,0,39,0
15-05 00:50:29,47.577,23.663,23.915,3.524,0,5114256,128012,165220,2584820,8829.741,2589.816,3890.765,1095.536,49.339,54.374,7362,9169,2.660,2.320,1.460,1,0,472.249,0,0,17,260,0,36,0
15-05 00:50:30,62.410,19.300,16.292,0.752,0,5144228,143352,165224,2540972,14378.907,9568.560,545.400,1303.345,8.021,71.183,6615,7878,2.660,2.320,1.460,4,0,248.638,0,0,18,262,0,37,0
15-05 00:50:31,71.181,12.238,2.747,13.986,0,5220432,137460,165224,2472680,8088.187,1151.887,2993.109,3244.865,127.876,27.973,4990,3246,2.660,2.320,1.460,3,0,19.981,0,0,18,263,0,37,0
15-05 00:50:32,69.952,9.244,11.492,8.494,0,5308004,128776,165260,2397424,18360.337,10763.577,1590.903,5656.099,58.959,394.728,6357,6609,2.660,2.320,1.460,6,0,11.992,0,0,18,267,0,39,0
15-05 00:50:33,56.605,15.028,25.547,2.254,0,5313036,148616,165264,2373552,4109.636,1579.935,1005.869,1867.470,34.063,171.318,7404,10459,2.660,2.320,1.460,4,0,233.434,0,0,18,276,0,37,0
15-05 00:50:34,29.403,7.475,61.049,0.997,0,5362892,123656,165272,2349324,21316.774,12512.778,777.439,506.332,8.970,37.875,3358,2973,2.680,2.330,1.460,2,0,8.970,0,0,18,280,0,37,0
15-05 00:50:35,41.164,9.538,47.690,0.753,0,5359852,148584,165272,2328088,18941.396,4209.757,819.261,851.389,9.036,87.348,5011,5353,2.680,2.330,1.460,2,0,15.060,0,0,18,282,0,38,0
15-05 00:50:36,30.424,9.227,58.854,0.748,0,5353180,159856,165276,2324172,16507926.053,153851.486,1252.885,590.532,13.965,45.886,9793,5657,2.680,2.330,1.460,2,0,91.772,0,0,18,281,0,38,0
15-05 00:50:37,36.716,10.990,46.707,3.996,0,5381708,129696,165276,2325804,10687.211,1646.492,1550.580,663.392,17.984,54.950,4691,4080,2.680,2.330,1.460,2,0,175.839,0,0,18,284,0,37,0
15-05 00:50:38,30.059,3.507,64.627,0.751,0,5381652,157312,165276,2299072,22644.637,17832.150,0,513.011,0,40.079,3236,2995,2.680,2.330,1.460,1,1,2.004,0,0,18,293,0,38,0
15-05 00:50:39,19.427,3.736,68.990,5.728,0,5321448,216900,165276,2299692,113114.171,4424902.912,514.060,928.496,28.891,87.669,5181,6782,2.630,2.320,1.470,1,0,37.857,0,0,18,290,0,40,0
15-05 00:50:40,6.032,1.508,89.726,0.251,0,5328000,210248,165276,2299800,6354491.260,12056293.008,0,530.817,0,25.133,4128,3208,2.630,2.320,1.470,2,0,0,0,0,18,295,0,40,0
15-05 00:50:41,16.173,2.488,70.914,7.962,0,5312828,209280,165284,2315900,10453552.524,78841.952,143.320,9351.633,7.962,78.627,8252,8766,2.630,2.320,1.470,3,0,0.995,0,0,18,295,0,39,0
15-05 00:50:42,12.036,17.050,63.688,6.018,0,5270940,250988,165284,2316076,5797.154,2156.381,36.107,10142.010,4.012,836.475,6415,5418,2.630,2.320,1.470,5,1,454.344,0,0,18,292,0,41,0
15-05 00:50:43,22.716,4.244,67.897,4.743,0.250,5331748,190164,165284,2316092,8109.728,485.266,0,6637.955,0,389.411,2583,2032,2.630,2.320,1.470,1,0,11.982,0,0,18,292,0,41,0
15-05 00:50:44,9.021,18.293,70.667,0.251,0,5323612,198264,165288,2316124,8199.345,487.149,4.009,874.062,1.002,52.123,5530,4421,2.420,2.280,1.460,1,0,318.752,0,0,18,292,0,41,0
15-05 00:50:45,8.225,16.450,73.529,0.997,0,5299800,222004,165288,2316196,8178.380,484.541,27.916,470.583,1.994,37.886,5511,4876,2.420,2.280,1.460,0,0,350.944,0,0,18,292,0,39,0
15-05 00:50:46,4.499,2.500,91.236,0.750,0,5295180,226620,165288,2316200,5841.090,485.924,0,17669.247,0,55.991,1457,1819,2.420,2.280,1.460,1,0,10.998,0,0,18,296,0,39,0
15-05 00:50:47,20.479,2.497,69.928,6.993,0,5331952,189840,165288,2316208,9890.824,2790.129,0,1830.117,0,183.811,2109,1554,2.420,2.280,1.460,1,0,0,0,0,18,297,0,39,0
15-05 00:50:48,15.575,6.029,74.610,2.763,0,5311608,210096,165288,2316296,15319.864,7135.403,64.310,0,4.019,0,3278,3010,2.420,2.280,1.460,2,0,98.475,0,0,18,300,0,40,0
15-05 00:50:49,11.979,15.723,70.877,0.250,0,5295468,225852,165292,2316640,4202.681,485.155,11.979,135.764,2.995,11.979,5343,4274,2.220,2.250,1.450,1,0,233.593,0,0,18,300,0,38,0
15-05 00:50:50,11.275,16.787,69.151,0.752,0,5285288,235856,165292,2316784,4214.221,487.066,4.009,485.061,1.002,42.092,6007,5427,2.220,2.250,1.450,1,0,269.590,0,0,18,300,0,38,0
15-05 00:50:51,23.154,3.486,72.450,0.249,0,5356504,164592,165292,2316832,7409.279,553.704,63.736,358.514,2.988,31.868,2210,2224,2.220,2.250,1.450,1,0,1.992,0,0,18,302,0,38,0
15-05 00:50:52,21.751,3.500,71.752,1.500,0,5410664,140864,165292,2287516,6617.157,486.012,292.007,1852.044,6.000,22.001,2219,1865,2.220,2.250,1.450,0,1,5.000,0,0,18,308,0,38,0
15-05 00:50:53,19.072,2.258,73.024,5.521,0,5382920,168524,165292,2287600,8956.622,487.831,96.362,15429.923,6.023,74.279,2264,2226,2.220,2.250,1.450,1,0,5.019,0,0,18,304,0,37,0
15-05 00:50:54,23.659,2.241,72.221,0.249,0,5381292,170112,165292,2287640,6239.897,484.130,23.908,139.461,3.985,12.950,2145,1830,2.130,2.220,1.450,1,0,0,0,0,18,304,0,37,0
15-05 00:50:55,15.241,3.498,79.701,0.750,0,5401348,150048,165292,2287648,16131.163,9412.260,0,279.829,0,25.984,2533,2633,2.130,2.220,1.450,1,0,2.998,0,0,18,307,0,38,0
15-05 00:50:56,17.512,3.252,78.304,0,0,5338072,213184,165292,2287788,18745.866,10466.183,0,4.003,0,1.001,2380,2102,2.130,2.220,1.450,1,0,17.012,0,0,18,304,0,39,0
15-05 00:50:57,23.749,2.750,72.248,0,0,5352508,198748,165292,2287788,4540.874,485.987,0,71.998,0,4.000,1998,1609,2.130,2.220,1.450,1,0,0,0,0,18,304,0,39,0
15-05 00:50:58,15.011,11.508,71.553,1.501,0,5321944,229156,165296,2287940,7701.667,432.318,392.289,424.312,5.004,21.015,4101,3258,2.130,2.220,1.450,1,0,199.147,0,0,18,304,0,37,0
15-05 00:50:59,11.287,17.056,70.732,0.251,0,5341608,209320,165296,2288112,8164.782,487.599,56.184,0,5.016,0,5450,4357,1.960,2.190,1.440,1,0,385.264,0,0,18,304,0,37,0
15-05 00:51:00,21.665,2.739,73.961,0.747,0,5354108,196732,165328,2288168,8434.000,1816.891,47.813,251.018,1.992,12.949,2261,1828,1.960,2.190,1.440,0,0,32.871,0,0,18,305,0,37,0
15-05 00:51:01,21.580,3.011,74.527,1.255,0,5339388,205272,165772,2293808,10026.292,1503.593,64.239,1140.241,3.011,36.134,2244,2080,1.960,2.190,1.440,1,0,2.007,0,0,18,304,0,37,0
15-05 00:51:02,18.676,1.992,76.945,0.498,0,5352196,189216,165964,2296788,12896.863,3413.465,3.984,434.278,0.996,11.953,1997,1669,1.960,2.190,1.440,1,0,17.929,0,0,18,305,0,37,0
15-05 00:51:03,20.751,5.500,70.754,1.500,0,5357340,180836,166352,2299528,9304.570,1087.067,24.001,1052.064,1.000,54.003,10269,18713,1.960,2.190,1.440,1,0,13.001,0,0,18,305,0,37,0
15-05 00:51:04,18.830,4.770,74.565,0.502,0,5348628,189192,166408,2299828,12596.198,3079.004,0,389.646,0,6.025,10180,19137,1.880,2.170,1.440,1,0,13.055,0,0,18,305,0,37,0
15-05 00:51:05,20.964,4.492,70.379,2.745,0,5298056,249564,166528,2289940,4042.041,700.793,0,1677.112,0,92.840,2939,3257,1.880,2.170,1.440,1,0,12.978,0,0,18,306,0,37,0
15-05 00:51:06,14.463,13.465,67.575,3.242,0,5322392,225204,166528,2289964,6994.932,484.748,0,2589.312,0,132.657,4647,4286,1.880,2.170,1.440,1,0,263.320,0,0,18,306,0,37,0
15-05 00:51:07,20.237,1.749,76.950,0.750,0,5355020,192392,166528,2290148,12398.009,6195.007,0,347.776,0,15.990,1869,1524,1.880,2.170,1.440,1,0,0,0,0,18,307,0,37,0
15-05 00:51:08,16.767,8.008,70.320,3.754,0,5319248,227948,166528,2290364,11426.322,5044.999,36.036,3051.023,3.003,419.416,3683,2802,1.880,2.170,1.440,1,0,116.115,0,0,18,306,0,40,0
15-05 00:51:09,19.562,2.006,76.743,0.502,0,5379432,167760,166528,2290368,10545.371,2825.943,0,184.584,0,12.038,1925,1553,1.810,2.150,1.440,1,0,0,0,0,18,307,0,40,0
15-05 00:51:10,19.932,5.980,73.250,0,0,5400576,146608,166528,2290376,13666.277,6702.086,0,55.809,0,2.990,2789,2376,1.810,2.150,1.440,1,0,69.761,0,0,18,306,0,41,0
15-05 00:51:11,18.752,2.750,77.010,0.500,0,5412016,165368,166528,2261032,13223.638,6199.768,80.010,252.031,5.001,21.003,2145,2014,1.810,2.150,1.440,1,0,0,0,0,18,307,0,41,0
15-05 00:51:12,19.506,5.752,73.524,0.250,0,5393544,183796,166528,2261076,14282.728,7801.582,32.011,228.075,2.001,13.004,2770,2496,1.810,2.150,1.440,1,0,58.019,0,0,18,306,0,42,0
15-05 00:51:13,18.994,2.999,77.475,0,0,5418160,159168,166528,2261088,9401.019,6498.939,0,47.985,0,3.999,1895,1664,1.810,2.150,1.440,0,0,0,0,0,18,307,0,42,0
15-05 00:51:14,21.213,4.742,72.623,0.250,0,5437504,139804,166528,2261108,13150.957,4725.720,0,99.825,0,9.983,2819,2526,1.740,2.130,1.430,1,0,32.942,0,0,18,308,0,46,0
15-05 00:51:15,17.727,2.746,77.901,0.250,0,5446032,131248,166528,2261136,13835.342,8722.867,0,371.526,0,34.955,2541,2830,1.740,2.130,1.430,1,0,2.996,0,0,18,310,0,46,0
15-05 00:51:16,18.872,5.033,73.980,1.258,0,5403608,173612,166528,2261196,10811.094,3221.889,48.313,418.715,3.020,36.235,3235,3419,1.740,2.130,1.430,1,0,50.326,0,0,18,308,0,47,0
15-05 00:51:17,20.674,2.242,74.974,0.498,0,5427076,150112,166532,2261224,11423.992,6176.288,0,398.535,0,21.919,2336,2261,1.740,2.130,1.430,1,0,0.996,0,0,18,309,0,47,0
15-05 00:51:18,20.081,5.271,71.788,2.259,0,5381700,195348,166532,2261364,12229.097,5014.131,0,1064.273,0,96.387,2716,2196,1.740,2.130,1.430,1,0,32.129,0,0,18,308,0,50,0
15-05 00:51:19,17.422,2.240,79.645,0,0,5401352,175708,166532,2261368,13664.106,8248.242,0,131.414,0,13.938,2034,1869,1.680,2.110,1.430,0,0,0,0,0,18,309,0,50,0
15-05 00:51:20,11.224,7.482,78.316,1.496,0,5378464,198352,166668,2261476,8836.288,4644.114,135.682,893.905,3.991,80.811,4276,4792,1.680,2.110,1.430,2,0,179.579,0,0,18,310,0,51,0
15-05 00:51:21,3.257,1.253,90.193,4.009,0,5369640,206156,167072,2262092,9919.268,2848.107,1022.192,336.722,249.535,23.049,1781,2585,1.680,2.110,1.430,0,0,1.002,0,0,18,312,0,51,0
15-05 00:51:22,5.502,8.003,85.279,0.500,0,5354668,221076,167072,2262144,23953.244,4080.404,0,388.134,0,24.008,2994,2614,1.680,2.110,1.430,0,0,131.045,0,0,18,312,0,46,0
15-05 00:51:23,7.252,10.753,77.522,2.251,0,5335236,240064,167072,2262572,6687.890,960.271,260.074,640.181,29.008,15.004,3872,3341,1.680,2.110,1.430,1,1,208.059,0,0,18,310,0,47,0
15-05 00:51:24,16.475,3.245,71.393,7.738,0,5327760,236688,167072,2273424,9346.989,485.273,3311.037,383.425,290.564,13.979,2401,2463,1.630,2.090,1.430,3,0,5.991,0,0,18,310,0,47,0
15-05 00:51:25,19.291,2.004,72.905,4.760,0,5340880,219804,167236,2276944,14223.271,2981.345,92.196,1599.404,8.017,35.075,2587,2690,1.630,2.090,1.430,1,0,16.034,0,0,18,310,1,47,0
15-05 00:51:26,15.736,3.247,76.182,3.996,0,5331744,224860,167272,2280940,14336.119,2557.702,0,1902.291,0,71.935,2529,2459,1.630,2.090,1.430,1,0,18.983,0,0,18,310,0,41,0
15-05 00:51:27,11.760,13.511,70.307,3.253,0,5331116,223316,167304,2283048,7652.239,528.431,996.813,1985.619,21.017,60.049,5035,4700,1.630,2.090,1.430,1,0,286.233,0,0,18,310,0,41,0
15-05 00:51:28,23.490,4.748,70.969,0,0,5371716,182700,167304,2283064,10011.604,6196.279,0,167.926,0,5.997,3121,15119,1.630,2.090,1.430,1,0,35.984,0,0,18,311,0,42,0
15-05 00:51:29,21.477,4.995,69.175,3.996,0,5328384,226016,167304,2283080,20810.403,17292.223,0,2165.648,0,350.619,2744,2083,1.740,2.110,1.440,1,0,46.949,0,0,18,310,0,44,0
15-05 00:51:30,19.766,2.252,75.561,1.251,0,5368888,185504,167304,2283088,14429.645,6204.007,0,312.252,0,37.030,2206,1902,1.740,2.110,1.440,1,0,0,0,0,18,311,0,35,0
15-05 00:51:31,18.323,4.267,73.041,3.765,0,5357456,196660,167304,2283368,9077.213,3587.311,273.089,405.618,16.064,31.124,2566,2550,1.740,2.110,1.440,1,0,15.060,0,0,18,312,0,37,0
15-05 00:51:32,19.424,1.743,77.198,0,0,5399272,154840,167304,2283372,14271.087,6174.808,0,79.688,0,5.977,1892,1566,1.740,2.110,1.440,2,0,0,0,0,18,313,0,37,0
15-05 00:51:33,15.742,3.748,66.466,12.244,0,5393804,158312,167304,2285368,7198.344,2363.799,1919.025,3062.445,75.961,247.874,5370,8229,1.740,2.110,1.440,2,0,1.999,0,0,18,315,0,37,0
15-05 00:51:34,23.327,3.261,72.488,0.502,0,5424016,128092,167304,2285376,8918.311,686.255,0,305.002,0,21.069,2299,2025,1.680,2.090,1.430,2,0,5.016,0,0,18,314,0,35,0
15-05 00:51:35,15.758,2.251,78.041,2.501,0,5423444,128640,167304,2285400,15608.261,10090.341,0,668.354,0,73.039,2906,3724,1.680,2.090,1.430,2,0,0,0,0,18,315,0,35,0
15-05 00:51:36,17.757,11.254,65.026,3.751,0,5378832,172988,167308,2285660,5930.360,1778.708,80.032,1140.454,3.001,128.051,6410,8081,1.680,2.090,1.430,1,0,231.092,0,0,18,314,0,36,0
15-05 00:51:37,8.244,22.734,66.954,0.749,0,5371632,180152,167308,2285696,7143.045,485.663,0,531.631,0,42.970,7372,6980,1.680,2.090,1.430,2,0,742.485,0,0,18,316,0,36,0
15-05 00:51:38,8.753,23.008,62.020,5.002,0,5372208,179528,167312,2285740,5770.892,486.159,0,2356.773,0,129.042,7418,7416,1.680,2.090,1.430,1,0,728.239,0,0,18,316,0,36,0
15-05 00:51:39,8.751,22.002,67.255,0.500,0,5357608,194096,167312,2285772,4081.321,486.038,0,2096.165,0,48.004,7111,6695,1.870,2.120,1.450,2,0,685.054,0,0,18,316,0,33,0
15-05 00:51:40,7.999,22.999,67.746,0.250,0,5344688,206976,167312,2285812,8304.468,579.963,0,223.986,0,21.999,7152,6585,1.870,2.120,1.450,2,0,670.957,0,0,18,316,0,33,0
15-05 00:51:41,8.005,21.263,68.542,0.250,0,5345552,206076,167312,2285848,9695.900,486.296,16.010,44.027,1.001,11.007,7075,6442,1.870,2.120,1.450,1,0,669.407,0,0,18,316,0,33,0
15-05 00:51:42,15.686,8.963,72.704,1.743,0,5360412,290532,167704,2196448,8069.101,430.246,79.675,19.919,19.919,2.988,3085,2671,1.870,2.120,1.450,1,0,114.533,0,0,18,316,0,33,0
15-05 00:51:43,22.254,2.501,71.014,3.251,0,5362528,283984,167804,2200780,6981.400,486.097,16.003,2376.477,3.001,6.001,2146,1836,1.870,2.120,1.450,3,0,16.003,0,0,18,316,0,28,0
15-05 00:51:44,11.999,1.500,81.996,4.500,0,5378504,267100,167804,2201688,20425.902,8211.559,587.968,1067.943,29.998,21.999,1565,1512,1.720,2.080,1.440,0,0,0,0,0,18,317,0,28,0
15-05 00:51:45,9.996,1.499,79.466,7.247,0,5376592,268192,167852,2202460,27770.218,12273.793,419.822,1963.167,41.982,80.966,2018,2329,1.720,2.080,1.440,1,1,0,0,0,18,317,0,28,0
15-05 00:51:46,15.006,1.251,76.783,6.003,0,5394584,248960,167940,2203612,18464.900,9227.948,924.396,1432.613,45.019,76.033,2105,2270,1.720,2.080,1.440,0,0,1.000,0,0,18,317,0,28,0
15-05 00:51:47,13.258,1.001,80.298,4.253,0,5396772,245296,168012,2205008,26489.717,11650.913,1236.734,1668.990,53.031,57.034,1787,1809,1.720,2.080,1.440,1,0,0,0,0,18,317,0,28,0
15-05 00:51:48,11.491,1.749,78.940,7.744,0,5400408,225388,168012,2221276,24982.857,9637.615,7402.328,1318.989,73.943,49.962,1839,1894,1.720,2.080,1.440,0,1,0.999,0,0,18,319,0,28,0
15-05 00:51:49,14.251,1.750,62.005,20.502,0,5401736,208564,168012,2236768,8304.707,570.049,4432.377,6684.569,68.006,423.036,2491,2446,1.660,2.070,1.440,0,3,1.000,0,0,18,319,0,28,0
15-05 00:51:50,20.258,3.001,63.525,12.505,0,5412708,186000,168012,2248436,7966.124,486.191,0,6282.464,0,428.168,2860,2950,1.660,2.070,1.440,2,0,0,0,0,18,319,0,28,0
15-05 00:51:51,23.245,2.000,72.486,2.000,0,5406700,176688,168012,2263532,5465.924,555.891,0,1251.754,0,41.992,2195,1978,1.660,2.070,1.440,1,0,0,0,0,18,319,0,27,0
15-05 00:51:52,18.747,2.500,72.737,4.999,0,5417880,144164,168012,2284628,3040.475,485.916,0,2863.505,0,125.978,2248,2330,1.660,2.070,1.440,2,0,0,0,0,18,319,0,27,0
15-05 00:51:53,20.502,2.750,72.008,3.000,0,5408176,128076,168012,2310124,7011.734,432.045,0,2396.251,0,83.009,2349,2180,1.660,2.070,1.440,1,0,0,0,0,18,319,0,27,0
15-05 00:51:54,20.075,2.760,71.768,4.517,0,5345276,222456,168024,2278936,7073.379,662.471,0,1718.408,0,55.206,2323,2098,1.610,2.050,1.440,2,0,1.004,0,0,18,318,0,27,0
15-05 00:51:55,19.662,4.480,69.440,5.724,0,5382392,185316,168024,2278952,12158.676,1815.887,0,12364.755,0,155.306,3094,2970,1.610,2.050,1.440,0,0,33.849,0,0,18,319,0,27,0
15-05 00:51:56,20.267,2.502,70.059,6.005,0,5372824,189048,168132,2284636,10490.851,1499.265,32.027,1593.344,1.001,27.023,2353,2188,1.610,2.050,1.440,1,0,4.003,0,0,18,318,0,27,0
15-05 00:51:57,17.745,2.499,77.727,1.000,0,5364696,191696,168356,2289764,17265.991,3665.936,0,1219.646,0,25.992,2183,1832,1.610,2.050,1.440,1,0,17.995,0,0,18,318,0,27,0
15-05 00:51:58,21.999,5.250,68.748,2.000,0,5367820,188012,168400,2290260,8102.736,485.984,0,1759.943,0,16.999,10619,19380,1.610,2.050,1.440,1,0,15.999,0,0,18,318,0,27,0
15-05 00:51:59,21.253,6.501,70.260,0.500,0,5354740,212076,168436,2279240,4015.544,486.066,0,508.069,0,11.001,9756,17869,1.720,2.060,1.440,1,0,16.002,0,0,18,318,0,25,0
15-05 00:52:00,23.255,3.751,71.264,0.500,0,5371224,195852,168436,2279108,3540.713,486.098,0,688.139,0,14.003,5305,7622,1.720,2.060,1.440,2,0,55.011,0,0,18,318,0,25,0
15-05 00:52:01,22.499,5.250,70.747,0.750,0,5381764,185288,168440,2279128,7873.629,978.954,4.000,3519.834,1.000,13.999,8752,14740,1.720,2.060,1.440,1,0,35.998,0,0,18,319,0,25,0
15-05 00:52:02,18.826,2.259,76.059,1.506,0,5387296,174008,168448,2284856,9277.672,2352.552,0,1020.142,0,10.041,1935,1769,1.720,2.060,1.440,1,0,2.008,0,0,18,318,0,25,0
15-05 00:52:03,17.187,3.238,77.466,1.245,0,5407580,148588,168448,2289896,14789.721,3587.832,0,1263.363,0,17.934,2057,1773,1.720,2.060,1.440,3,0,17.934,0,0,18,318,0,25,0
15-05 00:52:04,23.753,6.001,68.260,0,0,5398340,157316,168448,2290392,5967.844,432.061,0,444.063,0,5.001,14477,27411,1.660,2.050,1.440,1,0,18.003,0,0,18,318,0,25,0
15-05 00:52:05,28.077,8.774,59.413,2.507,0,5356724,210244,168492,2279136,7507.607,487.338,256.705,1175.226,2.006,73.201,7800,12444,1.660,2.050,1.440,2,0,20.055,0,0,18,318,0,25,0
15-05 00:52:06,41.176,8.235,47.914,1.497,0,5392692,174208,168492,2279204,7598.346,485.128,798.565,1748.857,6.987,214.614,3901,2659,1.660,2.050,1.440,3,0,29.946,0,0,18,318,0,25,0
15-05 00:52:07,23.719,5.243,68.660,1.498,0,5375624,183444,168492,2287032,3872.911,485.362,0,1138.504,0,22.970,3295,3093,1.660,2.050,1.440,1,0,96.873,0,0,18,318,0,25,0
15-05 00:52:08,19.995,2.249,75.733,1.250,0,5391008,164860,168496,2290128,9963.718,2786.362,0,1039.762,0,37.991,2168,1898,1.660,2.050,1.440,1,0,15.996,0,0,18,318,0,25,0
15-05 00:52:09,13.996,1.250,82.479,1.500,0,5402844,152616,168532,2290496,28019.962,10982.241,3.999,1187.702,1.000,34.991,1778,1693,1.530,2.010,1.430,0,0,0,0,0,18,319,0,25,0
15-05 00:52:10,8.498,1.000,87.477,1.750,0,5396880,158140,168584,2290860,48438.345,10667.213,0,1371.642,0,41.989,1539,1734,1.530,2.010,1.430,1,0,0,0,0,18,320,0,25,0
15-05 00:52:11,5.000,1.500,92.501,0.750,0,5392052,162784,168584,2291040,128137.898,9386.066,0,852.006,0,36.000,1456,1664,1.530,2.010,1.430,0,0,0,0,0,18,320,0,21,0
15-05 00:52:12,16.261,1.001,79.806,1.001,0,5405344,149184,168624,2291280,29162.609,11506.131,0,1457.030,0,48.034,1906,1823,1.530,2.010,1.430,1,0,2.001,0,0,18,320,0,21,0
15-05 00:52:13,13.742,1.249,83.449,0.999,0,5409676,144492,168676,2291584,43346.287,10685.415,0,1067.342,0,32.980,1728,1606,1.530,2.010,1.430,0,0,0,0,0,18,320,0,21,0
15-05 00:52:14,7.763,1.502,83.635,5.008,0,5406448,147148,168820,2292000,328794.936,19222.098,0,2299.721,0,98.159,2327,2489,1.640,2.030,1.440,1,0,0,0,0,18,320,0,21,0
15-05 00:52:15,6.243,1.498,85.905,5.494,0,5403444,149728,168992,2292224,78699.993,12573.100,27.969,2085.694,3.996,106.882,2052,2658,1.640,2.030,1.440,0,0,0,0,0,18,320,0,16,0
15-05 00:52:16,11.997,1.999,74.230,9.997,0,5399900,152696,169128,2292652,30964.787,10997.083,135.964,13884.317,6.998,356.905,2533,2934,1.640,2.030,1.440,0,1,2.999,0,0,18,320,0,16,0
15-05 00:52:17,6.250,2.500,84.753,4.000,0.250,5403020,137516,169164,2304628,1917664.499,41465.287,0,2116.066,0,59.002,3663,3209,1.640,2.030,1.440,0,0,5.000,0,0,18,320,0,16,0
15-05 00:52:18,7.496,2.998,82.952,4.497,0,5400280,130648,169220,2314140,5076380.447,57888.752,0,5228.997,0,46.973,4835,3995,1.640,2.030,1.440,0,0,3.998,0,0,18,320,0,19,0
15-05 00:52:19,5.253,2.752,88.808,0,0,5379972,144140,169224,2321304,9304792.950,88059.635,0,156.102,0,9.006,5458,3620,1.510,1.990,1.440,0,0,0,0,0,18,320,0,13,0
15-05 00:52:20,8.266,2.755,77.649,9.268,0,5382336,128960,169376,2333908,2336123.294,25726.206,164.314,13734.269,4.008,112.215,3024,3265,1.510,1.990,1.440,2,0,1.002,0,0,18,320,0,13,0
15-05 00:52:21,16.212,2.494,72.083,8.231,0,5379356,122832,171360,2340816,7777.986,484.877,0,3507.876,0,91.787,2202,2150,1.510,1.990,1.440,2,0,0.998,0,0,18,320,0,13,0
15-05 00:52:22,11.497,4.249,60.232,22.993,0,5373132,137192,172696,2332176,5489.405,485.859,11.997,23481.178,2.999,325.905,2388,2252,1.510,1.990,1.440,1,0,6.998,0,0,18,320,0,13,0
15-05 00:52:23,12.758,2.251,53.282,30.768,0,5392044,130240,172900,2320720,3284.964,486.291,8.005,22365.369,2.001,429.257,2095,2167,1.510,1.990,1.440,2,2,0,0,0,18,320,0,13,0
15-05 00:52:24,4.502,2.751,55.021,36.514,0,5388652,129956,172988,2324284,8361.133,486.182,12.004,21360.004,3.001,177.066,1862,2140,1.630,2.010,1.440,0,1,0,0,0,18,320,0,10,0
15-05 00:52:25,13.490,2.498,54.209,28.728,0,5387572,122504,173240,2332576,6341.180,485.631,3.997,26375.951,0.999,173.868,2343,2556,1.630,2.010,1.440,1,1,0,0,0,18,320,0,10,0
15-05 00:52:26,20.000,3.500,65.250,9.750,0,5390980,141984,173712,2309028,18179.107,486.003,36.000,9616.056,2.000,147.001,2832,2910,1.630,2.010,1.440,1,0,1.000,0,0,18,320,0,10,0
15-05 00:52:27,20.499,3.500,68.996,6.000,0,5394704,136208,174528,2309488,7872.521,485.970,0,2607.841,0,207.987,2355,1990,1.630,2.010,1.440,0,1,0,0,0,18,320,0,10,0
15-05 00:52:28,23.518,5.004,63.047,8.256,0,5387384,162612,174880,2290164,8052.065,486.366,0,2237.685,0,95.072,3338,17576,1.630,2.010,1.440,1,0,36.027,0,0,18,320,0,11,0
15-05 00:52:29,23.003,2.000,73.010,1.000,0,5384552,140676,175972,2312908,7320.978,486.065,0,500.067,0,19.003,2113,1740,1.660,2.010,1.450,1,0,0,0,0,18,320,0,11,0
15-05 00:52:30,18.997,2.750,70.489,6.749,0,5387216,151312,176640,2298416,7613.783,485.922,0,2751.560,0,55.991,2250,2052,1.660,2.010,1.450,1,1,0,0,0,18,320,0,11,0
15-05 00:52:31,19.249,2.250,72.248,5.000,0,5381756,140292,177564,2313284,5246.836,485.985,0,2687.916,0,83.997,2229,2177,1.660,2.010,1.450,0,1,0,0,0,18,320,0,11,0
15-05 00:52:32,21.501,5.000,72.505,0.500,0,5390240,167088,177592,2278020,7744.489,1261.080,0,200.013,0,30.002,2448,1944,1.660,2.010,1.450,1,0,35.002,0,0,18,319,0,6,0
15-05 00:52:33,19.476,1.998,76.158,0.999,0,5369656,181820,177676,2283604,13046.212,2406.088,0,1614.047,0,8.989,2039,1685,1.660,2.010,1.450,1,0,1.998,0,0,18,318,0,6,0
15-05 00:52:34,16.518,2.503,78.083,2.252,0,5363852,180672,178084,2289300,15278.251,3496.719,0,512.545,0,8.009,1850,1525,1.610,1.990,1.450,0,1,18.019,0,0,18,319,0,6,0
15-05 00:52:35,23.503,7.251,64.508,3.500,0,5357320,187016,178196,2289144,7270.866,660.079,0,3644.434,0,164.020,11468,20935,1.610,1.990,1.450,1,0,13.002,0,0,18,318,0,6,0
15-05 00:52:36,22.257,5.002,63.771,7.252,0,5360992,182984,178252,2289436,7397.455,486.161,32.011,2920.970,1.000,58.019,10834,19877,1.610,1.990,1.450,1,0,14.005,0,0,18,318,0,5,0
15-05 00:52:37,20.745,5.249,71.482,1.500,0,5322340,233772,178288,2278160,8066.949,527.866,0,1163.704,0,138.965,2255,1614,1.610,1.990,1.450,1,0,7.998,0,0,18,318,0,5,0
15-05 00:52:38,18.504,3.251,68.515,8.502,0,5332728,220920,178288,2280620,3439.755,528.116,1256.276,1836.403,147.032,23.005,2480,2525,1.610,1.990,1.450,2,0,6.001,0,0,18,318,0,5,0
15-05 00:52:39,20.495,4.499,68.982,4.499,0,5346096,204820,178292,2283344,3693.045,485.874,1367.646,1827.527,183.952,70.982,4598,6047,1.560,1.980,1.440,1,0,0,0,0,18,319,0,10,0
15-05 00:52:40,18.491,3.998,62.970,12.744,0,5346024,204064,178292,2284168,8853.755,579.722,687.670,2035.024,40.980,255.877,6522,9852,1.560,1.980,1.440,1,0,1.000,0,0,18,321,0,11,0
15-05 00:52:41,11.289,17.561,69.239,1.003,0,5313496,236220,178292,2284540,7691.545,487.683,144.499,1573.430,2.007,86.298,6173,5646,1.560,1.980,1.440,1,0,403.392,0,0,18,320,0,11,0
15-05 00:52:42,9.718,6.229,67.777,14.951,0,5295088,252064,178296,2287100,7919.895,484.403,2459.892,11821.037,242.202,98.675,2831,2857,1.560,1.980,1.440,0,1,46.846,0,0,18,320,0,13,0
15-05 00:52:43,5.516,3.009,65.444,24.823,0,5288472,219228,178300,2326544,7987.641,487.443,39645.338,4112.171,3158.348,169.502,5150,8527,1.560,1.980,1.440,1,0,0,0,0,18,320,0,13,0
15-05 00:52:44,5.732,1.745,89.722,1.495,0,5287944,218220,178308,2328076,9534.494,1496.369,1535.249,709.803,107.667,11.963,1514,1847,1.430,1.940,1.430,0,0,5.981,0,0,18,321,0,13,0
15-05 00:52:45,2.750,0.500,94.734,0.500,0,5286928,219236,178308,2328076,52454.393,3952.351,0,375.938,0,35.994,1517,2055,1.430,1.940,1.430,1,0,0,0,0,18,321,0,13,0
15-05 00:52:46,6.768,9.275,78.965,4.011,0,5267832,237780,178356,2328576,109134.496,2375.475,336.918,850.318,16.044,16.044,3371,2880,1.430,1.940,1.430,1,0,165.451,0,0,18,320,0,14,0
15-05 00:52:47,8.505,20.012,70.042,0,0,5286600,218972,178356,2328616,3923.327,486.288,0,0,0,0,6818,6280,1.430,1.940,1.430,1,0,588.349,0,0,18,320,0,14,0
15-05 00:52:48,8.499,19.499,67.995,3.000,0,5287180,218352,178356,2328656,7797.402,485.963,0,2127.837,0,338.974,7269,6507,1.430,1.940,1.430,1,0,619.952,0,0,18,320,0,14,0
15-05 00:52:49,8.477,19.697,68.814,0.997,0,5285268,220196,178360,2328720,9428.511,484.690,27.925,0,2.992,0,7102,6622,1.400,1.930,1.430,2,0,675.175,0,0,18,320,0,14,0
15-05 00:52:50,7.754,9.005,69.289,12.757,0,5289524,157776,178512,2386732,7586.254,540.303,58184.624,584.328,485.272,61.034,4217,4589,1.400,1.930,1.430,1,0,172.096,0,0,18,320,0,14,0
15-05 00:52:51,16.527,3.506,77.627,2.254,0,5286632,178396,178784,2368952,3562792.739,36914.319,336.550,3698.043,13.021,39.064,4018,3127,1.400,1.930,1.430,1,0,27.044,0,0,18,321,0,14,0
15-05 00:52:52,11.246,5.248,74.725,7.497,0,5319552,154644,178860,2360120,910097.275,5775.073,4394.533,8901.029,110.963,51.983,3218,3202,1.400,1.930,1.430,0,1,33.989,0,0,18,320,0,15,0
15-05 00:52:53,2.744,4.489,81.558,8.979,0,5314804,154492,178896,2364980,5624.742,484.857,1233.094,19697.572,12.969,259.389,2635,3313,1.400,1.930,1.430,4,0,18.955,0,0,18,320,0,15,0
15-05 00:52:54,3.008,4.261,75.698,15.791,0,5305336,161884,178984,2366960,7053.447,487.274,84.220,15055.374,3.008,502.314,2963,3998,1.450,1.930,1.440,2,0,15.039,0,0,18,320,0,15,0
15-05 00:52:55,3.498,6.996,68.465,18.741,0,5305752,159892,179108,2368400,5083.431,485.754,267.865,4081.937,10.994,420.787,3714,4596,1.450,1.930,1.440,1,0,47.976,0,0,18,320,0,15,0
15-05 00:52:56,3.989,6.234,69.567,18.950,0,5300212,161980,179184,2371736,5444.660,484.723,219.422,6251.534,7.979,690.182,3793,5033,1.450,1.930,1.440,0,1,36.903,0,0,18,320,0,15,0
15-05 00:52:57,4.004,6.007,71.580,16.018,0,5293028,165472,179244,2374992,5261.851,486.541,288.321,5950.617,9.010,596.663,3855,5071,1.450,1.930,1.440,2,0,41.046,0,0,18,320,0,15,0
15-05 00:52:58,19.227,5.244,68.917,5.743,0,5310888,146596,179264,2375988,9752.243,485.415,15.981,974.825,0.999,54.934,3032,2514,1.450,1.930,1.440,1,0,25.969,0,0,18,320,0,15,0
15-05 00:52:59,18.022,6.258,68.332,6.758,0,5308592,148060,179280,2376676,6789.159,486.585,4.005,3323.995,1.001,93.112,3265,2723,1.490,1.930,1.440,0,1,30.036,0,0,18,320,0,15,0
15-05 00:53:00,10.005,4.252,60.029,25.262,0,5308180,148124,179296,2376976,8327.082,486.238,8.004,18853.243,2.001,426.209,2637,2242,1.490,1.930,1.440,0,1,12.006,0,0,18,320,0,15,0
15-05 00:53:01,4.742,2.745,63.894,26.207,0,5299768,156384,179300,2377092,6064.941,485.195,3.993,24116.004,0.998,204.661,2116,2787,1.490,1.930,1.440,0,2,5.990,0,0,18,320,0,15,0
15-05 00:53:02,5.268,2.508,62.461,29.349,0,5309020,147120,179304,2377100,4237.340,487.650,0,12482.243,0,163.554,1814,2080,1.490,1.930,1.440,1,1,6.020,0,0,18,320,0,15,0
15-05 00:53:03,1.994,1.495,67.787,27.414,0,5292608,163384,179304,2377216,8104.519,484.477,0,16412.399,0,232.270,1522,1970,1.490,1.930,1.440,0,1,0,0,0,18,320,0,15,0
15-05 00:53:04,8.532,4.266,58.216,27.602,0,5303788,151824,179316,2377536,9046.571,487.810,0,17541.093,0,331.229,2323,2167,1.690,1.970,1.450,2,0,12.045,0,0,18,320,0,15,0
15-05 00:53:05,10.208,4.232,47.304,36.847,0,5330028,125304,179324,2377776,4873.779,483.992,258.926,18029.199,2.988,267.889,2468,2862,1.690,1.970,1.450,3,1,6.971,0,0,18,320,0,15,0
15-05 00:53:06,29.240,7.498,43.985,17.994,0,5317476,135596,179400,2379700,10265.589,485.839,519.827,25455.541,5.998,374.875,4153,3396,1.690,1.970,1.450,2,0,16.994,0,0,18,320,0,15,0
15-05 00:53:07,11.258,5.004,56.791,26.019,0,5324968,156736,179440,2351268,8200.955,486.353,256.186,25038.180,2.001,210.153,2573,2778,1.690,1.970,1.450,1,4,7.005,0,0,18,320,0,15,0
15-05 00:53:08,18.026,4.006,66.598,10.265,0,5329636,149196,179480,2353764,10590.509,486.713,136.199,7366.788,30.044,162.238,3390,4046,1.690,1.970,1.450,1,0,10.015,0,0,18,320,0,15,0
15-05 00:53:09,10.530,3.259,71.953,12.786,0,5319700,158708,179624,2353788,7175.214,487.373,316.893,5314.973,36.102,125.353,3126,3967,1.640,1.950,1.450,2,0,9.025,0,0,18,320,0,15,0
15-05 00:53:10,15.204,10.468,70.287,3.240,0,5354360,160052,179652,2317880,2996.920,484.532,171.480,71.783,15.952,3.988,2867,2405,1.640,1.950,1.450,1,0,43.867,0,0,18,320,0,15,0
15-05 00:53:11,17.002,6.001,69.510,6.251,0,5353100,156732,179668,2320552,6754.987,486.071,200.029,3184.465,12.002,43.006,2680,2395,1.640,1.950,1.450,1,0,30.004,0,0,18,320,0,15,0
15-05 00:53:12,14.241,2.748,81.197,1.749,0,5316056,255360,179700,2259012,4250.247,485.685,59.961,3.997,9.994,0.999,2143,2001,1.640,1.950,1.450,0,0,19.987,0,0,18,320,0,15,0
15-05 00:53:13,1.250,0.750,96.747,0.250,0,5303500,267908,179704,2259016,7235.763,485.984,4.000,2779.909,1.000,34.999,1064,1444,1.640,1.950,1.450,0,0,0,0,0,18,320,0,15,0
15-05 00:53:14,1.000,0.750,97.496,0,0,5298688,272720,179704,2259016,7003.747,485.982,0,39.999,0,2.000,854,1235,1.510,1.920,1.440,0,0,0,0,0,18,320,0,15,0
15-05 00:53:15,1.750,0.750,91.001,5.250,0,5294860,276548,179704,2259016,11036.079,486.003,0,548.004,0,25.000,1295,1864,1.510,1.920,1.440,0,0,0,0,0,18,320,0,15,0
15-05 00:53:16,1.250,0.500,97.249,0,0,5291432,279972,179704,2259020,6829.924,485.995,0,103.999,0,13.000,1009,1400,1.510,1.920,1.440,0,0,1.000,0,0,18,320,0,15,0
15-05 00:53:17,1.500,1.000,97.251,0,0,5288184,283220,179704,2259020,5536.084,486.007,0,36.001,0,4.000,883,1287,1.510,1.920,1.440,0,0,0,0,0,18,320,0,15,0
15-05 00:53:18,1.250,0.250,96.992,0.250,0,5285792,285608,179704,2259024,3119.737,485.959,0,363.969,0,9.999,936,1357,1.510,1.920,1.440,0,0,0,0,0,18,320,0,15,0
15-05 00:53:19,2.505,2.004,92.700,2.255,0,5287424,283952,179704,2259048,7692.584,487.050,0,473.020,0,106.229,1472,1828,1.390,1.880,1.440,0,1,3.006,0,0,18,320,0,15,0
15-05 00:53:20,3.743,0.998,92.073,2.495,0,5285416,285960,179704,2259048,5425.569,485.067,0,778.503,0,112.783,1700,2334,1.390,1.880,1.440,2,0,0.998,0,0,18,320,0,16,2
15-05 00:53:21,2.749,0.500,93.475,1.250,0,5283624,287716,179704,2259084,9370.462,485.868,15.996,319.913,1.000,32.991,1648,2537,1.390,1.880,1.440,0,0,1.999,0,0,18,320,0,14,0
15-05 00:53:22,1.500,1.500,96.269,0,0,5282584,288752,179704,2259088,8072.565,486.094,0,108.021,0,8.002,1048,1358,1.390,1.880,1.440,0,0,6.001,0,0,18,320,0,14,0
15-05 00:53:23,0.750,0.250,97.239,0.250,0,5274000,297336,179704,2259088,7868.137,527.942,0,463.949,0,33.996,928,1384,1.390,1.880,1.440,0,0,0,0,0,18,320,0,14,0
15-05 00:53:24,1.250,0.750,97.258,0,0,5272796,298540,179704,2259088,8039.628,486.038,0,48.004,0,5.000,837,1214,1.270,1.850,1.430,0,0,0,0,0,18,320,0,14,0
15-05 00:53:25,1.250,0.750,96.262,0.500,0,5272292,299040,179704,2259092,5041.647,486.062,0,584.075,0,83.011,1226,1818,1.270,1.850,1.430,0,0,0,0,0,18,320,0,14,0
15-05 00:53:26,1.000,0.750,97.219,0,0.250,5272292,299040,179704,2259092,5934.090,485.844,0,11.996,0,2.999,917,1300,1.270,1.850,1.430,1,0,1.000,0,0,18,320,0,14,0
15-05 00:53:27,1.250,0.500,97.256,0.250,0,5272292,299040,179704,2259092,9929.649,486.032,0,44.003,0,4.000,1025,1436,1.270,1.850,1.430,0,0,0,0,0,18,320,0,14,0
15-05 00:53:28,2.001,1.501,95.813,0,0,5280600,290728,179704,2259612,5284.493,486.321,0,636.421,0,5.003,1109,1636,1.270,1.850,1.430,5,0,21.014,0,0,18,320,0,14,0
15-05 00:53:29,4.747,1.749,92.199,0,0,5260260,311068,179704,2259096,7582.824,485.733,0,0,0,0,1655,6983,1.170,1.820,1.420,0,0,14.992,0,0,18,320,0,14,0
15-05 00:53:30,1.998,0.999,96.636,0.250,0,5260512,310816,179704,2259096,5584.428,485.429,0,171.798,0,14.982,1021,1429,1.170,1.820,1.420,1,0,0,0,0,18,320,0,14,0
15-05 00:53:31,1.001,0.501,97.104,0.250,0,5260732,310592,179704,2259100,8787.411,486.521,0,464.497,0,39.042,1172,1826,1.170,1.820,1.420,0,0,0,0,0,18,320,0,14,0
15-05 00:53:32,1.000,0.500,97.499,0,0,5250728,320592,179704,2259104,7416.896,485.993,0,4.000,0,1.000,901,1336,1.170,1.820,1.420,0,0,0,0,0,18,320,0,14,0
15-05 00:53:33,1.000,0.750,97.283,0,0,5250728,320592,179704,2259104,4186.408,486.163,0,1276.429,0,17.006,918,1353,1.170,1.820,1.420,1,0,0,0,0,18,320,0,14,0
15-05 00:53:34,1.250,0.250,97.743,0,0,5248244,323076,179704,2259104,7991.465,485.967,0,0,0,0,845,1213,1.080,1.790,1.410,1,0,0,0,0,18,320,0,14,0
15-05 00:53:35,2.250,0.750,92.997,2.250,0,5248212,323108,179704,2259104,7475.775,485.985,0,1227.963,0,188.994,1746,2750,1.080,1.790,1.410,0,0,0,0,0,18,320,0,14,0
15-05 00:53:36,0.750,0.999,97.436,0,0,5248712,322608,179704,2259104,5015.692,485.680,0,0,0,0,881,1306,1.080,1.790,1.410,0,0,0.999,0,0,18,320,0,14,0
15-05 00:53:37,0.750,0.500,98.292,0,0,5248708,322608,179704,2259108,7690.262,486.206,0,0,0,0,848,1260,1.080,1.790,1.410,0,0,0,0,0,18,320,0,14,0
15-05 00:53:38,0.750,0.500,93.985,3.499,0,5248708,322608,179704,2259108,7171.846,485.922,0,2939.527,0,149.976,1107,1406,1.080,1.790,1.410,0,2,0,0,0,18,320,0,14,0
15-05 00:53:39,1.750,0.750,87.509,9.251,0,5248768,322608,179704,2259112,10057.989,540.053,0,3620.356,0,41.004,1062,1428,1.310,1.830,1.430,0,0,0,0,0,18,320,0,14,0
15-05 00:53:40,1.506,0.251,97.867,0,0,5248768,322608,179704,2259112,5882.080,582.185,0,0,0,0,968,1355,1.310,1.830,1.430,0,0,0,0,0,18,320,0,14,0
15-05 00:53:41,0.498,0.748,96.179,0.997,0,5248760,322608,179704,2259120,4169.064,484.381,31.893,486.374,0.997,30.897,1063,1725,1.310,1.830,1.430,0,0,0,0,0,18,320,0,7,0
15-05 00:53:42,6.750,2.500,88.494,1.500,0,5268328,302452,179948,2259588,7130.515,485.967,675.954,0,101.993,0,1557,1788,1.310,1.830,1.430,2,0,5.000,0,0,18,320,0,7,0
15-05 00:53:43,10.267,2.754,81.132,4.507,0,5272944,296092,180112,2261168,17783.919,9492.436,1762.867,953.551,404.658,16.026,2988,3902,1.310,1.830,1.430,1,0,5.008,0,0,18,320,0,9,0
15-05 00:53:44,11.483,3.245,81.379,2.496,0,5295276,273284,180112,2261644,14332.647,10082.978,15.976,57817.861,0.999,62.906,2150,2198,1.290,1.810,1.420,1,0,0,0,0,18,323,0,10,0
15-05 00:53:45,14.245,3.749,75.471,4.998,0,5301360,267020,180112,2261824,19380.593,10601.948,15.994,1603.387,1.000,272.896,3209,3490,1.290,1.810,1.420,0,0,4.998,0,0,18,323,0,11,0
15-05 00:53:46,13.004,2.751,83.273,0.500,0,5299812,268552,180112,2261840,19131.384,9708.732,0,224.063,0,20.006,2377,2620,1.290,1.810,1.420,1,0,6.002,0,0,18,323,0,10,0
15-05 00:53:47,13.513,3.253,81.827,0.500,0,5286508,281688,180112,2262008,20672.445,10973.322,16.015,164.154,1.001,23.022,2629,2827,1.290,1.810,1.420,1,0,5.005,0,0,18,323,0,11,0
15-05 00:53:48,12.716,2.743,82.280,0.499,0,5292768,275428,180112,2262008,19818.014,11551.117,0,235.371,0,26.928,2544,2958,1.290,1.810,1.420,1,0,4.987,0,0,18,322,0,12,1
15-05 00:53:49,39.589,7.517,53.370,0,0,5050264,517904,180112,2262036,5382.086,619.391,0,4.009,0,1.002,2943,1693,1.420,1.830,1.430,1,0,19.043,0,0,18,306,0,17,0
15-05 00:53:50,76.285,14.256,7.253,1.000,0,4918304,650036,180112,2262064,8152.706,486.221,8.004,404.184,2.001,48.022,5719,4809,1.420,1.830,1.430,6,0,17.008,0,0,18,277,0,18,0
15-05 00:53:51,91.000,9.025,0,0,0,5057192,510912,180112,2262412,5633.488,487.340,0,429.180,0,3.008,4847,2296,1.420,1.830,1.430,5,0,4.011,0,0,18,277,0,18,0
15-05 00:53:52,86.059,11.008,1.001,2.252,0,5221816,343932,180124,2264724,9009.186,486.334,492.338,312.214,14.010,15.010,7196,12802,1.420,1.830,1.430,4,0,3.002,0,0,18,285,0,25,0
15-05 00:53:53,43.794,5.723,47.527,1.742,0,5286968,276964,180128,2266536,114052.112,54211.281,131.383,449.886,7.963,42.799,8180,12894,1.420,1.830,1.430,1,0,1.991,0,0,18,289,0,31,0
15-05 00:53:54,17.503,1.500,79.762,0,0,5288016,275732,180128,2266720,88144.249,39056.871,0,0,0,0,2550,2147,1.470,1.840,1.440,1,0,0,0,0,18,291,0,30,0
15-05 00:53:55,17.580,2.260,67.810,11.553,0,5304792,258904,180128,2266772,58918.099,23972.491,0,7349.568,0,718.281,4375,5252,1.470,1.840,1.440,2,0,0,0,0,18,299,0,30,0
15-05 00:53:56,5.724,0.995,90.835,0.498,0,5305028,258652,180128,2266788,25450.800,11624.924,0,378.273,0,42.805,1883,2437,1.470,1.840,1.440,0,0,0.995,0,0,18,297,0,30,0
15-05 00:53:57,1.252,0.250,97.374,0,0,5305028,258652,180128,2266788,3092.951,486.622,0,1361.739,0,4.005,891,1299,1.470,1.840,1.440,1,0,0,0,0,18,297,0,30,0
15-05 00:53:58,0.999,0.749,96.861,0.250,0,5305028,258652,180128,2266788,7283.552,485.304,0,631.095,0,23.966,980,1419,1.470,1.840,1.440,0,0,0,0,0,18,297,0,30,0
15-05 00:53:59,1.000,0.750,97.265,0,0,5305028,258652,180128,2266788,8055.246,486.075,0,32.005,0,4.001,943,1308,1.350,1.810,1.430,0,0,0,0,0,18,297,0,30,0
15-05 00:54:00,1.500,0.750,97.279,0.250,0,5305020,258652,180128,2266796,7044.087,486.144,0,108.032,0,12.004,978,1398,1.350,1.810,1.430,0,0,0,0,0,18,297,0,30,0
15-05 00:54:01,1.000,0.750,92.726,4.249,0,5305020,258652,180128,2266796,4928.704,485.872,0,6450.304,0,729.808,1392,1308,1.350,1.810,1.430,0,0,0,0,0,18,297,0,30,0
15-05 00:54:02,1.250,0.750,97.751,0,0,5305020,258652,180128,2266796,8300.076,486.004,0,4.000,0,1.000,902,1238,1.350,1.810,1.430,0,0,0,0,0,18,297,0,30,0
15-05 00:54:03,1.250,0.500,96.749,0.500,0,5305020,258652,180128,2266796,8247.933,485.996,0,395.997,0,29.000,1219,1839,1.350,1.810,1.430,0,0,0,0,0,18,297,0,30,0
15-05 00:54:04,1.000,0.500,97.507,0,0,5305020,258652,180128,2266796,4351.331,486.037,0,32.002,0,4.000,854,1284,1.240,1.780,1.420,1,0,0,0,0,18,297,0,30,0
15-05 00:54:05,2.246,1.498,92.102,2.746,0,5305016,258652,180128,2266800,3841.828,485.220,0,547.121,0,57.907,1736,2728,1.240,1.780,1.420,0,0,0,0,0,18,297,0,30,0
15-05 00:54:06,1.752,0.501,95.600,0.250,0,5305016,258652,180128,2266800,10192.645,486.508,0,272.284,0,34.036,1515,2183,1.240,1.780,1.420,0,0,1.001,0,0,18,297,0,30,0
15-05 00:54:07,2.001,0.500,96.276,0.250,0,5305264,258400,180128,2266804,6912.836,486.129,0,184.049,0,19.005,1098,1686,1.240,1.780,1.420,0,0,0,0,0,18,297,0,30,0
15-05 00:54:08,1.500,1.000,95.771,0.750,0,5305468,258152,180128,2266848,8238.811,486.107,0,480.106,0,32.007,1133,1504,1.240,1.780,1.420,0,0,0,0,0,18,297,0,30,0
15-05 00:54:09,1.500,0.250,97.740,0,0,5305464,258152,180128,2266852,5922.415,485.952,0,35.996,0,4.000,926,1305,1.140,1.750,1.410,0,0,0,0,0,18,297,0,30,0
15-05 00:54:10,0.999,0.749,97.377,0,0,5305716,257900,180128,2266852,9734.661,485.385,0,1162.526,0,119.848,1054,1301,1.140,1.750,1.410,0,0,0,0,0,18,297,0,30,0
15-05 00:54:11,0.501,0.501,97.614,0,0,5305716,257900,180128,2266852,5954.976,486.570,0,0,0,0,896,1265,1.140,1.750,1.410,0,0,0,0,0,18,297,0,30,0
15-05 00:54:12,1.250,0.750,97.237,0,0,5305964,257648,180128,2266856,4224.430,485.934,0,0,0,0,884,1280,1.140,1.750,1.410,0,0,2.000,0,0,18,297,0,30,0
15-05 00:54:13,1.750,0.250,96.020,1.000,0,5305972,257648,180128,2266864,9751.998,540.111,0,464.095,0,38.008,1314,1929,1.140,1.750,1.410,0,0,0,0,0,18,297,0,30,0
15-05 00:54:14,1.251,0.750,96.553,0.500,0,5305972,257648,180128,2266864,5893.220,432.236,0,188.103,0,20.011,1152,1733,1.050,1.720,1.400,0,0,0,0,0,18,297,0,30,0
15-05 00:54:15,1.499,0.750,95.189,0.750,0,5305968,257648,180128,2266868,6264.000,539.655,0,235.849,0,28.981,1293,1900,1.050,1.720,1.400,1,0,0,0,0,18,297,0,30,0
15-05 00:54:16,2.501,1.000,95.535,0.500,0,5305960,257648,180128,2266876,8278.075,486.181,0,288.107,0,38.014,1576,2296,1.050,1.720,1.400,0,0,1.000,0,0,18,297,0,30,0
15-05 00:54:17,1.000,1.000,96.217,1.000,0,5305960,257648,180128,2266876,4943.296,485.832,0,179.938,0,19.993,937,1372,1.050,1.720,1.400,4,0,0,0,0,18,297,0,30,0
15-05 00:54:18,1.250,0.500,95.780,1.500,0,5305956,257648,180128,2266880,7410.317,486.152,0,476.149,0,30.009,979,1399,1.050,1.720,1.400,1,0,0,0,0,18,297,0,30,0
15-05 00:54:19,1.000,0,97.487,0,0,5305956,257648,180128,2266880,6606.132,485.936,0,31.996,0,3.999,893,1277,0.970,1.690,1.400,1,0,0,0,0,18,297,0,30,0
15-05 00:54:20,1.749,1.749,94.954,0.250,0,5306948,256652,180128,2266884,4214.943,527.742,0,383.813,0,36.982,1610,2370,0.970,1.690,1.400,1,0,6.997,0,0,18,297,0,30,0
15-05 00:54:21,38.389,9.284,50.433,1.255,0,5054368,508868,180140,2267292,8867.182,726.637,441.603,0,31.113,0,4272,3765,0.970,1.690,1.400,1,0,77.280,0,0,18,293,0,32,0
15-05 00:54:22,24.676,3.988,67.298,2.742,0,5141068,422048,180140,2267432,8060.855,803.593,67.797,1750.756,4.985,344.967,2935,2338,0.970,1.690,1.400,1,0,9.970,0,0,18,293,0,32,0
15-05 00:54:23,23.502,4.250,69.005,1.500,0,5203016,359248,180144,2268300,3984.263,666.044,4.000,248.016,1.000,12.001,4148,5907,0.970,1.690,1.400,2,0,17.001,0,0,18,297,0,34,0
15-05 00:54:24,23.235,5.247,70.955,0.250,0,5287492,274768,180144,2268304,8204.778,485.691,0,155.901,0,14.990,2480,2044,0.970,1.680,1.390,1,0,4.997,0,0,18,297,0,34,0
15-05 00:54:25,10.997,1.000,85.727,0.250,0,5298228,263828,180148,2268504,9305.552,527.861,0,547.856,0,39.989,1838,2089,0.970,1.680,1.390,0,0,1.000,0,0,18,297,0,34,0
15-05 00:54:26,2.251,0.750,95.290,1.000,0,5295072,266976,180156,2268504,24691.367,668.281,0,296.124,0,44.018,1636,2275,0.970,1.680,1.390,0,0,2.001,0,0,18,297,0,34,0
15-05 00:54:27,1.000,0.750,97.510,0,0,5291960,270088,180156,2268504,8557.906,486.051,0,4.000,0,1.000,905,1252,0.970,1.680,1.390,0,0,0,0,0,18,297,0,34,0
15-05 00:54:28,0.750,0.500,97.285,0.250,0,5289680,272368,180156,2268504,2776.998,486.175,0,508.183,0,19.007,880,1340,0.970,1.680,1.390,0,0,0,0,0,18,297,0,34,0
15-05 00:54:29,5.247,2.998,90.446,0.500,0,5302832,259216,180156,2268504,7818.360,485.712,0,435.741,0,4.997,2025,9114,0.890,1.650,1.390,0,0,35.979,0,0,18,297,0,35,0
15-05 00:54:30,1.499,0.500,95.711,1.499,0,5301216,260832,180156,2268504,7395.958,485.800,0,91.962,0,11.995,1009,1392,0.890,1.650,1.390,0,0,0,0,0,18,297,0,35,0
15-05 00:54:31,1.250,0.750,97.269,0,0,5293864,268184,180156,2268504,7179.391,576.112,0,0,0,0,956,1321,0.890,1.650,1.390,0,0,0,0,0,18,297,0,34,0
15-05 00:54:32,1.501,0.500,97.042,0,0,5289740,272300,180156,2268512,10668.655,486.212,0,100.044,0,10.004,991,1335,0.890,1.650,1.390,0,0,0,0,0,18,297,0,34,0
15-05 00:54:33,1.000,0.500,97.465,0,0,5285660,276380,180156,2268512,8053.071,485.823,0,0,0,0,926,1273,0.890,1.650,1.390,1,0,0,0,0,18,297,0,34,0
15-05 00:54:34,0.750,0.750,97.735,0,0,5282116,279924,180156,2268512,4035.392,625.906,0,0,0,0,904,1295,0.820,1.620,1.380,0,0,0,0,0,18,297,0,34,0
15-05 00:54:35,2.251,1.001,92.050,3.002,0,5278960,283076,180156,2268516,7550.104,486.264,0,516.281,0,53.029,1751,2703,0.820,1.620,1.380,0,0,0,0,0,18,297,0,34,0
15-05 00:54:36,2.000,1.500,88.997,6.500,0,5276496,285540,180156,2268516,5987.809,485.984,0,2711.913,0,186.994,1896,2972,0.820,1.620,1.380,0,0,1.000,0,0,18,297,0,34,0
15-05 00:54:37,1.000,0.250,97.258,0,0,5274844,287192,180156,2268516,9714.830,486.042,0,32.003,0,4.000,875,1235,0.820,1.620,1.380,1,0,0,0,0,18,297,0,34,0
15-05 00:54:38,1.999,0.750,91.477,4.749,0,5273600,288432,180156,2268520,7518.070,485.875,0,4206.920,0,523.866,1589,1760,0.820,1.620,1.380,0,0,1.000,0,0,18,297,0,34,0
15-05 00:54:39,1.000,0.500,95.755,1.750,0,5272284,289748,180156,2268520,8721.471,486.026,0,176.009,0,11.001,979,1367,0.750,1.590,1.370,0,0,0,0,0,18,297,0,34,0
15-05 00:54:40,1.000,0.500,97.475,0,0,5271376,290656,180156,2268520,5916.483,579.851,0,31.992,0,3.999,969,1322,0.750,1.590,1.370,0,0,0,0,0,18,297,0,34,0
15-05 00:54:41,5.006,1.752,92.603,0.250,0,5270548,291472,180156,2268532,8789.759,576.640,0,164.182,0,19.021,1859,2566,0.750,1.590,1.370,1,0,0,0,0,18,297,0,34,0
15-05 00:54:42,2.247,0.499,95.622,0.250,0,5269624,292388,180156,2268540,8742.286,485.350,0,415.443,0,33.955,1401,2249,0.750,1.590,1.370,0,0,0,0,0,18,297,0,34,0
15-05 00:54:43,1.001,0.500,97.049,0.250,0,5268964,293044,180156,2268544,4454.251,486.246,0,192.097,0,41.021,926,1331,0.750,1.590,1.370,0,0,0,0,0,18,297,0,34,0
15-05 00:54:44,1.000,0.500,95.253,2.500,0.250,5268928,293080,180156,2268544,5800.186,540.017,0,764.024,0,153.005,1009,1348,0.690,1.570,1.360,0,0,2.000,0,0,18,297,0,34,0
15-05 00:54:45,1.500,0.750,94.996,1.250,0,5268920,293080,180156,2268552,7808.702,485.981,0,539.979,0,77.997,1258,1783,0.690,1.570,1.360,0,0,0,0,0,18,297,0,34,0
15-05 00:54:46,2.000,0.750,95.496,0.500,0,5269180,292828,180156,2268552,9376.573,485.978,0,199.991,0,31.999,1465,2167,0.690,1.570,1.360,0,0,1.000,0,0,18,297,0,34,0
15-05 00:54:47,1.000,0.250,97.743,0,0,5269180,292828,180156,2268552,8231.374,485.963,0,0,0,0,870,1212,0.690,1.570,1.360,0,0,0,0,0,18,297,0,28,0
15-05 00:54:48,1.000,1.000,97.513,0.500,0,5269148,292860,180156,2268552,5811.799,626.086,0,316.043,0,18.002,934,1316,0.690,1.570,1.360,0,0,0,0,0,18,297,0,28,0
15-05 00:54:49,1.000,0.500,97.247,0,0,5269148,292860,180156,2268552,7868.787,485.987,0,71.998,0,7.000,932,1277,0.640,1.540,1.360,0,0,0,0,0,18,297,0,28,0
15-05 00:54:50,1.750,0.500,96.235,0.250,0,5269148,292860,180156,2268552,7554.824,485.924,0,435.932,0,39.994,1379,2203,0.640,1.540,1.360,0,0,0,0,0,18,297,0,28,0
15-05 00:54:51,4.016,8.283,86.096,0.502,0,5272716,289276,180156,2268568,3535.209,578.324,4.016,72.291,1.004,7.028,3102,2963,0.640,1.540,1.360,3,0,178.718,0,0,18,297,0,20,0
15-05 00:54:52,19.435,7.226,72.010,0,0,5332956,229012,180160,2268588,3312.958,484.386,0,87.708,0,8.970,3131,2894,0.640,1.540,1.360,1,0,132.558,0,0,18,297,0,20,0
15-05 00:54:53,15.737,2.498,81.183,0.250,0,5346556,215272,180160,2268728,17781.314,9759.939,0,179.851,0,10.991,2419,2423,0.640,1.540,1.360,0,0,0,0,0,18,298,0,22,0
15-05 00:54:54,24.778,4.505,60.318,7.759,0,5374708,186820,180160,2269028,8549.568,2224.489,256.287,1057.183,16.018,116.130,5801,8219,0.670,1.530,1.350,2,0,4.004,0,0,18,297,0,23,0
15-05 00:54:55,38.101,7.269,51.637,2.757,0,5435432,125912,180160,2269212,13519.842,6809.051,144.383,637.691,7.019,51.136,3678,3261,0.670,1.530,1.350,4,0,27.072,0,0,18,299,0,11,0
15-05 00:54:56,23.414,4.234,70.740,0.249,0,5415408,150068,180048,2265192,39280.510,31550.943,0,370.637,0,39.853,3858,4205,0.670,1.530,1.350,2,0,35.868,0,0,18,297,0,22,0
15-05 00:54:57,1.501,0.500,97.289,0.250,0,5415408,150068,180048,2265192,8702.480,486.194,0,116.046,0,8.003,935,1323,0.670,1.530,1.350,0,0,0,0,0,18,297,0,22,0
15-05 00:54:58,0.750,1.000,89.760,7.251,0,5407928,157548,180048,2265192,9455.007,624.066,0,2252.240,0,128.014,1226,1900,0.670,1.530,1.350,1,0,0,0,0,18,297,0,22,0
15-05 00:54:59,1.501,0.500,96.034,1.000,0,5404812,160660,180048,2265196,5614.990,486.172,0,2068.733,0,366.130,1291,1616,0.610,1.500,1.350,0,0,0,0,0,18,297,0,22,0
15-05 00:55:00,0.751,0.751,97.609,0,0,5402040,163432,180048,2265196,7769.656,486.542,0,16.018,0,2.002,972,1337,0.610,1.500,1.350,0,0,0,0,0,18,297,0,22,0
15-05 00:55:01,6.759,2.754,87.117,2.253,0,5391288,174132,180060,2265240,27706.242,9544.830,32.043,44.059,5.007,4.005,2048,2130,0.610,1.500,1.350,2,0,66.089,0,0,18,297,0,22,0
15-05 00:55:02,4.733,9.467,83.954,0.498,0,5388544,176860,180068,2265260,5798.561,538.103,27.902,11.958,1.993,2.989,3532,3580,0.610,1.500,1.350,0,0,269.052,0,0,18,297,0,22,0
15-05 00:55:03,1.001,0.250,97.304,0,0,5387812,177592,180068,2265260,7797.314,486.269,0,0,0,0,904,1247,0.610,1.500,1.350,0,0,0,0,0,18,297,0,22,0
15-05 00:55:04,1.250,1.000,95.477,0.750,0,5384448,180956,180068,2265260,5724.601,485.881,0,323.921,0,31.992,1208,1797,0.560,1.480,1.340,0,0,1.000,0,0,18,297,0,22,0
15-05 00:55:05,2.501,1.000,94.777,1.000,0,5381560,183836,180068,2265268,11736.382,486.140,0,780.225,0,72.021,1796,2780,0.560,1.480,1.340,3,0,0,0,0,18,297,0,22,0
15-05 00:55:06,2.000,1.250,94.247,1.250,0,5378036,187360,180068,2265268,6344.803,539.983,0,379.988,0,49.998,1565,2343,0.560,1.480,1.340,0,0,1.000,0,0,18,297,0,22,0
15-05 00:55:07,1.250,0.250,97.255,0.250,0,5375204,190184,180068,2265276,5131.246,486.023,0,120.006,0,8.000,873,1291,0.560,1.480,1.340,0,0,0,0,0,18,297,0,22,0
15-05 00:55:08,1.000,1.000,97.009,0,0,5373464,191920,180068,2265280,8209.786,486.047,0,308.029,0,19.002,1025,1389,0.560,1.480,1.340,0,0,0,0,0,18,297,0,22,0
15-05 00:55:09,1.500,0.750,96.231,1.250,0,5371896,193448,180068,2265320,6325.772,485.906,0,79.984,0,7.998,940,1286,0.520,1.450,1.330,0,0,0,0,0,18,297,0,22,0
15-05 00:55:10,1.000,0.250,97.263,0,0,5370752,194592,180068,2265320,3576.462,540.070,0,0,0,0,850,1254,0.520,1.450,1.330,0,0,0,0,0,18,297,0,22,0
15-05 00:55:11,0.750,0.500,97.757,0,0,5369560,195784,180068,2265320,9382.632,486.033,0,0,0,0,876,1259,0.520,1.450,1.330,0,0,0,0,0,18,297,0,22,0
15-05 00:55:12,1.750,0.750,97.243,0,0,5368296,197048,180068,2265320,5452.598,485.964,0,47.996,0,3.000,891,1292,0.520,1.450,1.330,0,0,0,0,0,18,297,0,22,0
15-05 00:55:13,1.250,0.750,96.741,0,0,5367704,197640,180068,2265320,7615.269,539.948,0,0,0,0,1038,1397,0.520,1.450,1.330,0,0,1.000,0,0,18,297,0,22,0
15-05 00:55:14,2.500,1.000,95.015,0.750,0,5367880,197408,180068,2265376,9820.538,486.076,48.008,136.021,3.000,16.003,1448,1991,0.480,1.430,1.320,0,0,2.000,0,0,18,297,0,22,0
15-05 00:55:15,1.749,0.500,95.209,1.249,0,5367648,197632,180068,2265384,29115.369,485.789,0,191.917,0,23.990,1558,1951,0.480,1.430,1.320,0,0,0,0,0,18,297,0,22,0
15-05 00:55:16,3.252,1.251,88.299,6.003,0,5367724,197564,180068,2265384,9638.348,486.270,0,2577.430,0,231.128,1985,2970,0.480,1.430,1.320,0,0,2.001,0,0,18,297,0,22,0
15-05 00:55:17,2.250,1.750,94.738,0,0,5370460,194804,180068,2265408,9223.812,539.930,0,171.978,0,7.999,1368,1845,0.480,1.430,1.320,0,0,3.000,0,0,18,297,0,22,0
15-05 00:55:18,3.250,0.500,94.250,0.250,0,5370956,194300,180068,2265416,7842.963,625.997,0,279.999,0,20.000,1559,2076,0.480,1.430,1.320,0,0,2.000,0,0,18,297,0,22,0
15-05 00:55:19,1.750,0.500,96.724,0,0,5370940,194304,180068,2265428,7657.967,485.871,0,167.955,0,7.998,1062,1457,0.440,1.410,1.320,0,0,0,0,0,18,297,0,22,0
15-05 00:55:20,2.248,0.749,94.659,0.999,0,5370940,194304,180068,2265428,7017.246,539.481,0,327.685,0,34.966,1534,2245,0.440,1.410,1.320,1,0,0,0,0,18,297,0,22,0
15-05 00:55:21,2.503,0.751,95.615,0.250,0,5370800,194304,180068,2265568,10075.071,2475.967,0,248.297,0,15.018,1193,1659,0.440,1.410,1.320,0,0,0,0,0,18,298,0,22,0
15-05 00:55:22,5.250,1.500,92.493,0,0,5371548,193552,180068,2265572,20253.493,7676.429,0,0,0,0,1442,1586,0.440,1.410,1.320,1,0,6.000,0,0,18,297,0,22,0
15-05 00:55:23,1.500,0.750,95.750,1.500,0,5371540,193552,180068,2265580,4321.016,540.002,0,920.003,0,53.000,1131,1657,0.440,1.410,1.320,0,0,2.000,0,0,18,297,0,22,0
15-05 00:55:24,1.000,0.500,96.250,0.500,0,5371524,193552,180068,2265596,9112.022,486.001,16.000,108.000,1.000,13.000,1151,1696,0.400,1.380,1.310,0,0,0,0,0,18,297,0,16,0
15-05 00:55:25,1.500,0.750,94.991,1.250,0,5371512,193552,180068,2265608,8657.156,485.953,0,595.942,0,42.996,1325,1934,0.400,1.380,1.310,0,0,0,0,0,18,297,0,16,0
15-05 00:55:26,4.001,5.252,88.533,1.000,0,5374716,190304,180068,2265652,8577.161,486.179,44.016,444.164,3.001,38.014,2749,3061,0.400,1.380,1.310,1,0,106.039,0,0,18,297,0,16,0
15-05 00:55:27,0.750,0.500,97.490,0,0,5374716,190304,180068,2265652,8331.152,539.945,0,0,0,0,879,1265,0.400,1.380,1.310,0,0,0,0,0,18,297,0,16,0
15-05 00:55:28,1.250,0.500,96.988,0,0,5374712,190304,180068,2265656,7350.113,527.936,0,399.952,0,23.997,1053,1479,0.400,1.380,1.310,0,0,0,0,0,18,297,0,16,0
15-05 00:55:29,6.001,2.751,88.021,3.001,0,5364776,200240,180068,2265656,5587.353,486.118,0,408.099,0,64.015,2124,8342,0.530,1.390,1.310,0,2,36.009,0,0,18,297,0,17,0
15-05 00:55:30,1.250,0.750,96.481,0.500,0,5365028,199988,180068,2265656,3474.306,539.892,0,1215.757,0,241.952,1183,1497,0.530,1.390,1.310,0,0,0,0,0,18,297,0,17,0
15-05 00:55:31,0.750,0.500,97.735,0,0,5365024,199988,180068,2265660,6950.961,485.927,0,23.996,0,3.000,937,1338,0.530,1.390,1.310,0,0,0,0,0,18,297,0,17,0
15-05 00:55:32,1.249,0.500,97.192,0,0,5365024,199988,180068,2265660,7790.323,485.708,0,3.998,0,0.999,903,1267,0.530,1.390,1.310,0,0,0,0,0,18,297,0,16,0
15-05 00:55:33,1.000,0.250,97.775,0,0,5365272,199736,180068,2265664,6394.617,540.137,0,0,0,0,911,1265,0.530,1.390,1.310,0,0,0,0,0,18,297,0,16,0
15-05 00:55:34,1.250,0.750,97.028,0.250,0,5365272,199736,180068,2265664,9462.779,486.143,0,84.025,0,11.003,1106,1590,0.490,1.370,1.310,0,0,0,0,0,18,297,0,16,0
15-05 00:55:35,2.499,1.000,93.228,2.000,0,5365264,199736,180072,2265668,5488.706,485.885,0,1087.743,0,142.966,1887,2896,0.490,1.370,1.310,1,0,0,0,0,18,297,0,16,0
15-05 00:55:36,1.750,1.000,94.503,1.000,0,5365500,199488,180072,2265680,7753.253,486.016,0,312.010,0,41.001,1561,2292,0.490,1.370,1.310,0,0,1.000,0,0,18,297,0,16,0
15-05 00:55:37,1.250,0.750,97.031,0.250,0,5365452,199536,180072,2265680,7800.523,540.175,0,108.035,0,8.003,928,1330,0.490,1.370,1.310,1,0,0,0,0,18,297,0,16,0
15-05 00:55:38,0.750,0.250,97.763,0,0,5364588,200400,180072,2265680,8987.195,486.065,0,8.001,0,1.000,926,1347,0.490,1.370,1.310,0,0,0,0,0,18,297,0,16,0
15-05 00:55:39,1.250,0.500,96.741,0.500,0,5364588,200400,180072,2265680,9819.061,485.954,0,295.972,0,15.998,958,1345,0.450,1.350,1.300,0,0,0,0,0,18,297,0,16,0
15-05 00:55:40,0.500,0.500,97.245,0.250,0,5364588,200400,180072,2265680,11300.403,633.967,0,31.998,0,4.000,966,1315,0.450,1.350,1.300,0,0,0,0,0,18,297,0,16,0
15-05 00:55:41,1.250,1.000,97.525,0,0,5364588,200400,180072,2265680,4391.105,486.122,0,0,0,0,861,1280,0.450,1.350,1.300,0,0,0,0,0,18,297,0,16,0
15-05 00:55:42,1.000,0.500,97.497,0,0,5364588,200400,180072,2265680,7104.809,485.987,0,0,0,0,936,1327,0.450,1.350,1.300,0,0,0,0,0,18,297,0,16,0
15-05 00:55:43,1.250,0.250,97.482,0,0,5364588,200400,180072,2265680,7115.669,539.899,0,0,0,0,926,1321,0.450,1.350,1.300,1,0,0,0,0,18,297,0,16,0
15-05 00:55:44,0.750,0.500,97.252,0.250,0,5364588,200400,180072,2265680,7731.142,486.009,0,60.001,0,8.000,1062,1542,0.410,1.320,1.290,0,0,0,0,0,18,297,0,16,0
15-05 00:55:45,2.000,1.000,93.985,1.750,0,5364584,200400,180072,2265684,9271.476,485.920,0,583.904,0,54.991,1443,2184,0.410,1.320,1.290,0,0,0,0,0,18,297,0,16,0
15-05 00:55:46,2.754,2.504,92.634,1.001,0,5365584,199396,180072,2265688,5034.292,540.783,0,256.371,0,38.055,1938,2658,0.410,1.320,1.290,1,0,32.046,0,0,18,297,0,16,0
15-05 00:55:47,6.743,18.979,73.171,0,0,5376340,188604,180072,2265724,12739.238,1180.725,0,159.827,0,35.961,5942,5044,0.410,1.320,1.290,1,0,424.541,0,0,18,297,0,16,1
15-05 00:55:48,18.260,5.753,73.290,1.001,0,5421268,143604,180072,2265796,14740.055,1496.818,52.028,472.258,2.001,21.011,2516,2146,0.410,1.320,1.290,1,0,38.021,0,0,18,297,0,18,0
15-05 00:55:49,21.729,5.744,69.931,1.998,0,5464724,221644,178816,2159916,5852.266,485.524,283.722,363.644,19.980,3.996,2092,1723,0.540,1.340,1.300,2,0,1.998,0,0,18,297,0,18,0
15-05 00:55:50,20.754,2.500,69.513,6.251,0.250,5485448,194120,179012,2166520,7442.369,540.099,3096.570,1912.352,312.057,239.044,3049,3316,0.540,1.340,1.300,1,0,0,0,0,18,297,0,18,0
15-05 00:55:51,23.600,4.519,71.553,0.251,0,5557144,122076,179016,2166848,7007.698,488.068,132.562,0,8.034,0,2727,2824,0.540,1.340,1.300,1,0,3.013,0,0,18,298,0,19,0
15-05 00:55:52,22.444,4.240,69.328,3.242,0,5539504,139600,179016,2166964,7536.342,622.459,31.921,1212.997,1.995,103.743,6686,10142,0.540,1.340,1.300,1,0,0,0,0,18,301,0,20,0
15-05 00:55:53,20.251,3.500,62.002,12.750,0,5538588,138844,179016,2168640,4942.179,486.018,1128.041,4480.162,72.003,326.012,4276,6150,0.540,1.340,1.300,1,1,1.000,0,0,18,306,0,22,0
15-05 00:55:54,22.713,2.246,65.392,7.987,0,5537048,139900,179016,2169128,12197.868,5871.310,287.525,1924.823,15.974,217.641,5102,7184,0.580,1.330,1.290,1,0,0.998,0,0,18,307,0,23,0
15-05 00:55:55,7.256,1.251,85.569,4.754,0,5536728,140116,179016,2169232,11783.502,2753.220,16.013,364.294,1.001,45.036,2382,3186,0.580,1.330,1.290,3,0,0,0,0,18,307,0,24,0
15-05 00:55:56,6.259,1.252,88.623,2.503,0,5534208,142576,179016,2169292,7454.362,626.871,32.045,688.958,2.003,103.143,2781,4160,0.580,1.330,1.290,3,0,1.001,0,0,18,310,0,24,0
15-05 00:55:57,4.990,0.749,91.323,1.248,0,5533440,143280,179016,2169356,13611.642,4968.379,31.938,774.500,1.996,47.907,1969,2888,0.580,1.330,1.290,1,0,0,0,0,18,308,0,9,0
15-05 00:55:58,20.519,4.004,62.308,11.511,0,5532032,144020,179016,2170040,22687.045,7171.653,472.438,2602.414,30.028,265.246,6455,9933,0.580,1.330,1.290,1,0,1.001,0,0,18,310,0,12,0
15-05 00:55:59,18.979,3.496,61.182,13.984,0,5531928,143564,179016,2170600,4088.467,539.402,351.610,5374.041,20.977,392.565,6568,10433,0.610,1.320,1.290,1,1,0,0,0,18,310,0,13,0
15-05 00:56:00,16.752,3.250,72.007,6.751,0,5531588,143712,179016,2170792,12810.238,3262.315,16.002,2988.289,1.000,284.027,5557,8494,0.610,1.320,1.290,1,0,0,0,0,18,309,0,18,0
15-05 00:56:01,11.775,2.004,79.417,6.514,0,5528956,146200,179016,2170920,30677.376,11593.328,0,4565.581,0,550.154,3153,3574,0.610,1.320,1.290,2,0,0,0,0,18,310,0,20,0
15-05 00:56:02,10.243,1.749,85.944,0.999,0,5528940,146200,179016,2170936,26879.434,9819.583,15.990,503.671,0.999,64.958,3047,4237,0.610,1.320,1.290,1,0,0,0,0,18,310,0,21,0
15-05 00:56:03,18.272,3.004,64.328,11.764,0,5529376,145444,179024,2171248,9347.376,540.658,16.019,2723.314,1.001,284.346,6371,9977,0.610,1.320,1.290,3,0,0,0,0,18,309,0,21,1
15-05 00:56:04,19.736,4.497,57.710,15.989,0,5530808,143708,179028,2171548,7192.012,539.626,15.989,3773.383,0.999,316.780,6997,10807,0.720,1.330,1.300,1,1,0,0,0,18,310,0,22,0
15-05 00:56:05,6.238,1.248,85.332,4.741,0,5531984,142476,179028,2171604,13613.265,3251.614,0,1968.135,0,181.643,3085,4827,0.720,1.330,1.300,1,0,0,0,0,18,309,0,23,0
15-05 00:56:06,11.524,2.255,75.906,8.768,0,5525152,149088,179028,2171824,13741.259,3343.877,0,4609.479,0,569.171,4203,6034,0.720,1.330,1.300,0,1,1.002,0,0,18,309,0,24,0
15-05 00:56:07,11.722,2.743,69.582,14.216,0,5525140,149096,179028,2171828,12400.078,3251.155,0,5650.365,0,477.847,4484,6869,0.720,1.330,1.300,0,0,0,0,0,18,309,0,25,0
15-05 00:56:08,9.031,1.254,85.041,3.261,0,5525800,148128,179028,2172136,7076.173,541.851,148.507,116.398,8.027,10.034,2350,2743,0.720,1.330,1.300,1,0,0,0,0,18,310,0,26,0
15-05 00:56:09,13.705,1.744,78.993,4.236,0,5525612,148128,179028,2172324,28410.632,11836.517,0,2117.117,0,160.478,3546,4855,0.750,1.330,1.290,0,0,0,0,0,18,309,0,26,0
15-05 00:56:10,9.992,1.499,83.684,3.497,0,5525548,148128,179028,2172388,26651.986,11997.540,0,679.464,0,87.931,2808,3862,0.750,1.330,1.290,1,0,0,0,0,18,309,0,26,0
15-05 00:56:11,10.246,1.000,84.718,1.499,0,5525528,148128,179028,2172408,29855.724,11816.537,0,651.754,0,91.965,3026,4249,0.750,1.330,1.290,0,0,0,0,0,18,310,0,26,0
15-05 00:56:12,12.809,3.014,77.857,5.525,0,5525556,147876,179028,2172632,6866.470,729.343,0,1603.348,0,171.787,5134,7710,0.750,1.330,1.290,3,0,0,0,0,18,310,0,26,0
15-05 00:56:13,21.683,3.988,63.802,8.474,0,5526220,147120,179028,2172724,6940.441,484.495,15.950,3764.307,0.997,331.969,7628,11569,0.750,1.330,1.290,2,0,0,0,0,18,310,0,26,0
15-05 00:56:14,22.547,4.760,63.633,8.017,0,5527020,145860,179028,2173184,5594.696,541.131,16.034,2100.391,1.002,234.490,7289,11103,0.770,1.320,1.290,3,0,0,0,0,18,310,0,26,0
15-05 00:56:15,22.242,4.248,60.477,9.996,0,5526956,145608,179028,2173500,8053.976,485.818,0,5581.904,0,425.840,8274,13052,0.770,1.320,1.290,3,1,0,0,0,18,310,0,28,0
15-05 00:56:16,7.231,1.995,84.773,5.236,0,5526888,145608,179028,2173568,5732.633,484.701,0,1703.434,0,120.677,3455,5227,0.770,1.320,1.290,0,0,3.989,0,0,18,312,0,28,0
15-05 00:56:17,7.001,3.750,88.011,0,0,5577552,219972,178692,2050956,4065.507,486.061,0,96.012,0,12.001,2090,2413,0.770,1.320,1.290,0,0,3.000,0,0,18,312,0,28,0
15-05 00:56:18,12.750,3.250,80.499,2.250,0,5570464,226808,178692,2051208,8028.947,485.997,159.999,323.998,9.000,43.000,3816,5295,0.770,1.320,1.290,1,0,1.000,0,0,18,312,0,29,0
15-05 00:56:19,21.273,4.505,60.564,12.263,0,5570412,226584,178692,2051484,6262.664,582.620,0,4320.598,0,427.455,7328,11812,0.870,1.330,1.300,2,0,1.001,0,0,18,312,0,29,0
15-05 00:56:20,23.333,4.265,65.984,4.265,0,5570420,226332,178692,2051728,3952.029,487.731,0,2372.422,0,236.841,8229,12677,0.870,1.330,1.300,1,0,0,0,0,18,311,0,31,0
15-05 00:56:21,15.923,2.986,71.158,7.713,0,5572004,224316,178692,2052160,11042.896,2600.495,302.545,2424.342,16.919,213.971,5113,7394,0.870,1.330,1.300,0,0,0,0,0,18,312,0,31,0
15-05 00:56:22,8.508,1.501,76.323,12.512,0,5571244,224896,178696,2052340,24359.264,7684.339,144.138,6694.393,9.009,830.793,3015,3055,0.870,1.330,1.300,0,2,1.001,0,0,18,312,0,31,0
15-05 00:56:23,10.000,4.000,68.751,16.000,0,5576084,219756,178700,2052640,12142.120,3364.033,92.001,10240.101,10.000,487.005,4125,6088,0.870,1.330,1.300,1,0,7.000,0,0,18,311,0,34,0
15-05 00:56:24,9.492,1.499,77.933,8.493,0,5579876,215724,178704,2052876,11701.961,3132.313,175.849,2733.655,9.991,230.802,3379,5081,1.040,1.360,1.310,0,0,0,0,0,18,311,0,36,0
15-05 00:56:25,5.251,1.500,89.271,2.501,0,5580068,215472,178704,2052936,4712.110,540.127,48.011,840.198,2.000,80.019,2379,3571,1.040,1.360,1.310,0,0,0,0,0,18,312,0,36,0
15-05 00:56:26,11.748,2.250,81.733,2.749,0,5581252,214212,178704,2053012,27388.435,3048.381,0,1515.692,0,171.965,3896,5481,1.040,1.360,1.310,0,0,1.000,0,0,18,311,0,39,0
15-05 00:56:27,12.248,2.000,79.488,4.749,0,5585764,209676,178708,2053032,13934.932,4749.295,0,2387.646,0,120.982,3548,5053,1.040,1.360,1.310,0,0,0,0,0,18,312,0,43,0
15-05 00:56:28,12.005,1.501,80.534,4.002,0,5585672,209424,178712,2053372,26102.085,9880.196,48.020,1132.481,2.001,120.051,3357,4701,1.040,1.360,1.310,0,0,0,0,0,18,311,0,44,0
15-05 00:56:29,10.993,3.498,81.946,3.248,0,5604700,189836,178712,2053844,7096.289,485.678,363.759,719.522,7.995,42.971,3098,11296,0.950,1.340,1.300,2,0,35.976,0,0,18,312,0,45,0
15-05 00:56:30,11.757,1.751,80.551,4.753,0,5602904,191592,178712,2053972,28497.014,11948.553,0,1576.997,0,186.118,3395,4779,0.950,1.340,1.300,0,0,0,0,0,18,311,0,47,0
15-05 00:56:31,8.751,2.750,73.505,12.501,0,5602896,191432,178716,2054136,7201.481,540.036,16.001,4420.295,1.000,338.023,3799,5814,0.950,1.340,1.300,2,1,0,0,0,18,311,0,48,0
15-05 00:56:32,11.255,2.251,77.535,7.503,0,5604148,190032,178720,2054280,10026.580,3234.477,0,3641.664,0,303.138,3767,5711,0.950,1.340,1.300,0,1,0,0,0,18,311,0,51,0
15-05 00:56:33,7.280,2.008,85.601,3.765,0,5604296,189808,178720,2054356,4478.361,488.001,0,751.079,0,84.346,2542,4030,0.950,1.340,1.300,3,0,0,0,0,18,312,0,57,0
15-05 00:56:34,3.981,0.498,92.557,0.746,0,5603640,190392,178720,2054428,12216.570,3270.358,0,680.744,0,67.676,1922,3031,0.880,1.320,1.290,0,0,0,0,0,18,311,0,57,0
15-05 00:56:35,6.250,1.500,88.996,1.750,0,5604088,189916,178720,2054456,8695.645,485.980,0,771.968,0,82.997,2501,3802,0.880,1.320,1.290,0,0,0,0,0,18,311,0,58,0
15-05 00:56:36,6.251,1.750,89.759,2.250,0,5604312,189664,178720,2054484,7764.790,486.049,0,700.071,0,82.008,2501,3597,0.880,1.320,1.290,0,0,1.000,0,0,18,311,0,59,0
15-05 00:56:37,4.500,0.750,92.259,0.750,0,5604288,189664,178724,2054504,5779.538,540.050,0,536.050,0,52.005,1774,2612,0.880,1.320,1.290,2,0,0,0,0,18,311,0,59,0
15-05 00:56:38,5.251,1.250,89.765,2.000,0,5604084,189720,178724,2054652,9246.517,486.080,0,656.108,0,64.011,2145,3183,0.880,1.320,1.290,0,0,1.000,0,0,18,311,0,59,0
15-05 00:56:39,9.499,1.250,83.742,4.000,0,5604296,189468,178724,2054692,15909.451,5647.450,0,783.924,0,95.991,2828,3896,0.810,1.300,1.280,0,0,0,0,0,18,312,0,61,0
15-05 00:56:40,9.287,1.757,86.091,2.259,0,5604244,189468,178732,2054736,8329.979,2856.308,0,1116.420,0,119.473,2957,4304,0.810,1.300,1.280,1,0,0,0,0,18,313,0,65,0
15-05 00:56:41,5.224,0.746,86.322,5.473,0,5604152,189468,178732,2054828,9532.754,2988.190,0,1456.780,0,155.231,2551,4178,0.810,1.300,1.280,0,0,0,0,0,18,311,0,65,0
15-05 00:56:42,14.501,3.000,69.754,11.251,0.250,5604436,188992,178736,2055016,19102.173,6961.427,0,6296.387,0,483.030,4912,7410,0.810,1.300,1.280,0,1,0,0,0,18,312,0,68,0
15-05 00:56:43,13.005,1.501,71.526,11.504,0,5604604,188516,178744,2055316,22049.975,7799.821,0,6590.384,0,780.282,4162,5311,0.810,1.300,1.280,0,0,0,0,0,18,311,0,69,0
15-05 00:56:44,9.004,2.501,84.783,3.251,0,5604856,188264,178748,2055312,14976.826,3125.216,16.006,1016.395,1.000,121.047,3034,4530,0.740,1.270,1.280,0,0,0,0,0,18,312,0,72,0
15-05 00:56:45,7.034,2.010,88.180,1.507,0,5604688,188264,178748,2055480,9489.244,729.555,0,1077.250,0,141.690,2709,4095,0.740,1.270,1.280,1,0,0,0,0,18,311,0,73,0
15-05 00:56:46,4.716,0.496,91.582,1.241,0,5604916,188012,178748,2055504,13936.282,3111.291,0,599.623,0,83.391,2292,3490,0.740,1.270,1.280,1,0,0.993,0,0,18,312,0,73,0
15-05 00:56:47,9.259,1.752,84.331,3.003,0,5604848,188012,178748,2055572,13705.119,2753.636,0,1045.000,0,123.118,3118,4641,0.740,1.270,1.280,0,0,0,0,0,18,311,0,74,0
15-05 00:56:48,12.261,1.752,82.822,3.253,0,5606464,186248,178748,2055720,16504.322,6922.007,0,1765.532,0,146.127,3340,4757,0.740,1.270,1.280,0,0,0,0,0,18,312,0,76,0
15-05 00:56:49,16.331,3.266,73.865,5.276,0,5606956,185492,178764,2055968,14785.048,5339.380,32.159,4650.979,2.010,583.885,5123,7346,0.760,1.270,1.270,4,1,0,0,0,18,312,0,77,0
15-05 00:56:50,23.250,3.750,59.251,12.250,0,5606852,185240,178780,2056308,7688.070,486.004,0,6228.057,0,524.005,7749,12482,0.760,1.270,1.270,1,1,0,0,0,18,312,0,76,0
15-05 00:56:51,20.167,3.486,64.734,8.465,0,5607864,183984,178784,2056548,5055.226,537.790,0,4047.368,0,296.780,6970,10804,0.760,1.270,1.270,1,0,0,0,0,18,313,0,80,0
15-05 00:56:52,5.996,1.249,88.440,3.248,0,5607788,183984,178784,2056624,7745.729,485.670,0,1990.645,0,146.900,2543,3911,0.760,1.270,1.270,0,0,0,0,0,18,311,0,80,0
15-05 00:56:53,10.752,2.500,77.762,7.751,0,5607820,183732,178784,2056844,9433.433,3236.492,0,1524.231,0,165.025,3653,5471,0.760,1.270,1.270,0,0,0,0,0,18,311,0,83,0
15-05 00:56:54,8.003,1.751,83.282,5.252,0,5608032,183508,178788,2056852,11862.600,3158.225,0,1844.715,0,182.071,3164,4503,0.700,1.250,1.270,0,0,0,0,0,18,311,0,79,0
15-05 00:56:55,9.539,2.008,84.097,3.766,0,5608056,183256,178792,2057076,8088.420,628.597,0,1462.041,0,133.552,3365,4786,0.700,1.250,1.270,2,0,0,0,0,18,313,0,81,0
15-05 00:56:56,4.728,1.244,88.843,3.235,0,5608260,183004,178792,2057124,7957.529,2545.334,0,1365.741,0,138.366,2618,4213,0.700,1.250,1.270,0,0,0.995,0,0,18,311,0,81,0
15-05 00:56:57,10.998,2.250,75.739,10.249,0,5608192,183004,178796,2057188,14907.911,4749.335,0,5831.183,0,414.942,3530,5643,0.700,1.250,1.270,0,1,0,0,0,18,312,0,83,0
15-05 00:56:58,20.575,3.262,69.252,4.265,0,5608392,182528,178808,2057452,22151.459,7638.745,32.117,2621.522,1.004,277.006,6575,9853,0.700,1.250,1.270,2,0,0,0,0,18,311,0,81,0
15-05 00:56:59,21.183,4.735,64.545,7.227,0,5608928,181772,178812,2057668,4575.446,484.459,0,3130.044,0,311.011,7688,11907,0.890,1.280,1.280,0,1,0.997,0,0,18,312,0,82,0
15-05 00:57:00,21.523,4.255,67.073,5.506,0.250,5609616,180764,178820,2057980,7581.271,486.531,16.017,2126.320,1.001,222.242,7012,10485,0.890,1.280,1.280,1,0,0,0,0,18,312,0,84,0
15-05 00:57:01,22.465,3.744,59.408,11.732,0,5609404,180764,178820,2058192,24308.554,9277.708,0,3147.152,0,346.466,7292,11251,0.890,1.280,1.280,0,1,0,0,0,18,313,0,84,0
15-05 00:57:02,20.992,4.998,59.976,11.745,0,5609468,180512,178820,2058380,9506.251,725.714,0,4566.199,0,373.853,7467,11488,0.890,1.280,1.280,4,1,0,0,0,18,312,0,76,0
15-05 00:57:03,19.259,4.252,62.781,11.506,0,5610156,179504,178820,2058700,6847.339,486.237,40.020,5522.693,3.001,369.180,7499,11446,0.890,1.280,1.280,6,0,0,0,0,18,312,0,76,0
15-05 00:57:04,15.301,3.261,62.708,18.060,0,5606408,183172,178824,2058776,4886.213,487.618,0,6015.962,0,917.043,5838,8454,0.970,1.290,1.280,0,2,0,0,0,18,312,0,76,0
15-05 00:57:05,21.454,4.241,64.860,7.234,0,5602504,186768,178832,2059076,7787.154,484.951,0,2997.516,0,290.372,7363,11310,0.970,1.290,1.280,1,0,0,0,0,18,312,0,77,0
15-05 00:57:06,14.985,2.997,70.680,9.241,0,5602372,186676,178836,2059296,6698.363,485.519,0,3028.999,0,279.723,5742,9151,0.970,1.290,1.280,1,0,0.999,0,0,18,313,0,73,0
15-05 00:57:07,6.751,2.000,87.512,3.500,0,5602200,186772,178836,2059372,4228.569,486.065,32.004,1168.157,1.000,105.014,2618,3933,0.970,1.290,1.280,0,0,0,0,0,18,313,0,74,0
15-05 00:57:08,4.753,1.751,83.552,8.255,0,5602108,186772,178836,2059464,8687.390,486.302,4.002,2933.820,1.001,184.114,2022,2909,0.970,1.290,1.280,0,2,0,0,0,18,314,0,74,0
15-05 00:57:09,8.744,2.248,77.945,8.994,0,5602240,186520,178836,2059584,10761.419,3222.730,31.977,3693.398,0.999,302.787,3877,5909,0.980,1.280,1.280,0,0,0,0,0,18,311,0,79,0
15-05 00:57:10,13.498,2.000,77.240,6.499,0,5602296,186296,178836,2059752,18700.472,5063.316,0,5999.189,0,650.912,4123,5139,0.980,1.280,1.280,1,0,0,0,0,18,312,0,82,0
15-05 00:57:11,9.999,1.250,87.237,0.500,0,5602212,186296,178836,2059836,29688.568,11700.253,0,679.899,0,61.991,2417,3053,0.980,1.280,1.280,1,0,0,0,0,18,311,0,82,0
15-05 00:57:12,11.504,2.001,83.531,2.501,0,5602220,186044,178836,2060080,13801.047,5290.935,0,1056.386,0,112.041,3229,4192,0.980,1.280,1.280,3,0,0,0,0,18,311,0,82,0
15-05 00:57:13,2.511,0.753,95.163,0.502,0,5602196,186044,178836,2060104,8332.193,488.120,0,1120.869,0,48.209,1572,2262,0.980,1.280,1.280,1,0,0,0,0,18,311,0,82,0
15-05 00:57:14,8.963,2.241,82.411,3.984,0,5602328,185792,178836,2060224,11291.533,3210.787,31.869,1768.721,0.996,187.230,3332,5255,0.900,1.260,1.270,3,0,0,0,0,18,311,0,87,0
15-05 00:57:15,13.500,2.000,75.999,7.750,0,5602172,185792,178836,2060380,12283.785,3222.944,0,1723.970,0,188.997,4000,5839,0.900,1.260,1.270,1,0,0,0,0,18,311,0,91,0
15-05 00:57:16,5.749,1.750,88.982,2.000,0,5602088,185792,178840,2060460,5629.849,431.912,0,1419.710,0,144.970,2564,4110,0.900,1.260,1.270,0,0,1.000,0,0,18,311,0,92,0
15-05 00:57:17,6.252,1.500,88.524,2.001,0,5601096,186736,178840,2060508,8037.140,486.129,0,1040.277,0,87.023,2275,3198,0.900,1.260,1.270,0,0,1.000,0,0,18,311,0,93,0
15-05 00:57:18,6.517,1.755,90.233,1.755,0,5605956,181820,178840,2060564,5368.844,487.256,0,477.231,0,32.083,2106,2893,0.900,1.260,1.270,1,0,3.008,0,0,18,311,0,97,0
15-05 00:57:19,11.970,1.995,79.051,4.489,0,5606192,181568,178840,2060644,14670.977,7063.176,0,1520.164,0,184.534,3930,5831,0.910,1.260,1.270,0,0,1.995,0,0,18,312,0,97,0
15-05 00:57:20,23.339,4.266,58.724,12.799,0,5606196,181316,178840,2060892,19937.917,7573.839,0,6215.667,0,483.842,7136,11541,0.910,1.260,1.270,0,1,0,0,0,18,312,0,98,0
15-05 00:57:21,17.434,3.487,54.794,22.167,0,5606124,181092,178852,2061176,11181.989,2463.744,0,9504.292,0,1005.223,9011,14371,0.910,1.260,1.270,1,0,0,0,0,18,313,0,98,0
15-05 00:57:22,24.744,3.749,65.235,4.749,0,5606560,180588,178852,2061244,23313.651,7675.239,0,1719.605,0,165.962,7269,11319,0.910,1.260,1.270,2,0,0,0,0,18,312,0,99,0
15-05 00:57:23,4.749,2.499,88.481,3.249,0,5608060,178828,178852,2061512,8628.142,485.895,0,1343.711,0,118.974,2532,3785,0.910,1.260,1.270,0,0,7.998,0,0,18,311,0,99,0
15-05 00:57:24,10.499,2.500,79.742,5.499,0,5607540,179264,178852,2061596,12859.695,3228.672,0,2107.786,0,227.977,3802,5895,1.150,1.300,1.280,0,0,0,0,0,18,311,0,102,0
15-05 00:57:25,5.249,1.750,85.992,5.749,0,5608004,178788,178852,2061608,10442.999,485.953,0,1875.820,0,141.986,2438,3487,1.150,1.300,1.280,0,0,0,0,0,18,312,0,103,0
15-05 00:57:26,12.750,2.000,79.001,5.000,0,5607792,178788,178852,2061820,22233.256,7788.090,0,1640.019,0,179.002,3851,5636,1.150,1.300,1.280,0,0,1.000,0,0,18,311,0,106,0
15-05 00:57:27,8.254,2.251,79.540,8.254,0,5607792,178788,178852,2061820,9499.820,2524.281,0,4494.280,0,284.144,3012,4407,1.150,1.300,1.280,0,1,0,0,0,18,312,0,102,0
15-05 00:57:28,3.249,0.500,93.720,1.250,0,5607736,178788,178852,2061876,5598.182,659.786,0,1315.573,0,75.975,1348,2023,1.150,1.300,1.280,0,1,0,0,0,18,311,0,103,0
15-05 00:57:29,19.284,4.007,70.877,4.258,0,5609284,177212,178852,2062076,36612.497,13400.973,244.437,1210.165,5.009,146.262,4406,17748,1.060,1.280,1.280,1,1,36.065,0,0,18,313,0,108,0
15-05 00:57:30,4.987,0.748,92.757,0.249,0,5608512,177620,178852,2062268,16871.732,5336.997,59.843,367.037,2.992,19.948,1489,1925,1.060,1.280,1.280,0,1,0,0,0,18,313,0,110,0
15-05 00:57:31,9.537,2.008,83.574,4.016,0,5608504,177620,178852,2062276,21756.465,5454.175,0,1309.082,0,164.639,3344,4779,1.060,1.280,1.280,2,0,0,0,0,18,313,0,101,0
15-05 00:57:32,22.679,4.984,58.068,12.710,0,5608408,177396,178852,2062596,14893.420,4917.620,0,3329.587,0,371.837,7889,12214,1.060,1.280,1.280,0,1,0,0,0,18,312,0,102,0
15-05 00:57:33,21.558,5.013,65.175,5.766,0,5609200,176388,178852,2062812,8669.342,487.312,0,2213.961,0,225.607,7312,11110,1.060,1.280,1.280,1,0,0,0,0,18,312,0,102,0
15-05 00:57:34,12.465,2.493,79.280,3.989,0,5609300,176024,178852,2063076,6699.402,484.655,0,3111.363,0,200.444,4717,7131,1.060,1.280,1.280,0,0,0,0,0,18,311,0,103,0
15-05 00:57:35,10.753,2.501,80.772,5.001,0,5609152,176024,178852,2063224,6802.893,2473.688,0,2440.679,0,203.056,3839,5953,1.060,1.280,1.280,0,0,0,0,0,18,312,0,95,0
15-05 00:57:36,9.748,2.250,81.484,5.249,0,5609256,175800,178852,2063344,25993.863,7741.470,0,1151.772,0,128.975,3265,4301,1.060,1.280,1.280,1,2,1.000,0,0,18,312,0,95,0
15-05 00:57:37,18.553,3.510,61.676,14.291,0,5608984,176024,178856,2063388,9228.322,487.390,0,10128.891,0,917.617,7114,11238,1.060,1.280,1.280,1,0,0,0,0,18,312,0,96,0
15-05 00:57:38,19.279,4.507,62.343,12.268,0,5608328,176024,178856,2064044,3883.772,486.723,0,5183.704,0,391.582,7099,11154,1.060,1.280,1.280,0,1,0,0,0,18,312,0,97,0
15-05 00:57:39,21.389,4.477,66.903,5.720,0,5608948,175016,178856,2064432,12275.403,3173.558,0,2117.032,0,229.809,7323,11056,1.130,1.290,1.280,1,0,0,0,0,18,312,0,99,0
15-05 00:57:40,5.018,1.254,89.313,3.261,0,5609404,174512,178856,2064480,5049.682,756.650,0,1264.428,0,92.323,2029,2950,1.130,1.290,1.280,1,0,0,0,0,18,312,0,101,0
15-05 00:57:41,9.721,2.243,78.515,7.478,0,5609948,173876,178856,2064572,11903.351,3243.287,0,2025.933,0,214.358,3638,5596,1.130,1.290,1.280,1,0,0,0,0,18,311,0,102,0
15-05 00:57:42,10.033,2.508,74.498,12.040,0,5610024,173800,178856,2064572,7806.937,487.620,0,5855.454,0,791.630,4238,4869,1.130,1.290,1.280,2,1,0,0,0,18,311,0,104,0
15-05 00:57:43,3.993,0.998,89.833,3.493,0,5609928,173800,178856,2064668,8759.679,3245.952,0,1034.073,0,85.840,1974,3059,1.130,1.290,1.280,2,0,0,0,0,18,312,0,94,0
15-05 00:57:44,11.236,2.497,75.907,8.490,0,5610256,173324,178856,2064816,12427.778,3248.022,0,1881.695,0,212.739,4011,5867,1.120,1.280,1.280,0,0,0,0,0,18,311,0,95,0
15-05 00:57:45,14.258,2.251,73.542,8.255,0,5610312,173072,178856,2065012,13448.609,2698.527,0,4770.699,0,295.167,4234,5728,1.120,1.280,1.280,0,1,0,0,0,18,311,0,95,0
15-05 00:57:46,13.495,2.499,79.223,4.249,0,5610392,172820,178856,2065184,29508.843,11696.974,0,1739.401,0,165.943,3954,5438,1.120,1.280,1.280,0,1,1.000,0,0,18,312,0,95,0
15-05 00:57:47,9.037,1.506,84.593,3.765,0,5610304,172820,178856,2065272,28373.069,10076.868,0,1044.235,0,98.399,2801,3850,1.120,1.280,1.280,4,0,0,0,0,18,312,0,90,0
15-05 00:57:48,11.205,1.245,79.683,5.229,0,5610624,172316,178856,2065456,31190.977,11696.492,0,1318.756,0,131.477,3211,4378,1.120,1.280,1.280,0,0,0,0,0,18,311,0,91,0
15-05 00:57:49,12.502,2.000,80.511,3.250,0,5610592,172316,178856,2065488,32344.490,11570.606,0,1952.271,0,143.020,3443,4634,1.030,1.260,1.270,0,0,0,0,0,18,312,0,91,0
15-05 00:57:50,18.835,3.516,71.322,5.023,0,5610460,172316,178860,2065616,8604.878,729.295,0,2402.856,0,273.234,6483,9928,1.030,1.260,1.270,2,1,0,0,0,18,312,0,92,0
15-05 00:57:51,19.487,3.498,63.458,11.492,0,5610912,171812,178860,2065668,6607.624,485.678,0,4760.847,0,423.719,6313,10083,1.030,1.260,1.270,0,1,0,0,0,18,312,0,84,0
15-05 00:57:52,21.425,5.481,62.283,8.720,0,5612644,169544,178868,2066196,9153.083,484.311,79.722,6840.149,3.986,425.516,8248,12427,1.030,1.260,1.270,0,1,0,0,0,18,312,0,85,0
15-05 00:57:53,21.528,3.755,61.829,12.266,0,5613212,168788,178876,2066376,5353.870,486.624,16.021,2471.171,1.001,257.330,7130,10081,1.030,1.260,1.270,2,0,0,0,0,18,312,0,93,0
15-05 00:57:54,20.717,4.742,63.649,7.987,0,5612840,168788,178880,2066744,7948.421,485.232,0,2963.310,0,347.450,7706,12043,1.030,1.260,1.270,5,0,0,0,0,18,312,0,93,0
15-05 00:57:55,21.970,4.743,61.415,10.735,0,5612912,168536,178880,2066924,9203.259,485.328,0,3495.161,0,313.566,7515,11364,1.030,1.260,1.270,3,0,0,0,0,18,312,0,88,0
15-05 00:57:56,17.753,4.001,65.012,11.002,0,5613776,167280,178880,2067316,13379.521,3210.605,32.006,5216.983,1.000,423.080,6382,10063,1.030,1.260,1.270,0,1,1.000,0,0,18,311,0,90,0
15-05 00:57:57,7.256,1.501,83.566,5.755,0,5614276,166776,178884,2067316,8589.802,2977.358,0,3322.631,0,251.199,3155,4831,1.030,1.260,1.270,1,0,0,0,0,18,312,0,90,0
15-05 00:57:58,5.003,1.751,86.552,5.503,0,5614672,166300,178884,2067396,5118.088,660.398,0,5323.212,0,709.428,2785,3414,1.030,1.260,1.270,2,0,0,0,0,18,312,0,90,0
15-05 00:57:59,6.494,1.249,85.178,5.495,0,5614744,166048,178888,2067572,8485.779,3147.322,0,1067.092,0,100.914,2738,4023,1.030,1.250,1.270,0,0,0,0,0,18,311,0,85,0
15-05 00:58:00,7.752,1.500,88.028,2.251,0,5615444,165292,178892,2067624,12953.113,2697.857,0,1036.329,0,103.033,2680,3659,1.030,1.250,1.270,0,0,0,0,0,18,311,0,86,0
15-05 00:58:01,12.720,1.496,78.316,5.487,0,5615428,165292,178896,2067636,28576.781,11993.788,0,1416.668,0,152.641,3556,4832,1.030,1.250,1.270,0,0,0,0,0,18,312,0,86,0
15-05 00:58:02,7.011,1.753,88.644,1.753,0,5615312,165292,178900,2067748,14056.876,2941.787,0,1089.773,0,95.155,2571,3509,1.030,1.250,1.270,0,0,0,0,0,18,311,0,87,0
15-05 00:58:03,7.540,1.005,88.470,1.759,0,5615404,165040,178900,2067908,5611.818,629.344,0,1130.004,0,116.620,2604,3726,1.030,1.250,1.270,1,0,0,0,0,18,312,0,88,0
15-05 00:58:04,3.734,1.245,86.388,7.718,0,5615812,164592,178900,2067948,12156.092,2997.447,0,4704.299,0,548.702,2178,2550,0.940,1.230,1.260,1,1,0,0,0,18,312,0,85,0
15-05 00:58:05,5.991,1.997,75.637,13.979,0,5615760,164592,178900,2068000,10428.368,2692.963,0,3295.061,0,248.627,3134,4972,0.940,1.230,1.260,1,0,0,0,0,18,311,0,85,0
15-05 00:58:06,9.009,1.752,78.579,8.258,0,5616432,163836,178900,2068084,7780.851,3153.181,0,4112.149,0,330.333,3665,5647,0.940,1.230,1.260,0,0,1.001,0,0,18,311,0,86,0
15-05 00:58:07,7.750,1.750,85.246,4.000,0,5616432,163836,178900,2068084,8146.605,2696.869,0,1131.945,0,116.994,2858,4305,0.940,1.230,1.260,0,0,0,0,0,18,311,0,87,0
15-05 00:58:08,10.509,2.002,81.824,4.004,0,5616368,163584,178900,2068400,12564.355,2741.478,4.004,1072.970,1.001,96.087,3378,4473,0.940,1.230,1.260,1,1,0,0,0,18,311,0,87,0
15-05 00:58:09,5.016,1.505,89.043,3.010,0,5616608,163332,178900,2068412,9622.627,487.603,0,951.126,0,98.323,2293,3391,0.870,1.210,1.250,4,1,0,0,0,18,311,1,88,0
15-05 00:58:10,8.718,1.494,86.679,2.242,0,5616560,163332,178900,2068460,32551.382,12028.429,0,988.338,0,98.635,2684,3582,0.870,1.210,1.250,0,0,0,0,0,18,311,0,88,0
15-05 00:58:11,21.334,5.020,61.995,9.538,0,5616728,163080,178900,2068544,5318.036,487.930,0,2911.517,0,328.299,7745,12113,0.870,1.210,1.250,0,1,1.004,0,0,18,312,0,88,0
15-05 00:58:12,21.735,3.747,62.956,10.243,0,5617664,161820,178900,2068868,9918.006,485.658,0,4233.015,0,360.746,7544,11448,0.870,1.210,1.250,1,1,0,0,0,18,312,0,79,0
15-05 00:58:13,14.694,3.985,65.999,12.951,0,5617864,161316,178900,2069172,6590.982,484.162,47.818,4877.486,2.989,357.642,5543,9232,0.870,1.210,1.250,0,0,0,0,0,18,311,0,80,0
15-05 00:58:14,6.001,1.500,79.267,12.253,0,5618080,161092,178900,2069180,4610.991,486.105,0,4632.996,0,571.123,2732,3548,0.800,1.190,1.250,0,3,0,0,0,18,312,0,81,0
15-05 00:58:15,8.748,2.499,78.730,8.248,0,5618428,160084,178900,2069880,9467.621,485.878,591.851,2387.400,64.984,326.918,3976,5950,0.800,1.190,1.250,0,0,1.000,0,0,18,311,0,84,0
15-05 00:58:16,13.304,2.510,77.065,6.025,0,5618600,159832,178900,2069960,9391.444,487.998,0,1879.695,0,186.765,4655,7338,0.800,1.190,1.250,1,0,1.004,0,0,18,312,0,77,0
15-05 00:58:17,22.683,4.736,60.322,9.971,0,5619176,158864,178904,2070348,6136.872,484.569,0,4044.054,0,432.722,7994,12768,0.800,1.190,1.250,1,0,0.997,0,0,18,312,0,77,0
15-05 00:58:18,24.070,4.764,65.691,4.764,0,5626404,151304,178904,2070680,8854.807,487.421,0,2398.992,0,208.608,7513,11188,0.800,1.190,1.250,1,0,3.009,0,0,18,312,0,77,0
15-05 00:58:19,19.979,4.745,59.936,13.486,0,5626708,150800,178904,2070880,6139.404,485.478,0,5330.274,0,432.535,7187,11540,0.810,1.190,1.250,1,2,1.998,0,0,18,312,0,77,0
15-05 00:58:20,21.443,3.740,64.826,7.231,0,5627380,149792,178908,2071212,7571.719,624.328,0,4906.857,0,310.169,7274,11285,0.810,1.190,1.250,2,0,0,0,0,18,312,0,67,0
15-05 00:58:21,14.502,2.500,81.009,1.750,0,5628088,149036,178908,2071260,9312.015,2473.270,0,1160.126,0,96.010,4558,6460,0.810,1.190,1.250,1,0,0,0,0,18,313,0,67,0
15-05 00:58:22,15.308,3.011,73.782,6.525,0,5627852,149036,178908,2071496,20744.180,7573.909,0,2352.981,0,237.908,5305,8052,0.810,1.190,1.250,1,0,0,0,0,18,312,0,67,0
15-05 00:58:23,17.731,6.993,54.692,18.481,0,5627384,141484,178916,2079508,10990.407,485.488,455.519,7827.743,77.918,1000.944,7355,10241,0.810,1.190,1.250,1,1,9.989,0,0,18,312,0,67,0
15-05 00:58:24,22.261,5.253,61.530,9.755,0,5628540,140224,178916,2079612,8890.355,486.238,0,5302.597,0,383.188,7960,12281,0.830,1.180,1.240,0,1,0,0,0,18,312,0,63,0
15-05 00:58:25,19.495,4.249,63.985,9.998,0,5628100,140224,178916,2080052,4846.861,485.886,0,4930.841,0,426.900,7585,12103,0.830,1.180,1.240,1,0,0,0,0,18,312,0,63,0
15-05 00:58:26,21.952,4.740,61.118,10.477,0,5628708,139472,178916,2080196,21983.413,484.950,0,4226.850,0,482.955,8146,12571,0.830,1.180,1.240,1,0,0.998,0,0,18,312,0,63,0
15-05 00:58:27,22.583,4.767,66.494,5.018,0,5629696,138212,178916,2080468,5926.744,487.790,0,2135.836,0,205.755,7862,11842,0.830,1.180,1.240,0,0,0,0,0,18,312,0,64,0
15-05 00:58:28,20.761,3.752,64.033,10.005,0,5630152,137456,178920,2080764,8456.389,486.252,0,2373.232,0,250.130,6510,9398,0.830,1.180,1.240,4,0,0,0,0,18,312,0,57,0
15-05 00:58:29,9.243,3.997,81.435,3.247,0,5648796,154540,177620,2050308,11944.429,3212.426,0,1558.751,0,134.892,3269,8836,0.760,1.160,1.240,3,0,35.971,0,0,19,312,0,57,0
15-05 00:58:30,12.201,2.241,69.719,13.446,0,5640240,162992,177620,2047220,26567.912,11827.327,0,4254.850,0,304.772,3822,6174,0.760,1.160,1.240,1,0,0,0,0,18,311,0,58,0
15-05 00:58:31,11.495,2.749,75.220,9.496,0,5638792,164196,177632,2047452,13701.549,3211.722,0,4018.401,0,298.881,4223,6224,0.760,1.160,1.240,0,0,0,0,0,18,311,0,60,0
15-05 00:58:32,8.752,2.001,81.522,5.501,0,5638992,163972,177632,2047476,3622.982,486.132,16.004,1332.361,1.000,146.040,3393,5108,0.760,1.160,1.240,0,0,0,0,0,18,312,0,52,0
15-05 00:58:33,9.040,2.009,78.597,9.793,0,5638780,163972,177632,2047688,9647.641,628.779,0,1386.126,0,143.635,3331,4930,0.760,1.160,1.240,1,0,0,0,0,18,312,0,52,0
15-05 00:58:34,8.214,0.996,87.620,1.245,0,5638740,163972,177632,2047728,34090.997,11749.989,0,931.954,0,87.620,2568,3380,0.700,1.150,1.230,3,0,0,0,0,18,312,0,52,0
15-05 00:58:35,19.490,3.748,64.967,9.995,0,5638592,163972,177632,2047876,7675.047,527.728,0,2650.635,0,330.830,7048,10982,0.700,1.150,1.230,1,0,0,0,0,18,312,0,54,0
15-05 00:58:36,21.027,4.756,59.826,13.017,0,5638320,163972,177640,2048140,6022.639,486.617,0,5338.772,0,517.657,7840,12861,0.700,1.150,1.230,1,1,1.001,0,0,18,312,0,50,0
15-05 00:58:37,19.324,4.266,61.233,13.050,0,5632764,169256,177672,2048380,5573.212,487.857,4.015,7412.211,1.004,560.132,6691,10980,0.700,1.150,1.230,1,0,1.004,0,0,18,312,0,51,0
15-05 00:58:38,22.138,4.726,64.921,6.965,0,5632652,169116,177672,2048632,5035.457,622.841,0,1954.088,0,225.854,7147,10995,0.700,1.150,1.230,1,0,0.995,0,0,18,312,0,53,0
15-05 00:58:39,4.522,1.005,90.437,3.266,0,5632564,169116,177672,2048720,12294.430,3091.946,0,1278.179,0,94.457,2078,2948,0.640,1.130,1.220,0,1,0,0,0,18,312,0,53,0
15-05 00:58:40,15.434,2.489,74.930,4.481,0,5634180,167352,177672,2048868,18599.609,5398.955,59.745,1979.550,3.983,197.158,4668,6965,0.640,1.130,1.220,2,0,0,0,0,18,312,0,48,0
15-05 00:58:41,12.036,2.758,79.990,4.263,0,5634148,167352,177672,2048900,21040.133,7186.564,0,10371.119,0,188.566,4296,6137,0.640,1.130,1.220,1,0,0,0,0,18,312,0,48,0
15-05 00:58:42,20.713,4.492,59.644,12.228,0,5634132,167100,177672,2049168,6752.043,485.141,0,3370.032,0,360.362,7408,11717,0.640,1.130,1.220,5,0,0,0,0,18,312,0,49,0
15-05 00:58:43,21.020,4.504,62.559,9.759,0,5633860,167100,177676,2049436,8845.283,486.456,0,4452.169,0,343.321,7570,12106,0.640,1.130,1.220,1,1,0,0,0,18,313,0,51,0
15-05 00:58:44,13.715,2.992,67.329,13.466,0.249,5633484,167100,177688,2049800,9958.648,3261.697,0,5402.248,0,414.944,5249,8094,0.750,1.140,1.230,0,0,0,0,0,18,311,0,52,0
15-05 00:58:45,11.259,1.751,79.813,6.255,0,5633732,166848,177688,2049804,14035.041,6364.006,16.013,1064.838,1.001,110.087,3179,4471,0.750,1.140,1.230,1,0,0,0,0,18,312,0,46,0
15-05 00:58:46,11.496,1.500,84.972,0.750,0,5633484,166848,177688,2050052,45677.004,19949.451,0,703.769,0,62.979,2701,3242,0.750,1.140,1.230,0,0,1.000,0,0,18,312,0,46,0
15-05 00:58:47,6.997,1.499,88.465,1.749,0,5633476,166848,177700,2050048,16446.476,4877.065,0,871.654,0,73.971,2206,2963,0.750,1.140,1.230,2,0,0,0,0,18,312,0,47,0
15-05 00:58:48,13.750,0.750,82.500,1.250,0,5633372,166848,177708,2050144,56447.273,23019.111,0,616.003,0,57.000,2787,3342,0.750,1.140,1.230,0,0,0,0,0,18,312,0,48,0
15-05 00:58:49,9.998,1.250,84.486,3.249,0,5633356,166848,177712,2050156,39120.728,14494.676,0,615.901,0,62.990,2307,2724,0.690,1.120,1.220,0,0,0,0,0,18,312,0,47,0
15-05 00:58:50,14.744,2.249,75.721,6.248,0,5633824,166092,177712,2050444,30385.418,11738.526,0,963.633,0,111.957,3763,4812,0.690,1.120,1.220,0,0,0,0,0,18,312,0,48,0
15-05 00:58:51,18.336,3.516,73.093,4.772,0,5633900,165840,177724,2050608,25299.635,7580.547,0,3572.753,0,224.051,5709,8299,0.690,1.120,1.220,1,1,0,0,0,18,312,0,48,0
15-05 00:58:52,18.432,3.487,59.032,16.439,0,5633732,165588,177740,2051012,6799.890,484.212,0,5762.720,0,501.149,6623,10943,0.690,1.120,1.220,2,0,0,0,0,18,312,0,49,0
15-05 00:58:53,21.799,4.009,64.395,7.016,0,5634536,164692,177748,2051096,5091.472,487.097,0,4686.559,0,337.761,7876,11927,0.690,1.120,1.220,1,1,0,0,0,18,312,0,48,0
15-05 00:58:54,10.469,2.243,75.027,9.970,0,5634484,164440,177748,2051400,11226.576,3220.412,0,1738.823,0,183.454,3962,6082,0.640,1.100,1.210,0,0,0,0,0,18,311,0,50,0
15-05 00:58:55,13.494,1.499,80.965,2.999,0,5634288,164440,177772,2051572,19599.448,5082.782,0,1243.457,0,131.942,3256,4398,0.640,1.100,1.210,1,0,0,0,0,18,312,0,50,0
15-05 00:58:56,10.507,1.751,84.556,2.752,0,5634252,164440,177796,2051584,15936.529,6974.608,0,1168.772,0,107.071,3057,4164,0.640,1.100,1.210,0,0,1.001,0,0,18,312,0,51,0
15-05 00:58:57,8.990,1.498,82.904,4.994,0,5634432,164188,177804,2051648,14516.269,3023.515,0,1745.988,0,139.839,3052,4489,0.640,1.100,1.210,3,0,0,0,0,18,313,0,42,0
15-05 00:58:58,21.629,4.024,61.868,11.066,0,5634420,163936,177828,2051888,20158.887,7207.866,0,3500.820,0,378.249,7618,12389,0.640,1.100,1.210,1,0,0,0,0,18,312,0,44,0
15-05 00:58:59,19.921,3.984,63.996,8.715,0,5634480,163684,177860,2052048,10882.832,430.293,0,6450.414,0,455.194,7279,12027,0.670,1.100,1.210,2,1,0,0,0,18,312,0,45,0
15-05 00:59:00,18.994,3.249,68.979,6.498,0,5634320,163436,177872,2052444,12965.129,3038.093,0,2563.235,0,225.933,6360,9321,0.670,1.100,1.210,0,0,0,0,0,18,312,0,46,0
15-05 00:59:01,8.523,1.504,85.228,3.760,0,5634316,163436,177872,2052448,13457.971,4892.076,0,5185.861,0,242.649,2637,3567,0.670,1.100,1.210,4,0,0,0,0,18,313,0,46,0
15-05 00:59:02,7.478,1.246,87.990,1.496,0,5634112,163436,177884,2052640,34608.598,12115.153,0,877.404,0,80.761,2316,3138,0.670,1.100,1.210,1,0,0,0,0,18,312,0,46,0
15-05 00:59:03,23.780,5.257,61.827,8.010,0,5634032,163436,177924,2052680,18140.539,5385.692,0,3328.135,0,359.447,7921,11923,0.670,1.100,1.210,5,0,0,0,0,18,312,0,46,0
15-05 00:59:04,21.272,3.754,66.569,6.006,0,5633864,163184,177960,2053064,7932.258,486.506,0,2666.776,0,290.302,7440,11403,0.770,1.120,1.220,1,0,0,0,0,18,312,0,46,0
15-05 00:59:05,22.511,4.752,62.781,8.754,0,5633540,163184,177980,2053368,4071.978,486.236,0,5006.432,0,422.205,7770,12705,0.770,1.120,1.220,0,1,0,0,0,18,312,0,45,0
15-05 00:59:06,16.917,3.981,58.962,17.166,0,5633752,162708,178000,2053612,8479.618,483.640,0,9043.864,0,732.426,6703,10392,0.770,1.120,1.220,1,0,0.995,0,0,18,312,0,45,0
15-05 00:59:07,21.286,4.257,65.862,7.012,0,5634708,161700,178000,2053664,6456.005,540.922,32.055,2424.132,1.002,227.388,7368,11399,0.770,1.120,1.220,1,0,0,0,0,18,312,0,47,0
15-05 00:59:08,14.255,3.251,71.523,9.503,0,5634416,161700,178008,2053948,9627.079,3269.046,4.001,2420.774,1.000,238.076,4766,7233,0.770,1.120,1.220,0,0,0,0,0,18,311,0,49,0
15-05 00:59:09,7.001,1.500,83.516,5.501,0,5634416,161700,178008,2053948,10480.947,3165.588,0,1596.297,0,158.029,2788,4009,0.710,1.100,1.210,0,0,0,0,0,18,311,0,45,0
15-05 00:59:10,6.249,1.500,89.481,2.000,0,5634528,161448,178012,2054084,7632.382,485.897,0,1251.735,0,99.979,2298,3283,0.710,1.100,1.210,2,0,0,0,0,18,312,0,47,0
15-05 00:59:11,6.250,1.000,87.745,4.000,0,5634320,161448,178012,2054292,8950.501,2696.850,0,1331.926,0,127.993,2648,3960,0.710,1.100,1.210,0,0,0,0,0,18,311,0,47,0
15-05 00:59:12,11.483,2.496,72.640,11.233,0,5634380,161224,178012,2054456,27591.353,9476.695,0,7740.316,0,677.977,3839,5323,0.710,1.100,1.210,1,0,0,0,0,18,312,0,47,0
15-05 00:59:13,15.520,3.504,72.091,7.259,0,5634332,161224,178056,2054460,13435.888,2741.446,0,2759.469,0,295.371,5931,9273,0.710,1.100,1.210,2,0,0,0,0,18,312,0,45,0
15-05 00:59:14,20.801,4.010,62.152,10.776,0,5633940,161224,178080,2054828,7895.275,487.189,0,3873.456,0,377.923,7452,12129,0.740,1.100,1.210,2,0,1.002,0,0,18,312,0,46,0
15-05 00:59:15,22.198,4.739,65.597,5.238,0,5633928,160972,178096,2055076,7094.473,484.870,0,2198.878,0,214.500,7981,11966,0.740,1.100,1.210,2,0,0,0,0,18,312,0,48,0
15-05 00:59:16,15.251,3.500,71.004,8.751,0.250,5633956,160720,178120,2055276,8349.488,3312.194,16.001,3380.198,1.000,321.019,5537,8661,0.740,1.100,1.210,0,0,1.000,0,0,18,311,0,50,0
15-05 00:59:17,6.249,0.750,88.989,3.000,0,5633956,160720,178120,2055276,8581.950,2522.691,0,1327.838,0,104.987,2123,3204,0.740,1.100,1.210,1,0,0,0,0,18,312,0,45,0
15-05 00:59:18,12.276,2.505,75.156,7.766,0,5633820,160720,178124,2055408,16352.984,3033.304,0,5002.396,0,369.768,4511,7038,0.740,1.100,1.210,3,2,1.002,0,0,18,313,0,49,0
15-05 00:59:19,23.705,5.490,56.393,13.475,0,5636976,157208,178132,2055756,19618.916,7151.482,31.940,5840.959,0.998,495.064,8014,12902,0.840,1.110,1.210,0,2,3.992,0,0,18,312,0,50,0
15-05 00:59:20,22.002,4.500,61.755,9.001,0,5637040,156956,178132,2055944,7635.583,486.037,0,3188.243,0,373.028,7906,12717,0.840,1.110,1.210,2,0,2.000,0,0,18,312,0,52,0
15-05 00:59:21,21.003,3.750,65.259,8.251,0,5638072,155696,178144,2056160,8016.046,2473.323,32.004,3832.500,1.000,194.025,6953,10404,0.840,1.110,1.210,1,1,0,0,0,18,313,0,54,0
15-05 00:59:22,15.750,2.500,71.751,8.750,0,5637788,155696,178156,2056432,27937.417,10305.154,0,2884.043,0,269.004,4608,6719,0.840,1.110,1.210,0,0,0,0,0,18,311,0,55,0
15-05 00:59:23,8.250,3.000,77.996,9.000,0,5638272,154944,178164,2056692,10056.547,2472.889,51.998,5003.775,2.000,358.984,3526,5230,0.840,1.110,1.210,0,1,8.000,0,0,18,312,0,55,0
15-05 00:59:24,13.017,1.752,81.609,2.503,0,5638244,154944,178168,2056716,26224.900,10033.353,0,1762.345,0,144.192,2985,3963,0.770,1.090,1.210,1,0,0,0,0,18,311,0,56,0
15-05 00:59:25,11.288,1.505,81.772,4.013,0,5638304,154692,178180,2056896,27609.964,9630.076,0,1737.788,0,146.488,3465,4788,0.770,1.090,1.210,0,1,0,0,0,18,312,0,55,0
15-05 00:59:26,23.152,3.983,63.231,7.219,0,5638604,154188,178216,2057064,7696.273,483.942,0,3521.027,0,368.433,8091,12560,0.770,1.090,1.210,4,0,0.996,0,0,18,312,0,55,0
15-05 00:59:27,22.753,4.251,61.509,9.001,0,5638724,153684,178236,2057428,5565.856,486.075,0,4608.708,0,440.068,7952,12825,0.770,1.090,1.210,2,0,0,0,0,18,311,0,55,0
15-05 00:59:28,19.058,3.260,64.196,12.287,0,5639188,153180,178244,2057460,8203.029,487.487,0,6764.640,0,415.267,5473,8248,0.770,1.090,1.210,2,0,0,0,0,18,312,0,55,0
15-05 00:59:29,19.266,4.003,63.554,10.759,0,5639636,152424,178256,2057756,8246.035,486.415,0,5008.273,0,409.349,6775,10452,0.790,1.090,1.200,0,1,0,0,0,18,312,0,55,0
15-05 00:59:30,24.394,7.468,54.265,11.699,0.249,5661672,164284,177212,2025096,7385.988,537.670,0,6017.918,0,491.868,8086,25837,0.790,1.090,1.200,3,0,35.845,0,0,18,312,0,52,0
15-05 00:59:31,23.054,4.260,65.653,5.763,0,5660708,164912,177228,2025416,6962.205,487.134,0,1655.854,0,164.383,7413,11210,0.790,1.090,1.200,1,0,0,0,0,18,312,0,58,0
15-05 00:59:32,21.541,4.759,62.870,8.266,0,5660932,164212,177244,2025876,6897.197,486.932,16.031,3634.955,1.002,417.799,8469,13812,0.790,1.090,1.200,1,0,0,0,0,18,312,0,60,0
15-05 00:59:33,18.169,3.982,60.977,15.431,0,5654184,170820,177260,2026000,7470.582,483.836,0,6471.053,0,536.600,6734,9925,0.790,1.090,1.200,1,0,0,0,0,18,312,0,61,0
15-05 00:59:34,21.025,4.005,63.324,10.262,0,5653876,170780,177276,2026332,8725.182,486.568,0,4973.804,0,375.438,6758,10432,0.810,1.090,1.200,1,2,0,0,0,18,312,0,60,0
15-05 00:59:35,20.792,5.010,60.872,11.523,0,5653644,170780,177288,2026552,7764.606,529.063,0,5539.133,0,492.991,8009,12941,0.810,1.090,1.200,7,0,0,0,0,18,312,0,60,0
15-05 00:59:36,24.535,4.506,63.841,6.009,0,5653440,170780,177288,2026756,5390.723,486.697,0,2567.678,0,274.393,7791,12253,0.810,1.090,1.200,1,0,1.001,0,0,18,312,0,61,0
15-05 00:59:37,13.185,2.985,73.884,7.463,0,5654244,169772,177296,2026952,11664.161,3197.146,0,2726.480,0,247.771,4808,7458,0.810,1.090,1.200,0,0,0,0,0,18,311,0,62,0
15-05 00:59:38,9.541,2.511,80.345,6.026,0,5653996,169772,177308,2027188,5377.060,628.696,0,1747.494,0,143.616,3114,4541,0.810,1.090,1.200,1,0,0,0,0,18,312,0,59,0
15-05 00:59:39,4.970,0.745,90.453,2.236,0,5653964,169772,177320,2027208,8497.587,3055.513,0,894.587,0,77.531,1961,2867,0.740,1.070,1.200,2,0,0,0,0,18,312,0,59,0
15-05 00:59:40,9.271,2.005,81.185,6.765,0,5654128,169520,177324,2027292,8725.857,3314.543,0,1543.513,0,169.385,3395,5089,0.740,1.070,1.200,0,1,0,0,0,18,311,0,60,0
15-05 00:59:41,13.480,2.996,74.640,6.990,0,5655176,167280,177352,2028456,13381.329,3267.197,291.571,1737.446,17.974,196.711,4192,6110,0.740,1.070,1.200,1,0,0,0,0,18,311,0,61,0
15-05 00:59:42,11.512,2.503,77.082,8.759,0,5654596,167704,177360,2028604,14865.825,4564.859,0,4504.795,0,311.331,3678,5557,0.740,1.070,1.200,0,1,0,0,0,18,313,0,61,0
15-05 00:59:43,16.516,1.752,69.315,10.510,0,5653760,168148,177380,2028976,48437.495,18987.834,0,4648.366,0,324.305,4279,5920,0.740,1.070,1.200,2,0,0,0,0,18,315,0,62,0
15-05 00:59:44,8.489,1.498,73.403,14.731,0,5654600,167240,177384,2029040,32753.918,12288.836,0,4853.616,0,422.444,3210,3970,0.760,1.070,1.190,0,0,1.997,0,0,18,314,0,62,0
15-05 00:59:45,11.261,2.002,82.833,2.252,0,5654804,166988,177392,2029080,27454.561,9554.592,0,1229.234,0,140.141,3200,4355,0.760,1.070,1.190,1,0,0,0,0,18,314,0,63,0
15-05 00:59:46,21.005,4.001,65.267,8.002,0,5655476,166236,177428,2029124,12082.092,2738.701,0,3048.780,0,347.089,7173,11194,0.760,1.070,1.190,2,0,1.000,0,0,18,314,0,59,0
15-05 00:59:47,20.495,3.749,64.233,9.747,0,5655108,166236,177448,2029472,4608.801,485.874,0,3047.207,0,320.916,6786,10480,0.760,1.070,1.190,1,0,0,0,0,18,314,0,59,0
15-05 00:59:48,19.252,4.000,62.257,12.501,0,5655996,165128,177464,2029676,6428.766,486.058,0,5096.607,0,409.049,7031,11065,0.760,1.070,1.190,1,1,0,0,0,18,314,0,60,0
15-05 00:59:49,21.285,4.507,62.603,9.516,0,5656352,164624,177512,2029776,8598.163,486.802,0,4972.190,0,380.627,7780,12229,0.780,1.070,1.190,1,0,0,0,0,18,314,0,62,1
15-05 00:59:50,20.542,4.008,64.633,9.019,0,5656960,163616,177536,2030152,5836.013,487.002,0,2697.553,0,290.598,7418,11625,0.780,1.070,1.190,3,0,0,0,0,18,313,0,60,0
15-05 00:59:51,5.972,0.995,86.098,4.977,0,5656760,163616,177548,2030340,13264.120,3198.080,0,1636.366,0,141.341,2509,3782,0.780,1.070,1.190,0,0,0,0,0,18,313,0,61,0
15-05 00:59:52,8.252,1.750,79.769,8.252,0,5656696,163616,177560,2030392,9648.261,3153.739,0,3568.836,0,177.041,3199,4713,0.780,1.070,1.190,0,0,0,0,0,18,313,0,61,0
15-05 00:59:53,13.251,2.500,76.756,5.750,0,5656604,163616,177572,2030472,11190.940,2829.238,0,2200.185,0,204.017,4506,6572,0.780,1.070,1.190,0,0,0,0,0,18,313,0,62,0
15-05 00:59:54,6.250,1.250,90.004,2.000,0,5656792,163364,177572,2030536,10129.398,2643.104,0,952.037,0,75.003,2038,2939,0.720,1.050,1.190,0,0,0,0,0,18,314,0,57,0
15-05 00:59:55,11.001,1.750,76.009,9.501,0,5656588,163364,177608,2030704,24554.916,9839.168,0,4852.576,0,351.042,3835,5720,0.720,1.050,1.190,1,2,0,0,0,18,314,0,57,0
15-05 00:59:56,22.284,4.507,62.596,8.764,0,5658952,160848,177628,2030836,5523.514,486.750,0,4222.509,0,376.580,7248,11304,0.720,1.050,1.190,1,0,1.002,0,0,18,314,0,59,0
15-05 00:59:57,20.987,4.497,63.711,8.745,0,5659492,160092,177664,2031024,8196.960,485.701,0,2298.587,0,272.832,7184,11412,0.720,1.050,1.190,2,0,0,0,0,18,314,0,59,0
15-05 00:59:58,22.200,5.488,65.102,6.236,0,5660096,159084,177680,2031412,7229.578,484.899,0,3320.457,0,279.365,7450,12137,0.720,1.050,1.190,1,1,0,0,0,18,314,0,57,0
15-05 00:59:59,6.508,1.252,82.352,8.010,0,5660256,158860,177684,2031472,13146.253,3211.971,0,6187.650,0,313.387,2860,4216,0.820,1.060,1.190,0,0,0,0,0,18,313,0,58,0
15-05 01:00:00,8.997,1.750,85.726,2.999,0,5660200,158860,177700,2031512,12464.537,4682.699,0,1635.546,0,142.960,2977,4286,0.820,1.060,1.190,0,0,0,0,0,18,314,0,60,0
15-05 01:00:01,20.831,3.012,65.504,7.529,0,5660452,158356,177708,2031756,33061.383,12153.193,0,2578.011,0,272.056,6105,9497,0.820,1.060,1.190,1,1,0,0,0,18,315,0,60,0
15-05 01:00:02,23.923,4.236,55.572,14.454,0,5661132,157600,177744,2031796,18498.774,5296.044,0,5510.358,0,483.452,8007,12540,0.820,1.060,1.190,0,1,0,0,0,18,314,0,60,0
15-05 01:00:03,11.497,2.499,71.484,12.747,0,5660444,157600,177764,2032468,8810.030,3209.283,0,5778.708,0,412.908,4525,7131,0.820,1.060,1.190,0,0,0,0,0,18,313,0,62,0
15-05 01:00:04,7.252,1.000,83.521,6.252,0,5660444,157600,177772,2032460,12425.084,3149.782,0,1828.454,0,226.056,2851,3982,0.920,1.080,1.200,0,1,0,0,0,18,313,0,63,0
15-05 01:00:05,7.243,1.499,84.418,5.495,0,5660552,157376,177776,2032572,12331.051,3146.950,0,3752.364,0,450.563,3351,4703,0.920,1.080,1.200,0,0,0,0,0,18,313,0,63,0
15-05 01:00:06,8.508,1.752,82.079,6.256,0,5662344,155364,177796,2032776,8510.187,2753.649,184.177,1501.444,12.012,156.150,3124,4537,0.920,1.080,1.200,2,0,4.004,0,0,18,313,0,62,0
15-05 01:00:07,6.747,1.249,87.962,2.999,0,5662292,155364,177800,2032820,17196.572,4839.909,0,1599.309,0,136.941,2477,3581,0.920,1.080,1.200,0,0,0,0,0,18,314,0,62,0
15-05 01:00:08,10.050,1.507,84.671,3.015,0,5662780,154860,177808,2032828,25426.312,9579.589,0,1013.033,0,87.434,2622,3535,0.920,1.080,1.200,1,0,0,0,0,18,315,0,63,0
15-05 01:00:09,10.190,2.485,77.791,7.456,0,5662484,154860,177812,2033120,13485.465,3560.998,0,1650.267,0,178.945,3580,5340,0.920,1.080,1.190,0,0,0,0,0,18,313,0,67,0
15-05 01:00:10,7.758,1.501,79.577,9.009,0,5662440,154860,177816,2033160,10023.729,3152.059,0,6085.907,0,418.406,3369,5387,0.920,1.080,1.190,0,1,0,0,0,18,313,0,68,0
15-05 01:00:11,10.753,2.001,81.523,4.001,0,5662584,154608,177820,2033264,8341.359,3118.882,0,2768.783,0,221.063,3529,5452,0.920,1.080,1.190,0,0,0,0,0,18,313,0,63,0
15-05 01:00:12,7.502,1.500,87.769,2.501,0,5662680,154356,177828,2033412,14134.070,4631.006,0,860.187,0,69.015,2237,3105,0.920,1.080,1.190,0,0,0,0,0,18,315,0,63,0
15-05 01:00:13,10.248,0.750,86.737,1.750,0,5662880,154104,177836,2033456,39083.070,14168.850,0,655.900,0,53.992,2144,2286,0.920,1.080,1.190,3,0,0,0,0,18,315,0,63,0
15-05 01:00:14,3.748,1.249,92.960,0.500,0,5662872,154104,177840,2033460,7932.625,2715.844,0,695.704,0,50.978,1623,2354,0.850,1.060,1.190,0,0,0,0,0,18,315,0,63,0
15-05 01:00:15,5.252,1.000,92.287,0.500,0,5662832,154104,177848,2033492,12833.098,2850.132,0,664.264,0,59.023,1812,2431,0.850,1.060,1.190,0,0,1.000,0,0,18,315,0,61,0
15-05 01:00:16,5.000,1.250,90.001,2.500,0,5663080,153852,177848,2033496,19362.149,5337.041,0,680.005,0,69.001,1958,2840,0.850,1.060,1.190,1,0,1.000,0,0,18,316,0,61,0
15-05 01:00:17,4.498,0.750,93.212,0.500,0,5663068,153852,177848,2033508,19477.100,5064.946,0,527.786,0,38.984,1422,1775,0.850,1.060,1.190,0,0,0,0,0,18,315,0,61,0
15-05 01:00:18,6.027,1.004,88.393,4.018,0,5663044,153852,177852,2033528,13173.618,3917.431,0,670.986,0,64.286,1969,2677,0.850,1.060,1.190,1,0,0,0,0,18,314,0,61,0
15-05 01:00:19,2.489,0.747,95.343,0,0,5663028,153852,177852,2033544,6597.809,1660.903,0,434.145,0,25.889,1165,1751,0.860,1.060,1.190,0,0,0,0,0,18,314,0,52,0
15-05 01:00:20,6.001,1.500,88.514,2.500,0,5663252,153612,177852,2033560,11457.827,2701.431,0,900.143,0,101.016,2515,3694,0.860,1.060,1.190,0,0,1.000,0,0,18,314,0,52,0
15-05 01:00:21,13.996,2.249,79.225,3.249,0,5669692,147076,177868,2033640,30907.129,13617.651,0,1047.665,0,112.964,3453,4600,0.860,1.060,1.190,0,0,2.999,0,0,18,316,0,54,0
15-05 01:00:22,25.240,3.749,64.476,5.998,0,5669384,147076,177880,2033936,39919.947,14490.536,0,2215.165,0,216.918,6496,9044,0.860,1.060,1.190,1,2,2.999,0,0,18,315,0,57,0
15-05 01:00:23,20.551,5.012,63.156,9.774,0.251,5670016,146068,177904,2034288,7220.815,968.389,40.099,3388.360,1.002,240.594,7001,10512,0.860,1.060,1.190,2,3,8.020,0,0,18,313,0,54,0
15-05 01:00:24,5.987,0.748,82.567,8.481,0,5669920,146068,177916,2034372,13405.269,3200.901,31.929,3260.768,1.996,230.489,2597,4230,0.870,1.060,1.180,0,1,0.998,0,0,18,313,0,54,0
15-05 01:00:25,14.315,3.265,67.308,13.813,0,5670232,145340,177940,2034764,9852.032,2534.585,0,7839.835,0,681.113,5227,7269,0.870,1.060,1.180,1,1,0,0,0,18,314,0,55,0
15-05 01:00:26,14.197,2.989,75.717,4.981,0,5670216,145340,177940,2034780,36864.094,9562.228,0,2331.279,0,183.314,4548,6533,0.870,1.060,1.180,2,1,0.996,0,0,18,315,0,55,0
15-05 01:00:27,23.245,4.249,61.237,9.748,0,5670616,144584,177944,2035132,7309.459,725.847,0,3911.176,0,354.925,7691,12061,0.870,1.060,1.180,2,1,1.000,0,0,18,314,0,56,0
15-05 01:00:28,20.545,4.510,64.892,8.519,0,5670880,144080,177948,2035368,8217.948,487.064,0,2164.728,0,208.455,6839,10247,0.870,1.060,1.180,1,2,0,0,0,18,314,0,57,0
15-05 01:00:29,6.981,1.247,86.765,3.989,0,5670808,144080,177952,2035436,11558.678,3201.325,0,2433.406,0,211.427,2851,4426,0.800,1.040,1.180,0,0,0,0,0,18,313,0,58,0
15-05 01:00:30,15.234,3.996,73.421,5.244,0,5690304,154932,177184,2005960,6806.630,605.345,15.983,1734.122,0.999,173.812,4476,14506,0.800,1.040,1.180,0,0,35.961,0,0,18,314,0,60,0
15-05 01:00:31,12.261,2.502,70.812,12.511,0,5690040,155144,177208,2005988,19316.994,5904.194,0,7194.329,0,716.630,4603,6522,0.800,1.040,1.180,0,2,0,0,0,18,314,0,58,0
15-05 01:00:32,14.757,3.001,72.034,9.254,0,5682676,162168,177212,2006324,26331.293,9429.402,0,3269.526,0,258.121,4359,6151,0.800,1.040,1.180,0,0,0,0,0,18,313,0,59,0
15-05 01:00:33,9.244,1.999,83.947,3.997,0,5681408,163416,177228,2006328,9746.845,2815.222,0,1427.099,0,132.916,3161,4699,0.800,1.040,1.180,3,0,0,0,0,18,314,0,59,0
15-05 01:00:34,9.001,1.250,86.013,2.250,0,5677012,167556,177240,2006572,22878.459,9731.471,0,1120.169,0,78.012,2635,3652,0.820,1.040,1.180,2,0,0,0,0,18,314,0,59,0
15-05 01:00:35,22.006,4.501,61.766,9.252,0,5675736,168708,177256,2006680,8157.114,612.159,0,4477.160,0,464.120,8092,13284,0.820,1.040,1.180,2,0,0,0,0,18,314,0,51,0
15-05 01:00:36,18.502,3.750,56.256,20.502,0,5675468,168676,177276,2006960,5540.584,486.051,0,5732.605,0,690.073,6575,10101,0.820,1.040,1.180,1,1,1.000,0,0,18,314,0,52,0
15-05 01:00:37,20.239,4.248,61.218,11.244,0,5676656,167416,177276,2007032,3405.209,485.745,0,4005.893,0,307.838,7515,12069,0.820,1.040,1.180,0,2,0,0,0,18,314,0,53,0
15-05 01:00:38,20.286,4.258,61.610,12.021,0,5677276,166408,177280,2007416,7409.213,627.118,16.029,5477.769,1.002,401.716,6770,10094,0.820,1.040,1.180,1,0,1.002,0,0,18,314,0,54,0
15-05 01:00:39,6.243,1.498,89.154,1.998,0,5677256,166408,177288,2007428,10980.226,3070.707,0,1006.920,0,84.909,2366,3444,0.750,1.020,1.170,1,0,0,0,0,18,314,0,51,0
15-05 01:00:40,9.263,1.753,79.114,8.012,0,5677040,166408,177292,2007640,7928.448,634.917,0,1718.481,0,202.292,3721,6048,0.750,1.020,1.170,4,0,0,0,0,18,314,0,51,0
15-05 01:00:41,11.983,1.248,66.158,18.474,0,5675864,167496,177312,2007708,32433.767,11978.295,0,3147.610,0,425.407,3434,4295,0.750,1.020,1.170,2,2,0,0,0,18,313,0,52,0
15-05 01:00:42,10.496,2.749,78.220,7.497,0,5677092,166188,177316,2007784,9658.350,3265.766,0,2183.175,0,181.931,3894,5585,0.750,1.020,1.170,0,0,0,0,0,18,313,0,54,0
15-05 01:00:43,10.760,1.752,82.577,3.503,0,5676256,166936,177320,2007868,11766.965,2971.769,0,1125.048,0,116.108,3375,4612,0.750,1.020,1.170,1,0,0,0,0,18,314,0,51,0
15-05 01:00:44,11.001,2.000,82.260,3.000,0,5676504,166488,177328,2008060,30437.880,9711.238,0,1204.153,0,115.015,3613,5014,0.770,1.020,1.170,1,1,0,0,0,18,314,0,51,0
15-05 01:00:45,19.744,4.749,58.983,13.996,0,5675784,166908,177340,2008348,8373.628,539.847,0,5178.533,0,487.862,7862,12950,0.770,1.020,1.170,1,3,0,0,0,18,314,0,52,0
15-05 01:00:46,20.740,3.748,60.221,12.244,0,5676824,165680,177372,2008504,5524.353,539.741,0,5957.145,0,512.754,7819,12988,0.770,1.020,1.170,1,0,1.000,0,0,18,314,0,54,0
15-05 01:00:47,23.499,3.750,63.497,8.250,0,5678624,163664,177384,2008708,6891.670,539.974,0,2171.896,0,201.990,7569,11798,0.770,1.020,1.170,1,1,0,0,0,18,314,0,55,0
15-05 01:00:48,11.751,2.500,77.004,6.500,0,5678300,163796,177400,2008884,15467.773,3346.167,0,2348.117,0,254.013,4588,7398,0.770,1.020,1.170,0,0,0,0,0,18,313,0,56,0
15-05 01:00:49,9.750,2.000,80.752,5.750,0,5678492,163572,177404,2008912,7709.210,540.015,0,1740.047,0,168.005,3631,5221,0.870,1.040,1.170,1,0,0,0,0,18,314,0,56,0
15-05 01:00:50,11.746,2.499,78.724,5.998,0,5678272,163572,177424,2009112,10958.386,4880.390,0,2391.211,0,251.917,3996,6011,0.870,1.040,1.170,0,0,0,0,0,18,314,0,57,0
15-05 01:00:51,13.012,2.002,80.071,3.503,0,5678084,163508,177440,2009348,28413.305,10426.286,0,1761.569,0,162.144,3477,4847,0.870,1.040,1.170,0,0,0,0,0,18,314,0,55,0
15-05 01:00:52,5.262,1.754,81.439,10.274,0,5678016,163508,177456,2009400,6621.363,661.535,0,4366.130,0,276.642,2532,4040,0.870,1.040,1.170,2,0,0,0,0,18,314,0,55,0
15-05 01:00:53,11.962,1.744,76.753,7.227,0,5677920,163508,177464,2009488,31764.975,11759.231,0,3034.254,0,215.308,3683,5353,0.870,1.040,1.170,0,0,0,0,0,18,313,0,56,0
15-05 01:00:54,18.029,4.006,68.610,8.514,0,5677768,163508,177480,2009624,6618.638,486.782,0,3485.602,0,245.394,6566,9992,0.880,1.040,1.170,2,0,0,0,0,18,314,0,60,0
15-05 01:00:55,21.966,4.493,61.406,10.484,0,5677828,163284,177488,2009780,6953.376,539.176,0,3890.056,0,425.350,7644,12435,0.880,1.040,1.170,2,0,0,0,0,18,314,0,60,0
15-05 01:00:56,21.005,4.251,60.514,12.753,0,5678888,162028,177520,2009944,8217.880,486.111,16.004,3040.696,1.000,312.071,7394,11321,0.880,1.040,1.170,3,1,1.000,0,0,18,314,0,59,0
15-05 01:00:57,8.253,2.001,71.277,17.257,0,5678456,162028,177524,2010372,10363.982,3260.253,0,6910.655,0,496.191,3443,5050,0.880,1.040,1.170,0,1,0,0,0,18,313,0,61,0
15-05 01:00:58,12.497,2.249,71.982,10.248,0,5678540,161788,177536,2010516,11465.203,5467.666,0,4874.811,0,348.915,4100,6049,0.880,1.040,1.170,0,0,0,0,0,18,314,0,62,0
15-05 01:00:59,2.999,0.750,94.476,1.250,0,5678528,161788,177536,2010528,14209.338,3076.207,0,375.903,0,24.994,1287,1677,0.810,1.020,1.170,1,0,0,0,0,18,313,0,62,0
15-05 01:01:00,11.004,1.751,80.529,4.752,0,5678472,161788,177544,2010576,18384.697,7049.568,16.006,2024.738,1.000,181.066,3512,4873,0.810,1.020,1.170,0,0,0,0,0,18,314,0,57,0
15-05 01:01:01,13.247,1.500,81.982,2.250,0,5678548,161536,177548,2010748,46313.918,18677.934,0,835.818,0,73.984,2885,3518,0.810,1.020,1.170,1,0,0,0,0,18,314,0,57,0
15-05 01:01:02,9.765,1.502,83.128,3.505,0,5678472,161536,177552,2010820,28684.229,9787.091,0,1041.606,0,106.164,3382,4664,0.810,1.020,1.170,2,0,0,0,0,18,314,0,57,0
15-05 01:01:03,21.240,3.748,59.971,12.994,0,5679512,160352,177568,2010948,7458.450,539.743,0,5309.473,0,537.744,7569,11373,0.810,1.020,1.170,1,0,0,0,0,18,313,0,59,0
15-05 01:01:04,12.236,2.997,76.162,6.992,0,5679116,160352,177588,2011324,10120.285,3342.131,0,3707.708,0,302.650,4583,7010,0.910,1.040,1.170,0,0,0,0,0,18,313,0,56,0
15-05 01:01:05,10.498,2.250,83.234,2.999,0,5679508,159848,177596,2011428,11546.727,4935.028,0,1815.643,0,170.966,3329,5038,0.910,1.040,1.170,0,0,0,0,0,18,314,0,56,0
15-05 01:01:06,12.538,2.257,75.481,7.523,0,5679568,159596,177600,2011616,20169.859,7634.414,0,4626.188,0,316.972,4432,6722,0.910,1.040,1.170,1,1,1.003,0,0,18,314,0,56,0
15-05 01:01:07,20.700,4.240,63.098,9.727,0,5679516,159372,177616,2011876,8477.626,580.605,0,4293.681,0,376.096,7483,11418,0.910,1.040,1.170,1,0,0,0,0,18,314,0,58,0
15-05 01:01:08,9.997,2.499,77.478,7.748,0,5679596,159120,177624,2012040,12657.424,3202.095,0,2211.375,0,219.938,3947,6148,0.910,1.040,1.170,1,0,0,0,0,18,313,0,58,0
15-05 01:01:09,13.504,2.251,78.526,4.752,0,5679516,158868,177628,2012368,12559.162,3258.080,0,2164.717,0,209.069,4028,6255,1.150,1.090,1.190,2,1,0,0,0,18,313,0,59,0
15-05 01:01:10,6.997,1.499,84.711,5.248,0,5679412,158868,177636,2012464,8493.089,2521.839,0,1267.416,0,110.949,2740,4185,1.150,1.090,1.190,1,0,0,0,0,18,314,0,60,0
15-05 01:01:11,11.767,1.502,81.120,4.507,0,5679364,158868,177648,2012500,31107.013,11814.476,0,1341.985,0,134.199,3124,4315,1.150,1.090,1.190,0,0,0,0,0,18,314,0,62,0
15-05 01:01:12,8.758,1.251,84.827,3.753,0,5679268,158868,177660,2012584,25949.680,9714.865,0,1080.986,0,104.095,2536,3540,1.150,1.090,1.190,1,0,0,0,0,18,314,0,55,0
15-05 01:01:13,20.530,4.507,60.088,13.270,0,5679732,158124,177684,2012824,5108.523,540.796,0,5367.905,0,456.673,7370,11852,1.150,1.090,1.190,0,2,0,0,0,18,314,0,55,0
15-05 01:01:14,21.489,4.748,61.468,9.995,0,5680364,157368,177744,2012888,7783.996,485.750,0,5952.938,0,449.769,7876,12399,1.220,1.100,1.190,1,0,0.999,0,0,18,314,0,55,0
15-05 01:01:15,20.684,4.486,65.542,7.227,0,5680504,156864,177756,2013240,9476.978,3079.245,0,2380.459,0,245.223,6694,10160,1.220,1.100,1.190,0,0,0,0,0,18,314,0,57,0
15-05 01:01:16,6.751,2.000,81.264,7.751,0,5680680,156640,177768,2013276,4926.860,660.115,0,1684.294,0,149.026,2899,4581,1.220,1.100,1.190,2,0,1.000,0,0,18,314,0,57,0
15-05 01:01:17,7.496,1.749,80.461,8.746,0,5680588,156640,177776,2013360,11609.393,3393.361,0,1783.139,0,166.919,2922,4546,1.220,1.100,1.190,1,0,0,0,0,18,313,0,59,0
15-05 01:01:18,10.999,2.500,78.740,6.499,0.250,5680728,156388,177788,2013460,9664.820,3207.609,0,1847.774,0,180.978,3567,5375,1.220,1.100,1.190,0,0,0,0,0,18,313,0,60,0
15-05 01:01:19,17.235,2.248,73.436,5.495,0,5685676,151108,177792,2013772,9162.010,539.530,0,4823.793,0,235.794,3423,3614,1.200,1.100,1.190,1,0,0,0,0,18,314,0,62,0
15-05 01:01:20,18.514,3.252,70.052,6.505,0,5688864,147580,177824,2014080,13756.163,4687.463,0,1605.186,0,180.133,4606,6364,1.200,1.100,1.190,2,0,0,0,0,18,314,0,65,0
15-05 01:01:21,12.004,2.001,77.525,7.002,0,5688908,147340,177832,2014268,27589.964,11800.834,0,4597.494,0,301.098,3298,4718,1.200,1.100,1.190,1,2,1.000,0,0,18,314,0,65,0
15-05 01:01:22,17.238,2.998,72.951,5.496,0,5694588,141548,177836,2014376,51852.917,21116.713,0,2550.274,0,208.859,4296,5639,1.200,1.100,1.190,0,0,2.998,0,0,18,314,0,66,0
15-05 01:01:23,16.834,3.769,75.877,2.764,0,5695432,140540,177836,2014540,24213.280,7636.937,96.479,1029.112,6.030,86.429,4441,6186,1.200,1.100,1.190,2,0,10.050,0,0,18,315,0,69,0
15-05 01:01:24,17.673,3.485,60.238,16.180,0,5693912,141844,177848,2014744,4005.592,483.897,0,5989.968,0,730.824,6653,10270,1.190,1.100,1.190,2,2,0.996,0,0,18,314,0,61,0
15-05 01:01:25,14.488,3.247,72.441,7.494,0,5694356,141088,177864,2015040,13580.942,3259.346,0,4488.345,0,280.771,5172,7938,1.190,1.100,1.190,1,0,0.999,0,0,18,313,0,63,0
15-05 01:01:26,14.520,2.754,78.606,3.755,0,5694340,141088,177876,2015044,9803.266,486.659,0,1401.897,0,100.136,4540,6517,1.190,1.100,1.190,1,0,1.001,0,0,18,317,0,66,0
15-05 01:01:27,22.971,3.246,66.667,5.243,0,5695008,140080,177888,2015372,9847.781,539.331,127.841,2065.437,6.991,187.767,7148,10234,1.190,1.100,1.190,2,1,0.999,0,0,18,318,0,87,0
15-05 01:01:28,25.288,3.505,67.101,3.255,0,5695392,139324,177892,2015740,4954.476,486.734,0,1586.394,0,145.219,7325,10424,1.190,1.100,1.190,2,0,2.003,0,0,18,317,0,98,0
15-05 01:01:29,13.754,2.001,68.019,13.504,0,5695156,139324,177904,2015964,26021.280,9679.708,0,3837.073,0,271.076,4122,5846,1.090,1.080,1.180,1,4,0,0,0,18,317,0,99,0
15-05 01:01:30,21.221,5.992,57.421,13.731,0,5710208,152976,177160,1988148,12608.720,2734.253,3.995,5192.883,0.999,419.425,7250,20112,1.090,1.080,1.180,2,1,35.951,0,0,18,317,0,101,0
15-05 01:01:31,19.503,3.751,70.010,5.251,0,5709960,152896,177176,1988412,9693.396,3270.471,0,2848.410,0,265.038,6169,9472,1.090,1.080,1.180,0,1,0,0,0,18,316,0,103,0
15-05 01:01:32,8.007,1.251,86.080,4.004,0,5709884,152896,177184,1988480,6979.523,486.455,0,1257.175,0,92.086,2052,2824,1.090,1.080,1.180,2,0,0,0,0,18,317,0,98,0
15-05 01:01:33,5.745,0.749,89.170,2.748,0,5708684,154048,177196,1988516,10320.702,3207.111,0,1282.844,0,135.878,2453,3781,1.090,1.080,1.180,0,0,0,0,0,18,316,0,98,0
15-05 01:01:34,6.499,1.500,87.986,2.250,0,5707732,154940,177208,1988564,12282.982,3221.471,0,1327.782,0,135.978,2650,3840,1,1.060,1.180,0,0,0,0,0,18,316,0,99,0
15-05 01:01:35,7.503,1.751,84.280,4.502,0,5708684,153924,177224,1988612,10161.657,3254.171,0,1876.675,0,187.067,3302,4965,1,1.060,1.180,0,0,0,0,0,18,316,0,100,0
15-05 01:01:36,15.498,3.000,79.238,2.250,0.250,5709412,152916,177232,1988884,8478.750,2696.602,0,1711.748,0,141.979,4369,5899,1,1.060,1.180,1,0,1.000,0,0,18,316,0,102,0
15-05 01:01:37,4.500,1.000,90.498,1.750,0,5709356,152916,177236,1988936,7840.854,2750.949,0,859.984,0,59.999,1897,2775,1,1.060,1.180,1,0,0,0,0,18,316,0,101,0
15-05 01:01:38,5.001,1.000,89.760,2.250,0,5709304,152916,177244,1988980,10372.161,2523.282,0,1148.128,0,113.013,2169,3201,1,1.060,1.180,0,0,0,0,0,18,317,0,101,0
15-05 01:01:39,5.023,1.758,86.892,6.781,0,5709136,152916,177268,1989124,8812.779,717.237,0,4090.463,0,268.211,2195,3501,0.920,1.040,1.170,1,1,0,0,0,18,316,0,103,0
15-05 01:01:40,10.200,1.741,77.617,7.712,0,5709552,152440,177280,1989172,33340.424,11778.857,0,6030.233,0,446.795,3548,4583,0.920,1.040,1.170,0,0,0,0,0,18,316,0,104,0
15-05 01:01:41,17.752,4.250,66.257,9.751,0,5709488,152440,177304,1989212,7838.853,540.059,0,3152.343,0,296.032,6405,9896,0.920,1.040,1.170,2,0,0,0,0,18,317,0,101,0
15-05 01:01:42,19.996,4.249,64.988,8.498,0,5710148,151432,177316,1989548,10823.979,3045.431,15.997,2255.579,1.000,231.957,6318,9415,0.920,1.040,1.170,1,0,0,0,0,18,317,0,103,0
15-05 01:01:43,7.237,1.497,82.602,6.987,0,5710076,151432,177324,1989612,8894.060,852.472,0,1812.751,0,166.701,2936,4488,0.920,1.040,1.170,1,0,0,0,0,18,317,0,104,0
15-05 01:01:44,4.522,1.256,89.190,4.774,0,5710144,151180,177324,1989796,9954.157,3034.988,0,1173.797,0,91.452,1903,2823,0.850,1.020,1.160,1,0,0,0,0,18,317,0,104,0
15-05 01:01:45,6.232,0.748,80.265,10.469,0,5710320,150956,177324,1989844,12433.629,2742.976,0,4012.263,0,457.661,2746,3742,0.850,1.020,1.160,0,0,0,0,0,18,316,0,103,0
15-05 01:01:46,12.996,2.249,81.478,2.249,0,5710512,150704,177324,1989904,29208.973,11631.804,0,1447.602,0,148.959,3607,4967,0.850,1.020,1.160,1,0,1.000,0,0,18,317,0,104,0
15-05 01:01:47,17.760,4.002,68.040,8.005,0,5710448,150704,177328,1989964,5635.330,846.500,0,3766.226,0,332.196,6328,9804,0.850,1.020,1.160,2,0,0,0,0,18,316,0,104,0
15-05 01:01:48,16.014,2.502,70.313,10.009,0,5524164,336780,177340,1990220,16804.030,264474.560,128.115,4095.663,8.007,255.228,2817,3083,0.850,1.020,1.160,1,0,14.013,0,0,18,316,0,104,0
15-05 01:01:49,1.248,1.248,91.374,4.993,0,5523768,337088,177340,1990312,10497.527,0,0,2724.244,0,157.782,1434,2276,0.780,1.010,1.160,0,0,0,0,0,18,316,0,97,0
15-05 01:01:50,9.501,2.500,84.510,1.750,0,5549080,311688,177348,1990392,281337.951,8066.916,84.010,984.112,9.001,64.007,2612,2957,0.780,1.010,1.160,0,0,8.001,0,0,18,316,0,97,0
15-05 01:01:51,6.749,3.249,85.982,3.249,0,5533512,327116,177368,1990512,147571.086,8546.210,415.913,0,24.995,0,2342,2135,0.780,1.010,1.160,0,0,25.995,0,0,18,316,0,97,0
15-05 01:01:52,13.006,3.502,81.287,0.750,0,5546628,312008,177372,1992500,290798.929,8415.847,220.101,540.247,9.004,35.016,2841,2676,0.780,1.010,1.160,1,0,19.009,0,0,18,316,0,97,0
15-05 01:01:53,21.510,5.753,72.283,0,0,5528180,315580,177372,2007360,7275.352,486.224,0,100.046,0,4.002,2433,1864,0.780,1.010,1.160,1,0,18.008,0,0,18,316,0,92,0
